node_id,parent_id,g,h,f,depth,n_legal_successors,n_pruned,status,all_pruned,f_plateau,timestamp_order
"(((6, 7), (7, 4), (7, 7)), (1, 2))",,0,12.0,12.0,0,2,0,expanded,False,True,0
"(((6, 6), (7, 4), (7, 7)), (1, 2))","(((6, 7), (7, 4), (7, 7)), (1, 2))",1,11.0,12.0,1,2,0,expanded,False,True,1
"(((6, 7), (7, 4), (7, 6)), (1, 2))","(((6, 7), (7, 4), (7, 7)), (1, 2))",1,11.0,12.0,1,2,0,expanded,False,True,2
"(((6, 5), (7, 3), (7, 7)), (1, 2))","(((6, 5), (7, 4), (7, 7)), (1, 2))",3,10,13.0,3,,,pruned,,,3
"(((6, 5), (7, 4), (7, 8)), (1, 2))","(((6, 5), (7, 4), (7, 7)), (1, 2))",3,11,14.0,3,,,pruned,,,4
"(((6, 5), (7, 4), (7, 7)), (1, 2))","(((6, 6), (7, 4), (7, 7)), (1, 2))",2,10.0,12.0,2,4,2,expanded,False,True,5
"(((6, 6), (7, 4), (7, 6)), (1, 2))","(((6, 6), (7, 4), (7, 7)), (1, 2))",2,10.0,12.0,2,2,0,expanded,False,True,6
"(((6, 7), (7, 5), (8, 4)), (1, 2))","(((6, 7), (7, 4), (7, 5)), (1, 2))",3,11,14.0,3,,,pruned,,,7
"(((6, 7), (7, 4), (7, 5)), (1, 2))","(((6, 7), (7, 4), (7, 6)), (1, 2))",2,10.0,12.0,2,4,1,expanded,False,True,8
"(((6, 5), (7, 4), (7, 6)), (1, 2))","(((6, 5), (7, 4), (7, 7)), (1, 2))",3,9.0,12.0,3,2,0,expanded,False,True,9
"(((6, 6), (7, 4), (7, 5)), (1, 2))","(((6, 6), (7, 4), (7, 6)), (1, 2))",3,9.0,12.0,3,1,0,expanded,False,True,10
"(((6, 4), (6, 7), (7, 5)), (6, 3))","(((6, 7), (7, 4), (7, 5)), (1, 2))",3,9.0,12.0,3,2,0,expanded,False,True,11
"(((6, 5), (7, 4), (7, 5)), (1, 2))","(((6, 5), (7, 4), (7, 6)), (1, 2))",4,8.0,12.0,4,1,0,expanded,False,True,12
"(((6, 4), (7, 3), (7, 7)), (1, 2))","(((6, 4), (7, 4), (7, 7)), (1, 2))",4,10,14.0,4,,,pruned,,,13
"(((6, 3), (7, 4), (7, 7)), (1, 2))","(((6, 4), (7, 4), (7, 7)), (1, 2))",4,10,14.0,4,,,pruned,,,14
"(((6, 4), (7, 4), (7, 8)), (1, 2))","(((6, 4), (7, 4), (7, 7)), (1, 2))",4,11,15.0,4,,,pruned,,,15
"(((6, 4), (7, 4), (7, 7)), (1, 2))","(((6, 5), (7, 4), (7, 7)), (1, 2))",3,10.0,13.0,3,4,3,expanded,False,True,16
"(((6, 4), (7, 3), (7, 6)), (1, 2))","(((6, 4), (7, 4), (7, 6)), (1, 2))",5,9,14.0,5,,,pruned,,,17
"(((6, 3), (7, 4), (7, 6)), (1, 2))","(((6, 4), (7, 4), (7, 6)), (1, 2))",5,9,14.0,5,,,pruned,,,18
"(((6, 4), (7, 4), (7, 6)), (1, 2))","(((6, 5), (7, 4), (7, 6)), (1, 2))",4,9.0,13.0,4,4,2,expanded,False,True,19
"(((6, 5), (6, 7), (7, 5)), (6, 3))","(((6, 4), (6, 7), (7, 5)), (6, 3))",4,9.0,13.0,4,2,0,expanded,False,True,20
"(((6, 3), (7, 4), (7, 5)), (1, 2))","(((6, 4), (7, 4), (7, 5)), (1, 2))",6,8,14.0,6,,,pruned,,,21
"(((6, 4), (7, 4), (7, 5)), (1, 2))","(((6, 5), (7, 4), (7, 5)), (1, 2))",5,8.0,13.0,5,1,1,expanded,True,True,22
"(((6, 8), (7, 5), (8, 4)), (6, 3))","(((6, 8), (7, 4), (7, 5)), (6, 3))",4,12,16.0,4,,,pruned,,,23
"(((6, 8), (7, 4), (7, 5)), (6, 3))","(((6, 7), (7, 4), (7, 5)), (1, 2))",3,11.0,14.0,3,3,1,expanded,False,True,24
"(((6, 3), (6, 7), (7, 6)), (6, 4))","(((6, 4), (6, 7), (7, 6)), (6, 3))",5,10,15.0,5,,,pruned,,,25
"(((6, 4), (6, 7), (7, 6)), (6, 3))","(((6, 4), (6, 7), (7, 5)), (6, 3))",4,10.0,14.0,4,4,1,expanded,False,True,26
"(((6, 4), (6, 8), (7, 5)), (6, 3))","(((6, 8), (7, 4), (7, 5)), (6, 3))",4,10.0,14.0,4,2,0,expanded,False,True,27
"(((5, 8), (7, 5), (8, 4)), (6, 3))","(((5, 8), (7, 4), (7, 5)), (6, 3))",5,11,16.0,5,,,pruned,,,28
"(((5, 8), (7, 4), (7, 5)), (6, 3))","(((6, 8), (7, 4), (7, 5)), (6, 3))",4,10.0,14.0,4,3,1,expanded,False,True,29
"(((5, 8), (6, 4), (7, 5)), (6, 3))","(((5, 8), (7, 4), (7, 5)), (6, 3))",5,9.0,14.0,5,2,0,expanded,False,True,30
"(((4, 8), (7, 5), (8, 4)), (5, 8))","(((4, 8), (7, 4), (7, 5)), (5, 8))",6,10,16.0,6,,,pruned,,,31
"(((4, 8), (7, 4), (7, 5)), (5, 8))","(((5, 8), (7, 4), (7, 5)), (6, 3))",5,9.0,14.0,5,3,1,expanded,False,True,32
"(((4, 8), (6, 4), (7, 5)), (6, 3))","(((4, 8), (7, 4), (7, 5)), (5, 8))",6,8.0,14.0,6,2,0,expanded,False,True,33
"(((6, 5), (6, 7), (7, 6)), (6, 3))","(((6, 5), (6, 7), (7, 5)), (6, 3))",5,10.0,15.0,5,2,0,expanded,False,True,34
"(((6, 6), (6, 7), (7, 5)), (6, 3))","(((6, 5), (6, 7), (7, 5)), (6, 3))",5,10.0,15.0,5,1,0,expanded,False,True,35
"(((6, 5), (6, 8), (7, 5)), (6, 3))","(((6, 4), (6, 8), (7, 5)), (6, 3))",5,10.0,15.0,5,2,0,expanded,False,True,36
"(((5, 8), (6, 5), (7, 5)), (6, 3))","(((5, 8), (6, 4), (7, 5)), (6, 3))",6,9.0,15.0,6,2,0,expanded,False,True,37
"(((4, 8), (6, 5), (7, 5)), (6, 3))","(((4, 8), (6, 4), (7, 5)), (6, 3))",7,8.0,15.0,7,2,0,expanded,False,True,38
"(((6, 3), (6, 8), (7, 6)), (6, 4))","(((6, 4), (6, 8), (7, 6)), (6, 3))",6,11,17.0,6,,,pruned,,,39
"(((6, 4), (6, 8), (7, 6)), (6, 3))","(((6, 4), (6, 7), (7, 6)), (6, 3))",5,11.0,16.0,5,5,1,expanded,False,True,40
"(((6, 3), (6, 7), (7, 7)), (6, 4))","(((6, 4), (6, 7), (7, 7)), (6, 3))",6,11,17.0,6,,,pruned,,,41
"(((6, 4), (6, 7), (7, 8)), (6, 3))","(((6, 4), (6, 7), (7, 7)), (6, 3))",6,12,18.0,6,,,pruned,,,42
"(((6, 4), (6, 7), (7, 7)), (6, 3))","(((6, 4), (6, 7), (7, 6)), (6, 3))",5,11.0,16.0,5,4,2,expanded,False,True,43
"(((5, 8), (6, 3), (7, 6)), (6, 4))","(((5, 8), (6, 4), (7, 6)), (6, 3))",7,10,17.0,7,,,pruned,,,44
"(((5, 8), (6, 4), (7, 6)), (6, 3))","(((5, 8), (6, 4), (7, 5)), (6, 3))",6,10.0,16.0,6,5,1,expanded,False,True,45
"(((3, 8), (7, 5), (8, 4)), (3, 9))","(((3, 8), (7, 4), (7, 5)), (3, 9))",7,11,18.0,7,,,pruned,,,46
"(((3, 8), (7, 4), (7, 5)), (3, 9))","(((4, 8), (7, 4), (7, 5)), (5, 8))",6,10.0,16.0,6,3,1,expanded,False,True,47
"(((6, 3), (6, 8), (7, 5)), (6, 4))","(((6, 4), (6, 8), (7, 5)), (6, 5))",7,10,17.0,7,,,pruned,,,48
"(((6, 4), (6, 8), (7, 5)), (6, 5))","(((6, 4), (6, 8), (7, 6)), (6, 3))",6,10.0,16.0,6,3,1,expanded,False,True,49
"(((4, 8), (6, 3), (7, 6)), (5, 8))","(((4, 8), (6, 4), (7, 6)), (5, 8))",8,9,17.0,8,,,pruned,,,50
"(((4, 8), (6, 4), (7, 6)), (5, 8))","(((4, 8), (6, 4), (7, 5)), (6, 3))",7,9.0,16.0,7,5,1,expanded,False,True,51
"(((5, 8), (6, 3), (7, 5)), (6, 4))","(((5, 8), (6, 4), (7, 5)), (6, 5))",8,9,17.0,8,,,pruned,,,52
"(((5, 8), (6, 4), (7, 5)), (6, 5))","(((5, 8), (6, 4), (7, 6)), (6, 3))",7,9.0,16.0,7,3,1,expanded,False,True,53
"(((3, 8), (6, 4), (7, 5)), (6, 3))","(((3, 8), (7, 4), (7, 5)), (3, 9))",7,9.0,16.0,7,2,0,expanded,False,True,54
"(((3, 7), (7, 5), (8, 4)), (3, 8))","(((3, 7), (7, 4), (7, 5)), (3, 8))",8,10,18.0,8,,,pruned,,,55
"(((3, 7), (7, 4), (7, 5)), (3, 8))","(((3, 8), (7, 4), (7, 5)), (3, 9))",7,9.0,16.0,7,3,1,expanded,False,True,56
"(((4, 8), (6, 3), (7, 5)), (5, 8))","(((4, 8), (6, 4), (7, 5)), (5, 8))",9,8,17.0,9,,,pruned,,,57
"(((4, 8), (6, 4), (7, 5)), (5, 8))","(((4, 8), (6, 4), (7, 6)), (5, 8))",8,8.0,16.0,8,3,1,expanded,False,True,58
"(((3, 7), (6, 4), (7, 5)), (6, 3))","(((3, 7), (7, 4), (7, 5)), (3, 8))",8,8.0,16.0,8,2,0,expanded,False,True,59
"(((3, 6), (7, 5), (8, 4)), (1, 2))","(((3, 6), (7, 4), (7, 5)), (1, 2))",9,9,18.0,9,,,pruned,,,60
"(((4, 6), (7, 4), (7, 5)), (1, 2))","(((3, 6), (7, 4), (7, 5)), (1, 2))",9,7,16.0,9,,,pruned,,,61
"(((3, 6), (7, 4), (7, 5)), (1, 2))","(((3, 7), (7, 4), (7, 5)), (3, 8))",8,8.0,16.0,8,4,2,expanded,False,True,62
"(((3, 6), (6, 4), (7, 5)), (6, 3))","(((3, 6), (7, 4), (7, 5)), (1, 2))",9,7.0,16.0,9,2,0,expanded,False,True,63
"(((6, 5), (6, 7), (7, 8)), (6, 3))","(((6, 5), (6, 7), (7, 7)), (6, 3))",7,12,19.0,7,,,pruned,,,64
"(((6, 5), (6, 7), (7, 7)), (6, 3))","(((6, 5), (6, 7), (7, 6)), (6, 3))",6,11.0,17.0,6,4,1,expanded,False,True,65
"(((6, 6), (6, 7), (7, 6)), (6, 3))","(((6, 5), (6, 7), (7, 6)), (6, 3))",6,11.0,17.0,6,1,0,expanded,False,True,66
"(((6, 5), (6, 8), (7, 6)), (6, 3))","(((6, 5), (6, 8), (7, 5)), (6, 3))",6,11.0,17.0,6,2,0,expanded,False,True,67
"(((6, 6), (6, 8), (7, 5)), (6, 3))","(((6, 5), (6, 8), (7, 5)), (6, 3))",6,11.0,17.0,6,2,0,expanded,False,True,68
"(((5, 8), (6, 5), (7, 6)), (6, 3))","(((5, 8), (6, 5), (7, 5)), (6, 3))",7,10.0,17.0,7,2,0,expanded,False,True,69
"(((5, 8), (6, 6), (7, 5)), (6, 3))","(((5, 8), (6, 5), (7, 5)), (6, 3))",7,10.0,17.0,7,2,0,expanded,False,True,70
"(((6, 4), (6, 8), (7, 3)), (6, 5))","(((6, 4), (6, 8), (7, 4)), (6, 5))",8,10,18.0,8,,,pruned,,,71
"(((6, 3), (6, 8), (7, 4)), (6, 4))","(((6, 4), (6, 8), (7, 4)), (6, 5))",8,10,18.0,8,,,pruned,,,72
"(((6, 4), (6, 8), (7, 4)), (6, 5))","(((6, 4), (6, 8), (7, 5)), (6, 5))",7,10.0,17.0,7,3,2,expanded,False,True,73
"(((4, 8), (6, 5), (7, 6)), (6, 3))","(((4, 8), (6, 5), (7, 5)), (6, 3))",8,9.0,17.0,8,2,0,expanded,False,True,74
"(((4, 8), (6, 6), (7, 5)), (6, 3))","(((4, 8), (6, 5), (7, 5)), (6, 3))",8,9.0,17.0,8,2,0,expanded,False,True,75
"(((5, 8), (6, 4), (7, 3)), (6, 5))","(((5, 8), (6, 4), (7, 4)), (6, 5))",9,9,18.0,9,,,pruned,,,76
"(((5, 8), (6, 3), (7, 4)), (6, 4))","(((5, 8), (6, 4), (7, 4)), (6, 5))",9,9,18.0,9,,,pruned,,,77
"(((5, 8), (6, 4), (7, 4)), (6, 5))","(((5, 8), (6, 4), (7, 5)), (6, 5))",8,9.0,17.0,8,3,2,expanded,False,True,78
"(((3, 8), (6, 5), (7, 5)), (6, 3))","(((3, 8), (6, 4), (7, 5)), (6, 3))",8,9.0,17.0,8,2,0,expanded,False,True,79
"(((4, 8), (6, 4), (7, 3)), (5, 8))","(((4, 8), (6, 4), (7, 4)), (5, 8))",10,8,18.0,10,,,pruned,,,80
"(((4, 8), (6, 3), (7, 4)), (5, 8))","(((4, 8), (6, 4), (7, 4)), (5, 8))",10,8,18.0,10,,,pruned,,,81
"(((4, 8), (6, 4), (7, 4)), (5, 8))","(((4, 8), (6, 4), (7, 5)), (5, 8))",9,8.0,17.0,9,3,2,expanded,False,True,82
"(((3, 7), (6, 5), (7, 5)), (6, 3))","(((3, 7), (6, 4), (7, 5)), (6, 3))",9,8.0,17.0,9,2,0,expanded,False,True,83
"(((3, 6), (6, 5), (7, 5)), (6, 3))","(((3, 6), (6, 4), (7, 5)), (6, 3))",10,7.0,17.0,10,2,0,expanded,False,True,84
"(((6, 3), (6, 8), (7, 7)), (6, 4))","(((6, 4), (6, 8), (7, 7)), (6, 3))",7,12,19.0,7,,,pruned,,,85
"(((6, 4), (6, 8), (7, 8)), (6, 3))","(((6, 4), (6, 8), (7, 7)), (6, 3))",7,13,20.0,7,,,pruned,,,86
"(((6, 4), (6, 8), (7, 7)), (6, 3))","(((6, 4), (6, 8), (7, 6)), (6, 3))",6,12.0,18.0,6,3,2,expanded,False,True,87
"(((5, 8), (6, 4), (7, 8)), (6, 3))","(((5, 8), (6, 4), (7, 7)), (6, 3))",8,12,20.0,8,,,pruned,,,88
"(((5, 8), (6, 3), (7, 7)), (6, 4))","(((5, 8), (6, 4), (7, 7)), (6, 3))",8,11,19.0,8,,,pruned,,,89
"(((5, 8), (6, 4), (7, 7)), (6, 3))","(((5, 8), (6, 4), (7, 6)), (6, 3))",7,11.0,18.0,7,5,2,expanded,False,True,90
"(((4, 8), (6, 3), (7, 7)), (5, 8))","(((4, 8), (6, 4), (7, 7)), (5, 8))",9,10,19.0,9,,,pruned,,,91
"(((4, 8), (6, 4), (7, 8)), (5, 8))","(((4, 8), (6, 4), (7, 7)), (5, 8))",9,11,20.0,9,,,pruned,,,92
"(((4, 8), (6, 4), (7, 7)), (5, 8))","(((4, 8), (6, 4), (7, 6)), (5, 8))",8,10.0,18.0,8,5,2,expanded,False,True,93
"(((3, 8), (6, 3), (7, 6)), (3, 9))","(((3, 8), (6, 4), (7, 6)), (3, 9))",9,10,19.0,9,,,pruned,,,94
"(((3, 8), (6, 4), (7, 6)), (3, 9))","(((4, 8), (6, 4), (7, 6)), (5, 8))",8,10.0,18.0,8,5,1,expanded,False,True,95
"(((3, 8), (6, 3), (7, 5)), (3, 9))","(((3, 8), (6, 4), (7, 5)), (3, 9))",10,9,19.0,10,,,pruned,,,96
"(((3, 8), (6, 4), (7, 5)), (3, 9))","(((4, 8), (6, 4), (7, 5)), (5, 8))",9,9.0,18.0,9,3,1,expanded,False,True,97
"(((3, 7), (6, 3), (7, 6)), (3, 8))","(((3, 7), (6, 4), (7, 6)), (3, 8))",10,9,19.0,10,,,pruned,,,98
"(((3, 7), (6, 4), (7, 6)), (3, 8))","(((3, 7), (6, 4), (7, 5)), (6, 3))",9,9.0,18.0,9,5,1,expanded,False,True,99
"(((2, 6), (7, 5), (8, 4)), (1, 2))","(((2, 6), (7, 4), (7, 5)), (1, 2))",10,10,20.0,10,,,pruned,,,100
"(((1, 6), (7, 4), (7, 5)), (1, 2))","(((2, 6), (7, 4), (7, 5)), (1, 2))",10,10,20.0,10,,,pruned,,,101
"(((2, 7), (7, 4), (7, 5)), (1, 2))","(((2, 6), (7, 4), (7, 5)), (1, 2))",10,10,20.0,10,,,pruned,,,102
"(((2, 6), (7, 4), (7, 5)), (1, 2))","(((3, 6), (7, 4), (7, 5)), (1, 2))",9,9.0,18.0,9,6,3,expanded,False,True,103
"(((3, 6), (6, 3), (7, 6)), (1, 2))","(((3, 6), (6, 4), (7, 6)), (1, 2))",11,8,19.0,11,,,pruned,,,104
"(((4, 6), (6, 4), (7, 6)), (1, 2))","(((3, 6), (6, 4), (7, 6)), (1, 2))",11,7,18.0,11,,,pruned,,,105
"(((3, 6), (6, 4), (7, 6)), (1, 2))","(((3, 6), (6, 4), (7, 5)), (6, 3))",10,8.0,18.0,10,6,2,expanded,False,True,106
"(((3, 7), (6, 3), (7, 5)), (3, 8))","(((3, 7), (6, 4), (7, 5)), (3, 8))",11,8,19.0,11,,,pruned,,,107
"(((3, 7), (6, 4), (7, 5)), (3, 8))","(((3, 8), (6, 4), (7, 5)), (3, 9))",10,8.0,18.0,10,3,1,expanded,False,True,108
"(((2, 6), (6, 4), (7, 5)), (6, 3))","(((2, 6), (7, 4), (7, 5)), (1, 2))",10,8.0,18.0,10,2,0,expanded,False,True,109
"(((2, 5), (7, 5), (8, 4)), (1, 2))","(((2, 5), (7, 4), (7, 5)), (1, 2))",11,9,20.0,11,,,pruned,,,110
"(((2, 5), (7, 4), (7, 5)), (1, 2))","(((2, 6), (7, 4), (7, 5)), (1, 2))",10,8.0,18.0,10,4,1,expanded,False,True,111
"(((3, 6), (6, 3), (7, 5)), (1, 2))","(((3, 6), (6, 4), (7, 5)), (1, 2))",12,7,19.0,12,,,pruned,,,112
"(((4, 6), (6, 4), (7, 5)), (1, 2))","(((3, 6), (6, 4), (7, 5)), (1, 2))",12,6,18.0,12,,,pruned,,,113
"(((3, 6), (6, 4), (7, 5)), (1, 2))","(((3, 6), (6, 4), (7, 6)), (1, 2))",11,7.0,18.0,11,4,2,expanded,False,True,114
"(((2, 5), (6, 4), (7, 5)), (6, 3))","(((2, 5), (7, 4), (7, 5)), (1, 2))",11,7.0,18.0,11,2,0,expanded,False,True,115
"(((6, 5), (6, 8), (7, 8)), (6, 3))","(((6, 5), (6, 8), (7, 7)), (6, 3))",8,13,21.0,8,,,pruned,,,116
"(((6, 5), (6, 8), (7, 7)), (6, 3))","(((6, 5), (6, 7), (7, 7)), (6, 3))",7,12.0,19.0,7,3,1,expanded,False,True,117
"(((6, 6), (6, 7), (7, 8)), (6, 3))","(((6, 6), (6, 7), (7, 7)), (6, 3))",8,13,21.0,8,,,pruned,,,118
"(((6, 6), (6, 7), (7, 7)), (6, 3))","(((6, 5), (6, 7), (7, 7)), (6, 3))",7,12.0,19.0,7,1,1,expanded,True,True,119
"(((6, 6), (6, 8), (7, 6)), (6, 3))","(((6, 5), (6, 8), (7, 6)), (6, 3))",7,12.0,19.0,7,2,0,expanded,False,True,120
"(((6, 7), (6, 8), (7, 5)), (6, 3))","(((6, 6), (6, 8), (7, 5)), (6, 3))",7,12.0,19.0,7,3,0,expanded,False,True,121
"(((5, 8), (6, 5), (7, 8)), (6, 3))","(((5, 8), (6, 5), (7, 7)), (6, 3))",9,12,21.0,9,,,pruned,,,122
"(((5, 8), (6, 5), (7, 7)), (6, 3))","(((5, 8), (6, 5), (7, 6)), (6, 3))",8,11.0,19.0,8,5,1,expanded,False,True,123
"(((5, 8), (6, 6), (7, 6)), (6, 3))","(((5, 8), (6, 5), (7, 6)), (6, 3))",8,11.0,19.0,8,2,0,expanded,False,True,124
"(((5, 8), (6, 7), (7, 5)), (6, 3))","(((5, 8), (6, 6), (7, 5)), (6, 3))",8,11.0,19.0,8,5,0,expanded,False,True,125
"(((4, 8), (6, 5), (7, 8)), (5, 8))","(((4, 8), (6, 5), (7, 7)), (5, 8))",10,11,21.0,10,,,pruned,,,126
"(((4, 8), (6, 5), (7, 7)), (5, 8))","(((4, 8), (6, 5), (7, 6)), (6, 3))",9,10.0,19.0,9,5,1,expanded,False,True,127
"(((4, 8), (6, 6), (7, 6)), (6, 3))","(((4, 8), (6, 5), (7, 6)), (6, 3))",9,10.0,19.0,9,2,0,expanded,False,True,128
"(((4, 8), (6, 7), (7, 5)), (5, 8))","(((4, 8), (6, 6), (7, 5)), (6, 3))",9,10.0,19.0,9,5,0,expanded,False,True,129
"(((3, 8), (6, 5), (7, 6)), (6, 3))","(((3, 8), (6, 5), (7, 5)), (6, 3))",9,10.0,19.0,9,2,0,expanded,False,True,130
"(((3, 8), (6, 6), (7, 5)), (6, 3))","(((3, 8), (6, 5), (7, 5)), (6, 3))",9,10.0,19.0,9,2,0,expanded,False,True,131
"(((5, 8), (6, 5), (7, 6)), (6, 6))","(((5, 8), (6, 5), (7, 7)), (6, 3))",9,10.0,19.0,9,3,0,expanded,False,True,132
"(((5, 8), (6, 6), (7, 5)), (6, 7))","(((5, 8), (6, 7), (7, 5)), (6, 3))",9,10.0,19.0,9,3,0,expanded,False,True,133
"(((3, 8), (6, 4), (7, 3)), (3, 9))","(((3, 8), (6, 4), (7, 4)), (3, 9))",11,9,20.0,11,,,pruned,,,134
"(((3, 8), (6, 3), (7, 4)), (3, 9))","(((3, 8), (6, 4), (7, 4)), (3, 9))",11,9,20.0,11,,,pruned,,,135
"(((3, 8), (6, 4), (7, 4)), (3, 9))","(((4, 8), (6, 4), (7, 4)), (5, 8))",10,9.0,19.0,10,3,2,expanded,False,True,136
"(((3, 7), (6, 5), (7, 6)), (6, 3))","(((3, 7), (6, 5), (7, 5)), (6, 3))",10,9.0,19.0,10,2,0,expanded,False,True,137
"(((3, 7), (6, 6), (7, 5)), (6, 3))","(((3, 7), (6, 5), (7, 5)), (6, 3))",10,9.0,19.0,10,2,0,expanded,False,True,138
"(((4, 8), (6, 5), (7, 6)), (5, 8))","(((4, 8), (6, 5), (7, 7)), (5, 8))",10,9.0,19.0,10,3,0,expanded,False,True,139
"(((4, 8), (6, 6), (7, 5)), (5, 8))","(((4, 8), (6, 7), (7, 5)), (5, 8))",10,9.0,19.0,10,3,0,expanded,False,True,140
"(((5, 8), (6, 5), (7, 5)), (6, 6))","(((5, 8), (6, 5), (7, 6)), (6, 6))",10,9.0,19.0,10,3,0,expanded,False,True,141
"(((3, 6), (6, 5), (7, 6)), (6, 3))","(((3, 6), (6, 5), (7, 5)), (6, 3))",11,8.0,19.0,11,2,0,expanded,False,True,142
"(((3, 6), (6, 6), (7, 5)), (6, 3))","(((3, 6), (6, 5), (7, 5)), (6, 3))",11,8.0,19.0,11,2,0,expanded,False,True,143
"(((3, 7), (6, 3), (7, 4)), (3, 8))","(((3, 7), (6, 4), (7, 4)), (3, 8))",12,8,20.0,12,,,pruned,,,144
"(((3, 7), (6, 4), (7, 3)), (3, 8))","(((3, 7), (6, 4), (7, 4)), (3, 8))",12,8,20.0,12,,,pruned,,,145
"(((3, 7), (6, 4), (7, 4)), (3, 8))","(((3, 7), (6, 4), (7, 5)), (3, 8))",11,8.0,19.0,11,3,2,expanded,False,True,146
"(((2, 6), (6, 5), (7, 5)), (6, 3))","(((2, 6), (6, 4), (7, 5)), (6, 3))",11,8.0,19.0,11,2,0,expanded,False,True,147
"(((2, 4), (7, 5), (8, 4)), (1, 2))","(((2, 4), (7, 4), (7, 5)), (1, 2))",12,9,21.0,12,,,pruned,,,148
"(((2, 4), (7, 4), (7, 5)), (1, 2))","(((2, 5), (7, 4), (7, 5)), (1, 2))",11,8.0,19.0,11,4,1,expanded,False,True,149
"(((4, 8), (6, 5), (7, 5)), (5, 8))","(((4, 8), (6, 5), (7, 6)), (5, 8))",11,8.0,19.0,11,3,0,expanded,False,True,150
"(((3, 6), (6, 4), (7, 3)), (1, 2))","(((3, 6), (6, 4), (7, 4)), (1, 2))",13,7,20.0,13,,,pruned,,,151
"(((3, 6), (6, 3), (7, 4)), (1, 2))","(((3, 6), (6, 4), (7, 4)), (1, 2))",13,7,20.0,13,,,pruned,,,152
"(((4, 6), (6, 4), (7, 4)), (1, 2))","(((3, 6), (6, 4), (7, 4)), (1, 2))",13,6,19.0,13,,,pruned,,,153
"(((3, 6), (6, 4), (7, 4)), (1, 2))","(((3, 6), (6, 4), (7, 5)), (1, 2))",12,7.0,19.0,12,4,3,expanded,False,True,154
"(((2, 5), (6, 5), (7, 5)), (6, 3))","(((2, 5), (6, 4), (7, 5)), (6, 3))",12,7.0,19.0,12,2,0,expanded,False,True,155
"(((2, 4), (6, 4), (7, 5)), (6, 3))","(((2, 4), (7, 4), (7, 5)), (1, 2))",12,7.0,19.0,12,2,0,expanded,False,True,156
"(((6, 7), (6, 8), (8, 4)), (6, 3))","(((6, 7), (6, 8), (7, 4)), (6, 3))",9,13,22.0,9,,,pruned,,,157
"(((6, 7), (6, 8), (7, 3)), (6, 3))","(((6, 7), (6, 8), (7, 4)), (6, 3))",9,12,21.0,9,,,pruned,,,158
"(((6, 7), (6, 8), (7, 4)), (6, 3))","(((6, 7), (6, 8), (7, 5)), (6, 3))",8,12.0,20.0,8,5,2,expanded,False,True,159
"(((3, 8), (6, 3), (7, 7)), (3, 9))","(((3, 8), (6, 4), (7, 7)), (3, 9))",10,11,21.0,10,,,pruned,,,160
"(((3, 8), (6, 4), (7, 8)), (3, 9))","(((3, 8), (6, 4), (7, 7)), (3, 9))",10,12,22.0,10,,,pruned,,,161
"(((3, 8), (6, 4), (7, 7)), (3, 9))","(((4, 8), (6, 4), (7, 7)), (5, 8))",9,11.0,20.0,9,5,2,expanded,False,True,162
"(((5, 8), (6, 7), (8, 4)), (6, 3))","(((5, 8), (6, 7), (7, 4)), (6, 3))",10,12,22.0,10,,,pruned,,,163
"(((5, 8), (6, 7), (7, 3)), (6, 3))","(((5, 8), (6, 7), (7, 4)), (6, 3))",10,11,21.0,10,,,pruned,,,164
"(((5, 8), (6, 7), (7, 4)), (6, 3))","(((5, 8), (6, 7), (7, 5)), (6, 3))",9,11.0,20.0,9,7,2,expanded,False,True,165
"(((6, 3), (6, 7), (6, 8)), (6, 4))","(((6, 4), (6, 7), (6, 8)), (6, 3))",10,11,21.0,10,,,pruned,,,166
"(((6, 4), (6, 7), (6, 8)), (6, 3))","(((6, 7), (6, 8), (7, 4)), (6, 3))",9,11.0,20.0,9,3,1,expanded,False,True,167
"(((3, 7), (6, 3), (7, 7)), (3, 8))","(((3, 7), (6, 4), (7, 7)), (3, 8))",11,10,21.0,11,,,pruned,,,168
"(((3, 7), (6, 4), (7, 8)), (3, 8))","(((3, 7), (6, 4), (7, 7)), (3, 8))",11,11,22.0,11,,,pruned,,,169
"(((3, 7), (6, 4), (7, 7)), (3, 8))","(((3, 7), (6, 4), (7, 6)), (3, 8))",10,10.0,20.0,10,5,2,expanded,False,True,170
"(((4, 8), (6, 7), (8, 4)), (5, 8))","(((4, 8), (6, 7), (7, 4)), (5, 8))",11,11,22.0,11,,,pruned,,,171
"(((4, 8), (6, 7), (7, 3)), (5, 8))","(((4, 8), (6, 7), (7, 4)), (5, 8))",11,10,21.0,11,,,pruned,,,172
"(((4, 8), (6, 7), (7, 4)), (5, 8))","(((4, 8), (6, 7), (7, 5)), (5, 8))",10,10.0,20.0,10,7,2,expanded,False,True,173
"(((5, 8), (6, 6), (8, 4)), (6, 3))","(((5, 8), (6, 6), (7, 4)), (6, 3))",11,11,22.0,11,,,pruned,,,174
"(((5, 8), (6, 6), (7, 3)), (6, 3))","(((5, 8), (6, 6), (7, 4)), (6, 3))",11,10,21.0,11,,,pruned,,,175
"(((5, 8), (6, 6), (7, 4)), (6, 3))","(((5, 8), (6, 6), (7, 5)), (6, 7))",10,10.0,20.0,10,7,2,expanded,False,True,176
"(((5, 8), (6, 3), (6, 7)), (6, 4))","(((5, 8), (6, 4), (6, 7)), (6, 3))",11,10,21.0,11,,,pruned,,,177
"(((5, 8), (6, 4), (6, 7)), (6, 3))","(((5, 8), (6, 7), (7, 4)), (6, 3))",10,10.0,20.0,10,5,1,expanded,False,True,178
"(((3, 6), (6, 4), (7, 8)), (1, 2))","(((3, 6), (6, 4), (7, 7)), (1, 2))",12,10,22.0,12,,,pruned,,,179
"(((3, 6), (6, 3), (7, 7)), (1, 2))","(((3, 6), (6, 4), (7, 7)), (1, 2))",12,9,21.0,12,,,pruned,,,180
"(((4, 6), (6, 4), (7, 7)), (1, 2))","(((3, 6), (6, 4), (7, 7)), (1, 2))",12,8,20.0,12,,,pruned,,,181
"(((3, 6), (6, 4), (7, 7)), (1, 2))","(((3, 6), (6, 4), (7, 6)), (1, 2))",11,9.0,20.0,11,6,3,expanded,False,True,182
"(((1, 6), (6, 4), (7, 6)), (1, 2))","(((2, 6), (6, 4), (7, 6)), (1, 2))",12,10,22.0,12,,,pruned,,,183
"(((2, 7), (6, 4), (7, 6)), (1, 2))","(((2, 6), (6, 4), (7, 6)), (1, 2))",12,10,22.0,12,,,pruned,,,184
"(((2, 6), (6, 3), (7, 6)), (1, 2))","(((2, 6), (6, 4), (7, 6)), (1, 2))",12,9,21.0,12,,,pruned,,,185
"(((2, 6), (6, 4), (7, 6)), (1, 2))","(((3, 6), (6, 4), (7, 6)), (1, 2))",11,9.0,20.0,11,8,3,expanded,False,True,186
"(((4, 8), (6, 6), (8, 4)), (5, 8))","(((4, 8), (6, 6), (7, 4)), (5, 8))",12,10,22.0,12,,,pruned,,,187
"(((4, 8), (6, 6), (7, 3)), (5, 8))","(((4, 8), (6, 6), (7, 4)), (5, 8))",12,9,21.0,12,,,pruned,,,188
"(((4, 8), (6, 6), (7, 4)), (5, 8))","(((4, 8), (6, 6), (7, 5)), (5, 8))",11,9.0,20.0,11,7,2,expanded,False,True,189
"(((5, 8), (6, 5), (7, 3)), (6, 3))","(((5, 8), (6, 5), (7, 4)), (6, 6))",12,9,21.0,12,,,pruned,,,190
"(((5, 8), (6, 5), (7, 4)), (6, 6))","(((5, 8), (6, 5), (7, 5)), (6, 6))",11,9.0,20.0,11,3,1,expanded,False,True,191
"(((4, 8), (6, 3), (6, 7)), (5, 8))","(((4, 8), (6, 4), (6, 7)), (5, 8))",12,9,21.0,12,,,pruned,,,192
"(((4, 8), (6, 4), (6, 7)), (5, 8))","(((4, 8), (6, 7), (7, 4)), (5, 8))",11,9.0,20.0,11,5,1,expanded,False,True,193
"(((5, 8), (6, 3), (6, 6)), (6, 4))","(((5, 8), (6, 4), (6, 6)), (6, 3))",12,9,21.0,12,,,pruned,,,194
"(((5, 8), (6, 4), (6, 6)), (6, 3))","(((5, 8), (6, 6), (7, 4)), (6, 3))",11,9.0,20.0,11,5,1,expanded,False,True,195
"(((1, 6), (6, 4), (7, 5)), (1, 2))","(((2, 6), (6, 4), (7, 5)), (1, 2))",13,9,22.0,13,,,pruned,,,196
"(((2, 7), (6, 4), (7, 5)), (1, 2))","(((2, 6), (6, 4), (7, 5)), (1, 2))",13,9,22.0,13,,,pruned,,,197
"(((2, 6), (6, 3), (7, 5)), (1, 2))","(((2, 6), (6, 4), (7, 5)), (1, 2))",13,8,21.0,13,,,pruned,,,198
"(((2, 6), (6, 4), (7, 5)), (1, 2))","(((3, 6), (6, 4), (7, 5)), (1, 2))",12,8.0,20.0,12,6,3,expanded,False,True,199
"(((2, 5), (6, 3), (7, 6)), (1, 2))","(((2, 5), (6, 4), (7, 6)), (1, 2))",13,8,21.0,13,,,pruned,,,200
"(((2, 5), (6, 4), (7, 6)), (1, 2))","(((2, 5), (6, 4), (7, 5)), (6, 3))",12,8.0,20.0,12,6,1,expanded,False,True,201
"(((2, 3), (7, 5), (8, 4)), (1, 2))","(((2, 3), (7, 4), (7, 5)), (1, 2))",13,9,22.0,13,,,pruned,,,202
"(((2, 3), (7, 4), (7, 5)), (1, 2))","(((2, 4), (7, 4), (7, 5)), (1, 2))",12,8.0,20.0,12,4,1,expanded,False,True,203
"(((4, 8), (6, 5), (7, 3)), (5, 8))","(((4, 8), (6, 5), (7, 4)), (5, 8))",13,8,21.0,13,,,pruned,,,204
"(((4, 8), (6, 5), (7, 4)), (5, 8))","(((4, 8), (6, 5), (7, 5)), (5, 8))",12,8.0,20.0,12,3,1,expanded,False,True,205
"(((4, 8), (6, 3), (6, 6)), (5, 8))","(((4, 8), (6, 4), (6, 6)), (5, 8))",13,8,21.0,13,,,pruned,,,206
"(((4, 8), (6, 4), (6, 6)), (5, 8))","(((4, 8), (6, 6), (7, 4)), (5, 8))",12,8.0,20.0,12,5,1,expanded,False,True,207
"(((5, 8), (6, 4), (6, 5)), (6, 3))","(((5, 8), (6, 4), (6, 6)), (6, 3))",12,8.0,20.0,12,1,0,expanded,False,True,208
"(((2, 4), (6, 5), (7, 5)), (6, 3))","(((2, 4), (6, 4), (7, 5)), (6, 3))",13,7.0,20.0,13,2,0,expanded,False,True,209
"(((2, 5), (6, 3), (7, 5)), (1, 2))","(((2, 5), (6, 4), (7, 5)), (1, 2))",14,7,21.0,14,,,pruned,,,210
"(((2, 5), (6, 4), (7, 5)), (1, 2))","(((2, 6), (6, 4), (7, 5)), (1, 2))",13,7.0,20.0,13,4,1,expanded,False,True,211
"(((2, 3), (6, 4), (7, 5)), (6, 3))","(((2, 3), (7, 4), (7, 5)), (1, 2))",13,7.0,20.0,13,2,0,expanded,False,True,212
"(((4, 8), (6, 4), (6, 5)), (5, 8))","(((4, 8), (6, 4), (6, 6)), (5, 8))",13,7.0,20.0,13,1,0,expanded,False,True,213
"(((6, 6), (6, 8), (7, 8)), (6, 3))","(((6, 6), (6, 8), (7, 7)), (6, 3))",9,14,23.0,9,,,pruned,,,214
"(((6, 6), (6, 8), (7, 7)), (6, 3))","(((6, 5), (6, 8), (7, 7)), (6, 3))",8,13.0,21.0,8,2,1,expanded,False,True,215
"(((6, 7), (6, 8), (7, 6)), (6, 3))","(((6, 6), (6, 8), (7, 6)), (6, 3))",8,13.0,21.0,8,1,0,expanded,False,True,216
"(((5, 8), (6, 6), (7, 8)), (6, 3))","(((5, 8), (6, 6), (7, 7)), (6, 3))",10,13,23.0,10,,,pruned,,,217
"(((5, 8), (6, 6), (7, 7)), (6, 3))","(((5, 8), (6, 5), (7, 7)), (6, 3))",9,12.0,21.0,9,2,1,expanded,False,True,218
"(((5, 8), (6, 7), (7, 6)), (6, 3))","(((5, 8), (6, 6), (7, 6)), (6, 3))",9,12.0,21.0,9,2,0,expanded,False,True,219
"(((5, 8), (6, 8), (7, 5)), (6, 3))","(((5, 8), (6, 7), (7, 5)), (6, 3))",9,12.0,21.0,9,2,0,expanded,False,True,220
"(((4, 8), (6, 6), (7, 8)), (5, 8))","(((4, 8), (6, 6), (7, 7)), (6, 3))",11,12,23.0,11,,,pruned,,,221
"(((4, 8), (6, 6), (7, 7)), (6, 3))","(((4, 8), (6, 5), (7, 7)), (5, 8))",10,11.0,21.0,10,2,1,expanded,False,True,222
"(((3, 8), (6, 5), (7, 8)), (3, 9))","(((3, 8), (6, 5), (7, 7)), (3, 9))",11,12,23.0,11,,,pruned,,,223
"(((3, 8), (6, 5), (7, 7)), (3, 9))","(((4, 8), (6, 5), (7, 7)), (5, 8))",10,11.0,21.0,10,5,1,expanded,False,True,224
"(((4, 8), (6, 7), (7, 6)), (6, 3))","(((4, 8), (6, 6), (7, 6)), (6, 3))",10,11.0,21.0,10,2,0,expanded,False,True,225
"(((4, 8), (6, 8), (7, 5)), (6, 3))","(((4, 8), (6, 7), (7, 5)), (5, 8))",10,11.0,21.0,10,3,0,expanded,False,True,226
"(((3, 8), (6, 7), (7, 5)), (3, 9))","(((4, 8), (6, 7), (7, 5)), (5, 8))",10,11.0,21.0,10,5,0,expanded,False,True,227
"(((3, 8), (6, 6), (7, 6)), (6, 3))","(((3, 8), (6, 5), (7, 6)), (6, 3))",10,11.0,21.0,10,2,0,expanded,False,True,228
"(((6, 5), (6, 7), (6, 8)), (6, 3))","(((6, 4), (6, 7), (6, 8)), (6, 3))",10,11.0,21.0,10,3,0,expanded,False,True,229
"(((3, 7), (6, 5), (7, 8)), (3, 8))","(((3, 7), (6, 5), (7, 7)), (3, 8))",12,11,23.0,12,,,pruned,,,230
"(((3, 7), (6, 5), (7, 7)), (3, 8))","(((3, 7), (6, 5), (7, 6)), (6, 3))",11,10.0,21.0,11,5,1,expanded,False,True,231
"(((3, 7), (6, 6), (7, 6)), (6, 3))","(((3, 7), (6, 5), (7, 6)), (6, 3))",11,10.0,21.0,11,2,0,expanded,False,True,232
"(((3, 7), (6, 7), (7, 5)), (3, 8))","(((3, 7), (6, 6), (7, 5)), (6, 3))",11,10.0,21.0,11,5,0,expanded,False,True,233
"(((3, 8), (6, 5), (7, 6)), (3, 9))","(((4, 8), (6, 5), (7, 6)), (5, 8))",11,10.0,21.0,11,3,0,expanded,False,True,234
"(((3, 8), (6, 6), (7, 5)), (3, 9))","(((4, 8), (6, 6), (7, 5)), (5, 8))",11,10.0,21.0,11,3,0,expanded,False,True,235
"(((5, 8), (6, 5), (6, 7)), (6, 3))","(((5, 8), (6, 4), (6, 7)), (6, 3))",11,10.0,21.0,11,5,0,expanded,False,True,236
"(((4, 8), (5, 8), (7, 5)), (6, 3))","(((4, 8), (6, 8), (7, 5)), (6, 3))",11,10.0,21.0,11,2,0,expanded,False,True,237
"(((3, 6), (6, 5), (7, 8)), (1, 2))","(((3, 6), (6, 5), (7, 7)), (1, 2))",13,10,23.0,13,,,pruned,,,238
"(((4, 6), (6, 5), (7, 7)), (1, 2))","(((3, 6), (6, 5), (7, 7)), (1, 2))",13,8,21.0,13,,,pruned,,,239
"(((3, 6), (6, 5), (7, 7)), (1, 2))","(((3, 6), (6, 5), (7, 6)), (6, 3))",12,9.0,21.0,12,6,2,expanded,False,True,240
"(((3, 6), (6, 6), (7, 6)), (6, 3))","(((3, 6), (6, 5), (7, 6)), (6, 3))",12,9.0,21.0,12,2,0,expanded,False,True,241
"(((4, 6), (6, 7), (7, 5)), (1, 2))","(((3, 6), (6, 7), (7, 5)), (1, 2))",13,8,21.0,13,,,pruned,,,242
"(((3, 6), (6, 7), (7, 5)), (1, 2))","(((3, 6), (6, 6), (7, 5)), (6, 3))",12,9.0,21.0,12,6,1,expanded,False,True,243
"(((2, 6), (6, 5), (7, 6)), (6, 3))","(((2, 6), (6, 5), (7, 5)), (6, 3))",12,9.0,21.0,12,2,0,expanded,False,True,244
"(((2, 6), (6, 6), (7, 5)), (6, 3))","(((2, 6), (6, 5), (7, 5)), (6, 3))",12,9.0,21.0,12,2,0,expanded,False,True,245
"(((3, 8), (6, 5), (7, 5)), (3, 9))","(((4, 8), (6, 5), (7, 5)), (5, 8))",12,9.0,21.0,12,3,0,expanded,False,True,246
"(((4, 8), (6, 5), (6, 7)), (5, 8))","(((4, 8), (6, 4), (6, 7)), (5, 8))",12,9.0,21.0,12,5,0,expanded,False,True,247
"(((5, 8), (6, 5), (6, 6)), (6, 3))","(((5, 8), (6, 4), (6, 6)), (6, 3))",12,9.0,21.0,12,1,0,expanded,False,True,248
"(((3, 7), (6, 5), (7, 6)), (3, 8))","(((3, 7), (6, 5), (7, 7)), (3, 8))",12,9.0,21.0,12,3,0,expanded,False,True,249
"(((3, 7), (6, 6), (7, 5)), (3, 8))","(((3, 7), (6, 7), (7, 5)), (3, 8))",12,9.0,21.0,12,3,0,expanded,False,True,250
"(((2, 6), (6, 4), (7, 3)), (1, 2))","(((2, 6), (6, 4), (7, 4)), (1, 2))",14,8,22.0,14,,,pruned,,,251
"(((1, 6), (6, 4), (7, 4)), (1, 2))","(((2, 6), (6, 4), (7, 4)), (1, 2))",14,9,23.0,14,,,pruned,,,252
"(((2, 7), (6, 4), (7, 4)), (1, 2))","(((2, 6), (6, 4), (7, 4)), (1, 2))",14,9,23.0,14,,,pruned,,,253
"(((2, 6), (6, 3), (7, 4)), (1, 2))","(((2, 6), (6, 4), (7, 4)), (1, 2))",14,8,22.0,14,,,pruned,,,254
"(((2, 6), (6, 4), (7, 4)), (1, 2))","(((3, 6), (6, 4), (7, 4)), (1, 2))",13,8.0,21.0,13,6,4,expanded,False,True,255
"(((2, 5), (6, 5), (7, 6)), (6, 3))","(((2, 5), (6, 5), (7, 5)), (6, 3))",13,8.0,21.0,13,2,0,expanded,False,True,256
"(((2, 5), (6, 6), (7, 5)), (6, 3))","(((2, 5), (6, 5), (7, 5)), (6, 3))",13,8.0,21.0,13,2,0,expanded,False,True,257
"(((2, 4), (6, 3), (7, 6)), (1, 2))","(((2, 4), (6, 4), (7, 6)), (1, 2))",14,8,22.0,14,,,pruned,,,258
"(((2, 4), (6, 4), (7, 6)), (1, 2))","(((2, 4), (6, 4), (7, 5)), (6, 3))",13,8.0,21.0,13,6,1,expanded,False,True,259
"(((4, 8), (6, 5), (6, 6)), (5, 8))","(((4, 8), (6, 4), (6, 6)), (5, 8))",13,8.0,21.0,13,1,0,expanded,False,True,260
"(((4, 6), (6, 5), (7, 6)), (1, 2))","(((3, 6), (6, 5), (7, 6)), (1, 2))",14,7,21.0,14,,,pruned,,,261
"(((3, 6), (6, 5), (7, 6)), (1, 2))","(((3, 6), (6, 5), (7, 7)), (1, 2))",13,8.0,21.0,13,4,1,expanded,False,True,262
"(((4, 6), (6, 6), (7, 5)), (1, 2))","(((3, 6), (6, 6), (7, 5)), (1, 2))",14,7,21.0,14,,,pruned,,,263
"(((3, 6), (6, 6), (7, 5)), (1, 2))","(((3, 6), (6, 7), (7, 5)), (1, 2))",13,8.0,21.0,13,4,1,expanded,False,True,264
"(((3, 7), (6, 5), (7, 5)), (3, 8))","(((3, 8), (6, 5), (7, 5)), (3, 9))",13,8.0,21.0,13,3,0,expanded,False,True,265
"(((2, 5), (6, 4), (7, 3)), (1, 2))","(((2, 5), (6, 4), (7, 4)), (1, 2))",15,7,22.0,15,,,pruned,,,266
"(((2, 5), (6, 3), (7, 4)), (1, 2))","(((2, 5), (6, 4), (7, 4)), (1, 2))",15,7,22.0,15,,,pruned,,,267
"(((2, 5), (6, 4), (7, 4)), (1, 2))","(((2, 5), (6, 4), (7, 5)), (1, 2))",14,7.0,21.0,14,4,2,expanded,False,True,268
"(((2, 4), (6, 3), (7, 5)), (1, 2))","(((2, 4), (6, 4), (7, 5)), (1, 2))",15,7,22.0,15,,,pruned,,,269
"(((2, 4), (6, 4), (7, 5)), (1, 2))","(((2, 5), (6, 4), (7, 5)), (1, 2))",14,7.0,21.0,14,4,1,expanded,False,True,270
"(((2, 3), (6, 5), (7, 5)), (6, 3))","(((2, 3), (6, 4), (7, 5)), (6, 3))",14,7.0,21.0,14,2,0,expanded,False,True,271
"(((4, 6), (6, 5), (7, 5)), (1, 2))","(((3, 6), (6, 5), (7, 5)), (1, 2))",15,6,21.0,15,,,pruned,,,272
"(((3, 6), (6, 5), (7, 5)), (1, 2))","(((3, 6), (6, 5), (7, 6)), (1, 2))",14,7.0,21.0,14,4,1,expanded,False,True,273
"(((5, 8), (6, 8), (8, 4)), (6, 3))","(((5, 8), (6, 8), (7, 4)), (6, 3))",11,13,24.0,11,,,pruned,,,274
"(((5, 8), (6, 8), (7, 3)), (6, 3))","(((5, 8), (6, 8), (7, 4)), (6, 3))",11,12,23.0,11,,,pruned,,,275
"(((5, 8), (6, 8), (7, 4)), (6, 3))","(((5, 8), (6, 7), (7, 4)), (6, 3))",10,12.0,22.0,10,4,2,expanded,False,True,276
"(((4, 8), (6, 8), (8, 4)), (6, 3))","(((4, 8), (6, 8), (7, 4)), (6, 3))",12,12,24.0,12,,,pruned,,,277
"(((4, 8), (6, 8), (7, 3)), (6, 3))","(((4, 8), (6, 8), (7, 4)), (6, 3))",12,11,23.0,12,,,pruned,,,278
"(((4, 8), (6, 8), (7, 4)), (6, 3))","(((4, 8), (6, 7), (7, 4)), (5, 8))",11,11.0,22.0,11,5,2,expanded,False,True,279
"(((3, 8), (6, 7), (8, 4)), (3, 9))","(((3, 8), (6, 7), (7, 4)), (3, 9))",12,12,24.0,12,,,pruned,,,280
"(((3, 8), (6, 7), (7, 3)), (3, 9))","(((3, 8), (6, 7), (7, 4)), (3, 9))",12,11,23.0,12,,,pruned,,,281
"(((3, 8), (6, 7), (7, 4)), (3, 9))","(((4, 8), (6, 7), (7, 4)), (5, 8))",11,11.0,22.0,11,7,2,expanded,False,True,282
"(((5, 8), (6, 3), (6, 8)), (6, 4))","(((5, 8), (6, 4), (6, 8)), (6, 3))",12,11,23.0,12,,,pruned,,,283
"(((5, 8), (6, 4), (6, 8)), (6, 3))","(((5, 8), (6, 4), (6, 7)), (6, 3))",11,11.0,22.0,11,2,1,expanded,False,True,284
"(((2, 6), (6, 3), (7, 7)), (1, 2))","(((2, 6), (6, 4), (7, 7)), (1, 2))",13,10,23.0,13,,,pruned,,,285
"(((2, 6), (6, 4), (7, 8)), (1, 2))","(((2, 6), (6, 4), (7, 7)), (1, 2))",13,11,24.0,13,,,pruned,,,286
"(((1, 6), (6, 4), (7, 7)), (1, 2))","(((2, 6), (6, 4), (7, 7)), (1, 2))",13,11,24.0,13,,,pruned,,,287
"(((2, 7), (6, 4), (7, 7)), (1, 2))","(((2, 6), (6, 4), (7, 7)), (1, 2))",13,11,24.0,13,,,pruned,,,288
"(((2, 6), (6, 4), (7, 7)), (1, 2))","(((3, 6), (6, 4), (7, 7)), (1, 2))",12,10.0,22.0,12,8,4,expanded,False,True,289
"(((3, 8), (6, 6), (8, 4)), (3, 9))","(((3, 8), (6, 6), (7, 4)), (3, 9))",13,11,24.0,13,,,pruned,,,290
"(((3, 8), (6, 6), (7, 3)), (3, 9))","(((3, 8), (6, 6), (7, 4)), (3, 9))",13,10,23.0,13,,,pruned,,,291
"(((3, 8), (6, 6), (7, 4)), (3, 9))","(((4, 8), (6, 6), (7, 4)), (5, 8))",12,10.0,22.0,12,7,2,expanded,False,True,292
"(((4, 8), (6, 3), (6, 8)), (6, 4))","(((4, 8), (6, 4), (6, 8)), (6, 3))",13,10,23.0,13,,,pruned,,,293
"(((4, 8), (6, 4), (6, 8)), (6, 3))","(((4, 8), (6, 4), (6, 7)), (5, 8))",12,10.0,22.0,12,3,1,expanded,False,True,294
"(((3, 8), (6, 3), (6, 7)), (3, 9))","(((3, 8), (6, 4), (6, 7)), (3, 9))",13,10,23.0,13,,,pruned,,,295
"(((3, 8), (6, 4), (6, 7)), (3, 9))","(((4, 8), (6, 4), (6, 7)), (5, 8))",12,10.0,22.0,12,5,1,expanded,False,True,296
"(((3, 7), (6, 7), (8, 4)), (3, 8))","(((3, 7), (6, 7), (7, 4)), (3, 8))",13,11,24.0,13,,,pruned,,,297
"(((3, 7), (6, 7), (7, 3)), (3, 8))","(((3, 7), (6, 7), (7, 4)), (3, 8))",13,10,23.0,13,,,pruned,,,298
"(((3, 7), (6, 7), (7, 4)), (3, 8))","(((3, 7), (6, 7), (7, 5)), (3, 8))",12,10.0,22.0,12,7,2,expanded,False,True,299
"(((4, 8), (5, 8), (8, 4)), (6, 3))","(((4, 8), (5, 8), (7, 4)), (6, 3))",13,11,24.0,13,,,pruned,,,300
"(((4, 8), (5, 8), (7, 3)), (6, 3))","(((4, 8), (5, 8), (7, 4)), (6, 3))",13,10,23.0,13,,,pruned,,,301
"(((4, 8), (5, 8), (7, 4)), (6, 3))","(((4, 8), (5, 8), (7, 5)), (6, 3))",12,10.0,22.0,12,4,2,expanded,False,True,302
"(((2, 5), (6, 3), (7, 7)), (1, 2))","(((2, 5), (6, 4), (7, 7)), (1, 2))",14,9,23.0,14,,,pruned,,,303
"(((2, 5), (6, 4), (7, 8)), (1, 2))","(((2, 5), (6, 4), (7, 7)), (1, 2))",14,10,24.0,14,,,pruned,,,304
"(((2, 5), (6, 4), (7, 7)), (1, 2))","(((2, 5), (6, 4), (7, 6)), (1, 2))",13,9.0,22.0,13,6,2,expanded,False,True,305
"(((2, 2), (7, 5), (8, 4)), (1, 2))","(((2, 2), (7, 4), (7, 5)), (1, 2))",14,10,24.0,14,,,pruned,,,306
"(((1, 2), (7, 4), (7, 5)), (1, 3))","(((2, 2), (7, 4), (7, 5)), (1, 2))",14,10,24.0,14,,,pruned,,,307
"(((2, 1), (7, 4), (7, 5)), (1, 2))","(((2, 2), (7, 4), (7, 5)), (1, 2))",14,10,24.0,14,,,pruned,,,308
"(((2, 2), (7, 4), (7, 5)), (1, 2))","(((2, 3), (7, 4), (7, 5)), (1, 2))",13,9.0,22.0,13,6,3,expanded,False,True,309
"(((3, 8), (6, 5), (7, 3)), (3, 9))","(((3, 8), (6, 5), (7, 4)), (3, 9))",14,9,23.0,14,,,pruned,,,310
"(((3, 8), (6, 5), (7, 4)), (3, 9))","(((4, 8), (6, 5), (7, 4)), (5, 8))",13,9.0,22.0,13,3,1,expanded,False,True,311
"(((3, 8), (6, 3), (6, 6)), (3, 9))","(((3, 8), (6, 4), (6, 6)), (3, 9))",14,9,23.0,14,,,pruned,,,312
"(((3, 8), (6, 4), (6, 6)), (3, 9))","(((4, 8), (6, 4), (6, 6)), (5, 8))",13,9.0,22.0,13,5,1,expanded,False,True,313
"(((3, 6), (6, 7), (8, 4)), (1, 2))","(((3, 6), (6, 7), (7, 4)), (1, 2))",14,10,24.0,14,,,pruned,,,314
"(((3, 6), (6, 7), (7, 3)), (1, 2))","(((3, 6), (6, 7), (7, 4)), (1, 2))",14,9,23.0,14,,,pruned,,,315
"(((4, 6), (6, 7), (7, 4)), (1, 2))","(((3, 6), (6, 7), (7, 4)), (1, 2))",14,8,22.0,14,,,pruned,,,316
"(((3, 6), (6, 7), (7, 4)), (1, 2))","(((3, 6), (6, 7), (7, 5)), (1, 2))",13,9.0,22.0,13,8,3,expanded,False,True,317
"(((3, 7), (6, 6), (8, 4)), (3, 8))","(((3, 7), (6, 6), (7, 4)), (3, 8))",14,10,24.0,14,,,pruned,,,318
"(((3, 7), (6, 6), (7, 3)), (3, 8))","(((3, 7), (6, 6), (7, 4)), (3, 8))",14,9,23.0,14,,,pruned,,,319
"(((3, 7), (6, 6), (7, 4)), (3, 8))","(((3, 7), (6, 6), (7, 5)), (3, 8))",13,9.0,22.0,13,7,2,expanded,False,True,320
"(((4, 8), (5, 8), (6, 3)), (6, 4))","(((4, 8), (5, 8), (6, 4)), (6, 3))",14,9,23.0,14,,,pruned,,,321
"(((4, 8), (5, 8), (6, 4)), (6, 3))","(((4, 8), (6, 4), (6, 8)), (6, 3))",13,9.0,22.0,13,2,1,expanded,False,True,322
"(((3, 7), (6, 3), (6, 7)), (3, 8))","(((3, 7), (6, 4), (6, 7)), (3, 8))",14,9,23.0,14,,,pruned,,,323
"(((3, 7), (6, 4), (6, 7)), (3, 8))","(((3, 8), (6, 4), (6, 7)), (3, 9))",13,9.0,22.0,13,5,1,expanded,False,True,324
"(((2, 4), (6, 5), (7, 6)), (6, 3))","(((2, 4), (6, 5), (7, 5)), (6, 3))",14,8.0,22.0,14,2,0,expanded,False,True,325
"(((2, 4), (6, 6), (7, 5)), (6, 3))","(((2, 4), (6, 5), (7, 5)), (6, 3))",14,8.0,22.0,14,2,0,expanded,False,True,326
"(((2, 3), (6, 3), (7, 6)), (1, 2))","(((2, 3), (6, 4), (7, 6)), (1, 2))",15,8,23.0,15,,,pruned,,,327
"(((2, 3), (6, 4), (7, 6)), (1, 2))","(((2, 3), (6, 4), (7, 5)), (6, 3))",14,8.0,22.0,14,6,1,expanded,False,True,328
"(((3, 8), (6, 4), (6, 5)), (3, 9))","(((4, 8), (6, 4), (6, 5)), (5, 8))",14,8.0,22.0,14,1,0,expanded,False,True,329
"(((3, 6), (6, 6), (8, 4)), (1, 2))","(((3, 6), (6, 6), (7, 4)), (1, 2))",15,9,24.0,15,,,pruned,,,330
"(((3, 6), (6, 6), (7, 3)), (1, 2))","(((3, 6), (6, 6), (7, 4)), (1, 2))",15,8,23.0,15,,,pruned,,,331
"(((4, 6), (6, 6), (7, 4)), (1, 2))","(((3, 6), (6, 6), (7, 4)), (1, 2))",15,7,22.0,15,,,pruned,,,332
"(((3, 6), (6, 6), (7, 4)), (1, 2))","(((3, 6), (6, 6), (7, 5)), (1, 2))",14,8.0,22.0,14,8,3,expanded,False,True,333
"(((3, 7), (6, 5), (7, 3)), (3, 8))","(((3, 7), (6, 5), (7, 4)), (3, 8))",15,8,23.0,15,,,pruned,,,334
"(((3, 7), (6, 5), (7, 4)), (3, 8))","(((3, 7), (6, 5), (7, 5)), (3, 8))",14,8.0,22.0,14,3,1,expanded,False,True,335
"(((2, 2), (6, 4), (7, 5)), (6, 3))","(((2, 2), (7, 4), (7, 5)), (1, 2))",14,8.0,22.0,14,2,0,expanded,False,True,336
"(((3, 2), (7, 5), (8, 4)), (1, 2))","(((3, 2), (7, 4), (7, 5)), (1, 2))",15,9,24.0,15,,,pruned,,,337
"(((3, 2), (7, 4), (7, 5)), (1, 2))","(((2, 2), (7, 4), (7, 5)), (1, 2))",14,8.0,22.0,14,4,1,expanded,False,True,338
"(((3, 7), (6, 3), (6, 6)), (3, 8))","(((3, 7), (6, 4), (6, 6)), (3, 8))",15,8,23.0,15,,,pruned,,,339
"(((3, 7), (6, 4), (6, 6)), (3, 8))","(((3, 8), (6, 4), (6, 6)), (3, 9))",14,8.0,22.0,14,5,1,expanded,False,True,340
"(((3, 6), (6, 3), (6, 7)), (1, 2))","(((3, 6), (6, 4), (6, 7)), (1, 2))",15,8,23.0,15,,,pruned,,,341
"(((4, 6), (6, 4), (6, 7)), (1, 2))","(((3, 6), (6, 4), (6, 7)), (1, 2))",15,7,22.0,15,,,pruned,,,342
"(((3, 6), (6, 4), (6, 7)), (1, 2))","(((3, 6), (6, 7), (7, 4)), (1, 2))",14,8.0,22.0,14,6,2,expanded,False,True,343
"(((2, 4), (6, 4), (7, 3)), (1, 2))","(((2, 4), (6, 4), (7, 4)), (1, 2))",16,7,23.0,16,,,pruned,,,344
"(((2, 4), (6, 3), (7, 4)), (1, 2))","(((2, 4), (6, 4), (7, 4)), (1, 2))",16,7,23.0,16,,,pruned,,,345
"(((2, 4), (6, 4), (7, 4)), (1, 2))","(((2, 5), (6, 4), (7, 4)), (1, 2))",15,7.0,22.0,15,4,2,expanded,False,True,346
"(((2, 3), (6, 3), (7, 5)), (1, 2))","(((2, 3), (6, 4), (7, 5)), (1, 2))",16,7,23.0,16,,,pruned,,,347
"(((2, 3), (6, 4), (7, 5)), (1, 2))","(((2, 4), (6, 4), (7, 5)), (1, 2))",15,7.0,22.0,15,4,1,expanded,False,True,348
"(((3, 6), (6, 5), (7, 3)), (1, 2))","(((3, 6), (6, 5), (7, 4)), (1, 2))",16,7,23.0,16,,,pruned,,,349
"(((4, 6), (6, 5), (7, 4)), (1, 2))","(((3, 6), (6, 5), (7, 4)), (1, 2))",16,6,22.0,16,,,pruned,,,350
"(((3, 6), (6, 5), (7, 4)), (1, 2))","(((3, 6), (6, 5), (7, 5)), (1, 2))",15,7.0,22.0,15,4,2,expanded,False,True,351
"(((3, 7), (6, 4), (6, 5)), (3, 8))","(((3, 8), (6, 4), (6, 5)), (3, 9))",15,7.0,22.0,15,1,0,expanded,False,True,352
"(((3, 6), (6, 3), (6, 6)), (1, 2))","(((3, 6), (6, 4), (6, 6)), (1, 2))",16,7,23.0,16,,,pruned,,,353
"(((4, 6), (6, 4), (6, 6)), (1, 2))","(((3, 6), (6, 4), (6, 6)), (1, 2))",16,6,22.0,16,,,pruned,,,354
"(((3, 6), (6, 4), (6, 6)), (1, 2))","(((3, 6), (6, 6), (7, 4)), (1, 2))",15,7.0,22.0,15,6,2,expanded,False,True,355
"(((3, 2), (6, 4), (7, 5)), (6, 3))","(((3, 2), (7, 4), (7, 5)), (1, 2))",15,7.0,22.0,15,2,0,expanded,False,True,356
"(((4, 2), (7, 5), (8, 4)), (1, 2))","(((4, 2), (7, 4), (7, 5)), (1, 2))",16,8,24.0,16,,,pruned,,,357
"(((4, 1), (7, 4), (7, 5)), (1, 2))","(((4, 2), (7, 4), (7, 5)), (1, 2))",16,8,24.0,16,,,pruned,,,358
"(((4, 2), (7, 4), (7, 5)), (1, 2))","(((3, 2), (7, 4), (7, 5)), (1, 2))",15,7.0,22.0,15,4,2,expanded,False,True,359
"(((4, 6), (6, 4), (6, 5)), (1, 2))","(((3, 6), (6, 4), (6, 5)), (1, 2))",17,5,22.0,17,,,pruned,,,360
"(((3, 6), (6, 4), (6, 5)), (1, 2))","(((3, 7), (6, 4), (6, 5)), (3, 8))",16,6.0,22.0,16,2,1,expanded,False,True,361
"(((4, 2), (6, 4), (7, 5)), (6, 3))","(((4, 2), (7, 4), (7, 5)), (1, 2))",16,6.0,22.0,16,2,0,expanded,False,True,362
"(((4, 3), (7, 5), (8, 4)), (1, 2))","(((4, 3), (7, 4), (7, 5)), (1, 2))",17,7,24.0,17,,,pruned,,,363
"(((4, 3), (7, 4), (7, 5)), (1, 2))","(((4, 2), (7, 4), (7, 5)), (1, 2))",16,6.0,22.0,16,4,1,expanded,False,True,364
"(((4, 3), (6, 4), (7, 5)), (6, 3))","(((4, 3), (7, 4), (7, 5)), (1, 2))",17,5.0,22.0,17,2,0,expanded,False,True,365
"(((6, 7), (6, 8), (7, 8)), (6, 3))","(((6, 7), (6, 8), (7, 7)), (6, 3))",10,15,25.0,10,,,pruned,,,366
"(((6, 7), (6, 8), (7, 7)), (6, 3))","(((6, 6), (6, 8), (7, 7)), (6, 3))",9,14.0,23.0,9,1,1,expanded,True,True,367
"(((5, 8), (6, 7), (7, 8)), (6, 3))","(((5, 8), (6, 7), (7, 7)), (6, 3))",11,14,25.0,11,,,pruned,,,368
"(((5, 8), (6, 7), (7, 7)), (6, 3))","(((5, 8), (6, 6), (7, 7)), (6, 3))",10,13.0,23.0,10,2,1,expanded,False,True,369
"(((5, 8), (6, 8), (7, 6)), (6, 3))","(((5, 8), (6, 7), (7, 6)), (6, 3))",10,13.0,23.0,10,2,0,expanded,False,True,370
"(((4, 8), (6, 7), (7, 8)), (6, 3))","(((4, 8), (6, 7), (7, 7)), (6, 3))",12,13,25.0,12,,,pruned,,,371
"(((4, 8), (6, 7), (7, 7)), (6, 3))","(((4, 8), (6, 6), (7, 7)), (6, 3))",11,12.0,23.0,11,2,1,expanded,False,True,372
"(((3, 8), (6, 6), (7, 8)), (3, 9))","(((3, 8), (6, 6), (7, 7)), (6, 3))",12,13,25.0,12,,,pruned,,,373
"(((3, 8), (6, 6), (7, 7)), (6, 3))","(((3, 8), (6, 5), (7, 7)), (3, 9))",11,12.0,23.0,11,2,1,expanded,False,True,374
"(((4, 8), (6, 8), (7, 6)), (6, 3))","(((4, 8), (6, 7), (7, 6)), (6, 3))",11,12.0,23.0,11,3,0,expanded,False,True,375
"(((3, 8), (6, 8), (7, 5)), (6, 3))","(((3, 8), (6, 7), (7, 5)), (3, 9))",11,12.0,23.0,11,3,0,expanded,False,True,376
"(((3, 8), (6, 7), (7, 6)), (6, 3))","(((3, 8), (6, 7), (7, 5)), (3, 9))",11,12.0,23.0,11,2,0,expanded,False,True,377
"(((6, 6), (6, 7), (6, 8)), (6, 3))","(((6, 5), (6, 7), (6, 8)), (6, 3))",11,12.0,23.0,11,1,0,expanded,False,True,378
"(((3, 7), (6, 6), (7, 8)), (3, 8))","(((3, 7), (6, 6), (7, 7)), (6, 3))",13,12,25.0,13,,,pruned,,,379
"(((3, 7), (6, 6), (7, 7)), (6, 3))","(((3, 7), (6, 5), (7, 7)), (3, 8))",12,11.0,23.0,12,2,1,expanded,False,True,380
"(((3, 7), (6, 7), (7, 6)), (6, 3))","(((3, 7), (6, 6), (7, 6)), (6, 3))",12,11.0,23.0,12,2,0,expanded,False,True,381
"(((3, 7), (6, 8), (7, 5)), (6, 3))","(((3, 7), (6, 7), (7, 5)), (3, 8))",12,11.0,23.0,12,3,0,expanded,False,True,382
"(((5, 8), (6, 5), (6, 8)), (6, 3))","(((5, 8), (6, 5), (6, 7)), (6, 3))",12,11.0,23.0,12,2,0,expanded,False,True,383
"(((5, 8), (6, 6), (6, 7)), (6, 3))","(((5, 8), (6, 5), (6, 7)), (6, 3))",12,11.0,23.0,12,1,0,expanded,False,True,384
"(((4, 8), (5, 8), (7, 6)), (6, 3))","(((4, 8), (5, 8), (7, 5)), (6, 3))",12,11.0,23.0,12,2,0,expanded,False,True,385
"(((3, 8), (5, 8), (7, 5)), (6, 3))","(((3, 8), (6, 8), (7, 5)), (6, 3))",12,11.0,23.0,12,3,0,expanded,False,True,386
"(((3, 6), (6, 6), (7, 8)), (1, 2))","(((3, 6), (6, 6), (7, 7)), (6, 3))",14,11,25.0,14,,,pruned,,,387
"(((3, 6), (6, 6), (7, 7)), (6, 3))","(((3, 6), (6, 5), (7, 7)), (1, 2))",13,10.0,23.0,13,2,1,expanded,False,True,388
"(((1, 6), (6, 5), (7, 7)), (1, 2))","(((2, 6), (6, 5), (7, 7)), (1, 2))",14,11,25.0,14,,,pruned,,,389
"(((2, 7), (6, 5), (7, 7)), (1, 2))","(((2, 6), (6, 5), (7, 7)), (1, 2))",14,11,25.0,14,,,pruned,,,390
"(((2, 6), (6, 5), (7, 8)), (1, 2))","(((2, 6), (6, 5), (7, 7)), (1, 2))",14,11,25.0,14,,,pruned,,,391
"(((2, 6), (6, 5), (7, 7)), (1, 2))","(((3, 6), (6, 5), (7, 7)), (1, 2))",13,10.0,23.0,13,8,3,expanded,False,True,392
"(((3, 6), (6, 7), (7, 6)), (6, 3))","(((3, 6), (6, 6), (7, 6)), (6, 3))",13,10.0,23.0,13,2,0,expanded,False,True,393
"(((3, 6), (6, 8), (7, 5)), (6, 3))","(((3, 6), (6, 7), (7, 5)), (1, 2))",13,10.0,23.0,13,3,0,expanded,False,True,394
"(((1, 6), (6, 7), (7, 5)), (1, 2))","(((2, 6), (6, 7), (7, 5)), (1, 2))",14,11,25.0,14,,,pruned,,,395
"(((2, 7), (6, 7), (7, 5)), (1, 2))","(((2, 6), (6, 7), (7, 5)), (1, 2))",14,11,25.0,14,,,pruned,,,396
"(((2, 6), (6, 7), (7, 5)), (1, 2))","(((3, 6), (6, 7), (7, 5)), (1, 2))",13,10.0,23.0,13,8,2,expanded,False,True,397
"(((2, 6), (6, 6), (7, 6)), (6, 3))","(((2, 6), (6, 5), (7, 6)), (6, 3))",13,10.0,23.0,13,2,0,expanded,False,True,398
"(((4, 8), (6, 5), (6, 8)), (6, 3))","(((4, 8), (6, 5), (6, 7)), (5, 8))",13,10.0,23.0,13,3,0,expanded,False,True,399
"(((4, 8), (6, 6), (6, 7)), (5, 8))","(((4, 8), (6, 5), (6, 7)), (5, 8))",13,10.0,23.0,13,1,0,expanded,False,True,400
"(((3, 8), (6, 5), (6, 7)), (3, 9))","(((4, 8), (6, 5), (6, 7)), (5, 8))",13,10.0,23.0,13,5,0,expanded,False,True,401
"(((3, 7), (5, 8), (7, 5)), (6, 3))","(((3, 7), (6, 8), (7, 5)), (6, 3))",13,10.0,23.0,13,3,0,expanded,False,True,402
"(((3, 8), (4, 8), (7, 5)), (5, 8))","(((3, 8), (5, 8), (7, 5)), (6, 3))",13,10.0,23.0,13,2,0,expanded,False,True,403
"(((2, 5), (6, 5), (7, 8)), (1, 2))","(((2, 5), (6, 5), (7, 7)), (1, 2))",15,10,25.0,15,,,pruned,,,404
"(((2, 5), (6, 5), (7, 7)), (1, 2))","(((2, 5), (6, 5), (7, 6)), (6, 3))",14,9.0,23.0,14,6,1,expanded,False,True,405
"(((2, 5), (6, 6), (7, 6)), (6, 3))","(((2, 5), (6, 5), (7, 6)), (6, 3))",14,9.0,23.0,14,2,0,expanded,False,True,406
"(((2, 5), (6, 7), (7, 5)), (1, 2))","(((2, 5), (6, 6), (7, 5)), (6, 3))",14,9.0,23.0,14,6,0,expanded,False,True,407
"(((2, 4), (6, 3), (7, 7)), (1, 2))","(((2, 4), (6, 4), (7, 7)), (1, 2))",15,9,24.0,15,,,pruned,,,408
"(((2, 4), (6, 4), (7, 8)), (1, 2))","(((2, 4), (6, 4), (7, 7)), (1, 2))",15,10,25.0,15,,,pruned,,,409
"(((2, 4), (6, 4), (7, 7)), (1, 2))","(((2, 4), (6, 4), (7, 6)), (1, 2))",14,9.0,23.0,14,6,2,expanded,False,True,410
"(((3, 8), (6, 5), (6, 6)), (3, 9))","(((4, 8), (6, 5), (6, 6)), (5, 8))",14,9.0,23.0,14,1,0,expanded,False,True,411
"(((1, 6), (6, 5), (7, 6)), (1, 2))","(((2, 6), (6, 5), (7, 6)), (1, 2))",15,10,25.0,15,,,pruned,,,412
"(((2, 7), (6, 5), (7, 6)), (1, 2))","(((2, 6), (6, 5), (7, 6)), (1, 2))",15,10,25.0,15,,,pruned,,,413
"(((2, 6), (6, 5), (7, 6)), (1, 2))","(((3, 6), (6, 5), (7, 6)), (1, 2))",14,9.0,23.0,14,6,2,expanded,False,True,414
"(((1, 6), (6, 6), (7, 5)), (1, 2))","(((2, 6), (6, 6), (7, 5)), (1, 2))",15,10,25.0,15,,,pruned,,,415
"(((2, 7), (6, 6), (7, 5)), (1, 2))","(((2, 6), (6, 6), (7, 5)), (1, 2))",15,10,25.0,15,,,pruned,,,416
"(((2, 6), (6, 6), (7, 5)), (1, 2))","(((3, 6), (6, 6), (7, 5)), (1, 2))",14,9.0,23.0,14,6,2,expanded,False,True,417
"(((4, 8), (5, 8), (6, 5)), (6, 3))","(((4, 8), (5, 8), (6, 4)), (6, 3))",14,9.0,23.0,14,2,0,expanded,False,True,418
"(((3, 7), (6, 5), (6, 7)), (3, 8))","(((3, 7), (6, 4), (6, 7)), (3, 8))",14,9.0,23.0,14,5,0,expanded,False,True,419
"(((3, 6), (5, 8), (7, 5)), (6, 3))","(((3, 6), (6, 8), (7, 5)), (6, 3))",14,9.0,23.0,14,3,0,expanded,False,True,420
"(((3, 7), (4, 8), (7, 5)), (5, 8))","(((3, 7), (5, 8), (7, 5)), (6, 3))",14,9.0,23.0,14,3,0,expanded,False,True,421
"(((2, 3), (6, 5), (7, 6)), (6, 3))","(((2, 3), (6, 5), (7, 5)), (6, 3))",15,8.0,23.0,15,2,0,expanded,False,True,422
"(((2, 3), (6, 6), (7, 5)), (6, 3))","(((2, 3), (6, 5), (7, 5)), (6, 3))",15,8.0,23.0,15,2,0,expanded,False,True,423
"(((1, 6), (6, 5), (7, 5)), (1, 2))","(((2, 6), (6, 5), (7, 5)), (1, 2))",16,9,25.0,16,,,pruned,,,424
"(((2, 7), (6, 5), (7, 5)), (1, 2))","(((2, 6), (6, 5), (7, 5)), (1, 2))",16,9,25.0,16,,,pruned,,,425
"(((2, 6), (6, 5), (7, 5)), (1, 2))","(((3, 6), (6, 5), (7, 5)), (1, 2))",15,8.0,23.0,15,6,2,expanded,False,True,426
"(((2, 2), (6, 5), (7, 5)), (6, 3))","(((2, 2), (6, 4), (7, 5)), (6, 3))",15,8.0,23.0,15,2,0,expanded,False,True,427
"(((3, 7), (6, 5), (6, 6)), (3, 8))","(((3, 7), (6, 4), (6, 6)), (3, 8))",15,8.0,23.0,15,1,0,expanded,False,True,428
"(((4, 6), (6, 5), (6, 7)), (1, 2))","(((3, 6), (6, 5), (6, 7)), (1, 2))",16,7,23.0,16,,,pruned,,,429
"(((3, 6), (6, 5), (6, 7)), (1, 2))","(((3, 6), (6, 4), (6, 7)), (1, 2))",15,8.0,23.0,15,6,1,expanded,False,True,430
"(((2, 5), (6, 5), (7, 6)), (1, 2))","(((2, 5), (6, 5), (7, 7)), (1, 2))",15,8.0,23.0,15,4,0,expanded,False,True,431
"(((2, 5), (6, 6), (7, 5)), (1, 2))","(((2, 5), (6, 7), (7, 5)), (1, 2))",15,8.0,23.0,15,4,0,expanded,False,True,432
"(((3, 6), (4, 8), (7, 5)), (5, 8))","(((3, 6), (5, 8), (7, 5)), (6, 3))",15,8.0,23.0,15,3,0,expanded,False,True,433
"(((2, 3), (6, 4), (7, 3)), (1, 2))","(((2, 3), (6, 4), (7, 4)), (1, 2))",17,7,24.0,17,,,pruned,,,434
"(((2, 3), (6, 3), (7, 4)), (1, 2))","(((2, 3), (6, 4), (7, 4)), (1, 2))",17,7,24.0,17,,,pruned,,,435
"(((2, 3), (6, 4), (7, 4)), (1, 2))","(((2, 4), (6, 4), (7, 4)), (1, 2))",16,7.0,23.0,16,4,2,expanded,False,True,436
"(((4, 6), (6, 5), (6, 6)), (1, 2))","(((3, 6), (6, 5), (6, 6)), (1, 2))",17,6,23.0,17,,,pruned,,,437
"(((3, 6), (6, 5), (6, 6)), (1, 2))","(((3, 6), (6, 4), (6, 6)), (1, 2))",16,7.0,23.0,16,2,1,expanded,False,True,438
"(((3, 2), (6, 5), (7, 5)), (6, 3))","(((3, 2), (6, 4), (7, 5)), (6, 3))",16,7.0,23.0,16,2,0,expanded,False,True,439
"(((2, 5), (6, 5), (7, 5)), (1, 2))","(((2, 6), (6, 5), (7, 5)), (1, 2))",16,7.0,23.0,16,4,0,expanded,False,True,440
"(((4, 2), (6, 5), (7, 5)), (6, 3))","(((4, 2), (6, 4), (7, 5)), (6, 3))",17,6.0,23.0,17,2,0,expanded,False,True,441
"(((4, 4), (7, 5), (8, 4)), (1, 2))","(((4, 4), (7, 4), (7, 5)), (1, 2))",18,7,25.0,18,,,pruned,,,442
"(((4, 4), (7, 4), (7, 5)), (1, 2))","(((4, 3), (7, 4), (7, 5)), (1, 2))",17,6.0,23.0,17,4,1,expanded,False,True,443
"(((4, 3), (6, 5), (7, 5)), (6, 3))","(((4, 3), (6, 4), (7, 5)), (6, 3))",18,5.0,23.0,18,2,0,expanded,False,True,444
"(((4, 4), (6, 4), (7, 5)), (6, 3))","(((4, 4), (7, 4), (7, 5)), (1, 2))",18,5.0,23.0,18,2,0,expanded,False,True,445
"(((3, 8), (6, 8), (8, 4)), (6, 3))","(((3, 8), (6, 8), (7, 4)), (6, 3))",13,13,26.0,13,,,pruned,,,446
"(((3, 8), (6, 8), (7, 3)), (6, 3))","(((3, 8), (6, 8), (7, 4)), (6, 3))",13,12,25.0,13,,,pruned,,,447
"(((3, 8), (6, 8), (7, 4)), (6, 3))","(((3, 8), (6, 7), (7, 4)), (3, 9))",12,12.0,24.0,12,5,2,expanded,False,True,448
"(((3, 8), (6, 3), (6, 8)), (6, 4))","(((3, 8), (6, 4), (6, 8)), (6, 3))",14,11,25.0,14,,,pruned,,,449
"(((3, 8), (6, 4), (6, 8)), (6, 3))","(((3, 8), (6, 4), (6, 7)), (3, 9))",13,11.0,24.0,13,3,1,expanded,False,True,450
"(((3, 7), (6, 8), (8, 4)), (6, 3))","(((3, 7), (6, 8), (7, 4)), (6, 3))",14,12,26.0,14,,,pruned,,,451
"(((3, 7), (6, 8), (7, 3)), (6, 3))","(((3, 7), (6, 8), (7, 4)), (6, 3))",14,11,25.0,14,,,pruned,,,452
"(((3, 7), (6, 8), (7, 4)), (6, 3))","(((3, 7), (6, 7), (7, 4)), (3, 8))",13,11.0,24.0,13,5,2,expanded,False,True,453
"(((3, 8), (5, 8), (8, 4)), (6, 3))","(((3, 8), (5, 8), (7, 4)), (6, 3))",14,12,26.0,14,,,pruned,,,454
"(((3, 8), (5, 8), (7, 3)), (6, 3))","(((3, 8), (5, 8), (7, 4)), (6, 3))",14,11,25.0,14,,,pruned,,,455
"(((3, 8), (5, 8), (7, 4)), (6, 3))","(((3, 8), (5, 8), (7, 5)), (6, 3))",13,11.0,24.0,13,5,2,expanded,False,True,456
"(((3, 6), (6, 8), (8, 4)), (6, 3))","(((3, 6), (6, 8), (7, 4)), (6, 3))",15,11,26.0,15,,,pruned,,,457
"(((3, 6), (6, 8), (7, 3)), (6, 3))","(((3, 6), (6, 8), (7, 4)), (6, 3))",15,10,25.0,15,,,pruned,,,458
"(((3, 6), (6, 8), (7, 4)), (6, 3))","(((3, 6), (6, 7), (7, 4)), (1, 2))",14,10.0,24.0,14,5,2,expanded,False,True,459
"(((1, 6), (6, 7), (7, 4)), (1, 2))","(((2, 6), (6, 7), (7, 4)), (1, 2))",15,11,26.0,15,,,pruned,,,460
"(((2, 7), (6, 7), (7, 4)), (1, 2))","(((2, 6), (6, 7), (7, 4)), (1, 2))",15,11,26.0,15,,,pruned,,,461
"(((2, 6), (6, 7), (8, 4)), (1, 2))","(((2, 6), (6, 7), (7, 4)), (1, 2))",15,11,26.0,15,,,pruned,,,462
"(((2, 6), (6, 7), (7, 3)), (1, 2))","(((2, 6), (6, 7), (7, 4)), (1, 2))",15,10,25.0,15,,,pruned,,,463
"(((2, 6), (6, 7), (7, 4)), (1, 2))","(((3, 6), (6, 7), (7, 4)), (1, 2))",14,10.0,24.0,14,10,4,expanded,False,True,464
"(((3, 7), (6, 3), (6, 8)), (6, 4))","(((3, 7), (6, 4), (6, 8)), (6, 3))",15,10,25.0,15,,,pruned,,,465
"(((3, 7), (6, 4), (6, 8)), (6, 3))","(((3, 7), (6, 4), (6, 7)), (3, 8))",14,10.0,24.0,14,3,1,expanded,False,True,466
"(((3, 7), (5, 8), (8, 4)), (6, 3))","(((3, 7), (5, 8), (7, 4)), (6, 3))",15,11,26.0,15,,,pruned,,,467
"(((3, 7), (5, 8), (7, 3)), (6, 3))","(((3, 7), (5, 8), (7, 4)), (6, 3))",15,10,25.0,15,,,pruned,,,468
"(((3, 7), (5, 8), (7, 4)), (6, 3))","(((3, 7), (5, 8), (7, 5)), (6, 3))",14,10.0,24.0,14,5,2,expanded,False,True,469
"(((3, 8), (4, 8), (8, 4)), (5, 8))","(((3, 8), (4, 8), (7, 4)), (5, 8))",15,11,26.0,15,,,pruned,,,470
"(((3, 8), (4, 8), (7, 3)), (5, 8))","(((3, 8), (4, 8), (7, 4)), (5, 8))",15,10,25.0,15,,,pruned,,,471
"(((3, 8), (4, 8), (7, 4)), (5, 8))","(((3, 8), (4, 8), (7, 5)), (5, 8))",14,10.0,24.0,14,4,2,expanded,False,True,472
"(((3, 8), (5, 8), (6, 3)), (6, 4))","(((3, 8), (5, 8), (6, 4)), (6, 3))",15,10,25.0,15,,,pruned,,,473
"(((3, 8), (5, 8), (6, 4)), (6, 3))","(((3, 8), (6, 4), (6, 8)), (6, 3))",14,10.0,24.0,14,3,1,expanded,False,True,474
"(((2, 4), (6, 5), (7, 8)), (1, 2))","(((2, 4), (6, 5), (7, 7)), (1, 2))",16,10,26.0,16,,,pruned,,,475
"(((2, 4), (6, 5), (7, 7)), (1, 2))","(((2, 4), (6, 5), (7, 6)), (6, 3))",15,9.0,24.0,15,6,1,expanded,False,True,476
"(((2, 4), (6, 6), (7, 6)), (6, 3))","(((2, 4), (6, 5), (7, 6)), (6, 3))",15,9.0,24.0,15,2,0,expanded,False,True,477
"(((2, 4), (6, 7), (7, 5)), (1, 2))","(((2, 4), (6, 6), (7, 5)), (6, 3))",15,9.0,24.0,15,6,0,expanded,False,True,478
"(((2, 2), (6, 3), (7, 6)), (1, 2))","(((2, 2), (6, 4), (7, 6)), (1, 2))",16,9,25.0,16,,,pruned,,,479
"(((1, 2), (6, 4), (7, 6)), (1, 3))","(((2, 2), (6, 4), (7, 6)), (1, 2))",16,10,26.0,16,,,pruned,,,480
"(((2, 1), (6, 4), (7, 6)), (1, 2))","(((2, 2), (6, 4), (7, 6)), (1, 2))",16,10,26.0,16,,,pruned,,,481
"(((2, 2), (6, 4), (7, 6)), (1, 2))","(((2, 3), (6, 4), (7, 6)), (1, 2))",15,9.0,24.0,15,8,3,expanded,False,True,482
"(((2, 3), (6, 3), (7, 7)), (1, 2))","(((2, 3), (6, 4), (7, 7)), (1, 2))",16,9,25.0,16,,,pruned,,,483
"(((2, 3), (6, 4), (7, 8)), (1, 2))","(((2, 3), (6, 4), (7, 7)), (1, 2))",16,10,26.0,16,,,pruned,,,484
"(((2, 3), (6, 4), (7, 7)), (1, 2))","(((2, 3), (6, 4), (7, 6)), (1, 2))",15,9.0,24.0,15,6,2,expanded,False,True,485
"(((2, 6), (6, 6), (8, 4)), (1, 2))","(((2, 6), (6, 6), (7, 4)), (1, 2))",16,10,26.0,16,,,pruned,,,486
"(((2, 6), (6, 6), (7, 3)), (1, 2))","(((2, 6), (6, 6), (7, 4)), (1, 2))",16,9,25.0,16,,,pruned,,,487
"(((1, 6), (6, 6), (7, 4)), (1, 2))","(((2, 6), (6, 6), (7, 4)), (1, 2))",16,10,26.0,16,,,pruned,,,488
"(((2, 7), (6, 6), (7, 4)), (1, 2))","(((2, 6), (6, 6), (7, 4)), (1, 2))",16,10,26.0,16,,,pruned,,,489
"(((2, 6), (6, 6), (7, 4)), (1, 2))","(((3, 6), (6, 6), (7, 4)), (1, 2))",15,9.0,24.0,15,10,4,expanded,False,True,490
"(((3, 6), (6, 3), (6, 8)), (6, 4))","(((3, 6), (6, 4), (6, 8)), (6, 3))",16,9,25.0,16,,,pruned,,,491
"(((3, 6), (6, 4), (6, 8)), (6, 3))","(((3, 6), (6, 4), (6, 7)), (1, 2))",15,9.0,24.0,15,3,1,expanded,False,True,492
"(((1, 6), (6, 4), (6, 7)), (1, 2))","(((2, 6), (6, 4), (6, 7)), (1, 2))",16,10,26.0,16,,,pruned,,,493
"(((2, 7), (6, 4), (6, 7)), (1, 2))","(((2, 6), (6, 4), (6, 7)), (1, 2))",16,10,26.0,16,,,pruned,,,494
"(((2, 6), (6, 3), (6, 7)), (1, 2))","(((2, 6), (6, 4), (6, 7)), (1, 2))",16,9,25.0,16,,,pruned,,,495
"(((2, 6), (6, 4), (6, 7)), (1, 2))","(((3, 6), (6, 4), (6, 7)), (1, 2))",15,9.0,24.0,15,8,3,expanded,False,True,496
"(((2, 5), (6, 7), (8, 4)), (1, 2))","(((2, 5), (6, 7), (7, 4)), (1, 2))",16,10,26.0,16,,,pruned,,,497
"(((2, 5), (6, 7), (7, 3)), (1, 2))","(((2, 5), (6, 7), (7, 4)), (1, 2))",16,9,25.0,16,,,pruned,,,498
"(((2, 5), (6, 7), (7, 4)), (1, 2))","(((2, 5), (6, 7), (7, 5)), (1, 2))",15,9.0,24.0,15,8,2,expanded,False,True,499
"(((3, 6), (5, 8), (8, 4)), (6, 3))","(((3, 6), (5, 8), (7, 4)), (6, 3))",16,10,26.0,16,,,pruned,,,500
"(((3, 6), (5, 8), (7, 3)), (6, 3))","(((3, 6), (5, 8), (7, 4)), (6, 3))",16,9,25.0,16,,,pruned,,,501
"(((3, 6), (5, 8), (7, 4)), (6, 3))","(((3, 6), (5, 8), (7, 5)), (6, 3))",15,9.0,24.0,15,5,2,expanded,False,True,502
"(((3, 7), (4, 8), (8, 4)), (5, 8))","(((3, 7), (4, 8), (7, 4)), (5, 8))",16,10,26.0,16,,,pruned,,,503
"(((3, 7), (4, 8), (7, 3)), (5, 8))","(((3, 7), (4, 8), (7, 4)), (5, 8))",16,9,25.0,16,,,pruned,,,504
"(((3, 7), (4, 8), (7, 4)), (5, 8))","(((3, 7), (4, 8), (7, 5)), (5, 8))",15,9.0,24.0,15,5,2,expanded,False,True,505
"(((3, 7), (5, 8), (6, 3)), (6, 4))","(((3, 7), (5, 8), (6, 4)), (6, 3))",16,9,25.0,16,,,pruned,,,506
"(((3, 7), (5, 8), (6, 4)), (6, 3))","(((3, 7), (6, 4), (6, 8)), (6, 3))",15,9.0,24.0,15,3,1,expanded,False,True,507
"(((3, 8), (4, 8), (6, 3)), (5, 8))","(((3, 8), (4, 8), (6, 4)), (5, 8))",16,9,25.0,16,,,pruned,,,508
"(((3, 8), (4, 8), (6, 4)), (5, 8))","(((3, 8), (4, 8), (7, 4)), (5, 8))",15,9.0,24.0,15,2,1,expanded,False,True,509
"(((2, 2), (6, 3), (7, 5)), (1, 2))","(((2, 2), (6, 4), (7, 5)), (1, 2))",17,8,25.0,17,,,pruned,,,510
"(((1, 2), (6, 4), (7, 5)), (1, 3))","(((2, 2), (6, 4), (7, 5)), (1, 2))",17,9,26.0,17,,,pruned,,,511
"(((2, 1), (6, 4), (7, 5)), (1, 2))","(((2, 2), (6, 4), (7, 5)), (1, 2))",17,9,26.0,17,,,pruned,,,512
"(((2, 2), (6, 4), (7, 5)), (1, 2))","(((2, 3), (6, 4), (7, 5)), (1, 2))",16,8.0,24.0,16,6,3,expanded,False,True,513
"(((2, 6), (6, 5), (7, 3)), (1, 2))","(((2, 6), (6, 5), (7, 4)), (1, 2))",17,8,25.0,17,,,pruned,,,514
"(((1, 6), (6, 5), (7, 4)), (1, 2))","(((2, 6), (6, 5), (7, 4)), (1, 2))",17,9,26.0,17,,,pruned,,,515
"(((2, 7), (6, 5), (7, 4)), (1, 2))","(((2, 6), (6, 5), (7, 4)), (1, 2))",17,9,26.0,17,,,pruned,,,516
"(((2, 6), (6, 5), (7, 4)), (1, 2))","(((3, 6), (6, 5), (7, 4)), (1, 2))",16,8.0,24.0,16,6,3,expanded,False,True,517
"(((1, 6), (6, 4), (6, 6)), (1, 2))","(((2, 6), (6, 4), (6, 6)), (1, 2))",17,9,26.0,17,,,pruned,,,518
"(((2, 7), (6, 4), (6, 6)), (1, 2))","(((2, 6), (6, 4), (6, 6)), (1, 2))",17,9,26.0,17,,,pruned,,,519
"(((2, 6), (6, 3), (6, 6)), (1, 2))","(((2, 6), (6, 4), (6, 6)), (1, 2))",17,8,25.0,17,,,pruned,,,520
"(((2, 6), (6, 4), (6, 6)), (1, 2))","(((3, 6), (6, 4), (6, 6)), (1, 2))",16,8.0,24.0,16,8,3,expanded,False,True,521
"(((3, 2), (6, 3), (7, 6)), (1, 2))","(((3, 2), (6, 4), (7, 6)), (1, 2))",17,8,25.0,17,,,pruned,,,522
"(((3, 2), (6, 4), (7, 6)), (1, 2))","(((3, 2), (6, 4), (7, 5)), (6, 3))",16,8.0,24.0,16,6,1,expanded,False,True,523
"(((2, 4), (6, 5), (7, 6)), (1, 2))","(((2, 5), (6, 5), (7, 6)), (1, 2))",16,8.0,24.0,16,4,0,expanded,False,True,524
"(((2, 5), (6, 6), (8, 4)), (1, 2))","(((2, 5), (6, 6), (7, 4)), (1, 2))",17,9,26.0,17,,,pruned,,,525
"(((2, 5), (6, 6), (7, 3)), (1, 2))","(((2, 5), (6, 6), (7, 4)), (1, 2))",17,8,25.0,17,,,pruned,,,526
"(((2, 5), (6, 6), (7, 4)), (1, 2))","(((2, 5), (6, 6), (7, 5)), (1, 2))",16,8.0,24.0,16,8,2,expanded,False,True,527
"(((2, 4), (6, 6), (7, 5)), (1, 2))","(((2, 5), (6, 6), (7, 5)), (1, 2))",16,8.0,24.0,16,4,0,expanded,False,True,528
"(((3, 6), (4, 8), (8, 4)), (5, 8))","(((3, 6), (4, 8), (7, 4)), (5, 8))",17,9,26.0,17,,,pruned,,,529
"(((3, 6), (4, 8), (7, 3)), (5, 8))","(((3, 6), (4, 8), (7, 4)), (5, 8))",17,8,25.0,17,,,pruned,,,530
"(((3, 6), (4, 8), (7, 4)), (5, 8))","(((3, 6), (4, 8), (7, 5)), (5, 8))",16,8.0,24.0,16,5,2,expanded,False,True,531
"(((3, 6), (5, 8), (6, 3)), (6, 4))","(((3, 6), (5, 8), (6, 4)), (6, 3))",17,8,25.0,17,,,pruned,,,532
"(((3, 6), (5, 8), (6, 4)), (6, 3))","(((3, 6), (6, 4), (6, 8)), (6, 3))",16,8.0,24.0,16,3,1,expanded,False,True,533
"(((2, 5), (6, 3), (6, 7)), (1, 2))","(((2, 5), (6, 4), (6, 7)), (1, 2))",17,8,25.0,17,,,pruned,,,534
"(((2, 5), (6, 4), (6, 7)), (1, 2))","(((2, 6), (6, 4), (6, 7)), (1, 2))",16,8.0,24.0,16,6,1,expanded,False,True,535
"(((3, 7), (4, 8), (6, 3)), (5, 8))","(((3, 7), (4, 8), (6, 4)), (5, 8))",17,8,25.0,17,,,pruned,,,536
"(((3, 7), (4, 8), (6, 4)), (5, 8))","(((3, 7), (4, 8), (7, 4)), (5, 8))",16,8.0,24.0,16,3,1,expanded,False,True,537
"(((1, 6), (6, 4), (6, 5)), (1, 2))","(((2, 6), (6, 4), (6, 5)), (1, 2))",18,8,26.0,18,,,pruned,,,538
"(((2, 7), (6, 4), (6, 5)), (1, 2))","(((2, 6), (6, 4), (6, 5)), (1, 2))",18,8,26.0,18,,,pruned,,,539
"(((2, 6), (6, 4), (6, 5)), (1, 2))","(((3, 6), (6, 4), (6, 5)), (1, 2))",17,7.0,24.0,17,4,2,expanded,False,True,540
"(((4, 2), (6, 3), (7, 6)), (1, 2))","(((4, 2), (6, 4), (7, 6)), (1, 2))",18,7,25.0,18,,,pruned,,,541
"(((4, 1), (6, 4), (7, 6)), (1, 2))","(((4, 2), (6, 4), (7, 6)), (1, 2))",18,8,26.0,18,,,pruned,,,542
"(((4, 2), (6, 4), (7, 6)), (1, 2))","(((4, 2), (6, 4), (7, 5)), (6, 3))",17,7.0,24.0,17,6,2,expanded,False,True,543
"(((2, 5), (6, 5), (7, 3)), (1, 2))","(((2, 5), (6, 5), (7, 4)), (1, 2))",18,7,25.0,18,,,pruned,,,544
"(((2, 5), (6, 5), (7, 4)), (1, 2))","(((2, 5), (6, 5), (7, 5)), (1, 2))",17,7.0,24.0,17,4,1,expanded,False,True,545
"(((2, 4), (6, 5), (7, 5)), (1, 2))","(((2, 5), (6, 5), (7, 5)), (1, 2))",17,7.0,24.0,17,4,0,expanded,False,True,546
"(((3, 2), (6, 3), (7, 5)), (1, 2))","(((3, 2), (6, 4), (7, 5)), (1, 2))",18,7,25.0,18,,,pruned,,,547
"(((3, 2), (6, 4), (7, 5)), (1, 2))","(((2, 2), (6, 4), (7, 5)), (1, 2))",17,7.0,24.0,17,4,1,expanded,False,True,548
"(((2, 5), (6, 3), (6, 6)), (1, 2))","(((2, 5), (6, 4), (6, 6)), (1, 2))",18,7,25.0,18,,,pruned,,,549
"(((2, 5), (6, 4), (6, 6)), (1, 2))","(((2, 6), (6, 4), (6, 6)), (1, 2))",17,7.0,24.0,17,6,1,expanded,False,True,550
"(((3, 6), (4, 8), (6, 3)), (5, 8))","(((3, 6), (4, 8), (6, 4)), (5, 8))",18,7,25.0,18,,,pruned,,,551
"(((3, 6), (4, 8), (6, 4)), (5, 8))","(((3, 6), (4, 8), (7, 4)), (5, 8))",17,7.0,24.0,17,3,1,expanded,False,True,552
"(((4, 3), (6, 3), (7, 6)), (1, 2))","(((4, 3), (6, 4), (7, 6)), (1, 2))",19,6,25.0,19,,,pruned,,,553
"(((4, 3), (6, 4), (7, 6)), (1, 2))","(((4, 3), (6, 4), (7, 5)), (6, 3))",18,6.0,24.0,18,6,1,expanded,False,True,554
"(((4, 6), (7, 4), (7, 5)), (1, 2))","(((4, 5), (7, 4), (7, 5)), (1, 2))",19,7,26.0,19,,,pruned,,,555
"(((4, 5), (7, 5), (8, 4)), (1, 2))","(((4, 5), (7, 4), (7, 5)), (1, 2))",19,7,26.0,19,,,pruned,,,556
"(((4, 5), (7, 4), (7, 5)), (1, 2))","(((4, 4), (7, 4), (7, 5)), (1, 2))",18,6.0,24.0,18,4,2,expanded,False,True,557
"(((2, 5), (6, 4), (6, 5)), (1, 2))","(((2, 6), (6, 4), (6, 5)), (1, 2))",18,6.0,24.0,18,2,0,expanded,False,True,558
"(((4, 2), (6, 3), (7, 5)), (1, 2))","(((4, 2), (6, 4), (7, 5)), (1, 2))",19,6,25.0,19,,,pruned,,,559
"(((4, 1), (6, 4), (7, 5)), (1, 2))","(((4, 2), (6, 4), (7, 5)), (1, 2))",19,7,26.0,19,,,pruned,,,560
"(((4, 2), (6, 4), (7, 5)), (1, 2))","(((4, 2), (6, 4), (7, 6)), (1, 2))",18,6.0,24.0,18,4,2,expanded,False,True,561
"(((4, 4), (6, 5), (7, 5)), (6, 3))","(((4, 4), (6, 4), (7, 5)), (6, 3))",19,5.0,24.0,19,2,0,expanded,False,True,562
"(((4, 3), (6, 3), (7, 5)), (1, 2))","(((4, 3), (6, 4), (7, 5)), (1, 2))",20,5,25.0,20,,,pruned,,,563
"(((4, 3), (6, 4), (7, 5)), (1, 2))","(((4, 3), (6, 4), (7, 6)), (1, 2))",19,5.0,24.0,19,4,1,expanded,False,True,564
"(((4, 5), (6, 4), (7, 5)), (6, 3))","(((4, 5), (7, 4), (7, 5)), (1, 2))",19,5.0,24.0,19,2,0,expanded,False,True,565
"(((5, 8), (6, 8), (7, 8)), (6, 3))","(((5, 8), (6, 8), (7, 7)), (6, 3))",12,15,27.0,12,,,pruned,,,566
"(((5, 8), (6, 8), (7, 7)), (6, 3))","(((5, 8), (6, 7), (7, 7)), (6, 3))",11,14.0,25.0,11,1,1,expanded,True,True,567
"(((4, 8), (6, 8), (7, 8)), (6, 3))","(((4, 8), (6, 8), (7, 7)), (6, 3))",13,14,27.0,13,,,pruned,,,568
"(((4, 8), (6, 8), (7, 7)), (6, 3))","(((4, 8), (6, 7), (7, 7)), (6, 3))",12,13.0,25.0,12,1,1,expanded,True,True,569
"(((3, 8), (6, 7), (7, 8)), (6, 3))","(((3, 8), (6, 7), (7, 7)), (6, 3))",13,14,27.0,13,,,pruned,,,570
"(((3, 8), (6, 7), (7, 7)), (6, 3))","(((3, 8), (6, 6), (7, 7)), (6, 3))",12,13.0,25.0,12,2,1,expanded,False,True,571
"(((3, 8), (6, 8), (7, 6)), (6, 3))","(((3, 8), (6, 8), (7, 5)), (6, 3))",12,13.0,25.0,12,3,0,expanded,False,True,572
"(((3, 7), (6, 7), (7, 8)), (6, 3))","(((3, 7), (6, 7), (7, 7)), (6, 3))",14,13,27.0,14,,,pruned,,,573
"(((3, 7), (6, 7), (7, 7)), (6, 3))","(((3, 7), (6, 6), (7, 7)), (6, 3))",13,12.0,25.0,13,2,1,expanded,False,True,574
"(((3, 7), (6, 8), (7, 6)), (6, 3))","(((3, 7), (6, 7), (7, 6)), (6, 3))",13,12.0,25.0,13,3,0,expanded,False,True,575
"(((5, 8), (6, 6), (6, 8)), (6, 3))","(((5, 8), (6, 5), (6, 8)), (6, 3))",13,12.0,25.0,13,2,0,expanded,False,True,576
"(((4, 8), (5, 8), (7, 8)), (6, 3))","(((4, 8), (5, 8), (7, 7)), (6, 3))",14,13,27.0,14,,,pruned,,,577
"(((4, 8), (5, 8), (7, 7)), (6, 3))","(((4, 8), (5, 8), (7, 6)), (6, 3))",13,12.0,25.0,13,2,1,expanded,False,True,578
"(((3, 8), (5, 8), (7, 6)), (6, 3))","(((3, 8), (5, 8), (7, 5)), (6, 3))",13,12.0,25.0,13,3,0,expanded,False,True,579
"(((3, 6), (6, 7), (7, 8)), (6, 3))","(((3, 6), (6, 7), (7, 7)), (6, 3))",15,12,27.0,15,,,pruned,,,580
"(((3, 6), (6, 7), (7, 7)), (6, 3))","(((3, 6), (6, 6), (7, 7)), (6, 3))",14,11.0,25.0,14,2,1,expanded,False,True,581
"(((2, 6), (6, 6), (7, 8)), (1, 2))","(((2, 6), (6, 6), (7, 7)), (6, 3))",15,12,27.0,15,,,pruned,,,582
"(((2, 6), (6, 6), (7, 7)), (6, 3))","(((2, 6), (6, 5), (7, 7)), (1, 2))",14,11.0,25.0,14,2,1,expanded,False,True,583
"(((3, 6), (6, 8), (7, 6)), (6, 3))","(((3, 6), (6, 7), (7, 6)), (6, 3))",14,11.0,25.0,14,3,0,expanded,False,True,584
"(((2, 6), (6, 8), (7, 5)), (6, 3))","(((2, 6), (6, 7), (7, 5)), (1, 2))",14,11.0,25.0,14,3,0,expanded,False,True,585
"(((2, 6), (6, 7), (7, 6)), (6, 3))","(((2, 6), (6, 7), (7, 5)), (1, 2))",14,11.0,25.0,14,2,0,expanded,False,True,586
"(((4, 8), (6, 6), (6, 8)), (6, 3))","(((4, 8), (6, 5), (6, 8)), (6, 3))",14,11.0,25.0,14,3,0,expanded,False,True,587
"(((3, 8), (6, 6), (6, 7)), (3, 9))","(((4, 8), (6, 6), (6, 7)), (5, 8))",14,11.0,25.0,14,1,0,expanded,False,True,588
"(((3, 8), (6, 5), (6, 8)), (6, 3))","(((3, 8), (6, 5), (6, 7)), (3, 9))",14,11.0,25.0,14,3,0,expanded,False,True,589
"(((3, 7), (5, 8), (7, 6)), (6, 3))","(((3, 7), (5, 8), (7, 5)), (6, 3))",14,11.0,25.0,14,3,0,expanded,False,True,590
"(((3, 8), (4, 8), (7, 6)), (5, 8))","(((3, 8), (4, 8), (7, 5)), (5, 8))",14,11.0,25.0,14,2,0,expanded,False,True,591
"(((2, 5), (6, 6), (7, 8)), (1, 2))","(((2, 5), (6, 6), (7, 7)), (6, 3))",16,11,27.0,16,,,pruned,,,592
"(((2, 5), (6, 6), (7, 7)), (6, 3))","(((2, 5), (6, 5), (7, 7)), (1, 2))",15,10.0,25.0,15,2,1,expanded,False,True,593
"(((2, 5), (6, 7), (7, 6)), (6, 3))","(((2, 5), (6, 6), (7, 6)), (6, 3))",15,10.0,25.0,15,2,0,expanded,False,True,594
"(((2, 5), (6, 8), (7, 5)), (6, 3))","(((2, 5), (6, 7), (7, 5)), (1, 2))",15,10.0,25.0,15,3,0,expanded,False,True,595
"(((4, 8), (5, 8), (6, 6)), (6, 3))","(((4, 8), (5, 8), (6, 5)), (6, 3))",15,10.0,25.0,15,2,0,expanded,False,True,596
"(((3, 7), (6, 5), (6, 8)), (6, 3))","(((3, 7), (6, 5), (6, 7)), (3, 8))",15,10.0,25.0,15,3,0,expanded,False,True,597
"(((3, 7), (6, 6), (6, 7)), (3, 8))","(((3, 7), (6, 5), (6, 7)), (3, 8))",15,10.0,25.0,15,1,0,expanded,False,True,598
"(((3, 6), (5, 8), (7, 6)), (6, 3))","(((3, 6), (5, 8), (7, 5)), (6, 3))",15,10.0,25.0,15,3,0,expanded,False,True,599
"(((3, 7), (4, 8), (7, 6)), (5, 8))","(((3, 7), (4, 8), (7, 5)), (5, 8))",15,10.0,25.0,15,3,0,expanded,False,True,600
"(((3, 7), (3, 8), (7, 5)), (3, 9))","(((3, 7), (4, 8), (7, 5)), (5, 8))",15,10.0,25.0,15,2,0,expanded,False,True,601
"(((3, 8), (5, 8), (6, 5)), (6, 3))","(((3, 8), (5, 8), (6, 4)), (6, 3))",15,10.0,25.0,15,3,0,expanded,False,True,602
"(((2, 6), (5, 8), (7, 5)), (6, 3))","(((2, 6), (6, 8), (7, 5)), (6, 3))",15,10.0,25.0,15,3,0,expanded,False,True,603
"(((2, 3), (6, 5), (7, 8)), (1, 2))","(((2, 3), (6, 5), (7, 7)), (1, 2))",17,10,27.0,17,,,pruned,,,604
"(((2, 3), (6, 5), (7, 7)), (1, 2))","(((2, 3), (6, 5), (7, 6)), (6, 3))",16,9.0,25.0,16,6,1,expanded,False,True,605
"(((2, 3), (6, 6), (7, 6)), (6, 3))","(((2, 3), (6, 5), (7, 6)), (6, 3))",16,9.0,25.0,16,2,0,expanded,False,True,606
"(((2, 3), (6, 7), (7, 5)), (1, 2))","(((2, 3), (6, 6), (7, 5)), (6, 3))",16,9.0,25.0,16,6,0,expanded,False,True,607
"(((2, 2), (6, 5), (7, 6)), (6, 3))","(((2, 2), (6, 5), (7, 5)), (6, 3))",16,9.0,25.0,16,2,0,expanded,False,True,608
"(((2, 2), (6, 6), (7, 5)), (6, 3))","(((2, 2), (6, 5), (7, 5)), (6, 3))",16,9.0,25.0,16,2,0,expanded,False,True,609
"(((3, 6), (6, 5), (6, 8)), (6, 3))","(((3, 6), (6, 5), (6, 7)), (1, 2))",16,9.0,25.0,16,3,0,expanded,False,True,610
"(((4, 6), (6, 6), (6, 7)), (1, 2))","(((3, 6), (6, 6), (6, 7)), (1, 2))",17,8,25.0,17,,,pruned,,,611
"(((3, 6), (6, 6), (6, 7)), (1, 2))","(((3, 6), (6, 5), (6, 7)), (1, 2))",16,9.0,25.0,16,2,1,expanded,False,True,612
"(((1, 6), (6, 5), (6, 7)), (1, 2))","(((2, 6), (6, 5), (6, 7)), (1, 2))",17,10,27.0,17,,,pruned,,,613
"(((2, 7), (6, 5), (6, 7)), (1, 2))","(((2, 6), (6, 5), (6, 7)), (1, 2))",17,10,27.0,17,,,pruned,,,614
"(((2, 6), (6, 5), (6, 7)), (1, 2))","(((3, 6), (6, 5), (6, 7)), (1, 2))",16,9.0,25.0,16,8,2,expanded,False,True,615
"(((3, 6), (4, 8), (7, 6)), (5, 8))","(((3, 6), (4, 8), (7, 5)), (5, 8))",16,9.0,25.0,16,3,0,expanded,False,True,616
"(((3, 6), (3, 8), (7, 5)), (3, 9))","(((3, 6), (4, 8), (7, 5)), (5, 8))",16,9.0,25.0,16,3,0,expanded,False,True,617
"(((2, 4), (6, 7), (8, 4)), (1, 2))","(((2, 4), (6, 7), (7, 4)), (1, 2))",17,10,27.0,17,,,pruned,,,618
"(((2, 4), (6, 7), (7, 3)), (1, 2))","(((2, 4), (6, 7), (7, 4)), (1, 2))",17,9,26.0,17,,,pruned,,,619
"(((2, 4), (6, 7), (7, 4)), (1, 2))","(((2, 4), (6, 7), (7, 5)), (1, 2))",16,9.0,25.0,16,8,2,expanded,False,True,620
"(((3, 7), (5, 8), (6, 5)), (6, 3))","(((3, 7), (5, 8), (6, 4)), (6, 3))",16,9.0,25.0,16,3,0,expanded,False,True,621
"(((3, 8), (4, 8), (6, 5)), (5, 8))","(((3, 8), (4, 8), (6, 4)), (5, 8))",16,9.0,25.0,16,2,0,expanded,False,True,622
"(((2, 5), (5, 8), (7, 5)), (6, 3))","(((2, 5), (6, 8), (7, 5)), (6, 3))",16,9.0,25.0,16,3,0,expanded,False,True,623
"(((2, 6), (4, 8), (7, 5)), (5, 8))","(((2, 6), (5, 8), (7, 5)), (6, 3))",16,9.0,25.0,16,3,0,expanded,False,True,624
"(((2, 2), (6, 4), (7, 3)), (1, 2))","(((2, 2), (6, 4), (7, 4)), (1, 2))",18,8,26.0,18,,,pruned,,,625
"(((2, 2), (6, 3), (7, 4)), (1, 2))","(((2, 2), (6, 4), (7, 4)), (1, 2))",18,8,26.0,18,,,pruned,,,626
"(((1, 2), (6, 4), (7, 4)), (1, 3))","(((2, 2), (6, 4), (7, 4)), (1, 2))",18,9,27.0,18,,,pruned,,,627
"(((2, 1), (6, 4), (7, 4)), (1, 2))","(((2, 2), (6, 4), (7, 4)), (1, 2))",18,9,27.0,18,,,pruned,,,628
"(((2, 2), (6, 4), (7, 4)), (1, 2))","(((2, 3), (6, 4), (7, 4)), (1, 2))",17,8.0,25.0,17,6,4,expanded,False,True,629
"(((1, 6), (6, 5), (6, 6)), (1, 2))","(((2, 6), (6, 5), (6, 6)), (1, 2))",18,9,27.0,18,,,pruned,,,630
"(((2, 7), (6, 5), (6, 6)), (1, 2))","(((2, 6), (6, 5), (6, 6)), (1, 2))",18,9,27.0,18,,,pruned,,,631
"(((2, 6), (6, 5), (6, 6)), (1, 2))","(((3, 6), (6, 5), (6, 6)), (1, 2))",17,8.0,25.0,17,4,2,expanded,False,True,632
"(((3, 2), (6, 5), (7, 6)), (6, 3))","(((3, 2), (6, 5), (7, 5)), (6, 3))",17,8.0,25.0,17,2,0,expanded,False,True,633
"(((3, 2), (6, 6), (7, 5)), (6, 3))","(((3, 2), (6, 5), (7, 5)), (6, 3))",17,8.0,25.0,17,2,0,expanded,False,True,634
"(((2, 3), (6, 5), (7, 6)), (1, 2))","(((2, 4), (6, 5), (7, 6)), (1, 2))",17,8.0,25.0,17,4,0,expanded,False,True,635
"(((2, 4), (6, 6), (8, 4)), (1, 2))","(((2, 4), (6, 6), (7, 4)), (1, 2))",18,9,27.0,18,,,pruned,,,636
"(((2, 4), (6, 6), (7, 3)), (1, 2))","(((2, 4), (6, 6), (7, 4)), (1, 2))",18,8,26.0,18,,,pruned,,,637
"(((2, 4), (6, 6), (7, 4)), (1, 2))","(((2, 5), (6, 6), (7, 4)), (1, 2))",17,8.0,25.0,17,8,2,expanded,False,True,638
"(((2, 3), (6, 6), (7, 5)), (1, 2))","(((2, 4), (6, 6), (7, 5)), (1, 2))",17,8.0,25.0,17,4,0,expanded,False,True,639
"(((3, 6), (5, 8), (6, 5)), (6, 3))","(((3, 6), (5, 8), (6, 4)), (6, 3))",17,8.0,25.0,17,3,0,expanded,False,True,640
"(((2, 4), (6, 3), (6, 7)), (1, 2))","(((2, 4), (6, 4), (6, 7)), (1, 2))",18,8,26.0,18,,,pruned,,,641
"(((2, 4), (6, 4), (6, 7)), (1, 2))","(((2, 5), (6, 4), (6, 7)), (1, 2))",17,8.0,25.0,17,6,1,expanded,False,True,642
"(((2, 5), (6, 5), (6, 7)), (1, 2))","(((2, 5), (6, 4), (6, 7)), (1, 2))",17,8.0,25.0,17,6,0,expanded,False,True,643
"(((3, 7), (4, 8), (6, 5)), (5, 8))","(((3, 7), (4, 8), (6, 4)), (5, 8))",17,8.0,25.0,17,3,0,expanded,False,True,644
"(((3, 6), (3, 7), (7, 5)), (3, 8))","(((3, 6), (3, 8), (7, 5)), (3, 9))",17,8.0,25.0,17,2,0,expanded,False,True,645
"(((2, 5), (4, 8), (7, 5)), (5, 8))","(((2, 5), (5, 8), (7, 5)), (6, 3))",17,8.0,25.0,17,3,0,expanded,False,True,646
"(((4, 2), (6, 5), (7, 6)), (6, 3))","(((4, 2), (6, 5), (7, 5)), (6, 3))",18,7.0,25.0,18,2,0,expanded,False,True,647
"(((4, 2), (6, 6), (7, 5)), (6, 3))","(((4, 2), (6, 5), (7, 5)), (6, 3))",18,7.0,25.0,18,2,0,expanded,False,True,648
"(((2, 4), (6, 5), (7, 3)), (1, 2))","(((2, 4), (6, 5), (7, 4)), (1, 2))",19,7,26.0,19,,,pruned,,,649
"(((2, 4), (6, 5), (7, 4)), (1, 2))","(((2, 5), (6, 5), (7, 4)), (1, 2))",18,7.0,25.0,18,4,1,expanded,False,True,650
"(((2, 3), (6, 5), (7, 5)), (1, 2))","(((2, 4), (6, 5), (7, 5)), (1, 2))",18,7.0,25.0,18,4,0,expanded,False,True,651
"(((3, 2), (6, 4), (7, 3)), (1, 2))","(((3, 2), (6, 4), (7, 4)), (1, 2))",19,7,26.0,19,,,pruned,,,652
"(((3, 2), (6, 3), (7, 4)), (1, 2))","(((3, 2), (6, 4), (7, 4)), (1, 2))",19,7,26.0,19,,,pruned,,,653
"(((3, 2), (6, 4), (7, 4)), (1, 2))","(((3, 2), (6, 4), (7, 5)), (1, 2))",18,7.0,25.0,18,4,2,expanded,False,True,654
"(((2, 4), (6, 3), (6, 6)), (1, 2))","(((2, 4), (6, 4), (6, 6)), (1, 2))",19,7,26.0,19,,,pruned,,,655
"(((2, 4), (6, 4), (6, 6)), (1, 2))","(((2, 5), (6, 4), (6, 6)), (1, 2))",18,7.0,25.0,18,6,1,expanded,False,True,656
"(((2, 5), (6, 5), (6, 6)), (1, 2))","(((2, 5), (6, 4), (6, 6)), (1, 2))",18,7.0,25.0,18,2,0,expanded,False,True,657
"(((3, 6), (4, 8), (6, 5)), (5, 8))","(((3, 6), (4, 8), (6, 4)), (5, 8))",18,7.0,25.0,18,3,0,expanded,False,True,658
"(((4, 3), (6, 5), (7, 6)), (6, 3))","(((4, 3), (6, 5), (7, 5)), (6, 3))",19,6.0,25.0,19,2,0,expanded,False,True,659
"(((4, 3), (6, 6), (7, 5)), (6, 3))","(((4, 3), (6, 5), (7, 5)), (6, 3))",19,6.0,25.0,19,2,0,expanded,False,True,660
"(((4, 4), (6, 3), (7, 6)), (1, 2))","(((4, 4), (6, 4), (7, 6)), (1, 2))",20,6,26.0,20,,,pruned,,,661
"(((4, 4), (6, 4), (7, 6)), (1, 2))","(((4, 4), (6, 4), (7, 5)), (6, 3))",19,6.0,25.0,19,6,1,expanded,False,True,662
"(((2, 4), (6, 4), (6, 5)), (1, 2))","(((2, 5), (6, 4), (6, 5)), (1, 2))",19,6.0,25.0,19,2,0,expanded,False,True,663
"(((4, 2), (6, 4), (7, 3)), (1, 2))","(((4, 2), (6, 4), (7, 4)), (1, 2))",20,6,26.0,20,,,pruned,,,664
"(((4, 2), (6, 3), (7, 4)), (1, 2))","(((4, 2), (6, 4), (7, 4)), (1, 2))",20,6,26.0,20,,,pruned,,,665
"(((4, 1), (6, 4), (7, 4)), (1, 2))","(((4, 2), (6, 4), (7, 4)), (1, 2))",20,7,27.0,20,,,pruned,,,666
"(((4, 2), (6, 4), (7, 4)), (1, 2))","(((4, 2), (6, 4), (7, 5)), (1, 2))",19,6.0,25.0,19,4,3,expanded,False,True,667
"(((4, 3), (6, 4), (7, 3)), (1, 2))","(((4, 3), (6, 4), (7, 4)), (1, 2))",21,5,26.0,21,,,pruned,,,668
"(((4, 3), (6, 3), (7, 4)), (1, 2))","(((4, 3), (6, 4), (7, 4)), (1, 2))",21,5,26.0,21,,,pruned,,,669
"(((4, 3), (6, 4), (7, 4)), (1, 2))","(((4, 3), (6, 4), (7, 5)), (1, 2))",20,5.0,25.0,20,4,2,expanded,False,True,670
"(((4, 4), (6, 3), (7, 5)), (1, 2))","(((4, 4), (6, 4), (7, 5)), (1, 2))",21,5,26.0,21,,,pruned,,,671
"(((4, 4), (6, 4), (7, 5)), (1, 2))","(((4, 3), (6, 4), (7, 5)), (1, 2))",20,5.0,25.0,20,4,1,expanded,False,True,672
"(((4, 5), (6, 5), (7, 5)), (6, 3))","(((4, 5), (6, 4), (7, 5)), (6, 3))",20,5.0,25.0,20,2,0,expanded,False,True,673
"(((2, 6), (6, 8), (8, 4)), (6, 3))","(((2, 6), (6, 8), (7, 4)), (6, 3))",16,12,28.0,16,,,pruned,,,674
"(((2, 6), (6, 8), (7, 3)), (6, 3))","(((2, 6), (6, 8), (7, 4)), (6, 3))",16,11,27.0,16,,,pruned,,,675
"(((2, 6), (6, 8), (7, 4)), (6, 3))","(((2, 6), (6, 7), (7, 4)), (1, 2))",15,11.0,26.0,15,5,2,expanded,False,True,676
"(((2, 4), (6, 6), (7, 8)), (1, 2))","(((2, 4), (6, 6), (7, 7)), (6, 3))",17,11,28.0,17,,,pruned,,,677
"(((2, 4), (6, 6), (7, 7)), (6, 3))","(((2, 4), (6, 5), (7, 7)), (1, 2))",16,10.0,26.0,16,2,1,expanded,False,True,678
"(((2, 4), (6, 7), (7, 6)), (6, 3))","(((2, 4), (6, 6), (7, 6)), (6, 3))",16,10.0,26.0,16,2,0,expanded,False,True,679
"(((2, 4), (6, 8), (7, 5)), (6, 3))","(((2, 4), (6, 7), (7, 5)), (1, 2))",16,10.0,26.0,16,3,0,expanded,False,True,680
"(((2, 2), (6, 4), (7, 8)), (1, 2))","(((2, 2), (6, 4), (7, 7)), (1, 2))",17,11,28.0,17,,,pruned,,,681
"(((2, 2), (6, 3), (7, 7)), (1, 2))","(((2, 2), (6, 4), (7, 7)), (1, 2))",17,10,27.0,17,,,pruned,,,682
"(((1, 2), (6, 4), (7, 7)), (1, 3))","(((2, 2), (6, 4), (7, 7)), (1, 2))",17,11,28.0,17,,,pruned,,,683
"(((2, 1), (6, 4), (7, 7)), (1, 2))","(((2, 2), (6, 4), (7, 7)), (1, 2))",17,11,28.0,17,,,pruned,,,684
"(((2, 2), (6, 4), (7, 7)), (1, 2))","(((2, 2), (6, 4), (7, 6)), (1, 2))",16,10.0,26.0,16,8,4,expanded,False,True,685
"(((2, 6), (6, 3), (6, 8)), (6, 4))","(((2, 6), (6, 4), (6, 8)), (6, 3))",17,10,27.0,17,,,pruned,,,686
"(((2, 6), (6, 4), (6, 8)), (6, 3))","(((2, 6), (6, 4), (6, 7)), (1, 2))",16,10.0,26.0,16,3,1,expanded,False,True,687
"(((2, 5), (6, 8), (8, 4)), (6, 3))","(((2, 5), (6, 8), (7, 4)), (6, 3))",17,11,28.0,17,,,pruned,,,688
"(((2, 5), (6, 8), (7, 3)), (6, 3))","(((2, 5), (6, 8), (7, 4)), (6, 3))",17,10,27.0,17,,,pruned,,,689
"(((2, 5), (6, 8), (7, 4)), (6, 3))","(((2, 5), (6, 7), (7, 4)), (1, 2))",16,10.0,26.0,16,5,2,expanded,False,True,690
"(((3, 7), (3, 8), (8, 4)), (3, 9))","(((3, 7), (3, 8), (7, 4)), (3, 9))",17,11,28.0,17,,,pruned,,,691
"(((3, 7), (3, 8), (7, 3)), (3, 9))","(((3, 7), (3, 8), (7, 4)), (3, 9))",17,10,27.0,17,,,pruned,,,692
"(((3, 7), (3, 8), (7, 4)), (3, 9))","(((3, 7), (4, 8), (7, 4)), (5, 8))",16,10.0,26.0,16,4,2,expanded,False,True,693
"(((2, 6), (5, 8), (8, 4)), (6, 3))","(((2, 6), (5, 8), (7, 4)), (6, 3))",17,11,28.0,17,,,pruned,,,694
"(((2, 6), (5, 8), (7, 3)), (6, 3))","(((2, 6), (5, 8), (7, 4)), (6, 3))",17,10,27.0,17,,,pruned,,,695
"(((2, 6), (5, 8), (7, 4)), (6, 3))","(((2, 6), (5, 8), (7, 5)), (6, 3))",16,10.0,26.0,16,5,2,expanded,False,True,696
"(((3, 2), (6, 3), (7, 7)), (1, 2))","(((3, 2), (6, 4), (7, 7)), (1, 2))",18,9,27.0,18,,,pruned,,,697
"(((3, 2), (6, 4), (7, 8)), (1, 2))","(((3, 2), (6, 4), (7, 7)), (1, 2))",18,10,28.0,18,,,pruned,,,698
"(((3, 2), (6, 4), (7, 7)), (1, 2))","(((3, 2), (6, 4), (7, 6)), (1, 2))",17,9.0,26.0,17,6,2,expanded,False,True,699
"(((3, 6), (3, 8), (8, 4)), (3, 9))","(((3, 6), (3, 8), (7, 4)), (3, 9))",18,10,28.0,18,,,pruned,,,700
"(((3, 6), (3, 8), (7, 3)), (3, 9))","(((3, 6), (3, 8), (7, 4)), (3, 9))",18,9,27.0,18,,,pruned,,,701
"(((3, 6), (3, 8), (7, 4)), (3, 9))","(((3, 6), (4, 8), (7, 4)), (5, 8))",17,9.0,26.0,17,5,2,expanded,False,True,702
"(((2, 5), (6, 3), (6, 8)), (6, 4))","(((2, 5), (6, 4), (6, 8)), (6, 3))",18,9,27.0,18,,,pruned,,,703
"(((2, 5), (6, 4), (6, 8)), (6, 3))","(((2, 5), (6, 4), (6, 7)), (1, 2))",17,9.0,26.0,17,3,1,expanded,False,True,704
"(((3, 7), (3, 8), (6, 3)), (3, 9))","(((3, 7), (3, 8), (6, 4)), (3, 9))",18,9,27.0,18,,,pruned,,,705
"(((3, 7), (3, 8), (6, 4)), (3, 9))","(((3, 7), (4, 8), (6, 4)), (5, 8))",17,9.0,26.0,17,2,1,expanded,False,True,706
"(((2, 3), (6, 7), (8, 4)), (1, 2))","(((2, 3), (6, 7), (7, 4)), (1, 2))",18,10,28.0,18,,,pruned,,,707
"(((2, 3), (6, 7), (7, 3)), (1, 2))","(((2, 3), (6, 7), (7, 4)), (1, 2))",18,9,27.0,18,,,pruned,,,708
"(((2, 3), (6, 7), (7, 4)), (1, 2))","(((2, 3), (6, 7), (7, 5)), (1, 2))",17,9.0,26.0,17,8,2,expanded,False,True,709
"(((2, 5), (5, 8), (8, 4)), (6, 3))","(((2, 5), (5, 8), (7, 4)), (6, 3))",18,10,28.0,18,,,pruned,,,710
"(((2, 5), (5, 8), (7, 3)), (6, 3))","(((2, 5), (5, 8), (7, 4)), (6, 3))",18,9,27.0,18,,,pruned,,,711
"(((2, 5), (5, 8), (7, 4)), (6, 3))","(((2, 5), (5, 8), (7, 5)), (6, 3))",17,9.0,26.0,17,5,2,expanded,False,True,712
"(((2, 6), (4, 8), (8, 4)), (5, 8))","(((2, 6), (4, 8), (7, 4)), (5, 8))",18,10,28.0,18,,,pruned,,,713
"(((2, 6), (4, 8), (7, 3)), (5, 8))","(((2, 6), (4, 8), (7, 4)), (5, 8))",18,9,27.0,18,,,pruned,,,714
"(((2, 6), (4, 8), (7, 4)), (5, 8))","(((2, 6), (4, 8), (7, 5)), (5, 8))",17,9.0,26.0,17,5,2,expanded,False,True,715
"(((2, 4), (5, 8), (7, 5)), (6, 3))","(((2, 4), (6, 8), (7, 5)), (6, 3))",17,9.0,26.0,17,3,0,expanded,False,True,716
"(((2, 6), (5, 8), (6, 3)), (6, 4))","(((2, 6), (5, 8), (6, 4)), (6, 3))",18,9,27.0,18,,,pruned,,,717
"(((2, 6), (5, 8), (6, 4)), (6, 3))","(((2, 6), (6, 4), (6, 8)), (6, 3))",17,9.0,26.0,17,3,1,expanded,False,True,718
"(((4, 2), (6, 3), (7, 7)), (1, 2))","(((4, 2), (6, 4), (7, 7)), (1, 2))",19,8,27.0,19,,,pruned,,,719
"(((4, 1), (6, 4), (7, 7)), (1, 2))","(((4, 2), (6, 4), (7, 7)), (1, 2))",19,9,28.0,19,,,pruned,,,720
"(((4, 2), (6, 4), (7, 8)), (1, 2))","(((4, 2), (6, 4), (7, 7)), (1, 2))",19,9,28.0,19,,,pruned,,,721
"(((4, 2), (6, 4), (7, 7)), (1, 2))","(((4, 2), (6, 4), (7, 6)), (1, 2))",18,8.0,26.0,18,6,3,expanded,False,True,722
"(((3, 6), (3, 8), (6, 3)), (3, 9))","(((3, 6), (3, 8), (6, 4)), (3, 9))",19,8,27.0,19,,,pruned,,,723
"(((3, 6), (3, 8), (6, 4)), (3, 9))","(((3, 6), (4, 8), (6, 4)), (5, 8))",18,8.0,26.0,18,3,1,expanded,False,True,724
"(((2, 3), (6, 6), (8, 4)), (1, 2))","(((2, 3), (6, 6), (7, 4)), (1, 2))",19,9,28.0,19,,,pruned,,,725
"(((2, 3), (6, 6), (7, 3)), (1, 2))","(((2, 3), (6, 6), (7, 4)), (1, 2))",19,8,27.0,19,,,pruned,,,726
"(((2, 3), (6, 6), (7, 4)), (1, 2))","(((2, 4), (6, 6), (7, 4)), (1, 2))",18,8.0,26.0,18,8,2,expanded,False,True,727
"(((2, 3), (6, 3), (6, 7)), (1, 2))","(((2, 3), (6, 4), (6, 7)), (1, 2))",19,8,27.0,19,,,pruned,,,728
"(((2, 3), (6, 4), (6, 7)), (1, 2))","(((2, 4), (6, 4), (6, 7)), (1, 2))",18,8.0,26.0,18,6,1,expanded,False,True,729
"(((2, 4), (6, 5), (6, 7)), (1, 2))","(((2, 4), (6, 4), (6, 7)), (1, 2))",18,8.0,26.0,18,6,0,expanded,False,True,730
"(((3, 6), (3, 7), (8, 4)), (3, 8))","(((3, 6), (3, 7), (7, 4)), (3, 8))",19,9,28.0,19,,,pruned,,,731
"(((3, 6), (3, 7), (7, 3)), (3, 8))","(((3, 6), (3, 7), (7, 4)), (3, 8))",19,8,27.0,19,,,pruned,,,732
"(((3, 6), (3, 7), (7, 4)), (3, 8))","(((3, 6), (3, 7), (7, 5)), (3, 8))",18,8.0,26.0,18,4,2,expanded,False,True,733
"(((2, 5), (4, 8), (8, 4)), (5, 8))","(((2, 5), (4, 8), (7, 4)), (5, 8))",19,9,28.0,19,,,pruned,,,734
"(((2, 5), (4, 8), (7, 3)), (5, 8))","(((2, 5), (4, 8), (7, 4)), (5, 8))",19,8,27.0,19,,,pruned,,,735
"(((2, 5), (4, 8), (7, 4)), (5, 8))","(((2, 5), (4, 8), (7, 5)), (5, 8))",18,8.0,26.0,18,5,2,expanded,False,True,736
"(((2, 5), (5, 8), (6, 3)), (6, 4))","(((2, 5), (5, 8), (6, 4)), (6, 3))",19,8,27.0,19,,,pruned,,,737
"(((2, 5), (5, 8), (6, 4)), (6, 3))","(((2, 5), (6, 4), (6, 8)), (6, 3))",18,8.0,26.0,18,3,1,expanded,False,True,738
"(((2, 6), (4, 8), (6, 3)), (5, 8))","(((2, 6), (4, 8), (6, 4)), (5, 8))",19,8,27.0,19,,,pruned,,,739
"(((2, 6), (4, 8), (6, 4)), (5, 8))","(((2, 6), (4, 8), (7, 4)), (5, 8))",18,8.0,26.0,18,3,1,expanded,False,True,740
"(((2, 4), (4, 8), (7, 5)), (5, 8))","(((2, 4), (5, 8), (7, 5)), (6, 3))",18,8.0,26.0,18,3,0,expanded,False,True,741
"(((4, 3), (6, 4), (7, 8)), (1, 2))","(((4, 3), (6, 4), (7, 7)), (1, 2))",20,8,28.0,20,,,pruned,,,742
"(((4, 3), (6, 3), (7, 7)), (1, 2))","(((4, 3), (6, 4), (7, 7)), (1, 2))",20,7,27.0,20,,,pruned,,,743
"(((4, 3), (6, 4), (7, 7)), (1, 2))","(((4, 3), (6, 4), (7, 6)), (1, 2))",19,7.0,26.0,19,6,2,expanded,False,True,744
"(((2, 3), (6, 5), (7, 3)), (1, 2))","(((2, 3), (6, 5), (7, 4)), (1, 2))",20,7,27.0,20,,,pruned,,,745
"(((2, 3), (6, 5), (7, 4)), (1, 2))","(((2, 4), (6, 5), (7, 4)), (1, 2))",19,7.0,26.0,19,4,1,expanded,False,True,746
"(((2, 3), (6, 3), (6, 6)), (1, 2))","(((2, 3), (6, 4), (6, 6)), (1, 2))",20,7,27.0,20,,,pruned,,,747
"(((2, 3), (6, 4), (6, 6)), (1, 2))","(((2, 4), (6, 4), (6, 6)), (1, 2))",19,7.0,26.0,19,6,1,expanded,False,True,748
"(((2, 4), (6, 5), (6, 6)), (1, 2))","(((2, 4), (6, 4), (6, 6)), (1, 2))",19,7.0,26.0,19,2,0,expanded,False,True,749
"(((3, 6), (3, 7), (6, 3)), (3, 8))","(((3, 6), (3, 7), (6, 4)), (3, 8))",20,7,27.0,20,,,pruned,,,750
"(((3, 6), (3, 7), (6, 4)), (3, 8))","(((3, 6), (3, 8), (6, 4)), (3, 9))",19,7.0,26.0,19,2,1,expanded,False,True,751
"(((2, 5), (4, 8), (6, 3)), (5, 8))","(((2, 5), (4, 8), (6, 4)), (5, 8))",20,7,27.0,20,,,pruned,,,752
"(((2, 5), (4, 8), (6, 4)), (5, 8))","(((2, 5), (4, 8), (7, 4)), (5, 8))",19,7.0,26.0,19,3,1,expanded,False,True,753
"(((4, 4), (6, 5), (7, 6)), (6, 3))","(((4, 4), (6, 5), (7, 5)), (6, 3))",20,6.0,26.0,20,2,0,expanded,False,True,754
"(((4, 4), (6, 6), (7, 5)), (6, 3))","(((4, 4), (6, 5), (7, 5)), (6, 3))",20,6.0,26.0,20,2,0,expanded,False,True,755
"(((4, 6), (6, 4), (7, 6)), (1, 2))","(((4, 5), (6, 4), (7, 6)), (1, 2))",21,7,28.0,21,,,pruned,,,756
"(((4, 5), (6, 3), (7, 6)), (1, 2))","(((4, 5), (6, 4), (7, 6)), (1, 2))",21,6,27.0,21,,,pruned,,,757
"(((4, 5), (6, 4), (7, 6)), (1, 2))","(((4, 5), (6, 4), (7, 5)), (6, 3))",20,6.0,26.0,20,6,2,expanded,False,True,758
"(((2, 3), (6, 4), (6, 5)), (1, 2))","(((2, 4), (6, 4), (6, 5)), (1, 2))",20,6.0,26.0,20,2,0,expanded,False,True,759
"(((4, 4), (6, 4), (7, 3)), (1, 2))","(((4, 4), (6, 4), (7, 4)), (1, 2))",22,5,27.0,22,,,pruned,,,760
"(((4, 4), (6, 3), (7, 4)), (1, 2))","(((4, 4), (6, 4), (7, 4)), (1, 2))",22,5,27.0,22,,,pruned,,,761
"(((4, 4), (6, 4), (7, 4)), (1, 2))","(((4, 3), (6, 4), (7, 4)), (1, 2))",21,5.0,26.0,21,4,2,expanded,False,True,762
"(((4, 6), (6, 4), (7, 5)), (1, 2))","(((4, 5), (6, 4), (7, 5)), (1, 2))",22,6,28.0,22,,,pruned,,,763
"(((4, 5), (6, 3), (7, 5)), (1, 2))","(((4, 5), (6, 4), (7, 5)), (1, 2))",22,5,27.0,22,,,pruned,,,764
"(((4, 5), (6, 4), (7, 5)), (1, 2))","(((4, 4), (6, 4), (7, 5)), (1, 2))",21,5.0,26.0,21,4,2,expanded,False,True,765
"(((3, 8), (6, 8), (7, 8)), (6, 3))","(((3, 8), (6, 8), (7, 7)), (6, 3))",14,15,29.0,14,,,pruned,,,766
"(((3, 8), (6, 8), (7, 7)), (6, 3))","(((3, 8), (6, 7), (7, 7)), (6, 3))",13,14.0,27.0,13,1,1,expanded,True,True,767
"(((3, 7), (6, 8), (7, 8)), (6, 3))","(((3, 7), (6, 8), (7, 7)), (6, 3))",15,14,29.0,15,,,pruned,,,768
"(((3, 7), (6, 8), (7, 7)), (6, 3))","(((3, 7), (6, 7), (7, 7)), (6, 3))",14,13.0,27.0,14,1,1,expanded,True,True,769
"(((5, 8), (6, 7), (6, 8)), (6, 3))","(((5, 8), (6, 6), (6, 8)), (6, 3))",14,13.0,27.0,14,0,0,expanded,False,True,770
"(((3, 8), (5, 8), (7, 8)), (6, 3))","(((3, 8), (5, 8), (7, 7)), (6, 3))",15,14,29.0,15,,,pruned,,,771
"(((3, 8), (5, 8), (7, 7)), (6, 3))","(((3, 8), (5, 8), (7, 6)), (6, 3))",14,13.0,27.0,14,3,1,expanded,False,True,772
"(((3, 6), (6, 8), (7, 8)), (6, 3))","(((3, 6), (6, 8), (7, 7)), (6, 3))",16,13,29.0,16,,,pruned,,,773
"(((3, 6), (6, 8), (7, 7)), (6, 3))","(((3, 6), (6, 7), (7, 7)), (6, 3))",15,12.0,27.0,15,1,1,expanded,True,True,774
"(((2, 6), (6, 7), (7, 8)), (6, 3))","(((2, 6), (6, 7), (7, 7)), (6, 3))",16,13,29.0,16,,,pruned,,,775
"(((2, 6), (6, 7), (7, 7)), (6, 3))","(((2, 6), (6, 6), (7, 7)), (6, 3))",15,12.0,27.0,15,2,1,expanded,False,True,776
"(((2, 6), (6, 8), (7, 6)), (6, 3))","(((2, 6), (6, 8), (7, 5)), (6, 3))",15,12.0,27.0,15,3,0,expanded,False,True,777
"(((4, 8), (6, 7), (6, 8)), (6, 3))","(((4, 8), (6, 6), (6, 8)), (6, 3))",15,12.0,27.0,15,1,0,expanded,False,True,778
"(((3, 8), (6, 6), (6, 8)), (6, 3))","(((3, 8), (6, 5), (6, 8)), (6, 3))",15,12.0,27.0,15,3,0,expanded,False,True,779
"(((3, 7), (5, 8), (7, 8)), (6, 3))","(((3, 7), (5, 8), (7, 7)), (6, 3))",16,13,29.0,16,,,pruned,,,780
"(((3, 7), (5, 8), (7, 7)), (6, 3))","(((3, 7), (5, 8), (7, 6)), (6, 3))",15,12.0,27.0,15,3,1,expanded,False,True,781
"(((3, 8), (4, 8), (7, 8)), (5, 8))","(((3, 8), (4, 8), (7, 7)), (5, 8))",16,13,29.0,16,,,pruned,,,782
"(((3, 8), (4, 8), (7, 7)), (5, 8))","(((3, 8), (4, 8), (7, 6)), (5, 8))",15,12.0,27.0,15,2,1,expanded,False,True,783
"(((2, 5), (6, 7), (7, 8)), (6, 3))","(((2, 5), (6, 7), (7, 7)), (6, 3))",17,12,29.0,17,,,pruned,,,784
"(((2, 5), (6, 7), (7, 7)), (6, 3))","(((2, 5), (6, 6), (7, 7)), (6, 3))",16,11.0,27.0,16,2,1,expanded,False,True,785
"(((2, 5), (6, 8), (7, 6)), (6, 3))","(((2, 5), (6, 7), (7, 6)), (6, 3))",16,11.0,27.0,16,3,0,expanded,False,True,786
"(((4, 8), (5, 8), (6, 7)), (6, 3))","(((4, 8), (5, 8), (6, 6)), (6, 3))",16,11.0,27.0,16,2,0,expanded,False,True,787
"(((3, 7), (6, 6), (6, 8)), (6, 3))","(((3, 7), (6, 5), (6, 8)), (6, 3))",16,11.0,27.0,16,3,0,expanded,False,True,788
"(((3, 6), (5, 8), (7, 8)), (6, 3))","(((3, 6), (5, 8), (7, 7)), (6, 3))",17,12,29.0,17,,,pruned,,,789
"(((3, 6), (5, 8), (7, 7)), (6, 3))","(((3, 6), (5, 8), (7, 6)), (6, 3))",16,11.0,27.0,16,3,1,expanded,False,True,790
"(((3, 7), (4, 8), (7, 8)), (5, 8))","(((3, 7), (4, 8), (7, 7)), (5, 8))",17,12,29.0,17,,,pruned,,,791
"(((3, 7), (4, 8), (7, 7)), (5, 8))","(((3, 7), (4, 8), (7, 6)), (5, 8))",16,11.0,27.0,16,3,1,expanded,False,True,792
"(((3, 7), (3, 8), (7, 6)), (3, 9))","(((3, 7), (4, 8), (7, 6)), (5, 8))",16,11.0,27.0,16,2,0,expanded,False,True,793
"(((3, 8), (5, 8), (6, 6)), (6, 3))","(((3, 8), (5, 8), (6, 5)), (6, 3))",16,11.0,27.0,16,3,0,expanded,False,True,794
"(((2, 6), (5, 8), (7, 6)), (6, 3))","(((2, 6), (5, 8), (7, 5)), (6, 3))",16,11.0,27.0,16,3,0,expanded,False,True,795
"(((2, 2), (6, 5), (7, 8)), (1, 2))","(((2, 2), (6, 5), (7, 7)), (1, 2))",18,11,29.0,18,,,pruned,,,796
"(((1, 2), (6, 5), (7, 7)), (1, 3))","(((2, 2), (6, 5), (7, 7)), (1, 2))",18,11,29.0,18,,,pruned,,,797
"(((2, 1), (6, 5), (7, 7)), (1, 2))","(((2, 2), (6, 5), (7, 7)), (1, 2))",18,11,29.0,18,,,pruned,,,798
"(((2, 2), (6, 5), (7, 7)), (1, 2))","(((2, 3), (6, 5), (7, 7)), (1, 2))",17,10.0,27.0,17,8,3,expanded,False,True,799
"(((2, 3), (6, 6), (7, 8)), (1, 2))","(((2, 3), (6, 6), (7, 7)), (6, 3))",18,11,29.0,18,,,pruned,,,800
"(((2, 3), (6, 6), (7, 7)), (6, 3))","(((2, 3), (6, 5), (7, 7)), (1, 2))",17,10.0,27.0,17,2,1,expanded,False,True,801
"(((2, 3), (6, 7), (7, 6)), (6, 3))","(((2, 3), (6, 6), (7, 6)), (6, 3))",17,10.0,27.0,17,2,0,expanded,False,True,802
"(((1, 2), (6, 7), (7, 5)), (1, 3))","(((2, 2), (6, 7), (7, 5)), (1, 2))",18,11,29.0,18,,,pruned,,,803
"(((2, 1), (6, 7), (7, 5)), (1, 2))","(((2, 2), (6, 7), (7, 5)), (1, 2))",18,11,29.0,18,,,pruned,,,804
"(((2, 2), (6, 7), (7, 5)), (1, 2))","(((2, 3), (6, 7), (7, 5)), (1, 2))",17,10.0,27.0,17,8,2,expanded,False,True,805
"(((2, 3), (6, 8), (7, 5)), (6, 3))","(((2, 3), (6, 7), (7, 5)), (1, 2))",17,10.0,27.0,17,3,0,expanded,False,True,806
"(((2, 2), (6, 6), (7, 6)), (6, 3))","(((2, 2), (6, 5), (7, 6)), (6, 3))",17,10.0,27.0,17,2,0,expanded,False,True,807
"(((3, 6), (6, 6), (6, 8)), (6, 3))","(((3, 6), (6, 5), (6, 8)), (6, 3))",17,10.0,27.0,17,3,0,expanded,False,True,808
"(((1, 6), (6, 6), (6, 7)), (1, 2))","(((2, 6), (6, 6), (6, 7)), (1, 2))",18,11,29.0,18,,,pruned,,,809
"(((2, 7), (6, 6), (6, 7)), (1, 2))","(((2, 6), (6, 6), (6, 7)), (1, 2))",18,11,29.0,18,,,pruned,,,810
"(((2, 6), (6, 6), (6, 7)), (1, 2))","(((3, 6), (6, 6), (6, 7)), (1, 2))",17,10.0,27.0,17,4,2,expanded,False,True,811
"(((2, 6), (6, 5), (6, 8)), (6, 3))","(((2, 6), (6, 5), (6, 7)), (1, 2))",17,10.0,27.0,17,3,0,expanded,False,True,812
"(((3, 6), (4, 8), (7, 8)), (5, 8))","(((3, 6), (4, 8), (7, 7)), (5, 8))",18,11,29.0,18,,,pruned,,,813
"(((3, 6), (4, 8), (7, 7)), (5, 8))","(((3, 6), (4, 8), (7, 6)), (5, 8))",17,10.0,27.0,17,3,1,expanded,False,True,814
"(((3, 6), (3, 8), (7, 6)), (3, 9))","(((3, 6), (4, 8), (7, 6)), (5, 8))",17,10.0,27.0,17,3,0,expanded,False,True,815
"(((2, 4), (6, 8), (8, 4)), (6, 3))","(((2, 4), (6, 8), (7, 4)), (6, 3))",18,11,29.0,18,,,pruned,,,816
"(((2, 4), (6, 8), (7, 3)), (6, 3))","(((2, 4), (6, 8), (7, 4)), (6, 3))",18,10,28.0,18,,,pruned,,,817
"(((2, 4), (6, 8), (7, 4)), (6, 3))","(((2, 4), (6, 7), (7, 4)), (1, 2))",17,10.0,27.0,17,5,2,expanded,False,True,818
"(((3, 7), (5, 8), (6, 6)), (6, 3))","(((3, 7), (5, 8), (6, 5)), (6, 3))",17,10.0,27.0,17,3,0,expanded,False,True,819
"(((3, 8), (4, 8), (6, 6)), (5, 8))","(((3, 8), (4, 8), (6, 5)), (5, 8))",17,10.0,27.0,17,2,0,expanded,False,True,820
"(((2, 5), (5, 8), (7, 6)), (6, 3))","(((2, 5), (5, 8), (7, 5)), (6, 3))",17,10.0,27.0,17,3,0,expanded,False,True,821
"(((2, 6), (4, 8), (7, 6)), (5, 8))","(((2, 6), (4, 8), (7, 5)), (5, 8))",17,10.0,27.0,17,3,0,expanded,False,True,822
"(((2, 6), (3, 8), (7, 5)), (3, 9))","(((2, 6), (4, 8), (7, 5)), (5, 8))",17,10.0,27.0,17,3,0,expanded,False,True,823
"(((3, 2), (6, 5), (7, 8)), (1, 2))","(((3, 2), (6, 5), (7, 7)), (1, 2))",19,10,29.0,19,,,pruned,,,824
"(((3, 2), (6, 5), (7, 7)), (1, 2))","(((3, 2), (6, 5), (7, 6)), (6, 3))",18,9.0,27.0,18,6,1,expanded,False,True,825
"(((3, 2), (6, 6), (7, 6)), (6, 3))","(((3, 2), (6, 5), (7, 6)), (6, 3))",18,9.0,27.0,18,2,0,expanded,False,True,826
"(((3, 2), (6, 7), (7, 5)), (1, 2))","(((3, 2), (6, 6), (7, 5)), (6, 3))",18,9.0,27.0,18,6,0,expanded,False,True,827
"(((1, 2), (6, 5), (7, 6)), (1, 3))","(((2, 2), (6, 5), (7, 6)), (1, 2))",19,10,29.0,19,,,pruned,,,828
"(((2, 1), (6, 5), (7, 6)), (1, 2))","(((2, 2), (6, 5), (7, 6)), (1, 2))",19,10,29.0,19,,,pruned,,,829
"(((2, 2), (6, 5), (7, 6)), (1, 2))","(((2, 3), (6, 5), (7, 6)), (1, 2))",18,9.0,27.0,18,6,2,expanded,False,True,830
"(((1, 2), (6, 6), (7, 5)), (1, 3))","(((2, 2), (6, 6), (7, 5)), (1, 2))",19,10,29.0,19,,,pruned,,,831
"(((2, 1), (6, 6), (7, 5)), (1, 2))","(((2, 2), (6, 6), (7, 5)), (1, 2))",19,10,29.0,19,,,pruned,,,832
"(((2, 2), (6, 6), (7, 5)), (1, 2))","(((2, 3), (6, 6), (7, 5)), (1, 2))",18,9.0,27.0,18,6,2,expanded,False,True,833
"(((3, 6), (5, 8), (6, 6)), (6, 3))","(((3, 6), (5, 8), (6, 5)), (6, 3))",18,9.0,27.0,18,3,0,expanded,False,True,834
"(((2, 4), (6, 3), (6, 8)), (6, 4))","(((2, 4), (6, 4), (6, 8)), (6, 3))",19,9,28.0,19,,,pruned,,,835
"(((2, 4), (6, 4), (6, 8)), (6, 3))","(((2, 4), (6, 4), (6, 7)), (1, 2))",18,9.0,27.0,18,3,1,expanded,False,True,836
"(((2, 5), (6, 5), (6, 8)), (6, 3))","(((2, 5), (6, 5), (6, 7)), (1, 2))",18,9.0,27.0,18,3,0,expanded,False,True,837
"(((2, 5), (6, 6), (6, 7)), (1, 2))","(((2, 5), (6, 5), (6, 7)), (1, 2))",18,9.0,27.0,18,2,0,expanded,False,True,838
"(((3, 7), (4, 8), (6, 6)), (5, 8))","(((3, 7), (4, 8), (6, 5)), (5, 8))",18,9.0,27.0,18,3,0,expanded,False,True,839
"(((3, 7), (3, 8), (6, 5)), (3, 9))","(((3, 7), (4, 8), (6, 5)), (5, 8))",18,9.0,27.0,18,2,0,expanded,False,True,840
"(((3, 6), (3, 7), (7, 6)), (3, 8))","(((3, 6), (3, 7), (7, 5)), (3, 8))",18,9.0,27.0,18,2,0,expanded,False,True,841
"(((2, 5), (4, 8), (7, 6)), (5, 8))","(((2, 5), (4, 8), (7, 5)), (5, 8))",18,9.0,27.0,18,3,0,expanded,False,True,842
"(((2, 5), (3, 8), (7, 5)), (3, 9))","(((2, 5), (4, 8), (7, 5)), (5, 8))",18,9.0,27.0,18,3,0,expanded,False,True,843
"(((2, 4), (5, 8), (8, 4)), (6, 3))","(((2, 4), (5, 8), (7, 4)), (6, 3))",19,10,29.0,19,,,pruned,,,844
"(((2, 4), (5, 8), (7, 3)), (6, 3))","(((2, 4), (5, 8), (7, 4)), (6, 3))",19,9,28.0,19,,,pruned,,,845
"(((2, 4), (5, 8), (7, 4)), (6, 3))","(((2, 4), (5, 8), (7, 5)), (6, 3))",18,9.0,27.0,18,5,2,expanded,False,True,846
"(((2, 6), (5, 8), (6, 5)), (6, 3))","(((2, 6), (5, 8), (6, 4)), (6, 3))",18,9.0,27.0,18,3,0,expanded,False,True,847
"(((2, 3), (5, 8), (7, 5)), (6, 3))","(((2, 3), (6, 8), (7, 5)), (6, 3))",18,9.0,27.0,18,3,0,expanded,False,True,848
"(((2, 6), (3, 7), (7, 5)), (3, 8))","(((2, 6), (3, 8), (7, 5)), (3, 9))",18,9.0,27.0,18,3,0,expanded,False,True,849
"(((4, 2), (6, 5), (7, 8)), (1, 2))","(((4, 2), (6, 5), (7, 7)), (1, 2))",20,9,29.0,20,,,pruned,,,850
"(((4, 1), (6, 5), (7, 7)), (1, 2))","(((4, 2), (6, 5), (7, 7)), (1, 2))",20,9,29.0,20,,,pruned,,,851
"(((4, 2), (6, 5), (7, 7)), (1, 2))","(((4, 2), (6, 5), (7, 6)), (6, 3))",19,8.0,27.0,19,6,2,expanded,False,True,852
"(((4, 2), (6, 6), (7, 6)), (6, 3))","(((4, 2), (6, 5), (7, 6)), (6, 3))",19,8.0,27.0,19,2,0,expanded,False,True,853
"(((4, 1), (6, 7), (7, 5)), (1, 2))","(((4, 2), (6, 7), (7, 5)), (1, 2))",20,9,29.0,20,,,pruned,,,854
"(((4, 2), (6, 7), (7, 5)), (1, 2))","(((4, 2), (6, 6), (7, 5)), (6, 3))",19,8.0,27.0,19,6,1,expanded,False,True,855
"(((1, 2), (6, 5), (7, 5)), (1, 3))","(((2, 2), (6, 5), (7, 5)), (1, 2))",20,9,29.0,20,,,pruned,,,856
"(((2, 1), (6, 5), (7, 5)), (1, 2))","(((2, 2), (6, 5), (7, 5)), (1, 2))",20,9,29.0,20,,,pruned,,,857
"(((2, 2), (6, 5), (7, 5)), (1, 2))","(((2, 3), (6, 5), (7, 5)), (1, 2))",19,8.0,27.0,19,6,2,expanded,False,True,858
"(((3, 6), (4, 8), (6, 6)), (5, 8))","(((3, 6), (4, 8), (6, 5)), (5, 8))",19,8.0,27.0,19,3,0,expanded,False,True,859
"(((3, 6), (3, 8), (6, 5)), (3, 9))","(((3, 6), (4, 8), (6, 5)), (5, 8))",19,8.0,27.0,19,3,0,expanded,False,True,860
"(((2, 3), (6, 5), (6, 7)), (1, 2))","(((2, 3), (6, 4), (6, 7)), (1, 2))",19,8.0,27.0,19,6,0,expanded,False,True,861
"(((2, 5), (5, 8), (6, 5)), (6, 3))","(((2, 5), (5, 8), (6, 4)), (6, 3))",19,8.0,27.0,19,3,0,expanded,False,True,862
"(((2, 6), (4, 8), (6, 5)), (5, 8))","(((2, 6), (4, 8), (6, 4)), (5, 8))",19,8.0,27.0,19,3,0,expanded,False,True,863
"(((2, 4), (4, 8), (8, 4)), (5, 8))","(((2, 4), (4, 8), (7, 4)), (5, 8))",20,9,29.0,20,,,pruned,,,864
"(((2, 4), (4, 8), (7, 3)), (5, 8))","(((2, 4), (4, 8), (7, 4)), (5, 8))",20,8,28.0,20,,,pruned,,,865
"(((2, 4), (4, 8), (7, 4)), (5, 8))","(((2, 4), (4, 8), (7, 5)), (5, 8))",19,8.0,27.0,19,5,2,expanded,False,True,866
"(((3, 2), (6, 5), (7, 6)), (1, 2))","(((3, 2), (6, 5), (7, 7)), (1, 2))",19,8.0,27.0,19,4,0,expanded,False,True,867
"(((3, 2), (6, 6), (7, 5)), (1, 2))","(((3, 2), (6, 7), (7, 5)), (1, 2))",19,8.0,27.0,19,4,0,expanded,False,True,868
"(((2, 4), (5, 8), (6, 3)), (6, 4))","(((2, 4), (5, 8), (6, 4)), (6, 3))",20,8,28.0,20,,,pruned,,,869
"(((2, 4), (5, 8), (6, 4)), (6, 3))","(((2, 4), (6, 4), (6, 8)), (6, 3))",19,8.0,27.0,19,3,1,expanded,False,True,870
"(((2, 5), (3, 7), (7, 5)), (3, 8))","(((2, 5), (3, 8), (7, 5)), (3, 9))",19,8.0,27.0,19,3,0,expanded,False,True,871
"(((2, 3), (4, 8), (7, 5)), (5, 8))","(((2, 3), (5, 8), (7, 5)), (6, 3))",19,8.0,27.0,19,3,0,expanded,False,True,872
"(((2, 6), (3, 6), (7, 5)), (2, 7))","(((2, 6), (3, 7), (7, 5)), (3, 8))",19,8.0,27.0,19,3,0,expanded,False,True,873
"(((4, 3), (6, 5), (7, 8)), (1, 2))","(((4, 3), (6, 5), (7, 7)), (1, 2))",21,8,29.0,21,,,pruned,,,874
"(((4, 3), (6, 5), (7, 7)), (1, 2))","(((4, 3), (6, 5), (7, 6)), (6, 3))",20,7.0,27.0,20,6,1,expanded,False,True,875
"(((4, 3), (6, 6), (7, 6)), (6, 3))","(((4, 3), (6, 5), (7, 6)), (6, 3))",20,7.0,27.0,20,2,0,expanded,False,True,876
"(((4, 3), (6, 7), (7, 5)), (1, 2))","(((4, 3), (6, 6), (7, 5)), (6, 3))",20,7.0,27.0,20,6,0,expanded,False,True,877
"(((4, 4), (6, 3), (7, 7)), (1, 2))","(((4, 4), (6, 4), (7, 7)), (1, 2))",21,7,28.0,21,,,pruned,,,878
"(((4, 4), (6, 4), (7, 8)), (1, 2))","(((4, 4), (6, 4), (7, 7)), (1, 2))",21,8,29.0,21,,,pruned,,,879
"(((4, 4), (6, 4), (7, 7)), (1, 2))","(((4, 4), (6, 4), (7, 6)), (1, 2))",20,7.0,27.0,20,6,2,expanded,False,True,880
"(((2, 3), (6, 5), (6, 6)), (1, 2))","(((2, 3), (6, 4), (6, 6)), (1, 2))",20,7.0,27.0,20,2,0,expanded,False,True,881
"(((3, 6), (3, 7), (6, 5)), (3, 8))","(((3, 6), (3, 7), (6, 4)), (3, 8))",20,7.0,27.0,20,2,0,expanded,False,True,882
"(((2, 5), (4, 8), (6, 5)), (5, 8))","(((2, 5), (4, 8), (6, 4)), (5, 8))",20,7.0,27.0,20,3,0,expanded,False,True,883
"(((4, 1), (6, 5), (7, 6)), (1, 2))","(((4, 2), (6, 5), (7, 6)), (1, 2))",21,8,29.0,21,,,pruned,,,884
"(((4, 2), (6, 5), (7, 6)), (1, 2))","(((4, 2), (6, 5), (7, 7)), (1, 2))",20,7.0,27.0,20,4,1,expanded,False,True,885
"(((4, 1), (6, 6), (7, 5)), (1, 2))","(((4, 2), (6, 6), (7, 5)), (1, 2))",21,8,29.0,21,,,pruned,,,886
"(((4, 2), (6, 6), (7, 5)), (1, 2))","(((4, 2), (6, 7), (7, 5)), (1, 2))",20,7.0,27.0,20,4,1,expanded,False,True,887
"(((3, 2), (6, 5), (7, 5)), (1, 2))","(((2, 2), (6, 5), (7, 5)), (1, 2))",20,7.0,27.0,20,4,0,expanded,False,True,888
"(((2, 4), (4, 8), (6, 3)), (5, 8))","(((2, 4), (4, 8), (6, 4)), (5, 8))",21,7,28.0,21,,,pruned,,,889
"(((2, 4), (4, 8), (6, 4)), (5, 8))","(((2, 4), (4, 8), (7, 4)), (5, 8))",20,7.0,27.0,20,3,1,expanded,False,True,890
"(((2, 5), (4, 6), (7, 5)), (1, 2))","(((2, 5), (3, 6), (7, 5)), (1, 2))",21,6,27.0,21,,,pruned,,,891
"(((2, 5), (3, 6), (7, 5)), (1, 2))","(((2, 5), (3, 7), (7, 5)), (3, 8))",20,7.0,27.0,20,6,1,expanded,False,True,892
"(((4, 5), (6, 6), (7, 5)), (6, 3))","(((4, 5), (6, 5), (7, 5)), (6, 3))",21,6.0,27.0,21,2,0,expanded,False,True,893
"(((4, 5), (6, 5), (7, 6)), (6, 3))","(((4, 5), (6, 5), (7, 5)), (6, 3))",21,6.0,27.0,21,2,0,expanded,False,True,894
"(((4, 3), (6, 5), (7, 6)), (1, 2))","(((4, 3), (6, 5), (7, 7)), (1, 2))",21,6.0,27.0,21,4,0,expanded,False,True,895
"(((4, 3), (6, 6), (7, 5)), (1, 2))","(((4, 3), (6, 7), (7, 5)), (1, 2))",21,6.0,27.0,21,4,0,expanded,False,True,896
"(((4, 1), (6, 5), (7, 5)), (1, 2))","(((4, 2), (6, 5), (7, 5)), (1, 2))",22,7,29.0,22,,,pruned,,,897
"(((4, 2), (6, 5), (7, 5)), (1, 2))","(((4, 2), (6, 5), (7, 6)), (1, 2))",21,6.0,27.0,21,4,1,expanded,False,True,898
"(((4, 5), (6, 4), (7, 3)), (1, 2))","(((4, 5), (6, 4), (7, 4)), (1, 2))",23,5,28.0,23,,,pruned,,,899
"(((4, 6), (6, 4), (7, 4)), (1, 2))","(((4, 5), (6, 4), (7, 4)), (1, 2))",23,6,29.0,23,,,pruned,,,900
"(((4, 5), (6, 3), (7, 4)), (1, 2))","(((4, 5), (6, 4), (7, 4)), (1, 2))",23,5,28.0,23,,,pruned,,,901
"(((4, 5), (6, 4), (7, 4)), (1, 2))","(((4, 4), (6, 4), (7, 4)), (1, 2))",22,5.0,27.0,22,4,3,expanded,False,True,902
"(((4, 3), (6, 5), (7, 5)), (1, 2))","(((4, 3), (6, 5), (7, 6)), (1, 2))",22,5.0,27.0,22,4,0,expanded,False,True,903
"(((2, 4), (6, 7), (7, 8)), (6, 3))","(((2, 4), (6, 7), (7, 7)), (6, 3))",18,12,30.0,18,,,pruned,,,904
"(((2, 4), (6, 7), (7, 7)), (6, 3))","(((2, 4), (6, 6), (7, 7)), (6, 3))",17,11.0,28.0,17,2,1,expanded,False,True,905
"(((2, 4), (6, 8), (7, 6)), (6, 3))","(((2, 4), (6, 7), (7, 6)), (6, 3))",17,11.0,28.0,17,3,0,expanded,False,True,906
"(((1, 2), (6, 7), (7, 4)), (1, 3))","(((2, 2), (6, 7), (7, 4)), (1, 2))",19,11,30.0,19,,,pruned,,,907
"(((2, 1), (6, 7), (7, 4)), (1, 2))","(((2, 2), (6, 7), (7, 4)), (1, 2))",19,11,30.0,19,,,pruned,,,908
"(((2, 2), (6, 7), (8, 4)), (1, 2))","(((2, 2), (6, 7), (7, 4)), (1, 2))",19,11,30.0,19,,,pruned,,,909
"(((2, 2), (6, 7), (7, 3)), (1, 2))","(((2, 2), (6, 7), (7, 4)), (1, 2))",19,10,29.0,19,,,pruned,,,910
"(((2, 2), (6, 7), (7, 4)), (1, 2))","(((2, 3), (6, 7), (7, 4)), (1, 2))",18,10.0,28.0,18,10,4,expanded,False,True,911
"(((2, 3), (6, 8), (8, 4)), (6, 3))","(((2, 3), (6, 8), (7, 4)), (6, 3))",19,11,30.0,19,,,pruned,,,912
"(((2, 3), (6, 8), (7, 3)), (6, 3))","(((2, 3), (6, 8), (7, 4)), (6, 3))",19,10,29.0,19,,,pruned,,,913
"(((2, 3), (6, 8), (7, 4)), (6, 3))","(((2, 3), (6, 7), (7, 4)), (1, 2))",18,10.0,28.0,18,5,2,expanded,False,True,914
"(((2, 6), (3, 8), (8, 4)), (3, 9))","(((2, 6), (3, 8), (7, 4)), (3, 9))",19,11,30.0,19,,,pruned,,,915
"(((2, 6), (3, 8), (7, 3)), (3, 9))","(((2, 6), (3, 8), (7, 4)), (3, 9))",19,10,29.0,19,,,pruned,,,916
"(((2, 6), (3, 8), (7, 4)), (3, 9))","(((2, 6), (4, 8), (7, 4)), (5, 8))",18,10.0,28.0,18,5,2,expanded,False,True,917
"(((2, 4), (5, 8), (7, 6)), (6, 3))","(((2, 4), (5, 8), (7, 5)), (6, 3))",18,10.0,28.0,18,3,0,expanded,False,True,918
"(((2, 2), (6, 6), (8, 4)), (1, 2))","(((2, 2), (6, 6), (7, 4)), (1, 2))",20,10,30.0,20,,,pruned,,,919
"(((2, 2), (6, 6), (7, 3)), (1, 2))","(((2, 2), (6, 6), (7, 4)), (1, 2))",20,9,29.0,20,,,pruned,,,920
"(((1, 2), (6, 6), (7, 4)), (1, 3))","(((2, 2), (6, 6), (7, 4)), (1, 2))",20,10,30.0,20,,,pruned,,,921
"(((2, 1), (6, 6), (7, 4)), (1, 2))","(((2, 2), (6, 6), (7, 4)), (1, 2))",20,10,30.0,20,,,pruned,,,922
"(((2, 2), (6, 6), (7, 4)), (1, 2))","(((2, 3), (6, 6), (7, 4)), (1, 2))",19,9.0,28.0,19,10,4,expanded,False,True,923
"(((2, 2), (6, 3), (6, 7)), (1, 2))","(((2, 2), (6, 4), (6, 7)), (1, 2))",20,9,29.0,20,,,pruned,,,924
"(((1, 2), (6, 4), (6, 7)), (1, 3))","(((2, 2), (6, 4), (6, 7)), (1, 2))",20,10,30.0,20,,,pruned,,,925
"(((2, 1), (6, 4), (6, 7)), (1, 2))","(((2, 2), (6, 4), (6, 7)), (1, 2))",20,10,30.0,20,,,pruned,,,926
"(((2, 2), (6, 4), (6, 7)), (1, 2))","(((2, 3), (6, 4), (6, 7)), (1, 2))",19,9.0,28.0,19,8,3,expanded,False,True,927
"(((2, 3), (6, 3), (6, 8)), (6, 4))","(((2, 3), (6, 4), (6, 8)), (6, 3))",20,9,29.0,20,,,pruned,,,928
"(((2, 3), (6, 4), (6, 8)), (6, 3))","(((2, 3), (6, 4), (6, 7)), (1, 2))",19,9.0,28.0,19,3,1,expanded,False,True,929
"(((2, 4), (6, 5), (6, 8)), (6, 3))","(((2, 4), (6, 5), (6, 7)), (1, 2))",19,9.0,28.0,19,3,0,expanded,False,True,930
"(((2, 4), (6, 6), (6, 7)), (1, 2))","(((2, 4), (6, 5), (6, 7)), (1, 2))",19,9.0,28.0,19,2,0,expanded,False,True,931
"(((2, 5), (3, 8), (8, 4)), (3, 9))","(((2, 5), (3, 8), (7, 4)), (3, 9))",20,10,30.0,20,,,pruned,,,932
"(((2, 5), (3, 8), (7, 3)), (3, 9))","(((2, 5), (3, 8), (7, 4)), (3, 9))",20,9,29.0,20,,,pruned,,,933
"(((2, 5), (3, 8), (7, 4)), (3, 9))","(((2, 5), (4, 8), (7, 4)), (5, 8))",19,9.0,28.0,19,5,2,expanded,False,True,934
"(((2, 6), (3, 8), (6, 3)), (3, 9))","(((2, 6), (3, 8), (6, 4)), (3, 9))",20,9,29.0,20,,,pruned,,,935
"(((2, 6), (3, 8), (6, 4)), (3, 9))","(((2, 6), (4, 8), (6, 4)), (5, 8))",19,9.0,28.0,19,3,1,expanded,False,True,936
"(((2, 4), (4, 8), (7, 6)), (5, 8))","(((2, 4), (4, 8), (7, 5)), (5, 8))",19,9.0,28.0,19,3,0,expanded,False,True,937
"(((2, 4), (3, 8), (7, 5)), (3, 9))","(((2, 4), (4, 8), (7, 5)), (5, 8))",19,9.0,28.0,19,3,0,expanded,False,True,938
"(((3, 2), (6, 7), (8, 4)), (1, 2))","(((3, 2), (6, 7), (7, 4)), (1, 2))",20,10,30.0,20,,,pruned,,,939
"(((3, 2), (6, 7), (7, 3)), (1, 2))","(((3, 2), (6, 7), (7, 4)), (1, 2))",20,9,29.0,20,,,pruned,,,940
"(((3, 2), (6, 7), (7, 4)), (1, 2))","(((3, 2), (6, 7), (7, 5)), (1, 2))",19,9.0,28.0,19,8,2,expanded,False,True,941
"(((2, 3), (5, 8), (8, 4)), (6, 3))","(((2, 3), (5, 8), (7, 4)), (6, 3))",20,10,30.0,20,,,pruned,,,942
"(((2, 3), (5, 8), (7, 3)), (6, 3))","(((2, 3), (5, 8), (7, 4)), (6, 3))",20,9,29.0,20,,,pruned,,,943
"(((2, 3), (5, 8), (7, 4)), (6, 3))","(((2, 3), (5, 8), (7, 5)), (6, 3))",19,9.0,28.0,19,5,2,expanded,False,True,944
"(((2, 6), (3, 7), (8, 4)), (3, 8))","(((2, 6), (3, 7), (7, 4)), (3, 8))",20,10,30.0,20,,,pruned,,,945
"(((2, 6), (3, 7), (7, 3)), (3, 8))","(((2, 6), (3, 7), (7, 4)), (3, 8))",20,9,29.0,20,,,pruned,,,946
"(((2, 6), (3, 7), (7, 4)), (3, 8))","(((2, 6), (3, 7), (7, 5)), (3, 8))",19,9.0,28.0,19,5,2,expanded,False,True,947
"(((2, 2), (6, 5), (7, 3)), (1, 2))","(((2, 2), (6, 5), (7, 4)), (1, 2))",21,8,29.0,21,,,pruned,,,948
"(((1, 2), (6, 5), (7, 4)), (1, 3))","(((2, 2), (6, 5), (7, 4)), (1, 2))",21,9,30.0,21,,,pruned,,,949
"(((2, 1), (6, 5), (7, 4)), (1, 2))","(((2, 2), (6, 5), (7, 4)), (1, 2))",21,9,30.0,21,,,pruned,,,950
"(((2, 2), (6, 5), (7, 4)), (1, 2))","(((2, 3), (6, 5), (7, 4)), (1, 2))",20,8.0,28.0,20,6,3,expanded,False,True,951
"(((2, 2), (6, 3), (6, 6)), (1, 2))","(((2, 2), (6, 4), (6, 6)), (1, 2))",21,8,29.0,21,,,pruned,,,952
"(((1, 2), (6, 4), (6, 6)), (1, 3))","(((2, 2), (6, 4), (6, 6)), (1, 2))",21,9,30.0,21,,,pruned,,,953
"(((2, 1), (6, 4), (6, 6)), (1, 2))","(((2, 2), (6, 4), (6, 6)), (1, 2))",21,9,30.0,21,,,pruned,,,954
"(((2, 2), (6, 4), (6, 6)), (1, 2))","(((2, 3), (6, 4), (6, 6)), (1, 2))",20,8.0,28.0,20,8,3,expanded,False,True,955
"(((2, 5), (3, 8), (6, 3)), (3, 9))","(((2, 5), (3, 8), (6, 4)), (3, 9))",21,8,29.0,21,,,pruned,,,956
"(((2, 5), (3, 8), (6, 4)), (3, 9))","(((2, 5), (4, 8), (6, 4)), (5, 8))",20,8.0,28.0,20,3,1,expanded,False,True,957
"(((4, 1), (6, 7), (7, 4)), (1, 2))","(((4, 2), (6, 7), (7, 4)), (1, 2))",21,9,30.0,21,,,pruned,,,958
"(((4, 2), (6, 7), (8, 4)), (1, 2))","(((4, 2), (6, 7), (7, 4)), (1, 2))",21,9,30.0,21,,,pruned,,,959
"(((4, 2), (6, 7), (7, 3)), (1, 2))","(((4, 2), (6, 7), (7, 4)), (1, 2))",21,8,29.0,21,,,pruned,,,960
"(((4, 2), (6, 7), (7, 4)), (1, 2))","(((4, 2), (6, 7), (7, 5)), (1, 2))",20,8.0,28.0,20,8,3,expanded,False,True,961
"(((3, 2), (6, 6), (8, 4)), (1, 2))","(((3, 2), (6, 6), (7, 4)), (1, 2))",21,9,30.0,21,,,pruned,,,962
"(((3, 2), (6, 6), (7, 3)), (1, 2))","(((3, 2), (6, 6), (7, 4)), (1, 2))",21,8,29.0,21,,,pruned,,,963
"(((3, 2), (6, 6), (7, 4)), (1, 2))","(((3, 2), (6, 6), (7, 5)), (1, 2))",20,8.0,28.0,20,8,2,expanded,False,True,964
"(((2, 4), (5, 8), (6, 5)), (6, 3))","(((2, 4), (5, 8), (6, 4)), (6, 3))",20,8.0,28.0,20,3,0,expanded,False,True,965
"(((2, 5), (3, 7), (8, 4)), (3, 8))","(((2, 5), (3, 7), (7, 4)), (3, 8))",21,9,30.0,21,,,pruned,,,966
"(((2, 5), (3, 7), (7, 3)), (3, 8))","(((2, 5), (3, 7), (7, 4)), (3, 8))",21,8,29.0,21,,,pruned,,,967
"(((2, 5), (3, 7), (7, 4)), (3, 8))","(((2, 5), (3, 7), (7, 5)), (3, 8))",20,8.0,28.0,20,5,2,expanded,False,True,968
"(((2, 3), (4, 8), (8, 4)), (5, 8))","(((2, 3), (4, 8), (7, 4)), (5, 8))",21,9,30.0,21,,,pruned,,,969
"(((2, 3), (4, 8), (7, 3)), (5, 8))","(((2, 3), (4, 8), (7, 4)), (5, 8))",21,8,29.0,21,,,pruned,,,970
"(((2, 3), (4, 8), (7, 4)), (5, 8))","(((2, 3), (4, 8), (7, 5)), (5, 8))",20,8.0,28.0,20,5,2,expanded,False,True,971
"(((2, 6), (3, 6), (8, 4)), (2, 7))","(((2, 6), (3, 6), (7, 4)), (2, 7))",21,9,30.0,21,,,pruned,,,972
"(((2, 6), (3, 6), (7, 3)), (2, 7))","(((2, 6), (3, 6), (7, 4)), (2, 7))",21,8,29.0,21,,,pruned,,,973
"(((2, 6), (3, 6), (7, 4)), (2, 7))","(((2, 6), (3, 6), (7, 5)), (2, 7))",20,8.0,28.0,20,5,2,expanded,False,True,974
"(((3, 2), (6, 3), (6, 7)), (1, 2))","(((3, 2), (6, 4), (6, 7)), (1, 2))",21,8,29.0,21,,,pruned,,,975
"(((3, 2), (6, 4), (6, 7)), (1, 2))","(((2, 2), (6, 4), (6, 7)), (1, 2))",20,8.0,28.0,20,6,1,expanded,False,True,976
"(((2, 3), (5, 8), (6, 3)), (6, 4))","(((2, 3), (5, 8), (6, 4)), (6, 3))",21,8,29.0,21,,,pruned,,,977
"(((2, 3), (5, 8), (6, 4)), (6, 3))","(((2, 3), (6, 4), (6, 8)), (6, 3))",20,8.0,28.0,20,3,1,expanded,False,True,978
"(((2, 6), (3, 7), (6, 3)), (3, 8))","(((2, 6), (3, 7), (6, 4)), (3, 8))",21,8,29.0,21,,,pruned,,,979
"(((2, 6), (3, 7), (6, 4)), (3, 8))","(((2, 6), (3, 8), (6, 4)), (3, 9))",20,8.0,28.0,20,3,1,expanded,False,True,980
"(((2, 4), (3, 7), (7, 5)), (3, 8))","(((2, 4), (3, 8), (7, 5)), (3, 9))",20,8.0,28.0,20,3,0,expanded,False,True,981
"(((4, 4), (6, 5), (7, 8)), (1, 2))","(((4, 4), (6, 5), (7, 7)), (1, 2))",22,8,30.0,22,,,pruned,,,982
"(((4, 4), (6, 5), (7, 7)), (1, 2))","(((4, 4), (6, 5), (7, 6)), (6, 3))",21,7.0,28.0,21,6,1,expanded,False,True,983
"(((4, 4), (6, 6), (7, 6)), (6, 3))","(((4, 4), (6, 5), (7, 6)), (6, 3))",21,7.0,28.0,21,2,0,expanded,False,True,984
"(((4, 4), (6, 7), (7, 5)), (1, 2))","(((4, 4), (6, 6), (7, 5)), (6, 3))",21,7.0,28.0,21,6,0,expanded,False,True,985
"(((4, 6), (6, 4), (7, 7)), (1, 2))","(((4, 5), (6, 4), (7, 7)), (1, 2))",22,8,30.0,22,,,pruned,,,986
"(((4, 5), (6, 3), (7, 7)), (1, 2))","(((4, 5), (6, 4), (7, 7)), (1, 2))",22,7,29.0,22,,,pruned,,,987
"(((4, 5), (6, 4), (7, 8)), (1, 2))","(((4, 5), (6, 4), (7, 7)), (1, 2))",22,8,30.0,22,,,pruned,,,988
"(((4, 5), (6, 4), (7, 7)), (1, 2))","(((4, 5), (6, 4), (7, 6)), (1, 2))",21,7.0,28.0,21,6,3,expanded,False,True,989
"(((1, 2), (6, 4), (6, 5)), (1, 3))","(((2, 2), (6, 4), (6, 5)), (1, 2))",22,8,30.0,22,,,pruned,,,990
"(((2, 1), (6, 4), (6, 5)), (1, 2))","(((2, 2), (6, 4), (6, 5)), (1, 2))",22,8,30.0,22,,,pruned,,,991
"(((2, 2), (6, 4), (6, 5)), (1, 2))","(((2, 3), (6, 4), (6, 5)), (1, 2))",21,7.0,28.0,21,4,2,expanded,False,True,992
"(((4, 3), (6, 7), (8, 4)), (1, 2))","(((4, 3), (6, 7), (7, 4)), (1, 2))",22,8,30.0,22,,,pruned,,,993
"(((4, 3), (6, 7), (7, 3)), (1, 2))","(((4, 3), (6, 7), (7, 4)), (1, 2))",22,7,29.0,22,,,pruned,,,994
"(((4, 3), (6, 7), (7, 4)), (1, 2))","(((4, 3), (6, 7), (7, 5)), (1, 2))",21,7.0,28.0,21,8,2,expanded,False,True,995
"(((4, 2), (6, 6), (8, 4)), (1, 2))","(((4, 2), (6, 6), (7, 4)), (1, 2))",22,8,30.0,22,,,pruned,,,996
"(((4, 2), (6, 6), (7, 3)), (1, 2))","(((4, 2), (6, 6), (7, 4)), (1, 2))",22,7,29.0,22,,,pruned,,,997
"(((4, 1), (6, 6), (7, 4)), (1, 2))","(((4, 2), (6, 6), (7, 4)), (1, 2))",22,8,30.0,22,,,pruned,,,998
"(((4, 2), (6, 6), (7, 4)), (1, 2))","(((4, 2), (6, 6), (7, 5)), (1, 2))",21,7.0,28.0,21,8,3,expanded,False,True,999
"(((3, 2), (6, 5), (7, 3)), (1, 2))","(((3, 2), (6, 5), (7, 4)), (1, 2))",22,7,29.0,22,,,pruned,,,1000
"(((3, 2), (6, 5), (7, 4)), (1, 2))","(((3, 2), (6, 5), (7, 5)), (1, 2))",21,7.0,28.0,21,4,1,expanded,False,True,1001
"(((2, 4), (4, 8), (6, 5)), (5, 8))","(((2, 4), (4, 8), (6, 4)), (5, 8))",21,7.0,28.0,21,3,0,expanded,False,True,1002
"(((2, 5), (3, 6), (8, 4)), (1, 2))","(((2, 5), (3, 6), (7, 4)), (1, 2))",22,8,30.0,22,,,pruned,,,1003
"(((2, 5), (3, 6), (7, 3)), (1, 2))","(((2, 5), (3, 6), (7, 4)), (1, 2))",22,7,29.0,22,,,pruned,,,1004
"(((2, 5), (4, 6), (7, 4)), (1, 2))","(((2, 5), (3, 6), (7, 4)), (1, 2))",22,6,28.0,22,,,pruned,,,1005
"(((2, 5), (3, 6), (7, 4)), (1, 2))","(((2, 5), (3, 6), (7, 5)), (1, 2))",21,7.0,28.0,21,8,3,expanded,False,True,1006
"(((2, 4), (4, 6), (7, 5)), (1, 2))","(((2, 4), (3, 6), (7, 5)), (1, 2))",22,6,28.0,22,,,pruned,,,1007
"(((2, 4), (3, 6), (7, 5)), (1, 2))","(((2, 5), (3, 6), (7, 5)), (1, 2))",21,7.0,28.0,21,6,1,expanded,False,True,1008
"(((3, 2), (6, 3), (6, 6)), (1, 2))","(((3, 2), (6, 4), (6, 6)), (1, 2))",22,7,29.0,22,,,pruned,,,1009
"(((3, 2), (6, 4), (6, 6)), (1, 2))","(((2, 2), (6, 4), (6, 6)), (1, 2))",21,7.0,28.0,21,6,1,expanded,False,True,1010
"(((2, 5), (3, 7), (6, 3)), (3, 8))","(((2, 5), (3, 7), (6, 4)), (3, 8))",22,7,29.0,22,,,pruned,,,1011
"(((2, 5), (3, 7), (6, 4)), (3, 8))","(((2, 5), (3, 8), (6, 4)), (3, 9))",21,7.0,28.0,21,3,1,expanded,False,True,1012
"(((4, 2), (6, 3), (6, 7)), (1, 2))","(((4, 2), (6, 4), (6, 7)), (1, 2))",22,7,29.0,22,,,pruned,,,1013
"(((4, 1), (6, 4), (6, 7)), (1, 2))","(((4, 2), (6, 4), (6, 7)), (1, 2))",22,8,30.0,22,,,pruned,,,1014
"(((4, 2), (6, 4), (6, 7)), (1, 2))","(((4, 2), (6, 7), (7, 4)), (1, 2))",21,7.0,28.0,21,6,2,expanded,False,True,1015
"(((2, 3), (4, 8), (6, 3)), (5, 8))","(((2, 3), (4, 8), (6, 4)), (5, 8))",22,7,29.0,22,,,pruned,,,1016
"(((2, 3), (4, 8), (6, 4)), (5, 8))","(((2, 3), (4, 8), (7, 4)), (5, 8))",21,7.0,28.0,21,3,1,expanded,False,True,1017
"(((2, 6), (3, 6), (6, 3)), (2, 7))","(((2, 6), (3, 6), (6, 4)), (2, 7))",22,7,29.0,22,,,pruned,,,1018
"(((2, 6), (3, 6), (6, 4)), (2, 7))","(((2, 6), (3, 6), (7, 4)), (2, 7))",21,7.0,28.0,21,3,1,expanded,False,True,1019
"(((4, 4), (6, 5), (7, 6)), (1, 2))","(((4, 3), (6, 5), (7, 6)), (1, 2))",22,6.0,28.0,22,4,0,expanded,False,True,1020
"(((4, 3), (6, 6), (8, 4)), (1, 2))","(((4, 3), (6, 6), (7, 4)), (1, 2))",23,7,30.0,23,,,pruned,,,1021
"(((4, 3), (6, 6), (7, 3)), (1, 2))","(((4, 3), (6, 6), (7, 4)), (1, 2))",23,6,29.0,23,,,pruned,,,1022
"(((4, 3), (6, 6), (7, 4)), (1, 2))","(((4, 3), (6, 6), (7, 5)), (1, 2))",22,6.0,28.0,22,8,2,expanded,False,True,1023
"(((4, 4), (6, 6), (7, 5)), (1, 2))","(((4, 3), (6, 6), (7, 5)), (1, 2))",22,6.0,28.0,22,4,0,expanded,False,True,1024
"(((4, 1), (6, 5), (7, 4)), (1, 2))","(((4, 2), (6, 5), (7, 4)), (1, 2))",23,7,30.0,23,,,pruned,,,1025
"(((4, 2), (6, 5), (7, 3)), (1, 2))","(((4, 2), (6, 5), (7, 4)), (1, 2))",23,6,29.0,23,,,pruned,,,1026
"(((4, 2), (6, 5), (7, 4)), (1, 2))","(((4, 2), (6, 5), (7, 5)), (1, 2))",22,6.0,28.0,22,4,2,expanded,False,True,1027
"(((3, 2), (6, 4), (6, 5)), (1, 2))","(((2, 2), (6, 4), (6, 5)), (1, 2))",22,6.0,28.0,22,2,0,expanded,False,True,1028
"(((4, 3), (6, 3), (6, 7)), (1, 2))","(((4, 3), (6, 4), (6, 7)), (1, 2))",23,6,29.0,23,,,pruned,,,1029
"(((4, 3), (6, 4), (6, 7)), (1, 2))","(((4, 3), (6, 7), (7, 4)), (1, 2))",22,6.0,28.0,22,6,1,expanded,False,True,1030
"(((4, 2), (6, 3), (6, 6)), (1, 2))","(((4, 2), (6, 4), (6, 6)), (1, 2))",23,6,29.0,23,,,pruned,,,1031
"(((4, 1), (6, 4), (6, 6)), (1, 2))","(((4, 2), (6, 4), (6, 6)), (1, 2))",23,7,30.0,23,,,pruned,,,1032
"(((4, 2), (6, 4), (6, 6)), (1, 2))","(((4, 2), (6, 6), (7, 4)), (1, 2))",22,6.0,28.0,22,6,2,expanded,False,True,1033
"(((2, 5), (3, 6), (6, 3)), (1, 2))","(((2, 5), (3, 6), (6, 4)), (1, 2))",23,6,29.0,23,,,pruned,,,1034
"(((2, 5), (4, 6), (6, 4)), (1, 2))","(((2, 5), (3, 6), (6, 4)), (1, 2))",23,5,28.0,23,,,pruned,,,1035
"(((2, 5), (3, 6), (6, 4)), (1, 2))","(((2, 5), (3, 6), (7, 4)), (1, 2))",22,6.0,28.0,22,6,2,expanded,False,True,1036
"(((4, 3), (6, 5), (7, 3)), (1, 2))","(((4, 3), (6, 5), (7, 4)), (1, 2))",24,5,29.0,24,,,pruned,,,1037
"(((4, 3), (6, 5), (7, 4)), (1, 2))","(((4, 3), (6, 5), (7, 5)), (1, 2))",23,5.0,28.0,23,4,1,expanded,False,True,1038
"(((4, 4), (6, 5), (7, 5)), (1, 2))","(((4, 3), (6, 5), (7, 5)), (1, 2))",23,5.0,28.0,23,4,0,expanded,False,True,1039
"(((4, 3), (6, 3), (6, 6)), (1, 2))","(((4, 3), (6, 4), (6, 6)), (1, 2))",24,5,29.0,24,,,pruned,,,1040
"(((4, 3), (6, 4), (6, 6)), (1, 2))","(((4, 3), (6, 6), (7, 4)), (1, 2))",23,5.0,28.0,23,6,1,expanded,False,True,1041
"(((4, 1), (6, 4), (6, 5)), (1, 2))","(((4, 2), (6, 4), (6, 5)), (1, 2))",24,6,30.0,24,,,pruned,,,1042
"(((4, 2), (6, 4), (6, 5)), (1, 2))","(((3, 2), (6, 4), (6, 5)), (1, 2))",23,5.0,28.0,23,2,1,expanded,False,True,1043
"(((4, 3), (6, 4), (6, 5)), (1, 2))","(((4, 3), (6, 4), (6, 6)), (1, 2))",24,4.0,28.0,24,2,0,expanded,False,True,1044
"(((2, 6), (6, 8), (7, 8)), (6, 3))","(((2, 6), (6, 8), (7, 7)), (6, 3))",17,14,31.0,17,,,pruned,,,1045
"(((2, 6), (6, 8), (7, 7)), (6, 3))","(((2, 6), (6, 7), (7, 7)), (6, 3))",16,13.0,29.0,16,1,1,expanded,True,True,1046
"(((3, 8), (6, 7), (6, 8)), (6, 3))","(((3, 8), (6, 6), (6, 8)), (6, 3))",16,13.0,29.0,16,1,0,expanded,False,True,1047
"(((2, 5), (6, 8), (7, 8)), (6, 3))","(((2, 5), (6, 8), (7, 7)), (6, 3))",18,13,31.0,18,,,pruned,,,1048
"(((2, 5), (6, 8), (7, 7)), (6, 3))","(((2, 5), (6, 7), (7, 7)), (6, 3))",17,12.0,29.0,17,1,1,expanded,True,True,1049
"(((4, 8), (5, 8), (6, 8)), (6, 3))","(((4, 8), (5, 8), (6, 7)), (6, 3))",17,12.0,29.0,17,0,0,expanded,False,True,1050
"(((3, 7), (6, 7), (6, 8)), (6, 3))","(((3, 7), (6, 6), (6, 8)), (6, 3))",17,12.0,29.0,17,1,0,expanded,False,True,1051
"(((3, 7), (3, 8), (7, 8)), (3, 9))","(((3, 7), (3, 8), (7, 7)), (3, 9))",18,13,31.0,18,,,pruned,,,1052
"(((3, 7), (3, 8), (7, 7)), (3, 9))","(((3, 7), (4, 8), (7, 7)), (5, 8))",17,12.0,29.0,17,2,1,expanded,False,True,1053
"(((3, 8), (5, 8), (6, 7)), (6, 3))","(((3, 8), (5, 8), (6, 6)), (6, 3))",17,12.0,29.0,17,3,0,expanded,False,True,1054
"(((2, 6), (5, 8), (7, 8)), (6, 3))","(((2, 6), (5, 8), (7, 7)), (6, 3))",18,13,31.0,18,,,pruned,,,1055
"(((2, 6), (5, 8), (7, 7)), (6, 3))","(((2, 6), (5, 8), (7, 6)), (6, 3))",17,12.0,29.0,17,3,1,expanded,False,True,1056
"(((2, 2), (6, 6), (7, 8)), (1, 2))","(((2, 2), (6, 6), (7, 7)), (6, 3))",19,12,31.0,19,,,pruned,,,1057
"(((2, 2), (6, 6), (7, 7)), (6, 3))","(((2, 2), (6, 5), (7, 7)), (1, 2))",18,11.0,29.0,18,2,1,expanded,False,True,1058
"(((2, 3), (6, 7), (7, 8)), (6, 3))","(((2, 3), (6, 7), (7, 7)), (6, 3))",19,12,31.0,19,,,pruned,,,1059
"(((2, 3), (6, 7), (7, 7)), (6, 3))","(((2, 3), (6, 6), (7, 7)), (6, 3))",18,11.0,29.0,18,2,1,expanded,False,True,1060
"(((2, 3), (6, 8), (7, 6)), (6, 3))","(((2, 3), (6, 7), (7, 6)), (6, 3))",18,11.0,29.0,18,3,0,expanded,False,True,1061
"(((2, 2), (6, 8), (7, 5)), (6, 3))","(((2, 2), (6, 7), (7, 5)), (1, 2))",18,11.0,29.0,18,3,0,expanded,False,True,1062
"(((2, 2), (6, 7), (7, 6)), (6, 3))","(((2, 2), (6, 7), (7, 5)), (1, 2))",18,11.0,29.0,18,2,0,expanded,False,True,1063
"(((3, 6), (6, 7), (6, 8)), (6, 3))","(((3, 6), (6, 6), (6, 8)), (6, 3))",18,11.0,29.0,18,1,0,expanded,False,True,1064
"(((2, 6), (6, 6), (6, 8)), (6, 3))","(((2, 6), (6, 5), (6, 8)), (6, 3))",18,11.0,29.0,18,3,0,expanded,False,True,1065
"(((3, 6), (3, 8), (7, 8)), (3, 9))","(((3, 6), (3, 8), (7, 7)), (3, 9))",19,12,31.0,19,,,pruned,,,1066
"(((3, 6), (3, 8), (7, 7)), (3, 9))","(((3, 6), (4, 8), (7, 7)), (5, 8))",18,11.0,29.0,18,3,1,expanded,False,True,1067
"(((3, 7), (5, 8), (6, 7)), (6, 3))","(((3, 7), (5, 8), (6, 6)), (6, 3))",18,11.0,29.0,18,3,0,expanded,False,True,1068
"(((3, 8), (4, 8), (6, 7)), (5, 8))","(((3, 8), (4, 8), (6, 6)), (5, 8))",18,11.0,29.0,18,2,0,expanded,False,True,1069
"(((2, 5), (5, 8), (7, 8)), (6, 3))","(((2, 5), (5, 8), (7, 7)), (6, 3))",19,12,31.0,19,,,pruned,,,1070
"(((2, 5), (5, 8), (7, 7)), (6, 3))","(((2, 5), (5, 8), (7, 6)), (6, 3))",18,11.0,29.0,18,3,1,expanded,False,True,1071
"(((2, 6), (4, 8), (7, 8)), (5, 8))","(((2, 6), (4, 8), (7, 7)), (5, 8))",19,12,31.0,19,,,pruned,,,1072
"(((2, 6), (4, 8), (7, 7)), (5, 8))","(((2, 6), (4, 8), (7, 6)), (5, 8))",18,11.0,29.0,18,3,1,expanded,False,True,1073
"(((2, 6), (3, 8), (7, 6)), (3, 9))","(((2, 6), (4, 8), (7, 6)), (5, 8))",18,11.0,29.0,18,3,0,expanded,False,True,1074
"(((3, 2), (6, 6), (7, 8)), (1, 2))","(((3, 2), (6, 6), (7, 7)), (6, 3))",20,11,31.0,20,,,pruned,,,1075
"(((3, 2), (6, 6), (7, 7)), (6, 3))","(((3, 2), (6, 5), (7, 7)), (1, 2))",19,10.0,29.0,19,2,1,expanded,False,True,1076
"(((3, 2), (6, 7), (7, 6)), (6, 3))","(((3, 2), (6, 6), (7, 6)), (6, 3))",19,10.0,29.0,19,2,0,expanded,False,True,1077
"(((3, 2), (6, 8), (7, 5)), (6, 3))","(((3, 2), (6, 7), (7, 5)), (1, 2))",19,10.0,29.0,19,3,0,expanded,False,True,1078
"(((3, 6), (5, 8), (6, 7)), (6, 3))","(((3, 6), (5, 8), (6, 6)), (6, 3))",19,10.0,29.0,19,3,0,expanded,False,True,1079
"(((2, 5), (6, 6), (6, 8)), (6, 3))","(((2, 5), (6, 5), (6, 8)), (6, 3))",19,10.0,29.0,19,3,0,expanded,False,True,1080
"(((3, 7), (4, 8), (6, 7)), (5, 8))","(((3, 7), (4, 8), (6, 6)), (5, 8))",19,10.0,29.0,19,3,0,expanded,False,True,1081
"(((3, 7), (3, 8), (6, 6)), (3, 9))","(((3, 7), (4, 8), (6, 6)), (5, 8))",19,10.0,29.0,19,2,0,expanded,False,True,1082
"(((3, 6), (3, 7), (7, 8)), (3, 8))","(((3, 6), (3, 7), (7, 7)), (3, 8))",20,11,31.0,20,,,pruned,,,1083
"(((3, 6), (3, 7), (7, 7)), (3, 8))","(((3, 6), (3, 7), (7, 6)), (3, 8))",19,10.0,29.0,19,2,1,expanded,False,True,1084
"(((2, 5), (4, 8), (7, 8)), (5, 8))","(((2, 5), (4, 8), (7, 7)), (5, 8))",20,11,31.0,20,,,pruned,,,1085
"(((2, 5), (4, 8), (7, 7)), (5, 8))","(((2, 5), (4, 8), (7, 6)), (5, 8))",19,10.0,29.0,19,3,1,expanded,False,True,1086
"(((2, 5), (3, 8), (7, 6)), (3, 9))","(((2, 5), (4, 8), (7, 6)), (5, 8))",19,10.0,29.0,19,3,0,expanded,False,True,1087
"(((2, 6), (5, 8), (6, 6)), (6, 3))","(((2, 6), (5, 8), (6, 5)), (6, 3))",19,10.0,29.0,19,3,0,expanded,False,True,1088
"(((2, 3), (5, 8), (7, 6)), (6, 3))","(((2, 3), (5, 8), (7, 5)), (6, 3))",19,10.0,29.0,19,3,0,expanded,False,True,1089
"(((2, 6), (3, 7), (7, 6)), (3, 8))","(((2, 6), (3, 7), (7, 5)), (3, 8))",19,10.0,29.0,19,3,0,expanded,False,True,1090
"(((2, 2), (5, 8), (7, 5)), (6, 3))","(((2, 2), (6, 8), (7, 5)), (6, 3))",19,10.0,29.0,19,3,0,expanded,False,True,1091
"(((4, 2), (6, 6), (7, 8)), (1, 2))","(((4, 2), (6, 6), (7, 7)), (6, 3))",21,10,31.0,21,,,pruned,,,1092
"(((4, 2), (6, 6), (7, 7)), (6, 3))","(((4, 2), (6, 5), (7, 7)), (1, 2))",20,9.0,29.0,20,2,1,expanded,False,True,1093
"(((4, 2), (6, 7), (7, 6)), (6, 3))","(((4, 2), (6, 6), (7, 6)), (6, 3))",20,9.0,29.0,20,2,0,expanded,False,True,1094
"(((4, 2), (6, 8), (7, 5)), (6, 3))","(((4, 2), (6, 7), (7, 5)), (1, 2))",20,9.0,29.0,20,3,0,expanded,False,True,1095
"(((3, 6), (4, 8), (6, 7)), (5, 8))","(((3, 6), (4, 8), (6, 6)), (5, 8))",20,9.0,29.0,20,3,0,expanded,False,True,1096
"(((3, 6), (3, 8), (6, 6)), (3, 9))","(((3, 6), (4, 8), (6, 6)), (5, 8))",20,9.0,29.0,20,3,0,expanded,False,True,1097
"(((1, 2), (6, 5), (6, 7)), (1, 3))","(((2, 2), (6, 5), (6, 7)), (1, 2))",21,10,31.0,21,,,pruned,,,1098
"(((2, 1), (6, 5), (6, 7)), (1, 2))","(((2, 2), (6, 5), (6, 7)), (1, 2))",21,10,31.0,21,,,pruned,,,1099
"(((2, 2), (6, 5), (6, 7)), (1, 2))","(((2, 3), (6, 5), (6, 7)), (1, 2))",20,9.0,29.0,20,8,2,expanded,False,True,1100
"(((2, 3), (6, 5), (6, 8)), (6, 3))","(((2, 3), (6, 5), (6, 7)), (1, 2))",20,9.0,29.0,20,3,0,expanded,False,True,1101
"(((2, 3), (6, 6), (6, 7)), (1, 2))","(((2, 3), (6, 5), (6, 7)), (1, 2))",20,9.0,29.0,20,2,0,expanded,False,True,1102
"(((2, 5), (5, 8), (6, 6)), (6, 3))","(((2, 5), (5, 8), (6, 5)), (6, 3))",20,9.0,29.0,20,3,0,expanded,False,True,1103
"(((2, 6), (4, 8), (6, 6)), (5, 8))","(((2, 6), (4, 8), (6, 5)), (5, 8))",20,9.0,29.0,20,3,0,expanded,False,True,1104
"(((2, 6), (3, 8), (6, 5)), (3, 9))","(((2, 6), (4, 8), (6, 5)), (5, 8))",20,9.0,29.0,20,3,0,expanded,False,True,1105
"(((2, 4), (3, 8), (8, 4)), (3, 9))","(((2, 4), (3, 8), (7, 4)), (3, 9))",21,10,31.0,21,,,pruned,,,1106
"(((2, 4), (3, 8), (7, 3)), (3, 9))","(((2, 4), (3, 8), (7, 4)), (3, 9))",21,9,30.0,21,,,pruned,,,1107
"(((2, 4), (3, 8), (7, 4)), (3, 9))","(((2, 4), (4, 8), (7, 4)), (5, 8))",20,9.0,29.0,20,5,2,expanded,False,True,1108
"(((2, 5), (3, 7), (7, 6)), (3, 8))","(((2, 5), (3, 7), (7, 5)), (3, 8))",20,9.0,29.0,20,3,0,expanded,False,True,1109
"(((2, 3), (4, 8), (7, 6)), (5, 8))","(((2, 3), (4, 8), (7, 5)), (5, 8))",20,9.0,29.0,20,3,0,expanded,False,True,1110
"(((2, 3), (3, 8), (7, 5)), (3, 9))","(((2, 3), (4, 8), (7, 5)), (5, 8))",20,9.0,29.0,20,3,0,expanded,False,True,1111
"(((2, 6), (3, 6), (7, 6)), (2, 7))","(((2, 6), (3, 6), (7, 5)), (2, 7))",20,9.0,29.0,20,3,0,expanded,False,True,1112
"(((3, 2), (5, 8), (7, 5)), (6, 3))","(((3, 2), (6, 8), (7, 5)), (6, 3))",20,9.0,29.0,20,3,0,expanded,False,True,1113
"(((2, 2), (4, 8), (7, 5)), (5, 8))","(((2, 2), (5, 8), (7, 5)), (6, 3))",20,9.0,29.0,20,3,0,expanded,False,True,1114
"(((4, 3), (6, 6), (7, 8)), (1, 2))","(((4, 3), (6, 6), (7, 7)), (6, 3))",22,9,31.0,22,,,pruned,,,1115
"(((4, 3), (6, 6), (7, 7)), (6, 3))","(((4, 3), (6, 5), (7, 7)), (1, 2))",21,8.0,29.0,21,2,1,expanded,False,True,1116
"(((4, 3), (6, 7), (7, 6)), (6, 3))","(((4, 3), (6, 6), (7, 6)), (6, 3))",21,8.0,29.0,21,2,0,expanded,False,True,1117
"(((4, 3), (6, 8), (7, 5)), (6, 3))","(((4, 3), (6, 7), (7, 5)), (1, 2))",21,8.0,29.0,21,3,0,expanded,False,True,1118
"(((1, 2), (6, 5), (6, 6)), (1, 3))","(((2, 2), (6, 5), (6, 6)), (1, 2))",22,9,31.0,22,,,pruned,,,1119
"(((2, 1), (6, 5), (6, 6)), (1, 2))","(((2, 2), (6, 5), (6, 6)), (1, 2))",22,9,31.0,22,,,pruned,,,1120
"(((2, 2), (6, 5), (6, 6)), (1, 2))","(((2, 3), (6, 5), (6, 6)), (1, 2))",21,8.0,29.0,21,4,2,expanded,False,True,1121
"(((3, 6), (3, 7), (6, 6)), (3, 8))","(((3, 6), (3, 7), (6, 5)), (3, 8))",21,8.0,29.0,21,2,0,expanded,False,True,1122
"(((2, 5), (4, 8), (6, 6)), (5, 8))","(((2, 5), (4, 8), (6, 5)), (5, 8))",21,8.0,29.0,21,3,0,expanded,False,True,1123
"(((2, 5), (3, 8), (6, 5)), (3, 9))","(((2, 5), (4, 8), (6, 5)), (5, 8))",21,8.0,29.0,21,3,0,expanded,False,True,1124
"(((2, 4), (3, 8), (6, 3)), (3, 9))","(((2, 4), (3, 8), (6, 4)), (3, 9))",22,8,30.0,22,,,pruned,,,1125
"(((2, 4), (3, 8), (6, 4)), (3, 9))","(((2, 4), (4, 8), (6, 4)), (5, 8))",21,8.0,29.0,21,3,1,expanded,False,True,1126
"(((2, 5), (4, 6), (7, 6)), (1, 2))","(((2, 5), (3, 6), (7, 6)), (1, 2))",22,7,29.0,22,,,pruned,,,1127
"(((2, 5), (3, 6), (7, 6)), (1, 2))","(((2, 5), (3, 6), (7, 5)), (1, 2))",21,8.0,29.0,21,6,1,expanded,False,True,1128
"(((2, 7), (3, 6), (7, 5)), (1, 2))","(((2, 6), (3, 6), (7, 5)), (1, 2))",22,9,31.0,22,,,pruned,,,1129
"(((2, 6), (3, 6), (7, 5)), (1, 2))","(((2, 5), (3, 6), (7, 5)), (1, 2))",21,8.0,29.0,21,1,1,expanded,True,True,1130
"(((1, 6), (2, 5), (7, 5)), (1, 2))","(((2, 5), (2, 6), (7, 5)), (1, 2))",22,9,31.0,22,,,pruned,,,1131
"(((2, 5), (2, 6), (7, 5)), (1, 2))","(((2, 5), (3, 6), (7, 5)), (1, 2))",21,8.0,29.0,21,4,1,expanded,False,True,1132
"(((3, 2), (6, 5), (6, 7)), (1, 2))","(((3, 2), (6, 4), (6, 7)), (1, 2))",21,8.0,29.0,21,6,0,expanded,False,True,1133
"(((2, 3), (5, 8), (6, 5)), (6, 3))","(((2, 3), (5, 8), (6, 4)), (6, 3))",21,8.0,29.0,21,3,0,expanded,False,True,1134
"(((2, 6), (3, 7), (6, 5)), (3, 8))","(((2, 6), (3, 7), (6, 4)), (3, 8))",21,8.0,29.0,21,3,0,expanded,False,True,1135
"(((2, 4), (3, 7), (8, 4)), (3, 8))","(((2, 4), (3, 7), (7, 4)), (3, 8))",22,9,31.0,22,,,pruned,,,1136
"(((2, 4), (3, 7), (7, 3)), (3, 8))","(((2, 4), (3, 7), (7, 4)), (3, 8))",22,8,30.0,22,,,pruned,,,1137
"(((2, 4), (3, 7), (7, 4)), (3, 8))","(((2, 4), (3, 7), (7, 5)), (3, 8))",21,8.0,29.0,21,5,2,expanded,False,True,1138
"(((4, 2), (5, 8), (7, 5)), (6, 3))","(((4, 2), (6, 8), (7, 5)), (6, 3))",21,8.0,29.0,21,3,0,expanded,False,True,1139
"(((2, 3), (3, 7), (7, 5)), (3, 8))","(((2, 3), (3, 8), (7, 5)), (3, 9))",21,8.0,29.0,21,3,0,expanded,False,True,1140
"(((3, 2), (4, 8), (7, 5)), (5, 8))","(((3, 2), (5, 8), (7, 5)), (6, 3))",21,8.0,29.0,21,3,0,expanded,False,True,1141
"(((4, 6), (6, 7), (7, 5)), (1, 2))","(((4, 5), (6, 7), (7, 5)), (1, 2))",23,8,31.0,23,,,pruned,,,1142
"(((4, 5), (6, 7), (7, 5)), (1, 2))","(((4, 5), (6, 6), (7, 5)), (6, 3))",22,7.0,29.0,22,6,1,expanded,False,True,1143
"(((4, 5), (6, 6), (7, 6)), (6, 3))","(((4, 5), (6, 6), (7, 5)), (6, 3))",22,7.0,29.0,22,2,0,expanded,False,True,1144
"(((4, 6), (6, 5), (7, 7)), (1, 2))","(((4, 5), (6, 5), (7, 7)), (1, 2))",23,8,31.0,23,,,pruned,,,1145
"(((4, 5), (6, 5), (7, 8)), (1, 2))","(((4, 5), (6, 5), (7, 7)), (1, 2))",23,8,31.0,23,,,pruned,,,1146
"(((4, 5), (6, 5), (7, 7)), (1, 2))","(((4, 5), (6, 5), (7, 6)), (6, 3))",22,7.0,29.0,22,6,2,expanded,False,True,1147
"(((4, 4), (6, 7), (8, 4)), (1, 2))","(((4, 4), (6, 7), (7, 4)), (1, 2))",23,8,31.0,23,,,pruned,,,1148
"(((4, 4), (6, 7), (7, 3)), (1, 2))","(((4, 4), (6, 7), (7, 4)), (1, 2))",23,7,30.0,23,,,pruned,,,1149
"(((4, 4), (6, 7), (7, 4)), (1, 2))","(((4, 4), (6, 7), (7, 5)), (1, 2))",22,7.0,29.0,22,8,2,expanded,False,True,1150
"(((2, 4), (3, 6), (8, 4)), (1, 2))","(((2, 4), (3, 6), (7, 4)), (1, 2))",23,8,31.0,23,,,pruned,,,1151
"(((2, 4), (3, 6), (7, 3)), (1, 2))","(((2, 4), (3, 6), (7, 4)), (1, 2))",23,7,30.0,23,,,pruned,,,1152
"(((2, 4), (4, 6), (7, 4)), (1, 2))","(((2, 4), (3, 6), (7, 4)), (1, 2))",23,6,29.0,23,,,pruned,,,1153
"(((2, 4), (3, 6), (7, 4)), (1, 2))","(((2, 5), (3, 6), (7, 4)), (1, 2))",22,7.0,29.0,22,8,3,expanded,False,True,1154
"(((2, 3), (4, 6), (7, 5)), (1, 2))","(((2, 3), (3, 6), (7, 5)), (1, 2))",23,6,29.0,23,,,pruned,,,1155
"(((2, 3), (3, 6), (7, 5)), (1, 2))","(((2, 4), (3, 6), (7, 5)), (1, 2))",22,7.0,29.0,22,6,1,expanded,False,True,1156
"(((3, 2), (6, 5), (6, 6)), (1, 2))","(((3, 2), (6, 4), (6, 6)), (1, 2))",22,7.0,29.0,22,2,0,expanded,False,True,1157
"(((2, 5), (3, 7), (6, 5)), (3, 8))","(((2, 5), (3, 7), (6, 4)), (3, 8))",22,7.0,29.0,22,3,0,expanded,False,True,1158
"(((4, 1), (6, 5), (6, 7)), (1, 2))","(((4, 2), (6, 5), (6, 7)), (1, 2))",23,8,31.0,23,,,pruned,,,1159
"(((4, 2), (6, 5), (6, 7)), (1, 2))","(((4, 2), (6, 4), (6, 7)), (1, 2))",22,7.0,29.0,22,6,1,expanded,False,True,1160
"(((2, 3), (4, 8), (6, 5)), (5, 8))","(((2, 3), (4, 8), (6, 4)), (5, 8))",22,7.0,29.0,22,3,0,expanded,False,True,1161
"(((2, 6), (3, 6), (6, 5)), (2, 7))","(((2, 6), (3, 6), (6, 4)), (2, 7))",22,7.0,29.0,22,3,0,expanded,False,True,1162
"(((4, 3), (5, 8), (7, 5)), (6, 3))","(((4, 3), (6, 8), (7, 5)), (6, 3))",22,7.0,29.0,22,3,0,expanded,False,True,1163
"(((2, 4), (3, 7), (6, 3)), (3, 8))","(((2, 4), (3, 7), (6, 4)), (3, 8))",23,7,30.0,23,,,pruned,,,1164
"(((2, 4), (3, 7), (6, 4)), (3, 8))","(((2, 4), (3, 8), (6, 4)), (3, 9))",22,7.0,29.0,22,3,1,expanded,False,True,1165
"(((4, 2), (4, 8), (7, 5)), (5, 8))","(((4, 2), (5, 8), (7, 5)), (6, 3))",22,7.0,29.0,22,3,0,expanded,False,True,1166
"(((4, 6), (6, 5), (7, 6)), (1, 2))","(((4, 5), (6, 5), (7, 6)), (1, 2))",24,7,31.0,24,,,pruned,,,1167
"(((4, 5), (6, 5), (7, 6)), (1, 2))","(((4, 4), (6, 5), (7, 6)), (1, 2))",23,6.0,29.0,23,4,1,expanded,False,True,1168
"(((4, 4), (6, 6), (8, 4)), (1, 2))","(((4, 4), (6, 6), (7, 4)), (1, 2))",24,7,31.0,24,,,pruned,,,1169
"(((4, 4), (6, 6), (7, 3)), (1, 2))","(((4, 4), (6, 6), (7, 4)), (1, 2))",24,6,30.0,24,,,pruned,,,1170
"(((4, 4), (6, 6), (7, 4)), (1, 2))","(((4, 3), (6, 6), (7, 4)), (1, 2))",23,6.0,29.0,23,8,2,expanded,False,True,1171
"(((4, 6), (6, 6), (7, 5)), (1, 2))","(((4, 5), (6, 6), (7, 5)), (1, 2))",24,7,31.0,24,,,pruned,,,1172
"(((4, 5), (6, 6), (7, 5)), (1, 2))","(((4, 4), (6, 6), (7, 5)), (1, 2))",23,6.0,29.0,23,4,1,expanded,False,True,1173
"(((4, 3), (6, 5), (6, 7)), (1, 2))","(((4, 3), (6, 4), (6, 7)), (1, 2))",23,6.0,29.0,23,6,0,expanded,False,True,1174
"(((4, 4), (6, 3), (6, 7)), (1, 2))","(((4, 4), (6, 4), (6, 7)), (1, 2))",24,6,30.0,24,,,pruned,,,1175
"(((4, 4), (6, 4), (6, 7)), (1, 2))","(((4, 3), (6, 4), (6, 7)), (1, 2))",23,6.0,29.0,23,6,1,expanded,False,True,1176
"(((4, 1), (6, 5), (6, 6)), (1, 2))","(((4, 2), (6, 5), (6, 6)), (1, 2))",24,7,31.0,24,,,pruned,,,1177
"(((4, 2), (6, 5), (6, 6)), (1, 2))","(((4, 2), (6, 4), (6, 6)), (1, 2))",23,6.0,29.0,23,2,1,expanded,False,True,1178
"(((2, 4), (3, 6), (6, 3)), (1, 2))","(((2, 4), (3, 6), (6, 4)), (1, 2))",24,6,30.0,24,,,pruned,,,1179
"(((2, 4), (4, 6), (6, 4)), (1, 2))","(((2, 4), (3, 6), (6, 4)), (1, 2))",24,5,29.0,24,,,pruned,,,1180
"(((2, 4), (3, 6), (6, 4)), (1, 2))","(((2, 5), (3, 6), (6, 4)), (1, 2))",23,6.0,29.0,23,6,2,expanded,False,True,1181
"(((2, 5), (4, 6), (6, 5)), (1, 2))","(((2, 5), (3, 6), (6, 5)), (1, 2))",24,5,29.0,24,,,pruned,,,1182
"(((2, 5), (3, 6), (6, 5)), (1, 2))","(((2, 5), (3, 6), (6, 4)), (1, 2))",23,6.0,29.0,23,6,1,expanded,False,True,1183
"(((4, 3), (4, 8), (7, 5)), (5, 8))","(((4, 3), (5, 8), (7, 5)), (6, 3))",23,6.0,29.0,23,3,0,expanded,False,True,1184
"(((4, 4), (6, 5), (7, 3)), (1, 2))","(((4, 4), (6, 5), (7, 4)), (1, 2))",25,5,30.0,25,,,pruned,,,1185
"(((4, 4), (6, 5), (7, 4)), (1, 2))","(((4, 3), (6, 5), (7, 4)), (1, 2))",24,5.0,29.0,24,4,1,expanded,False,True,1186
"(((4, 6), (6, 5), (7, 5)), (1, 2))","(((4, 5), (6, 5), (7, 5)), (1, 2))",25,6,31.0,25,,,pruned,,,1187
"(((4, 5), (6, 5), (7, 5)), (1, 2))","(((4, 4), (6, 5), (7, 5)), (1, 2))",24,5.0,29.0,24,4,1,expanded,False,True,1188
"(((4, 3), (6, 5), (6, 6)), (1, 2))","(((4, 3), (6, 4), (6, 6)), (1, 2))",24,5.0,29.0,24,2,0,expanded,False,True,1189
"(((4, 4), (6, 3), (6, 6)), (1, 2))","(((4, 4), (6, 4), (6, 6)), (1, 2))",25,5,30.0,25,,,pruned,,,1190
"(((4, 4), (6, 4), (6, 6)), (1, 2))","(((4, 3), (6, 4), (6, 6)), (1, 2))",24,5.0,29.0,24,6,1,expanded,False,True,1191
"(((4, 4), (6, 4), (6, 5)), (1, 2))","(((4, 3), (6, 4), (6, 5)), (1, 2))",25,4.0,29.0,25,2,0,expanded,False,True,1192
"(((2, 4), (6, 8), (7, 8)), (6, 3))","(((2, 4), (6, 8), (7, 7)), (6, 3))",19,13,32.0,19,,,pruned,,,1193
"(((2, 4), (6, 8), (7, 7)), (6, 3))","(((2, 4), (6, 7), (7, 7)), (6, 3))",18,12.0,30.0,18,1,1,expanded,True,True,1194
"(((2, 2), (6, 8), (8, 4)), (6, 3))","(((2, 2), (6, 8), (7, 4)), (6, 3))",20,12,32.0,20,,,pruned,,,1195
"(((2, 2), (6, 8), (7, 3)), (6, 3))","(((2, 2), (6, 8), (7, 4)), (6, 3))",20,11,31.0,20,,,pruned,,,1196
"(((2, 2), (6, 8), (7, 4)), (6, 3))","(((2, 2), (6, 7), (7, 4)), (1, 2))",19,11.0,30.0,19,5,2,expanded,False,True,1197
"(((2, 4), (5, 8), (7, 8)), (6, 3))","(((2, 4), (5, 8), (7, 7)), (6, 3))",20,12,32.0,20,,,pruned,,,1198
"(((2, 4), (5, 8), (7, 7)), (6, 3))","(((2, 4), (5, 8), (7, 6)), (6, 3))",19,11.0,30.0,19,3,1,expanded,False,True,1199
"(((2, 2), (6, 3), (6, 8)), (6, 4))","(((2, 2), (6, 4), (6, 8)), (6, 3))",21,10,31.0,21,,,pruned,,,1200
"(((2, 2), (6, 4), (6, 8)), (6, 3))","(((2, 2), (6, 4), (6, 7)), (1, 2))",20,10.0,30.0,20,3,1,expanded,False,True,1201
"(((2, 4), (6, 6), (6, 8)), (6, 3))","(((2, 4), (6, 5), (6, 8)), (6, 3))",20,10.0,30.0,20,3,0,expanded,False,True,1202
"(((2, 4), (4, 8), (7, 8)), (5, 8))","(((2, 4), (4, 8), (7, 7)), (5, 8))",21,11,32.0,21,,,pruned,,,1203
"(((2, 4), (4, 8), (7, 7)), (5, 8))","(((2, 4), (4, 8), (7, 6)), (5, 8))",20,10.0,30.0,20,3,1,expanded,False,True,1204
"(((2, 4), (3, 8), (7, 6)), (3, 9))","(((2, 4), (4, 8), (7, 6)), (5, 8))",20,10.0,30.0,20,3,0,expanded,False,True,1205
"(((3, 2), (6, 8), (8, 4)), (6, 3))","(((3, 2), (6, 8), (7, 4)), (6, 3))",21,11,32.0,21,,,pruned,,,1206
"(((3, 2), (6, 8), (7, 3)), (6, 3))","(((3, 2), (6, 8), (7, 4)), (6, 3))",21,10,31.0,21,,,pruned,,,1207
"(((3, 2), (6, 8), (7, 4)), (6, 3))","(((3, 2), (6, 7), (7, 4)), (1, 2))",20,10.0,30.0,20,5,2,expanded,False,True,1208
"(((2, 2), (5, 8), (8, 4)), (6, 3))","(((2, 2), (5, 8), (7, 4)), (6, 3))",21,11,32.0,21,,,pruned,,,1209
"(((2, 2), (5, 8), (7, 3)), (6, 3))","(((2, 2), (5, 8), (7, 4)), (6, 3))",21,10,31.0,21,,,pruned,,,1210
"(((2, 2), (5, 8), (7, 4)), (6, 3))","(((2, 2), (5, 8), (7, 5)), (6, 3))",20,10.0,30.0,20,5,2,expanded,False,True,1211
"(((4, 2), (6, 8), (8, 4)), (6, 3))","(((4, 2), (6, 8), (7, 4)), (6, 3))",22,10,32.0,22,,,pruned,,,1212
"(((4, 2), (6, 8), (7, 3)), (6, 3))","(((4, 2), (6, 8), (7, 4)), (6, 3))",22,9,31.0,22,,,pruned,,,1213
"(((4, 2), (6, 8), (7, 4)), (6, 3))","(((4, 2), (6, 7), (7, 4)), (1, 2))",21,9.0,30.0,21,5,2,expanded,False,True,1214
"(((2, 4), (5, 8), (6, 6)), (6, 3))","(((2, 4), (5, 8), (6, 5)), (6, 3))",21,9.0,30.0,21,3,0,expanded,False,True,1215
"(((2, 3), (3, 8), (8, 4)), (3, 9))","(((2, 3), (3, 8), (7, 4)), (3, 9))",22,10,32.0,22,,,pruned,,,1216
"(((2, 3), (3, 8), (7, 3)), (3, 9))","(((2, 3), (3, 8), (7, 4)), (3, 9))",22,9,31.0,22,,,pruned,,,1217
"(((2, 3), (3, 8), (7, 4)), (3, 9))","(((2, 3), (4, 8), (7, 4)), (5, 8))",21,9.0,30.0,21,5,2,expanded,False,True,1218
"(((3, 2), (6, 3), (6, 8)), (6, 4))","(((3, 2), (6, 4), (6, 8)), (6, 3))",22,9,31.0,22,,,pruned,,,1219
"(((3, 2), (6, 4), (6, 8)), (6, 3))","(((3, 2), (6, 4), (6, 7)), (1, 2))",21,9.0,30.0,21,3,1,expanded,False,True,1220
"(((2, 4), (3, 7), (7, 6)), (3, 8))","(((2, 4), (3, 7), (7, 5)), (3, 8))",21,9.0,30.0,21,3,0,expanded,False,True,1221
"(((3, 2), (5, 8), (8, 4)), (6, 3))","(((3, 2), (5, 8), (7, 4)), (6, 3))",22,10,32.0,22,,,pruned,,,1222
"(((3, 2), (5, 8), (7, 3)), (6, 3))","(((3, 2), (5, 8), (7, 4)), (6, 3))",22,9,31.0,22,,,pruned,,,1223
"(((3, 2), (5, 8), (7, 4)), (6, 3))","(((3, 2), (5, 8), (7, 5)), (6, 3))",21,9.0,30.0,21,5,2,expanded,False,True,1224
"(((2, 2), (4, 8), (8, 4)), (5, 8))","(((2, 2), (4, 8), (7, 4)), (5, 8))",22,10,32.0,22,,,pruned,,,1225
"(((2, 2), (4, 8), (7, 3)), (5, 8))","(((2, 2), (4, 8), (7, 4)), (5, 8))",22,9,31.0,22,,,pruned,,,1226
"(((2, 2), (4, 8), (7, 4)), (5, 8))","(((2, 2), (4, 8), (7, 5)), (5, 8))",21,9.0,30.0,21,5,2,expanded,False,True,1227
"(((2, 2), (5, 8), (6, 3)), (6, 4))","(((2, 2), (5, 8), (6, 4)), (6, 3))",22,9,31.0,22,,,pruned,,,1228
"(((2, 2), (5, 8), (6, 4)), (6, 3))","(((2, 2), (6, 4), (6, 8)), (6, 3))",21,9.0,30.0,21,3,1,expanded,False,True,1229
"(((4, 4), (6, 6), (7, 8)), (1, 2))","(((4, 4), (6, 6), (7, 7)), (6, 3))",23,9,32.0,23,,,pruned,,,1230
"(((4, 4), (6, 6), (7, 7)), (6, 3))","(((4, 4), (6, 5), (7, 7)), (1, 2))",22,8.0,30.0,22,2,1,expanded,False,True,1231
"(((4, 4), (6, 7), (7, 6)), (6, 3))","(((4, 4), (6, 6), (7, 6)), (6, 3))",22,8.0,30.0,22,2,0,expanded,False,True,1232
"(((4, 4), (6, 8), (7, 5)), (6, 3))","(((4, 4), (6, 7), (7, 5)), (1, 2))",22,8.0,30.0,22,3,0,expanded,False,True,1233
"(((4, 3), (6, 8), (8, 4)), (6, 3))","(((4, 3), (6, 8), (7, 4)), (6, 3))",23,9,32.0,23,,,pruned,,,1234
"(((4, 3), (6, 8), (7, 3)), (6, 3))","(((4, 3), (6, 8), (7, 4)), (6, 3))",23,8,31.0,23,,,pruned,,,1235
"(((4, 3), (6, 8), (7, 4)), (6, 3))","(((4, 3), (6, 7), (7, 4)), (1, 2))",22,8.0,30.0,22,5,2,expanded,False,True,1236
"(((2, 4), (4, 8), (6, 6)), (5, 8))","(((2, 4), (4, 8), (6, 5)), (5, 8))",22,8.0,30.0,22,3,0,expanded,False,True,1237
"(((2, 4), (3, 8), (6, 5)), (3, 9))","(((2, 4), (4, 8), (6, 5)), (5, 8))",22,8.0,30.0,22,3,0,expanded,False,True,1238
"(((2, 7), (3, 6), (7, 4)), (1, 2))","(((2, 6), (3, 6), (7, 4)), (1, 2))",23,9,32.0,23,,,pruned,,,1239
"(((2, 6), (3, 6), (7, 4)), (1, 2))","(((2, 5), (3, 6), (7, 4)), (1, 2))",22,8.0,30.0,22,1,1,expanded,True,True,1240
"(((2, 5), (2, 6), (8, 4)), (1, 2))","(((2, 5), (2, 6), (7, 4)), (1, 2))",23,9,32.0,23,,,pruned,,,1241
"(((2, 5), (2, 6), (7, 3)), (1, 2))","(((2, 5), (2, 6), (7, 4)), (1, 2))",23,8,31.0,23,,,pruned,,,1242
"(((1, 6), (2, 5), (7, 4)), (1, 2))","(((2, 5), (2, 6), (7, 4)), (1, 2))",23,9,32.0,23,,,pruned,,,1243
"(((2, 5), (2, 6), (7, 4)), (1, 2))","(((2, 5), (3, 6), (7, 4)), (1, 2))",22,8.0,30.0,22,6,3,expanded,False,True,1244
"(((2, 4), (4, 6), (7, 6)), (1, 2))","(((2, 4), (3, 6), (7, 6)), (1, 2))",23,7,30.0,23,,,pruned,,,1245
"(((2, 4), (3, 6), (7, 6)), (1, 2))","(((2, 4), (3, 6), (7, 5)), (1, 2))",22,8.0,30.0,22,6,1,expanded,False,True,1246
"(((1, 6), (2, 4), (7, 5)), (1, 2))","(((2, 4), (2, 6), (7, 5)), (1, 2))",23,9,32.0,23,,,pruned,,,1247
"(((2, 4), (2, 7), (7, 5)), (1, 2))","(((2, 4), (2, 6), (7, 5)), (1, 2))",23,9,32.0,23,,,pruned,,,1248
"(((2, 4), (2, 6), (7, 5)), (1, 2))","(((2, 4), (3, 6), (7, 5)), (1, 2))",22,8.0,30.0,22,8,2,expanded,False,True,1249
"(((4, 2), (6, 3), (6, 8)), (6, 4))","(((4, 2), (6, 4), (6, 8)), (6, 3))",23,8,31.0,23,,,pruned,,,1250
"(((4, 2), (6, 4), (6, 8)), (6, 3))","(((4, 2), (6, 4), (6, 7)), (1, 2))",22,8.0,30.0,22,3,1,expanded,False,True,1251
"(((2, 3), (3, 8), (6, 3)), (3, 9))","(((2, 3), (3, 8), (6, 4)), (3, 9))",23,8,31.0,23,,,pruned,,,1252
"(((2, 3), (3, 8), (6, 4)), (3, 9))","(((2, 3), (4, 8), (6, 4)), (5, 8))",22,8.0,30.0,22,3,1,expanded,False,True,1253
"(((4, 2), (5, 8), (8, 4)), (6, 3))","(((4, 2), (5, 8), (7, 4)), (6, 3))",23,9,32.0,23,,,pruned,,,1254
"(((4, 2), (5, 8), (7, 3)), (6, 3))","(((4, 2), (5, 8), (7, 4)), (6, 3))",23,8,31.0,23,,,pruned,,,1255
"(((4, 2), (5, 8), (7, 4)), (6, 3))","(((4, 2), (5, 8), (7, 5)), (6, 3))",22,8.0,30.0,22,5,2,expanded,False,True,1256
"(((2, 3), (3, 7), (8, 4)), (3, 8))","(((2, 3), (3, 7), (7, 4)), (3, 8))",23,9,32.0,23,,,pruned,,,1257
"(((2, 3), (3, 7), (7, 3)), (3, 8))","(((2, 3), (3, 7), (7, 4)), (3, 8))",23,8,31.0,23,,,pruned,,,1258
"(((2, 3), (3, 7), (7, 4)), (3, 8))","(((2, 3), (3, 7), (7, 5)), (3, 8))",22,8.0,30.0,22,5,2,expanded,False,True,1259
"(((3, 2), (4, 8), (8, 4)), (5, 8))","(((3, 2), (4, 8), (7, 4)), (5, 8))",23,9,32.0,23,,,pruned,,,1260
"(((3, 2), (4, 8), (7, 3)), (5, 8))","(((3, 2), (4, 8), (7, 4)), (5, 8))",23,8,31.0,23,,,pruned,,,1261
"(((3, 2), (4, 8), (7, 4)), (5, 8))","(((3, 2), (4, 8), (7, 5)), (5, 8))",22,8.0,30.0,22,5,2,expanded,False,True,1262
"(((3, 2), (5, 8), (6, 3)), (6, 4))","(((3, 2), (5, 8), (6, 4)), (6, 3))",23,8,31.0,23,,,pruned,,,1263
"(((3, 2), (5, 8), (6, 4)), (6, 3))","(((3, 2), (6, 4), (6, 8)), (6, 3))",22,8.0,30.0,22,3,1,expanded,False,True,1264
"(((2, 2), (4, 8), (6, 3)), (5, 8))","(((2, 2), (4, 8), (6, 4)), (5, 8))",23,8,31.0,23,,,pruned,,,1265
"(((2, 2), (4, 8), (6, 4)), (5, 8))","(((2, 2), (4, 8), (7, 4)), (5, 8))",22,8.0,30.0,22,3,1,expanded,False,True,1266
"(((4, 3), (6, 3), (6, 8)), (6, 4))","(((4, 3), (6, 4), (6, 8)), (6, 3))",24,7,31.0,24,,,pruned,,,1267
"(((4, 3), (6, 4), (6, 8)), (6, 3))","(((4, 3), (6, 4), (6, 7)), (1, 2))",23,7.0,30.0,23,3,1,expanded,False,True,1268
"(((2, 7), (3, 6), (6, 4)), (1, 2))","(((2, 6), (3, 6), (6, 4)), (1, 2))",24,8,32.0,24,,,pruned,,,1269
"(((2, 6), (3, 6), (6, 4)), (1, 2))","(((2, 5), (3, 6), (6, 4)), (1, 2))",23,7.0,30.0,23,1,1,expanded,True,True,1270
"(((1, 6), (2, 5), (6, 4)), (1, 2))","(((2, 5), (2, 6), (6, 4)), (1, 2))",24,8,32.0,24,,,pruned,,,1271
"(((2, 5), (2, 6), (6, 3)), (1, 2))","(((2, 5), (2, 6), (6, 4)), (1, 2))",24,7,31.0,24,,,pruned,,,1272
"(((2, 5), (2, 6), (6, 4)), (1, 2))","(((2, 5), (3, 6), (6, 4)), (1, 2))",23,7.0,30.0,23,4,2,expanded,False,True,1273
"(((4, 6), (6, 7), (7, 4)), (1, 2))","(((4, 5), (6, 7), (7, 4)), (1, 2))",24,8,32.0,24,,,pruned,,,1274
"(((4, 5), (6, 7), (8, 4)), (1, 2))","(((4, 5), (6, 7), (7, 4)), (1, 2))",24,8,32.0,24,,,pruned,,,1275
"(((4, 5), (6, 7), (7, 3)), (1, 2))","(((4, 5), (6, 7), (7, 4)), (1, 2))",24,7,31.0,24,,,pruned,,,1276
"(((4, 5), (6, 7), (7, 4)), (1, 2))","(((4, 5), (6, 7), (7, 5)), (1, 2))",23,7.0,30.0,23,8,3,expanded,False,True,1277
"(((2, 3), (3, 6), (8, 4)), (1, 2))","(((2, 3), (3, 6), (7, 4)), (1, 2))",24,8,32.0,24,,,pruned,,,1278
"(((2, 3), (3, 6), (7, 3)), (1, 2))","(((2, 3), (3, 6), (7, 4)), (1, 2))",24,7,31.0,24,,,pruned,,,1279
"(((2, 3), (4, 6), (7, 4)), (1, 2))","(((2, 3), (3, 6), (7, 4)), (1, 2))",24,6,30.0,24,,,pruned,,,1280
"(((2, 3), (3, 6), (7, 4)), (1, 2))","(((2, 4), (3, 6), (7, 4)), (1, 2))",23,7.0,30.0,23,8,3,expanded,False,True,1281
"(((4, 3), (5, 8), (8, 4)), (6, 3))","(((4, 3), (5, 8), (7, 4)), (6, 3))",24,8,32.0,24,,,pruned,,,1282
"(((4, 3), (5, 8), (7, 3)), (6, 3))","(((4, 3), (5, 8), (7, 4)), (6, 3))",24,7,31.0,24,,,pruned,,,1283
"(((4, 3), (5, 8), (7, 4)), (6, 3))","(((4, 3), (5, 8), (7, 5)), (6, 3))",23,7.0,30.0,23,5,2,expanded,False,True,1284
"(((2, 4), (3, 7), (6, 5)), (3, 8))","(((2, 4), (3, 7), (6, 4)), (3, 8))",23,7.0,30.0,23,3,0,expanded,False,True,1285
"(((4, 2), (4, 8), (8, 4)), (5, 8))","(((4, 2), (4, 8), (7, 4)), (5, 8))",24,8,32.0,24,,,pruned,,,1286
"(((4, 2), (4, 8), (7, 3)), (5, 8))","(((4, 2), (4, 8), (7, 4)), (5, 8))",24,7,31.0,24,,,pruned,,,1287
"(((4, 2), (4, 8), (7, 4)), (5, 8))","(((4, 2), (4, 8), (7, 5)), (5, 8))",23,7.0,30.0,23,5,2,expanded,False,True,1288
"(((4, 4), (5, 8), (7, 5)), (6, 3))","(((4, 4), (6, 8), (7, 5)), (6, 3))",23,7.0,30.0,23,3,0,expanded,False,True,1289
"(((2, 4), (2, 5), (7, 5)), (1, 2))","(((2, 4), (2, 6), (7, 5)), (1, 2))",23,7.0,30.0,23,2,0,expanded,False,True,1290
"(((4, 2), (5, 8), (6, 3)), (6, 4))","(((4, 2), (5, 8), (6, 4)), (6, 3))",24,7,31.0,24,,,pruned,,,1291
"(((4, 2), (5, 8), (6, 4)), (6, 3))","(((4, 2), (6, 4), (6, 8)), (6, 3))",23,7.0,30.0,23,3,1,expanded,False,True,1292
"(((2, 3), (3, 7), (6, 3)), (3, 8))","(((2, 3), (3, 7), (6, 4)), (3, 8))",24,7,31.0,24,,,pruned,,,1293
"(((2, 3), (3, 7), (6, 4)), (3, 8))","(((2, 3), (3, 8), (6, 4)), (3, 9))",23,7.0,30.0,23,3,1,expanded,False,True,1294
"(((3, 2), (4, 8), (6, 3)), (5, 8))","(((3, 2), (4, 8), (6, 4)), (5, 8))",24,7,31.0,24,,,pruned,,,1295
"(((3, 2), (4, 8), (6, 4)), (5, 8))","(((3, 2), (4, 8), (7, 4)), (5, 8))",23,7.0,30.0,23,3,1,expanded,False,True,1296
"(((4, 5), (6, 6), (8, 4)), (1, 2))","(((4, 5), (6, 6), (7, 4)), (1, 2))",25,7,32.0,25,,,pruned,,,1297
"(((4, 5), (6, 6), (7, 3)), (1, 2))","(((4, 5), (6, 6), (7, 4)), (1, 2))",25,6,31.0,25,,,pruned,,,1298
"(((4, 6), (6, 6), (7, 4)), (1, 2))","(((4, 5), (6, 6), (7, 4)), (1, 2))",25,7,32.0,25,,,pruned,,,1299
"(((4, 5), (6, 6), (7, 4)), (1, 2))","(((4, 4), (6, 6), (7, 4)), (1, 2))",24,6.0,30.0,24,8,3,expanded,False,True,1300
"(((4, 4), (6, 5), (6, 7)), (1, 2))","(((4, 3), (6, 5), (6, 7)), (1, 2))",24,6.0,30.0,24,6,0,expanded,False,True,1301
"(((4, 6), (6, 4), (6, 7)), (1, 2))","(((4, 5), (6, 4), (6, 7)), (1, 2))",25,7,32.0,25,,,pruned,,,1302
"(((4, 5), (6, 3), (6, 7)), (1, 2))","(((4, 5), (6, 4), (6, 7)), (1, 2))",25,6,31.0,25,,,pruned,,,1303
"(((4, 5), (6, 4), (6, 7)), (1, 2))","(((4, 4), (6, 4), (6, 7)), (1, 2))",24,6.0,30.0,24,6,2,expanded,False,True,1304
"(((2, 3), (3, 6), (6, 3)), (1, 2))","(((2, 3), (3, 6), (6, 4)), (1, 2))",25,6,31.0,25,,,pruned,,,1305
"(((2, 3), (4, 6), (6, 4)), (1, 2))","(((2, 3), (3, 6), (6, 4)), (1, 2))",25,5,30.0,25,,,pruned,,,1306
"(((2, 3), (3, 6), (6, 4)), (1, 2))","(((2, 4), (3, 6), (6, 4)), (1, 2))",24,6.0,30.0,24,6,2,expanded,False,True,1307
"(((2, 4), (4, 6), (6, 5)), (1, 2))","(((2, 4), (3, 6), (6, 5)), (1, 2))",25,5,30.0,25,,,pruned,,,1308
"(((2, 4), (3, 6), (6, 5)), (1, 2))","(((2, 4), (3, 6), (6, 4)), (1, 2))",24,6.0,30.0,24,6,1,expanded,False,True,1309
"(((4, 3), (4, 8), (8, 4)), (5, 8))","(((4, 3), (4, 8), (7, 4)), (5, 8))",25,7,32.0,25,,,pruned,,,1310
"(((4, 3), (4, 8), (7, 3)), (5, 8))","(((4, 3), (4, 8), (7, 4)), (5, 8))",25,6,31.0,25,,,pruned,,,1311
"(((4, 3), (4, 8), (7, 4)), (5, 8))","(((4, 3), (4, 8), (7, 5)), (5, 8))",24,6.0,30.0,24,5,2,expanded,False,True,1312
"(((4, 3), (5, 8), (6, 3)), (6, 4))","(((4, 3), (5, 8), (6, 4)), (6, 3))",25,6,31.0,25,,,pruned,,,1313
"(((4, 3), (5, 8), (6, 4)), (6, 3))","(((4, 3), (6, 4), (6, 8)), (6, 3))",24,6.0,30.0,24,3,1,expanded,False,True,1314
"(((4, 2), (4, 8), (6, 3)), (5, 8))","(((4, 2), (4, 8), (6, 4)), (5, 8))",25,6,31.0,25,,,pruned,,,1315
"(((4, 2), (4, 8), (6, 4)), (5, 8))","(((4, 2), (4, 8), (7, 4)), (5, 8))",24,6.0,30.0,24,3,1,expanded,False,True,1316
"(((4, 4), (4, 8), (7, 5)), (5, 8))","(((4, 4), (5, 8), (7, 5)), (6, 3))",24,6.0,30.0,24,3,0,expanded,False,True,1317
"(((4, 5), (6, 5), (7, 3)), (1, 2))","(((4, 5), (6, 5), (7, 4)), (1, 2))",26,5,31.0,26,,,pruned,,,1318
"(((4, 6), (6, 5), (7, 4)), (1, 2))","(((4, 5), (6, 5), (7, 4)), (1, 2))",26,6,32.0,26,,,pruned,,,1319
"(((4, 5), (6, 5), (7, 4)), (1, 2))","(((4, 4), (6, 5), (7, 4)), (1, 2))",25,5.0,30.0,25,4,2,expanded,False,True,1320
"(((4, 4), (6, 5), (6, 6)), (1, 2))","(((4, 3), (6, 5), (6, 6)), (1, 2))",25,5.0,30.0,25,2,0,expanded,False,True,1321
"(((4, 6), (6, 4), (6, 6)), (1, 2))","(((4, 5), (6, 4), (6, 6)), (1, 2))",26,6,32.0,26,,,pruned,,,1322
"(((4, 5), (6, 3), (6, 6)), (1, 2))","(((4, 5), (6, 4), (6, 6)), (1, 2))",26,5,31.0,26,,,pruned,,,1323
"(((4, 5), (6, 4), (6, 6)), (1, 2))","(((4, 4), (6, 4), (6, 6)), (1, 2))",25,5.0,30.0,25,6,2,expanded,False,True,1324
"(((4, 3), (4, 8), (6, 3)), (5, 8))","(((4, 3), (4, 8), (6, 4)), (5, 8))",26,5,31.0,26,,,pruned,,,1325
"(((4, 3), (4, 8), (6, 4)), (5, 8))","(((4, 3), (4, 8), (7, 4)), (5, 8))",25,5.0,30.0,25,3,1,expanded,False,True,1326
"(((4, 6), (6, 4), (6, 5)), (1, 2))","(((4, 5), (6, 4), (6, 5)), (1, 2))",27,5,32.0,27,,,pruned,,,1327
"(((4, 5), (6, 4), (6, 5)), (1, 2))","(((4, 4), (6, 4), (6, 5)), (1, 2))",26,4.0,30.0,26,2,1,expanded,False,True,1328
"(((3, 8), (5, 8), (6, 8)), (6, 3))","(((3, 8), (5, 8), (6, 7)), (6, 3))",18,13.0,31.0,18,0,0,expanded,False,True,1329
"(((2, 2), (6, 7), (7, 8)), (6, 3))","(((2, 2), (6, 7), (7, 7)), (6, 3))",20,13,33.0,20,,,pruned,,,1330
"(((2, 2), (6, 7), (7, 7)), (6, 3))","(((2, 2), (6, 6), (7, 7)), (6, 3))",19,12.0,31.0,19,2,1,expanded,False,True,1331
"(((2, 3), (6, 8), (7, 8)), (6, 3))","(((2, 3), (6, 8), (7, 7)), (6, 3))",20,13,33.0,20,,,pruned,,,1332
"(((2, 3), (6, 8), (7, 7)), (6, 3))","(((2, 3), (6, 7), (7, 7)), (6, 3))",19,12.0,31.0,19,1,1,expanded,True,True,1333
"(((2, 2), (6, 8), (7, 6)), (6, 3))","(((2, 2), (6, 8), (7, 5)), (6, 3))",19,12.0,31.0,19,3,0,expanded,False,True,1334
"(((2, 6), (6, 7), (6, 8)), (6, 3))","(((2, 6), (6, 6), (6, 8)), (6, 3))",19,12.0,31.0,19,1,0,expanded,False,True,1335
"(((3, 7), (5, 8), (6, 8)), (6, 3))","(((3, 7), (5, 8), (6, 7)), (6, 3))",19,12.0,31.0,19,0,0,expanded,False,True,1336
"(((3, 8), (4, 8), (6, 8)), (6, 3))","(((3, 8), (4, 8), (6, 7)), (5, 8))",19,12.0,31.0,19,1,0,expanded,False,True,1337
"(((2, 6), (3, 8), (7, 8)), (3, 9))","(((2, 6), (3, 8), (7, 7)), (3, 9))",20,13,33.0,20,,,pruned,,,1338
"(((2, 6), (3, 8), (7, 7)), (3, 9))","(((2, 6), (4, 8), (7, 7)), (5, 8))",19,12.0,31.0,19,3,1,expanded,False,True,1339
"(((3, 2), (6, 7), (7, 8)), (6, 3))","(((3, 2), (6, 7), (7, 7)), (6, 3))",21,12,33.0,21,,,pruned,,,1340
"(((3, 2), (6, 7), (7, 7)), (6, 3))","(((3, 2), (6, 6), (7, 7)), (6, 3))",20,11.0,31.0,20,2,1,expanded,False,True,1341
"(((3, 2), (6, 8), (7, 6)), (6, 3))","(((3, 2), (6, 7), (7, 6)), (6, 3))",20,11.0,31.0,20,3,0,expanded,False,True,1342
"(((3, 6), (5, 8), (6, 8)), (6, 3))","(((3, 6), (5, 8), (6, 7)), (6, 3))",20,11.0,31.0,20,0,0,expanded,False,True,1343
"(((2, 5), (6, 7), (6, 8)), (6, 3))","(((2, 5), (6, 6), (6, 8)), (6, 3))",20,11.0,31.0,20,1,0,expanded,False,True,1344
"(((3, 7), (4, 8), (6, 8)), (6, 3))","(((3, 7), (4, 8), (6, 7)), (5, 8))",20,11.0,31.0,20,1,0,expanded,False,True,1345
"(((3, 7), (3, 8), (6, 7)), (3, 9))","(((3, 7), (4, 8), (6, 7)), (5, 8))",20,11.0,31.0,20,2,0,expanded,False,True,1346
"(((2, 5), (3, 8), (7, 8)), (3, 9))","(((2, 5), (3, 8), (7, 7)), (3, 9))",21,12,33.0,21,,,pruned,,,1347
"(((2, 5), (3, 8), (7, 7)), (3, 9))","(((2, 5), (4, 8), (7, 7)), (5, 8))",20,11.0,31.0,20,3,1,expanded,False,True,1348
"(((2, 6), (5, 8), (6, 7)), (6, 3))","(((2, 6), (5, 8), (6, 6)), (6, 3))",20,11.0,31.0,20,3,0,expanded,False,True,1349
"(((2, 3), (5, 8), (7, 8)), (6, 3))","(((2, 3), (5, 8), (7, 7)), (6, 3))",21,12,33.0,21,,,pruned,,,1350
"(((2, 3), (5, 8), (7, 7)), (6, 3))","(((2, 3), (5, 8), (7, 6)), (6, 3))",20,11.0,31.0,20,3,1,expanded,False,True,1351
"(((2, 6), (3, 7), (7, 8)), (3, 8))","(((2, 6), (3, 7), (7, 7)), (3, 8))",21,12,33.0,21,,,pruned,,,1352
"(((2, 6), (3, 7), (7, 7)), (3, 8))","(((2, 6), (3, 7), (7, 6)), (3, 8))",20,11.0,31.0,20,3,1,expanded,False,True,1353
"(((2, 2), (5, 8), (7, 6)), (6, 3))","(((2, 2), (5, 8), (7, 5)), (6, 3))",20,11.0,31.0,20,3,0,expanded,False,True,1354
"(((3, 8), (4, 8), (5, 8)), (6, 3))","(((3, 8), (4, 8), (6, 8)), (6, 3))",20,11.0,31.0,20,0,0,expanded,False,True,1355
"(((4, 2), (6, 7), (7, 8)), (6, 3))","(((4, 2), (6, 7), (7, 7)), (6, 3))",22,11,33.0,22,,,pruned,,,1356
"(((4, 2), (6, 7), (7, 7)), (6, 3))","(((4, 2), (6, 6), (7, 7)), (6, 3))",21,10.0,31.0,21,2,1,expanded,False,True,1357
"(((4, 2), (6, 8), (7, 6)), (6, 3))","(((4, 2), (6, 7), (7, 6)), (6, 3))",21,10.0,31.0,21,3,0,expanded,False,True,1358
"(((3, 6), (4, 8), (6, 8)), (6, 3))","(((3, 6), (4, 8), (6, 7)), (5, 8))",21,10.0,31.0,21,1,0,expanded,False,True,1359
"(((3, 6), (3, 8), (6, 7)), (3, 9))","(((3, 6), (4, 8), (6, 7)), (5, 8))",21,10.0,31.0,21,3,0,expanded,False,True,1360
"(((2, 2), (6, 5), (6, 8)), (6, 3))","(((2, 2), (6, 5), (6, 7)), (1, 2))",21,10.0,31.0,21,3,0,expanded,False,True,1361
"(((1, 2), (6, 6), (6, 7)), (1, 3))","(((2, 2), (6, 6), (6, 7)), (1, 2))",22,11,33.0,22,,,pruned,,,1362
"(((2, 1), (6, 6), (6, 7)), (1, 2))","(((2, 2), (6, 6), (6, 7)), (1, 2))",22,11,33.0,22,,,pruned,,,1363
"(((2, 2), (6, 6), (6, 7)), (1, 2))","(((2, 2), (6, 5), (6, 7)), (1, 2))",21,10.0,31.0,21,4,2,expanded,False,True,1364
"(((2, 3), (6, 6), (6, 8)), (6, 3))","(((2, 3), (6, 5), (6, 8)), (6, 3))",21,10.0,31.0,21,3,0,expanded,False,True,1365
"(((2, 5), (5, 8), (6, 7)), (6, 3))","(((2, 5), (5, 8), (6, 6)), (6, 3))",21,10.0,31.0,21,3,0,expanded,False,True,1366
"(((2, 6), (4, 8), (6, 7)), (5, 8))","(((2, 6), (4, 8), (6, 6)), (5, 8))",21,10.0,31.0,21,3,0,expanded,False,True,1367
"(((2, 6), (3, 8), (6, 6)), (3, 9))","(((2, 6), (4, 8), (6, 6)), (5, 8))",21,10.0,31.0,21,3,0,expanded,False,True,1368
"(((2, 5), (3, 7), (7, 8)), (3, 8))","(((2, 5), (3, 7), (7, 7)), (3, 8))",22,11,33.0,22,,,pruned,,,1369
"(((2, 5), (3, 7), (7, 7)), (3, 8))","(((2, 5), (3, 7), (7, 6)), (3, 8))",21,10.0,31.0,21,3,1,expanded,False,True,1370
"(((2, 3), (4, 8), (7, 8)), (5, 8))","(((2, 3), (4, 8), (7, 7)), (5, 8))",22,11,33.0,22,,,pruned,,,1371
"(((2, 3), (4, 8), (7, 7)), (5, 8))","(((2, 3), (4, 8), (7, 6)), (5, 8))",21,10.0,31.0,21,3,1,expanded,False,True,1372
"(((2, 3), (3, 8), (7, 6)), (3, 9))","(((2, 3), (4, 8), (7, 6)), (5, 8))",21,10.0,31.0,21,3,0,expanded,False,True,1373
"(((2, 6), (3, 6), (7, 8)), (2, 7))","(((2, 6), (3, 6), (7, 7)), (2, 7))",22,11,33.0,22,,,pruned,,,1374
"(((2, 6), (3, 6), (7, 7)), (2, 7))","(((2, 6), (3, 6), (7, 6)), (2, 7))",21,10.0,31.0,21,3,1,expanded,False,True,1375
"(((3, 2), (5, 8), (7, 6)), (6, 3))","(((3, 2), (5, 8), (7, 5)), (6, 3))",21,10.0,31.0,21,3,0,expanded,False,True,1376
"(((2, 2), (4, 8), (7, 6)), (5, 8))","(((2, 2), (4, 8), (7, 5)), (5, 8))",21,10.0,31.0,21,3,0,expanded,False,True,1377
"(((2, 2), (3, 8), (7, 5)), (3, 9))","(((2, 2), (4, 8), (7, 5)), (5, 8))",21,10.0,31.0,21,3,0,expanded,False,True,1378
"(((3, 7), (4, 8), (5, 8)), (6, 3))","(((3, 7), (4, 8), (6, 8)), (6, 3))",21,10.0,31.0,21,0,0,expanded,False,True,1379
"(((4, 3), (6, 7), (7, 8)), (6, 3))","(((4, 3), (6, 7), (7, 7)), (6, 3))",23,10,33.0,23,,,pruned,,,1380
"(((4, 3), (6, 7), (7, 7)), (6, 3))","(((4, 3), (6, 6), (7, 7)), (6, 3))",22,9.0,31.0,22,2,1,expanded,False,True,1381
"(((4, 3), (6, 8), (7, 6)), (6, 3))","(((4, 3), (6, 7), (7, 6)), (6, 3))",22,9.0,31.0,22,3,0,expanded,False,True,1382
"(((3, 6), (3, 7), (6, 7)), (3, 8))","(((3, 6), (3, 7), (6, 6)), (3, 8))",22,9.0,31.0,22,2,0,expanded,False,True,1383
"(((2, 5), (4, 8), (6, 7)), (5, 8))","(((2, 5), (4, 8), (6, 6)), (5, 8))",22,9.0,31.0,22,3,0,expanded,False,True,1384
"(((2, 5), (3, 8), (6, 6)), (3, 9))","(((2, 5), (4, 8), (6, 6)), (5, 8))",22,9.0,31.0,22,3,0,expanded,False,True,1385
"(((2, 7), (3, 6), (7, 6)), (1, 2))","(((2, 6), (3, 6), (7, 6)), (1, 2))",23,10,33.0,23,,,pruned,,,1386
"(((2, 6), (3, 6), (7, 6)), (1, 2))","(((2, 5), (3, 6), (7, 6)), (1, 2))",22,9.0,31.0,22,1,1,expanded,True,True,1387
"(((2, 5), (3, 6), (7, 8)), (1, 2))","(((2, 5), (3, 6), (7, 7)), (1, 2))",23,10,33.0,23,,,pruned,,,1388
"(((2, 5), (4, 6), (7, 7)), (1, 2))","(((2, 5), (3, 6), (7, 7)), (1, 2))",23,8,31.0,23,,,pruned,,,1389
"(((2, 5), (3, 6), (7, 7)), (1, 2))","(((2, 5), (3, 6), (7, 6)), (1, 2))",22,9.0,31.0,22,6,2,expanded,False,True,1390
"(((1, 6), (2, 5), (7, 6)), (1, 2))","(((2, 5), (2, 6), (7, 6)), (1, 2))",23,10,33.0,23,,,pruned,,,1391
"(((2, 5), (2, 6), (7, 6)), (1, 2))","(((2, 5), (3, 6), (7, 6)), (1, 2))",22,9.0,31.0,22,4,1,expanded,False,True,1392
"(((3, 2), (6, 5), (6, 8)), (6, 3))","(((3, 2), (6, 5), (6, 7)), (1, 2))",22,9.0,31.0,22,3,0,expanded,False,True,1393
"(((3, 2), (6, 6), (6, 7)), (1, 2))","(((3, 2), (6, 5), (6, 7)), (1, 2))",22,9.0,31.0,22,2,0,expanded,False,True,1394
"(((2, 3), (5, 8), (6, 6)), (6, 3))","(((2, 3), (5, 8), (6, 5)), (6, 3))",22,9.0,31.0,22,3,0,expanded,False,True,1395
"(((2, 6), (3, 7), (6, 6)), (3, 8))","(((2, 6), (3, 7), (6, 5)), (3, 8))",22,9.0,31.0,22,3,0,expanded,False,True,1396
"(((4, 2), (5, 8), (7, 6)), (6, 3))","(((4, 2), (5, 8), (7, 5)), (6, 3))",22,9.0,31.0,22,3,0,expanded,False,True,1397
"(((2, 3), (3, 7), (7, 6)), (3, 8))","(((2, 3), (3, 7), (7, 5)), (3, 8))",22,9.0,31.0,22,3,0,expanded,False,True,1398
"(((3, 2), (4, 8), (7, 6)), (5, 8))","(((3, 2), (4, 8), (7, 5)), (5, 8))",22,9.0,31.0,22,3,0,expanded,False,True,1399
"(((3, 2), (3, 8), (7, 5)), (3, 9))","(((3, 2), (4, 8), (7, 5)), (5, 8))",22,9.0,31.0,22,3,0,expanded,False,True,1400
"(((2, 2), (5, 8), (6, 5)), (6, 3))","(((2, 2), (5, 8), (6, 4)), (6, 3))",22,9.0,31.0,22,3,0,expanded,False,True,1401
"(((3, 6), (4, 8), (5, 8)), (6, 3))","(((3, 6), (4, 8), (6, 8)), (6, 3))",22,9.0,31.0,22,0,0,expanded,False,True,1402
"(((2, 2), (3, 7), (7, 5)), (3, 8))","(((2, 2), (3, 8), (7, 5)), (3, 9))",22,9.0,31.0,22,3,0,expanded,False,True,1403
"(((4, 5), (6, 8), (7, 5)), (6, 3))","(((4, 5), (6, 7), (7, 5)), (1, 2))",23,8.0,31.0,23,3,0,expanded,False,True,1404
"(((4, 5), (6, 7), (7, 6)), (6, 3))","(((4, 5), (6, 7), (7, 5)), (1, 2))",23,8.0,31.0,23,2,0,expanded,False,True,1405
"(((4, 5), (6, 6), (7, 8)), (1, 2))","(((4, 5), (6, 6), (7, 7)), (6, 3))",24,9,33.0,24,,,pruned,,,1406
"(((4, 5), (6, 6), (7, 7)), (6, 3))","(((4, 5), (6, 6), (7, 6)), (6, 3))",23,8.0,31.0,23,2,1,expanded,False,True,1407
"(((4, 4), (6, 8), (8, 4)), (6, 3))","(((4, 4), (6, 8), (7, 4)), (6, 3))",24,9,33.0,24,,,pruned,,,1408
"(((4, 4), (6, 8), (7, 3)), (6, 3))","(((4, 4), (6, 8), (7, 4)), (6, 3))",24,8,32.0,24,,,pruned,,,1409
"(((4, 4), (6, 8), (7, 4)), (6, 3))","(((4, 4), (6, 7), (7, 4)), (1, 2))",23,8.0,31.0,23,5,2,expanded,False,True,1410
"(((2, 4), (2, 6), (8, 4)), (1, 2))","(((2, 4), (2, 6), (7, 4)), (1, 2))",24,9,33.0,24,,,pruned,,,1411
"(((2, 4), (2, 6), (7, 3)), (1, 2))","(((2, 4), (2, 6), (7, 4)), (1, 2))",24,8,32.0,24,,,pruned,,,1412
"(((1, 6), (2, 4), (7, 4)), (1, 2))","(((2, 4), (2, 6), (7, 4)), (1, 2))",24,9,33.0,24,,,pruned,,,1413
"(((2, 4), (2, 7), (7, 4)), (1, 2))","(((2, 4), (2, 6), (7, 4)), (1, 2))",24,9,33.0,24,,,pruned,,,1414
"(((2, 4), (2, 6), (7, 4)), (1, 2))","(((2, 4), (3, 6), (7, 4)), (1, 2))",23,8.0,31.0,23,10,4,expanded,False,True,1415
"(((2, 1), (3, 6), (7, 5)), (1, 2))","(((2, 2), (3, 6), (7, 5)), (1, 2))",24,9,33.0,24,,,pruned,,,1416
"(((2, 2), (4, 6), (7, 5)), (1, 2))","(((2, 2), (3, 6), (7, 5)), (1, 2))",24,7,31.0,24,,,pruned,,,1417
"(((2, 2), (3, 6), (7, 5)), (1, 2))","(((2, 3), (3, 6), (7, 5)), (1, 2))",23,8.0,31.0,23,5,2,expanded,False,True,1418
"(((2, 3), (4, 6), (7, 6)), (1, 2))","(((2, 3), (3, 6), (7, 6)), (1, 2))",24,7,31.0,24,,,pruned,,,1419
"(((2, 3), (3, 6), (7, 6)), (1, 2))","(((2, 3), (3, 6), (7, 5)), (1, 2))",23,8.0,31.0,23,6,1,expanded,False,True,1420
"(((1, 6), (2, 3), (7, 5)), (1, 2))","(((2, 3), (2, 6), (7, 5)), (1, 2))",24,9,33.0,24,,,pruned,,,1421
"(((2, 3), (2, 7), (7, 5)), (1, 2))","(((2, 3), (2, 6), (7, 5)), (1, 2))",24,9,33.0,24,,,pruned,,,1422
"(((2, 3), (2, 6), (7, 5)), (1, 2))","(((2, 3), (3, 6), (7, 5)), (1, 2))",23,8.0,31.0,23,8,2,expanded,False,True,1423
"(((2, 5), (3, 7), (6, 6)), (3, 8))","(((2, 5), (3, 7), (6, 5)), (3, 8))",23,8.0,31.0,23,3,0,expanded,False,True,1424
"(((4, 2), (6, 5), (6, 8)), (6, 3))","(((4, 2), (6, 5), (6, 7)), (1, 2))",23,8.0,31.0,23,3,0,expanded,False,True,1425
"(((4, 1), (6, 6), (6, 7)), (1, 2))","(((4, 2), (6, 6), (6, 7)), (1, 2))",24,9,33.0,24,,,pruned,,,1426
"(((4, 2), (6, 6), (6, 7)), (1, 2))","(((4, 2), (6, 5), (6, 7)), (1, 2))",23,8.0,31.0,23,2,1,expanded,False,True,1427
"(((2, 3), (4, 8), (6, 6)), (5, 8))","(((2, 3), (4, 8), (6, 5)), (5, 8))",23,8.0,31.0,23,3,0,expanded,False,True,1428
"(((2, 3), (3, 8), (6, 5)), (3, 9))","(((2, 3), (4, 8), (6, 5)), (5, 8))",23,8.0,31.0,23,3,0,expanded,False,True,1429
"(((2, 6), (3, 6), (6, 6)), (2, 7))","(((2, 6), (3, 6), (6, 5)), (2, 7))",23,8.0,31.0,23,3,0,expanded,False,True,1430
"(((4, 3), (5, 8), (7, 6)), (6, 3))","(((4, 3), (5, 8), (7, 5)), (6, 3))",23,8.0,31.0,23,3,0,expanded,False,True,1431
"(((3, 8), (4, 2), (7, 5)), (3, 9))","(((4, 2), (4, 8), (7, 5)), (5, 8))",23,8.0,31.0,23,3,0,expanded,False,True,1432
"(((4, 2), (4, 8), (7, 6)), (5, 8))","(((4, 2), (4, 8), (7, 5)), (5, 8))",23,8.0,31.0,23,3,0,expanded,False,True,1433
"(((3, 2), (5, 8), (6, 5)), (6, 3))","(((3, 2), (5, 8), (6, 4)), (6, 3))",23,8.0,31.0,23,3,0,expanded,False,True,1434
"(((2, 2), (4, 8), (6, 5)), (5, 8))","(((2, 2), (4, 8), (6, 4)), (5, 8))",23,8.0,31.0,23,3,0,expanded,False,True,1435
"(((3, 2), (3, 7), (7, 5)), (3, 8))","(((3, 2), (3, 8), (7, 5)), (3, 9))",23,8.0,31.0,23,3,0,expanded,False,True,1436
"(((4, 3), (6, 5), (6, 8)), (6, 3))","(((4, 3), (6, 5), (6, 7)), (1, 2))",24,7.0,31.0,24,3,0,expanded,False,True,1437
"(((4, 3), (6, 6), (6, 7)), (1, 2))","(((4, 3), (6, 5), (6, 7)), (1, 2))",24,7.0,31.0,24,2,0,expanded,False,True,1438
"(((4, 4), (6, 3), (6, 8)), (6, 4))","(((4, 4), (6, 4), (6, 8)), (6, 3))",25,7,32.0,25,,,pruned,,,1439
"(((4, 4), (6, 4), (6, 8)), (6, 3))","(((4, 4), (6, 4), (6, 7)), (1, 2))",24,7.0,31.0,24,3,1,expanded,False,True,1440
"(((1, 6), (2, 4), (6, 4)), (1, 2))","(((2, 4), (2, 6), (6, 4)), (1, 2))",25,8,33.0,25,,,pruned,,,1441
"(((2, 4), (2, 7), (6, 4)), (1, 2))","(((2, 4), (2, 6), (6, 4)), (1, 2))",25,8,33.0,25,,,pruned,,,1442
"(((2, 4), (2, 6), (6, 3)), (1, 2))","(((2, 4), (2, 6), (6, 4)), (1, 2))",25,7,32.0,25,,,pruned,,,1443
"(((2, 4), (2, 6), (6, 4)), (1, 2))","(((2, 4), (3, 6), (6, 4)), (1, 2))",24,7.0,31.0,24,8,3,expanded,False,True,1444
"(((2, 7), (3, 6), (6, 5)), (1, 2))","(((2, 6), (3, 6), (6, 5)), (1, 2))",25,8,33.0,25,,,pruned,,,1445
"(((2, 6), (3, 6), (6, 5)), (1, 2))","(((2, 5), (3, 6), (6, 5)), (1, 2))",24,7.0,31.0,24,1,1,expanded,True,True,1446
"(((2, 5), (4, 6), (6, 6)), (1, 2))","(((2, 5), (3, 6), (6, 6)), (1, 2))",25,6,31.0,25,,,pruned,,,1447
"(((2, 5), (3, 6), (6, 6)), (1, 2))","(((2, 5), (3, 6), (6, 5)), (1, 2))",24,7.0,31.0,24,6,1,expanded,False,True,1448
"(((1, 6), (2, 5), (6, 5)), (1, 2))","(((2, 5), (2, 6), (6, 5)), (1, 2))",25,8,33.0,25,,,pruned,,,1449
"(((2, 5), (2, 6), (6, 5)), (1, 2))","(((2, 5), (3, 6), (6, 5)), (1, 2))",24,7.0,31.0,24,4,1,expanded,False,True,1450
"(((4, 3), (4, 8), (7, 6)), (5, 8))","(((4, 3), (4, 8), (7, 5)), (5, 8))",24,7.0,31.0,24,3,0,expanded,False,True,1451
"(((3, 8), (4, 3), (7, 5)), (3, 9))","(((4, 3), (4, 8), (7, 5)), (5, 8))",24,7.0,31.0,24,3,0,expanded,False,True,1452
"(((4, 4), (5, 8), (8, 4)), (6, 3))","(((4, 4), (5, 8), (7, 4)), (6, 3))",25,8,33.0,25,,,pruned,,,1453
"(((4, 4), (5, 8), (7, 3)), (6, 3))","(((4, 4), (5, 8), (7, 4)), (6, 3))",25,7,32.0,25,,,pruned,,,1454
"(((4, 4), (5, 8), (7, 4)), (6, 3))","(((4, 4), (5, 8), (7, 5)), (6, 3))",24,7.0,31.0,24,5,2,expanded,False,True,1455
"(((2, 4), (2, 5), (8, 4)), (1, 2))","(((2, 4), (2, 5), (7, 4)), (1, 2))",25,8,33.0,25,,,pruned,,,1456
"(((2, 4), (2, 5), (7, 3)), (1, 2))","(((2, 4), (2, 5), (7, 4)), (1, 2))",25,7,32.0,25,,,pruned,,,1457
"(((2, 4), (2, 5), (7, 4)), (1, 2))","(((2, 4), (2, 5), (7, 5)), (1, 2))",24,7.0,31.0,24,4,2,expanded,False,True,1458
"(((4, 2), (5, 8), (6, 5)), (6, 3))","(((4, 2), (5, 8), (6, 4)), (6, 3))",24,7.0,31.0,24,3,0,expanded,False,True,1459
"(((2, 3), (3, 7), (6, 5)), (3, 8))","(((2, 3), (3, 7), (6, 4)), (3, 8))",24,7.0,31.0,24,3,0,expanded,False,True,1460
"(((3, 2), (4, 8), (6, 5)), (5, 8))","(((3, 2), (4, 8), (6, 4)), (5, 8))",24,7.0,31.0,24,3,0,expanded,False,True,1461
"(((4, 5), (5, 8), (7, 5)), (6, 3))","(((4, 5), (6, 8), (7, 5)), (6, 3))",24,7.0,31.0,24,3,0,expanded,False,True,1462
"(((3, 2), (4, 6), (7, 5)), (1, 2))","(((3, 2), (3, 6), (7, 5)), (1, 2))",25,6,31.0,25,,,pruned,,,1463
"(((3, 2), (3, 6), (7, 5)), (1, 2))","(((2, 2), (3, 6), (7, 5)), (1, 2))",24,7.0,31.0,24,6,1,expanded,False,True,1464
"(((2, 3), (2, 5), (7, 5)), (1, 2))","(((2, 3), (2, 6), (7, 5)), (1, 2))",24,7.0,31.0,24,6,0,expanded,False,True,1465
"(((3, 7), (4, 2), (7, 5)), (3, 8))","(((3, 8), (4, 2), (7, 5)), (3, 9))",24,7.0,31.0,24,3,0,expanded,False,True,1466
"(((4, 6), (6, 5), (6, 7)), (1, 2))","(((4, 5), (6, 5), (6, 7)), (1, 2))",26,7,33.0,26,,,pruned,,,1467
"(((4, 5), (6, 5), (6, 7)), (1, 2))","(((4, 4), (6, 5), (6, 7)), (1, 2))",25,6.0,31.0,25,6,1,expanded,False,True,1468
"(((2, 3), (4, 6), (6, 5)), (1, 2))","(((2, 3), (3, 6), (6, 5)), (1, 2))",26,5,31.0,26,,,pruned,,,1469
"(((2, 3), (3, 6), (6, 5)), (1, 2))","(((2, 3), (3, 6), (6, 4)), (1, 2))",25,6.0,31.0,25,6,1,expanded,False,True,1470
"(((4, 3), (5, 8), (6, 5)), (6, 3))","(((4, 3), (5, 8), (6, 4)), (6, 3))",25,6.0,31.0,25,3,0,expanded,False,True,1471
"(((4, 2), (4, 8), (6, 5)), (5, 8))","(((4, 2), (4, 8), (6, 4)), (5, 8))",25,6.0,31.0,25,3,0,expanded,False,True,1472
"(((4, 4), (4, 8), (8, 4)), (5, 8))","(((4, 4), (4, 8), (7, 4)), (5, 8))",26,7,33.0,26,,,pruned,,,1473
"(((4, 4), (4, 8), (7, 3)), (5, 8))","(((4, 4), (4, 8), (7, 4)), (5, 8))",26,6,32.0,26,,,pruned,,,1474
"(((4, 4), (4, 8), (7, 4)), (5, 8))","(((4, 4), (4, 8), (7, 5)), (5, 8))",25,6.0,31.0,25,5,2,expanded,False,True,1475
"(((4, 4), (5, 8), (6, 3)), (6, 4))","(((4, 4), (5, 8), (6, 4)), (6, 3))",26,6,32.0,26,,,pruned,,,1476
"(((4, 4), (5, 8), (6, 4)), (6, 3))","(((4, 4), (6, 4), (6, 8)), (6, 3))",25,6.0,31.0,25,3,1,expanded,False,True,1477
"(((2, 4), (2, 5), (6, 3)), (1, 2))","(((2, 4), (2, 5), (6, 4)), (1, 2))",26,6,32.0,26,,,pruned,,,1478
"(((2, 4), (2, 5), (6, 4)), (1, 2))","(((2, 4), (2, 6), (6, 4)), (1, 2))",25,6.0,31.0,25,2,1,expanded,False,True,1479
"(((3, 7), (4, 3), (7, 5)), (3, 8))","(((3, 8), (4, 3), (7, 5)), (3, 9))",25,6.0,31.0,25,3,0,expanded,False,True,1480
"(((4, 5), (4, 8), (7, 5)), (5, 8))","(((4, 5), (5, 8), (7, 5)), (6, 3))",25,6.0,31.0,25,3,0,expanded,False,True,1481
"(((4, 2), (4, 6), (7, 5)), (1, 2))","(((3, 6), (4, 2), (7, 5)), (1, 2))",26,5,31.0,26,,,pruned,,,1482
"(((3, 6), (4, 2), (7, 5)), (1, 2))","(((3, 2), (3, 6), (7, 5)), (1, 2))",25,6.0,31.0,25,4,1,expanded,False,True,1483
"(((4, 6), (6, 5), (6, 6)), (1, 2))","(((4, 5), (6, 5), (6, 6)), (1, 2))",27,6,33.0,27,,,pruned,,,1484
"(((4, 5), (6, 5), (6, 6)), (1, 2))","(((4, 4), (6, 5), (6, 6)), (1, 2))",26,5.0,31.0,26,2,1,expanded,False,True,1485
"(((4, 3), (4, 8), (6, 5)), (5, 8))","(((4, 3), (4, 8), (6, 4)), (5, 8))",26,5.0,31.0,26,3,0,expanded,False,True,1486
"(((4, 4), (4, 8), (6, 3)), (5, 8))","(((4, 4), (4, 8), (6, 4)), (5, 8))",27,5,32.0,27,,,pruned,,,1487
"(((4, 4), (4, 8), (6, 4)), (5, 8))","(((4, 4), (4, 8), (7, 4)), (5, 8))",26,5.0,31.0,26,3,1,expanded,False,True,1488
"(((4, 3), (4, 6), (7, 5)), (1, 2))","(((3, 6), (4, 3), (7, 5)), (1, 2))",27,4,31.0,27,,,pruned,,,1489
"(((3, 6), (4, 3), (7, 5)), (1, 2))","(((3, 7), (4, 3), (7, 5)), (3, 8))",26,5.0,31.0,26,4,1,expanded,False,True,1490
"(((2, 4), (6, 7), (6, 8)), (6, 3))","(((2, 4), (6, 6), (6, 8)), (6, 3))",21,11.0,32.0,21,1,0,expanded,False,True,1491
"(((2, 4), (3, 8), (7, 8)), (3, 9))","(((2, 4), (3, 8), (7, 7)), (3, 9))",22,12,34.0,22,,,pruned,,,1492
"(((2, 4), (3, 8), (7, 7)), (3, 9))","(((2, 4), (4, 8), (7, 7)), (5, 8))",21,11.0,32.0,21,3,1,expanded,False,True,1493
"(((2, 4), (5, 8), (6, 7)), (6, 3))","(((2, 4), (5, 8), (6, 6)), (6, 3))",22,10.0,32.0,22,3,0,expanded,False,True,1494
"(((2, 4), (3, 7), (7, 8)), (3, 8))","(((2, 4), (3, 7), (7, 7)), (3, 8))",23,11,34.0,23,,,pruned,,,1495
"(((2, 4), (3, 7), (7, 7)), (3, 8))","(((2, 4), (3, 7), (7, 6)), (3, 8))",22,10.0,32.0,22,3,1,expanded,False,True,1496
"(((2, 2), (3, 8), (8, 4)), (3, 9))","(((2, 2), (3, 8), (7, 4)), (3, 9))",23,11,34.0,23,,,pruned,,,1497
"(((2, 2), (3, 8), (7, 3)), (3, 9))","(((2, 2), (3, 8), (7, 4)), (3, 9))",23,10,33.0,23,,,pruned,,,1498
"(((2, 2), (3, 8), (7, 4)), (3, 9))","(((2, 2), (4, 8), (7, 4)), (5, 8))",22,10.0,32.0,22,5,2,expanded,False,True,1499
"(((4, 4), (6, 7), (7, 8)), (6, 3))","(((4, 4), (6, 7), (7, 7)), (6, 3))",24,10,34.0,24,,,pruned,,,1500
"(((4, 4), (6, 7), (7, 7)), (6, 3))","(((4, 4), (6, 6), (7, 7)), (6, 3))",23,9.0,32.0,23,2,1,expanded,False,True,1501
"(((4, 4), (6, 8), (7, 6)), (6, 3))","(((4, 4), (6, 7), (7, 6)), (6, 3))",23,9.0,32.0,23,3,0,expanded,False,True,1502
"(((2, 4), (4, 8), (6, 7)), (5, 8))","(((2, 4), (4, 8), (6, 6)), (5, 8))",23,9.0,32.0,23,3,0,expanded,False,True,1503
"(((2, 4), (3, 8), (6, 6)), (3, 9))","(((2, 4), (4, 8), (6, 6)), (5, 8))",23,9.0,32.0,23,3,0,expanded,False,True,1504
"(((2, 4), (3, 6), (7, 8)), (1, 2))","(((2, 4), (3, 6), (7, 7)), (1, 2))",24,10,34.0,24,,,pruned,,,1505
"(((2, 4), (4, 6), (7, 7)), (1, 2))","(((2, 4), (3, 6), (7, 7)), (1, 2))",24,8,32.0,24,,,pruned,,,1506
"(((2, 4), (3, 6), (7, 7)), (1, 2))","(((2, 4), (3, 6), (7, 6)), (1, 2))",23,9.0,32.0,23,6,2,expanded,False,True,1507
"(((1, 6), (2, 4), (7, 6)), (1, 2))","(((2, 4), (2, 6), (7, 6)), (1, 2))",24,10,34.0,24,,,pruned,,,1508
"(((2, 4), (2, 7), (7, 6)), (1, 2))","(((2, 4), (2, 6), (7, 6)), (1, 2))",24,10,34.0,24,,,pruned,,,1509
"(((2, 4), (2, 6), (7, 6)), (1, 2))","(((2, 4), (3, 6), (7, 6)), (1, 2))",23,9.0,32.0,23,8,2,expanded,False,True,1510
"(((3, 2), (3, 8), (8, 4)), (3, 9))","(((3, 2), (3, 8), (7, 4)), (3, 9))",24,10,34.0,24,,,pruned,,,1511
"(((3, 2), (3, 8), (7, 3)), (3, 9))","(((3, 2), (3, 8), (7, 4)), (3, 9))",24,9,33.0,24,,,pruned,,,1512
"(((3, 2), (3, 8), (7, 4)), (3, 9))","(((3, 2), (4, 8), (7, 4)), (5, 8))",23,9.0,32.0,23,5,2,expanded,False,True,1513
"(((2, 2), (3, 8), (6, 3)), (3, 9))","(((2, 2), (3, 8), (6, 4)), (3, 9))",24,9,33.0,24,,,pruned,,,1514
"(((2, 2), (3, 8), (6, 4)), (3, 9))","(((2, 2), (4, 8), (6, 4)), (5, 8))",23,9.0,32.0,23,3,1,expanded,False,True,1515
"(((2, 2), (3, 7), (8, 4)), (3, 8))","(((2, 2), (3, 7), (7, 4)), (3, 8))",24,10,34.0,24,,,pruned,,,1516
"(((2, 2), (3, 7), (7, 3)), (3, 8))","(((2, 2), (3, 7), (7, 4)), (3, 8))",24,9,33.0,24,,,pruned,,,1517
"(((2, 2), (3, 7), (7, 4)), (3, 8))","(((2, 2), (3, 7), (7, 5)), (3, 8))",23,9.0,32.0,23,5,2,expanded,False,True,1518
"(((4, 5), (6, 8), (8, 4)), (6, 3))","(((4, 5), (6, 8), (7, 4)), (6, 3))",25,9,34.0,25,,,pruned,,,1519
"(((4, 5), (6, 8), (7, 3)), (6, 3))","(((4, 5), (6, 8), (7, 4)), (6, 3))",25,8,33.0,25,,,pruned,,,1520
"(((4, 5), (6, 8), (7, 4)), (6, 3))","(((4, 5), (6, 7), (7, 4)), (1, 2))",24,8.0,32.0,24,5,2,expanded,False,True,1521
"(((2, 2), (3, 6), (8, 4)), (1, 2))","(((2, 2), (3, 6), (7, 4)), (1, 2))",25,9,34.0,25,,,pruned,,,1522
"(((2, 2), (3, 6), (7, 3)), (1, 2))","(((2, 2), (3, 6), (7, 4)), (1, 2))",25,8,33.0,25,,,pruned,,,1523
"(((2, 1), (3, 6), (7, 4)), (1, 2))","(((2, 2), (3, 6), (7, 4)), (1, 2))",25,9,34.0,25,,,pruned,,,1524
"(((2, 2), (4, 6), (7, 4)), (1, 2))","(((2, 2), (3, 6), (7, 4)), (1, 2))",25,7,32.0,25,,,pruned,,,1525
"(((2, 2), (3, 6), (7, 4)), (1, 2))","(((2, 3), (3, 6), (7, 4)), (1, 2))",24,8.0,32.0,24,7,4,expanded,False,True,1526
"(((2, 3), (2, 6), (8, 4)), (1, 2))","(((2, 3), (2, 6), (7, 4)), (1, 2))",25,9,34.0,25,,,pruned,,,1527
"(((2, 3), (2, 6), (7, 3)), (1, 2))","(((2, 3), (2, 6), (7, 4)), (1, 2))",25,8,33.0,25,,,pruned,,,1528
"(((1, 6), (2, 3), (7, 4)), (1, 2))","(((2, 3), (2, 6), (7, 4)), (1, 2))",25,9,34.0,25,,,pruned,,,1529
"(((2, 3), (2, 7), (7, 4)), (1, 2))","(((2, 3), (2, 6), (7, 4)), (1, 2))",25,9,34.0,25,,,pruned,,,1530
"(((2, 3), (2, 6), (7, 4)), (1, 2))","(((2, 3), (3, 6), (7, 4)), (1, 2))",24,8.0,32.0,24,10,4,expanded,False,True,1531
"(((2, 4), (3, 7), (6, 6)), (3, 8))","(((2, 4), (3, 7), (6, 5)), (3, 8))",24,8.0,32.0,24,3,0,expanded,False,True,1532
"(((3, 8), (4, 2), (8, 4)), (3, 9))","(((3, 8), (4, 2), (7, 4)), (3, 9))",25,9,34.0,25,,,pruned,,,1533
"(((3, 8), (4, 2), (7, 3)), (3, 9))","(((3, 8), (4, 2), (7, 4)), (3, 9))",25,8,33.0,25,,,pruned,,,1534
"(((3, 8), (4, 2), (7, 4)), (3, 9))","(((4, 2), (4, 8), (7, 4)), (5, 8))",24,8.0,32.0,24,5,2,expanded,False,True,1535
"(((4, 4), (5, 8), (7, 6)), (6, 3))","(((4, 4), (5, 8), (7, 5)), (6, 3))",24,8.0,32.0,24,3,0,expanded,False,True,1536
"(((2, 4), (2, 5), (7, 6)), (1, 2))","(((2, 4), (2, 5), (7, 5)), (1, 2))",24,8.0,32.0,24,2,0,expanded,False,True,1537
"(((3, 2), (3, 8), (6, 3)), (3, 9))","(((3, 2), (3, 8), (6, 4)), (3, 9))",25,8,33.0,25,,,pruned,,,1538
"(((3, 2), (3, 8), (6, 4)), (3, 9))","(((3, 2), (4, 8), (6, 4)), (5, 8))",24,8.0,32.0,24,3,1,expanded,False,True,1539
"(((3, 2), (3, 7), (8, 4)), (3, 8))","(((3, 2), (3, 7), (7, 4)), (3, 8))",25,9,34.0,25,,,pruned,,,1540
"(((3, 2), (3, 7), (7, 3)), (3, 8))","(((3, 2), (3, 7), (7, 4)), (3, 8))",25,8,33.0,25,,,pruned,,,1541
"(((3, 2), (3, 7), (7, 4)), (3, 8))","(((3, 2), (3, 7), (7, 5)), (3, 8))",24,8.0,32.0,24,5,2,expanded,False,True,1542
"(((2, 2), (3, 7), (6, 3)), (3, 8))","(((2, 2), (3, 7), (6, 4)), (3, 8))",25,8,33.0,25,,,pruned,,,1543
"(((2, 2), (3, 7), (6, 4)), (3, 8))","(((2, 2), (3, 8), (6, 4)), (3, 9))",24,8.0,32.0,24,3,1,expanded,False,True,1544
"(((4, 4), (6, 5), (6, 8)), (6, 3))","(((4, 4), (6, 5), (6, 7)), (1, 2))",25,7.0,32.0,25,3,0,expanded,False,True,1545
"(((4, 4), (6, 6), (6, 7)), (1, 2))","(((4, 4), (6, 5), (6, 7)), (1, 2))",25,7.0,32.0,25,2,0,expanded,False,True,1546
"(((4, 5), (6, 3), (6, 8)), (6, 4))","(((4, 5), (6, 4), (6, 8)), (6, 3))",26,7,33.0,26,,,pruned,,,1547
"(((4, 5), (6, 4), (6, 8)), (6, 3))","(((4, 5), (6, 4), (6, 7)), (1, 2))",25,7.0,32.0,25,3,1,expanded,False,True,1548
"(((2, 1), (3, 6), (6, 4)), (1, 2))","(((2, 2), (3, 6), (6, 4)), (1, 2))",26,8,34.0,26,,,pruned,,,1549
"(((2, 2), (3, 6), (6, 3)), (1, 2))","(((2, 2), (3, 6), (6, 4)), (1, 2))",26,7,33.0,26,,,pruned,,,1550
"(((2, 2), (4, 6), (6, 4)), (1, 2))","(((2, 2), (3, 6), (6, 4)), (1, 2))",26,6,32.0,26,,,pruned,,,1551
"(((2, 2), (3, 6), (6, 4)), (1, 2))","(((2, 3), (3, 6), (6, 4)), (1, 2))",25,7.0,32.0,25,5,3,expanded,False,True,1552
"(((1, 6), (2, 3), (6, 4)), (1, 2))","(((2, 3), (2, 6), (6, 4)), (1, 2))",26,8,34.0,26,,,pruned,,,1553
"(((2, 3), (2, 7), (6, 4)), (1, 2))","(((2, 3), (2, 6), (6, 4)), (1, 2))",26,8,34.0,26,,,pruned,,,1554
"(((2, 3), (2, 6), (6, 3)), (1, 2))","(((2, 3), (2, 6), (6, 4)), (1, 2))",26,7,33.0,26,,,pruned,,,1555
"(((2, 3), (2, 6), (6, 4)), (1, 2))","(((2, 3), (3, 6), (6, 4)), (1, 2))",25,7.0,32.0,25,8,3,expanded,False,True,1556
"(((2, 4), (4, 6), (6, 6)), (1, 2))","(((2, 4), (3, 6), (6, 6)), (1, 2))",26,6,32.0,26,,,pruned,,,1557
"(((2, 4), (3, 6), (6, 6)), (1, 2))","(((2, 4), (3, 6), (6, 5)), (1, 2))",25,7.0,32.0,25,6,1,expanded,False,True,1558
"(((1, 6), (2, 4), (6, 5)), (1, 2))","(((2, 4), (2, 6), (6, 5)), (1, 2))",26,8,34.0,26,,,pruned,,,1559
"(((2, 4), (2, 7), (6, 5)), (1, 2))","(((2, 4), (2, 6), (6, 5)), (1, 2))",26,8,34.0,26,,,pruned,,,1560
"(((2, 4), (2, 6), (6, 5)), (1, 2))","(((2, 4), (3, 6), (6, 5)), (1, 2))",25,7.0,32.0,25,8,2,expanded,False,True,1561
"(((3, 8), (4, 3), (8, 4)), (3, 9))","(((3, 8), (4, 3), (7, 4)), (3, 9))",26,8,34.0,26,,,pruned,,,1562
"(((3, 8), (4, 3), (7, 3)), (3, 9))","(((3, 8), (4, 3), (7, 4)), (3, 9))",26,7,33.0,26,,,pruned,,,1563
"(((3, 8), (4, 3), (7, 4)), (3, 9))","(((4, 3), (4, 8), (7, 4)), (5, 8))",25,7.0,32.0,25,5,2,expanded,False,True,1564
"(((3, 8), (4, 2), (6, 3)), (3, 9))","(((3, 8), (4, 2), (6, 4)), (3, 9))",26,7,33.0,26,,,pruned,,,1565
"(((3, 8), (4, 2), (6, 4)), (3, 9))","(((4, 2), (4, 8), (6, 4)), (5, 8))",25,7.0,32.0,25,3,1,expanded,False,True,1566
"(((4, 4), (4, 8), (7, 6)), (5, 8))","(((4, 4), (4, 8), (7, 5)), (5, 8))",25,7.0,32.0,25,3,0,expanded,False,True,1567
"(((3, 8), (4, 4), (7, 5)), (3, 9))","(((4, 4), (4, 8), (7, 5)), (5, 8))",25,7.0,32.0,25,3,0,expanded,False,True,1568
"(((4, 5), (5, 8), (8, 4)), (6, 3))","(((4, 5), (5, 8), (7, 4)), (6, 3))",26,8,34.0,26,,,pruned,,,1569
"(((4, 5), (5, 8), (7, 3)), (6, 3))","(((4, 5), (5, 8), (7, 4)), (6, 3))",26,7,33.0,26,,,pruned,,,1570
"(((4, 5), (5, 8), (7, 4)), (6, 3))","(((4, 5), (5, 8), (7, 5)), (6, 3))",25,7.0,32.0,25,5,2,expanded,False,True,1571
"(((3, 2), (3, 6), (8, 4)), (1, 2))","(((3, 2), (3, 6), (7, 4)), (1, 2))",26,8,34.0,26,,,pruned,,,1572
"(((3, 2), (3, 6), (7, 3)), (1, 2))","(((3, 2), (3, 6), (7, 4)), (1, 2))",26,7,33.0,26,,,pruned,,,1573
"(((3, 2), (4, 6), (7, 4)), (1, 2))","(((3, 2), (3, 6), (7, 4)), (1, 2))",26,6,32.0,26,,,pruned,,,1574
"(((3, 2), (3, 6), (7, 4)), (1, 2))","(((3, 2), (3, 6), (7, 5)), (1, 2))",25,7.0,32.0,25,8,3,expanded,False,True,1575
"(((2, 3), (2, 5), (8, 4)), (1, 2))","(((2, 3), (2, 5), (7, 4)), (1, 2))",26,8,34.0,26,,,pruned,,,1576
"(((2, 3), (2, 5), (7, 3)), (1, 2))","(((2, 3), (2, 5), (7, 4)), (1, 2))",26,7,33.0,26,,,pruned,,,1577
"(((2, 3), (2, 5), (7, 4)), (1, 2))","(((2, 3), (2, 5), (7, 5)), (1, 2))",25,7.0,32.0,25,8,2,expanded,False,True,1578
"(((2, 3), (2, 4), (7, 5)), (1, 2))","(((2, 3), (2, 5), (7, 5)), (1, 2))",25,7.0,32.0,25,2,0,expanded,False,True,1579
"(((3, 7), (4, 2), (8, 4)), (3, 8))","(((3, 7), (4, 2), (7, 4)), (3, 8))",26,8,34.0,26,,,pruned,,,1580
"(((3, 7), (4, 2), (7, 3)), (3, 8))","(((3, 7), (4, 2), (7, 4)), (3, 8))",26,7,33.0,26,,,pruned,,,1581
"(((3, 7), (4, 2), (7, 4)), (3, 8))","(((3, 7), (4, 2), (7, 5)), (3, 8))",25,7.0,32.0,25,5,2,expanded,False,True,1582
"(((3, 2), (3, 7), (6, 3)), (3, 8))","(((3, 2), (3, 7), (6, 4)), (3, 8))",26,7,33.0,26,,,pruned,,,1583
"(((3, 2), (3, 7), (6, 4)), (3, 8))","(((3, 2), (3, 8), (6, 4)), (3, 9))",25,7.0,32.0,25,3,1,expanded,False,True,1584
"(((3, 8), (4, 3), (6, 3)), (3, 9))","(((3, 8), (4, 3), (6, 4)), (3, 9))",27,6,33.0,27,,,pruned,,,1585
"(((3, 8), (4, 3), (6, 4)), (3, 9))","(((4, 3), (4, 8), (6, 4)), (5, 8))",26,6.0,32.0,26,3,1,expanded,False,True,1586
"(((4, 4), (5, 8), (6, 5)), (6, 3))","(((4, 4), (5, 8), (6, 4)), (6, 3))",26,6.0,32.0,26,3,0,expanded,False,True,1587
"(((2, 4), (2, 5), (6, 5)), (1, 2))","(((2, 4), (2, 5), (6, 4)), (1, 2))",26,6.0,32.0,26,2,0,expanded,False,True,1588
"(((3, 7), (4, 3), (8, 4)), (3, 8))","(((3, 7), (4, 3), (7, 4)), (3, 8))",27,7,34.0,27,,,pruned,,,1589
"(((3, 7), (4, 3), (7, 3)), (3, 8))","(((3, 7), (4, 3), (7, 4)), (3, 8))",27,6,33.0,27,,,pruned,,,1590
"(((3, 7), (4, 3), (7, 4)), (3, 8))","(((3, 7), (4, 3), (7, 5)), (3, 8))",26,6.0,32.0,26,5,2,expanded,False,True,1591
"(((4, 5), (4, 8), (8, 4)), (5, 8))","(((4, 5), (4, 8), (7, 4)), (5, 8))",27,7,34.0,27,,,pruned,,,1592
"(((4, 5), (4, 8), (7, 3)), (5, 8))","(((4, 5), (4, 8), (7, 4)), (5, 8))",27,6,33.0,27,,,pruned,,,1593
"(((4, 5), (4, 8), (7, 4)), (5, 8))","(((4, 5), (4, 8), (7, 5)), (5, 8))",26,6.0,32.0,26,5,2,expanded,False,True,1594
"(((3, 6), (4, 2), (8, 4)), (1, 2))","(((3, 6), (4, 2), (7, 4)), (1, 2))",27,7,34.0,27,,,pruned,,,1595
"(((3, 6), (4, 2), (7, 3)), (1, 2))","(((3, 6), (4, 2), (7, 4)), (1, 2))",27,6,33.0,27,,,pruned,,,1596
"(((4, 2), (4, 6), (7, 4)), (1, 2))","(((3, 6), (4, 2), (7, 4)), (1, 2))",27,5,32.0,27,,,pruned,,,1597
"(((3, 6), (4, 2), (7, 4)), (1, 2))","(((3, 6), (4, 2), (7, 5)), (1, 2))",26,6.0,32.0,26,6,3,expanded,False,True,1598
"(((4, 5), (5, 8), (6, 3)), (6, 4))","(((4, 5), (5, 8), (6, 4)), (6, 3))",27,6,33.0,27,,,pruned,,,1599
"(((4, 5), (5, 8), (6, 4)), (6, 3))","(((4, 5), (6, 4), (6, 8)), (6, 3))",26,6.0,32.0,26,3,1,expanded,False,True,1600
"(((3, 2), (3, 6), (6, 3)), (1, 2))","(((3, 2), (3, 6), (6, 4)), (1, 2))",27,6,33.0,27,,,pruned,,,1601
"(((3, 2), (4, 6), (6, 4)), (1, 2))","(((3, 2), (3, 6), (6, 4)), (1, 2))",27,5,32.0,27,,,pruned,,,1602
"(((3, 2), (3, 6), (6, 4)), (1, 2))","(((2, 2), (3, 6), (6, 4)), (1, 2))",26,6.0,32.0,26,6,2,expanded,False,True,1603
"(((2, 3), (2, 5), (6, 3)), (1, 2))","(((2, 3), (2, 5), (6, 4)), (1, 2))",27,6,33.0,27,,,pruned,,,1604
"(((2, 3), (2, 5), (6, 4)), (1, 2))","(((2, 3), (2, 6), (6, 4)), (1, 2))",26,6.0,32.0,26,6,1,expanded,False,True,1605
"(((3, 7), (4, 2), (6, 3)), (3, 8))","(((3, 7), (4, 2), (6, 4)), (3, 8))",27,6,33.0,27,,,pruned,,,1606
"(((3, 7), (4, 2), (6, 4)), (3, 8))","(((3, 8), (4, 2), (6, 4)), (3, 9))",26,6.0,32.0,26,3,1,expanded,False,True,1607
"(((3, 7), (4, 4), (7, 5)), (3, 8))","(((3, 8), (4, 4), (7, 5)), (3, 9))",26,6.0,32.0,26,3,0,expanded,False,True,1608
"(((4, 4), (4, 8), (6, 5)), (5, 8))","(((4, 4), (4, 8), (6, 4)), (5, 8))",27,5.0,32.0,27,3,0,expanded,False,True,1609
"(((3, 6), (4, 3), (8, 4)), (1, 2))","(((3, 6), (4, 3), (7, 4)), (1, 2))",28,6,34.0,28,,,pruned,,,1610
"(((3, 6), (4, 3), (7, 3)), (1, 2))","(((3, 6), (4, 3), (7, 4)), (1, 2))",28,5,33.0,28,,,pruned,,,1611
"(((4, 3), (4, 6), (7, 4)), (1, 2))","(((3, 6), (4, 3), (7, 4)), (1, 2))",28,4,32.0,28,,,pruned,,,1612
"(((3, 6), (4, 3), (7, 4)), (1, 2))","(((3, 6), (4, 3), (7, 5)), (1, 2))",27,5.0,32.0,27,6,3,expanded,False,True,1613
"(((4, 4), (4, 6), (7, 5)), (1, 2))","(((3, 6), (4, 4), (7, 5)), (1, 2))",28,4,32.0,28,,,pruned,,,1614
"(((3, 6), (4, 4), (7, 5)), (1, 2))","(((3, 6), (4, 3), (7, 5)), (1, 2))",27,5.0,32.0,27,4,1,expanded,False,True,1615
"(((3, 7), (4, 3), (6, 3)), (3, 8))","(((3, 7), (4, 3), (6, 4)), (3, 8))",28,5,33.0,28,,,pruned,,,1616
"(((3, 7), (4, 3), (6, 4)), (3, 8))","(((3, 8), (4, 3), (6, 4)), (3, 9))",27,5.0,32.0,27,3,1,expanded,False,True,1617
"(((4, 5), (4, 8), (6, 3)), (5, 8))","(((4, 5), (4, 8), (6, 4)), (5, 8))",28,5,33.0,28,,,pruned,,,1618
"(((4, 5), (4, 8), (6, 4)), (5, 8))","(((4, 5), (4, 8), (7, 4)), (5, 8))",27,5.0,32.0,27,3,1,expanded,False,True,1619
"(((3, 6), (4, 2), (6, 3)), (1, 2))","(((3, 6), (4, 2), (6, 4)), (1, 2))",28,5,33.0,28,,,pruned,,,1620
"(((4, 2), (4, 6), (6, 4)), (1, 2))","(((3, 6), (4, 2), (6, 4)), (1, 2))",28,4,32.0,28,,,pruned,,,1621
"(((3, 6), (4, 2), (6, 4)), (1, 2))","(((3, 6), (4, 2), (7, 4)), (1, 2))",27,5.0,32.0,27,4,2,expanded,False,True,1622
"(((3, 6), (4, 3), (6, 3)), (1, 2))","(((3, 6), (4, 3), (6, 4)), (1, 2))",29,4,33.0,29,,,pruned,,,1623
"(((4, 3), (4, 6), (6, 4)), (1, 2))","(((3, 6), (4, 3), (6, 4)), (1, 2))",29,3,32.0,29,,,pruned,,,1624
"(((3, 6), (4, 3), (6, 4)), (1, 2))","(((3, 6), (4, 3), (7, 4)), (1, 2))",28,4.0,32.0,28,4,2,expanded,False,True,1625
"(((2, 2), (6, 8), (7, 8)), (6, 3))","(((2, 2), (6, 8), (7, 7)), (6, 3))",21,14,35.0,21,,,pruned,,,1626
"(((2, 2), (6, 8), (7, 7)), (6, 3))","(((2, 2), (6, 7), (7, 7)), (6, 3))",20,13.0,33.0,20,1,1,expanded,True,True,1627
"(((3, 2), (6, 8), (7, 8)), (6, 3))","(((3, 2), (6, 8), (7, 7)), (6, 3))",22,13,35.0,22,,,pruned,,,1628
"(((3, 2), (6, 8), (7, 7)), (6, 3))","(((3, 2), (6, 7), (7, 7)), (6, 3))",21,12.0,33.0,21,1,1,expanded,True,True,1629
"(((3, 7), (3, 8), (6, 8)), (6, 3))","(((3, 7), (3, 8), (6, 7)), (3, 9))",21,12.0,33.0,21,1,0,expanded,False,True,1630
"(((2, 6), (5, 8), (6, 8)), (6, 3))","(((2, 6), (5, 8), (6, 7)), (6, 3))",21,12.0,33.0,21,0,0,expanded,False,True,1631
"(((2, 2), (5, 8), (7, 8)), (6, 3))","(((2, 2), (5, 8), (7, 7)), (6, 3))",22,13,35.0,22,,,pruned,,,1632
"(((2, 2), (5, 8), (7, 7)), (6, 3))","(((2, 2), (5, 8), (7, 6)), (6, 3))",21,12.0,33.0,21,3,1,expanded,False,True,1633
"(((4, 2), (6, 8), (7, 8)), (6, 3))","(((4, 2), (6, 8), (7, 7)), (6, 3))",23,12,35.0,23,,,pruned,,,1634
"(((4, 2), (6, 8), (7, 7)), (6, 3))","(((4, 2), (6, 7), (7, 7)), (6, 3))",22,11.0,33.0,22,1,1,expanded,True,True,1635
"(((3, 6), (3, 8), (6, 8)), (6, 3))","(((3, 6), (3, 8), (6, 7)), (3, 9))",22,11.0,33.0,22,1,0,expanded,False,True,1636
"(((2, 2), (6, 6), (6, 8)), (6, 3))","(((2, 2), (6, 5), (6, 8)), (6, 3))",22,11.0,33.0,22,3,0,expanded,False,True,1637
"(((2, 3), (6, 7), (6, 8)), (6, 3))","(((2, 3), (6, 6), (6, 8)), (6, 3))",22,11.0,33.0,22,1,0,expanded,False,True,1638
"(((2, 5), (5, 8), (6, 8)), (6, 3))","(((2, 5), (5, 8), (6, 7)), (6, 3))",22,11.0,33.0,22,0,0,expanded,False,True,1639
"(((2, 6), (4, 8), (6, 8)), (6, 3))","(((2, 6), (4, 8), (6, 7)), (5, 8))",22,11.0,33.0,22,1,0,expanded,False,True,1640
"(((2, 6), (3, 8), (6, 7)), (3, 9))","(((2, 6), (4, 8), (6, 7)), (5, 8))",22,11.0,33.0,22,3,0,expanded,False,True,1641
"(((2, 3), (3, 8), (7, 8)), (3, 9))","(((2, 3), (3, 8), (7, 7)), (3, 9))",23,12,35.0,23,,,pruned,,,1642
"(((2, 3), (3, 8), (7, 7)), (3, 9))","(((2, 3), (4, 8), (7, 7)), (5, 8))",22,11.0,33.0,22,3,1,expanded,False,True,1643
"(((3, 2), (5, 8), (7, 8)), (6, 3))","(((3, 2), (5, 8), (7, 7)), (6, 3))",23,12,35.0,23,,,pruned,,,1644
"(((3, 2), (5, 8), (7, 7)), (6, 3))","(((3, 2), (5, 8), (7, 6)), (6, 3))",22,11.0,33.0,22,3,1,expanded,False,True,1645
"(((2, 2), (4, 8), (7, 8)), (5, 8))","(((2, 2), (4, 8), (7, 7)), (5, 8))",23,12,35.0,23,,,pruned,,,1646
"(((2, 2), (4, 8), (7, 7)), (5, 8))","(((2, 2), (4, 8), (7, 6)), (5, 8))",22,11.0,33.0,22,3,1,expanded,False,True,1647
"(((2, 2), (3, 8), (7, 6)), (3, 9))","(((2, 2), (4, 8), (7, 6)), (5, 8))",22,11.0,33.0,22,3,0,expanded,False,True,1648
"(((3, 7), (3, 8), (5, 8)), (6, 3))","(((3, 7), (3, 8), (6, 8)), (6, 3))",22,11.0,33.0,22,1,0,expanded,False,True,1649
"(((4, 3), (6, 8), (7, 8)), (6, 3))","(((4, 3), (6, 8), (7, 7)), (6, 3))",24,11,35.0,24,,,pruned,,,1650
"(((4, 3), (6, 8), (7, 7)), (6, 3))","(((4, 3), (6, 7), (7, 7)), (6, 3))",23,10.0,33.0,23,1,1,expanded,True,True,1651
"(((3, 6), (3, 7), (6, 8)), (6, 3))","(((3, 6), (3, 7), (6, 7)), (3, 8))",23,10.0,33.0,23,1,0,expanded,False,True,1652
"(((2, 5), (4, 8), (6, 8)), (6, 3))","(((2, 5), (4, 8), (6, 7)), (5, 8))",23,10.0,33.0,23,1,0,expanded,False,True,1653
"(((2, 5), (3, 8), (6, 7)), (3, 9))","(((2, 5), (4, 8), (6, 7)), (5, 8))",23,10.0,33.0,23,3,0,expanded,False,True,1654
"(((2, 7), (3, 6), (7, 7)), (1, 2))","(((2, 6), (3, 6), (7, 7)), (1, 2))",24,11,35.0,24,,,pruned,,,1655
"(((2, 6), (3, 6), (7, 7)), (1, 2))","(((2, 5), (3, 6), (7, 7)), (1, 2))",23,10.0,33.0,23,1,1,expanded,True,True,1656
"(((1, 6), (2, 5), (7, 7)), (1, 2))","(((2, 5), (2, 6), (7, 7)), (1, 2))",24,11,35.0,24,,,pruned,,,1657
"(((2, 5), (2, 6), (7, 8)), (1, 2))","(((2, 5), (2, 6), (7, 7)), (1, 2))",24,11,35.0,24,,,pruned,,,1658
"(((2, 5), (2, 6), (7, 7)), (1, 2))","(((2, 5), (3, 6), (7, 7)), (1, 2))",23,10.0,33.0,23,4,2,expanded,False,True,1659
"(((3, 2), (6, 6), (6, 8)), (6, 3))","(((3, 2), (6, 5), (6, 8)), (6, 3))",23,10.0,33.0,23,3,0,expanded,False,True,1660
"(((2, 3), (5, 8), (6, 7)), (6, 3))","(((2, 3), (5, 8), (6, 6)), (6, 3))",23,10.0,33.0,23,3,0,expanded,False,True,1661
"(((2, 6), (3, 7), (6, 7)), (3, 8))","(((2, 6), (3, 7), (6, 6)), (3, 8))",23,10.0,33.0,23,3,0,expanded,False,True,1662
"(((4, 2), (5, 8), (7, 8)), (6, 3))","(((4, 2), (5, 8), (7, 7)), (6, 3))",24,11,35.0,24,,,pruned,,,1663
"(((4, 2), (5, 8), (7, 7)), (6, 3))","(((4, 2), (5, 8), (7, 6)), (6, 3))",23,10.0,33.0,23,3,1,expanded,False,True,1664
"(((2, 3), (3, 7), (7, 8)), (3, 8))","(((2, 3), (3, 7), (7, 7)), (3, 8))",24,11,35.0,24,,,pruned,,,1665
"(((2, 3), (3, 7), (7, 7)), (3, 8))","(((2, 3), (3, 7), (7, 6)), (3, 8))",23,10.0,33.0,23,3,1,expanded,False,True,1666
"(((3, 2), (4, 8), (7, 8)), (5, 8))","(((3, 2), (4, 8), (7, 7)), (5, 8))",24,11,35.0,24,,,pruned,,,1667
"(((3, 2), (4, 8), (7, 7)), (5, 8))","(((3, 2), (4, 8), (7, 6)), (5, 8))",23,10.0,33.0,23,3,1,expanded,False,True,1668
"(((3, 2), (3, 8), (7, 6)), (3, 9))","(((3, 2), (4, 8), (7, 6)), (5, 8))",23,10.0,33.0,23,3,0,expanded,False,True,1669
"(((2, 2), (5, 8), (6, 6)), (6, 3))","(((2, 2), (5, 8), (6, 5)), (6, 3))",23,10.0,33.0,23,3,0,expanded,False,True,1670
"(((2, 2), (3, 7), (7, 6)), (3, 8))","(((2, 2), (3, 7), (7, 5)), (3, 8))",23,10.0,33.0,23,3,0,expanded,False,True,1671
"(((3, 6), (3, 8), (5, 8)), (6, 3))","(((3, 6), (3, 8), (6, 8)), (6, 3))",23,10.0,33.0,23,1,0,expanded,False,True,1672
"(((2, 6), (4, 8), (5, 8)), (6, 3))","(((2, 6), (4, 8), (6, 8)), (6, 3))",23,10.0,33.0,23,0,0,expanded,False,True,1673
"(((3, 7), (3, 8), (4, 8)), (5, 8))","(((3, 7), (3, 8), (5, 8)), (6, 3))",23,10.0,33.0,23,0,0,expanded,False,True,1674
"(((4, 5), (6, 8), (7, 6)), (6, 3))","(((4, 5), (6, 8), (7, 5)), (6, 3))",24,9.0,33.0,24,3,0,expanded,False,True,1675
"(((4, 5), (6, 7), (7, 8)), (6, 3))","(((4, 5), (6, 7), (7, 7)), (6, 3))",25,10,35.0,25,,,pruned,,,1676
"(((4, 5), (6, 7), (7, 7)), (6, 3))","(((4, 5), (6, 7), (7, 6)), (6, 3))",24,9.0,33.0,24,2,1,expanded,False,True,1677
"(((2, 2), (4, 6), (7, 6)), (1, 2))","(((2, 2), (3, 6), (7, 6)), (1, 2))",25,8,33.0,25,,,pruned,,,1678
"(((2, 1), (3, 6), (7, 6)), (1, 2))","(((2, 2), (3, 6), (7, 6)), (1, 2))",25,10,35.0,25,,,pruned,,,1679
"(((2, 2), (3, 6), (7, 6)), (1, 2))","(((2, 2), (3, 6), (7, 5)), (1, 2))",24,9.0,33.0,24,5,2,expanded,False,True,1680
"(((2, 3), (3, 6), (7, 8)), (1, 2))","(((2, 3), (3, 6), (7, 7)), (1, 2))",25,10,35.0,25,,,pruned,,,1681
"(((2, 3), (4, 6), (7, 7)), (1, 2))","(((2, 3), (3, 6), (7, 7)), (1, 2))",25,8,33.0,25,,,pruned,,,1682
"(((2, 3), (3, 6), (7, 7)), (1, 2))","(((2, 3), (3, 6), (7, 6)), (1, 2))",24,9.0,33.0,24,6,2,expanded,False,True,1683
"(((1, 6), (2, 3), (7, 6)), (1, 2))","(((2, 3), (2, 6), (7, 6)), (1, 2))",25,10,35.0,25,,,pruned,,,1684
"(((2, 3), (2, 7), (7, 6)), (1, 2))","(((2, 3), (2, 6), (7, 6)), (1, 2))",25,10,35.0,25,,,pruned,,,1685
"(((2, 3), (2, 6), (7, 6)), (1, 2))","(((2, 3), (3, 6), (7, 6)), (1, 2))",24,9.0,33.0,24,8,2,expanded,False,True,1686
"(((2, 2), (2, 7), (7, 5)), (1, 2))","(((2, 2), (2, 6), (7, 5)), (1, 2))",25,10,35.0,25,,,pruned,,,1687
"(((2, 1), (2, 6), (7, 5)), (1, 2))","(((2, 2), (2, 6), (7, 5)), (1, 2))",25,10,35.0,25,,,pruned,,,1688
"(((2, 2), (2, 6), (7, 5)), (1, 2))","(((2, 3), (2, 6), (7, 5)), (1, 2))",24,9.0,33.0,24,4,2,expanded,False,True,1689
"(((2, 5), (3, 7), (6, 7)), (3, 8))","(((2, 5), (3, 7), (6, 6)), (3, 8))",24,9.0,33.0,24,3,0,expanded,False,True,1690
"(((4, 2), (6, 6), (6, 8)), (6, 3))","(((4, 2), (6, 5), (6, 8)), (6, 3))",24,9.0,33.0,24,3,0,expanded,False,True,1691
"(((2, 3), (4, 8), (6, 7)), (5, 8))","(((2, 3), (4, 8), (6, 6)), (5, 8))",24,9.0,33.0,24,3,0,expanded,False,True,1692
"(((2, 3), (3, 8), (6, 6)), (3, 9))","(((2, 3), (4, 8), (6, 6)), (5, 8))",24,9.0,33.0,24,3,0,expanded,False,True,1693
"(((2, 6), (3, 6), (6, 7)), (2, 7))","(((2, 6), (3, 6), (6, 6)), (2, 7))",24,9.0,33.0,24,3,0,expanded,False,True,1694
"(((4, 3), (5, 8), (7, 8)), (6, 3))","(((4, 3), (5, 8), (7, 7)), (6, 3))",25,10,35.0,25,,,pruned,,,1695
"(((4, 3), (5, 8), (7, 7)), (6, 3))","(((4, 3), (5, 8), (7, 6)), (6, 3))",24,9.0,33.0,24,3,1,expanded,False,True,1696
"(((3, 8), (4, 2), (7, 6)), (3, 9))","(((3, 8), (4, 2), (7, 5)), (3, 9))",24,9.0,33.0,24,3,0,expanded,False,True,1697
"(((4, 2), (4, 8), (7, 8)), (5, 8))","(((4, 2), (4, 8), (7, 7)), (5, 8))",25,10,35.0,25,,,pruned,,,1698
"(((4, 2), (4, 8), (7, 7)), (5, 8))","(((4, 2), (4, 8), (7, 6)), (5, 8))",24,9.0,33.0,24,3,1,expanded,False,True,1699
"(((3, 2), (5, 8), (6, 6)), (6, 3))","(((3, 2), (5, 8), (6, 5)), (6, 3))",24,9.0,33.0,24,3,0,expanded,False,True,1700
"(((2, 2), (4, 8), (6, 6)), (5, 8))","(((2, 2), (4, 8), (6, 5)), (5, 8))",24,9.0,33.0,24,3,0,expanded,False,True,1701
"(((2, 2), (3, 8), (6, 5)), (3, 9))","(((2, 2), (4, 8), (6, 5)), (5, 8))",24,9.0,33.0,24,3,0,expanded,False,True,1702
"(((3, 2), (3, 7), (7, 6)), (3, 8))","(((3, 2), (3, 7), (7, 5)), (3, 8))",24,9.0,33.0,24,3,0,expanded,False,True,1703
"(((3, 6), (3, 7), (5, 8)), (6, 3))","(((3, 6), (3, 7), (6, 8)), (6, 3))",24,9.0,33.0,24,1,0,expanded,False,True,1704
"(((2, 5), (4, 8), (5, 8)), (6, 3))","(((2, 5), (4, 8), (6, 8)), (6, 3))",24,9.0,33.0,24,0,0,expanded,False,True,1705
"(((3, 6), (3, 8), (4, 8)), (5, 8))","(((3, 6), (3, 8), (5, 8)), (6, 3))",24,9.0,33.0,24,0,0,expanded,False,True,1706
"(((4, 3), (6, 6), (6, 8)), (6, 3))","(((4, 3), (6, 5), (6, 8)), (6, 3))",25,8.0,33.0,25,3,0,expanded,False,True,1707
"(((2, 5), (4, 6), (6, 7)), (1, 2))","(((2, 5), (3, 6), (6, 7)), (1, 2))",26,7,33.0,26,,,pruned,,,1708
"(((2, 5), (3, 6), (6, 7)), (1, 2))","(((2, 5), (3, 6), (6, 6)), (1, 2))",25,8.0,33.0,25,6,1,expanded,False,True,1709
"(((2, 7), (3, 6), (6, 6)), (1, 2))","(((2, 6), (3, 6), (6, 6)), (1, 2))",26,9,35.0,26,,,pruned,,,1710
"(((2, 6), (3, 6), (6, 6)), (1, 2))","(((2, 5), (3, 6), (6, 6)), (1, 2))",25,8.0,33.0,25,1,1,expanded,True,True,1711
"(((1, 6), (2, 5), (6, 6)), (1, 2))","(((2, 5), (2, 6), (6, 6)), (1, 2))",26,9,35.0,26,,,pruned,,,1712
"(((2, 5), (2, 6), (6, 6)), (1, 2))","(((2, 5), (3, 6), (6, 6)), (1, 2))",25,8.0,33.0,25,4,1,expanded,False,True,1713
"(((4, 3), (4, 8), (7, 8)), (5, 8))","(((4, 3), (4, 8), (7, 7)), (5, 8))",26,9,35.0,26,,,pruned,,,1714
"(((4, 3), (4, 8), (7, 7)), (5, 8))","(((4, 3), (4, 8), (7, 6)), (5, 8))",25,8.0,33.0,25,3,1,expanded,False,True,1715
"(((3, 8), (4, 3), (7, 6)), (3, 9))","(((4, 3), (4, 8), (7, 6)), (5, 8))",25,8.0,33.0,25,3,0,expanded,False,True,1716
"(((4, 2), (5, 8), (6, 6)), (6, 3))","(((4, 2), (5, 8), (6, 5)), (6, 3))",25,8.0,33.0,25,3,0,expanded,False,True,1717
"(((2, 3), (3, 7), (6, 6)), (3, 8))","(((2, 3), (3, 7), (6, 5)), (3, 8))",25,8.0,33.0,25,3,0,expanded,False,True,1718
"(((3, 2), (4, 8), (6, 6)), (5, 8))","(((3, 2), (4, 8), (6, 5)), (5, 8))",25,8.0,33.0,25,3,0,expanded,False,True,1719
"(((3, 2), (3, 8), (6, 5)), (3, 9))","(((3, 2), (4, 8), (6, 5)), (5, 8))",25,8.0,33.0,25,3,0,expanded,False,True,1720
"(((4, 5), (5, 8), (7, 6)), (6, 3))","(((4, 5), (5, 8), (7, 5)), (6, 3))",25,8.0,33.0,25,3,0,expanded,False,True,1721
"(((3, 2), (4, 6), (7, 6)), (1, 2))","(((3, 2), (3, 6), (7, 6)), (1, 2))",26,7,33.0,26,,,pruned,,,1722
"(((3, 2), (3, 6), (7, 6)), (1, 2))","(((3, 2), (3, 6), (7, 5)), (1, 2))",25,8.0,33.0,25,6,1,expanded,False,True,1723
"(((1, 2), (3, 6), (7, 5)), (1, 3))","(((2, 2), (3, 6), (7, 5)), (2, 1))",26,9,35.0,26,,,pruned,,,1724
"(((2, 2), (3, 6), (7, 5)), (2, 1))","(((3, 2), (3, 6), (7, 5)), (1, 2))",25,8.0,33.0,25,3,1,expanded,False,True,1725
"(((1, 6), (3, 2), (7, 5)), (1, 2))","(((2, 6), (3, 2), (7, 5)), (1, 2))",26,9,35.0,26,,,pruned,,,1726
"(((2, 7), (3, 2), (7, 5)), (1, 2))","(((2, 6), (3, 2), (7, 5)), (1, 2))",26,9,35.0,26,,,pruned,,,1727
"(((2, 6), (3, 2), (7, 5)), (1, 2))","(((3, 2), (3, 6), (7, 5)), (1, 2))",25,8.0,33.0,25,8,2,expanded,False,True,1728
"(((1, 2), (2, 5), (7, 5)), (1, 3))","(((2, 2), (2, 5), (7, 5)), (1, 2))",26,9,35.0,26,,,pruned,,,1729
"(((2, 1), (2, 5), (7, 5)), (1, 2))","(((2, 2), (2, 5), (7, 5)), (1, 2))",26,9,35.0,26,,,pruned,,,1730
"(((2, 2), (2, 5), (7, 5)), (1, 2))","(((2, 3), (2, 5), (7, 5)), (1, 2))",25,8.0,33.0,25,8,2,expanded,False,True,1731
"(((2, 3), (2, 5), (7, 6)), (1, 2))","(((2, 3), (2, 5), (7, 5)), (1, 2))",25,8.0,33.0,25,6,0,expanded,False,True,1732
"(((3, 7), (4, 2), (7, 6)), (3, 8))","(((3, 7), (4, 2), (7, 5)), (3, 8))",25,8.0,33.0,25,3,0,expanded,False,True,1733
"(((2, 2), (3, 7), (6, 5)), (3, 8))","(((2, 2), (3, 7), (6, 4)), (3, 8))",25,8.0,33.0,25,3,0,expanded,False,True,1734
"(((3, 6), (3, 7), (4, 8)), (5, 8))","(((3, 6), (3, 7), (5, 8)), (6, 3))",25,8.0,33.0,25,1,0,expanded,False,True,1735
"(((4, 5), (6, 5), (6, 8)), (6, 3))","(((4, 5), (6, 5), (6, 7)), (1, 2))",26,7.0,33.0,26,3,0,expanded,False,True,1736
"(((4, 6), (6, 6), (6, 7)), (1, 2))","(((4, 5), (6, 6), (6, 7)), (1, 2))",27,8,35.0,27,,,pruned,,,1737
"(((4, 5), (6, 6), (6, 7)), (1, 2))","(((4, 5), (6, 5), (6, 7)), (1, 2))",26,7.0,33.0,26,2,1,expanded,False,True,1738
"(((2, 1), (3, 6), (6, 5)), (1, 2))","(((2, 2), (3, 6), (6, 5)), (1, 2))",27,8,35.0,27,,,pruned,,,1739
"(((2, 2), (4, 6), (6, 5)), (1, 2))","(((2, 2), (3, 6), (6, 5)), (1, 2))",27,6,33.0,27,,,pruned,,,1740
"(((2, 2), (3, 6), (6, 5)), (1, 2))","(((2, 3), (3, 6), (6, 5)), (1, 2))",26,7.0,33.0,26,5,2,expanded,False,True,1741
"(((2, 3), (4, 6), (6, 6)), (1, 2))","(((2, 3), (3, 6), (6, 6)), (1, 2))",27,6,33.0,27,,,pruned,,,1742
"(((2, 3), (3, 6), (6, 6)), (1, 2))","(((2, 3), (3, 6), (6, 5)), (1, 2))",26,7.0,33.0,26,6,1,expanded,False,True,1743
"(((1, 6), (2, 3), (6, 5)), (1, 2))","(((2, 3), (2, 6), (6, 5)), (1, 2))",27,8,35.0,27,,,pruned,,,1744
"(((2, 3), (2, 7), (6, 5)), (1, 2))","(((2, 3), (2, 6), (6, 5)), (1, 2))",27,8,35.0,27,,,pruned,,,1745
"(((2, 3), (2, 6), (6, 5)), (1, 2))","(((2, 3), (3, 6), (6, 5)), (1, 2))",26,7.0,33.0,26,8,2,expanded,False,True,1746
"(((4, 3), (5, 8), (6, 6)), (6, 3))","(((4, 3), (5, 8), (6, 5)), (6, 3))",26,7.0,33.0,26,3,0,expanded,False,True,1747
"(((4, 2), (4, 8), (6, 6)), (5, 8))","(((4, 2), (4, 8), (6, 5)), (5, 8))",26,7.0,33.0,26,3,0,expanded,False,True,1748
"(((3, 8), (4, 2), (6, 5)), (3, 9))","(((4, 2), (4, 8), (6, 5)), (5, 8))",26,7.0,33.0,26,3,0,expanded,False,True,1749
"(((3, 8), (4, 4), (8, 4)), (3, 9))","(((3, 8), (4, 4), (7, 4)), (3, 9))",27,8,35.0,27,,,pruned,,,1750
"(((3, 8), (4, 4), (7, 3)), (3, 9))","(((3, 8), (4, 4), (7, 4)), (3, 9))",27,7,34.0,27,,,pruned,,,1751
"(((3, 8), (4, 4), (7, 4)), (3, 9))","(((4, 4), (4, 8), (7, 4)), (5, 8))",26,7.0,33.0,26,5,2,expanded,False,True,1752
"(((3, 7), (4, 3), (7, 6)), (3, 8))","(((3, 7), (4, 3), (7, 5)), (3, 8))",26,7.0,33.0,26,3,0,expanded,False,True,1753
"(((3, 8), (4, 5), (7, 5)), (3, 9))","(((4, 5), (4, 8), (7, 5)), (5, 8))",26,7.0,33.0,26,3,0,expanded,False,True,1754
"(((4, 5), (4, 8), (7, 6)), (5, 8))","(((4, 5), (4, 8), (7, 5)), (5, 8))",26,7.0,33.0,26,3,0,expanded,False,True,1755
"(((4, 2), (4, 6), (7, 6)), (1, 2))","(((3, 6), (4, 2), (7, 6)), (1, 2))",27,6,33.0,27,,,pruned,,,1756
"(((3, 6), (4, 2), (7, 6)), (1, 2))","(((3, 6), (4, 2), (7, 5)), (1, 2))",26,7.0,33.0,26,4,1,expanded,False,True,1757
"(((2, 3), (2, 4), (8, 4)), (1, 2))","(((2, 3), (2, 4), (7, 4)), (1, 2))",27,8,35.0,27,,,pruned,,,1758
"(((2, 3), (2, 4), (7, 3)), (1, 2))","(((2, 3), (2, 4), (7, 4)), (1, 2))",27,7,34.0,27,,,pruned,,,1759
"(((2, 3), (2, 4), (7, 4)), (1, 2))","(((2, 3), (2, 5), (7, 4)), (1, 2))",26,7.0,33.0,26,4,2,expanded,False,True,1760
"(((3, 2), (3, 7), (6, 5)), (3, 8))","(((3, 2), (3, 7), (6, 4)), (3, 8))",26,7.0,33.0,26,3,0,expanded,False,True,1761
"(((2, 5), (3, 2), (7, 5)), (1, 2))","(((2, 6), (3, 2), (7, 5)), (1, 2))",26,7.0,33.0,26,6,0,expanded,False,True,1762
"(((2, 7), (4, 2), (7, 5)), (1, 2))","(((2, 6), (4, 2), (7, 5)), (1, 2))",27,8,35.0,27,,,pruned,,,1763
"(((2, 6), (4, 2), (7, 5)), (1, 2))","(((2, 6), (3, 2), (7, 5)), (1, 2))",26,7.0,33.0,26,3,1,expanded,False,True,1764
"(((4, 3), (4, 8), (6, 6)), (5, 8))","(((4, 3), (4, 8), (6, 5)), (5, 8))",27,6.0,33.0,27,3,0,expanded,False,True,1765
"(((3, 8), (4, 3), (6, 5)), (3, 9))","(((4, 3), (4, 8), (6, 5)), (5, 8))",27,6.0,33.0,27,3,0,expanded,False,True,1766
"(((3, 8), (4, 4), (6, 3)), (3, 9))","(((3, 8), (4, 4), (6, 4)), (3, 9))",28,6,34.0,28,,,pruned,,,1767
"(((3, 8), (4, 4), (6, 4)), (3, 9))","(((4, 4), (4, 8), (6, 4)), (5, 8))",27,6.0,33.0,27,3,1,expanded,False,True,1768
"(((4, 3), (4, 6), (7, 6)), (1, 2))","(((3, 6), (4, 3), (7, 6)), (1, 2))",28,5,33.0,28,,,pruned,,,1769
"(((3, 6), (4, 3), (7, 6)), (1, 2))","(((3, 6), (4, 3), (7, 5)), (1, 2))",27,6.0,33.0,27,4,1,expanded,False,True,1770
"(((4, 5), (5, 8), (6, 5)), (6, 3))","(((4, 5), (5, 8), (6, 4)), (6, 3))",27,6.0,33.0,27,3,0,expanded,False,True,1771
"(((3, 2), (4, 6), (6, 5)), (1, 2))","(((3, 2), (3, 6), (6, 5)), (1, 2))",28,5,33.0,28,,,pruned,,,1772
"(((3, 2), (3, 6), (6, 5)), (1, 2))","(((3, 2), (3, 6), (6, 4)), (1, 2))",27,6.0,33.0,27,6,1,expanded,False,True,1773
"(((2, 3), (2, 4), (6, 3)), (1, 2))","(((2, 3), (2, 4), (6, 4)), (1, 2))",28,6,34.0,28,,,pruned,,,1774
"(((2, 3), (2, 4), (6, 4)), (1, 2))","(((2, 3), (2, 5), (6, 4)), (1, 2))",27,6.0,33.0,27,2,1,expanded,False,True,1775
"(((2, 3), (2, 5), (6, 5)), (1, 2))","(((2, 3), (2, 5), (6, 4)), (1, 2))",27,6.0,33.0,27,6,0,expanded,False,True,1776
"(((3, 7), (4, 2), (6, 5)), (3, 8))","(((3, 7), (4, 2), (6, 4)), (3, 8))",27,6.0,33.0,27,3,0,expanded,False,True,1777
"(((3, 7), (4, 4), (8, 4)), (3, 8))","(((3, 7), (4, 4), (7, 4)), (3, 8))",28,7,35.0,28,,,pruned,,,1778
"(((3, 7), (4, 4), (7, 3)), (3, 8))","(((3, 7), (4, 4), (7, 4)), (3, 8))",28,6,34.0,28,,,pruned,,,1779
"(((3, 7), (4, 4), (7, 4)), (3, 8))","(((3, 7), (4, 4), (7, 5)), (3, 8))",27,6.0,33.0,27,5,2,expanded,False,True,1780
"(((3, 7), (4, 5), (7, 5)), (3, 8))","(((3, 8), (4, 5), (7, 5)), (3, 9))",27,6.0,33.0,27,3,0,expanded,False,True,1781
"(((2, 5), (4, 1), (7, 5)), (1, 2))","(((2, 5), (4, 2), (7, 5)), (1, 2))",28,7,35.0,28,,,pruned,,,1782
"(((2, 5), (4, 2), (7, 5)), (1, 2))","(((2, 5), (3, 2), (7, 5)), (1, 2))",27,6.0,33.0,27,6,1,expanded,False,True,1783
"(((2, 7), (4, 3), (7, 5)), (1, 2))","(((2, 6), (4, 3), (7, 5)), (1, 2))",28,7,35.0,28,,,pruned,,,1784
"(((2, 6), (4, 3), (7, 5)), (1, 2))","(((2, 6), (4, 2), (7, 5)), (1, 2))",27,6.0,33.0,27,3,1,expanded,False,True,1785
"(((3, 6), (4, 4), (8, 4)), (1, 2))","(((3, 6), (4, 4), (7, 4)), (1, 2))",29,6,35.0,29,,,pruned,,,1786
"(((3, 6), (4, 4), (7, 3)), (1, 2))","(((3, 6), (4, 4), (7, 4)), (1, 2))",29,5,34.0,29,,,pruned,,,1787
"(((4, 4), (4, 6), (7, 4)), (1, 2))","(((3, 6), (4, 4), (7, 4)), (1, 2))",29,4,33.0,29,,,pruned,,,1788
"(((3, 6), (4, 4), (7, 4)), (1, 2))","(((3, 6), (4, 3), (7, 4)), (1, 2))",28,5.0,33.0,28,6,3,expanded,False,True,1789
"(((3, 6), (4, 6), (7, 5)), (1, 2))","(((3, 6), (4, 5), (7, 5)), (1, 2))",29,6,35.0,29,,,pruned,,,1790
"(((4, 5), (4, 6), (7, 5)), (1, 2))","(((3, 6), (4, 5), (7, 5)), (1, 2))",29,4,33.0,29,,,pruned,,,1791
"(((3, 6), (4, 5), (7, 5)), (1, 2))","(((3, 6), (4, 4), (7, 5)), (1, 2))",28,5.0,33.0,28,4,2,expanded,False,True,1792
"(((3, 7), (4, 3), (6, 5)), (3, 8))","(((3, 7), (4, 3), (6, 4)), (3, 8))",28,5.0,33.0,28,3,0,expanded,False,True,1793
"(((4, 5), (4, 8), (6, 5)), (5, 8))","(((4, 5), (4, 8), (6, 4)), (5, 8))",28,5.0,33.0,28,3,0,expanded,False,True,1794
"(((4, 2), (4, 6), (6, 5)), (1, 2))","(((3, 6), (4, 2), (6, 5)), (1, 2))",29,4,33.0,29,,,pruned,,,1795
"(((3, 6), (4, 2), (6, 5)), (1, 2))","(((3, 6), (4, 2), (6, 4)), (1, 2))",28,5.0,33.0,28,4,1,expanded,False,True,1796
"(((3, 7), (4, 4), (6, 3)), (3, 8))","(((3, 7), (4, 4), (6, 4)), (3, 8))",29,5,34.0,29,,,pruned,,,1797
"(((3, 7), (4, 4), (6, 4)), (3, 8))","(((3, 8), (4, 4), (6, 4)), (3, 9))",28,5.0,33.0,28,3,1,expanded,False,True,1798
"(((2, 5), (4, 3), (7, 5)), (1, 2))","(((2, 5), (4, 2), (7, 5)), (1, 2))",28,5.0,33.0,28,6,0,expanded,False,True,1799
"(((4, 3), (4, 6), (6, 5)), (1, 2))","(((3, 6), (4, 3), (6, 5)), (1, 2))",30,3,33.0,30,,,pruned,,,1800
"(((3, 6), (4, 3), (6, 5)), (1, 2))","(((3, 6), (4, 3), (6, 4)), (1, 2))",29,4.0,33.0,29,4,1,expanded,False,True,1801
"(((3, 6), (4, 4), (6, 3)), (1, 2))","(((3, 6), (4, 4), (6, 4)), (1, 2))",30,4,34.0,30,,,pruned,,,1802
"(((4, 4), (4, 6), (6, 4)), (1, 2))","(((3, 6), (4, 4), (6, 4)), (1, 2))",30,3,33.0,30,,,pruned,,,1803
"(((3, 6), (4, 4), (6, 4)), (1, 2))","(((3, 6), (4, 3), (6, 4)), (1, 2))",29,4.0,33.0,29,4,2,expanded,False,True,1804
"(((2, 4), (5, 8), (6, 8)), (6, 3))","(((2, 4), (5, 8), (6, 7)), (6, 3))",23,11.0,34.0,23,0,0,expanded,False,True,1805
"(((4, 4), (6, 8), (7, 8)), (6, 3))","(((4, 4), (6, 8), (7, 7)), (6, 3))",25,11,36.0,25,,,pruned,,,1806
"(((4, 4), (6, 8), (7, 7)), (6, 3))","(((4, 4), (6, 7), (7, 7)), (6, 3))",24,10.0,34.0,24,1,1,expanded,True,True,1807
"(((2, 4), (4, 8), (6, 8)), (6, 3))","(((2, 4), (4, 8), (6, 7)), (5, 8))",24,10.0,34.0,24,1,0,expanded,False,True,1808
"(((2, 4), (3, 8), (6, 7)), (3, 9))","(((2, 4), (4, 8), (6, 7)), (5, 8))",24,10.0,34.0,24,3,0,expanded,False,True,1809
"(((1, 6), (2, 4), (7, 7)), (1, 2))","(((2, 4), (2, 6), (7, 7)), (1, 2))",25,11,36.0,25,,,pruned,,,1810
"(((2, 4), (2, 7), (7, 7)), (1, 2))","(((2, 4), (2, 6), (7, 7)), (1, 2))",25,11,36.0,25,,,pruned,,,1811
"(((2, 4), (2, 6), (7, 8)), (1, 2))","(((2, 4), (2, 6), (7, 7)), (1, 2))",25,11,36.0,25,,,pruned,,,1812
"(((2, 4), (2, 6), (7, 7)), (1, 2))","(((2, 4), (3, 6), (7, 7)), (1, 2))",24,10.0,34.0,24,8,3,expanded,False,True,1813
"(((2, 2), (2, 7), (7, 4)), (1, 2))","(((2, 2), (2, 6), (7, 4)), (1, 2))",26,10,36.0,26,,,pruned,,,1814
"(((2, 1), (2, 6), (7, 4)), (1, 2))","(((2, 2), (2, 6), (7, 4)), (1, 2))",26,10,36.0,26,,,pruned,,,1815
"(((2, 2), (2, 6), (7, 4)), (1, 2))","(((2, 3), (2, 6), (7, 4)), (1, 2))",25,9.0,34.0,25,4,2,expanded,False,True,1816
"(((2, 4), (3, 7), (6, 7)), (3, 8))","(((2, 4), (3, 7), (6, 6)), (3, 8))",25,9.0,34.0,25,3,0,expanded,False,True,1817
"(((4, 4), (5, 8), (7, 8)), (6, 3))","(((4, 4), (5, 8), (7, 7)), (6, 3))",26,10,36.0,26,,,pruned,,,1818
"(((4, 4), (5, 8), (7, 7)), (6, 3))","(((4, 4), (5, 8), (7, 6)), (6, 3))",25,9.0,34.0,25,3,1,expanded,False,True,1819
"(((2, 4), (2, 5), (7, 8)), (1, 2))","(((2, 4), (2, 5), (7, 7)), (1, 2))",26,10,36.0,26,,,pruned,,,1820
"(((2, 4), (2, 5), (7, 7)), (1, 2))","(((2, 4), (2, 5), (7, 6)), (1, 2))",25,9.0,34.0,25,2,1,expanded,False,True,1821
"(((2, 4), (4, 8), (5, 8)), (6, 3))","(((2, 4), (4, 8), (6, 8)), (6, 3))",25,9.0,34.0,25,0,0,expanded,False,True,1822
"(((4, 4), (6, 6), (6, 8)), (6, 3))","(((4, 4), (6, 5), (6, 8)), (6, 3))",26,8.0,34.0,26,3,0,expanded,False,True,1823
"(((2, 2), (2, 7), (6, 4)), (1, 2))","(((2, 2), (2, 6), (6, 4)), (1, 2))",27,9,36.0,27,,,pruned,,,1824
"(((2, 1), (2, 6), (6, 4)), (1, 2))","(((2, 2), (2, 6), (6, 4)), (1, 2))",27,9,36.0,27,,,pruned,,,1825
"(((2, 2), (2, 6), (6, 4)), (1, 2))","(((2, 3), (2, 6), (6, 4)), (1, 2))",26,8.0,34.0,26,4,2,expanded,False,True,1826
"(((2, 4), (4, 6), (6, 7)), (1, 2))","(((2, 4), (3, 6), (6, 7)), (1, 2))",27,7,34.0,27,,,pruned,,,1827
"(((2, 4), (3, 6), (6, 7)), (1, 2))","(((2, 4), (3, 6), (6, 6)), (1, 2))",26,8.0,34.0,26,6,1,expanded,False,True,1828
"(((1, 6), (2, 4), (6, 6)), (1, 2))","(((2, 4), (2, 6), (6, 6)), (1, 2))",27,9,36.0,27,,,pruned,,,1829
"(((2, 4), (2, 7), (6, 6)), (1, 2))","(((2, 4), (2, 6), (6, 6)), (1, 2))",27,9,36.0,27,,,pruned,,,1830
"(((2, 4), (2, 6), (6, 6)), (1, 2))","(((2, 4), (3, 6), (6, 6)), (1, 2))",26,8.0,34.0,26,8,2,expanded,False,True,1831
"(((4, 4), (4, 8), (7, 8)), (5, 8))","(((4, 4), (4, 8), (7, 7)), (5, 8))",27,9,36.0,27,,,pruned,,,1832
"(((4, 4), (4, 8), (7, 7)), (5, 8))","(((4, 4), (4, 8), (7, 6)), (5, 8))",26,8.0,34.0,26,3,1,expanded,False,True,1833
"(((3, 8), (4, 4), (7, 6)), (3, 9))","(((4, 4), (4, 8), (7, 6)), (5, 8))",26,8.0,34.0,26,3,0,expanded,False,True,1834
"(((1, 2), (3, 6), (7, 4)), (1, 3))","(((2, 2), (3, 6), (7, 4)), (2, 1))",27,9,36.0,27,,,pruned,,,1835
"(((2, 2), (3, 6), (7, 4)), (2, 1))","(((3, 2), (3, 6), (7, 4)), (1, 2))",26,8.0,34.0,26,3,1,expanded,False,True,1836
"(((2, 6), (3, 2), (8, 4)), (1, 2))","(((2, 6), (3, 2), (7, 4)), (1, 2))",27,9,36.0,27,,,pruned,,,1837
"(((2, 6), (3, 2), (7, 3)), (1, 2))","(((2, 6), (3, 2), (7, 4)), (1, 2))",27,8,35.0,27,,,pruned,,,1838
"(((1, 6), (3, 2), (7, 4)), (1, 2))","(((2, 6), (3, 2), (7, 4)), (1, 2))",27,9,36.0,27,,,pruned,,,1839
"(((2, 7), (3, 2), (7, 4)), (1, 2))","(((2, 6), (3, 2), (7, 4)), (1, 2))",27,9,36.0,27,,,pruned,,,1840
"(((2, 6), (3, 2), (7, 4)), (1, 2))","(((3, 2), (3, 6), (7, 4)), (1, 2))",26,8.0,34.0,26,10,4,expanded,False,True,1841
"(((2, 2), (2, 5), (8, 4)), (1, 2))","(((2, 2), (2, 5), (7, 4)), (1, 2))",27,9,36.0,27,,,pruned,,,1842
"(((2, 2), (2, 5), (7, 3)), (1, 2))","(((2, 2), (2, 5), (7, 4)), (1, 2))",27,8,35.0,27,,,pruned,,,1843
"(((1, 2), (2, 5), (7, 4)), (1, 3))","(((2, 2), (2, 5), (7, 4)), (1, 2))",27,9,36.0,27,,,pruned,,,1844
"(((2, 1), (2, 5), (7, 4)), (1, 2))","(((2, 2), (2, 5), (7, 4)), (1, 2))",27,9,36.0,27,,,pruned,,,1845
"(((2, 2), (2, 5), (7, 4)), (1, 2))","(((2, 3), (2, 5), (7, 4)), (1, 2))",26,8.0,34.0,26,10,4,expanded,False,True,1846
"(((2, 3), (2, 4), (7, 6)), (1, 2))","(((2, 3), (2, 4), (7, 5)), (1, 2))",26,8.0,34.0,26,2,0,expanded,False,True,1847
"(((1, 2), (2, 4), (7, 5)), (1, 3))","(((2, 2), (2, 4), (7, 5)), (1, 2))",27,9,36.0,27,,,pruned,,,1848
"(((2, 1), (2, 4), (7, 5)), (1, 2))","(((2, 2), (2, 4), (7, 5)), (1, 2))",27,9,36.0,27,,,pruned,,,1849
"(((2, 2), (2, 4), (7, 5)), (1, 2))","(((2, 2), (2, 5), (7, 5)), (1, 2))",26,8.0,34.0,26,8,2,expanded,False,True,1850
"(((4, 4), (5, 8), (6, 6)), (6, 3))","(((4, 4), (5, 8), (6, 5)), (6, 3))",27,7.0,34.0,27,3,0,expanded,False,True,1851
"(((2, 4), (2, 5), (6, 6)), (1, 2))","(((2, 4), (2, 5), (6, 5)), (1, 2))",27,7.0,34.0,27,2,0,expanded,False,True,1852
"(((3, 8), (4, 5), (8, 4)), (3, 9))","(((3, 8), (4, 5), (7, 4)), (3, 9))",28,8,36.0,28,,,pruned,,,1853
"(((3, 8), (4, 5), (7, 3)), (3, 9))","(((3, 8), (4, 5), (7, 4)), (3, 9))",28,7,35.0,28,,,pruned,,,1854
"(((3, 8), (4, 5), (7, 4)), (3, 9))","(((4, 5), (4, 8), (7, 4)), (5, 8))",27,7.0,34.0,27,5,2,expanded,False,True,1855
"(((1, 2), (3, 6), (6, 4)), (1, 3))","(((2, 2), (3, 6), (6, 4)), (2, 1))",28,8,36.0,28,,,pruned,,,1856
"(((2, 2), (3, 6), (6, 4)), (2, 1))","(((3, 2), (3, 6), (6, 4)), (1, 2))",27,7.0,34.0,27,3,1,expanded,False,True,1857
"(((1, 6), (3, 2), (6, 4)), (1, 2))","(((2, 6), (3, 2), (6, 4)), (1, 2))",28,8,36.0,28,,,pruned,,,1858
"(((2, 7), (3, 2), (6, 4)), (1, 2))","(((2, 6), (3, 2), (6, 4)), (1, 2))",28,8,36.0,28,,,pruned,,,1859
"(((2, 6), (3, 2), (6, 3)), (1, 2))","(((2, 6), (3, 2), (6, 4)), (1, 2))",28,7,35.0,28,,,pruned,,,1860
"(((2, 6), (3, 2), (6, 4)), (1, 2))","(((3, 2), (3, 6), (6, 4)), (1, 2))",27,7.0,34.0,27,8,3,expanded,False,True,1861
"(((2, 2), (2, 5), (6, 3)), (1, 2))","(((2, 2), (2, 5), (6, 4)), (1, 2))",28,7,35.0,28,,,pruned,,,1862
"(((1, 2), (2, 5), (6, 4)), (1, 3))","(((2, 2), (2, 5), (6, 4)), (1, 2))",28,8,36.0,28,,,pruned,,,1863
"(((2, 1), (2, 5), (6, 4)), (1, 2))","(((2, 2), (2, 5), (6, 4)), (1, 2))",28,8,36.0,28,,,pruned,,,1864
"(((2, 2), (2, 5), (6, 4)), (1, 2))","(((2, 3), (2, 5), (6, 4)), (1, 2))",27,7.0,34.0,27,8,3,expanded,False,True,1865
"(((3, 7), (4, 4), (7, 6)), (3, 8))","(((3, 7), (4, 4), (7, 5)), (3, 8))",27,7.0,34.0,27,3,0,expanded,False,True,1866
"(((2, 5), (3, 2), (8, 4)), (1, 2))","(((2, 5), (3, 2), (7, 4)), (1, 2))",28,8,36.0,28,,,pruned,,,1867
"(((2, 5), (3, 2), (7, 3)), (1, 2))","(((2, 5), (3, 2), (7, 4)), (1, 2))",28,7,35.0,28,,,pruned,,,1868
"(((2, 5), (3, 2), (7, 4)), (1, 2))","(((2, 5), (3, 2), (7, 5)), (1, 2))",27,7.0,34.0,27,8,2,expanded,False,True,1869
"(((2, 4), (3, 2), (7, 5)), (1, 2))","(((2, 5), (3, 2), (7, 5)), (1, 2))",27,7.0,34.0,27,6,0,expanded,False,True,1870
"(((2, 7), (4, 2), (7, 4)), (1, 2))","(((2, 6), (4, 2), (7, 4)), (1, 2))",28,8,36.0,28,,,pruned,,,1871
"(((2, 6), (4, 2), (7, 4)), (1, 2))","(((2, 6), (3, 2), (7, 4)), (1, 2))",27,7.0,34.0,27,3,1,expanded,False,True,1872
"(((4, 4), (4, 8), (6, 6)), (5, 8))","(((4, 4), (4, 8), (6, 5)), (5, 8))",28,6.0,34.0,28,3,0,expanded,False,True,1873
"(((3, 8), (4, 4), (6, 5)), (3, 9))","(((4, 4), (4, 8), (6, 5)), (5, 8))",28,6.0,34.0,28,3,0,expanded,False,True,1874
"(((4, 4), (4, 6), (7, 6)), (1, 2))","(((3, 6), (4, 4), (7, 6)), (1, 2))",29,5,34.0,29,,,pruned,,,1875
"(((3, 6), (4, 4), (7, 6)), (1, 2))","(((3, 6), (4, 4), (7, 5)), (1, 2))",28,6.0,34.0,28,4,1,expanded,False,True,1876
"(((3, 8), (4, 5), (6, 3)), (3, 9))","(((3, 8), (4, 5), (6, 4)), (3, 9))",29,6,35.0,29,,,pruned,,,1877
"(((3, 8), (4, 5), (6, 4)), (3, 9))","(((4, 5), (4, 8), (6, 4)), (5, 8))",28,6.0,34.0,28,3,1,expanded,False,True,1878
"(((2, 3), (2, 4), (6, 5)), (1, 2))","(((2, 3), (2, 4), (6, 4)), (1, 2))",28,6.0,34.0,28,2,0,expanded,False,True,1879
"(((3, 7), (4, 5), (8, 4)), (3, 8))","(((3, 7), (4, 5), (7, 4)), (3, 8))",29,7,36.0,29,,,pruned,,,1880
"(((3, 7), (4, 5), (7, 3)), (3, 8))","(((3, 7), (4, 5), (7, 4)), (3, 8))",29,6,35.0,29,,,pruned,,,1881
"(((3, 7), (4, 5), (7, 4)), (3, 8))","(((3, 7), (4, 5), (7, 5)), (3, 8))",28,6.0,34.0,28,5,2,expanded,False,True,1882
"(((2, 5), (4, 2), (8, 4)), (1, 2))","(((2, 5), (4, 2), (7, 4)), (1, 2))",29,7,36.0,29,,,pruned,,,1883
"(((2, 5), (4, 2), (7, 3)), (1, 2))","(((2, 5), (4, 2), (7, 4)), (1, 2))",29,6,35.0,29,,,pruned,,,1884
"(((2, 5), (4, 1), (7, 4)), (1, 2))","(((2, 5), (4, 2), (7, 4)), (1, 2))",29,7,36.0,29,,,pruned,,,1885
"(((2, 5), (4, 2), (7, 4)), (1, 2))","(((2, 5), (4, 2), (7, 5)), (1, 2))",28,6.0,34.0,28,8,3,expanded,False,True,1886
"(((2, 4), (4, 1), (7, 5)), (1, 2))","(((2, 4), (4, 2), (7, 5)), (1, 2))",29,7,36.0,29,,,pruned,,,1887
"(((2, 4), (4, 2), (7, 5)), (1, 2))","(((2, 5), (4, 2), (7, 5)), (1, 2))",28,6.0,34.0,28,6,1,expanded,False,True,1888
"(((2, 7), (4, 4), (7, 5)), (1, 2))","(((2, 6), (4, 4), (7, 5)), (1, 2))",29,7,36.0,29,,,pruned,,,1889
"(((2, 6), (4, 4), (7, 5)), (1, 2))","(((2, 6), (4, 3), (7, 5)), (1, 2))",28,6.0,34.0,28,3,1,expanded,False,True,1890
"(((2, 7), (4, 2), (6, 4)), (1, 2))","(((2, 6), (4, 2), (6, 4)), (1, 2))",29,7,36.0,29,,,pruned,,,1891
"(((2, 6), (4, 2), (6, 4)), (1, 2))","(((2, 6), (3, 2), (6, 4)), (1, 2))",28,6.0,34.0,28,3,1,expanded,False,True,1892
"(((2, 5), (3, 2), (6, 3)), (1, 2))","(((2, 5), (3, 2), (6, 4)), (1, 2))",29,6,35.0,29,,,pruned,,,1893
"(((2, 5), (3, 2), (6, 4)), (1, 2))","(((2, 6), (3, 2), (6, 4)), (1, 2))",28,6.0,34.0,28,6,1,expanded,False,True,1894
"(((2, 7), (4, 3), (7, 4)), (1, 2))","(((2, 6), (4, 3), (7, 4)), (1, 2))",29,7,36.0,29,,,pruned,,,1895
"(((2, 6), (4, 3), (7, 4)), (1, 2))","(((2, 6), (4, 2), (7, 4)), (1, 2))",28,6.0,34.0,28,3,1,expanded,False,True,1896
"(((3, 6), (4, 5), (8, 4)), (1, 2))","(((3, 6), (4, 5), (7, 4)), (1, 2))",30,6,36.0,30,,,pruned,,,1897
"(((3, 6), (4, 5), (7, 3)), (1, 2))","(((3, 6), (4, 5), (7, 4)), (1, 2))",30,5,35.0,30,,,pruned,,,1898
"(((3, 6), (4, 6), (7, 4)), (1, 2))","(((3, 6), (4, 5), (7, 4)), (1, 2))",30,6,36.0,30,,,pruned,,,1899
"(((4, 5), (4, 6), (7, 4)), (1, 2))","(((3, 6), (4, 5), (7, 4)), (1, 2))",30,4,34.0,30,,,pruned,,,1900
"(((3, 6), (4, 5), (7, 4)), (1, 2))","(((3, 6), (4, 4), (7, 4)), (1, 2))",29,5.0,34.0,29,6,4,expanded,False,True,1901
"(((3, 7), (4, 4), (6, 5)), (3, 8))","(((3, 7), (4, 4), (6, 4)), (3, 8))",29,5.0,34.0,29,3,0,expanded,False,True,1902
"(((2, 5), (4, 3), (8, 4)), (1, 2))","(((2, 5), (4, 3), (7, 4)), (1, 2))",30,6,36.0,30,,,pruned,,,1903
"(((2, 5), (4, 3), (7, 3)), (1, 2))","(((2, 5), (4, 3), (7, 4)), (1, 2))",30,5,35.0,30,,,pruned,,,1904
"(((2, 5), (4, 3), (7, 4)), (1, 2))","(((2, 5), (4, 3), (7, 5)), (1, 2))",29,5.0,34.0,29,8,2,expanded,False,True,1905
"(((2, 4), (4, 3), (7, 5)), (1, 2))","(((2, 5), (4, 3), (7, 5)), (1, 2))",29,5.0,34.0,29,6,0,expanded,False,True,1906
"(((2, 5), (4, 4), (7, 5)), (1, 2))","(((2, 5), (4, 3), (7, 5)), (1, 2))",29,5.0,34.0,29,6,0,expanded,False,True,1907
"(((3, 7), (4, 5), (6, 3)), (3, 8))","(((3, 7), (4, 5), (6, 4)), (3, 8))",30,5,35.0,30,,,pruned,,,1908
"(((3, 7), (4, 5), (6, 4)), (3, 8))","(((3, 8), (4, 5), (6, 4)), (3, 9))",29,5.0,34.0,29,3,1,expanded,False,True,1909
"(((2, 5), (4, 2), (6, 3)), (1, 2))","(((2, 5), (4, 2), (6, 4)), (1, 2))",30,5,35.0,30,,,pruned,,,1910
"(((2, 5), (4, 1), (6, 4)), (1, 2))","(((2, 5), (4, 2), (6, 4)), (1, 2))",30,6,36.0,30,,,pruned,,,1911
"(((2, 5), (4, 2), (6, 4)), (1, 2))","(((2, 5), (4, 2), (7, 4)), (1, 2))",29,5.0,34.0,29,6,2,expanded,False,True,1912
"(((2, 7), (4, 3), (6, 4)), (1, 2))","(((2, 6), (4, 3), (6, 4)), (1, 2))",30,6,36.0,30,,,pruned,,,1913
"(((2, 6), (4, 3), (6, 4)), (1, 2))","(((2, 6), (4, 2), (6, 4)), (1, 2))",29,5.0,34.0,29,3,1,expanded,False,True,1914
"(((4, 4), (4, 6), (6, 5)), (1, 2))","(((3, 6), (4, 4), (6, 5)), (1, 2))",31,3,34.0,31,,,pruned,,,1915
"(((3, 6), (4, 4), (6, 5)), (1, 2))","(((3, 6), (4, 3), (6, 5)), (1, 2))",30,4.0,34.0,30,4,1,expanded,False,True,1916
"(((3, 6), (4, 6), (6, 4)), (1, 2))","(((3, 6), (4, 5), (6, 4)), (1, 2))",31,5,36.0,31,,,pruned,,,1917
"(((3, 6), (4, 5), (6, 3)), (1, 2))","(((3, 6), (4, 5), (6, 4)), (1, 2))",31,4,35.0,31,,,pruned,,,1918
"(((4, 5), (4, 6), (6, 4)), (1, 2))","(((3, 6), (4, 5), (6, 4)), (1, 2))",31,3,34.0,31,,,pruned,,,1919
"(((3, 6), (4, 5), (6, 4)), (1, 2))","(((3, 6), (4, 4), (6, 4)), (1, 2))",30,4.0,34.0,30,4,3,expanded,False,True,1920
"(((2, 5), (4, 3), (6, 3)), (1, 2))","(((2, 5), (4, 3), (6, 4)), (1, 2))",31,4,35.0,31,,,pruned,,,1921
"(((2, 5), (4, 3), (6, 4)), (1, 2))","(((2, 5), (4, 3), (7, 4)), (1, 2))",30,4.0,34.0,30,6,1,expanded,False,True,1922
"(((2, 2), (6, 7), (6, 8)), (6, 3))","(((2, 2), (6, 6), (6, 8)), (6, 3))",23,12.0,35.0,23,1,0,expanded,False,True,1923
"(((2, 6), (3, 8), (6, 8)), (6, 3))","(((2, 6), (3, 8), (6, 7)), (3, 9))",23,12.0,35.0,23,1,0,expanded,False,True,1924
"(((2, 2), (3, 8), (7, 8)), (3, 9))","(((2, 2), (3, 8), (7, 7)), (3, 9))",24,13,37.0,24,,,pruned,,,1925
"(((2, 2), (3, 8), (7, 7)), (3, 9))","(((2, 2), (4, 8), (7, 7)), (5, 8))",23,12.0,35.0,23,3,1,expanded,False,True,1926
"(((2, 5), (3, 8), (6, 8)), (6, 3))","(((2, 5), (3, 8), (6, 7)), (3, 9))",24,11.0,35.0,24,1,0,expanded,False,True,1927
"(((3, 2), (6, 7), (6, 8)), (6, 3))","(((3, 2), (6, 6), (6, 8)), (6, 3))",24,11.0,35.0,24,1,0,expanded,False,True,1928
"(((2, 3), (5, 8), (6, 8)), (6, 3))","(((2, 3), (5, 8), (6, 7)), (6, 3))",24,11.0,35.0,24,0,0,expanded,False,True,1929
"(((2, 6), (3, 7), (6, 8)), (6, 3))","(((2, 6), (3, 7), (6, 7)), (3, 8))",24,11.0,35.0,24,1,0,expanded,False,True,1930
"(((3, 2), (3, 8), (7, 8)), (3, 9))","(((3, 2), (3, 8), (7, 7)), (3, 9))",25,12,37.0,25,,,pruned,,,1931
"(((3, 2), (3, 8), (7, 7)), (3, 9))","(((3, 2), (4, 8), (7, 7)), (5, 8))",24,11.0,35.0,24,3,1,expanded,False,True,1932
"(((2, 2), (5, 8), (6, 7)), (6, 3))","(((2, 2), (5, 8), (6, 6)), (6, 3))",24,11.0,35.0,24,3,0,expanded,False,True,1933
"(((2, 2), (3, 7), (7, 8)), (3, 8))","(((2, 2), (3, 7), (7, 7)), (3, 8))",25,12,37.0,25,,,pruned,,,1934
"(((2, 2), (3, 7), (7, 7)), (3, 8))","(((2, 2), (3, 7), (7, 6)), (3, 8))",24,11.0,35.0,24,3,1,expanded,False,True,1935
"(((2, 6), (3, 8), (5, 8)), (6, 3))","(((2, 6), (3, 8), (6, 8)), (6, 3))",24,11.0,35.0,24,1,0,expanded,False,True,1936
"(((4, 5), (6, 8), (7, 8)), (6, 3))","(((4, 5), (6, 8), (7, 7)), (6, 3))",26,11,37.0,26,,,pruned,,,1937
"(((4, 5), (6, 8), (7, 7)), (6, 3))","(((4, 5), (6, 8), (7, 6)), (6, 3))",25,10.0,35.0,25,1,1,expanded,True,True,1938
"(((2, 1), (3, 6), (7, 7)), (1, 2))","(((2, 2), (3, 6), (7, 7)), (1, 2))",26,11,37.0,26,,,pruned,,,1939
"(((2, 2), (3, 6), (7, 8)), (1, 2))","(((2, 2), (3, 6), (7, 7)), (1, 2))",26,11,37.0,26,,,pruned,,,1940
"(((2, 2), (4, 6), (7, 7)), (1, 2))","(((2, 2), (3, 6), (7, 7)), (1, 2))",26,9,35.0,26,,,pruned,,,1941
"(((2, 2), (3, 6), (7, 7)), (1, 2))","(((2, 2), (3, 6), (7, 6)), (1, 2))",25,10.0,35.0,25,5,3,expanded,False,True,1942
"(((1, 6), (2, 3), (7, 7)), (1, 2))","(((2, 3), (2, 6), (7, 7)), (1, 2))",26,11,37.0,26,,,pruned,,,1943
"(((2, 3), (2, 7), (7, 7)), (1, 2))","(((2, 3), (2, 6), (7, 7)), (1, 2))",26,11,37.0,26,,,pruned,,,1944
"(((2, 3), (2, 6), (7, 8)), (1, 2))","(((2, 3), (2, 6), (7, 7)), (1, 2))",26,11,37.0,26,,,pruned,,,1945
"(((2, 3), (2, 6), (7, 7)), (1, 2))","(((2, 3), (3, 6), (7, 7)), (1, 2))",25,10.0,35.0,25,8,3,expanded,False,True,1946
"(((2, 2), (2, 7), (7, 6)), (1, 2))","(((2, 2), (2, 6), (7, 6)), (1, 2))",26,11,37.0,26,,,pruned,,,1947
"(((2, 1), (2, 6), (7, 6)), (1, 2))","(((2, 2), (2, 6), (7, 6)), (1, 2))",26,11,37.0,26,,,pruned,,,1948
"(((2, 2), (2, 6), (7, 6)), (1, 2))","(((2, 3), (2, 6), (7, 6)), (1, 2))",25,10.0,35.0,25,4,2,expanded,False,True,1949
"(((2, 5), (3, 7), (6, 8)), (6, 3))","(((2, 5), (3, 7), (6, 7)), (3, 8))",25,10.0,35.0,25,1,0,expanded,False,True,1950
"(((4, 2), (6, 7), (6, 8)), (6, 3))","(((4, 2), (6, 6), (6, 8)), (6, 3))",25,10.0,35.0,25,1,0,expanded,False,True,1951
"(((2, 3), (4, 8), (6, 8)), (6, 3))","(((2, 3), (4, 8), (6, 7)), (5, 8))",25,10.0,35.0,25,1,0,expanded,False,True,1952
"(((2, 3), (3, 8), (6, 7)), (3, 9))","(((2, 3), (4, 8), (6, 7)), (5, 8))",25,10.0,35.0,25,3,0,expanded,False,True,1953
"(((2, 6), (3, 6), (6, 8)), (6, 3))","(((2, 6), (3, 6), (6, 7)), (2, 7))",25,10.0,35.0,25,1,0,expanded,False,True,1954
"(((3, 8), (4, 2), (7, 8)), (3, 9))","(((3, 8), (4, 2), (7, 7)), (3, 9))",26,11,37.0,26,,,pruned,,,1955
"(((3, 8), (4, 2), (7, 7)), (3, 9))","(((3, 8), (4, 2), (7, 6)), (3, 9))",25,10.0,35.0,25,3,1,expanded,False,True,1956
"(((3, 2), (5, 8), (6, 7)), (6, 3))","(((3, 2), (5, 8), (6, 6)), (6, 3))",25,10.0,35.0,25,3,0,expanded,False,True,1957
"(((2, 2), (4, 8), (6, 7)), (5, 8))","(((2, 2), (4, 8), (6, 6)), (5, 8))",25,10.0,35.0,25,3,0,expanded,False,True,1958
"(((2, 2), (3, 8), (6, 6)), (3, 9))","(((2, 2), (4, 8), (6, 6)), (5, 8))",25,10.0,35.0,25,3,0,expanded,False,True,1959
"(((3, 2), (3, 7), (7, 8)), (3, 8))","(((3, 2), (3, 7), (7, 7)), (3, 8))",26,11,37.0,26,,,pruned,,,1960
"(((3, 2), (3, 7), (7, 7)), (3, 8))","(((3, 2), (3, 7), (7, 6)), (3, 8))",25,10.0,35.0,25,3,1,expanded,False,True,1961
"(((2, 5), (3, 8), (5, 8)), (6, 3))","(((2, 5), (3, 8), (6, 8)), (6, 3))",25,10.0,35.0,25,1,0,expanded,False,True,1962
"(((2, 6), (3, 7), (5, 8)), (6, 3))","(((2, 6), (3, 7), (6, 8)), (6, 3))",25,10.0,35.0,25,1,0,expanded,False,True,1963
"(((2, 6), (3, 8), (4, 8)), (5, 8))","(((2, 6), (3, 8), (5, 8)), (6, 3))",25,10.0,35.0,25,0,0,expanded,False,True,1964
"(((4, 3), (6, 7), (6, 8)), (6, 3))","(((4, 3), (6, 6), (6, 8)), (6, 3))",26,9.0,35.0,26,1,0,expanded,False,True,1965
"(((2, 5), (3, 6), (6, 8)), (6, 3))","(((2, 5), (3, 6), (6, 7)), (1, 2))",26,9.0,35.0,26,1,0,expanded,False,True,1966
"(((2, 7), (3, 6), (6, 7)), (1, 2))","(((2, 6), (3, 6), (6, 7)), (1, 2))",27,10,37.0,27,,,pruned,,,1967
"(((2, 6), (3, 6), (6, 7)), (1, 2))","(((2, 5), (3, 6), (6, 7)), (1, 2))",26,9.0,35.0,26,1,1,expanded,True,True,1968
"(((1, 6), (2, 5), (6, 7)), (1, 2))","(((2, 5), (2, 6), (6, 7)), (1, 2))",27,10,37.0,27,,,pruned,,,1969
"(((2, 5), (2, 6), (6, 7)), (1, 2))","(((2, 5), (3, 6), (6, 7)), (1, 2))",26,9.0,35.0,26,4,1,expanded,False,True,1970
"(((3, 8), (4, 3), (7, 8)), (3, 9))","(((3, 8), (4, 3), (7, 7)), (3, 9))",27,10,37.0,27,,,pruned,,,1971
"(((3, 8), (4, 3), (7, 7)), (3, 9))","(((4, 3), (4, 8), (7, 7)), (5, 8))",26,9.0,35.0,26,3,1,expanded,False,True,1972
"(((4, 2), (5, 8), (6, 7)), (6, 3))","(((4, 2), (5, 8), (6, 6)), (6, 3))",26,9.0,35.0,26,3,0,expanded,False,True,1973
"(((2, 3), (3, 7), (6, 7)), (3, 8))","(((2, 3), (3, 7), (6, 6)), (3, 8))",26,9.0,35.0,26,3,0,expanded,False,True,1974
"(((3, 2), (4, 8), (6, 7)), (5, 8))","(((3, 2), (4, 8), (6, 6)), (5, 8))",26,9.0,35.0,26,3,0,expanded,False,True,1975
"(((3, 2), (3, 8), (6, 6)), (3, 9))","(((3, 2), (4, 8), (6, 6)), (5, 8))",26,9.0,35.0,26,3,0,expanded,False,True,1976
"(((4, 5), (5, 8), (7, 8)), (6, 3))","(((4, 5), (5, 8), (7, 7)), (6, 3))",27,10,37.0,27,,,pruned,,,1977
"(((4, 5), (5, 8), (7, 7)), (6, 3))","(((4, 5), (5, 8), (7, 6)), (6, 3))",26,9.0,35.0,26,3,1,expanded,False,True,1978
"(((1, 2), (3, 6), (7, 6)), (1, 3))","(((2, 2), (3, 6), (7, 6)), (2, 1))",27,10,37.0,27,,,pruned,,,1979
"(((2, 2), (3, 6), (7, 6)), (2, 1))","(((3, 2), (3, 6), (7, 6)), (1, 2))",26,9.0,35.0,26,3,1,expanded,False,True,1980
"(((3, 2), (3, 6), (7, 8)), (1, 2))","(((3, 2), (3, 6), (7, 7)), (1, 2))",27,10,37.0,27,,,pruned,,,1981
"(((3, 2), (4, 6), (7, 7)), (1, 2))","(((3, 2), (3, 6), (7, 7)), (1, 2))",27,8,35.0,27,,,pruned,,,1982
"(((3, 2), (3, 6), (7, 7)), (1, 2))","(((3, 2), (3, 6), (7, 6)), (1, 2))",26,9.0,35.0,26,6,2,expanded,False,True,1983
"(((1, 6), (3, 2), (7, 6)), (1, 2))","(((2, 6), (3, 2), (7, 6)), (1, 2))",27,10,37.0,27,,,pruned,,,1984
"(((2, 7), (3, 2), (7, 6)), (1, 2))","(((2, 6), (3, 2), (7, 6)), (1, 2))",27,10,37.0,27,,,pruned,,,1985
"(((2, 6), (3, 2), (7, 6)), (1, 2))","(((3, 2), (3, 6), (7, 6)), (1, 2))",26,9.0,35.0,26,8,2,expanded,False,True,1986
"(((1, 6), (2, 2), (7, 5)), (1, 2))","(((2, 2), (2, 6), (7, 5)), (2, 1))",27,10,37.0,27,,,pruned,,,1987
"(((1, 2), (2, 6), (7, 5)), (1, 3))","(((2, 2), (2, 6), (7, 5)), (2, 1))",27,10,37.0,27,,,pruned,,,1988
"(((2, 2), (2, 6), (7, 5)), (2, 1))","(((2, 2), (3, 6), (7, 5)), (2, 1))",26,9.0,35.0,26,6,2,expanded,False,True,1989
"(((1, 2), (2, 5), (7, 6)), (1, 3))","(((2, 2), (2, 5), (7, 6)), (1, 2))",27,10,37.0,27,,,pruned,,,1990
"(((2, 1), (2, 5), (7, 6)), (1, 2))","(((2, 2), (2, 5), (7, 6)), (1, 2))",27,10,37.0,27,,,pruned,,,1991
"(((2, 2), (2, 5), (7, 6)), (1, 2))","(((2, 2), (2, 5), (7, 5)), (1, 2))",26,9.0,35.0,26,8,2,expanded,False,True,1992
"(((2, 3), (2, 5), (7, 8)), (1, 2))","(((2, 3), (2, 5), (7, 7)), (1, 2))",27,10,37.0,27,,,pruned,,,1993
"(((2, 3), (2, 5), (7, 7)), (1, 2))","(((2, 3), (2, 5), (7, 6)), (1, 2))",26,9.0,35.0,26,6,1,expanded,False,True,1994
"(((3, 7), (4, 2), (7, 8)), (3, 8))","(((3, 7), (4, 2), (7, 7)), (3, 8))",27,10,37.0,27,,,pruned,,,1995
"(((3, 7), (4, 2), (7, 7)), (3, 8))","(((3, 7), (4, 2), (7, 6)), (3, 8))",26,9.0,35.0,26,3,1,expanded,False,True,1996
"(((2, 2), (3, 7), (6, 6)), (3, 8))","(((2, 2), (3, 7), (6, 5)), (3, 8))",26,9.0,35.0,26,3,0,expanded,False,True,1997
"(((3, 6), (3, 7), (3, 8)), (3, 9))","(((3, 6), (3, 7), (4, 8)), (5, 8))",26,9.0,35.0,26,0,0,expanded,False,True,1998
"(((2, 5), (3, 7), (5, 8)), (6, 3))","(((2, 5), (3, 7), (6, 8)), (6, 3))",26,9.0,35.0,26,1,0,expanded,False,True,1999
"(((2, 3), (4, 8), (5, 8)), (6, 3))","(((2, 3), (4, 8), (6, 8)), (6, 3))",26,9.0,35.0,26,0,0,expanded,False,True,2000
"(((2, 6), (3, 6), (5, 8)), (6, 3))","(((2, 6), (3, 6), (6, 8)), (6, 3))",26,9.0,35.0,26,1,0,expanded,False,True,2001
"(((2, 5), (3, 8), (4, 8)), (5, 8))","(((2, 5), (3, 8), (5, 8)), (6, 3))",26,9.0,35.0,26,0,0,expanded,False,True,2002
"(((2, 6), (3, 7), (4, 8)), (5, 8))","(((2, 6), (3, 7), (5, 8)), (6, 3))",26,9.0,35.0,26,1,0,expanded,False,True,2003
"(((4, 5), (6, 6), (6, 8)), (6, 3))","(((4, 5), (6, 5), (6, 8)), (6, 3))",27,8.0,35.0,27,3,0,expanded,False,True,2004
"(((2, 2), (4, 6), (6, 6)), (1, 2))","(((2, 2), (3, 6), (6, 6)), (1, 2))",28,7,35.0,28,,,pruned,,,2005
"(((2, 1), (3, 6), (6, 6)), (1, 2))","(((2, 2), (3, 6), (6, 6)), (1, 2))",28,9,37.0,28,,,pruned,,,2006
"(((2, 2), (3, 6), (6, 6)), (1, 2))","(((2, 2), (3, 6), (6, 5)), (1, 2))",27,8.0,35.0,27,5,2,expanded,False,True,2007
"(((2, 3), (4, 6), (6, 7)), (1, 2))","(((2, 3), (3, 6), (6, 7)), (1, 2))",28,7,35.0,28,,,pruned,,,2008
"(((2, 3), (3, 6), (6, 7)), (1, 2))","(((2, 3), (3, 6), (6, 6)), (1, 2))",27,8.0,35.0,27,6,1,expanded,False,True,2009
"(((1, 6), (2, 3), (6, 6)), (1, 2))","(((2, 3), (2, 6), (6, 6)), (1, 2))",28,9,37.0,28,,,pruned,,,2010
"(((2, 3), (2, 7), (6, 6)), (1, 2))","(((2, 3), (2, 6), (6, 6)), (1, 2))",28,9,37.0,28,,,pruned,,,2011
"(((2, 3), (2, 6), (6, 6)), (1, 2))","(((2, 3), (3, 6), (6, 6)), (1, 2))",27,8.0,35.0,27,8,2,expanded,False,True,2012
"(((2, 2), (2, 7), (6, 5)), (1, 2))","(((2, 2), (2, 6), (6, 5)), (1, 2))",28,9,37.0,28,,,pruned,,,2013
"(((2, 1), (2, 6), (6, 5)), (1, 2))","(((2, 2), (2, 6), (6, 5)), (1, 2))",28,9,37.0,28,,,pruned,,,2014
"(((2, 2), (2, 6), (6, 5)), (1, 2))","(((2, 3), (2, 6), (6, 5)), (1, 2))",27,8.0,35.0,27,4,2,expanded,False,True,2015
"(((4, 3), (5, 8), (6, 7)), (6, 3))","(((4, 3), (5, 8), (6, 6)), (6, 3))",27,8.0,35.0,27,3,0,expanded,False,True,2016
"(((3, 8), (4, 2), (6, 6)), (3, 9))","(((4, 2), (4, 8), (6, 6)), (5, 8))",27,8.0,35.0,27,3,0,expanded,False,True,2017
"(((4, 2), (4, 8), (6, 7)), (5, 8))","(((4, 2), (4, 8), (6, 6)), (5, 8))",27,8.0,35.0,27,3,0,expanded,False,True,2018
"(((3, 7), (4, 3), (7, 8)), (3, 8))","(((3, 7), (4, 3), (7, 7)), (3, 8))",28,9,37.0,28,,,pruned,,,2019
"(((3, 7), (4, 3), (7, 7)), (3, 8))","(((3, 7), (4, 3), (7, 6)), (3, 8))",27,8.0,35.0,27,3,1,expanded,False,True,2020
"(((3, 8), (4, 5), (7, 6)), (3, 9))","(((3, 8), (4, 5), (7, 5)), (3, 9))",27,8.0,35.0,27,3,0,expanded,False,True,2021
"(((4, 5), (4, 8), (7, 8)), (5, 8))","(((4, 5), (4, 8), (7, 7)), (5, 8))",28,9,37.0,28,,,pruned,,,2022
"(((4, 5), (4, 8), (7, 7)), (5, 8))","(((4, 5), (4, 8), (7, 6)), (5, 8))",27,8.0,35.0,27,3,1,expanded,False,True,2023
"(((3, 6), (4, 2), (7, 8)), (1, 2))","(((3, 6), (4, 2), (7, 7)), (1, 2))",28,9,37.0,28,,,pruned,,,2024
"(((4, 2), (4, 6), (7, 7)), (1, 2))","(((3, 6), (4, 2), (7, 7)), (1, 2))",28,7,35.0,28,,,pruned,,,2025
"(((3, 6), (4, 2), (7, 7)), (1, 2))","(((3, 6), (4, 2), (7, 6)), (1, 2))",27,8.0,35.0,27,4,2,expanded,False,True,2026
"(((3, 2), (3, 7), (6, 6)), (3, 8))","(((3, 2), (3, 7), (6, 5)), (3, 8))",27,8.0,35.0,27,3,0,expanded,False,True,2027
"(((2, 5), (3, 2), (7, 6)), (1, 2))","(((2, 5), (3, 2), (7, 5)), (1, 2))",27,8.0,35.0,27,6,0,expanded,False,True,2028
"(((2, 2), (2, 4), (8, 4)), (1, 2))","(((2, 2), (2, 4), (7, 4)), (1, 2))",28,9,37.0,28,,,pruned,,,2029
"(((2, 2), (2, 4), (7, 3)), (1, 2))","(((2, 2), (2, 4), (7, 4)), (1, 2))",28,8,36.0,28,,,pruned,,,2030
"(((1, 2), (2, 4), (7, 4)), (1, 3))","(((2, 2), (2, 4), (7, 4)), (1, 2))",28,9,37.0,28,,,pruned,,,2031
"(((2, 1), (2, 4), (7, 4)), (1, 2))","(((2, 2), (2, 4), (7, 4)), (1, 2))",28,9,37.0,28,,,pruned,,,2032
"(((2, 2), (2, 4), (7, 4)), (1, 2))","(((2, 2), (2, 5), (7, 4)), (1, 2))",27,8.0,35.0,27,10,4,expanded,False,True,2033
"(((1, 2), (2, 3), (7, 5)), (1, 3))","(((2, 2), (2, 3), (7, 5)), (1, 2))",28,9,37.0,28,,,pruned,,,2034
"(((2, 2), (2, 3), (7, 5)), (1, 2))","(((2, 2), (2, 4), (7, 5)), (1, 2))",27,8.0,35.0,27,4,1,expanded,False,True,2035
"(((2, 5), (3, 6), (5, 8)), (6, 3))","(((2, 5), (3, 6), (6, 8)), (6, 3))",27,8.0,35.0,27,1,0,expanded,False,True,2036
"(((2, 7), (4, 2), (7, 6)), (1, 2))","(((2, 6), (4, 2), (7, 6)), (1, 2))",28,9,37.0,28,,,pruned,,,2037
"(((2, 6), (4, 2), (7, 6)), (1, 2))","(((2, 6), (3, 2), (7, 6)), (1, 2))",27,8.0,35.0,27,3,1,expanded,False,True,2038
"(((2, 5), (3, 7), (4, 8)), (5, 8))","(((2, 5), (3, 7), (5, 8)), (6, 3))",27,8.0,35.0,27,1,0,expanded,False,True,2039
"(((2, 6), (3, 6), (4, 8)), (5, 8))","(((2, 6), (3, 6), (5, 8)), (6, 3))",27,8.0,35.0,27,1,0,expanded,False,True,2040
"(((4, 3), (4, 8), (6, 7)), (5, 8))","(((4, 3), (4, 8), (6, 6)), (5, 8))",28,7.0,35.0,28,3,0,expanded,False,True,2041
"(((3, 8), (4, 3), (6, 6)), (3, 9))","(((4, 3), (4, 8), (6, 6)), (5, 8))",28,7.0,35.0,28,3,0,expanded,False,True,2042
"(((3, 6), (4, 3), (7, 8)), (1, 2))","(((3, 6), (4, 3), (7, 7)), (1, 2))",29,8,37.0,29,,,pruned,,,2043
"(((4, 3), (4, 6), (7, 7)), (1, 2))","(((3, 6), (4, 3), (7, 7)), (1, 2))",29,6,35.0,29,,,pruned,,,2044
"(((3, 6), (4, 3), (7, 7)), (1, 2))","(((3, 6), (4, 3), (7, 6)), (1, 2))",28,7.0,35.0,28,4,2,expanded,False,True,2045
"(((4, 5), (5, 8), (6, 6)), (6, 3))","(((4, 5), (5, 8), (6, 5)), (6, 3))",28,7.0,35.0,28,3,0,expanded,False,True,2046
"(((1, 2), (3, 6), (6, 5)), (1, 3))","(((2, 2), (3, 6), (6, 5)), (2, 1))",29,8,37.0,29,,,pruned,,,2047
"(((2, 2), (3, 6), (6, 5)), (2, 1))","(((3, 2), (3, 6), (6, 5)), (1, 2))",28,7.0,35.0,28,3,1,expanded,False,True,2048
"(((3, 2), (4, 6), (6, 6)), (1, 2))","(((3, 2), (3, 6), (6, 6)), (1, 2))",29,6,35.0,29,,,pruned,,,2049
"(((3, 2), (3, 6), (6, 6)), (1, 2))","(((3, 2), (3, 6), (6, 5)), (1, 2))",28,7.0,35.0,28,6,1,expanded,False,True,2050
"(((1, 6), (3, 2), (6, 5)), (1, 2))","(((2, 6), (3, 2), (6, 5)), (1, 2))",29,8,37.0,29,,,pruned,,,2051
"(((2, 7), (3, 2), (6, 5)), (1, 2))","(((2, 6), (3, 2), (6, 5)), (1, 2))",29,8,37.0,29,,,pruned,,,2052
"(((2, 6), (3, 2), (6, 5)), (1, 2))","(((3, 2), (3, 6), (6, 5)), (1, 2))",28,7.0,35.0,28,8,2,expanded,False,True,2053
"(((1, 2), (2, 5), (6, 5)), (1, 3))","(((2, 2), (2, 5), (6, 5)), (1, 2))",29,8,37.0,29,,,pruned,,,2054
"(((2, 1), (2, 5), (6, 5)), (1, 2))","(((2, 2), (2, 5), (6, 5)), (1, 2))",29,8,37.0,29,,,pruned,,,2055
"(((2, 2), (2, 5), (6, 5)), (1, 2))","(((2, 3), (2, 5), (6, 5)), (1, 2))",28,7.0,35.0,28,8,2,expanded,False,True,2056
"(((2, 3), (2, 5), (6, 6)), (1, 2))","(((2, 3), (2, 5), (6, 5)), (1, 2))",28,7.0,35.0,28,6,0,expanded,False,True,2057
"(((3, 7), (4, 2), (6, 6)), (3, 8))","(((3, 7), (4, 2), (6, 5)), (3, 8))",28,7.0,35.0,28,3,0,expanded,False,True,2058
"(((3, 7), (4, 5), (7, 6)), (3, 8))","(((3, 7), (4, 5), (7, 5)), (3, 8))",28,7.0,35.0,28,3,0,expanded,False,True,2059
"(((2, 5), (4, 1), (7, 6)), (1, 2))","(((2, 5), (4, 2), (7, 6)), (1, 2))",29,8,37.0,29,,,pruned,,,2060
"(((2, 5), (4, 2), (7, 6)), (1, 2))","(((2, 5), (4, 2), (7, 5)), (1, 2))",28,7.0,35.0,28,6,1,expanded,False,True,2061
"(((2, 2), (2, 4), (6, 3)), (1, 2))","(((2, 2), (2, 4), (6, 4)), (1, 2))",29,7,36.0,29,,,pruned,,,2062
"(((1, 2), (2, 4), (6, 4)), (1, 3))","(((2, 2), (2, 4), (6, 4)), (1, 2))",29,8,37.0,29,,,pruned,,,2063
"(((2, 1), (2, 4), (6, 4)), (1, 2))","(((2, 2), (2, 4), (6, 4)), (1, 2))",29,8,37.0,29,,,pruned,,,2064
"(((2, 2), (2, 4), (6, 4)), (1, 2))","(((2, 2), (2, 5), (6, 4)), (1, 2))",28,7.0,35.0,28,8,3,expanded,False,True,2065
"(((2, 4), (3, 2), (8, 4)), (1, 2))","(((2, 4), (3, 2), (7, 4)), (1, 2))",29,8,37.0,29,,,pruned,,,2066
"(((2, 4), (3, 2), (7, 3)), (1, 2))","(((2, 4), (3, 2), (7, 4)), (1, 2))",29,7,36.0,29,,,pruned,,,2067
"(((2, 4), (3, 2), (7, 4)), (1, 2))","(((2, 5), (3, 2), (7, 4)), (1, 2))",28,7.0,35.0,28,8,2,expanded,False,True,2068
"(((2, 3), (3, 2), (7, 5)), (1, 2))","(((2, 4), (3, 2), (7, 5)), (1, 2))",28,7.0,35.0,28,6,0,expanded,False,True,2069
"(((2, 5), (3, 6), (4, 8)), (5, 8))","(((2, 5), (3, 6), (5, 8)), (6, 3))",28,7.0,35.0,28,1,0,expanded,False,True,2070
"(((2, 7), (4, 3), (7, 6)), (1, 2))","(((2, 6), (4, 3), (7, 6)), (1, 2))",29,8,37.0,29,,,pruned,,,2071
"(((2, 6), (4, 3), (7, 6)), (1, 2))","(((2, 6), (4, 2), (7, 6)), (1, 2))",28,7.0,35.0,28,3,1,expanded,False,True,2072
"(((3, 6), (4, 6), (7, 6)), (1, 2))","(((3, 6), (4, 5), (7, 6)), (1, 2))",30,7,37.0,30,,,pruned,,,2073
"(((4, 5), (4, 6), (7, 6)), (1, 2))","(((3, 6), (4, 5), (7, 6)), (1, 2))",30,5,35.0,30,,,pruned,,,2074
"(((3, 6), (4, 5), (7, 6)), (1, 2))","(((3, 6), (4, 5), (7, 5)), (1, 2))",29,6.0,35.0,29,4,2,expanded,False,True,2075
"(((3, 7), (4, 3), (6, 6)), (3, 8))","(((3, 7), (4, 3), (6, 5)), (3, 8))",29,6.0,35.0,29,3,0,expanded,False,True,2076
"(((4, 5), (4, 8), (6, 6)), (5, 8))","(((4, 5), (4, 8), (6, 5)), (5, 8))",29,6.0,35.0,29,3,0,expanded,False,True,2077
"(((3, 8), (4, 5), (6, 5)), (3, 9))","(((4, 5), (4, 8), (6, 5)), (5, 8))",29,6.0,35.0,29,3,0,expanded,False,True,2078
"(((4, 2), (4, 6), (6, 6)), (1, 2))","(((3, 6), (4, 2), (6, 6)), (1, 2))",30,5,35.0,30,,,pruned,,,2079
"(((3, 6), (4, 2), (6, 6)), (1, 2))","(((3, 6), (4, 2), (6, 5)), (1, 2))",29,6.0,35.0,29,4,1,expanded,False,True,2080
"(((2, 5), (4, 3), (7, 6)), (1, 2))","(((2, 5), (4, 3), (7, 5)), (1, 2))",29,6.0,35.0,29,6,0,expanded,False,True,2081
"(((2, 4), (4, 2), (8, 4)), (1, 2))","(((2, 4), (4, 2), (7, 4)), (1, 2))",30,7,37.0,30,,,pruned,,,2082
"(((2, 4), (4, 2), (7, 3)), (1, 2))","(((2, 4), (4, 2), (7, 4)), (1, 2))",30,6,36.0,30,,,pruned,,,2083
"(((2, 4), (4, 1), (7, 4)), (1, 2))","(((2, 4), (4, 2), (7, 4)), (1, 2))",30,7,37.0,30,,,pruned,,,2084
"(((2, 4), (4, 2), (7, 4)), (1, 2))","(((2, 5), (4, 2), (7, 4)), (1, 2))",29,6.0,35.0,29,8,3,expanded,False,True,2085
"(((2, 3), (4, 1), (7, 5)), (1, 2))","(((2, 3), (4, 2), (7, 5)), (1, 2))",30,7,37.0,30,,,pruned,,,2086
"(((2, 3), (4, 2), (7, 5)), (1, 2))","(((2, 4), (4, 2), (7, 5)), (1, 2))",29,6.0,35.0,29,6,1,expanded,False,True,2087
"(((2, 6), (4, 6), (7, 5)), (1, 2))","(((2, 6), (4, 5), (7, 5)), (1, 2))",30,7,37.0,30,,,pruned,,,2088
"(((2, 7), (4, 5), (7, 5)), (1, 2))","(((2, 6), (4, 5), (7, 5)), (1, 2))",30,7,37.0,30,,,pruned,,,2089
"(((2, 6), (4, 5), (7, 5)), (1, 2))","(((2, 6), (4, 4), (7, 5)), (1, 2))",29,6.0,35.0,29,3,2,expanded,False,True,2090
"(((2, 4), (3, 2), (6, 3)), (1, 2))","(((2, 4), (3, 2), (6, 4)), (1, 2))",30,6,36.0,30,,,pruned,,,2091
"(((2, 4), (3, 2), (6, 4)), (1, 2))","(((2, 5), (3, 2), (6, 4)), (1, 2))",29,6.0,35.0,29,6,1,expanded,False,True,2092
"(((2, 5), (3, 2), (6, 5)), (1, 2))","(((2, 5), (3, 2), (6, 4)), (1, 2))",29,6.0,35.0,29,6,0,expanded,False,True,2093
"(((2, 7), (4, 4), (7, 4)), (1, 2))","(((2, 6), (4, 4), (7, 4)), (1, 2))",30,7,37.0,30,,,pruned,,,2094
"(((2, 6), (4, 4), (7, 4)), (1, 2))","(((2, 6), (4, 3), (7, 4)), (1, 2))",29,6.0,35.0,29,3,1,expanded,False,True,2095
"(((2, 7), (4, 2), (6, 5)), (1, 2))","(((2, 6), (4, 2), (6, 5)), (1, 2))",30,7,37.0,30,,,pruned,,,2096
"(((2, 6), (4, 2), (6, 5)), (1, 2))","(((2, 6), (3, 2), (6, 5)), (1, 2))",29,6.0,35.0,29,3,1,expanded,False,True,2097
"(((4, 3), (4, 6), (6, 6)), (1, 2))","(((3, 6), (4, 3), (6, 6)), (1, 2))",31,4,35.0,31,,,pruned,,,2098
"(((3, 6), (4, 3), (6, 6)), (1, 2))","(((3, 6), (4, 3), (6, 5)), (1, 2))",30,5.0,35.0,30,4,1,expanded,False,True,2099
"(((2, 4), (4, 3), (8, 4)), (1, 2))","(((2, 4), (4, 3), (7, 4)), (1, 2))",31,6,37.0,31,,,pruned,,,2100
"(((2, 4), (4, 3), (7, 3)), (1, 2))","(((2, 4), (4, 3), (7, 4)), (1, 2))",31,5,36.0,31,,,pruned,,,2101
"(((2, 4), (4, 3), (7, 4)), (1, 2))","(((2, 5), (4, 3), (7, 4)), (1, 2))",30,5.0,35.0,30,8,2,expanded,False,True,2102
"(((2, 5), (4, 4), (8, 4)), (1, 2))","(((2, 5), (4, 4), (7, 4)), (1, 2))",31,6,37.0,31,,,pruned,,,2103
"(((2, 5), (4, 4), (7, 3)), (1, 2))","(((2, 5), (4, 4), (7, 4)), (1, 2))",31,5,36.0,31,,,pruned,,,2104
"(((2, 5), (4, 4), (7, 4)), (1, 2))","(((2, 5), (4, 3), (7, 4)), (1, 2))",30,5.0,35.0,30,8,2,expanded,False,True,2105
"(((2, 3), (4, 3), (7, 5)), (1, 2))","(((2, 4), (4, 3), (7, 5)), (1, 2))",30,5.0,35.0,30,6,0,expanded,False,True,2106
"(((2, 4), (4, 4), (7, 5)), (1, 2))","(((2, 4), (4, 3), (7, 5)), (1, 2))",30,5.0,35.0,30,6,0,expanded,False,True,2107
"(((2, 5), (4, 6), (7, 5)), (1, 2))","(((2, 5), (4, 5), (7, 5)), (1, 2))",31,6,37.0,31,,,pruned,,,2108
"(((2, 5), (4, 5), (7, 5)), (1, 2))","(((2, 5), (4, 4), (7, 5)), (1, 2))",30,5.0,35.0,30,6,1,expanded,False,True,2109
"(((3, 7), (4, 5), (6, 5)), (3, 8))","(((3, 7), (4, 5), (6, 4)), (3, 8))",30,5.0,35.0,30,3,0,expanded,False,True,2110
"(((2, 4), (4, 2), (6, 3)), (1, 2))","(((2, 4), (4, 2), (6, 4)), (1, 2))",31,5,36.0,31,,,pruned,,,2111
"(((2, 4), (4, 1), (6, 4)), (1, 2))","(((2, 4), (4, 2), (6, 4)), (1, 2))",31,6,37.0,31,,,pruned,,,2112
"(((2, 4), (4, 2), (6, 4)), (1, 2))","(((2, 5), (4, 2), (6, 4)), (1, 2))",30,5.0,35.0,30,6,2,expanded,False,True,2113
"(((2, 5), (4, 1), (6, 5)), (1, 2))","(((2, 5), (4, 2), (6, 5)), (1, 2))",31,6,37.0,31,,,pruned,,,2114
"(((2, 5), (4, 2), (6, 5)), (1, 2))","(((2, 5), (4, 2), (6, 4)), (1, 2))",30,5.0,35.0,30,6,1,expanded,False,True,2115
"(((2, 7), (4, 4), (6, 4)), (1, 2))","(((2, 6), (4, 4), (6, 4)), (1, 2))",31,6,37.0,31,,,pruned,,,2116
"(((2, 6), (4, 4), (6, 4)), (1, 2))","(((2, 6), (4, 3), (6, 4)), (1, 2))",30,5.0,35.0,30,3,1,expanded,False,True,2117
"(((2, 7), (4, 3), (6, 5)), (1, 2))","(((2, 6), (4, 3), (6, 5)), (1, 2))",31,6,37.0,31,,,pruned,,,2118
"(((2, 6), (4, 3), (6, 5)), (1, 2))","(((2, 6), (4, 2), (6, 5)), (1, 2))",30,5.0,35.0,30,3,1,expanded,False,True,2119
"(((3, 6), (4, 6), (6, 5)), (1, 2))","(((3, 6), (4, 5), (6, 5)), (1, 2))",32,5,37.0,32,,,pruned,,,2120
"(((4, 5), (4, 6), (6, 5)), (1, 2))","(((3, 6), (4, 5), (6, 5)), (1, 2))",32,3,35.0,32,,,pruned,,,2121
"(((3, 6), (4, 5), (6, 5)), (1, 2))","(((3, 6), (4, 4), (6, 5)), (1, 2))",31,4.0,35.0,31,4,2,expanded,False,True,2122
"(((2, 4), (4, 3), (6, 3)), (1, 2))","(((2, 4), (4, 3), (6, 4)), (1, 2))",32,4,36.0,32,,,pruned,,,2123
"(((2, 4), (4, 3), (6, 4)), (1, 2))","(((2, 5), (4, 3), (6, 4)), (1, 2))",31,4.0,35.0,31,6,1,expanded,False,True,2124
"(((2, 5), (4, 3), (6, 5)), (1, 2))","(((2, 5), (4, 3), (6, 4)), (1, 2))",31,4.0,35.0,31,6,0,expanded,False,True,2125
"(((2, 5), (4, 4), (6, 3)), (1, 2))","(((2, 5), (4, 4), (6, 4)), (1, 2))",32,4,36.0,32,,,pruned,,,2126
"(((2, 5), (4, 4), (6, 4)), (1, 2))","(((2, 5), (4, 3), (6, 4)), (1, 2))",31,4.0,35.0,31,6,1,expanded,False,True,2127
"(((2, 4), (3, 8), (6, 8)), (6, 3))","(((2, 4), (3, 8), (6, 7)), (3, 9))",25,11.0,36.0,25,1,0,expanded,False,True,2128
"(((2, 4), (3, 7), (6, 8)), (6, 3))","(((2, 4), (3, 7), (6, 7)), (3, 8))",26,10.0,36.0,26,1,0,expanded,False,True,2129
"(((2, 4), (3, 8), (5, 8)), (6, 3))","(((2, 4), (3, 8), (6, 8)), (6, 3))",26,10.0,36.0,26,1,0,expanded,False,True,2130
"(((4, 4), (6, 7), (6, 8)), (6, 3))","(((4, 4), (6, 6), (6, 8)), (6, 3))",27,9.0,36.0,27,1,0,expanded,False,True,2131
"(((2, 4), (3, 6), (6, 8)), (6, 3))","(((2, 4), (3, 6), (6, 7)), (1, 2))",27,9.0,36.0,27,1,0,expanded,False,True,2132
"(((1, 6), (2, 4), (6, 7)), (1, 2))","(((2, 4), (2, 6), (6, 7)), (1, 2))",28,10,38.0,28,,,pruned,,,2133
"(((2, 4), (2, 7), (6, 7)), (1, 2))","(((2, 4), (2, 6), (6, 7)), (1, 2))",28,10,38.0,28,,,pruned,,,2134
"(((2, 4), (2, 6), (6, 7)), (1, 2))","(((2, 4), (3, 6), (6, 7)), (1, 2))",27,9.0,36.0,27,8,2,expanded,False,True,2135
"(((3, 8), (4, 4), (7, 8)), (3, 9))","(((3, 8), (4, 4), (7, 7)), (3, 9))",28,10,38.0,28,,,pruned,,,2136
"(((3, 8), (4, 4), (7, 7)), (3, 9))","(((4, 4), (4, 8), (7, 7)), (5, 8))",27,9.0,36.0,27,3,1,expanded,False,True,2137
"(((2, 2), (2, 6), (8, 4)), (2, 1))","(((2, 2), (2, 6), (7, 4)), (2, 1))",28,10,38.0,28,,,pruned,,,2138
"(((2, 2), (2, 6), (7, 3)), (2, 1))","(((2, 2), (2, 6), (7, 4)), (2, 1))",28,9,37.0,28,,,pruned,,,2139
"(((1, 6), (2, 2), (7, 4)), (1, 2))","(((2, 2), (2, 6), (7, 4)), (2, 1))",28,10,38.0,28,,,pruned,,,2140
"(((1, 2), (2, 6), (7, 4)), (1, 3))","(((2, 2), (2, 6), (7, 4)), (2, 1))",28,10,38.0,28,,,pruned,,,2141
"(((2, 2), (2, 6), (7, 4)), (2, 1))","(((2, 2), (3, 6), (7, 4)), (2, 1))",27,9.0,36.0,27,8,4,expanded,False,True,2142
"(((2, 3), (2, 4), (7, 8)), (1, 2))","(((2, 3), (2, 4), (7, 7)), (1, 2))",28,10,38.0,28,,,pruned,,,2143
"(((2, 3), (2, 4), (7, 7)), (1, 2))","(((2, 3), (2, 4), (7, 6)), (1, 2))",27,9.0,36.0,27,2,1,expanded,False,True,2144
"(((1, 2), (2, 4), (7, 6)), (1, 3))","(((2, 2), (2, 4), (7, 6)), (1, 2))",28,10,38.0,28,,,pruned,,,2145
"(((2, 1), (2, 4), (7, 6)), (1, 2))","(((2, 2), (2, 4), (7, 6)), (1, 2))",28,10,38.0,28,,,pruned,,,2146
"(((2, 2), (2, 4), (7, 6)), (1, 2))","(((2, 2), (2, 4), (7, 5)), (1, 2))",27,9.0,36.0,27,8,2,expanded,False,True,2147
"(((2, 4), (3, 7), (5, 8)), (6, 3))","(((2, 4), (3, 7), (6, 8)), (6, 3))",27,9.0,36.0,27,1,0,expanded,False,True,2148
"(((2, 4), (3, 8), (4, 8)), (5, 8))","(((2, 4), (3, 8), (5, 8)), (6, 3))",27,9.0,36.0,27,0,0,expanded,False,True,2149
"(((4, 4), (5, 8), (6, 7)), (6, 3))","(((4, 4), (5, 8), (6, 6)), (6, 3))",28,8.0,36.0,28,3,0,expanded,False,True,2150
"(((2, 4), (2, 5), (6, 7)), (1, 2))","(((2, 4), (2, 5), (6, 6)), (1, 2))",28,8.0,36.0,28,2,0,expanded,False,True,2151
"(((1, 6), (2, 2), (6, 4)), (1, 2))","(((2, 2), (2, 6), (6, 4)), (2, 1))",29,9,38.0,29,,,pruned,,,2152
"(((2, 2), (2, 6), (6, 3)), (2, 1))","(((2, 2), (2, 6), (6, 4)), (2, 1))",29,8,37.0,29,,,pruned,,,2153
"(((1, 2), (2, 6), (6, 4)), (1, 3))","(((2, 2), (2, 6), (6, 4)), (2, 1))",29,9,38.0,29,,,pruned,,,2154
"(((2, 2), (2, 6), (6, 4)), (2, 1))","(((2, 2), (3, 6), (6, 4)), (2, 1))",28,8.0,36.0,28,6,3,expanded,False,True,2155
"(((3, 7), (4, 4), (7, 8)), (3, 8))","(((3, 7), (4, 4), (7, 7)), (3, 8))",29,9,38.0,29,,,pruned,,,2156
"(((3, 7), (4, 4), (7, 7)), (3, 8))","(((3, 7), (4, 4), (7, 6)), (3, 8))",28,8.0,36.0,28,3,1,expanded,False,True,2157
"(((2, 4), (3, 2), (7, 6)), (1, 2))","(((2, 4), (3, 2), (7, 5)), (1, 2))",28,8.0,36.0,28,6,0,expanded,False,True,2158
"(((2, 2), (2, 3), (8, 4)), (1, 2))","(((2, 2), (2, 3), (7, 4)), (1, 2))",29,9,38.0,29,,,pruned,,,2159
"(((2, 2), (2, 3), (7, 3)), (1, 2))","(((2, 2), (2, 3), (7, 4)), (1, 2))",29,8,37.0,29,,,pruned,,,2160
"(((1, 2), (2, 3), (7, 4)), (1, 3))","(((2, 2), (2, 3), (7, 4)), (1, 2))",29,9,38.0,29,,,pruned,,,2161
"(((2, 2), (2, 3), (7, 4)), (1, 2))","(((2, 2), (2, 4), (7, 4)), (1, 2))",28,8.0,36.0,28,6,3,expanded,False,True,2162
"(((2, 4), (3, 6), (5, 8)), (6, 3))","(((2, 4), (3, 6), (6, 8)), (6, 3))",28,8.0,36.0,28,1,0,expanded,False,True,2163
"(((2, 4), (3, 7), (4, 8)), (5, 8))","(((2, 4), (3, 7), (5, 8)), (6, 3))",28,8.0,36.0,28,1,0,expanded,False,True,2164
"(((4, 4), (4, 8), (6, 7)), (5, 8))","(((4, 4), (4, 8), (6, 6)), (5, 8))",29,7.0,36.0,29,3,0,expanded,False,True,2165
"(((3, 8), (4, 4), (6, 6)), (3, 9))","(((4, 4), (4, 8), (6, 6)), (5, 8))",29,7.0,36.0,29,3,0,expanded,False,True,2166
"(((3, 6), (4, 4), (7, 8)), (1, 2))","(((3, 6), (4, 4), (7, 7)), (1, 2))",30,8,38.0,30,,,pruned,,,2167
"(((4, 4), (4, 6), (7, 7)), (1, 2))","(((3, 6), (4, 4), (7, 7)), (1, 2))",30,6,36.0,30,,,pruned,,,2168
"(((3, 6), (4, 4), (7, 7)), (1, 2))","(((3, 6), (4, 4), (7, 6)), (1, 2))",29,7.0,36.0,29,4,2,expanded,False,True,2169
"(((2, 3), (2, 4), (6, 6)), (1, 2))","(((2, 3), (2, 4), (6, 5)), (1, 2))",29,7.0,36.0,29,2,0,expanded,False,True,2170
"(((2, 4), (4, 1), (7, 6)), (1, 2))","(((2, 4), (4, 2), (7, 6)), (1, 2))",30,8,38.0,30,,,pruned,,,2171
"(((2, 4), (4, 2), (7, 6)), (1, 2))","(((2, 4), (4, 2), (7, 5)), (1, 2))",29,7.0,36.0,29,6,1,expanded,False,True,2172
"(((1, 2), (2, 4), (6, 5)), (1, 3))","(((2, 2), (2, 4), (6, 5)), (1, 2))",30,8,38.0,30,,,pruned,,,2173
"(((2, 1), (2, 4), (6, 5)), (1, 2))","(((2, 2), (2, 4), (6, 5)), (1, 2))",30,8,38.0,30,,,pruned,,,2174
"(((2, 2), (2, 4), (6, 5)), (1, 2))","(((2, 2), (2, 5), (6, 5)), (1, 2))",29,7.0,36.0,29,8,2,expanded,False,True,2175
"(((2, 2), (2, 3), (6, 3)), (1, 2))","(((2, 2), (2, 3), (6, 4)), (1, 2))",30,7,37.0,30,,,pruned,,,2176
"(((1, 2), (2, 3), (6, 4)), (1, 3))","(((2, 2), (2, 3), (6, 4)), (1, 2))",30,8,38.0,30,,,pruned,,,2177
"(((2, 2), (2, 3), (6, 4)), (1, 2))","(((2, 2), (2, 4), (6, 4)), (1, 2))",29,7.0,36.0,29,4,2,expanded,False,True,2178
"(((2, 3), (3, 2), (8, 4)), (1, 2))","(((2, 3), (3, 2), (7, 4)), (1, 2))",30,8,38.0,30,,,pruned,,,2179
"(((2, 3), (3, 2), (7, 3)), (1, 2))","(((2, 3), (3, 2), (7, 4)), (1, 2))",30,7,37.0,30,,,pruned,,,2180
"(((2, 3), (3, 2), (7, 4)), (1, 2))","(((2, 4), (3, 2), (7, 4)), (1, 2))",29,7.0,36.0,29,8,2,expanded,False,True,2181
"(((2, 7), (4, 4), (7, 6)), (1, 2))","(((2, 6), (4, 4), (7, 6)), (1, 2))",30,8,38.0,30,,,pruned,,,2182
"(((2, 6), (4, 4), (7, 6)), (1, 2))","(((2, 6), (4, 3), (7, 6)), (1, 2))",29,7.0,36.0,29,3,1,expanded,False,True,2183
"(((2, 4), (3, 6), (4, 8)), (5, 8))","(((2, 4), (3, 6), (5, 8)), (6, 3))",29,7.0,36.0,29,1,0,expanded,False,True,2184
"(((3, 7), (4, 4), (6, 6)), (3, 8))","(((3, 7), (4, 4), (6, 5)), (3, 8))",30,6.0,36.0,30,3,0,expanded,False,True,2185
"(((2, 4), (4, 3), (7, 6)), (1, 2))","(((2, 4), (4, 3), (7, 5)), (1, 2))",30,6.0,36.0,30,6,0,expanded,False,True,2186
"(((2, 5), (4, 4), (7, 6)), (1, 2))","(((2, 5), (4, 4), (7, 5)), (1, 2))",30,6.0,36.0,30,6,0,expanded,False,True,2187
"(((2, 3), (4, 2), (8, 4)), (1, 2))","(((2, 3), (4, 2), (7, 4)), (1, 2))",31,7,38.0,31,,,pruned,,,2188
"(((2, 3), (4, 2), (7, 3)), (1, 2))","(((2, 3), (4, 2), (7, 4)), (1, 2))",31,6,37.0,31,,,pruned,,,2189
"(((2, 3), (4, 1), (7, 4)), (1, 2))","(((2, 3), (4, 2), (7, 4)), (1, 2))",31,7,38.0,31,,,pruned,,,2190
"(((2, 3), (4, 2), (7, 4)), (1, 2))","(((2, 4), (4, 2), (7, 4)), (1, 2))",30,6.0,36.0,30,8,3,expanded,False,True,2191
"(((2, 4), (3, 2), (6, 5)), (1, 2))","(((2, 4), (3, 2), (6, 4)), (1, 2))",30,6.0,36.0,30,6,0,expanded,False,True,2192
"(((2, 3), (3, 2), (6, 3)), (1, 2))","(((2, 3), (3, 2), (6, 4)), (1, 2))",31,6,37.0,31,,,pruned,,,2193
"(((2, 3), (3, 2), (6, 4)), (1, 2))","(((2, 4), (3, 2), (6, 4)), (1, 2))",30,6.0,36.0,30,6,1,expanded,False,True,2194
"(((2, 6), (4, 6), (7, 4)), (1, 2))","(((2, 6), (4, 5), (7, 4)), (1, 2))",31,7,38.0,31,,,pruned,,,2195
"(((2, 7), (4, 5), (7, 4)), (1, 2))","(((2, 6), (4, 5), (7, 4)), (1, 2))",31,7,38.0,31,,,pruned,,,2196
"(((2, 6), (4, 5), (7, 4)), (1, 2))","(((2, 6), (4, 4), (7, 4)), (1, 2))",30,6.0,36.0,30,3,2,expanded,False,True,2197
"(((4, 4), (4, 6), (6, 6)), (1, 2))","(((3, 6), (4, 4), (6, 6)), (1, 2))",32,4,36.0,32,,,pruned,,,2198
"(((3, 6), (4, 4), (6, 6)), (1, 2))","(((3, 6), (4, 4), (6, 5)), (1, 2))",31,5.0,36.0,31,4,1,expanded,False,True,2199
"(((2, 3), (4, 3), (8, 4)), (1, 2))","(((2, 3), (4, 3), (7, 4)), (1, 2))",32,6,38.0,32,,,pruned,,,2200
"(((2, 3), (4, 3), (7, 3)), (1, 2))","(((2, 3), (4, 3), (7, 4)), (1, 2))",32,5,37.0,32,,,pruned,,,2201
"(((2, 3), (4, 3), (7, 4)), (1, 2))","(((2, 4), (4, 3), (7, 4)), (1, 2))",31,5.0,36.0,31,8,2,expanded,False,True,2202
"(((2, 4), (4, 4), (8, 4)), (1, 2))","(((2, 4), (4, 4), (7, 4)), (1, 2))",32,6,38.0,32,,,pruned,,,2203
"(((2, 4), (4, 4), (7, 3)), (1, 2))","(((2, 4), (4, 4), (7, 4)), (1, 2))",32,5,37.0,32,,,pruned,,,2204
"(((2, 4), (4, 4), (7, 4)), (1, 2))","(((2, 4), (4, 3), (7, 4)), (1, 2))",31,5.0,36.0,31,8,2,expanded,False,True,2205
"(((2, 5), (4, 5), (8, 4)), (1, 2))","(((2, 5), (4, 5), (7, 4)), (1, 2))",32,6,38.0,32,,,pruned,,,2206
"(((2, 5), (4, 5), (7, 3)), (1, 2))","(((2, 5), (4, 5), (7, 4)), (1, 2))",32,5,37.0,32,,,pruned,,,2207
"(((2, 5), (4, 6), (7, 4)), (1, 2))","(((2, 5), (4, 5), (7, 4)), (1, 2))",32,6,38.0,32,,,pruned,,,2208
"(((2, 5), (4, 5), (7, 4)), (1, 2))","(((2, 5), (4, 4), (7, 4)), (1, 2))",31,5.0,36.0,31,8,3,expanded,False,True,2209
"(((2, 3), (4, 4), (7, 5)), (1, 2))","(((2, 3), (4, 3), (7, 5)), (1, 2))",31,5.0,36.0,31,6,0,expanded,False,True,2210
"(((2, 4), (4, 6), (7, 5)), (1, 2))","(((2, 4), (4, 5), (7, 5)), (1, 2))",32,6,38.0,32,,,pruned,,,2211
"(((2, 4), (4, 5), (7, 5)), (1, 2))","(((2, 4), (4, 4), (7, 5)), (1, 2))",31,5.0,36.0,31,6,1,expanded,False,True,2212
"(((2, 3), (4, 2), (6, 3)), (1, 2))","(((2, 3), (4, 2), (6, 4)), (1, 2))",32,5,37.0,32,,,pruned,,,2213
"(((2, 3), (4, 1), (6, 4)), (1, 2))","(((2, 3), (4, 2), (6, 4)), (1, 2))",32,6,38.0,32,,,pruned,,,2214
"(((2, 3), (4, 2), (6, 4)), (1, 2))","(((2, 4), (4, 2), (6, 4)), (1, 2))",31,5.0,36.0,31,6,2,expanded,False,True,2215
"(((2, 4), (4, 1), (6, 5)), (1, 2))","(((2, 4), (4, 2), (6, 5)), (1, 2))",32,6,38.0,32,,,pruned,,,2216
"(((2, 4), (4, 2), (6, 5)), (1, 2))","(((2, 4), (4, 2), (6, 4)), (1, 2))",31,5.0,36.0,31,6,1,expanded,False,True,2217
"(((2, 6), (4, 6), (6, 4)), (1, 2))","(((2, 6), (4, 5), (6, 4)), (1, 2))",32,6,38.0,32,,,pruned,,,2218
"(((2, 7), (4, 5), (6, 4)), (1, 2))","(((2, 6), (4, 5), (6, 4)), (1, 2))",32,6,38.0,32,,,pruned,,,2219
"(((2, 6), (4, 5), (6, 4)), (1, 2))","(((2, 6), (4, 4), (6, 4)), (1, 2))",31,5.0,36.0,31,3,2,expanded,False,True,2220
"(((2, 7), (4, 4), (6, 5)), (1, 2))","(((2, 6), (4, 4), (6, 5)), (1, 2))",32,6,38.0,32,,,pruned,,,2221
"(((2, 6), (4, 4), (6, 5)), (1, 2))","(((2, 6), (4, 3), (6, 5)), (1, 2))",31,5.0,36.0,31,3,1,expanded,False,True,2222
"(((2, 3), (4, 3), (6, 3)), (1, 2))","(((2, 3), (4, 3), (6, 4)), (1, 2))",33,4,37.0,33,,,pruned,,,2223
"(((2, 3), (4, 3), (6, 4)), (1, 2))","(((2, 4), (4, 3), (6, 4)), (1, 2))",32,4.0,36.0,32,6,1,expanded,False,True,2224
"(((2, 4), (4, 3), (6, 5)), (1, 2))","(((2, 4), (4, 3), (6, 4)), (1, 2))",32,4.0,36.0,32,6,0,expanded,False,True,2225
"(((2, 4), (4, 4), (6, 3)), (1, 2))","(((2, 4), (4, 4), (6, 4)), (1, 2))",33,4,37.0,33,,,pruned,,,2226
"(((2, 4), (4, 4), (6, 4)), (1, 2))","(((2, 4), (4, 3), (6, 4)), (1, 2))",32,4.0,36.0,32,6,1,expanded,False,True,2227
"(((2, 5), (4, 4), (6, 5)), (1, 2))","(((2, 5), (4, 3), (6, 5)), (1, 2))",32,4.0,36.0,32,6,0,expanded,False,True,2228
"(((2, 5), (4, 6), (6, 4)), (1, 2))","(((2, 5), (4, 5), (6, 4)), (1, 2))",33,5,38.0,33,,,pruned,,,2229
"(((2, 5), (4, 5), (6, 3)), (1, 2))","(((2, 5), (4, 5), (6, 4)), (1, 2))",33,4,37.0,33,,,pruned,,,2230
"(((2, 5), (4, 5), (6, 4)), (1, 2))","(((2, 5), (4, 4), (6, 4)), (1, 2))",32,4.0,36.0,32,6,2,expanded,False,True,2231
"(((2, 2), (5, 8), (6, 8)), (6, 3))","(((2, 2), (5, 8), (6, 7)), (6, 3))",25,12.0,37.0,25,0,0,expanded,False,True,2232
"(((2, 2), (2, 7), (7, 7)), (1, 2))","(((2, 2), (2, 6), (7, 7)), (1, 2))",27,12,39.0,27,,,pruned,,,2233
"(((2, 1), (2, 6), (7, 7)), (1, 2))","(((2, 2), (2, 6), (7, 7)), (1, 2))",27,12,39.0,27,,,pruned,,,2234
"(((2, 2), (2, 6), (7, 7)), (1, 2))","(((2, 3), (2, 6), (7, 7)), (1, 2))",26,11.0,37.0,26,4,2,expanded,False,True,2235
"(((2, 3), (3, 8), (6, 8)), (6, 3))","(((2, 3), (3, 8), (6, 7)), (3, 9))",26,11.0,37.0,26,1,0,expanded,False,True,2236
"(((3, 2), (5, 8), (6, 8)), (6, 3))","(((3, 2), (5, 8), (6, 7)), (6, 3))",26,11.0,37.0,26,0,0,expanded,False,True,2237
"(((2, 2), (4, 8), (6, 8)), (6, 3))","(((2, 2), (4, 8), (6, 7)), (5, 8))",26,11.0,37.0,26,1,0,expanded,False,True,2238
"(((2, 2), (3, 8), (6, 7)), (3, 9))","(((2, 2), (4, 8), (6, 7)), (5, 8))",26,11.0,37.0,26,3,0,expanded,False,True,2239
"(((2, 5), (2, 6), (6, 8)), (6, 3))","(((2, 5), (2, 6), (6, 7)), (1, 2))",27,10.0,37.0,27,1,0,expanded,False,True,2240
"(((4, 2), (5, 8), (6, 8)), (6, 3))","(((4, 2), (5, 8), (6, 7)), (6, 3))",27,10.0,37.0,27,0,0,expanded,False,True,2241
"(((2, 3), (3, 7), (6, 8)), (6, 3))","(((2, 3), (3, 7), (6, 7)), (3, 8))",27,10.0,37.0,27,1,0,expanded,False,True,2242
"(((3, 2), (4, 8), (6, 8)), (6, 3))","(((3, 2), (4, 8), (6, 7)), (5, 8))",27,10.0,37.0,27,1,0,expanded,False,True,2243
"(((3, 2), (3, 8), (6, 7)), (3, 9))","(((3, 2), (4, 8), (6, 7)), (5, 8))",27,10.0,37.0,27,3,0,expanded,False,True,2244
"(((1, 6), (2, 2), (7, 6)), (1, 2))","(((2, 2), (2, 6), (7, 6)), (2, 1))",28,11,39.0,28,,,pruned,,,2245
"(((1, 2), (2, 6), (7, 6)), (1, 3))","(((2, 2), (2, 6), (7, 6)), (2, 1))",28,11,39.0,28,,,pruned,,,2246
"(((2, 2), (2, 6), (7, 6)), (2, 1))","(((2, 2), (3, 6), (7, 6)), (2, 1))",27,10.0,37.0,27,6,2,expanded,False,True,2247
"(((1, 2), (3, 6), (7, 7)), (1, 3))","(((2, 2), (3, 6), (7, 7)), (2, 1))",28,11,39.0,28,,,pruned,,,2248
"(((2, 2), (3, 6), (7, 7)), (2, 1))","(((3, 2), (3, 6), (7, 7)), (1, 2))",27,10.0,37.0,27,3,1,expanded,False,True,2249
"(((1, 6), (3, 2), (7, 7)), (1, 2))","(((2, 6), (3, 2), (7, 7)), (1, 2))",28,11,39.0,28,,,pruned,,,2250
"(((2, 7), (3, 2), (7, 7)), (1, 2))","(((2, 6), (3, 2), (7, 7)), (1, 2))",28,11,39.0,28,,,pruned,,,2251
"(((2, 6), (3, 2), (7, 8)), (1, 2))","(((2, 6), (3, 2), (7, 7)), (1, 2))",28,11,39.0,28,,,pruned,,,2252
"(((2, 6), (3, 2), (7, 7)), (1, 2))","(((3, 2), (3, 6), (7, 7)), (1, 2))",27,10.0,37.0,27,8,3,expanded,False,True,2253
"(((2, 2), (2, 5), (7, 8)), (1, 2))","(((2, 2), (2, 5), (7, 7)), (1, 2))",28,11,39.0,28,,,pruned,,,2254
"(((1, 2), (2, 5), (7, 7)), (1, 3))","(((2, 2), (2, 5), (7, 7)), (1, 2))",28,11,39.0,28,,,pruned,,,2255
"(((2, 1), (2, 5), (7, 7)), (1, 2))","(((2, 2), (2, 5), (7, 7)), (1, 2))",28,11,39.0,28,,,pruned,,,2256
"(((2, 2), (2, 5), (7, 7)), (1, 2))","(((2, 2), (2, 5), (7, 6)), (1, 2))",27,10.0,37.0,27,8,3,expanded,False,True,2257
"(((2, 2), (3, 7), (6, 7)), (3, 8))","(((2, 2), (3, 7), (6, 6)), (3, 8))",27,10.0,37.0,27,3,0,expanded,False,True,2258
"(((2, 6), (3, 7), (3, 8)), (3, 9))","(((2, 6), (3, 7), (4, 8)), (5, 8))",27,10.0,37.0,27,0,0,expanded,False,True,2259
"(((2, 3), (3, 8), (5, 8)), (6, 3))","(((2, 3), (3, 8), (6, 8)), (6, 3))",27,10.0,37.0,27,1,0,expanded,False,True,2260
"(((2, 2), (4, 8), (5, 8)), (6, 3))","(((2, 2), (4, 8), (6, 8)), (6, 3))",27,10.0,37.0,27,0,0,expanded,False,True,2261
"(((4, 5), (6, 7), (6, 8)), (6, 3))","(((4, 5), (6, 6), (6, 8)), (6, 3))",28,9.0,37.0,28,1,0,expanded,False,True,2262
"(((2, 1), (3, 6), (6, 7)), (1, 2))","(((2, 2), (3, 6), (6, 7)), (1, 2))",29,10,39.0,29,,,pruned,,,2263
"(((2, 2), (4, 6), (6, 7)), (1, 2))","(((2, 2), (3, 6), (6, 7)), (1, 2))",29,8,37.0,29,,,pruned,,,2264
"(((2, 2), (3, 6), (6, 7)), (1, 2))","(((2, 2), (3, 6), (6, 6)), (1, 2))",28,9.0,37.0,28,5,2,expanded,False,True,2265
"(((2, 3), (3, 6), (6, 8)), (6, 3))","(((2, 3), (3, 6), (6, 7)), (1, 2))",28,9.0,37.0,28,1,0,expanded,False,True,2266
"(((1, 6), (2, 3), (6, 7)), (1, 2))","(((2, 3), (2, 6), (6, 7)), (1, 2))",29,10,39.0,29,,,pruned,,,2267
"(((2, 3), (2, 7), (6, 7)), (1, 2))","(((2, 3), (2, 6), (6, 7)), (1, 2))",29,10,39.0,29,,,pruned,,,2268
"(((2, 3), (2, 6), (6, 7)), (1, 2))","(((2, 3), (3, 6), (6, 7)), (1, 2))",28,9.0,37.0,28,8,2,expanded,False,True,2269
"(((2, 2), (2, 7), (6, 6)), (1, 2))","(((2, 2), (2, 6), (6, 6)), (1, 2))",29,10,39.0,29,,,pruned,,,2270
"(((2, 1), (2, 6), (6, 6)), (1, 2))","(((2, 2), (2, 6), (6, 6)), (1, 2))",29,10,39.0,29,,,pruned,,,2271
"(((2, 2), (2, 6), (6, 6)), (1, 2))","(((2, 3), (2, 6), (6, 6)), (1, 2))",28,9.0,37.0,28,4,2,expanded,False,True,2272
"(((4, 3), (5, 8), (6, 8)), (6, 3))","(((4, 3), (5, 8), (6, 7)), (6, 3))",28,9.0,37.0,28,0,0,expanded,False,True,2273
"(((3, 8), (4, 2), (6, 7)), (3, 9))","(((3, 8), (4, 2), (6, 6)), (3, 9))",28,9.0,37.0,28,3,0,expanded,False,True,2274
"(((4, 2), (4, 8), (6, 8)), (6, 3))","(((4, 2), (4, 8), (6, 7)), (5, 8))",28,9.0,37.0,28,1,0,expanded,False,True,2275
"(((3, 8), (4, 5), (7, 8)), (3, 9))","(((3, 8), (4, 5), (7, 7)), (3, 9))",29,10,39.0,29,,,pruned,,,2276
"(((3, 8), (4, 5), (7, 7)), (3, 9))","(((3, 8), (4, 5), (7, 6)), (3, 9))",28,9.0,37.0,28,3,1,expanded,False,True,2277
"(((3, 2), (3, 7), (6, 7)), (3, 8))","(((3, 2), (3, 7), (6, 6)), (3, 8))",28,9.0,37.0,28,3,0,expanded,False,True,2278
"(((2, 5), (3, 2), (7, 8)), (1, 2))","(((2, 5), (3, 2), (7, 7)), (1, 2))",29,10,39.0,29,,,pruned,,,2279
"(((2, 5), (3, 2), (7, 7)), (1, 2))","(((2, 5), (3, 2), (7, 6)), (1, 2))",28,9.0,37.0,28,6,1,expanded,False,True,2280
"(((1, 2), (2, 3), (7, 6)), (1, 3))","(((2, 2), (2, 3), (7, 6)), (1, 2))",29,10,39.0,29,,,pruned,,,2281
"(((2, 2), (2, 3), (7, 6)), (1, 2))","(((2, 2), (2, 3), (7, 5)), (1, 2))",28,9.0,37.0,28,4,1,expanded,False,True,2282
"(((2, 5), (3, 7), (3, 8)), (3, 9))","(((2, 5), (3, 7), (4, 8)), (5, 8))",28,9.0,37.0,28,0,0,expanded,False,True,2283
"(((2, 6), (3, 6), (3, 8)), (3, 9))","(((2, 6), (3, 6), (4, 8)), (5, 8))",28,9.0,37.0,28,1,0,expanded,False,True,2284
"(((2, 5), (2, 6), (5, 8)), (6, 3))","(((2, 5), (2, 6), (6, 8)), (6, 3))",28,9.0,37.0,28,1,0,expanded,False,True,2285
"(((2, 3), (3, 7), (5, 8)), (6, 3))","(((2, 3), (3, 7), (6, 8)), (6, 3))",28,9.0,37.0,28,1,0,expanded,False,True,2286
"(((3, 2), (4, 8), (5, 8)), (6, 3))","(((3, 2), (4, 8), (6, 8)), (6, 3))",28,9.0,37.0,28,0,0,expanded,False,True,2287
"(((2, 7), (4, 2), (7, 7)), (1, 2))","(((2, 6), (4, 2), (7, 7)), (1, 2))",29,10,39.0,29,,,pruned,,,2288
"(((2, 6), (4, 2), (7, 7)), (1, 2))","(((2, 6), (3, 2), (7, 7)), (1, 2))",28,9.0,37.0,28,3,1,expanded,False,True,2289
"(((2, 3), (3, 8), (4, 8)), (5, 8))","(((2, 3), (3, 8), (5, 8)), (6, 3))",28,9.0,37.0,28,0,0,expanded,False,True,2290
"(((4, 3), (4, 8), (6, 8)), (6, 3))","(((4, 3), (4, 8), (6, 7)), (5, 8))",29,8.0,37.0,29,1,0,expanded,False,True,2291
"(((3, 8), (4, 3), (6, 7)), (3, 9))","(((4, 3), (4, 8), (6, 7)), (5, 8))",29,8.0,37.0,29,3,0,expanded,False,True,2292
"(((4, 5), (5, 8), (6, 7)), (6, 3))","(((4, 5), (5, 8), (6, 6)), (6, 3))",29,8.0,37.0,29,3,0,expanded,False,True,2293
"(((1, 6), (2, 2), (6, 5)), (1, 2))","(((2, 2), (2, 6), (6, 5)), (2, 1))",30,9,39.0,30,,,pruned,,,2294
"(((1, 2), (2, 6), (6, 5)), (1, 3))","(((2, 2), (2, 6), (6, 5)), (2, 1))",30,9,39.0,30,,,pruned,,,2295
"(((2, 2), (2, 6), (6, 5)), (2, 1))","(((2, 2), (3, 6), (6, 5)), (2, 1))",29,8.0,37.0,29,6,2,expanded,False,True,2296
"(((3, 2), (4, 6), (6, 7)), (1, 2))","(((3, 2), (3, 6), (6, 7)), (1, 2))",30,7,37.0,30,,,pruned,,,2297
"(((3, 2), (3, 6), (6, 7)), (1, 2))","(((3, 2), (3, 6), (6, 6)), (1, 2))",29,8.0,37.0,29,6,1,expanded,False,True,2298
"(((1, 2), (3, 6), (6, 6)), (1, 3))","(((2, 2), (3, 6), (6, 6)), (2, 1))",30,9,39.0,30,,,pruned,,,2299
"(((2, 2), (3, 6), (6, 6)), (2, 1))","(((3, 2), (3, 6), (6, 6)), (1, 2))",29,8.0,37.0,29,3,1,expanded,False,True,2300
"(((1, 6), (3, 2), (6, 6)), (1, 2))","(((2, 6), (3, 2), (6, 6)), (1, 2))",30,9,39.0,30,,,pruned,,,2301
"(((2, 7), (3, 2), (6, 6)), (1, 2))","(((2, 6), (3, 2), (6, 6)), (1, 2))",30,9,39.0,30,,,pruned,,,2302
"(((2, 6), (3, 2), (6, 6)), (1, 2))","(((3, 2), (3, 6), (6, 6)), (1, 2))",29,8.0,37.0,29,8,2,expanded,False,True,2303
"(((1, 2), (2, 5), (6, 6)), (1, 3))","(((2, 2), (2, 5), (6, 6)), (1, 2))",30,9,39.0,30,,,pruned,,,2304
"(((2, 1), (2, 5), (6, 6)), (1, 2))","(((2, 2), (2, 5), (6, 6)), (1, 2))",30,9,39.0,30,,,pruned,,,2305
"(((2, 2), (2, 5), (6, 6)), (1, 2))","(((2, 2), (2, 5), (6, 5)), (1, 2))",29,8.0,37.0,29,8,2,expanded,False,True,2306
"(((2, 3), (2, 5), (6, 7)), (1, 2))","(((2, 3), (2, 5), (6, 6)), (1, 2))",29,8.0,37.0,29,6,0,expanded,False,True,2307
"(((3, 7), (4, 2), (6, 7)), (3, 8))","(((3, 7), (4, 2), (6, 6)), (3, 8))",29,8.0,37.0,29,3,0,expanded,False,True,2308
"(((3, 7), (4, 5), (7, 8)), (3, 8))","(((3, 7), (4, 5), (7, 7)), (3, 8))",30,9,39.0,30,,,pruned,,,2309
"(((3, 7), (4, 5), (7, 7)), (3, 8))","(((3, 7), (4, 5), (7, 6)), (3, 8))",29,8.0,37.0,29,3,1,expanded,False,True,2310
"(((2, 5), (4, 2), (7, 8)), (1, 2))","(((2, 5), (4, 2), (7, 7)), (1, 2))",30,9,39.0,30,,,pruned,,,2311
"(((2, 5), (4, 1), (7, 7)), (1, 2))","(((2, 5), (4, 2), (7, 7)), (1, 2))",30,9,39.0,30,,,pruned,,,2312
"(((2, 5), (4, 2), (7, 7)), (1, 2))","(((2, 5), (4, 2), (7, 6)), (1, 2))",29,8.0,37.0,29,6,2,expanded,False,True,2313
"(((2, 1), (3, 2), (7, 5)), (1, 2))","(((2, 2), (3, 2), (7, 5)), (1, 2))",30,9,39.0,30,,,pruned,,,2314
"(((2, 2), (3, 2), (7, 5)), (1, 2))","(((2, 3), (3, 2), (7, 5)), (1, 2))",29,8.0,37.0,29,4,1,expanded,False,True,2315
"(((2, 3), (3, 2), (7, 6)), (1, 2))","(((2, 3), (3, 2), (7, 5)), (1, 2))",29,8.0,37.0,29,6,0,expanded,False,True,2316
"(((2, 5), (3, 6), (3, 8)), (3, 9))","(((2, 5), (3, 6), (4, 8)), (5, 8))",29,8.0,37.0,29,1,0,expanded,False,True,2317
"(((2, 3), (3, 6), (5, 8)), (6, 3))","(((2, 3), (3, 6), (6, 8)), (6, 3))",29,8.0,37.0,29,1,0,expanded,False,True,2318
"(((4, 2), (4, 8), (5, 8)), (6, 3))","(((4, 2), (4, 8), (6, 8)), (6, 3))",29,8.0,37.0,29,0,0,expanded,False,True,2319
"(((2, 6), (3, 6), (3, 7)), (3, 8))","(((2, 6), (3, 6), (3, 8)), (3, 9))",29,8.0,37.0,29,0,0,expanded,False,True,2320
"(((2, 5), (2, 6), (4, 8)), (5, 8))","(((2, 5), (2, 6), (5, 8)), (6, 3))",29,8.0,37.0,29,1,0,expanded,False,True,2321
"(((2, 3), (3, 7), (4, 8)), (5, 8))","(((2, 3), (3, 7), (5, 8)), (6, 3))",29,8.0,37.0,29,1,0,expanded,False,True,2322
"(((2, 7), (4, 3), (7, 7)), (1, 2))","(((2, 6), (4, 3), (7, 7)), (1, 2))",30,9,39.0,30,,,pruned,,,2323
"(((2, 6), (4, 3), (7, 7)), (1, 2))","(((2, 6), (4, 2), (7, 7)), (1, 2))",29,8.0,37.0,29,3,1,expanded,False,True,2324
"(((3, 6), (4, 6), (7, 7)), (1, 2))","(((3, 6), (4, 5), (7, 7)), (1, 2))",31,8,39.0,31,,,pruned,,,2325
"(((3, 6), (4, 5), (7, 8)), (1, 2))","(((3, 6), (4, 5), (7, 7)), (1, 2))",31,8,39.0,31,,,pruned,,,2326
"(((4, 5), (4, 6), (7, 7)), (1, 2))","(((3, 6), (4, 5), (7, 7)), (1, 2))",31,6,37.0,31,,,pruned,,,2327
"(((3, 6), (4, 5), (7, 7)), (1, 2))","(((3, 6), (4, 5), (7, 6)), (1, 2))",30,7.0,37.0,30,4,3,expanded,False,True,2328
"(((3, 7), (4, 3), (6, 7)), (3, 8))","(((3, 7), (4, 3), (6, 6)), (3, 8))",30,7.0,37.0,30,3,0,expanded,False,True,2329
"(((4, 5), (4, 8), (6, 7)), (5, 8))","(((4, 5), (4, 8), (6, 6)), (5, 8))",30,7.0,37.0,30,3,0,expanded,False,True,2330
"(((3, 8), (4, 5), (6, 6)), (3, 9))","(((4, 5), (4, 8), (6, 6)), (5, 8))",30,7.0,37.0,30,3,0,expanded,False,True,2331
"(((4, 2), (4, 6), (6, 7)), (1, 2))","(((3, 6), (4, 2), (6, 7)), (1, 2))",31,6,37.0,31,,,pruned,,,2332
"(((3, 6), (4, 2), (6, 7)), (1, 2))","(((3, 6), (4, 2), (6, 6)), (1, 2))",30,7.0,37.0,30,4,1,expanded,False,True,2333
"(((2, 5), (4, 3), (7, 8)), (1, 2))","(((2, 5), (4, 3), (7, 7)), (1, 2))",31,8,39.0,31,,,pruned,,,2334
"(((2, 5), (4, 3), (7, 7)), (1, 2))","(((2, 5), (4, 3), (7, 6)), (1, 2))",30,7.0,37.0,30,6,1,expanded,False,True,2335
"(((2, 2), (4, 1), (7, 5)), (1, 2))","(((2, 2), (4, 2), (7, 5)), (1, 2))",31,8,39.0,31,,,pruned,,,2336
"(((2, 1), (4, 2), (7, 5)), (1, 2))","(((2, 2), (4, 2), (7, 5)), (1, 2))",31,8,39.0,31,,,pruned,,,2337
"(((2, 2), (4, 2), (7, 5)), (1, 2))","(((2, 3), (4, 2), (7, 5)), (1, 2))",30,7.0,37.0,30,5,2,expanded,False,True,2338
"(((2, 3), (4, 1), (7, 6)), (1, 2))","(((2, 3), (4, 2), (7, 6)), (1, 2))",31,8,39.0,31,,,pruned,,,2339
"(((2, 3), (4, 2), (7, 6)), (1, 2))","(((2, 3), (4, 2), (7, 5)), (1, 2))",30,7.0,37.0,30,6,1,expanded,False,True,2340
"(((2, 5), (3, 2), (6, 6)), (1, 2))","(((2, 5), (3, 2), (6, 5)), (1, 2))",30,7.0,37.0,30,6,0,expanded,False,True,2341
"(((1, 2), (2, 3), (6, 5)), (1, 3))","(((2, 2), (2, 3), (6, 5)), (1, 2))",31,8,39.0,31,,,pruned,,,2342
"(((2, 2), (2, 3), (6, 5)), (1, 2))","(((2, 2), (2, 4), (6, 5)), (1, 2))",30,7.0,37.0,30,4,1,expanded,False,True,2343
"(((2, 6), (4, 6), (7, 6)), (1, 2))","(((2, 6), (4, 5), (7, 6)), (1, 2))",31,8,39.0,31,,,pruned,,,2344
"(((2, 7), (4, 5), (7, 6)), (1, 2))","(((2, 6), (4, 5), (7, 6)), (1, 2))",31,8,39.0,31,,,pruned,,,2345
"(((2, 6), (4, 5), (7, 6)), (1, 2))","(((2, 6), (4, 4), (7, 6)), (1, 2))",30,7.0,37.0,30,3,2,expanded,False,True,2346
"(((4, 3), (4, 8), (5, 8)), (6, 3))","(((4, 3), (4, 8), (6, 8)), (6, 3))",30,7.0,37.0,30,0,0,expanded,False,True,2347
"(((2, 7), (4, 2), (6, 6)), (1, 2))","(((2, 6), (4, 2), (6, 6)), (1, 2))",31,8,39.0,31,,,pruned,,,2348
"(((2, 6), (4, 2), (6, 6)), (1, 2))","(((2, 6), (3, 2), (6, 6)), (1, 2))",30,7.0,37.0,30,3,1,expanded,False,True,2349
"(((2, 5), (3, 6), (3, 7)), (3, 8))","(((2, 5), (3, 6), (3, 8)), (3, 9))",30,7.0,37.0,30,0,0,expanded,False,True,2350
"(((2, 3), (3, 6), (4, 8)), (5, 8))","(((2, 3), (3, 6), (5, 8)), (6, 3))",30,7.0,37.0,30,1,0,expanded,False,True,2351
"(((4, 3), (4, 6), (6, 7)), (1, 2))","(((3, 6), (4, 3), (6, 7)), (1, 2))",32,5,37.0,32,,,pruned,,,2352
"(((3, 6), (4, 3), (6, 7)), (1, 2))","(((3, 6), (4, 3), (6, 6)), (1, 2))",31,6.0,37.0,31,4,1,expanded,False,True,2353
"(((2, 1), (4, 3), (7, 5)), (1, 2))","(((2, 2), (4, 3), (7, 5)), (1, 2))",32,7,39.0,32,,,pruned,,,2354
"(((2, 2), (4, 3), (7, 5)), (1, 2))","(((2, 3), (4, 3), (7, 5)), (1, 2))",31,6.0,37.0,31,5,1,expanded,False,True,2355
"(((2, 3), (4, 3), (7, 6)), (1, 2))","(((2, 3), (4, 3), (7, 5)), (1, 2))",31,6.0,37.0,31,6,0,expanded,False,True,2356
"(((2, 4), (4, 4), (7, 6)), (1, 2))","(((2, 4), (4, 4), (7, 5)), (1, 2))",31,6.0,37.0,31,6,0,expanded,False,True,2357
"(((2, 5), (4, 6), (7, 6)), (1, 2))","(((2, 5), (4, 5), (7, 6)), (1, 2))",32,7,39.0,32,,,pruned,,,2358
"(((2, 5), (4, 5), (7, 6)), (1, 2))","(((2, 5), (4, 5), (7, 5)), (1, 2))",31,6.0,37.0,31,6,1,expanded,False,True,2359
"(((3, 7), (4, 5), (6, 6)), (3, 8))","(((3, 7), (4, 5), (6, 5)), (3, 8))",31,6.0,37.0,31,3,0,expanded,False,True,2360
"(((2, 5), (4, 1), (6, 6)), (1, 2))","(((2, 5), (4, 2), (6, 6)), (1, 2))",32,7,39.0,32,,,pruned,,,2361
"(((2, 5), (4, 2), (6, 6)), (1, 2))","(((2, 5), (4, 2), (6, 5)), (1, 2))",31,6.0,37.0,31,6,1,expanded,False,True,2362
"(((2, 3), (3, 2), (6, 5)), (1, 2))","(((2, 4), (3, 2), (6, 5)), (1, 2))",31,6.0,37.0,31,6,0,expanded,False,True,2363
"(((3, 2), (4, 1), (7, 5)), (1, 2))","(((3, 2), (4, 2), (7, 5)), (1, 2))",32,7,39.0,32,,,pruned,,,2364
"(((3, 2), (4, 2), (7, 5)), (1, 2))","(((2, 2), (4, 2), (7, 5)), (1, 2))",31,6.0,37.0,31,4,1,expanded,False,True,2365
"(((2, 7), (4, 3), (6, 6)), (1, 2))","(((2, 6), (4, 3), (6, 6)), (1, 2))",32,7,39.0,32,,,pruned,,,2366
"(((2, 6), (4, 3), (6, 6)), (1, 2))","(((2, 6), (4, 2), (6, 6)), (1, 2))",31,6.0,37.0,31,3,1,expanded,False,True,2367
"(((3, 6), (4, 6), (6, 6)), (1, 2))","(((3, 6), (4, 5), (6, 6)), (1, 2))",33,6,39.0,33,,,pruned,,,2368
"(((4, 5), (4, 6), (6, 6)), (1, 2))","(((3, 6), (4, 5), (6, 6)), (1, 2))",33,4,37.0,33,,,pruned,,,2369
"(((3, 6), (4, 5), (6, 6)), (1, 2))","(((3, 6), (4, 5), (6, 5)), (1, 2))",32,5.0,37.0,32,4,2,expanded,False,True,2370
"(((2, 5), (4, 3), (6, 6)), (1, 2))","(((2, 5), (4, 3), (6, 5)), (1, 2))",32,5.0,37.0,32,6,0,expanded,False,True,2371
"(((2, 3), (4, 4), (8, 4)), (1, 2))","(((2, 3), (4, 4), (7, 4)), (1, 2))",33,6,39.0,33,,,pruned,,,2372
"(((2, 3), (4, 4), (7, 3)), (1, 2))","(((2, 3), (4, 4), (7, 4)), (1, 2))",33,5,38.0,33,,,pruned,,,2373
"(((2, 3), (4, 4), (7, 4)), (1, 2))","(((2, 3), (4, 3), (7, 4)), (1, 2))",32,5.0,37.0,32,8,2,expanded,False,True,2374
"(((2, 4), (4, 6), (7, 4)), (1, 2))","(((2, 4), (4, 5), (7, 4)), (1, 2))",33,6,39.0,33,,,pruned,,,2375
"(((2, 4), (4, 5), (8, 4)), (1, 2))","(((2, 4), (4, 5), (7, 4)), (1, 2))",33,6,39.0,33,,,pruned,,,2376
"(((2, 4), (4, 5), (7, 3)), (1, 2))","(((2, 4), (4, 5), (7, 4)), (1, 2))",33,5,38.0,33,,,pruned,,,2377
"(((2, 4), (4, 5), (7, 4)), (1, 2))","(((2, 4), (4, 4), (7, 4)), (1, 2))",32,5.0,37.0,32,8,3,expanded,False,True,2378
"(((2, 3), (4, 6), (7, 5)), (1, 2))","(((2, 3), (4, 5), (7, 5)), (1, 2))",33,6,39.0,33,,,pruned,,,2379
"(((2, 3), (4, 5), (7, 5)), (1, 2))","(((2, 3), (4, 4), (7, 5)), (1, 2))",32,5.0,37.0,32,6,1,expanded,False,True,2380
"(((2, 3), (4, 1), (6, 5)), (1, 2))","(((2, 3), (4, 2), (6, 5)), (1, 2))",33,6,39.0,33,,,pruned,,,2381
"(((2, 3), (4, 2), (6, 5)), (1, 2))","(((2, 3), (4, 2), (6, 4)), (1, 2))",32,5.0,37.0,32,6,1,expanded,False,True,2382
"(((2, 6), (4, 6), (6, 5)), (1, 2))","(((2, 6), (4, 5), (6, 5)), (1, 2))",33,6,39.0,33,,,pruned,,,2383
"(((2, 7), (4, 5), (6, 5)), (1, 2))","(((2, 6), (4, 5), (6, 5)), (1, 2))",33,6,39.0,33,,,pruned,,,2384
"(((2, 6), (4, 5), (6, 5)), (1, 2))","(((2, 6), (4, 4), (6, 5)), (1, 2))",32,5.0,37.0,32,3,2,expanded,False,True,2385
"(((3, 2), (4, 3), (7, 5)), (1, 2))","(((2, 2), (4, 3), (7, 5)), (1, 2))",32,5.0,37.0,32,6,0,expanded,False,True,2386
"(((2, 3), (4, 3), (6, 5)), (1, 2))","(((2, 3), (4, 3), (6, 4)), (1, 2))",33,4.0,37.0,33,6,0,expanded,False,True,2387
"(((2, 3), (4, 4), (6, 3)), (1, 2))","(((2, 3), (4, 4), (6, 4)), (1, 2))",34,4,38.0,34,,,pruned,,,2388
"(((2, 3), (4, 4), (6, 4)), (1, 2))","(((2, 3), (4, 3), (6, 4)), (1, 2))",33,4.0,37.0,33,6,1,expanded,False,True,2389
"(((2, 4), (4, 4), (6, 5)), (1, 2))","(((2, 4), (4, 3), (6, 5)), (1, 2))",33,4.0,37.0,33,6,0,expanded,False,True,2390
"(((2, 4), (4, 6), (6, 4)), (1, 2))","(((2, 4), (4, 5), (6, 4)), (1, 2))",34,5,39.0,34,,,pruned,,,2391
"(((2, 4), (4, 5), (6, 3)), (1, 2))","(((2, 4), (4, 5), (6, 4)), (1, 2))",34,4,38.0,34,,,pruned,,,2392
"(((2, 4), (4, 5), (6, 4)), (1, 2))","(((2, 4), (4, 4), (6, 4)), (1, 2))",33,4.0,37.0,33,6,2,expanded,False,True,2393
"(((2, 5), (4, 6), (6, 5)), (1, 2))","(((2, 5), (4, 5), (6, 5)), (1, 2))",34,5,39.0,34,,,pruned,,,2394
"(((2, 5), (4, 5), (6, 5)), (1, 2))","(((2, 5), (4, 4), (6, 5)), (1, 2))",33,4.0,37.0,33,6,1,expanded,False,True,2395
"(((4, 2), (4, 3), (7, 5)), (1, 2))","(((3, 2), (4, 3), (7, 5)), (1, 2))",33,4.0,37.0,33,2,0,expanded,False,True,2396
"(((2, 4), (2, 6), (6, 8)), (6, 3))","(((2, 4), (2, 6), (6, 7)), (1, 2))",28,10.0,38.0,28,1,0,expanded,False,True,2397
"(((2, 2), (2, 4), (7, 8)), (1, 2))","(((2, 2), (2, 4), (7, 7)), (1, 2))",29,11,40.0,29,,,pruned,,,2398
"(((1, 2), (2, 4), (7, 7)), (1, 3))","(((2, 2), (2, 4), (7, 7)), (1, 2))",29,11,40.0,29,,,pruned,,,2399
"(((2, 1), (2, 4), (7, 7)), (1, 2))","(((2, 2), (2, 4), (7, 7)), (1, 2))",29,11,40.0,29,,,pruned,,,2400
"(((2, 2), (2, 4), (7, 7)), (1, 2))","(((2, 2), (2, 4), (7, 6)), (1, 2))",28,10.0,38.0,28,8,3,expanded,False,True,2401
"(((4, 4), (5, 8), (6, 8)), (6, 3))","(((4, 4), (5, 8), (6, 7)), (6, 3))",29,9.0,38.0,29,0,0,expanded,False,True,2402
"(((2, 4), (2, 5), (6, 8)), (6, 3))","(((2, 4), (2, 5), (6, 7)), (1, 2))",29,9.0,38.0,29,1,0,expanded,False,True,2403
"(((2, 4), (3, 2), (7, 8)), (1, 2))","(((2, 4), (3, 2), (7, 7)), (1, 2))",30,10,40.0,30,,,pruned,,,2404
"(((2, 4), (3, 2), (7, 7)), (1, 2))","(((2, 4), (3, 2), (7, 6)), (1, 2))",29,9.0,38.0,29,6,1,expanded,False,True,2405
"(((2, 4), (3, 7), (3, 8)), (3, 9))","(((2, 4), (3, 7), (4, 8)), (5, 8))",29,9.0,38.0,29,0,0,expanded,False,True,2406
"(((2, 4), (2, 6), (5, 8)), (6, 3))","(((2, 4), (2, 6), (6, 8)), (6, 3))",29,9.0,38.0,29,1,0,expanded,False,True,2407
"(((4, 4), (4, 8), (6, 8)), (6, 3))","(((4, 4), (4, 8), (6, 7)), (5, 8))",30,8.0,38.0,30,1,0,expanded,False,True,2408
"(((3, 8), (4, 4), (6, 7)), (3, 9))","(((4, 4), (4, 8), (6, 7)), (5, 8))",30,8.0,38.0,30,3,0,expanded,False,True,2409
"(((2, 3), (2, 4), (6, 7)), (1, 2))","(((2, 3), (2, 4), (6, 6)), (1, 2))",30,8.0,38.0,30,2,0,expanded,False,True,2410
"(((2, 4), (4, 2), (7, 8)), (1, 2))","(((2, 4), (4, 2), (7, 7)), (1, 2))",31,9,40.0,31,,,pruned,,,2411
"(((2, 4), (4, 1), (7, 7)), (1, 2))","(((2, 4), (4, 2), (7, 7)), (1, 2))",31,9,40.0,31,,,pruned,,,2412
"(((2, 4), (4, 2), (7, 7)), (1, 2))","(((2, 4), (4, 2), (7, 6)), (1, 2))",30,8.0,38.0,30,6,2,expanded,False,True,2413
"(((1, 2), (2, 4), (6, 6)), (1, 3))","(((2, 2), (2, 4), (6, 6)), (1, 2))",31,9,40.0,31,,,pruned,,,2414
"(((2, 1), (2, 4), (6, 6)), (1, 2))","(((2, 2), (2, 4), (6, 6)), (1, 2))",31,9,40.0,31,,,pruned,,,2415
"(((2, 2), (2, 4), (6, 6)), (1, 2))","(((2, 2), (2, 4), (6, 5)), (1, 2))",30,8.0,38.0,30,8,2,expanded,False,True,2416
"(((2, 2), (3, 2), (8, 4)), (1, 2))","(((2, 2), (3, 2), (7, 4)), (1, 2))",31,9,40.0,31,,,pruned,,,2417
"(((2, 2), (3, 2), (7, 3)), (1, 2))","(((2, 2), (3, 2), (7, 4)), (1, 2))",31,8,39.0,31,,,pruned,,,2418
"(((2, 1), (3, 2), (7, 4)), (1, 2))","(((2, 2), (3, 2), (7, 4)), (1, 2))",31,9,40.0,31,,,pruned,,,2419
"(((2, 2), (3, 2), (7, 4)), (1, 2))","(((2, 3), (3, 2), (7, 4)), (1, 2))",30,8.0,38.0,30,6,3,expanded,False,True,2420
"(((2, 4), (3, 6), (3, 8)), (3, 9))","(((2, 4), (3, 6), (4, 8)), (5, 8))",30,8.0,38.0,30,1,0,expanded,False,True,2421
"(((2, 7), (4, 4), (7, 7)), (1, 2))","(((2, 6), (4, 4), (7, 7)), (1, 2))",31,9,40.0,31,,,pruned,,,2422
"(((2, 6), (4, 4), (7, 7)), (1, 2))","(((2, 6), (4, 3), (7, 7)), (1, 2))",30,8.0,38.0,30,3,1,expanded,False,True,2423
"(((2, 4), (2, 5), (5, 8)), (6, 3))","(((2, 4), (2, 5), (6, 8)), (6, 3))",30,8.0,38.0,30,1,0,expanded,False,True,2424
"(((2, 4), (2, 6), (4, 8)), (5, 8))","(((2, 4), (2, 6), (5, 8)), (6, 3))",30,8.0,38.0,30,1,0,expanded,False,True,2425
"(((3, 7), (4, 4), (6, 7)), (3, 8))","(((3, 7), (4, 4), (6, 6)), (3, 8))",31,7.0,38.0,31,3,0,expanded,False,True,2426
"(((2, 4), (4, 3), (7, 8)), (1, 2))","(((2, 4), (4, 3), (7, 7)), (1, 2))",32,8,40.0,32,,,pruned,,,2427
"(((2, 4), (4, 3), (7, 7)), (1, 2))","(((2, 4), (4, 3), (7, 6)), (1, 2))",31,7.0,38.0,31,6,1,expanded,False,True,2428
"(((2, 5), (4, 4), (7, 8)), (1, 2))","(((2, 5), (4, 4), (7, 7)), (1, 2))",32,8,40.0,32,,,pruned,,,2429
"(((2, 5), (4, 4), (7, 7)), (1, 2))","(((2, 5), (4, 4), (7, 6)), (1, 2))",31,7.0,38.0,31,6,1,expanded,False,True,2430
"(((2, 2), (4, 2), (8, 4)), (1, 2))","(((2, 2), (4, 2), (7, 4)), (1, 2))",32,8,40.0,32,,,pruned,,,2431
"(((2, 2), (4, 2), (7, 3)), (1, 2))","(((2, 2), (4, 2), (7, 4)), (1, 2))",32,7,39.0,32,,,pruned,,,2432
"(((2, 2), (4, 1), (7, 4)), (1, 2))","(((2, 2), (4, 2), (7, 4)), (1, 2))",32,8,40.0,32,,,pruned,,,2433
"(((2, 1), (4, 2), (7, 4)), (1, 2))","(((2, 2), (4, 2), (7, 4)), (1, 2))",32,8,40.0,32,,,pruned,,,2434
"(((2, 2), (4, 2), (7, 4)), (1, 2))","(((2, 3), (4, 2), (7, 4)), (1, 2))",31,7.0,38.0,31,7,4,expanded,False,True,2435
"(((2, 4), (3, 2), (6, 6)), (1, 2))","(((2, 4), (3, 2), (6, 5)), (1, 2))",31,7.0,38.0,31,6,0,expanded,False,True,2436
"(((2, 2), (3, 2), (6, 3)), (1, 2))","(((2, 2), (3, 2), (6, 4)), (1, 2))",32,7,39.0,32,,,pruned,,,2437
"(((2, 1), (3, 2), (6, 4)), (1, 2))","(((2, 2), (3, 2), (6, 4)), (1, 2))",32,8,40.0,32,,,pruned,,,2438
"(((2, 2), (3, 2), (6, 4)), (1, 2))","(((2, 3), (3, 2), (6, 4)), (1, 2))",31,7.0,38.0,31,4,2,expanded,False,True,2439
"(((4, 4), (4, 8), (5, 8)), (6, 3))","(((4, 4), (4, 8), (6, 8)), (6, 3))",31,7.0,38.0,31,0,0,expanded,False,True,2440
"(((2, 4), (3, 6), (3, 7)), (3, 8))","(((2, 4), (3, 6), (3, 8)), (3, 9))",31,7.0,38.0,31,0,0,expanded,False,True,2441
"(((2, 4), (2, 5), (4, 8)), (5, 8))","(((2, 4), (2, 5), (5, 8)), (6, 3))",31,7.0,38.0,31,1,0,expanded,False,True,2442
"(((4, 4), (4, 6), (6, 7)), (1, 2))","(((3, 6), (4, 4), (6, 7)), (1, 2))",33,5,38.0,33,,,pruned,,,2443
"(((3, 6), (4, 4), (6, 7)), (1, 2))","(((3, 6), (4, 4), (6, 6)), (1, 2))",32,6.0,38.0,32,4,1,expanded,False,True,2444
"(((2, 2), (4, 3), (8, 4)), (1, 2))","(((2, 2), (4, 3), (7, 4)), (1, 2))",33,7,40.0,33,,,pruned,,,2445
"(((2, 2), (4, 3), (7, 3)), (1, 2))","(((2, 2), (4, 3), (7, 4)), (1, 2))",33,6,39.0,33,,,pruned,,,2446
"(((2, 1), (4, 3), (7, 4)), (1, 2))","(((2, 2), (4, 3), (7, 4)), (1, 2))",33,7,40.0,33,,,pruned,,,2447
"(((2, 2), (4, 3), (7, 4)), (1, 2))","(((2, 3), (4, 3), (7, 4)), (1, 2))",32,6.0,38.0,32,7,3,expanded,False,True,2448
"(((2, 1), (4, 4), (7, 5)), (1, 2))","(((2, 2), (4, 4), (7, 5)), (1, 2))",33,7,40.0,33,,,pruned,,,2449
"(((2, 2), (4, 4), (7, 5)), (1, 2))","(((2, 3), (4, 4), (7, 5)), (1, 2))",32,6.0,38.0,32,5,1,expanded,False,True,2450
"(((2, 3), (4, 4), (7, 6)), (1, 2))","(((2, 3), (4, 4), (7, 5)), (1, 2))",32,6.0,38.0,32,6,0,expanded,False,True,2451
"(((2, 4), (4, 6), (7, 6)), (1, 2))","(((2, 4), (4, 5), (7, 6)), (1, 2))",33,7,40.0,33,,,pruned,,,2452
"(((2, 4), (4, 5), (7, 6)), (1, 2))","(((2, 4), (4, 5), (7, 5)), (1, 2))",32,6.0,38.0,32,6,1,expanded,False,True,2453
"(((2, 2), (4, 2), (6, 3)), (1, 2))","(((2, 2), (4, 2), (6, 4)), (1, 2))",33,6,39.0,33,,,pruned,,,2454
"(((2, 2), (4, 1), (6, 4)), (1, 2))","(((2, 2), (4, 2), (6, 4)), (1, 2))",33,7,40.0,33,,,pruned,,,2455
"(((2, 1), (4, 2), (6, 4)), (1, 2))","(((2, 2), (4, 2), (6, 4)), (1, 2))",33,7,40.0,33,,,pruned,,,2456
"(((2, 2), (4, 2), (6, 4)), (1, 2))","(((2, 3), (4, 2), (6, 4)), (1, 2))",32,6.0,38.0,32,5,3,expanded,False,True,2457
"(((2, 4), (4, 1), (6, 6)), (1, 2))","(((2, 4), (4, 2), (6, 6)), (1, 2))",33,7,40.0,33,,,pruned,,,2458
"(((2, 4), (4, 2), (6, 6)), (1, 2))","(((2, 4), (4, 2), (6, 5)), (1, 2))",32,6.0,38.0,32,6,1,expanded,False,True,2459
"(((3, 2), (4, 2), (8, 4)), (1, 2))","(((3, 2), (4, 2), (7, 4)), (1, 2))",33,7,40.0,33,,,pruned,,,2460
"(((3, 2), (4, 2), (7, 3)), (1, 2))","(((3, 2), (4, 2), (7, 4)), (1, 2))",33,6,39.0,33,,,pruned,,,2461
"(((3, 2), (4, 1), (7, 4)), (1, 2))","(((3, 2), (4, 2), (7, 4)), (1, 2))",33,7,40.0,33,,,pruned,,,2462
"(((3, 2), (4, 2), (7, 4)), (1, 2))","(((3, 2), (4, 2), (7, 5)), (1, 2))",32,6.0,38.0,32,6,3,expanded,False,True,2463
"(((2, 7), (4, 4), (6, 6)), (1, 2))","(((2, 6), (4, 4), (6, 6)), (1, 2))",33,7,40.0,33,,,pruned,,,2464
"(((2, 6), (4, 4), (6, 6)), (1, 2))","(((2, 6), (4, 3), (6, 6)), (1, 2))",32,6.0,38.0,32,3,1,expanded,False,True,2465
"(((2, 1), (4, 3), (6, 4)), (1, 2))","(((2, 2), (4, 3), (6, 4)), (1, 2))",34,6,40.0,34,,,pruned,,,2466
"(((2, 2), (4, 3), (6, 3)), (1, 2))","(((2, 2), (4, 3), (6, 4)), (1, 2))",34,5,39.0,34,,,pruned,,,2467
"(((2, 2), (4, 3), (6, 4)), (1, 2))","(((2, 3), (4, 3), (6, 4)), (1, 2))",33,5.0,38.0,33,5,2,expanded,False,True,2468
"(((2, 4), (4, 3), (6, 6)), (1, 2))","(((2, 4), (4, 3), (6, 5)), (1, 2))",33,5.0,38.0,33,6,0,expanded,False,True,2469
"(((2, 5), (4, 4), (6, 6)), (1, 2))","(((2, 5), (4, 4), (6, 5)), (1, 2))",33,5.0,38.0,33,6,0,expanded,False,True,2470
"(((2, 3), (4, 5), (8, 4)), (1, 2))","(((2, 3), (4, 5), (7, 4)), (1, 2))",34,6,40.0,34,,,pruned,,,2471
"(((2, 3), (4, 5), (7, 3)), (1, 2))","(((2, 3), (4, 5), (7, 4)), (1, 2))",34,5,39.0,34,,,pruned,,,2472
"(((2, 3), (4, 6), (7, 4)), (1, 2))","(((2, 3), (4, 5), (7, 4)), (1, 2))",34,6,40.0,34,,,pruned,,,2473
"(((2, 3), (4, 5), (7, 4)), (1, 2))","(((2, 3), (4, 4), (7, 4)), (1, 2))",33,5.0,38.0,33,8,3,expanded,False,True,2474
"(((3, 2), (4, 3), (8, 4)), (1, 2))","(((3, 2), (4, 3), (7, 4)), (1, 2))",34,6,40.0,34,,,pruned,,,2475
"(((3, 2), (4, 3), (7, 3)), (1, 2))","(((3, 2), (4, 3), (7, 4)), (1, 2))",34,5,39.0,34,,,pruned,,,2476
"(((3, 2), (4, 3), (7, 4)), (1, 2))","(((3, 2), (4, 3), (7, 5)), (1, 2))",33,5.0,38.0,33,8,2,expanded,False,True,2477
"(((3, 2), (4, 4), (7, 5)), (1, 2))","(((3, 2), (4, 3), (7, 5)), (1, 2))",33,5.0,38.0,33,6,0,expanded,False,True,2478
"(((3, 2), (4, 2), (6, 3)), (1, 2))","(((3, 2), (4, 2), (6, 4)), (1, 2))",34,5,39.0,34,,,pruned,,,2479
"(((3, 2), (4, 1), (6, 4)), (1, 2))","(((3, 2), (4, 2), (6, 4)), (1, 2))",34,6,40.0,34,,,pruned,,,2480
"(((3, 2), (4, 2), (6, 4)), (1, 2))","(((2, 2), (4, 2), (6, 4)), (1, 2))",33,5.0,38.0,33,4,2,expanded,False,True,2481
"(((2, 3), (4, 4), (6, 5)), (1, 2))","(((2, 3), (4, 3), (6, 5)), (1, 2))",34,4.0,38.0,34,6,0,expanded,False,True,2482
"(((2, 3), (4, 6), (6, 4)), (1, 2))","(((2, 3), (4, 5), (6, 4)), (1, 2))",35,5,40.0,35,,,pruned,,,2483
"(((2, 3), (4, 5), (6, 3)), (1, 2))","(((2, 3), (4, 5), (6, 4)), (1, 2))",35,4,39.0,35,,,pruned,,,2484
"(((2, 3), (4, 5), (6, 4)), (1, 2))","(((2, 3), (4, 4), (6, 4)), (1, 2))",34,4.0,38.0,34,6,2,expanded,False,True,2485
"(((2, 4), (4, 6), (6, 5)), (1, 2))","(((2, 4), (4, 5), (6, 5)), (1, 2))",35,5,40.0,35,,,pruned,,,2486
"(((2, 4), (4, 5), (6, 5)), (1, 2))","(((2, 4), (4, 4), (6, 5)), (1, 2))",34,4.0,38.0,34,6,1,expanded,False,True,2487
"(((4, 2), (4, 3), (8, 4)), (1, 2))","(((4, 2), (4, 3), (7, 4)), (1, 2))",35,5,40.0,35,,,pruned,,,2488
"(((4, 2), (4, 3), (7, 3)), (1, 2))","(((4, 2), (4, 3), (7, 4)), (1, 2))",35,4,39.0,35,,,pruned,,,2489
"(((4, 2), (4, 3), (7, 4)), (1, 2))","(((4, 2), (4, 3), (7, 5)), (1, 2))",34,4.0,38.0,34,4,2,expanded,False,True,2490
"(((3, 2), (4, 3), (6, 3)), (1, 2))","(((3, 2), (4, 3), (6, 4)), (1, 2))",35,4,39.0,35,,,pruned,,,2491
"(((3, 2), (4, 3), (6, 4)), (1, 2))","(((2, 2), (4, 3), (6, 4)), (1, 2))",34,4.0,38.0,34,6,1,expanded,False,True,2492
"(((4, 2), (4, 4), (7, 5)), (1, 2))","(((3, 2), (4, 4), (7, 5)), (1, 2))",34,4.0,38.0,34,4,0,expanded,False,True,2493
"(((4, 2), (4, 3), (6, 3)), (1, 2))","(((4, 2), (4, 3), (6, 4)), (1, 2))",36,3,39.0,36,,,pruned,,,2494
"(((4, 2), (4, 3), (6, 4)), (1, 2))","(((4, 2), (4, 3), (7, 4)), (1, 2))",35,3.0,38.0,35,2,1,expanded,False,True,2495
"(((4, 3), (4, 4), (7, 5)), (1, 2))","(((4, 2), (4, 4), (7, 5)), (1, 2))",35,3.0,38.0,35,2,0,expanded,False,True,2496
"(((2, 2), (3, 8), (6, 8)), (6, 3))","(((2, 2), (3, 8), (6, 7)), (3, 9))",27,12.0,39.0,27,1,0,expanded,False,True,2497
"(((3, 2), (3, 8), (6, 8)), (6, 3))","(((3, 2), (3, 8), (6, 7)), (3, 9))",28,11.0,39.0,28,1,0,expanded,False,True,2498
"(((1, 6), (2, 2), (7, 7)), (1, 2))","(((2, 2), (2, 6), (7, 7)), (2, 1))",29,12,41.0,29,,,pruned,,,2499
"(((2, 2), (2, 6), (7, 8)), (2, 1))","(((2, 2), (2, 6), (7, 7)), (2, 1))",29,12,41.0,29,,,pruned,,,2500
"(((1, 2), (2, 6), (7, 7)), (1, 3))","(((2, 2), (2, 6), (7, 7)), (2, 1))",29,12,41.0,29,,,pruned,,,2501
"(((2, 2), (2, 6), (7, 7)), (2, 1))","(((2, 2), (2, 6), (7, 6)), (2, 1))",28,11.0,39.0,28,6,3,expanded,False,True,2502
"(((2, 2), (3, 7), (6, 8)), (6, 3))","(((2, 2), (3, 7), (6, 7)), (3, 8))",28,11.0,39.0,28,1,0,expanded,False,True,2503
"(((2, 2), (3, 8), (5, 8)), (6, 3))","(((2, 2), (3, 8), (6, 8)), (6, 3))",28,11.0,39.0,28,1,0,expanded,False,True,2504
"(((2, 2), (3, 6), (6, 8)), (6, 3))","(((2, 2), (3, 6), (6, 7)), (1, 2))",29,10.0,39.0,29,1,0,expanded,False,True,2505
"(((2, 2), (2, 7), (6, 7)), (1, 2))","(((2, 2), (2, 6), (6, 7)), (1, 2))",30,11,41.0,30,,,pruned,,,2506
"(((2, 1), (2, 6), (6, 7)), (1, 2))","(((2, 2), (2, 6), (6, 7)), (1, 2))",30,11,41.0,30,,,pruned,,,2507
"(((2, 2), (2, 6), (6, 7)), (1, 2))","(((2, 3), (2, 6), (6, 7)), (1, 2))",29,10.0,39.0,29,4,2,expanded,False,True,2508
"(((2, 3), (2, 6), (6, 8)), (6, 3))","(((2, 3), (2, 6), (6, 7)), (1, 2))",29,10.0,39.0,29,1,0,expanded,False,True,2509
"(((3, 8), (4, 2), (6, 8)), (6, 3))","(((3, 8), (4, 2), (6, 7)), (3, 9))",29,10.0,39.0,29,1,0,expanded,False,True,2510
"(((3, 2), (3, 7), (6, 8)), (6, 3))","(((3, 2), (3, 7), (6, 7)), (3, 8))",29,10.0,39.0,29,1,0,expanded,False,True,2511
"(((2, 2), (2, 3), (7, 8)), (1, 2))","(((2, 2), (2, 3), (7, 7)), (1, 2))",30,11,41.0,30,,,pruned,,,2512
"(((1, 2), (2, 3), (7, 7)), (1, 3))","(((2, 2), (2, 3), (7, 7)), (1, 2))",30,11,41.0,30,,,pruned,,,2513
"(((2, 2), (2, 3), (7, 7)), (1, 2))","(((2, 2), (2, 3), (7, 6)), (1, 2))",29,10.0,39.0,29,4,2,expanded,False,True,2514
"(((3, 2), (3, 8), (5, 8)), (6, 3))","(((3, 2), (3, 8), (6, 8)), (6, 3))",29,10.0,39.0,29,1,0,expanded,False,True,2515
"(((2, 2), (3, 7), (5, 8)), (6, 3))","(((2, 2), (3, 7), (6, 8)), (6, 3))",29,10.0,39.0,29,1,0,expanded,False,True,2516
"(((2, 2), (3, 8), (4, 8)), (5, 8))","(((2, 2), (3, 8), (5, 8)), (6, 3))",29,10.0,39.0,29,0,0,expanded,False,True,2517
"(((3, 8), (4, 3), (6, 8)), (6, 3))","(((3, 8), (4, 3), (6, 7)), (3, 9))",30,9.0,39.0,30,1,0,expanded,False,True,2518
"(((4, 5), (5, 8), (6, 8)), (6, 3))","(((4, 5), (5, 8), (6, 7)), (6, 3))",30,9.0,39.0,30,0,0,expanded,False,True,2519
"(((1, 6), (2, 2), (6, 6)), (1, 2))","(((2, 2), (2, 6), (6, 6)), (2, 1))",31,10,41.0,31,,,pruned,,,2520
"(((1, 2), (2, 6), (6, 6)), (1, 3))","(((2, 2), (2, 6), (6, 6)), (2, 1))",31,10,41.0,31,,,pruned,,,2521
"(((2, 2), (2, 6), (6, 6)), (2, 1))","(((2, 2), (2, 6), (6, 5)), (2, 1))",30,9.0,39.0,30,6,2,expanded,False,True,2522
"(((3, 2), (3, 6), (6, 8)), (6, 3))","(((3, 2), (3, 6), (6, 7)), (1, 2))",30,9.0,39.0,30,1,0,expanded,False,True,2523
"(((1, 2), (3, 6), (6, 7)), (1, 3))","(((2, 2), (3, 6), (6, 7)), (2, 1))",31,10,41.0,31,,,pruned,,,2524
"(((2, 2), (3, 6), (6, 7)), (2, 1))","(((3, 2), (3, 6), (6, 7)), (1, 2))",30,9.0,39.0,30,3,1,expanded,False,True,2525
"(((1, 6), (3, 2), (6, 7)), (1, 2))","(((2, 6), (3, 2), (6, 7)), (1, 2))",31,10,41.0,31,,,pruned,,,2526
"(((2, 7), (3, 2), (6, 7)), (1, 2))","(((2, 6), (3, 2), (6, 7)), (1, 2))",31,10,41.0,31,,,pruned,,,2527
"(((2, 6), (3, 2), (6, 7)), (1, 2))","(((3, 2), (3, 6), (6, 7)), (1, 2))",30,9.0,39.0,30,8,2,expanded,False,True,2528
"(((1, 2), (2, 5), (6, 7)), (1, 3))","(((2, 2), (2, 5), (6, 7)), (1, 2))",31,10,41.0,31,,,pruned,,,2529
"(((2, 1), (2, 5), (6, 7)), (1, 2))","(((2, 2), (2, 5), (6, 7)), (1, 2))",31,10,41.0,31,,,pruned,,,2530
"(((2, 2), (2, 5), (6, 7)), (1, 2))","(((2, 2), (2, 5), (6, 6)), (1, 2))",30,9.0,39.0,30,8,2,expanded,False,True,2531
"(((2, 3), (2, 5), (6, 8)), (6, 3))","(((2, 3), (2, 5), (6, 7)), (1, 2))",30,9.0,39.0,30,1,0,expanded,False,True,2532
"(((3, 7), (4, 2), (6, 8)), (6, 3))","(((3, 7), (4, 2), (6, 7)), (3, 8))",30,9.0,39.0,30,1,0,expanded,False,True,2533
"(((2, 1), (3, 2), (7, 6)), (1, 2))","(((2, 2), (3, 2), (7, 6)), (1, 2))",31,10,41.0,31,,,pruned,,,2534
"(((2, 2), (3, 2), (7, 6)), (1, 2))","(((2, 2), (3, 2), (7, 5)), (1, 2))",30,9.0,39.0,30,4,1,expanded,False,True,2535
"(((2, 3), (3, 2), (7, 8)), (1, 2))","(((2, 3), (3, 2), (7, 7)), (1, 2))",31,10,41.0,31,,,pruned,,,2536
"(((2, 3), (3, 2), (7, 7)), (1, 2))","(((2, 3), (3, 2), (7, 6)), (1, 2))",30,9.0,39.0,30,6,1,expanded,False,True,2537
"(((2, 5), (2, 6), (3, 8)), (3, 9))","(((2, 5), (2, 6), (4, 8)), (5, 8))",30,9.0,39.0,30,1,0,expanded,False,True,2538
"(((2, 3), (3, 7), (3, 8)), (3, 9))","(((2, 3), (3, 7), (4, 8)), (5, 8))",30,9.0,39.0,30,0,0,expanded,False,True,2539
"(((2, 2), (3, 6), (5, 8)), (6, 3))","(((2, 2), (3, 6), (6, 8)), (6, 3))",30,9.0,39.0,30,1,0,expanded,False,True,2540
"(((2, 3), (2, 6), (5, 8)), (6, 3))","(((2, 3), (2, 6), (6, 8)), (6, 3))",30,9.0,39.0,30,1,0,expanded,False,True,2541
"(((3, 8), (4, 2), (5, 8)), (6, 3))","(((3, 8), (4, 2), (6, 8)), (6, 3))",30,9.0,39.0,30,1,0,expanded,False,True,2542
"(((3, 2), (3, 7), (5, 8)), (6, 3))","(((3, 2), (3, 7), (6, 8)), (6, 3))",30,9.0,39.0,30,1,0,expanded,False,True,2543
"(((3, 2), (3, 8), (4, 8)), (5, 8))","(((3, 2), (3, 8), (5, 8)), (6, 3))",30,9.0,39.0,30,0,0,expanded,False,True,2544
"(((2, 2), (3, 7), (4, 8)), (5, 8))","(((2, 2), (3, 7), (5, 8)), (6, 3))",30,9.0,39.0,30,1,0,expanded,False,True,2545
"(((3, 7), (4, 3), (6, 8)), (6, 3))","(((3, 7), (4, 3), (6, 7)), (3, 8))",31,8.0,39.0,31,1,0,expanded,False,True,2546
"(((4, 5), (4, 8), (6, 8)), (6, 3))","(((4, 5), (4, 8), (6, 7)), (5, 8))",31,8.0,39.0,31,1,0,expanded,False,True,2547
"(((3, 8), (4, 5), (6, 7)), (3, 9))","(((4, 5), (4, 8), (6, 7)), (5, 8))",31,8.0,39.0,31,3,0,expanded,False,True,2548
"(((3, 6), (4, 2), (6, 8)), (6, 3))","(((3, 6), (4, 2), (6, 7)), (1, 2))",31,8.0,39.0,31,1,0,expanded,False,True,2549
"(((2, 2), (4, 1), (7, 6)), (1, 2))","(((2, 2), (4, 2), (7, 6)), (1, 2))",32,9,41.0,32,,,pruned,,,2550
"(((2, 1), (4, 2), (7, 6)), (1, 2))","(((2, 2), (4, 2), (7, 6)), (1, 2))",32,9,41.0,32,,,pruned,,,2551
"(((2, 2), (4, 2), (7, 6)), (1, 2))","(((2, 2), (4, 2), (7, 5)), (1, 2))",31,8.0,39.0,31,5,2,expanded,False,True,2552
"(((2, 3), (4, 2), (7, 8)), (1, 2))","(((2, 3), (4, 2), (7, 7)), (1, 2))",32,9,41.0,32,,,pruned,,,2553
"(((2, 3), (4, 1), (7, 7)), (1, 2))","(((2, 3), (4, 2), (7, 7)), (1, 2))",32,9,41.0,32,,,pruned,,,2554
"(((2, 3), (4, 2), (7, 7)), (1, 2))","(((2, 3), (4, 2), (7, 6)), (1, 2))",31,8.0,39.0,31,6,2,expanded,False,True,2555
"(((2, 5), (3, 2), (6, 7)), (1, 2))","(((2, 5), (3, 2), (6, 6)), (1, 2))",31,8.0,39.0,31,6,0,expanded,False,True,2556
"(((1, 2), (2, 3), (6, 6)), (1, 3))","(((2, 2), (2, 3), (6, 6)), (1, 2))",32,9,41.0,32,,,pruned,,,2557
"(((2, 2), (2, 3), (6, 6)), (1, 2))","(((2, 2), (2, 3), (6, 5)), (1, 2))",31,8.0,39.0,31,4,1,expanded,False,True,2558
"(((2, 3), (3, 6), (3, 8)), (3, 9))","(((2, 3), (3, 6), (4, 8)), (5, 8))",31,8.0,39.0,31,1,0,expanded,False,True,2559
"(((2, 6), (4, 6), (7, 7)), (1, 2))","(((2, 6), (4, 5), (7, 7)), (1, 2))",32,9,41.0,32,,,pruned,,,2560
"(((2, 7), (4, 5), (7, 7)), (1, 2))","(((2, 6), (4, 5), (7, 7)), (1, 2))",32,9,41.0,32,,,pruned,,,2561
"(((2, 6), (4, 5), (7, 7)), (1, 2))","(((2, 6), (4, 4), (7, 7)), (1, 2))",31,8.0,39.0,31,3,2,expanded,False,True,2562
"(((3, 8), (4, 3), (5, 8)), (6, 3))","(((3, 8), (4, 3), (6, 8)), (6, 3))",31,8.0,39.0,31,1,0,expanded,False,True,2563
"(((3, 2), (3, 6), (5, 8)), (6, 3))","(((3, 2), (3, 6), (6, 8)), (6, 3))",31,8.0,39.0,31,1,0,expanded,False,True,2564
"(((2, 7), (4, 2), (6, 7)), (1, 2))","(((2, 6), (4, 2), (6, 7)), (1, 2))",32,9,41.0,32,,,pruned,,,2565
"(((2, 6), (4, 2), (6, 7)), (1, 2))","(((2, 6), (3, 2), (6, 7)), (1, 2))",31,8.0,39.0,31,3,1,expanded,False,True,2566
"(((2, 3), (2, 5), (5, 8)), (6, 3))","(((2, 3), (2, 5), (6, 8)), (6, 3))",31,8.0,39.0,31,1,0,expanded,False,True,2567
"(((3, 7), (4, 2), (5, 8)), (6, 3))","(((3, 7), (4, 2), (6, 8)), (6, 3))",31,8.0,39.0,31,1,0,expanded,False,True,2568
"(((2, 5), (2, 6), (3, 7)), (3, 8))","(((2, 5), (2, 6), (3, 8)), (3, 9))",31,8.0,39.0,31,1,0,expanded,False,True,2569
"(((2, 2), (3, 6), (4, 8)), (5, 8))","(((2, 2), (3, 6), (5, 8)), (6, 3))",31,8.0,39.0,31,1,0,expanded,False,True,2570
"(((2, 3), (2, 6), (4, 8)), (5, 8))","(((2, 3), (2, 6), (5, 8)), (6, 3))",31,8.0,39.0,31,1,0,expanded,False,True,2571
"(((3, 8), (4, 2), (4, 8)), (5, 8))","(((3, 8), (4, 2), (5, 8)), (6, 3))",31,8.0,39.0,31,0,0,expanded,False,True,2572
"(((3, 2), (3, 7), (4, 8)), (5, 8))","(((3, 2), (3, 7), (5, 8)), (6, 3))",31,8.0,39.0,31,1,0,expanded,False,True,2573
"(((3, 6), (4, 3), (6, 8)), (6, 3))","(((3, 6), (4, 3), (6, 7)), (1, 2))",32,7.0,39.0,32,1,0,expanded,False,True,2574
"(((2, 1), (4, 3), (7, 6)), (1, 2))","(((2, 2), (4, 3), (7, 6)), (1, 2))",33,8,41.0,33,,,pruned,,,2575
"(((2, 2), (4, 3), (7, 6)), (1, 2))","(((2, 2), (4, 3), (7, 5)), (1, 2))",32,7.0,39.0,32,5,1,expanded,False,True,2576
"(((2, 3), (4, 3), (7, 8)), (1, 2))","(((2, 3), (4, 3), (7, 7)), (1, 2))",33,8,41.0,33,,,pruned,,,2577
"(((2, 3), (4, 3), (7, 7)), (1, 2))","(((2, 3), (4, 3), (7, 6)), (1, 2))",32,7.0,39.0,32,6,1,expanded,False,True,2578
"(((2, 4), (4, 4), (7, 8)), (1, 2))","(((2, 4), (4, 4), (7, 7)), (1, 2))",33,8,41.0,33,,,pruned,,,2579
"(((2, 4), (4, 4), (7, 7)), (1, 2))","(((2, 4), (4, 4), (7, 6)), (1, 2))",32,7.0,39.0,32,6,1,expanded,False,True,2580
"(((2, 5), (4, 6), (7, 7)), (1, 2))","(((2, 5), (4, 5), (7, 7)), (1, 2))",33,8,41.0,33,,,pruned,,,2581
"(((2, 5), (4, 5), (7, 8)), (1, 2))","(((2, 5), (4, 5), (7, 7)), (1, 2))",33,8,41.0,33,,,pruned,,,2582
"(((2, 5), (4, 5), (7, 7)), (1, 2))","(((2, 5), (4, 5), (7, 6)), (1, 2))",32,7.0,39.0,32,6,2,expanded,False,True,2583
"(((3, 7), (4, 5), (6, 7)), (3, 8))","(((3, 7), (4, 5), (6, 6)), (3, 8))",32,7.0,39.0,32,3,0,expanded,False,True,2584
"(((2, 5), (4, 1), (6, 7)), (1, 2))","(((2, 5), (4, 2), (6, 7)), (1, 2))",33,8,41.0,33,,,pruned,,,2585
"(((2, 5), (4, 2), (6, 7)), (1, 2))","(((2, 5), (4, 2), (6, 6)), (1, 2))",32,7.0,39.0,32,6,1,expanded,False,True,2586
"(((2, 1), (3, 2), (6, 5)), (1, 2))","(((2, 2), (3, 2), (6, 5)), (1, 2))",33,8,41.0,33,,,pruned,,,2587
"(((2, 2), (3, 2), (6, 5)), (1, 2))","(((2, 3), (3, 2), (6, 5)), (1, 2))",32,7.0,39.0,32,4,1,expanded,False,True,2588
"(((2, 3), (3, 2), (6, 6)), (1, 2))","(((2, 3), (3, 2), (6, 5)), (1, 2))",32,7.0,39.0,32,6,0,expanded,False,True,2589
"(((3, 2), (4, 1), (7, 6)), (1, 2))","(((3, 2), (4, 2), (7, 6)), (1, 2))",33,8,41.0,33,,,pruned,,,2590
"(((3, 2), (4, 2), (7, 6)), (1, 2))","(((3, 2), (4, 2), (7, 5)), (1, 2))",32,7.0,39.0,32,4,1,expanded,False,True,2591
"(((3, 7), (4, 3), (5, 8)), (6, 3))","(((3, 7), (4, 3), (6, 8)), (6, 3))",32,7.0,39.0,32,1,0,expanded,False,True,2592
"(((4, 5), (4, 8), (5, 8)), (6, 3))","(((4, 5), (4, 8), (6, 8)), (6, 3))",32,7.0,39.0,32,0,0,expanded,False,True,2593
"(((3, 6), (4, 2), (5, 8)), (6, 3))","(((3, 6), (4, 2), (6, 8)), (6, 3))",32,7.0,39.0,32,1,0,expanded,False,True,2594
"(((2, 3), (3, 6), (3, 7)), (3, 8))","(((2, 3), (3, 6), (3, 8)), (3, 9))",32,7.0,39.0,32,0,0,expanded,False,True,2595
"(((3, 8), (4, 3), (4, 8)), (5, 8))","(((3, 8), (4, 3), (5, 8)), (6, 3))",32,7.0,39.0,32,0,0,expanded,False,True,2596
"(((3, 2), (3, 6), (4, 8)), (5, 8))","(((3, 2), (3, 6), (5, 8)), (6, 3))",32,7.0,39.0,32,1,0,expanded,False,True,2597
"(((2, 7), (4, 3), (6, 7)), (1, 2))","(((2, 6), (4, 3), (6, 7)), (1, 2))",33,8,41.0,33,,,pruned,,,2598
"(((2, 6), (4, 3), (6, 7)), (1, 2))","(((2, 6), (4, 2), (6, 7)), (1, 2))",32,7.0,39.0,32,3,1,expanded,False,True,2599
"(((2, 3), (2, 5), (4, 8)), (5, 8))","(((2, 3), (2, 5), (5, 8)), (6, 3))",32,7.0,39.0,32,1,0,expanded,False,True,2600
"(((3, 7), (4, 2), (4, 8)), (5, 8))","(((3, 7), (4, 2), (5, 8)), (6, 3))",32,7.0,39.0,32,1,0,expanded,False,True,2601
"(((2, 5), (2, 6), (3, 6)), (2, 7))","(((2, 5), (2, 6), (3, 7)), (3, 8))",32,7.0,39.0,32,0,0,expanded,False,True,2602
"(((3, 6), (4, 6), (6, 7)), (1, 2))","(((3, 6), (4, 5), (6, 7)), (1, 2))",34,7,41.0,34,,,pruned,,,2603
"(((4, 5), (4, 6), (6, 7)), (1, 2))","(((3, 6), (4, 5), (6, 7)), (1, 2))",34,5,39.0,34,,,pruned,,,2604
"(((3, 6), (4, 5), (6, 7)), (1, 2))","(((3, 6), (4, 5), (6, 6)), (1, 2))",33,6.0,39.0,33,4,2,expanded,False,True,2605
"(((2, 5), (4, 3), (6, 7)), (1, 2))","(((2, 5), (4, 3), (6, 6)), (1, 2))",33,6.0,39.0,33,6,0,expanded,False,True,2606
"(((2, 2), (4, 4), (8, 4)), (1, 2))","(((2, 2), (4, 4), (7, 4)), (1, 2))",34,7,41.0,34,,,pruned,,,2607
"(((2, 2), (4, 4), (7, 3)), (1, 2))","(((2, 2), (4, 4), (7, 4)), (1, 2))",34,6,40.0,34,,,pruned,,,2608
"(((2, 1), (4, 4), (7, 4)), (1, 2))","(((2, 2), (4, 4), (7, 4)), (1, 2))",34,7,41.0,34,,,pruned,,,2609
"(((2, 2), (4, 4), (7, 4)), (1, 2))","(((2, 3), (4, 4), (7, 4)), (1, 2))",33,6.0,39.0,33,7,3,expanded,False,True,2610
"(((2, 1), (4, 5), (7, 5)), (1, 2))","(((2, 2), (4, 5), (7, 5)), (1, 2))",34,7,41.0,34,,,pruned,,,2611
"(((2, 2), (4, 5), (7, 5)), (1, 2))","(((2, 3), (4, 5), (7, 5)), (1, 2))",33,6.0,39.0,33,5,1,expanded,False,True,2612
"(((2, 3), (4, 6), (7, 6)), (1, 2))","(((2, 3), (4, 5), (7, 6)), (1, 2))",34,7,41.0,34,,,pruned,,,2613
"(((2, 3), (4, 5), (7, 6)), (1, 2))","(((2, 3), (4, 5), (7, 5)), (1, 2))",33,6.0,39.0,33,6,1,expanded,False,True,2614
"(((2, 2), (4, 1), (6, 5)), (1, 2))","(((2, 2), (4, 2), (6, 5)), (1, 2))",34,7,41.0,34,,,pruned,,,2615
"(((2, 1), (4, 2), (6, 5)), (1, 2))","(((2, 2), (4, 2), (6, 5)), (1, 2))",34,7,41.0,34,,,pruned,,,2616
"(((2, 2), (4, 2), (6, 5)), (1, 2))","(((2, 3), (4, 2), (6, 5)), (1, 2))",33,6.0,39.0,33,5,2,expanded,False,True,2617
"(((2, 3), (4, 1), (6, 6)), (1, 2))","(((2, 3), (4, 2), (6, 6)), (1, 2))",34,7,41.0,34,,,pruned,,,2618
"(((2, 3), (4, 2), (6, 6)), (1, 2))","(((2, 3), (4, 2), (6, 5)), (1, 2))",33,6.0,39.0,33,6,1,expanded,False,True,2619
"(((3, 2), (4, 3), (7, 6)), (1, 2))","(((3, 2), (4, 3), (7, 5)), (1, 2))",33,6.0,39.0,33,6,0,expanded,False,True,2620
"(((1, 2), (4, 3), (7, 5)), (1, 3))","(((2, 2), (4, 3), (7, 5)), (2, 1))",34,7,41.0,34,,,pruned,,,2621
"(((2, 2), (4, 3), (7, 5)), (2, 1))","(((3, 2), (4, 3), (7, 5)), (1, 2))",33,6.0,39.0,33,3,1,expanded,False,True,2622
"(((2, 6), (4, 6), (6, 6)), (1, 2))","(((2, 6), (4, 5), (6, 6)), (1, 2))",34,7,41.0,34,,,pruned,,,2623
"(((2, 7), (4, 5), (6, 6)), (1, 2))","(((2, 6), (4, 5), (6, 6)), (1, 2))",34,7,41.0,34,,,pruned,,,2624
"(((2, 6), (4, 5), (6, 6)), (1, 2))","(((2, 6), (4, 4), (6, 6)), (1, 2))",33,6.0,39.0,33,3,2,expanded,False,True,2625
"(((3, 6), (4, 3), (5, 8)), (6, 3))","(((3, 6), (4, 3), (6, 8)), (6, 3))",33,6.0,39.0,33,1,0,expanded,False,True,2626
"(((3, 7), (4, 3), (4, 8)), (5, 8))","(((3, 7), (4, 3), (5, 8)), (6, 3))",33,6.0,39.0,33,1,0,expanded,False,True,2627
"(((3, 6), (4, 2), (4, 8)), (5, 8))","(((3, 6), (4, 2), (5, 8)), (6, 3))",33,6.0,39.0,33,1,0,expanded,False,True,2628
"(((2, 1), (4, 3), (6, 5)), (1, 2))","(((2, 2), (4, 3), (6, 5)), (1, 2))",35,6,41.0,35,,,pruned,,,2629
"(((2, 2), (4, 3), (6, 5)), (1, 2))","(((2, 3), (4, 3), (6, 5)), (1, 2))",34,5.0,39.0,34,5,1,expanded,False,True,2630
"(((2, 3), (4, 3), (6, 6)), (1, 2))","(((2, 3), (4, 3), (6, 5)), (1, 2))",34,5.0,39.0,34,6,0,expanded,False,True,2631
"(((2, 2), (4, 4), (6, 3)), (1, 2))","(((2, 2), (4, 4), (6, 4)), (1, 2))",35,5,40.0,35,,,pruned,,,2632
"(((2, 1), (4, 4), (6, 4)), (1, 2))","(((2, 2), (4, 4), (6, 4)), (1, 2))",35,6,41.0,35,,,pruned,,,2633
"(((2, 2), (4, 4), (6, 4)), (1, 2))","(((2, 3), (4, 4), (6, 4)), (1, 2))",34,5.0,39.0,34,5,2,expanded,False,True,2634
"(((2, 4), (4, 4), (6, 6)), (1, 2))","(((2, 4), (4, 4), (6, 5)), (1, 2))",34,5.0,39.0,34,6,0,expanded,False,True,2635
"(((2, 5), (4, 6), (6, 6)), (1, 2))","(((2, 5), (4, 5), (6, 6)), (1, 2))",35,6,41.0,35,,,pruned,,,2636
"(((2, 5), (4, 5), (6, 6)), (1, 2))","(((2, 5), (4, 5), (6, 5)), (1, 2))",34,5.0,39.0,34,6,1,expanded,False,True,2637
"(((4, 2), (4, 3), (7, 6)), (1, 2))","(((4, 2), (4, 3), (7, 5)), (1, 2))",34,5.0,39.0,34,2,0,expanded,False,True,2638
"(((3, 2), (4, 4), (8, 4)), (1, 2))","(((3, 2), (4, 4), (7, 4)), (1, 2))",35,6,41.0,35,,,pruned,,,2639
"(((3, 2), (4, 4), (7, 3)), (1, 2))","(((3, 2), (4, 4), (7, 4)), (1, 2))",35,5,40.0,35,,,pruned,,,2640
"(((3, 2), (4, 4), (7, 4)), (1, 2))","(((3, 2), (4, 3), (7, 4)), (1, 2))",34,5.0,39.0,34,8,2,expanded,False,True,2641
"(((3, 2), (4, 6), (7, 5)), (1, 2))","(((3, 2), (4, 5), (7, 5)), (1, 2))",35,6,41.0,35,,,pruned,,,2642
"(((3, 2), (4, 5), (7, 5)), (1, 2))","(((3, 2), (4, 4), (7, 5)), (1, 2))",34,5.0,39.0,34,6,1,expanded,False,True,2643
"(((3, 2), (4, 1), (6, 5)), (1, 2))","(((3, 2), (4, 2), (6, 5)), (1, 2))",35,6,41.0,35,,,pruned,,,2644
"(((3, 2), (4, 2), (6, 5)), (1, 2))","(((3, 2), (4, 2), (6, 4)), (1, 2))",34,5.0,39.0,34,4,1,expanded,False,True,2645
"(((3, 6), (4, 3), (4, 8)), (5, 8))","(((3, 6), (4, 3), (5, 8)), (6, 3))",34,5.0,39.0,34,1,0,expanded,False,True,2646
"(((2, 3), (4, 6), (6, 5)), (1, 2))","(((2, 3), (4, 5), (6, 5)), (1, 2))",36,5,41.0,36,,,pruned,,,2647
"(((2, 3), (4, 5), (6, 5)), (1, 2))","(((2, 3), (4, 4), (6, 5)), (1, 2))",35,4.0,39.0,35,6,1,expanded,False,True,2648
"(((3, 2), (4, 3), (6, 5)), (1, 2))","(((3, 2), (4, 3), (6, 4)), (1, 2))",35,4.0,39.0,35,6,0,expanded,False,True,2649
"(((3, 2), (4, 4), (6, 3)), (1, 2))","(((3, 2), (4, 4), (6, 4)), (1, 2))",36,4,40.0,36,,,pruned,,,2650
"(((3, 2), (4, 4), (6, 4)), (1, 2))","(((3, 2), (4, 3), (6, 4)), (1, 2))",35,4.0,39.0,35,6,1,expanded,False,True,2651
"(((4, 2), (4, 4), (8, 4)), (1, 2))","(((4, 2), (4, 4), (7, 4)), (1, 2))",36,5,41.0,36,,,pruned,,,2652
"(((4, 2), (4, 4), (7, 3)), (1, 2))","(((4, 2), (4, 4), (7, 4)), (1, 2))",36,4,40.0,36,,,pruned,,,2653
"(((4, 2), (4, 4), (7, 4)), (1, 2))","(((4, 2), (4, 4), (7, 5)), (1, 2))",35,4.0,39.0,35,6,2,expanded,False,True,2654
"(((4, 2), (4, 5), (7, 5)), (1, 2))","(((3, 2), (4, 5), (7, 5)), (1, 2))",35,4.0,39.0,35,4,0,expanded,False,True,2655
"(((4, 2), (4, 3), (6, 5)), (1, 2))","(((4, 2), (4, 3), (6, 4)), (1, 2))",36,3.0,39.0,36,2,0,expanded,False,True,2656
"(((4, 3), (4, 4), (8, 4)), (1, 2))","(((4, 3), (4, 4), (7, 4)), (1, 2))",37,4,41.0,37,,,pruned,,,2657
"(((4, 3), (4, 4), (7, 3)), (1, 2))","(((4, 3), (4, 4), (7, 4)), (1, 2))",37,3,40.0,37,,,pruned,,,2658
"(((4, 3), (4, 4), (7, 4)), (1, 2))","(((4, 3), (4, 4), (7, 5)), (1, 2))",36,3.0,39.0,36,4,2,expanded,False,True,2659
"(((4, 2), (4, 4), (6, 3)), (1, 2))","(((4, 2), (4, 4), (6, 4)), (1, 2))",37,3,40.0,37,,,pruned,,,2660
"(((4, 2), (4, 4), (6, 4)), (1, 2))","(((3, 2), (4, 4), (6, 4)), (1, 2))",36,3.0,39.0,36,4,1,expanded,False,True,2661
"(((4, 3), (4, 5), (7, 5)), (1, 2))","(((4, 2), (4, 5), (7, 5)), (1, 2))",36,3.0,39.0,36,4,0,expanded,False,True,2662
"(((4, 3), (4, 4), (6, 3)), (1, 2))","(((4, 3), (4, 4), (6, 4)), (1, 2))",38,2,40.0,38,,,pruned,,,2663
"(((4, 3), (4, 4), (6, 4)), (1, 2))","(((4, 3), (4, 4), (7, 4)), (1, 2))",37,2.0,39.0,37,2,1,expanded,False,True,2664
"(((3, 8), (4, 4), (6, 8)), (6, 3))","(((3, 8), (4, 4), (6, 7)), (3, 9))",31,9.0,40.0,31,1,0,expanded,False,True,2665
"(((2, 3), (2, 4), (6, 8)), (6, 3))","(((2, 3), (2, 4), (6, 7)), (1, 2))",31,9.0,40.0,31,1,0,expanded,False,True,2666
"(((1, 2), (2, 4), (6, 7)), (1, 3))","(((2, 2), (2, 4), (6, 7)), (1, 2))",32,10,42.0,32,,,pruned,,,2667
"(((2, 1), (2, 4), (6, 7)), (1, 2))","(((2, 2), (2, 4), (6, 7)), (1, 2))",32,10,42.0,32,,,pruned,,,2668
"(((2, 2), (2, 4), (6, 7)), (1, 2))","(((2, 2), (2, 4), (6, 6)), (1, 2))",31,9.0,40.0,31,8,2,expanded,False,True,2669
"(((2, 4), (2, 6), (3, 8)), (3, 9))","(((2, 4), (2, 6), (4, 8)), (5, 8))",31,9.0,40.0,31,1,0,expanded,False,True,2670
"(((3, 7), (4, 4), (6, 8)), (6, 3))","(((3, 7), (4, 4), (6, 7)), (3, 8))",32,8.0,40.0,32,1,0,expanded,False,True,2671
"(((2, 4), (3, 2), (6, 7)), (1, 2))","(((2, 4), (3, 2), (6, 6)), (1, 2))",32,8.0,40.0,32,6,0,expanded,False,True,2672
"(((2, 4), (2, 5), (3, 8)), (3, 9))","(((2, 4), (2, 5), (4, 8)), (5, 8))",32,8.0,40.0,32,1,0,expanded,False,True,2673
"(((3, 8), (4, 4), (5, 8)), (6, 3))","(((3, 8), (4, 4), (6, 8)), (6, 3))",32,8.0,40.0,32,1,0,expanded,False,True,2674
"(((2, 3), (2, 4), (5, 8)), (6, 3))","(((2, 3), (2, 4), (6, 8)), (6, 3))",32,8.0,40.0,32,1,0,expanded,False,True,2675
"(((2, 4), (2, 6), (3, 7)), (3, 8))","(((2, 4), (2, 6), (3, 8)), (3, 9))",32,8.0,40.0,32,1,0,expanded,False,True,2676
"(((3, 6), (4, 4), (6, 8)), (6, 3))","(((3, 6), (4, 4), (6, 7)), (1, 2))",33,7.0,40.0,33,1,0,expanded,False,True,2677
"(((2, 1), (4, 4), (7, 6)), (1, 2))","(((2, 2), (4, 4), (7, 6)), (1, 2))",34,8,42.0,34,,,pruned,,,2678
"(((2, 2), (4, 4), (7, 6)), (1, 2))","(((2, 2), (4, 4), (7, 5)), (1, 2))",33,7.0,40.0,33,5,1,expanded,False,True,2679
"(((2, 3), (4, 4), (7, 8)), (1, 2))","(((2, 3), (4, 4), (7, 7)), (1, 2))",34,8,42.0,34,,,pruned,,,2680
"(((2, 3), (4, 4), (7, 7)), (1, 2))","(((2, 3), (4, 4), (7, 6)), (1, 2))",33,7.0,40.0,33,6,1,expanded,False,True,2681
"(((2, 4), (4, 6), (7, 7)), (1, 2))","(((2, 4), (4, 5), (7, 7)), (1, 2))",34,8,42.0,34,,,pruned,,,2682
"(((2, 4), (4, 5), (7, 8)), (1, 2))","(((2, 4), (4, 5), (7, 7)), (1, 2))",34,8,42.0,34,,,pruned,,,2683
"(((2, 4), (4, 5), (7, 7)), (1, 2))","(((2, 4), (4, 5), (7, 6)), (1, 2))",33,7.0,40.0,33,6,2,expanded,False,True,2684
"(((2, 4), (4, 1), (6, 7)), (1, 2))","(((2, 4), (4, 2), (6, 7)), (1, 2))",34,8,42.0,34,,,pruned,,,2685
"(((2, 4), (4, 2), (6, 7)), (1, 2))","(((2, 4), (4, 2), (6, 6)), (1, 2))",33,7.0,40.0,33,6,1,expanded,False,True,2686
"(((2, 7), (4, 4), (6, 7)), (1, 2))","(((2, 6), (4, 4), (6, 7)), (1, 2))",34,8,42.0,34,,,pruned,,,2687
"(((2, 6), (4, 4), (6, 7)), (1, 2))","(((2, 6), (4, 3), (6, 7)), (1, 2))",33,7.0,40.0,33,3,1,expanded,False,True,2688
"(((3, 7), (4, 4), (5, 8)), (6, 3))","(((3, 7), (4, 4), (6, 8)), (6, 3))",33,7.0,40.0,33,1,0,expanded,False,True,2689
"(((2, 4), (2, 5), (3, 7)), (3, 8))","(((2, 4), (2, 5), (3, 8)), (3, 9))",33,7.0,40.0,33,1,0,expanded,False,True,2690
"(((3, 8), (4, 4), (4, 8)), (5, 8))","(((3, 8), (4, 4), (5, 8)), (6, 3))",33,7.0,40.0,33,0,0,expanded,False,True,2691
"(((2, 3), (2, 4), (4, 8)), (5, 8))","(((2, 3), (2, 4), (5, 8)), (6, 3))",33,7.0,40.0,33,1,0,expanded,False,True,2692
"(((2, 4), (2, 6), (3, 6)), (2, 7))","(((2, 4), (2, 6), (3, 7)), (3, 8))",33,7.0,40.0,33,1,0,expanded,False,True,2693
"(((2, 4), (4, 3), (6, 7)), (1, 2))","(((2, 4), (4, 3), (6, 6)), (1, 2))",34,6.0,40.0,34,6,0,expanded,False,True,2694
"(((2, 5), (4, 4), (6, 7)), (1, 2))","(((2, 5), (4, 4), (6, 6)), (1, 2))",34,6.0,40.0,34,6,0,expanded,False,True,2695
"(((2, 2), (4, 5), (8, 4)), (1, 2))","(((2, 2), (4, 5), (7, 4)), (1, 2))",35,7,42.0,35,,,pruned,,,2696
"(((2, 2), (4, 5), (7, 3)), (1, 2))","(((2, 2), (4, 5), (7, 4)), (1, 2))",35,6,41.0,35,,,pruned,,,2697
"(((2, 1), (4, 5), (7, 4)), (1, 2))","(((2, 2), (4, 5), (7, 4)), (1, 2))",35,7,42.0,35,,,pruned,,,2698
"(((2, 2), (4, 5), (7, 4)), (1, 2))","(((2, 3), (4, 5), (7, 4)), (1, 2))",34,6.0,40.0,34,7,3,expanded,False,True,2699
"(((1, 2), (4, 3), (7, 4)), (1, 3))","(((2, 2), (4, 3), (7, 4)), (2, 1))",35,7,42.0,35,,,pruned,,,2700
"(((2, 2), (4, 3), (7, 4)), (2, 1))","(((3, 2), (4, 3), (7, 4)), (1, 2))",34,6.0,40.0,34,3,1,expanded,False,True,2701
"(((3, 2), (4, 4), (7, 6)), (1, 2))","(((3, 2), (4, 4), (7, 5)), (1, 2))",34,6.0,40.0,34,6,0,expanded,False,True,2702
"(((1, 2), (4, 4), (7, 5)), (1, 3))","(((2, 2), (4, 4), (7, 5)), (2, 1))",35,7,42.0,35,,,pruned,,,2703
"(((2, 2), (4, 4), (7, 5)), (2, 1))","(((3, 2), (4, 4), (7, 5)), (1, 2))",34,6.0,40.0,34,3,1,expanded,False,True,2704
"(((3, 6), (4, 4), (5, 8)), (6, 3))","(((3, 6), (4, 4), (6, 8)), (6, 3))",34,6.0,40.0,34,1,0,expanded,False,True,2705
"(((3, 7), (4, 4), (4, 8)), (5, 8))","(((3, 7), (4, 4), (5, 8)), (6, 3))",34,6.0,40.0,34,1,0,expanded,False,True,2706
"(((2, 4), (2, 5), (4, 6)), (1, 2))","(((2, 4), (2, 5), (3, 6)), (1, 2))",35,5,40.0,35,,,pruned,,,2707
"(((2, 4), (2, 5), (3, 6)), (1, 2))","(((2, 4), (2, 5), (3, 7)), (3, 8))",34,6.0,40.0,34,2,1,expanded,False,True,2708
"(((2, 1), (4, 4), (6, 5)), (1, 2))","(((2, 2), (4, 4), (6, 5)), (1, 2))",36,6,42.0,36,,,pruned,,,2709
"(((2, 2), (4, 4), (6, 5)), (1, 2))","(((2, 3), (4, 4), (6, 5)), (1, 2))",35,5.0,40.0,35,5,1,expanded,False,True,2710
"(((2, 3), (4, 4), (6, 6)), (1, 2))","(((2, 3), (4, 4), (6, 5)), (1, 2))",35,5.0,40.0,35,6,0,expanded,False,True,2711
"(((2, 2), (4, 5), (6, 3)), (1, 2))","(((2, 2), (4, 5), (6, 4)), (1, 2))",36,5,41.0,36,,,pruned,,,2712
"(((2, 1), (4, 5), (6, 4)), (1, 2))","(((2, 2), (4, 5), (6, 4)), (1, 2))",36,6,42.0,36,,,pruned,,,2713
"(((2, 2), (4, 5), (6, 4)), (1, 2))","(((2, 3), (4, 5), (6, 4)), (1, 2))",35,5.0,40.0,35,5,2,expanded,False,True,2714
"(((2, 4), (4, 6), (6, 6)), (1, 2))","(((2, 4), (4, 5), (6, 6)), (1, 2))",36,6,42.0,36,,,pruned,,,2715
"(((2, 4), (4, 5), (6, 6)), (1, 2))","(((2, 4), (4, 5), (6, 5)), (1, 2))",35,5.0,40.0,35,6,1,expanded,False,True,2716
"(((1, 2), (4, 3), (6, 4)), (1, 3))","(((2, 2), (4, 3), (6, 4)), (2, 1))",36,6,42.0,36,,,pruned,,,2717
"(((2, 2), (4, 3), (6, 4)), (2, 1))","(((3, 2), (4, 3), (6, 4)), (1, 2))",35,5.0,40.0,35,3,1,expanded,False,True,2718
"(((4, 2), (4, 4), (7, 6)), (1, 2))","(((4, 2), (4, 4), (7, 5)), (1, 2))",35,5.0,40.0,35,4,0,expanded,False,True,2719
"(((3, 2), (4, 6), (7, 4)), (1, 2))","(((3, 2), (4, 5), (7, 4)), (1, 2))",36,6,42.0,36,,,pruned,,,2720
"(((3, 2), (4, 5), (8, 4)), (1, 2))","(((3, 2), (4, 5), (7, 4)), (1, 2))",36,6,42.0,36,,,pruned,,,2721
"(((3, 2), (4, 5), (7, 3)), (1, 2))","(((3, 2), (4, 5), (7, 4)), (1, 2))",36,5,41.0,36,,,pruned,,,2722
"(((3, 2), (4, 5), (7, 4)), (1, 2))","(((3, 2), (4, 4), (7, 4)), (1, 2))",35,5.0,40.0,35,8,3,expanded,False,True,2723
"(((3, 6), (4, 4), (4, 8)), (5, 8))","(((3, 6), (4, 4), (5, 8)), (6, 3))",35,5.0,40.0,35,1,0,expanded,False,True,2724
"(((4, 3), (4, 4), (7, 6)), (1, 2))","(((4, 3), (4, 4), (7, 5)), (1, 2))",36,4.0,40.0,36,2,0,expanded,False,True,2725
"(((3, 2), (4, 4), (6, 5)), (1, 2))","(((3, 2), (4, 3), (6, 5)), (1, 2))",36,4.0,40.0,36,6,0,expanded,False,True,2726
"(((3, 2), (4, 6), (6, 4)), (1, 2))","(((3, 2), (4, 5), (6, 4)), (1, 2))",37,5,42.0,37,,,pruned,,,2727
"(((3, 2), (4, 5), (6, 3)), (1, 2))","(((3, 2), (4, 5), (6, 4)), (1, 2))",37,4,41.0,37,,,pruned,,,2728
"(((3, 2), (4, 5), (6, 4)), (1, 2))","(((3, 2), (4, 4), (6, 4)), (1, 2))",36,4.0,40.0,36,6,2,expanded,False,True,2729
"(((4, 2), (4, 5), (8, 4)), (1, 2))","(((4, 2), (4, 5), (7, 4)), (1, 2))",37,5,42.0,37,,,pruned,,,2730
"(((4, 2), (4, 5), (7, 3)), (1, 2))","(((4, 2), (4, 5), (7, 4)), (1, 2))",37,4,41.0,37,,,pruned,,,2731
"(((4, 2), (4, 5), (7, 4)), (1, 2))","(((4, 2), (4, 5), (7, 5)), (1, 2))",36,4.0,40.0,36,6,2,expanded,False,True,2732
"(((4, 2), (4, 4), (6, 5)), (1, 2))","(((4, 2), (4, 4), (6, 4)), (1, 2))",37,3.0,40.0,37,4,0,expanded,False,True,2733
"(((4, 3), (4, 5), (8, 4)), (1, 2))","(((4, 3), (4, 5), (7, 4)), (1, 2))",38,4,42.0,38,,,pruned,,,2734
"(((4, 3), (4, 5), (7, 3)), (1, 2))","(((4, 3), (4, 5), (7, 4)), (1, 2))",38,3,41.0,38,,,pruned,,,2735
"(((4, 3), (4, 5), (7, 4)), (1, 2))","(((4, 3), (4, 5), (7, 5)), (1, 2))",37,3.0,40.0,37,6,2,expanded,False,True,2736
"(((4, 4), (4, 5), (7, 5)), (1, 2))","(((4, 3), (4, 5), (7, 5)), (1, 2))",37,3.0,40.0,37,2,0,expanded,False,True,2737
"(((4, 2), (4, 5), (6, 3)), (1, 2))","(((4, 2), (4, 5), (6, 4)), (1, 2))",38,3,41.0,38,,,pruned,,,2738
"(((4, 2), (4, 5), (6, 4)), (1, 2))","(((3, 2), (4, 5), (6, 4)), (1, 2))",37,3.0,40.0,37,4,1,expanded,False,True,2739
"(((4, 3), (4, 4), (6, 5)), (1, 2))","(((4, 3), (4, 4), (6, 4)), (1, 2))",38,2.0,40.0,38,2,0,expanded,False,True,2740
"(((4, 3), (4, 5), (6, 3)), (1, 2))","(((4, 3), (4, 5), (6, 4)), (1, 2))",39,2,41.0,39,,,pruned,,,2741
"(((4, 3), (4, 5), (6, 4)), (1, 2))","(((4, 3), (4, 5), (7, 4)), (1, 2))",38,2.0,40.0,38,4,1,expanded,False,True,2742
"(((1, 6), (2, 2), (6, 7)), (1, 2))","(((2, 2), (2, 6), (6, 7)), (2, 1))",32,11,43.0,32,,,pruned,,,2743
"(((1, 2), (2, 6), (6, 7)), (1, 3))","(((2, 2), (2, 6), (6, 7)), (2, 1))",32,11,43.0,32,,,pruned,,,2744
"(((2, 2), (2, 6), (6, 7)), (2, 1))","(((2, 2), (2, 6), (6, 6)), (2, 1))",31,10.0,41.0,31,6,2,expanded,False,True,2745
"(((2, 6), (3, 2), (6, 8)), (6, 3))","(((2, 6), (3, 2), (6, 7)), (1, 2))",31,10.0,41.0,31,1,0,expanded,False,True,2746
"(((2, 2), (2, 5), (6, 8)), (6, 3))","(((2, 2), (2, 5), (6, 7)), (1, 2))",31,10.0,41.0,31,1,0,expanded,False,True,2747
"(((2, 2), (3, 2), (7, 8)), (1, 2))","(((2, 2), (3, 2), (7, 7)), (1, 2))",32,11,43.0,32,,,pruned,,,2748
"(((2, 1), (3, 2), (7, 7)), (1, 2))","(((2, 2), (3, 2), (7, 7)), (1, 2))",32,11,43.0,32,,,pruned,,,2749
"(((2, 2), (3, 2), (7, 7)), (1, 2))","(((2, 2), (3, 2), (7, 6)), (1, 2))",31,10.0,41.0,31,4,2,expanded,False,True,2750
"(((2, 2), (3, 7), (3, 8)), (3, 9))","(((2, 2), (3, 7), (4, 8)), (5, 8))",31,10.0,41.0,31,0,0,expanded,False,True,2751
"(((3, 8), (4, 5), (6, 8)), (6, 3))","(((3, 8), (4, 5), (6, 7)), (3, 9))",32,9.0,41.0,32,1,0,expanded,False,True,2752
"(((2, 2), (4, 2), (7, 8)), (1, 2))","(((2, 2), (4, 2), (7, 7)), (1, 2))",33,10,43.0,33,,,pruned,,,2753
"(((2, 2), (4, 1), (7, 7)), (1, 2))","(((2, 2), (4, 2), (7, 7)), (1, 2))",33,10,43.0,33,,,pruned,,,2754
"(((2, 1), (4, 2), (7, 7)), (1, 2))","(((2, 2), (4, 2), (7, 7)), (1, 2))",33,10,43.0,33,,,pruned,,,2755
"(((2, 2), (4, 2), (7, 7)), (1, 2))","(((2, 2), (4, 2), (7, 6)), (1, 2))",32,9.0,41.0,32,5,3,expanded,False,True,2756
"(((2, 5), (3, 2), (6, 8)), (6, 3))","(((2, 5), (3, 2), (6, 7)), (1, 2))",32,9.0,41.0,32,1,0,expanded,False,True,2757
"(((1, 2), (2, 3), (6, 7)), (1, 3))","(((2, 2), (2, 3), (6, 7)), (1, 2))",33,10,43.0,33,,,pruned,,,2758
"(((2, 2), (2, 3), (6, 7)), (1, 2))","(((2, 2), (2, 3), (6, 6)), (1, 2))",32,9.0,41.0,32,4,1,expanded,False,True,2759
"(((2, 2), (3, 6), (3, 8)), (3, 9))","(((2, 2), (3, 6), (4, 8)), (5, 8))",32,9.0,41.0,32,1,0,expanded,False,True,2760
"(((2, 3), (2, 6), (3, 8)), (3, 9))","(((2, 3), (2, 6), (4, 8)), (5, 8))",32,9.0,41.0,32,1,0,expanded,False,True,2761
"(((3, 2), (3, 7), (3, 8)), (3, 9))","(((3, 2), (3, 7), (4, 8)), (5, 8))",32,9.0,41.0,32,0,0,expanded,False,True,2762
"(((2, 6), (3, 2), (5, 8)), (6, 3))","(((2, 6), (3, 2), (6, 8)), (6, 3))",32,9.0,41.0,32,1,0,expanded,False,True,2763
"(((2, 2), (2, 5), (5, 8)), (6, 3))","(((2, 2), (2, 5), (6, 8)), (6, 3))",32,9.0,41.0,32,1,0,expanded,False,True,2764
"(((2, 1), (4, 3), (7, 7)), (1, 2))","(((2, 2), (4, 3), (7, 7)), (1, 2))",34,9,43.0,34,,,pruned,,,2765
"(((2, 2), (4, 3), (7, 8)), (1, 2))","(((2, 2), (4, 3), (7, 7)), (1, 2))",34,9,43.0,34,,,pruned,,,2766
"(((2, 2), (4, 3), (7, 7)), (1, 2))","(((2, 2), (4, 3), (7, 6)), (1, 2))",33,8.0,41.0,33,5,2,expanded,False,True,2767
"(((3, 7), (4, 5), (6, 8)), (6, 3))","(((3, 7), (4, 5), (6, 7)), (3, 8))",33,8.0,41.0,33,1,0,expanded,False,True,2768
"(((2, 5), (4, 2), (6, 8)), (6, 3))","(((2, 5), (4, 2), (6, 7)), (1, 2))",33,8.0,41.0,33,1,0,expanded,False,True,2769
"(((2, 1), (3, 2), (6, 6)), (1, 2))","(((2, 2), (3, 2), (6, 6)), (1, 2))",34,9,43.0,34,,,pruned,,,2770
"(((2, 2), (3, 2), (6, 6)), (1, 2))","(((2, 2), (3, 2), (6, 5)), (1, 2))",33,8.0,41.0,33,4,1,expanded,False,True,2771
"(((2, 3), (3, 2), (6, 7)), (1, 2))","(((2, 3), (3, 2), (6, 6)), (1, 2))",33,8.0,41.0,33,6,0,expanded,False,True,2772
"(((3, 2), (4, 2), (7, 8)), (1, 2))","(((3, 2), (4, 2), (7, 7)), (1, 2))",34,9,43.0,34,,,pruned,,,2773
"(((3, 2), (4, 1), (7, 7)), (1, 2))","(((3, 2), (4, 2), (7, 7)), (1, 2))",34,9,43.0,34,,,pruned,,,2774
"(((3, 2), (4, 2), (7, 7)), (1, 2))","(((3, 2), (4, 2), (7, 6)), (1, 2))",33,8.0,41.0,33,4,2,expanded,False,True,2775
"(((3, 2), (3, 6), (3, 8)), (3, 9))","(((3, 2), (3, 6), (4, 8)), (5, 8))",33,8.0,41.0,33,1,0,expanded,False,True,2776
"(((2, 3), (2, 5), (3, 8)), (3, 9))","(((2, 3), (2, 5), (4, 8)), (5, 8))",33,8.0,41.0,33,1,0,expanded,False,True,2777
"(((3, 7), (3, 8), (4, 2)), (3, 9))","(((3, 7), (4, 2), (4, 8)), (5, 8))",33,8.0,41.0,33,0,0,expanded,False,True,2778
"(((3, 8), (4, 5), (5, 8)), (6, 3))","(((3, 8), (4, 5), (6, 8)), (6, 3))",33,8.0,41.0,33,1,0,expanded,False,True,2779
"(((2, 5), (3, 2), (5, 8)), (6, 3))","(((2, 5), (3, 2), (6, 8)), (6, 3))",33,8.0,41.0,33,1,0,expanded,False,True,2780
"(((2, 2), (3, 6), (3, 7)), (3, 8))","(((2, 2), (3, 6), (3, 8)), (3, 9))",33,8.0,41.0,33,0,0,expanded,False,True,2781
"(((2, 3), (2, 6), (3, 7)), (3, 8))","(((2, 3), (2, 6), (3, 8)), (3, 9))",33,8.0,41.0,33,1,0,expanded,False,True,2782
"(((2, 6), (3, 2), (4, 8)), (5, 8))","(((2, 6), (3, 2), (5, 8)), (6, 3))",33,8.0,41.0,33,1,0,expanded,False,True,2783
"(((2, 2), (2, 5), (4, 8)), (5, 8))","(((2, 2), (2, 5), (5, 8)), (6, 3))",33,8.0,41.0,33,1,0,expanded,False,True,2784
"(((3, 6), (4, 5), (6, 8)), (6, 3))","(((3, 6), (4, 5), (6, 7)), (1, 2))",34,7.0,41.0,34,1,0,expanded,False,True,2785
"(((2, 5), (4, 3), (6, 8)), (6, 3))","(((2, 5), (4, 3), (6, 7)), (1, 2))",34,7.0,41.0,34,1,0,expanded,False,True,2786
"(((2, 1), (4, 5), (7, 6)), (1, 2))","(((2, 2), (4, 5), (7, 6)), (1, 2))",35,8,43.0,35,,,pruned,,,2787
"(((2, 2), (4, 5), (7, 6)), (1, 2))","(((2, 2), (4, 5), (7, 5)), (1, 2))",34,7.0,41.0,34,5,1,expanded,False,True,2788
"(((2, 3), (4, 6), (7, 7)), (1, 2))","(((2, 3), (4, 5), (7, 7)), (1, 2))",35,8,43.0,35,,,pruned,,,2789
"(((2, 3), (4, 5), (7, 8)), (1, 2))","(((2, 3), (4, 5), (7, 7)), (1, 2))",35,8,43.0,35,,,pruned,,,2790
"(((2, 3), (4, 5), (7, 7)), (1, 2))","(((2, 3), (4, 5), (7, 6)), (1, 2))",34,7.0,41.0,34,6,2,expanded,False,True,2791
"(((2, 2), (4, 1), (6, 6)), (1, 2))","(((2, 2), (4, 2), (6, 6)), (1, 2))",35,8,43.0,35,,,pruned,,,2792
"(((2, 1), (4, 2), (6, 6)), (1, 2))","(((2, 2), (4, 2), (6, 6)), (1, 2))",35,8,43.0,35,,,pruned,,,2793
"(((2, 2), (4, 2), (6, 6)), (1, 2))","(((2, 2), (4, 2), (6, 5)), (1, 2))",34,7.0,41.0,34,5,2,expanded,False,True,2794
"(((2, 3), (4, 1), (6, 7)), (1, 2))","(((2, 3), (4, 2), (6, 7)), (1, 2))",35,8,43.0,35,,,pruned,,,2795
"(((2, 3), (4, 2), (6, 7)), (1, 2))","(((2, 3), (4, 2), (6, 6)), (1, 2))",34,7.0,41.0,34,6,1,expanded,False,True,2796
"(((1, 2), (4, 3), (7, 6)), (1, 3))","(((2, 2), (4, 3), (7, 6)), (2, 1))",35,8,43.0,35,,,pruned,,,2797
"(((2, 2), (4, 3), (7, 6)), (2, 1))","(((3, 2), (4, 3), (7, 6)), (1, 2))",34,7.0,41.0,34,3,1,expanded,False,True,2798
"(((3, 2), (4, 3), (7, 8)), (1, 2))","(((3, 2), (4, 3), (7, 7)), (1, 2))",35,8,43.0,35,,,pruned,,,2799
"(((3, 2), (4, 3), (7, 7)), (1, 2))","(((3, 2), (4, 3), (7, 6)), (1, 2))",34,7.0,41.0,34,6,1,expanded,False,True,2800
"(((3, 7), (3, 8), (4, 3)), (3, 9))","(((3, 7), (4, 3), (4, 8)), (5, 8))",34,7.0,41.0,34,0,0,expanded,False,True,2801
"(((3, 6), (3, 8), (4, 2)), (3, 9))","(((3, 6), (4, 2), (4, 8)), (5, 8))",34,7.0,41.0,34,1,0,expanded,False,True,2802
"(((2, 6), (4, 6), (6, 7)), (1, 2))","(((2, 6), (4, 5), (6, 7)), (1, 2))",35,8,43.0,35,,,pruned,,,2803
"(((2, 7), (4, 5), (6, 7)), (1, 2))","(((2, 6), (4, 5), (6, 7)), (1, 2))",35,8,43.0,35,,,pruned,,,2804
"(((2, 6), (4, 5), (6, 7)), (1, 2))","(((2, 6), (4, 4), (6, 7)), (1, 2))",34,7.0,41.0,34,3,2,expanded,False,True,2805
"(((3, 7), (4, 5), (5, 8)), (6, 3))","(((3, 7), (4, 5), (6, 8)), (6, 3))",34,7.0,41.0,34,1,0,expanded,False,True,2806
"(((2, 5), (4, 2), (5, 8)), (6, 3))","(((2, 5), (4, 2), (6, 8)), (6, 3))",34,7.0,41.0,34,1,0,expanded,False,True,2807
"(((3, 2), (3, 6), (3, 7)), (3, 8))","(((3, 2), (3, 6), (3, 8)), (3, 9))",34,7.0,41.0,34,0,0,expanded,False,True,2808
"(((2, 3), (2, 5), (3, 7)), (3, 8))","(((2, 3), (2, 5), (3, 8)), (3, 9))",34,7.0,41.0,34,1,0,expanded,False,True,2809
"(((3, 8), (4, 5), (4, 8)), (5, 8))","(((3, 8), (4, 5), (5, 8)), (6, 3))",34,7.0,41.0,34,0,0,expanded,False,True,2810
"(((2, 5), (3, 2), (4, 8)), (5, 8))","(((2, 5), (3, 2), (5, 8)), (6, 3))",34,7.0,41.0,34,1,0,expanded,False,True,2811
"(((2, 3), (2, 6), (3, 6)), (2, 7))","(((2, 3), (2, 6), (3, 7)), (3, 8))",34,7.0,41.0,34,1,0,expanded,False,True,2812
"(((2, 1), (4, 3), (6, 6)), (1, 2))","(((2, 2), (4, 3), (6, 6)), (1, 2))",36,7,43.0,36,,,pruned,,,2813
"(((2, 2), (4, 3), (6, 6)), (1, 2))","(((2, 2), (4, 3), (6, 5)), (1, 2))",35,6.0,41.0,35,5,1,expanded,False,True,2814
"(((2, 3), (4, 3), (6, 7)), (1, 2))","(((2, 3), (4, 3), (6, 6)), (1, 2))",35,6.0,41.0,35,6,0,expanded,False,True,2815
"(((2, 4), (4, 4), (6, 7)), (1, 2))","(((2, 4), (4, 4), (6, 6)), (1, 2))",35,6.0,41.0,35,6,0,expanded,False,True,2816
"(((2, 5), (4, 6), (6, 7)), (1, 2))","(((2, 5), (4, 5), (6, 7)), (1, 2))",36,7,43.0,36,,,pruned,,,2817
"(((2, 5), (4, 5), (6, 7)), (1, 2))","(((2, 5), (4, 5), (6, 6)), (1, 2))",35,6.0,41.0,35,6,1,expanded,False,True,2818
"(((4, 2), (4, 3), (7, 8)), (1, 2))","(((4, 2), (4, 3), (7, 7)), (1, 2))",36,7,43.0,36,,,pruned,,,2819
"(((4, 2), (4, 3), (7, 7)), (1, 2))","(((4, 2), (4, 3), (7, 6)), (1, 2))",35,6.0,41.0,35,2,1,expanded,False,True,2820
"(((1, 2), (4, 4), (7, 4)), (1, 3))","(((2, 2), (4, 4), (7, 4)), (2, 1))",36,7,43.0,36,,,pruned,,,2821
"(((2, 2), (4, 4), (7, 4)), (2, 1))","(((3, 2), (4, 4), (7, 4)), (1, 2))",35,6.0,41.0,35,3,1,expanded,False,True,2822
"(((3, 2), (4, 6), (7, 6)), (1, 2))","(((3, 2), (4, 5), (7, 6)), (1, 2))",36,7,43.0,36,,,pruned,,,2823
"(((3, 2), (4, 5), (7, 6)), (1, 2))","(((3, 2), (4, 5), (7, 5)), (1, 2))",35,6.0,41.0,35,6,1,expanded,False,True,2824
"(((2, 2), (4, 6), (7, 5)), (2, 1))","(((2, 2), (4, 5), (7, 5)), (2, 1))",36,7,43.0,36,,,pruned,,,2825
"(((1, 2), (4, 5), (7, 5)), (1, 3))","(((2, 2), (4, 5), (7, 5)), (2, 1))",36,7,43.0,36,,,pruned,,,2826
"(((2, 2), (4, 5), (7, 5)), (2, 1))","(((3, 2), (4, 5), (7, 5)), (1, 2))",35,6.0,41.0,35,3,2,expanded,False,True,2827
"(((3, 2), (4, 1), (6, 6)), (1, 2))","(((3, 2), (4, 2), (6, 6)), (1, 2))",36,7,43.0,36,,,pruned,,,2828
"(((3, 2), (4, 2), (6, 6)), (1, 2))","(((3, 2), (4, 2), (6, 5)), (1, 2))",35,6.0,41.0,35,4,1,expanded,False,True,2829
"(((3, 6), (3, 8), (4, 3)), (3, 9))","(((3, 6), (4, 3), (4, 8)), (5, 8))",35,6.0,41.0,35,1,0,expanded,False,True,2830
"(((3, 6), (4, 5), (5, 8)), (6, 3))","(((3, 6), (4, 5), (6, 8)), (6, 3))",35,6.0,41.0,35,1,0,expanded,False,True,2831
"(((2, 5), (4, 3), (5, 8)), (6, 3))","(((2, 5), (4, 3), (6, 8)), (6, 3))",35,6.0,41.0,35,1,0,expanded,False,True,2832
"(((3, 6), (3, 7), (4, 2)), (3, 8))","(((3, 6), (3, 8), (4, 2)), (3, 9))",35,6.0,41.0,35,0,0,expanded,False,True,2833
"(((3, 7), (4, 5), (4, 8)), (5, 8))","(((3, 7), (4, 5), (5, 8)), (6, 3))",35,6.0,41.0,35,1,0,expanded,False,True,2834
"(((2, 5), (4, 2), (4, 8)), (5, 8))","(((2, 5), (4, 2), (5, 8)), (6, 3))",35,6.0,41.0,35,1,0,expanded,False,True,2835
"(((2, 3), (2, 5), (4, 6)), (1, 2))","(((2, 3), (2, 5), (3, 6)), (1, 2))",36,5,41.0,36,,,pruned,,,2836
"(((2, 3), (2, 5), (3, 6)), (1, 2))","(((2, 3), (2, 5), (3, 7)), (3, 8))",35,6.0,41.0,35,6,1,expanded,False,True,2837
"(((2, 1), (4, 5), (6, 5)), (1, 2))","(((2, 2), (4, 5), (6, 5)), (1, 2))",37,6,43.0,37,,,pruned,,,2838
"(((2, 2), (4, 5), (6, 5)), (1, 2))","(((2, 3), (4, 5), (6, 5)), (1, 2))",36,5.0,41.0,36,5,1,expanded,False,True,2839
"(((2, 3), (4, 6), (6, 6)), (1, 2))","(((2, 3), (4, 5), (6, 6)), (1, 2))",37,6,43.0,37,,,pruned,,,2840
"(((2, 3), (4, 5), (6, 6)), (1, 2))","(((2, 3), (4, 5), (6, 5)), (1, 2))",36,5.0,41.0,36,6,1,expanded,False,True,2841
"(((1, 2), (4, 3), (6, 5)), (1, 3))","(((2, 2), (4, 3), (6, 5)), (2, 1))",37,6,43.0,37,,,pruned,,,2842
"(((2, 2), (4, 3), (6, 5)), (2, 1))","(((3, 2), (4, 3), (6, 5)), (1, 2))",36,5.0,41.0,36,3,1,expanded,False,True,2843
"(((3, 2), (4, 3), (6, 6)), (1, 2))","(((3, 2), (4, 3), (6, 5)), (1, 2))",36,5.0,41.0,36,6,0,expanded,False,True,2844
"(((1, 2), (4, 4), (6, 4)), (1, 3))","(((2, 2), (4, 4), (6, 4)), (2, 1))",37,6,43.0,37,,,pruned,,,2845
"(((2, 2), (4, 4), (6, 4)), (2, 1))","(((3, 2), (4, 4), (6, 4)), (1, 2))",36,5.0,41.0,36,3,1,expanded,False,True,2846
"(((4, 2), (4, 5), (7, 6)), (1, 2))","(((4, 2), (4, 5), (7, 5)), (1, 2))",36,5.0,41.0,36,4,0,expanded,False,True,2847
"(((3, 6), (3, 7), (4, 3)), (3, 8))","(((3, 6), (3, 8), (4, 3)), (3, 9))",36,5.0,41.0,36,0,0,expanded,False,True,2848
"(((3, 6), (4, 5), (4, 8)), (5, 8))","(((3, 6), (4, 5), (5, 8)), (6, 3))",36,5.0,41.0,36,1,0,expanded,False,True,2849
"(((2, 5), (4, 3), (4, 8)), (5, 8))","(((2, 5), (4, 3), (5, 8)), (6, 3))",36,5.0,41.0,36,1,0,expanded,False,True,2850
"(((4, 2), (4, 3), (6, 6)), (1, 2))","(((4, 2), (4, 3), (6, 5)), (1, 2))",37,4.0,41.0,37,2,0,expanded,False,True,2851
"(((4, 3), (4, 5), (7, 6)), (1, 2))","(((4, 3), (4, 5), (7, 5)), (1, 2))",37,4.0,41.0,37,4,0,expanded,False,True,2852
"(((3, 2), (4, 6), (6, 5)), (1, 2))","(((3, 2), (4, 5), (6, 5)), (1, 2))",38,5,43.0,38,,,pruned,,,2853
"(((3, 2), (4, 5), (6, 5)), (1, 2))","(((3, 2), (4, 4), (6, 5)), (1, 2))",37,4.0,41.0,37,6,1,expanded,False,True,2854
"(((4, 4), (4, 5), (8, 4)), (1, 2))","(((4, 4), (4, 5), (7, 4)), (1, 2))",39,4,43.0,39,,,pruned,,,2855
"(((4, 4), (4, 5), (7, 3)), (1, 2))","(((4, 4), (4, 5), (7, 4)), (1, 2))",39,3,42.0,39,,,pruned,,,2856
"(((4, 4), (4, 5), (7, 4)), (1, 2))","(((4, 3), (4, 5), (7, 4)), (1, 2))",38,3.0,41.0,38,4,2,expanded,False,True,2857
"(((4, 2), (4, 5), (6, 5)), (1, 2))","(((4, 2), (4, 5), (6, 4)), (1, 2))",38,3.0,41.0,38,4,0,expanded,False,True,2858
"(((4, 3), (4, 5), (6, 5)), (1, 2))","(((4, 3), (4, 5), (6, 4)), (1, 2))",39,2.0,41.0,39,4,0,expanded,False,True,2859
"(((4, 4), (4, 5), (6, 3)), (1, 2))","(((4, 4), (4, 5), (6, 4)), (1, 2))",40,2,42.0,40,,,pruned,,,2860
"(((4, 4), (4, 5), (6, 4)), (1, 2))","(((4, 3), (4, 5), (6, 4)), (1, 2))",39,2.0,41.0,39,2,1,expanded,False,True,2861
"(((2, 2), (2, 4), (6, 8)), (6, 3))","(((2, 2), (2, 4), (6, 7)), (1, 2))",32,10.0,42.0,32,1,0,expanded,False,True,2862
"(((2, 4), (3, 2), (6, 8)), (6, 3))","(((2, 4), (3, 2), (6, 7)), (1, 2))",33,9.0,42.0,33,1,0,expanded,False,True,2863
"(((2, 2), (2, 4), (5, 8)), (6, 3))","(((2, 2), (2, 4), (6, 8)), (6, 3))",33,9.0,42.0,33,1,0,expanded,False,True,2864
"(((2, 2), (4, 4), (7, 8)), (1, 2))","(((2, 2), (4, 4), (7, 7)), (1, 2))",35,9,44.0,35,,,pruned,,,2865
"(((2, 1), (4, 4), (7, 7)), (1, 2))","(((2, 2), (4, 4), (7, 7)), (1, 2))",35,9,44.0,35,,,pruned,,,2866
"(((2, 2), (4, 4), (7, 7)), (1, 2))","(((2, 2), (4, 4), (7, 6)), (1, 2))",34,8.0,42.0,34,5,2,expanded,False,True,2867
"(((2, 4), (4, 2), (6, 8)), (6, 3))","(((2, 4), (4, 2), (6, 7)), (1, 2))",34,8.0,42.0,34,1,0,expanded,False,True,2868
"(((2, 3), (2, 4), (3, 8)), (3, 9))","(((2, 3), (2, 4), (4, 8)), (5, 8))",34,8.0,42.0,34,1,0,expanded,False,True,2869
"(((2, 4), (3, 2), (5, 8)), (6, 3))","(((2, 4), (3, 2), (6, 8)), (6, 3))",34,8.0,42.0,34,1,0,expanded,False,True,2870
"(((2, 2), (2, 4), (4, 8)), (5, 8))","(((2, 2), (2, 4), (5, 8)), (6, 3))",34,8.0,42.0,34,1,0,expanded,False,True,2871
"(((2, 4), (4, 3), (6, 8)), (6, 3))","(((2, 4), (4, 3), (6, 7)), (1, 2))",35,7.0,42.0,35,1,0,expanded,False,True,2872
"(((2, 5), (4, 4), (6, 8)), (6, 3))","(((2, 5), (4, 4), (6, 7)), (1, 2))",35,7.0,42.0,35,1,0,expanded,False,True,2873
"(((1, 2), (4, 4), (7, 6)), (1, 3))","(((2, 2), (4, 4), (7, 6)), (2, 1))",36,8,44.0,36,,,pruned,,,2874
"(((2, 2), (4, 4), (7, 6)), (2, 1))","(((3, 2), (4, 4), (7, 6)), (1, 2))",35,7.0,42.0,35,3,1,expanded,False,True,2875
"(((3, 2), (4, 4), (7, 8)), (1, 2))","(((3, 2), (4, 4), (7, 7)), (1, 2))",36,8,44.0,36,,,pruned,,,2876
"(((3, 2), (4, 4), (7, 7)), (1, 2))","(((3, 2), (4, 4), (7, 6)), (1, 2))",35,7.0,42.0,35,6,1,expanded,False,True,2877
"(((3, 7), (3, 8), (4, 4)), (3, 9))","(((3, 7), (4, 4), (4, 8)), (5, 8))",35,7.0,42.0,35,0,0,expanded,False,True,2878
"(((1, 6), (2, 4), (2, 5)), (1, 2))","(((2, 4), (2, 5), (2, 6)), (1, 2))",36,8,44.0,36,,,pruned,,,2879
"(((2, 4), (2, 5), (2, 6)), (1, 2))","(((2, 4), (2, 5), (3, 6)), (1, 2))",35,7.0,42.0,35,2,1,expanded,False,True,2880
"(((2, 4), (4, 2), (5, 8)), (6, 3))","(((2, 4), (4, 2), (6, 8)), (6, 3))",35,7.0,42.0,35,1,0,expanded,False,True,2881
"(((2, 3), (2, 4), (3, 7)), (3, 8))","(((2, 3), (2, 4), (3, 8)), (3, 9))",35,7.0,42.0,35,1,0,expanded,False,True,2882
"(((2, 4), (3, 2), (4, 8)), (5, 8))","(((2, 4), (3, 2), (5, 8)), (6, 3))",35,7.0,42.0,35,1,0,expanded,False,True,2883
"(((2, 1), (4, 4), (6, 6)), (1, 2))","(((2, 2), (4, 4), (6, 6)), (1, 2))",37,7,44.0,37,,,pruned,,,2884
"(((2, 2), (4, 4), (6, 6)), (1, 2))","(((2, 2), (4, 4), (6, 5)), (1, 2))",36,6.0,42.0,36,5,1,expanded,False,True,2885
"(((2, 3), (4, 4), (6, 7)), (1, 2))","(((2, 3), (4, 4), (6, 6)), (1, 2))",36,6.0,42.0,36,6,0,expanded,False,True,2886
"(((2, 4), (4, 6), (6, 7)), (1, 2))","(((2, 4), (4, 5), (6, 7)), (1, 2))",37,7,44.0,37,,,pruned,,,2887
"(((2, 4), (4, 5), (6, 7)), (1, 2))","(((2, 4), (4, 5), (6, 6)), (1, 2))",36,6.0,42.0,36,6,1,expanded,False,True,2888
"(((4, 2), (4, 4), (7, 8)), (1, 2))","(((4, 2), (4, 4), (7, 7)), (1, 2))",37,7,44.0,37,,,pruned,,,2889
"(((4, 2), (4, 4), (7, 7)), (1, 2))","(((4, 2), (4, 4), (7, 6)), (1, 2))",36,6.0,42.0,36,4,1,expanded,False,True,2890
"(((2, 2), (4, 6), (7, 4)), (2, 1))","(((2, 2), (4, 5), (7, 4)), (2, 1))",37,7,44.0,37,,,pruned,,,2891
"(((1, 2), (4, 5), (7, 4)), (1, 3))","(((2, 2), (4, 5), (7, 4)), (2, 1))",37,7,44.0,37,,,pruned,,,2892
"(((2, 2), (4, 5), (7, 4)), (2, 1))","(((3, 2), (4, 5), (7, 4)), (1, 2))",36,6.0,42.0,36,3,2,expanded,False,True,2893
"(((3, 6), (3, 8), (4, 4)), (3, 9))","(((3, 6), (4, 4), (4, 8)), (5, 8))",36,6.0,42.0,36,1,0,expanded,False,True,2894
"(((2, 3), (2, 4), (4, 6)), (1, 2))","(((2, 3), (2, 4), (3, 6)), (1, 2))",37,5,42.0,37,,,pruned,,,2895
"(((2, 3), (2, 4), (3, 6)), (1, 2))","(((2, 3), (2, 5), (3, 6)), (1, 2))",36,6.0,42.0,36,2,1,expanded,False,True,2896
"(((2, 4), (4, 3), (5, 8)), (6, 3))","(((2, 4), (4, 3), (6, 8)), (6, 3))",36,6.0,42.0,36,1,0,expanded,False,True,2897
"(((2, 5), (4, 4), (5, 8)), (6, 3))","(((2, 5), (4, 4), (6, 8)), (6, 3))",36,6.0,42.0,36,1,0,expanded,False,True,2898
"(((2, 4), (4, 2), (4, 8)), (5, 8))","(((2, 4), (4, 2), (5, 8)), (6, 3))",36,6.0,42.0,36,1,0,expanded,False,True,2899
"(((4, 3), (4, 4), (7, 8)), (1, 2))","(((4, 3), (4, 4), (7, 7)), (1, 2))",38,6,44.0,38,,,pruned,,,2900
"(((4, 3), (4, 4), (7, 7)), (1, 2))","(((4, 3), (4, 4), (7, 6)), (1, 2))",37,5.0,42.0,37,2,1,expanded,False,True,2901
"(((1, 2), (4, 4), (6, 5)), (1, 3))","(((2, 2), (4, 4), (6, 5)), (2, 1))",38,6,44.0,38,,,pruned,,,2902
"(((2, 2), (4, 4), (6, 5)), (2, 1))","(((3, 2), (4, 4), (6, 5)), (1, 2))",37,5.0,42.0,37,3,1,expanded,False,True,2903
"(((3, 2), (4, 4), (6, 6)), (1, 2))","(((3, 2), (4, 4), (6, 5)), (1, 2))",37,5.0,42.0,37,6,0,expanded,False,True,2904
"(((2, 2), (4, 6), (6, 4)), (2, 1))","(((2, 2), (4, 5), (6, 4)), (2, 1))",38,6,44.0,38,,,pruned,,,2905
"(((1, 2), (4, 5), (6, 4)), (1, 3))","(((2, 2), (4, 5), (6, 4)), (2, 1))",38,6,44.0,38,,,pruned,,,2906
"(((2, 2), (4, 5), (6, 4)), (2, 1))","(((3, 2), (4, 5), (6, 4)), (1, 2))",37,5.0,42.0,37,3,2,expanded,False,True,2907
"(((3, 6), (3, 7), (4, 4)), (3, 8))","(((3, 6), (3, 8), (4, 4)), (3, 9))",37,5.0,42.0,37,0,0,expanded,False,True,2908
"(((2, 4), (4, 3), (4, 8)), (5, 8))","(((2, 4), (4, 3), (5, 8)), (6, 3))",37,5.0,42.0,37,1,0,expanded,False,True,2909
"(((2, 5), (4, 4), (4, 8)), (5, 8))","(((2, 5), (4, 4), (5, 8)), (6, 3))",37,5.0,42.0,37,1,0,expanded,False,True,2910
"(((4, 2), (4, 4), (6, 6)), (1, 2))","(((4, 2), (4, 4), (6, 5)), (1, 2))",38,4.0,42.0,38,4,0,expanded,False,True,2911
"(((4, 4), (4, 5), (7, 6)), (1, 2))","(((4, 4), (4, 5), (7, 5)), (1, 2))",38,4.0,42.0,38,2,0,expanded,False,True,2912
"(((4, 3), (4, 4), (6, 6)), (1, 2))","(((4, 3), (4, 4), (6, 5)), (1, 2))",39,3.0,42.0,39,2,0,expanded,False,True,2913
"(((4, 4), (4, 5), (6, 5)), (1, 2))","(((4, 3), (4, 5), (6, 5)), (1, 2))",40,2.0,42.0,40,2,0,expanded,False,True,2914
"(((2, 2), (2, 6), (6, 8)), (6, 3))","(((2, 2), (2, 6), (6, 7)), (2, 1))",32,11.0,43.0,32,1,0,expanded,False,True,2915
"(((2, 2), (2, 3), (6, 8)), (6, 3))","(((2, 2), (2, 3), (6, 7)), (1, 2))",33,10.0,43.0,33,1,0,expanded,False,True,2916
"(((2, 2), (2, 6), (5, 8)), (6, 3))","(((2, 2), (2, 6), (6, 8)), (6, 3))",33,10.0,43.0,33,1,0,expanded,False,True,2917
"(((2, 1), (3, 2), (6, 7)), (1, 2))","(((2, 2), (3, 2), (6, 7)), (1, 2))",35,10,45.0,35,,,pruned,,,2918
"(((2, 2), (3, 2), (6, 7)), (1, 2))","(((2, 2), (3, 2), (6, 6)), (1, 2))",34,9.0,43.0,34,4,1,expanded,False,True,2919
"(((2, 3), (3, 2), (6, 8)), (6, 3))","(((2, 3), (3, 2), (6, 7)), (1, 2))",34,9.0,43.0,34,1,0,expanded,False,True,2920
"(((2, 6), (3, 2), (3, 8)), (3, 9))","(((2, 6), (3, 2), (4, 8)), (5, 8))",34,9.0,43.0,34,1,0,expanded,False,True,2921
"(((2, 2), (2, 5), (3, 8)), (3, 9))","(((2, 2), (2, 5), (4, 8)), (5, 8))",34,9.0,43.0,34,1,0,expanded,False,True,2922
"(((2, 2), (2, 3), (5, 8)), (6, 3))","(((2, 2), (2, 3), (6, 8)), (6, 3))",34,9.0,43.0,34,1,0,expanded,False,True,2923
"(((2, 2), (2, 6), (4, 8)), (5, 8))","(((2, 2), (2, 6), (5, 8)), (6, 3))",34,9.0,43.0,34,1,0,expanded,False,True,2924
"(((2, 2), (4, 5), (7, 8)), (1, 2))","(((2, 2), (4, 5), (7, 7)), (1, 2))",36,9,45.0,36,,,pruned,,,2925
"(((2, 1), (4, 5), (7, 7)), (1, 2))","(((2, 2), (4, 5), (7, 7)), (1, 2))",36,9,45.0,36,,,pruned,,,2926
"(((2, 2), (4, 5), (7, 7)), (1, 2))","(((2, 2), (4, 5), (7, 6)), (1, 2))",35,8.0,43.0,35,5,2,expanded,False,True,2927
"(((2, 2), (4, 1), (6, 7)), (1, 2))","(((2, 2), (4, 2), (6, 7)), (1, 2))",36,9,45.0,36,,,pruned,,,2928
"(((2, 1), (4, 2), (6, 7)), (1, 2))","(((2, 2), (4, 2), (6, 7)), (1, 2))",36,9,45.0,36,,,pruned,,,2929
"(((2, 2), (4, 2), (6, 7)), (1, 2))","(((2, 2), (4, 2), (6, 6)), (1, 2))",35,8.0,43.0,35,5,2,expanded,False,True,2930
"(((2, 3), (4, 2), (6, 8)), (6, 3))","(((2, 3), (4, 2), (6, 7)), (1, 2))",35,8.0,43.0,35,1,0,expanded,False,True,2931
"(((1, 2), (4, 3), (7, 7)), (1, 3))","(((2, 2), (4, 3), (7, 7)), (2, 1))",36,9,45.0,36,,,pruned,,,2932
"(((2, 2), (4, 3), (7, 7)), (2, 1))","(((3, 2), (4, 3), (7, 7)), (1, 2))",35,8.0,43.0,35,3,1,expanded,False,True,2933
"(((2, 5), (3, 2), (3, 8)), (3, 9))","(((2, 5), (3, 2), (4, 8)), (5, 8))",35,8.0,43.0,35,1,0,expanded,False,True,2934
"(((2, 3), (3, 2), (5, 8)), (6, 3))","(((2, 3), (3, 2), (6, 8)), (6, 3))",35,8.0,43.0,35,1,0,expanded,False,True,2935
"(((2, 6), (3, 2), (3, 7)), (3, 8))","(((2, 6), (3, 2), (3, 8)), (3, 9))",35,8.0,43.0,35,1,0,expanded,False,True,2936
"(((2, 2), (2, 5), (3, 7)), (3, 8))","(((2, 2), (2, 5), (3, 8)), (3, 9))",35,8.0,43.0,35,1,0,expanded,False,True,2937
"(((2, 2), (2, 3), (4, 8)), (5, 8))","(((2, 2), (2, 3), (5, 8)), (6, 3))",35,8.0,43.0,35,1,0,expanded,False,True,2938
"(((2, 1), (4, 3), (6, 7)), (1, 2))","(((2, 2), (4, 3), (6, 7)), (1, 2))",37,8,45.0,37,,,pruned,,,2939
"(((2, 2), (4, 3), (6, 7)), (1, 2))","(((2, 2), (4, 3), (6, 6)), (1, 2))",36,7.0,43.0,36,5,1,expanded,False,True,2940
"(((2, 3), (4, 3), (6, 8)), (6, 3))","(((2, 3), (4, 3), (6, 7)), (1, 2))",36,7.0,43.0,36,1,0,expanded,False,True,2941
"(((2, 4), (4, 4), (6, 8)), (6, 3))","(((2, 4), (4, 4), (6, 7)), (1, 2))",36,7.0,43.0,36,1,0,expanded,False,True,2942
"(((2, 5), (4, 5), (6, 8)), (6, 3))","(((2, 5), (4, 5), (6, 7)), (1, 2))",36,7.0,43.0,36,1,0,expanded,False,True,2943
"(((3, 2), (4, 6), (7, 7)), (1, 2))","(((3, 2), (4, 5), (7, 7)), (1, 2))",37,8,45.0,37,,,pruned,,,2944
"(((3, 2), (4, 5), (7, 8)), (1, 2))","(((3, 2), (4, 5), (7, 7)), (1, 2))",37,8,45.0,37,,,pruned,,,2945
"(((3, 2), (4, 5), (7, 7)), (1, 2))","(((3, 2), (4, 5), (7, 6)), (1, 2))",36,7.0,43.0,36,6,2,expanded,False,True,2946
"(((2, 2), (4, 6), (7, 6)), (2, 1))","(((2, 2), (4, 5), (7, 6)), (2, 1))",37,8,45.0,37,,,pruned,,,2947
"(((1, 2), (4, 5), (7, 6)), (1, 3))","(((2, 2), (4, 5), (7, 6)), (2, 1))",37,8,45.0,37,,,pruned,,,2948
"(((2, 2), (4, 5), (7, 6)), (2, 1))","(((3, 2), (4, 5), (7, 6)), (1, 2))",36,7.0,43.0,36,3,2,expanded,False,True,2949
"(((3, 2), (4, 1), (6, 7)), (1, 2))","(((3, 2), (4, 2), (6, 7)), (1, 2))",37,8,45.0,37,,,pruned,,,2950
"(((3, 2), (4, 2), (6, 7)), (1, 2))","(((3, 2), (4, 2), (6, 6)), (1, 2))",36,7.0,43.0,36,4,1,expanded,False,True,2951
"(((3, 7), (3, 8), (4, 5)), (3, 9))","(((3, 7), (4, 5), (4, 8)), (5, 8))",36,7.0,43.0,36,0,0,expanded,False,True,2952
"(((2, 5), (3, 8), (4, 2)), (3, 9))","(((2, 5), (4, 2), (4, 8)), (5, 8))",36,7.0,43.0,36,1,0,expanded,False,True,2953
"(((2, 1), (2, 5), (3, 6)), (1, 2))","(((2, 2), (2, 5), (3, 6)), (1, 2))",37,8,45.0,37,,,pruned,,,2954
"(((2, 2), (2, 5), (4, 6)), (1, 2))","(((2, 2), (2, 5), (3, 6)), (1, 2))",37,6,43.0,37,,,pruned,,,2955
"(((2, 2), (2, 5), (3, 6)), (1, 2))","(((2, 3), (2, 5), (3, 6)), (1, 2))",36,7.0,43.0,36,5,2,expanded,False,True,2956
"(((2, 3), (2, 7), (3, 6)), (1, 2))","(((2, 3), (2, 6), (3, 6)), (1, 2))",37,8,45.0,37,,,pruned,,,2957
"(((2, 3), (2, 6), (3, 6)), (1, 2))","(((2, 3), (2, 5), (3, 6)), (1, 2))",36,7.0,43.0,36,3,1,expanded,False,True,2958
"(((1, 6), (2, 3), (2, 5)), (1, 2))","(((2, 3), (2, 5), (2, 6)), (1, 2))",37,8,45.0,37,,,pruned,,,2959
"(((2, 3), (2, 5), (2, 6)), (1, 2))","(((2, 3), (2, 5), (3, 6)), (1, 2))",36,7.0,43.0,36,4,1,expanded,False,True,2960
"(((2, 3), (4, 2), (5, 8)), (6, 3))","(((2, 3), (4, 2), (6, 8)), (6, 3))",36,7.0,43.0,36,1,0,expanded,False,True,2961
"(((2, 5), (3, 2), (3, 7)), (3, 8))","(((2, 5), (3, 2), (3, 8)), (3, 9))",36,7.0,43.0,36,1,0,expanded,False,True,2962
"(((2, 3), (3, 2), (4, 8)), (5, 8))","(((2, 3), (3, 2), (5, 8)), (6, 3))",36,7.0,43.0,36,1,0,expanded,False,True,2963
"(((2, 6), (3, 2), (3, 6)), (2, 7))","(((2, 6), (3, 2), (3, 7)), (3, 8))",36,7.0,43.0,36,1,0,expanded,False,True,2964
"(((2, 1), (4, 5), (6, 6)), (1, 2))","(((2, 2), (4, 5), (6, 6)), (1, 2))",38,7,45.0,38,,,pruned,,,2965
"(((2, 2), (4, 5), (6, 6)), (1, 2))","(((2, 2), (4, 5), (6, 5)), (1, 2))",37,6.0,43.0,37,5,1,expanded,False,True,2966
"(((2, 3), (4, 6), (6, 7)), (1, 2))","(((2, 3), (4, 5), (6, 7)), (1, 2))",38,7,45.0,38,,,pruned,,,2967
"(((2, 3), (4, 5), (6, 7)), (1, 2))","(((2, 3), (4, 5), (6, 6)), (1, 2))",37,6.0,43.0,37,6,1,expanded,False,True,2968
"(((3, 2), (4, 3), (6, 7)), (1, 2))","(((3, 2), (4, 3), (6, 6)), (1, 2))",37,6.0,43.0,37,6,0,expanded,False,True,2969
"(((1, 2), (4, 3), (6, 6)), (1, 3))","(((2, 2), (4, 3), (6, 6)), (2, 1))",38,7,45.0,38,,,pruned,,,2970
"(((2, 2), (4, 3), (6, 6)), (2, 1))","(((3, 2), (4, 3), (6, 6)), (1, 2))",37,6.0,43.0,37,3,1,expanded,False,True,2971
"(((4, 2), (4, 5), (7, 8)), (1, 2))","(((4, 2), (4, 5), (7, 7)), (1, 2))",38,7,45.0,38,,,pruned,,,2972
"(((4, 2), (4, 5), (7, 7)), (1, 2))","(((4, 2), (4, 5), (7, 6)), (1, 2))",37,6.0,43.0,37,4,1,expanded,False,True,2973
"(((3, 6), (3, 8), (4, 5)), (3, 9))","(((3, 6), (4, 5), (4, 8)), (5, 8))",37,6.0,43.0,37,1,0,expanded,False,True,2974
"(((2, 5), (3, 8), (4, 3)), (3, 9))","(((2, 5), (4, 3), (4, 8)), (5, 8))",37,6.0,43.0,37,1,0,expanded,False,True,2975
"(((2, 3), (4, 3), (5, 8)), (6, 3))","(((2, 3), (4, 3), (6, 8)), (6, 3))",37,6.0,43.0,37,1,0,expanded,False,True,2976
"(((2, 4), (4, 4), (5, 8)), (6, 3))","(((2, 4), (4, 4), (6, 8)), (6, 3))",37,6.0,43.0,37,1,0,expanded,False,True,2977
"(((2, 5), (4, 5), (5, 8)), (6, 3))","(((2, 5), (4, 5), (6, 8)), (6, 3))",37,6.0,43.0,37,1,0,expanded,False,True,2978
"(((2, 5), (3, 7), (4, 2)), (3, 8))","(((2, 5), (3, 8), (4, 2)), (3, 9))",37,6.0,43.0,37,1,0,expanded,False,True,2979
"(((2, 5), (3, 2), (4, 6)), (1, 2))","(((2, 5), (3, 2), (3, 6)), (1, 2))",38,5,43.0,38,,,pruned,,,2980
"(((2, 5), (3, 2), (3, 6)), (1, 2))","(((2, 2), (2, 5), (3, 6)), (1, 2))",37,6.0,43.0,37,6,1,expanded,False,True,2981
"(((2, 3), (4, 2), (4, 8)), (5, 8))","(((2, 3), (4, 2), (5, 8)), (6, 3))",37,6.0,43.0,37,1,0,expanded,False,True,2982
"(((4, 2), (4, 3), (6, 7)), (1, 2))","(((4, 2), (4, 3), (6, 6)), (1, 2))",38,5.0,43.0,38,2,0,expanded,False,True,2983
"(((4, 3), (4, 5), (7, 8)), (1, 2))","(((4, 3), (4, 5), (7, 7)), (1, 2))",39,6,45.0,39,,,pruned,,,2984
"(((4, 3), (4, 5), (7, 7)), (1, 2))","(((4, 3), (4, 5), (7, 6)), (1, 2))",38,5.0,43.0,38,4,1,expanded,False,True,2985
"(((2, 2), (4, 6), (6, 5)), (2, 1))","(((2, 2), (4, 5), (6, 5)), (2, 1))",39,6,45.0,39,,,pruned,,,2986
"(((1, 2), (4, 5), (6, 5)), (1, 3))","(((2, 2), (4, 5), (6, 5)), (2, 1))",39,6,45.0,39,,,pruned,,,2987
"(((2, 2), (4, 5), (6, 5)), (2, 1))","(((3, 2), (4, 5), (6, 5)), (1, 2))",38,5.0,43.0,38,3,2,expanded,False,True,2988
"(((3, 2), (4, 6), (6, 6)), (1, 2))","(((3, 2), (4, 5), (6, 6)), (1, 2))",39,6,45.0,39,,,pruned,,,2989
"(((3, 2), (4, 5), (6, 6)), (1, 2))","(((3, 2), (4, 5), (6, 5)), (1, 2))",38,5.0,43.0,38,6,1,expanded,False,True,2990
"(((3, 6), (3, 7), (4, 5)), (3, 8))","(((3, 6), (3, 8), (4, 5)), (3, 9))",38,5.0,43.0,38,0,0,expanded,False,True,2991
"(((2, 5), (3, 7), (4, 3)), (3, 8))","(((2, 5), (3, 8), (4, 3)), (3, 9))",38,5.0,43.0,38,1,0,expanded,False,True,2992
"(((2, 3), (4, 3), (4, 8)), (5, 8))","(((2, 3), (4, 3), (5, 8)), (6, 3))",38,5.0,43.0,38,1,0,expanded,False,True,2993
"(((2, 4), (4, 4), (4, 8)), (5, 8))","(((2, 4), (4, 4), (5, 8)), (6, 3))",38,5.0,43.0,38,1,0,expanded,False,True,2994
"(((2, 5), (4, 5), (4, 8)), (5, 8))","(((2, 5), (4, 5), (5, 8)), (6, 3))",38,5.0,43.0,38,1,0,expanded,False,True,2995
"(((2, 5), (4, 2), (4, 6)), (1, 2))","(((2, 5), (3, 6), (4, 2)), (1, 2))",39,4,43.0,39,,,pruned,,,2996
"(((2, 5), (3, 6), (4, 2)), (1, 2))","(((2, 5), (3, 7), (4, 2)), (3, 8))",38,5.0,43.0,38,4,1,expanded,False,True,2997
"(((4, 2), (4, 5), (6, 6)), (1, 2))","(((4, 2), (4, 5), (6, 5)), (1, 2))",39,4.0,43.0,39,4,0,expanded,False,True,2998
"(((2, 5), (4, 3), (4, 6)), (1, 2))","(((2, 5), (3, 6), (4, 3)), (1, 2))",40,3,43.0,40,,,pruned,,,2999
"(((2, 5), (3, 6), (4, 3)), (1, 2))","(((2, 5), (3, 7), (4, 3)), (3, 8))",39,4.0,43.0,39,4,1,expanded,False,True,3000
"(((4, 3), (4, 5), (6, 6)), (1, 2))","(((4, 3), (4, 5), (6, 5)), (1, 2))",40,3.0,43.0,40,4,0,expanded,False,True,3001
"(((2, 2), (2, 4), (3, 8)), (3, 9))","(((2, 2), (2, 4), (4, 8)), (5, 8))",35,9.0,44.0,35,1,0,expanded,False,True,3002
"(((1, 2), (4, 4), (7, 7)), (1, 3))","(((2, 2), (4, 4), (7, 7)), (2, 1))",37,9,46.0,37,,,pruned,,,3003
"(((2, 2), (4, 4), (7, 7)), (2, 1))","(((3, 2), (4, 4), (7, 7)), (1, 2))",36,8.0,44.0,36,3,1,expanded,False,True,3004
"(((2, 4), (3, 2), (3, 8)), (3, 9))","(((2, 4), (3, 2), (4, 8)), (5, 8))",36,8.0,44.0,36,1,0,expanded,False,True,3005
"(((2, 2), (2, 4), (3, 7)), (3, 8))","(((2, 2), (2, 4), (3, 8)), (3, 9))",36,8.0,44.0,36,1,0,expanded,False,True,3006
"(((2, 1), (4, 4), (6, 7)), (1, 2))","(((2, 2), (4, 4), (6, 7)), (1, 2))",38,8,46.0,38,,,pruned,,,3007
"(((2, 2), (4, 4), (6, 7)), (1, 2))","(((2, 2), (4, 4), (6, 6)), (1, 2))",37,7.0,44.0,37,5,1,expanded,False,True,3008
"(((2, 3), (4, 4), (6, 8)), (6, 3))","(((2, 3), (4, 4), (6, 7)), (1, 2))",37,7.0,44.0,37,1,0,expanded,False,True,3009
"(((2, 4), (4, 5), (6, 8)), (6, 3))","(((2, 4), (4, 5), (6, 7)), (1, 2))",37,7.0,44.0,37,1,0,expanded,False,True,3010
"(((1, 6), (2, 3), (2, 4)), (1, 2))","(((2, 3), (2, 4), (2, 6)), (1, 2))",38,8,46.0,38,,,pruned,,,3011
"(((2, 3), (2, 4), (2, 7)), (1, 2))","(((2, 3), (2, 4), (2, 6)), (1, 2))",38,8,46.0,38,,,pruned,,,3012
"(((2, 3), (2, 4), (2, 6)), (1, 2))","(((2, 3), (2, 4), (3, 6)), (1, 2))",37,7.0,44.0,37,4,2,expanded,False,True,3013
"(((2, 4), (3, 8), (4, 2)), (3, 9))","(((2, 4), (4, 2), (4, 8)), (5, 8))",37,7.0,44.0,37,1,0,expanded,False,True,3014
"(((2, 2), (2, 4), (4, 6)), (1, 2))","(((2, 2), (2, 4), (3, 6)), (1, 2))",38,6,44.0,38,,,pruned,,,3015
"(((2, 1), (2, 4), (3, 6)), (1, 2))","(((2, 2), (2, 4), (3, 6)), (1, 2))",38,8,46.0,38,,,pruned,,,3016
"(((2, 2), (2, 4), (3, 6)), (1, 2))","(((2, 2), (2, 5), (3, 6)), (1, 2))",37,7.0,44.0,37,5,2,expanded,False,True,3017
"(((2, 4), (2, 7), (3, 6)), (1, 2))","(((2, 4), (2, 6), (3, 6)), (1, 2))",38,8,46.0,38,,,pruned,,,3018
"(((2, 4), (2, 6), (3, 6)), (1, 2))","(((2, 3), (2, 6), (3, 6)), (1, 2))",37,7.0,44.0,37,3,1,expanded,False,True,3019
"(((2, 4), (3, 2), (3, 7)), (3, 8))","(((2, 4), (3, 2), (3, 8)), (3, 9))",37,7.0,44.0,37,1,0,expanded,False,True,3020
"(((1, 2), (4, 4), (6, 6)), (1, 3))","(((2, 2), (4, 4), (6, 6)), (2, 1))",39,7,46.0,39,,,pruned,,,3021
"(((2, 2), (4, 4), (6, 6)), (2, 1))","(((3, 2), (4, 4), (6, 6)), (1, 2))",38,6.0,44.0,38,3,1,expanded,False,True,3022
"(((3, 2), (4, 4), (6, 7)), (1, 2))","(((3, 2), (4, 4), (6, 6)), (1, 2))",38,6.0,44.0,38,6,0,expanded,False,True,3023
"(((2, 4), (3, 8), (4, 3)), (3, 9))","(((2, 4), (4, 3), (4, 8)), (5, 8))",38,6.0,44.0,38,1,0,expanded,False,True,3024
"(((2, 5), (3, 8), (4, 4)), (3, 9))","(((2, 5), (4, 4), (4, 8)), (5, 8))",38,6.0,44.0,38,1,0,expanded,False,True,3025
"(((2, 4), (3, 2), (4, 6)), (1, 2))","(((2, 4), (3, 2), (3, 6)), (1, 2))",39,5,44.0,39,,,pruned,,,3026
"(((2, 4), (3, 2), (3, 6)), (1, 2))","(((2, 5), (3, 2), (3, 6)), (1, 2))",38,6.0,44.0,38,6,1,expanded,False,True,3027
"(((2, 3), (4, 4), (5, 8)), (6, 3))","(((2, 3), (4, 4), (6, 8)), (6, 3))",38,6.0,44.0,38,1,0,expanded,False,True,3028
"(((2, 4), (4, 5), (5, 8)), (6, 3))","(((2, 4), (4, 5), (6, 8)), (6, 3))",38,6.0,44.0,38,1,0,expanded,False,True,3029
"(((2, 3), (2, 4), (2, 5)), (1, 2))","(((2, 3), (2, 4), (2, 6)), (1, 2))",38,6.0,44.0,38,0,0,expanded,False,True,3030
"(((2, 4), (3, 7), (4, 2)), (3, 8))","(((2, 4), (3, 8), (4, 2)), (3, 9))",38,6.0,44.0,38,1,0,expanded,False,True,3031
"(((4, 2), (4, 4), (6, 7)), (1, 2))","(((4, 2), (4, 4), (6, 6)), (1, 2))",39,5.0,44.0,39,4,0,expanded,False,True,3032
"(((4, 4), (4, 5), (7, 8)), (1, 2))","(((4, 4), (4, 5), (7, 7)), (1, 2))",40,6,46.0,40,,,pruned,,,3033
"(((4, 4), (4, 5), (7, 7)), (1, 2))","(((4, 4), (4, 5), (7, 6)), (1, 2))",39,5.0,44.0,39,2,1,expanded,False,True,3034
"(((2, 4), (4, 2), (4, 6)), (1, 2))","(((2, 4), (3, 6), (4, 2)), (1, 2))",40,4,44.0,40,,,pruned,,,3035
"(((2, 4), (3, 6), (4, 2)), (1, 2))","(((2, 5), (3, 6), (4, 2)), (1, 2))",39,5.0,44.0,39,4,1,expanded,False,True,3036
"(((2, 4), (3, 7), (4, 3)), (3, 8))","(((2, 4), (3, 8), (4, 3)), (3, 9))",39,5.0,44.0,39,1,0,expanded,False,True,3037
"(((2, 5), (3, 7), (4, 4)), (3, 8))","(((2, 5), (3, 8), (4, 4)), (3, 9))",39,5.0,44.0,39,1,0,expanded,False,True,3038
"(((2, 3), (4, 4), (4, 8)), (5, 8))","(((2, 3), (4, 4), (5, 8)), (6, 3))",39,5.0,44.0,39,1,0,expanded,False,True,3039
"(((2, 4), (4, 5), (4, 8)), (5, 8))","(((2, 4), (4, 5), (5, 8)), (6, 3))",39,5.0,44.0,39,1,0,expanded,False,True,3040
"(((4, 3), (4, 4), (6, 7)), (1, 2))","(((4, 3), (4, 4), (6, 6)), (1, 2))",40,4.0,44.0,40,2,0,expanded,False,True,3041
"(((2, 4), (4, 3), (4, 6)), (1, 2))","(((2, 4), (3, 6), (4, 3)), (1, 2))",41,3,44.0,41,,,pruned,,,3042
"(((2, 4), (3, 6), (4, 3)), (1, 2))","(((2, 5), (3, 6), (4, 3)), (1, 2))",40,4.0,44.0,40,4,1,expanded,False,True,3043
"(((2, 5), (4, 4), (4, 6)), (1, 2))","(((2, 5), (3, 6), (4, 4)), (1, 2))",41,3,44.0,41,,,pruned,,,3044
"(((2, 5), (3, 6), (4, 4)), (1, 2))","(((2, 5), (3, 6), (4, 3)), (1, 2))",40,4.0,44.0,40,4,1,expanded,False,True,3045
"(((4, 4), (4, 5), (6, 6)), (1, 2))","(((4, 4), (4, 5), (6, 5)), (1, 2))",41,3.0,44.0,41,2,0,expanded,False,True,3046
"(((2, 2), (3, 2), (6, 8)), (6, 3))","(((2, 2), (3, 2), (6, 7)), (1, 2))",35,10.0,45.0,35,1,0,expanded,False,True,3047
"(((2, 2), (2, 6), (3, 8)), (3, 9))","(((2, 2), (2, 6), (4, 8)), (5, 8))",35,10.0,45.0,35,1,0,expanded,False,True,3048
"(((2, 2), (4, 2), (6, 8)), (6, 3))","(((2, 2), (4, 2), (6, 7)), (1, 2))",36,9.0,45.0,36,1,0,expanded,False,True,3049
"(((2, 2), (2, 3), (3, 8)), (3, 9))","(((2, 2), (2, 3), (4, 8)), (5, 8))",36,9.0,45.0,36,1,0,expanded,False,True,3050
"(((2, 2), (3, 2), (5, 8)), (6, 3))","(((2, 2), (3, 2), (6, 8)), (6, 3))",36,9.0,45.0,36,1,0,expanded,False,True,3051
"(((2, 2), (2, 6), (3, 7)), (3, 8))","(((2, 2), (2, 6), (3, 8)), (3, 9))",36,9.0,45.0,36,1,0,expanded,False,True,3052
"(((2, 2), (4, 3), (6, 8)), (6, 3))","(((2, 2), (4, 3), (6, 7)), (1, 2))",37,8.0,45.0,37,1,0,expanded,False,True,3053
"(((2, 2), (4, 6), (7, 7)), (2, 1))","(((2, 2), (4, 5), (7, 7)), (2, 1))",38,9,47.0,38,,,pruned,,,3054
"(((1, 2), (4, 5), (7, 7)), (1, 3))","(((2, 2), (4, 5), (7, 7)), (2, 1))",38,9,47.0,38,,,pruned,,,3055
"(((2, 2), (4, 5), (7, 7)), (2, 1))","(((3, 2), (4, 5), (7, 7)), (1, 2))",37,8.0,45.0,37,3,2,expanded,False,True,3056
"(((3, 2), (4, 2), (6, 8)), (6, 3))","(((3, 2), (4, 2), (6, 7)), (1, 2))",37,8.0,45.0,37,1,0,expanded,False,True,3057
"(((2, 2), (2, 7), (3, 6)), (1, 2))","(((2, 2), (2, 6), (3, 6)), (1, 2))",38,9,47.0,38,,,pruned,,,3058
"(((2, 1), (2, 6), (3, 6)), (1, 2))","(((2, 2), (2, 6), (3, 6)), (1, 2))",38,9,47.0,38,,,pruned,,,3059
"(((2, 2), (2, 6), (3, 6)), (1, 2))","(((2, 2), (2, 5), (3, 6)), (1, 2))",37,8.0,45.0,37,3,2,expanded,False,True,3060
"(((2, 1), (2, 5), (2, 6)), (1, 2))","(((2, 2), (2, 5), (2, 6)), (1, 2))",38,9,47.0,38,,,pruned,,,3061
"(((2, 2), (2, 5), (2, 6)), (1, 2))","(((2, 3), (2, 5), (2, 6)), (1, 2))",37,8.0,45.0,37,3,1,expanded,False,True,3062
"(((2, 3), (3, 2), (3, 8)), (3, 9))","(((2, 3), (3, 2), (4, 8)), (5, 8))",37,8.0,45.0,37,1,0,expanded,False,True,3063
"(((2, 2), (4, 2), (5, 8)), (6, 3))","(((2, 2), (4, 2), (6, 8)), (6, 3))",37,8.0,45.0,37,1,0,expanded,False,True,3064
"(((2, 2), (2, 3), (3, 7)), (3, 8))","(((2, 2), (2, 3), (3, 8)), (3, 9))",37,8.0,45.0,37,1,0,expanded,False,True,3065
"(((2, 2), (3, 2), (4, 8)), (5, 8))","(((2, 2), (3, 2), (5, 8)), (6, 3))",37,8.0,45.0,37,1,0,expanded,False,True,3066
"(((2, 2), (2, 6), (3, 6)), (2, 7))","(((2, 2), (2, 6), (3, 7)), (3, 8))",37,8.0,45.0,37,1,0,expanded,False,True,3067
"(((2, 1), (4, 5), (6, 7)), (1, 2))","(((2, 2), (4, 5), (6, 7)), (1, 2))",39,8,47.0,39,,,pruned,,,3068
"(((2, 2), (4, 5), (6, 7)), (1, 2))","(((2, 2), (4, 5), (6, 6)), (1, 2))",38,7.0,45.0,38,5,1,expanded,False,True,3069
"(((2, 3), (4, 5), (6, 8)), (6, 3))","(((2, 3), (4, 5), (6, 7)), (1, 2))",38,7.0,45.0,38,1,0,expanded,False,True,3070
"(((3, 2), (4, 3), (6, 8)), (6, 3))","(((3, 2), (4, 3), (6, 7)), (1, 2))",38,7.0,45.0,38,1,0,expanded,False,True,3071
"(((1, 2), (4, 3), (6, 7)), (1, 3))","(((2, 2), (4, 3), (6, 7)), (2, 1))",39,8,47.0,39,,,pruned,,,3072
"(((2, 2), (4, 3), (6, 7)), (2, 1))","(((3, 2), (4, 3), (6, 7)), (1, 2))",38,7.0,45.0,38,3,1,expanded,False,True,3073
"(((1, 2), (2, 5), (3, 6)), (1, 3))","(((2, 2), (2, 5), (3, 6)), (2, 1))",39,8,47.0,39,,,pruned,,,3074
"(((2, 2), (2, 5), (3, 6)), (2, 1))","(((2, 5), (3, 2), (3, 6)), (1, 2))",38,7.0,45.0,38,3,1,expanded,False,True,3075
"(((2, 7), (3, 2), (3, 6)), (1, 2))","(((2, 6), (3, 2), (3, 6)), (1, 2))",39,8,47.0,39,,,pruned,,,3076
"(((2, 6), (3, 2), (3, 6)), (1, 2))","(((2, 5), (3, 2), (3, 6)), (1, 2))",38,7.0,45.0,38,3,1,expanded,False,True,3077
"(((1, 6), (2, 5), (3, 2)), (1, 2))","(((2, 5), (2, 6), (3, 2)), (1, 2))",39,8,47.0,39,,,pruned,,,3078
"(((2, 5), (2, 6), (3, 2)), (1, 2))","(((2, 5), (3, 2), (3, 6)), (1, 2))",38,7.0,45.0,38,4,1,expanded,False,True,3079
"(((2, 3), (3, 8), (4, 2)), (3, 9))","(((2, 3), (4, 2), (4, 8)), (5, 8))",38,7.0,45.0,38,1,0,expanded,False,True,3080
"(((2, 2), (2, 3), (4, 6)), (1, 2))","(((2, 2), (2, 3), (3, 6)), (1, 2))",39,6,45.0,39,,,pruned,,,3081
"(((2, 2), (2, 3), (3, 6)), (1, 2))","(((2, 2), (2, 4), (3, 6)), (1, 2))",38,7.0,45.0,38,2,1,expanded,False,True,3082
"(((2, 5), (2, 6), (3, 6)), (1, 2))","(((2, 4), (2, 6), (3, 6)), (1, 2))",38,7.0,45.0,38,0,0,expanded,False,True,3083
"(((2, 2), (4, 3), (5, 8)), (6, 3))","(((2, 2), (4, 3), (6, 8)), (6, 3))",38,7.0,45.0,38,1,0,expanded,False,True,3084
"(((3, 2), (4, 2), (5, 8)), (6, 3))","(((3, 2), (4, 2), (6, 8)), (6, 3))",38,7.0,45.0,38,1,0,expanded,False,True,3085
"(((2, 3), (3, 2), (3, 7)), (3, 8))","(((2, 3), (3, 2), (3, 8)), (3, 9))",38,7.0,45.0,38,1,0,expanded,False,True,3086
"(((2, 2), (4, 2), (4, 8)), (5, 8))","(((2, 2), (4, 2), (5, 8)), (6, 3))",38,7.0,45.0,38,1,0,expanded,False,True,3087
"(((4, 2), (4, 3), (6, 8)), (6, 3))","(((4, 2), (4, 3), (6, 7)), (1, 2))",39,6.0,45.0,39,1,0,expanded,False,True,3088
"(((3, 2), (4, 6), (6, 7)), (1, 2))","(((3, 2), (4, 5), (6, 7)), (1, 2))",40,7,47.0,40,,,pruned,,,3089
"(((3, 2), (4, 5), (6, 7)), (1, 2))","(((3, 2), (4, 5), (6, 6)), (1, 2))",39,6.0,45.0,39,6,1,expanded,False,True,3090
"(((2, 2), (4, 6), (6, 6)), (2, 1))","(((2, 2), (4, 5), (6, 6)), (2, 1))",40,7,47.0,40,,,pruned,,,3091
"(((1, 2), (4, 5), (6, 6)), (1, 3))","(((2, 2), (4, 5), (6, 6)), (2, 1))",40,7,47.0,40,,,pruned,,,3092
"(((2, 2), (4, 5), (6, 6)), (2, 1))","(((3, 2), (4, 5), (6, 6)), (1, 2))",39,6.0,45.0,39,3,2,expanded,False,True,3093
"(((2, 3), (3, 8), (4, 3)), (3, 9))","(((2, 3), (4, 3), (4, 8)), (5, 8))",39,6.0,45.0,39,1,0,expanded,False,True,3094
"(((2, 4), (3, 8), (4, 4)), (3, 9))","(((2, 4), (4, 4), (4, 8)), (5, 8))",39,6.0,45.0,39,1,0,expanded,False,True,3095
"(((2, 5), (3, 8), (4, 5)), (3, 9))","(((2, 5), (4, 5), (4, 8)), (5, 8))",39,6.0,45.0,39,1,0,expanded,False,True,3096
"(((2, 7), (3, 6), (4, 2)), (1, 2))","(((2, 6), (3, 6), (4, 2)), (1, 2))",40,7,47.0,40,,,pruned,,,3097
"(((2, 6), (3, 6), (4, 2)), (1, 2))","(((2, 5), (3, 6), (4, 2)), (1, 2))",39,6.0,45.0,39,2,1,expanded,False,True,3098
"(((2, 3), (3, 2), (4, 6)), (1, 2))","(((2, 3), (3, 2), (3, 6)), (1, 2))",40,5,45.0,40,,,pruned,,,3099
"(((2, 3), (3, 2), (3, 6)), (1, 2))","(((2, 4), (3, 2), (3, 6)), (1, 2))",39,6.0,45.0,39,6,1,expanded,False,True,3100
"(((2, 3), (4, 5), (5, 8)), (6, 3))","(((2, 3), (4, 5), (6, 8)), (6, 3))",39,6.0,45.0,39,1,0,expanded,False,True,3101
"(((3, 2), (4, 3), (5, 8)), (6, 3))","(((3, 2), (4, 3), (6, 8)), (6, 3))",39,6.0,45.0,39,1,0,expanded,False,True,3102
"(((2, 5), (2, 6), (4, 2)), (1, 2))","(((2, 5), (2, 6), (3, 2)), (1, 2))",39,6.0,45.0,39,2,0,expanded,False,True,3103
"(((2, 3), (3, 7), (4, 2)), (3, 8))","(((2, 3), (3, 8), (4, 2)), (3, 9))",39,6.0,45.0,39,1,0,expanded,False,True,3104
"(((2, 2), (4, 3), (4, 8)), (5, 8))","(((2, 2), (4, 3), (5, 8)), (6, 3))",39,6.0,45.0,39,1,0,expanded,False,True,3105
"(((3, 2), (4, 2), (4, 8)), (5, 8))","(((3, 2), (4, 2), (5, 8)), (6, 3))",39,6.0,45.0,39,1,0,expanded,False,True,3106
"(((4, 2), (4, 5), (6, 7)), (1, 2))","(((4, 2), (4, 5), (6, 6)), (1, 2))",40,5.0,45.0,40,4,0,expanded,False,True,3107
"(((2, 7), (3, 6), (4, 3)), (1, 2))","(((2, 6), (3, 6), (4, 3)), (1, 2))",41,6,47.0,41,,,pruned,,,3108
"(((2, 6), (3, 6), (4, 3)), (1, 2))","(((2, 5), (3, 6), (4, 3)), (1, 2))",40,5.0,45.0,40,2,1,expanded,False,True,3109
"(((2, 3), (4, 2), (4, 6)), (1, 2))","(((2, 3), (3, 6), (4, 2)), (1, 2))",41,4,45.0,41,,,pruned,,,3110
"(((2, 3), (3, 6), (4, 2)), (1, 2))","(((2, 4), (3, 6), (4, 2)), (1, 2))",40,5.0,45.0,40,4,1,expanded,False,True,3111
"(((4, 2), (4, 3), (5, 8)), (6, 3))","(((4, 2), (4, 3), (6, 8)), (6, 3))",40,5.0,45.0,40,1,0,expanded,False,True,3112
"(((2, 3), (3, 7), (4, 3)), (3, 8))","(((2, 3), (3, 8), (4, 3)), (3, 9))",40,5.0,45.0,40,1,0,expanded,False,True,3113
"(((2, 4), (3, 7), (4, 4)), (3, 8))","(((2, 4), (3, 8), (4, 4)), (3, 9))",40,5.0,45.0,40,1,0,expanded,False,True,3114
"(((2, 5), (3, 7), (4, 5)), (3, 8))","(((2, 5), (3, 8), (4, 5)), (3, 9))",40,5.0,45.0,40,1,0,expanded,False,True,3115
"(((2, 3), (4, 5), (4, 8)), (5, 8))","(((2, 3), (4, 5), (5, 8)), (6, 3))",40,5.0,45.0,40,1,0,expanded,False,True,3116
"(((3, 2), (4, 3), (4, 8)), (5, 8))","(((3, 2), (4, 3), (5, 8)), (6, 3))",40,5.0,45.0,40,1,0,expanded,False,True,3117
"(((2, 5), (2, 6), (4, 3)), (1, 2))","(((2, 5), (2, 6), (4, 2)), (1, 2))",40,5.0,45.0,40,2,0,expanded,False,True,3118
"(((4, 3), (4, 5), (6, 7)), (1, 2))","(((4, 3), (4, 5), (6, 6)), (1, 2))",41,4.0,45.0,41,4,0,expanded,False,True,3119
"(((2, 4), (4, 4), (4, 6)), (1, 2))","(((2, 4), (3, 6), (4, 4)), (1, 2))",42,3,45.0,42,,,pruned,,,3120
"(((2, 4), (3, 6), (4, 4)), (1, 2))","(((2, 4), (3, 6), (4, 3)), (1, 2))",41,4.0,45.0,41,4,1,expanded,False,True,3121
"(((2, 3), (4, 3), (4, 6)), (1, 2))","(((2, 3), (3, 6), (4, 3)), (1, 2))",42,3,45.0,42,,,pruned,,,3122
"(((2, 3), (3, 6), (4, 3)), (1, 2))","(((2, 4), (3, 6), (4, 3)), (1, 2))",41,4.0,45.0,41,4,1,expanded,False,True,3123
"(((2, 5), (3, 6), (4, 6)), (1, 2))","(((2, 5), (3, 6), (4, 5)), (1, 2))",42,5,47.0,42,,,pruned,,,3124
"(((2, 5), (4, 5), (4, 6)), (1, 2))","(((2, 5), (3, 6), (4, 5)), (1, 2))",42,3,45.0,42,,,pruned,,,3125
"(((2, 5), (3, 6), (4, 5)), (1, 2))","(((2, 5), (3, 6), (4, 4)), (1, 2))",41,4.0,45.0,41,4,2,expanded,False,True,3126
"(((4, 2), (4, 3), (4, 8)), (5, 8))","(((4, 2), (4, 3), (5, 8)), (6, 3))",41,4.0,45.0,41,1,0,expanded,False,True,3127
"(((2, 2), (4, 4), (6, 8)), (6, 3))","(((2, 2), (4, 4), (6, 7)), (1, 2))",38,8.0,46.0,38,1,0,expanded,False,True,3128
"(((3, 2), (4, 4), (6, 8)), (6, 3))","(((3, 2), (4, 4), (6, 7)), (1, 2))",39,7.0,46.0,39,1,0,expanded,False,True,3129
"(((1, 2), (4, 4), (6, 7)), (1, 3))","(((2, 2), (4, 4), (6, 7)), (2, 1))",40,8,48.0,40,,,pruned,,,3130
"(((2, 2), (4, 4), (6, 7)), (2, 1))","(((3, 2), (4, 4), (6, 7)), (1, 2))",39,7.0,46.0,39,3,1,expanded,False,True,3131
"(((1, 2), (2, 4), (3, 6)), (1, 3))","(((2, 2), (2, 4), (3, 6)), (2, 1))",40,8,48.0,40,,,pruned,,,3132
"(((2, 2), (2, 4), (3, 6)), (2, 1))","(((2, 4), (3, 2), (3, 6)), (1, 2))",39,7.0,46.0,39,3,1,expanded,False,True,3133
"(((1, 6), (2, 4), (3, 2)), (1, 2))","(((2, 4), (2, 6), (3, 2)), (1, 2))",40,8,48.0,40,,,pruned,,,3134
"(((2, 4), (2, 7), (3, 2)), (1, 2))","(((2, 4), (2, 6), (3, 2)), (1, 2))",40,8,48.0,40,,,pruned,,,3135
"(((2, 4), (2, 6), (3, 2)), (1, 2))","(((2, 4), (3, 2), (3, 6)), (1, 2))",39,7.0,46.0,39,8,2,expanded,False,True,3136
"(((2, 2), (4, 4), (5, 8)), (6, 3))","(((2, 2), (4, 4), (6, 8)), (6, 3))",39,7.0,46.0,39,1,0,expanded,False,True,3137
"(((4, 2), (4, 4), (6, 8)), (6, 3))","(((4, 2), (4, 4), (6, 7)), (1, 2))",40,6.0,46.0,40,1,0,expanded,False,True,3138
"(((2, 3), (3, 8), (4, 4)), (3, 9))","(((2, 3), (4, 4), (4, 8)), (5, 8))",40,6.0,46.0,40,1,0,expanded,False,True,3139
"(((2, 4), (3, 8), (4, 5)), (3, 9))","(((2, 4), (4, 5), (4, 8)), (5, 8))",40,6.0,46.0,40,1,0,expanded,False,True,3140
"(((3, 2), (4, 4), (5, 8)), (6, 3))","(((3, 2), (4, 4), (6, 8)), (6, 3))",40,6.0,46.0,40,1,0,expanded,False,True,3141
"(((2, 4), (2, 7), (4, 2)), (1, 2))","(((2, 4), (2, 6), (4, 2)), (1, 2))",41,7,48.0,41,,,pruned,,,3142
"(((2, 4), (2, 6), (4, 2)), (1, 2))","(((2, 4), (2, 6), (3, 2)), (1, 2))",40,6.0,46.0,40,5,1,expanded,False,True,3143
"(((2, 4), (2, 5), (3, 2)), (1, 2))","(((2, 4), (2, 6), (3, 2)), (1, 2))",40,6.0,46.0,40,2,0,expanded,False,True,3144
"(((2, 2), (4, 4), (4, 8)), (5, 8))","(((2, 2), (4, 4), (5, 8)), (6, 3))",40,6.0,46.0,40,1,0,expanded,False,True,3145
"(((4, 3), (4, 4), (6, 8)), (6, 3))","(((4, 3), (4, 4), (6, 7)), (1, 2))",41,5.0,46.0,41,1,0,expanded,False,True,3146
"(((2, 7), (3, 6), (4, 4)), (1, 2))","(((2, 6), (3, 6), (4, 4)), (1, 2))",42,6,48.0,42,,,pruned,,,3147
"(((2, 6), (3, 6), (4, 4)), (1, 2))","(((2, 5), (3, 6), (4, 4)), (1, 2))",41,5.0,46.0,41,2,1,expanded,False,True,3148
"(((2, 5), (2, 6), (4, 4)), (1, 2))","(((2, 5), (2, 6), (4, 3)), (1, 2))",41,5.0,46.0,41,2,0,expanded,False,True,3149
"(((4, 2), (4, 4), (5, 8)), (6, 3))","(((4, 2), (4, 4), (6, 8)), (6, 3))",41,5.0,46.0,41,1,0,expanded,False,True,3150
"(((2, 3), (3, 7), (4, 4)), (3, 8))","(((2, 3), (3, 8), (4, 4)), (3, 9))",41,5.0,46.0,41,1,0,expanded,False,True,3151
"(((2, 4), (3, 7), (4, 5)), (3, 8))","(((2, 4), (3, 8), (4, 5)), (3, 9))",41,5.0,46.0,41,1,0,expanded,False,True,3152
"(((3, 2), (4, 4), (4, 8)), (5, 8))","(((3, 2), (4, 4), (5, 8)), (6, 3))",41,5.0,46.0,41,1,0,expanded,False,True,3153
"(((2, 4), (2, 7), (4, 3)), (1, 2))","(((2, 4), (2, 6), (4, 3)), (1, 2))",42,6,48.0,42,,,pruned,,,3154
"(((2, 4), (2, 6), (4, 3)), (1, 2))","(((2, 4), (2, 6), (4, 2)), (1, 2))",41,5.0,46.0,41,5,1,expanded,False,True,3155
"(((2, 4), (2, 5), (4, 1)), (1, 2))","(((2, 4), (2, 5), (4, 2)), (1, 2))",42,6,48.0,42,,,pruned,,,3156
"(((2, 4), (2, 5), (4, 2)), (1, 2))","(((2, 4), (2, 5), (3, 2)), (1, 2))",41,5.0,46.0,41,2,1,expanded,False,True,3157
"(((4, 4), (4, 5), (6, 7)), (1, 2))","(((4, 4), (4, 5), (6, 6)), (1, 2))",42,4.0,46.0,42,2,0,expanded,False,True,3158
"(((2, 4), (3, 6), (4, 6)), (1, 2))","(((2, 4), (3, 6), (4, 5)), (1, 2))",43,5,48.0,43,,,pruned,,,3159
"(((2, 4), (4, 5), (4, 6)), (1, 2))","(((2, 4), (3, 6), (4, 5)), (1, 2))",43,3,46.0,43,,,pruned,,,3160
"(((2, 4), (3, 6), (4, 5)), (1, 2))","(((2, 4), (3, 6), (4, 4)), (1, 2))",42,4.0,46.0,42,4,2,expanded,False,True,3161
"(((2, 3), (4, 4), (4, 6)), (1, 2))","(((2, 3), (3, 6), (4, 4)), (1, 2))",43,3,46.0,43,,,pruned,,,3162
"(((2, 3), (3, 6), (4, 4)), (1, 2))","(((2, 4), (3, 6), (4, 4)), (1, 2))",42,4.0,46.0,42,4,1,expanded,False,True,3163
"(((4, 3), (4, 4), (5, 8)), (6, 3))","(((4, 3), (4, 4), (6, 8)), (6, 3))",42,4.0,46.0,42,1,0,expanded,False,True,3164
"(((4, 2), (4, 4), (4, 8)), (5, 8))","(((4, 2), (4, 4), (5, 8)), (6, 3))",42,4.0,46.0,42,1,0,expanded,False,True,3165
"(((2, 4), (2, 5), (4, 3)), (1, 2))","(((2, 4), (2, 5), (4, 2)), (1, 2))",42,4.0,46.0,42,2,0,expanded,False,True,3166
"(((4, 3), (4, 4), (4, 8)), (5, 8))","(((4, 3), (4, 4), (5, 8)), (6, 3))",43,3.0,46.0,43,1,0,expanded,False,True,3167
"(((2, 2), (3, 2), (3, 8)), (3, 9))","(((2, 2), (3, 2), (4, 8)), (5, 8))",38,9.0,47.0,38,1,0,expanded,False,True,3168
"(((2, 2), (4, 5), (6, 8)), (6, 3))","(((2, 2), (4, 5), (6, 7)), (1, 2))",39,8.0,47.0,39,1,0,expanded,False,True,3169
"(((1, 6), (2, 2), (2, 5)), (2, 1))","(((2, 2), (2, 5), (2, 6)), (2, 1))",40,9,49.0,40,,,pruned,,,3170
"(((1, 2), (2, 5), (2, 6)), (1, 3))","(((2, 2), (2, 5), (2, 6)), (2, 1))",40,9,49.0,40,,,pruned,,,3171
"(((2, 2), (2, 5), (2, 6)), (2, 1))","(((2, 2), (2, 5), (3, 6)), (2, 1))",39,8.0,47.0,39,3,2,expanded,False,True,3172
"(((1, 2), (2, 6), (3, 6)), (1, 3))","(((2, 2), (2, 6), (3, 6)), (2, 1))",40,9,49.0,40,,,pruned,,,3173
"(((2, 2), (2, 6), (3, 6)), (2, 1))","(((2, 6), (3, 2), (3, 6)), (1, 2))",39,8.0,47.0,39,2,1,expanded,False,True,3174
"(((2, 2), (3, 8), (4, 2)), (3, 9))","(((2, 2), (4, 2), (4, 8)), (5, 8))",39,8.0,47.0,39,1,0,expanded,False,True,3175
"(((2, 2), (3, 2), (3, 7)), (3, 8))","(((2, 2), (3, 2), (3, 8)), (3, 9))",39,8.0,47.0,39,1,0,expanded,False,True,3176
"(((3, 2), (4, 5), (6, 8)), (6, 3))","(((3, 2), (4, 5), (6, 7)), (1, 2))",40,7.0,47.0,40,1,0,expanded,False,True,3177
"(((2, 2), (4, 6), (6, 7)), (2, 1))","(((2, 2), (4, 5), (6, 7)), (2, 1))",41,8,49.0,41,,,pruned,,,3178
"(((1, 2), (4, 5), (6, 7)), (1, 3))","(((2, 2), (4, 5), (6, 7)), (2, 1))",41,8,49.0,41,,,pruned,,,3179
"(((2, 2), (4, 5), (6, 7)), (2, 1))","(((3, 2), (4, 5), (6, 7)), (1, 2))",40,7.0,47.0,40,3,2,expanded,False,True,3180
"(((2, 1), (3, 2), (3, 6)), (1, 2))","(((2, 2), (3, 2), (3, 6)), (1, 2))",41,8,49.0,41,,,pruned,,,3181
"(((2, 2), (3, 2), (4, 6)), (1, 2))","(((2, 2), (3, 2), (3, 6)), (1, 2))",41,6,47.0,41,,,pruned,,,3182
"(((2, 2), (3, 2), (3, 6)), (1, 2))","(((2, 3), (3, 2), (3, 6)), (1, 2))",40,7.0,47.0,40,2,2,expanded,True,True,3183
"(((1, 2), (2, 3), (3, 6)), (2, 1))","(((2, 2), (2, 3), (3, 6)), (2, 1))",41,8,49.0,41,,,pruned,,,3184
"(((2, 2), (2, 3), (3, 6)), (2, 1))","(((2, 3), (3, 2), (3, 6)), (1, 2))",40,7.0,47.0,40,2,1,expanded,False,True,3185
"(((1, 6), (2, 3), (3, 2)), (1, 2))","(((2, 3), (2, 6), (3, 2)), (1, 2))",41,8,49.0,41,,,pruned,,,3186
"(((2, 3), (2, 7), (3, 2)), (1, 2))","(((2, 3), (2, 6), (3, 2)), (1, 2))",41,8,49.0,41,,,pruned,,,3187
"(((2, 3), (2, 6), (3, 2)), (1, 2))","(((2, 3), (3, 2), (3, 6)), (1, 2))",40,7.0,47.0,40,8,2,expanded,False,True,3188
"(((2, 2), (3, 8), (4, 3)), (3, 9))","(((2, 2), (4, 3), (4, 8)), (5, 8))",40,7.0,47.0,40,1,0,expanded,False,True,3189
"(((3, 2), (3, 8), (4, 2)), (3, 9))","(((3, 2), (4, 2), (4, 8)), (5, 8))",40,7.0,47.0,40,1,0,expanded,False,True,3190
"(((2, 2), (4, 5), (5, 8)), (6, 3))","(((2, 2), (4, 5), (6, 8)), (6, 3))",40,7.0,47.0,40,1,0,expanded,False,True,3191
"(((2, 2), (3, 7), (4, 2)), (3, 8))","(((2, 2), (3, 8), (4, 2)), (3, 9))",40,7.0,47.0,40,1,0,expanded,False,True,3192
"(((4, 2), (4, 5), (6, 8)), (6, 3))","(((4, 2), (4, 5), (6, 7)), (1, 2))",41,6.0,47.0,41,1,0,expanded,False,True,3193
"(((2, 1), (3, 6), (4, 2)), (1, 2))","(((2, 2), (3, 6), (4, 2)), (1, 2))",42,7,49.0,42,,,pruned,,,3194
"(((2, 2), (4, 2), (4, 6)), (1, 2))","(((2, 2), (3, 6), (4, 2)), (1, 2))",42,5,47.0,42,,,pruned,,,3195
"(((2, 2), (3, 6), (4, 2)), (1, 2))","(((2, 3), (3, 6), (4, 2)), (1, 2))",41,6.0,47.0,41,3,2,expanded,False,True,3196
"(((2, 3), (3, 8), (4, 5)), (3, 9))","(((2, 3), (4, 5), (4, 8)), (5, 8))",41,6.0,47.0,41,1,0,expanded,False,True,3197
"(((3, 2), (3, 8), (4, 3)), (3, 9))","(((3, 2), (4, 3), (4, 8)), (5, 8))",41,6.0,47.0,41,1,0,expanded,False,True,3198
"(((2, 3), (2, 7), (4, 2)), (1, 2))","(((2, 3), (2, 6), (4, 2)), (1, 2))",42,7,49.0,42,,,pruned,,,3199
"(((2, 3), (2, 6), (4, 2)), (1, 2))","(((2, 4), (2, 6), (4, 2)), (1, 2))",41,6.0,47.0,41,5,1,expanded,False,True,3200
"(((3, 2), (4, 5), (5, 8)), (6, 3))","(((3, 2), (4, 5), (6, 8)), (6, 3))",41,6.0,47.0,41,1,0,expanded,False,True,3201
"(((2, 3), (2, 5), (3, 2)), (1, 2))","(((2, 3), (2, 6), (3, 2)), (1, 2))",41,6.0,47.0,41,6,0,expanded,False,True,3202
"(((2, 2), (3, 7), (4, 3)), (3, 8))","(((2, 2), (3, 8), (4, 3)), (3, 9))",41,6.0,47.0,41,1,0,expanded,False,True,3203
"(((3, 2), (3, 7), (4, 2)), (3, 8))","(((3, 2), (3, 8), (4, 2)), (3, 9))",41,6.0,47.0,41,1,0,expanded,False,True,3204
"(((2, 2), (4, 5), (4, 8)), (5, 8))","(((2, 2), (4, 5), (5, 8)), (6, 3))",41,6.0,47.0,41,1,0,expanded,False,True,3205
"(((4, 3), (4, 5), (6, 8)), (6, 3))","(((4, 3), (4, 5), (6, 7)), (1, 2))",42,5.0,47.0,42,1,0,expanded,False,True,3206
"(((2, 1), (3, 6), (4, 3)), (1, 2))","(((2, 2), (3, 6), (4, 3)), (1, 2))",43,6,49.0,43,,,pruned,,,3207
"(((2, 2), (4, 3), (4, 6)), (1, 2))","(((2, 2), (3, 6), (4, 3)), (1, 2))",43,4,47.0,43,,,pruned,,,3208
"(((2, 2), (3, 6), (4, 3)), (1, 2))","(((2, 3), (3, 6), (4, 3)), (1, 2))",42,5.0,47.0,42,3,2,expanded,False,True,3209
"(((2, 6), (3, 6), (4, 6)), (1, 2))","(((2, 6), (3, 6), (4, 5)), (1, 2))",43,6,49.0,43,,,pruned,,,3210
"(((2, 7), (3, 6), (4, 5)), (1, 2))","(((2, 6), (3, 6), (4, 5)), (1, 2))",43,6,49.0,43,,,pruned,,,3211
"(((2, 6), (3, 6), (4, 5)), (1, 2))","(((2, 5), (3, 6), (4, 5)), (1, 2))",42,5.0,47.0,42,2,2,expanded,True,True,3212
"(((3, 8), (4, 2), (4, 3)), (3, 9))","(((4, 2), (4, 3), (4, 8)), (5, 8))",42,5.0,47.0,42,1,0,expanded,False,True,3213
"(((2, 5), (2, 6), (4, 6)), (1, 2))","(((2, 5), (2, 6), (4, 5)), (1, 2))",43,6,49.0,43,,,pruned,,,3214
"(((2, 5), (2, 6), (4, 5)), (1, 2))","(((2, 5), (2, 6), (4, 4)), (1, 2))",42,5.0,47.0,42,2,1,expanded,False,True,3215
"(((2, 3), (2, 7), (4, 3)), (1, 2))","(((2, 3), (2, 6), (4, 3)), (1, 2))",43,6,49.0,43,,,pruned,,,3216
"(((2, 3), (2, 6), (4, 3)), (1, 2))","(((2, 4), (2, 6), (4, 3)), (1, 2))",42,5.0,47.0,42,5,1,expanded,False,True,3217
"(((2, 4), (2, 7), (4, 4)), (1, 2))","(((2, 4), (2, 6), (4, 4)), (1, 2))",43,6,49.0,43,,,pruned,,,3218
"(((2, 4), (2, 6), (4, 4)), (1, 2))","(((2, 4), (2, 6), (4, 3)), (1, 2))",42,5.0,47.0,42,5,1,expanded,False,True,3219
"(((4, 2), (4, 5), (5, 8)), (6, 3))","(((4, 2), (4, 5), (6, 8)), (6, 3))",42,5.0,47.0,42,1,0,expanded,False,True,3220
"(((3, 2), (4, 2), (4, 6)), (1, 2))","(((3, 2), (3, 6), (4, 2)), (1, 2))",43,4,47.0,43,,,pruned,,,3221
"(((3, 2), (3, 6), (4, 2)), (1, 2))","(((2, 2), (3, 6), (4, 2)), (1, 2))",42,5.0,47.0,42,2,1,expanded,False,True,3222
"(((2, 3), (3, 7), (4, 5)), (3, 8))","(((2, 3), (3, 8), (4, 5)), (3, 9))",42,5.0,47.0,42,1,0,expanded,False,True,3223
"(((3, 2), (3, 7), (4, 3)), (3, 8))","(((3, 2), (3, 8), (4, 3)), (3, 9))",42,5.0,47.0,42,1,0,expanded,False,True,3224
"(((3, 2), (4, 5), (4, 8)), (5, 8))","(((3, 2), (4, 5), (5, 8)), (6, 3))",42,5.0,47.0,42,1,0,expanded,False,True,3225
"(((2, 3), (2, 5), (4, 1)), (1, 2))","(((2, 3), (2, 5), (4, 2)), (1, 2))",43,6,49.0,43,,,pruned,,,3226
"(((2, 3), (2, 5), (4, 2)), (1, 2))","(((2, 3), (2, 5), (3, 2)), (1, 2))",42,5.0,47.0,42,6,1,expanded,False,True,3227
"(((2, 3), (3, 6), (4, 6)), (1, 2))","(((2, 3), (3, 6), (4, 5)), (1, 2))",44,5,49.0,44,,,pruned,,,3228
"(((2, 3), (4, 5), (4, 6)), (1, 2))","(((2, 3), (3, 6), (4, 5)), (1, 2))",44,3,47.0,44,,,pruned,,,3229
"(((2, 3), (3, 6), (4, 5)), (1, 2))","(((2, 4), (3, 6), (4, 5)), (1, 2))",43,4.0,47.0,43,4,2,expanded,False,True,3230
"(((2, 4), (2, 5), (4, 4)), (1, 2))","(((2, 4), (2, 5), (4, 3)), (1, 2))",43,4.0,47.0,43,2,0,expanded,False,True,3231
"(((4, 3), (4, 5), (5, 8)), (6, 3))","(((4, 3), (4, 5), (6, 8)), (6, 3))",43,4.0,47.0,43,1,0,expanded,False,True,3232
"(((3, 2), (4, 3), (4, 6)), (1, 2))","(((3, 2), (3, 6), (4, 3)), (1, 2))",44,3,47.0,44,,,pruned,,,3233
"(((3, 2), (3, 6), (4, 3)), (1, 2))","(((2, 2), (3, 6), (4, 3)), (1, 2))",43,4.0,47.0,43,4,1,expanded,False,True,3234
"(((3, 7), (4, 2), (4, 3)), (3, 8))","(((3, 8), (4, 2), (4, 3)), (3, 9))",43,4.0,47.0,43,1,0,expanded,False,True,3235
"(((4, 2), (4, 5), (4, 8)), (5, 8))","(((4, 2), (4, 5), (5, 8)), (6, 3))",43,4.0,47.0,43,1,0,expanded,False,True,3236
"(((2, 3), (2, 5), (4, 3)), (1, 2))","(((2, 3), (2, 5), (4, 2)), (1, 2))",43,4.0,47.0,43,6,0,expanded,False,True,3237
"(((4, 3), (4, 5), (4, 8)), (5, 8))","(((4, 3), (4, 5), (5, 8)), (6, 3))",44,3.0,47.0,44,1,0,expanded,False,True,3238
"(((4, 2), (4, 3), (4, 6)), (1, 2))","(((3, 6), (4, 2), (4, 3)), (1, 2))",45,2,47.0,45,,,pruned,,,3239
"(((3, 6), (4, 2), (4, 3)), (1, 2))","(((3, 2), (3, 6), (4, 3)), (1, 2))",44,3.0,47.0,44,1,1,expanded,True,True,3240
"(((1, 6), (2, 2), (2, 4)), (1, 2))","(((2, 2), (2, 4), (2, 6)), (2, 1))",41,9,50.0,41,,,pruned,,,3241
"(((1, 2), (2, 4), (2, 6)), (1, 3))","(((2, 2), (2, 4), (2, 6)), (2, 1))",41,9,50.0,41,,,pruned,,,3242
"(((2, 2), (2, 4), (2, 6)), (2, 1))","(((2, 2), (2, 4), (3, 6)), (2, 1))",40,8.0,48.0,40,4,2,expanded,False,True,3243
"(((1, 2), (2, 4), (2, 5)), (1, 3))","(((2, 2), (2, 4), (2, 5)), (1, 2))",42,8,50.0,42,,,pruned,,,3244
"(((2, 1), (2, 4), (2, 5)), (1, 2))","(((2, 2), (2, 4), (2, 5)), (1, 2))",42,8,50.0,42,,,pruned,,,3245
"(((2, 2), (2, 4), (2, 5)), (1, 2))","(((2, 4), (2, 5), (3, 2)), (1, 2))",41,7.0,48.0,41,4,2,expanded,False,True,3246
"(((2, 2), (3, 8), (4, 4)), (3, 9))","(((2, 2), (4, 4), (4, 8)), (5, 8))",41,7.0,48.0,41,1,0,expanded,False,True,3247
"(((3, 2), (3, 8), (4, 4)), (3, 9))","(((3, 2), (4, 4), (4, 8)), (5, 8))",42,6.0,48.0,42,1,0,expanded,False,True,3248
"(((2, 3), (2, 4), (3, 2)), (1, 2))","(((2, 3), (2, 5), (3, 2)), (1, 2))",42,6.0,48.0,42,2,0,expanded,False,True,3249
"(((2, 2), (3, 7), (4, 4)), (3, 8))","(((2, 2), (3, 8), (4, 4)), (3, 9))",42,6.0,48.0,42,1,0,expanded,False,True,3250
"(((4, 4), (4, 5), (6, 8)), (6, 3))","(((4, 4), (4, 5), (6, 7)), (1, 2))",43,5.0,48.0,43,1,0,expanded,False,True,3251
"(((2, 1), (3, 6), (4, 4)), (1, 2))","(((2, 2), (3, 6), (4, 4)), (1, 2))",44,6,50.0,44,,,pruned,,,3252
"(((2, 2), (4, 4), (4, 6)), (1, 2))","(((2, 2), (3, 6), (4, 4)), (1, 2))",44,4,48.0,44,,,pruned,,,3253
"(((2, 2), (3, 6), (4, 4)), (1, 2))","(((2, 3), (3, 6), (4, 4)), (1, 2))",43,5.0,48.0,43,3,2,expanded,False,True,3254
"(((3, 8), (4, 2), (4, 4)), (3, 9))","(((4, 2), (4, 4), (4, 8)), (5, 8))",43,5.0,48.0,43,1,0,expanded,False,True,3255
"(((2, 3), (2, 7), (4, 4)), (1, 2))","(((2, 3), (2, 6), (4, 4)), (1, 2))",44,6,50.0,44,,,pruned,,,3256
"(((2, 3), (2, 6), (4, 4)), (1, 2))","(((2, 3), (2, 6), (4, 3)), (1, 2))",43,5.0,48.0,43,5,1,expanded,False,True,3257
"(((2, 4), (2, 6), (4, 6)), (1, 2))","(((2, 4), (2, 6), (4, 5)), (1, 2))",44,6,50.0,44,,,pruned,,,3258
"(((2, 4), (2, 7), (4, 5)), (1, 2))","(((2, 4), (2, 6), (4, 5)), (1, 2))",44,6,50.0,44,,,pruned,,,3259
"(((2, 4), (2, 6), (4, 5)), (1, 2))","(((2, 4), (2, 6), (4, 4)), (1, 2))",43,5.0,48.0,43,5,2,expanded,False,True,3260
"(((2, 3), (2, 4), (4, 1)), (1, 2))","(((2, 3), (2, 4), (4, 2)), (1, 2))",44,6,50.0,44,,,pruned,,,3261
"(((2, 3), (2, 4), (4, 2)), (1, 2))","(((2, 3), (2, 5), (4, 2)), (1, 2))",43,5.0,48.0,43,2,1,expanded,False,True,3262
"(((3, 2), (3, 7), (4, 4)), (3, 8))","(((3, 2), (3, 8), (4, 4)), (3, 9))",43,5.0,48.0,43,1,0,expanded,False,True,3263
"(((3, 8), (4, 3), (4, 4)), (3, 9))","(((4, 3), (4, 4), (4, 8)), (5, 8))",44,4.0,48.0,44,1,0,expanded,False,True,3264
"(((2, 4), (2, 5), (4, 6)), (1, 2))","(((2, 4), (2, 5), (4, 5)), (1, 2))",45,5,50.0,45,,,pruned,,,3265
"(((2, 4), (2, 5), (4, 5)), (1, 2))","(((2, 4), (2, 5), (4, 4)), (1, 2))",44,4.0,48.0,44,2,1,expanded,False,True,3266
"(((3, 2), (4, 4), (4, 6)), (1, 2))","(((3, 2), (3, 6), (4, 4)), (1, 2))",45,3,48.0,45,,,pruned,,,3267
"(((3, 2), (3, 6), (4, 4)), (1, 2))","(((3, 2), (3, 6), (4, 3)), (1, 2))",44,4.0,48.0,44,4,1,expanded,False,True,3268
"(((2, 3), (2, 4), (4, 3)), (1, 2))","(((2, 3), (2, 5), (4, 3)), (1, 2))",44,4.0,48.0,44,2,0,expanded,False,True,3269
"(((2, 3), (2, 5), (4, 4)), (1, 2))","(((2, 3), (2, 5), (4, 3)), (1, 2))",44,4.0,48.0,44,6,0,expanded,False,True,3270
"(((4, 4), (4, 5), (5, 8)), (6, 3))","(((4, 4), (4, 5), (6, 8)), (6, 3))",44,4.0,48.0,44,1,0,expanded,False,True,3271
"(((3, 7), (4, 2), (4, 4)), (3, 8))","(((3, 8), (4, 2), (4, 4)), (3, 9))",44,4.0,48.0,44,1,0,expanded,False,True,3272
"(((3, 7), (4, 3), (4, 4)), (3, 8))","(((3, 8), (4, 3), (4, 4)), (3, 9))",45,3.0,48.0,45,1,0,expanded,False,True,3273
"(((4, 2), (4, 4), (4, 6)), (1, 2))","(((3, 6), (4, 2), (4, 4)), (1, 2))",46,2,48.0,46,,,pruned,,,3274
"(((3, 6), (4, 2), (4, 4)), (1, 2))","(((3, 2), (3, 6), (4, 4)), (1, 2))",45,3.0,48.0,45,2,1,expanded,False,True,3275
"(((4, 4), (4, 5), (4, 8)), (5, 8))","(((4, 4), (4, 5), (5, 8)), (6, 3))",45,3.0,48.0,45,1,0,expanded,False,True,3276
"(((4, 3), (4, 4), (4, 6)), (1, 2))","(((3, 6), (4, 3), (4, 4)), (1, 2))",47,1,48.0,47,,,pruned,,,3277
"(((3, 6), (4, 3), (4, 4)), (1, 2))","(((3, 7), (4, 3), (4, 4)), (3, 8))",46,2.0,48.0,46,1,1,expanded,True,True,3278
"(((1, 6), (2, 2), (2, 3)), (1, 2))","(((2, 2), (2, 3), (2, 6)), (2, 1))",42,9,51.0,42,,,pruned,,,3279
"(((1, 2), (2, 3), (2, 6)), (2, 1))","(((2, 2), (2, 3), (2, 6)), (2, 1))",42,9,51.0,42,,,pruned,,,3280
"(((2, 2), (2, 3), (2, 6)), (2, 1))","(((2, 2), (2, 3), (3, 6)), (2, 1))",41,8.0,49.0,41,3,2,expanded,False,True,3281
"(((2, 2), (2, 7), (3, 2)), (1, 2))","(((2, 2), (2, 6), (3, 2)), (1, 2))",42,9,51.0,42,,,pruned,,,3282
"(((2, 1), (2, 6), (3, 2)), (1, 2))","(((2, 2), (2, 6), (3, 2)), (1, 2))",42,9,51.0,42,,,pruned,,,3283
"(((2, 2), (2, 6), (3, 2)), (1, 2))","(((2, 3), (2, 6), (3, 2)), (1, 2))",41,8.0,49.0,41,3,2,expanded,False,True,3284
"(((2, 2), (2, 7), (4, 2)), (1, 2))","(((2, 2), (2, 6), (4, 2)), (1, 2))",43,8,51.0,43,,,pruned,,,3285
"(((2, 1), (2, 6), (4, 2)), (1, 2))","(((2, 2), (2, 6), (4, 2)), (1, 2))",43,8,51.0,43,,,pruned,,,3286
"(((2, 2), (2, 6), (4, 2)), (1, 2))","(((2, 3), (2, 6), (4, 2)), (1, 2))",42,7.0,49.0,42,4,2,expanded,False,True,3287
"(((2, 1), (2, 5), (3, 2)), (1, 2))","(((2, 2), (2, 5), (3, 2)), (1, 2))",43,8,51.0,43,,,pruned,,,3288
"(((2, 2), (2, 5), (3, 2)), (1, 2))","(((2, 3), (2, 5), (3, 2)), (1, 2))",42,7.0,49.0,42,4,1,expanded,False,True,3289
"(((1, 2), (2, 3), (2, 5)), (1, 3))","(((2, 2), (2, 3), (2, 5)), (1, 2))",43,8,51.0,43,,,pruned,,,3290
"(((2, 2), (2, 3), (2, 5)), (1, 2))","(((2, 3), (2, 5), (3, 2)), (1, 2))",42,7.0,49.0,42,4,1,expanded,False,True,3291
"(((2, 2), (3, 8), (4, 5)), (3, 9))","(((2, 2), (4, 5), (4, 8)), (5, 8))",42,7.0,49.0,42,1,0,expanded,False,True,3292
"(((2, 1), (2, 6), (4, 3)), (1, 2))","(((2, 2), (2, 6), (4, 3)), (1, 2))",44,7,51.0,44,,,pruned,,,3293
"(((2, 2), (2, 7), (4, 3)), (1, 2))","(((2, 2), (2, 6), (4, 3)), (1, 2))",44,7,51.0,44,,,pruned,,,3294
"(((2, 2), (2, 6), (4, 3)), (1, 2))","(((2, 3), (2, 6), (4, 3)), (1, 2))",43,6.0,49.0,43,4,2,expanded,False,True,3295
"(((3, 2), (3, 8), (4, 5)), (3, 9))","(((3, 2), (4, 5), (4, 8)), (5, 8))",43,6.0,49.0,43,1,0,expanded,False,True,3296
"(((2, 2), (2, 5), (4, 1)), (1, 2))","(((2, 2), (2, 5), (4, 2)), (1, 2))",44,7,51.0,44,,,pruned,,,3297
"(((2, 1), (2, 5), (4, 2)), (1, 2))","(((2, 2), (2, 5), (4, 2)), (1, 2))",44,7,51.0,44,,,pruned,,,3298
"(((2, 2), (2, 5), (4, 2)), (1, 2))","(((2, 3), (2, 5), (4, 2)), (1, 2))",43,6.0,49.0,43,5,2,expanded,False,True,3299
"(((2, 7), (3, 2), (4, 2)), (1, 2))","(((2, 6), (3, 2), (4, 2)), (1, 2))",44,7,51.0,44,,,pruned,,,3300
"(((2, 6), (3, 2), (4, 2)), (1, 2))","(((2, 2), (2, 6), (4, 2)), (1, 2))",43,6.0,49.0,43,3,1,expanded,False,True,3301
"(((2, 2), (3, 7), (4, 5)), (3, 8))","(((2, 2), (3, 8), (4, 5)), (3, 9))",43,6.0,49.0,43,1,0,expanded,False,True,3302
"(((2, 1), (3, 6), (4, 5)), (1, 2))","(((2, 2), (3, 6), (4, 5)), (1, 2))",45,6,51.0,45,,,pruned,,,3303
"(((2, 2), (4, 5), (4, 6)), (1, 2))","(((2, 2), (3, 6), (4, 5)), (1, 2))",45,4,49.0,45,,,pruned,,,3304
"(((2, 2), (3, 6), (4, 5)), (1, 2))","(((2, 3), (3, 6), (4, 5)), (1, 2))",44,5.0,49.0,44,3,2,expanded,False,True,3305
"(((1, 2), (3, 6), (4, 3)), (1, 3))","(((2, 2), (3, 6), (4, 3)), (2, 1))",45,6,51.0,45,,,pruned,,,3306
"(((2, 2), (3, 6), (4, 3)), (2, 1))","(((3, 2), (3, 6), (4, 3)), (1, 2))",44,5.0,49.0,44,3,1,expanded,False,True,3307
"(((3, 8), (4, 2), (4, 5)), (3, 9))","(((4, 2), (4, 5), (4, 8)), (5, 8))",44,5.0,49.0,44,1,0,expanded,False,True,3308
"(((2, 1), (2, 5), (4, 3)), (1, 2))","(((2, 2), (2, 5), (4, 3)), (1, 2))",45,6,51.0,45,,,pruned,,,3309
"(((2, 2), (2, 5), (4, 3)), (1, 2))","(((2, 3), (2, 5), (4, 3)), (1, 2))",44,5.0,49.0,44,5,1,expanded,False,True,3310
"(((2, 3), (2, 6), (4, 6)), (1, 2))","(((2, 3), (2, 6), (4, 5)), (1, 2))",45,6,51.0,45,,,pruned,,,3311
"(((2, 3), (2, 7), (4, 5)), (1, 2))","(((2, 3), (2, 6), (4, 5)), (1, 2))",45,6,51.0,45,,,pruned,,,3312
"(((2, 3), (2, 6), (4, 5)), (1, 2))","(((2, 3), (2, 6), (4, 4)), (1, 2))",44,5.0,49.0,44,5,2,expanded,False,True,3313
"(((2, 7), (3, 2), (4, 3)), (1, 2))","(((2, 6), (3, 2), (4, 3)), (1, 2))",45,6,51.0,45,,,pruned,,,3314
"(((2, 6), (3, 2), (4, 3)), (1, 2))","(((2, 2), (2, 6), (4, 3)), (1, 2))",44,5.0,49.0,44,5,1,expanded,False,True,3315
"(((3, 2), (3, 7), (4, 5)), (3, 8))","(((3, 2), (3, 8), (4, 5)), (3, 9))",44,5.0,49.0,44,1,0,expanded,False,True,3316
"(((2, 5), (3, 2), (4, 1)), (1, 2))","(((2, 5), (3, 2), (4, 2)), (1, 2))",45,6,51.0,45,,,pruned,,,3317
"(((2, 5), (3, 2), (4, 2)), (1, 2))","(((2, 2), (2, 5), (4, 2)), (1, 2))",44,5.0,49.0,44,4,1,expanded,False,True,3318
"(((3, 8), (4, 3), (4, 5)), (3, 9))","(((4, 3), (4, 5), (4, 8)), (5, 8))",45,4.0,49.0,45,1,0,expanded,False,True,3319
"(((3, 2), (3, 6), (4, 6)), (1, 2))","(((3, 2), (3, 6), (4, 5)), (1, 2))",46,5,51.0,46,,,pruned,,,3320
"(((3, 2), (4, 5), (4, 6)), (1, 2))","(((3, 2), (3, 6), (4, 5)), (1, 2))",46,3,49.0,46,,,pruned,,,3321
"(((3, 2), (3, 6), (4, 5)), (1, 2))","(((3, 2), (3, 6), (4, 4)), (1, 2))",45,4.0,49.0,45,4,2,expanded,False,True,3322
"(((2, 3), (2, 4), (4, 4)), (1, 2))","(((2, 3), (2, 4), (4, 3)), (1, 2))",45,4.0,49.0,45,2,0,expanded,False,True,3323
"(((2, 3), (2, 5), (4, 6)), (1, 2))","(((2, 3), (2, 5), (4, 5)), (1, 2))",46,5,51.0,46,,,pruned,,,3324
"(((2, 3), (2, 5), (4, 5)), (1, 2))","(((2, 3), (2, 5), (4, 4)), (1, 2))",45,4.0,49.0,45,6,1,expanded,False,True,3325
"(((3, 7), (4, 2), (4, 5)), (3, 8))","(((3, 8), (4, 2), (4, 5)), (3, 9))",45,4.0,49.0,45,1,0,expanded,False,True,3326
"(((2, 5), (3, 2), (4, 3)), (1, 2))","(((2, 2), (2, 5), (4, 3)), (1, 2))",45,4.0,49.0,45,6,0,expanded,False,True,3327
"(((2, 7), (4, 2), (4, 3)), (1, 2))","(((2, 6), (4, 2), (4, 3)), (1, 2))",46,5,51.0,46,,,pruned,,,3328
"(((2, 6), (4, 2), (4, 3)), (1, 2))","(((2, 6), (3, 2), (4, 3)), (1, 2))",45,4.0,49.0,45,2,1,expanded,False,True,3329
"(((3, 7), (4, 3), (4, 5)), (3, 8))","(((3, 8), (4, 3), (4, 5)), (3, 9))",46,3.0,49.0,46,1,0,expanded,False,True,3330
"(((4, 2), (4, 5), (4, 6)), (1, 2))","(((3, 6), (4, 2), (4, 5)), (1, 2))",47,2,49.0,47,,,pruned,,,3331
"(((3, 6), (4, 2), (4, 5)), (1, 2))","(((3, 2), (3, 6), (4, 5)), (1, 2))",46,3.0,49.0,46,2,1,expanded,False,True,3332
"(((2, 5), (4, 2), (4, 3)), (1, 2))","(((2, 5), (3, 2), (4, 3)), (1, 2))",46,3.0,49.0,46,2,0,expanded,False,True,3333
"(((4, 3), (4, 5), (4, 6)), (1, 2))","(((3, 6), (4, 3), (4, 5)), (1, 2))",48,1,49.0,48,,,pruned,,,3334
"(((3, 6), (4, 3), (4, 5)), (1, 2))","(((3, 7), (4, 3), (4, 5)), (3, 8))",47,2.0,49.0,47,2,1,expanded,False,True,3335
"(((1, 2), (2, 3), (2, 4)), (1, 3))","(((2, 2), (2, 3), (2, 4)), (1, 2))",44,8,52.0,44,,,pruned,,,3336
"(((2, 2), (2, 3), (2, 4)), (1, 2))","(((2, 3), (2, 4), (3, 2)), (1, 2))",43,7.0,50.0,43,2,1,expanded,False,True,3337
"(((2, 1), (2, 4), (3, 2)), (1, 2))","(((2, 2), (2, 4), (3, 2)), (1, 2))",44,8,52.0,44,,,pruned,,,3338
"(((2, 2), (2, 4), (3, 2)), (1, 2))","(((2, 2), (2, 5), (3, 2)), (1, 2))",43,7.0,50.0,43,4,1,expanded,False,True,3339
"(((2, 2), (2, 7), (4, 4)), (1, 2))","(((2, 2), (2, 6), (4, 4)), (1, 2))",45,7,52.0,45,,,pruned,,,3340
"(((2, 1), (2, 6), (4, 4)), (1, 2))","(((2, 2), (2, 6), (4, 4)), (1, 2))",45,7,52.0,45,,,pruned,,,3341
"(((2, 2), (2, 6), (4, 4)), (1, 2))","(((2, 3), (2, 6), (4, 4)), (1, 2))",44,6.0,50.0,44,4,2,expanded,False,True,3342
"(((2, 2), (2, 4), (4, 1)), (1, 2))","(((2, 2), (2, 4), (4, 2)), (1, 2))",45,7,52.0,45,,,pruned,,,3343
"(((2, 1), (2, 4), (4, 2)), (1, 2))","(((2, 2), (2, 4), (4, 2)), (1, 2))",45,7,52.0,45,,,pruned,,,3344
"(((2, 2), (2, 4), (4, 2)), (1, 2))","(((2, 2), (2, 5), (4, 2)), (1, 2))",44,6.0,50.0,44,5,2,expanded,False,True,3345
"(((1, 2), (3, 6), (4, 4)), (1, 3))","(((2, 2), (3, 6), (4, 4)), (2, 1))",46,6,52.0,46,,,pruned,,,3346
"(((2, 2), (3, 6), (4, 4)), (2, 1))","(((3, 2), (3, 6), (4, 4)), (1, 2))",45,5.0,50.0,45,3,1,expanded,False,True,3347
"(((2, 1), (2, 5), (4, 4)), (1, 2))","(((2, 2), (2, 5), (4, 4)), (1, 2))",46,6,52.0,46,,,pruned,,,3348
"(((2, 2), (2, 5), (4, 4)), (1, 2))","(((2, 3), (2, 5), (4, 4)), (1, 2))",45,5.0,50.0,45,5,1,expanded,False,True,3349
"(((2, 1), (2, 4), (4, 3)), (1, 2))","(((2, 2), (2, 4), (4, 3)), (1, 2))",46,6,52.0,46,,,pruned,,,3350
"(((2, 2), (2, 4), (4, 3)), (1, 2))","(((2, 2), (2, 5), (4, 3)), (1, 2))",45,5.0,50.0,45,5,1,expanded,False,True,3351
"(((2, 7), (3, 2), (4, 4)), (1, 2))","(((2, 6), (3, 2), (4, 4)), (1, 2))",46,6,52.0,46,,,pruned,,,3352
"(((2, 6), (3, 2), (4, 4)), (1, 2))","(((2, 6), (3, 2), (4, 3)), (1, 2))",45,5.0,50.0,45,5,1,expanded,False,True,3353
"(((2, 4), (3, 2), (4, 1)), (1, 2))","(((2, 4), (3, 2), (4, 2)), (1, 2))",46,6,52.0,46,,,pruned,,,3354
"(((2, 4), (3, 2), (4, 2)), (1, 2))","(((2, 5), (3, 2), (4, 2)), (1, 2))",45,5.0,50.0,45,4,1,expanded,False,True,3355
"(((3, 8), (4, 4), (4, 5)), (3, 9))","(((4, 4), (4, 5), (4, 8)), (5, 8))",46,4.0,50.0,46,1,0,expanded,False,True,3356
"(((2, 3), (2, 4), (4, 6)), (1, 2))","(((2, 3), (2, 4), (4, 5)), (1, 2))",47,5,52.0,47,,,pruned,,,3357
"(((2, 3), (2, 4), (4, 5)), (1, 2))","(((2, 3), (2, 4), (4, 4)), (1, 2))",46,4.0,50.0,46,2,1,expanded,False,True,3358
"(((2, 4), (3, 2), (4, 3)), (1, 2))","(((2, 5), (3, 2), (4, 3)), (1, 2))",46,4.0,50.0,46,6,0,expanded,False,True,3359
"(((2, 5), (3, 2), (4, 4)), (1, 2))","(((2, 5), (3, 2), (4, 3)), (1, 2))",46,4.0,50.0,46,6,0,expanded,False,True,3360
"(((2, 7), (4, 2), (4, 4)), (1, 2))","(((2, 6), (4, 2), (4, 4)), (1, 2))",47,5,52.0,47,,,pruned,,,3361
"(((2, 6), (4, 2), (4, 4)), (1, 2))","(((2, 6), (3, 2), (4, 4)), (1, 2))",46,4.0,50.0,46,3,1,expanded,False,True,3362
"(((2, 4), (4, 2), (4, 3)), (1, 2))","(((2, 5), (4, 2), (4, 3)), (1, 2))",47,3.0,50.0,47,2,0,expanded,False,True,3363
"(((3, 7), (4, 4), (4, 5)), (3, 8))","(((3, 8), (4, 4), (4, 5)), (3, 9))",47,3.0,50.0,47,1,0,expanded,False,True,3364
"(((2, 5), (4, 2), (4, 4)), (1, 2))","(((2, 5), (3, 2), (4, 4)), (1, 2))",47,3.0,50.0,47,4,0,expanded,False,True,3365
"(((2, 7), (4, 3), (4, 4)), (1, 2))","(((2, 6), (4, 3), (4, 4)), (1, 2))",48,4,52.0,48,,,pruned,,,3366
"(((2, 6), (4, 3), (4, 4)), (1, 2))","(((2, 6), (4, 2), (4, 4)), (1, 2))",47,3.0,50.0,47,2,1,expanded,False,True,3367
"(((4, 4), (4, 5), (4, 6)), (1, 2))","(((3, 6), (4, 4), (4, 5)), (1, 2))",49,1,50.0,49,,,pruned,,,3368
"(((3, 6), (4, 4), (4, 5)), (1, 2))","(((3, 6), (4, 3), (4, 5)), (1, 2))",48,2.0,50.0,48,1,1,expanded,True,True,3369
"(((2, 5), (4, 3), (4, 4)), (1, 2))","(((2, 5), (4, 2), (4, 4)), (1, 2))",48,2.0,50.0,48,2,0,expanded,False,True,3370
"(((2, 2), (2, 3), (2, 7)), (1, 2))","(((2, 2), (2, 3), (2, 6)), (1, 2))",44,9,53.0,44,,,pruned,,,3371
"(((2, 2), (2, 3), (2, 6)), (1, 2))","(((2, 2), (2, 3), (2, 5)), (1, 2))",43,8.0,51.0,43,3,1,expanded,False,True,3372
"(((2, 2), (2, 3), (3, 2)), (1, 2))","(((2, 2), (2, 4), (3, 2)), (1, 2))",44,7.0,51.0,44,0,0,expanded,False,True,3373
"(((2, 2), (2, 7), (4, 5)), (1, 2))","(((2, 2), (2, 6), (4, 5)), (1, 2))",46,7,53.0,46,,,pruned,,,3374
"(((2, 1), (2, 6), (4, 5)), (1, 2))","(((2, 2), (2, 6), (4, 5)), (1, 2))",46,7,53.0,46,,,pruned,,,3375
"(((2, 2), (2, 6), (4, 5)), (1, 2))","(((2, 3), (2, 6), (4, 5)), (1, 2))",45,6.0,51.0,45,4,2,expanded,False,True,3376
"(((1, 2), (2, 6), (4, 3)), (1, 3))","(((2, 2), (2, 6), (4, 3)), (2, 1))",46,7,53.0,46,,,pruned,,,3377
"(((2, 2), (2, 6), (4, 3)), (2, 1))","(((2, 6), (3, 2), (4, 3)), (1, 2))",45,6.0,51.0,45,3,1,expanded,False,True,3378
"(((2, 2), (2, 3), (4, 1)), (1, 2))","(((2, 2), (2, 3), (4, 2)), (1, 2))",46,7,53.0,46,,,pruned,,,3379
"(((2, 2), (2, 3), (4, 2)), (1, 2))","(((2, 2), (2, 4), (4, 2)), (1, 2))",45,6.0,51.0,45,2,1,expanded,False,True,3380
"(((2, 2), (3, 6), (4, 6)), (2, 1))","(((2, 2), (3, 6), (4, 5)), (2, 1))",47,6,53.0,47,,,pruned,,,3381
"(((1, 2), (3, 6), (4, 5)), (1, 3))","(((2, 2), (3, 6), (4, 5)), (2, 1))",47,6,53.0,47,,,pruned,,,3382
"(((2, 2), (3, 6), (4, 5)), (2, 1))","(((3, 2), (3, 6), (4, 5)), (1, 2))",46,5.0,51.0,46,3,2,expanded,False,True,3383
"(((2, 1), (2, 5), (4, 5)), (1, 2))","(((2, 2), (2, 5), (4, 5)), (1, 2))",47,6,53.0,47,,,pruned,,,3384
"(((2, 2), (2, 5), (4, 5)), (1, 2))","(((2, 3), (2, 5), (4, 5)), (1, 2))",46,5.0,51.0,46,5,1,expanded,False,True,3385
"(((1, 2), (2, 5), (4, 3)), (1, 3))","(((2, 2), (2, 5), (4, 3)), (2, 1))",47,6,53.0,47,,,pruned,,,3386
"(((2, 2), (2, 5), (4, 3)), (2, 1))","(((2, 5), (3, 2), (4, 3)), (1, 2))",46,5.0,51.0,46,3,1,expanded,False,True,3387
"(((2, 1), (2, 4), (4, 4)), (1, 2))","(((2, 2), (2, 4), (4, 4)), (1, 2))",47,6,53.0,47,,,pruned,,,3388
"(((2, 2), (2, 4), (4, 4)), (1, 2))","(((2, 2), (2, 5), (4, 4)), (1, 2))",46,5.0,51.0,46,5,1,expanded,False,True,3389
"(((2, 2), (2, 3), (4, 3)), (1, 2))","(((2, 2), (2, 4), (4, 3)), (1, 2))",46,5.0,51.0,46,2,0,expanded,False,True,3390
"(((2, 6), (3, 2), (4, 6)), (1, 2))","(((2, 6), (3, 2), (4, 5)), (1, 2))",47,6,53.0,47,,,pruned,,,3391
"(((2, 7), (3, 2), (4, 5)), (1, 2))","(((2, 6), (3, 2), (4, 5)), (1, 2))",47,6,53.0,47,,,pruned,,,3392
"(((2, 6), (3, 2), (4, 5)), (1, 2))","(((2, 6), (3, 2), (4, 4)), (1, 2))",46,5.0,51.0,46,5,2,expanded,False,True,3393
"(((2, 3), (3, 2), (4, 1)), (1, 2))","(((2, 3), (3, 2), (4, 2)), (1, 2))",47,6,53.0,47,,,pruned,,,3394
"(((2, 3), (3, 2), (4, 2)), (1, 2))","(((2, 4), (3, 2), (4, 2)), (1, 2))",46,5.0,51.0,46,4,1,expanded,False,True,3395
"(((2, 3), (3, 2), (4, 3)), (1, 2))","(((2, 4), (3, 2), (4, 3)), (1, 2))",47,4.0,51.0,47,6,0,expanded,False,True,3396
"(((2, 4), (3, 2), (4, 4)), (1, 2))","(((2, 4), (3, 2), (4, 3)), (1, 2))",47,4.0,51.0,47,6,0,expanded,False,True,3397
"(((2, 5), (3, 2), (4, 6)), (1, 2))","(((2, 5), (3, 2), (4, 5)), (1, 2))",48,5,53.0,48,,,pruned,,,3398
"(((2, 5), (3, 2), (4, 5)), (1, 2))","(((2, 5), (3, 2), (4, 4)), (1, 2))",47,4.0,51.0,47,6,1,expanded,False,True,3399
"(((2, 7), (4, 2), (4, 5)), (1, 2))","(((2, 6), (4, 2), (4, 5)), (1, 2))",48,5,53.0,48,,,pruned,,,3400
"(((2, 6), (4, 2), (4, 5)), (1, 2))","(((2, 6), (3, 2), (4, 5)), (1, 2))",47,4.0,51.0,47,3,1,expanded,False,True,3401
"(((2, 3), (4, 2), (4, 3)), (1, 2))","(((2, 4), (4, 2), (4, 3)), (1, 2))",48,3.0,51.0,48,2,0,expanded,False,True,3402
"(((2, 4), (4, 2), (4, 4)), (1, 2))","(((2, 5), (4, 2), (4, 4)), (1, 2))",48,3.0,51.0,48,4,0,expanded,False,True,3403
"(((2, 5), (4, 2), (4, 5)), (1, 2))","(((2, 5), (3, 2), (4, 5)), (1, 2))",48,3.0,51.0,48,4,0,expanded,False,True,3404
"(((2, 7), (4, 3), (4, 5)), (1, 2))","(((2, 6), (4, 3), (4, 5)), (1, 2))",49,4,53.0,49,,,pruned,,,3405
"(((2, 6), (4, 3), (4, 5)), (1, 2))","(((2, 6), (4, 2), (4, 5)), (1, 2))",48,3.0,51.0,48,3,1,expanded,False,True,3406
"(((2, 4), (4, 3), (4, 4)), (1, 2))","(((2, 5), (4, 3), (4, 4)), (1, 2))",49,2.0,51.0,49,2,0,expanded,False,True,3407
"(((2, 5), (4, 3), (4, 5)), (1, 2))","(((2, 5), (4, 2), (4, 5)), (1, 2))",49,2.0,51.0,49,4,0,expanded,False,True,3408
"(((1, 2), (2, 6), (4, 4)), (1, 3))","(((2, 2), (2, 6), (4, 4)), (2, 1))",47,7,54.0,47,,,pruned,,,3409
"(((2, 2), (2, 6), (4, 4)), (2, 1))","(((2, 6), (3, 2), (4, 4)), (1, 2))",46,6.0,52.0,46,3,1,expanded,False,True,3410
"(((1, 2), (2, 4), (4, 3)), (1, 3))","(((2, 2), (2, 4), (4, 3)), (2, 1))",48,6,54.0,48,,,pruned,,,3411
"(((2, 2), (2, 4), (4, 3)), (2, 1))","(((2, 4), (3, 2), (4, 3)), (1, 2))",47,5.0,52.0,47,3,1,expanded,False,True,3412
"(((1, 2), (2, 5), (4, 4)), (1, 3))","(((2, 2), (2, 5), (4, 4)), (2, 1))",48,6,54.0,48,,,pruned,,,3413
"(((2, 2), (2, 5), (4, 4)), (2, 1))","(((2, 5), (3, 2), (4, 4)), (1, 2))",47,5.0,52.0,47,3,1,expanded,False,True,3414
"(((2, 1), (2, 4), (4, 5)), (1, 2))","(((2, 2), (2, 4), (4, 5)), (1, 2))",48,6,54.0,48,,,pruned,,,3415
"(((2, 2), (2, 4), (4, 5)), (1, 2))","(((2, 2), (2, 5), (4, 5)), (1, 2))",47,5.0,52.0,47,5,1,expanded,False,True,3416
"(((2, 2), (2, 3), (4, 4)), (1, 2))","(((2, 2), (2, 4), (4, 4)), (1, 2))",47,5.0,52.0,47,2,0,expanded,False,True,3417
"(((2, 3), (3, 2), (4, 4)), (1, 2))","(((2, 3), (3, 2), (4, 3)), (1, 2))",48,4.0,52.0,48,6,0,expanded,False,True,3418
"(((2, 4), (3, 2), (4, 6)), (1, 2))","(((2, 4), (3, 2), (4, 5)), (1, 2))",49,5,54.0,49,,,pruned,,,3419
"(((2, 4), (3, 2), (4, 5)), (1, 2))","(((2, 4), (3, 2), (4, 4)), (1, 2))",48,4.0,52.0,48,6,1,expanded,False,True,3420
"(((2, 3), (4, 2), (4, 4)), (1, 2))","(((2, 4), (4, 2), (4, 4)), (1, 2))",49,3.0,52.0,49,4,0,expanded,False,True,3421
"(((2, 4), (4, 2), (4, 5)), (1, 2))","(((2, 5), (4, 2), (4, 5)), (1, 2))",49,3.0,52.0,49,4,0,expanded,False,True,3422
"(((2, 7), (4, 4), (4, 5)), (1, 2))","(((2, 6), (4, 4), (4, 5)), (1, 2))",50,4,54.0,50,,,pruned,,,3423
"(((2, 6), (4, 4), (4, 5)), (1, 2))","(((2, 6), (4, 3), (4, 5)), (1, 2))",49,3.0,52.0,49,2,1,expanded,False,True,3424
"(((2, 3), (4, 3), (4, 4)), (1, 2))","(((2, 4), (4, 3), (4, 4)), (1, 2))",50,2.0,52.0,50,2,0,expanded,False,True,3425
"(((2, 4), (4, 3), (4, 5)), (1, 2))","(((2, 5), (4, 3), (4, 5)), (1, 2))",50,2.0,52.0,50,4,0,expanded,False,True,3426
"(((2, 5), (4, 4), (4, 5)), (1, 2))","(((2, 5), (4, 3), (4, 5)), (1, 2))",50,2.0,52.0,50,2,0,expanded,False,True,3427
"(((2, 2), (2, 6), (4, 6)), (2, 1))","(((2, 2), (2, 6), (4, 5)), (2, 1))",48,7,55.0,48,,,pruned,,,3428
"(((1, 2), (2, 6), (4, 5)), (1, 3))","(((2, 2), (2, 6), (4, 5)), (2, 1))",48,7,55.0,48,,,pruned,,,3429
"(((2, 2), (2, 6), (4, 5)), (2, 1))","(((2, 6), (3, 2), (4, 5)), (1, 2))",47,6.0,53.0,47,3,2,expanded,False,True,3430
"(((2, 2), (3, 2), (4, 1)), (1, 2))","(((2, 2), (3, 2), (4, 2)), (1, 2))",48,7,55.0,48,,,pruned,,,3431
"(((2, 1), (3, 2), (4, 2)), (1, 2))","(((2, 2), (3, 2), (4, 2)), (1, 2))",48,7,55.0,48,,,pruned,,,3432
"(((2, 2), (3, 2), (4, 2)), (1, 2))","(((2, 3), (3, 2), (4, 2)), (1, 2))",47,6.0,53.0,47,2,2,expanded,True,True,3433
"(((2, 1), (3, 2), (4, 3)), (1, 2))","(((2, 2), (3, 2), (4, 3)), (1, 2))",49,6,55.0,49,,,pruned,,,3434
"(((2, 2), (3, 2), (4, 3)), (1, 2))","(((2, 3), (3, 2), (4, 3)), (1, 2))",48,5.0,53.0,48,2,1,expanded,False,True,3435
"(((1, 2), (2, 3), (4, 3)), (2, 1))","(((2, 2), (2, 3), (4, 3)), (2, 1))",49,6,55.0,49,,,pruned,,,3436
"(((2, 2), (2, 3), (4, 3)), (2, 1))","(((2, 3), (3, 2), (4, 3)), (1, 2))",48,5.0,53.0,48,2,1,expanded,False,True,3437
"(((1, 2), (2, 4), (4, 4)), (1, 3))","(((2, 2), (2, 4), (4, 4)), (2, 1))",49,6,55.0,49,,,pruned,,,3438
"(((2, 2), (2, 4), (4, 4)), (2, 1))","(((2, 4), (3, 2), (4, 4)), (1, 2))",48,5.0,53.0,48,3,1,expanded,False,True,3439
"(((2, 2), (2, 5), (4, 6)), (2, 1))","(((2, 2), (2, 5), (4, 5)), (2, 1))",49,6,55.0,49,,,pruned,,,3440
"(((1, 2), (2, 5), (4, 5)), (1, 3))","(((2, 2), (2, 5), (4, 5)), (2, 1))",49,6,55.0,49,,,pruned,,,3441
"(((2, 2), (2, 5), (4, 5)), (2, 1))","(((2, 5), (3, 2), (4, 5)), (1, 2))",48,5.0,53.0,48,3,2,expanded,False,True,3442
"(((2, 2), (2, 3), (4, 5)), (1, 2))","(((2, 2), (2, 4), (4, 5)), (1, 2))",48,5.0,53.0,48,2,0,expanded,False,True,3443
"(((2, 1), (4, 2), (4, 3)), (1, 2))","(((2, 2), (4, 2), (4, 3)), (1, 2))",50,5,55.0,50,,,pruned,,,3444
"(((2, 2), (4, 2), (4, 3)), (1, 2))","(((2, 3), (4, 2), (4, 3)), (1, 2))",49,4.0,53.0,49,2,1,expanded,False,True,3445
"(((2, 3), (3, 2), (4, 6)), (1, 2))","(((2, 3), (3, 2), (4, 5)), (1, 2))",50,5,55.0,50,,,pruned,,,3446
"(((2, 3), (3, 2), (4, 5)), (1, 2))","(((2, 3), (3, 2), (4, 4)), (1, 2))",49,4.0,53.0,49,6,1,expanded,False,True,3447
"(((2, 3), (4, 2), (4, 5)), (1, 2))","(((2, 4), (4, 2), (4, 5)), (1, 2))",50,3.0,53.0,50,4,0,expanded,False,True,3448
"(((3, 2), (4, 2), (4, 3)), (1, 2))","(((2, 2), (4, 2), (4, 3)), (1, 2))",50,3.0,53.0,50,0,0,expanded,False,True,3449
"(((2, 3), (4, 3), (4, 5)), (1, 2))","(((2, 4), (4, 3), (4, 5)), (1, 2))",51,2.0,53.0,51,4,0,expanded,False,True,3450
"(((2, 4), (4, 4), (4, 5)), (1, 2))","(((2, 4), (4, 3), (4, 5)), (1, 2))",51,2.0,53.0,51,2,0,expanded,False,True,3451
"(((2, 1), (3, 2), (4, 4)), (1, 2))","(((2, 2), (3, 2), (4, 4)), (1, 2))",50,6,56.0,50,,,pruned,,,3452
"(((2, 2), (3, 2), (4, 4)), (1, 2))","(((2, 3), (3, 2), (4, 4)), (1, 2))",49,5.0,54.0,49,2,1,expanded,False,True,3453
"(((1, 2), (2, 3), (4, 4)), (2, 1))","(((2, 2), (2, 3), (4, 4)), (2, 1))",50,6,56.0,50,,,pruned,,,3454
"(((2, 2), (2, 3), (4, 4)), (2, 1))","(((2, 3), (3, 2), (4, 4)), (1, 2))",49,5.0,54.0,49,2,1,expanded,False,True,3455
"(((2, 2), (2, 4), (4, 6)), (2, 1))","(((2, 2), (2, 4), (4, 5)), (2, 1))",50,6,56.0,50,,,pruned,,,3456
"(((1, 2), (2, 4), (4, 5)), (1, 3))","(((2, 2), (2, 4), (4, 5)), (2, 1))",50,6,56.0,50,,,pruned,,,3457
"(((2, 2), (2, 4), (4, 5)), (2, 1))","(((2, 4), (3, 2), (4, 5)), (1, 2))",49,5.0,54.0,49,3,2,expanded,False,True,3458
"(((2, 1), (4, 2), (4, 4)), (1, 2))","(((2, 2), (4, 2), (4, 4)), (1, 2))",51,5,56.0,51,,,pruned,,,3459
"(((2, 2), (4, 2), (4, 4)), (1, 2))","(((2, 3), (4, 2), (4, 4)), (1, 2))",50,4.0,54.0,50,3,1,expanded,False,True,3460
"(((2, 1), (4, 3), (4, 4)), (1, 2))","(((2, 2), (4, 3), (4, 4)), (1, 2))",52,4,56.0,52,,,pruned,,,3461
"(((2, 2), (4, 3), (4, 4)), (1, 2))","(((2, 3), (4, 3), (4, 4)), (1, 2))",51,3.0,54.0,51,2,1,expanded,False,True,3462
"(((3, 2), (4, 2), (4, 4)), (1, 2))","(((2, 2), (4, 2), (4, 4)), (1, 2))",51,3.0,54.0,51,2,0,expanded,False,True,3463
"(((2, 3), (4, 4), (4, 5)), (1, 2))","(((2, 3), (4, 3), (4, 5)), (1, 2))",52,2.0,54.0,52,2,0,expanded,False,True,3464
"(((3, 2), (4, 3), (4, 4)), (1, 2))","(((2, 2), (4, 3), (4, 4)), (1, 2))",52,2.0,54.0,52,2,0,expanded,False,True,3465
"(((4, 2), (4, 3), (4, 4)), (1, 2))","(((3, 2), (4, 3), (4, 4)), (1, 2))",53,1.0,54.0,53,0,0,expanded,False,True,3466
"(((2, 1), (3, 2), (4, 5)), (1, 2))","(((2, 2), (3, 2), (4, 5)), (1, 2))",51,6,57.0,51,,,pruned,,,3467
"(((2, 2), (3, 2), (4, 5)), (1, 2))","(((2, 3), (3, 2), (4, 5)), (1, 2))",50,5.0,55.0,50,2,1,expanded,False,True,3468
"(((2, 2), (2, 3), (4, 6)), (2, 1))","(((2, 2), (2, 3), (4, 5)), (2, 1))",51,6,57.0,51,,,pruned,,,3469
"(((1, 2), (2, 3), (4, 5)), (2, 1))","(((2, 2), (2, 3), (4, 5)), (2, 1))",51,6,57.0,51,,,pruned,,,3470
"(((2, 2), (2, 3), (4, 5)), (2, 1))","(((2, 3), (3, 2), (4, 5)), (1, 2))",50,5.0,55.0,50,2,2,expanded,True,True,3471
"(((2, 1), (4, 2), (4, 5)), (1, 2))","(((2, 2), (4, 2), (4, 5)), (1, 2))",52,5,57.0,52,,,pruned,,,3472
"(((2, 2), (4, 2), (4, 5)), (1, 2))","(((2, 3), (4, 2), (4, 5)), (1, 2))",51,4.0,55.0,51,3,1,expanded,False,True,3473
"(((2, 1), (4, 3), (4, 5)), (1, 2))","(((2, 2), (4, 3), (4, 5)), (1, 2))",53,4,57.0,53,,,pruned,,,3474
"(((2, 2), (4, 3), (4, 5)), (1, 2))","(((2, 3), (4, 3), (4, 5)), (1, 2))",52,3.0,55.0,52,3,1,expanded,False,True,3475
"(((3, 2), (4, 2), (4, 5)), (1, 2))","(((2, 2), (4, 2), (4, 5)), (1, 2))",52,3.0,55.0,52,2,0,expanded,False,True,3476
"(((3, 2), (4, 3), (4, 5)), (1, 2))","(((2, 2), (4, 3), (4, 5)), (1, 2))",53,2.0,55.0,53,4,0,expanded,False,True,3477
"(((4, 2), (4, 3), (4, 5)), (1, 2))","(((3, 2), (4, 3), (4, 5)), (1, 2))",54,1.0,55.0,54,1,0,expanded,False,True,3478
"(((2, 1), (4, 4), (4, 5)), (1, 2))","(((2, 2), (4, 4), (4, 5)), (1, 2))",54,4,58.0,54,,,pruned,,,3479
"(((2, 2), (4, 4), (4, 5)), (1, 2))","(((2, 3), (4, 4), (4, 5)), (1, 2))",53,3.0,56.0,53,2,1,expanded,False,True,3480
"(((1, 2), (4, 3), (4, 4)), (1, 3))","(((2, 2), (4, 3), (4, 4)), (2, 1))",54,4,58.0,54,,,pruned,,,3481
"(((2, 2), (4, 3), (4, 4)), (2, 1))","(((3, 2), (4, 3), (4, 4)), (1, 2))",53,3.0,56.0,53,2,1,expanded,False,True,3482
"(((3, 2), (4, 4), (4, 5)), (1, 2))","(((3, 2), (4, 3), (4, 5)), (1, 2))",54,2.0,56.0,54,2,0,expanded,False,True,3483
"(((4, 2), (4, 4), (4, 5)), (1, 2))","(((3, 2), (4, 4), (4, 5)), (1, 2))",55,1.0,56.0,55,1,0,expanded,False,True,3484
"(((4, 3), (4, 4), (4, 5)), (1, 2))","(((4, 2), (4, 4), (4, 5)), (1, 2))",56,0.0,56.0,56,0,0,goal,False,False,3485
