node_id,parent_id,g,h,f,depth,n_legal_successors,n_pruned,status,all_pruned,f_plateau,timestamp_order
"(((2, 2), (3, 4), (5, 2)), (1, 10))","(((3, 2), (3, 4), (5, 2)), (1, 10))",1,16,17.0,1,,,pruned,,,0
"(((3, 2), (3, 5), (5, 2)), (1, 10))","(((3, 2), (3, 4), (5, 2)), (1, 10))",1,14,15.0,1,,,pruned,,,1
"(((3, 2), (3, 4), (6, 2)), (1, 10))","(((3, 2), (3, 4), (5, 2)), (1, 10))",1,16,17.0,1,,,pruned,,,2
"(((3, 2), (3, 4), (5, 2)), (1, 10))",,0,15.0,15.0,0,6,3,expanded,False,True,3
"(((3, 2), (3, 5), (4, 2)), (1, 10))","(((3, 2), (3, 4), (4, 2)), (1, 10))",2,13,15.0,2,,,pruned,,,4
"(((3, 2), (3, 4), (4, 1)), (1, 10))","(((3, 2), (3, 4), (4, 2)), (1, 10))",2,15,17.0,2,,,pruned,,,5
"(((3, 2), (3, 4), (4, 2)), (1, 10))","(((3, 2), (3, 4), (5, 2)), (1, 10))",1,14.0,15.0,1,4,2,expanded,False,True,6
"(((2, 2), (3, 4), (4, 3)), (1, 10))","(((3, 2), (3, 4), (4, 3)), (1, 10))",3,14,17.0,3,,,pruned,,,7
"(((3, 2), (3, 4), (4, 3)), (1, 10))","(((3, 2), (3, 4), (4, 2)), (1, 10))",2,13.0,15.0,2,4,1,expanded,False,True,8
"(((2, 2), (3, 4), (4, 4)), (1, 10))","(((3, 2), (3, 4), (4, 4)), (1, 10))",4,13,17.0,4,,,pruned,,,9
"(((3, 2), (3, 5), (4, 4)), (1, 10))","(((3, 2), (3, 4), (4, 4)), (1, 10))",4,11,15.0,4,,,pruned,,,10
"(((3, 2), (3, 4), (4, 4)), (1, 10))","(((3, 2), (3, 4), (4, 3)), (1, 10))",3,12.0,15.0,3,6,2,expanded,False,True,11
"(((2, 2), (3, 4), (4, 5)), (1, 10))","(((3, 2), (3, 4), (4, 5)), (1, 10))",5,12,17.0,5,,,pruned,,,12
"(((3, 2), (3, 5), (4, 5)), (1, 10))","(((3, 2), (3, 4), (4, 5)), (1, 10))",5,10,15.0,5,,,pruned,,,13
"(((3, 2), (3, 4), (4, 5)), (1, 10))","(((3, 2), (3, 4), (4, 4)), (1, 10))",4,11.0,15.0,4,5,2,expanded,False,True,14
"(((2, 2), (3, 4), (4, 6)), (1, 10))","(((3, 2), (3, 4), (4, 6)), (1, 10))",6,11,17.0,6,,,pruned,,,15
"(((3, 2), (3, 4), (4, 7)), (1, 10))","(((3, 2), (3, 4), (4, 6)), (1, 10))",6,9,15.0,6,,,pruned,,,16
"(((3, 2), (3, 5), (4, 6)), (1, 10))","(((3, 2), (3, 4), (4, 6)), (1, 10))",6,9,15.0,6,,,pruned,,,17
"(((3, 2), (3, 4), (4, 6)), (1, 10))","(((3, 2), (3, 4), (4, 5)), (1, 10))",5,10.0,15.0,5,6,3,expanded,False,True,18
"(((3, 5), (4, 2), (5, 2)), (1, 10))","(((3, 4), (4, 2), (5, 2)), (1, 10))",2,15,17.0,2,,,pruned,,,19
"(((3, 4), (4, 1), (5, 2)), (1, 10))","(((3, 4), (4, 2), (5, 2)), (1, 10))",2,17,19.0,2,,,pruned,,,20
"(((3, 4), (4, 2), (5, 2)), (1, 10))","(((3, 2), (3, 4), (5, 2)), (1, 10))",1,16.0,17.0,1,3,2,expanded,False,True,21
"(((2, 2), (3, 3), (5, 2)), (1, 10))","(((3, 2), (3, 3), (5, 2)), (1, 10))",2,17,19.0,2,,,pruned,,,22
"(((2, 3), (3, 2), (5, 2)), (1, 10))","(((3, 2), (3, 3), (5, 2)), (1, 10))",2,17,19.0,2,,,pruned,,,23
"(((3, 2), (3, 3), (6, 2)), (1, 10))","(((3, 2), (3, 3), (5, 2)), (1, 10))",2,17,19.0,2,,,pruned,,,24
"(((3, 2), (3, 3), (5, 2)), (1, 10))","(((3, 2), (3, 4), (5, 2)), (1, 10))",1,16.0,17.0,1,4,3,expanded,False,True,25
"(((2, 3), (3, 2), (4, 2)), (1, 10))","(((3, 2), (3, 3), (4, 2)), (1, 10))",3,16,19.0,3,,,pruned,,,26
"(((3, 2), (3, 3), (4, 1)), (1, 10))","(((3, 2), (3, 3), (4, 2)), (1, 10))",3,16,19.0,3,,,pruned,,,27
"(((3, 2), (3, 3), (4, 2)), (1, 10))","(((3, 2), (3, 4), (4, 2)), (1, 10))",2,15.0,17.0,2,3,2,expanded,False,True,28
"(((2, 2), (3, 3), (4, 3)), (1, 10))","(((3, 2), (3, 3), (4, 3)), (1, 10))",4,15,19.0,4,,,pruned,,,29
"(((3, 2), (3, 3), (4, 3)), (1, 10))","(((3, 2), (3, 4), (4, 3)), (1, 10))",3,14.0,17.0,3,3,1,expanded,False,True,30
"(((3, 5), (4, 2), (4, 4)), (2, 2))","(((3, 4), (4, 2), (4, 4)), (2, 2))",5,12,17.0,5,,,pruned,,,31
"(((3, 4), (4, 1), (4, 4)), (1, 10))","(((3, 4), (4, 2), (4, 4)), (2, 2))",5,14,19.0,5,,,pruned,,,32
"(((3, 4), (4, 2), (4, 4)), (2, 2))","(((3, 2), (3, 4), (4, 4)), (1, 10))",4,13.0,17.0,4,4,2,expanded,False,True,33
"(((2, 2), (3, 3), (4, 4)), (1, 10))","(((3, 2), (3, 3), (4, 4)), (1, 10))",5,14,19.0,5,,,pruned,,,34
"(((2, 3), (3, 2), (4, 4)), (1, 10))","(((3, 2), (3, 3), (4, 4)), (1, 10))",5,14,19.0,5,,,pruned,,,35
"(((3, 2), (3, 3), (4, 4)), (1, 10))","(((3, 2), (3, 4), (4, 4)), (1, 10))",4,13.0,17.0,4,6,2,expanded,False,True,36
"(((3, 5), (4, 2), (4, 5)), (1, 10))","(((3, 4), (4, 2), (4, 5)), (1, 10))",6,11,17.0,6,,,pruned,,,37
"(((3, 4), (4, 1), (4, 5)), (1, 10))","(((3, 4), (4, 2), (4, 5)), (1, 10))",6,13,19.0,6,,,pruned,,,38
"(((3, 4), (4, 2), (4, 5)), (1, 10))","(((3, 2), (3, 4), (4, 5)), (1, 10))",5,12.0,17.0,5,7,2,expanded,False,True,39
"(((2, 2), (3, 3), (3, 4)), (1, 10))","(((3, 2), (3, 3), (3, 4)), (1, 10))",6,13,19.0,6,,,pruned,,,40
"(((2, 3), (3, 2), (3, 4)), (1, 10))","(((3, 2), (3, 3), (3, 4)), (1, 10))",6,13,19.0,6,,,pruned,,,41
"(((3, 2), (3, 3), (3, 4)), (1, 10))","(((3, 2), (3, 3), (4, 4)), (1, 10))",5,12.0,17.0,5,2,2,expanded,True,True,42
"(((2, 2), (3, 3), (4, 5)), (1, 10))","(((3, 2), (3, 3), (4, 5)), (1, 10))",6,13,19.0,6,,,pruned,,,43
"(((2, 3), (3, 2), (4, 5)), (1, 10))","(((3, 2), (3, 3), (4, 5)), (1, 10))",6,13,19.0,6,,,pruned,,,44
"(((3, 2), (3, 3), (4, 5)), (1, 10))","(((3, 2), (3, 3), (4, 4)), (1, 10))",5,12.0,17.0,5,4,2,expanded,False,True,45
"(((3, 4), (4, 2), (4, 7)), (1, 10))","(((3, 4), (4, 2), (4, 6)), (1, 10))",7,10,17.0,7,,,pruned,,,46
"(((3, 5), (4, 2), (4, 6)), (1, 10))","(((3, 4), (4, 2), (4, 6)), (1, 10))",7,10,17.0,7,,,pruned,,,47
"(((3, 4), (4, 1), (4, 6)), (1, 10))","(((3, 4), (4, 2), (4, 6)), (1, 10))",7,12,19.0,7,,,pruned,,,48
"(((3, 4), (4, 2), (4, 6)), (1, 10))","(((3, 2), (3, 4), (4, 6)), (1, 10))",6,11.0,17.0,6,8,3,expanded,False,True,49
"(((2, 2), (3, 3), (4, 6)), (1, 10))","(((3, 2), (3, 3), (4, 6)), (1, 10))",7,12,19.0,7,,,pruned,,,50
"(((3, 2), (3, 3), (4, 7)), (1, 10))","(((3, 2), (3, 3), (4, 6)), (1, 10))",7,10,17.0,7,,,pruned,,,51
"(((2, 3), (3, 2), (4, 6)), (1, 10))","(((3, 2), (3, 3), (4, 6)), (1, 10))",7,12,19.0,7,,,pruned,,,52
"(((3, 2), (3, 3), (4, 6)), (1, 10))","(((3, 2), (3, 4), (4, 6)), (1, 10))",6,11.0,17.0,6,4,3,expanded,False,True,53
"(((3, 5), (4, 3), (4, 5)), (1, 10))","(((3, 4), (4, 3), (4, 5)), (1, 10))",7,10,17.0,7,,,pruned,,,54
"(((3, 4), (4, 3), (4, 5)), (1, 10))","(((3, 4), (4, 2), (4, 5)), (1, 10))",6,11.0,17.0,6,5,1,expanded,False,True,55
"(((3, 4), (4, 3), (4, 7)), (1, 10))","(((3, 4), (4, 3), (4, 6)), (1, 10))",8,9,17.0,8,,,pruned,,,56
"(((3, 5), (4, 3), (4, 6)), (1, 10))","(((3, 4), (4, 3), (4, 6)), (1, 10))",8,9,17.0,8,,,pruned,,,57
"(((3, 4), (4, 3), (4, 6)), (1, 10))","(((3, 4), (4, 2), (4, 6)), (1, 10))",7,10.0,17.0,7,6,2,expanded,False,True,58
"(((3, 5), (4, 4), (4, 5)), (1, 10))","(((3, 4), (4, 4), (4, 5)), (1, 10))",8,9,17.0,8,,,pruned,,,59
"(((3, 4), (4, 4), (4, 5)), (1, 10))","(((3, 4), (4, 3), (4, 5)), (1, 10))",7,10.0,17.0,7,1,1,expanded,True,True,60
"(((3, 5), (4, 4), (4, 6)), (1, 10))","(((3, 4), (4, 4), (4, 6)), (1, 10))",9,8,17.0,9,,,pruned,,,61
"(((3, 4), (4, 4), (4, 6)), (1, 10))","(((3, 4), (4, 3), (4, 6)), (1, 10))",8,9.0,17.0,8,3,1,expanded,False,True,62
"(((3, 5), (4, 5), (4, 6)), (1, 10))","(((3, 4), (4, 5), (4, 6)), (1, 10))",10,7,17.0,10,,,pruned,,,63
"(((3, 4), (4, 5), (4, 6)), (1, 10))","(((3, 4), (4, 4), (4, 6)), (1, 10))",9,8.0,17.0,9,1,1,expanded,True,True,64
"(((2, 3), (4, 2), (5, 2)), (1, 10))","(((3, 3), (4, 2), (5, 2)), (1, 10))",3,18,21.0,3,,,pruned,,,65
"(((3, 3), (4, 1), (5, 2)), (1, 10))","(((3, 3), (4, 2), (5, 2)), (1, 10))",3,18,21.0,3,,,pruned,,,66
"(((3, 3), (4, 2), (5, 2)), (1, 10))","(((3, 4), (4, 2), (5, 2)), (1, 10))",2,17.0,19.0,2,3,2,expanded,False,True,67
"(((3, 5), (4, 4), (5, 2)), (2, 2))","(((3, 4), (4, 4), (5, 2)), (2, 2))",6,13,19.0,6,,,pruned,,,68
"(((3, 4), (4, 4), (6, 2)), (2, 2))","(((3, 4), (4, 4), (5, 2)), (2, 2))",6,15,21.0,6,,,pruned,,,69
"(((3, 4), (4, 4), (5, 2)), (2, 2))","(((3, 4), (4, 2), (4, 4)), (2, 2))",5,14.0,19.0,5,3,2,expanded,False,True,70
"(((2, 2), (3, 3), (5, 4)), (1, 10))","(((3, 2), (3, 3), (5, 4)), (1, 10))",6,15,21.0,6,,,pruned,,,71
"(((2, 3), (3, 2), (5, 4)), (1, 10))","(((3, 2), (3, 3), (5, 4)), (1, 10))",6,15,21.0,6,,,pruned,,,72
"(((3, 2), (3, 3), (5, 4)), (1, 10))","(((3, 2), (3, 3), (4, 4)), (1, 10))",5,14.0,19.0,5,4,2,expanded,False,True,73
"(((3, 4), (4, 2), (4, 4)), (1, 10))","(((3, 4), (4, 2), (4, 5)), (1, 10))",6,13.0,19.0,6,4,0,expanded,False,True,74
"(((3, 5), (4, 5), (5, 2)), (1, 10))","(((3, 4), (4, 5), (5, 2)), (1, 10))",7,12,19.0,7,,,pruned,,,75
"(((3, 4), (4, 5), (6, 2)), (1, 10))","(((3, 4), (4, 5), (5, 2)), (1, 10))",7,14,21.0,7,,,pruned,,,76
"(((3, 4), (4, 5), (5, 2)), (1, 10))","(((3, 4), (4, 2), (4, 5)), (1, 10))",6,13.0,19.0,6,5,2,expanded,False,True,77
"(((3, 3), (4, 2), (4, 7)), (1, 10))","(((3, 3), (4, 2), (4, 6)), (1, 10))",8,11,19.0,8,,,pruned,,,78
"(((2, 3), (4, 2), (4, 6)), (1, 10))","(((3, 3), (4, 2), (4, 6)), (1, 10))",8,13,21.0,8,,,pruned,,,79
"(((3, 3), (4, 1), (4, 6)), (1, 10))","(((3, 3), (4, 2), (4, 6)), (1, 10))",8,13,21.0,8,,,pruned,,,80
"(((3, 3), (4, 2), (4, 6)), (1, 10))","(((3, 4), (4, 2), (4, 6)), (1, 10))",7,12.0,19.0,7,7,3,expanded,False,True,81
"(((3, 4), (4, 7), (5, 2)), (1, 10))","(((3, 4), (4, 6), (5, 2)), (1, 10))",8,11,19.0,8,,,pruned,,,82
"(((3, 5), (4, 6), (5, 2)), (1, 10))","(((3, 4), (4, 6), (5, 2)), (1, 10))",8,11,19.0,8,,,pruned,,,83
"(((3, 4), (4, 6), (6, 2)), (1, 10))","(((3, 4), (4, 6), (5, 2)), (1, 10))",8,13,21.0,8,,,pruned,,,84
"(((3, 4), (4, 6), (5, 2)), (1, 10))","(((3, 4), (4, 2), (4, 6)), (1, 10))",7,12.0,19.0,7,6,3,expanded,False,True,85
"(((3, 5), (4, 3), (4, 4)), (1, 10))","(((3, 4), (4, 3), (4, 4)), (1, 10))",8,11,19.0,8,,,pruned,,,86
"(((3, 4), (4, 3), (4, 4)), (1, 10))","(((3, 4), (4, 3), (4, 5)), (1, 10))",7,12.0,19.0,7,2,1,expanded,False,True,87
"(((3, 3), (4, 3), (4, 7)), (1, 10))","(((3, 3), (4, 3), (4, 6)), (1, 10))",9,10,19.0,9,,,pruned,,,88
"(((3, 3), (4, 3), (4, 6)), (1, 10))","(((3, 4), (4, 3), (4, 6)), (1, 10))",8,11.0,19.0,8,6,1,expanded,False,True,89
"(((2, 3), (4, 4), (4, 6)), (1, 10))","(((3, 3), (4, 4), (4, 6)), (1, 10))",10,11,21.0,10,,,pruned,,,90
"(((3, 3), (4, 4), (4, 6)), (1, 10))","(((3, 3), (4, 3), (4, 6)), (1, 10))",9,10.0,19.0,9,6,1,expanded,False,True,91
"(((3, 3), (3, 4), (4, 7)), (1, 10))","(((3, 3), (3, 4), (4, 6)), (1, 10))",11,8,19.0,11,,,pruned,,,92
"(((2, 3), (3, 4), (4, 6)), (1, 10))","(((3, 3), (3, 4), (4, 6)), (1, 10))",11,10,21.0,11,,,pruned,,,93
"(((3, 3), (3, 4), (4, 6)), (1, 10))","(((3, 3), (4, 4), (4, 6)), (1, 10))",10,9.0,19.0,10,4,2,expanded,False,True,94
"(((2, 3), (4, 5), (4, 6)), (1, 10))","(((3, 3), (4, 5), (4, 6)), (1, 10))",11,10,21.0,11,,,pruned,,,95
"(((3, 3), (4, 5), (4, 6)), (1, 10))","(((3, 3), (4, 4), (4, 6)), (1, 10))",10,9.0,19.0,10,4,1,expanded,False,True,96
"(((3, 2), (4, 1), (5, 2)), (1, 10))","(((3, 2), (4, 2), (5, 2)), (1, 10))",4,19,23.0,4,,,pruned,,,97
"(((3, 2), (4, 2), (5, 2)), (1, 10))","(((3, 3), (4, 2), (5, 2)), (1, 10))",3,18.0,21.0,3,1,1,expanded,True,True,98
"(((2, 2), (3, 3), (6, 4)), (1, 10))","(((3, 2), (3, 3), (6, 4)), (1, 10))",7,16,23.0,7,,,pruned,,,99
"(((2, 3), (3, 2), (6, 4)), (1, 10))","(((3, 2), (3, 3), (6, 4)), (1, 10))",7,16,23.0,7,,,pruned,,,100
"(((3, 2), (3, 3), (6, 4)), (1, 10))","(((3, 2), (3, 3), (5, 4)), (1, 10))",6,15.0,21.0,6,4,2,expanded,False,True,101
"(((3, 4), (4, 2), (4, 3)), (1, 10))","(((3, 4), (4, 2), (4, 4)), (1, 10))",7,14.0,21.0,7,2,0,expanded,False,True,102
"(((3, 3), (4, 2), (4, 4)), (1, 10))","(((3, 4), (4, 2), (4, 4)), (1, 10))",7,14.0,21.0,7,6,0,expanded,False,True,103
"(((3, 4), (4, 4), (5, 2)), (1, 10))","(((3, 4), (4, 5), (5, 2)), (1, 10))",7,14.0,21.0,7,3,0,expanded,False,True,104
"(((2, 2), (3, 3), (6, 5)), (1, 10))","(((3, 2), (3, 3), (6, 5)), (1, 10))",8,15,23.0,8,,,pruned,,,105
"(((2, 3), (3, 2), (6, 5)), (1, 10))","(((3, 2), (3, 3), (6, 5)), (1, 10))",8,15,23.0,8,,,pruned,,,106
"(((3, 2), (3, 3), (6, 5)), (1, 10))","(((3, 2), (3, 3), (6, 4)), (1, 10))",7,14.0,21.0,7,4,2,expanded,False,True,107
"(((2, 3), (4, 2), (4, 5)), (1, 10))","(((3, 3), (4, 2), (4, 5)), (1, 10))",9,14,23.0,9,,,pruned,,,108
"(((3, 3), (4, 1), (4, 5)), (1, 10))","(((3, 3), (4, 2), (4, 5)), (1, 10))",9,14,23.0,9,,,pruned,,,109
"(((3, 3), (4, 2), (4, 5)), (1, 10))","(((3, 3), (4, 2), (4, 6)), (1, 10))",8,13.0,21.0,8,7,2,expanded,False,True,110
"(((3, 2), (4, 2), (4, 7)), (1, 10))","(((3, 2), (4, 2), (4, 6)), (1, 10))",9,12,21.0,9,,,pruned,,,111
"(((3, 2), (4, 1), (4, 6)), (1, 10))","(((3, 2), (4, 2), (4, 6)), (1, 10))",9,14,23.0,9,,,pruned,,,112
"(((3, 2), (4, 2), (4, 6)), (1, 10))","(((3, 3), (4, 2), (4, 6)), (1, 10))",8,13.0,21.0,8,4,2,expanded,False,True,113
"(((3, 3), (4, 7), (5, 2)), (1, 10))","(((3, 3), (4, 6), (5, 2)), (1, 10))",9,12,21.0,9,,,pruned,,,114
"(((2, 3), (4, 6), (5, 2)), (1, 10))","(((3, 3), (4, 6), (5, 2)), (1, 10))",9,14,23.0,9,,,pruned,,,115
"(((3, 3), (4, 6), (6, 2)), (1, 10))","(((3, 3), (4, 6), (5, 2)), (1, 10))",9,14,23.0,9,,,pruned,,,116
"(((3, 3), (4, 6), (5, 2)), (1, 10))","(((3, 4), (4, 6), (5, 2)), (1, 10))",8,13.0,21.0,8,8,3,expanded,False,True,117
"(((3, 3), (4, 3), (4, 4)), (1, 10))","(((3, 4), (4, 3), (4, 4)), (1, 10))",8,13.0,21.0,8,4,0,expanded,False,True,118
"(((2, 3), (3, 4), (4, 2)), (1, 10))","(((3, 3), (3, 4), (4, 2)), (1, 10))",9,14,23.0,9,,,pruned,,,119
"(((3, 3), (3, 4), (4, 1)), (1, 10))","(((3, 3), (3, 4), (4, 2)), (1, 10))",9,14,23.0,9,,,pruned,,,120
"(((3, 3), (3, 4), (4, 2)), (1, 10))","(((3, 3), (4, 2), (4, 4)), (1, 10))",8,13.0,21.0,8,4,2,expanded,False,True,121
"(((2, 2), (3, 3), (6, 6)), (1, 10))","(((3, 2), (3, 3), (6, 6)), (1, 10))",9,14,23.0,9,,,pruned,,,122
"(((2, 3), (3, 2), (6, 6)), (1, 10))","(((3, 2), (3, 3), (6, 6)), (1, 10))",9,14,23.0,9,,,pruned,,,123
"(((3, 2), (3, 3), (6, 6)), (1, 10))","(((3, 2), (3, 3), (6, 5)), (1, 10))",8,13.0,21.0,8,4,2,expanded,False,True,124
"(((3, 3), (4, 3), (4, 5)), (1, 10))","(((3, 3), (4, 3), (4, 6)), (1, 10))",9,12.0,21.0,9,6,0,expanded,False,True,125
"(((2, 2), (4, 3), (4, 6)), (1, 10))","(((3, 2), (4, 3), (4, 6)), (1, 10))",10,13,23.0,10,,,pruned,,,126
"(((3, 2), (4, 3), (4, 7)), (1, 10))","(((3, 2), (4, 3), (4, 6)), (1, 10))",10,11,21.0,10,,,pruned,,,127
"(((3, 2), (4, 3), (4, 6)), (1, 10))","(((3, 3), (4, 3), (4, 6)), (1, 10))",9,12.0,21.0,9,6,2,expanded,False,True,128
"(((3, 3), (3, 4), (4, 3)), (1, 10))","(((3, 3), (4, 3), (4, 4)), (1, 10))",9,12.0,21.0,9,2,0,expanded,False,True,129
"(((2, 2), (3, 3), (6, 7)), (1, 10))","(((3, 2), (3, 3), (6, 7)), (1, 10))",10,13,23.0,10,,,pruned,,,130
"(((2, 3), (3, 2), (6, 7)), (1, 10))","(((3, 2), (3, 3), (6, 7)), (1, 10))",10,13,23.0,10,,,pruned,,,131
"(((3, 2), (3, 3), (6, 7)), (1, 10))","(((3, 2), (3, 3), (6, 6)), (1, 10))",9,12.0,21.0,9,4,2,expanded,False,True,132
"(((2, 3), (4, 4), (4, 5)), (1, 10))","(((3, 3), (4, 4), (4, 5)), (1, 10))",11,12,23.0,11,,,pruned,,,133
"(((3, 3), (4, 4), (4, 5)), (1, 10))","(((3, 3), (4, 4), (4, 6)), (1, 10))",10,11.0,21.0,10,4,1,expanded,False,True,134
"(((4, 3), (4, 4), (4, 7)), (1, 10))","(((4, 3), (4, 4), (4, 6)), (1, 10))",11,10,21.0,11,,,pruned,,,135
"(((4, 3), (4, 4), (4, 6)), (1, 10))","(((3, 3), (4, 4), (4, 6)), (1, 10))",10,11.0,21.0,10,4,1,expanded,False,True,136
"(((2, 2), (4, 4), (4, 6)), (1, 10))","(((3, 2), (4, 4), (4, 6)), (1, 10))",11,12,23.0,11,,,pruned,,,137
"(((3, 2), (4, 4), (4, 7)), (1, 10))","(((3, 2), (4, 4), (4, 6)), (1, 10))",11,10,21.0,11,,,pruned,,,138
"(((3, 2), (4, 4), (4, 6)), (1, 10))","(((3, 2), (4, 3), (4, 6)), (1, 10))",10,11.0,21.0,10,8,2,expanded,False,True,139
"(((2, 3), (3, 4), (4, 4)), (1, 10))","(((3, 3), (3, 4), (4, 4)), (1, 10))",11,12,23.0,11,,,pruned,,,140
"(((3, 3), (3, 4), (4, 4)), (1, 10))","(((3, 3), (3, 4), (4, 3)), (1, 10))",10,11.0,21.0,10,4,1,expanded,False,True,141
"(((2, 3), (3, 4), (4, 5)), (1, 10))","(((3, 3), (3, 4), (4, 5)), (1, 10))",12,11,23.0,12,,,pruned,,,142
"(((3, 3), (3, 4), (4, 5)), (1, 10))","(((3, 3), (3, 4), (4, 6)), (1, 10))",11,10.0,21.0,11,4,1,expanded,False,True,143
"(((4, 3), (4, 5), (4, 6)), (1, 10))","(((3, 3), (4, 5), (4, 6)), (1, 10))",11,10.0,21.0,11,2,0,expanded,False,True,144
"(((2, 2), (4, 5), (4, 6)), (1, 10))","(((3, 2), (4, 5), (4, 6)), (1, 10))",12,11,23.0,12,,,pruned,,,145
"(((3, 2), (4, 5), (4, 6)), (1, 10))","(((3, 3), (4, 5), (4, 6)), (1, 10))",11,10.0,21.0,11,2,1,expanded,False,True,146
"(((4, 4), (4, 5), (4, 6)), (1, 10))","(((4, 3), (4, 5), (4, 6)), (1, 10))",12,9.0,21.0,12,2,0,expanded,False,True,147
"(((2, 2), (3, 3), (6, 8)), (1, 10))","(((3, 2), (3, 3), (6, 8)), (1, 10))",11,13,24.0,11,,,pruned,,,148
"(((2, 3), (3, 2), (6, 8)), (1, 10))","(((3, 2), (3, 3), (6, 8)), (1, 10))",11,13,24.0,11,,,pruned,,,149
"(((3, 2), (3, 3), (6, 8)), (1, 10))","(((3, 2), (3, 3), (6, 7)), (1, 10))",10,12.0,22.0,10,4,2,expanded,False,True,150
"(((2, 2), (3, 3), (6, 3)), (1, 10))","(((3, 2), (3, 3), (6, 3)), (1, 10))",8,17,25.0,8,,,pruned,,,151
"(((2, 3), (3, 2), (6, 3)), (1, 10))","(((3, 2), (3, 3), (6, 3)), (1, 10))",8,17,25.0,8,,,pruned,,,152
"(((3, 2), (3, 3), (6, 2)), (1, 10))","(((3, 2), (3, 3), (6, 3)), (1, 10))",8,17,25.0,8,,,pruned,,,153
"(((3, 2), (3, 3), (6, 3)), (1, 10))","(((3, 2), (3, 3), (6, 4)), (1, 10))",7,16.0,23.0,7,4,3,expanded,False,True,154
"(((3, 3), (4, 2), (4, 3)), (1, 10))","(((3, 4), (4, 2), (4, 3)), (1, 10))",8,15.0,23.0,8,2,0,expanded,False,True,155
"(((2, 3), (4, 2), (5, 4)), (1, 10))","(((3, 3), (4, 2), (5, 4)), (1, 10))",9,16,25.0,9,,,pruned,,,156
"(((3, 3), (4, 1), (5, 4)), (1, 10))","(((3, 3), (4, 2), (5, 4)), (1, 10))",9,16,25.0,9,,,pruned,,,157
"(((3, 3), (4, 2), (5, 4)), (1, 10))","(((3, 3), (4, 2), (4, 4)), (1, 10))",8,15.0,23.0,8,7,2,expanded,False,True,158
"(((3, 2), (4, 1), (4, 4)), (1, 10))","(((3, 2), (4, 2), (4, 4)), (1, 10))",9,16,25.0,9,,,pruned,,,159
"(((3, 2), (4, 2), (4, 4)), (1, 10))","(((3, 3), (4, 2), (4, 4)), (1, 10))",8,15.0,23.0,8,6,1,expanded,False,True,160
"(((3, 4), (4, 3), (5, 2)), (1, 10))","(((3, 4), (4, 4), (5, 2)), (1, 10))",8,15.0,23.0,8,3,0,expanded,False,True,161
"(((3, 3), (4, 4), (5, 2)), (1, 10))","(((3, 4), (4, 4), (5, 2)), (1, 10))",8,15.0,23.0,8,5,0,expanded,False,True,162
"(((3, 2), (4, 1), (4, 5)), (1, 10))","(((3, 2), (4, 2), (4, 5)), (1, 10))",10,15,25.0,10,,,pruned,,,163
"(((3, 2), (4, 2), (4, 5)), (1, 10))","(((3, 3), (4, 2), (4, 5)), (1, 10))",9,14.0,23.0,9,4,1,expanded,False,True,164
"(((2, 3), (4, 5), (5, 2)), (1, 10))","(((3, 3), (4, 5), (5, 2)), (1, 10))",10,15,25.0,10,,,pruned,,,165
"(((3, 3), (4, 5), (6, 2)), (1, 10))","(((3, 3), (4, 5), (5, 2)), (1, 10))",10,15,25.0,10,,,pruned,,,166
"(((3, 3), (4, 5), (5, 2)), (1, 10))","(((3, 3), (4, 6), (5, 2)), (1, 10))",9,14.0,23.0,9,8,2,expanded,False,True,167
"(((4, 3), (4, 7), (5, 2)), (1, 10))","(((4, 3), (4, 6), (5, 2)), (1, 10))",10,13,23.0,10,,,pruned,,,168
"(((4, 3), (4, 6), (6, 2)), (1, 10))","(((4, 3), (4, 6), (5, 2)), (1, 10))",10,15,25.0,10,,,pruned,,,169
"(((4, 3), (4, 6), (5, 2)), (1, 10))","(((3, 3), (4, 6), (5, 2)), (1, 10))",9,14.0,23.0,9,6,2,expanded,False,True,170
"(((2, 2), (4, 6), (5, 2)), (1, 10))","(((3, 2), (4, 6), (5, 2)), (1, 10))",10,15,25.0,10,,,pruned,,,171
"(((3, 2), (4, 7), (5, 2)), (1, 10))","(((3, 2), (4, 6), (5, 2)), (1, 10))",10,13,23.0,10,,,pruned,,,172
"(((3, 2), (4, 6), (6, 2)), (1, 10))","(((3, 2), (4, 6), (5, 2)), (1, 10))",10,15,25.0,10,,,pruned,,,173
"(((3, 2), (4, 6), (5, 2)), (1, 10))","(((3, 3), (4, 6), (5, 2)), (1, 10))",9,14.0,23.0,9,6,3,expanded,False,True,174
"(((3, 3), (4, 3), (5, 4)), (1, 10))","(((3, 3), (4, 3), (4, 4)), (1, 10))",9,14.0,23.0,9,6,0,expanded,False,True,175
"(((2, 2), (4, 3), (4, 4)), (1, 10))","(((3, 2), (4, 3), (4, 4)), (1, 10))",10,15,25.0,10,,,pruned,,,176
"(((3, 2), (4, 3), (4, 4)), (1, 10))","(((3, 3), (4, 3), (4, 4)), (1, 10))",9,14.0,23.0,9,4,1,expanded,False,True,177
"(((2, 3), (3, 4), (5, 2)), (1, 10))","(((3, 3), (3, 4), (5, 2)), (1, 10))",10,15,25.0,10,,,pruned,,,178
"(((3, 3), (3, 4), (6, 2)), (1, 10))","(((3, 3), (3, 4), (5, 2)), (1, 10))",10,15,25.0,10,,,pruned,,,179
"(((3, 3), (3, 4), (5, 2)), (1, 10))","(((3, 3), (4, 4), (5, 2)), (1, 10))",9,14.0,23.0,9,4,2,expanded,False,True,180
"(((2, 2), (4, 3), (4, 5)), (1, 10))","(((3, 2), (4, 3), (4, 5)), (1, 10))",11,14,25.0,11,,,pruned,,,181
"(((3, 2), (4, 3), (4, 5)), (1, 10))","(((3, 3), (4, 3), (4, 5)), (1, 10))",10,13.0,23.0,10,6,1,expanded,False,True,182
"(((4, 2), (4, 3), (4, 7)), (1, 10))","(((4, 2), (4, 3), (4, 6)), (1, 10))",11,12,23.0,11,,,pruned,,,183
"(((4, 2), (4, 3), (4, 6)), (1, 10))","(((3, 2), (4, 3), (4, 6)), (1, 10))",10,13.0,23.0,10,4,1,expanded,False,True,184
"(((4, 4), (4, 7), (5, 2)), (2, 2))","(((4, 4), (4, 6), (5, 2)), (2, 2))",11,12,23.0,11,,,pruned,,,185
"(((4, 4), (4, 6), (6, 2)), (2, 2))","(((4, 4), (4, 6), (5, 2)), (2, 2))",11,14,25.0,11,,,pruned,,,186
"(((4, 4), (4, 6), (5, 2)), (2, 2))","(((4, 3), (4, 6), (5, 2)), (1, 10))",10,13.0,23.0,10,5,2,expanded,False,True,187
"(((3, 5), (4, 3), (5, 4)), (1, 10))","(((3, 4), (4, 3), (5, 4)), (1, 10))",11,12,23.0,11,,,pruned,,,188
"(((3, 4), (4, 3), (5, 4)), (1, 10))","(((3, 3), (4, 3), (5, 4)), (1, 10))",10,13.0,23.0,10,6,1,expanded,False,True,189
"(((2, 3), (4, 4), (5, 4)), (1, 10))","(((3, 3), (4, 4), (5, 4)), (1, 10))",11,14,25.0,11,,,pruned,,,190
"(((3, 3), (4, 4), (5, 4)), (1, 10))","(((3, 3), (4, 3), (5, 4)), (1, 10))",10,13.0,23.0,10,6,1,expanded,False,True,191
"(((4, 3), (4, 4), (4, 5)), (1, 10))","(((3, 3), (4, 4), (4, 5)), (1, 10))",11,12.0,23.0,11,2,0,expanded,False,True,192
"(((4, 3), (4, 7), (5, 4)), (1, 10))","(((4, 3), (4, 6), (5, 4)), (1, 10))",12,11,23.0,12,,,pruned,,,193
"(((4, 3), (4, 6), (5, 4)), (1, 10))","(((4, 3), (4, 4), (4, 6)), (1, 10))",11,12.0,23.0,11,6,1,expanded,False,True,194
"(((2, 2), (4, 6), (5, 4)), (1, 10))","(((3, 2), (4, 6), (5, 4)), (1, 10))",12,13,25.0,12,,,pruned,,,195
"(((3, 2), (4, 7), (5, 4)), (1, 10))","(((3, 2), (4, 6), (5, 4)), (1, 10))",12,11,23.0,12,,,pruned,,,196
"(((3, 2), (4, 6), (5, 4)), (1, 10))","(((3, 2), (4, 4), (4, 6)), (1, 10))",11,12.0,23.0,11,6,2,expanded,False,True,197
"(((4, 2), (4, 4), (4, 7)), (2, 2))","(((4, 2), (4, 4), (4, 6)), (2, 2))",12,11,23.0,12,,,pruned,,,198
"(((4, 1), (4, 4), (4, 6)), (1, 10))","(((4, 2), (4, 4), (4, 6)), (2, 2))",12,13,25.0,12,,,pruned,,,199
"(((4, 2), (4, 4), (4, 6)), (2, 2))","(((3, 2), (4, 4), (4, 6)), (1, 10))",11,12.0,23.0,11,6,2,expanded,False,True,200
"(((2, 2), (4, 4), (4, 5)), (1, 10))","(((3, 2), (4, 4), (4, 5)), (1, 10))",12,13,25.0,12,,,pruned,,,201
"(((3, 2), (4, 4), (4, 5)), (1, 10))","(((3, 2), (4, 4), (4, 6)), (1, 10))",11,12.0,23.0,11,4,1,expanded,False,True,202
"(((2, 2), (3, 3), (6, 9)), (1, 10))","(((3, 2), (3, 3), (6, 9)), (1, 10))",12,13,25.0,12,,,pruned,,,203
"(((2, 3), (3, 2), (6, 9)), (1, 10))","(((3, 2), (3, 3), (6, 9)), (1, 10))",12,13,25.0,12,,,pruned,,,204
"(((3, 2), (3, 3), (6, 9)), (1, 10))","(((3, 2), (3, 3), (6, 8)), (1, 10))",11,12.0,23.0,11,4,2,expanded,False,True,205
"(((4, 5), (4, 6), (6, 2)), (1, 10))","(((4, 5), (4, 6), (5, 2)), (1, 10))",12,13,25.0,12,,,pruned,,,206
"(((4, 5), (4, 6), (5, 2)), (1, 10))","(((4, 4), (4, 6), (5, 2)), (2, 2))",11,12.0,23.0,11,2,1,expanded,False,True,207
"(((3, 5), (4, 4), (5, 4)), (1, 10))","(((3, 4), (4, 4), (5, 4)), (1, 10))",12,11,23.0,12,,,pruned,,,208
"(((3, 4), (4, 4), (5, 4)), (1, 10))","(((3, 4), (4, 3), (5, 4)), (1, 10))",11,12.0,23.0,11,4,1,expanded,False,True,209
"(((2, 3), (4, 5), (5, 4)), (1, 10))","(((3, 3), (4, 5), (5, 4)), (1, 10))",12,13,25.0,12,,,pruned,,,210
"(((3, 3), (4, 5), (5, 4)), (1, 10))","(((3, 3), (4, 4), (5, 4)), (1, 10))",11,12.0,23.0,11,8,1,expanded,False,True,211
"(((4, 1), (4, 5), (4, 6)), (1, 10))","(((4, 2), (4, 5), (4, 6)), (1, 10))",13,12,25.0,13,,,pruned,,,212
"(((4, 2), (4, 5), (4, 6)), (1, 10))","(((4, 3), (4, 5), (4, 6)), (1, 10))",12,11.0,23.0,12,4,1,expanded,False,True,213
"(((4, 4), (4, 7), (5, 4)), (1, 10))","(((4, 4), (4, 6), (5, 4)), (1, 10))",13,10,23.0,13,,,pruned,,,214
"(((4, 4), (4, 6), (5, 4)), (1, 10))","(((4, 3), (4, 6), (5, 4)), (1, 10))",12,11.0,23.0,12,4,1,expanded,False,True,215
"(((3, 5), (4, 5), (5, 4)), (1, 10))","(((3, 4), (4, 5), (5, 4)), (1, 10))",13,10,23.0,13,,,pruned,,,216
"(((3, 4), (4, 5), (5, 4)), (1, 10))","(((3, 4), (4, 4), (5, 4)), (1, 10))",12,11.0,23.0,12,5,1,expanded,False,True,217
"(((3, 3), (4, 7), (5, 4)), (1, 10))","(((3, 3), (4, 6), (5, 4)), (1, 10))",13,10,23.0,13,,,pruned,,,218
"(((2, 3), (4, 6), (5, 4)), (1, 10))","(((3, 3), (4, 6), (5, 4)), (1, 10))",13,12,25.0,13,,,pruned,,,219
"(((3, 3), (4, 6), (5, 4)), (1, 10))","(((3, 3), (4, 5), (5, 4)), (1, 10))",12,11.0,23.0,12,8,2,expanded,False,True,220
"(((4, 5), (4, 6), (5, 4)), (1, 10))","(((4, 4), (4, 5), (4, 6)), (1, 10))",13,10.0,23.0,13,2,0,expanded,False,True,221
"(((3, 4), (4, 7), (5, 4)), (1, 10))","(((3, 4), (4, 6), (5, 4)), (1, 10))",14,9,23.0,14,,,pruned,,,222
"(((3, 5), (4, 6), (5, 4)), (1, 10))","(((3, 4), (4, 6), (5, 4)), (1, 10))",14,9,23.0,14,,,pruned,,,223
"(((3, 4), (4, 6), (5, 4)), (1, 10))","(((3, 4), (4, 5), (5, 4)), (1, 10))",13,10.0,23.0,13,6,2,expanded,False,True,224
"(((3, 2), (4, 2), (4, 3)), (1, 10))","(((3, 3), (4, 2), (4, 3)), (1, 10))",9,16.0,25.0,9,0,0,expanded,False,True,225
"(((2, 3), (4, 2), (6, 4)), (1, 10))","(((3, 3), (4, 2), (6, 4)), (1, 10))",10,17,27.0,10,,,pruned,,,226
"(((3, 3), (4, 1), (6, 4)), (1, 10))","(((3, 3), (4, 2), (6, 4)), (1, 10))",10,17,27.0,10,,,pruned,,,227
"(((3, 3), (4, 2), (6, 4)), (1, 10))","(((3, 3), (4, 2), (5, 4)), (1, 10))",9,16.0,25.0,9,4,2,expanded,False,True,228
"(((3, 2), (4, 1), (5, 4)), (1, 10))","(((3, 2), (4, 2), (5, 4)), (1, 10))",10,17,27.0,10,,,pruned,,,229
"(((3, 2), (4, 2), (5, 4)), (1, 10))","(((3, 3), (4, 2), (5, 4)), (1, 10))",9,16.0,25.0,9,4,1,expanded,False,True,230
"(((3, 3), (4, 3), (5, 2)), (1, 10))","(((3, 4), (4, 3), (5, 2)), (1, 10))",9,16.0,25.0,9,3,0,expanded,False,True,231
"(((2, 3), (5, 2), (5, 4)), (1, 10))","(((3, 3), (5, 2), (5, 4)), (1, 10))",10,17,27.0,10,,,pruned,,,232
"(((3, 3), (5, 4), (6, 2)), (1, 10))","(((3, 3), (5, 2), (5, 4)), (1, 10))",10,17,27.0,10,,,pruned,,,233
"(((3, 3), (5, 2), (5, 4)), (1, 10))","(((3, 3), (4, 4), (5, 2)), (1, 10))",9,16.0,25.0,9,8,2,expanded,False,True,234
"(((2, 2), (4, 4), (5, 2)), (1, 10))","(((3, 2), (4, 4), (5, 2)), (1, 10))",10,17,27.0,10,,,pruned,,,235
"(((3, 2), (4, 4), (6, 2)), (1, 10))","(((3, 2), (4, 4), (5, 2)), (1, 10))",10,17,27.0,10,,,pruned,,,236
"(((3, 2), (4, 4), (5, 2)), (1, 10))","(((3, 3), (4, 4), (5, 2)), (1, 10))",9,16.0,25.0,9,8,2,expanded,False,True,237
"(((4, 3), (4, 5), (6, 2)), (1, 10))","(((4, 3), (4, 5), (5, 2)), (1, 10))",11,16,27.0,11,,,pruned,,,238
"(((4, 3), (4, 5), (5, 2)), (1, 10))","(((3, 3), (4, 5), (5, 2)), (1, 10))",10,15.0,25.0,10,6,1,expanded,False,True,239
"(((2, 2), (4, 5), (5, 2)), (1, 10))","(((3, 2), (4, 5), (5, 2)), (1, 10))",11,16,27.0,11,,,pruned,,,240
"(((3, 2), (4, 5), (6, 2)), (1, 10))","(((3, 2), (4, 5), (5, 2)), (1, 10))",11,16,27.0,11,,,pruned,,,241
"(((3, 2), (4, 5), (5, 2)), (1, 10))","(((3, 3), (4, 5), (5, 2)), (1, 10))",10,15.0,25.0,10,6,2,expanded,False,True,242
"(((4, 2), (4, 7), (5, 2)), (1, 10))","(((4, 2), (4, 6), (5, 2)), (1, 10))",11,14,25.0,11,,,pruned,,,243
"(((4, 1), (4, 6), (5, 2)), (1, 10))","(((4, 2), (4, 6), (5, 2)), (1, 10))",11,16,27.0,11,,,pruned,,,244
"(((4, 2), (4, 6), (5, 2)), (1, 10))","(((4, 3), (4, 6), (5, 2)), (1, 10))",10,15.0,25.0,10,3,2,expanded,False,True,245
"(((3, 3), (4, 3), (6, 4)), (1, 10))","(((3, 3), (4, 3), (5, 4)), (1, 10))",10,15.0,25.0,10,3,0,expanded,False,True,246
"(((2, 2), (4, 3), (5, 4)), (1, 10))","(((3, 2), (4, 3), (5, 4)), (1, 10))",11,16,27.0,11,,,pruned,,,247
"(((3, 2), (4, 3), (5, 4)), (1, 10))","(((3, 3), (4, 3), (5, 4)), (1, 10))",10,15.0,25.0,10,6,1,expanded,False,True,248
"(((4, 2), (4, 3), (4, 4)), (1, 10))","(((3, 2), (4, 3), (4, 4)), (1, 10))",10,15.0,25.0,10,4,0,expanded,False,True,249
"(((3, 5), (4, 3), (5, 2)), (1, 10))","(((3, 4), (4, 3), (5, 2)), (2, 2))",11,14,25.0,11,,,pruned,,,250
"(((3, 4), (4, 3), (6, 2)), (2, 2))","(((3, 4), (4, 3), (5, 2)), (2, 2))",11,16,27.0,11,,,pruned,,,251
"(((3, 4), (4, 3), (5, 2)), (2, 2))","(((3, 3), (3, 4), (5, 2)), (1, 10))",10,15.0,25.0,10,3,2,expanded,False,True,252
"(((3, 5), (5, 2), (5, 4)), (1, 10))","(((3, 4), (5, 2), (5, 4)), (1, 10))",11,14,25.0,11,,,pruned,,,253
"(((3, 4), (5, 4), (6, 2)), (1, 10))","(((3, 4), (5, 2), (5, 4)), (1, 10))",11,16,27.0,11,,,pruned,,,254
"(((3, 4), (5, 2), (5, 4)), (1, 10))","(((3, 3), (5, 2), (5, 4)), (1, 10))",10,15.0,25.0,10,6,2,expanded,False,True,255
"(((4, 2), (4, 3), (4, 5)), (1, 10))","(((3, 2), (4, 3), (4, 5)), (1, 10))",11,14.0,25.0,11,4,0,expanded,False,True,256
"(((4, 7), (5, 2), (5, 4)), (2, 2))","(((4, 6), (5, 2), (5, 4)), (2, 2))",12,13,25.0,12,,,pruned,,,257
"(((4, 6), (5, 4), (6, 2)), (2, 2))","(((4, 6), (5, 2), (5, 4)), (2, 2))",12,15,27.0,12,,,pruned,,,258
"(((4, 6), (5, 2), (5, 4)), (2, 2))","(((4, 4), (4, 6), (5, 2)), (2, 2))",11,14.0,25.0,11,3,2,expanded,False,True,259
"(((3, 4), (4, 3), (6, 4)), (1, 10))","(((3, 4), (4, 3), (5, 4)), (1, 10))",11,14.0,25.0,11,3,0,expanded,False,True,260
"(((3, 5), (4, 2), (5, 4)), (1, 10))","(((3, 4), (4, 2), (5, 4)), (1, 10))",12,13,25.0,12,,,pruned,,,261
"(((3, 4), (4, 1), (5, 4)), (1, 10))","(((3, 4), (4, 2), (5, 4)), (1, 10))",12,15,27.0,12,,,pruned,,,262
"(((3, 4), (4, 2), (5, 4)), (1, 10))","(((3, 4), (4, 3), (5, 4)), (1, 10))",11,14.0,25.0,11,8,2,expanded,False,True,263
"(((4, 3), (4, 4), (5, 4)), (1, 10))","(((3, 3), (4, 4), (5, 4)), (1, 10))",11,14.0,25.0,11,0,0,expanded,False,True,264
"(((2, 2), (4, 4), (5, 4)), (1, 10))","(((3, 2), (4, 4), (5, 4)), (1, 10))",12,15,27.0,12,,,pruned,,,265
"(((3, 2), (4, 4), (5, 4)), (1, 10))","(((3, 3), (4, 4), (5, 4)), (1, 10))",11,14.0,25.0,11,4,1,expanded,False,True,266
"(((4, 4), (4, 5), (6, 2)), (2, 2))","(((4, 4), (4, 5), (5, 2)), (2, 2))",12,15,27.0,12,,,pruned,,,267
"(((4, 4), (4, 5), (5, 2)), (2, 2))","(((4, 3), (4, 5), (5, 2)), (1, 10))",11,14.0,25.0,11,2,1,expanded,False,True,268
"(((4, 3), (4, 5), (5, 4)), (1, 10))","(((4, 3), (4, 4), (4, 5)), (1, 10))",12,13.0,25.0,12,6,0,expanded,False,True,269
"(((4, 3), (4, 7), (6, 4)), (2, 2))","(((4, 3), (4, 6), (6, 4)), (2, 2))",13,12,25.0,13,,,pruned,,,270
"(((4, 3), (4, 6), (6, 4)), (2, 2))","(((4, 3), (4, 6), (5, 4)), (1, 10))",12,13.0,25.0,12,4,1,expanded,False,True,271
"(((4, 2), (4, 7), (5, 4)), (2, 2))","(((4, 2), (4, 6), (5, 4)), (2, 2))",13,12,25.0,13,,,pruned,,,272
"(((4, 1), (4, 6), (5, 4)), (1, 10))","(((4, 2), (4, 6), (5, 4)), (2, 2))",13,14,27.0,13,,,pruned,,,273
"(((4, 2), (4, 6), (5, 4)), (2, 2))","(((4, 3), (4, 6), (5, 4)), (1, 10))",12,13.0,25.0,12,4,2,expanded,False,True,274
"(((2, 2), (4, 5), (5, 4)), (1, 10))","(((3, 2), (4, 5), (5, 4)), (1, 10))",13,14,27.0,13,,,pruned,,,275
"(((3, 2), (4, 5), (5, 4)), (1, 10))","(((3, 2), (4, 6), (5, 4)), (1, 10))",12,13.0,25.0,12,6,1,expanded,False,True,276
"(((2, 2), (4, 6), (6, 4)), (2, 3))","(((3, 2), (4, 6), (6, 4)), (2, 2))",13,14,27.0,13,,,pruned,,,277
"(((3, 2), (4, 7), (6, 4)), (2, 2))","(((3, 2), (4, 6), (6, 4)), (2, 2))",13,12,25.0,13,,,pruned,,,278
"(((3, 2), (4, 6), (6, 4)), (2, 2))","(((3, 2), (4, 6), (5, 4)), (1, 10))",12,13.0,25.0,12,4,2,expanded,False,True,279
"(((4, 1), (4, 4), (4, 5)), (1, 10))","(((4, 2), (4, 4), (4, 5)), (2, 2))",13,14,27.0,13,,,pruned,,,280
"(((4, 2), (4, 4), (4, 5)), (2, 2))","(((3, 2), (4, 4), (4, 5)), (1, 10))",12,13.0,25.0,12,3,1,expanded,False,True,281
"(((2, 2), (3, 3), (6, 10)), (1, 10))","(((3, 2), (3, 3), (6, 10)), (1, 10))",13,14,27.0,13,,,pruned,,,282
"(((2, 3), (3, 2), (6, 10)), (1, 10))","(((3, 2), (3, 3), (6, 10)), (1, 10))",13,14,27.0,13,,,pruned,,,283
"(((3, 2), (3, 3), (7, 10)), (1, 10))","(((3, 2), (3, 3), (6, 10)), (1, 10))",13,14,27.0,13,,,pruned,,,284
"(((3, 2), (3, 3), (6, 11)), (1, 10))","(((3, 2), (3, 3), (6, 10)), (1, 10))",13,14,27.0,13,,,pruned,,,285
"(((3, 2), (3, 3), (6, 10)), (1, 10))","(((3, 2), (3, 3), (6, 9)), (1, 10))",12,13.0,25.0,12,6,4,expanded,False,True,286
"(((2, 3), (4, 5), (6, 4)), (2, 2))","(((3, 3), (4, 5), (6, 4)), (2, 2))",13,14,27.0,13,,,pruned,,,287
"(((3, 3), (4, 5), (6, 4)), (2, 2))","(((3, 3), (4, 5), (5, 4)), (1, 10))",12,13.0,25.0,12,6,1,expanded,False,True,288
"(((3, 2), (3, 5), (5, 4)), (1, 10))","(((3, 2), (3, 4), (5, 4)), (1, 10))",13,12,25.0,13,,,pruned,,,289
"(((2, 2), (3, 4), (5, 4)), (1, 10))","(((3, 2), (3, 4), (5, 4)), (1, 10))",13,14,27.0,13,,,pruned,,,290
"(((3, 2), (3, 4), (5, 4)), (1, 10))","(((3, 4), (4, 2), (5, 4)), (1, 10))",12,13.0,25.0,12,6,2,expanded,False,True,291
"(((4, 4), (4, 5), (5, 4)), (1, 10))","(((4, 4), (4, 6), (5, 4)), (1, 10))",13,12.0,25.0,13,0,0,expanded,False,True,292
"(((3, 5), (4, 5), (6, 4)), (2, 2))","(((3, 4), (4, 5), (6, 4)), (2, 2))",14,11,25.0,14,,,pruned,,,293
"(((3, 4), (4, 5), (6, 4)), (2, 2))","(((3, 4), (4, 5), (5, 4)), (1, 10))",13,12.0,25.0,13,3,1,expanded,False,True,294
"(((3, 3), (4, 7), (6, 4)), (2, 2))","(((3, 3), (4, 6), (6, 4)), (2, 2))",14,11,25.0,14,,,pruned,,,295
"(((2, 3), (4, 6), (6, 4)), (2, 2))","(((3, 3), (4, 6), (6, 4)), (2, 2))",14,13,27.0,14,,,pruned,,,296
"(((3, 3), (4, 6), (6, 4)), (2, 2))","(((3, 3), (4, 6), (5, 4)), (1, 10))",13,12.0,25.0,13,6,2,expanded,False,True,297
"(((4, 3), (4, 7), (6, 5)), (2, 2))","(((4, 3), (4, 6), (6, 5)), (2, 2))",14,11,25.0,14,,,pruned,,,298
"(((4, 3), (4, 6), (6, 5)), (2, 2))","(((4, 3), (4, 6), (6, 4)), (2, 2))",13,12.0,25.0,13,4,1,expanded,False,True,299
"(((4, 4), (4, 7), (6, 4)), (2, 2))","(((4, 4), (4, 6), (6, 4)), (2, 2))",14,11,25.0,14,,,pruned,,,300
"(((4, 4), (4, 6), (6, 4)), (2, 2))","(((4, 3), (4, 6), (6, 4)), (2, 2))",13,12.0,25.0,13,5,1,expanded,False,True,301
"(((2, 2), (4, 6), (6, 5)), (2, 3))","(((3, 2), (4, 6), (6, 5)), (2, 2))",14,13,27.0,14,,,pruned,,,302
"(((3, 2), (4, 7), (6, 5)), (2, 2))","(((3, 2), (4, 6), (6, 5)), (2, 2))",14,11,25.0,14,,,pruned,,,303
"(((3, 2), (4, 6), (6, 5)), (2, 2))","(((3, 2), (4, 6), (6, 4)), (2, 2))",13,12.0,25.0,13,4,2,expanded,False,True,304
"(((2, 2), (3, 3), (5, 10)), (1, 10))","(((3, 2), (3, 3), (5, 10)), (1, 10))",14,13,27.0,14,,,pruned,,,305
"(((2, 3), (3, 2), (5, 10)), (1, 10))","(((3, 2), (3, 3), (5, 10)), (1, 10))",14,13,27.0,14,,,pruned,,,306
"(((3, 2), (3, 3), (5, 10)), (1, 10))","(((3, 2), (3, 3), (6, 10)), (1, 10))",13,12.0,25.0,13,4,2,expanded,False,True,307
"(((2, 3), (4, 5), (6, 5)), (2, 2))","(((3, 3), (4, 5), (6, 5)), (2, 2))",14,13,27.0,14,,,pruned,,,308
"(((3, 3), (4, 5), (6, 5)), (2, 2))","(((3, 3), (4, 5), (6, 4)), (2, 2))",13,12.0,25.0,13,6,1,expanded,False,True,309
"(((4, 5), (4, 6), (6, 4)), (2, 2))","(((4, 5), (4, 6), (5, 4)), (1, 10))",14,11.0,25.0,14,1,0,expanded,False,True,310
"(((3, 4), (4, 7), (6, 4)), (2, 2))","(((3, 4), (4, 6), (6, 4)), (2, 2))",15,10,25.0,15,,,pruned,,,311
"(((3, 5), (4, 6), (6, 4)), (2, 2))","(((3, 4), (4, 6), (6, 4)), (2, 2))",15,10,25.0,15,,,pruned,,,312
"(((3, 4), (4, 6), (6, 4)), (2, 2))","(((3, 4), (4, 6), (5, 4)), (1, 10))",14,11.0,25.0,14,4,2,expanded,False,True,313
"(((3, 5), (4, 5), (6, 5)), (2, 2))","(((3, 4), (4, 5), (6, 5)), (2, 2))",15,10,25.0,15,,,pruned,,,314
"(((3, 4), (4, 5), (6, 5)), (2, 2))","(((3, 4), (4, 5), (6, 4)), (2, 2))",14,11.0,25.0,14,3,1,expanded,False,True,315
"(((3, 3), (4, 7), (6, 5)), (2, 2))","(((3, 3), (4, 6), (6, 5)), (2, 2))",15,10,25.0,15,,,pruned,,,316
"(((2, 3), (4, 6), (6, 5)), (2, 2))","(((3, 3), (4, 6), (6, 5)), (2, 2))",15,12,27.0,15,,,pruned,,,317
"(((3, 3), (4, 6), (6, 5)), (2, 2))","(((3, 3), (4, 6), (6, 4)), (2, 2))",14,11.0,25.0,14,6,2,expanded,False,True,318
"(((4, 3), (4, 7), (6, 6)), (2, 2))","(((4, 3), (4, 6), (6, 6)), (2, 2))",15,10,25.0,15,,,pruned,,,319
"(((4, 3), (4, 6), (6, 6)), (2, 2))","(((4, 3), (4, 6), (6, 5)), (2, 2))",14,11.0,25.0,14,4,1,expanded,False,True,320
"(((4, 4), (4, 7), (6, 5)), (2, 2))","(((4, 4), (4, 6), (6, 5)), (2, 2))",15,10,25.0,15,,,pruned,,,321
"(((4, 4), (4, 6), (6, 5)), (2, 2))","(((4, 3), (4, 6), (6, 5)), (2, 2))",14,11.0,25.0,14,6,1,expanded,False,True,322
"(((2, 2), (4, 6), (6, 6)), (2, 3))","(((3, 2), (4, 6), (6, 6)), (2, 2))",15,12,27.0,15,,,pruned,,,323
"(((3, 2), (4, 7), (6, 6)), (2, 2))","(((3, 2), (4, 6), (6, 6)), (2, 2))",15,10,25.0,15,,,pruned,,,324
"(((3, 2), (4, 6), (6, 6)), (2, 2))","(((3, 2), (4, 6), (6, 5)), (2, 2))",14,11.0,25.0,14,4,2,expanded,False,True,325
"(((2, 2), (3, 3), (4, 10)), (1, 10))","(((3, 2), (3, 3), (4, 10)), (1, 10))",15,12,27.0,15,,,pruned,,,326
"(((2, 3), (3, 2), (4, 10)), (1, 10))","(((3, 2), (3, 3), (4, 10)), (1, 10))",15,12,27.0,15,,,pruned,,,327
"(((3, 2), (3, 3), (4, 10)), (1, 10))","(((3, 2), (3, 3), (5, 10)), (1, 10))",14,11.0,25.0,14,4,2,expanded,False,True,328
"(((2, 3), (4, 5), (6, 6)), (2, 2))","(((3, 3), (4, 5), (6, 6)), (2, 2))",15,12,27.0,15,,,pruned,,,329
"(((3, 3), (4, 5), (6, 6)), (2, 2))","(((3, 3), (4, 5), (6, 5)), (2, 2))",14,11.0,25.0,14,6,1,expanded,False,True,330
"(((4, 5), (4, 6), (6, 5)), (2, 2))","(((4, 5), (4, 6), (6, 4)), (2, 2))",15,10.0,25.0,15,1,0,expanded,False,True,331
"(((3, 4), (4, 7), (6, 5)), (2, 2))","(((3, 4), (4, 6), (6, 5)), (2, 2))",16,9,25.0,16,,,pruned,,,332
"(((3, 5), (4, 6), (6, 5)), (2, 2))","(((3, 4), (4, 6), (6, 5)), (2, 2))",16,9,25.0,16,,,pruned,,,333
"(((3, 4), (4, 6), (6, 5)), (2, 2))","(((3, 4), (4, 6), (6, 4)), (2, 2))",15,10.0,25.0,15,4,2,expanded,False,True,334
"(((3, 5), (4, 5), (6, 6)), (2, 2))","(((3, 4), (4, 5), (6, 6)), (2, 2))",16,9,25.0,16,,,pruned,,,335
"(((3, 4), (4, 5), (6, 6)), (2, 2))","(((3, 4), (4, 5), (6, 5)), (2, 2))",15,10.0,25.0,15,3,1,expanded,False,True,336
"(((3, 3), (4, 7), (6, 6)), (2, 2))","(((3, 3), (4, 6), (6, 6)), (2, 2))",16,9,25.0,16,,,pruned,,,337
"(((2, 3), (4, 6), (6, 6)), (2, 2))","(((3, 3), (4, 6), (6, 6)), (2, 2))",16,11,27.0,16,,,pruned,,,338
"(((3, 3), (4, 6), (6, 6)), (2, 2))","(((3, 3), (4, 6), (6, 5)), (2, 2))",15,10.0,25.0,15,6,2,expanded,False,True,339
"(((4, 3), (4, 7), (6, 7)), (2, 2))","(((4, 3), (4, 6), (6, 7)), (2, 2))",16,9,25.0,16,,,pruned,,,340
"(((4, 3), (4, 6), (6, 7)), (2, 2))","(((4, 3), (4, 6), (6, 6)), (2, 2))",15,10.0,25.0,15,4,1,expanded,False,True,341
"(((4, 4), (4, 7), (6, 6)), (2, 2))","(((4, 4), (4, 6), (6, 6)), (2, 2))",16,9,25.0,16,,,pruned,,,342
"(((4, 4), (4, 6), (6, 6)), (2, 2))","(((4, 3), (4, 6), (6, 6)), (2, 2))",15,10.0,25.0,15,6,1,expanded,False,True,343
"(((2, 2), (4, 6), (6, 7)), (2, 3))","(((3, 2), (4, 6), (6, 7)), (2, 2))",16,11,27.0,16,,,pruned,,,344
"(((3, 2), (4, 7), (6, 7)), (2, 2))","(((3, 2), (4, 6), (6, 7)), (2, 2))",16,9,25.0,16,,,pruned,,,345
"(((3, 2), (4, 6), (6, 7)), (2, 2))","(((3, 2), (4, 6), (6, 6)), (2, 2))",15,10.0,25.0,15,4,2,expanded,False,True,346
"(((2, 2), (3, 3), (3, 10)), (1, 10))","(((3, 2), (3, 3), (3, 10)), (1, 10))",16,11,27.0,16,,,pruned,,,347
"(((2, 3), (3, 2), (3, 10)), (1, 10))","(((3, 2), (3, 3), (3, 10)), (1, 10))",16,11,27.0,16,,,pruned,,,348
"(((3, 2), (3, 3), (3, 11)), (1, 10))","(((3, 2), (3, 3), (3, 10)), (1, 10))",16,11,27.0,16,,,pruned,,,349
"(((3, 2), (3, 3), (3, 10)), (1, 10))","(((3, 2), (3, 3), (4, 10)), (1, 10))",15,10.0,25.0,15,6,3,expanded,False,True,350
"(((2, 3), (4, 5), (6, 7)), (2, 2))","(((3, 3), (4, 5), (6, 7)), (2, 2))",16,11,27.0,16,,,pruned,,,351
"(((3, 3), (4, 5), (6, 7)), (2, 2))","(((3, 3), (4, 5), (6, 6)), (2, 2))",15,10.0,25.0,15,6,1,expanded,False,True,352
"(((4, 5), (4, 6), (6, 6)), (2, 2))","(((4, 5), (4, 6), (6, 5)), (2, 2))",16,9.0,25.0,16,1,0,expanded,False,True,353
"(((3, 4), (4, 7), (6, 6)), (2, 2))","(((3, 4), (4, 6), (6, 6)), (2, 2))",17,8,25.0,17,,,pruned,,,354
"(((3, 5), (4, 6), (6, 6)), (2, 2))","(((3, 4), (4, 6), (6, 6)), (2, 2))",17,8,25.0,17,,,pruned,,,355
"(((3, 4), (4, 6), (6, 6)), (2, 2))","(((3, 4), (4, 6), (6, 5)), (2, 2))",16,9.0,25.0,16,4,2,expanded,False,True,356
"(((3, 5), (4, 5), (6, 7)), (2, 2))","(((3, 4), (4, 5), (6, 7)), (2, 2))",17,8,25.0,17,,,pruned,,,357
"(((3, 4), (4, 5), (6, 7)), (2, 2))","(((3, 4), (4, 5), (6, 6)), (2, 2))",16,9.0,25.0,16,3,1,expanded,False,True,358
"(((3, 3), (4, 7), (6, 7)), (2, 2))","(((3, 3), (4, 6), (6, 7)), (2, 2))",17,8,25.0,17,,,pruned,,,359
"(((2, 3), (4, 6), (6, 7)), (2, 2))","(((3, 3), (4, 6), (6, 7)), (2, 2))",17,10,27.0,17,,,pruned,,,360
"(((3, 3), (4, 6), (6, 7)), (2, 2))","(((3, 3), (4, 6), (6, 6)), (2, 2))",16,9.0,25.0,16,6,2,expanded,False,True,361
"(((4, 4), (4, 7), (6, 7)), (2, 2))","(((4, 4), (4, 6), (6, 7)), (2, 2))",17,8,25.0,17,,,pruned,,,362
"(((4, 4), (4, 6), (6, 7)), (2, 2))","(((4, 3), (4, 6), (6, 7)), (2, 2))",16,9.0,25.0,16,6,1,expanded,False,True,363
"(((2, 2), (3, 3), (3, 9)), (1, 10))","(((3, 2), (3, 3), (3, 9)), (1, 10))",17,10,27.0,17,,,pruned,,,364
"(((2, 3), (3, 2), (3, 9)), (1, 10))","(((3, 2), (3, 3), (3, 9)), (1, 10))",17,10,27.0,17,,,pruned,,,365
"(((3, 2), (3, 3), (3, 9)), (1, 10))","(((3, 2), (3, 3), (3, 10)), (1, 10))",16,9.0,25.0,16,4,2,expanded,False,True,366
"(((4, 5), (4, 6), (6, 7)), (2, 2))","(((4, 5), (4, 6), (6, 6)), (2, 2))",17,8.0,25.0,17,1,0,expanded,False,True,367
"(((3, 4), (4, 7), (6, 7)), (2, 2))","(((3, 4), (4, 6), (6, 7)), (2, 2))",18,7,25.0,18,,,pruned,,,368
"(((3, 5), (4, 6), (6, 7)), (2, 2))","(((3, 4), (4, 6), (6, 7)), (2, 2))",18,7,25.0,18,,,pruned,,,369
"(((3, 4), (4, 6), (6, 7)), (2, 2))","(((3, 4), (4, 6), (6, 6)), (2, 2))",17,8.0,25.0,17,4,2,expanded,False,True,370
"(((4, 3), (4, 7), (6, 8)), (2, 2))","(((4, 3), (4, 6), (6, 8)), (2, 2))",17,9,26.0,17,,,pruned,,,371
"(((4, 3), (4, 6), (6, 8)), (2, 2))","(((4, 3), (4, 6), (6, 7)), (2, 2))",16,10.0,26.0,16,4,1,expanded,False,True,372
"(((2, 2), (4, 6), (6, 8)), (2, 3))","(((3, 2), (4, 6), (6, 8)), (2, 2))",17,11,28.0,17,,,pruned,,,373
"(((3, 2), (4, 7), (6, 8)), (2, 2))","(((3, 2), (4, 6), (6, 8)), (2, 2))",17,9,26.0,17,,,pruned,,,374
"(((3, 2), (4, 6), (6, 8)), (2, 2))","(((3, 2), (4, 6), (6, 7)), (2, 2))",16,10.0,26.0,16,4,2,expanded,False,True,375
"(((2, 3), (4, 5), (6, 8)), (2, 2))","(((3, 3), (4, 5), (6, 8)), (2, 2))",17,11,28.0,17,,,pruned,,,376
"(((3, 3), (4, 5), (6, 8)), (2, 2))","(((3, 3), (4, 5), (6, 7)), (2, 2))",16,10.0,26.0,16,6,1,expanded,False,True,377
"(((3, 5), (4, 5), (6, 8)), (2, 2))","(((3, 4), (4, 5), (6, 8)), (2, 2))",18,8,26.0,18,,,pruned,,,378
"(((3, 4), (4, 5), (6, 8)), (2, 2))","(((3, 4), (4, 5), (6, 7)), (2, 2))",17,9.0,26.0,17,3,1,expanded,False,True,379
"(((3, 3), (4, 7), (6, 8)), (2, 2))","(((3, 3), (4, 6), (6, 8)), (2, 2))",18,8,26.0,18,,,pruned,,,380
"(((2, 3), (4, 6), (6, 8)), (2, 2))","(((3, 3), (4, 6), (6, 8)), (2, 2))",18,10,28.0,18,,,pruned,,,381
"(((3, 3), (4, 6), (6, 8)), (2, 2))","(((3, 3), (4, 6), (6, 7)), (2, 2))",17,9.0,26.0,17,6,2,expanded,False,True,382
"(((4, 4), (4, 7), (6, 8)), (2, 2))","(((4, 4), (4, 6), (6, 8)), (2, 2))",18,8,26.0,18,,,pruned,,,383
"(((4, 4), (4, 6), (6, 8)), (2, 2))","(((4, 4), (4, 6), (6, 7)), (2, 2))",17,9.0,26.0,17,6,1,expanded,False,True,384
"(((2, 2), (3, 3), (3, 8)), (1, 10))","(((3, 2), (3, 3), (3, 8)), (1, 10))",18,10,28.0,18,,,pruned,,,385
"(((2, 3), (3, 2), (3, 8)), (1, 10))","(((3, 2), (3, 3), (3, 8)), (1, 10))",18,10,28.0,18,,,pruned,,,386
"(((3, 2), (3, 3), (3, 8)), (1, 10))","(((3, 2), (3, 3), (3, 9)), (1, 10))",17,9.0,26.0,17,4,2,expanded,False,True,387
"(((4, 5), (4, 6), (6, 8)), (2, 2))","(((4, 5), (4, 6), (6, 7)), (2, 2))",18,8.0,26.0,18,1,0,expanded,False,True,388
"(((3, 4), (4, 7), (6, 8)), (2, 2))","(((3, 4), (4, 6), (6, 8)), (2, 2))",19,7,26.0,19,,,pruned,,,389
"(((3, 5), (4, 6), (6, 8)), (2, 2))","(((3, 4), (4, 6), (6, 8)), (2, 2))",19,7,26.0,19,,,pruned,,,390
"(((3, 4), (4, 6), (6, 8)), (2, 2))","(((3, 4), (4, 6), (6, 7)), (2, 2))",18,8.0,26.0,18,4,2,expanded,False,True,391
"(((3, 2), (4, 1), (6, 4)), (1, 10))","(((3, 2), (4, 2), (6, 4)), (1, 10))",11,18,29.0,11,,,pruned,,,392
"(((3, 2), (4, 2), (6, 4)), (1, 10))","(((3, 3), (4, 2), (6, 4)), (1, 10))",10,17.0,27.0,10,2,1,expanded,False,True,393
"(((2, 3), (4, 2), (6, 3)), (1, 10))","(((3, 3), (4, 2), (6, 3)), (1, 10))",11,18,29.0,11,,,pruned,,,394
"(((3, 3), (4, 1), (6, 3)), (1, 10))","(((3, 3), (4, 2), (6, 3)), (1, 10))",11,18,29.0,11,,,pruned,,,395
"(((3, 3), (4, 2), (6, 2)), (1, 10))","(((3, 3), (4, 2), (6, 3)), (1, 10))",11,18,29.0,11,,,pruned,,,396
"(((3, 3), (4, 2), (6, 3)), (1, 10))","(((3, 3), (4, 2), (6, 4)), (1, 10))",10,17.0,27.0,10,4,3,expanded,False,True,397
"(((3, 2), (4, 3), (5, 2)), (1, 10))","(((3, 3), (4, 3), (5, 2)), (1, 10))",10,17.0,27.0,10,3,0,expanded,False,True,398
"(((2, 3), (5, 2), (6, 4)), (1, 10))","(((3, 3), (5, 2), (6, 4)), (1, 10))",11,18,29.0,11,,,pruned,,,399
"(((3, 3), (6, 2), (6, 4)), (1, 10))","(((3, 3), (5, 2), (6, 4)), (1, 10))",11,18,29.0,11,,,pruned,,,400
"(((3, 3), (5, 2), (6, 4)), (1, 10))","(((3, 3), (5, 2), (5, 4)), (1, 10))",10,17.0,27.0,10,6,2,expanded,False,True,401
"(((4, 3), (5, 4), (6, 2)), (1, 10))","(((4, 3), (5, 2), (5, 4)), (1, 10))",11,18,29.0,11,,,pruned,,,402
"(((4, 3), (5, 2), (5, 4)), (1, 10))","(((3, 3), (5, 2), (5, 4)), (1, 10))",10,17.0,27.0,10,6,1,expanded,False,True,403
"(((2, 2), (5, 2), (5, 4)), (1, 10))","(((3, 2), (5, 2), (5, 4)), (1, 10))",11,18,29.0,11,,,pruned,,,404
"(((3, 2), (5, 4), (6, 2)), (1, 10))","(((3, 2), (5, 2), (5, 4)), (1, 10))",11,18,29.0,11,,,pruned,,,405
"(((3, 2), (5, 2), (5, 4)), (1, 10))","(((3, 3), (5, 2), (5, 4)), (1, 10))",10,17.0,27.0,10,6,2,expanded,False,True,406
"(((4, 1), (4, 4), (5, 2)), (1, 10))","(((4, 2), (4, 4), (5, 2)), (1, 10))",11,18,29.0,11,,,pruned,,,407
"(((4, 2), (4, 4), (5, 2)), (1, 10))","(((3, 2), (4, 4), (5, 2)), (1, 10))",10,17.0,27.0,10,5,1,expanded,False,True,408
"(((4, 1), (4, 5), (5, 2)), (1, 10))","(((4, 2), (4, 5), (5, 2)), (1, 10))",12,17,29.0,12,,,pruned,,,409
"(((4, 2), (4, 5), (5, 2)), (1, 10))","(((4, 3), (4, 5), (5, 2)), (1, 10))",11,16.0,27.0,11,3,1,expanded,False,True,410
"(((4, 3), (4, 4), (6, 2)), (1, 10))","(((4, 3), (4, 4), (5, 2)), (1, 10))",12,17,29.0,12,,,pruned,,,411
"(((4, 3), (4, 4), (5, 2)), (1, 10))","(((4, 3), (4, 5), (5, 2)), (1, 10))",11,16.0,27.0,11,4,1,expanded,False,True,412
"(((3, 2), (4, 3), (6, 4)), (1, 10))","(((3, 3), (4, 3), (6, 4)), (1, 10))",11,16.0,27.0,11,3,0,expanded,False,True,413
"(((3, 3), (4, 3), (6, 2)), (1, 10))","(((3, 3), (4, 3), (6, 3)), (1, 10))",12,17,29.0,12,,,pruned,,,414
"(((3, 3), (4, 3), (6, 3)), (1, 10))","(((3, 3), (4, 3), (6, 4)), (1, 10))",11,16.0,27.0,11,3,1,expanded,False,True,415
"(((4, 2), (4, 3), (5, 4)), (1, 10))","(((3, 2), (4, 3), (5, 4)), (1, 10))",11,16.0,27.0,11,4,0,expanded,False,True,416
"(((3, 5), (5, 2), (6, 4)), (1, 10))","(((3, 4), (5, 2), (6, 4)), (1, 10))",12,15,27.0,12,,,pruned,,,417
"(((3, 4), (6, 2), (6, 4)), (1, 10))","(((3, 4), (5, 2), (6, 4)), (1, 10))",12,17,29.0,12,,,pruned,,,418
"(((3, 4), (5, 2), (6, 4)), (1, 10))","(((3, 4), (5, 2), (5, 4)), (1, 10))",11,16.0,27.0,11,4,2,expanded,False,True,419
"(((4, 4), (5, 4), (6, 2)), (1, 10))","(((4, 4), (5, 2), (5, 4)), (1, 10))",12,17,29.0,12,,,pruned,,,420
"(((4, 4), (5, 2), (5, 4)), (1, 10))","(((4, 3), (5, 2), (5, 4)), (1, 10))",11,16.0,27.0,11,4,1,expanded,False,True,421
"(((4, 7), (5, 2), (6, 4)), (2, 2))","(((4, 6), (5, 2), (6, 4)), (2, 2))",13,14,27.0,13,,,pruned,,,422
"(((4, 6), (6, 2), (6, 4)), (2, 2))","(((4, 6), (5, 2), (6, 4)), (2, 2))",13,16,29.0,13,,,pruned,,,423
"(((4, 6), (5, 2), (6, 4)), (2, 2))","(((4, 6), (5, 2), (5, 4)), (2, 2))",12,15.0,27.0,12,2,2,expanded,True,True,424
"(((3, 4), (4, 3), (6, 2)), (1, 10))","(((3, 4), (4, 3), (6, 3)), (1, 10))",13,16,29.0,13,,,pruned,,,425
"(((3, 4), (4, 3), (6, 3)), (1, 10))","(((3, 4), (4, 3), (6, 4)), (1, 10))",12,15.0,27.0,12,3,1,expanded,False,True,426
"(((3, 4), (4, 1), (6, 4)), (1, 10))","(((3, 4), (4, 2), (6, 4)), (1, 10))",13,16,29.0,13,,,pruned,,,427
"(((3, 5), (4, 2), (6, 4)), (1, 10))","(((3, 4), (4, 2), (6, 4)), (1, 10))",13,14,27.0,13,,,pruned,,,428
"(((3, 4), (4, 2), (6, 4)), (1, 10))","(((3, 4), (4, 3), (6, 4)), (1, 10))",12,15.0,27.0,12,5,2,expanded,False,True,429
"(((4, 1), (4, 4), (5, 4)), (1, 10))","(((4, 2), (4, 4), (5, 4)), (1, 10))",13,16,29.0,13,,,pruned,,,430
"(((4, 2), (4, 4), (5, 4)), (1, 10))","(((3, 2), (4, 4), (5, 4)), (1, 10))",12,15.0,27.0,12,6,1,expanded,False,True,431
"(((4, 5), (5, 4), (6, 2)), (2, 2))","(((4, 5), (5, 2), (5, 4)), (2, 2))",13,16,29.0,13,,,pruned,,,432
"(((4, 5), (5, 2), (5, 4)), (2, 2))","(((4, 4), (4, 5), (5, 2)), (2, 2))",12,15.0,27.0,12,3,1,expanded,False,True,433
"(((4, 3), (4, 5), (6, 4)), (2, 2))","(((4, 3), (4, 5), (5, 4)), (1, 10))",13,14.0,27.0,13,4,0,expanded,False,True,434
"(((4, 1), (4, 5), (5, 4)), (1, 10))","(((4, 2), (4, 5), (5, 4)), (2, 2))",14,15,29.0,14,,,pruned,,,435
"(((4, 2), (4, 5), (5, 4)), (2, 2))","(((4, 3), (4, 5), (5, 4)), (1, 10))",13,14.0,27.0,13,4,1,expanded,False,True,436
"(((4, 2), (4, 7), (6, 4)), (2, 2))","(((4, 2), (4, 6), (6, 4)), (2, 2))",14,13,27.0,14,,,pruned,,,437
"(((4, 1), (4, 6), (6, 4)), (2, 2))","(((4, 2), (4, 6), (6, 4)), (2, 2))",14,15,29.0,14,,,pruned,,,438
"(((4, 2), (4, 6), (6, 4)), (2, 2))","(((4, 3), (4, 6), (6, 4)), (2, 2))",13,14.0,27.0,13,3,2,expanded,False,True,439
"(((2, 2), (4, 5), (6, 4)), (2, 3))","(((3, 2), (4, 5), (6, 4)), (2, 2))",14,15,29.0,14,,,pruned,,,440
"(((3, 2), (4, 5), (6, 4)), (2, 2))","(((3, 2), (4, 5), (5, 4)), (1, 10))",13,14.0,27.0,13,4,1,expanded,False,True,441
"(((2, 2), (3, 4), (6, 4)), (1, 10))","(((3, 2), (3, 4), (6, 4)), (1, 10))",14,15,29.0,14,,,pruned,,,442
"(((3, 2), (3, 5), (6, 4)), (1, 10))","(((3, 2), (3, 4), (6, 4)), (1, 10))",14,13,27.0,14,,,pruned,,,443
"(((3, 2), (3, 4), (6, 4)), (1, 10))","(((3, 2), (3, 4), (5, 4)), (1, 10))",13,14.0,27.0,13,6,2,expanded,False,True,444
"(((4, 1), (4, 6), (6, 5)), (2, 2))","(((4, 2), (4, 6), (6, 5)), (2, 2))",15,14,29.0,15,,,pruned,,,445
"(((4, 2), (4, 7), (6, 5)), (2, 2))","(((4, 2), (4, 6), (6, 5)), (2, 2))",15,12,27.0,15,,,pruned,,,446
"(((4, 2), (4, 6), (6, 5)), (2, 2))","(((4, 3), (4, 6), (6, 5)), (2, 2))",14,13.0,27.0,14,6,2,expanded,False,True,447
"(((4, 7), (5, 4), (6, 4)), (2, 2))","(((4, 6), (5, 4), (6, 4)), (2, 2))",15,12,27.0,15,,,pruned,,,448
"(((4, 6), (5, 4), (6, 4)), (2, 2))","(((4, 4), (4, 6), (6, 4)), (2, 2))",14,13.0,27.0,14,2,1,expanded,False,True,449
"(((4, 3), (4, 5), (6, 5)), (2, 2))","(((3, 3), (4, 5), (6, 5)), (2, 2))",14,13.0,27.0,14,4,0,expanded,False,True,450
"(((2, 2), (4, 5), (6, 5)), (2, 3))","(((3, 2), (4, 5), (6, 5)), (2, 2))",15,14,29.0,15,,,pruned,,,451
"(((3, 2), (4, 5), (6, 5)), (2, 2))","(((3, 3), (4, 5), (6, 5)), (2, 2))",14,13.0,27.0,14,4,1,expanded,False,True,452
"(((4, 4), (4, 5), (6, 4)), (2, 2))","(((4, 3), (4, 5), (6, 4)), (2, 2))",14,13.0,27.0,14,2,0,expanded,False,True,453
"(((2, 2), (3, 4), (6, 5)), (1, 10))","(((3, 2), (3, 4), (6, 5)), (1, 10))",15,14,29.0,15,,,pruned,,,454
"(((3, 2), (3, 5), (6, 5)), (1, 10))","(((3, 2), (3, 4), (6, 5)), (1, 10))",15,12,27.0,15,,,pruned,,,455
"(((3, 2), (3, 4), (6, 5)), (1, 10))","(((3, 2), (3, 4), (6, 4)), (1, 10))",14,13.0,27.0,14,6,2,expanded,False,True,456
"(((4, 2), (4, 7), (6, 6)), (2, 2))","(((4, 2), (4, 6), (6, 6)), (2, 2))",16,11,27.0,16,,,pruned,,,457
"(((4, 1), (4, 6), (6, 6)), (2, 2))","(((4, 2), (4, 6), (6, 6)), (2, 2))",16,13,29.0,16,,,pruned,,,458
"(((4, 2), (4, 6), (6, 6)), (2, 2))","(((4, 3), (4, 6), (6, 6)), (2, 2))",15,12.0,27.0,15,6,2,expanded,False,True,459
"(((4, 7), (5, 4), (6, 5)), (2, 2))","(((4, 6), (5, 4), (6, 5)), (2, 2))",16,11,27.0,16,,,pruned,,,460
"(((4, 6), (5, 4), (6, 5)), (2, 2))","(((4, 4), (4, 6), (6, 5)), (2, 2))",15,12.0,27.0,15,4,1,expanded,False,True,461
"(((4, 3), (4, 5), (6, 6)), (2, 2))","(((3, 3), (4, 5), (6, 6)), (2, 2))",15,12.0,27.0,15,4,0,expanded,False,True,462
"(((2, 2), (4, 5), (6, 6)), (2, 3))","(((3, 2), (4, 5), (6, 6)), (2, 2))",16,13,29.0,16,,,pruned,,,463
"(((3, 2), (4, 5), (6, 6)), (2, 2))","(((3, 3), (4, 5), (6, 6)), (2, 2))",15,12.0,27.0,15,4,1,expanded,False,True,464
"(((4, 4), (4, 5), (6, 5)), (2, 2))","(((4, 3), (4, 5), (6, 5)), (2, 2))",15,12.0,27.0,15,3,0,expanded,False,True,465
"(((2, 2), (3, 4), (6, 6)), (1, 10))","(((3, 2), (3, 4), (6, 6)), (1, 10))",16,13,29.0,16,,,pruned,,,466
"(((3, 2), (3, 5), (6, 6)), (1, 10))","(((3, 2), (3, 4), (6, 6)), (1, 10))",16,11,27.0,16,,,pruned,,,467
"(((3, 2), (3, 4), (6, 6)), (1, 10))","(((3, 2), (3, 4), (6, 5)), (1, 10))",15,12.0,27.0,15,6,2,expanded,False,True,468
"(((4, 2), (4, 7), (6, 7)), (2, 2))","(((4, 2), (4, 6), (6, 7)), (2, 2))",17,10,27.0,17,,,pruned,,,469
"(((4, 1), (4, 6), (6, 7)), (2, 2))","(((4, 2), (4, 6), (6, 7)), (2, 2))",17,12,29.0,17,,,pruned,,,470
"(((4, 2), (4, 6), (6, 7)), (2, 2))","(((4, 3), (4, 6), (6, 7)), (2, 2))",16,11.0,27.0,16,6,2,expanded,False,True,471
"(((4, 7), (5, 4), (6, 6)), (2, 2))","(((4, 6), (5, 4), (6, 6)), (2, 2))",17,10,27.0,17,,,pruned,,,472
"(((4, 6), (5, 4), (6, 6)), (2, 2))","(((4, 4), (4, 6), (6, 6)), (2, 2))",16,11.0,27.0,16,4,1,expanded,False,True,473
"(((2, 2), (2, 10), (3, 3)), (1, 10))","(((2, 10), (3, 2), (3, 3)), (1, 10))",17,12,29.0,17,,,pruned,,,474
"(((2, 3), (2, 10), (3, 2)), (1, 10))","(((2, 10), (3, 2), (3, 3)), (1, 10))",17,12,29.0,17,,,pruned,,,475
"(((1, 10), (3, 2), (3, 3)), (1, 11))","(((2, 10), (3, 2), (3, 3)), (1, 10))",17,12,29.0,17,,,pruned,,,476
"(((2, 10), (3, 2), (3, 3)), (1, 10))","(((3, 2), (3, 3), (3, 10)), (1, 10))",16,11.0,27.0,16,4,3,expanded,False,True,477
"(((4, 3), (4, 5), (6, 7)), (2, 2))","(((3, 3), (4, 5), (6, 7)), (2, 2))",16,11.0,27.0,16,4,0,expanded,False,True,478
"(((2, 2), (4, 5), (6, 7)), (2, 3))","(((3, 2), (4, 5), (6, 7)), (2, 2))",17,12,29.0,17,,,pruned,,,479
"(((3, 2), (4, 5), (6, 7)), (2, 2))","(((3, 3), (4, 5), (6, 7)), (2, 2))",16,11.0,27.0,16,4,1,expanded,False,True,480
"(((4, 4), (4, 5), (6, 6)), (2, 2))","(((4, 3), (4, 5), (6, 6)), (2, 2))",16,11.0,27.0,16,3,0,expanded,False,True,481
"(((2, 2), (3, 4), (6, 7)), (1, 10))","(((3, 2), (3, 4), (6, 7)), (1, 10))",17,12,29.0,17,,,pruned,,,482
"(((3, 2), (3, 5), (6, 7)), (1, 10))","(((3, 2), (3, 4), (6, 7)), (1, 10))",17,10,27.0,17,,,pruned,,,483
"(((3, 2), (3, 4), (6, 7)), (1, 10))","(((3, 2), (3, 4), (6, 6)), (1, 10))",16,11.0,27.0,16,6,2,expanded,False,True,484
"(((4, 7), (5, 4), (6, 7)), (2, 2))","(((4, 6), (5, 4), (6, 7)), (2, 2))",18,9,27.0,18,,,pruned,,,485
"(((4, 6), (5, 4), (6, 7)), (2, 2))","(((4, 4), (4, 6), (6, 7)), (2, 2))",17,10.0,27.0,17,4,1,expanded,False,True,486
"(((4, 3), (4, 7), (6, 9)), (2, 2))","(((4, 3), (4, 6), (6, 9)), (2, 2))",18,9,27.0,18,,,pruned,,,487
"(((4, 3), (4, 6), (6, 9)), (2, 2))","(((4, 3), (4, 6), (6, 8)), (2, 2))",17,10.0,27.0,17,4,1,expanded,False,True,488
"(((2, 2), (4, 6), (6, 9)), (2, 3))","(((3, 2), (4, 6), (6, 9)), (2, 2))",18,11,29.0,18,,,pruned,,,489
"(((3, 2), (4, 7), (6, 9)), (2, 2))","(((3, 2), (4, 6), (6, 9)), (2, 2))",18,9,27.0,18,,,pruned,,,490
"(((3, 2), (4, 6), (6, 9)), (2, 2))","(((3, 2), (4, 6), (6, 8)), (2, 2))",17,10.0,27.0,17,4,2,expanded,False,True,491
"(((2, 3), (4, 5), (6, 9)), (2, 2))","(((3, 3), (4, 5), (6, 9)), (2, 2))",18,11,29.0,18,,,pruned,,,492
"(((3, 3), (4, 5), (6, 9)), (2, 2))","(((3, 3), (4, 5), (6, 8)), (2, 2))",17,10.0,27.0,17,6,1,expanded,False,True,493
"(((4, 4), (4, 5), (6, 7)), (2, 2))","(((4, 3), (4, 5), (6, 7)), (2, 2))",17,10.0,27.0,17,3,0,expanded,False,True,494
"(((3, 5), (4, 5), (6, 9)), (2, 2))","(((3, 4), (4, 5), (6, 9)), (2, 2))",19,8,27.0,19,,,pruned,,,495
"(((3, 4), (4, 5), (6, 9)), (2, 2))","(((3, 4), (4, 5), (6, 8)), (2, 2))",18,9.0,27.0,18,3,1,expanded,False,True,496
"(((3, 3), (4, 7), (6, 9)), (2, 2))","(((3, 3), (4, 6), (6, 9)), (2, 2))",19,8,27.0,19,,,pruned,,,497
"(((2, 3), (4, 6), (6, 9)), (2, 2))","(((3, 3), (4, 6), (6, 9)), (2, 2))",19,10,29.0,19,,,pruned,,,498
"(((3, 3), (4, 6), (6, 9)), (2, 2))","(((3, 3), (4, 6), (6, 8)), (2, 2))",18,9.0,27.0,18,6,2,expanded,False,True,499
"(((4, 4), (4, 7), (6, 9)), (2, 2))","(((4, 4), (4, 6), (6, 9)), (2, 2))",19,8,27.0,19,,,pruned,,,500
"(((4, 4), (4, 6), (6, 9)), (2, 2))","(((4, 4), (4, 6), (6, 8)), (2, 2))",18,9.0,27.0,18,6,1,expanded,False,True,501
"(((2, 2), (3, 3), (3, 7)), (1, 10))","(((3, 2), (3, 3), (3, 7)), (1, 10))",19,10,29.0,19,,,pruned,,,502
"(((2, 3), (3, 2), (3, 7)), (1, 10))","(((3, 2), (3, 3), (3, 7)), (1, 10))",19,10,29.0,19,,,pruned,,,503
"(((3, 2), (3, 3), (3, 7)), (1, 10))","(((3, 2), (3, 3), (3, 8)), (1, 10))",18,9.0,27.0,18,2,2,expanded,True,True,504
"(((4, 5), (4, 6), (6, 9)), (2, 2))","(((4, 5), (4, 6), (6, 8)), (2, 2))",19,8.0,27.0,19,1,0,expanded,False,True,505
"(((3, 4), (4, 7), (6, 9)), (2, 2))","(((3, 4), (4, 6), (6, 9)), (2, 2))",20,7,27.0,20,,,pruned,,,506
"(((3, 5), (4, 6), (6, 9)), (2, 2))","(((3, 4), (4, 6), (6, 9)), (2, 2))",20,7,27.0,20,,,pruned,,,507
"(((3, 4), (4, 6), (6, 9)), (2, 2))","(((3, 4), (4, 6), (6, 8)), (2, 2))",19,8.0,27.0,19,4,2,expanded,False,True,508
"(((4, 2), (4, 7), (6, 8)), (2, 2))","(((4, 2), (4, 6), (6, 8)), (2, 2))",18,10,28.0,18,,,pruned,,,509
"(((4, 1), (4, 6), (6, 8)), (2, 2))","(((4, 2), (4, 6), (6, 8)), (2, 2))",18,12,30.0,18,,,pruned,,,510
"(((4, 2), (4, 6), (6, 8)), (2, 2))","(((4, 3), (4, 6), (6, 8)), (2, 2))",17,11.0,28.0,17,6,2,expanded,False,True,511
"(((4, 3), (4, 5), (6, 8)), (2, 2))","(((3, 3), (4, 5), (6, 8)), (2, 2))",17,11.0,28.0,17,4,0,expanded,False,True,512
"(((2, 2), (4, 5), (6, 8)), (2, 3))","(((3, 2), (4, 5), (6, 8)), (2, 2))",18,12,30.0,18,,,pruned,,,513
"(((3, 2), (4, 5), (6, 8)), (2, 2))","(((3, 3), (4, 5), (6, 8)), (2, 2))",17,11.0,28.0,17,4,1,expanded,False,True,514
"(((2, 2), (3, 4), (6, 8)), (1, 10))","(((3, 2), (3, 4), (6, 8)), (1, 10))",18,12,30.0,18,,,pruned,,,515
"(((3, 2), (3, 5), (6, 8)), (1, 10))","(((3, 2), (3, 4), (6, 8)), (1, 10))",18,10,28.0,18,,,pruned,,,516
"(((3, 2), (3, 4), (6, 8)), (1, 10))","(((3, 2), (3, 4), (6, 7)), (1, 10))",17,11.0,28.0,17,6,2,expanded,False,True,517
"(((4, 7), (5, 4), (6, 8)), (2, 2))","(((4, 6), (5, 4), (6, 8)), (2, 2))",19,9,28.0,19,,,pruned,,,518
"(((4, 6), (5, 4), (6, 8)), (2, 2))","(((4, 4), (4, 6), (6, 8)), (2, 2))",18,10.0,28.0,18,4,1,expanded,False,True,519
"(((4, 4), (4, 5), (6, 8)), (2, 2))","(((4, 4), (4, 5), (6, 7)), (2, 2))",18,10.0,28.0,18,3,0,expanded,False,True,520
"(((3, 2), (4, 2), (6, 2)), (1, 10))","(((3, 2), (4, 2), (6, 3)), (1, 10))",12,19,31.0,12,,,pruned,,,521
"(((3, 2), (4, 1), (6, 3)), (1, 10))","(((3, 2), (4, 2), (6, 3)), (1, 10))",12,19,31.0,12,,,pruned,,,522
"(((3, 2), (4, 2), (6, 3)), (1, 10))","(((3, 2), (4, 2), (6, 4)), (1, 10))",11,18.0,29.0,11,2,2,expanded,True,True,523
"(((4, 2), (4, 3), (5, 2)), (1, 10))","(((3, 2), (4, 3), (5, 2)), (1, 10))",11,18.0,29.0,11,0,0,expanded,False,True,524
"(((4, 3), (6, 2), (6, 4)), (1, 10))","(((4, 3), (5, 2), (6, 4)), (1, 10))",12,19,31.0,12,,,pruned,,,525
"(((4, 3), (5, 2), (6, 4)), (1, 10))","(((3, 3), (5, 2), (6, 4)), (1, 10))",11,18.0,29.0,11,4,1,expanded,False,True,526
"(((2, 2), (5, 2), (6, 4)), (1, 10))","(((3, 2), (5, 2), (6, 4)), (1, 10))",12,19,31.0,12,,,pruned,,,527
"(((3, 2), (6, 2), (6, 4)), (1, 10))","(((3, 2), (5, 2), (6, 4)), (1, 10))",12,19,31.0,12,,,pruned,,,528
"(((3, 2), (5, 2), (6, 4)), (1, 10))","(((3, 3), (5, 2), (6, 4)), (1, 10))",11,18.0,29.0,11,4,2,expanded,False,True,529
"(((3, 3), (5, 2), (6, 2)), (1, 10))","(((3, 3), (5, 2), (6, 3)), (1, 10))",12,19,31.0,12,,,pruned,,,530
"(((2, 3), (5, 2), (6, 3)), (1, 10))","(((3, 3), (5, 2), (6, 3)), (1, 10))",12,19,31.0,12,,,pruned,,,531
"(((3, 3), (6, 2), (6, 3)), (1, 10))","(((3, 3), (5, 2), (6, 3)), (1, 10))",12,19,31.0,12,,,pruned,,,532
"(((3, 3), (5, 2), (6, 3)), (1, 10))","(((3, 3), (5, 2), (6, 4)), (1, 10))",11,18.0,29.0,11,6,3,expanded,False,True,533
"(((4, 1), (5, 2), (5, 4)), (1, 10))","(((4, 2), (5, 2), (5, 4)), (1, 10))",12,19,31.0,12,,,pruned,,,534
"(((4, 2), (5, 2), (5, 4)), (1, 10))","(((4, 3), (5, 2), (5, 4)), (1, 10))",11,18.0,29.0,11,3,1,expanded,False,True,535
"(((4, 2), (4, 3), (6, 4)), (1, 10))","(((3, 2), (4, 3), (6, 4)), (1, 10))",12,17.0,29.0,12,2,0,expanded,False,True,536
"(((3, 2), (4, 3), (6, 2)), (1, 10))","(((3, 2), (4, 3), (6, 3)), (1, 10))",13,18,31.0,13,,,pruned,,,537
"(((3, 2), (4, 3), (6, 3)), (1, 10))","(((3, 2), (4, 3), (6, 4)), (1, 10))",12,17.0,29.0,12,3,1,expanded,False,True,538
"(((3, 4), (5, 2), (6, 2)), (1, 10))","(((3, 4), (5, 2), (6, 3)), (1, 10))",13,18,31.0,13,,,pruned,,,539
"(((3, 5), (5, 2), (6, 3)), (1, 10))","(((3, 4), (5, 2), (6, 3)), (1, 10))",13,16,29.0,13,,,pruned,,,540
"(((3, 4), (6, 2), (6, 3)), (1, 10))","(((3, 4), (5, 2), (6, 3)), (1, 10))",13,18,31.0,13,,,pruned,,,541
"(((3, 4), (5, 2), (6, 3)), (1, 10))","(((3, 4), (5, 2), (6, 4)), (1, 10))",12,17.0,29.0,12,4,3,expanded,False,True,542
"(((4, 4), (6, 2), (6, 4)), (1, 10))","(((4, 4), (5, 2), (6, 4)), (1, 10))",13,18,31.0,13,,,pruned,,,543
"(((4, 4), (5, 2), (6, 4)), (1, 10))","(((4, 3), (5, 2), (6, 4)), (1, 10))",12,17.0,29.0,12,5,1,expanded,False,True,544
"(((3, 4), (4, 2), (6, 2)), (1, 10))","(((3, 4), (4, 2), (6, 3)), (1, 10))",14,17,31.0,14,,,pruned,,,545
"(((3, 5), (4, 2), (6, 3)), (1, 10))","(((3, 4), (4, 2), (6, 3)), (1, 10))",14,15,29.0,14,,,pruned,,,546
"(((3, 4), (4, 1), (6, 3)), (1, 10))","(((3, 4), (4, 2), (6, 3)), (1, 10))",14,17,31.0,14,,,pruned,,,547
"(((3, 4), (4, 2), (6, 3)), (1, 10))","(((3, 4), (4, 3), (6, 3)), (1, 10))",13,16.0,29.0,13,5,3,expanded,False,True,548
"(((4, 5), (6, 2), (6, 4)), (2, 2))","(((4, 5), (5, 2), (6, 4)), (2, 2))",14,17,31.0,14,,,pruned,,,549
"(((4, 5), (5, 2), (6, 4)), (2, 2))","(((4, 5), (5, 2), (5, 4)), (2, 2))",13,16.0,29.0,13,2,1,expanded,False,True,550
"(((4, 1), (4, 5), (6, 4)), (2, 2))","(((4, 2), (4, 5), (6, 4)), (2, 2))",15,16,31.0,15,,,pruned,,,551
"(((4, 2), (4, 5), (6, 4)), (2, 2))","(((4, 3), (4, 5), (6, 4)), (2, 2))",14,15.0,29.0,14,3,1,expanded,False,True,552
"(((2, 2), (3, 4), (6, 3)), (1, 10))","(((3, 2), (3, 4), (6, 3)), (1, 10))",15,16,31.0,15,,,pruned,,,553
"(((3, 2), (3, 4), (6, 2)), (1, 10))","(((3, 2), (3, 4), (6, 3)), (1, 10))",15,16,31.0,15,,,pruned,,,554
"(((3, 2), (3, 5), (6, 3)), (1, 10))","(((3, 2), (3, 4), (6, 3)), (1, 10))",15,14,29.0,15,,,pruned,,,555
"(((3, 2), (3, 4), (6, 3)), (1, 10))","(((3, 2), (3, 4), (6, 4)), (1, 10))",14,15.0,29.0,14,6,3,expanded,False,True,556
"(((4, 7), (5, 2), (6, 5)), (2, 2))","(((4, 6), (5, 2), (6, 5)), (2, 2))",16,13,29.0,16,,,pruned,,,557
"(((4, 6), (6, 2), (6, 5)), (2, 2))","(((4, 6), (5, 2), (6, 5)), (2, 2))",16,15,31.0,16,,,pruned,,,558
"(((4, 6), (5, 2), (6, 5)), (2, 2))","(((4, 2), (4, 6), (6, 5)), (2, 2))",15,14.0,29.0,15,4,2,expanded,False,True,559
"(((4, 1), (4, 5), (6, 5)), (2, 2))","(((4, 2), (4, 5), (6, 5)), (2, 2))",16,15,31.0,16,,,pruned,,,560
"(((4, 2), (4, 5), (6, 5)), (2, 2))","(((4, 3), (4, 5), (6, 5)), (2, 2))",15,14.0,29.0,15,6,1,expanded,False,True,561
"(((4, 5), (5, 4), (6, 4)), (2, 2))","(((4, 4), (4, 5), (6, 4)), (2, 2))",15,14.0,29.0,15,2,0,expanded,False,True,562
"(((3, 4), (4, 1), (6, 5)), (1, 10))","(((3, 4), (4, 2), (6, 5)), (1, 10))",16,15,31.0,16,,,pruned,,,563
"(((3, 5), (4, 2), (6, 5)), (1, 10))","(((3, 4), (4, 2), (6, 5)), (1, 10))",16,13,29.0,16,,,pruned,,,564
"(((3, 4), (4, 2), (6, 5)), (1, 10))","(((3, 2), (3, 4), (6, 5)), (1, 10))",15,14.0,29.0,15,8,2,expanded,False,True,565
"(((4, 7), (5, 2), (6, 6)), (2, 2))","(((4, 6), (5, 2), (6, 6)), (2, 2))",17,12,29.0,17,,,pruned,,,566
"(((4, 6), (6, 2), (6, 6)), (2, 2))","(((4, 6), (5, 2), (6, 6)), (2, 2))",17,14,31.0,17,,,pruned,,,567
"(((4, 6), (5, 2), (6, 6)), (2, 2))","(((4, 2), (4, 6), (6, 6)), (2, 2))",16,13.0,29.0,16,4,2,expanded,False,True,568
"(((4, 7), (6, 4), (6, 5)), (2, 2))","(((4, 6), (6, 4), (6, 5)), (2, 2))",17,12,29.0,17,,,pruned,,,569
"(((4, 6), (6, 4), (6, 5)), (2, 2))","(((4, 6), (5, 4), (6, 5)), (2, 2))",16,13.0,29.0,16,1,1,expanded,True,True,570
"(((4, 1), (4, 5), (6, 6)), (2, 2))","(((4, 2), (4, 5), (6, 6)), (2, 2))",17,14,31.0,17,,,pruned,,,571
"(((4, 2), (4, 5), (6, 6)), (2, 2))","(((4, 3), (4, 5), (6, 6)), (2, 2))",16,13.0,29.0,16,6,1,expanded,False,True,572
"(((4, 5), (5, 4), (6, 5)), (2, 2))","(((4, 4), (4, 5), (6, 5)), (2, 2))",16,13.0,29.0,16,4,0,expanded,False,True,573
"(((3, 5), (4, 2), (6, 6)), (1, 10))","(((3, 4), (4, 2), (6, 6)), (1, 10))",17,12,29.0,17,,,pruned,,,574
"(((3, 4), (4, 1), (6, 6)), (1, 10))","(((3, 4), (4, 2), (6, 6)), (1, 10))",17,14,31.0,17,,,pruned,,,575
"(((3, 4), (4, 2), (6, 6)), (1, 10))","(((3, 2), (3, 4), (6, 6)), (1, 10))",16,13.0,29.0,16,8,2,expanded,False,True,576
"(((3, 5), (4, 3), (6, 5)), (1, 10))","(((3, 4), (4, 3), (6, 5)), (1, 10))",17,12,29.0,17,,,pruned,,,577
"(((3, 4), (4, 3), (6, 5)), (1, 10))","(((3, 4), (4, 2), (6, 5)), (1, 10))",16,13.0,29.0,16,6,1,expanded,False,True,578
"(((4, 7), (5, 2), (6, 7)), (2, 2))","(((4, 6), (5, 2), (6, 7)), (2, 2))",18,11,29.0,18,,,pruned,,,579
"(((4, 6), (6, 2), (6, 7)), (2, 2))","(((4, 6), (5, 2), (6, 7)), (2, 2))",18,13,31.0,18,,,pruned,,,580
"(((4, 6), (5, 2), (6, 7)), (2, 2))","(((4, 2), (4, 6), (6, 7)), (2, 2))",17,12.0,29.0,17,4,2,expanded,False,True,581
"(((4, 7), (6, 4), (6, 6)), (2, 2))","(((4, 6), (6, 4), (6, 6)), (2, 2))",18,11,29.0,18,,,pruned,,,582
"(((4, 6), (6, 4), (6, 6)), (2, 2))","(((4, 6), (5, 4), (6, 6)), (2, 2))",17,12.0,29.0,17,2,1,expanded,False,True,583
"(((4, 1), (4, 5), (6, 7)), (2, 2))","(((4, 2), (4, 5), (6, 7)), (2, 2))",18,13,31.0,18,,,pruned,,,584
"(((4, 2), (4, 5), (6, 7)), (2, 2))","(((4, 3), (4, 5), (6, 7)), (2, 2))",17,12.0,29.0,17,6,1,expanded,False,True,585
"(((4, 5), (5, 4), (6, 6)), (2, 2))","(((4, 4), (4, 5), (6, 6)), (2, 2))",17,12.0,29.0,17,4,0,expanded,False,True,586
"(((3, 5), (4, 2), (6, 7)), (1, 10))","(((3, 4), (4, 2), (6, 7)), (1, 10))",18,11,29.0,18,,,pruned,,,587
"(((3, 4), (4, 1), (6, 7)), (1, 10))","(((3, 4), (4, 2), (6, 7)), (1, 10))",18,13,31.0,18,,,pruned,,,588
"(((3, 4), (4, 2), (6, 7)), (1, 10))","(((3, 2), (3, 4), (6, 7)), (1, 10))",17,12.0,29.0,17,8,2,expanded,False,True,589
"(((3, 5), (4, 3), (6, 6)), (1, 10))","(((3, 4), (4, 3), (6, 6)), (1, 10))",18,11,29.0,18,,,pruned,,,590
"(((3, 4), (4, 3), (6, 6)), (1, 10))","(((3, 4), (4, 2), (6, 6)), (1, 10))",17,12.0,29.0,17,6,1,expanded,False,True,591
"(((3, 5), (4, 4), (6, 5)), (2, 2))","(((3, 4), (4, 4), (6, 5)), (2, 2))",18,11,29.0,18,,,pruned,,,592
"(((3, 4), (4, 4), (6, 5)), (2, 2))","(((3, 4), (4, 3), (6, 5)), (1, 10))",17,12.0,29.0,17,3,1,expanded,False,True,593
"(((4, 7), (6, 4), (6, 7)), (2, 2))","(((4, 6), (6, 4), (6, 7)), (2, 2))",19,10,29.0,19,,,pruned,,,594
"(((4, 6), (6, 4), (6, 7)), (2, 2))","(((4, 6), (5, 4), (6, 7)), (2, 2))",18,11.0,29.0,18,2,1,expanded,False,True,595
"(((4, 3), (4, 7), (6, 10)), (2, 2))","(((4, 3), (4, 6), (6, 10)), (2, 2))",19,10,29.0,19,,,pruned,,,596
"(((4, 3), (4, 6), (6, 11)), (1, 10))","(((4, 3), (4, 6), (6, 10)), (2, 2))",19,12,31.0,19,,,pruned,,,597
"(((4, 3), (4, 6), (6, 10)), (2, 2))","(((4, 3), (4, 6), (6, 9)), (2, 2))",18,11.0,29.0,18,4,2,expanded,False,True,598
"(((4, 2), (4, 7), (6, 9)), (2, 2))","(((4, 2), (4, 6), (6, 9)), (2, 2))",19,10,29.0,19,,,pruned,,,599
"(((4, 1), (4, 6), (6, 9)), (2, 2))","(((4, 2), (4, 6), (6, 9)), (2, 2))",19,12,31.0,19,,,pruned,,,600
"(((4, 2), (4, 6), (6, 9)), (2, 2))","(((4, 3), (4, 6), (6, 9)), (2, 2))",18,11.0,29.0,18,6,2,expanded,False,True,601
"(((2, 2), (4, 6), (6, 10)), (2, 3))","(((3, 2), (4, 6), (6, 10)), (2, 2))",19,12,31.0,19,,,pruned,,,602
"(((3, 2), (4, 7), (6, 10)), (2, 2))","(((3, 2), (4, 6), (6, 10)), (2, 2))",19,10,29.0,19,,,pruned,,,603
"(((3, 2), (4, 6), (6, 11)), (1, 10))","(((3, 2), (4, 6), (6, 10)), (2, 2))",19,12,31.0,19,,,pruned,,,604
"(((3, 2), (4, 6), (6, 10)), (2, 2))","(((3, 2), (4, 6), (6, 9)), (2, 2))",18,11.0,29.0,18,4,3,expanded,False,True,605
"(((4, 3), (4, 5), (6, 9)), (2, 2))","(((3, 3), (4, 5), (6, 9)), (2, 2))",18,11.0,29.0,18,4,0,expanded,False,True,606
"(((2, 2), (4, 5), (6, 9)), (2, 3))","(((3, 2), (4, 5), (6, 9)), (2, 2))",19,12,31.0,19,,,pruned,,,607
"(((3, 2), (4, 5), (6, 9)), (2, 2))","(((3, 3), (4, 5), (6, 9)), (2, 2))",18,11.0,29.0,18,4,1,expanded,False,True,608
"(((2, 3), (4, 5), (6, 10)), (2, 2))","(((3, 3), (4, 5), (6, 10)), (2, 2))",19,12,31.0,19,,,pruned,,,609
"(((3, 3), (4, 5), (6, 11)), (1, 10))","(((3, 3), (4, 5), (6, 10)), (2, 2))",19,12,31.0,19,,,pruned,,,610
"(((3, 3), (4, 5), (6, 10)), (2, 2))","(((3, 3), (4, 5), (6, 9)), (2, 2))",18,11.0,29.0,18,6,2,expanded,False,True,611
"(((4, 5), (5, 4), (6, 7)), (2, 2))","(((4, 4), (4, 5), (6, 7)), (2, 2))",18,11.0,29.0,18,4,0,expanded,False,True,612
"(((2, 2), (3, 4), (6, 9)), (1, 10))","(((3, 2), (3, 4), (6, 9)), (1, 10))",19,12,31.0,19,,,pruned,,,613
"(((3, 2), (3, 5), (6, 9)), (1, 10))","(((3, 2), (3, 4), (6, 9)), (1, 10))",19,10,29.0,19,,,pruned,,,614
"(((3, 2), (3, 4), (6, 9)), (1, 10))","(((3, 2), (3, 4), (6, 8)), (1, 10))",18,11.0,29.0,18,6,2,expanded,False,True,615
"(((4, 7), (6, 5), (6, 6)), (2, 2))","(((4, 6), (6, 5), (6, 6)), (2, 2))",19,10,29.0,19,,,pruned,,,616
"(((4, 6), (6, 5), (6, 6)), (2, 2))","(((4, 6), (6, 4), (6, 6)), (2, 2))",18,11.0,29.0,18,1,1,expanded,True,True,617
"(((3, 5), (4, 3), (6, 7)), (1, 10))","(((3, 4), (4, 3), (6, 7)), (1, 10))",19,10,29.0,19,,,pruned,,,618
"(((3, 4), (4, 3), (6, 7)), (1, 10))","(((3, 4), (4, 2), (6, 7)), (1, 10))",18,11.0,29.0,18,6,1,expanded,False,True,619
"(((3, 5), (4, 4), (6, 6)), (2, 2))","(((3, 4), (4, 4), (6, 6)), (2, 2))",19,10,29.0,19,,,pruned,,,620
"(((3, 4), (4, 4), (6, 6)), (2, 2))","(((3, 4), (4, 3), (6, 6)), (1, 10))",18,11.0,29.0,18,3,1,expanded,False,True,621
"(((3, 4), (4, 5), (6, 11)), (1, 10))","(((3, 4), (4, 5), (6, 10)), (2, 2))",20,11,31.0,20,,,pruned,,,622
"(((3, 5), (4, 5), (6, 10)), (2, 2))","(((3, 4), (4, 5), (6, 10)), (2, 2))",20,9,29.0,20,,,pruned,,,623
"(((3, 4), (4, 5), (6, 10)), (2, 2))","(((3, 4), (4, 5), (6, 9)), (2, 2))",19,10.0,29.0,19,3,2,expanded,False,True,624
"(((3, 3), (4, 7), (6, 10)), (2, 2))","(((3, 3), (4, 6), (6, 10)), (2, 2))",20,9,29.0,20,,,pruned,,,625
"(((3, 3), (4, 6), (6, 11)), (1, 10))","(((3, 3), (4, 6), (6, 10)), (2, 2))",20,11,31.0,20,,,pruned,,,626
"(((2, 3), (4, 6), (6, 10)), (2, 2))","(((3, 3), (4, 6), (6, 10)), (2, 2))",20,11,31.0,20,,,pruned,,,627
"(((3, 3), (4, 6), (6, 10)), (2, 2))","(((3, 3), (4, 6), (6, 9)), (2, 2))",19,10.0,29.0,19,6,3,expanded,False,True,628
"(((4, 7), (5, 4), (6, 9)), (2, 2))","(((4, 6), (5, 4), (6, 9)), (2, 2))",20,9,29.0,20,,,pruned,,,629
"(((4, 6), (5, 4), (6, 9)), (2, 2))","(((4, 4), (4, 6), (6, 9)), (2, 2))",19,10.0,29.0,19,4,1,expanded,False,True,630
"(((4, 4), (4, 7), (6, 10)), (2, 2))","(((4, 4), (4, 6), (6, 10)), (2, 2))",20,9,29.0,20,,,pruned,,,631
"(((4, 4), (4, 6), (6, 11)), (1, 10))","(((4, 4), (4, 6), (6, 10)), (2, 2))",20,11,31.0,20,,,pruned,,,632
"(((4, 4), (4, 6), (6, 10)), (2, 2))","(((4, 4), (4, 6), (6, 9)), (2, 2))",19,10.0,29.0,19,6,2,expanded,False,True,633
"(((4, 4), (4, 5), (6, 9)), (2, 2))","(((4, 4), (4, 5), (6, 8)), (2, 2))",19,10.0,29.0,19,3,0,expanded,False,True,634
"(((4, 7), (6, 5), (6, 7)), (2, 2))","(((4, 6), (6, 5), (6, 7)), (2, 2))",20,9,29.0,20,,,pruned,,,635
"(((4, 6), (6, 5), (6, 7)), (2, 2))","(((4, 6), (6, 4), (6, 7)), (2, 2))",19,10.0,29.0,19,2,1,expanded,False,True,636
"(((3, 5), (4, 4), (6, 7)), (2, 2))","(((3, 4), (4, 4), (6, 7)), (2, 2))",20,9,29.0,20,,,pruned,,,637
"(((3, 4), (4, 4), (6, 7)), (2, 2))","(((3, 4), (4, 3), (6, 7)), (1, 10))",19,10.0,29.0,19,3,1,expanded,False,True,638
"(((4, 5), (4, 6), (6, 11)), (1, 10))","(((4, 5), (4, 6), (6, 10)), (2, 2))",21,10,31.0,21,,,pruned,,,639
"(((4, 5), (4, 6), (6, 10)), (2, 2))","(((4, 5), (4, 6), (6, 9)), (2, 2))",20,9.0,29.0,20,1,1,expanded,True,True,640
"(((3, 4), (4, 7), (6, 10)), (2, 2))","(((3, 4), (4, 6), (6, 10)), (2, 2))",21,8,29.0,21,,,pruned,,,641
"(((3, 4), (4, 6), (6, 11)), (1, 10))","(((3, 4), (4, 6), (6, 10)), (2, 2))",21,10,31.0,21,,,pruned,,,642
"(((3, 5), (4, 6), (6, 10)), (2, 2))","(((3, 4), (4, 6), (6, 10)), (2, 2))",21,8,29.0,21,,,pruned,,,643
"(((3, 4), (4, 6), (6, 10)), (2, 2))","(((3, 4), (4, 6), (6, 9)), (2, 2))",20,9.0,29.0,20,4,3,expanded,False,True,644
"(((4, 7), (6, 6), (6, 7)), (2, 2))","(((4, 6), (6, 6), (6, 7)), (2, 2))",21,8,29.0,21,,,pruned,,,645
"(((4, 6), (6, 6), (6, 7)), (2, 2))","(((4, 6), (6, 5), (6, 7)), (2, 2))",20,9.0,29.0,20,1,1,expanded,True,True,646
"(((4, 7), (5, 2), (6, 8)), (2, 2))","(((4, 6), (5, 2), (6, 8)), (2, 2))",19,11,30.0,19,,,pruned,,,647
"(((4, 6), (6, 2), (6, 8)), (2, 2))","(((4, 6), (5, 2), (6, 8)), (2, 2))",19,13,32.0,19,,,pruned,,,648
"(((4, 6), (5, 2), (6, 8)), (2, 2))","(((4, 2), (4, 6), (6, 8)), (2, 2))",18,12.0,30.0,18,4,2,expanded,False,True,649
"(((4, 1), (4, 5), (6, 8)), (2, 2))","(((4, 2), (4, 5), (6, 8)), (2, 2))",19,13,32.0,19,,,pruned,,,650
"(((4, 2), (4, 5), (6, 8)), (2, 2))","(((4, 3), (4, 5), (6, 8)), (2, 2))",18,12.0,30.0,18,6,1,expanded,False,True,651
"(((3, 5), (4, 2), (6, 8)), (1, 10))","(((3, 4), (4, 2), (6, 8)), (1, 10))",19,11,30.0,19,,,pruned,,,652
"(((3, 4), (4, 1), (6, 8)), (1, 10))","(((3, 4), (4, 2), (6, 8)), (1, 10))",19,13,32.0,19,,,pruned,,,653
"(((3, 4), (4, 2), (6, 8)), (1, 10))","(((3, 2), (3, 4), (6, 8)), (1, 10))",18,12.0,30.0,18,8,2,expanded,False,True,654
"(((4, 7), (6, 4), (6, 8)), (2, 2))","(((4, 6), (6, 4), (6, 8)), (2, 2))",20,10,30.0,20,,,pruned,,,655
"(((4, 6), (6, 4), (6, 8)), (2, 2))","(((4, 6), (5, 4), (6, 8)), (2, 2))",19,11.0,30.0,19,2,1,expanded,False,True,656
"(((4, 5), (5, 4), (6, 8)), (2, 2))","(((4, 4), (4, 5), (6, 8)), (2, 2))",19,11.0,30.0,19,4,0,expanded,False,True,657
"(((3, 5), (4, 3), (6, 8)), (1, 10))","(((3, 4), (4, 3), (6, 8)), (1, 10))",20,10,30.0,20,,,pruned,,,658
"(((3, 4), (4, 3), (6, 8)), (1, 10))","(((3, 4), (4, 3), (6, 7)), (1, 10))",19,11.0,30.0,19,6,1,expanded,False,True,659
"(((3, 5), (4, 4), (6, 8)), (2, 2))","(((3, 4), (4, 4), (6, 8)), (2, 2))",21,9,30.0,21,,,pruned,,,660
"(((3, 4), (4, 4), (6, 8)), (2, 2))","(((3, 4), (4, 4), (6, 7)), (2, 2))",20,10.0,30.0,20,3,1,expanded,False,True,661
"(((4, 7), (6, 5), (6, 8)), (2, 2))","(((4, 6), (6, 5), (6, 8)), (2, 2))",21,9,30.0,21,,,pruned,,,662
"(((4, 6), (6, 5), (6, 8)), (2, 2))","(((4, 6), (6, 4), (6, 8)), (2, 2))",20,10.0,30.0,20,2,1,expanded,False,True,663
"(((4, 7), (6, 6), (6, 8)), (2, 2))","(((4, 6), (6, 6), (6, 8)), (2, 2))",22,8,30.0,22,,,pruned,,,664
"(((4, 6), (6, 6), (6, 8)), (2, 2))","(((4, 6), (6, 5), (6, 8)), (2, 2))",21,9.0,30.0,21,2,1,expanded,False,True,665
"(((4, 7), (6, 7), (6, 8)), (2, 2))","(((4, 6), (6, 7), (6, 8)), (2, 2))",23,7,30.0,23,,,pruned,,,666
"(((4, 6), (6, 7), (6, 8)), (2, 2))","(((4, 6), (6, 6), (6, 8)), (2, 2))",22,8.0,30.0,22,1,1,expanded,True,True,667
"(((4, 1), (5, 2), (6, 4)), (1, 10))","(((4, 2), (5, 2), (6, 4)), (1, 10))",13,20,33.0,13,,,pruned,,,668
"(((4, 2), (5, 2), (6, 4)), (1, 10))","(((4, 3), (5, 2), (6, 4)), (1, 10))",12,19.0,31.0,12,2,1,expanded,False,True,669
"(((4, 3), (6, 2), (6, 3)), (1, 10))","(((4, 3), (5, 2), (6, 3)), (1, 10))",13,20,33.0,13,,,pruned,,,670
"(((4, 3), (5, 2), (6, 2)), (1, 10))","(((4, 3), (5, 2), (6, 3)), (1, 10))",13,20,33.0,13,,,pruned,,,671
"(((4, 3), (5, 2), (6, 3)), (1, 10))","(((4, 3), (5, 2), (6, 4)), (1, 10))",12,19.0,31.0,12,4,2,expanded,False,True,672
"(((2, 2), (5, 2), (6, 3)), (1, 10))","(((3, 2), (5, 2), (6, 3)), (1, 10))",13,20,33.0,13,,,pruned,,,673
"(((3, 2), (5, 2), (6, 2)), (1, 10))","(((3, 2), (5, 2), (6, 3)), (1, 10))",13,20,33.0,13,,,pruned,,,674
"(((3, 2), (6, 2), (6, 3)), (1, 10))","(((3, 2), (5, 2), (6, 3)), (1, 10))",13,20,33.0,13,,,pruned,,,675
"(((3, 2), (5, 2), (6, 3)), (1, 10))","(((3, 2), (5, 2), (6, 4)), (1, 10))",12,19.0,31.0,12,4,3,expanded,False,True,676
"(((4, 2), (4, 3), (6, 2)), (1, 10))","(((4, 2), (4, 3), (6, 3)), (1, 10))",14,19,33.0,14,,,pruned,,,677
"(((4, 2), (4, 3), (6, 3)), (1, 10))","(((4, 2), (4, 3), (6, 4)), (1, 10))",13,18.0,31.0,13,2,1,expanded,False,True,678
"(((5, 4), (6, 2), (6, 4)), (1, 10))","(((5, 2), (5, 4), (6, 4)), (1, 10))",14,19,33.0,14,,,pruned,,,679
"(((5, 2), (5, 4), (6, 4)), (1, 10))","(((4, 4), (5, 2), (6, 4)), (1, 10))",13,18.0,31.0,13,2,1,expanded,False,True,680
"(((4, 4), (5, 2), (6, 2)), (1, 10))","(((4, 4), (5, 2), (6, 3)), (1, 10))",14,19,33.0,14,,,pruned,,,681
"(((4, 4), (6, 2), (6, 3)), (1, 10))","(((4, 4), (5, 2), (6, 3)), (1, 10))",14,19,33.0,14,,,pruned,,,682
"(((4, 4), (5, 2), (6, 3)), (1, 10))","(((4, 4), (5, 2), (6, 4)), (1, 10))",13,18.0,31.0,13,6,2,expanded,False,True,683
"(((4, 5), (5, 2), (6, 2)), (1, 10))","(((4, 5), (5, 2), (6, 3)), (1, 10))",15,18,33.0,15,,,pruned,,,684
"(((4, 5), (6, 2), (6, 3)), (1, 10))","(((4, 5), (5, 2), (6, 3)), (1, 10))",15,18,33.0,15,,,pruned,,,685
"(((4, 5), (5, 2), (6, 3)), (1, 10))","(((4, 4), (5, 2), (6, 3)), (1, 10))",14,17.0,31.0,14,4,2,expanded,False,True,686
"(((4, 7), (5, 2), (6, 3)), (1, 10))","(((4, 6), (5, 2), (6, 3)), (1, 10))",16,15,31.0,16,,,pruned,,,687
"(((4, 6), (5, 2), (6, 2)), (1, 10))","(((4, 6), (5, 2), (6, 3)), (1, 10))",16,17,33.0,16,,,pruned,,,688
"(((4, 6), (6, 2), (6, 3)), (1, 10))","(((4, 6), (5, 2), (6, 3)), (1, 10))",16,17,33.0,16,,,pruned,,,689
"(((4, 6), (5, 2), (6, 3)), (1, 10))","(((4, 5), (5, 2), (6, 3)), (1, 10))",15,16.0,31.0,15,4,3,expanded,False,True,690
"(((4, 5), (6, 2), (6, 5)), (2, 2))","(((4, 5), (5, 2), (6, 5)), (2, 2))",17,16,33.0,17,,,pruned,,,691
"(((4, 5), (5, 2), (6, 5)), (2, 2))","(((4, 2), (4, 5), (6, 5)), (2, 2))",16,15.0,31.0,16,4,1,expanded,False,True,692
"(((3, 5), (5, 2), (6, 5)), (1, 10))","(((3, 4), (5, 2), (6, 5)), (1, 10))",17,14,31.0,17,,,pruned,,,693
"(((3, 4), (6, 2), (6, 5)), (1, 10))","(((3, 4), (5, 2), (6, 5)), (1, 10))",17,16,33.0,17,,,pruned,,,694
"(((3, 4), (5, 2), (6, 5)), (1, 10))","(((3, 4), (4, 2), (6, 5)), (1, 10))",16,15.0,31.0,16,6,2,expanded,False,True,695
"(((2, 3), (4, 2), (6, 5)), (1, 10))","(((3, 3), (4, 2), (6, 5)), (1, 10))",17,16,33.0,17,,,pruned,,,696
"(((3, 3), (4, 1), (6, 5)), (1, 10))","(((3, 3), (4, 2), (6, 5)), (1, 10))",17,16,33.0,17,,,pruned,,,697
"(((3, 3), (4, 2), (6, 5)), (1, 10))","(((3, 4), (4, 2), (6, 5)), (1, 10))",16,15.0,31.0,16,7,2,expanded,False,True,698
"(((4, 5), (6, 2), (6, 6)), (2, 2))","(((4, 5), (5, 2), (6, 6)), (2, 2))",18,15,33.0,18,,,pruned,,,699
"(((4, 5), (5, 2), (6, 6)), (2, 2))","(((4, 2), (4, 5), (6, 6)), (2, 2))",17,14.0,31.0,17,4,1,expanded,False,True,700
"(((4, 5), (6, 4), (6, 5)), (2, 2))","(((4, 5), (5, 4), (6, 5)), (2, 2))",17,14.0,31.0,17,1,0,expanded,False,True,701
"(((2, 3), (4, 2), (6, 6)), (1, 10))","(((3, 3), (4, 2), (6, 6)), (1, 10))",18,15,33.0,18,,,pruned,,,702
"(((3, 3), (4, 1), (6, 6)), (1, 10))","(((3, 3), (4, 2), (6, 6)), (1, 10))",18,15,33.0,18,,,pruned,,,703
"(((3, 3), (4, 2), (6, 6)), (1, 10))","(((3, 4), (4, 2), (6, 6)), (1, 10))",17,14.0,31.0,17,7,2,expanded,False,True,704
"(((3, 5), (5, 2), (6, 6)), (1, 10))","(((3, 4), (5, 2), (6, 6)), (1, 10))",18,13,31.0,18,,,pruned,,,705
"(((3, 4), (6, 2), (6, 6)), (1, 10))","(((3, 4), (5, 2), (6, 6)), (1, 10))",18,15,33.0,18,,,pruned,,,706
"(((3, 4), (5, 2), (6, 6)), (1, 10))","(((3, 4), (4, 2), (6, 6)), (1, 10))",17,14.0,31.0,17,6,2,expanded,False,True,707
"(((3, 3), (4, 3), (6, 5)), (1, 10))","(((3, 4), (4, 3), (6, 5)), (1, 10))",17,14.0,31.0,17,6,0,expanded,False,True,708
"(((4, 5), (6, 2), (6, 7)), (2, 2))","(((4, 5), (5, 2), (6, 7)), (2, 2))",19,14,33.0,19,,,pruned,,,709
"(((4, 5), (5, 2), (6, 7)), (2, 2))","(((4, 2), (4, 5), (6, 7)), (2, 2))",18,13.0,31.0,18,4,1,expanded,False,True,710
"(((4, 5), (6, 4), (6, 6)), (2, 2))","(((4, 5), (5, 4), (6, 6)), (2, 2))",18,13.0,31.0,18,2,0,expanded,False,True,711
"(((2, 3), (4, 2), (6, 7)), (1, 10))","(((3, 3), (4, 2), (6, 7)), (1, 10))",19,14,33.0,19,,,pruned,,,712
"(((3, 3), (4, 1), (6, 7)), (1, 10))","(((3, 3), (4, 2), (6, 7)), (1, 10))",19,14,33.0,19,,,pruned,,,713
"(((3, 3), (4, 2), (6, 7)), (1, 10))","(((3, 4), (4, 2), (6, 7)), (1, 10))",18,13.0,31.0,18,7,2,expanded,False,True,714
"(((3, 5), (5, 2), (6, 7)), (1, 10))","(((3, 4), (5, 2), (6, 7)), (1, 10))",19,12,31.0,19,,,pruned,,,715
"(((3, 4), (6, 2), (6, 7)), (1, 10))","(((3, 4), (5, 2), (6, 7)), (1, 10))",19,14,33.0,19,,,pruned,,,716
"(((3, 4), (5, 2), (6, 7)), (1, 10))","(((3, 4), (4, 2), (6, 7)), (1, 10))",18,13.0,31.0,18,6,2,expanded,False,True,717
"(((3, 3), (4, 3), (6, 6)), (1, 10))","(((3, 4), (4, 3), (6, 6)), (1, 10))",18,13.0,31.0,18,6,0,expanded,False,True,718
"(((2, 3), (4, 4), (6, 5)), (1, 10))","(((3, 3), (4, 4), (6, 5)), (2, 2))",19,14,33.0,19,,,pruned,,,719
"(((3, 3), (4, 4), (6, 5)), (2, 2))","(((3, 3), (4, 3), (6, 5)), (1, 10))",18,13.0,31.0,18,6,1,expanded,False,True,720
"(((4, 2), (4, 7), (6, 10)), (2, 2))","(((4, 2), (4, 6), (6, 10)), (2, 2))",20,11,31.0,20,,,pruned,,,721
"(((4, 2), (4, 6), (6, 11)), (1, 10))","(((4, 2), (4, 6), (6, 10)), (2, 2))",20,13,33.0,20,,,pruned,,,722
"(((4, 1), (4, 6), (6, 10)), (2, 2))","(((4, 2), (4, 6), (6, 10)), (2, 2))",20,13,33.0,20,,,pruned,,,723
"(((4, 2), (4, 6), (6, 10)), (2, 2))","(((4, 3), (4, 6), (6, 10)), (2, 2))",19,12.0,31.0,19,6,3,expanded,False,True,724
"(((4, 7), (5, 2), (6, 9)), (2, 2))","(((4, 6), (5, 2), (6, 9)), (2, 2))",20,11,31.0,20,,,pruned,,,725
"(((4, 6), (6, 2), (6, 9)), (2, 2))","(((4, 6), (5, 2), (6, 9)), (2, 2))",20,13,33.0,20,,,pruned,,,726
"(((4, 6), (5, 2), (6, 9)), (2, 2))","(((4, 2), (4, 6), (6, 9)), (2, 2))",19,12.0,31.0,19,4,2,expanded,False,True,727
"(((4, 3), (4, 5), (6, 11)), (1, 10))","(((4, 3), (4, 5), (6, 10)), (2, 2))",20,13,33.0,20,,,pruned,,,728
"(((4, 3), (4, 5), (6, 10)), (2, 2))","(((4, 3), (4, 5), (6, 9)), (2, 2))",19,12.0,31.0,19,4,1,expanded,False,True,729
"(((4, 1), (4, 5), (6, 9)), (2, 2))","(((4, 2), (4, 5), (6, 9)), (2, 2))",20,13,33.0,20,,,pruned,,,730
"(((4, 2), (4, 5), (6, 9)), (2, 2))","(((4, 3), (4, 5), (6, 9)), (2, 2))",19,12.0,31.0,19,6,1,expanded,False,True,731
"(((3, 2), (4, 5), (6, 11)), (1, 10))","(((3, 2), (4, 5), (6, 10)), (2, 2))",20,13,33.0,20,,,pruned,,,732
"(((2, 2), (4, 5), (6, 10)), (2, 3))","(((3, 2), (4, 5), (6, 10)), (2, 2))",20,13,33.0,20,,,pruned,,,733
"(((3, 2), (4, 5), (6, 10)), (2, 2))","(((3, 2), (4, 5), (6, 9)), (2, 2))",19,12.0,31.0,19,4,2,expanded,False,True,734
"(((4, 5), (6, 4), (6, 7)), (2, 2))","(((4, 5), (5, 4), (6, 7)), (2, 2))",19,12.0,31.0,19,2,0,expanded,False,True,735
"(((3, 5), (4, 2), (6, 9)), (1, 10))","(((3, 4), (4, 2), (6, 9)), (1, 10))",20,11,31.0,20,,,pruned,,,736
"(((3, 4), (4, 1), (6, 9)), (1, 10))","(((3, 4), (4, 2), (6, 9)), (1, 10))",20,13,33.0,20,,,pruned,,,737
"(((3, 4), (4, 2), (6, 9)), (1, 10))","(((3, 2), (3, 4), (6, 9)), (1, 10))",19,12.0,31.0,19,8,2,expanded,False,True,738
"(((2, 2), (3, 4), (6, 10)), (1, 10))","(((3, 2), (3, 4), (6, 10)), (1, 10))",20,13,33.0,20,,,pruned,,,739
"(((3, 2), (3, 4), (7, 10)), (1, 10))","(((3, 2), (3, 4), (6, 10)), (1, 10))",20,13,33.0,20,,,pruned,,,740
"(((3, 2), (3, 4), (6, 11)), (1, 10))","(((3, 2), (3, 4), (6, 10)), (1, 10))",20,13,33.0,20,,,pruned,,,741
"(((3, 2), (3, 5), (6, 10)), (1, 10))","(((3, 2), (3, 4), (6, 10)), (1, 10))",20,11,31.0,20,,,pruned,,,742
"(((3, 2), (3, 4), (6, 10)), (1, 10))","(((3, 2), (3, 4), (6, 9)), (1, 10))",19,12.0,31.0,19,8,4,expanded,False,True,743
"(((3, 3), (4, 3), (6, 7)), (1, 10))","(((3, 4), (4, 3), (6, 7)), (1, 10))",19,12.0,31.0,19,6,0,expanded,False,True,744
"(((4, 5), (6, 5), (6, 6)), (2, 2))","(((4, 5), (6, 4), (6, 6)), (2, 2))",19,12.0,31.0,19,1,0,expanded,False,True,745
"(((2, 3), (4, 4), (6, 6)), (1, 10))","(((3, 3), (4, 4), (6, 6)), (2, 2))",20,13,33.0,20,,,pruned,,,746
"(((3, 3), (4, 4), (6, 6)), (2, 2))","(((3, 3), (4, 3), (6, 6)), (1, 10))",19,12.0,31.0,19,6,1,expanded,False,True,747
"(((2, 3), (3, 4), (6, 5)), (1, 10))","(((3, 3), (3, 4), (6, 5)), (1, 10))",20,13,33.0,20,,,pruned,,,748
"(((3, 3), (3, 4), (6, 5)), (1, 10))","(((3, 3), (4, 4), (6, 5)), (2, 2))",19,12.0,31.0,19,4,1,expanded,False,True,749
"(((4, 7), (6, 4), (6, 9)), (2, 2))","(((4, 6), (6, 4), (6, 9)), (2, 2))",21,10,31.0,21,,,pruned,,,750
"(((4, 6), (6, 4), (6, 9)), (2, 2))","(((4, 6), (5, 4), (6, 9)), (2, 2))",20,11.0,31.0,20,2,1,expanded,False,True,751
"(((4, 7), (5, 4), (6, 10)), (2, 2))","(((4, 6), (5, 4), (6, 10)), (2, 2))",21,10,31.0,21,,,pruned,,,752
"(((4, 6), (5, 4), (6, 11)), (1, 10))","(((4, 6), (5, 4), (6, 10)), (2, 2))",21,12,33.0,21,,,pruned,,,753
"(((4, 6), (5, 4), (6, 10)), (2, 2))","(((4, 6), (5, 4), (6, 9)), (2, 2))",20,11.0,31.0,20,4,2,expanded,False,True,754
"(((4, 5), (5, 4), (6, 9)), (2, 2))","(((4, 4), (4, 5), (6, 9)), (2, 2))",20,11.0,31.0,20,4,0,expanded,False,True,755
"(((4, 4), (4, 5), (6, 11)), (1, 10))","(((4, 4), (4, 5), (6, 10)), (2, 2))",21,12,33.0,21,,,pruned,,,756
"(((4, 4), (4, 5), (6, 10)), (2, 2))","(((4, 4), (4, 5), (6, 9)), (2, 2))",20,11.0,31.0,20,3,1,expanded,False,True,757
"(((3, 5), (4, 3), (6, 9)), (1, 10))","(((3, 4), (4, 3), (6, 9)), (1, 10))",21,10,31.0,21,,,pruned,,,758
"(((3, 4), (4, 3), (6, 9)), (1, 10))","(((3, 4), (4, 3), (6, 8)), (1, 10))",20,11.0,31.0,20,6,1,expanded,False,True,759
"(((4, 5), (6, 5), (6, 7)), (2, 2))","(((4, 5), (6, 4), (6, 7)), (2, 2))",20,11.0,31.0,20,2,0,expanded,False,True,760
"(((2, 2), (3, 4), (5, 10)), (1, 10))","(((3, 2), (3, 4), (5, 10)), (1, 10))",21,12,33.0,21,,,pruned,,,761
"(((3, 2), (3, 5), (5, 10)), (1, 10))","(((3, 2), (3, 4), (5, 10)), (1, 10))",21,10,31.0,21,,,pruned,,,762
"(((3, 2), (3, 4), (5, 10)), (1, 10))","(((3, 2), (3, 4), (6, 10)), (1, 10))",20,11.0,31.0,20,6,2,expanded,False,True,763
"(((2, 3), (4, 4), (6, 7)), (1, 10))","(((3, 3), (4, 4), (6, 7)), (2, 2))",21,12,33.0,21,,,pruned,,,764
"(((3, 3), (4, 4), (6, 7)), (2, 2))","(((3, 3), (4, 3), (6, 7)), (1, 10))",20,11.0,31.0,20,6,1,expanded,False,True,765
"(((2, 3), (3, 4), (6, 6)), (1, 10))","(((3, 3), (3, 4), (6, 6)), (1, 10))",21,12,33.0,21,,,pruned,,,766
"(((3, 3), (3, 4), (6, 6)), (1, 10))","(((3, 3), (4, 4), (6, 6)), (2, 2))",20,11.0,31.0,20,4,1,expanded,False,True,767
"(((3, 5), (4, 4), (6, 9)), (2, 2))","(((3, 4), (4, 4), (6, 9)), (2, 2))",22,9,31.0,22,,,pruned,,,768
"(((3, 4), (4, 4), (6, 9)), (2, 2))","(((3, 4), (4, 4), (6, 8)), (2, 2))",21,10.0,31.0,21,3,1,expanded,False,True,769
"(((4, 7), (6, 5), (6, 9)), (2, 2))","(((4, 6), (6, 5), (6, 9)), (2, 2))",22,9,31.0,22,,,pruned,,,770
"(((4, 6), (6, 5), (6, 9)), (2, 2))","(((4, 6), (6, 4), (6, 9)), (2, 2))",21,10.0,31.0,21,2,1,expanded,False,True,771
"(((4, 5), (6, 6), (6, 7)), (2, 2))","(((4, 5), (6, 5), (6, 7)), (2, 2))",21,10.0,31.0,21,1,0,expanded,False,True,772
"(((2, 2), (3, 4), (4, 10)), (1, 10))","(((3, 2), (3, 4), (4, 10)), (1, 10))",22,11,33.0,22,,,pruned,,,773
"(((3, 2), (3, 5), (4, 10)), (1, 10))","(((3, 2), (3, 4), (4, 10)), (1, 10))",22,9,31.0,22,,,pruned,,,774
"(((3, 2), (3, 4), (4, 10)), (1, 10))","(((3, 2), (3, 4), (5, 10)), (1, 10))",21,10.0,31.0,21,6,2,expanded,False,True,775
"(((2, 3), (3, 4), (6, 7)), (1, 10))","(((3, 3), (3, 4), (6, 7)), (1, 10))",22,11,33.0,22,,,pruned,,,776
"(((3, 3), (3, 4), (6, 7)), (1, 10))","(((3, 3), (4, 4), (6, 7)), (2, 2))",21,10.0,31.0,21,4,1,expanded,False,True,777
"(((4, 7), (6, 6), (6, 9)), (2, 2))","(((4, 6), (6, 6), (6, 9)), (2, 2))",23,8,31.0,23,,,pruned,,,778
"(((4, 6), (6, 6), (6, 9)), (2, 2))","(((4, 6), (6, 5), (6, 9)), (2, 2))",22,9.0,31.0,22,2,1,expanded,False,True,779
"(((2, 2), (3, 4), (3, 10)), (1, 10))","(((3, 2), (3, 4), (3, 10)), (1, 10))",23,10,33.0,23,,,pruned,,,780
"(((3, 2), (3, 5), (3, 10)), (1, 10))","(((3, 2), (3, 4), (3, 10)), (1, 10))",23,8,31.0,23,,,pruned,,,781
"(((3, 2), (3, 4), (3, 11)), (1, 10))","(((3, 2), (3, 4), (3, 10)), (1, 10))",23,10,33.0,23,,,pruned,,,782
"(((3, 2), (3, 4), (3, 10)), (1, 10))","(((3, 2), (3, 4), (4, 10)), (1, 10))",22,9.0,31.0,22,8,3,expanded,False,True,783
"(((4, 7), (6, 7), (6, 9)), (2, 2))","(((4, 6), (6, 7), (6, 9)), (2, 2))",24,7,31.0,24,,,pruned,,,784
"(((4, 6), (6, 7), (6, 9)), (2, 2))","(((4, 6), (6, 6), (6, 9)), (2, 2))",23,8.0,31.0,23,2,1,expanded,False,True,785
"(((2, 2), (3, 4), (3, 9)), (1, 10))","(((3, 2), (3, 4), (3, 9)), (1, 10))",24,9,33.0,24,,,pruned,,,786
"(((3, 2), (3, 5), (3, 9)), (1, 10))","(((3, 2), (3, 4), (3, 9)), (1, 10))",24,7,31.0,24,,,pruned,,,787
"(((3, 2), (3, 4), (3, 9)), (1, 10))","(((3, 2), (3, 4), (3, 10)), (1, 10))",23,8.0,31.0,23,6,2,expanded,False,True,788
"(((4, 5), (6, 2), (6, 8)), (2, 2))","(((4, 5), (5, 2), (6, 8)), (2, 2))",20,14,34.0,20,,,pruned,,,789
"(((4, 5), (5, 2), (6, 8)), (2, 2))","(((4, 2), (4, 5), (6, 8)), (2, 2))",19,13.0,32.0,19,4,1,expanded,False,True,790
"(((2, 3), (4, 2), (6, 8)), (1, 10))","(((3, 3), (4, 2), (6, 8)), (1, 10))",20,14,34.0,20,,,pruned,,,791
"(((3, 3), (4, 1), (6, 8)), (1, 10))","(((3, 3), (4, 2), (6, 8)), (1, 10))",20,14,34.0,20,,,pruned,,,792
"(((3, 3), (4, 2), (6, 8)), (1, 10))","(((3, 4), (4, 2), (6, 8)), (1, 10))",19,13.0,32.0,19,7,2,expanded,False,True,793
"(((3, 5), (5, 2), (6, 8)), (1, 10))","(((3, 4), (5, 2), (6, 8)), (1, 10))",20,12,32.0,20,,,pruned,,,794
"(((3, 4), (6, 2), (6, 8)), (1, 10))","(((3, 4), (5, 2), (6, 8)), (1, 10))",20,14,34.0,20,,,pruned,,,795
"(((3, 4), (5, 2), (6, 8)), (1, 10))","(((3, 4), (4, 2), (6, 8)), (1, 10))",19,13.0,32.0,19,6,2,expanded,False,True,796
"(((4, 5), (6, 4), (6, 8)), (2, 2))","(((4, 5), (5, 4), (6, 8)), (2, 2))",20,12.0,32.0,20,2,0,expanded,False,True,797
"(((3, 3), (4, 3), (6, 8)), (1, 10))","(((3, 4), (4, 3), (6, 8)), (1, 10))",20,12.0,32.0,20,6,0,expanded,False,True,798
"(((2, 3), (4, 4), (6, 8)), (1, 10))","(((3, 3), (4, 4), (6, 8)), (2, 2))",22,12,34.0,22,,,pruned,,,799
"(((3, 3), (4, 4), (6, 8)), (2, 2))","(((3, 3), (4, 4), (6, 7)), (2, 2))",21,11.0,32.0,21,6,1,expanded,False,True,800
"(((4, 5), (6, 5), (6, 8)), (2, 2))","(((4, 5), (6, 4), (6, 8)), (2, 2))",21,11.0,32.0,21,2,0,expanded,False,True,801
"(((2, 3), (3, 4), (6, 8)), (1, 10))","(((3, 3), (3, 4), (6, 8)), (1, 10))",23,11,34.0,23,,,pruned,,,802
"(((3, 3), (3, 4), (6, 8)), (1, 10))","(((3, 3), (3, 4), (6, 7)), (1, 10))",22,10.0,32.0,22,4,1,expanded,False,True,803
"(((4, 5), (6, 6), (6, 8)), (2, 2))","(((4, 5), (6, 5), (6, 8)), (2, 2))",22,10.0,32.0,22,2,0,expanded,False,True,804
"(((4, 5), (6, 7), (6, 8)), (2, 2))","(((4, 5), (6, 6), (6, 8)), (2, 2))",23,9.0,32.0,23,1,0,expanded,False,True,805
"(((4, 7), (6, 8), (6, 9)), (2, 2))","(((4, 6), (6, 8), (6, 9)), (2, 2))",25,7,32.0,25,,,pruned,,,806
"(((4, 6), (6, 8), (6, 9)), (2, 2))","(((4, 6), (6, 7), (6, 9)), (2, 2))",24,8.0,32.0,24,1,1,expanded,True,True,807
"(((2, 2), (3, 4), (3, 8)), (1, 10))","(((3, 2), (3, 4), (3, 8)), (1, 10))",25,9,34.0,25,,,pruned,,,808
"(((3, 2), (3, 5), (3, 8)), (1, 10))","(((3, 2), (3, 4), (3, 8)), (1, 10))",25,7,32.0,25,,,pruned,,,809
"(((3, 2), (3, 4), (3, 8)), (1, 10))","(((3, 2), (3, 4), (3, 9)), (1, 10))",24,8.0,32.0,24,6,2,expanded,False,True,810
"(((4, 2), (5, 2), (6, 2)), (1, 10))","(((4, 2), (5, 2), (6, 3)), (1, 10))",14,21,35.0,14,,,pruned,,,811
"(((4, 1), (5, 2), (6, 3)), (1, 10))","(((4, 2), (5, 2), (6, 3)), (1, 10))",14,21,35.0,14,,,pruned,,,812
"(((4, 2), (5, 2), (6, 3)), (1, 10))","(((4, 2), (5, 2), (6, 4)), (1, 10))",13,20.0,33.0,13,2,2,expanded,True,True,813
"(((5, 2), (5, 4), (6, 2)), (1, 10))","(((5, 2), (5, 4), (6, 3)), (1, 10))",15,20,35.0,15,,,pruned,,,814
"(((5, 4), (6, 2), (6, 3)), (1, 10))","(((5, 2), (5, 4), (6, 3)), (1, 10))",15,20,35.0,15,,,pruned,,,815
"(((5, 2), (5, 4), (6, 3)), (1, 10))","(((5, 2), (5, 4), (6, 4)), (1, 10))",14,19.0,33.0,14,4,2,expanded,False,True,816
"(((2, 3), (5, 2), (6, 5)), (1, 10))","(((3, 3), (5, 2), (6, 5)), (1, 10))",18,17,35.0,18,,,pruned,,,817
"(((3, 3), (6, 2), (6, 5)), (1, 10))","(((3, 3), (5, 2), (6, 5)), (1, 10))",18,17,35.0,18,,,pruned,,,818
"(((3, 3), (5, 2), (6, 5)), (1, 10))","(((3, 4), (5, 2), (6, 5)), (1, 10))",17,16.0,33.0,17,8,2,expanded,False,True,819
"(((3, 2), (4, 1), (6, 5)), (1, 10))","(((3, 2), (4, 2), (6, 5)), (1, 10))",18,17,35.0,18,,,pruned,,,820
"(((3, 2), (4, 2), (6, 5)), (1, 10))","(((3, 3), (4, 2), (6, 5)), (1, 10))",17,16.0,33.0,17,4,1,expanded,False,True,821
"(((3, 2), (4, 1), (6, 6)), (1, 10))","(((3, 2), (4, 2), (6, 6)), (1, 10))",19,16,35.0,19,,,pruned,,,822
"(((3, 2), (4, 2), (6, 6)), (1, 10))","(((3, 3), (4, 2), (6, 6)), (1, 10))",18,15.0,33.0,18,4,1,expanded,False,True,823
"(((2, 3), (5, 2), (6, 6)), (1, 10))","(((3, 3), (5, 2), (6, 6)), (1, 10))",19,16,35.0,19,,,pruned,,,824
"(((3, 3), (6, 2), (6, 6)), (1, 10))","(((3, 3), (5, 2), (6, 6)), (1, 10))",19,16,35.0,19,,,pruned,,,825
"(((3, 3), (5, 2), (6, 6)), (1, 10))","(((3, 4), (5, 2), (6, 6)), (1, 10))",18,15.0,33.0,18,8,2,expanded,False,True,826
"(((2, 2), (4, 3), (6, 5)), (1, 10))","(((3, 2), (4, 3), (6, 5)), (1, 10))",19,16,35.0,19,,,pruned,,,827
"(((3, 2), (4, 3), (6, 5)), (1, 10))","(((3, 3), (4, 3), (6, 5)), (1, 10))",18,15.0,33.0,18,6,1,expanded,False,True,828
"(((3, 2), (4, 1), (6, 7)), (1, 10))","(((3, 2), (4, 2), (6, 7)), (1, 10))",20,15,35.0,20,,,pruned,,,829
"(((3, 2), (4, 2), (6, 7)), (1, 10))","(((3, 3), (4, 2), (6, 7)), (1, 10))",19,14.0,33.0,19,4,1,expanded,False,True,830
"(((2, 3), (5, 2), (6, 7)), (1, 10))","(((3, 3), (5, 2), (6, 7)), (1, 10))",20,15,35.0,20,,,pruned,,,831
"(((3, 3), (6, 2), (6, 7)), (1, 10))","(((3, 3), (5, 2), (6, 7)), (1, 10))",20,15,35.0,20,,,pruned,,,832
"(((3, 3), (5, 2), (6, 7)), (1, 10))","(((3, 4), (5, 2), (6, 7)), (1, 10))",19,14.0,33.0,19,8,2,expanded,False,True,833
"(((2, 2), (4, 3), (6, 6)), (1, 10))","(((3, 2), (4, 3), (6, 6)), (1, 10))",20,15,35.0,20,,,pruned,,,834
"(((3, 2), (4, 3), (6, 6)), (1, 10))","(((3, 3), (4, 3), (6, 6)), (1, 10))",19,14.0,33.0,19,6,1,expanded,False,True,835
"(((4, 3), (4, 4), (6, 5)), (1, 10))","(((3, 3), (4, 4), (6, 5)), (2, 2))",19,14.0,33.0,19,4,0,expanded,False,True,836
"(((2, 2), (4, 4), (6, 5)), (1, 10))","(((3, 2), (4, 4), (6, 5)), (1, 10))",20,15,35.0,20,,,pruned,,,837
"(((3, 2), (4, 4), (6, 5)), (1, 10))","(((3, 2), (4, 3), (6, 5)), (1, 10))",19,14.0,33.0,19,8,1,expanded,False,True,838
"(((4, 7), (5, 2), (6, 10)), (2, 2))","(((4, 6), (5, 2), (6, 10)), (2, 2))",21,12,33.0,21,,,pruned,,,839
"(((4, 6), (5, 2), (6, 11)), (1, 10))","(((4, 6), (5, 2), (6, 10)), (2, 2))",21,14,35.0,21,,,pruned,,,840
"(((4, 6), (6, 2), (6, 10)), (2, 2))","(((4, 6), (5, 2), (6, 10)), (2, 2))",21,14,35.0,21,,,pruned,,,841
"(((4, 6), (5, 2), (6, 10)), (2, 2))","(((4, 2), (4, 6), (6, 10)), (2, 2))",20,13.0,33.0,20,4,3,expanded,False,True,842
"(((4, 2), (4, 5), (6, 11)), (1, 10))","(((4, 2), (4, 5), (6, 10)), (2, 2))",21,14,35.0,21,,,pruned,,,843
"(((4, 1), (4, 5), (6, 10)), (2, 2))","(((4, 2), (4, 5), (6, 10)), (2, 2))",21,14,35.0,21,,,pruned,,,844
"(((4, 2), (4, 5), (6, 10)), (2, 2))","(((4, 3), (4, 5), (6, 10)), (2, 2))",20,13.0,33.0,20,6,2,expanded,False,True,845
"(((4, 5), (6, 2), (6, 9)), (2, 2))","(((4, 5), (5, 2), (6, 9)), (2, 2))",21,14,35.0,21,,,pruned,,,846
"(((4, 5), (5, 2), (6, 9)), (2, 2))","(((4, 2), (4, 5), (6, 9)), (2, 2))",20,13.0,33.0,20,4,1,expanded,False,True,847
"(((3, 4), (4, 2), (7, 10)), (1, 10))","(((3, 4), (4, 2), (6, 10)), (1, 10))",21,14,35.0,21,,,pruned,,,848
"(((3, 4), (4, 2), (6, 11)), (1, 10))","(((3, 4), (4, 2), (6, 10)), (1, 10))",21,14,35.0,21,,,pruned,,,849
"(((3, 5), (4, 2), (6, 10)), (1, 10))","(((3, 4), (4, 2), (6, 10)), (1, 10))",21,12,33.0,21,,,pruned,,,850
"(((3, 4), (4, 1), (6, 10)), (1, 10))","(((3, 4), (4, 2), (6, 10)), (1, 10))",21,14,35.0,21,,,pruned,,,851
"(((3, 4), (4, 2), (6, 10)), (1, 10))","(((3, 4), (4, 2), (6, 9)), (1, 10))",20,13.0,33.0,20,10,4,expanded,False,True,852
"(((2, 3), (4, 2), (6, 9)), (1, 10))","(((3, 3), (4, 2), (6, 9)), (1, 10))",21,14,35.0,21,,,pruned,,,853
"(((3, 3), (4, 1), (6, 9)), (1, 10))","(((3, 3), (4, 2), (6, 9)), (1, 10))",21,14,35.0,21,,,pruned,,,854
"(((3, 3), (4, 2), (6, 9)), (1, 10))","(((3, 4), (4, 2), (6, 9)), (1, 10))",20,13.0,33.0,20,7,2,expanded,False,True,855
"(((3, 5), (5, 2), (6, 9)), (1, 10))","(((3, 4), (5, 2), (6, 9)), (1, 10))",21,12,33.0,21,,,pruned,,,856
"(((3, 4), (6, 2), (6, 9)), (1, 10))","(((3, 4), (5, 2), (6, 9)), (1, 10))",21,14,35.0,21,,,pruned,,,857
"(((3, 4), (5, 2), (6, 9)), (1, 10))","(((3, 4), (4, 2), (6, 9)), (1, 10))",20,13.0,33.0,20,6,2,expanded,False,True,858
"(((2, 2), (4, 3), (6, 7)), (1, 10))","(((3, 2), (4, 3), (6, 7)), (1, 10))",21,14,35.0,21,,,pruned,,,859
"(((3, 2), (4, 3), (6, 7)), (1, 10))","(((3, 3), (4, 3), (6, 7)), (1, 10))",20,13.0,33.0,20,6,1,expanded,False,True,860
"(((4, 3), (4, 4), (6, 6)), (1, 10))","(((3, 3), (4, 4), (6, 6)), (2, 2))",20,13.0,33.0,20,4,0,expanded,False,True,861
"(((2, 3), (3, 4), (6, 4)), (1, 10))","(((3, 3), (3, 4), (6, 4)), (1, 10))",21,14,35.0,21,,,pruned,,,862
"(((3, 3), (3, 4), (6, 4)), (1, 10))","(((3, 3), (3, 4), (6, 5)), (1, 10))",20,13.0,33.0,20,4,1,expanded,False,True,863
"(((2, 2), (4, 4), (6, 6)), (1, 10))","(((3, 2), (4, 4), (6, 6)), (1, 10))",21,14,35.0,21,,,pruned,,,864
"(((3, 2), (4, 4), (6, 6)), (1, 10))","(((3, 2), (4, 3), (6, 6)), (1, 10))",20,13.0,33.0,20,8,1,expanded,False,True,865
"(((4, 7), (6, 4), (6, 10)), (2, 2))","(((4, 6), (6, 4), (6, 10)), (2, 2))",22,11,33.0,22,,,pruned,,,866
"(((4, 6), (6, 4), (6, 10)), (2, 2))","(((4, 6), (5, 4), (6, 10)), (2, 2))",21,12.0,33.0,21,2,1,expanded,False,True,867
"(((4, 5), (6, 4), (6, 9)), (2, 2))","(((4, 5), (5, 4), (6, 9)), (2, 2))",21,12.0,33.0,21,2,0,expanded,False,True,868
"(((4, 5), (5, 4), (6, 11)), (1, 10))","(((4, 5), (5, 4), (6, 10)), (2, 2))",22,13,35.0,22,,,pruned,,,869
"(((4, 5), (5, 4), (6, 10)), (2, 2))","(((4, 5), (5, 4), (6, 9)), (2, 2))",21,12.0,33.0,21,4,1,expanded,False,True,870
"(((3, 4), (4, 3), (7, 10)), (1, 10))","(((3, 4), (4, 3), (6, 10)), (1, 10))",22,13,35.0,22,,,pruned,,,871
"(((3, 4), (4, 3), (6, 11)), (1, 10))","(((3, 4), (4, 3), (6, 10)), (1, 10))",22,13,35.0,22,,,pruned,,,872
"(((3, 5), (4, 3), (6, 10)), (1, 10))","(((3, 4), (4, 3), (6, 10)), (1, 10))",22,11,33.0,22,,,pruned,,,873
"(((3, 4), (4, 3), (6, 10)), (1, 10))","(((3, 4), (4, 3), (6, 9)), (1, 10))",21,12.0,33.0,21,8,3,expanded,False,True,874
"(((3, 3), (4, 3), (6, 9)), (1, 10))","(((3, 4), (4, 3), (6, 9)), (1, 10))",21,12.0,33.0,21,6,0,expanded,False,True,875
"(((3, 5), (4, 2), (5, 10)), (1, 10))","(((3, 4), (4, 2), (5, 10)), (1, 10))",22,11,33.0,22,,,pruned,,,876
"(((3, 4), (4, 1), (5, 10)), (1, 10))","(((3, 4), (4, 2), (5, 10)), (1, 10))",22,13,35.0,22,,,pruned,,,877
"(((3, 4), (4, 2), (5, 10)), (1, 10))","(((3, 2), (3, 4), (5, 10)), (1, 10))",21,12.0,33.0,21,8,2,expanded,False,True,878
"(((4, 3), (4, 4), (6, 7)), (1, 10))","(((3, 3), (4, 4), (6, 7)), (2, 2))",21,12.0,33.0,21,4,0,expanded,False,True,879
"(((2, 2), (4, 4), (6, 7)), (1, 10))","(((3, 2), (4, 4), (6, 7)), (1, 10))",22,13,35.0,22,,,pruned,,,880
"(((3, 2), (4, 4), (6, 7)), (1, 10))","(((3, 2), (4, 3), (6, 7)), (1, 10))",21,12.0,33.0,21,8,1,expanded,False,True,881
"(((3, 4), (4, 4), (6, 11)), (1, 10))","(((3, 4), (4, 4), (6, 10)), (2, 2))",23,12,35.0,23,,,pruned,,,882
"(((3, 5), (4, 4), (6, 10)), (2, 2))","(((3, 4), (4, 4), (6, 10)), (2, 2))",23,10,33.0,23,,,pruned,,,883
"(((3, 4), (4, 4), (6, 10)), (2, 2))","(((3, 4), (4, 4), (6, 9)), (2, 2))",22,11.0,33.0,22,3,2,expanded,False,True,884
"(((3, 5), (4, 2), (4, 10)), (1, 10))","(((3, 4), (4, 2), (4, 10)), (1, 10))",23,10,33.0,23,,,pruned,,,885
"(((3, 4), (4, 1), (4, 10)), (1, 10))","(((3, 4), (4, 2), (4, 10)), (1, 10))",23,12,35.0,23,,,pruned,,,886
"(((3, 4), (4, 2), (4, 10)), (1, 10))","(((3, 2), (3, 4), (4, 10)), (1, 10))",22,11.0,33.0,22,8,2,expanded,False,True,887
"(((2, 3), (4, 4), (6, 9)), (1, 10))","(((3, 3), (4, 4), (6, 9)), (2, 2))",23,12,35.0,23,,,pruned,,,888
"(((3, 3), (4, 4), (6, 9)), (2, 2))","(((3, 3), (4, 4), (6, 8)), (2, 2))",22,11.0,33.0,22,6,1,expanded,False,True,889
"(((4, 7), (6, 5), (6, 10)), (2, 2))","(((4, 6), (6, 5), (6, 10)), (2, 2))",23,10,33.0,23,,,pruned,,,890
"(((4, 6), (6, 5), (6, 10)), (2, 2))","(((4, 6), (6, 4), (6, 10)), (2, 2))",22,11.0,33.0,22,2,1,expanded,False,True,891
"(((4, 5), (6, 5), (6, 9)), (2, 2))","(((4, 5), (6, 4), (6, 9)), (2, 2))",22,11.0,33.0,22,2,0,expanded,False,True,892
"(((3, 5), (4, 3), (5, 10)), (1, 10))","(((3, 4), (4, 3), (5, 10)), (1, 10))",23,10,33.0,23,,,pruned,,,893
"(((3, 4), (4, 3), (5, 10)), (1, 10))","(((3, 4), (4, 3), (6, 10)), (1, 10))",22,11.0,33.0,22,6,1,expanded,False,True,894
"(((3, 4), (3, 10), (4, 1)), (1, 10))","(((3, 4), (3, 10), (4, 2)), (1, 10))",24,11,35.0,24,,,pruned,,,895
"(((3, 5), (3, 10), (4, 2)), (1, 10))","(((3, 4), (3, 10), (4, 2)), (1, 10))",24,9,33.0,24,,,pruned,,,896
"(((3, 4), (3, 11), (4, 2)), (1, 10))","(((3, 4), (3, 10), (4, 2)), (1, 10))",24,11,35.0,24,,,pruned,,,897
"(((3, 4), (3, 10), (4, 2)), (1, 10))","(((3, 2), (3, 4), (3, 10)), (1, 10))",23,10.0,33.0,23,10,3,expanded,False,True,898
"(((2, 2), (2, 10), (3, 4)), (1, 10))","(((2, 10), (3, 2), (3, 4)), (1, 10))",24,11,35.0,24,,,pruned,,,899
"(((1, 10), (3, 2), (3, 4)), (1, 11))","(((2, 10), (3, 2), (3, 4)), (1, 10))",24,11,35.0,24,,,pruned,,,900
"(((2, 10), (3, 2), (3, 5)), (1, 10))","(((2, 10), (3, 2), (3, 4)), (1, 10))",24,9,33.0,24,,,pruned,,,901
"(((2, 10), (3, 2), (3, 4)), (1, 10))","(((3, 2), (3, 4), (3, 10)), (1, 10))",23,10.0,33.0,23,6,3,expanded,False,True,902
"(((2, 3), (3, 4), (6, 9)), (1, 10))","(((3, 3), (3, 4), (6, 9)), (1, 10))",24,11,35.0,24,,,pruned,,,903
"(((3, 3), (3, 4), (6, 9)), (1, 10))","(((3, 3), (3, 4), (6, 8)), (1, 10))",23,10.0,33.0,23,4,1,expanded,False,True,904
"(((3, 5), (4, 3), (4, 10)), (1, 10))","(((3, 4), (4, 3), (4, 10)), (1, 10))",24,9,33.0,24,,,pruned,,,905
"(((3, 4), (4, 3), (4, 10)), (1, 10))","(((3, 4), (4, 2), (4, 10)), (1, 10))",23,10.0,33.0,23,6,1,expanded,False,True,906
"(((4, 7), (6, 6), (6, 10)), (2, 2))","(((4, 6), (6, 6), (6, 10)), (2, 2))",24,9,33.0,24,,,pruned,,,907
"(((4, 6), (6, 6), (6, 10)), (2, 2))","(((4, 6), (6, 5), (6, 10)), (2, 2))",23,10.0,33.0,23,2,1,expanded,False,True,908
"(((4, 5), (6, 6), (6, 9)), (2, 2))","(((4, 5), (6, 5), (6, 9)), (2, 2))",23,10.0,33.0,23,2,0,expanded,False,True,909
"(((3, 5), (4, 4), (5, 10)), (1, 10))","(((3, 4), (4, 4), (5, 10)), (1, 10))",24,9,33.0,24,,,pruned,,,910
"(((3, 4), (4, 4), (5, 10)), (1, 10))","(((3, 4), (4, 3), (5, 10)), (1, 10))",23,10.0,33.0,23,6,1,expanded,False,True,911
"(((3, 5), (3, 9), (4, 2)), (1, 10))","(((3, 4), (3, 9), (4, 2)), (1, 10))",25,8,33.0,25,,,pruned,,,912
"(((3, 4), (3, 9), (4, 1)), (1, 10))","(((3, 4), (3, 9), (4, 2)), (1, 10))",25,10,35.0,25,,,pruned,,,913
"(((3, 4), (3, 9), (4, 2)), (1, 10))","(((3, 2), (3, 4), (3, 9)), (1, 10))",24,9.0,33.0,24,8,2,expanded,False,True,914
"(((3, 5), (3, 10), (4, 3)), (1, 10))","(((3, 4), (3, 10), (4, 3)), (1, 10))",25,8,33.0,25,,,pruned,,,915
"(((3, 4), (3, 11), (4, 3)), (1, 10))","(((3, 4), (3, 10), (4, 3)), (1, 10))",25,10,35.0,25,,,pruned,,,916
"(((3, 4), (3, 10), (4, 3)), (1, 10))","(((3, 4), (3, 10), (4, 2)), (1, 10))",24,9.0,33.0,24,8,2,expanded,False,True,917
"(((3, 5), (4, 4), (4, 10)), (1, 10))","(((3, 4), (4, 4), (4, 10)), (1, 10))",25,8,33.0,25,,,pruned,,,918
"(((3, 4), (4, 4), (4, 10)), (1, 10))","(((3, 4), (4, 3), (4, 10)), (1, 10))",24,9.0,33.0,24,6,1,expanded,False,True,919
"(((4, 7), (6, 7), (6, 10)), (2, 2))","(((4, 6), (6, 7), (6, 10)), (2, 2))",25,8,33.0,25,,,pruned,,,920
"(((4, 6), (6, 7), (6, 10)), (2, 2))","(((4, 6), (6, 6), (6, 10)), (2, 2))",24,9.0,33.0,24,2,1,expanded,False,True,921
"(((4, 5), (6, 7), (6, 9)), (2, 2))","(((4, 5), (6, 6), (6, 9)), (2, 2))",24,9.0,33.0,24,2,0,expanded,False,True,922
"(((3, 5), (4, 5), (5, 10)), (1, 10))","(((3, 4), (4, 5), (5, 10)), (1, 10))",25,8,33.0,25,,,pruned,,,923
"(((3, 4), (4, 5), (5, 10)), (1, 10))","(((3, 4), (4, 4), (5, 10)), (1, 10))",24,9.0,33.0,24,5,1,expanded,False,True,924
"(((2, 2), (3, 4), (3, 7)), (1, 10))","(((3, 2), (3, 4), (3, 7)), (1, 10))",26,9,35.0,26,,,pruned,,,925
"(((3, 2), (3, 5), (3, 7)), (1, 10))","(((3, 2), (3, 4), (3, 7)), (1, 10))",26,7,33.0,26,,,pruned,,,926
"(((3, 2), (3, 4), (3, 7)), (1, 10))","(((3, 2), (3, 4), (3, 8)), (1, 10))",25,8.0,33.0,25,4,2,expanded,False,True,927
"(((3, 5), (3, 9), (4, 3)), (1, 10))","(((3, 4), (3, 9), (4, 3)), (1, 10))",26,7,33.0,26,,,pruned,,,928
"(((3, 4), (3, 9), (4, 3)), (1, 10))","(((3, 4), (3, 9), (4, 2)), (1, 10))",25,8.0,33.0,25,6,1,expanded,False,True,929
"(((3, 5), (3, 10), (4, 4)), (1, 10))","(((3, 4), (3, 10), (4, 4)), (1, 10))",26,7,33.0,26,,,pruned,,,930
"(((3, 4), (3, 10), (4, 4)), (1, 10))","(((3, 4), (3, 10), (4, 3)), (1, 10))",25,8.0,33.0,25,5,1,expanded,False,True,931
"(((3, 5), (4, 5), (4, 10)), (1, 10))","(((3, 4), (4, 5), (4, 10)), (1, 10))",26,7,33.0,26,,,pruned,,,932
"(((3, 4), (4, 5), (4, 10)), (1, 10))","(((3, 4), (4, 4), (4, 10)), (1, 10))",25,8.0,33.0,25,5,1,expanded,False,True,933
"(((3, 4), (4, 7), (5, 10)), (1, 10))","(((3, 4), (4, 6), (5, 10)), (1, 10))",26,7,33.0,26,,,pruned,,,934
"(((3, 5), (4, 6), (5, 10)), (1, 10))","(((3, 4), (4, 6), (5, 10)), (1, 10))",26,7,33.0,26,,,pruned,,,935
"(((3, 4), (4, 6), (5, 10)), (1, 10))","(((3, 4), (4, 5), (5, 10)), (1, 10))",25,8.0,33.0,25,6,2,expanded,False,True,936
"(((3, 5), (3, 9), (4, 4)), (1, 10))","(((3, 4), (3, 9), (4, 4)), (1, 10))",27,6,33.0,27,,,pruned,,,937
"(((3, 4), (3, 9), (4, 4)), (1, 10))","(((3, 4), (3, 9), (4, 3)), (1, 10))",26,7.0,33.0,26,3,1,expanded,False,True,938
"(((3, 5), (3, 10), (4, 5)), (1, 10))","(((3, 4), (3, 10), (4, 5)), (1, 10))",27,6,33.0,27,,,pruned,,,939
"(((3, 4), (3, 10), (4, 5)), (1, 10))","(((3, 4), (3, 10), (4, 4)), (1, 10))",26,7.0,33.0,26,5,1,expanded,False,True,940
"(((3, 4), (4, 7), (4, 10)), (1, 10))","(((3, 4), (4, 6), (4, 10)), (1, 10))",27,6,33.0,27,,,pruned,,,941
"(((3, 5), (4, 6), (4, 10)), (1, 10))","(((3, 4), (4, 6), (4, 10)), (1, 10))",27,6,33.0,27,,,pruned,,,942
"(((3, 4), (4, 6), (4, 10)), (1, 10))","(((3, 4), (4, 5), (4, 10)), (1, 10))",26,7.0,33.0,26,6,2,expanded,False,True,943
"(((3, 5), (3, 9), (4, 5)), (1, 10))","(((3, 4), (3, 9), (4, 5)), (1, 10))",28,5,33.0,28,,,pruned,,,944
"(((3, 4), (3, 9), (4, 5)), (1, 10))","(((3, 4), (3, 9), (4, 4)), (1, 10))",27,6.0,33.0,27,3,1,expanded,False,True,945
"(((3, 4), (3, 10), (4, 7)), (1, 10))","(((3, 4), (3, 10), (4, 6)), (1, 10))",28,5,33.0,28,,,pruned,,,946
"(((3, 5), (3, 10), (4, 6)), (1, 10))","(((3, 4), (3, 10), (4, 6)), (1, 10))",28,5,33.0,28,,,pruned,,,947
"(((3, 4), (3, 10), (4, 6)), (1, 10))","(((3, 4), (3, 10), (4, 5)), (1, 10))",27,6.0,33.0,27,6,2,expanded,False,True,948
"(((3, 4), (3, 9), (4, 7)), (1, 10))","(((3, 4), (3, 9), (4, 6)), (1, 10))",29,4,33.0,29,,,pruned,,,949
"(((3, 5), (3, 9), (4, 6)), (1, 10))","(((3, 4), (3, 9), (4, 6)), (1, 10))",29,4,33.0,29,,,pruned,,,950
"(((3, 4), (3, 9), (4, 6)), (1, 10))","(((3, 4), (3, 9), (4, 5)), (1, 10))",28,5.0,33.0,28,4,2,expanded,False,True,951
"(((3, 2), (4, 1), (6, 8)), (1, 10))","(((3, 2), (4, 2), (6, 8)), (1, 10))",21,15,36.0,21,,,pruned,,,952
"(((3, 2), (4, 2), (6, 8)), (1, 10))","(((3, 3), (4, 2), (6, 8)), (1, 10))",20,14.0,34.0,20,4,1,expanded,False,True,953
"(((2, 3), (5, 2), (6, 8)), (1, 10))","(((3, 3), (5, 2), (6, 8)), (1, 10))",21,15,36.0,21,,,pruned,,,954
"(((3, 3), (6, 2), (6, 8)), (1, 10))","(((3, 3), (5, 2), (6, 8)), (1, 10))",21,15,36.0,21,,,pruned,,,955
"(((3, 3), (5, 2), (6, 8)), (1, 10))","(((3, 4), (5, 2), (6, 8)), (1, 10))",20,14.0,34.0,20,8,2,expanded,False,True,956
"(((2, 2), (4, 3), (6, 8)), (1, 10))","(((3, 2), (4, 3), (6, 8)), (1, 10))",22,14,36.0,22,,,pruned,,,957
"(((3, 2), (4, 3), (6, 8)), (1, 10))","(((3, 3), (4, 3), (6, 8)), (1, 10))",21,13.0,34.0,21,6,1,expanded,False,True,958
"(((4, 3), (4, 4), (6, 8)), (1, 10))","(((3, 3), (4, 4), (6, 8)), (2, 2))",22,12.0,34.0,22,4,0,expanded,False,True,959
"(((2, 2), (4, 4), (6, 8)), (1, 10))","(((3, 2), (4, 4), (6, 8)), (1, 10))",23,13,36.0,23,,,pruned,,,960
"(((3, 2), (4, 4), (6, 8)), (1, 10))","(((3, 2), (4, 4), (6, 7)), (1, 10))",22,12.0,34.0,22,8,1,expanded,False,True,961
"(((3, 5), (3, 8), (4, 2)), (1, 10))","(((3, 4), (3, 8), (4, 2)), (1, 10))",26,8,34.0,26,,,pruned,,,962
"(((3, 4), (3, 8), (4, 1)), (1, 10))","(((3, 4), (3, 8), (4, 2)), (1, 10))",26,10,36.0,26,,,pruned,,,963
"(((3, 4), (3, 8), (4, 2)), (1, 10))","(((3, 2), (3, 4), (3, 8)), (1, 10))",25,9.0,34.0,25,8,2,expanded,False,True,964
"(((4, 7), (6, 8), (6, 10)), (2, 2))","(((4, 6), (6, 8), (6, 10)), (2, 2))",26,8,34.0,26,,,pruned,,,965
"(((4, 6), (6, 8), (6, 10)), (2, 2))","(((4, 6), (6, 7), (6, 10)), (2, 2))",25,9.0,34.0,25,2,1,expanded,False,True,966
"(((4, 5), (6, 8), (6, 9)), (2, 2))","(((4, 5), (6, 7), (6, 9)), (2, 2))",25,9.0,34.0,25,1,0,expanded,False,True,967
"(((3, 5), (3, 8), (4, 3)), (1, 10))","(((3, 4), (3, 8), (4, 3)), (1, 10))",27,7,34.0,27,,,pruned,,,968
"(((3, 4), (3, 8), (4, 3)), (1, 10))","(((3, 4), (3, 9), (4, 3)), (1, 10))",26,8.0,34.0,26,6,1,expanded,False,True,969
"(((3, 5), (3, 8), (4, 4)), (1, 10))","(((3, 4), (3, 8), (4, 4)), (1, 10))",28,6,34.0,28,,,pruned,,,970
"(((3, 4), (3, 8), (4, 4)), (1, 10))","(((3, 4), (3, 9), (4, 4)), (1, 10))",27,7.0,34.0,27,3,1,expanded,False,True,971
"(((3, 5), (3, 8), (4, 5)), (1, 10))","(((3, 4), (3, 8), (4, 5)), (1, 10))",29,5,34.0,29,,,pruned,,,972
"(((3, 4), (3, 8), (4, 5)), (1, 10))","(((3, 4), (3, 9), (4, 5)), (1, 10))",28,6.0,34.0,28,3,1,expanded,False,True,973
"(((3, 4), (3, 8), (4, 7)), (1, 10))","(((3, 4), (3, 8), (4, 6)), (1, 10))",30,4,34.0,30,,,pruned,,,974
"(((3, 5), (3, 8), (4, 6)), (1, 10))","(((3, 4), (3, 8), (4, 6)), (1, 10))",30,4,34.0,30,,,pruned,,,975
"(((3, 4), (3, 8), (4, 6)), (1, 10))","(((3, 4), (3, 9), (4, 6)), (1, 10))",29,5.0,34.0,29,4,2,expanded,False,True,976
"(((6, 2), (6, 3), (6, 4)), (1, 10))","(((5, 2), (6, 3), (6, 4)), (1, 10))",16,21,37.0,16,,,pruned,,,977
"(((5, 2), (6, 3), (6, 4)), (1, 10))","(((5, 2), (5, 4), (6, 3)), (1, 10))",15,20.0,35.0,15,1,1,expanded,True,True,978
"(((4, 3), (6, 2), (6, 5)), (1, 10))","(((4, 3), (5, 2), (6, 5)), (1, 10))",19,18,37.0,19,,,pruned,,,979
"(((4, 3), (5, 2), (6, 5)), (1, 10))","(((3, 3), (5, 2), (6, 5)), (1, 10))",18,17.0,35.0,18,6,1,expanded,False,True,980
"(((2, 2), (5, 2), (6, 5)), (1, 10))","(((3, 2), (5, 2), (6, 5)), (1, 10))",19,18,37.0,19,,,pruned,,,981
"(((3, 2), (6, 2), (6, 5)), (1, 10))","(((3, 2), (5, 2), (6, 5)), (1, 10))",19,18,37.0,19,,,pruned,,,982
"(((3, 2), (5, 2), (6, 5)), (1, 10))","(((3, 3), (5, 2), (6, 5)), (1, 10))",18,17.0,35.0,18,6,2,expanded,False,True,983
"(((4, 3), (6, 2), (6, 6)), (1, 10))","(((4, 3), (5, 2), (6, 6)), (1, 10))",20,17,37.0,20,,,pruned,,,984
"(((4, 3), (5, 2), (6, 6)), (1, 10))","(((3, 3), (5, 2), (6, 6)), (1, 10))",19,16.0,35.0,19,6,1,expanded,False,True,985
"(((2, 2), (5, 2), (6, 6)), (1, 10))","(((3, 2), (5, 2), (6, 6)), (1, 10))",20,17,37.0,20,,,pruned,,,986
"(((3, 2), (6, 2), (6, 6)), (1, 10))","(((3, 2), (5, 2), (6, 6)), (1, 10))",20,17,37.0,20,,,pruned,,,987
"(((3, 2), (5, 2), (6, 6)), (1, 10))","(((3, 3), (5, 2), (6, 6)), (1, 10))",19,16.0,35.0,19,6,2,expanded,False,True,988
"(((4, 2), (4, 3), (6, 5)), (1, 10))","(((3, 2), (4, 3), (6, 5)), (1, 10))",19,16.0,35.0,19,4,0,expanded,False,True,989
"(((4, 4), (6, 2), (6, 5)), (1, 10))","(((4, 4), (5, 2), (6, 5)), (1, 10))",20,17,37.0,20,,,pruned,,,990
"(((4, 4), (5, 2), (6, 5)), (1, 10))","(((4, 3), (5, 2), (6, 5)), (1, 10))",19,16.0,35.0,19,5,1,expanded,False,True,991
"(((4, 3), (6, 2), (6, 7)), (1, 10))","(((4, 3), (5, 2), (6, 7)), (1, 10))",21,16,37.0,21,,,pruned,,,992
"(((4, 3), (5, 2), (6, 7)), (1, 10))","(((3, 3), (5, 2), (6, 7)), (1, 10))",20,15.0,35.0,20,6,1,expanded,False,True,993
"(((2, 2), (5, 2), (6, 7)), (1, 10))","(((3, 2), (5, 2), (6, 7)), (1, 10))",21,16,37.0,21,,,pruned,,,994
"(((3, 2), (6, 2), (6, 7)), (1, 10))","(((3, 2), (5, 2), (6, 7)), (1, 10))",21,16,37.0,21,,,pruned,,,995
"(((3, 2), (5, 2), (6, 7)), (1, 10))","(((3, 3), (5, 2), (6, 7)), (1, 10))",20,15.0,35.0,20,6,2,expanded,False,True,996
"(((4, 2), (4, 3), (6, 6)), (1, 10))","(((3, 2), (4, 3), (6, 6)), (1, 10))",20,15.0,35.0,20,4,0,expanded,False,True,997
"(((4, 3), (5, 4), (6, 5)), (1, 10))","(((4, 3), (4, 4), (6, 5)), (1, 10))",20,15.0,35.0,20,6,0,expanded,False,True,998
"(((4, 3), (4, 4), (6, 4)), (1, 10))","(((4, 3), (4, 4), (6, 5)), (1, 10))",20,15.0,35.0,20,3,0,expanded,False,True,999
"(((2, 2), (5, 4), (6, 5)), (1, 10))","(((3, 2), (5, 4), (6, 5)), (1, 10))",21,16,37.0,21,,,pruned,,,1000
"(((3, 2), (5, 4), (6, 5)), (1, 10))","(((3, 2), (4, 4), (6, 5)), (1, 10))",20,15.0,35.0,20,6,1,expanded,False,True,1001
"(((4, 1), (4, 4), (6, 5)), (1, 10))","(((4, 2), (4, 4), (6, 5)), (1, 10))",21,16,37.0,21,,,pruned,,,1002
"(((4, 2), (4, 4), (6, 5)), (1, 10))","(((3, 2), (4, 4), (6, 5)), (1, 10))",20,15.0,35.0,20,6,1,expanded,False,True,1003
"(((2, 2), (4, 4), (6, 4)), (1, 10))","(((3, 2), (4, 4), (6, 4)), (1, 10))",21,16,37.0,21,,,pruned,,,1004
"(((3, 2), (4, 4), (6, 4)), (1, 10))","(((3, 2), (4, 4), (6, 5)), (1, 10))",20,15.0,35.0,20,7,1,expanded,False,True,1005
"(((4, 4), (6, 2), (6, 6)), (1, 10))","(((4, 4), (5, 2), (6, 6)), (1, 10))",21,16,37.0,21,,,pruned,,,1006
"(((4, 4), (5, 2), (6, 6)), (1, 10))","(((4, 3), (5, 2), (6, 6)), (1, 10))",20,15.0,35.0,20,5,1,expanded,False,True,1007
"(((4, 5), (5, 2), (6, 11)), (1, 10))","(((4, 5), (5, 2), (6, 10)), (2, 2))",22,15,37.0,22,,,pruned,,,1008
"(((4, 5), (6, 2), (6, 10)), (2, 2))","(((4, 5), (5, 2), (6, 10)), (2, 2))",22,15,37.0,22,,,pruned,,,1009
"(((4, 5), (5, 2), (6, 10)), (2, 2))","(((4, 2), (4, 5), (6, 10)), (2, 2))",21,14.0,35.0,21,4,2,expanded,False,True,1010
"(((2, 3), (4, 2), (6, 10)), (1, 10))","(((3, 3), (4, 2), (6, 10)), (1, 10))",22,15,37.0,22,,,pruned,,,1011
"(((3, 3), (4, 2), (7, 10)), (1, 10))","(((3, 3), (4, 2), (6, 10)), (1, 10))",22,15,37.0,22,,,pruned,,,1012
"(((3, 3), (4, 2), (6, 11)), (1, 10))","(((3, 3), (4, 2), (6, 10)), (1, 10))",22,15,37.0,22,,,pruned,,,1013
"(((3, 3), (4, 1), (6, 10)), (1, 10))","(((3, 3), (4, 2), (6, 10)), (1, 10))",22,15,37.0,22,,,pruned,,,1014
"(((3, 3), (4, 2), (6, 10)), (1, 10))","(((3, 4), (4, 2), (6, 10)), (1, 10))",21,14.0,35.0,21,9,4,expanded,False,True,1015
"(((3, 4), (5, 2), (7, 10)), (1, 10))","(((3, 4), (5, 2), (6, 10)), (1, 10))",22,15,37.0,22,,,pruned,,,1016
"(((3, 4), (5, 2), (6, 11)), (1, 10))","(((3, 4), (5, 2), (6, 10)), (1, 10))",22,15,37.0,22,,,pruned,,,1017
"(((3, 5), (5, 2), (6, 10)), (1, 10))","(((3, 4), (5, 2), (6, 10)), (1, 10))",22,13,35.0,22,,,pruned,,,1018
"(((3, 4), (6, 2), (6, 10)), (1, 10))","(((3, 4), (5, 2), (6, 10)), (1, 10))",22,15,37.0,22,,,pruned,,,1019
"(((3, 4), (5, 2), (6, 10)), (1, 10))","(((3, 4), (4, 2), (6, 10)), (1, 10))",21,14.0,35.0,21,8,4,expanded,False,True,1020
"(((3, 2), (4, 1), (6, 9)), (1, 10))","(((3, 2), (4, 2), (6, 9)), (1, 10))",22,15,37.0,22,,,pruned,,,1021
"(((3, 2), (4, 2), (6, 9)), (1, 10))","(((3, 3), (4, 2), (6, 9)), (1, 10))",21,14.0,35.0,21,4,1,expanded,False,True,1022
"(((2, 3), (5, 2), (6, 9)), (1, 10))","(((3, 3), (5, 2), (6, 9)), (1, 10))",22,15,37.0,22,,,pruned,,,1023
"(((3, 3), (6, 2), (6, 9)), (1, 10))","(((3, 3), (5, 2), (6, 9)), (1, 10))",22,15,37.0,22,,,pruned,,,1024
"(((3, 3), (5, 2), (6, 9)), (1, 10))","(((3, 4), (5, 2), (6, 9)), (1, 10))",21,14.0,35.0,21,8,2,expanded,False,True,1025
"(((4, 2), (4, 3), (6, 7)), (1, 10))","(((3, 2), (4, 3), (6, 7)), (1, 10))",21,14.0,35.0,21,4,0,expanded,False,True,1026
"(((4, 3), (5, 4), (6, 6)), (1, 10))","(((4, 3), (4, 4), (6, 6)), (1, 10))",21,14.0,35.0,21,6,0,expanded,False,True,1027
"(((3, 5), (4, 3), (6, 4)), (1, 10))","(((3, 4), (4, 3), (6, 4)), (2, 2))",22,13,35.0,22,,,pruned,,,1028
"(((3, 4), (4, 3), (6, 4)), (2, 2))","(((3, 3), (3, 4), (6, 4)), (1, 10))",21,14.0,35.0,21,3,1,expanded,False,True,1029
"(((2, 3), (3, 4), (6, 3)), (1, 10))","(((3, 3), (3, 4), (6, 3)), (1, 10))",22,15,37.0,22,,,pruned,,,1030
"(((3, 3), (3, 4), (6, 2)), (1, 10))","(((3, 3), (3, 4), (6, 3)), (1, 10))",22,15,37.0,22,,,pruned,,,1031
"(((3, 3), (3, 4), (6, 3)), (1, 10))","(((3, 3), (3, 4), (6, 4)), (1, 10))",21,14.0,35.0,21,4,2,expanded,False,True,1032
"(((4, 1), (4, 4), (6, 6)), (1, 10))","(((4, 2), (4, 4), (6, 6)), (1, 10))",22,15,37.0,22,,,pruned,,,1033
"(((4, 2), (4, 4), (6, 6)), (1, 10))","(((3, 2), (4, 4), (6, 6)), (1, 10))",21,14.0,35.0,21,6,1,expanded,False,True,1034
"(((2, 2), (5, 4), (6, 6)), (1, 10))","(((3, 2), (5, 4), (6, 6)), (1, 10))",22,15,37.0,22,,,pruned,,,1035
"(((3, 2), (5, 4), (6, 6)), (1, 10))","(((3, 2), (4, 4), (6, 6)), (1, 10))",21,14.0,35.0,21,6,1,expanded,False,True,1036
"(((4, 4), (6, 2), (6, 7)), (1, 10))","(((4, 4), (5, 2), (6, 7)), (1, 10))",22,15,37.0,22,,,pruned,,,1037
"(((4, 4), (5, 2), (6, 7)), (1, 10))","(((4, 3), (5, 2), (6, 7)), (1, 10))",21,14.0,35.0,21,5,1,expanded,False,True,1038
"(((4, 4), (5, 4), (6, 5)), (1, 10))","(((4, 3), (5, 4), (6, 5)), (1, 10))",21,14.0,35.0,21,4,0,expanded,False,True,1039
"(((4, 5), (6, 4), (6, 10)), (2, 2))","(((4, 5), (5, 4), (6, 10)), (2, 2))",22,13.0,35.0,22,2,0,expanded,False,True,1040
"(((3, 3), (4, 3), (7, 10)), (1, 10))","(((3, 3), (4, 3), (6, 10)), (1, 10))",23,14,37.0,23,,,pruned,,,1041
"(((3, 3), (4, 3), (6, 11)), (1, 10))","(((3, 3), (4, 3), (6, 10)), (1, 10))",23,14,37.0,23,,,pruned,,,1042
"(((3, 3), (4, 3), (6, 10)), (1, 10))","(((3, 4), (4, 3), (6, 10)), (1, 10))",22,13.0,35.0,22,8,2,expanded,False,True,1043
"(((2, 2), (4, 3), (6, 9)), (1, 10))","(((3, 2), (4, 3), (6, 9)), (1, 10))",23,14,37.0,23,,,pruned,,,1044
"(((3, 2), (4, 3), (6, 9)), (1, 10))","(((3, 3), (4, 3), (6, 9)), (1, 10))",22,13.0,35.0,22,6,1,expanded,False,True,1045
"(((2, 3), (4, 2), (5, 10)), (1, 10))","(((3, 3), (4, 2), (5, 10)), (1, 10))",23,14,37.0,23,,,pruned,,,1046
"(((3, 3), (4, 1), (5, 10)), (1, 10))","(((3, 3), (4, 2), (5, 10)), (1, 10))",23,14,37.0,23,,,pruned,,,1047
"(((3, 3), (4, 2), (5, 10)), (1, 10))","(((3, 4), (4, 2), (5, 10)), (1, 10))",22,13.0,35.0,22,7,2,expanded,False,True,1048
"(((3, 5), (5, 2), (5, 10)), (1, 10))","(((3, 4), (5, 2), (5, 10)), (1, 10))",23,12,35.0,23,,,pruned,,,1049
"(((3, 4), (5, 10), (6, 2)), (1, 10))","(((3, 4), (5, 2), (5, 10)), (1, 10))",23,14,37.0,23,,,pruned,,,1050
"(((3, 4), (5, 2), (5, 10)), (1, 10))","(((3, 4), (4, 2), (5, 10)), (1, 10))",22,13.0,35.0,22,6,2,expanded,False,True,1051
"(((4, 3), (5, 4), (6, 7)), (1, 10))","(((4, 3), (4, 4), (6, 7)), (1, 10))",22,13.0,35.0,22,6,0,expanded,False,True,1052
"(((2, 2), (5, 4), (6, 7)), (1, 10))","(((3, 2), (5, 4), (6, 7)), (1, 10))",23,14,37.0,23,,,pruned,,,1053
"(((3, 2), (5, 4), (6, 7)), (1, 10))","(((3, 2), (4, 4), (6, 7)), (1, 10))",22,13.0,35.0,22,6,1,expanded,False,True,1054
"(((4, 1), (4, 4), (6, 7)), (1, 10))","(((4, 2), (4, 4), (6, 7)), (1, 10))",23,14,37.0,23,,,pruned,,,1055
"(((4, 2), (4, 4), (6, 7)), (1, 10))","(((3, 2), (4, 4), (6, 7)), (1, 10))",22,13.0,35.0,22,6,1,expanded,False,True,1056
"(((4, 4), (5, 4), (6, 6)), (1, 10))","(((4, 3), (5, 4), (6, 6)), (1, 10))",22,13.0,35.0,22,4,0,expanded,False,True,1057
"(((3, 5), (4, 4), (6, 4)), (2, 2))","(((3, 4), (4, 4), (6, 4)), (2, 2))",23,12,35.0,23,,,pruned,,,1058
"(((3, 4), (4, 4), (6, 4)), (2, 2))","(((3, 4), (4, 3), (6, 4)), (2, 2))",22,13.0,35.0,22,3,1,expanded,False,True,1059
"(((2, 3), (4, 2), (4, 10)), (1, 10))","(((3, 3), (4, 2), (4, 10)), (1, 10))",24,13,37.0,24,,,pruned,,,1060
"(((3, 3), (4, 1), (4, 10)), (1, 10))","(((3, 3), (4, 2), (4, 10)), (1, 10))",24,13,37.0,24,,,pruned,,,1061
"(((3, 3), (4, 2), (4, 10)), (1, 10))","(((3, 4), (4, 2), (4, 10)), (1, 10))",23,12.0,35.0,23,7,2,expanded,False,True,1062
"(((3, 5), (4, 10), (5, 2)), (1, 10))","(((3, 4), (4, 10), (5, 2)), (1, 10))",24,11,35.0,24,,,pruned,,,1063
"(((3, 4), (4, 10), (6, 2)), (1, 10))","(((3, 4), (4, 10), (5, 2)), (1, 10))",24,13,37.0,24,,,pruned,,,1064
"(((3, 4), (4, 10), (5, 2)), (1, 10))","(((3, 4), (4, 2), (4, 10)), (1, 10))",23,12.0,35.0,23,6,2,expanded,False,True,1065
"(((4, 3), (4, 4), (6, 9)), (1, 10))","(((3, 3), (4, 4), (6, 9)), (2, 2))",23,12.0,35.0,23,4,0,expanded,False,True,1066
"(((2, 3), (4, 4), (6, 10)), (1, 10))","(((3, 3), (4, 4), (6, 10)), (2, 2))",24,13,37.0,24,,,pruned,,,1067
"(((3, 3), (4, 4), (6, 11)), (1, 10))","(((3, 3), (4, 4), (6, 10)), (2, 2))",24,13,37.0,24,,,pruned,,,1068
"(((3, 3), (4, 4), (6, 10)), (2, 2))","(((3, 3), (4, 4), (6, 9)), (2, 2))",23,12.0,35.0,23,6,2,expanded,False,True,1069
"(((3, 3), (4, 3), (5, 10)), (1, 10))","(((3, 4), (4, 3), (5, 10)), (1, 10))",23,12.0,35.0,23,6,0,expanded,False,True,1070
"(((2, 2), (4, 4), (6, 9)), (1, 10))","(((3, 2), (4, 4), (6, 9)), (1, 10))",24,13,37.0,24,,,pruned,,,1071
"(((3, 2), (4, 4), (6, 9)), (1, 10))","(((3, 2), (4, 4), (6, 8)), (1, 10))",23,12.0,35.0,23,8,1,expanded,False,True,1072
"(((4, 5), (6, 5), (6, 10)), (2, 2))","(((4, 5), (6, 4), (6, 10)), (2, 2))",23,12.0,35.0,23,2,0,expanded,False,True,1073
"(((4, 4), (5, 4), (6, 7)), (1, 10))","(((4, 3), (5, 4), (6, 7)), (1, 10))",23,12.0,35.0,23,4,0,expanded,False,True,1074
"(((3, 5), (3, 10), (5, 2)), (1, 10))","(((3, 4), (3, 10), (5, 2)), (1, 10))",25,10,35.0,25,,,pruned,,,1075
"(((3, 4), (3, 11), (5, 2)), (1, 10))","(((3, 4), (3, 10), (5, 2)), (1, 10))",25,12,37.0,25,,,pruned,,,1076
"(((3, 4), (3, 10), (6, 2)), (1, 10))","(((3, 4), (3, 10), (5, 2)), (1, 10))",25,12,37.0,25,,,pruned,,,1077
"(((3, 4), (3, 10), (5, 2)), (1, 10))","(((3, 4), (3, 10), (4, 2)), (1, 10))",24,11.0,35.0,24,8,3,expanded,False,True,1078
"(((2, 3), (3, 10), (4, 2)), (1, 10))","(((3, 3), (3, 10), (4, 2)), (1, 10))",25,12,37.0,25,,,pruned,,,1079
"(((3, 3), (3, 11), (4, 2)), (1, 10))","(((3, 3), (3, 10), (4, 2)), (1, 10))",25,12,37.0,25,,,pruned,,,1080
"(((3, 3), (3, 10), (4, 1)), (1, 10))","(((3, 3), (3, 10), (4, 2)), (1, 10))",25,12,37.0,25,,,pruned,,,1081
"(((3, 3), (3, 10), (4, 2)), (1, 10))","(((3, 4), (3, 10), (4, 2)), (1, 10))",24,11.0,35.0,24,9,3,expanded,False,True,1082
"(((1, 10), (3, 4), (4, 2)), (1, 11))","(((2, 10), (3, 4), (4, 2)), (1, 10))",25,12,37.0,25,,,pruned,,,1083
"(((2, 10), (3, 5), (4, 2)), (1, 10))","(((2, 10), (3, 4), (4, 2)), (1, 10))",25,10,35.0,25,,,pruned,,,1084
"(((2, 10), (3, 4), (4, 1)), (1, 10))","(((2, 10), (3, 4), (4, 2)), (1, 10))",25,12,37.0,25,,,pruned,,,1085
"(((2, 10), (3, 4), (4, 2)), (1, 10))","(((3, 4), (3, 10), (4, 2)), (1, 10))",24,11.0,35.0,24,8,3,expanded,False,True,1086
"(((2, 3), (3, 4), (6, 10)), (1, 10))","(((3, 3), (3, 4), (6, 10)), (1, 10))",25,12,37.0,25,,,pruned,,,1087
"(((3, 3), (3, 4), (7, 10)), (1, 10))","(((3, 3), (3, 4), (6, 10)), (1, 10))",25,12,37.0,25,,,pruned,,,1088
"(((3, 3), (3, 4), (6, 11)), (1, 10))","(((3, 3), (3, 4), (6, 10)), (1, 10))",25,12,37.0,25,,,pruned,,,1089
"(((3, 3), (3, 4), (6, 10)), (1, 10))","(((3, 3), (3, 4), (6, 9)), (1, 10))",24,11.0,35.0,24,6,3,expanded,False,True,1090
"(((3, 3), (4, 3), (4, 10)), (1, 10))","(((3, 4), (4, 3), (4, 10)), (1, 10))",24,11.0,35.0,24,6,0,expanded,False,True,1091
"(((3, 4), (4, 4), (7, 10)), (1, 10))","(((3, 4), (4, 4), (6, 10)), (1, 10))",25,12,37.0,25,,,pruned,,,1092
"(((3, 4), (4, 4), (6, 10)), (1, 10))","(((3, 4), (4, 4), (5, 10)), (1, 10))",24,11.0,35.0,24,5,1,expanded,False,True,1093
"(((2, 3), (4, 4), (5, 10)), (1, 10))","(((3, 3), (4, 4), (5, 10)), (1, 10))",25,12,37.0,25,,,pruned,,,1094
"(((3, 3), (4, 4), (5, 10)), (1, 10))","(((3, 4), (4, 4), (5, 10)), (1, 10))",24,11.0,35.0,24,10,1,expanded,False,True,1095
"(((4, 5), (6, 6), (6, 10)), (2, 2))","(((4, 5), (6, 5), (6, 10)), (2, 2))",24,11.0,35.0,24,2,0,expanded,False,True,1096
"(((2, 3), (3, 9), (4, 2)), (1, 10))","(((3, 3), (3, 9), (4, 2)), (1, 10))",26,11,37.0,26,,,pruned,,,1097
"(((3, 3), (3, 9), (4, 1)), (1, 10))","(((3, 3), (3, 9), (4, 2)), (1, 10))",26,11,37.0,26,,,pruned,,,1098
"(((3, 3), (3, 9), (4, 2)), (1, 10))","(((3, 4), (3, 9), (4, 2)), (1, 10))",25,10.0,35.0,25,7,2,expanded,False,True,1099
"(((3, 5), (3, 9), (5, 2)), (1, 10))","(((3, 4), (3, 9), (5, 2)), (1, 10))",26,9,35.0,26,,,pruned,,,1100
"(((3, 4), (3, 9), (6, 2)), (1, 10))","(((3, 4), (3, 9), (5, 2)), (1, 10))",26,11,37.0,26,,,pruned,,,1101
"(((3, 4), (3, 9), (5, 2)), (1, 10))","(((3, 4), (3, 9), (4, 2)), (1, 10))",25,10.0,35.0,25,6,2,expanded,False,True,1102
"(((3, 3), (3, 11), (4, 3)), (1, 10))","(((3, 3), (3, 10), (4, 3)), (1, 10))",26,11,37.0,26,,,pruned,,,1103
"(((3, 3), (3, 10), (4, 3)), (1, 10))","(((3, 4), (3, 10), (4, 3)), (1, 10))",25,10.0,35.0,25,8,1,expanded,False,True,1104
"(((1, 10), (3, 4), (4, 3)), (1, 11))","(((2, 10), (3, 4), (4, 3)), (1, 10))",26,11,37.0,26,,,pruned,,,1105
"(((2, 10), (3, 5), (4, 3)), (1, 10))","(((2, 10), (3, 4), (4, 3)), (1, 10))",26,9,35.0,26,,,pruned,,,1106
"(((2, 10), (3, 4), (4, 3)), (1, 10))","(((3, 4), (3, 10), (4, 3)), (1, 10))",25,10.0,35.0,25,6,2,expanded,False,True,1107
"(((2, 3), (4, 4), (4, 10)), (1, 10))","(((3, 3), (4, 4), (4, 10)), (1, 10))",26,11,37.0,26,,,pruned,,,1108
"(((3, 3), (4, 4), (4, 10)), (1, 10))","(((3, 4), (4, 4), (4, 10)), (1, 10))",25,10.0,35.0,25,10,1,expanded,False,True,1109
"(((3, 4), (4, 5), (7, 10)), (1, 10))","(((3, 4), (4, 5), (6, 10)), (1, 10))",26,11,37.0,26,,,pruned,,,1110
"(((3, 4), (4, 5), (6, 10)), (1, 10))","(((3, 4), (4, 5), (5, 10)), (1, 10))",25,10.0,35.0,25,4,1,expanded,False,True,1111
"(((2, 3), (3, 4), (5, 10)), (1, 10))","(((3, 3), (3, 4), (5, 10)), (1, 10))",26,11,37.0,26,,,pruned,,,1112
"(((3, 3), (3, 4), (5, 10)), (1, 10))","(((3, 3), (3, 4), (6, 10)), (1, 10))",25,10.0,35.0,25,4,1,expanded,False,True,1113
"(((3, 4), (4, 4), (6, 9)), (1, 10))","(((3, 4), (4, 4), (6, 10)), (1, 10))",25,10.0,35.0,25,3,0,expanded,False,True,1114
"(((2, 3), (4, 5), (5, 10)), (1, 10))","(((3, 3), (4, 5), (5, 10)), (1, 10))",26,11,37.0,26,,,pruned,,,1115
"(((3, 3), (4, 5), (5, 10)), (1, 10))","(((3, 3), (4, 4), (5, 10)), (1, 10))",25,10.0,35.0,25,8,1,expanded,False,True,1116
"(((4, 5), (6, 7), (6, 10)), (2, 2))","(((4, 5), (6, 6), (6, 10)), (2, 2))",25,10.0,35.0,25,2,0,expanded,False,True,1117
"(((3, 5), (3, 7), (4, 2)), (1, 10))","(((3, 4), (3, 7), (4, 2)), (1, 10))",27,8,35.0,27,,,pruned,,,1118
"(((3, 4), (3, 7), (4, 1)), (1, 10))","(((3, 4), (3, 7), (4, 2)), (1, 10))",27,10,37.0,27,,,pruned,,,1119
"(((3, 4), (3, 7), (4, 2)), (1, 10))","(((3, 2), (3, 4), (3, 7)), (1, 10))",26,9.0,35.0,26,6,2,expanded,False,True,1120
"(((3, 3), (3, 9), (4, 3)), (1, 10))","(((3, 4), (3, 9), (4, 3)), (1, 10))",26,9.0,35.0,26,6,0,expanded,False,True,1121
"(((1, 10), (3, 4), (4, 4)), (1, 11))","(((2, 10), (3, 4), (4, 4)), (1, 10))",27,10,37.0,27,,,pruned,,,1122
"(((2, 10), (3, 5), (4, 4)), (1, 10))","(((2, 10), (3, 4), (4, 4)), (1, 10))",27,8,35.0,27,,,pruned,,,1123
"(((2, 10), (3, 4), (4, 4)), (1, 10))","(((3, 4), (3, 10), (4, 4)), (1, 10))",26,9.0,35.0,26,6,2,expanded,False,True,1124
"(((3, 4), (4, 6), (7, 10)), (1, 10))","(((3, 4), (4, 6), (6, 10)), (1, 10))",27,10,37.0,27,,,pruned,,,1125
"(((3, 4), (4, 6), (6, 10)), (1, 10))","(((3, 4), (4, 6), (5, 10)), (1, 10))",26,9.0,35.0,26,4,1,expanded,False,True,1126
"(((3, 3), (4, 7), (5, 10)), (1, 10))","(((3, 3), (4, 6), (5, 10)), (1, 10))",27,8,35.0,27,,,pruned,,,1127
"(((2, 3), (4, 6), (5, 10)), (1, 10))","(((3, 3), (4, 6), (5, 10)), (1, 10))",27,10,37.0,27,,,pruned,,,1128
"(((3, 3), (4, 6), (5, 10)), (1, 10))","(((3, 4), (4, 6), (5, 10)), (1, 10))",26,9.0,35.0,26,8,2,expanded,False,True,1129
"(((4, 7), (6, 9), (6, 10)), (2, 2))","(((4, 6), (6, 9), (6, 10)), (2, 2))",27,8,35.0,27,,,pruned,,,1130
"(((4, 6), (6, 9), (6, 10)), (2, 2))","(((4, 6), (6, 8), (6, 10)), (2, 2))",26,9.0,35.0,26,1,1,expanded,True,True,1131
"(((2, 3), (3, 10), (4, 4)), (1, 10))","(((3, 3), (3, 10), (4, 4)), (1, 10))",27,10,37.0,27,,,pruned,,,1132
"(((3, 3), (3, 10), (4, 4)), (1, 10))","(((3, 3), (3, 10), (4, 3)), (1, 10))",26,9.0,35.0,26,8,1,expanded,False,True,1133
"(((2, 3), (3, 4), (4, 10)), (1, 10))","(((3, 3), (3, 4), (4, 10)), (1, 10))",27,10,37.0,27,,,pruned,,,1134
"(((3, 3), (3, 4), (4, 10)), (1, 10))","(((3, 3), (4, 4), (4, 10)), (1, 10))",26,9.0,35.0,26,4,1,expanded,False,True,1135
"(((2, 3), (4, 5), (4, 10)), (1, 10))","(((3, 3), (4, 5), (4, 10)), (1, 10))",27,10,37.0,27,,,pruned,,,1136
"(((3, 3), (4, 5), (4, 10)), (1, 10))","(((3, 3), (4, 4), (4, 10)), (1, 10))",26,9.0,35.0,26,8,1,expanded,False,True,1137
"(((3, 4), (4, 5), (6, 9)), (1, 10))","(((3, 4), (4, 5), (6, 10)), (1, 10))",26,9.0,35.0,26,2,0,expanded,False,True,1138
"(((1, 10), (3, 4), (4, 5)), (1, 11))","(((2, 10), (3, 4), (4, 5)), (1, 10))",28,9,37.0,28,,,pruned,,,1139
"(((2, 10), (3, 5), (4, 5)), (1, 10))","(((2, 10), (3, 4), (4, 5)), (1, 10))",28,7,35.0,28,,,pruned,,,1140
"(((2, 10), (3, 4), (4, 5)), (1, 10))","(((3, 4), (3, 10), (4, 5)), (1, 10))",27,8.0,35.0,27,5,2,expanded,False,True,1141
"(((3, 3), (4, 7), (4, 10)), (1, 10))","(((3, 3), (4, 6), (4, 10)), (1, 10))",28,7,35.0,28,,,pruned,,,1142
"(((2, 3), (4, 6), (4, 10)), (1, 10))","(((3, 3), (4, 6), (4, 10)), (1, 10))",28,9,37.0,28,,,pruned,,,1143
"(((3, 3), (4, 6), (4, 10)), (1, 10))","(((3, 4), (4, 6), (4, 10)), (1, 10))",27,8.0,35.0,27,8,2,expanded,False,True,1144
"(((3, 5), (3, 7), (4, 3)), (1, 10))","(((3, 4), (3, 7), (4, 3)), (1, 10))",28,7,35.0,28,,,pruned,,,1145
"(((3, 4), (3, 7), (4, 3)), (1, 10))","(((3, 4), (3, 8), (4, 3)), (1, 10))",27,8.0,35.0,27,4,1,expanded,False,True,1146
"(((2, 3), (3, 9), (4, 4)), (1, 10))","(((3, 3), (3, 9), (4, 4)), (1, 10))",28,9,37.0,28,,,pruned,,,1147
"(((3, 3), (3, 9), (4, 4)), (1, 10))","(((3, 3), (3, 9), (4, 3)), (1, 10))",27,8.0,35.0,27,6,1,expanded,False,True,1148
"(((3, 4), (4, 6), (6, 9)), (1, 10))","(((3, 4), (4, 6), (6, 10)), (1, 10))",27,8.0,35.0,27,2,0,expanded,False,True,1149
"(((2, 3), (3, 4), (3, 10)), (1, 10))","(((3, 3), (3, 4), (3, 10)), (1, 10))",28,9,37.0,28,,,pruned,,,1150
"(((3, 3), (3, 4), (3, 11)), (1, 10))","(((3, 3), (3, 4), (3, 10)), (1, 10))",28,9,37.0,28,,,pruned,,,1151
"(((3, 3), (3, 4), (3, 10)), (1, 10))","(((3, 3), (3, 10), (4, 4)), (1, 10))",27,8.0,35.0,27,6,2,expanded,False,True,1152
"(((2, 3), (3, 10), (4, 5)), (1, 10))","(((3, 3), (3, 10), (4, 5)), (1, 10))",28,9,37.0,28,,,pruned,,,1153
"(((3, 3), (3, 10), (4, 5)), (1, 10))","(((3, 3), (3, 10), (4, 4)), (1, 10))",27,8.0,35.0,27,8,1,expanded,False,True,1154
"(((2, 3), (3, 10), (4, 6)), (1, 10))","(((3, 3), (3, 10), (4, 6)), (1, 10))",29,8,37.0,29,,,pruned,,,1155
"(((3, 3), (3, 10), (4, 7)), (1, 10))","(((3, 3), (3, 10), (4, 6)), (1, 10))",29,6,35.0,29,,,pruned,,,1156
"(((3, 3), (3, 10), (4, 6)), (1, 10))","(((3, 4), (3, 10), (4, 6)), (1, 10))",28,7.0,35.0,28,8,2,expanded,False,True,1157
"(((1, 10), (3, 4), (4, 6)), (1, 11))","(((2, 10), (3, 4), (4, 6)), (1, 10))",29,8,37.0,29,,,pruned,,,1158
"(((2, 10), (3, 4), (4, 7)), (1, 10))","(((2, 10), (3, 4), (4, 6)), (1, 10))",29,6,35.0,29,,,pruned,,,1159
"(((2, 10), (3, 5), (4, 6)), (1, 10))","(((2, 10), (3, 4), (4, 6)), (1, 10))",29,6,35.0,29,,,pruned,,,1160
"(((2, 10), (3, 4), (4, 6)), (1, 10))","(((3, 4), (3, 10), (4, 6)), (1, 10))",28,7.0,35.0,28,6,3,expanded,False,True,1161
"(((3, 5), (3, 7), (4, 4)), (1, 10))","(((3, 4), (3, 7), (4, 4)), (1, 10))",29,6,35.0,29,,,pruned,,,1162
"(((3, 4), (3, 7), (4, 4)), (1, 10))","(((3, 4), (3, 8), (4, 4)), (1, 10))",28,7.0,35.0,28,2,1,expanded,False,True,1163
"(((2, 3), (3, 4), (3, 9)), (1, 10))","(((3, 3), (3, 4), (3, 9)), (1, 10))",29,8,37.0,29,,,pruned,,,1164
"(((3, 3), (3, 4), (3, 9)), (1, 10))","(((3, 3), (3, 9), (4, 4)), (1, 10))",28,7.0,35.0,28,4,1,expanded,False,True,1165
"(((2, 3), (3, 9), (4, 5)), (1, 10))","(((3, 3), (3, 9), (4, 5)), (1, 10))",29,8,37.0,29,,,pruned,,,1166
"(((3, 3), (3, 9), (4, 5)), (1, 10))","(((3, 3), (3, 9), (4, 4)), (1, 10))",28,7.0,35.0,28,6,1,expanded,False,True,1167
"(((3, 3), (3, 9), (4, 7)), (1, 10))","(((3, 3), (3, 9), (4, 6)), (1, 10))",30,5,35.0,30,,,pruned,,,1168
"(((2, 3), (3, 9), (4, 6)), (1, 10))","(((3, 3), (3, 9), (4, 6)), (1, 10))",30,7,37.0,30,,,pruned,,,1169
"(((3, 3), (3, 9), (4, 6)), (1, 10))","(((3, 4), (3, 9), (4, 6)), (1, 10))",29,6.0,35.0,29,6,2,expanded,False,True,1170
"(((3, 5), (3, 7), (4, 5)), (1, 10))","(((3, 4), (3, 7), (4, 5)), (1, 10))",30,5,35.0,30,,,pruned,,,1171
"(((3, 4), (3, 7), (4, 5)), (1, 10))","(((3, 4), (3, 8), (4, 5)), (1, 10))",29,6.0,35.0,29,2,1,expanded,False,True,1172
"(((3, 4), (3, 7), (4, 7)), (1, 10))","(((3, 4), (3, 7), (4, 6)), (1, 10))",31,4,35.0,31,,,pruned,,,1173
"(((3, 5), (3, 7), (4, 6)), (1, 10))","(((3, 4), (3, 7), (4, 6)), (1, 10))",31,4,35.0,31,,,pruned,,,1174
"(((3, 4), (3, 7), (4, 6)), (1, 10))","(((3, 4), (3, 8), (4, 6)), (1, 10))",30,5.0,35.0,30,3,2,expanded,False,True,1175
"(((4, 3), (6, 2), (6, 8)), (1, 10))","(((4, 3), (5, 2), (6, 8)), (1, 10))",22,16,38.0,22,,,pruned,,,1176
"(((4, 3), (5, 2), (6, 8)), (1, 10))","(((3, 3), (5, 2), (6, 8)), (1, 10))",21,15.0,36.0,21,6,1,expanded,False,True,1177
"(((2, 2), (5, 2), (6, 8)), (1, 10))","(((3, 2), (5, 2), (6, 8)), (1, 10))",22,16,38.0,22,,,pruned,,,1178
"(((3, 2), (6, 2), (6, 8)), (1, 10))","(((3, 2), (5, 2), (6, 8)), (1, 10))",22,16,38.0,22,,,pruned,,,1179
"(((3, 2), (5, 2), (6, 8)), (1, 10))","(((3, 3), (5, 2), (6, 8)), (1, 10))",21,15.0,36.0,21,6,2,expanded,False,True,1180
"(((4, 2), (4, 3), (6, 8)), (1, 10))","(((3, 2), (4, 3), (6, 8)), (1, 10))",22,14.0,36.0,22,4,0,expanded,False,True,1181
"(((4, 4), (6, 2), (6, 8)), (1, 10))","(((4, 4), (5, 2), (6, 8)), (1, 10))",23,15,38.0,23,,,pruned,,,1182
"(((4, 4), (5, 2), (6, 8)), (1, 10))","(((4, 3), (5, 2), (6, 8)), (1, 10))",22,14.0,36.0,22,5,1,expanded,False,True,1183
"(((4, 3), (5, 4), (6, 8)), (1, 10))","(((4, 3), (4, 4), (6, 8)), (1, 10))",23,13.0,36.0,23,6,0,expanded,False,True,1184
"(((2, 2), (5, 4), (6, 8)), (1, 10))","(((3, 2), (5, 4), (6, 8)), (1, 10))",24,14,38.0,24,,,pruned,,,1185
"(((3, 2), (5, 4), (6, 8)), (1, 10))","(((3, 2), (4, 4), (6, 8)), (1, 10))",23,13.0,36.0,23,6,1,expanded,False,True,1186
"(((4, 1), (4, 4), (6, 8)), (1, 10))","(((4, 2), (4, 4), (6, 8)), (1, 10))",24,14,38.0,24,,,pruned,,,1187
"(((4, 2), (4, 4), (6, 8)), (1, 10))","(((3, 2), (4, 4), (6, 8)), (1, 10))",23,13.0,36.0,23,6,1,expanded,False,True,1188
"(((4, 4), (5, 4), (6, 8)), (1, 10))","(((4, 4), (5, 4), (6, 7)), (1, 10))",24,12.0,36.0,24,4,0,expanded,False,True,1189
"(((2, 3), (3, 8), (4, 2)), (1, 10))","(((3, 3), (3, 8), (4, 2)), (1, 10))",27,11,38.0,27,,,pruned,,,1190
"(((3, 3), (3, 8), (4, 1)), (1, 10))","(((3, 3), (3, 8), (4, 2)), (1, 10))",27,11,38.0,27,,,pruned,,,1191
"(((3, 3), (3, 8), (4, 2)), (1, 10))","(((3, 4), (3, 8), (4, 2)), (1, 10))",26,10.0,36.0,26,7,2,expanded,False,True,1192
"(((3, 5), (3, 8), (5, 2)), (1, 10))","(((3, 4), (3, 8), (5, 2)), (1, 10))",27,9,36.0,27,,,pruned,,,1193
"(((3, 4), (3, 8), (6, 2)), (1, 10))","(((3, 4), (3, 8), (5, 2)), (1, 10))",27,11,38.0,27,,,pruned,,,1194
"(((3, 4), (3, 8), (5, 2)), (1, 10))","(((3, 4), (3, 8), (4, 2)), (1, 10))",26,10.0,36.0,26,6,2,expanded,False,True,1195
"(((3, 4), (4, 4), (6, 8)), (1, 10))","(((3, 4), (4, 4), (6, 9)), (1, 10))",26,10.0,36.0,26,3,0,expanded,False,True,1196
"(((4, 5), (6, 8), (6, 10)), (2, 2))","(((4, 5), (6, 7), (6, 10)), (2, 2))",26,10.0,36.0,26,2,0,expanded,False,True,1197
"(((3, 3), (3, 8), (4, 3)), (1, 10))","(((3, 4), (3, 8), (4, 3)), (1, 10))",27,9.0,36.0,27,6,0,expanded,False,True,1198
"(((3, 4), (4, 5), (6, 8)), (1, 10))","(((3, 4), (4, 5), (6, 9)), (1, 10))",27,9.0,36.0,27,2,0,expanded,False,True,1199
"(((2, 3), (3, 8), (4, 4)), (1, 10))","(((3, 3), (3, 8), (4, 4)), (1, 10))",29,9,38.0,29,,,pruned,,,1200
"(((3, 3), (3, 8), (4, 4)), (1, 10))","(((3, 3), (3, 9), (4, 4)), (1, 10))",28,8.0,36.0,28,6,1,expanded,False,True,1201
"(((3, 4), (4, 6), (6, 8)), (1, 10))","(((3, 4), (4, 6), (6, 9)), (1, 10))",28,8.0,36.0,28,2,0,expanded,False,True,1202
"(((2, 3), (3, 4), (3, 8)), (1, 10))","(((3, 3), (3, 4), (3, 8)), (1, 10))",30,8,38.0,30,,,pruned,,,1203
"(((3, 3), (3, 4), (3, 8)), (1, 10))","(((3, 3), (3, 4), (3, 9)), (1, 10))",29,7.0,36.0,29,4,1,expanded,False,True,1204
"(((2, 3), (3, 8), (4, 5)), (1, 10))","(((3, 3), (3, 8), (4, 5)), (1, 10))",30,8,38.0,30,,,pruned,,,1205
"(((3, 3), (3, 8), (4, 5)), (1, 10))","(((3, 3), (3, 9), (4, 5)), (1, 10))",29,7.0,36.0,29,6,1,expanded,False,True,1206
"(((3, 3), (3, 8), (4, 7)), (1, 10))","(((3, 3), (3, 8), (4, 6)), (1, 10))",31,5,36.0,31,,,pruned,,,1207
"(((2, 3), (3, 8), (4, 6)), (1, 10))","(((3, 3), (3, 8), (4, 6)), (1, 10))",31,7,38.0,31,,,pruned,,,1208
"(((3, 3), (3, 8), (4, 6)), (1, 10))","(((3, 4), (3, 8), (4, 6)), (1, 10))",30,6.0,36.0,30,6,2,expanded,False,True,1209
"(((4, 1), (5, 2), (6, 5)), (1, 10))","(((4, 2), (5, 2), (6, 5)), (1, 10))",20,19,39.0,20,,,pruned,,,1210
"(((4, 2), (5, 2), (6, 5)), (1, 10))","(((4, 3), (5, 2), (6, 5)), (1, 10))",19,18.0,37.0,19,3,1,expanded,False,True,1211
"(((4, 1), (5, 2), (6, 6)), (1, 10))","(((4, 2), (5, 2), (6, 6)), (1, 10))",21,18,39.0,21,,,pruned,,,1212
"(((4, 2), (5, 2), (6, 6)), (1, 10))","(((4, 3), (5, 2), (6, 6)), (1, 10))",20,17.0,37.0,20,3,1,expanded,False,True,1213
"(((5, 4), (6, 2), (6, 5)), (1, 10))","(((5, 2), (5, 4), (6, 5)), (1, 10))",21,18,39.0,21,,,pruned,,,1214
"(((5, 2), (5, 4), (6, 5)), (1, 10))","(((4, 4), (5, 2), (6, 5)), (1, 10))",20,17.0,37.0,20,3,1,expanded,False,True,1215
"(((4, 1), (5, 2), (6, 7)), (1, 10))","(((4, 2), (5, 2), (6, 7)), (1, 10))",22,17,39.0,22,,,pruned,,,1216
"(((4, 2), (5, 2), (6, 7)), (1, 10))","(((4, 3), (5, 2), (6, 7)), (1, 10))",21,16.0,37.0,21,3,1,expanded,False,True,1217
"(((4, 3), (6, 4), (6, 5)), (1, 10))","(((4, 3), (5, 4), (6, 5)), (1, 10))",21,16.0,37.0,21,2,0,expanded,False,True,1218
"(((4, 3), (5, 4), (6, 4)), (1, 10))","(((4, 3), (5, 4), (6, 5)), (1, 10))",21,16.0,37.0,21,4,0,expanded,False,True,1219
"(((4, 1), (5, 4), (6, 5)), (1, 10))","(((4, 2), (5, 4), (6, 5)), (1, 10))",22,17,39.0,22,,,pruned,,,1220
"(((4, 2), (5, 4), (6, 5)), (1, 10))","(((4, 3), (5, 4), (6, 5)), (1, 10))",21,16.0,37.0,21,4,1,expanded,False,True,1221
"(((4, 3), (4, 4), (6, 2)), (1, 10))","(((4, 3), (4, 4), (6, 3)), (1, 10))",22,17,39.0,22,,,pruned,,,1222
"(((4, 3), (4, 4), (6, 3)), (1, 10))","(((4, 3), (4, 4), (6, 4)), (1, 10))",21,16.0,37.0,21,4,1,expanded,False,True,1223
"(((2, 2), (6, 4), (6, 5)), (1, 10))","(((3, 2), (6, 4), (6, 5)), (1, 10))",22,17,39.0,22,,,pruned,,,1224
"(((3, 2), (6, 4), (6, 5)), (1, 10))","(((3, 2), (5, 4), (6, 5)), (1, 10))",21,16.0,37.0,21,2,1,expanded,False,True,1225
"(((2, 2), (5, 4), (6, 4)), (1, 10))","(((3, 2), (5, 4), (6, 4)), (1, 10))",22,17,39.0,22,,,pruned,,,1226
"(((3, 2), (5, 4), (6, 4)), (1, 10))","(((3, 2), (5, 4), (6, 5)), (1, 10))",21,16.0,37.0,21,4,1,expanded,False,True,1227
"(((4, 1), (4, 4), (6, 4)), (1, 10))","(((4, 2), (4, 4), (6, 4)), (1, 10))",22,17,39.0,22,,,pruned,,,1228
"(((4, 2), (4, 4), (6, 4)), (1, 10))","(((4, 2), (4, 4), (6, 5)), (1, 10))",21,16.0,37.0,21,6,1,expanded,False,True,1229
"(((2, 2), (4, 4), (6, 3)), (1, 10))","(((3, 2), (4, 4), (6, 3)), (1, 10))",22,17,39.0,22,,,pruned,,,1230
"(((3, 2), (4, 4), (6, 2)), (1, 10))","(((3, 2), (4, 4), (6, 3)), (1, 10))",22,17,39.0,22,,,pruned,,,1231
"(((3, 2), (4, 4), (6, 3)), (1, 10))","(((3, 2), (4, 4), (6, 4)), (1, 10))",21,16.0,37.0,21,8,2,expanded,False,True,1232
"(((5, 4), (6, 2), (6, 6)), (1, 10))","(((5, 2), (5, 4), (6, 6)), (1, 10))",22,17,39.0,22,,,pruned,,,1233
"(((5, 2), (5, 4), (6, 6)), (1, 10))","(((4, 4), (5, 2), (6, 6)), (1, 10))",21,16.0,37.0,21,3,1,expanded,False,True,1234
"(((3, 2), (4, 2), (7, 10)), (1, 10))","(((3, 2), (4, 2), (6, 10)), (1, 10))",23,16,39.0,23,,,pruned,,,1235
"(((3, 2), (4, 2), (6, 11)), (1, 10))","(((3, 2), (4, 2), (6, 10)), (1, 10))",23,16,39.0,23,,,pruned,,,1236
"(((3, 2), (4, 1), (6, 10)), (1, 10))","(((3, 2), (4, 2), (6, 10)), (1, 10))",23,16,39.0,23,,,pruned,,,1237
"(((3, 2), (4, 2), (6, 10)), (1, 10))","(((3, 3), (4, 2), (6, 10)), (1, 10))",22,15.0,37.0,22,6,3,expanded,False,True,1238
"(((2, 3), (5, 2), (6, 10)), (1, 10))","(((3, 3), (5, 2), (6, 10)), (1, 10))",23,16,39.0,23,,,pruned,,,1239
"(((3, 3), (5, 2), (7, 10)), (1, 10))","(((3, 3), (5, 2), (6, 10)), (1, 10))",23,16,39.0,23,,,pruned,,,1240
"(((3, 3), (5, 2), (6, 11)), (1, 10))","(((3, 3), (5, 2), (6, 10)), (1, 10))",23,16,39.0,23,,,pruned,,,1241
"(((3, 3), (6, 2), (6, 10)), (1, 10))","(((3, 3), (5, 2), (6, 10)), (1, 10))",23,16,39.0,23,,,pruned,,,1242
"(((3, 3), (5, 2), (6, 10)), (1, 10))","(((3, 4), (5, 2), (6, 10)), (1, 10))",22,15.0,37.0,22,10,4,expanded,False,True,1243
"(((4, 3), (6, 2), (6, 9)), (1, 10))","(((4, 3), (5, 2), (6, 9)), (1, 10))",23,16,39.0,23,,,pruned,,,1244
"(((4, 3), (5, 2), (6, 9)), (1, 10))","(((3, 3), (5, 2), (6, 9)), (1, 10))",22,15.0,37.0,22,6,1,expanded,False,True,1245
"(((2, 2), (5, 2), (6, 9)), (1, 10))","(((3, 2), (5, 2), (6, 9)), (1, 10))",23,16,39.0,23,,,pruned,,,1246
"(((3, 2), (6, 2), (6, 9)), (1, 10))","(((3, 2), (5, 2), (6, 9)), (1, 10))",23,16,39.0,23,,,pruned,,,1247
"(((3, 2), (5, 2), (6, 9)), (1, 10))","(((3, 3), (5, 2), (6, 9)), (1, 10))",22,15.0,37.0,22,6,2,expanded,False,True,1248
"(((4, 3), (6, 4), (6, 6)), (1, 10))","(((4, 3), (5, 4), (6, 6)), (1, 10))",22,15.0,37.0,22,4,0,expanded,False,True,1249
"(((4, 1), (5, 4), (6, 6)), (1, 10))","(((4, 2), (5, 4), (6, 6)), (1, 10))",23,16,39.0,23,,,pruned,,,1250
"(((4, 2), (5, 4), (6, 6)), (1, 10))","(((4, 3), (5, 4), (6, 6)), (1, 10))",22,15.0,37.0,22,4,1,expanded,False,True,1251
"(((3, 5), (4, 3), (6, 3)), (1, 10))","(((3, 4), (4, 3), (6, 3)), (2, 2))",23,14,37.0,23,,,pruned,,,1252
"(((3, 4), (4, 3), (6, 3)), (2, 2))","(((3, 3), (3, 4), (6, 3)), (1, 10))",22,15.0,37.0,22,3,1,expanded,False,True,1253
"(((2, 2), (6, 4), (6, 6)), (1, 10))","(((3, 2), (6, 4), (6, 6)), (1, 10))",23,16,39.0,23,,,pruned,,,1254
"(((3, 2), (6, 4), (6, 6)), (1, 10))","(((3, 2), (5, 4), (6, 6)), (1, 10))",22,15.0,37.0,22,4,1,expanded,False,True,1255
"(((5, 4), (6, 2), (6, 7)), (1, 10))","(((5, 2), (5, 4), (6, 7)), (1, 10))",23,16,39.0,23,,,pruned,,,1256
"(((5, 2), (5, 4), (6, 7)), (1, 10))","(((4, 4), (5, 2), (6, 7)), (1, 10))",22,15.0,37.0,22,3,1,expanded,False,True,1257
"(((4, 4), (5, 4), (6, 4)), (1, 10))","(((4, 4), (5, 4), (6, 5)), (1, 10))",22,15.0,37.0,22,4,0,expanded,False,True,1258
"(((4, 4), (6, 4), (6, 5)), (1, 10))","(((4, 3), (6, 4), (6, 5)), (1, 10))",22,15.0,37.0,22,3,0,expanded,False,True,1259
"(((2, 2), (4, 5), (6, 3)), (1, 10))","(((3, 2), (4, 5), (6, 3)), (1, 10))",23,16,39.0,23,,,pruned,,,1260
"(((3, 2), (4, 5), (6, 2)), (1, 10))","(((3, 2), (4, 5), (6, 3)), (1, 10))",23,16,39.0,23,,,pruned,,,1261
"(((3, 2), (4, 5), (6, 3)), (1, 10))","(((3, 2), (4, 4), (6, 3)), (1, 10))",22,15.0,37.0,22,6,2,expanded,False,True,1262
"(((2, 2), (4, 3), (6, 10)), (1, 10))","(((3, 2), (4, 3), (6, 10)), (1, 10))",24,15,39.0,24,,,pruned,,,1263
"(((3, 2), (4, 3), (7, 10)), (1, 10))","(((3, 2), (4, 3), (6, 10)), (1, 10))",24,15,39.0,24,,,pruned,,,1264
"(((3, 2), (4, 3), (6, 11)), (1, 10))","(((3, 2), (4, 3), (6, 10)), (1, 10))",24,15,39.0,24,,,pruned,,,1265
"(((3, 2), (4, 3), (6, 10)), (1, 10))","(((3, 3), (4, 3), (6, 10)), (1, 10))",23,14.0,37.0,23,8,3,expanded,False,True,1266
"(((4, 2), (4, 3), (6, 9)), (1, 10))","(((3, 2), (4, 3), (6, 9)), (1, 10))",23,14.0,37.0,23,4,0,expanded,False,True,1267
"(((3, 2), (4, 1), (5, 10)), (1, 10))","(((3, 2), (4, 2), (5, 10)), (1, 10))",24,15,39.0,24,,,pruned,,,1268
"(((3, 2), (4, 2), (5, 10)), (1, 10))","(((3, 3), (4, 2), (5, 10)), (1, 10))",23,14.0,37.0,23,4,1,expanded,False,True,1269
"(((2, 3), (5, 2), (5, 10)), (1, 10))","(((3, 3), (5, 2), (5, 10)), (1, 10))",24,15,39.0,24,,,pruned,,,1270
"(((3, 3), (5, 10), (6, 2)), (1, 10))","(((3, 3), (5, 2), (5, 10)), (1, 10))",24,15,39.0,24,,,pruned,,,1271
"(((3, 3), (5, 2), (5, 10)), (1, 10))","(((3, 4), (5, 2), (5, 10)), (1, 10))",23,14.0,37.0,23,8,2,expanded,False,True,1272
"(((4, 3), (6, 4), (6, 7)), (1, 10))","(((4, 3), (5, 4), (6, 7)), (1, 10))",23,14.0,37.0,23,4,0,expanded,False,True,1273
"(((4, 1), (5, 4), (6, 7)), (1, 10))","(((4, 2), (5, 4), (6, 7)), (1, 10))",24,15,39.0,24,,,pruned,,,1274
"(((4, 2), (5, 4), (6, 7)), (1, 10))","(((4, 3), (5, 4), (6, 7)), (1, 10))",23,14.0,37.0,23,4,1,expanded,False,True,1275
"(((2, 2), (6, 4), (6, 7)), (1, 10))","(((3, 2), (6, 4), (6, 7)), (1, 10))",24,15,39.0,24,,,pruned,,,1276
"(((3, 2), (6, 4), (6, 7)), (1, 10))","(((3, 2), (5, 4), (6, 7)), (1, 10))",23,14.0,37.0,23,4,1,expanded,False,True,1277
"(((4, 4), (6, 2), (6, 9)), (1, 10))","(((4, 4), (5, 2), (6, 9)), (1, 10))",24,15,39.0,24,,,pruned,,,1278
"(((4, 4), (5, 2), (6, 9)), (1, 10))","(((4, 3), (5, 2), (6, 9)), (1, 10))",23,14.0,37.0,23,5,1,expanded,False,True,1279
"(((4, 3), (6, 5), (6, 6)), (1, 10))","(((4, 3), (6, 4), (6, 6)), (1, 10))",23,14.0,37.0,23,2,0,expanded,False,True,1280
"(((4, 4), (6, 4), (6, 6)), (1, 10))","(((4, 3), (6, 4), (6, 6)), (1, 10))",23,14.0,37.0,23,5,0,expanded,False,True,1281
"(((3, 5), (4, 4), (6, 3)), (2, 2))","(((3, 4), (4, 4), (6, 3)), (2, 2))",24,13,37.0,24,,,pruned,,,1282
"(((3, 4), (4, 4), (6, 3)), (2, 2))","(((3, 4), (4, 3), (6, 3)), (2, 2))",23,14.0,37.0,23,3,1,expanded,False,True,1283
"(((2, 2), (6, 5), (6, 6)), (1, 10))","(((3, 2), (6, 5), (6, 6)), (1, 10))",24,15,39.0,24,,,pruned,,,1284
"(((3, 2), (6, 5), (6, 6)), (1, 10))","(((3, 2), (6, 4), (6, 6)), (1, 10))",23,14.0,37.0,23,2,1,expanded,False,True,1285
"(((3, 2), (4, 7), (6, 3)), (1, 10))","(((3, 2), (4, 6), (6, 3)), (1, 10))",24,13,37.0,24,,,pruned,,,1286
"(((2, 2), (4, 6), (6, 3)), (1, 10))","(((3, 2), (4, 6), (6, 3)), (1, 10))",24,15,39.0,24,,,pruned,,,1287
"(((3, 2), (4, 6), (6, 2)), (1, 10))","(((3, 2), (4, 6), (6, 3)), (1, 10))",24,15,39.0,24,,,pruned,,,1288
"(((3, 2), (4, 6), (6, 3)), (1, 10))","(((3, 2), (4, 5), (6, 3)), (1, 10))",23,14.0,37.0,23,6,3,expanded,False,True,1289
"(((3, 2), (4, 1), (4, 10)), (1, 10))","(((3, 2), (4, 2), (4, 10)), (1, 10))",25,14,39.0,25,,,pruned,,,1290
"(((3, 2), (4, 2), (4, 10)), (1, 10))","(((3, 3), (4, 2), (4, 10)), (1, 10))",24,13.0,37.0,24,4,1,expanded,False,True,1291
"(((2, 3), (4, 10), (5, 2)), (1, 10))","(((3, 3), (4, 10), (5, 2)), (1, 10))",25,14,39.0,25,,,pruned,,,1292
"(((3, 3), (4, 10), (6, 2)), (1, 10))","(((3, 3), (4, 10), (5, 2)), (1, 10))",25,14,39.0,25,,,pruned,,,1293
"(((3, 3), (4, 10), (5, 2)), (1, 10))","(((3, 4), (4, 10), (5, 2)), (1, 10))",24,13.0,37.0,24,8,2,expanded,False,True,1294
"(((4, 3), (5, 4), (6, 9)), (1, 10))","(((4, 3), (4, 4), (6, 9)), (1, 10))",24,13.0,37.0,24,6,0,expanded,False,True,1295
"(((4, 3), (4, 4), (7, 10)), (1, 10))","(((4, 3), (4, 4), (6, 10)), (1, 10))",25,14,39.0,25,,,pruned,,,1296
"(((4, 3), (4, 4), (6, 11)), (1, 10))","(((4, 3), (4, 4), (6, 10)), (1, 10))",25,14,39.0,25,,,pruned,,,1297
"(((4, 3), (4, 4), (6, 10)), (1, 10))","(((4, 3), (4, 4), (6, 9)), (1, 10))",24,13.0,37.0,24,6,2,expanded,False,True,1298
"(((2, 2), (4, 3), (5, 10)), (1, 10))","(((3, 2), (4, 3), (5, 10)), (1, 10))",25,14,39.0,25,,,pruned,,,1299
"(((3, 2), (4, 3), (5, 10)), (1, 10))","(((3, 3), (4, 3), (5, 10)), (1, 10))",24,13.0,37.0,24,6,1,expanded,False,True,1300
"(((2, 2), (5, 4), (6, 9)), (1, 10))","(((3, 2), (5, 4), (6, 9)), (1, 10))",25,14,39.0,25,,,pruned,,,1301
"(((3, 2), (5, 4), (6, 9)), (1, 10))","(((3, 2), (4, 4), (6, 9)), (1, 10))",24,13.0,37.0,24,6,1,expanded,False,True,1302
"(((4, 1), (4, 4), (6, 9)), (1, 10))","(((4, 2), (4, 4), (6, 9)), (1, 10))",25,14,39.0,25,,,pruned,,,1303
"(((4, 2), (4, 4), (6, 9)), (1, 10))","(((3, 2), (4, 4), (6, 9)), (1, 10))",24,13.0,37.0,24,6,1,expanded,False,True,1304
"(((2, 2), (4, 4), (6, 10)), (1, 10))","(((3, 2), (4, 4), (6, 10)), (1, 10))",25,14,39.0,25,,,pruned,,,1305
"(((3, 2), (4, 4), (7, 10)), (1, 10))","(((3, 2), (4, 4), (6, 10)), (1, 10))",25,14,39.0,25,,,pruned,,,1306
"(((3, 2), (4, 4), (6, 11)), (1, 10))","(((3, 2), (4, 4), (6, 10)), (1, 10))",25,14,39.0,25,,,pruned,,,1307
"(((3, 2), (4, 4), (6, 10)), (1, 10))","(((3, 2), (4, 4), (6, 9)), (1, 10))",24,13.0,37.0,24,10,3,expanded,False,True,1308
"(((4, 3), (6, 5), (6, 7)), (1, 10))","(((4, 3), (6, 4), (6, 7)), (1, 10))",24,13.0,37.0,24,4,0,expanded,False,True,1309
"(((4, 4), (6, 4), (6, 7)), (1, 10))","(((4, 3), (6, 4), (6, 7)), (1, 10))",24,13.0,37.0,24,5,0,expanded,False,True,1310
"(((2, 2), (6, 5), (6, 7)), (1, 10))","(((3, 2), (6, 5), (6, 7)), (1, 10))",25,14,39.0,25,,,pruned,,,1311
"(((3, 2), (6, 5), (6, 7)), (1, 10))","(((3, 2), (6, 4), (6, 7)), (1, 10))",24,13.0,37.0,24,4,1,expanded,False,True,1312
"(((4, 4), (6, 5), (6, 6)), (1, 10))","(((4, 3), (6, 5), (6, 6)), (1, 10))",24,13.0,37.0,24,4,0,expanded,False,True,1313
"(((3, 4), (4, 5), (6, 2)), (1, 10))","(((3, 4), (4, 5), (6, 3)), (1, 10))",25,14,39.0,25,,,pruned,,,1314
"(((3, 5), (4, 5), (6, 3)), (1, 10))","(((3, 4), (4, 5), (6, 3)), (1, 10))",25,12,37.0,25,,,pruned,,,1315
"(((3, 4), (4, 5), (6, 3)), (1, 10))","(((3, 4), (4, 4), (6, 3)), (2, 2))",24,13.0,37.0,24,5,2,expanded,False,True,1316
"(((2, 3), (3, 10), (5, 2)), (1, 10))","(((3, 3), (3, 10), (5, 2)), (1, 10))",26,13,39.0,26,,,pruned,,,1317
"(((3, 3), (3, 11), (5, 2)), (1, 10))","(((3, 3), (3, 10), (5, 2)), (1, 10))",26,13,39.0,26,,,pruned,,,1318
"(((3, 3), (3, 10), (6, 2)), (1, 10))","(((3, 3), (3, 10), (5, 2)), (1, 10))",26,13,39.0,26,,,pruned,,,1319
"(((3, 3), (3, 10), (5, 2)), (1, 10))","(((3, 4), (3, 10), (5, 2)), (1, 10))",25,12.0,37.0,25,10,3,expanded,False,True,1320
"(((1, 10), (3, 4), (5, 2)), (1, 11))","(((2, 10), (3, 4), (5, 2)), (1, 10))",26,13,39.0,26,,,pruned,,,1321
"(((2, 10), (3, 5), (5, 2)), (1, 10))","(((2, 10), (3, 4), (5, 2)), (1, 10))",26,11,37.0,26,,,pruned,,,1322
"(((2, 10), (3, 4), (6, 2)), (1, 10))","(((2, 10), (3, 4), (5, 2)), (1, 10))",26,13,39.0,26,,,pruned,,,1323
"(((2, 10), (3, 4), (5, 2)), (1, 10))","(((3, 4), (3, 10), (5, 2)), (1, 10))",25,12.0,37.0,25,6,3,expanded,False,True,1324
"(((3, 2), (3, 11), (4, 2)), (1, 10))","(((3, 2), (3, 10), (4, 2)), (1, 10))",26,13,39.0,26,,,pruned,,,1325
"(((3, 2), (3, 10), (4, 1)), (1, 10))","(((3, 2), (3, 10), (4, 2)), (1, 10))",26,13,39.0,26,,,pruned,,,1326
"(((3, 2), (3, 10), (4, 2)), (1, 10))","(((3, 3), (3, 10), (4, 2)), (1, 10))",25,12.0,37.0,25,6,2,expanded,False,True,1327
"(((1, 10), (3, 3), (4, 2)), (1, 11))","(((2, 10), (3, 3), (4, 2)), (1, 10))",26,13,39.0,26,,,pruned,,,1328
"(((2, 3), (2, 10), (4, 2)), (1, 10))","(((2, 10), (3, 3), (4, 2)), (1, 10))",26,13,39.0,26,,,pruned,,,1329
"(((2, 10), (3, 3), (4, 1)), (1, 10))","(((2, 10), (3, 3), (4, 2)), (1, 10))",26,13,39.0,26,,,pruned,,,1330
"(((2, 10), (3, 3), (4, 2)), (1, 10))","(((3, 3), (3, 10), (4, 2)), (1, 10))",25,12.0,37.0,25,7,3,expanded,False,True,1331
"(((2, 2), (4, 3), (4, 10)), (1, 10))","(((3, 2), (4, 3), (4, 10)), (1, 10))",26,13,39.0,26,,,pruned,,,1332
"(((3, 2), (4, 3), (4, 10)), (1, 10))","(((3, 3), (4, 3), (4, 10)), (1, 10))",25,12.0,37.0,25,6,1,expanded,False,True,1333
"(((3, 3), (4, 4), (7, 10)), (1, 10))","(((3, 3), (4, 4), (6, 10)), (1, 10))",26,13,39.0,26,,,pruned,,,1334
"(((3, 3), (4, 4), (6, 10)), (1, 10))","(((3, 4), (4, 4), (6, 10)), (1, 10))",25,12.0,37.0,25,6,1,expanded,False,True,1335
"(((2, 3), (5, 4), (5, 10)), (1, 10))","(((3, 3), (5, 4), (5, 10)), (1, 10))",26,13,39.0,26,,,pruned,,,1336
"(((3, 3), (5, 4), (5, 10)), (1, 10))","(((3, 3), (4, 4), (5, 10)), (1, 10))",25,12.0,37.0,25,8,1,expanded,False,True,1337
"(((4, 3), (4, 4), (5, 10)), (1, 10))","(((3, 3), (4, 4), (5, 10)), (1, 10))",25,12.0,37.0,25,4,0,expanded,False,True,1338
"(((2, 2), (4, 4), (5, 10)), (1, 10))","(((3, 2), (4, 4), (5, 10)), (1, 10))",26,13,39.0,26,,,pruned,,,1339
"(((3, 2), (4, 4), (5, 10)), (1, 10))","(((3, 3), (4, 4), (5, 10)), (1, 10))",25,12.0,37.0,25,8,1,expanded,False,True,1340
"(((4, 4), (5, 4), (6, 9)), (1, 10))","(((4, 4), (5, 4), (6, 8)), (1, 10))",25,12.0,37.0,25,4,0,expanded,False,True,1341
"(((4, 3), (6, 6), (6, 7)), (1, 10))","(((4, 3), (6, 5), (6, 7)), (1, 10))",25,12.0,37.0,25,2,0,expanded,False,True,1342
"(((4, 4), (6, 5), (6, 7)), (1, 10))","(((4, 3), (6, 5), (6, 7)), (1, 10))",25,12.0,37.0,25,6,0,expanded,False,True,1343
"(((2, 2), (6, 6), (6, 7)), (1, 10))","(((3, 2), (6, 6), (6, 7)), (1, 10))",26,13,39.0,26,,,pruned,,,1344
"(((3, 2), (6, 6), (6, 7)), (1, 10))","(((3, 2), (6, 5), (6, 7)), (1, 10))",25,12.0,37.0,25,2,1,expanded,False,True,1345
"(((3, 5), (6, 5), (6, 6)), (1, 10))","(((3, 4), (6, 5), (6, 6)), (1, 10))",26,11,37.0,26,,,pruned,,,1346
"(((3, 4), (6, 5), (6, 6)), (1, 10))","(((4, 4), (6, 5), (6, 6)), (1, 10))",25,12.0,37.0,25,2,1,expanded,False,True,1347
"(((3, 4), (4, 7), (6, 3)), (1, 10))","(((3, 4), (4, 6), (6, 3)), (1, 10))",26,11,37.0,26,,,pruned,,,1348
"(((3, 4), (4, 6), (6, 2)), (1, 10))","(((3, 4), (4, 6), (6, 3)), (1, 10))",26,13,39.0,26,,,pruned,,,1349
"(((3, 5), (4, 6), (6, 3)), (1, 10))","(((3, 4), (4, 6), (6, 3)), (1, 10))",26,11,37.0,26,,,pruned,,,1350
"(((3, 4), (4, 6), (6, 3)), (1, 10))","(((3, 4), (4, 5), (6, 3)), (1, 10))",25,12.0,37.0,25,6,3,expanded,False,True,1351
"(((3, 2), (3, 9), (4, 1)), (1, 10))","(((3, 2), (3, 9), (4, 2)), (1, 10))",27,12,39.0,27,,,pruned,,,1352
"(((3, 2), (3, 9), (4, 2)), (1, 10))","(((3, 3), (3, 9), (4, 2)), (1, 10))",26,11.0,37.0,26,4,1,expanded,False,True,1353
"(((2, 3), (3, 9), (5, 2)), (1, 10))","(((3, 3), (3, 9), (5, 2)), (1, 10))",27,12,39.0,27,,,pruned,,,1354
"(((3, 3), (3, 9), (6, 2)), (1, 10))","(((3, 3), (3, 9), (5, 2)), (1, 10))",27,12,39.0,27,,,pruned,,,1355
"(((3, 3), (3, 9), (5, 2)), (1, 10))","(((3, 4), (3, 9), (5, 2)), (1, 10))",26,11.0,37.0,26,8,2,expanded,False,True,1356
"(((2, 2), (3, 10), (4, 3)), (1, 10))","(((3, 2), (3, 10), (4, 3)), (1, 10))",27,12,39.0,27,,,pruned,,,1357
"(((3, 2), (3, 11), (4, 3)), (1, 10))","(((3, 2), (3, 10), (4, 3)), (1, 10))",27,12,39.0,27,,,pruned,,,1358
"(((3, 2), (3, 10), (4, 3)), (1, 10))","(((3, 3), (3, 10), (4, 3)), (1, 10))",26,11.0,37.0,26,8,2,expanded,False,True,1359
"(((1, 10), (3, 3), (4, 3)), (1, 11))","(((2, 10), (3, 3), (4, 3)), (1, 10))",27,12,39.0,27,,,pruned,,,1360
"(((2, 10), (3, 3), (4, 3)), (1, 10))","(((3, 3), (3, 10), (4, 3)), (1, 10))",26,11.0,37.0,26,6,1,expanded,False,True,1361
"(((2, 3), (4, 10), (5, 4)), (1, 10))","(((3, 3), (4, 10), (5, 4)), (1, 10))",27,12,39.0,27,,,pruned,,,1362
"(((3, 3), (4, 10), (5, 4)), (1, 10))","(((3, 3), (4, 4), (4, 10)), (1, 10))",26,11.0,37.0,26,8,1,expanded,False,True,1363
"(((4, 3), (4, 4), (4, 10)), (1, 10))","(((3, 3), (4, 4), (4, 10)), (1, 10))",26,11.0,37.0,26,4,0,expanded,False,True,1364
"(((2, 2), (4, 4), (4, 10)), (1, 10))","(((3, 2), (4, 4), (4, 10)), (1, 10))",27,12,39.0,27,,,pruned,,,1365
"(((3, 2), (4, 4), (4, 10)), (1, 10))","(((3, 3), (4, 4), (4, 10)), (1, 10))",26,11.0,37.0,26,8,1,expanded,False,True,1366
"(((3, 3), (4, 4), (6, 9)), (1, 10))","(((3, 4), (4, 4), (6, 9)), (1, 10))",26,11.0,37.0,26,4,0,expanded,False,True,1367
"(((3, 3), (4, 5), (7, 10)), (1, 10))","(((3, 3), (4, 5), (6, 10)), (1, 10))",27,12,39.0,27,,,pruned,,,1368
"(((3, 3), (4, 5), (6, 10)), (1, 10))","(((3, 3), (4, 5), (5, 10)), (1, 10))",26,11.0,37.0,26,4,1,expanded,False,True,1369
"(((4, 3), (4, 5), (5, 10)), (1, 10))","(((3, 3), (4, 5), (5, 10)), (1, 10))",26,11.0,37.0,26,6,0,expanded,False,True,1370
"(((2, 2), (4, 5), (5, 10)), (1, 10))","(((3, 2), (4, 5), (5, 10)), (1, 10))",27,12,39.0,27,,,pruned,,,1371
"(((3, 2), (4, 5), (5, 10)), (1, 10))","(((3, 3), (4, 5), (5, 10)), (1, 10))",26,11.0,37.0,26,6,1,expanded,False,True,1372
"(((3, 5), (5, 4), (5, 10)), (1, 10))","(((3, 4), (5, 4), (5, 10)), (1, 10))",27,10,37.0,27,,,pruned,,,1373
"(((3, 4), (5, 4), (5, 10)), (1, 10))","(((3, 3), (5, 4), (5, 10)), (1, 10))",26,11.0,37.0,26,6,1,expanded,False,True,1374
"(((4, 4), (6, 6), (6, 7)), (1, 10))","(((4, 3), (6, 6), (6, 7)), (1, 10))",26,11.0,37.0,26,4,0,expanded,False,True,1375
"(((3, 5), (6, 5), (6, 7)), (1, 10))","(((3, 4), (6, 5), (6, 7)), (1, 10))",27,10,37.0,27,,,pruned,,,1376
"(((3, 4), (6, 5), (6, 7)), (1, 10))","(((4, 4), (6, 5), (6, 7)), (1, 10))",26,11.0,37.0,26,4,1,expanded,False,True,1377
"(((2, 3), (3, 7), (4, 2)), (1, 10))","(((3, 3), (3, 7), (4, 2)), (1, 10))",28,11,39.0,28,,,pruned,,,1378
"(((3, 3), (3, 7), (4, 1)), (1, 10))","(((3, 3), (3, 7), (4, 2)), (1, 10))",28,11,39.0,28,,,pruned,,,1379
"(((3, 3), (3, 7), (4, 2)), (1, 10))","(((3, 4), (3, 7), (4, 2)), (1, 10))",27,10.0,37.0,27,5,2,expanded,False,True,1380
"(((3, 5), (3, 7), (5, 2)), (1, 10))","(((3, 4), (3, 7), (5, 2)), (1, 10))",28,9,37.0,28,,,pruned,,,1381
"(((3, 4), (3, 7), (6, 2)), (1, 10))","(((3, 4), (3, 7), (5, 2)), (1, 10))",28,11,39.0,28,,,pruned,,,1382
"(((3, 4), (3, 7), (5, 2)), (1, 10))","(((3, 4), (3, 7), (4, 2)), (1, 10))",27,10.0,37.0,27,4,2,expanded,False,True,1383
"(((2, 2), (3, 9), (4, 3)), (1, 10))","(((3, 2), (3, 9), (4, 3)), (1, 10))",28,11,39.0,28,,,pruned,,,1384
"(((3, 2), (3, 9), (4, 3)), (1, 10))","(((3, 3), (3, 9), (4, 3)), (1, 10))",27,10.0,37.0,27,6,1,expanded,False,True,1385
"(((1, 10), (3, 3), (4, 4)), (1, 11))","(((2, 10), (3, 3), (4, 4)), (1, 10))",28,11,39.0,28,,,pruned,,,1386
"(((2, 3), (2, 10), (4, 4)), (1, 10))","(((2, 10), (3, 3), (4, 4)), (1, 10))",28,11,39.0,28,,,pruned,,,1387
"(((2, 10), (3, 3), (4, 4)), (1, 10))","(((2, 10), (3, 4), (4, 4)), (1, 10))",27,10.0,37.0,27,10,2,expanded,False,True,1388
"(((3, 3), (4, 6), (7, 10)), (1, 10))","(((3, 3), (4, 6), (6, 10)), (1, 10))",28,11,39.0,28,,,pruned,,,1389
"(((3, 3), (4, 6), (6, 10)), (1, 10))","(((3, 3), (4, 6), (5, 10)), (1, 10))",27,10.0,37.0,27,4,1,expanded,False,True,1390
"(((4, 3), (4, 7), (5, 10)), (1, 10))","(((4, 3), (4, 6), (5, 10)), (1, 10))",28,9,37.0,28,,,pruned,,,1391
"(((4, 3), (4, 6), (5, 10)), (1, 10))","(((3, 3), (4, 6), (5, 10)), (1, 10))",27,10.0,37.0,27,6,1,expanded,False,True,1392
"(((3, 2), (4, 7), (5, 10)), (1, 10))","(((3, 2), (4, 6), (5, 10)), (1, 10))",28,9,37.0,28,,,pruned,,,1393
"(((2, 2), (4, 6), (5, 10)), (1, 10))","(((3, 2), (4, 6), (5, 10)), (1, 10))",28,11,39.0,28,,,pruned,,,1394
"(((3, 2), (4, 6), (5, 10)), (1, 10))","(((3, 3), (4, 6), (5, 10)), (1, 10))",27,10.0,37.0,27,6,2,expanded,False,True,1395
"(((3, 11), (4, 3), (4, 4)), (1, 10))","(((3, 10), (4, 3), (4, 4)), (1, 10))",28,11,39.0,28,,,pruned,,,1396
"(((3, 10), (4, 3), (4, 4)), (1, 10))","(((3, 3), (3, 10), (4, 4)), (1, 10))",27,10.0,37.0,27,6,1,expanded,False,True,1397
"(((4, 3), (4, 5), (4, 10)), (1, 10))","(((3, 3), (4, 5), (4, 10)), (1, 10))",27,10.0,37.0,27,6,0,expanded,False,True,1398
"(((2, 2), (4, 5), (4, 10)), (1, 10))","(((3, 2), (4, 5), (4, 10)), (1, 10))",28,11,39.0,28,,,pruned,,,1399
"(((3, 2), (4, 5), (4, 10)), (1, 10))","(((3, 3), (4, 5), (4, 10)), (1, 10))",27,10.0,37.0,27,6,1,expanded,False,True,1400
"(((3, 4), (4, 4), (6, 7)), (1, 10))","(((3, 4), (4, 4), (6, 8)), (1, 10))",27,10.0,37.0,27,3,0,expanded,False,True,1401
"(((4, 5), (6, 9), (6, 10)), (2, 2))","(((4, 5), (6, 8), (6, 10)), (2, 2))",27,10.0,37.0,27,1,0,expanded,False,True,1402
"(((2, 2), (3, 10), (4, 4)), (1, 10))","(((3, 2), (3, 10), (4, 4)), (1, 10))",28,11,39.0,28,,,pruned,,,1403
"(((3, 2), (3, 11), (4, 4)), (1, 10))","(((3, 2), (3, 10), (4, 4)), (1, 10))",28,11,39.0,28,,,pruned,,,1404
"(((3, 2), (3, 10), (4, 4)), (1, 10))","(((3, 2), (3, 10), (4, 3)), (1, 10))",27,10.0,37.0,27,10,2,expanded,False,True,1405
"(((2, 3), (3, 10), (5, 4)), (1, 10))","(((3, 3), (3, 10), (5, 4)), (1, 10))",28,11,39.0,28,,,pruned,,,1406
"(((3, 3), (3, 11), (5, 4)), (1, 10))","(((3, 3), (3, 10), (5, 4)), (1, 10))",28,11,39.0,28,,,pruned,,,1407
"(((3, 3), (3, 10), (5, 4)), (1, 10))","(((3, 3), (4, 10), (5, 4)), (1, 10))",27,10.0,37.0,27,10,2,expanded,False,True,1408
"(((3, 5), (4, 10), (5, 4)), (1, 10))","(((3, 4), (4, 10), (5, 4)), (1, 10))",28,9,37.0,28,,,pruned,,,1409
"(((3, 4), (4, 10), (5, 4)), (1, 10))","(((3, 3), (4, 10), (5, 4)), (1, 10))",27,10.0,37.0,27,6,1,expanded,False,True,1410
"(((3, 3), (4, 5), (6, 9)), (1, 10))","(((3, 3), (4, 5), (6, 10)), (1, 10))",27,10.0,37.0,27,2,0,expanded,False,True,1411
"(((4, 4), (4, 5), (5, 10)), (1, 10))","(((4, 3), (4, 5), (5, 10)), (1, 10))",27,10.0,37.0,27,4,0,expanded,False,True,1412
"(((3, 5), (6, 6), (6, 7)), (1, 10))","(((3, 4), (6, 6), (6, 7)), (1, 10))",28,9,37.0,28,,,pruned,,,1413
"(((3, 4), (6, 6), (6, 7)), (1, 10))","(((4, 4), (6, 6), (6, 7)), (1, 10))",27,10.0,37.0,27,2,1,expanded,False,True,1414
"(((4, 3), (4, 7), (4, 10)), (1, 10))","(((4, 3), (4, 6), (4, 10)), (1, 10))",29,8,37.0,29,,,pruned,,,1415
"(((4, 3), (4, 6), (4, 10)), (1, 10))","(((3, 3), (4, 6), (4, 10)), (1, 10))",28,9.0,37.0,28,6,1,expanded,False,True,1416
"(((2, 2), (4, 6), (4, 10)), (1, 10))","(((3, 2), (4, 6), (4, 10)), (1, 10))",29,10,39.0,29,,,pruned,,,1417
"(((3, 2), (4, 7), (4, 10)), (1, 10))","(((3, 2), (4, 6), (4, 10)), (1, 10))",29,8,37.0,29,,,pruned,,,1418
"(((3, 2), (4, 6), (4, 10)), (1, 10))","(((3, 3), (4, 6), (4, 10)), (1, 10))",28,9.0,37.0,28,6,2,expanded,False,True,1419
"(((3, 3), (3, 7), (4, 3)), (1, 10))","(((3, 4), (3, 7), (4, 3)), (1, 10))",28,9.0,37.0,28,4,0,expanded,False,True,1420
"(((3, 9), (4, 3), (4, 4)), (1, 10))","(((3, 3), (3, 9), (4, 4)), (1, 10))",28,9.0,37.0,28,4,0,expanded,False,True,1421
"(((1, 10), (3, 3), (3, 4)), (1, 11))","(((2, 10), (3, 3), (3, 4)), (1, 10))",29,10,39.0,29,,,pruned,,,1422
"(((2, 3), (2, 10), (3, 4)), (1, 10))","(((2, 10), (3, 3), (3, 4)), (1, 10))",29,10,39.0,29,,,pruned,,,1423
"(((2, 10), (3, 3), (3, 4)), (1, 10))","(((3, 3), (3, 4), (3, 10)), (1, 10))",28,9.0,37.0,28,4,2,expanded,False,True,1424
"(((3, 10), (4, 3), (4, 5)), (1, 10))","(((3, 3), (3, 10), (4, 5)), (1, 10))",28,9.0,37.0,28,6,0,expanded,False,True,1425
"(((2, 2), (3, 10), (4, 5)), (1, 10))","(((3, 2), (3, 10), (4, 5)), (1, 10))",29,10,39.0,29,,,pruned,,,1426
"(((3, 2), (3, 10), (4, 5)), (1, 10))","(((3, 3), (3, 10), (4, 5)), (1, 10))",28,9.0,37.0,28,6,1,expanded,False,True,1427
"(((2, 3), (2, 10), (4, 5)), (1, 10))","(((2, 10), (3, 3), (4, 5)), (1, 10))",29,10,39.0,29,,,pruned,,,1428
"(((1, 10), (3, 3), (4, 5)), (1, 11))","(((2, 10), (3, 3), (4, 5)), (1, 10))",29,10,39.0,29,,,pruned,,,1429
"(((2, 10), (3, 3), (4, 5)), (1, 10))","(((3, 3), (3, 10), (4, 5)), (1, 10))",28,9.0,37.0,28,8,2,expanded,False,True,1430
"(((3, 4), (4, 5), (6, 7)), (1, 10))","(((3, 4), (4, 5), (6, 8)), (1, 10))",28,9.0,37.0,28,2,0,expanded,False,True,1431
"(((2, 2), (3, 9), (4, 4)), (1, 10))","(((3, 2), (3, 9), (4, 4)), (1, 10))",29,10,39.0,29,,,pruned,,,1432
"(((3, 2), (3, 9), (4, 4)), (1, 10))","(((3, 2), (3, 9), (4, 3)), (1, 10))",28,9.0,37.0,28,8,1,expanded,False,True,1433
"(((3, 3), (4, 6), (6, 9)), (1, 10))","(((3, 3), (4, 6), (6, 10)), (1, 10))",28,9.0,37.0,28,2,0,expanded,False,True,1434
"(((4, 4), (4, 7), (5, 10)), (1, 10))","(((4, 4), (4, 6), (5, 10)), (1, 10))",29,8,37.0,29,,,pruned,,,1435
"(((4, 4), (4, 6), (5, 10)), (1, 10))","(((4, 3), (4, 6), (5, 10)), (1, 10))",28,9.0,37.0,28,8,1,expanded,False,True,1436
"(((4, 4), (4, 5), (4, 10)), (1, 10))","(((4, 3), (4, 5), (4, 10)), (1, 10))",28,9.0,37.0,28,4,0,expanded,False,True,1437
"(((3, 4), (3, 11), (5, 4)), (1, 10))","(((3, 4), (3, 10), (5, 4)), (1, 10))",29,10,39.0,29,,,pruned,,,1438
"(((3, 5), (3, 10), (5, 4)), (1, 10))","(((3, 4), (3, 10), (5, 4)), (1, 10))",29,8,37.0,29,,,pruned,,,1439
"(((3, 4), (3, 10), (5, 4)), (1, 10))","(((3, 3), (3, 10), (5, 4)), (1, 10))",28,9.0,37.0,28,8,2,expanded,False,True,1440
"(((2, 3), (3, 9), (5, 4)), (1, 10))","(((3, 3), (3, 9), (5, 4)), (1, 10))",29,10,39.0,29,,,pruned,,,1441
"(((3, 3), (3, 9), (5, 4)), (1, 10))","(((3, 3), (3, 10), (5, 4)), (1, 10))",28,9.0,37.0,28,8,1,expanded,False,True,1442
"(((3, 10), (4, 3), (4, 7)), (1, 10))","(((3, 10), (4, 3), (4, 6)), (1, 10))",30,7,37.0,30,,,pruned,,,1443
"(((3, 10), (4, 3), (4, 6)), (1, 10))","(((3, 3), (3, 10), (4, 6)), (1, 10))",29,8.0,37.0,29,6,1,expanded,False,True,1444
"(((2, 2), (3, 10), (4, 6)), (1, 10))","(((3, 2), (3, 10), (4, 6)), (1, 10))",30,9,39.0,30,,,pruned,,,1445
"(((3, 2), (3, 10), (4, 7)), (1, 10))","(((3, 2), (3, 10), (4, 6)), (1, 10))",30,7,37.0,30,,,pruned,,,1446
"(((3, 2), (3, 10), (4, 6)), (1, 10))","(((3, 3), (3, 10), (4, 6)), (1, 10))",29,8.0,37.0,29,6,2,expanded,False,True,1447
"(((2, 10), (3, 3), (4, 7)), (1, 10))","(((2, 10), (3, 3), (4, 6)), (1, 10))",30,7,37.0,30,,,pruned,,,1448
"(((1, 10), (3, 3), (4, 6)), (1, 11))","(((2, 10), (3, 3), (4, 6)), (1, 10))",30,9,39.0,30,,,pruned,,,1449
"(((2, 3), (2, 10), (4, 6)), (1, 10))","(((2, 10), (3, 3), (4, 6)), (1, 10))",30,9,39.0,30,,,pruned,,,1450
"(((2, 10), (3, 3), (4, 6)), (1, 10))","(((3, 3), (3, 10), (4, 6)), (1, 10))",29,8.0,37.0,29,8,3,expanded,False,True,1451
"(((3, 9), (4, 3), (4, 5)), (1, 10))","(((3, 3), (3, 9), (4, 5)), (1, 10))",29,8.0,37.0,29,4,0,expanded,False,True,1452
"(((2, 2), (3, 9), (4, 5)), (1, 10))","(((3, 2), (3, 9), (4, 5)), (1, 10))",30,9,39.0,30,,,pruned,,,1453
"(((3, 2), (3, 9), (4, 5)), (1, 10))","(((3, 3), (3, 9), (4, 5)), (1, 10))",29,8.0,37.0,29,4,1,expanded,False,True,1454
"(((2, 3), (3, 7), (4, 4)), (1, 10))","(((3, 3), (3, 7), (4, 4)), (1, 10))",30,9,39.0,30,,,pruned,,,1455
"(((3, 3), (3, 7), (4, 4)), (1, 10))","(((3, 3), (3, 8), (4, 4)), (1, 10))",29,8.0,37.0,29,5,1,expanded,False,True,1456
"(((3, 4), (4, 6), (6, 7)), (1, 10))","(((3, 4), (4, 6), (6, 8)), (1, 10))",29,8.0,37.0,29,2,0,expanded,False,True,1457
"(((4, 4), (4, 7), (4, 10)), (1, 10))","(((4, 4), (4, 6), (4, 10)), (1, 10))",30,7,37.0,30,,,pruned,,,1458
"(((4, 4), (4, 6), (4, 10)), (1, 10))","(((4, 3), (4, 6), (4, 10)), (1, 10))",29,8.0,37.0,29,8,1,expanded,False,True,1459
"(((3, 10), (4, 4), (4, 5)), (1, 10))","(((3, 10), (4, 3), (4, 5)), (1, 10))",29,8.0,37.0,29,5,0,expanded,False,True,1460
"(((4, 5), (4, 6), (5, 10)), (1, 10))","(((4, 4), (4, 6), (5, 10)), (1, 10))",29,8.0,37.0,29,2,0,expanded,False,True,1461
"(((3, 5), (3, 9), (5, 4)), (1, 10))","(((3, 4), (3, 9), (5, 4)), (1, 10))",30,7,37.0,30,,,pruned,,,1462
"(((3, 4), (3, 9), (5, 4)), (1, 10))","(((3, 4), (3, 10), (5, 4)), (1, 10))",29,8.0,37.0,29,6,1,expanded,False,True,1463
"(((3, 9), (4, 3), (4, 7)), (1, 10))","(((3, 9), (4, 3), (4, 6)), (1, 10))",31,6,37.0,31,,,pruned,,,1464
"(((3, 9), (4, 3), (4, 6)), (1, 10))","(((3, 3), (3, 9), (4, 6)), (1, 10))",30,7.0,37.0,30,4,1,expanded,False,True,1465
"(((2, 2), (3, 9), (4, 6)), (1, 10))","(((3, 2), (3, 9), (4, 6)), (1, 10))",31,8,39.0,31,,,pruned,,,1466
"(((3, 2), (3, 9), (4, 7)), (1, 10))","(((3, 2), (3, 9), (4, 6)), (1, 10))",31,6,37.0,31,,,pruned,,,1467
"(((3, 2), (3, 9), (4, 6)), (1, 10))","(((3, 3), (3, 9), (4, 6)), (1, 10))",30,7.0,37.0,30,4,2,expanded,False,True,1468
"(((2, 3), (3, 4), (3, 7)), (1, 10))","(((3, 3), (3, 4), (3, 7)), (1, 10))",31,8,39.0,31,,,pruned,,,1469
"(((3, 3), (3, 4), (3, 7)), (1, 10))","(((3, 3), (3, 4), (3, 8)), (1, 10))",30,7.0,37.0,30,2,1,expanded,False,True,1470
"(((2, 3), (3, 7), (4, 5)), (1, 10))","(((3, 3), (3, 7), (4, 5)), (1, 10))",31,8,39.0,31,,,pruned,,,1471
"(((3, 3), (3, 7), (4, 5)), (1, 10))","(((3, 3), (3, 8), (4, 5)), (1, 10))",30,7.0,37.0,30,5,1,expanded,False,True,1472
"(((3, 10), (4, 4), (4, 7)), (1, 10))","(((3, 10), (4, 4), (4, 6)), (1, 10))",31,6,37.0,31,,,pruned,,,1473
"(((3, 10), (4, 4), (4, 6)), (1, 10))","(((3, 10), (4, 3), (4, 6)), (1, 10))",30,7.0,37.0,30,8,1,expanded,False,True,1474
"(((3, 9), (4, 4), (4, 5)), (1, 10))","(((3, 9), (4, 3), (4, 5)), (1, 10))",30,7.0,37.0,30,3,0,expanded,False,True,1475
"(((4, 5), (4, 6), (4, 10)), (1, 10))","(((4, 4), (4, 6), (4, 10)), (1, 10))",30,7.0,37.0,30,2,0,expanded,False,True,1476
"(((3, 3), (3, 7), (4, 7)), (1, 10))","(((3, 3), (3, 7), (4, 6)), (1, 10))",32,5,37.0,32,,,pruned,,,1477
"(((2, 3), (3, 7), (4, 6)), (1, 10))","(((3, 3), (3, 7), (4, 6)), (1, 10))",32,7,39.0,32,,,pruned,,,1478
"(((3, 3), (3, 7), (4, 6)), (1, 10))","(((3, 4), (3, 7), (4, 6)), (1, 10))",31,6.0,37.0,31,5,2,expanded,False,True,1479
"(((3, 9), (4, 4), (4, 7)), (1, 10))","(((3, 9), (4, 4), (4, 6)), (1, 10))",32,5,37.0,32,,,pruned,,,1480
"(((3, 9), (4, 4), (4, 6)), (1, 10))","(((3, 9), (4, 3), (4, 6)), (1, 10))",31,6.0,37.0,31,6,1,expanded,False,True,1481
"(((3, 10), (4, 5), (4, 6)), (1, 10))","(((3, 10), (4, 4), (4, 6)), (1, 10))",31,6.0,37.0,31,3,0,expanded,False,True,1482
"(((3, 9), (4, 5), (4, 6)), (1, 10))","(((3, 9), (4, 4), (4, 6)), (1, 10))",32,5.0,37.0,32,1,0,expanded,False,True,1483
"(((4, 1), (5, 2), (6, 8)), (1, 10))","(((4, 2), (5, 2), (6, 8)), (1, 10))",23,17,40.0,23,,,pruned,,,1484
"(((4, 2), (5, 2), (6, 8)), (1, 10))","(((4, 3), (5, 2), (6, 8)), (1, 10))",22,16.0,38.0,22,3,1,expanded,False,True,1485
"(((5, 4), (6, 2), (6, 8)), (1, 10))","(((5, 2), (5, 4), (6, 8)), (1, 10))",24,16,40.0,24,,,pruned,,,1486
"(((5, 2), (5, 4), (6, 8)), (1, 10))","(((4, 4), (5, 2), (6, 8)), (1, 10))",23,15.0,38.0,23,3,1,expanded,False,True,1487
"(((4, 3), (6, 4), (6, 8)), (1, 10))","(((4, 3), (5, 4), (6, 8)), (1, 10))",24,14.0,38.0,24,4,0,expanded,False,True,1488
"(((4, 1), (5, 4), (6, 8)), (1, 10))","(((4, 2), (5, 4), (6, 8)), (1, 10))",25,15,40.0,25,,,pruned,,,1489
"(((4, 2), (5, 4), (6, 8)), (1, 10))","(((4, 3), (5, 4), (6, 8)), (1, 10))",24,14.0,38.0,24,4,1,expanded,False,True,1490
"(((2, 2), (6, 4), (6, 8)), (1, 10))","(((3, 2), (6, 4), (6, 8)), (1, 10))",25,15,40.0,25,,,pruned,,,1491
"(((3, 2), (6, 4), (6, 8)), (1, 10))","(((3, 2), (5, 4), (6, 8)), (1, 10))",24,14.0,38.0,24,4,1,expanded,False,True,1492
"(((4, 3), (6, 5), (6, 8)), (1, 10))","(((4, 3), (6, 4), (6, 8)), (1, 10))",25,13.0,38.0,25,4,0,expanded,False,True,1493
"(((4, 4), (6, 4), (6, 8)), (1, 10))","(((4, 3), (6, 4), (6, 8)), (1, 10))",25,13.0,38.0,25,5,0,expanded,False,True,1494
"(((2, 2), (6, 5), (6, 8)), (1, 10))","(((3, 2), (6, 5), (6, 8)), (1, 10))",26,14,40.0,26,,,pruned,,,1495
"(((3, 2), (6, 5), (6, 8)), (1, 10))","(((3, 2), (6, 4), (6, 8)), (1, 10))",25,13.0,38.0,25,4,1,expanded,False,True,1496
"(((4, 3), (6, 6), (6, 8)), (1, 10))","(((4, 3), (6, 5), (6, 8)), (1, 10))",26,12.0,38.0,26,4,0,expanded,False,True,1497
"(((4, 4), (6, 5), (6, 8)), (1, 10))","(((4, 3), (6, 5), (6, 8)), (1, 10))",26,12.0,38.0,26,6,0,expanded,False,True,1498
"(((2, 2), (6, 6), (6, 8)), (1, 10))","(((3, 2), (6, 6), (6, 8)), (1, 10))",27,13,40.0,27,,,pruned,,,1499
"(((3, 2), (6, 6), (6, 8)), (1, 10))","(((3, 2), (6, 5), (6, 8)), (1, 10))",26,12.0,38.0,26,4,1,expanded,False,True,1500
"(((3, 2), (3, 8), (4, 1)), (1, 10))","(((3, 2), (3, 8), (4, 2)), (1, 10))",28,12,40.0,28,,,pruned,,,1501
"(((3, 2), (3, 8), (4, 2)), (1, 10))","(((3, 3), (3, 8), (4, 2)), (1, 10))",27,11.0,38.0,27,4,1,expanded,False,True,1502
"(((2, 3), (3, 8), (5, 2)), (1, 10))","(((3, 3), (3, 8), (5, 2)), (1, 10))",28,12,40.0,28,,,pruned,,,1503
"(((3, 3), (3, 8), (6, 2)), (1, 10))","(((3, 3), (3, 8), (5, 2)), (1, 10))",28,12,40.0,28,,,pruned,,,1504
"(((3, 3), (3, 8), (5, 2)), (1, 10))","(((3, 4), (3, 8), (5, 2)), (1, 10))",27,11.0,38.0,27,8,2,expanded,False,True,1505
"(((3, 3), (4, 4), (6, 8)), (1, 10))","(((3, 4), (4, 4), (6, 8)), (1, 10))",27,11.0,38.0,27,4,0,expanded,False,True,1506
"(((4, 3), (6, 7), (6, 8)), (1, 10))","(((4, 3), (6, 6), (6, 8)), (1, 10))",27,11.0,38.0,27,2,0,expanded,False,True,1507
"(((4, 4), (6, 6), (6, 8)), (1, 10))","(((4, 3), (6, 6), (6, 8)), (1, 10))",27,11.0,38.0,27,6,0,expanded,False,True,1508
"(((3, 5), (6, 5), (6, 8)), (1, 10))","(((3, 4), (6, 5), (6, 8)), (1, 10))",28,10,38.0,28,,,pruned,,,1509
"(((3, 4), (6, 5), (6, 8)), (1, 10))","(((4, 4), (6, 5), (6, 8)), (1, 10))",27,11.0,38.0,27,4,1,expanded,False,True,1510
"(((2, 2), (6, 7), (6, 8)), (1, 10))","(((3, 2), (6, 7), (6, 8)), (1, 10))",28,12,40.0,28,,,pruned,,,1511
"(((3, 2), (6, 7), (6, 8)), (1, 10))","(((3, 2), (6, 6), (6, 8)), (1, 10))",27,11.0,38.0,27,2,1,expanded,False,True,1512
"(((2, 2), (3, 8), (4, 3)), (1, 10))","(((3, 2), (3, 8), (4, 3)), (1, 10))",29,11,40.0,29,,,pruned,,,1513
"(((3, 2), (3, 8), (4, 3)), (1, 10))","(((3, 3), (3, 8), (4, 3)), (1, 10))",28,10.0,38.0,28,6,1,expanded,False,True,1514
"(((3, 3), (4, 5), (6, 8)), (1, 10))","(((3, 3), (4, 5), (6, 9)), (1, 10))",28,10.0,38.0,28,2,0,expanded,False,True,1515
"(((4, 4), (6, 7), (6, 8)), (1, 10))","(((4, 3), (6, 7), (6, 8)), (1, 10))",28,10.0,38.0,28,4,0,expanded,False,True,1516
"(((3, 5), (6, 6), (6, 8)), (1, 10))","(((3, 4), (6, 6), (6, 8)), (1, 10))",29,9,38.0,29,,,pruned,,,1517
"(((3, 4), (6, 6), (6, 8)), (1, 10))","(((4, 4), (6, 6), (6, 8)), (1, 10))",28,10.0,38.0,28,4,1,expanded,False,True,1518
"(((3, 8), (4, 3), (4, 4)), (1, 10))","(((3, 3), (3, 8), (4, 4)), (1, 10))",29,9.0,38.0,29,4,0,expanded,False,True,1519
"(((2, 2), (3, 8), (4, 4)), (1, 10))","(((3, 2), (3, 8), (4, 4)), (1, 10))",30,10,40.0,30,,,pruned,,,1520
"(((3, 2), (3, 8), (4, 4)), (1, 10))","(((3, 2), (3, 9), (4, 4)), (1, 10))",29,9.0,38.0,29,8,1,expanded,False,True,1521
"(((3, 3), (4, 6), (6, 8)), (1, 10))","(((3, 3), (4, 6), (6, 9)), (1, 10))",29,9.0,38.0,29,2,0,expanded,False,True,1522
"(((2, 3), (3, 8), (5, 4)), (1, 10))","(((3, 3), (3, 8), (5, 4)), (1, 10))",30,10,40.0,30,,,pruned,,,1523
"(((3, 3), (3, 8), (5, 4)), (1, 10))","(((3, 3), (3, 9), (5, 4)), (1, 10))",29,9.0,38.0,29,8,1,expanded,False,True,1524
"(((3, 5), (6, 7), (6, 8)), (1, 10))","(((3, 4), (6, 7), (6, 8)), (1, 10))",30,8,38.0,30,,,pruned,,,1525
"(((3, 4), (6, 7), (6, 8)), (1, 10))","(((4, 4), (6, 7), (6, 8)), (1, 10))",29,9.0,38.0,29,2,1,expanded,False,True,1526
"(((3, 8), (4, 3), (4, 5)), (1, 10))","(((3, 3), (3, 8), (4, 5)), (1, 10))",30,8.0,38.0,30,4,0,expanded,False,True,1527
"(((2, 2), (3, 8), (4, 5)), (1, 10))","(((3, 2), (3, 8), (4, 5)), (1, 10))",31,9,40.0,31,,,pruned,,,1528
"(((3, 2), (3, 8), (4, 5)), (1, 10))","(((3, 3), (3, 8), (4, 5)), (1, 10))",30,8.0,38.0,30,4,1,expanded,False,True,1529
"(((3, 5), (3, 8), (5, 4)), (1, 10))","(((3, 4), (3, 8), (5, 4)), (1, 10))",31,7,38.0,31,,,pruned,,,1530
"(((3, 4), (3, 8), (5, 4)), (1, 10))","(((3, 4), (3, 9), (5, 4)), (1, 10))",30,8.0,38.0,30,6,1,expanded,False,True,1531
"(((3, 8), (4, 3), (4, 7)), (1, 10))","(((3, 8), (4, 3), (4, 6)), (1, 10))",32,6,38.0,32,,,pruned,,,1532
"(((3, 8), (4, 3), (4, 6)), (1, 10))","(((3, 3), (3, 8), (4, 6)), (1, 10))",31,7.0,38.0,31,4,1,expanded,False,True,1533
"(((3, 2), (3, 8), (4, 7)), (1, 10))","(((3, 2), (3, 8), (4, 6)), (1, 10))",32,6,38.0,32,,,pruned,,,1534
"(((2, 2), (3, 8), (4, 6)), (1, 10))","(((3, 2), (3, 8), (4, 6)), (1, 10))",32,8,40.0,32,,,pruned,,,1535
"(((3, 2), (3, 8), (4, 6)), (1, 10))","(((3, 3), (3, 8), (4, 6)), (1, 10))",31,7.0,38.0,31,4,2,expanded,False,True,1536
"(((3, 8), (4, 4), (4, 5)), (1, 10))","(((3, 9), (4, 4), (4, 5)), (1, 10))",31,7.0,38.0,31,3,0,expanded,False,True,1537
"(((3, 8), (4, 4), (4, 7)), (1, 10))","(((3, 8), (4, 4), (4, 6)), (1, 10))",33,5,38.0,33,,,pruned,,,1538
"(((3, 8), (4, 4), (4, 6)), (1, 10))","(((3, 9), (4, 4), (4, 6)), (1, 10))",32,6.0,38.0,32,6,1,expanded,False,True,1539
"(((3, 8), (4, 5), (4, 6)), (1, 10))","(((3, 9), (4, 5), (4, 6)), (1, 10))",33,5.0,38.0,33,1,0,expanded,False,True,1540
"(((6, 2), (6, 4), (6, 5)), (1, 10))","(((5, 2), (6, 4), (6, 5)), (1, 10))",22,19,41.0,22,,,pruned,,,1541
"(((5, 2), (6, 4), (6, 5)), (1, 10))","(((5, 2), (5, 4), (6, 5)), (1, 10))",21,18.0,39.0,21,1,1,expanded,True,True,1542
"(((4, 1), (6, 4), (6, 5)), (1, 10))","(((4, 2), (6, 4), (6, 5)), (1, 10))",23,18,41.0,23,,,pruned,,,1543
"(((4, 2), (6, 4), (6, 5)), (1, 10))","(((4, 3), (6, 4), (6, 5)), (1, 10))",22,17.0,39.0,22,2,1,expanded,False,True,1544
"(((4, 3), (5, 4), (6, 2)), (1, 10))","(((4, 3), (5, 4), (6, 3)), (1, 10))",23,18,41.0,23,,,pruned,,,1545
"(((4, 3), (5, 4), (6, 3)), (1, 10))","(((4, 3), (5, 4), (6, 4)), (1, 10))",22,17.0,39.0,22,6,1,expanded,False,True,1546
"(((4, 1), (5, 4), (6, 4)), (1, 10))","(((4, 2), (5, 4), (6, 4)), (1, 10))",23,18,41.0,23,,,pruned,,,1547
"(((4, 2), (5, 4), (6, 4)), (1, 10))","(((4, 3), (5, 4), (6, 4)), (1, 10))",22,17.0,39.0,22,3,1,expanded,False,True,1548
"(((2, 2), (5, 4), (6, 3)), (1, 10))","(((3, 2), (5, 4), (6, 3)), (1, 10))",23,18,41.0,23,,,pruned,,,1549
"(((3, 2), (5, 4), (6, 2)), (1, 10))","(((3, 2), (5, 4), (6, 3)), (1, 10))",23,18,41.0,23,,,pruned,,,1550
"(((3, 2), (5, 4), (6, 3)), (1, 10))","(((3, 2), (5, 4), (6, 4)), (1, 10))",22,17.0,39.0,22,6,2,expanded,False,True,1551
"(((4, 2), (4, 4), (6, 2)), (1, 10))","(((4, 2), (4, 4), (6, 3)), (1, 10))",23,18,41.0,23,,,pruned,,,1552
"(((4, 1), (4, 4), (6, 3)), (1, 10))","(((4, 2), (4, 4), (6, 3)), (1, 10))",23,18,41.0,23,,,pruned,,,1553
"(((4, 2), (4, 4), (6, 3)), (1, 10))","(((4, 2), (4, 4), (6, 4)), (1, 10))",22,17.0,39.0,22,7,2,expanded,False,True,1554
"(((6, 2), (6, 4), (6, 6)), (1, 10))","(((5, 2), (6, 4), (6, 6)), (1, 10))",23,18,41.0,23,,,pruned,,,1555
"(((5, 2), (6, 4), (6, 6)), (1, 10))","(((5, 2), (5, 4), (6, 6)), (1, 10))",22,17.0,39.0,22,2,1,expanded,False,True,1556
"(((4, 3), (5, 2), (7, 10)), (1, 10))","(((4, 3), (5, 2), (6, 10)), (1, 10))",24,17,41.0,24,,,pruned,,,1557
"(((4, 3), (5, 2), (6, 11)), (1, 10))","(((4, 3), (5, 2), (6, 10)), (1, 10))",24,17,41.0,24,,,pruned,,,1558
"(((4, 3), (6, 2), (6, 10)), (1, 10))","(((4, 3), (5, 2), (6, 10)), (1, 10))",24,17,41.0,24,,,pruned,,,1559
"(((4, 3), (5, 2), (6, 10)), (1, 10))","(((3, 3), (5, 2), (6, 10)), (1, 10))",23,16.0,39.0,23,8,3,expanded,False,True,1560
"(((2, 2), (5, 2), (6, 10)), (1, 10))","(((3, 2), (5, 2), (6, 10)), (1, 10))",24,17,41.0,24,,,pruned,,,1561
"(((3, 2), (5, 2), (7, 10)), (1, 10))","(((3, 2), (5, 2), (6, 10)), (1, 10))",24,17,41.0,24,,,pruned,,,1562
"(((3, 2), (5, 2), (6, 11)), (1, 10))","(((3, 2), (5, 2), (6, 10)), (1, 10))",24,17,41.0,24,,,pruned,,,1563
"(((3, 2), (6, 2), (6, 10)), (1, 10))","(((3, 2), (5, 2), (6, 10)), (1, 10))",24,17,41.0,24,,,pruned,,,1564
"(((3, 2), (5, 2), (6, 10)), (1, 10))","(((3, 3), (5, 2), (6, 10)), (1, 10))",23,16.0,39.0,23,8,4,expanded,False,True,1565
"(((4, 1), (5, 2), (6, 9)), (1, 10))","(((4, 2), (5, 2), (6, 9)), (1, 10))",24,17,41.0,24,,,pruned,,,1566
"(((4, 2), (5, 2), (6, 9)), (1, 10))","(((4, 3), (5, 2), (6, 9)), (1, 10))",23,16.0,39.0,23,3,1,expanded,False,True,1567
"(((4, 1), (6, 4), (6, 6)), (1, 10))","(((4, 2), (6, 4), (6, 6)), (1, 10))",24,17,41.0,24,,,pruned,,,1568
"(((4, 2), (6, 4), (6, 6)), (1, 10))","(((4, 3), (6, 4), (6, 6)), (1, 10))",23,16.0,39.0,23,3,1,expanded,False,True,1569
"(((6, 2), (6, 4), (6, 7)), (1, 10))","(((5, 2), (6, 4), (6, 7)), (1, 10))",24,17,41.0,24,,,pruned,,,1570
"(((5, 2), (6, 4), (6, 7)), (1, 10))","(((5, 2), (5, 4), (6, 7)), (1, 10))",23,16.0,39.0,23,2,1,expanded,False,True,1571
"(((4, 4), (5, 4), (6, 2)), (1, 10))","(((4, 4), (5, 4), (6, 3)), (1, 10))",24,17,41.0,24,,,pruned,,,1572
"(((4, 4), (5, 4), (6, 3)), (1, 10))","(((4, 4), (5, 4), (6, 4)), (1, 10))",23,16.0,39.0,23,4,1,expanded,False,True,1573
"(((5, 4), (6, 4), (6, 5)), (1, 10))","(((4, 4), (6, 4), (6, 5)), (1, 10))",23,16.0,39.0,23,0,0,expanded,False,True,1574
"(((4, 2), (4, 5), (6, 2)), (1, 10))","(((4, 2), (4, 5), (6, 3)), (1, 10))",24,17,41.0,24,,,pruned,,,1575
"(((4, 1), (4, 5), (6, 3)), (1, 10))","(((4, 2), (4, 5), (6, 3)), (1, 10))",24,17,41.0,24,,,pruned,,,1576
"(((4, 2), (4, 5), (6, 3)), (1, 10))","(((3, 2), (4, 5), (6, 3)), (1, 10))",23,16.0,39.0,23,5,2,expanded,False,True,1577
"(((4, 2), (4, 3), (7, 10)), (1, 10))","(((4, 2), (4, 3), (6, 10)), (1, 10))",25,16,41.0,25,,,pruned,,,1578
"(((4, 2), (4, 3), (6, 11)), (1, 10))","(((4, 2), (4, 3), (6, 10)), (1, 10))",25,16,41.0,25,,,pruned,,,1579
"(((4, 2), (4, 3), (6, 10)), (1, 10))","(((3, 2), (4, 3), (6, 10)), (1, 10))",24,15.0,39.0,24,6,2,expanded,False,True,1580
"(((4, 3), (5, 10), (6, 2)), (1, 10))","(((4, 3), (5, 2), (5, 10)), (1, 10))",25,16,41.0,25,,,pruned,,,1581
"(((4, 3), (5, 2), (5, 10)), (1, 10))","(((3, 3), (5, 2), (5, 10)), (1, 10))",24,15.0,39.0,24,6,1,expanded,False,True,1582
"(((2, 2), (5, 2), (5, 10)), (1, 10))","(((3, 2), (5, 2), (5, 10)), (1, 10))",25,16,41.0,25,,,pruned,,,1583
"(((3, 2), (5, 10), (6, 2)), (1, 10))","(((3, 2), (5, 2), (5, 10)), (1, 10))",25,16,41.0,25,,,pruned,,,1584
"(((3, 2), (5, 2), (5, 10)), (1, 10))","(((3, 3), (5, 2), (5, 10)), (1, 10))",24,15.0,39.0,24,6,2,expanded,False,True,1585
"(((4, 1), (6, 4), (6, 7)), (1, 10))","(((4, 2), (6, 4), (6, 7)), (1, 10))",25,16,41.0,25,,,pruned,,,1586
"(((4, 2), (6, 4), (6, 7)), (1, 10))","(((4, 3), (6, 4), (6, 7)), (1, 10))",24,15.0,39.0,24,3,1,expanded,False,True,1587
"(((5, 4), (6, 2), (6, 9)), (1, 10))","(((5, 2), (5, 4), (6, 9)), (1, 10))",25,16,41.0,25,,,pruned,,,1588
"(((5, 2), (5, 4), (6, 9)), (1, 10))","(((4, 4), (5, 2), (6, 9)), (1, 10))",24,15.0,39.0,24,3,1,expanded,False,True,1589
"(((4, 1), (6, 5), (6, 6)), (1, 10))","(((4, 2), (6, 5), (6, 6)), (1, 10))",25,16,41.0,25,,,pruned,,,1590
"(((4, 2), (6, 5), (6, 6)), (1, 10))","(((4, 3), (6, 5), (6, 6)), (1, 10))",24,15.0,39.0,24,4,1,expanded,False,True,1591
"(((5, 4), (6, 4), (6, 6)), (1, 10))","(((4, 4), (6, 4), (6, 6)), (1, 10))",24,15.0,39.0,24,2,0,expanded,False,True,1592
"(((4, 2), (4, 7), (6, 3)), (1, 10))","(((4, 2), (4, 6), (6, 3)), (1, 10))",25,14,39.0,25,,,pruned,,,1593
"(((4, 1), (4, 6), (6, 3)), (1, 10))","(((4, 2), (4, 6), (6, 3)), (1, 10))",25,16,41.0,25,,,pruned,,,1594
"(((4, 2), (4, 6), (6, 2)), (1, 10))","(((4, 2), (4, 6), (6, 3)), (1, 10))",25,16,41.0,25,,,pruned,,,1595
"(((4, 2), (4, 6), (6, 3)), (1, 10))","(((3, 2), (4, 6), (6, 3)), (1, 10))",24,15.0,39.0,24,5,3,expanded,False,True,1596
"(((4, 4), (5, 2), (7, 10)), (1, 10))","(((4, 4), (5, 2), (6, 10)), (1, 10))",25,16,41.0,25,,,pruned,,,1597
"(((4, 4), (6, 2), (6, 10)), (1, 10))","(((4, 4), (5, 2), (6, 10)), (1, 10))",25,16,41.0,25,,,pruned,,,1598
"(((4, 4), (5, 2), (6, 10)), (1, 10))","(((4, 3), (5, 2), (6, 10)), (1, 10))",24,15.0,39.0,24,7,2,expanded,False,True,1599
"(((4, 5), (5, 4), (6, 3)), (2, 2))","(((4, 4), (5, 4), (6, 3)), (1, 10))",24,15.0,39.0,24,3,0,expanded,False,True,1600
"(((4, 3), (4, 10), (6, 2)), (1, 10))","(((4, 3), (4, 10), (5, 2)), (1, 10))",26,15,41.0,26,,,pruned,,,1601
"(((4, 3), (4, 10), (5, 2)), (1, 10))","(((3, 3), (4, 10), (5, 2)), (1, 10))",25,14.0,39.0,25,6,1,expanded,False,True,1602
"(((2, 2), (4, 10), (5, 2)), (1, 10))","(((3, 2), (4, 10), (5, 2)), (1, 10))",26,15,41.0,26,,,pruned,,,1603
"(((3, 2), (4, 10), (6, 2)), (1, 10))","(((3, 2), (4, 10), (5, 2)), (1, 10))",26,15,41.0,26,,,pruned,,,1604
"(((3, 2), (4, 10), (5, 2)), (1, 10))","(((3, 3), (4, 10), (5, 2)), (1, 10))",25,14.0,39.0,25,6,2,expanded,False,True,1605
"(((4, 3), (6, 4), (6, 9)), (1, 10))","(((4, 3), (5, 4), (6, 9)), (1, 10))",25,14.0,39.0,25,4,0,expanded,False,True,1606
"(((4, 3), (5, 4), (7, 10)), (1, 10))","(((4, 3), (5, 4), (6, 10)), (1, 10))",26,15,41.0,26,,,pruned,,,1607
"(((4, 3), (5, 4), (6, 11)), (1, 10))","(((4, 3), (5, 4), (6, 10)), (1, 10))",26,15,41.0,26,,,pruned,,,1608
"(((4, 3), (5, 4), (6, 10)), (1, 10))","(((4, 3), (5, 4), (6, 9)), (1, 10))",25,14.0,39.0,25,8,2,expanded,False,True,1609
"(((4, 1), (5, 4), (6, 9)), (1, 10))","(((4, 2), (5, 4), (6, 9)), (1, 10))",26,15,41.0,26,,,pruned,,,1610
"(((4, 2), (5, 4), (6, 9)), (1, 10))","(((4, 3), (5, 4), (6, 9)), (1, 10))",25,14.0,39.0,25,4,1,expanded,False,True,1611
"(((4, 2), (4, 3), (5, 10)), (1, 10))","(((3, 2), (4, 3), (5, 10)), (1, 10))",25,14.0,39.0,25,4,0,expanded,False,True,1612
"(((2, 2), (6, 4), (6, 9)), (1, 10))","(((3, 2), (6, 4), (6, 9)), (1, 10))",26,15,41.0,26,,,pruned,,,1613
"(((3, 2), (6, 4), (6, 9)), (1, 10))","(((3, 2), (5, 4), (6, 9)), (1, 10))",25,14.0,39.0,25,4,1,expanded,False,True,1614
"(((2, 2), (5, 4), (6, 10)), (1, 10))","(((3, 2), (5, 4), (6, 10)), (1, 10))",26,15,41.0,26,,,pruned,,,1615
"(((3, 2), (5, 4), (7, 10)), (1, 10))","(((3, 2), (5, 4), (6, 10)), (1, 10))",26,15,41.0,26,,,pruned,,,1616
"(((3, 2), (5, 4), (6, 11)), (1, 10))","(((3, 2), (5, 4), (6, 10)), (1, 10))",26,15,41.0,26,,,pruned,,,1617
"(((3, 2), (5, 4), (6, 10)), (1, 10))","(((3, 2), (5, 4), (6, 9)), (1, 10))",25,14.0,39.0,25,8,3,expanded,False,True,1618
"(((4, 2), (4, 4), (7, 10)), (1, 10))","(((4, 2), (4, 4), (6, 10)), (1, 10))",26,15,41.0,26,,,pruned,,,1619
"(((4, 1), (4, 4), (6, 10)), (1, 10))","(((4, 2), (4, 4), (6, 10)), (1, 10))",26,15,41.0,26,,,pruned,,,1620
"(((4, 2), (4, 4), (6, 10)), (1, 10))","(((3, 2), (4, 4), (6, 10)), (1, 10))",25,14.0,39.0,25,8,2,expanded,False,True,1621
"(((4, 1), (6, 5), (6, 7)), (1, 10))","(((4, 2), (6, 5), (6, 7)), (1, 10))",26,15,41.0,26,,,pruned,,,1622
"(((4, 2), (6, 5), (6, 7)), (1, 10))","(((4, 3), (6, 5), (6, 7)), (1, 10))",25,14.0,39.0,25,6,1,expanded,False,True,1623
"(((5, 4), (6, 4), (6, 7)), (1, 10))","(((4, 4), (6, 4), (6, 7)), (1, 10))",25,14.0,39.0,25,2,0,expanded,False,True,1624
"(((5, 4), (6, 5), (6, 6)), (1, 10))","(((4, 4), (6, 5), (6, 6)), (1, 10))",25,14.0,39.0,25,2,0,expanded,False,True,1625
"(((3, 4), (4, 4), (6, 2)), (1, 10))","(((3, 4), (4, 4), (6, 3)), (1, 10))",26,15,41.0,26,,,pruned,,,1626
"(((3, 4), (4, 4), (6, 3)), (1, 10))","(((3, 4), (4, 5), (6, 3)), (1, 10))",25,14.0,39.0,25,3,1,expanded,False,True,1627
"(((4, 4), (5, 10), (6, 2)), (1, 10))","(((4, 4), (5, 2), (5, 10)), (1, 10))",26,15,41.0,26,,,pruned,,,1628
"(((4, 4), (5, 2), (5, 10)), (1, 10))","(((4, 3), (5, 2), (5, 10)), (1, 10))",25,14.0,39.0,25,8,1,expanded,False,True,1629
"(((4, 7), (5, 4), (6, 3)), (2, 2))","(((4, 6), (5, 4), (6, 3)), (2, 2))",26,13,39.0,26,,,pruned,,,1630
"(((4, 6), (5, 4), (6, 3)), (2, 2))","(((4, 5), (5, 4), (6, 3)), (2, 2))",25,14.0,39.0,25,3,1,expanded,False,True,1631
"(((3, 11), (4, 3), (5, 2)), (1, 10))","(((3, 10), (4, 3), (5, 2)), (1, 10))",27,14,41.0,27,,,pruned,,,1632
"(((3, 10), (4, 3), (6, 2)), (1, 10))","(((3, 10), (4, 3), (5, 2)), (1, 10))",27,14,41.0,27,,,pruned,,,1633
"(((3, 10), (4, 3), (5, 2)), (1, 10))","(((3, 3), (3, 10), (5, 2)), (1, 10))",26,13.0,39.0,26,8,2,expanded,False,True,1634
"(((2, 2), (3, 10), (5, 2)), (1, 10))","(((3, 2), (3, 10), (5, 2)), (1, 10))",27,14,41.0,27,,,pruned,,,1635
"(((3, 2), (3, 11), (5, 2)), (1, 10))","(((3, 2), (3, 10), (5, 2)), (1, 10))",27,14,41.0,27,,,pruned,,,1636
"(((3, 2), (3, 10), (6, 2)), (1, 10))","(((3, 2), (3, 10), (5, 2)), (1, 10))",27,14,41.0,27,,,pruned,,,1637
"(((3, 2), (3, 10), (5, 2)), (1, 10))","(((3, 3), (3, 10), (5, 2)), (1, 10))",26,13.0,39.0,26,8,3,expanded,False,True,1638
"(((1, 10), (3, 3), (5, 2)), (1, 11))","(((2, 10), (3, 3), (5, 2)), (1, 10))",27,14,41.0,27,,,pruned,,,1639
"(((2, 3), (2, 10), (5, 2)), (1, 10))","(((2, 10), (3, 3), (5, 2)), (1, 10))",27,14,41.0,27,,,pruned,,,1640
"(((2, 10), (3, 3), (6, 2)), (1, 10))","(((2, 10), (3, 3), (5, 2)), (1, 10))",27,14,41.0,27,,,pruned,,,1641
"(((2, 10), (3, 3), (5, 2)), (1, 10))","(((3, 3), (3, 10), (5, 2)), (1, 10))",26,13.0,39.0,26,8,3,expanded,False,True,1642
"(((1, 10), (3, 2), (4, 2)), (1, 11))","(((2, 10), (3, 2), (4, 2)), (1, 10))",27,14,41.0,27,,,pruned,,,1643
"(((2, 10), (3, 2), (4, 1)), (1, 10))","(((2, 10), (3, 2), (4, 2)), (1, 10))",27,14,41.0,27,,,pruned,,,1644
"(((2, 10), (3, 2), (4, 2)), (1, 10))","(((3, 2), (3, 10), (4, 2)), (1, 10))",26,13.0,39.0,26,4,2,expanded,False,True,1645
"(((4, 2), (4, 3), (4, 10)), (1, 10))","(((3, 2), (4, 3), (4, 10)), (1, 10))",26,13.0,39.0,26,4,0,expanded,False,True,1646
"(((2, 3), (5, 4), (6, 10)), (1, 10))","(((3, 3), (5, 4), (6, 10)), (1, 10))",27,14,41.0,27,,,pruned,,,1647
"(((3, 3), (5, 4), (7, 10)), (1, 10))","(((3, 3), (5, 4), (6, 10)), (1, 10))",27,14,41.0,27,,,pruned,,,1648
"(((3, 3), (5, 4), (6, 11)), (1, 10))","(((3, 3), (5, 4), (6, 10)), (1, 10))",27,14,41.0,27,,,pruned,,,1649
"(((3, 3), (5, 4), (6, 10)), (1, 10))","(((3, 3), (4, 4), (6, 10)), (1, 10))",26,13.0,39.0,26,10,3,expanded,False,True,1650
"(((4, 3), (5, 4), (5, 10)), (1, 10))","(((3, 3), (5, 4), (5, 10)), (1, 10))",26,13.0,39.0,26,6,0,expanded,False,True,1651
"(((2, 2), (5, 4), (5, 10)), (1, 10))","(((3, 2), (5, 4), (5, 10)), (1, 10))",27,14,41.0,27,,,pruned,,,1652
"(((3, 2), (5, 4), (5, 10)), (1, 10))","(((3, 3), (5, 4), (5, 10)), (1, 10))",26,13.0,39.0,26,6,1,expanded,False,True,1653
"(((2, 3), (5, 10), (6, 4)), (1, 10))","(((3, 3), (5, 10), (6, 4)), (1, 10))",27,14,41.0,27,,,pruned,,,1654
"(((3, 3), (5, 10), (6, 4)), (1, 10))","(((3, 3), (5, 4), (5, 10)), (1, 10))",26,13.0,39.0,26,8,1,expanded,False,True,1655
"(((4, 1), (4, 4), (5, 10)), (1, 10))","(((4, 2), (4, 4), (5, 10)), (1, 10))",27,14,41.0,27,,,pruned,,,1656
"(((4, 2), (4, 4), (5, 10)), (1, 10))","(((3, 2), (4, 4), (5, 10)), (1, 10))",26,13.0,39.0,26,10,1,expanded,False,True,1657
"(((4, 4), (5, 4), (7, 10)), (1, 10))","(((4, 4), (5, 4), (6, 10)), (1, 10))",27,14,41.0,27,,,pruned,,,1658
"(((4, 4), (5, 4), (6, 11)), (1, 10))","(((4, 4), (5, 4), (6, 10)), (1, 10))",27,14,41.0,27,,,pruned,,,1659
"(((4, 4), (5, 4), (6, 10)), (1, 10))","(((4, 4), (5, 4), (6, 9)), (1, 10))",26,13.0,39.0,26,6,2,expanded,False,True,1660
"(((4, 1), (6, 6), (6, 7)), (1, 10))","(((4, 2), (6, 6), (6, 7)), (1, 10))",27,14,41.0,27,,,pruned,,,1661
"(((4, 2), (6, 6), (6, 7)), (1, 10))","(((4, 3), (6, 6), (6, 7)), (1, 10))",26,13.0,39.0,26,4,1,expanded,False,True,1662
"(((5, 4), (6, 5), (6, 7)), (1, 10))","(((4, 4), (6, 5), (6, 7)), (1, 10))",26,13.0,39.0,26,4,0,expanded,False,True,1663
"(((2, 3), (6, 5), (6, 6)), (1, 10))","(((3, 3), (6, 5), (6, 6)), (1, 10))",27,14,41.0,27,,,pruned,,,1664
"(((3, 3), (6, 5), (6, 6)), (1, 10))","(((3, 4), (6, 5), (6, 6)), (1, 10))",26,13.0,39.0,26,4,1,expanded,False,True,1665
"(((3, 3), (4, 7), (6, 3)), (1, 10))","(((3, 3), (4, 6), (6, 3)), (1, 10))",27,12,39.0,27,,,pruned,,,1666
"(((2, 3), (4, 6), (6, 3)), (1, 10))","(((3, 3), (4, 6), (6, 3)), (1, 10))",27,14,41.0,27,,,pruned,,,1667
"(((3, 3), (4, 6), (6, 2)), (1, 10))","(((3, 3), (4, 6), (6, 3)), (1, 10))",27,14,41.0,27,,,pruned,,,1668
"(((3, 3), (4, 6), (6, 3)), (1, 10))","(((3, 4), (4, 6), (6, 3)), (1, 10))",26,13.0,39.0,26,8,3,expanded,False,True,1669
"(((4, 4), (4, 10), (6, 2)), (1, 10))","(((4, 4), (4, 10), (5, 2)), (1, 10))",27,14,41.0,27,,,pruned,,,1670
"(((4, 4), (4, 10), (5, 2)), (1, 10))","(((4, 3), (4, 10), (5, 2)), (1, 10))",26,13.0,39.0,26,8,1,expanded,False,True,1671
"(((4, 3), (6, 5), (6, 9)), (1, 10))","(((4, 3), (6, 4), (6, 9)), (1, 10))",26,13.0,39.0,26,4,0,expanded,False,True,1672
"(((4, 4), (6, 4), (6, 9)), (1, 10))","(((4, 3), (6, 4), (6, 9)), (1, 10))",26,13.0,39.0,26,5,0,expanded,False,True,1673
"(((2, 2), (6, 5), (6, 9)), (1, 10))","(((3, 2), (6, 5), (6, 9)), (1, 10))",27,14,41.0,27,,,pruned,,,1674
"(((3, 2), (6, 5), (6, 9)), (1, 10))","(((3, 2), (6, 4), (6, 9)), (1, 10))",26,13.0,39.0,26,4,1,expanded,False,True,1675
"(((4, 5), (5, 10), (6, 2)), (1, 10))","(((4, 5), (5, 2), (5, 10)), (1, 10))",27,14,41.0,27,,,pruned,,,1676
"(((4, 5), (5, 2), (5, 10)), (1, 10))","(((4, 4), (5, 2), (5, 10)), (1, 10))",26,13.0,39.0,26,6,1,expanded,False,True,1677
"(((3, 9), (4, 3), (6, 2)), (1, 10))","(((3, 9), (4, 3), (5, 2)), (1, 10))",28,13,41.0,28,,,pruned,,,1678
"(((3, 9), (4, 3), (5, 2)), (1, 10))","(((3, 3), (3, 9), (5, 2)), (1, 10))",27,12.0,39.0,27,6,1,expanded,False,True,1679
"(((2, 2), (3, 9), (5, 2)), (1, 10))","(((3, 2), (3, 9), (5, 2)), (1, 10))",28,13,41.0,28,,,pruned,,,1680
"(((3, 2), (3, 9), (6, 2)), (1, 10))","(((3, 2), (3, 9), (5, 2)), (1, 10))",28,13,41.0,28,,,pruned,,,1681
"(((3, 2), (3, 9), (5, 2)), (1, 10))","(((3, 3), (3, 9), (5, 2)), (1, 10))",27,12.0,39.0,27,6,2,expanded,False,True,1682
"(((3, 11), (4, 2), (4, 3)), (1, 10))","(((3, 10), (4, 2), (4, 3)), (1, 10))",28,13,41.0,28,,,pruned,,,1683
"(((3, 10), (4, 2), (4, 3)), (1, 10))","(((3, 2), (3, 10), (4, 3)), (1, 10))",27,12.0,39.0,27,6,1,expanded,False,True,1684
"(((2, 2), (2, 10), (4, 3)), (1, 10))","(((2, 10), (3, 2), (4, 3)), (1, 10))",28,13,41.0,28,,,pruned,,,1685
"(((1, 10), (3, 2), (4, 3)), (1, 11))","(((2, 10), (3, 2), (4, 3)), (1, 10))",28,13,41.0,28,,,pruned,,,1686
"(((2, 10), (3, 2), (4, 3)), (1, 10))","(((3, 2), (3, 10), (4, 3)), (1, 10))",27,12.0,39.0,27,6,2,expanded,False,True,1687
"(((2, 3), (4, 10), (6, 4)), (1, 10))","(((3, 3), (4, 10), (6, 4)), (1, 10))",28,13,41.0,28,,,pruned,,,1688
"(((3, 3), (4, 10), (6, 4)), (1, 10))","(((3, 3), (4, 10), (5, 4)), (1, 10))",27,12.0,39.0,27,8,1,expanded,False,True,1689
"(((4, 3), (4, 10), (5, 4)), (1, 10))","(((3, 3), (4, 10), (5, 4)), (1, 10))",27,12.0,39.0,27,6,0,expanded,False,True,1690
"(((2, 2), (4, 10), (5, 4)), (1, 10))","(((3, 2), (4, 10), (5, 4)), (1, 10))",28,13,41.0,28,,,pruned,,,1691
"(((3, 2), (4, 10), (5, 4)), (1, 10))","(((3, 3), (4, 10), (5, 4)), (1, 10))",27,12.0,39.0,27,6,1,expanded,False,True,1692
"(((4, 1), (4, 4), (4, 10)), (1, 10))","(((4, 2), (4, 4), (4, 10)), (1, 10))",28,13,41.0,28,,,pruned,,,1693
"(((4, 2), (4, 4), (4, 10)), (1, 10))","(((3, 2), (4, 4), (4, 10)), (1, 10))",27,12.0,39.0,27,10,1,expanded,False,True,1694
"(((2, 3), (5, 4), (6, 9)), (1, 10))","(((3, 3), (5, 4), (6, 9)), (1, 10))",28,13,41.0,28,,,pruned,,,1695
"(((3, 3), (5, 4), (6, 9)), (1, 10))","(((3, 3), (4, 4), (6, 9)), (1, 10))",27,12.0,39.0,27,8,1,expanded,False,True,1696
"(((4, 3), (4, 5), (7, 10)), (1, 10))","(((4, 3), (4, 5), (6, 10)), (1, 10))",28,13,41.0,28,,,pruned,,,1697
"(((4, 3), (4, 5), (6, 10)), (1, 10))","(((4, 3), (4, 5), (5, 10)), (1, 10))",27,12.0,39.0,27,4,1,expanded,False,True,1698
"(((4, 1), (4, 5), (5, 10)), (1, 10))","(((4, 2), (4, 5), (5, 10)), (1, 10))",28,13,41.0,28,,,pruned,,,1699
"(((4, 2), (4, 5), (5, 10)), (1, 10))","(((4, 3), (4, 5), (5, 10)), (1, 10))",27,12.0,39.0,27,8,1,expanded,False,True,1700
"(((3, 2), (4, 5), (7, 10)), (1, 10))","(((3, 2), (4, 5), (6, 10)), (1, 10))",28,13,41.0,28,,,pruned,,,1701
"(((3, 2), (4, 5), (6, 10)), (1, 10))","(((3, 2), (4, 5), (5, 10)), (1, 10))",27,12.0,39.0,27,4,1,expanded,False,True,1702
"(((3, 4), (5, 4), (7, 10)), (1, 10))","(((3, 4), (5, 4), (6, 10)), (1, 10))",28,13,41.0,28,,,pruned,,,1703
"(((3, 4), (5, 4), (6, 11)), (1, 10))","(((3, 4), (5, 4), (6, 10)), (1, 10))",28,13,41.0,28,,,pruned,,,1704
"(((3, 5), (5, 4), (6, 10)), (1, 10))","(((3, 4), (5, 4), (6, 10)), (1, 10))",28,11,39.0,28,,,pruned,,,1705
"(((3, 4), (5, 4), (6, 10)), (1, 10))","(((3, 4), (5, 4), (5, 10)), (1, 10))",27,12.0,39.0,27,8,3,expanded,False,True,1706
"(((3, 5), (5, 10), (6, 4)), (1, 10))","(((3, 4), (5, 10), (6, 4)), (1, 10))",28,11,39.0,28,,,pruned,,,1707
"(((3, 4), (5, 10), (6, 4)), (1, 10))","(((3, 4), (5, 4), (5, 10)), (1, 10))",27,12.0,39.0,27,6,1,expanded,False,True,1708
"(((5, 4), (6, 6), (6, 7)), (1, 10))","(((4, 4), (6, 6), (6, 7)), (1, 10))",27,12.0,39.0,27,2,0,expanded,False,True,1709
"(((2, 3), (6, 5), (6, 7)), (1, 10))","(((3, 3), (6, 5), (6, 7)), (1, 10))",28,13,41.0,28,,,pruned,,,1710
"(((3, 3), (6, 5), (6, 7)), (1, 10))","(((3, 4), (6, 5), (6, 7)), (1, 10))",27,12.0,39.0,27,6,1,expanded,False,True,1711
"(((3, 11), (4, 4), (5, 2)), (1, 10))","(((3, 10), (4, 4), (5, 2)), (2, 2))",28,13,41.0,28,,,pruned,,,1712
"(((3, 10), (4, 4), (6, 2)), (2, 2))","(((3, 10), (4, 4), (5, 2)), (2, 2))",28,13,41.0,28,,,pruned,,,1713
"(((3, 10), (4, 4), (5, 2)), (2, 2))","(((3, 10), (4, 3), (5, 2)), (1, 10))",27,12.0,39.0,27,5,2,expanded,False,True,1714
"(((4, 4), (5, 4), (5, 10)), (1, 10))","(((4, 3), (5, 4), (5, 10)), (1, 10))",27,12.0,39.0,27,4,0,expanded,False,True,1715
"(((2, 3), (5, 10), (6, 5)), (1, 10))","(((3, 3), (5, 10), (6, 5)), (1, 10))",28,13,41.0,28,,,pruned,,,1716
"(((3, 3), (5, 10), (6, 5)), (1, 10))","(((3, 3), (5, 10), (6, 4)), (1, 10))",27,12.0,39.0,27,8,1,expanded,False,True,1717
"(((4, 5), (4, 10), (6, 2)), (1, 10))","(((4, 5), (4, 10), (5, 2)), (1, 10))",28,13,41.0,28,,,pruned,,,1718
"(((4, 5), (4, 10), (5, 2)), (1, 10))","(((4, 4), (4, 10), (5, 2)), (1, 10))",27,12.0,39.0,27,6,1,expanded,False,True,1719
"(((3, 10), (4, 4), (5, 2)), (1, 10))","(((4, 4), (4, 10), (5, 2)), (1, 10))",27,12.0,39.0,27,5,0,expanded,False,True,1720
"(((4, 3), (6, 6), (6, 9)), (1, 10))","(((4, 3), (6, 5), (6, 9)), (1, 10))",27,12.0,39.0,27,4,0,expanded,False,True,1721
"(((4, 4), (6, 5), (6, 9)), (1, 10))","(((4, 3), (6, 5), (6, 9)), (1, 10))",27,12.0,39.0,27,6,0,expanded,False,True,1722
"(((2, 2), (6, 6), (6, 9)), (1, 10))","(((3, 2), (6, 6), (6, 9)), (1, 10))",28,13,41.0,28,,,pruned,,,1723
"(((3, 2), (6, 6), (6, 9)), (1, 10))","(((3, 2), (6, 5), (6, 9)), (1, 10))",27,12.0,39.0,27,4,1,expanded,False,True,1724
"(((4, 7), (5, 2), (5, 10)), (1, 10))","(((4, 6), (5, 2), (5, 10)), (1, 10))",28,11,39.0,28,,,pruned,,,1725
"(((4, 6), (5, 10), (6, 2)), (1, 10))","(((4, 6), (5, 2), (5, 10)), (1, 10))",28,13,41.0,28,,,pruned,,,1726
"(((4, 6), (5, 2), (5, 10)), (1, 10))","(((4, 5), (5, 2), (5, 10)), (1, 10))",27,12.0,39.0,27,6,2,expanded,False,True,1727
"(((3, 2), (3, 7), (4, 1)), (1, 10))","(((3, 2), (3, 7), (4, 2)), (1, 10))",29,12,41.0,29,,,pruned,,,1728
"(((3, 2), (3, 7), (4, 2)), (1, 10))","(((3, 3), (3, 7), (4, 2)), (1, 10))",28,11.0,39.0,28,2,1,expanded,False,True,1729
"(((2, 3), (3, 7), (5, 2)), (1, 10))","(((3, 3), (3, 7), (5, 2)), (1, 10))",29,12,41.0,29,,,pruned,,,1730
"(((3, 3), (3, 7), (6, 2)), (1, 10))","(((3, 3), (3, 7), (5, 2)), (1, 10))",29,12,41.0,29,,,pruned,,,1731
"(((3, 3), (3, 7), (5, 2)), (1, 10))","(((3, 4), (3, 7), (5, 2)), (1, 10))",28,11.0,39.0,28,6,2,expanded,False,True,1732
"(((3, 9), (4, 2), (4, 3)), (1, 10))","(((3, 2), (3, 9), (4, 3)), (1, 10))",28,11.0,39.0,28,4,0,expanded,False,True,1733
"(((1, 10), (3, 3), (5, 4)), (1, 11))","(((2, 10), (3, 3), (5, 4)), (1, 10))",29,12,41.0,29,,,pruned,,,1734
"(((2, 3), (2, 10), (5, 4)), (1, 10))","(((2, 10), (3, 3), (5, 4)), (1, 10))",29,12,41.0,29,,,pruned,,,1735
"(((2, 10), (3, 3), (5, 4)), (1, 10))","(((2, 10), (3, 3), (4, 4)), (1, 10))",28,11.0,39.0,28,8,2,expanded,False,True,1736
"(((1, 10), (4, 3), (4, 4)), (1, 11))","(((2, 10), (4, 3), (4, 4)), (1, 10))",29,12,41.0,29,,,pruned,,,1737
"(((2, 10), (4, 3), (4, 4)), (1, 10))","(((2, 10), (3, 3), (4, 4)), (1, 10))",28,11.0,39.0,28,4,1,expanded,False,True,1738
"(((1, 10), (3, 2), (4, 4)), (1, 11))","(((2, 10), (3, 2), (4, 4)), (1, 10))",29,12,41.0,29,,,pruned,,,1739
"(((2, 2), (2, 10), (4, 4)), (1, 10))","(((2, 10), (3, 2), (4, 4)), (1, 10))",29,12,41.0,29,,,pruned,,,1740
"(((2, 10), (3, 2), (4, 4)), (1, 10))","(((2, 10), (3, 3), (4, 4)), (1, 10))",28,11.0,39.0,28,8,2,expanded,False,True,1741
"(((4, 3), (4, 6), (7, 10)), (1, 10))","(((4, 3), (4, 6), (6, 10)), (1, 10))",29,12,41.0,29,,,pruned,,,1742
"(((4, 3), (4, 6), (6, 10)), (1, 10))","(((4, 3), (4, 6), (5, 10)), (1, 10))",28,11.0,39.0,28,4,1,expanded,False,True,1743
"(((4, 2), (4, 7), (5, 10)), (1, 10))","(((4, 2), (4, 6), (5, 10)), (1, 10))",29,10,39.0,29,,,pruned,,,1744
"(((4, 1), (4, 6), (5, 10)), (1, 10))","(((4, 2), (4, 6), (5, 10)), (1, 10))",29,12,41.0,29,,,pruned,,,1745
"(((4, 2), (4, 6), (5, 10)), (1, 10))","(((4, 3), (4, 6), (5, 10)), (1, 10))",28,11.0,39.0,28,8,2,expanded,False,True,1746
"(((3, 2), (4, 6), (7, 10)), (1, 10))","(((3, 2), (4, 6), (6, 10)), (1, 10))",29,12,41.0,29,,,pruned,,,1747
"(((3, 2), (4, 6), (6, 10)), (1, 10))","(((3, 2), (4, 6), (5, 10)), (1, 10))",28,11.0,39.0,28,4,1,expanded,False,True,1748
"(((3, 11), (4, 3), (5, 4)), (1, 10))","(((3, 10), (4, 3), (5, 4)), (1, 10))",29,12,41.0,29,,,pruned,,,1749
"(((3, 10), (4, 3), (5, 4)), (1, 10))","(((3, 10), (4, 3), (4, 4)), (1, 10))",28,11.0,39.0,28,8,1,expanded,False,True,1750
"(((4, 1), (4, 5), (4, 10)), (1, 10))","(((4, 2), (4, 5), (4, 10)), (1, 10))",29,12,41.0,29,,,pruned,,,1751
"(((4, 2), (4, 5), (4, 10)), (1, 10))","(((4, 3), (4, 5), (4, 10)), (1, 10))",28,11.0,39.0,28,8,1,expanded,False,True,1752
"(((3, 4), (4, 4), (6, 6)), (1, 10))","(((3, 4), (4, 4), (6, 7)), (1, 10))",28,11.0,39.0,28,3,0,expanded,False,True,1753
"(((3, 3), (4, 4), (6, 7)), (1, 10))","(((3, 4), (4, 4), (6, 7)), (1, 10))",28,11.0,39.0,28,4,0,expanded,False,True,1754
"(((2, 2), (3, 10), (5, 4)), (1, 10))","(((3, 2), (3, 10), (5, 4)), (1, 10))",29,12,41.0,29,,,pruned,,,1755
"(((3, 2), (3, 11), (5, 4)), (1, 10))","(((3, 2), (3, 10), (5, 4)), (1, 10))",29,12,41.0,29,,,pruned,,,1756
"(((3, 2), (3, 10), (5, 4)), (1, 10))","(((3, 2), (3, 10), (4, 4)), (1, 10))",28,11.0,39.0,28,8,2,expanded,False,True,1757
"(((3, 11), (4, 2), (4, 4)), (1, 10))","(((3, 10), (4, 2), (4, 4)), (2, 2))",29,12,41.0,29,,,pruned,,,1758
"(((3, 10), (4, 1), (4, 4)), (1, 10))","(((3, 10), (4, 2), (4, 4)), (2, 2))",29,12,41.0,29,,,pruned,,,1759
"(((3, 10), (4, 2), (4, 4)), (2, 2))","(((3, 2), (3, 10), (4, 4)), (1, 10))",28,11.0,39.0,28,6,2,expanded,False,True,1760
"(((2, 3), (3, 10), (6, 4)), (2, 2))","(((3, 3), (3, 10), (6, 4)), (2, 2))",29,12,41.0,29,,,pruned,,,1761
"(((3, 3), (3, 11), (6, 4)), (1, 10))","(((3, 3), (3, 10), (6, 4)), (2, 2))",29,12,41.0,29,,,pruned,,,1762
"(((3, 3), (3, 10), (6, 4)), (2, 2))","(((3, 3), (3, 10), (5, 4)), (1, 10))",28,11.0,39.0,28,6,2,expanded,False,True,1763
"(((3, 5), (4, 10), (6, 4)), (1, 10))","(((3, 4), (4, 10), (6, 4)), (1, 10))",29,10,39.0,29,,,pruned,,,1764
"(((3, 4), (4, 10), (6, 4)), (1, 10))","(((3, 4), (4, 10), (5, 4)), (1, 10))",28,11.0,39.0,28,6,1,expanded,False,True,1765
"(((4, 5), (5, 4), (5, 10)), (1, 10))","(((4, 4), (4, 5), (5, 10)), (1, 10))",28,11.0,39.0,28,6,0,expanded,False,True,1766
"(((4, 4), (4, 5), (7, 10)), (1, 10))","(((4, 4), (4, 5), (6, 10)), (1, 10))",29,12,41.0,29,,,pruned,,,1767
"(((4, 4), (4, 5), (6, 10)), (1, 10))","(((4, 4), (4, 5), (5, 10)), (1, 10))",28,11.0,39.0,28,3,1,expanded,False,True,1768
"(((2, 3), (6, 6), (6, 7)), (1, 10))","(((3, 3), (6, 6), (6, 7)), (1, 10))",29,12,41.0,29,,,pruned,,,1769
"(((3, 3), (6, 6), (6, 7)), (1, 10))","(((3, 4), (6, 6), (6, 7)), (1, 10))",28,11.0,39.0,28,4,1,expanded,False,True,1770
"(((3, 9), (4, 4), (6, 2)), (2, 2))","(((3, 9), (4, 4), (5, 2)), (2, 2))",29,12,41.0,29,,,pruned,,,1771
"(((3, 9), (4, 4), (5, 2)), (2, 2))","(((3, 9), (4, 3), (5, 2)), (1, 10))",28,11.0,39.0,28,5,1,expanded,False,True,1772
"(((3, 3), (3, 10), (6, 4)), (1, 10))","(((3, 3), (4, 10), (6, 4)), (1, 10))",28,11.0,39.0,28,4,0,expanded,False,True,1773
"(((2, 3), (4, 10), (6, 5)), (1, 10))","(((3, 3), (4, 10), (6, 5)), (1, 10))",29,12,41.0,29,,,pruned,,,1774
"(((3, 3), (4, 10), (6, 5)), (1, 10))","(((3, 3), (4, 10), (6, 4)), (1, 10))",28,11.0,39.0,28,8,1,expanded,False,True,1775
"(((4, 4), (4, 10), (5, 4)), (1, 10))","(((4, 3), (4, 10), (5, 4)), (1, 10))",28,11.0,39.0,28,4,0,expanded,False,True,1776
"(((3, 10), (4, 2), (4, 4)), (1, 10))","(((4, 2), (4, 4), (4, 10)), (1, 10))",28,11.0,39.0,28,6,0,expanded,False,True,1777
"(((3, 5), (5, 4), (6, 9)), (1, 10))","(((3, 4), (5, 4), (6, 9)), (1, 10))",29,10,39.0,29,,,pruned,,,1778
"(((3, 4), (5, 4), (6, 9)), (1, 10))","(((3, 3), (5, 4), (6, 9)), (1, 10))",28,11.0,39.0,28,6,1,expanded,False,True,1779
"(((4, 3), (4, 5), (6, 9)), (1, 10))","(((4, 3), (4, 5), (6, 10)), (1, 10))",28,11.0,39.0,28,2,0,expanded,False,True,1780
"(((3, 2), (4, 5), (6, 9)), (1, 10))","(((3, 2), (4, 5), (6, 10)), (1, 10))",28,11.0,39.0,28,2,0,expanded,False,True,1781
"(((3, 5), (5, 10), (6, 5)), (1, 10))","(((3, 4), (5, 10), (6, 5)), (1, 10))",29,10,39.0,29,,,pruned,,,1782
"(((3, 4), (5, 10), (6, 5)), (1, 10))","(((3, 4), (5, 10), (6, 4)), (1, 10))",28,11.0,39.0,28,6,1,expanded,False,True,1783
"(((3, 10), (4, 5), (6, 2)), (1, 10))","(((3, 10), (4, 5), (5, 2)), (1, 10))",29,12,41.0,29,,,pruned,,,1784
"(((3, 10), (4, 5), (5, 2)), (1, 10))","(((3, 10), (4, 4), (5, 2)), (2, 2))",28,11.0,39.0,28,6,1,expanded,False,True,1785
"(((2, 3), (5, 10), (6, 6)), (1, 10))","(((3, 3), (5, 10), (6, 6)), (1, 10))",29,12,41.0,29,,,pruned,,,1786
"(((3, 3), (5, 10), (6, 6)), (1, 10))","(((3, 3), (5, 10), (6, 5)), (1, 10))",28,11.0,39.0,28,8,1,expanded,False,True,1787
"(((4, 7), (4, 10), (5, 2)), (1, 10))","(((4, 6), (4, 10), (5, 2)), (1, 10))",29,10,39.0,29,,,pruned,,,1788
"(((4, 6), (4, 10), (6, 2)), (1, 10))","(((4, 6), (4, 10), (5, 2)), (1, 10))",29,12,41.0,29,,,pruned,,,1789
"(((4, 6), (4, 10), (5, 2)), (1, 10))","(((4, 5), (4, 10), (5, 2)), (1, 10))",28,11.0,39.0,28,6,2,expanded,False,True,1790
"(((3, 9), (4, 4), (5, 2)), (1, 10))","(((3, 10), (4, 4), (5, 2)), (1, 10))",28,11.0,39.0,28,3,0,expanded,False,True,1791
"(((4, 3), (6, 7), (6, 9)), (1, 10))","(((4, 3), (6, 6), (6, 9)), (1, 10))",28,11.0,39.0,28,4,0,expanded,False,True,1792
"(((4, 4), (6, 6), (6, 9)), (1, 10))","(((4, 3), (6, 6), (6, 9)), (1, 10))",28,11.0,39.0,28,6,0,expanded,False,True,1793
"(((3, 5), (6, 5), (6, 9)), (1, 10))","(((3, 4), (6, 5), (6, 9)), (1, 10))",29,10,39.0,29,,,pruned,,,1794
"(((3, 4), (6, 5), (6, 9)), (1, 10))","(((4, 4), (6, 5), (6, 9)), (1, 10))",28,11.0,39.0,28,4,1,expanded,False,True,1795
"(((2, 2), (6, 7), (6, 9)), (1, 10))","(((3, 2), (6, 7), (6, 9)), (1, 10))",29,12,41.0,29,,,pruned,,,1796
"(((3, 2), (6, 7), (6, 9)), (1, 10))","(((3, 2), (6, 6), (6, 9)), (1, 10))",28,11.0,39.0,28,4,1,expanded,False,True,1797
"(((4, 2), (4, 7), (4, 10)), (1, 10))","(((4, 2), (4, 6), (4, 10)), (1, 10))",30,9,39.0,30,,,pruned,,,1798
"(((4, 1), (4, 6), (4, 10)), (1, 10))","(((4, 2), (4, 6), (4, 10)), (1, 10))",30,11,41.0,30,,,pruned,,,1799
"(((4, 2), (4, 6), (4, 10)), (1, 10))","(((4, 3), (4, 6), (4, 10)), (1, 10))",29,10.0,39.0,29,8,2,expanded,False,True,1800
"(((2, 2), (3, 7), (4, 3)), (1, 10))","(((3, 2), (3, 7), (4, 3)), (1, 10))",30,11,41.0,30,,,pruned,,,1801
"(((3, 2), (3, 7), (4, 3)), (1, 10))","(((3, 3), (3, 7), (4, 3)), (1, 10))",29,10.0,39.0,29,4,1,expanded,False,True,1802
"(((3, 9), (4, 3), (5, 4)), (1, 10))","(((3, 9), (4, 3), (4, 4)), (1, 10))",29,10.0,39.0,29,6,0,expanded,False,True,1803
"(((1, 10), (4, 3), (4, 5)), (1, 11))","(((2, 10), (4, 3), (4, 5)), (1, 10))",30,11,41.0,30,,,pruned,,,1804
"(((2, 10), (4, 3), (4, 5)), (1, 10))","(((3, 10), (4, 3), (4, 5)), (1, 10))",29,10.0,39.0,29,6,1,expanded,False,True,1805
"(((3, 10), (4, 1), (4, 5)), (1, 10))","(((3, 10), (4, 2), (4, 5)), (1, 10))",30,11,41.0,30,,,pruned,,,1806
"(((3, 10), (4, 2), (4, 5)), (1, 10))","(((3, 10), (4, 3), (4, 5)), (1, 10))",29,10.0,39.0,29,8,1,expanded,False,True,1807
"(((1, 10), (3, 2), (4, 5)), (1, 11))","(((2, 10), (3, 2), (4, 5)), (1, 10))",30,11,41.0,30,,,pruned,,,1808
"(((2, 2), (2, 10), (4, 5)), (1, 10))","(((2, 10), (3, 2), (4, 5)), (1, 10))",30,11,41.0,30,,,pruned,,,1809
"(((2, 10), (3, 2), (4, 5)), (1, 10))","(((3, 2), (3, 10), (4, 5)), (1, 10))",29,10.0,39.0,29,6,2,expanded,False,True,1810
"(((3, 4), (4, 5), (6, 6)), (1, 10))","(((3, 4), (4, 5), (6, 7)), (1, 10))",29,10.0,39.0,29,2,0,expanded,False,True,1811
"(((2, 2), (3, 9), (5, 4)), (1, 10))","(((3, 2), (3, 9), (5, 4)), (1, 10))",30,11,41.0,30,,,pruned,,,1812
"(((3, 2), (3, 9), (5, 4)), (1, 10))","(((3, 2), (3, 9), (4, 4)), (1, 10))",29,10.0,39.0,29,6,1,expanded,False,True,1813
"(((3, 9), (4, 1), (4, 4)), (1, 10))","(((3, 9), (4, 2), (4, 4)), (2, 2))",30,11,41.0,30,,,pruned,,,1814
"(((3, 9), (4, 2), (4, 4)), (2, 2))","(((3, 2), (3, 9), (4, 4)), (1, 10))",29,10.0,39.0,29,6,1,expanded,False,True,1815
"(((4, 7), (5, 4), (5, 10)), (1, 10))","(((4, 6), (5, 4), (5, 10)), (1, 10))",30,9,39.0,30,,,pruned,,,1816
"(((4, 6), (5, 4), (5, 10)), (1, 10))","(((4, 4), (4, 6), (5, 10)), (1, 10))",29,10.0,39.0,29,6,1,expanded,False,True,1817
"(((4, 4), (4, 6), (7, 10)), (1, 10))","(((4, 4), (4, 6), (6, 10)), (1, 10))",30,11,41.0,30,,,pruned,,,1818
"(((4, 4), (4, 6), (6, 10)), (1, 10))","(((4, 4), (4, 6), (5, 10)), (1, 10))",29,10.0,39.0,29,4,1,expanded,False,True,1819
"(((4, 5), (4, 10), (5, 4)), (1, 10))","(((4, 4), (4, 5), (4, 10)), (1, 10))",29,10.0,39.0,29,6,0,expanded,False,True,1820
"(((3, 4), (3, 11), (6, 4)), (1, 10))","(((3, 4), (3, 10), (6, 4)), (2, 2))",30,11,41.0,30,,,pruned,,,1821
"(((3, 5), (3, 10), (6, 4)), (2, 2))","(((3, 4), (3, 10), (6, 4)), (2, 2))",30,9,39.0,30,,,pruned,,,1822
"(((3, 4), (3, 10), (6, 4)), (2, 2))","(((3, 4), (3, 10), (5, 4)), (1, 10))",29,10.0,39.0,29,4,2,expanded,False,True,1823
"(((1, 10), (3, 4), (5, 4)), (1, 11))","(((2, 10), (3, 4), (5, 4)), (1, 10))",30,11,41.0,30,,,pruned,,,1824
"(((2, 10), (3, 5), (5, 4)), (1, 10))","(((2, 10), (3, 4), (5, 4)), (1, 10))",30,9,39.0,30,,,pruned,,,1825
"(((2, 10), (3, 4), (5, 4)), (1, 10))","(((3, 4), (3, 10), (5, 4)), (1, 10))",29,10.0,39.0,29,6,2,expanded,False,True,1826
"(((2, 3), (3, 9), (6, 4)), (2, 2))","(((3, 3), (3, 9), (6, 4)), (2, 2))",30,11,41.0,30,,,pruned,,,1827
"(((3, 3), (3, 9), (6, 4)), (2, 2))","(((3, 3), (3, 9), (5, 4)), (1, 10))",29,10.0,39.0,29,6,1,expanded,False,True,1828
"(((3, 3), (4, 5), (6, 7)), (1, 10))","(((3, 3), (4, 5), (6, 8)), (1, 10))",29,10.0,39.0,29,2,0,expanded,False,True,1829
"(((4, 3), (4, 6), (6, 9)), (1, 10))","(((4, 3), (4, 6), (6, 10)), (1, 10))",29,10.0,39.0,29,2,0,expanded,False,True,1830
"(((3, 2), (4, 6), (6, 9)), (1, 10))","(((3, 2), (4, 6), (6, 10)), (1, 10))",29,10.0,39.0,29,2,0,expanded,False,True,1831
"(((3, 11), (4, 4), (5, 4)), (1, 10))","(((3, 10), (4, 4), (5, 4)), (1, 10))",30,11,41.0,30,,,pruned,,,1832
"(((3, 10), (4, 4), (5, 4)), (1, 10))","(((3, 10), (4, 3), (5, 4)), (1, 10))",29,10.0,39.0,29,6,1,expanded,False,True,1833
"(((2, 3), (3, 10), (6, 5)), (2, 2))","(((3, 3), (3, 10), (6, 5)), (2, 2))",30,11,41.0,30,,,pruned,,,1834
"(((3, 3), (3, 11), (6, 5)), (1, 10))","(((3, 3), (3, 10), (6, 5)), (2, 2))",30,11,41.0,30,,,pruned,,,1835
"(((3, 3), (3, 10), (6, 5)), (2, 2))","(((3, 3), (3, 10), (6, 4)), (2, 2))",29,10.0,39.0,29,6,2,expanded,False,True,1836
"(((3, 4), (3, 10), (6, 4)), (1, 10))","(((3, 4), (4, 10), (6, 4)), (1, 10))",29,10.0,39.0,29,4,0,expanded,False,True,1837
"(((3, 5), (4, 10), (6, 5)), (1, 10))","(((3, 4), (4, 10), (6, 5)), (1, 10))",30,9,39.0,30,,,pruned,,,1838
"(((3, 4), (4, 10), (6, 5)), (1, 10))","(((3, 4), (4, 10), (6, 4)), (1, 10))",29,10.0,39.0,29,6,1,expanded,False,True,1839
"(((4, 4), (4, 5), (6, 9)), (1, 10))","(((4, 4), (4, 5), (6, 10)), (1, 10))",29,10.0,39.0,29,1,0,expanded,False,True,1840
"(((3, 9), (4, 5), (6, 2)), (1, 10))","(((3, 9), (4, 5), (5, 2)), (1, 10))",30,11,41.0,30,,,pruned,,,1841
"(((3, 9), (4, 5), (5, 2)), (1, 10))","(((3, 9), (4, 4), (5, 2)), (2, 2))",29,10.0,39.0,29,4,1,expanded,False,True,1842
"(((3, 3), (3, 9), (6, 4)), (1, 10))","(((3, 3), (3, 10), (6, 4)), (1, 10))",29,10.0,39.0,29,2,0,expanded,False,True,1843
"(((3, 3), (3, 10), (6, 5)), (1, 10))","(((3, 3), (4, 10), (6, 5)), (1, 10))",29,10.0,39.0,29,4,0,expanded,False,True,1844
"(((2, 3), (4, 10), (6, 6)), (1, 10))","(((3, 3), (4, 10), (6, 6)), (1, 10))",30,11,41.0,30,,,pruned,,,1845
"(((3, 3), (4, 10), (6, 6)), (1, 10))","(((3, 3), (4, 10), (6, 5)), (1, 10))",29,10.0,39.0,29,8,1,expanded,False,True,1846
"(((3, 9), (4, 2), (4, 4)), (1, 10))","(((3, 10), (4, 2), (4, 4)), (1, 10))",29,10.0,39.0,29,4,0,expanded,False,True,1847
"(((3, 5), (5, 10), (6, 6)), (1, 10))","(((3, 4), (5, 10), (6, 6)), (1, 10))",30,9,39.0,30,,,pruned,,,1848
"(((3, 4), (5, 10), (6, 6)), (1, 10))","(((3, 4), (5, 10), (6, 5)), (1, 10))",29,10.0,39.0,29,6,1,expanded,False,True,1849
"(((3, 10), (4, 7), (5, 2)), (1, 10))","(((3, 10), (4, 6), (5, 2)), (1, 10))",30,9,39.0,30,,,pruned,,,1850
"(((3, 10), (4, 6), (6, 2)), (1, 10))","(((3, 10), (4, 6), (5, 2)), (1, 10))",30,11,41.0,30,,,pruned,,,1851
"(((3, 10), (4, 6), (5, 2)), (1, 10))","(((3, 10), (4, 5), (5, 2)), (1, 10))",29,10.0,39.0,29,6,2,expanded,False,True,1852
"(((2, 3), (5, 10), (6, 7)), (1, 10))","(((3, 3), (5, 10), (6, 7)), (1, 10))",30,11,41.0,30,,,pruned,,,1853
"(((3, 3), (5, 10), (6, 7)), (1, 10))","(((3, 3), (5, 10), (6, 6)), (1, 10))",29,10.0,39.0,29,8,1,expanded,False,True,1854
"(((4, 4), (6, 7), (6, 9)), (1, 10))","(((4, 3), (6, 7), (6, 9)), (1, 10))",29,10.0,39.0,29,6,0,expanded,False,True,1855
"(((3, 5), (6, 6), (6, 9)), (1, 10))","(((3, 4), (6, 6), (6, 9)), (1, 10))",30,9,39.0,30,,,pruned,,,1856
"(((3, 4), (6, 6), (6, 9)), (1, 10))","(((4, 4), (6, 6), (6, 9)), (1, 10))",29,10.0,39.0,29,4,1,expanded,False,True,1857
"(((1, 10), (4, 3), (4, 6)), (1, 11))","(((2, 10), (4, 3), (4, 6)), (1, 10))",31,10,41.0,31,,,pruned,,,1858
"(((2, 10), (4, 3), (4, 7)), (1, 10))","(((2, 10), (4, 3), (4, 6)), (1, 10))",31,8,39.0,31,,,pruned,,,1859
"(((2, 10), (4, 3), (4, 6)), (1, 10))","(((3, 10), (4, 3), (4, 6)), (1, 10))",30,9.0,39.0,30,6,2,expanded,False,True,1860
"(((3, 10), (4, 2), (4, 7)), (1, 10))","(((3, 10), (4, 2), (4, 6)), (1, 10))",31,8,39.0,31,,,pruned,,,1861
"(((3, 10), (4, 1), (4, 6)), (1, 10))","(((3, 10), (4, 2), (4, 6)), (1, 10))",31,10,41.0,31,,,pruned,,,1862
"(((3, 10), (4, 2), (4, 6)), (1, 10))","(((3, 10), (4, 3), (4, 6)), (1, 10))",30,9.0,39.0,30,8,2,expanded,False,True,1863
"(((2, 2), (2, 10), (4, 6)), (1, 10))","(((2, 10), (3, 2), (4, 6)), (1, 10))",31,10,41.0,31,,,pruned,,,1864
"(((2, 10), (3, 2), (4, 7)), (1, 10))","(((2, 10), (3, 2), (4, 6)), (1, 10))",31,8,39.0,31,,,pruned,,,1865
"(((1, 10), (3, 2), (4, 6)), (1, 11))","(((2, 10), (3, 2), (4, 6)), (1, 10))",31,10,41.0,31,,,pruned,,,1866
"(((2, 10), (3, 2), (4, 6)), (1, 10))","(((3, 2), (3, 10), (4, 6)), (1, 10))",30,9.0,39.0,30,6,3,expanded,False,True,1867
"(((3, 9), (4, 1), (4, 5)), (1, 10))","(((3, 9), (4, 2), (4, 5)), (1, 10))",31,10,41.0,31,,,pruned,,,1868
"(((3, 9), (4, 2), (4, 5)), (1, 10))","(((3, 9), (4, 3), (4, 5)), (1, 10))",30,9.0,39.0,30,6,1,expanded,False,True,1869
"(((3, 7), (4, 3), (4, 4)), (1, 10))","(((3, 3), (3, 7), (4, 4)), (1, 10))",30,9.0,39.0,30,2,0,expanded,False,True,1870
"(((3, 4), (4, 6), (6, 6)), (1, 10))","(((3, 4), (4, 6), (6, 7)), (1, 10))",30,9.0,39.0,30,2,0,expanded,False,True,1871
"(((4, 7), (4, 10), (5, 4)), (1, 10))","(((4, 6), (4, 10), (5, 4)), (1, 10))",31,8,39.0,31,,,pruned,,,1872
"(((4, 6), (4, 10), (5, 4)), (1, 10))","(((4, 4), (4, 6), (4, 10)), (1, 10))",30,9.0,39.0,30,6,1,expanded,False,True,1873
"(((3, 10), (4, 5), (5, 4)), (1, 10))","(((3, 10), (4, 4), (4, 5)), (1, 10))",30,9.0,39.0,30,6,0,expanded,False,True,1874
"(((1, 10), (4, 4), (4, 5)), (1, 11))","(((2, 10), (4, 4), (4, 5)), (1, 10))",31,10,41.0,31,,,pruned,,,1875
"(((2, 10), (4, 4), (4, 5)), (1, 10))","(((3, 10), (4, 4), (4, 5)), (1, 10))",30,9.0,39.0,30,4,1,expanded,False,True,1876
"(((4, 5), (4, 6), (7, 10)), (1, 10))","(((4, 5), (4, 6), (6, 10)), (1, 10))",31,10,41.0,31,,,pruned,,,1877
"(((4, 5), (4, 6), (6, 10)), (1, 10))","(((4, 5), (4, 6), (5, 10)), (1, 10))",30,9.0,39.0,30,3,1,expanded,False,True,1878
"(((3, 5), (3, 9), (6, 4)), (2, 2))","(((3, 4), (3, 9), (6, 4)), (2, 2))",31,8,39.0,31,,,pruned,,,1879
"(((3, 4), (3, 9), (6, 4)), (2, 2))","(((3, 4), (3, 9), (5, 4)), (1, 10))",30,9.0,39.0,30,4,1,expanded,False,True,1880
"(((2, 2), (3, 7), (4, 4)), (1, 10))","(((3, 2), (3, 7), (4, 4)), (1, 10))",31,10,41.0,31,,,pruned,,,1881
"(((3, 2), (3, 7), (4, 4)), (1, 10))","(((3, 2), (3, 8), (4, 4)), (1, 10))",30,9.0,39.0,30,6,1,expanded,False,True,1882
"(((3, 3), (4, 6), (6, 7)), (1, 10))","(((3, 3), (4, 6), (6, 8)), (1, 10))",30,9.0,39.0,30,2,0,expanded,False,True,1883
"(((2, 3), (3, 7), (5, 4)), (1, 10))","(((3, 3), (3, 7), (5, 4)), (1, 10))",31,10,41.0,31,,,pruned,,,1884
"(((3, 3), (3, 7), (5, 4)), (1, 10))","(((3, 3), (3, 8), (5, 4)), (1, 10))",30,9.0,39.0,30,6,1,expanded,False,True,1885
"(((3, 9), (4, 4), (5, 4)), (1, 10))","(((3, 9), (4, 3), (5, 4)), (1, 10))",30,9.0,39.0,30,4,0,expanded,False,True,1886
"(((4, 4), (4, 6), (6, 9)), (1, 10))","(((4, 4), (4, 6), (6, 10)), (1, 10))",30,9.0,39.0,30,2,0,expanded,False,True,1887
"(((3, 4), (3, 11), (6, 5)), (1, 10))","(((3, 4), (3, 10), (6, 5)), (2, 2))",31,10,41.0,31,,,pruned,,,1888
"(((3, 5), (3, 10), (6, 5)), (2, 2))","(((3, 4), (3, 10), (6, 5)), (2, 2))",31,8,39.0,31,,,pruned,,,1889
"(((3, 4), (3, 10), (6, 5)), (2, 2))","(((3, 4), (3, 10), (6, 4)), (2, 2))",30,9.0,39.0,30,4,2,expanded,False,True,1890
"(((2, 3), (3, 9), (6, 5)), (2, 2))","(((3, 3), (3, 9), (6, 5)), (2, 2))",31,10,41.0,31,,,pruned,,,1891
"(((3, 3), (3, 9), (6, 5)), (2, 2))","(((3, 3), (3, 9), (6, 4)), (2, 2))",30,9.0,39.0,30,6,1,expanded,False,True,1892
"(((2, 3), (3, 10), (6, 6)), (2, 2))","(((3, 3), (3, 10), (6, 6)), (2, 2))",31,10,41.0,31,,,pruned,,,1893
"(((3, 3), (3, 11), (6, 6)), (1, 10))","(((3, 3), (3, 10), (6, 6)), (2, 2))",31,10,41.0,31,,,pruned,,,1894
"(((3, 3), (3, 10), (6, 6)), (2, 2))","(((3, 3), (3, 10), (6, 5)), (2, 2))",30,9.0,39.0,30,6,2,expanded,False,True,1895
"(((3, 4), (3, 9), (6, 4)), (1, 10))","(((3, 4), (3, 10), (6, 4)), (1, 10))",30,9.0,39.0,30,2,0,expanded,False,True,1896
"(((3, 4), (3, 10), (6, 5)), (1, 10))","(((3, 4), (4, 10), (6, 5)), (1, 10))",30,9.0,39.0,30,4,0,expanded,False,True,1897
"(((3, 5), (4, 10), (6, 6)), (1, 10))","(((3, 4), (4, 10), (6, 6)), (1, 10))",31,8,39.0,31,,,pruned,,,1898
"(((3, 4), (4, 10), (6, 6)), (1, 10))","(((3, 4), (4, 10), (6, 5)), (1, 10))",30,9.0,39.0,30,6,1,expanded,False,True,1899
"(((3, 9), (4, 7), (5, 2)), (1, 10))","(((3, 9), (4, 6), (5, 2)), (1, 10))",31,8,39.0,31,,,pruned,,,1900
"(((3, 9), (4, 6), (6, 2)), (1, 10))","(((3, 9), (4, 6), (5, 2)), (1, 10))",31,10,41.0,31,,,pruned,,,1901
"(((3, 9), (4, 6), (5, 2)), (1, 10))","(((3, 9), (4, 5), (5, 2)), (1, 10))",30,9.0,39.0,30,4,2,expanded,False,True,1902
"(((3, 3), (3, 9), (6, 5)), (1, 10))","(((3, 3), (3, 10), (6, 5)), (1, 10))",30,9.0,39.0,30,2,0,expanded,False,True,1903
"(((2, 3), (4, 10), (6, 7)), (1, 10))","(((3, 3), (4, 10), (6, 7)), (1, 10))",31,10,41.0,31,,,pruned,,,1904
"(((3, 3), (4, 10), (6, 7)), (1, 10))","(((3, 3), (4, 10), (6, 6)), (1, 10))",30,9.0,39.0,30,8,1,expanded,False,True,1905
"(((3, 3), (3, 10), (6, 6)), (1, 10))","(((3, 3), (4, 10), (6, 6)), (1, 10))",30,9.0,39.0,30,4,0,expanded,False,True,1906
"(((3, 5), (5, 10), (6, 7)), (1, 10))","(((3, 4), (5, 10), (6, 7)), (1, 10))",31,8,39.0,31,,,pruned,,,1907
"(((3, 4), (5, 10), (6, 7)), (1, 10))","(((3, 4), (5, 10), (6, 6)), (1, 10))",30,9.0,39.0,30,6,1,expanded,False,True,1908
"(((3, 5), (6, 7), (6, 9)), (1, 10))","(((3, 4), (6, 7), (6, 9)), (1, 10))",31,8,39.0,31,,,pruned,,,1909
"(((3, 4), (6, 7), (6, 9)), (1, 10))","(((4, 4), (6, 7), (6, 9)), (1, 10))",30,9.0,39.0,30,4,1,expanded,False,True,1910
"(((3, 9), (4, 2), (4, 7)), (1, 10))","(((3, 9), (4, 2), (4, 6)), (1, 10))",32,7,39.0,32,,,pruned,,,1911
"(((3, 9), (4, 1), (4, 6)), (1, 10))","(((3, 9), (4, 2), (4, 6)), (1, 10))",32,9,41.0,32,,,pruned,,,1912
"(((3, 9), (4, 2), (4, 6)), (1, 10))","(((3, 9), (4, 3), (4, 6)), (1, 10))",31,8.0,39.0,31,6,2,expanded,False,True,1913
"(((3, 7), (4, 3), (4, 5)), (1, 10))","(((3, 3), (3, 7), (4, 5)), (1, 10))",31,8.0,39.0,31,3,0,expanded,False,True,1914
"(((2, 2), (3, 7), (4, 5)), (1, 10))","(((3, 2), (3, 7), (4, 5)), (1, 10))",32,9,41.0,32,,,pruned,,,1915
"(((3, 2), (3, 7), (4, 5)), (1, 10))","(((3, 3), (3, 7), (4, 5)), (1, 10))",31,8.0,39.0,31,3,1,expanded,False,True,1916
"(((3, 10), (4, 7), (5, 4)), (1, 10))","(((3, 10), (4, 6), (5, 4)), (1, 10))",32,7,39.0,32,,,pruned,,,1917
"(((3, 10), (4, 6), (5, 4)), (1, 10))","(((3, 10), (4, 4), (4, 6)), (1, 10))",31,8.0,39.0,31,6,1,expanded,False,True,1918
"(((1, 10), (4, 4), (4, 6)), (1, 11))","(((2, 10), (4, 4), (4, 6)), (1, 10))",32,9,41.0,32,,,pruned,,,1919
"(((2, 10), (4, 4), (4, 7)), (1, 10))","(((2, 10), (4, 4), (4, 6)), (1, 10))",32,7,39.0,32,,,pruned,,,1920
"(((2, 10), (4, 4), (4, 6)), (1, 10))","(((3, 10), (4, 4), (4, 6)), (1, 10))",31,8.0,39.0,31,8,2,expanded,False,True,1921
"(((3, 9), (4, 5), (5, 4)), (1, 10))","(((3, 9), (4, 4), (4, 5)), (1, 10))",31,8.0,39.0,31,4,0,expanded,False,True,1922
"(((3, 5), (3, 7), (5, 4)), (1, 10))","(((3, 4), (3, 7), (5, 4)), (1, 10))",32,7,39.0,32,,,pruned,,,1923
"(((3, 4), (3, 7), (5, 4)), (1, 10))","(((3, 4), (3, 8), (5, 4)), (1, 10))",31,8.0,39.0,31,4,1,expanded,False,True,1924
"(((4, 5), (4, 6), (6, 9)), (1, 10))","(((4, 5), (4, 6), (6, 10)), (1, 10))",31,8.0,39.0,31,1,0,expanded,False,True,1925
"(((3, 5), (3, 9), (6, 5)), (2, 2))","(((3, 4), (3, 9), (6, 5)), (2, 2))",32,7,39.0,32,,,pruned,,,1926
"(((3, 4), (3, 9), (6, 5)), (2, 2))","(((3, 4), (3, 9), (6, 4)), (2, 2))",31,8.0,39.0,31,4,1,expanded,False,True,1927
"(((3, 4), (3, 11), (6, 6)), (1, 10))","(((3, 4), (3, 10), (6, 6)), (2, 2))",32,9,41.0,32,,,pruned,,,1928
"(((3, 5), (3, 10), (6, 6)), (2, 2))","(((3, 4), (3, 10), (6, 6)), (2, 2))",32,7,39.0,32,,,pruned,,,1929
"(((3, 4), (3, 10), (6, 6)), (2, 2))","(((3, 4), (3, 10), (6, 5)), (2, 2))",31,8.0,39.0,31,4,2,expanded,False,True,1930
"(((2, 3), (3, 9), (6, 6)), (2, 2))","(((3, 3), (3, 9), (6, 6)), (2, 2))",32,9,41.0,32,,,pruned,,,1931
"(((3, 3), (3, 9), (6, 6)), (2, 2))","(((3, 3), (3, 9), (6, 5)), (2, 2))",31,8.0,39.0,31,6,1,expanded,False,True,1932
"(((2, 3), (3, 10), (6, 7)), (2, 2))","(((3, 3), (3, 10), (6, 7)), (2, 2))",32,9,41.0,32,,,pruned,,,1933
"(((3, 3), (3, 11), (6, 7)), (1, 10))","(((3, 3), (3, 10), (6, 7)), (2, 2))",32,9,41.0,32,,,pruned,,,1934
"(((3, 3), (3, 10), (6, 7)), (2, 2))","(((3, 3), (3, 10), (6, 6)), (2, 2))",31,8.0,39.0,31,6,2,expanded,False,True,1935
"(((3, 4), (3, 9), (6, 5)), (1, 10))","(((3, 4), (3, 10), (6, 5)), (1, 10))",31,8.0,39.0,31,2,0,expanded,False,True,1936
"(((3, 5), (4, 10), (6, 7)), (1, 10))","(((3, 4), (4, 10), (6, 7)), (1, 10))",32,7,39.0,32,,,pruned,,,1937
"(((3, 4), (4, 10), (6, 7)), (1, 10))","(((3, 4), (4, 10), (6, 6)), (1, 10))",31,8.0,39.0,31,6,1,expanded,False,True,1938
"(((3, 4), (3, 10), (6, 6)), (1, 10))","(((3, 4), (4, 10), (6, 6)), (1, 10))",31,8.0,39.0,31,4,0,expanded,False,True,1939
"(((3, 3), (3, 10), (6, 7)), (1, 10))","(((3, 3), (4, 10), (6, 7)), (1, 10))",31,8.0,39.0,31,4,0,expanded,False,True,1940
"(((3, 3), (3, 9), (6, 6)), (1, 10))","(((3, 3), (3, 10), (6, 6)), (1, 10))",31,8.0,39.0,31,2,0,expanded,False,True,1941
"(((3, 7), (4, 3), (4, 7)), (1, 10))","(((3, 7), (4, 3), (4, 6)), (1, 10))",33,6,39.0,33,,,pruned,,,1942
"(((3, 7), (4, 3), (4, 6)), (1, 10))","(((3, 3), (3, 7), (4, 6)), (1, 10))",32,7.0,39.0,32,3,1,expanded,False,True,1943
"(((2, 2), (3, 7), (4, 6)), (1, 10))","(((3, 2), (3, 7), (4, 6)), (1, 10))",33,8,41.0,33,,,pruned,,,1944
"(((3, 2), (3, 7), (4, 7)), (1, 10))","(((3, 2), (3, 7), (4, 6)), (1, 10))",33,6,39.0,33,,,pruned,,,1945
"(((3, 2), (3, 7), (4, 6)), (1, 10))","(((3, 3), (3, 7), (4, 6)), (1, 10))",32,7.0,39.0,32,3,2,expanded,False,True,1946
"(((3, 9), (4, 7), (5, 4)), (1, 10))","(((3, 9), (4, 6), (5, 4)), (1, 10))",33,6,39.0,33,,,pruned,,,1947
"(((3, 9), (4, 6), (5, 4)), (1, 10))","(((3, 9), (4, 4), (4, 6)), (1, 10))",32,7.0,39.0,32,4,1,expanded,False,True,1948
"(((1, 10), (4, 5), (4, 6)), (1, 11))","(((2, 10), (4, 5), (4, 6)), (1, 10))",33,8,41.0,33,,,pruned,,,1949
"(((2, 10), (4, 5), (4, 6)), (1, 10))","(((3, 10), (4, 5), (4, 6)), (1, 10))",32,7.0,39.0,32,2,1,expanded,False,True,1950
"(((3, 7), (4, 4), (4, 5)), (1, 10))","(((3, 8), (4, 4), (4, 5)), (1, 10))",32,7.0,39.0,32,2,0,expanded,False,True,1951
"(((3, 5), (3, 9), (6, 6)), (2, 2))","(((3, 4), (3, 9), (6, 6)), (2, 2))",33,6,39.0,33,,,pruned,,,1952
"(((3, 4), (3, 9), (6, 6)), (2, 2))","(((3, 4), (3, 9), (6, 5)), (2, 2))",32,7.0,39.0,32,4,1,expanded,False,True,1953
"(((3, 4), (3, 11), (6, 7)), (1, 10))","(((3, 4), (3, 10), (6, 7)), (2, 2))",33,8,41.0,33,,,pruned,,,1954
"(((3, 5), (3, 10), (6, 7)), (2, 2))","(((3, 4), (3, 10), (6, 7)), (2, 2))",33,6,39.0,33,,,pruned,,,1955
"(((3, 4), (3, 10), (6, 7)), (2, 2))","(((3, 4), (3, 10), (6, 6)), (2, 2))",32,7.0,39.0,32,4,2,expanded,False,True,1956
"(((2, 3), (3, 9), (6, 7)), (2, 2))","(((3, 3), (3, 9), (6, 7)), (2, 2))",33,8,41.0,33,,,pruned,,,1957
"(((3, 3), (3, 9), (6, 7)), (2, 2))","(((3, 3), (3, 9), (6, 6)), (2, 2))",32,7.0,39.0,32,6,1,expanded,False,True,1958
"(((3, 4), (3, 10), (6, 7)), (1, 10))","(((3, 4), (4, 10), (6, 7)), (1, 10))",32,7.0,39.0,32,4,0,expanded,False,True,1959
"(((3, 4), (3, 9), (6, 6)), (1, 10))","(((3, 4), (3, 10), (6, 6)), (1, 10))",32,7.0,39.0,32,2,0,expanded,False,True,1960
"(((3, 3), (3, 9), (6, 7)), (1, 10))","(((3, 3), (3, 10), (6, 7)), (1, 10))",32,7.0,39.0,32,2,0,expanded,False,True,1961
"(((3, 7), (4, 4), (4, 7)), (1, 10))","(((3, 7), (4, 4), (4, 6)), (1, 10))",34,5,39.0,34,,,pruned,,,1962
"(((3, 7), (4, 4), (4, 6)), (1, 10))","(((3, 8), (4, 4), (4, 6)), (1, 10))",33,6.0,39.0,33,5,1,expanded,False,True,1963
"(((3, 5), (3, 9), (6, 7)), (2, 2))","(((3, 4), (3, 9), (6, 7)), (2, 2))",34,5,39.0,34,,,pruned,,,1964
"(((3, 4), (3, 9), (6, 7)), (2, 2))","(((3, 4), (3, 9), (6, 6)), (2, 2))",33,6.0,39.0,33,4,1,expanded,False,True,1965
"(((3, 4), (3, 9), (6, 7)), (1, 10))","(((3, 4), (3, 10), (6, 7)), (1, 10))",33,6.0,39.0,33,2,0,expanded,False,True,1966
"(((3, 7), (4, 5), (4, 6)), (1, 10))","(((3, 8), (4, 5), (4, 6)), (1, 10))",34,5.0,39.0,34,0,0,expanded,False,True,1967
"(((6, 2), (6, 4), (6, 8)), (1, 10))","(((5, 2), (6, 4), (6, 8)), (1, 10))",25,17,42.0,25,,,pruned,,,1968
"(((5, 2), (6, 4), (6, 8)), (1, 10))","(((5, 2), (5, 4), (6, 8)), (1, 10))",24,16.0,40.0,24,2,1,expanded,False,True,1969
"(((4, 1), (6, 4), (6, 8)), (1, 10))","(((4, 2), (6, 4), (6, 8)), (1, 10))",26,16,42.0,26,,,pruned,,,1970
"(((4, 2), (6, 4), (6, 8)), (1, 10))","(((4, 3), (6, 4), (6, 8)), (1, 10))",25,15.0,40.0,25,3,1,expanded,False,True,1971
"(((4, 1), (6, 5), (6, 8)), (1, 10))","(((4, 2), (6, 5), (6, 8)), (1, 10))",27,15,42.0,27,,,pruned,,,1972
"(((4, 2), (6, 5), (6, 8)), (1, 10))","(((4, 3), (6, 5), (6, 8)), (1, 10))",26,14.0,40.0,26,6,1,expanded,False,True,1973
"(((5, 4), (6, 4), (6, 8)), (1, 10))","(((4, 4), (6, 4), (6, 8)), (1, 10))",26,14.0,40.0,26,2,0,expanded,False,True,1974
"(((4, 1), (6, 6), (6, 8)), (1, 10))","(((4, 2), (6, 6), (6, 8)), (1, 10))",28,14,42.0,28,,,pruned,,,1975
"(((4, 2), (6, 6), (6, 8)), (1, 10))","(((4, 3), (6, 6), (6, 8)), (1, 10))",27,13.0,40.0,27,6,1,expanded,False,True,1976
"(((5, 4), (6, 5), (6, 8)), (1, 10))","(((4, 4), (6, 5), (6, 8)), (1, 10))",27,13.0,40.0,27,4,0,expanded,False,True,1977
"(((3, 8), (4, 3), (6, 2)), (1, 10))","(((3, 8), (4, 3), (5, 2)), (1, 10))",29,13,42.0,29,,,pruned,,,1978
"(((3, 8), (4, 3), (5, 2)), (1, 10))","(((3, 3), (3, 8), (5, 2)), (1, 10))",28,12.0,40.0,28,6,1,expanded,False,True,1979
"(((2, 2), (3, 8), (5, 2)), (1, 10))","(((3, 2), (3, 8), (5, 2)), (1, 10))",29,13,42.0,29,,,pruned,,,1980
"(((3, 2), (3, 8), (6, 2)), (1, 10))","(((3, 2), (3, 8), (5, 2)), (1, 10))",29,13,42.0,29,,,pruned,,,1981
"(((3, 2), (3, 8), (5, 2)), (1, 10))","(((3, 3), (3, 8), (5, 2)), (1, 10))",28,12.0,40.0,28,6,2,expanded,False,True,1982
"(((2, 3), (5, 4), (6, 8)), (1, 10))","(((3, 3), (5, 4), (6, 8)), (1, 10))",29,13,42.0,29,,,pruned,,,1983
"(((3, 3), (5, 4), (6, 8)), (1, 10))","(((3, 3), (4, 4), (6, 8)), (1, 10))",28,12.0,40.0,28,8,1,expanded,False,True,1984
"(((4, 1), (6, 7), (6, 8)), (1, 10))","(((4, 2), (6, 7), (6, 8)), (1, 10))",29,13,42.0,29,,,pruned,,,1985
"(((4, 2), (6, 7), (6, 8)), (1, 10))","(((4, 3), (6, 7), (6, 8)), (1, 10))",28,12.0,40.0,28,4,1,expanded,False,True,1986
"(((5, 4), (6, 6), (6, 8)), (1, 10))","(((4, 4), (6, 6), (6, 8)), (1, 10))",28,12.0,40.0,28,4,0,expanded,False,True,1987
"(((2, 3), (6, 5), (6, 8)), (1, 10))","(((3, 3), (6, 5), (6, 8)), (1, 10))",29,13,42.0,29,,,pruned,,,1988
"(((3, 3), (6, 5), (6, 8)), (1, 10))","(((3, 4), (6, 5), (6, 8)), (1, 10))",28,12.0,40.0,28,6,1,expanded,False,True,1989
"(((3, 8), (4, 2), (4, 3)), (1, 10))","(((3, 2), (3, 8), (4, 3)), (1, 10))",29,11.0,40.0,29,4,0,expanded,False,True,1990
"(((5, 4), (6, 7), (6, 8)), (1, 10))","(((4, 4), (6, 7), (6, 8)), (1, 10))",29,11.0,40.0,29,2,0,expanded,False,True,1991
"(((2, 3), (6, 6), (6, 8)), (1, 10))","(((3, 3), (6, 6), (6, 8)), (1, 10))",30,12,42.0,30,,,pruned,,,1992
"(((3, 3), (6, 6), (6, 8)), (1, 10))","(((3, 4), (6, 6), (6, 8)), (1, 10))",29,11.0,40.0,29,6,1,expanded,False,True,1993
"(((3, 5), (5, 4), (6, 8)), (1, 10))","(((3, 4), (5, 4), (6, 8)), (1, 10))",30,10,40.0,30,,,pruned,,,1994
"(((3, 4), (5, 4), (6, 8)), (1, 10))","(((3, 4), (5, 4), (6, 9)), (1, 10))",29,11.0,40.0,29,6,1,expanded,False,True,1995
"(((4, 3), (4, 5), (6, 8)), (1, 10))","(((4, 3), (4, 5), (6, 9)), (1, 10))",29,11.0,40.0,29,2,0,expanded,False,True,1996
"(((3, 2), (4, 5), (6, 8)), (1, 10))","(((3, 2), (4, 5), (6, 9)), (1, 10))",29,11.0,40.0,29,2,0,expanded,False,True,1997
"(((3, 8), (4, 4), (5, 2)), (1, 10))","(((3, 9), (4, 4), (5, 2)), (1, 10))",29,11.0,40.0,29,3,0,expanded,False,True,1998
"(((4, 3), (6, 8), (6, 9)), (1, 10))","(((4, 3), (6, 7), (6, 9)), (1, 10))",29,11.0,40.0,29,2,0,expanded,False,True,1999
"(((2, 2), (6, 8), (6, 9)), (1, 10))","(((3, 2), (6, 8), (6, 9)), (1, 10))",30,12,42.0,30,,,pruned,,,2000
"(((3, 2), (6, 8), (6, 9)), (1, 10))","(((3, 2), (6, 7), (6, 9)), (1, 10))",29,11.0,40.0,29,2,1,expanded,False,True,2001
"(((3, 8), (4, 4), (6, 2)), (2, 2))","(((3, 8), (4, 4), (5, 2)), (2, 2))",30,12,42.0,30,,,pruned,,,2002
"(((3, 8), (4, 4), (5, 2)), (2, 2))","(((3, 8), (4, 3), (5, 2)), (1, 10))",29,11.0,40.0,29,5,1,expanded,False,True,2003
"(((3, 8), (4, 3), (5, 4)), (1, 10))","(((3, 8), (4, 3), (4, 4)), (1, 10))",30,10.0,40.0,30,6,0,expanded,False,True,2004
"(((2, 2), (3, 8), (5, 4)), (1, 10))","(((3, 2), (3, 8), (5, 4)), (1, 10))",31,11,42.0,31,,,pruned,,,2005
"(((3, 2), (3, 8), (5, 4)), (1, 10))","(((3, 2), (3, 8), (4, 4)), (1, 10))",30,10.0,40.0,30,6,1,expanded,False,True,2006
"(((3, 8), (4, 1), (4, 4)), (1, 10))","(((3, 8), (4, 2), (4, 4)), (2, 2))",31,11,42.0,31,,,pruned,,,2007
"(((3, 8), (4, 2), (4, 4)), (2, 2))","(((3, 2), (3, 8), (4, 4)), (1, 10))",30,10.0,40.0,30,6,1,expanded,False,True,2008
"(((2, 3), (3, 8), (6, 4)), (2, 2))","(((3, 3), (3, 8), (6, 4)), (2, 2))",31,11,42.0,31,,,pruned,,,2009
"(((3, 3), (3, 8), (6, 4)), (2, 2))","(((3, 3), (3, 8), (5, 4)), (1, 10))",30,10.0,40.0,30,6,1,expanded,False,True,2010
"(((2, 3), (6, 7), (6, 8)), (1, 10))","(((3, 3), (6, 7), (6, 8)), (1, 10))",31,11,42.0,31,,,pruned,,,2011
"(((3, 3), (6, 7), (6, 8)), (1, 10))","(((3, 4), (6, 7), (6, 8)), (1, 10))",30,10.0,40.0,30,4,1,expanded,False,True,2012
"(((4, 3), (4, 6), (6, 8)), (1, 10))","(((4, 3), (4, 6), (6, 9)), (1, 10))",30,10.0,40.0,30,2,0,expanded,False,True,2013
"(((3, 2), (4, 6), (6, 8)), (1, 10))","(((3, 2), (4, 6), (6, 9)), (1, 10))",30,10.0,40.0,30,2,0,expanded,False,True,2014
"(((4, 4), (4, 5), (6, 8)), (1, 10))","(((4, 4), (4, 5), (6, 9)), (1, 10))",30,10.0,40.0,30,1,0,expanded,False,True,2015
"(((3, 8), (4, 5), (6, 2)), (1, 10))","(((3, 8), (4, 5), (5, 2)), (1, 10))",31,11,42.0,31,,,pruned,,,2016
"(((3, 8), (4, 5), (5, 2)), (1, 10))","(((3, 9), (4, 5), (5, 2)), (1, 10))",30,10.0,40.0,30,4,1,expanded,False,True,2017
"(((3, 3), (3, 8), (6, 4)), (1, 10))","(((3, 3), (3, 9), (6, 4)), (1, 10))",30,10.0,40.0,30,2,0,expanded,False,True,2018
"(((3, 8), (4, 2), (4, 4)), (1, 10))","(((3, 9), (4, 2), (4, 4)), (1, 10))",30,10.0,40.0,30,4,0,expanded,False,True,2019
"(((2, 3), (5, 10), (6, 8)), (1, 10))","(((3, 3), (5, 10), (6, 8)), (1, 10))",31,11,42.0,31,,,pruned,,,2020
"(((3, 3), (5, 10), (6, 8)), (1, 10))","(((3, 3), (5, 10), (6, 7)), (1, 10))",30,10.0,40.0,30,8,1,expanded,False,True,2021
"(((4, 4), (6, 8), (6, 9)), (1, 10))","(((4, 4), (6, 7), (6, 9)), (1, 10))",30,10.0,40.0,30,4,0,expanded,False,True,2022
"(((3, 8), (4, 1), (4, 5)), (1, 10))","(((3, 8), (4, 2), (4, 5)), (1, 10))",32,10,42.0,32,,,pruned,,,2023
"(((3, 8), (4, 2), (4, 5)), (1, 10))","(((3, 8), (4, 3), (4, 5)), (1, 10))",31,9.0,40.0,31,6,1,expanded,False,True,2024
"(((3, 5), (3, 8), (6, 4)), (2, 2))","(((3, 4), (3, 8), (6, 4)), (2, 2))",32,8,40.0,32,,,pruned,,,2025
"(((3, 4), (3, 8), (6, 4)), (2, 2))","(((3, 4), (3, 8), (5, 4)), (1, 10))",31,9.0,40.0,31,4,1,expanded,False,True,2026
"(((3, 8), (4, 4), (5, 4)), (1, 10))","(((3, 9), (4, 4), (5, 4)), (1, 10))",31,9.0,40.0,31,4,0,expanded,False,True,2027
"(((4, 4), (4, 6), (6, 8)), (1, 10))","(((4, 4), (4, 6), (6, 9)), (1, 10))",31,9.0,40.0,31,2,0,expanded,False,True,2028
"(((3, 4), (3, 8), (6, 4)), (1, 10))","(((3, 4), (3, 9), (6, 4)), (1, 10))",31,9.0,40.0,31,2,0,expanded,False,True,2029
"(((3, 8), (4, 7), (5, 2)), (1, 10))","(((3, 8), (4, 6), (5, 2)), (1, 10))",32,8,40.0,32,,,pruned,,,2030
"(((3, 8), (4, 6), (6, 2)), (1, 10))","(((3, 8), (4, 6), (5, 2)), (1, 10))",32,10,42.0,32,,,pruned,,,2031
"(((3, 8), (4, 6), (5, 2)), (1, 10))","(((3, 9), (4, 6), (5, 2)), (1, 10))",31,9.0,40.0,31,4,2,expanded,False,True,2032
"(((3, 3), (3, 8), (6, 5)), (1, 10))","(((3, 3), (3, 9), (6, 5)), (1, 10))",31,9.0,40.0,31,2,0,expanded,False,True,2033
"(((2, 3), (4, 10), (6, 8)), (1, 10))","(((3, 3), (4, 10), (6, 8)), (1, 10))",32,10,42.0,32,,,pruned,,,2034
"(((3, 3), (4, 10), (6, 8)), (1, 10))","(((3, 3), (4, 10), (6, 7)), (1, 10))",31,9.0,40.0,31,8,1,expanded,False,True,2035
"(((3, 5), (5, 10), (6, 8)), (1, 10))","(((3, 4), (5, 10), (6, 8)), (1, 10))",32,8,40.0,32,,,pruned,,,2036
"(((3, 4), (5, 10), (6, 8)), (1, 10))","(((3, 4), (5, 10), (6, 7)), (1, 10))",31,9.0,40.0,31,6,1,expanded,False,True,2037
"(((3, 5), (6, 8), (6, 9)), (1, 10))","(((3, 4), (6, 8), (6, 9)), (1, 10))",32,8,40.0,32,,,pruned,,,2038
"(((3, 4), (6, 8), (6, 9)), (1, 10))","(((3, 4), (6, 7), (6, 9)), (1, 10))",31,9.0,40.0,31,2,1,expanded,False,True,2039
"(((2, 3), (3, 8), (6, 5)), (2, 2))","(((3, 3), (3, 8), (6, 5)), (2, 2))",32,10,42.0,32,,,pruned,,,2040
"(((3, 3), (3, 8), (6, 5)), (2, 2))","(((3, 3), (3, 8), (6, 4)), (2, 2))",31,9.0,40.0,31,6,1,expanded,False,True,2041
"(((3, 8), (4, 2), (4, 7)), (1, 10))","(((3, 8), (4, 2), (4, 6)), (1, 10))",33,7,40.0,33,,,pruned,,,2042
"(((3, 8), (4, 1), (4, 6)), (1, 10))","(((3, 8), (4, 2), (4, 6)), (1, 10))",33,9,42.0,33,,,pruned,,,2043
"(((3, 8), (4, 2), (4, 6)), (1, 10))","(((3, 8), (4, 3), (4, 6)), (1, 10))",32,8.0,40.0,32,6,2,expanded,False,True,2044
"(((3, 8), (4, 5), (5, 4)), (1, 10))","(((3, 8), (4, 4), (4, 5)), (1, 10))",32,8.0,40.0,32,4,0,expanded,False,True,2045
"(((4, 5), (4, 6), (6, 8)), (1, 10))","(((4, 5), (4, 6), (6, 9)), (1, 10))",32,8.0,40.0,32,1,0,expanded,False,True,2046
"(((2, 3), (3, 10), (6, 8)), (2, 2))","(((3, 3), (3, 10), (6, 8)), (2, 2))",33,9,42.0,33,,,pruned,,,2047
"(((3, 3), (3, 11), (6, 8)), (1, 10))","(((3, 3), (3, 10), (6, 8)), (2, 2))",33,9,42.0,33,,,pruned,,,2048
"(((3, 3), (3, 10), (6, 8)), (2, 2))","(((3, 3), (3, 10), (6, 7)), (2, 2))",32,8.0,40.0,32,6,2,expanded,False,True,2049
"(((3, 4), (3, 8), (6, 5)), (1, 10))","(((3, 4), (3, 9), (6, 5)), (1, 10))",32,8.0,40.0,32,2,0,expanded,False,True,2050
"(((3, 5), (4, 10), (6, 8)), (1, 10))","(((3, 4), (4, 10), (6, 8)), (1, 10))",33,7,40.0,33,,,pruned,,,2051
"(((3, 4), (4, 10), (6, 8)), (1, 10))","(((3, 4), (4, 10), (6, 7)), (1, 10))",32,8.0,40.0,32,6,1,expanded,False,True,2052
"(((3, 3), (3, 8), (6, 6)), (1, 10))","(((3, 3), (3, 9), (6, 6)), (1, 10))",32,8.0,40.0,32,2,0,expanded,False,True,2053
"(((3, 5), (3, 8), (6, 5)), (2, 2))","(((3, 4), (3, 8), (6, 5)), (2, 2))",33,7,40.0,33,,,pruned,,,2054
"(((3, 4), (3, 8), (6, 5)), (2, 2))","(((3, 4), (3, 8), (6, 4)), (2, 2))",32,8.0,40.0,32,4,1,expanded,False,True,2055
"(((3, 3), (3, 10), (6, 8)), (1, 10))","(((3, 3), (4, 10), (6, 8)), (1, 10))",32,8.0,40.0,32,4,0,expanded,False,True,2056
"(((2, 3), (3, 8), (6, 6)), (2, 2))","(((3, 3), (3, 8), (6, 6)), (2, 2))",33,9,42.0,33,,,pruned,,,2057
"(((3, 3), (3, 8), (6, 6)), (2, 2))","(((3, 3), (3, 8), (6, 5)), (2, 2))",32,8.0,40.0,32,6,1,expanded,False,True,2058
"(((3, 8), (4, 7), (5, 4)), (1, 10))","(((3, 8), (4, 6), (5, 4)), (1, 10))",34,6,40.0,34,,,pruned,,,2059
"(((3, 8), (4, 6), (5, 4)), (1, 10))","(((3, 8), (4, 4), (4, 6)), (1, 10))",33,7.0,40.0,33,4,1,expanded,False,True,2060
"(((3, 4), (3, 11), (6, 8)), (1, 10))","(((3, 4), (3, 10), (6, 8)), (2, 2))",34,8,42.0,34,,,pruned,,,2061
"(((3, 5), (3, 10), (6, 8)), (2, 2))","(((3, 4), (3, 10), (6, 8)), (2, 2))",34,6,40.0,34,,,pruned,,,2062
"(((3, 4), (3, 10), (6, 8)), (2, 2))","(((3, 4), (3, 10), (6, 7)), (2, 2))",33,7.0,40.0,33,4,2,expanded,False,True,2063
"(((2, 3), (3, 9), (6, 8)), (2, 2))","(((3, 3), (3, 9), (6, 8)), (2, 2))",34,8,42.0,34,,,pruned,,,2064
"(((3, 3), (3, 9), (6, 8)), (2, 2))","(((3, 3), (3, 9), (6, 7)), (2, 2))",33,7.0,40.0,33,6,1,expanded,False,True,2065
"(((3, 4), (3, 8), (6, 6)), (1, 10))","(((3, 4), (3, 9), (6, 6)), (1, 10))",33,7.0,40.0,33,2,0,expanded,False,True,2066
"(((3, 3), (3, 8), (6, 7)), (1, 10))","(((3, 3), (3, 9), (6, 7)), (1, 10))",33,7.0,40.0,33,2,0,expanded,False,True,2067
"(((3, 4), (3, 10), (6, 8)), (1, 10))","(((3, 4), (4, 10), (6, 8)), (1, 10))",33,7.0,40.0,33,4,0,expanded,False,True,2068
"(((3, 5), (3, 8), (6, 6)), (2, 2))","(((3, 4), (3, 8), (6, 6)), (2, 2))",34,6,40.0,34,,,pruned,,,2069
"(((3, 4), (3, 8), (6, 6)), (2, 2))","(((3, 4), (3, 8), (6, 5)), (2, 2))",33,7.0,40.0,33,4,1,expanded,False,True,2070
"(((3, 3), (3, 9), (6, 8)), (1, 10))","(((3, 3), (3, 10), (6, 8)), (1, 10))",33,7.0,40.0,33,2,0,expanded,False,True,2071
"(((2, 3), (3, 8), (6, 7)), (2, 2))","(((3, 3), (3, 8), (6, 7)), (2, 2))",34,8,42.0,34,,,pruned,,,2072
"(((3, 3), (3, 8), (6, 7)), (2, 2))","(((3, 3), (3, 8), (6, 6)), (2, 2))",33,7.0,40.0,33,6,1,expanded,False,True,2073
"(((3, 5), (3, 9), (6, 8)), (2, 2))","(((3, 4), (3, 9), (6, 8)), (2, 2))",35,5,40.0,35,,,pruned,,,2074
"(((3, 4), (3, 9), (6, 8)), (2, 2))","(((3, 4), (3, 9), (6, 7)), (2, 2))",34,6.0,40.0,34,4,1,expanded,False,True,2075
"(((3, 4), (3, 8), (6, 7)), (1, 10))","(((3, 4), (3, 9), (6, 7)), (1, 10))",34,6.0,40.0,34,2,0,expanded,False,True,2076
"(((3, 4), (3, 9), (6, 8)), (1, 10))","(((3, 4), (3, 10), (6, 8)), (1, 10))",34,6.0,40.0,34,2,0,expanded,False,True,2077
"(((3, 5), (3, 8), (6, 7)), (2, 2))","(((3, 4), (3, 8), (6, 7)), (2, 2))",35,5,40.0,35,,,pruned,,,2078
"(((3, 4), (3, 8), (6, 7)), (2, 2))","(((3, 4), (3, 8), (6, 6)), (2, 2))",34,6.0,40.0,34,4,1,expanded,False,True,2079
"(((4, 3), (6, 3), (6, 4)), (1, 10))","(((4, 3), (5, 4), (6, 3)), (1, 10))",23,18.0,41.0,23,2,0,expanded,False,True,2080
"(((4, 2), (5, 4), (6, 2)), (1, 10))","(((4, 2), (5, 4), (6, 3)), (1, 10))",24,19,43.0,24,,,pruned,,,2081
"(((4, 1), (5, 4), (6, 3)), (1, 10))","(((4, 2), (5, 4), (6, 3)), (1, 10))",24,19,43.0,24,,,pruned,,,2082
"(((4, 2), (5, 4), (6, 3)), (1, 10))","(((4, 3), (5, 4), (6, 3)), (1, 10))",23,18.0,41.0,23,5,2,expanded,False,True,2083
"(((2, 2), (6, 3), (6, 4)), (1, 10))","(((3, 2), (6, 3), (6, 4)), (1, 10))",24,19,43.0,24,,,pruned,,,2084
"(((3, 2), (6, 3), (6, 4)), (1, 10))","(((3, 2), (5, 4), (6, 3)), (1, 10))",23,18.0,41.0,23,2,1,expanded,False,True,2085
"(((4, 2), (5, 2), (7, 10)), (1, 10))","(((4, 2), (5, 2), (6, 10)), (1, 10))",25,18,43.0,25,,,pruned,,,2086
"(((4, 2), (5, 2), (6, 11)), (1, 10))","(((4, 2), (5, 2), (6, 10)), (1, 10))",25,18,43.0,25,,,pruned,,,2087
"(((4, 1), (5, 2), (6, 10)), (1, 10))","(((4, 2), (5, 2), (6, 10)), (1, 10))",25,18,43.0,25,,,pruned,,,2088
"(((4, 2), (5, 2), (6, 10)), (1, 10))","(((4, 3), (5, 2), (6, 10)), (1, 10))",24,17.0,41.0,24,5,3,expanded,False,True,2089
"(((4, 4), (6, 3), (6, 4)), (1, 10))","(((4, 3), (6, 3), (6, 4)), (1, 10))",24,17.0,41.0,24,3,0,expanded,False,True,2090
"(((4, 1), (5, 2), (5, 10)), (1, 10))","(((4, 2), (5, 2), (5, 10)), (1, 10))",26,17,43.0,26,,,pruned,,,2091
"(((4, 2), (5, 2), (5, 10)), (1, 10))","(((4, 3), (5, 2), (5, 10)), (1, 10))",25,16.0,41.0,25,3,1,expanded,False,True,2092
"(((6, 2), (6, 4), (6, 9)), (1, 10))","(((5, 2), (6, 4), (6, 9)), (1, 10))",26,17,43.0,26,,,pruned,,,2093
"(((5, 2), (6, 4), (6, 9)), (1, 10))","(((5, 2), (5, 4), (6, 9)), (1, 10))",25,16.0,41.0,25,2,1,expanded,False,True,2094
"(((6, 2), (6, 5), (6, 6)), (1, 10))","(((5, 2), (6, 5), (6, 6)), (1, 10))",26,17,43.0,26,,,pruned,,,2095
"(((5, 2), (6, 5), (6, 6)), (1, 10))","(((4, 2), (6, 5), (6, 6)), (1, 10))",25,16.0,41.0,25,2,1,expanded,False,True,2096
"(((5, 2), (5, 4), (7, 10)), (1, 10))","(((5, 2), (5, 4), (6, 10)), (1, 10))",26,17,43.0,26,,,pruned,,,2097
"(((5, 4), (6, 2), (6, 10)), (1, 10))","(((5, 2), (5, 4), (6, 10)), (1, 10))",26,17,43.0,26,,,pruned,,,2098
"(((5, 2), (5, 4), (6, 10)), (1, 10))","(((4, 4), (5, 2), (6, 10)), (1, 10))",25,16.0,41.0,25,5,2,expanded,False,True,2099
"(((4, 5), (6, 3), (6, 4)), (2, 2))","(((4, 5), (5, 4), (6, 3)), (2, 2))",25,16.0,41.0,25,1,0,expanded,False,True,2100
"(((4, 1), (4, 10), (5, 2)), (1, 10))","(((4, 2), (4, 10), (5, 2)), (1, 10))",27,16,43.0,27,,,pruned,,,2101
"(((4, 2), (4, 10), (5, 2)), (1, 10))","(((4, 3), (4, 10), (5, 2)), (1, 10))",26,15.0,41.0,26,3,1,expanded,False,True,2102
"(((4, 1), (6, 4), (6, 9)), (1, 10))","(((4, 2), (6, 4), (6, 9)), (1, 10))",27,16,43.0,27,,,pruned,,,2103
"(((4, 2), (6, 4), (6, 9)), (1, 10))","(((4, 3), (6, 4), (6, 9)), (1, 10))",26,15.0,41.0,26,3,1,expanded,False,True,2104
"(((4, 3), (6, 4), (7, 10)), (1, 10))","(((4, 3), (6, 4), (6, 10)), (1, 10))",27,16,43.0,27,,,pruned,,,2105
"(((4, 3), (6, 4), (6, 10)), (1, 10))","(((4, 3), (5, 4), (6, 10)), (1, 10))",26,15.0,41.0,26,6,1,expanded,False,True,2106
"(((4, 2), (5, 4), (7, 10)), (1, 10))","(((4, 2), (5, 4), (6, 10)), (1, 10))",27,16,43.0,27,,,pruned,,,2107
"(((4, 1), (5, 4), (6, 10)), (1, 10))","(((4, 2), (5, 4), (6, 10)), (1, 10))",27,16,43.0,27,,,pruned,,,2108
"(((4, 2), (5, 4), (6, 10)), (1, 10))","(((4, 3), (5, 4), (6, 10)), (1, 10))",26,15.0,41.0,26,6,2,expanded,False,True,2109
"(((2, 2), (6, 4), (6, 10)), (1, 10))","(((3, 2), (6, 4), (6, 10)), (1, 10))",27,16,43.0,27,,,pruned,,,2110
"(((3, 2), (6, 4), (7, 10)), (1, 10))","(((3, 2), (6, 4), (6, 10)), (1, 10))",27,16,43.0,27,,,pruned,,,2111
"(((3, 2), (6, 4), (6, 10)), (1, 10))","(((3, 2), (5, 4), (6, 10)), (1, 10))",26,15.0,41.0,26,6,2,expanded,False,True,2112
"(((6, 2), (6, 5), (6, 7)), (1, 10))","(((5, 2), (6, 5), (6, 7)), (1, 10))",27,16,43.0,27,,,pruned,,,2113
"(((5, 2), (6, 5), (6, 7)), (1, 10))","(((4, 2), (6, 5), (6, 7)), (1, 10))",26,15.0,41.0,26,4,1,expanded,False,True,2114
"(((6, 4), (6, 5), (6, 6)), (1, 10))","(((5, 4), (6, 5), (6, 6)), (1, 10))",26,15.0,41.0,26,0,0,expanded,False,True,2115
"(((3, 3), (4, 4), (6, 2)), (1, 10))","(((3, 3), (4, 4), (6, 3)), (1, 10))",27,16,43.0,27,,,pruned,,,2116
"(((3, 3), (4, 4), (6, 3)), (1, 10))","(((3, 4), (4, 4), (6, 3)), (1, 10))",26,15.0,41.0,26,5,1,expanded,False,True,2117
"(((5, 4), (5, 10), (6, 2)), (1, 10))","(((5, 2), (5, 4), (5, 10)), (1, 10))",27,16,43.0,27,,,pruned,,,2118
"(((5, 2), (5, 4), (5, 10)), (1, 10))","(((4, 4), (5, 2), (5, 10)), (1, 10))",26,15.0,41.0,26,6,1,expanded,False,True,2119
"(((4, 7), (6, 3), (6, 4)), (2, 2))","(((4, 6), (6, 3), (6, 4)), (2, 2))",27,14,41.0,27,,,pruned,,,2120
"(((4, 6), (6, 3), (6, 4)), (2, 2))","(((4, 6), (5, 4), (6, 3)), (2, 2))",26,15.0,41.0,26,1,1,expanded,True,True,2121
"(((3, 11), (4, 2), (5, 2)), (1, 10))","(((3, 10), (4, 2), (5, 2)), (1, 10))",28,15,43.0,28,,,pruned,,,2122
"(((3, 10), (4, 1), (5, 2)), (1, 10))","(((3, 10), (4, 2), (5, 2)), (1, 10))",28,15,43.0,28,,,pruned,,,2123
"(((3, 10), (4, 2), (5, 2)), (1, 10))","(((3, 10), (4, 3), (5, 2)), (1, 10))",27,14.0,41.0,27,5,2,expanded,False,True,2124
"(((2, 10), (4, 3), (6, 2)), (1, 10))","(((2, 10), (4, 3), (5, 2)), (1, 10))",28,15,43.0,28,,,pruned,,,2125
"(((1, 10), (4, 3), (5, 2)), (1, 11))","(((2, 10), (4, 3), (5, 2)), (1, 10))",28,15,43.0,28,,,pruned,,,2126
"(((2, 10), (4, 3), (5, 2)), (1, 10))","(((3, 10), (4, 3), (5, 2)), (1, 10))",27,14.0,41.0,27,6,2,expanded,False,True,2127
"(((2, 2), (2, 10), (5, 2)), (1, 10))","(((2, 10), (3, 2), (5, 2)), (1, 10))",28,15,43.0,28,,,pruned,,,2128
"(((1, 10), (3, 2), (5, 2)), (1, 11))","(((2, 10), (3, 2), (5, 2)), (1, 10))",28,15,43.0,28,,,pruned,,,2129
"(((2, 10), (3, 2), (6, 2)), (1, 10))","(((2, 10), (3, 2), (5, 2)), (1, 10))",28,15,43.0,28,,,pruned,,,2130
"(((2, 10), (3, 2), (5, 2)), (1, 10))","(((3, 2), (3, 10), (5, 2)), (1, 10))",27,14.0,41.0,27,6,3,expanded,False,True,2131
"(((2, 3), (6, 4), (6, 10)), (1, 10))","(((3, 3), (6, 4), (6, 10)), (1, 10))",28,15,43.0,28,,,pruned,,,2132
"(((3, 3), (6, 4), (7, 10)), (1, 10))","(((3, 3), (6, 4), (6, 10)), (1, 10))",28,15,43.0,28,,,pruned,,,2133
"(((3, 3), (6, 4), (6, 10)), (1, 10))","(((3, 3), (5, 4), (6, 10)), (1, 10))",27,14.0,41.0,27,8,2,expanded,False,True,2134
"(((4, 3), (5, 10), (6, 4)), (1, 10))","(((4, 3), (5, 4), (5, 10)), (1, 10))",27,14.0,41.0,27,6,0,expanded,False,True,2135
"(((4, 1), (5, 4), (5, 10)), (1, 10))","(((4, 2), (5, 4), (5, 10)), (1, 10))",28,15,43.0,28,,,pruned,,,2136
"(((4, 2), (5, 4), (5, 10)), (1, 10))","(((4, 3), (5, 4), (5, 10)), (1, 10))",27,14.0,41.0,27,8,1,expanded,False,True,2137
"(((2, 2), (5, 10), (6, 4)), (1, 10))","(((3, 2), (5, 10), (6, 4)), (1, 10))",28,15,43.0,28,,,pruned,,,2138
"(((3, 2), (5, 10), (6, 4)), (1, 10))","(((3, 2), (5, 4), (5, 10)), (1, 10))",27,14.0,41.0,27,6,1,expanded,False,True,2139
"(((2, 3), (5, 10), (6, 3)), (1, 10))","(((3, 3), (5, 10), (6, 3)), (1, 10))",28,15,43.0,28,,,pruned,,,2140
"(((3, 3), (5, 10), (6, 2)), (1, 10))","(((3, 3), (5, 10), (6, 3)), (1, 10))",28,15,43.0,28,,,pruned,,,2141
"(((3, 3), (5, 10), (6, 3)), (1, 10))","(((3, 3), (5, 10), (6, 4)), (1, 10))",27,14.0,41.0,27,8,2,expanded,False,True,2142
"(((6, 2), (6, 6), (6, 7)), (1, 10))","(((5, 2), (6, 6), (6, 7)), (1, 10))",28,15,43.0,28,,,pruned,,,2143
"(((5, 2), (6, 6), (6, 7)), (1, 10))","(((4, 2), (6, 6), (6, 7)), (1, 10))",27,14.0,41.0,27,2,1,expanded,False,True,2144
"(((6, 4), (6, 5), (6, 7)), (1, 10))","(((5, 4), (6, 5), (6, 7)), (1, 10))",27,14.0,41.0,27,1,0,expanded,False,True,2145
"(((2, 3), (4, 5), (6, 3)), (1, 10))","(((3, 3), (4, 5), (6, 3)), (1, 10))",28,15,43.0,28,,,pruned,,,2146
"(((3, 3), (4, 5), (6, 2)), (1, 10))","(((3, 3), (4, 5), (6, 3)), (1, 10))",28,15,43.0,28,,,pruned,,,2147
"(((3, 3), (4, 5), (6, 3)), (1, 10))","(((3, 3), (4, 6), (6, 3)), (1, 10))",27,14.0,41.0,27,8,2,expanded,False,True,2148
"(((4, 3), (4, 7), (6, 3)), (1, 10))","(((4, 3), (4, 6), (6, 3)), (1, 10))",28,13,41.0,28,,,pruned,,,2149
"(((4, 3), (4, 6), (6, 2)), (1, 10))","(((4, 3), (4, 6), (6, 3)), (1, 10))",28,15,43.0,28,,,pruned,,,2150
"(((4, 3), (4, 6), (6, 3)), (1, 10))","(((3, 3), (4, 6), (6, 3)), (1, 10))",27,14.0,41.0,27,6,2,expanded,False,True,2151
"(((4, 10), (5, 4), (6, 2)), (1, 10))","(((4, 10), (5, 2), (5, 4)), (1, 10))",28,15,43.0,28,,,pruned,,,2152
"(((4, 10), (5, 2), (5, 4)), (1, 10))","(((4, 4), (4, 10), (5, 2)), (1, 10))",27,14.0,41.0,27,6,1,expanded,False,True,2153
"(((4, 1), (6, 5), (6, 9)), (1, 10))","(((4, 2), (6, 5), (6, 9)), (1, 10))",28,15,43.0,28,,,pruned,,,2154
"(((4, 2), (6, 5), (6, 9)), (1, 10))","(((4, 3), (6, 5), (6, 9)), (1, 10))",27,14.0,41.0,27,6,1,expanded,False,True,2155
"(((5, 4), (6, 4), (6, 9)), (1, 10))","(((4, 4), (6, 4), (6, 9)), (1, 10))",27,14.0,41.0,27,2,0,expanded,False,True,2156
"(((4, 5), (5, 2), (7, 10)), (1, 10))","(((4, 5), (5, 2), (6, 10)), (1, 10))",28,15,43.0,28,,,pruned,,,2157
"(((4, 5), (5, 2), (6, 10)), (1, 10))","(((4, 5), (5, 2), (5, 10)), (1, 10))",27,14.0,41.0,27,4,1,expanded,False,True,2158
"(((4, 3), (6, 5), (7, 10)), (1, 10))","(((4, 3), (6, 5), (6, 10)), (1, 10))",28,15,43.0,28,,,pruned,,,2159
"(((4, 3), (6, 5), (6, 10)), (1, 10))","(((4, 3), (6, 4), (6, 10)), (1, 10))",27,14.0,41.0,27,6,1,expanded,False,True,2160
"(((4, 4), (6, 4), (7, 10)), (1, 10))","(((4, 4), (6, 4), (6, 10)), (1, 10))",28,15,43.0,28,,,pruned,,,2161
"(((4, 4), (6, 4), (6, 10)), (1, 10))","(((4, 3), (6, 4), (6, 10)), (1, 10))",27,14.0,41.0,27,7,1,expanded,False,True,2162
"(((2, 2), (6, 5), (6, 10)), (1, 10))","(((3, 2), (6, 5), (6, 10)), (1, 10))",28,15,43.0,28,,,pruned,,,2163
"(((3, 2), (6, 5), (7, 10)), (1, 10))","(((3, 2), (6, 5), (6, 10)), (1, 10))",28,15,43.0,28,,,pruned,,,2164
"(((3, 2), (6, 5), (6, 10)), (1, 10))","(((3, 2), (6, 4), (6, 10)), (1, 10))",27,14.0,41.0,27,6,2,expanded,False,True,2165
"(((3, 9), (4, 1), (5, 2)), (1, 10))","(((3, 9), (4, 2), (5, 2)), (1, 10))",29,14,43.0,29,,,pruned,,,2166
"(((3, 9), (4, 2), (5, 2)), (1, 10))","(((3, 9), (4, 3), (5, 2)), (1, 10))",28,13.0,41.0,28,3,1,expanded,False,True,2167
"(((1, 10), (4, 2), (4, 3)), (1, 11))","(((2, 10), (4, 2), (4, 3)), (1, 10))",29,14,43.0,29,,,pruned,,,2168
"(((2, 10), (4, 2), (4, 3)), (1, 10))","(((3, 10), (4, 2), (4, 3)), (1, 10))",28,13.0,41.0,28,4,1,expanded,False,True,2169
"(((4, 3), (4, 10), (6, 4)), (1, 10))","(((3, 3), (4, 10), (6, 4)), (1, 10))",28,13.0,41.0,28,6,0,expanded,False,True,2170
"(((2, 2), (4, 10), (6, 4)), (1, 10))","(((3, 2), (4, 10), (6, 4)), (1, 10))",29,14,43.0,29,,,pruned,,,2171
"(((3, 2), (4, 10), (6, 4)), (1, 10))","(((3, 3), (4, 10), (6, 4)), (1, 10))",28,13.0,41.0,28,6,1,expanded,False,True,2172
"(((2, 3), (4, 10), (6, 3)), (1, 10))","(((3, 3), (4, 10), (6, 3)), (1, 10))",29,14,43.0,29,,,pruned,,,2173
"(((3, 3), (4, 10), (6, 2)), (1, 10))","(((3, 3), (4, 10), (6, 3)), (1, 10))",29,14,43.0,29,,,pruned,,,2174
"(((3, 3), (4, 10), (6, 3)), (1, 10))","(((3, 3), (4, 10), (6, 4)), (1, 10))",28,13.0,41.0,28,8,2,expanded,False,True,2175
"(((4, 1), (4, 10), (5, 4)), (1, 10))","(((4, 2), (4, 10), (5, 4)), (1, 10))",29,14,43.0,29,,,pruned,,,2176
"(((4, 2), (4, 10), (5, 4)), (1, 10))","(((4, 3), (4, 10), (5, 4)), (1, 10))",28,13.0,41.0,28,8,1,expanded,False,True,2177
"(((2, 3), (6, 4), (6, 9)), (1, 10))","(((3, 3), (6, 4), (6, 9)), (1, 10))",29,14,43.0,29,,,pruned,,,2178
"(((3, 3), (6, 4), (6, 9)), (1, 10))","(((3, 3), (5, 4), (6, 9)), (1, 10))",28,13.0,41.0,28,6,1,expanded,False,True,2179
"(((4, 2), (4, 5), (7, 10)), (1, 10))","(((4, 2), (4, 5), (6, 10)), (1, 10))",29,14,43.0,29,,,pruned,,,2180
"(((4, 2), (4, 5), (6, 10)), (1, 10))","(((4, 2), (4, 5), (5, 10)), (1, 10))",28,13.0,41.0,28,4,1,expanded,False,True,2181
"(((3, 4), (6, 4), (7, 10)), (1, 10))","(((3, 4), (6, 4), (6, 10)), (1, 10))",29,14,43.0,29,,,pruned,,,2182
"(((3, 5), (6, 4), (6, 10)), (1, 10))","(((3, 4), (6, 4), (6, 10)), (1, 10))",29,12,41.0,29,,,pruned,,,2183
"(((3, 4), (6, 4), (6, 10)), (1, 10))","(((3, 4), (5, 4), (6, 10)), (1, 10))",28,13.0,41.0,28,6,2,expanded,False,True,2184
"(((3, 4), (5, 10), (6, 2)), (1, 10))","(((3, 4), (5, 10), (6, 3)), (1, 10))",29,14,43.0,29,,,pruned,,,2185
"(((3, 5), (5, 10), (6, 3)), (1, 10))","(((3, 4), (5, 10), (6, 3)), (1, 10))",29,12,41.0,29,,,pruned,,,2186
"(((3, 4), (5, 10), (6, 3)), (1, 10))","(((3, 4), (5, 10), (6, 4)), (1, 10))",28,13.0,41.0,28,6,2,expanded,False,True,2187
"(((6, 4), (6, 6), (6, 7)), (1, 10))","(((5, 4), (6, 6), (6, 7)), (1, 10))",28,13.0,41.0,28,1,0,expanded,False,True,2188
"(((3, 11), (5, 2), (5, 4)), (1, 10))","(((3, 10), (5, 2), (5, 4)), (2, 2))",29,14,43.0,29,,,pruned,,,2189
"(((3, 10), (5, 4), (6, 2)), (2, 2))","(((3, 10), (5, 2), (5, 4)), (2, 2))",29,14,43.0,29,,,pruned,,,2190
"(((3, 10), (5, 2), (5, 4)), (2, 2))","(((3, 10), (4, 4), (5, 2)), (2, 2))",28,13.0,41.0,28,3,2,expanded,False,True,2191
"(((2, 3), (6, 5), (6, 10)), (1, 10))","(((3, 3), (6, 5), (6, 10)), (1, 10))",29,14,43.0,29,,,pruned,,,2192
"(((3, 3), (6, 5), (7, 10)), (1, 10))","(((3, 3), (6, 5), (6, 10)), (1, 10))",29,14,43.0,29,,,pruned,,,2193
"(((3, 3), (6, 5), (6, 10)), (1, 10))","(((3, 3), (5, 10), (6, 5)), (1, 10))",28,13.0,41.0,28,8,2,expanded,False,True,2194
"(((4, 3), (5, 10), (6, 5)), (1, 10))","(((3, 3), (5, 10), (6, 5)), (1, 10))",28,13.0,41.0,28,6,0,expanded,False,True,2195
"(((2, 2), (5, 10), (6, 5)), (1, 10))","(((3, 2), (5, 10), (6, 5)), (1, 10))",29,14,43.0,29,,,pruned,,,2196
"(((3, 2), (5, 10), (6, 5)), (1, 10))","(((3, 3), (5, 10), (6, 5)), (1, 10))",28,13.0,41.0,28,6,1,expanded,False,True,2197
"(((1, 10), (4, 4), (5, 2)), (1, 11))","(((2, 10), (4, 4), (5, 2)), (1, 10))",29,14,43.0,29,,,pruned,,,2198
"(((2, 10), (4, 4), (6, 2)), (1, 10))","(((2, 10), (4, 4), (5, 2)), (1, 10))",29,14,43.0,29,,,pruned,,,2199
"(((2, 10), (4, 4), (5, 2)), (1, 10))","(((3, 10), (4, 4), (5, 2)), (1, 10))",28,13.0,41.0,28,8,2,expanded,False,True,2200
"(((4, 1), (6, 6), (6, 9)), (1, 10))","(((4, 2), (6, 6), (6, 9)), (1, 10))",29,14,43.0,29,,,pruned,,,2201
"(((4, 2), (6, 6), (6, 9)), (1, 10))","(((4, 3), (6, 6), (6, 9)), (1, 10))",28,13.0,41.0,28,6,1,expanded,False,True,2202
"(((5, 4), (6, 5), (6, 9)), (1, 10))","(((4, 4), (6, 5), (6, 9)), (1, 10))",28,13.0,41.0,28,4,0,expanded,False,True,2203
"(((4, 6), (5, 2), (7, 10)), (1, 10))","(((4, 6), (5, 2), (6, 10)), (1, 10))",29,14,43.0,29,,,pruned,,,2204
"(((4, 6), (5, 2), (6, 10)), (1, 10))","(((4, 6), (5, 2), (5, 10)), (1, 10))",28,13.0,41.0,28,4,1,expanded,False,True,2205
"(((4, 4), (5, 10), (6, 4)), (1, 10))","(((4, 3), (5, 10), (6, 4)), (1, 10))",28,13.0,41.0,28,7,0,expanded,False,True,2206
"(((4, 4), (4, 7), (6, 3)), (2, 2))","(((4, 4), (4, 6), (6, 3)), (2, 2))",29,12,41.0,29,,,pruned,,,2207
"(((4, 4), (4, 6), (6, 3)), (2, 2))","(((4, 3), (4, 6), (6, 3)), (1, 10))",28,13.0,41.0,28,5,1,expanded,False,True,2208
"(((3, 10), (5, 2), (5, 4)), (1, 10))","(((4, 10), (5, 2), (5, 4)), (1, 10))",28,13.0,41.0,28,5,0,expanded,False,True,2209
"(((4, 5), (5, 2), (6, 9)), (1, 10))","(((4, 5), (5, 2), (6, 10)), (1, 10))",28,13.0,41.0,28,2,0,expanded,False,True,2210
"(((4, 3), (6, 6), (7, 10)), (1, 10))","(((4, 3), (6, 6), (6, 10)), (1, 10))",29,14,43.0,29,,,pruned,,,2211
"(((4, 3), (6, 6), (6, 10)), (1, 10))","(((4, 3), (6, 5), (6, 10)), (1, 10))",28,13.0,41.0,28,6,1,expanded,False,True,2212
"(((4, 4), (6, 5), (7, 10)), (1, 10))","(((4, 4), (6, 5), (6, 10)), (1, 10))",29,14,43.0,29,,,pruned,,,2213
"(((4, 4), (6, 5), (6, 10)), (1, 10))","(((4, 3), (6, 5), (6, 10)), (1, 10))",28,13.0,41.0,28,8,1,expanded,False,True,2214
"(((2, 2), (6, 6), (6, 10)), (1, 10))","(((3, 2), (6, 6), (6, 10)), (1, 10))",29,14,43.0,29,,,pruned,,,2215
"(((3, 2), (6, 6), (7, 10)), (1, 10))","(((3, 2), (6, 6), (6, 10)), (1, 10))",29,14,43.0,29,,,pruned,,,2216
"(((3, 2), (6, 6), (6, 10)), (1, 10))","(((3, 2), (6, 5), (6, 10)), (1, 10))",28,13.0,41.0,28,6,2,expanded,False,True,2217
"(((3, 7), (4, 3), (6, 2)), (1, 10))","(((3, 7), (4, 3), (5, 2)), (1, 10))",30,13,43.0,30,,,pruned,,,2218
"(((3, 7), (4, 3), (5, 2)), (1, 10))","(((3, 3), (3, 7), (5, 2)), (1, 10))",29,12.0,41.0,29,4,1,expanded,False,True,2219
"(((2, 2), (3, 7), (5, 2)), (1, 10))","(((3, 2), (3, 7), (5, 2)), (1, 10))",30,13,43.0,30,,,pruned,,,2220
"(((3, 2), (3, 7), (6, 2)), (1, 10))","(((3, 2), (3, 7), (5, 2)), (1, 10))",30,13,43.0,30,,,pruned,,,2221
"(((3, 2), (3, 7), (5, 2)), (1, 10))","(((3, 3), (3, 7), (5, 2)), (1, 10))",29,12.0,41.0,29,4,2,expanded,False,True,2222
"(((1, 10), (4, 3), (5, 4)), (1, 11))","(((2, 10), (4, 3), (5, 4)), (1, 10))",30,13,43.0,30,,,pruned,,,2223
"(((2, 10), (4, 3), (5, 4)), (1, 10))","(((2, 10), (3, 3), (5, 4)), (1, 10))",29,12.0,41.0,29,6,1,expanded,False,True,2224
"(((1, 10), (3, 2), (5, 4)), (1, 11))","(((2, 10), (3, 2), (5, 4)), (1, 10))",30,13,43.0,30,,,pruned,,,2225
"(((2, 2), (2, 10), (5, 4)), (1, 10))","(((2, 10), (3, 2), (5, 4)), (1, 10))",30,13,43.0,30,,,pruned,,,2226
"(((2, 10), (3, 2), (5, 4)), (1, 10))","(((2, 10), (3, 3), (5, 4)), (1, 10))",29,12.0,41.0,29,6,2,expanded,False,True,2227
"(((1, 10), (3, 3), (6, 4)), (1, 11))","(((2, 10), (3, 3), (6, 4)), (1, 10))",30,13,43.0,30,,,pruned,,,2228
"(((2, 3), (2, 10), (6, 4)), (1, 10))","(((2, 10), (3, 3), (6, 4)), (1, 10))",30,13,43.0,30,,,pruned,,,2229
"(((2, 10), (3, 3), (6, 4)), (1, 10))","(((2, 10), (3, 3), (5, 4)), (1, 10))",29,12.0,41.0,29,8,2,expanded,False,True,2230
"(((1, 10), (4, 2), (4, 4)), (1, 11))","(((2, 10), (4, 2), (4, 4)), (1, 10))",30,13,43.0,30,,,pruned,,,2231
"(((2, 10), (4, 1), (4, 4)), (1, 10))","(((2, 10), (4, 2), (4, 4)), (1, 10))",30,13,43.0,30,,,pruned,,,2232
"(((2, 10), (4, 2), (4, 4)), (1, 10))","(((2, 10), (3, 2), (4, 4)), (1, 10))",29,12.0,41.0,29,10,2,expanded,False,True,2233
"(((4, 2), (4, 6), (7, 10)), (1, 10))","(((4, 2), (4, 6), (6, 10)), (1, 10))",30,13,43.0,30,,,pruned,,,2234
"(((4, 2), (4, 6), (6, 10)), (1, 10))","(((4, 2), (4, 6), (5, 10)), (1, 10))",29,12.0,41.0,29,4,1,expanded,False,True,2235
"(((3, 11), (4, 3), (6, 4)), (1, 10))","(((3, 10), (4, 3), (6, 4)), (2, 2))",30,13,43.0,30,,,pruned,,,2236
"(((3, 10), (4, 3), (6, 4)), (2, 2))","(((3, 10), (4, 3), (5, 4)), (1, 10))",29,12.0,41.0,29,4,1,expanded,False,True,2237
"(((3, 11), (4, 2), (5, 4)), (1, 10))","(((3, 10), (4, 2), (5, 4)), (2, 2))",30,13,43.0,30,,,pruned,,,2238
"(((3, 10), (4, 1), (5, 4)), (1, 10))","(((3, 10), (4, 2), (5, 4)), (2, 2))",30,13,43.0,30,,,pruned,,,2239
"(((3, 10), (4, 2), (5, 4)), (2, 2))","(((3, 10), (4, 3), (5, 4)), (1, 10))",29,12.0,41.0,29,4,2,expanded,False,True,2240
"(((3, 4), (4, 4), (6, 5)), (1, 10))","(((3, 4), (4, 4), (6, 6)), (1, 10))",29,12.0,41.0,29,3,0,expanded,False,True,2241
"(((3, 3), (4, 4), (6, 6)), (1, 10))","(((3, 4), (4, 4), (6, 6)), (1, 10))",29,12.0,41.0,29,4,0,expanded,False,True,2242
"(((2, 3), (5, 4), (6, 7)), (1, 10))","(((3, 3), (5, 4), (6, 7)), (1, 10))",30,13,43.0,30,,,pruned,,,2243
"(((3, 3), (5, 4), (6, 7)), (1, 10))","(((3, 3), (4, 4), (6, 7)), (1, 10))",29,12.0,41.0,29,8,1,expanded,False,True,2244
"(((2, 2), (3, 10), (6, 4)), (2, 3))","(((3, 2), (3, 10), (6, 4)), (2, 2))",30,13,43.0,30,,,pruned,,,2245
"(((3, 2), (3, 11), (6, 4)), (1, 10))","(((3, 2), (3, 10), (6, 4)), (2, 2))",30,13,43.0,30,,,pruned,,,2246
"(((3, 2), (3, 10), (6, 4)), (2, 2))","(((3, 2), (3, 10), (5, 4)), (1, 10))",29,12.0,41.0,29,4,2,expanded,False,True,2247
"(((3, 4), (4, 10), (6, 2)), (1, 10))","(((3, 4), (4, 10), (6, 3)), (1, 10))",30,13,43.0,30,,,pruned,,,2248
"(((3, 5), (4, 10), (6, 3)), (1, 10))","(((3, 4), (4, 10), (6, 3)), (1, 10))",30,11,41.0,30,,,pruned,,,2249
"(((3, 4), (4, 10), (6, 3)), (1, 10))","(((3, 4), (4, 10), (6, 4)), (1, 10))",29,12.0,41.0,29,6,2,expanded,False,True,2250
"(((4, 5), (5, 4), (7, 10)), (1, 10))","(((4, 5), (5, 4), (6, 10)), (1, 10))",30,13,43.0,30,,,pruned,,,2251
"(((4, 5), (5, 4), (6, 10)), (1, 10))","(((4, 5), (5, 4), (5, 10)), (1, 10))",29,12.0,41.0,29,4,1,expanded,False,True,2252
"(((4, 5), (5, 10), (6, 4)), (2, 2))","(((4, 5), (5, 4), (5, 10)), (1, 10))",29,12.0,41.0,29,2,0,expanded,False,True,2253
"(((3, 9), (5, 4), (6, 2)), (2, 2))","(((3, 9), (5, 2), (5, 4)), (2, 2))",30,13,43.0,30,,,pruned,,,2254
"(((3, 9), (5, 2), (5, 4)), (2, 2))","(((3, 9), (4, 4), (5, 2)), (2, 2))",29,12.0,41.0,29,3,1,expanded,False,True,2255
"(((2, 3), (3, 10), (6, 3)), (1, 10))","(((3, 3), (3, 10), (6, 3)), (1, 10))",30,13,43.0,30,,,pruned,,,2256
"(((3, 3), (3, 11), (6, 3)), (1, 10))","(((3, 3), (3, 10), (6, 3)), (1, 10))",30,13,43.0,30,,,pruned,,,2257
"(((3, 3), (3, 10), (6, 2)), (1, 10))","(((3, 3), (3, 10), (6, 3)), (1, 10))",30,13,43.0,30,,,pruned,,,2258
"(((3, 3), (3, 10), (6, 3)), (1, 10))","(((3, 3), (3, 10), (6, 4)), (1, 10))",29,12.0,41.0,29,10,3,expanded,False,True,2259
"(((4, 3), (4, 10), (6, 5)), (1, 10))","(((3, 3), (4, 10), (6, 5)), (1, 10))",29,12.0,41.0,29,6,0,expanded,False,True,2260
"(((2, 2), (4, 10), (6, 5)), (1, 10))","(((3, 2), (4, 10), (6, 5)), (1, 10))",30,13,43.0,30,,,pruned,,,2261
"(((3, 2), (4, 10), (6, 5)), (1, 10))","(((3, 3), (4, 10), (6, 5)), (1, 10))",29,12.0,41.0,29,6,1,expanded,False,True,2262
"(((3, 5), (6, 4), (6, 9)), (1, 10))","(((3, 4), (6, 4), (6, 9)), (1, 10))",30,11,41.0,30,,,pruned,,,2263
"(((3, 4), (6, 4), (6, 9)), (1, 10))","(((3, 4), (5, 4), (6, 9)), (1, 10))",29,12.0,41.0,29,4,1,expanded,False,True,2264
"(((3, 4), (6, 5), (7, 10)), (1, 10))","(((3, 4), (6, 5), (6, 10)), (1, 10))",30,13,43.0,30,,,pruned,,,2265
"(((3, 5), (6, 5), (6, 10)), (1, 10))","(((3, 4), (6, 5), (6, 10)), (1, 10))",30,11,41.0,30,,,pruned,,,2266
"(((3, 4), (6, 5), (6, 10)), (1, 10))","(((3, 4), (5, 10), (6, 5)), (1, 10))",29,12.0,41.0,29,6,2,expanded,False,True,2267
"(((1, 10), (4, 5), (5, 2)), (1, 11))","(((2, 10), (4, 5), (5, 2)), (1, 10))",30,13,43.0,30,,,pruned,,,2268
"(((2, 10), (4, 5), (6, 2)), (1, 10))","(((2, 10), (4, 5), (5, 2)), (1, 10))",30,13,43.0,30,,,pruned,,,2269
"(((2, 10), (4, 5), (5, 2)), (1, 10))","(((3, 10), (4, 5), (5, 2)), (1, 10))",29,12.0,41.0,29,6,2,expanded,False,True,2270
"(((2, 3), (6, 6), (6, 10)), (1, 10))","(((3, 3), (6, 6), (6, 10)), (1, 10))",30,13,43.0,30,,,pruned,,,2271
"(((3, 3), (6, 6), (7, 10)), (1, 10))","(((3, 3), (6, 6), (6, 10)), (1, 10))",30,13,43.0,30,,,pruned,,,2272
"(((3, 3), (6, 6), (6, 10)), (1, 10))","(((3, 3), (5, 10), (6, 6)), (1, 10))",29,12.0,41.0,29,8,2,expanded,False,True,2273
"(((4, 3), (5, 10), (6, 6)), (1, 10))","(((3, 3), (5, 10), (6, 6)), (1, 10))",29,12.0,41.0,29,6,0,expanded,False,True,2274
"(((2, 2), (5, 10), (6, 6)), (1, 10))","(((3, 2), (5, 10), (6, 6)), (1, 10))",30,13,43.0,30,,,pruned,,,2275
"(((3, 2), (5, 10), (6, 6)), (1, 10))","(((3, 3), (5, 10), (6, 6)), (1, 10))",29,12.0,41.0,29,6,1,expanded,False,True,2276
"(((4, 1), (6, 7), (6, 9)), (1, 10))","(((4, 2), (6, 7), (6, 9)), (1, 10))",30,13,43.0,30,,,pruned,,,2277
"(((4, 2), (6, 7), (6, 9)), (1, 10))","(((4, 3), (6, 7), (6, 9)), (1, 10))",29,12.0,41.0,29,6,1,expanded,False,True,2278
"(((5, 4), (6, 6), (6, 9)), (1, 10))","(((4, 4), (6, 6), (6, 9)), (1, 10))",29,12.0,41.0,29,4,0,expanded,False,True,2279
"(((2, 3), (6, 5), (6, 9)), (1, 10))","(((3, 3), (6, 5), (6, 9)), (1, 10))",30,13,43.0,30,,,pruned,,,2280
"(((3, 3), (6, 5), (6, 9)), (1, 10))","(((3, 4), (6, 5), (6, 9)), (1, 10))",29,12.0,41.0,29,6,1,expanded,False,True,2281
"(((3, 10), (4, 3), (6, 4)), (1, 10))","(((4, 3), (4, 10), (6, 4)), (1, 10))",29,12.0,41.0,29,4,0,expanded,False,True,2282
"(((4, 4), (4, 10), (6, 4)), (1, 10))","(((4, 3), (4, 10), (6, 4)), (1, 10))",29,12.0,41.0,29,7,0,expanded,False,True,2283
"(((3, 2), (3, 10), (6, 4)), (1, 10))","(((3, 2), (4, 10), (6, 4)), (1, 10))",29,12.0,41.0,29,4,0,expanded,False,True,2284
"(((3, 10), (4, 2), (5, 4)), (1, 10))","(((4, 2), (4, 10), (5, 4)), (1, 10))",29,12.0,41.0,29,6,0,expanded,False,True,2285
"(((4, 2), (4, 5), (6, 9)), (1, 10))","(((4, 2), (4, 5), (6, 10)), (1, 10))",29,12.0,41.0,29,2,0,expanded,False,True,2286
"(((6, 5), (6, 6), (6, 7)), (1, 10))","(((6, 4), (6, 6), (6, 7)), (1, 10))",29,12.0,41.0,29,0,0,expanded,False,True,2287
"(((4, 4), (5, 10), (6, 5)), (1, 10))","(((4, 3), (5, 10), (6, 5)), (1, 10))",29,12.0,41.0,29,8,0,expanded,False,True,2288
"(((4, 6), (5, 2), (6, 9)), (1, 10))","(((4, 6), (5, 2), (6, 10)), (1, 10))",29,12.0,41.0,29,2,0,expanded,False,True,2289
"(((4, 5), (4, 6), (6, 2)), (1, 10))","(((4, 5), (4, 6), (6, 3)), (1, 10))",30,13,43.0,30,,,pruned,,,2290
"(((4, 5), (4, 6), (6, 3)), (1, 10))","(((4, 4), (4, 6), (6, 3)), (2, 2))",29,12.0,41.0,29,2,1,expanded,False,True,2291
"(((3, 9), (5, 2), (5, 4)), (1, 10))","(((3, 10), (5, 2), (5, 4)), (1, 10))",29,12.0,41.0,29,3,0,expanded,False,True,2292
"(((4, 3), (6, 7), (7, 10)), (1, 10))","(((4, 3), (6, 7), (6, 10)), (1, 10))",30,13,43.0,30,,,pruned,,,2293
"(((4, 3), (6, 7), (6, 10)), (1, 10))","(((4, 3), (6, 6), (6, 10)), (1, 10))",29,12.0,41.0,29,6,1,expanded,False,True,2294
"(((4, 4), (6, 6), (7, 10)), (1, 10))","(((4, 4), (6, 6), (6, 10)), (1, 10))",30,13,43.0,30,,,pruned,,,2295
"(((4, 4), (6, 6), (6, 10)), (1, 10))","(((4, 3), (6, 6), (6, 10)), (1, 10))",29,12.0,41.0,29,8,1,expanded,False,True,2296
"(((2, 2), (6, 7), (6, 10)), (1, 10))","(((3, 2), (6, 7), (6, 10)), (1, 10))",30,13,43.0,30,,,pruned,,,2297
"(((3, 2), (6, 7), (7, 10)), (1, 10))","(((3, 2), (6, 7), (6, 10)), (1, 10))",30,13,43.0,30,,,pruned,,,2298
"(((3, 2), (6, 7), (6, 10)), (1, 10))","(((3, 2), (6, 6), (6, 10)), (1, 10))",29,12.0,41.0,29,6,2,expanded,False,True,2299
"(((3, 7), (4, 2), (4, 3)), (1, 10))","(((3, 2), (3, 7), (4, 3)), (1, 10))",30,11.0,41.0,30,2,0,expanded,False,True,2300
"(((3, 9), (4, 3), (6, 4)), (2, 2))","(((3, 9), (4, 3), (5, 4)), (1, 10))",30,11.0,41.0,30,4,0,expanded,False,True,2301
"(((3, 9), (4, 1), (5, 4)), (1, 10))","(((3, 9), (4, 2), (5, 4)), (2, 2))",31,12,43.0,31,,,pruned,,,2302
"(((3, 9), (4, 2), (5, 4)), (2, 2))","(((3, 9), (4, 3), (5, 4)), (1, 10))",30,11.0,41.0,30,4,1,expanded,False,True,2303
"(((1, 10), (4, 2), (4, 5)), (1, 11))","(((2, 10), (4, 2), (4, 5)), (1, 10))",31,12,43.0,31,,,pruned,,,2304
"(((2, 10), (4, 1), (4, 5)), (1, 10))","(((2, 10), (4, 2), (4, 5)), (1, 10))",31,12,43.0,31,,,pruned,,,2305
"(((2, 10), (4, 2), (4, 5)), (1, 10))","(((2, 10), (4, 3), (4, 5)), (1, 10))",30,11.0,41.0,30,8,2,expanded,False,True,2306
"(((3, 4), (4, 5), (6, 5)), (1, 10))","(((3, 4), (4, 5), (6, 6)), (1, 10))",30,11.0,41.0,30,2,0,expanded,False,True,2307
"(((2, 2), (3, 9), (6, 4)), (2, 3))","(((3, 2), (3, 9), (6, 4)), (2, 2))",31,12,43.0,31,,,pruned,,,2308
"(((3, 2), (3, 9), (6, 4)), (2, 2))","(((3, 2), (3, 9), (5, 4)), (1, 10))",30,11.0,41.0,30,4,1,expanded,False,True,2309
"(((4, 6), (5, 4), (7, 10)), (1, 10))","(((4, 6), (5, 4), (6, 10)), (1, 10))",31,12,43.0,31,,,pruned,,,2310
"(((4, 6), (5, 4), (6, 10)), (1, 10))","(((4, 6), (5, 4), (5, 10)), (1, 10))",30,11.0,41.0,30,4,1,expanded,False,True,2311
"(((4, 7), (5, 10), (6, 4)), (2, 2))","(((4, 6), (5, 10), (6, 4)), (2, 2))",31,10,41.0,31,,,pruned,,,2312
"(((4, 6), (5, 10), (6, 4)), (2, 2))","(((4, 6), (5, 4), (5, 10)), (1, 10))",30,11.0,41.0,30,2,1,expanded,False,True,2313
"(((4, 5), (4, 10), (6, 4)), (2, 2))","(((4, 5), (4, 10), (5, 4)), (1, 10))",30,11.0,41.0,30,2,0,expanded,False,True,2314
"(((1, 10), (3, 4), (6, 4)), (1, 11))","(((2, 10), (3, 4), (6, 4)), (1, 10))",31,12,43.0,31,,,pruned,,,2315
"(((2, 10), (3, 5), (6, 4)), (1, 10))","(((2, 10), (3, 4), (6, 4)), (1, 10))",31,10,41.0,31,,,pruned,,,2316
"(((2, 10), (3, 4), (6, 4)), (1, 10))","(((2, 10), (3, 4), (5, 4)), (1, 10))",30,11.0,41.0,30,6,2,expanded,False,True,2317
"(((3, 3), (4, 5), (6, 6)), (1, 10))","(((3, 3), (4, 5), (6, 7)), (1, 10))",30,11.0,41.0,30,2,0,expanded,False,True,2318
"(((1, 10), (4, 4), (5, 4)), (1, 11))","(((2, 10), (4, 4), (5, 4)), (1, 10))",31,12,43.0,31,,,pruned,,,2319
"(((2, 10), (4, 4), (5, 4)), (1, 10))","(((3, 10), (4, 4), (5, 4)), (1, 10))",30,11.0,41.0,30,4,1,expanded,False,True,2320
"(((3, 11), (4, 3), (6, 5)), (1, 10))","(((3, 10), (4, 3), (6, 5)), (2, 2))",31,12,43.0,31,,,pruned,,,2321
"(((3, 10), (4, 3), (6, 5)), (2, 2))","(((3, 3), (3, 10), (6, 5)), (2, 2))",30,11.0,41.0,30,4,1,expanded,False,True,2322
"(((2, 2), (3, 10), (6, 5)), (2, 3))","(((3, 2), (3, 10), (6, 5)), (2, 2))",31,12,43.0,31,,,pruned,,,2323
"(((3, 2), (3, 11), (6, 5)), (1, 10))","(((3, 2), (3, 10), (6, 5)), (2, 2))",31,12,43.0,31,,,pruned,,,2324
"(((3, 2), (3, 10), (6, 5)), (2, 2))","(((3, 3), (3, 10), (6, 5)), (2, 2))",30,11.0,41.0,30,4,2,expanded,False,True,2325
"(((3, 4), (3, 10), (6, 2)), (1, 10))","(((3, 4), (3, 10), (6, 3)), (1, 10))",31,12,43.0,31,,,pruned,,,2326
"(((3, 4), (3, 11), (6, 3)), (1, 10))","(((3, 4), (3, 10), (6, 3)), (1, 10))",31,12,43.0,31,,,pruned,,,2327
"(((3, 5), (3, 10), (6, 3)), (1, 10))","(((3, 4), (3, 10), (6, 3)), (1, 10))",31,10,41.0,31,,,pruned,,,2328
"(((3, 4), (3, 10), (6, 3)), (1, 10))","(((3, 4), (3, 10), (6, 4)), (1, 10))",30,11.0,41.0,30,8,3,expanded,False,True,2329
"(((2, 3), (3, 9), (6, 3)), (1, 10))","(((3, 3), (3, 9), (6, 3)), (1, 10))",31,12,43.0,31,,,pruned,,,2330
"(((3, 3), (3, 9), (6, 2)), (1, 10))","(((3, 3), (3, 9), (6, 3)), (1, 10))",31,12,43.0,31,,,pruned,,,2331
"(((3, 3), (3, 9), (6, 3)), (1, 10))","(((3, 3), (3, 9), (6, 4)), (1, 10))",30,11.0,41.0,30,8,2,expanded,False,True,2332
"(((1, 10), (3, 3), (6, 5)), (1, 11))","(((2, 10), (3, 3), (6, 5)), (1, 10))",31,12,43.0,31,,,pruned,,,2333
"(((2, 3), (2, 10), (6, 5)), (1, 10))","(((2, 10), (3, 3), (6, 5)), (1, 10))",31,12,43.0,31,,,pruned,,,2334
"(((2, 10), (3, 3), (6, 5)), (1, 10))","(((3, 3), (3, 10), (6, 5)), (1, 10))",30,11.0,41.0,30,8,2,expanded,False,True,2335
"(((4, 3), (4, 10), (6, 6)), (1, 10))","(((3, 3), (4, 10), (6, 6)), (1, 10))",30,11.0,41.0,30,6,0,expanded,False,True,2336
"(((2, 2), (4, 10), (6, 6)), (1, 10))","(((3, 2), (4, 10), (6, 6)), (1, 10))",31,12,43.0,31,,,pruned,,,2337
"(((3, 2), (4, 10), (6, 6)), (1, 10))","(((3, 3), (4, 10), (6, 6)), (1, 10))",30,11.0,41.0,30,6,1,expanded,False,True,2338
"(((3, 4), (6, 6), (7, 10)), (1, 10))","(((3, 4), (6, 6), (6, 10)), (1, 10))",31,12,43.0,31,,,pruned,,,2339
"(((3, 5), (6, 6), (6, 10)), (1, 10))","(((3, 4), (6, 6), (6, 10)), (1, 10))",31,10,41.0,31,,,pruned,,,2340
"(((3, 4), (6, 6), (6, 10)), (1, 10))","(((3, 4), (5, 10), (6, 6)), (1, 10))",30,11.0,41.0,30,6,2,expanded,False,True,2341
"(((1, 10), (4, 6), (5, 2)), (1, 11))","(((2, 10), (4, 6), (5, 2)), (1, 10))",31,12,43.0,31,,,pruned,,,2342
"(((2, 10), (4, 7), (5, 2)), (1, 10))","(((2, 10), (4, 6), (5, 2)), (1, 10))",31,10,41.0,31,,,pruned,,,2343
"(((2, 10), (4, 6), (6, 2)), (1, 10))","(((2, 10), (4, 6), (5, 2)), (1, 10))",31,12,43.0,31,,,pruned,,,2344
"(((2, 10), (4, 6), (5, 2)), (1, 10))","(((3, 10), (4, 6), (5, 2)), (1, 10))",30,11.0,41.0,30,6,3,expanded,False,True,2345
"(((2, 3), (6, 7), (6, 10)), (1, 10))","(((3, 3), (6, 7), (6, 10)), (1, 10))",31,12,43.0,31,,,pruned,,,2346
"(((3, 3), (6, 7), (7, 10)), (1, 10))","(((3, 3), (6, 7), (6, 10)), (1, 10))",31,12,43.0,31,,,pruned,,,2347
"(((3, 3), (6, 7), (6, 10)), (1, 10))","(((3, 3), (5, 10), (6, 7)), (1, 10))",30,11.0,41.0,30,8,2,expanded,False,True,2348
"(((4, 3), (5, 10), (6, 7)), (1, 10))","(((3, 3), (5, 10), (6, 7)), (1, 10))",30,11.0,41.0,30,6,0,expanded,False,True,2349
"(((2, 2), (5, 10), (6, 7)), (1, 10))","(((3, 2), (5, 10), (6, 7)), (1, 10))",31,12,43.0,31,,,pruned,,,2350
"(((3, 2), (5, 10), (6, 7)), (1, 10))","(((3, 3), (5, 10), (6, 7)), (1, 10))",30,11.0,41.0,30,6,1,expanded,False,True,2351
"(((5, 4), (6, 7), (6, 9)), (1, 10))","(((4, 4), (6, 7), (6, 9)), (1, 10))",30,11.0,41.0,30,4,0,expanded,False,True,2352
"(((2, 3), (6, 6), (6, 9)), (1, 10))","(((3, 3), (6, 6), (6, 9)), (1, 10))",31,12,43.0,31,,,pruned,,,2353
"(((3, 3), (6, 6), (6, 9)), (1, 10))","(((3, 4), (6, 6), (6, 9)), (1, 10))",30,11.0,41.0,30,6,1,expanded,False,True,2354
"(((3, 5), (5, 4), (6, 7)), (1, 10))","(((3, 4), (5, 4), (6, 7)), (1, 10))",31,10,41.0,31,,,pruned,,,2355
"(((3, 4), (5, 4), (6, 7)), (1, 10))","(((3, 4), (5, 4), (6, 8)), (1, 10))",30,11.0,41.0,30,6,1,expanded,False,True,2356
"(((4, 3), (4, 5), (6, 7)), (1, 10))","(((4, 3), (4, 5), (6, 8)), (1, 10))",30,11.0,41.0,30,2,0,expanded,False,True,2357
"(((3, 2), (4, 5), (6, 7)), (1, 10))","(((3, 2), (4, 5), (6, 8)), (1, 10))",30,11.0,41.0,30,2,0,expanded,False,True,2358
"(((3, 7), (4, 4), (5, 2)), (1, 10))","(((3, 8), (4, 4), (5, 2)), (1, 10))",30,11.0,41.0,30,2,0,expanded,False,True,2359
"(((3, 7), (4, 4), (6, 2)), (2, 2))","(((3, 7), (4, 4), (5, 2)), (2, 2))",31,12,43.0,31,,,pruned,,,2360
"(((3, 7), (4, 4), (5, 2)), (2, 2))","(((3, 7), (4, 3), (5, 2)), (1, 10))",30,11.0,41.0,30,4,1,expanded,False,True,2361
"(((4, 2), (4, 6), (6, 9)), (1, 10))","(((4, 2), (4, 6), (6, 10)), (1, 10))",30,11.0,41.0,30,2,0,expanded,False,True,2362
"(((3, 11), (4, 4), (6, 4)), (1, 10))","(((3, 10), (4, 4), (6, 4)), (2, 2))",31,12,43.0,31,,,pruned,,,2363
"(((3, 10), (4, 4), (6, 4)), (2, 2))","(((3, 10), (4, 3), (6, 4)), (2, 2))",30,11.0,41.0,30,5,1,expanded,False,True,2364
"(((4, 5), (5, 4), (6, 9)), (1, 10))","(((4, 5), (5, 4), (6, 10)), (1, 10))",30,11.0,41.0,30,2,0,expanded,False,True,2365
"(((4, 5), (5, 10), (6, 5)), (2, 2))","(((4, 5), (5, 10), (6, 4)), (2, 2))",30,11.0,41.0,30,2,0,expanded,False,True,2366
"(((3, 10), (4, 3), (6, 5)), (1, 10))","(((4, 3), (4, 10), (6, 5)), (1, 10))",30,11.0,41.0,30,4,0,expanded,False,True,2367
"(((4, 4), (4, 10), (6, 5)), (1, 10))","(((4, 3), (4, 10), (6, 5)), (1, 10))",30,11.0,41.0,30,8,0,expanded,False,True,2368
"(((3, 2), (3, 10), (6, 5)), (1, 10))","(((3, 2), (4, 10), (6, 5)), (1, 10))",30,11.0,41.0,30,4,0,expanded,False,True,2369
"(((4, 4), (5, 10), (6, 6)), (1, 10))","(((4, 3), (5, 10), (6, 6)), (1, 10))",30,11.0,41.0,30,8,0,expanded,False,True,2370
"(((3, 9), (4, 3), (6, 4)), (1, 10))","(((3, 10), (4, 3), (6, 4)), (1, 10))",30,11.0,41.0,30,2,0,expanded,False,True,2371
"(((3, 10), (4, 4), (6, 4)), (1, 10))","(((4, 4), (4, 10), (6, 4)), (1, 10))",30,11.0,41.0,30,4,0,expanded,False,True,2372
"(((3, 2), (3, 9), (6, 4)), (1, 10))","(((3, 2), (3, 10), (6, 4)), (1, 10))",30,11.0,41.0,30,2,0,expanded,False,True,2373
"(((3, 9), (4, 2), (5, 4)), (1, 10))","(((3, 10), (4, 2), (5, 4)), (1, 10))",30,11.0,41.0,30,4,0,expanded,False,True,2374
"(((4, 4), (6, 7), (7, 10)), (1, 10))","(((4, 4), (6, 7), (6, 10)), (1, 10))",31,12,43.0,31,,,pruned,,,2375
"(((4, 4), (6, 7), (6, 10)), (1, 10))","(((4, 3), (6, 7), (6, 10)), (1, 10))",30,11.0,41.0,30,8,1,expanded,False,True,2376
"(((1, 10), (4, 2), (4, 6)), (1, 11))","(((2, 10), (4, 2), (4, 6)), (1, 10))",32,11,43.0,32,,,pruned,,,2377
"(((2, 10), (4, 2), (4, 7)), (1, 10))","(((2, 10), (4, 2), (4, 6)), (1, 10))",32,9,41.0,32,,,pruned,,,2378
"(((2, 10), (4, 1), (4, 6)), (1, 10))","(((2, 10), (4, 2), (4, 6)), (1, 10))",32,11,43.0,32,,,pruned,,,2379
"(((2, 10), (4, 2), (4, 6)), (1, 10))","(((2, 10), (4, 3), (4, 6)), (1, 10))",31,10.0,41.0,31,8,3,expanded,False,True,2380
"(((3, 7), (4, 3), (5, 4)), (1, 10))","(((3, 7), (4, 3), (4, 4)), (1, 10))",31,10.0,41.0,31,4,0,expanded,False,True,2381
"(((3, 4), (4, 6), (6, 5)), (1, 10))","(((3, 4), (4, 6), (6, 6)), (1, 10))",31,10.0,41.0,31,2,0,expanded,False,True,2382
"(((4, 7), (4, 10), (6, 4)), (2, 2))","(((4, 6), (4, 10), (6, 4)), (2, 2))",32,9,41.0,32,,,pruned,,,2383
"(((4, 6), (4, 10), (6, 4)), (2, 2))","(((4, 6), (4, 10), (5, 4)), (1, 10))",31,10.0,41.0,31,2,1,expanded,False,True,2384
"(((3, 10), (4, 5), (6, 4)), (2, 2))","(((3, 10), (4, 5), (5, 4)), (1, 10))",31,10.0,41.0,31,2,0,expanded,False,True,2385
"(((1, 10), (4, 5), (5, 4)), (1, 11))","(((2, 10), (4, 5), (5, 4)), (1, 10))",32,11,43.0,32,,,pruned,,,2386
"(((2, 10), (4, 5), (5, 4)), (1, 10))","(((3, 10), (4, 5), (5, 4)), (1, 10))",31,10.0,41.0,31,6,1,expanded,False,True,2387
"(((2, 2), (3, 7), (5, 4)), (1, 10))","(((3, 2), (3, 7), (5, 4)), (1, 10))",32,11,43.0,32,,,pruned,,,2388
"(((3, 2), (3, 7), (5, 4)), (1, 10))","(((3, 2), (3, 7), (4, 4)), (1, 10))",31,10.0,41.0,31,4,1,expanded,False,True,2389
"(((3, 7), (4, 1), (4, 4)), (1, 10))","(((3, 7), (4, 2), (4, 4)), (2, 2))",32,11,43.0,32,,,pruned,,,2390
"(((3, 7), (4, 2), (4, 4)), (2, 2))","(((3, 2), (3, 7), (4, 4)), (1, 10))",31,10.0,41.0,31,5,1,expanded,False,True,2391
"(((3, 3), (4, 6), (6, 6)), (1, 10))","(((3, 3), (4, 6), (6, 7)), (1, 10))",31,10.0,41.0,31,2,0,expanded,False,True,2392
"(((2, 3), (3, 7), (6, 4)), (2, 2))","(((3, 3), (3, 7), (6, 4)), (2, 2))",32,11,43.0,32,,,pruned,,,2393
"(((3, 3), (3, 7), (6, 4)), (2, 2))","(((3, 3), (3, 7), (5, 4)), (1, 10))",31,10.0,41.0,31,5,1,expanded,False,True,2394
"(((3, 9), (4, 3), (6, 5)), (2, 2))","(((3, 3), (3, 9), (6, 5)), (2, 2))",31,10.0,41.0,31,4,0,expanded,False,True,2395
"(((2, 2), (3, 9), (6, 5)), (2, 3))","(((3, 2), (3, 9), (6, 5)), (2, 2))",32,11,43.0,32,,,pruned,,,2396
"(((3, 2), (3, 9), (6, 5)), (2, 2))","(((3, 3), (3, 9), (6, 5)), (2, 2))",31,10.0,41.0,31,4,1,expanded,False,True,2397
"(((3, 11), (4, 3), (6, 6)), (1, 10))","(((3, 10), (4, 3), (6, 6)), (2, 2))",32,11,43.0,32,,,pruned,,,2398
"(((3, 10), (4, 3), (6, 6)), (2, 2))","(((3, 3), (3, 10), (6, 6)), (2, 2))",31,10.0,41.0,31,4,1,expanded,False,True,2399
"(((2, 2), (3, 10), (6, 6)), (2, 3))","(((3, 2), (3, 10), (6, 6)), (2, 2))",32,11,43.0,32,,,pruned,,,2400
"(((3, 2), (3, 11), (6, 6)), (1, 10))","(((3, 2), (3, 10), (6, 6)), (2, 2))",32,11,43.0,32,,,pruned,,,2401
"(((3, 2), (3, 10), (6, 6)), (2, 2))","(((3, 3), (3, 10), (6, 6)), (2, 2))",31,10.0,41.0,31,4,2,expanded,False,True,2402
"(((3, 4), (3, 9), (6, 2)), (1, 10))","(((3, 4), (3, 9), (6, 3)), (1, 10))",32,11,43.0,32,,,pruned,,,2403
"(((3, 5), (3, 9), (6, 3)), (1, 10))","(((3, 4), (3, 9), (6, 3)), (1, 10))",32,9,41.0,32,,,pruned,,,2404
"(((3, 4), (3, 9), (6, 3)), (1, 10))","(((3, 4), (3, 9), (6, 4)), (1, 10))",31,10.0,41.0,31,6,2,expanded,False,True,2405
"(((1, 10), (3, 4), (6, 5)), (1, 11))","(((2, 10), (3, 4), (6, 5)), (1, 10))",32,11,43.0,32,,,pruned,,,2406
"(((2, 10), (3, 5), (6, 5)), (1, 10))","(((2, 10), (3, 4), (6, 5)), (1, 10))",32,9,41.0,32,,,pruned,,,2407
"(((2, 10), (3, 4), (6, 5)), (1, 10))","(((3, 4), (3, 10), (6, 5)), (1, 10))",31,10.0,41.0,31,6,2,expanded,False,True,2408
"(((4, 3), (4, 10), (6, 7)), (1, 10))","(((3, 3), (4, 10), (6, 7)), (1, 10))",31,10.0,41.0,31,6,0,expanded,False,True,2409
"(((2, 2), (4, 10), (6, 7)), (1, 10))","(((3, 2), (4, 10), (6, 7)), (1, 10))",32,11,43.0,32,,,pruned,,,2410
"(((3, 2), (4, 10), (6, 7)), (1, 10))","(((3, 3), (4, 10), (6, 7)), (1, 10))",31,10.0,41.0,31,6,1,expanded,False,True,2411
"(((1, 10), (3, 3), (6, 6)), (1, 11))","(((2, 10), (3, 3), (6, 6)), (1, 10))",32,11,43.0,32,,,pruned,,,2412
"(((2, 3), (2, 10), (6, 6)), (1, 10))","(((2, 10), (3, 3), (6, 6)), (1, 10))",32,11,43.0,32,,,pruned,,,2413
"(((2, 10), (3, 3), (6, 6)), (1, 10))","(((3, 3), (3, 10), (6, 6)), (1, 10))",31,10.0,41.0,31,8,2,expanded,False,True,2414
"(((3, 4), (6, 7), (7, 10)), (1, 10))","(((3, 4), (6, 7), (6, 10)), (1, 10))",32,11,43.0,32,,,pruned,,,2415
"(((3, 5), (6, 7), (6, 10)), (1, 10))","(((3, 4), (6, 7), (6, 10)), (1, 10))",32,9,41.0,32,,,pruned,,,2416
"(((3, 4), (6, 7), (6, 10)), (1, 10))","(((3, 4), (5, 10), (6, 7)), (1, 10))",31,10.0,41.0,31,6,2,expanded,False,True,2417
"(((2, 3), (6, 7), (6, 9)), (1, 10))","(((3, 3), (6, 7), (6, 9)), (1, 10))",32,11,43.0,32,,,pruned,,,2418
"(((3, 3), (6, 7), (6, 9)), (1, 10))","(((3, 4), (6, 7), (6, 9)), (1, 10))",31,10.0,41.0,31,6,1,expanded,False,True,2419
"(((4, 3), (4, 6), (6, 7)), (1, 10))","(((4, 3), (4, 6), (6, 8)), (1, 10))",31,10.0,41.0,31,2,0,expanded,False,True,2420
"(((3, 2), (4, 6), (6, 7)), (1, 10))","(((3, 2), (4, 6), (6, 8)), (1, 10))",31,10.0,41.0,31,2,0,expanded,False,True,2421
"(((4, 4), (4, 5), (6, 7)), (1, 10))","(((4, 4), (4, 5), (6, 8)), (1, 10))",31,10.0,41.0,31,1,0,expanded,False,True,2422
"(((3, 7), (4, 5), (6, 2)), (1, 10))","(((3, 7), (4, 5), (5, 2)), (1, 10))",32,11,43.0,32,,,pruned,,,2423
"(((3, 7), (4, 5), (5, 2)), (1, 10))","(((3, 8), (4, 5), (5, 2)), (1, 10))",31,10.0,41.0,31,3,1,expanded,False,True,2424
"(((3, 3), (3, 7), (6, 4)), (1, 10))","(((3, 3), (3, 8), (6, 4)), (1, 10))",31,10.0,41.0,31,1,0,expanded,False,True,2425
"(((3, 7), (4, 2), (4, 4)), (1, 10))","(((3, 8), (4, 2), (4, 4)), (1, 10))",31,10.0,41.0,31,3,0,expanded,False,True,2426
"(((2, 3), (5, 10), (6, 9)), (1, 10))","(((3, 3), (5, 10), (6, 9)), (1, 10))",32,11,43.0,32,,,pruned,,,2427
"(((3, 3), (5, 10), (6, 9)), (1, 10))","(((3, 3), (5, 10), (6, 8)), (1, 10))",31,10.0,41.0,31,8,1,expanded,False,True,2428
"(((3, 9), (4, 4), (6, 4)), (2, 2))","(((3, 9), (4, 3), (6, 4)), (2, 2))",31,10.0,41.0,31,5,0,expanded,False,True,2429
"(((4, 6), (5, 4), (6, 9)), (1, 10))","(((4, 6), (5, 4), (6, 10)), (1, 10))",31,10.0,41.0,31,2,0,expanded,False,True,2430
"(((4, 7), (5, 10), (6, 5)), (2, 2))","(((4, 6), (5, 10), (6, 5)), (2, 2))",32,9,41.0,32,,,pruned,,,2431
"(((4, 6), (5, 10), (6, 5)), (2, 2))","(((4, 6), (5, 10), (6, 4)), (2, 2))",31,10.0,41.0,31,2,1,expanded,False,True,2432
"(((4, 5), (4, 10), (6, 5)), (2, 2))","(((4, 5), (4, 10), (6, 4)), (2, 2))",31,10.0,41.0,31,2,0,expanded,False,True,2433
"(((3, 11), (4, 4), (6, 5)), (1, 10))","(((3, 10), (4, 4), (6, 5)), (2, 2))",32,11,43.0,32,,,pruned,,,2434
"(((3, 10), (4, 4), (6, 5)), (2, 2))","(((3, 10), (4, 3), (6, 5)), (2, 2))",31,10.0,41.0,31,6,1,expanded,False,True,2435
"(((3, 10), (4, 3), (6, 6)), (1, 10))","(((4, 3), (4, 10), (6, 6)), (1, 10))",31,10.0,41.0,31,4,0,expanded,False,True,2436
"(((4, 4), (4, 10), (6, 6)), (1, 10))","(((4, 3), (4, 10), (6, 6)), (1, 10))",31,10.0,41.0,31,8,0,expanded,False,True,2437
"(((3, 2), (3, 10), (6, 6)), (1, 10))","(((3, 2), (4, 10), (6, 6)), (1, 10))",31,10.0,41.0,31,4,0,expanded,False,True,2438
"(((4, 4), (5, 10), (6, 7)), (1, 10))","(((4, 3), (5, 10), (6, 7)), (1, 10))",31,10.0,41.0,31,8,0,expanded,False,True,2439
"(((4, 5), (5, 10), (6, 6)), (2, 2))","(((4, 5), (5, 10), (6, 5)), (2, 2))",31,10.0,41.0,31,2,0,expanded,False,True,2440
"(((3, 9), (4, 3), (6, 5)), (1, 10))","(((3, 10), (4, 3), (6, 5)), (1, 10))",31,10.0,41.0,31,2,0,expanded,False,True,2441
"(((3, 10), (4, 4), (6, 5)), (1, 10))","(((4, 4), (4, 10), (6, 5)), (1, 10))",31,10.0,41.0,31,4,0,expanded,False,True,2442
"(((3, 2), (3, 9), (6, 5)), (1, 10))","(((3, 2), (3, 10), (6, 5)), (1, 10))",31,10.0,41.0,31,2,0,expanded,False,True,2443
"(((3, 9), (4, 4), (6, 4)), (1, 10))","(((3, 10), (4, 4), (6, 4)), (1, 10))",31,10.0,41.0,31,2,0,expanded,False,True,2444
"(((3, 7), (4, 1), (4, 5)), (1, 10))","(((3, 7), (4, 2), (4, 5)), (1, 10))",33,10,43.0,33,,,pruned,,,2445
"(((3, 7), (4, 2), (4, 5)), (1, 10))","(((3, 7), (4, 3), (4, 5)), (1, 10))",32,9.0,41.0,32,5,1,expanded,False,True,2446
"(((3, 10), (4, 7), (6, 4)), (2, 2))","(((3, 10), (4, 6), (6, 4)), (2, 2))",33,8,41.0,33,,,pruned,,,2447
"(((3, 10), (4, 6), (6, 4)), (2, 2))","(((3, 10), (4, 6), (5, 4)), (1, 10))",32,9.0,41.0,32,2,1,expanded,False,True,2448
"(((2, 10), (4, 7), (5, 4)), (1, 10))","(((2, 10), (4, 6), (5, 4)), (1, 10))",33,8,41.0,33,,,pruned,,,2449
"(((1, 10), (4, 6), (5, 4)), (1, 11))","(((2, 10), (4, 6), (5, 4)), (1, 10))",33,10,43.0,33,,,pruned,,,2450
"(((2, 10), (4, 6), (5, 4)), (1, 10))","(((3, 10), (4, 6), (5, 4)), (1, 10))",32,9.0,41.0,32,6,2,expanded,False,True,2451
"(((3, 9), (4, 5), (6, 4)), (2, 2))","(((3, 9), (4, 5), (5, 4)), (1, 10))",32,9.0,41.0,32,2,0,expanded,False,True,2452
"(((3, 5), (3, 7), (6, 4)), (2, 2))","(((3, 4), (3, 7), (6, 4)), (2, 2))",33,8,41.0,33,,,pruned,,,2453
"(((3, 4), (3, 7), (6, 4)), (2, 2))","(((3, 4), (3, 7), (5, 4)), (1, 10))",32,9.0,41.0,32,3,1,expanded,False,True,2454
"(((3, 9), (4, 3), (6, 6)), (2, 2))","(((3, 3), (3, 9), (6, 6)), (2, 2))",32,9.0,41.0,32,4,0,expanded,False,True,2455
"(((2, 2), (3, 9), (6, 6)), (2, 3))","(((3, 2), (3, 9), (6, 6)), (2, 2))",33,10,43.0,33,,,pruned,,,2456
"(((3, 2), (3, 9), (6, 6)), (2, 2))","(((3, 3), (3, 9), (6, 6)), (2, 2))",32,9.0,41.0,32,4,1,expanded,False,True,2457
"(((3, 11), (4, 3), (6, 7)), (1, 10))","(((3, 10), (4, 3), (6, 7)), (2, 2))",33,10,43.0,33,,,pruned,,,2458
"(((3, 10), (4, 3), (6, 7)), (2, 2))","(((3, 3), (3, 10), (6, 7)), (2, 2))",32,9.0,41.0,32,4,1,expanded,False,True,2459
"(((2, 2), (3, 10), (6, 7)), (2, 3))","(((3, 2), (3, 10), (6, 7)), (2, 2))",33,10,43.0,33,,,pruned,,,2460
"(((3, 2), (3, 11), (6, 7)), (1, 10))","(((3, 2), (3, 10), (6, 7)), (2, 2))",33,10,43.0,33,,,pruned,,,2461
"(((3, 2), (3, 10), (6, 7)), (2, 2))","(((3, 3), (3, 10), (6, 7)), (2, 2))",32,9.0,41.0,32,4,2,expanded,False,True,2462
"(((1, 10), (3, 4), (6, 6)), (1, 11))","(((2, 10), (3, 4), (6, 6)), (1, 10))",33,10,43.0,33,,,pruned,,,2463
"(((2, 10), (3, 5), (6, 6)), (1, 10))","(((2, 10), (3, 4), (6, 6)), (1, 10))",33,8,41.0,33,,,pruned,,,2464
"(((2, 10), (3, 4), (6, 6)), (1, 10))","(((3, 4), (3, 10), (6, 6)), (1, 10))",32,9.0,41.0,32,6,2,expanded,False,True,2465
"(((1, 10), (3, 3), (6, 7)), (1, 11))","(((2, 10), (3, 3), (6, 7)), (1, 10))",33,10,43.0,33,,,pruned,,,2466
"(((2, 3), (2, 10), (6, 7)), (1, 10))","(((2, 10), (3, 3), (6, 7)), (1, 10))",33,10,43.0,33,,,pruned,,,2467
"(((2, 10), (3, 3), (6, 7)), (1, 10))","(((3, 3), (3, 10), (6, 7)), (1, 10))",32,9.0,41.0,32,8,2,expanded,False,True,2468
"(((3, 7), (4, 4), (5, 4)), (1, 10))","(((3, 8), (4, 4), (5, 4)), (1, 10))",32,9.0,41.0,32,2,0,expanded,False,True,2469
"(((4, 4), (4, 6), (6, 7)), (1, 10))","(((4, 4), (4, 6), (6, 8)), (1, 10))",32,9.0,41.0,32,2,0,expanded,False,True,2470
"(((3, 4), (3, 7), (6, 4)), (1, 10))","(((3, 4), (3, 8), (6, 4)), (1, 10))",32,9.0,41.0,32,1,0,expanded,False,True,2471
"(((3, 7), (4, 7), (5, 2)), (1, 10))","(((3, 7), (4, 6), (5, 2)), (1, 10))",33,8,41.0,33,,,pruned,,,2472
"(((3, 7), (4, 6), (6, 2)), (1, 10))","(((3, 7), (4, 6), (5, 2)), (1, 10))",33,10,43.0,33,,,pruned,,,2473
"(((3, 7), (4, 6), (5, 2)), (1, 10))","(((3, 8), (4, 6), (5, 2)), (1, 10))",32,9.0,41.0,32,3,2,expanded,False,True,2474
"(((3, 3), (3, 7), (6, 5)), (1, 10))","(((3, 3), (3, 8), (6, 5)), (1, 10))",32,9.0,41.0,32,1,0,expanded,False,True,2475
"(((2, 3), (4, 10), (6, 9)), (1, 10))","(((3, 3), (4, 10), (6, 9)), (1, 10))",33,10,43.0,33,,,pruned,,,2476
"(((3, 3), (4, 10), (6, 9)), (1, 10))","(((3, 3), (4, 10), (6, 8)), (1, 10))",32,9.0,41.0,32,8,1,expanded,False,True,2477
"(((3, 5), (5, 10), (6, 9)), (1, 10))","(((3, 4), (5, 10), (6, 9)), (1, 10))",33,8,41.0,33,,,pruned,,,2478
"(((3, 4), (5, 10), (6, 9)), (1, 10))","(((3, 4), (5, 10), (6, 8)), (1, 10))",32,9.0,41.0,32,6,1,expanded,False,True,2479
"(((4, 7), (4, 10), (6, 5)), (2, 2))","(((4, 6), (4, 10), (6, 5)), (2, 2))",33,8,41.0,33,,,pruned,,,2480
"(((4, 6), (4, 10), (6, 5)), (2, 2))","(((4, 6), (4, 10), (6, 4)), (2, 2))",32,9.0,41.0,32,2,1,expanded,False,True,2481
"(((3, 10), (4, 5), (6, 5)), (2, 2))","(((3, 10), (4, 5), (6, 4)), (2, 2))",32,9.0,41.0,32,2,0,expanded,False,True,2482
"(((2, 3), (3, 7), (6, 5)), (2, 2))","(((3, 3), (3, 7), (6, 5)), (2, 2))",33,10,43.0,33,,,pruned,,,2483
"(((3, 3), (3, 7), (6, 5)), (2, 2))","(((3, 3), (3, 7), (6, 4)), (2, 2))",32,9.0,41.0,32,5,1,expanded,False,True,2484
"(((3, 9), (4, 4), (6, 5)), (2, 2))","(((3, 9), (4, 3), (6, 5)), (2, 2))",32,9.0,41.0,32,6,0,expanded,False,True,2485
"(((3, 11), (4, 4), (6, 6)), (1, 10))","(((3, 10), (4, 4), (6, 6)), (2, 2))",33,10,43.0,33,,,pruned,,,2486
"(((3, 10), (4, 4), (6, 6)), (2, 2))","(((3, 10), (4, 3), (6, 6)), (2, 2))",32,9.0,41.0,32,6,1,expanded,False,True,2487
"(((3, 10), (4, 3), (6, 7)), (1, 10))","(((4, 3), (4, 10), (6, 7)), (1, 10))",32,9.0,41.0,32,4,0,expanded,False,True,2488
"(((4, 4), (4, 10), (6, 7)), (1, 10))","(((4, 3), (4, 10), (6, 7)), (1, 10))",32,9.0,41.0,32,8,0,expanded,False,True,2489
"(((3, 2), (3, 10), (6, 7)), (1, 10))","(((3, 2), (4, 10), (6, 7)), (1, 10))",32,9.0,41.0,32,4,0,expanded,False,True,2490
"(((4, 7), (5, 10), (6, 6)), (2, 2))","(((4, 6), (5, 10), (6, 6)), (2, 2))",33,8,41.0,33,,,pruned,,,2491
"(((4, 6), (5, 10), (6, 6)), (2, 2))","(((4, 6), (5, 10), (6, 5)), (2, 2))",32,9.0,41.0,32,2,1,expanded,False,True,2492
"(((4, 5), (4, 10), (6, 6)), (2, 2))","(((4, 5), (4, 10), (6, 5)), (2, 2))",32,9.0,41.0,32,2,0,expanded,False,True,2493
"(((3, 9), (4, 3), (6, 6)), (1, 10))","(((3, 10), (4, 3), (6, 6)), (1, 10))",32,9.0,41.0,32,2,0,expanded,False,True,2494
"(((3, 10), (4, 4), (6, 6)), (1, 10))","(((4, 4), (4, 10), (6, 6)), (1, 10))",32,9.0,41.0,32,4,0,expanded,False,True,2495
"(((3, 2), (3, 9), (6, 6)), (1, 10))","(((3, 2), (3, 10), (6, 6)), (1, 10))",32,9.0,41.0,32,2,0,expanded,False,True,2496
"(((4, 5), (5, 10), (6, 7)), (2, 2))","(((4, 4), (5, 10), (6, 7)), (1, 10))",32,9.0,41.0,32,2,0,expanded,False,True,2497
"(((3, 9), (4, 4), (6, 5)), (1, 10))","(((3, 10), (4, 4), (6, 5)), (1, 10))",32,9.0,41.0,32,2,0,expanded,False,True,2498
"(((3, 7), (4, 2), (4, 7)), (1, 10))","(((3, 7), (4, 2), (4, 6)), (1, 10))",34,7,41.0,34,,,pruned,,,2499
"(((3, 7), (4, 1), (4, 6)), (1, 10))","(((3, 7), (4, 2), (4, 6)), (1, 10))",34,9,43.0,34,,,pruned,,,2500
"(((3, 7), (4, 2), (4, 6)), (1, 10))","(((3, 7), (4, 3), (4, 6)), (1, 10))",33,8.0,41.0,33,5,2,expanded,False,True,2501
"(((3, 9), (4, 7), (6, 4)), (2, 2))","(((3, 9), (4, 6), (6, 4)), (2, 2))",34,7,41.0,34,,,pruned,,,2502
"(((3, 9), (4, 6), (6, 4)), (2, 2))","(((3, 9), (4, 6), (5, 4)), (1, 10))",33,8.0,41.0,33,2,1,expanded,False,True,2503
"(((3, 7), (4, 5), (5, 4)), (1, 10))","(((3, 7), (4, 4), (4, 5)), (1, 10))",33,8.0,41.0,33,3,0,expanded,False,True,2504
"(((3, 9), (4, 3), (6, 7)), (2, 2))","(((3, 3), (3, 9), (6, 7)), (2, 2))",33,8.0,41.0,33,4,0,expanded,False,True,2505
"(((2, 2), (3, 9), (6, 7)), (2, 3))","(((3, 2), (3, 9), (6, 7)), (2, 2))",34,9,43.0,34,,,pruned,,,2506
"(((3, 2), (3, 9), (6, 7)), (2, 2))","(((3, 3), (3, 9), (6, 7)), (2, 2))",33,8.0,41.0,33,4,1,expanded,False,True,2507
"(((1, 10), (3, 4), (6, 7)), (1, 11))","(((2, 10), (3, 4), (6, 7)), (1, 10))",34,9,43.0,34,,,pruned,,,2508
"(((2, 10), (3, 5), (6, 7)), (1, 10))","(((2, 10), (3, 4), (6, 7)), (1, 10))",34,7,41.0,34,,,pruned,,,2509
"(((2, 10), (3, 4), (6, 7)), (1, 10))","(((3, 4), (3, 10), (6, 7)), (1, 10))",33,8.0,41.0,33,6,2,expanded,False,True,2510
"(((4, 5), (4, 6), (6, 7)), (1, 10))","(((4, 5), (4, 6), (6, 8)), (1, 10))",33,8.0,41.0,33,1,0,expanded,False,True,2511
"(((2, 3), (3, 10), (6, 9)), (2, 2))","(((3, 3), (3, 10), (6, 9)), (2, 2))",34,9,43.0,34,,,pruned,,,2512
"(((3, 3), (3, 11), (6, 9)), (1, 10))","(((3, 3), (3, 10), (6, 9)), (2, 2))",34,9,43.0,34,,,pruned,,,2513
"(((3, 3), (3, 10), (6, 9)), (2, 2))","(((3, 3), (3, 10), (6, 8)), (2, 2))",33,8.0,41.0,33,6,2,expanded,False,True,2514
"(((3, 4), (3, 7), (6, 5)), (1, 10))","(((3, 4), (3, 8), (6, 5)), (1, 10))",33,8.0,41.0,33,1,0,expanded,False,True,2515
"(((3, 5), (4, 10), (6, 9)), (1, 10))","(((3, 4), (4, 10), (6, 9)), (1, 10))",34,7,41.0,34,,,pruned,,,2516
"(((3, 4), (4, 10), (6, 9)), (1, 10))","(((3, 4), (4, 10), (6, 8)), (1, 10))",33,8.0,41.0,33,6,1,expanded,False,True,2517
"(((3, 3), (3, 7), (6, 6)), (1, 10))","(((3, 3), (3, 8), (6, 6)), (1, 10))",33,8.0,41.0,33,1,0,expanded,False,True,2518
"(((3, 10), (4, 7), (6, 5)), (2, 2))","(((3, 10), (4, 6), (6, 5)), (2, 2))",34,7,41.0,34,,,pruned,,,2519
"(((3, 10), (4, 6), (6, 5)), (2, 2))","(((3, 10), (4, 6), (6, 4)), (2, 2))",33,8.0,41.0,33,2,1,expanded,False,True,2520
"(((3, 9), (4, 5), (6, 5)), (2, 2))","(((3, 9), (4, 5), (6, 4)), (2, 2))",33,8.0,41.0,33,2,0,expanded,False,True,2521
"(((3, 5), (3, 7), (6, 5)), (2, 2))","(((3, 4), (3, 7), (6, 5)), (2, 2))",34,7,41.0,34,,,pruned,,,2522
"(((3, 4), (3, 7), (6, 5)), (2, 2))","(((3, 4), (3, 7), (6, 4)), (2, 2))",33,8.0,41.0,33,3,1,expanded,False,True,2523
"(((3, 9), (4, 4), (6, 6)), (2, 2))","(((3, 9), (4, 3), (6, 6)), (2, 2))",33,8.0,41.0,33,6,0,expanded,False,True,2524
"(((3, 11), (4, 4), (6, 7)), (1, 10))","(((3, 10), (4, 4), (6, 7)), (2, 2))",34,9,43.0,34,,,pruned,,,2525
"(((3, 10), (4, 4), (6, 7)), (2, 2))","(((3, 10), (4, 3), (6, 7)), (2, 2))",33,8.0,41.0,33,6,1,expanded,False,True,2526
"(((3, 3), (3, 10), (6, 9)), (1, 10))","(((3, 3), (4, 10), (6, 9)), (1, 10))",33,8.0,41.0,33,4,0,expanded,False,True,2527
"(((4, 7), (4, 10), (6, 6)), (2, 2))","(((4, 6), (4, 10), (6, 6)), (2, 2))",34,7,41.0,34,,,pruned,,,2528
"(((4, 6), (4, 10), (6, 6)), (2, 2))","(((4, 6), (4, 10), (6, 5)), (2, 2))",33,8.0,41.0,33,2,1,expanded,False,True,2529
"(((3, 10), (4, 5), (6, 6)), (2, 2))","(((3, 10), (4, 5), (6, 5)), (2, 2))",33,8.0,41.0,33,2,0,expanded,False,True,2530
"(((2, 3), (3, 7), (6, 6)), (2, 2))","(((3, 3), (3, 7), (6, 6)), (2, 2))",34,9,43.0,34,,,pruned,,,2531
"(((3, 3), (3, 7), (6, 6)), (2, 2))","(((3, 3), (3, 7), (6, 5)), (2, 2))",33,8.0,41.0,33,5,1,expanded,False,True,2532
"(((3, 9), (4, 3), (6, 7)), (1, 10))","(((3, 10), (4, 3), (6, 7)), (1, 10))",33,8.0,41.0,33,2,0,expanded,False,True,2533
"(((4, 5), (4, 10), (6, 7)), (2, 2))","(((4, 4), (4, 10), (6, 7)), (1, 10))",33,8.0,41.0,33,2,0,expanded,False,True,2534
"(((3, 10), (4, 4), (6, 7)), (1, 10))","(((4, 4), (4, 10), (6, 7)), (1, 10))",33,8.0,41.0,33,4,0,expanded,False,True,2535
"(((3, 2), (3, 9), (6, 7)), (1, 10))","(((3, 2), (3, 10), (6, 7)), (1, 10))",33,8.0,41.0,33,2,0,expanded,False,True,2536
"(((4, 7), (5, 10), (6, 7)), (2, 2))","(((4, 6), (5, 10), (6, 7)), (2, 2))",34,7,41.0,34,,,pruned,,,2537
"(((4, 6), (5, 10), (6, 7)), (2, 2))","(((4, 6), (5, 10), (6, 6)), (2, 2))",33,8.0,41.0,33,2,1,expanded,False,True,2538
"(((3, 9), (4, 4), (6, 6)), (1, 10))","(((3, 10), (4, 4), (6, 6)), (1, 10))",33,8.0,41.0,33,2,0,expanded,False,True,2539
"(((3, 7), (4, 7), (5, 4)), (1, 10))","(((3, 7), (4, 6), (5, 4)), (1, 10))",35,6,41.0,35,,,pruned,,,2540
"(((3, 7), (4, 6), (5, 4)), (1, 10))","(((3, 7), (4, 4), (4, 6)), (1, 10))",34,7.0,41.0,34,3,1,expanded,False,True,2541
"(((3, 4), (3, 11), (6, 9)), (1, 10))","(((3, 4), (3, 10), (6, 9)), (2, 2))",35,8,43.0,35,,,pruned,,,2542
"(((3, 5), (3, 10), (6, 9)), (2, 2))","(((3, 4), (3, 10), (6, 9)), (2, 2))",35,6,41.0,35,,,pruned,,,2543
"(((3, 4), (3, 10), (6, 9)), (2, 2))","(((3, 4), (3, 10), (6, 8)), (2, 2))",34,7.0,41.0,34,4,2,expanded,False,True,2544
"(((2, 3), (3, 9), (6, 9)), (2, 2))","(((3, 3), (3, 9), (6, 9)), (2, 2))",35,8,43.0,35,,,pruned,,,2545
"(((3, 3), (3, 9), (6, 9)), (2, 2))","(((3, 3), (3, 9), (6, 8)), (2, 2))",34,7.0,41.0,34,6,1,expanded,False,True,2546
"(((3, 4), (3, 7), (6, 6)), (1, 10))","(((3, 4), (3, 8), (6, 6)), (1, 10))",34,7.0,41.0,34,1,0,expanded,False,True,2547
"(((3, 3), (3, 7), (6, 7)), (1, 10))","(((3, 3), (3, 8), (6, 7)), (1, 10))",34,7.0,41.0,34,1,0,expanded,False,True,2548
"(((3, 3), (3, 8), (6, 8)), (1, 10))","(((3, 3), (3, 9), (6, 8)), (1, 10))",34,7.0,41.0,34,2,0,expanded,False,True,2549
"(((2, 3), (3, 8), (6, 8)), (2, 2))","(((3, 3), (3, 8), (6, 8)), (2, 2))",35,8,43.0,35,,,pruned,,,2550
"(((3, 3), (3, 8), (6, 8)), (2, 2))","(((3, 3), (3, 8), (6, 7)), (2, 2))",34,7.0,41.0,34,6,1,expanded,False,True,2551
"(((3, 9), (4, 7), (6, 5)), (2, 2))","(((3, 9), (4, 6), (6, 5)), (2, 2))",35,6,41.0,35,,,pruned,,,2552
"(((3, 9), (4, 6), (6, 5)), (2, 2))","(((3, 9), (4, 6), (6, 4)), (2, 2))",34,7.0,41.0,34,2,1,expanded,False,True,2553
"(((3, 9), (4, 4), (6, 7)), (2, 2))","(((3, 9), (4, 3), (6, 7)), (2, 2))",34,7.0,41.0,34,6,0,expanded,False,True,2554
"(((3, 4), (3, 10), (6, 9)), (1, 10))","(((3, 4), (4, 10), (6, 9)), (1, 10))",34,7.0,41.0,34,4,0,expanded,False,True,2555
"(((3, 10), (4, 7), (6, 6)), (2, 2))","(((3, 10), (4, 6), (6, 6)), (2, 2))",35,6,41.0,35,,,pruned,,,2556
"(((3, 10), (4, 6), (6, 6)), (2, 2))","(((3, 10), (4, 6), (6, 5)), (2, 2))",34,7.0,41.0,34,2,1,expanded,False,True,2557
"(((3, 9), (4, 5), (6, 6)), (2, 2))","(((3, 9), (4, 5), (6, 5)), (2, 2))",34,7.0,41.0,34,2,0,expanded,False,True,2558
"(((3, 5), (3, 7), (6, 6)), (2, 2))","(((3, 4), (3, 7), (6, 6)), (2, 2))",35,6,41.0,35,,,pruned,,,2559
"(((3, 4), (3, 7), (6, 6)), (2, 2))","(((3, 4), (3, 7), (6, 5)), (2, 2))",34,7.0,41.0,34,3,1,expanded,False,True,2560
"(((3, 10), (4, 5), (6, 7)), (2, 2))","(((3, 10), (4, 4), (6, 7)), (2, 2))",34,7.0,41.0,34,2,0,expanded,False,True,2561
"(((3, 3), (3, 9), (6, 9)), (1, 10))","(((3, 3), (3, 10), (6, 9)), (1, 10))",34,7.0,41.0,34,2,0,expanded,False,True,2562
"(((4, 7), (4, 10), (6, 7)), (2, 2))","(((4, 6), (4, 10), (6, 7)), (2, 2))",35,6,41.0,35,,,pruned,,,2563
"(((4, 6), (4, 10), (6, 7)), (2, 2))","(((4, 6), (4, 10), (6, 6)), (2, 2))",34,7.0,41.0,34,2,1,expanded,False,True,2564
"(((2, 3), (3, 7), (6, 7)), (2, 2))","(((3, 3), (3, 7), (6, 7)), (2, 2))",35,8,43.0,35,,,pruned,,,2565
"(((3, 3), (3, 7), (6, 7)), (2, 2))","(((3, 3), (3, 7), (6, 6)), (2, 2))",34,7.0,41.0,34,5,1,expanded,False,True,2566
"(((3, 9), (4, 4), (6, 7)), (1, 10))","(((3, 10), (4, 4), (6, 7)), (1, 10))",34,7.0,41.0,34,2,0,expanded,False,True,2567
"(((3, 5), (3, 9), (6, 9)), (2, 2))","(((3, 4), (3, 9), (6, 9)), (2, 2))",36,5,41.0,36,,,pruned,,,2568
"(((3, 4), (3, 9), (6, 9)), (2, 2))","(((3, 4), (3, 9), (6, 8)), (2, 2))",35,6.0,41.0,35,4,1,expanded,False,True,2569
"(((3, 4), (3, 7), (6, 7)), (1, 10))","(((3, 4), (3, 8), (6, 7)), (1, 10))",35,6.0,41.0,35,1,0,expanded,False,True,2570
"(((3, 4), (3, 8), (6, 8)), (1, 10))","(((3, 4), (3, 9), (6, 8)), (1, 10))",35,6.0,41.0,35,2,0,expanded,False,True,2571
"(((3, 5), (3, 8), (6, 8)), (2, 2))","(((3, 4), (3, 8), (6, 8)), (2, 2))",36,5,41.0,36,,,pruned,,,2572
"(((3, 4), (3, 8), (6, 8)), (2, 2))","(((3, 4), (3, 8), (6, 7)), (2, 2))",35,6.0,41.0,35,4,1,expanded,False,True,2573
"(((3, 9), (4, 7), (6, 6)), (2, 2))","(((3, 9), (4, 6), (6, 6)), (2, 2))",36,5,41.0,36,,,pruned,,,2574
"(((3, 9), (4, 6), (6, 6)), (2, 2))","(((3, 9), (4, 6), (6, 5)), (2, 2))",35,6.0,41.0,35,2,1,expanded,False,True,2575
"(((3, 9), (4, 5), (6, 7)), (2, 2))","(((3, 9), (4, 4), (6, 7)), (2, 2))",35,6.0,41.0,35,2,0,expanded,False,True,2576
"(((3, 4), (3, 9), (6, 9)), (1, 10))","(((3, 4), (3, 10), (6, 9)), (1, 10))",35,6.0,41.0,35,2,0,expanded,False,True,2577
"(((3, 10), (4, 7), (6, 7)), (2, 2))","(((3, 10), (4, 6), (6, 7)), (2, 2))",36,5,41.0,36,,,pruned,,,2578
"(((3, 10), (4, 6), (6, 7)), (2, 2))","(((3, 10), (4, 6), (6, 6)), (2, 2))",35,6.0,41.0,35,2,1,expanded,False,True,2579
"(((3, 5), (3, 7), (6, 7)), (2, 2))","(((3, 4), (3, 7), (6, 7)), (2, 2))",36,5,41.0,36,,,pruned,,,2580
"(((3, 4), (3, 7), (6, 7)), (2, 2))","(((3, 4), (3, 7), (6, 6)), (2, 2))",35,6.0,41.0,35,3,1,expanded,False,True,2581
"(((3, 9), (4, 7), (6, 7)), (2, 2))","(((3, 9), (4, 6), (6, 7)), (2, 2))",37,4,41.0,37,,,pruned,,,2582
"(((3, 9), (4, 6), (6, 7)), (2, 2))","(((3, 9), (4, 6), (6, 6)), (2, 2))",36,5.0,41.0,36,2,1,expanded,False,True,2583
"(((6, 2), (6, 5), (6, 8)), (1, 10))","(((5, 2), (6, 5), (6, 8)), (1, 10))",28,16,44.0,28,,,pruned,,,2584
"(((5, 2), (6, 5), (6, 8)), (1, 10))","(((4, 2), (6, 5), (6, 8)), (1, 10))",27,15.0,42.0,27,4,1,expanded,False,True,2585
"(((6, 2), (6, 6), (6, 8)), (1, 10))","(((5, 2), (6, 6), (6, 8)), (1, 10))",29,15,44.0,29,,,pruned,,,2586
"(((5, 2), (6, 6), (6, 8)), (1, 10))","(((4, 2), (6, 6), (6, 8)), (1, 10))",28,14.0,42.0,28,4,1,expanded,False,True,2587
"(((6, 4), (6, 5), (6, 8)), (1, 10))","(((5, 4), (6, 5), (6, 8)), (1, 10))",28,14.0,42.0,28,1,0,expanded,False,True,2588
"(((3, 8), (4, 1), (5, 2)), (1, 10))","(((3, 8), (4, 2), (5, 2)), (1, 10))",30,14,44.0,30,,,pruned,,,2589
"(((3, 8), (4, 2), (5, 2)), (1, 10))","(((3, 8), (4, 3), (5, 2)), (1, 10))",29,13.0,42.0,29,3,1,expanded,False,True,2590
"(((2, 3), (6, 4), (6, 8)), (1, 10))","(((3, 3), (6, 4), (6, 8)), (1, 10))",30,14,44.0,30,,,pruned,,,2591
"(((3, 3), (6, 4), (6, 8)), (1, 10))","(((3, 3), (5, 4), (6, 8)), (1, 10))",29,13.0,42.0,29,6,1,expanded,False,True,2592
"(((6, 2), (6, 7), (6, 8)), (1, 10))","(((5, 2), (6, 7), (6, 8)), (1, 10))",30,14,44.0,30,,,pruned,,,2593
"(((5, 2), (6, 7), (6, 8)), (1, 10))","(((4, 2), (6, 7), (6, 8)), (1, 10))",29,13.0,42.0,29,2,1,expanded,False,True,2594
"(((6, 4), (6, 6), (6, 8)), (1, 10))","(((5, 4), (6, 6), (6, 8)), (1, 10))",29,13.0,42.0,29,2,0,expanded,False,True,2595
"(((4, 5), (5, 2), (6, 8)), (1, 10))","(((4, 5), (5, 2), (6, 9)), (1, 10))",29,13.0,42.0,29,2,0,expanded,False,True,2596
"(((6, 4), (6, 7), (6, 8)), (1, 10))","(((5, 4), (6, 7), (6, 8)), (1, 10))",30,12.0,42.0,30,1,0,expanded,False,True,2597
"(((3, 5), (6, 4), (6, 8)), (1, 10))","(((3, 4), (6, 4), (6, 8)), (1, 10))",31,11,42.0,31,,,pruned,,,2598
"(((3, 4), (6, 4), (6, 8)), (1, 10))","(((3, 4), (5, 4), (6, 8)), (1, 10))",30,12.0,42.0,30,4,1,expanded,False,True,2599
"(((4, 1), (6, 8), (6, 9)), (1, 10))","(((4, 2), (6, 8), (6, 9)), (1, 10))",31,13,44.0,31,,,pruned,,,2600
"(((4, 2), (6, 8), (6, 9)), (1, 10))","(((4, 3), (6, 8), (6, 9)), (1, 10))",30,12.0,42.0,30,4,1,expanded,False,True,2601
"(((3, 8), (5, 4), (6, 2)), (2, 2))","(((3, 8), (5, 2), (5, 4)), (2, 2))",31,13,44.0,31,,,pruned,,,2602
"(((3, 8), (5, 2), (5, 4)), (2, 2))","(((3, 8), (4, 4), (5, 2)), (2, 2))",30,12.0,42.0,30,3,1,expanded,False,True,2603
"(((4, 2), (4, 5), (6, 8)), (1, 10))","(((4, 2), (4, 5), (6, 9)), (1, 10))",30,12.0,42.0,30,2,0,expanded,False,True,2604
"(((4, 6), (5, 2), (6, 8)), (1, 10))","(((4, 6), (5, 2), (6, 9)), (1, 10))",30,12.0,42.0,30,2,0,expanded,False,True,2605
"(((3, 8), (5, 2), (5, 4)), (1, 10))","(((3, 9), (5, 2), (5, 4)), (1, 10))",30,12.0,42.0,30,3,0,expanded,False,True,2606
"(((4, 3), (6, 8), (7, 10)), (1, 10))","(((4, 3), (6, 8), (6, 10)), (1, 10))",31,13,44.0,31,,,pruned,,,2607
"(((4, 3), (6, 8), (6, 10)), (1, 10))","(((4, 3), (6, 7), (6, 10)), (1, 10))",30,12.0,42.0,30,6,1,expanded,False,True,2608
"(((2, 2), (6, 8), (6, 10)), (1, 10))","(((3, 2), (6, 8), (6, 10)), (1, 10))",31,13,44.0,31,,,pruned,,,2609
"(((3, 2), (6, 8), (7, 10)), (1, 10))","(((3, 2), (6, 8), (6, 10)), (1, 10))",31,13,44.0,31,,,pruned,,,2610
"(((3, 2), (6, 8), (6, 10)), (1, 10))","(((3, 2), (6, 7), (6, 10)), (1, 10))",30,12.0,42.0,30,6,2,expanded,False,True,2611
"(((6, 5), (6, 6), (6, 8)), (1, 10))","(((6, 4), (6, 6), (6, 8)), (1, 10))",30,12.0,42.0,30,1,0,expanded,False,True,2612
"(((3, 8), (4, 3), (6, 4)), (2, 2))","(((3, 8), (4, 3), (5, 4)), (1, 10))",31,11.0,42.0,31,4,0,expanded,False,True,2613
"(((3, 8), (4, 1), (5, 4)), (1, 10))","(((3, 8), (4, 2), (5, 4)), (2, 2))",32,12,44.0,32,,,pruned,,,2614
"(((3, 8), (4, 2), (5, 4)), (2, 2))","(((3, 8), (4, 3), (5, 4)), (1, 10))",31,11.0,42.0,31,4,1,expanded,False,True,2615
"(((2, 2), (3, 8), (6, 4)), (2, 3))","(((3, 2), (3, 8), (6, 4)), (2, 2))",32,12,44.0,32,,,pruned,,,2616
"(((3, 2), (3, 8), (6, 4)), (2, 2))","(((3, 2), (3, 8), (5, 4)), (1, 10))",31,11.0,42.0,31,4,1,expanded,False,True,2617
"(((2, 3), (3, 8), (6, 3)), (1, 10))","(((3, 3), (3, 8), (6, 3)), (1, 10))",32,12,44.0,32,,,pruned,,,2618
"(((3, 3), (3, 8), (6, 2)), (1, 10))","(((3, 3), (3, 8), (6, 3)), (1, 10))",32,12,44.0,32,,,pruned,,,2619
"(((3, 3), (3, 8), (6, 3)), (1, 10))","(((3, 3), (3, 8), (6, 4)), (1, 10))",31,11.0,42.0,31,8,2,expanded,False,True,2620
"(((2, 3), (6, 8), (6, 10)), (1, 10))","(((3, 3), (6, 8), (6, 10)), (1, 10))",32,12,44.0,32,,,pruned,,,2621
"(((3, 3), (6, 8), (7, 10)), (1, 10))","(((3, 3), (6, 8), (6, 10)), (1, 10))",32,12,44.0,32,,,pruned,,,2622
"(((3, 3), (6, 8), (6, 10)), (1, 10))","(((3, 3), (5, 10), (6, 8)), (1, 10))",31,11.0,42.0,31,8,2,expanded,False,True,2623
"(((4, 3), (5, 10), (6, 8)), (1, 10))","(((3, 3), (5, 10), (6, 8)), (1, 10))",31,11.0,42.0,31,6,0,expanded,False,True,2624
"(((2, 2), (5, 10), (6, 8)), (1, 10))","(((3, 2), (5, 10), (6, 8)), (1, 10))",32,12,44.0,32,,,pruned,,,2625
"(((3, 2), (5, 10), (6, 8)), (1, 10))","(((3, 3), (5, 10), (6, 8)), (1, 10))",31,11.0,42.0,31,6,1,expanded,False,True,2626
"(((5, 4), (6, 8), (6, 9)), (1, 10))","(((4, 4), (6, 8), (6, 9)), (1, 10))",31,11.0,42.0,31,2,0,expanded,False,True,2627
"(((4, 2), (4, 6), (6, 8)), (1, 10))","(((4, 2), (4, 6), (6, 9)), (1, 10))",31,11.0,42.0,31,2,0,expanded,False,True,2628
"(((4, 5), (5, 4), (6, 8)), (1, 10))","(((4, 5), (5, 4), (6, 9)), (1, 10))",31,11.0,42.0,31,2,0,expanded,False,True,2629
"(((3, 8), (4, 3), (6, 4)), (1, 10))","(((3, 9), (4, 3), (6, 4)), (1, 10))",31,11.0,42.0,31,2,0,expanded,False,True,2630
"(((3, 2), (3, 8), (6, 4)), (1, 10))","(((3, 2), (3, 9), (6, 4)), (1, 10))",31,11.0,42.0,31,2,0,expanded,False,True,2631
"(((3, 8), (4, 2), (5, 4)), (1, 10))","(((3, 9), (4, 2), (5, 4)), (1, 10))",31,11.0,42.0,31,4,0,expanded,False,True,2632
"(((4, 4), (6, 8), (7, 10)), (1, 10))","(((4, 4), (6, 8), (6, 10)), (1, 10))",32,12,44.0,32,,,pruned,,,2633
"(((4, 4), (6, 8), (6, 10)), (1, 10))","(((4, 4), (6, 7), (6, 10)), (1, 10))",31,11.0,42.0,31,8,1,expanded,False,True,2634
"(((6, 5), (6, 7), (6, 8)), (1, 10))","(((6, 4), (6, 7), (6, 8)), (1, 10))",31,11.0,42.0,31,1,0,expanded,False,True,2635
"(((3, 4), (3, 8), (6, 2)), (1, 10))","(((3, 4), (3, 8), (6, 3)), (1, 10))",33,11,44.0,33,,,pruned,,,2636
"(((3, 5), (3, 8), (6, 3)), (1, 10))","(((3, 4), (3, 8), (6, 3)), (1, 10))",33,9,42.0,33,,,pruned,,,2637
"(((3, 4), (3, 8), (6, 3)), (1, 10))","(((3, 4), (3, 8), (6, 4)), (1, 10))",32,10.0,42.0,32,6,2,expanded,False,True,2638
"(((4, 3), (4, 10), (6, 8)), (1, 10))","(((3, 3), (4, 10), (6, 8)), (1, 10))",32,10.0,42.0,32,6,0,expanded,False,True,2639
"(((2, 2), (4, 10), (6, 8)), (1, 10))","(((3, 2), (4, 10), (6, 8)), (1, 10))",33,11,44.0,33,,,pruned,,,2640
"(((3, 2), (4, 10), (6, 8)), (1, 10))","(((3, 3), (4, 10), (6, 8)), (1, 10))",32,10.0,42.0,32,6,1,expanded,False,True,2641
"(((3, 4), (6, 8), (7, 10)), (1, 10))","(((3, 4), (6, 8), (6, 10)), (1, 10))",33,11,44.0,33,,,pruned,,,2642
"(((3, 5), (6, 8), (6, 10)), (1, 10))","(((3, 4), (6, 8), (6, 10)), (1, 10))",33,9,42.0,33,,,pruned,,,2643
"(((3, 4), (6, 8), (6, 10)), (1, 10))","(((3, 4), (5, 10), (6, 8)), (1, 10))",32,10.0,42.0,32,6,2,expanded,False,True,2644
"(((2, 3), (6, 8), (6, 9)), (1, 10))","(((3, 3), (6, 8), (6, 9)), (1, 10))",33,11,44.0,33,,,pruned,,,2645
"(((3, 3), (6, 8), (6, 9)), (1, 10))","(((3, 4), (6, 8), (6, 9)), (1, 10))",32,10.0,42.0,32,4,1,expanded,False,True,2646
"(((3, 8), (4, 3), (6, 5)), (2, 2))","(((3, 3), (3, 8), (6, 5)), (2, 2))",32,10.0,42.0,32,4,0,expanded,False,True,2647
"(((2, 2), (3, 8), (6, 5)), (2, 3))","(((3, 2), (3, 8), (6, 5)), (2, 2))",33,11,44.0,33,,,pruned,,,2648
"(((3, 2), (3, 8), (6, 5)), (2, 2))","(((3, 3), (3, 8), (6, 5)), (2, 2))",32,10.0,42.0,32,4,1,expanded,False,True,2649
"(((4, 6), (5, 4), (6, 8)), (1, 10))","(((4, 6), (5, 4), (6, 9)), (1, 10))",32,10.0,42.0,32,2,0,expanded,False,True,2650
"(((4, 4), (5, 10), (6, 8)), (1, 10))","(((4, 4), (5, 10), (6, 7)), (1, 10))",32,10.0,42.0,32,8,0,expanded,False,True,2651
"(((3, 8), (4, 3), (6, 5)), (1, 10))","(((3, 9), (4, 3), (6, 5)), (1, 10))",32,10.0,42.0,32,2,0,expanded,False,True,2652
"(((3, 2), (3, 8), (6, 5)), (1, 10))","(((3, 2), (3, 9), (6, 5)), (1, 10))",32,10.0,42.0,32,2,0,expanded,False,True,2653
"(((3, 8), (4, 4), (6, 4)), (1, 10))","(((3, 9), (4, 4), (6, 4)), (1, 10))",32,10.0,42.0,32,2,0,expanded,False,True,2654
"(((3, 8), (4, 4), (6, 4)), (2, 2))","(((3, 8), (4, 3), (6, 4)), (2, 2))",32,10.0,42.0,32,5,0,expanded,False,True,2655
"(((6, 6), (6, 7), (6, 8)), (1, 10))","(((6, 5), (6, 7), (6, 8)), (1, 10))",32,10.0,42.0,32,0,0,expanded,False,True,2656
"(((3, 8), (4, 5), (6, 4)), (2, 2))","(((3, 8), (4, 5), (5, 4)), (1, 10))",33,9.0,42.0,33,2,0,expanded,False,True,2657
"(((3, 11), (4, 3), (6, 8)), (1, 10))","(((3, 10), (4, 3), (6, 8)), (2, 2))",34,10,44.0,34,,,pruned,,,2658
"(((3, 10), (4, 3), (6, 8)), (2, 2))","(((3, 3), (3, 10), (6, 8)), (2, 2))",33,9.0,42.0,33,4,1,expanded,False,True,2659
"(((3, 2), (3, 11), (6, 8)), (1, 10))","(((3, 2), (3, 10), (6, 8)), (2, 2))",34,10,44.0,34,,,pruned,,,2660
"(((2, 2), (3, 10), (6, 8)), (2, 3))","(((3, 2), (3, 10), (6, 8)), (2, 2))",34,10,44.0,34,,,pruned,,,2661
"(((3, 2), (3, 10), (6, 8)), (2, 2))","(((3, 3), (3, 10), (6, 8)), (2, 2))",33,9.0,42.0,33,4,2,expanded,False,True,2662
"(((2, 3), (2, 10), (6, 8)), (1, 10))","(((2, 10), (3, 3), (6, 8)), (1, 10))",34,10,44.0,34,,,pruned,,,2663
"(((1, 10), (3, 3), (6, 8)), (1, 11))","(((2, 10), (3, 3), (6, 8)), (1, 10))",34,10,44.0,34,,,pruned,,,2664
"(((2, 10), (3, 3), (6, 8)), (1, 10))","(((3, 3), (3, 10), (6, 8)), (1, 10))",33,9.0,42.0,33,8,2,expanded,False,True,2665
"(((3, 8), (4, 3), (6, 6)), (2, 2))","(((3, 3), (3, 8), (6, 6)), (2, 2))",33,9.0,42.0,33,4,0,expanded,False,True,2666
"(((2, 2), (3, 8), (6, 6)), (2, 3))","(((3, 2), (3, 8), (6, 6)), (2, 2))",34,10,44.0,34,,,pruned,,,2667
"(((3, 2), (3, 8), (6, 6)), (2, 2))","(((3, 3), (3, 8), (6, 6)), (2, 2))",33,9.0,42.0,33,4,1,expanded,False,True,2668
"(((4, 4), (4, 10), (6, 8)), (1, 10))","(((4, 4), (4, 10), (6, 7)), (1, 10))",33,9.0,42.0,33,8,0,expanded,False,True,2669
"(((3, 8), (4, 3), (6, 6)), (1, 10))","(((3, 9), (4, 3), (6, 6)), (1, 10))",33,9.0,42.0,33,2,0,expanded,False,True,2670
"(((3, 2), (3, 8), (6, 6)), (1, 10))","(((3, 2), (3, 9), (6, 6)), (1, 10))",33,9.0,42.0,33,2,0,expanded,False,True,2671
"(((4, 5), (5, 10), (6, 8)), (2, 2))","(((4, 5), (5, 10), (6, 7)), (2, 2))",33,9.0,42.0,33,2,0,expanded,False,True,2672
"(((3, 8), (4, 4), (6, 5)), (1, 10))","(((3, 9), (4, 4), (6, 5)), (1, 10))",33,9.0,42.0,33,2,0,expanded,False,True,2673
"(((3, 10), (4, 3), (6, 8)), (1, 10))","(((4, 3), (4, 10), (6, 8)), (1, 10))",33,9.0,42.0,33,4,0,expanded,False,True,2674
"(((3, 2), (3, 10), (6, 8)), (1, 10))","(((3, 2), (4, 10), (6, 8)), (1, 10))",33,9.0,42.0,33,4,0,expanded,False,True,2675
"(((3, 8), (4, 4), (6, 5)), (2, 2))","(((3, 8), (4, 3), (6, 5)), (2, 2))",33,9.0,42.0,33,6,0,expanded,False,True,2676
"(((3, 8), (4, 7), (6, 4)), (2, 2))","(((3, 8), (4, 6), (6, 4)), (2, 2))",35,7,42.0,35,,,pruned,,,2677
"(((3, 8), (4, 6), (6, 4)), (2, 2))","(((3, 8), (4, 6), (5, 4)), (1, 10))",34,8.0,42.0,34,2,1,expanded,False,True,2678
"(((3, 9), (4, 3), (6, 8)), (2, 2))","(((3, 3), (3, 9), (6, 8)), (2, 2))",34,8.0,42.0,34,4,0,expanded,False,True,2679
"(((2, 2), (3, 9), (6, 8)), (2, 3))","(((3, 2), (3, 9), (6, 8)), (2, 2))",35,9,44.0,35,,,pruned,,,2680
"(((3, 2), (3, 9), (6, 8)), (2, 2))","(((3, 3), (3, 9), (6, 8)), (2, 2))",34,8.0,42.0,34,4,1,expanded,False,True,2681
"(((1, 10), (3, 4), (6, 8)), (1, 11))","(((2, 10), (3, 4), (6, 8)), (1, 10))",35,9,44.0,35,,,pruned,,,2682
"(((2, 10), (3, 5), (6, 8)), (1, 10))","(((2, 10), (3, 4), (6, 8)), (1, 10))",35,7,42.0,35,,,pruned,,,2683
"(((2, 10), (3, 4), (6, 8)), (1, 10))","(((3, 4), (3, 10), (6, 8)), (1, 10))",34,8.0,42.0,34,6,2,expanded,False,True,2684
"(((3, 8), (4, 3), (6, 7)), (2, 2))","(((3, 3), (3, 8), (6, 7)), (2, 2))",34,8.0,42.0,34,4,0,expanded,False,True,2685
"(((2, 2), (3, 8), (6, 7)), (2, 3))","(((3, 2), (3, 8), (6, 7)), (2, 2))",35,9,44.0,35,,,pruned,,,2686
"(((3, 2), (3, 8), (6, 7)), (2, 2))","(((3, 3), (3, 8), (6, 7)), (2, 2))",34,8.0,42.0,34,4,1,expanded,False,True,2687
"(((3, 11), (4, 4), (6, 8)), (1, 10))","(((3, 10), (4, 4), (6, 8)), (2, 2))",35,9,44.0,35,,,pruned,,,2688
"(((3, 10), (4, 4), (6, 8)), (2, 2))","(((3, 10), (4, 4), (6, 7)), (2, 2))",34,8.0,42.0,34,6,1,expanded,False,True,2689
"(((3, 8), (4, 3), (6, 7)), (1, 10))","(((3, 9), (4, 3), (6, 7)), (1, 10))",34,8.0,42.0,34,2,0,expanded,False,True,2690
"(((4, 5), (4, 10), (6, 8)), (2, 2))","(((4, 5), (4, 10), (6, 7)), (2, 2))",34,8.0,42.0,34,2,0,expanded,False,True,2691
"(((3, 2), (3, 8), (6, 7)), (1, 10))","(((3, 2), (3, 9), (6, 7)), (1, 10))",34,8.0,42.0,34,2,0,expanded,False,True,2692
"(((4, 7), (5, 10), (6, 8)), (2, 2))","(((4, 6), (5, 10), (6, 8)), (2, 2))",35,7,42.0,35,,,pruned,,,2693
"(((4, 6), (5, 10), (6, 8)), (2, 2))","(((4, 6), (5, 10), (6, 7)), (2, 2))",34,8.0,42.0,34,2,1,expanded,False,True,2694
"(((3, 8), (4, 4), (6, 6)), (1, 10))","(((3, 9), (4, 4), (6, 6)), (1, 10))",34,8.0,42.0,34,2,0,expanded,False,True,2695
"(((3, 8), (4, 5), (6, 5)), (2, 2))","(((3, 8), (4, 5), (6, 4)), (2, 2))",34,8.0,42.0,34,2,0,expanded,False,True,2696
"(((3, 8), (4, 4), (6, 6)), (2, 2))","(((3, 8), (4, 3), (6, 6)), (2, 2))",34,8.0,42.0,34,6,0,expanded,False,True,2697
"(((3, 10), (4, 4), (6, 8)), (1, 10))","(((4, 4), (4, 10), (6, 8)), (1, 10))",34,8.0,42.0,34,4,0,expanded,False,True,2698
"(((3, 9), (4, 3), (6, 8)), (1, 10))","(((3, 10), (4, 3), (6, 8)), (1, 10))",34,8.0,42.0,34,2,0,expanded,False,True,2699
"(((3, 2), (3, 9), (6, 8)), (1, 10))","(((3, 2), (3, 10), (6, 8)), (1, 10))",34,8.0,42.0,34,2,0,expanded,False,True,2700
"(((3, 3), (3, 7), (6, 8)), (1, 10))","(((3, 3), (3, 8), (6, 8)), (1, 10))",35,7.0,42.0,35,1,0,expanded,False,True,2701
"(((2, 3), (3, 8), (6, 9)), (2, 2))","(((3, 3), (3, 8), (6, 9)), (2, 2))",36,8,44.0,36,,,pruned,,,2702
"(((3, 3), (3, 8), (6, 9)), (2, 2))","(((3, 3), (3, 8), (6, 8)), (2, 2))",35,7.0,42.0,35,6,1,expanded,False,True,2703
"(((3, 9), (4, 4), (6, 8)), (2, 2))","(((3, 9), (4, 4), (6, 7)), (2, 2))",35,7.0,42.0,35,6,0,expanded,False,True,2704
"(((3, 10), (4, 5), (6, 8)), (2, 2))","(((3, 10), (4, 5), (6, 7)), (2, 2))",35,7.0,42.0,35,2,0,expanded,False,True,2705
"(((3, 3), (3, 8), (6, 9)), (1, 10))","(((3, 3), (3, 9), (6, 9)), (1, 10))",35,7.0,42.0,35,2,0,expanded,False,True,2706
"(((4, 7), (4, 10), (6, 8)), (2, 2))","(((4, 6), (4, 10), (6, 8)), (2, 2))",36,6,42.0,36,,,pruned,,,2707
"(((4, 6), (4, 10), (6, 8)), (2, 2))","(((4, 6), (4, 10), (6, 7)), (2, 2))",35,7.0,42.0,35,2,1,expanded,False,True,2708
"(((2, 3), (3, 7), (6, 8)), (2, 2))","(((3, 3), (3, 7), (6, 8)), (2, 2))",36,8,44.0,36,,,pruned,,,2709
"(((3, 3), (3, 7), (6, 8)), (2, 2))","(((3, 3), (3, 7), (6, 7)), (2, 2))",35,7.0,42.0,35,5,1,expanded,False,True,2710
"(((3, 8), (4, 4), (6, 7)), (1, 10))","(((3, 9), (4, 4), (6, 7)), (1, 10))",35,7.0,42.0,35,2,0,expanded,False,True,2711
"(((3, 8), (4, 7), (6, 5)), (2, 2))","(((3, 8), (4, 6), (6, 5)), (2, 2))",36,6,42.0,36,,,pruned,,,2712
"(((3, 8), (4, 6), (6, 5)), (2, 2))","(((3, 8), (4, 6), (6, 4)), (2, 2))",35,7.0,42.0,35,2,1,expanded,False,True,2713
"(((3, 8), (4, 4), (6, 7)), (2, 2))","(((3, 8), (4, 3), (6, 7)), (2, 2))",35,7.0,42.0,35,6,0,expanded,False,True,2714
"(((3, 8), (4, 5), (6, 6)), (2, 2))","(((3, 8), (4, 5), (6, 5)), (2, 2))",35,7.0,42.0,35,2,0,expanded,False,True,2715
"(((3, 9), (4, 4), (6, 8)), (1, 10))","(((3, 10), (4, 4), (6, 8)), (1, 10))",35,7.0,42.0,35,2,0,expanded,False,True,2716
"(((3, 4), (3, 7), (6, 8)), (1, 10))","(((3, 4), (3, 8), (6, 8)), (1, 10))",36,6.0,42.0,36,1,0,expanded,False,True,2717
"(((3, 5), (3, 8), (6, 9)), (2, 2))","(((3, 4), (3, 8), (6, 9)), (2, 2))",37,5,42.0,37,,,pruned,,,2718
"(((3, 4), (3, 8), (6, 9)), (2, 2))","(((3, 4), (3, 8), (6, 8)), (2, 2))",36,6.0,42.0,36,4,1,expanded,False,True,2719
"(((3, 9), (4, 5), (6, 8)), (2, 2))","(((3, 9), (4, 5), (6, 7)), (2, 2))",36,6.0,42.0,36,2,0,expanded,False,True,2720
"(((3, 4), (3, 8), (6, 9)), (1, 10))","(((3, 4), (3, 9), (6, 9)), (1, 10))",36,6.0,42.0,36,2,0,expanded,False,True,2721
"(((3, 10), (4, 7), (6, 8)), (2, 2))","(((3, 10), (4, 6), (6, 8)), (2, 2))",37,5,42.0,37,,,pruned,,,2722
"(((3, 10), (4, 6), (6, 8)), (2, 2))","(((3, 10), (4, 6), (6, 7)), (2, 2))",36,6.0,42.0,36,2,1,expanded,False,True,2723
"(((3, 5), (3, 7), (6, 8)), (2, 2))","(((3, 4), (3, 7), (6, 8)), (2, 2))",37,5,42.0,37,,,pruned,,,2724
"(((3, 4), (3, 7), (6, 8)), (2, 2))","(((3, 4), (3, 7), (6, 7)), (2, 2))",36,6.0,42.0,36,3,1,expanded,False,True,2725
"(((3, 8), (4, 7), (6, 6)), (2, 2))","(((3, 8), (4, 6), (6, 6)), (2, 2))",37,5,42.0,37,,,pruned,,,2726
"(((3, 8), (4, 6), (6, 6)), (2, 2))","(((3, 8), (4, 6), (6, 5)), (2, 2))",36,6.0,42.0,36,2,1,expanded,False,True,2727
"(((3, 8), (4, 5), (6, 7)), (2, 2))","(((3, 8), (4, 4), (6, 7)), (2, 2))",36,6.0,42.0,36,2,0,expanded,False,True,2728
"(((3, 9), (4, 7), (6, 8)), (2, 2))","(((3, 9), (4, 6), (6, 8)), (2, 2))",38,4,42.0,38,,,pruned,,,2729
"(((3, 9), (4, 6), (6, 8)), (2, 2))","(((3, 9), (4, 6), (6, 7)), (2, 2))",37,5.0,42.0,37,2,1,expanded,False,True,2730
"(((3, 8), (4, 7), (6, 7)), (2, 2))","(((3, 8), (4, 6), (6, 7)), (2, 2))",38,4,42.0,38,,,pruned,,,2731
"(((3, 8), (4, 6), (6, 7)), (2, 2))","(((3, 8), (4, 6), (6, 6)), (2, 2))",37,5.0,42.0,37,2,1,expanded,False,True,2732
"(((4, 1), (6, 3), (6, 4)), (1, 10))","(((4, 2), (6, 3), (6, 4)), (1, 10))",25,20,45.0,25,,,pruned,,,2733
"(((4, 2), (6, 3), (6, 4)), (1, 10))","(((4, 3), (6, 3), (6, 4)), (1, 10))",24,19.0,43.0,24,2,1,expanded,False,True,2734
"(((5, 4), (6, 3), (6, 4)), (1, 10))","(((4, 4), (6, 3), (6, 4)), (1, 10))",25,18.0,43.0,25,0,0,expanded,False,True,2735
"(((5, 2), (6, 4), (7, 10)), (1, 10))","(((5, 2), (6, 4), (6, 10)), (1, 10))",27,18,45.0,27,,,pruned,,,2736
"(((6, 2), (6, 4), (6, 10)), (1, 10))","(((5, 2), (6, 4), (6, 10)), (1, 10))",27,18,45.0,27,,,pruned,,,2737
"(((5, 2), (6, 4), (6, 10)), (1, 10))","(((5, 2), (5, 4), (6, 10)), (1, 10))",26,17.0,43.0,26,4,2,expanded,False,True,2738
"(((4, 2), (6, 4), (7, 10)), (1, 10))","(((4, 2), (6, 4), (6, 10)), (1, 10))",28,17,45.0,28,,,pruned,,,2739
"(((4, 1), (6, 4), (6, 10)), (1, 10))","(((4, 2), (6, 4), (6, 10)), (1, 10))",28,17,45.0,28,,,pruned,,,2740
"(((4, 2), (6, 4), (6, 10)), (1, 10))","(((4, 3), (6, 4), (6, 10)), (1, 10))",27,16.0,43.0,27,5,2,expanded,False,True,2741
"(((3, 3), (5, 4), (6, 2)), (1, 10))","(((3, 3), (5, 4), (6, 3)), (1, 10))",28,17,45.0,28,,,pruned,,,2742
"(((2, 3), (5, 4), (6, 3)), (1, 10))","(((3, 3), (5, 4), (6, 3)), (1, 10))",28,17,45.0,28,,,pruned,,,2743
"(((3, 3), (5, 4), (6, 3)), (1, 10))","(((3, 3), (4, 4), (6, 3)), (1, 10))",27,16.0,43.0,27,8,2,expanded,False,True,2744
"(((5, 10), (6, 2), (6, 4)), (1, 10))","(((5, 2), (5, 10), (6, 4)), (1, 10))",28,17,45.0,28,,,pruned,,,2745
"(((5, 2), (5, 10), (6, 4)), (1, 10))","(((5, 2), (5, 4), (5, 10)), (1, 10))",27,16.0,43.0,27,4,1,expanded,False,True,2746
"(((1, 10), (4, 2), (5, 2)), (1, 11))","(((2, 10), (4, 2), (5, 2)), (1, 10))",29,16,45.0,29,,,pruned,,,2747
"(((2, 10), (4, 1), (5, 2)), (1, 10))","(((2, 10), (4, 2), (5, 2)), (1, 10))",29,16,45.0,29,,,pruned,,,2748
"(((2, 10), (4, 2), (5, 2)), (1, 10))","(((3, 10), (4, 2), (5, 2)), (1, 10))",28,15.0,43.0,28,3,2,expanded,False,True,2749
"(((4, 3), (5, 10), (6, 2)), (1, 10))","(((4, 3), (5, 10), (6, 3)), (1, 10))",29,16,45.0,29,,,pruned,,,2750
"(((4, 3), (5, 10), (6, 3)), (1, 10))","(((4, 3), (5, 10), (6, 4)), (1, 10))",28,15.0,43.0,28,6,1,expanded,False,True,2751
"(((4, 1), (5, 10), (6, 4)), (1, 10))","(((4, 2), (5, 10), (6, 4)), (1, 10))",29,16,45.0,29,,,pruned,,,2752
"(((4, 2), (5, 10), (6, 4)), (1, 10))","(((4, 3), (5, 10), (6, 4)), (1, 10))",28,15.0,43.0,28,5,1,expanded,False,True,2753
"(((3, 2), (5, 10), (6, 2)), (1, 10))","(((3, 2), (5, 10), (6, 3)), (1, 10))",29,16,45.0,29,,,pruned,,,2754
"(((2, 2), (5, 10), (6, 3)), (1, 10))","(((3, 2), (5, 10), (6, 3)), (1, 10))",29,16,45.0,29,,,pruned,,,2755
"(((3, 2), (5, 10), (6, 3)), (1, 10))","(((3, 2), (5, 10), (6, 4)), (1, 10))",28,15.0,43.0,28,6,2,expanded,False,True,2756
"(((2, 3), (6, 3), (6, 10)), (1, 10))","(((3, 3), (6, 3), (6, 10)), (1, 10))",29,16,45.0,29,,,pruned,,,2757
"(((3, 3), (6, 3), (7, 10)), (1, 10))","(((3, 3), (6, 3), (6, 10)), (1, 10))",29,16,45.0,29,,,pruned,,,2758
"(((3, 3), (6, 3), (6, 11)), (1, 10))","(((3, 3), (6, 3), (6, 10)), (1, 10))",29,16,45.0,29,,,pruned,,,2759
"(((3, 3), (6, 2), (6, 10)), (1, 10))","(((3, 3), (6, 3), (6, 10)), (1, 10))",29,16,45.0,29,,,pruned,,,2760
"(((3, 3), (6, 3), (6, 10)), (1, 10))","(((3, 3), (5, 10), (6, 3)), (1, 10))",28,15.0,43.0,28,10,4,expanded,False,True,2761
"(((4, 3), (4, 5), (6, 2)), (1, 10))","(((4, 3), (4, 5), (6, 3)), (1, 10))",29,16,45.0,29,,,pruned,,,2762
"(((4, 3), (4, 5), (6, 3)), (1, 10))","(((3, 3), (4, 5), (6, 3)), (1, 10))",28,15.0,43.0,28,6,1,expanded,False,True,2763
"(((4, 10), (6, 2), (6, 4)), (1, 10))","(((4, 10), (5, 2), (6, 4)), (1, 10))",29,16,45.0,29,,,pruned,,,2764
"(((4, 10), (5, 2), (6, 4)), (1, 10))","(((4, 10), (5, 2), (5, 4)), (1, 10))",28,15.0,43.0,28,4,1,expanded,False,True,2765
"(((6, 2), (6, 5), (6, 9)), (1, 10))","(((5, 2), (6, 5), (6, 9)), (1, 10))",29,16,45.0,29,,,pruned,,,2766
"(((5, 2), (6, 5), (6, 9)), (1, 10))","(((4, 2), (6, 5), (6, 9)), (1, 10))",28,15.0,43.0,28,4,1,expanded,False,True,2767
"(((4, 1), (6, 5), (6, 10)), (1, 10))","(((4, 2), (6, 5), (6, 10)), (1, 10))",29,16,45.0,29,,,pruned,,,2768
"(((4, 2), (6, 5), (7, 10)), (1, 10))","(((4, 2), (6, 5), (6, 10)), (1, 10))",29,16,45.0,29,,,pruned,,,2769
"(((4, 2), (6, 5), (6, 10)), (1, 10))","(((4, 3), (6, 5), (6, 10)), (1, 10))",28,15.0,43.0,28,8,2,expanded,False,True,2770
"(((5, 4), (6, 4), (7, 10)), (1, 10))","(((5, 4), (6, 4), (6, 10)), (1, 10))",29,16,45.0,29,,,pruned,,,2771
"(((5, 4), (6, 4), (6, 10)), (1, 10))","(((4, 4), (6, 4), (6, 10)), (1, 10))",28,15.0,43.0,28,4,1,expanded,False,True,2772
"(((2, 3), (5, 4), (6, 4)), (1, 10))","(((3, 3), (5, 4), (6, 4)), (1, 10))",29,16,45.0,29,,,pruned,,,2773
"(((3, 3), (5, 4), (6, 4)), (1, 10))","(((3, 3), (5, 4), (6, 3)), (1, 10))",28,15.0,43.0,28,6,1,expanded,False,True,2774
"(((3, 4), (5, 4), (6, 2)), (1, 10))","(((3, 4), (5, 4), (6, 3)), (1, 10))",29,16,45.0,29,,,pruned,,,2775
"(((3, 5), (5, 4), (6, 3)), (1, 10))","(((3, 4), (5, 4), (6, 3)), (1, 10))",29,14,43.0,29,,,pruned,,,2776
"(((3, 4), (5, 4), (6, 3)), (1, 10))","(((3, 3), (5, 4), (6, 3)), (1, 10))",28,15.0,43.0,28,6,2,expanded,False,True,2777
"(((4, 3), (4, 10), (6, 2)), (1, 10))","(((4, 3), (4, 10), (6, 3)), (1, 10))",30,15,45.0,30,,,pruned,,,2778
"(((4, 3), (4, 10), (6, 3)), (1, 10))","(((4, 3), (4, 10), (6, 4)), (1, 10))",29,14.0,43.0,29,6,1,expanded,False,True,2779
"(((4, 1), (4, 10), (6, 4)), (1, 10))","(((4, 2), (4, 10), (6, 4)), (1, 10))",30,15,45.0,30,,,pruned,,,2780
"(((4, 2), (4, 10), (6, 4)), (1, 10))","(((4, 3), (4, 10), (6, 4)), (1, 10))",29,14.0,43.0,29,5,1,expanded,False,True,2781
"(((2, 2), (4, 10), (6, 3)), (1, 10))","(((3, 2), (4, 10), (6, 3)), (1, 10))",30,15,45.0,30,,,pruned,,,2782
"(((3, 2), (4, 10), (6, 2)), (1, 10))","(((3, 2), (4, 10), (6, 3)), (1, 10))",30,15,45.0,30,,,pruned,,,2783
"(((3, 2), (4, 10), (6, 3)), (1, 10))","(((3, 2), (4, 10), (6, 4)), (1, 10))",29,14.0,43.0,29,6,2,expanded,False,True,2784
"(((3, 4), (6, 2), (6, 10)), (1, 10))","(((3, 4), (6, 3), (6, 10)), (1, 10))",30,15,45.0,30,,,pruned,,,2785
"(((3, 4), (6, 3), (7, 10)), (1, 10))","(((3, 4), (6, 3), (6, 10)), (1, 10))",30,15,45.0,30,,,pruned,,,2786
"(((3, 4), (6, 3), (6, 11)), (1, 10))","(((3, 4), (6, 3), (6, 10)), (1, 10))",30,15,45.0,30,,,pruned,,,2787
"(((3, 5), (6, 3), (6, 10)), (1, 10))","(((3, 4), (6, 3), (6, 10)), (1, 10))",30,13,43.0,30,,,pruned,,,2788
"(((3, 4), (6, 3), (6, 10)), (1, 10))","(((3, 4), (5, 10), (6, 3)), (1, 10))",29,14.0,43.0,29,8,4,expanded,False,True,2789
"(((3, 11), (5, 2), (6, 4)), (1, 10))","(((3, 10), (5, 2), (6, 4)), (2, 2))",30,15,45.0,30,,,pruned,,,2790
"(((3, 10), (6, 2), (6, 4)), (2, 2))","(((3, 10), (5, 2), (6, 4)), (2, 2))",30,15,45.0,30,,,pruned,,,2791
"(((3, 10), (5, 2), (6, 4)), (2, 2))","(((3, 10), (5, 2), (5, 4)), (2, 2))",29,14.0,43.0,29,2,2,expanded,True,True,2792
"(((4, 1), (5, 10), (6, 5)), (1, 10))","(((4, 2), (5, 10), (6, 5)), (1, 10))",30,15,45.0,30,,,pruned,,,2793
"(((4, 2), (5, 10), (6, 5)), (1, 10))","(((4, 3), (5, 10), (6, 5)), (1, 10))",29,14.0,43.0,29,8,1,expanded,False,True,2794
"(((1, 10), (5, 2), (5, 4)), (1, 11))","(((2, 10), (5, 2), (5, 4)), (1, 10))",30,15,45.0,30,,,pruned,,,2795
"(((2, 10), (5, 4), (6, 2)), (1, 10))","(((2, 10), (5, 2), (5, 4)), (1, 10))",30,15,45.0,30,,,pruned,,,2796
"(((2, 10), (5, 2), (5, 4)), (1, 10))","(((2, 10), (4, 4), (5, 2)), (1, 10))",29,14.0,43.0,29,6,2,expanded,False,True,2797
"(((6, 2), (6, 6), (6, 9)), (1, 10))","(((5, 2), (6, 6), (6, 9)), (1, 10))",30,15,45.0,30,,,pruned,,,2798
"(((5, 2), (6, 6), (6, 9)), (1, 10))","(((4, 2), (6, 6), (6, 9)), (1, 10))",29,14.0,43.0,29,4,1,expanded,False,True,2799
"(((6, 4), (6, 5), (6, 9)), (1, 10))","(((5, 4), (6, 5), (6, 9)), (1, 10))",29,14.0,43.0,29,1,0,expanded,False,True,2800
"(((5, 4), (5, 10), (6, 4)), (1, 10))","(((4, 4), (5, 10), (6, 4)), (1, 10))",29,14.0,43.0,29,4,0,expanded,False,True,2801
"(((4, 4), (5, 10), (6, 2)), (1, 10))","(((4, 4), (5, 10), (6, 3)), (1, 10))",30,15,45.0,30,,,pruned,,,2802
"(((4, 4), (5, 10), (6, 3)), (1, 10))","(((4, 4), (5, 10), (6, 4)), (1, 10))",29,14.0,43.0,29,8,1,expanded,False,True,2803
"(((4, 2), (6, 6), (7, 10)), (1, 10))","(((4, 2), (6, 6), (6, 10)), (1, 10))",30,15,45.0,30,,,pruned,,,2804
"(((4, 1), (6, 6), (6, 10)), (1, 10))","(((4, 2), (6, 6), (6, 10)), (1, 10))",30,15,45.0,30,,,pruned,,,2805
"(((4, 2), (6, 6), (6, 10)), (1, 10))","(((4, 3), (6, 6), (6, 10)), (1, 10))",29,14.0,43.0,29,8,2,expanded,False,True,2806
"(((5, 4), (6, 5), (7, 10)), (1, 10))","(((5, 4), (6, 5), (6, 10)), (1, 10))",30,15,45.0,30,,,pruned,,,2807
"(((5, 4), (6, 5), (6, 10)), (1, 10))","(((4, 4), (6, 5), (6, 10)), (1, 10))",29,14.0,43.0,29,6,1,expanded,False,True,2808
"(((2, 3), (6, 3), (6, 9)), (1, 10))","(((3, 3), (6, 3), (6, 9)), (1, 10))",30,15,45.0,30,,,pruned,,,2809
"(((3, 3), (6, 2), (6, 9)), (1, 10))","(((3, 3), (6, 3), (6, 9)), (1, 10))",30,15,45.0,30,,,pruned,,,2810
"(((3, 3), (6, 3), (6, 9)), (1, 10))","(((3, 3), (6, 3), (6, 10)), (1, 10))",29,14.0,43.0,29,8,2,expanded,False,True,2811
"(((4, 4), (4, 5), (6, 3)), (2, 2))","(((4, 3), (4, 5), (6, 3)), (1, 10))",29,14.0,43.0,29,2,0,expanded,False,True,2812
"(((3, 10), (5, 2), (6, 4)), (1, 10))","(((4, 10), (5, 2), (6, 4)), (1, 10))",29,14.0,43.0,29,4,0,expanded,False,True,2813
"(((3, 5), (5, 4), (6, 4)), (1, 10))","(((3, 4), (5, 4), (6, 4)), (1, 10))",30,13,43.0,30,,,pruned,,,2814
"(((3, 4), (5, 4), (6, 4)), (1, 10))","(((3, 3), (5, 4), (6, 4)), (1, 10))",29,14.0,43.0,29,4,1,expanded,False,True,2815
"(((2, 3), (5, 4), (6, 5)), (1, 10))","(((3, 3), (5, 4), (6, 5)), (1, 10))",30,15,45.0,30,,,pruned,,,2816
"(((3, 3), (5, 4), (6, 5)), (1, 10))","(((3, 3), (5, 4), (6, 4)), (1, 10))",29,14.0,43.0,29,8,1,expanded,False,True,2817
"(((3, 7), (4, 1), (5, 2)), (1, 10))","(((3, 7), (4, 2), (5, 2)), (1, 10))",31,14,45.0,31,,,pruned,,,2818
"(((3, 7), (4, 2), (5, 2)), (1, 10))","(((3, 7), (4, 3), (5, 2)), (1, 10))",30,13.0,43.0,30,1,1,expanded,True,True,2819
"(((1, 10), (4, 3), (6, 4)), (1, 11))","(((2, 10), (4, 3), (6, 4)), (1, 10))",31,14,45.0,31,,,pruned,,,2820
"(((2, 10), (4, 3), (6, 4)), (1, 10))","(((2, 10), (4, 3), (5, 4)), (1, 10))",30,13.0,43.0,30,6,1,expanded,False,True,2821
"(((1, 10), (4, 2), (5, 4)), (1, 11))","(((2, 10), (4, 2), (5, 4)), (1, 10))",31,14,45.0,31,,,pruned,,,2822
"(((2, 10), (4, 1), (5, 4)), (1, 10))","(((2, 10), (4, 2), (5, 4)), (1, 10))",31,14,45.0,31,,,pruned,,,2823
"(((2, 10), (4, 2), (5, 4)), (1, 10))","(((2, 10), (4, 3), (5, 4)), (1, 10))",30,13.0,43.0,30,8,2,expanded,False,True,2824
"(((1, 10), (3, 2), (6, 4)), (1, 11))","(((2, 10), (3, 2), (6, 4)), (1, 10))",31,14,45.0,31,,,pruned,,,2825
"(((2, 2), (2, 10), (6, 4)), (1, 10))","(((2, 10), (3, 2), (6, 4)), (1, 10))",31,14,45.0,31,,,pruned,,,2826
"(((2, 10), (3, 2), (6, 4)), (1, 10))","(((2, 10), (3, 2), (5, 4)), (1, 10))",30,13.0,43.0,30,6,2,expanded,False,True,2827
"(((1, 10), (3, 3), (6, 3)), (1, 11))","(((2, 10), (3, 3), (6, 3)), (1, 10))",31,14,45.0,31,,,pruned,,,2828
"(((2, 3), (2, 10), (6, 3)), (1, 10))","(((2, 10), (3, 3), (6, 3)), (1, 10))",31,14,45.0,31,,,pruned,,,2829
"(((2, 10), (3, 3), (6, 2)), (1, 10))","(((2, 10), (3, 3), (6, 3)), (1, 10))",31,14,45.0,31,,,pruned,,,2830
"(((2, 10), (3, 3), (6, 3)), (1, 10))","(((2, 10), (3, 3), (6, 4)), (1, 10))",30,13.0,43.0,30,8,3,expanded,False,True,2831
"(((3, 10), (4, 1), (6, 4)), (2, 2))","(((3, 10), (4, 2), (6, 4)), (2, 2))",31,14,45.0,31,,,pruned,,,2832
"(((3, 11), (4, 2), (6, 4)), (1, 10))","(((3, 10), (4, 2), (6, 4)), (2, 2))",31,14,45.0,31,,,pruned,,,2833
"(((3, 10), (4, 2), (6, 4)), (2, 2))","(((3, 10), (4, 3), (6, 4)), (2, 2))",30,13.0,43.0,30,3,2,expanded,False,True,2834
"(((3, 3), (4, 4), (6, 5)), (1, 10))","(((3, 4), (4, 4), (6, 5)), (1, 10))",30,13.0,43.0,30,4,0,expanded,False,True,2835
"(((3, 4), (4, 4), (6, 4)), (1, 10))","(((3, 4), (4, 4), (6, 5)), (1, 10))",30,13.0,43.0,30,3,0,expanded,False,True,2836
"(((2, 3), (5, 4), (6, 6)), (1, 10))","(((3, 3), (5, 4), (6, 6)), (1, 10))",31,14,45.0,31,,,pruned,,,2837
"(((3, 3), (5, 4), (6, 6)), (1, 10))","(((3, 3), (4, 4), (6, 6)), (1, 10))",30,13.0,43.0,30,8,1,expanded,False,True,2838
"(((2, 3), (6, 4), (6, 7)), (1, 10))","(((3, 3), (6, 4), (6, 7)), (1, 10))",31,14,45.0,31,,,pruned,,,2839
"(((3, 3), (6, 4), (6, 7)), (1, 10))","(((3, 3), (5, 4), (6, 7)), (1, 10))",30,13.0,43.0,30,6,1,expanded,False,True,2840
"(((3, 9), (6, 2), (6, 4)), (2, 2))","(((3, 9), (5, 2), (6, 4)), (2, 2))",31,14,45.0,31,,,pruned,,,2841
"(((3, 9), (5, 2), (6, 4)), (2, 2))","(((3, 9), (5, 2), (5, 4)), (2, 2))",30,13.0,43.0,30,2,1,expanded,False,True,2842
"(((3, 10), (4, 3), (6, 2)), (1, 10))","(((3, 10), (4, 3), (6, 3)), (1, 10))",31,14,45.0,31,,,pruned,,,2843
"(((3, 11), (4, 3), (6, 3)), (1, 10))","(((3, 10), (4, 3), (6, 3)), (1, 10))",31,14,45.0,31,,,pruned,,,2844
"(((3, 10), (4, 3), (6, 3)), (1, 10))","(((3, 3), (3, 10), (6, 3)), (1, 10))",30,13.0,43.0,30,8,2,expanded,False,True,2845
"(((2, 2), (3, 10), (6, 3)), (1, 10))","(((3, 2), (3, 10), (6, 3)), (1, 10))",31,14,45.0,31,,,pruned,,,2846
"(((3, 2), (3, 10), (6, 2)), (1, 10))","(((3, 2), (3, 10), (6, 3)), (1, 10))",31,14,45.0,31,,,pruned,,,2847
"(((3, 2), (3, 11), (6, 3)), (1, 10))","(((3, 2), (3, 10), (6, 3)), (1, 10))",31,14,45.0,31,,,pruned,,,2848
"(((3, 2), (3, 10), (6, 3)), (1, 10))","(((3, 3), (3, 10), (6, 3)), (1, 10))",30,13.0,43.0,30,8,3,expanded,False,True,2849
"(((4, 1), (4, 10), (6, 5)), (1, 10))","(((4, 2), (4, 10), (6, 5)), (1, 10))",31,14,45.0,31,,,pruned,,,2850
"(((4, 2), (4, 10), (6, 5)), (1, 10))","(((4, 3), (4, 10), (6, 5)), (1, 10))",30,13.0,43.0,30,8,1,expanded,False,True,2851
"(((4, 1), (5, 10), (6, 6)), (1, 10))","(((4, 2), (5, 10), (6, 6)), (1, 10))",31,14,45.0,31,,,pruned,,,2852
"(((4, 2), (5, 10), (6, 6)), (1, 10))","(((4, 3), (5, 10), (6, 6)), (1, 10))",30,13.0,43.0,30,8,1,expanded,False,True,2853
"(((6, 2), (6, 7), (6, 9)), (1, 10))","(((5, 2), (6, 7), (6, 9)), (1, 10))",31,14,45.0,31,,,pruned,,,2854
"(((5, 2), (6, 7), (6, 9)), (1, 10))","(((4, 2), (6, 7), (6, 9)), (1, 10))",30,13.0,43.0,30,4,1,expanded,False,True,2855
"(((6, 4), (6, 6), (6, 9)), (1, 10))","(((5, 4), (6, 6), (6, 9)), (1, 10))",30,13.0,43.0,30,2,0,expanded,False,True,2856
"(((4, 10), (5, 4), (6, 4)), (1, 10))","(((4, 4), (4, 10), (6, 4)), (1, 10))",30,13.0,43.0,30,4,0,expanded,False,True,2857
"(((4, 4), (4, 10), (6, 2)), (1, 10))","(((4, 4), (4, 10), (6, 3)), (1, 10))",31,14,45.0,31,,,pruned,,,2858
"(((4, 4), (4, 10), (6, 3)), (1, 10))","(((4, 4), (4, 10), (6, 4)), (1, 10))",30,13.0,43.0,30,8,1,expanded,False,True,2859
"(((5, 4), (5, 10), (6, 5)), (1, 10))","(((4, 4), (5, 10), (6, 5)), (1, 10))",30,13.0,43.0,30,6,0,expanded,False,True,2860
"(((4, 2), (6, 7), (7, 10)), (1, 10))","(((4, 2), (6, 7), (6, 10)), (1, 10))",31,14,45.0,31,,,pruned,,,2861
"(((4, 1), (6, 7), (6, 10)), (1, 10))","(((4, 2), (6, 7), (6, 10)), (1, 10))",31,14,45.0,31,,,pruned,,,2862
"(((4, 2), (6, 7), (6, 10)), (1, 10))","(((4, 3), (6, 7), (6, 10)), (1, 10))",30,13.0,43.0,30,8,2,expanded,False,True,2863
"(((5, 4), (6, 6), (7, 10)), (1, 10))","(((5, 4), (6, 6), (6, 10)), (1, 10))",31,14,45.0,31,,,pruned,,,2864
"(((5, 4), (6, 6), (6, 10)), (1, 10))","(((4, 4), (6, 6), (6, 10)), (1, 10))",30,13.0,43.0,30,6,1,expanded,False,True,2865
"(((4, 5), (5, 2), (6, 7)), (1, 10))","(((4, 5), (5, 2), (6, 8)), (1, 10))",30,13.0,43.0,30,2,0,expanded,False,True,2866
"(((3, 10), (4, 2), (6, 4)), (1, 10))","(((4, 2), (4, 10), (6, 4)), (1, 10))",30,13.0,43.0,30,4,0,expanded,False,True,2867
"(((3, 4), (6, 2), (6, 9)), (1, 10))","(((3, 4), (6, 3), (6, 9)), (1, 10))",31,14,45.0,31,,,pruned,,,2868
"(((3, 5), (6, 3), (6, 9)), (1, 10))","(((3, 4), (6, 3), (6, 9)), (1, 10))",31,12,43.0,31,,,pruned,,,2869
"(((3, 4), (6, 3), (6, 9)), (1, 10))","(((3, 4), (6, 3), (6, 10)), (1, 10))",30,13.0,43.0,30,6,2,expanded,False,True,2870
"(((4, 5), (5, 10), (6, 2)), (1, 10))","(((4, 5), (5, 10), (6, 3)), (1, 10))",31,14,45.0,31,,,pruned,,,2871
"(((4, 5), (5, 10), (6, 3)), (1, 10))","(((4, 4), (5, 10), (6, 3)), (1, 10))",30,13.0,43.0,30,6,1,expanded,False,True,2872
"(((3, 9), (5, 2), (6, 4)), (1, 10))","(((3, 10), (5, 2), (6, 4)), (1, 10))",30,13.0,43.0,30,2,0,expanded,False,True,2873
"(((3, 5), (5, 4), (6, 5)), (1, 10))","(((3, 4), (5, 4), (6, 5)), (1, 10))",31,12,43.0,31,,,pruned,,,2874
"(((3, 4), (5, 4), (6, 5)), (1, 10))","(((3, 4), (5, 4), (6, 4)), (1, 10))",30,13.0,43.0,30,6,1,expanded,False,True,2875
"(((3, 9), (4, 1), (6, 4)), (2, 2))","(((3, 9), (4, 2), (6, 4)), (2, 2))",32,13,45.0,32,,,pruned,,,2876
"(((3, 9), (4, 2), (6, 4)), (2, 2))","(((3, 9), (4, 3), (6, 4)), (2, 2))",31,12.0,43.0,31,3,1,expanded,False,True,2877
"(((3, 4), (4, 5), (6, 4)), (1, 10))","(((3, 4), (4, 5), (6, 5)), (1, 10))",31,12.0,43.0,31,2,0,expanded,False,True,2878
"(((1, 10), (3, 4), (6, 3)), (1, 11))","(((2, 10), (3, 4), (6, 3)), (1, 10))",32,13,45.0,32,,,pruned,,,2879
"(((2, 10), (3, 4), (6, 2)), (1, 10))","(((2, 10), (3, 4), (6, 3)), (1, 10))",32,13,45.0,32,,,pruned,,,2880
"(((2, 10), (3, 5), (6, 3)), (1, 10))","(((2, 10), (3, 4), (6, 3)), (1, 10))",32,11,43.0,32,,,pruned,,,2881
"(((2, 10), (3, 4), (6, 3)), (1, 10))","(((2, 10), (3, 4), (6, 4)), (1, 10))",31,12.0,43.0,31,6,3,expanded,False,True,2882
"(((3, 3), (4, 5), (6, 5)), (1, 10))","(((3, 3), (4, 5), (6, 6)), (1, 10))",31,12.0,43.0,31,2,0,expanded,False,True,2883
"(((3, 10), (4, 1), (6, 5)), (2, 2))","(((3, 10), (4, 2), (6, 5)), (2, 2))",32,13,45.0,32,,,pruned,,,2884
"(((3, 11), (4, 2), (6, 5)), (1, 10))","(((3, 10), (4, 2), (6, 5)), (2, 2))",32,13,45.0,32,,,pruned,,,2885
"(((3, 10), (4, 2), (6, 5)), (2, 2))","(((3, 10), (4, 3), (6, 5)), (2, 2))",31,12.0,43.0,31,6,2,expanded,False,True,2886
"(((3, 9), (4, 3), (6, 2)), (1, 10))","(((3, 9), (4, 3), (6, 3)), (1, 10))",32,13,45.0,32,,,pruned,,,2887
"(((3, 9), (4, 3), (6, 3)), (1, 10))","(((3, 3), (3, 9), (6, 3)), (1, 10))",31,12.0,43.0,31,6,1,expanded,False,True,2888
"(((2, 2), (3, 9), (6, 3)), (1, 10))","(((3, 2), (3, 9), (6, 3)), (1, 10))",32,13,45.0,32,,,pruned,,,2889
"(((3, 2), (3, 9), (6, 2)), (1, 10))","(((3, 2), (3, 9), (6, 3)), (1, 10))",32,13,45.0,32,,,pruned,,,2890
"(((3, 2), (3, 9), (6, 3)), (1, 10))","(((3, 3), (3, 9), (6, 3)), (1, 10))",31,12.0,43.0,31,6,2,expanded,False,True,2891
"(((1, 10), (4, 3), (6, 5)), (1, 11))","(((2, 10), (4, 3), (6, 5)), (1, 10))",32,13,45.0,32,,,pruned,,,2892
"(((2, 10), (4, 3), (6, 5)), (1, 10))","(((2, 10), (3, 3), (6, 5)), (1, 10))",31,12.0,43.0,31,6,1,expanded,False,True,2893
"(((1, 10), (3, 2), (6, 5)), (1, 11))","(((2, 10), (3, 2), (6, 5)), (1, 10))",32,13,45.0,32,,,pruned,,,2894
"(((2, 2), (2, 10), (6, 5)), (1, 10))","(((2, 10), (3, 2), (6, 5)), (1, 10))",32,13,45.0,32,,,pruned,,,2895
"(((2, 10), (3, 2), (6, 5)), (1, 10))","(((2, 10), (3, 3), (6, 5)), (1, 10))",31,12.0,43.0,31,6,2,expanded,False,True,2896
"(((4, 1), (4, 10), (6, 6)), (1, 10))","(((4, 2), (4, 10), (6, 6)), (1, 10))",32,13,45.0,32,,,pruned,,,2897
"(((4, 2), (4, 10), (6, 6)), (1, 10))","(((4, 3), (4, 10), (6, 6)), (1, 10))",31,12.0,43.0,31,8,1,expanded,False,True,2898
"(((4, 1), (5, 10), (6, 7)), (1, 10))","(((4, 2), (5, 10), (6, 7)), (1, 10))",32,13,45.0,32,,,pruned,,,2899
"(((4, 2), (5, 10), (6, 7)), (1, 10))","(((4, 3), (5, 10), (6, 7)), (1, 10))",31,12.0,43.0,31,8,1,expanded,False,True,2900
"(((6, 4), (6, 7), (6, 9)), (1, 10))","(((5, 4), (6, 7), (6, 9)), (1, 10))",31,12.0,43.0,31,2,0,expanded,False,True,2901
"(((3, 5), (5, 4), (6, 6)), (1, 10))","(((3, 4), (5, 4), (6, 6)), (1, 10))",32,11,43.0,32,,,pruned,,,2902
"(((3, 4), (5, 4), (6, 6)), (1, 10))","(((3, 4), (5, 4), (6, 7)), (1, 10))",31,12.0,43.0,31,6,1,expanded,False,True,2903
"(((3, 5), (6, 4), (6, 7)), (1, 10))","(((3, 4), (6, 4), (6, 7)), (1, 10))",32,11,43.0,32,,,pruned,,,2904
"(((3, 4), (6, 4), (6, 7)), (1, 10))","(((3, 4), (5, 4), (6, 7)), (1, 10))",31,12.0,43.0,31,4,1,expanded,False,True,2905
"(((4, 3), (4, 5), (6, 6)), (1, 10))","(((4, 3), (4, 5), (6, 7)), (1, 10))",31,12.0,43.0,31,2,0,expanded,False,True,2906
"(((3, 2), (4, 5), (6, 6)), (1, 10))","(((3, 2), (4, 5), (6, 7)), (1, 10))",31,12.0,43.0,31,2,0,expanded,False,True,2907
"(((3, 7), (5, 4), (6, 2)), (2, 2))","(((3, 7), (5, 2), (5, 4)), (2, 2))",32,13,45.0,32,,,pruned,,,2908
"(((3, 7), (5, 2), (5, 4)), (2, 2))","(((3, 7), (4, 4), (5, 2)), (2, 2))",31,12.0,43.0,31,2,1,expanded,False,True,2909
"(((3, 11), (5, 4), (6, 4)), (1, 10))","(((3, 10), (5, 4), (6, 4)), (2, 2))",32,13,45.0,32,,,pruned,,,2910
"(((3, 10), (5, 4), (6, 4)), (2, 2))","(((3, 10), (4, 4), (6, 4)), (2, 2))",31,12.0,43.0,31,2,1,expanded,False,True,2911
"(((4, 10), (5, 4), (6, 5)), (1, 10))","(((4, 4), (4, 10), (6, 5)), (1, 10))",31,12.0,43.0,31,6,0,expanded,False,True,2912
"(((5, 4), (5, 10), (6, 6)), (1, 10))","(((4, 4), (5, 10), (6, 6)), (1, 10))",31,12.0,43.0,31,6,0,expanded,False,True,2913
"(((3, 10), (4, 4), (6, 2)), (1, 10))","(((3, 10), (4, 4), (6, 3)), (1, 10))",32,13,45.0,32,,,pruned,,,2914
"(((3, 10), (4, 4), (6, 3)), (1, 10))","(((3, 10), (4, 4), (6, 4)), (1, 10))",31,12.0,43.0,31,5,1,expanded,False,True,2915
"(((1, 10), (4, 4), (6, 4)), (1, 11))","(((2, 10), (4, 4), (6, 4)), (1, 10))",32,13,45.0,32,,,pruned,,,2916
"(((2, 10), (4, 4), (6, 4)), (1, 10))","(((3, 10), (4, 4), (6, 4)), (1, 10))",31,12.0,43.0,31,7,1,expanded,False,True,2917
"(((5, 4), (6, 7), (7, 10)), (1, 10))","(((5, 4), (6, 7), (6, 10)), (1, 10))",32,13,45.0,32,,,pruned,,,2918
"(((5, 4), (6, 7), (6, 10)), (1, 10))","(((4, 4), (6, 7), (6, 10)), (1, 10))",31,12.0,43.0,31,6,1,expanded,False,True,2919
"(((4, 2), (4, 5), (6, 7)), (1, 10))","(((4, 2), (4, 5), (6, 8)), (1, 10))",31,12.0,43.0,31,2,0,expanded,False,True,2920
"(((4, 6), (5, 2), (6, 7)), (1, 10))","(((4, 6), (5, 2), (6, 8)), (1, 10))",31,12.0,43.0,31,2,0,expanded,False,True,2921
"(((3, 7), (5, 2), (5, 4)), (1, 10))","(((3, 8), (5, 2), (5, 4)), (1, 10))",31,12.0,43.0,31,2,0,expanded,False,True,2922
"(((4, 3), (6, 9), (7, 10)), (1, 10))","(((4, 3), (6, 9), (6, 10)), (1, 10))",32,13,45.0,32,,,pruned,,,2923
"(((4, 3), (6, 9), (6, 10)), (1, 10))","(((4, 3), (6, 8), (6, 10)), (1, 10))",31,12.0,43.0,31,4,1,expanded,False,True,2924
"(((2, 2), (6, 9), (6, 10)), (1, 10))","(((3, 2), (6, 9), (6, 10)), (1, 10))",32,13,45.0,32,,,pruned,,,2925
"(((3, 2), (6, 9), (7, 10)), (1, 10))","(((3, 2), (6, 9), (6, 10)), (1, 10))",32,13,45.0,32,,,pruned,,,2926
"(((3, 2), (6, 9), (6, 10)), (1, 10))","(((3, 2), (6, 8), (6, 10)), (1, 10))",31,12.0,43.0,31,4,2,expanded,False,True,2927
"(((3, 11), (4, 4), (6, 3)), (1, 10))","(((3, 10), (4, 4), (6, 3)), (2, 2))",32,13,45.0,32,,,pruned,,,2928
"(((3, 10), (4, 4), (6, 3)), (2, 2))","(((3, 10), (4, 3), (6, 3)), (1, 10))",31,12.0,43.0,31,5,1,expanded,False,True,2929
"(((3, 10), (4, 2), (6, 5)), (1, 10))","(((4, 2), (4, 10), (6, 5)), (1, 10))",31,12.0,43.0,31,4,0,expanded,False,True,2930
"(((6, 5), (6, 6), (6, 9)), (1, 10))","(((6, 4), (6, 6), (6, 9)), (1, 10))",31,12.0,43.0,31,1,0,expanded,False,True,2931
"(((3, 10), (5, 4), (6, 4)), (1, 10))","(((4, 10), (5, 4), (6, 4)), (1, 10))",31,12.0,43.0,31,4,0,expanded,False,True,2932
"(((4, 5), (4, 10), (6, 2)), (1, 10))","(((4, 5), (4, 10), (6, 3)), (1, 10))",32,13,45.0,32,,,pruned,,,2933
"(((4, 5), (4, 10), (6, 3)), (1, 10))","(((4, 4), (4, 10), (6, 3)), (1, 10))",31,12.0,43.0,31,6,1,expanded,False,True,2934
"(((3, 9), (4, 2), (6, 4)), (1, 10))","(((3, 10), (4, 2), (6, 4)), (1, 10))",31,12.0,43.0,31,2,0,expanded,False,True,2935
"(((4, 7), (5, 10), (6, 3)), (1, 10))","(((4, 6), (5, 10), (6, 3)), (1, 10))",32,11,43.0,32,,,pruned,,,2936
"(((4, 6), (5, 10), (6, 2)), (1, 10))","(((4, 6), (5, 10), (6, 3)), (1, 10))",32,13,45.0,32,,,pruned,,,2937
"(((4, 6), (5, 10), (6, 3)), (1, 10))","(((4, 5), (5, 10), (6, 3)), (1, 10))",31,12.0,43.0,31,6,2,expanded,False,True,2938
"(((3, 7), (4, 3), (6, 4)), (2, 2))","(((3, 7), (4, 3), (5, 4)), (1, 10))",32,11.0,43.0,32,3,0,expanded,False,True,2939
"(((3, 7), (4, 1), (5, 4)), (1, 10))","(((3, 7), (4, 2), (5, 4)), (2, 2))",33,12,45.0,33,,,pruned,,,2940
"(((3, 7), (4, 2), (5, 4)), (2, 2))","(((3, 7), (4, 3), (5, 4)), (1, 10))",32,11.0,43.0,32,3,1,expanded,False,True,2941
"(((3, 4), (4, 6), (6, 4)), (1, 10))","(((3, 4), (4, 6), (6, 5)), (1, 10))",32,11.0,43.0,32,2,0,expanded,False,True,2942
"(((2, 10), (4, 5), (6, 4)), (2, 2))","(((2, 10), (4, 5), (5, 4)), (1, 10))",32,11.0,43.0,32,2,0,expanded,False,True,2943
"(((2, 2), (3, 7), (6, 4)), (2, 3))","(((3, 2), (3, 7), (6, 4)), (2, 2))",33,12,45.0,33,,,pruned,,,2944
"(((3, 2), (3, 7), (6, 4)), (2, 2))","(((3, 2), (3, 7), (5, 4)), (1, 10))",32,11.0,43.0,32,3,1,expanded,False,True,2945
"(((3, 3), (4, 6), (6, 5)), (1, 10))","(((3, 3), (4, 6), (6, 6)), (1, 10))",32,11.0,43.0,32,2,0,expanded,False,True,2946
"(((3, 9), (4, 1), (6, 5)), (2, 2))","(((3, 9), (4, 2), (6, 5)), (2, 2))",33,12,45.0,33,,,pruned,,,2947
"(((3, 9), (4, 2), (6, 5)), (2, 2))","(((3, 9), (4, 3), (6, 5)), (2, 2))",32,11.0,43.0,32,6,1,expanded,False,True,2948
"(((3, 11), (4, 2), (6, 6)), (1, 10))","(((3, 10), (4, 2), (6, 6)), (2, 2))",33,12,45.0,33,,,pruned,,,2949
"(((3, 10), (4, 1), (6, 6)), (2, 2))","(((3, 10), (4, 2), (6, 6)), (2, 2))",33,12,45.0,33,,,pruned,,,2950
"(((3, 10), (4, 2), (6, 6)), (2, 2))","(((3, 10), (4, 3), (6, 6)), (2, 2))",32,11.0,43.0,32,6,2,expanded,False,True,2951
"(((4, 1), (4, 10), (6, 7)), (1, 10))","(((4, 2), (4, 10), (6, 7)), (1, 10))",33,12,45.0,33,,,pruned,,,2952
"(((4, 2), (4, 10), (6, 7)), (1, 10))","(((4, 3), (4, 10), (6, 7)), (1, 10))",32,11.0,43.0,32,8,1,expanded,False,True,2953
"(((1, 10), (4, 3), (6, 6)), (1, 11))","(((2, 10), (4, 3), (6, 6)), (1, 10))",33,12,45.0,33,,,pruned,,,2954
"(((2, 10), (4, 3), (6, 6)), (1, 10))","(((2, 10), (3, 3), (6, 6)), (1, 10))",32,11.0,43.0,32,6,1,expanded,False,True,2955
"(((1, 10), (3, 2), (6, 6)), (1, 11))","(((2, 10), (3, 2), (6, 6)), (1, 10))",33,12,45.0,33,,,pruned,,,2956
"(((2, 2), (2, 10), (6, 6)), (1, 10))","(((2, 10), (3, 2), (6, 6)), (1, 10))",33,12,45.0,33,,,pruned,,,2957
"(((2, 10), (3, 2), (6, 6)), (1, 10))","(((2, 10), (3, 3), (6, 6)), (1, 10))",32,11.0,43.0,32,6,2,expanded,False,True,2958
"(((4, 3), (4, 6), (6, 6)), (1, 10))","(((4, 3), (4, 6), (6, 7)), (1, 10))",32,11.0,43.0,32,2,0,expanded,False,True,2959
"(((3, 2), (4, 6), (6, 6)), (1, 10))","(((3, 2), (4, 6), (6, 7)), (1, 10))",32,11.0,43.0,32,2,0,expanded,False,True,2960
"(((4, 4), (4, 5), (6, 6)), (1, 10))","(((4, 4), (4, 5), (6, 7)), (1, 10))",32,11.0,43.0,32,1,0,expanded,False,True,2961
"(((2, 3), (3, 7), (6, 3)), (1, 10))","(((3, 3), (3, 7), (6, 3)), (1, 10))",33,12,45.0,33,,,pruned,,,2962
"(((3, 3), (3, 7), (6, 2)), (1, 10))","(((3, 3), (3, 7), (6, 3)), (1, 10))",33,12,45.0,33,,,pruned,,,2963
"(((3, 3), (3, 7), (6, 3)), (1, 10))","(((3, 3), (3, 7), (6, 4)), (1, 10))",32,11.0,43.0,32,6,2,expanded,False,True,2964
"(((2, 3), (6, 9), (6, 10)), (1, 10))","(((3, 3), (6, 9), (6, 10)), (1, 10))",33,12,45.0,33,,,pruned,,,2965
"(((3, 3), (6, 9), (7, 10)), (1, 10))","(((3, 3), (6, 9), (6, 10)), (1, 10))",33,12,45.0,33,,,pruned,,,2966
"(((3, 3), (6, 9), (6, 10)), (1, 10))","(((3, 3), (5, 10), (6, 9)), (1, 10))",32,11.0,43.0,32,6,2,expanded,False,True,2967
"(((4, 3), (5, 10), (6, 9)), (1, 10))","(((3, 3), (5, 10), (6, 9)), (1, 10))",32,11.0,43.0,32,6,0,expanded,False,True,2968
"(((2, 2), (5, 10), (6, 9)), (1, 10))","(((3, 2), (5, 10), (6, 9)), (1, 10))",33,12,45.0,33,,,pruned,,,2969
"(((3, 2), (5, 10), (6, 9)), (1, 10))","(((3, 3), (5, 10), (6, 9)), (1, 10))",32,11.0,43.0,32,6,1,expanded,False,True,2970
"(((2, 3), (5, 10), (6, 10)), (1, 10))","(((3, 3), (5, 10), (6, 10)), (1, 10))",33,12,45.0,33,,,pruned,,,2971
"(((3, 3), (5, 10), (6, 11)), (1, 10))","(((3, 3), (5, 10), (6, 10)), (1, 10))",33,12,45.0,33,,,pruned,,,2972
"(((3, 3), (5, 10), (6, 10)), (1, 10))","(((3, 3), (5, 10), (6, 9)), (1, 10))",32,11.0,43.0,32,6,2,expanded,False,True,2973
"(((3, 9), (5, 4), (6, 4)), (2, 2))","(((3, 9), (4, 4), (6, 4)), (2, 2))",32,11.0,43.0,32,2,0,expanded,False,True,2974
"(((3, 11), (5, 4), (6, 5)), (1, 10))","(((3, 10), (5, 4), (6, 5)), (2, 2))",33,12,45.0,33,,,pruned,,,2975
"(((3, 10), (5, 4), (6, 5)), (2, 2))","(((3, 10), (4, 4), (6, 5)), (2, 2))",32,11.0,43.0,32,4,1,expanded,False,True,2976
"(((4, 10), (5, 4), (6, 6)), (1, 10))","(((4, 4), (4, 10), (6, 6)), (1, 10))",32,11.0,43.0,32,6,0,expanded,False,True,2977
"(((5, 4), (5, 10), (6, 7)), (1, 10))","(((4, 4), (5, 10), (6, 7)), (1, 10))",32,11.0,43.0,32,6,0,expanded,False,True,2978
"(((1, 10), (4, 4), (6, 5)), (1, 11))","(((2, 10), (4, 4), (6, 5)), (1, 10))",33,12,45.0,33,,,pruned,,,2979
"(((2, 10), (4, 4), (6, 5)), (1, 10))","(((3, 10), (4, 4), (6, 5)), (1, 10))",32,11.0,43.0,32,8,1,expanded,False,True,2980
"(((3, 9), (4, 4), (6, 2)), (1, 10))","(((3, 9), (4, 4), (6, 3)), (1, 10))",33,12,45.0,33,,,pruned,,,2981
"(((3, 9), (4, 4), (6, 3)), (1, 10))","(((3, 9), (4, 4), (6, 4)), (1, 10))",32,11.0,43.0,32,3,1,expanded,False,True,2982
"(((4, 2), (4, 6), (6, 7)), (1, 10))","(((4, 2), (4, 6), (6, 8)), (1, 10))",32,11.0,43.0,32,2,0,expanded,False,True,2983
"(((4, 5), (5, 4), (6, 7)), (1, 10))","(((4, 5), (5, 4), (6, 8)), (1, 10))",32,11.0,43.0,32,2,0,expanded,False,True,2984
"(((3, 7), (4, 3), (6, 4)), (1, 10))","(((3, 8), (4, 3), (6, 4)), (1, 10))",32,11.0,43.0,32,1,0,expanded,False,True,2985
"(((3, 2), (3, 7), (6, 4)), (1, 10))","(((3, 2), (3, 8), (6, 4)), (1, 10))",32,11.0,43.0,32,1,0,expanded,False,True,2986
"(((3, 7), (4, 2), (5, 4)), (1, 10))","(((3, 8), (4, 2), (5, 4)), (1, 10))",32,11.0,43.0,32,3,0,expanded,False,True,2987
"(((4, 4), (6, 9), (7, 10)), (1, 10))","(((4, 4), (6, 9), (6, 10)), (1, 10))",33,12,45.0,33,,,pruned,,,2988
"(((4, 4), (6, 9), (6, 10)), (1, 10))","(((4, 4), (6, 8), (6, 10)), (1, 10))",32,11.0,43.0,32,6,1,expanded,False,True,2989
"(((3, 9), (4, 4), (6, 3)), (2, 2))","(((3, 9), (4, 3), (6, 3)), (1, 10))",32,11.0,43.0,32,5,0,expanded,False,True,2990
"(((3, 10), (4, 2), (6, 6)), (1, 10))","(((4, 2), (4, 10), (6, 6)), (1, 10))",32,11.0,43.0,32,4,0,expanded,False,True,2991
"(((6, 5), (6, 7), (6, 9)), (1, 10))","(((6, 4), (6, 7), (6, 9)), (1, 10))",32,11.0,43.0,32,2,0,expanded,False,True,2992
"(((3, 10), (5, 4), (6, 5)), (1, 10))","(((4, 10), (5, 4), (6, 5)), (1, 10))",32,11.0,43.0,32,4,0,expanded,False,True,2993
"(((3, 10), (4, 5), (6, 2)), (1, 10))","(((3, 10), (4, 5), (6, 3)), (1, 10))",33,12,45.0,33,,,pruned,,,2994
"(((3, 10), (4, 5), (6, 3)), (1, 10))","(((3, 10), (4, 4), (6, 3)), (2, 2))",32,11.0,43.0,32,6,1,expanded,False,True,2995
"(((3, 9), (4, 2), (6, 5)), (1, 10))","(((3, 10), (4, 2), (6, 5)), (1, 10))",32,11.0,43.0,32,2,0,expanded,False,True,2996
"(((3, 9), (5, 4), (6, 4)), (1, 10))","(((3, 10), (5, 4), (6, 4)), (1, 10))",32,11.0,43.0,32,2,0,expanded,False,True,2997
"(((4, 7), (4, 10), (6, 3)), (1, 10))","(((4, 6), (4, 10), (6, 3)), (1, 10))",33,10,43.0,33,,,pruned,,,2998
"(((4, 6), (4, 10), (6, 2)), (1, 10))","(((4, 6), (4, 10), (6, 3)), (1, 10))",33,12,45.0,33,,,pruned,,,2999
"(((4, 6), (4, 10), (6, 3)), (1, 10))","(((4, 5), (4, 10), (6, 3)), (1, 10))",32,11.0,43.0,32,6,2,expanded,False,True,3000
"(((2, 10), (4, 7), (6, 4)), (2, 2))","(((2, 10), (4, 6), (6, 4)), (2, 2))",34,9,43.0,34,,,pruned,,,3001
"(((2, 10), (4, 6), (6, 4)), (2, 2))","(((2, 10), (4, 6), (5, 4)), (1, 10))",33,10.0,43.0,33,2,1,expanded,False,True,3002
"(((3, 9), (4, 1), (6, 6)), (2, 2))","(((3, 9), (4, 2), (6, 6)), (2, 2))",34,11,45.0,34,,,pruned,,,3003
"(((3, 9), (4, 2), (6, 6)), (2, 2))","(((3, 9), (4, 3), (6, 6)), (2, 2))",33,10.0,43.0,33,6,1,expanded,False,True,3004
"(((3, 11), (4, 2), (6, 7)), (1, 10))","(((3, 10), (4, 2), (6, 7)), (2, 2))",34,11,45.0,34,,,pruned,,,3005
"(((3, 10), (4, 1), (6, 7)), (2, 2))","(((3, 10), (4, 2), (6, 7)), (2, 2))",34,11,45.0,34,,,pruned,,,3006
"(((3, 10), (4, 2), (6, 7)), (2, 2))","(((3, 10), (4, 3), (6, 7)), (2, 2))",33,10.0,43.0,33,6,2,expanded,False,True,3007
"(((1, 10), (4, 3), (6, 7)), (1, 11))","(((2, 10), (4, 3), (6, 7)), (1, 10))",34,11,45.0,34,,,pruned,,,3008
"(((2, 10), (4, 3), (6, 7)), (1, 10))","(((2, 10), (3, 3), (6, 7)), (1, 10))",33,10.0,43.0,33,6,1,expanded,False,True,3009
"(((1, 10), (3, 2), (6, 7)), (1, 11))","(((2, 10), (3, 2), (6, 7)), (1, 10))",34,11,45.0,34,,,pruned,,,3010
"(((2, 2), (2, 10), (6, 7)), (1, 10))","(((2, 10), (3, 2), (6, 7)), (1, 10))",34,11,45.0,34,,,pruned,,,3011
"(((2, 10), (3, 2), (6, 7)), (1, 10))","(((2, 10), (3, 3), (6, 7)), (1, 10))",33,10.0,43.0,33,6,2,expanded,False,True,3012
"(((4, 4), (4, 6), (6, 6)), (1, 10))","(((4, 4), (4, 6), (6, 7)), (1, 10))",33,10.0,43.0,33,2,0,expanded,False,True,3013
"(((3, 4), (3, 7), (6, 2)), (1, 10))","(((3, 4), (3, 7), (6, 3)), (1, 10))",34,11,45.0,34,,,pruned,,,3014
"(((3, 5), (3, 7), (6, 3)), (1, 10))","(((3, 4), (3, 7), (6, 3)), (1, 10))",34,9,43.0,34,,,pruned,,,3015
"(((3, 4), (3, 7), (6, 3)), (1, 10))","(((3, 4), (3, 7), (6, 4)), (1, 10))",33,10.0,43.0,33,4,2,expanded,False,True,3016
"(((4, 3), (4, 10), (6, 9)), (1, 10))","(((3, 3), (4, 10), (6, 9)), (1, 10))",33,10.0,43.0,33,6,0,expanded,False,True,3017
"(((2, 2), (4, 10), (6, 9)), (1, 10))","(((3, 2), (4, 10), (6, 9)), (1, 10))",34,11,45.0,34,,,pruned,,,3018
"(((3, 2), (4, 10), (6, 9)), (1, 10))","(((3, 3), (4, 10), (6, 9)), (1, 10))",33,10.0,43.0,33,6,1,expanded,False,True,3019
"(((2, 3), (4, 10), (6, 10)), (1, 10))","(((3, 3), (4, 10), (6, 10)), (1, 10))",34,11,45.0,34,,,pruned,,,3020
"(((3, 3), (4, 10), (7, 10)), (1, 10))","(((3, 3), (4, 10), (6, 10)), (1, 10))",34,11,45.0,34,,,pruned,,,3021
"(((3, 3), (4, 10), (6, 11)), (1, 10))","(((3, 3), (4, 10), (6, 10)), (1, 10))",34,11,45.0,34,,,pruned,,,3022
"(((3, 3), (4, 10), (6, 10)), (1, 10))","(((3, 3), (4, 10), (6, 9)), (1, 10))",33,10.0,43.0,33,10,3,expanded,False,True,3023
"(((3, 4), (6, 9), (7, 10)), (1, 10))","(((3, 4), (6, 9), (6, 10)), (1, 10))",34,11,45.0,34,,,pruned,,,3024
"(((3, 5), (6, 9), (6, 10)), (1, 10))","(((3, 4), (6, 9), (6, 10)), (1, 10))",34,9,43.0,34,,,pruned,,,3025
"(((3, 4), (6, 9), (6, 10)), (1, 10))","(((3, 4), (5, 10), (6, 9)), (1, 10))",33,10.0,43.0,33,4,2,expanded,False,True,3026
"(((3, 4), (5, 10), (6, 11)), (1, 10))","(((3, 4), (5, 10), (6, 10)), (1, 10))",34,11,45.0,34,,,pruned,,,3027
"(((3, 5), (5, 10), (6, 10)), (1, 10))","(((3, 4), (5, 10), (6, 10)), (1, 10))",34,9,43.0,34,,,pruned,,,3028
"(((3, 4), (5, 10), (6, 10)), (1, 10))","(((3, 4), (5, 10), (6, 9)), (1, 10))",33,10.0,43.0,33,4,2,expanded,False,True,3029
"(((3, 7), (4, 3), (6, 5)), (2, 2))","(((3, 3), (3, 7), (6, 5)), (2, 2))",33,10.0,43.0,33,3,0,expanded,False,True,3030
"(((2, 2), (3, 7), (6, 5)), (2, 3))","(((3, 2), (3, 7), (6, 5)), (2, 2))",34,11,45.0,34,,,pruned,,,3031
"(((3, 2), (3, 7), (6, 5)), (2, 2))","(((3, 3), (3, 7), (6, 5)), (2, 2))",33,10.0,43.0,33,3,1,expanded,False,True,3032
"(((3, 9), (5, 4), (6, 5)), (2, 2))","(((3, 9), (4, 4), (6, 5)), (2, 2))",33,10.0,43.0,33,4,0,expanded,False,True,3033
"(((3, 11), (5, 4), (6, 6)), (1, 10))","(((3, 10), (5, 4), (6, 6)), (2, 2))",34,11,45.0,34,,,pruned,,,3034
"(((3, 10), (5, 4), (6, 6)), (2, 2))","(((3, 10), (4, 4), (6, 6)), (2, 2))",33,10.0,43.0,33,4,1,expanded,False,True,3035
"(((4, 10), (5, 4), (6, 7)), (1, 10))","(((4, 4), (4, 10), (6, 7)), (1, 10))",33,10.0,43.0,33,6,0,expanded,False,True,3036
"(((1, 10), (4, 4), (6, 6)), (1, 11))","(((2, 10), (4, 4), (6, 6)), (1, 10))",34,11,45.0,34,,,pruned,,,3037
"(((2, 10), (4, 4), (6, 6)), (1, 10))","(((3, 10), (4, 4), (6, 6)), (1, 10))",33,10.0,43.0,33,8,1,expanded,False,True,3038
"(((4, 6), (5, 4), (6, 7)), (1, 10))","(((4, 6), (5, 4), (6, 8)), (1, 10))",33,10.0,43.0,33,2,0,expanded,False,True,3039
"(((4, 4), (5, 10), (6, 9)), (1, 10))","(((4, 4), (5, 10), (6, 8)), (1, 10))",33,10.0,43.0,33,8,0,expanded,False,True,3040
"(((3, 7), (4, 3), (6, 5)), (1, 10))","(((3, 8), (4, 3), (6, 5)), (1, 10))",33,10.0,43.0,33,1,0,expanded,False,True,3041
"(((3, 2), (3, 7), (6, 5)), (1, 10))","(((3, 2), (3, 8), (6, 5)), (1, 10))",33,10.0,43.0,33,1,0,expanded,False,True,3042
"(((3, 7), (4, 4), (6, 4)), (1, 10))","(((3, 8), (4, 4), (6, 4)), (1, 10))",33,10.0,43.0,33,1,0,expanded,False,True,3043
"(((3, 7), (4, 4), (6, 4)), (2, 2))","(((3, 7), (4, 3), (6, 4)), (2, 2))",33,10.0,43.0,33,4,0,expanded,False,True,3044
"(((2, 10), (4, 5), (6, 5)), (2, 2))","(((2, 10), (4, 5), (6, 4)), (2, 2))",33,10.0,43.0,33,2,0,expanded,False,True,3045
"(((3, 10), (4, 2), (6, 7)), (1, 10))","(((4, 2), (4, 10), (6, 7)), (1, 10))",33,10.0,43.0,33,4,0,expanded,False,True,3046
"(((3, 10), (5, 4), (6, 6)), (1, 10))","(((4, 10), (5, 4), (6, 6)), (1, 10))",33,10.0,43.0,33,4,0,expanded,False,True,3047
"(((3, 9), (4, 5), (6, 2)), (1, 10))","(((3, 9), (4, 5), (6, 3)), (1, 10))",34,11,45.0,34,,,pruned,,,3048
"(((3, 9), (4, 5), (6, 3)), (1, 10))","(((3, 9), (4, 4), (6, 3)), (2, 2))",33,10.0,43.0,33,4,1,expanded,False,True,3049
"(((3, 9), (4, 2), (6, 6)), (1, 10))","(((3, 10), (4, 2), (6, 6)), (1, 10))",33,10.0,43.0,33,2,0,expanded,False,True,3050
"(((6, 6), (6, 7), (6, 9)), (1, 10))","(((6, 5), (6, 7), (6, 9)), (1, 10))",33,10.0,43.0,33,1,0,expanded,False,True,3051
"(((3, 9), (5, 4), (6, 5)), (1, 10))","(((3, 10), (5, 4), (6, 5)), (1, 10))",33,10.0,43.0,33,2,0,expanded,False,True,3052
"(((3, 10), (4, 7), (6, 3)), (1, 10))","(((3, 10), (4, 6), (6, 3)), (1, 10))",34,9,43.0,34,,,pruned,,,3053
"(((3, 10), (4, 6), (6, 2)), (1, 10))","(((3, 10), (4, 6), (6, 3)), (1, 10))",34,11,45.0,34,,,pruned,,,3054
"(((3, 10), (4, 6), (6, 3)), (1, 10))","(((3, 10), (4, 5), (6, 3)), (1, 10))",33,10.0,43.0,33,6,2,expanded,False,True,3055
"(((3, 7), (4, 5), (6, 4)), (2, 2))","(((3, 7), (4, 5), (5, 4)), (1, 10))",34,9.0,43.0,34,2,0,expanded,False,True,3056
"(((3, 9), (4, 1), (6, 7)), (2, 2))","(((3, 9), (4, 2), (6, 7)), (2, 2))",35,10,45.0,35,,,pruned,,,3057
"(((3, 9), (4, 2), (6, 7)), (2, 2))","(((3, 9), (4, 3), (6, 7)), (2, 2))",34,9.0,43.0,34,6,1,expanded,False,True,3058
"(((4, 5), (4, 6), (6, 6)), (1, 10))","(((4, 5), (4, 6), (6, 7)), (1, 10))",34,9.0,43.0,34,1,0,expanded,False,True,3059
"(((3, 11), (4, 3), (6, 9)), (1, 10))","(((3, 10), (4, 3), (6, 9)), (2, 2))",35,10,45.0,35,,,pruned,,,3060
"(((3, 10), (4, 3), (6, 9)), (2, 2))","(((3, 3), (3, 10), (6, 9)), (2, 2))",34,9.0,43.0,34,4,1,expanded,False,True,3061
"(((2, 2), (3, 10), (6, 9)), (2, 3))","(((3, 2), (3, 10), (6, 9)), (2, 2))",35,10,45.0,35,,,pruned,,,3062
"(((3, 2), (3, 11), (6, 9)), (1, 10))","(((3, 2), (3, 10), (6, 9)), (2, 2))",35,10,45.0,35,,,pruned,,,3063
"(((3, 2), (3, 10), (6, 9)), (2, 2))","(((3, 3), (3, 10), (6, 9)), (2, 2))",34,9.0,43.0,34,4,2,expanded,False,True,3064
"(((2, 3), (3, 10), (6, 10)), (2, 2))","(((3, 3), (3, 10), (6, 10)), (2, 2))",35,10,45.0,35,,,pruned,,,3065
"(((3, 3), (3, 10), (6, 11)), (1, 10))","(((3, 3), (3, 10), (6, 10)), (2, 2))",35,10,45.0,35,,,pruned,,,3066
"(((3, 3), (3, 11), (6, 10)), (1, 10))","(((3, 3), (3, 10), (6, 10)), (2, 2))",35,10,45.0,35,,,pruned,,,3067
"(((3, 3), (3, 10), (6, 10)), (2, 2))","(((3, 3), (3, 10), (6, 9)), (2, 2))",34,9.0,43.0,34,6,3,expanded,False,True,3068
"(((3, 4), (4, 10), (7, 10)), (1, 10))","(((3, 4), (4, 10), (6, 10)), (1, 10))",35,10,45.0,35,,,pruned,,,3069
"(((3, 4), (4, 10), (6, 11)), (1, 10))","(((3, 4), (4, 10), (6, 10)), (1, 10))",35,10,45.0,35,,,pruned,,,3070
"(((3, 5), (4, 10), (6, 10)), (1, 10))","(((3, 4), (4, 10), (6, 10)), (1, 10))",35,8,43.0,35,,,pruned,,,3071
"(((3, 4), (4, 10), (6, 10)), (1, 10))","(((3, 4), (4, 10), (6, 9)), (1, 10))",34,9.0,43.0,34,8,3,expanded,False,True,3072
"(((3, 9), (5, 4), (6, 6)), (2, 2))","(((3, 9), (4, 4), (6, 6)), (2, 2))",34,9.0,43.0,34,4,0,expanded,False,True,3073
"(((3, 11), (5, 4), (6, 7)), (1, 10))","(((3, 10), (5, 4), (6, 7)), (2, 2))",35,10,45.0,35,,,pruned,,,3074
"(((3, 10), (5, 4), (6, 7)), (2, 2))","(((3, 10), (4, 4), (6, 7)), (2, 2))",34,9.0,43.0,34,4,1,expanded,False,True,3075
"(((1, 10), (3, 3), (6, 9)), (1, 11))","(((2, 10), (3, 3), (6, 9)), (1, 10))",35,10,45.0,35,,,pruned,,,3076
"(((2, 3), (2, 10), (6, 9)), (1, 10))","(((2, 10), (3, 3), (6, 9)), (1, 10))",35,10,45.0,35,,,pruned,,,3077
"(((2, 10), (3, 3), (6, 9)), (1, 10))","(((3, 3), (3, 10), (6, 9)), (1, 10))",34,9.0,43.0,34,8,2,expanded,False,True,3078
"(((3, 7), (4, 3), (6, 6)), (2, 2))","(((3, 3), (3, 7), (6, 6)), (2, 2))",34,9.0,43.0,34,3,0,expanded,False,True,3079
"(((2, 2), (3, 7), (6, 6)), (2, 3))","(((3, 2), (3, 7), (6, 6)), (2, 2))",35,10,45.0,35,,,pruned,,,3080
"(((3, 2), (3, 7), (6, 6)), (2, 2))","(((3, 3), (3, 7), (6, 6)), (2, 2))",34,9.0,43.0,34,3,1,expanded,False,True,3081
"(((1, 10), (4, 4), (6, 7)), (1, 11))","(((2, 10), (4, 4), (6, 7)), (1, 10))",35,10,45.0,35,,,pruned,,,3082
"(((2, 10), (4, 4), (6, 7)), (1, 10))","(((3, 10), (4, 4), (6, 7)), (1, 10))",34,9.0,43.0,34,8,1,expanded,False,True,3083
"(((4, 4), (4, 10), (6, 9)), (1, 10))","(((4, 4), (4, 10), (6, 8)), (1, 10))",34,9.0,43.0,34,8,0,expanded,False,True,3084
"(((3, 7), (4, 3), (6, 6)), (1, 10))","(((3, 8), (4, 3), (6, 6)), (1, 10))",34,9.0,43.0,34,1,0,expanded,False,True,3085
"(((3, 2), (3, 7), (6, 6)), (1, 10))","(((3, 2), (3, 8), (6, 6)), (1, 10))",34,9.0,43.0,34,1,0,expanded,False,True,3086
"(((4, 5), (5, 10), (6, 9)), (2, 2))","(((4, 5), (5, 10), (6, 8)), (2, 2))",34,9.0,43.0,34,2,0,expanded,False,True,3087
"(((3, 7), (4, 4), (6, 5)), (1, 10))","(((3, 8), (4, 4), (6, 5)), (1, 10))",34,9.0,43.0,34,1,0,expanded,False,True,3088
"(((2, 10), (4, 7), (6, 5)), (2, 2))","(((2, 10), (4, 6), (6, 5)), (2, 2))",35,8,43.0,35,,,pruned,,,3089
"(((2, 10), (4, 6), (6, 5)), (2, 2))","(((2, 10), (4, 6), (6, 4)), (2, 2))",34,9.0,43.0,34,2,1,expanded,False,True,3090
"(((3, 10), (4, 3), (6, 9)), (1, 10))","(((4, 3), (4, 10), (6, 9)), (1, 10))",34,9.0,43.0,34,4,0,expanded,False,True,3091
"(((3, 2), (3, 10), (6, 9)), (1, 10))","(((3, 2), (4, 10), (6, 9)), (1, 10))",34,9.0,43.0,34,4,0,expanded,False,True,3092
"(((3, 3), (3, 10), (7, 10)), (1, 10))","(((3, 3), (3, 10), (6, 10)), (1, 10))",35,10,45.0,35,,,pruned,,,3093
"(((3, 3), (3, 10), (6, 10)), (1, 10))","(((3, 3), (4, 10), (6, 10)), (1, 10))",34,9.0,43.0,34,6,1,expanded,False,True,3094
"(((2, 3), (4, 10), (5, 10)), (1, 10))","(((3, 3), (4, 10), (5, 10)), (1, 10))",35,10,45.0,35,,,pruned,,,3095
"(((3, 3), (4, 10), (5, 10)), (1, 10))","(((3, 3), (4, 10), (6, 10)), (1, 10))",34,9.0,43.0,34,4,1,expanded,False,True,3096
"(((3, 7), (4, 4), (6, 5)), (2, 2))","(((3, 7), (4, 3), (6, 5)), (2, 2))",34,9.0,43.0,34,5,0,expanded,False,True,3097
"(((3, 10), (5, 4), (6, 7)), (1, 10))","(((4, 10), (5, 4), (6, 7)), (1, 10))",34,9.0,43.0,34,4,0,expanded,False,True,3098
"(((2, 10), (4, 5), (6, 6)), (2, 2))","(((2, 10), (4, 4), (6, 6)), (1, 10))",34,9.0,43.0,34,2,0,expanded,False,True,3099
"(((3, 9), (4, 2), (6, 7)), (1, 10))","(((3, 10), (4, 2), (6, 7)), (1, 10))",34,9.0,43.0,34,2,0,expanded,False,True,3100
"(((3, 9), (5, 4), (6, 6)), (1, 10))","(((3, 10), (5, 4), (6, 6)), (1, 10))",34,9.0,43.0,34,2,0,expanded,False,True,3101
"(((3, 9), (4, 7), (6, 3)), (1, 10))","(((3, 9), (4, 6), (6, 3)), (1, 10))",35,8,43.0,35,,,pruned,,,3102
"(((3, 9), (4, 6), (6, 2)), (1, 10))","(((3, 9), (4, 6), (6, 3)), (1, 10))",35,10,45.0,35,,,pruned,,,3103
"(((3, 9), (4, 6), (6, 3)), (1, 10))","(((3, 9), (4, 5), (6, 3)), (1, 10))",34,9.0,43.0,34,4,2,expanded,False,True,3104
"(((3, 7), (4, 7), (6, 4)), (2, 2))","(((3, 7), (4, 6), (6, 4)), (2, 2))",36,7,43.0,36,,,pruned,,,3105
"(((3, 7), (4, 6), (6, 4)), (2, 2))","(((3, 7), (4, 6), (5, 4)), (1, 10))",35,8.0,43.0,35,2,1,expanded,False,True,3106
"(((3, 4), (3, 10), (6, 11)), (1, 10))","(((3, 4), (3, 10), (6, 10)), (2, 2))",36,9,45.0,36,,,pruned,,,3107
"(((3, 4), (3, 11), (6, 10)), (1, 10))","(((3, 4), (3, 10), (6, 10)), (2, 2))",36,9,45.0,36,,,pruned,,,3108
"(((3, 5), (3, 10), (6, 10)), (2, 2))","(((3, 4), (3, 10), (6, 10)), (2, 2))",36,7,43.0,36,,,pruned,,,3109
"(((3, 4), (3, 10), (6, 10)), (2, 2))","(((3, 4), (3, 10), (6, 9)), (2, 2))",35,8.0,43.0,35,4,3,expanded,False,True,3110
"(((3, 9), (4, 3), (6, 9)), (2, 2))","(((3, 3), (3, 9), (6, 9)), (2, 2))",35,8.0,43.0,35,4,0,expanded,False,True,3111
"(((2, 2), (3, 9), (6, 9)), (2, 3))","(((3, 2), (3, 9), (6, 9)), (2, 2))",36,9,45.0,36,,,pruned,,,3112
"(((3, 2), (3, 9), (6, 9)), (2, 2))","(((3, 3), (3, 9), (6, 9)), (2, 2))",35,8.0,43.0,35,4,1,expanded,False,True,3113
"(((2, 3), (3, 9), (6, 10)), (2, 2))","(((3, 3), (3, 9), (6, 10)), (2, 2))",36,9,45.0,36,,,pruned,,,3114
"(((3, 3), (3, 9), (6, 11)), (1, 10))","(((3, 3), (3, 9), (6, 10)), (2, 2))",36,9,45.0,36,,,pruned,,,3115
"(((3, 3), (3, 9), (6, 10)), (2, 2))","(((3, 3), (3, 9), (6, 9)), (2, 2))",35,8.0,43.0,35,6,2,expanded,False,True,3116
"(((3, 8), (4, 3), (6, 8)), (2, 2))","(((3, 3), (3, 8), (6, 8)), (2, 2))",35,8.0,43.0,35,4,0,expanded,False,True,3117
"(((2, 2), (3, 8), (6, 8)), (2, 3))","(((3, 2), (3, 8), (6, 8)), (2, 2))",36,9,45.0,36,,,pruned,,,3118
"(((3, 2), (3, 8), (6, 8)), (2, 2))","(((3, 3), (3, 8), (6, 8)), (2, 2))",35,8.0,43.0,35,4,1,expanded,False,True,3119
"(((3, 9), (5, 4), (6, 7)), (2, 2))","(((3, 9), (4, 4), (6, 7)), (2, 2))",35,8.0,43.0,35,4,0,expanded,False,True,3120
"(((1, 10), (3, 4), (6, 9)), (1, 11))","(((2, 10), (3, 4), (6, 9)), (1, 10))",36,9,45.0,36,,,pruned,,,3121
"(((2, 10), (3, 5), (6, 9)), (1, 10))","(((2, 10), (3, 4), (6, 9)), (1, 10))",36,7,43.0,36,,,pruned,,,3122
"(((2, 10), (3, 4), (6, 9)), (1, 10))","(((3, 4), (3, 10), (6, 9)), (1, 10))",35,8.0,43.0,35,6,2,expanded,False,True,3123
"(((3, 7), (4, 3), (6, 7)), (2, 2))","(((3, 3), (3, 7), (6, 7)), (2, 2))",35,8.0,43.0,35,3,0,expanded,False,True,3124
"(((2, 2), (3, 7), (6, 7)), (2, 3))","(((3, 2), (3, 7), (6, 7)), (2, 2))",36,9,45.0,36,,,pruned,,,3125
"(((3, 2), (3, 7), (6, 7)), (2, 2))","(((3, 3), (3, 7), (6, 7)), (2, 2))",35,8.0,43.0,35,3,1,expanded,False,True,3126
"(((3, 11), (4, 4), (6, 9)), (1, 10))","(((3, 10), (4, 4), (6, 9)), (2, 2))",36,9,45.0,36,,,pruned,,,3127
"(((3, 10), (4, 4), (6, 9)), (2, 2))","(((3, 10), (4, 4), (6, 8)), (2, 2))",35,8.0,43.0,35,6,1,expanded,False,True,3128
"(((3, 7), (4, 3), (6, 7)), (1, 10))","(((3, 8), (4, 3), (6, 7)), (1, 10))",35,8.0,43.0,35,1,0,expanded,False,True,3129
"(((4, 5), (4, 10), (6, 9)), (2, 2))","(((4, 5), (4, 10), (6, 8)), (2, 2))",35,8.0,43.0,35,2,0,expanded,False,True,3130
"(((3, 2), (3, 7), (6, 7)), (1, 10))","(((3, 2), (3, 8), (6, 7)), (1, 10))",35,8.0,43.0,35,1,0,expanded,False,True,3131
"(((4, 7), (5, 10), (6, 9)), (2, 2))","(((4, 6), (5, 10), (6, 9)), (2, 2))",36,7,43.0,36,,,pruned,,,3132
"(((4, 6), (5, 10), (6, 9)), (2, 2))","(((4, 6), (5, 10), (6, 8)), (2, 2))",35,8.0,43.0,35,2,1,expanded,False,True,3133
"(((3, 7), (4, 4), (6, 6)), (1, 10))","(((3, 8), (4, 4), (6, 6)), (1, 10))",35,8.0,43.0,35,1,0,expanded,False,True,3134
"(((3, 8), (4, 3), (6, 8)), (1, 10))","(((3, 9), (4, 3), (6, 8)), (1, 10))",35,8.0,43.0,35,2,0,expanded,False,True,3135
"(((3, 2), (3, 8), (6, 8)), (1, 10))","(((3, 2), (3, 9), (6, 8)), (1, 10))",35,8.0,43.0,35,2,0,expanded,False,True,3136
"(((3, 7), (4, 5), (6, 5)), (2, 2))","(((3, 7), (4, 5), (6, 4)), (2, 2))",35,8.0,43.0,35,2,0,expanded,False,True,3137
"(((3, 4), (3, 10), (7, 10)), (1, 10))","(((3, 4), (3, 10), (6, 10)), (1, 10))",36,9,45.0,36,,,pruned,,,3138
"(((3, 4), (3, 10), (6, 10)), (1, 10))","(((3, 4), (4, 10), (6, 10)), (1, 10))",35,8.0,43.0,35,6,1,expanded,False,True,3139
"(((3, 5), (4, 10), (5, 10)), (1, 10))","(((3, 4), (4, 10), (5, 10)), (1, 10))",36,7,43.0,36,,,pruned,,,3140
"(((3, 4), (4, 10), (5, 10)), (1, 10))","(((3, 4), (4, 10), (6, 10)), (1, 10))",35,8.0,43.0,35,2,1,expanded,False,True,3141
"(((3, 7), (4, 4), (6, 6)), (2, 2))","(((3, 7), (4, 3), (6, 6)), (2, 2))",35,8.0,43.0,35,5,0,expanded,False,True,3142
"(((2, 10), (4, 5), (6, 7)), (2, 2))","(((2, 10), (4, 4), (6, 7)), (1, 10))",35,8.0,43.0,35,2,0,expanded,False,True,3143
"(((3, 10), (4, 4), (6, 9)), (1, 10))","(((4, 4), (4, 10), (6, 9)), (1, 10))",35,8.0,43.0,35,4,0,expanded,False,True,3144
"(((2, 10), (4, 7), (6, 6)), (2, 2))","(((2, 10), (4, 6), (6, 6)), (2, 2))",36,7,43.0,36,,,pruned,,,3145
"(((2, 10), (4, 6), (6, 6)), (2, 2))","(((2, 10), (4, 6), (6, 5)), (2, 2))",35,8.0,43.0,35,2,1,expanded,False,True,3146
"(((3, 9), (4, 3), (6, 9)), (1, 10))","(((3, 10), (4, 3), (6, 9)), (1, 10))",35,8.0,43.0,35,2,0,expanded,False,True,3147
"(((3, 2), (3, 9), (6, 9)), (1, 10))","(((3, 2), (3, 10), (6, 9)), (1, 10))",35,8.0,43.0,35,2,0,expanded,False,True,3148
"(((2, 3), (3, 10), (5, 10)), (1, 10))","(((3, 3), (3, 10), (5, 10)), (1, 10))",36,9,45.0,36,,,pruned,,,3149
"(((3, 3), (3, 11), (5, 10)), (1, 10))","(((3, 3), (3, 10), (5, 10)), (1, 10))",36,9,45.0,36,,,pruned,,,3150
"(((3, 3), (3, 10), (5, 10)), (1, 10))","(((3, 3), (3, 10), (6, 10)), (1, 10))",35,8.0,43.0,35,10,2,expanded,False,True,3151
"(((3, 3), (3, 9), (7, 10)), (1, 10))","(((3, 3), (3, 9), (6, 10)), (1, 10))",36,9,45.0,36,,,pruned,,,3152
"(((3, 3), (3, 9), (6, 10)), (1, 10))","(((3, 3), (3, 10), (6, 10)), (1, 10))",35,8.0,43.0,35,4,1,expanded,False,True,3153
"(((3, 9), (5, 4), (6, 7)), (1, 10))","(((3, 10), (5, 4), (6, 7)), (1, 10))",35,8.0,43.0,35,2,0,expanded,False,True,3154
"(((3, 4), (3, 9), (6, 11)), (1, 10))","(((3, 4), (3, 9), (6, 10)), (2, 2))",37,8,45.0,37,,,pruned,,,3155
"(((3, 5), (3, 9), (6, 10)), (2, 2))","(((3, 4), (3, 9), (6, 10)), (2, 2))",37,6,43.0,37,,,pruned,,,3156
"(((3, 4), (3, 9), (6, 10)), (2, 2))","(((3, 4), (3, 9), (6, 9)), (2, 2))",36,7.0,43.0,36,4,2,expanded,False,True,3157
"(((3, 9), (4, 4), (6, 9)), (2, 2))","(((3, 9), (4, 4), (6, 8)), (2, 2))",36,7.0,43.0,36,6,0,expanded,False,True,3158
"(((3, 10), (4, 5), (6, 9)), (2, 2))","(((3, 10), (4, 5), (6, 8)), (2, 2))",36,7.0,43.0,36,2,0,expanded,False,True,3159
"(((3, 3), (3, 7), (6, 9)), (1, 10))","(((3, 3), (3, 8), (6, 9)), (1, 10))",36,7.0,43.0,36,1,0,expanded,False,True,3160
"(((4, 7), (4, 10), (6, 9)), (2, 2))","(((4, 6), (4, 10), (6, 9)), (2, 2))",37,6,43.0,37,,,pruned,,,3161
"(((4, 6), (4, 10), (6, 9)), (2, 2))","(((4, 6), (4, 10), (6, 8)), (2, 2))",36,7.0,43.0,36,2,1,expanded,False,True,3162
"(((2, 3), (3, 7), (6, 9)), (2, 2))","(((3, 3), (3, 7), (6, 9)), (2, 2))",37,8,45.0,37,,,pruned,,,3163
"(((3, 3), (3, 7), (6, 9)), (2, 2))","(((3, 3), (3, 7), (6, 8)), (2, 2))",36,7.0,43.0,36,5,1,expanded,False,True,3164
"(((3, 7), (4, 4), (6, 7)), (1, 10))","(((3, 8), (4, 4), (6, 7)), (1, 10))",36,7.0,43.0,36,1,0,expanded,False,True,3165
"(((3, 8), (4, 4), (6, 8)), (2, 2))","(((3, 8), (4, 4), (6, 7)), (2, 2))",36,7.0,43.0,36,6,0,expanded,False,True,3166
"(((3, 8), (4, 4), (6, 8)), (1, 10))","(((3, 9), (4, 4), (6, 8)), (1, 10))",36,7.0,43.0,36,2,0,expanded,False,True,3167
"(((3, 7), (4, 7), (6, 5)), (2, 2))","(((3, 7), (4, 6), (6, 5)), (2, 2))",37,6,43.0,37,,,pruned,,,3168
"(((3, 7), (4, 6), (6, 5)), (2, 2))","(((3, 7), (4, 6), (6, 4)), (2, 2))",36,7.0,43.0,36,2,1,expanded,False,True,3169
"(((3, 7), (4, 4), (6, 7)), (2, 2))","(((3, 7), (4, 3), (6, 7)), (2, 2))",36,7.0,43.0,36,5,0,expanded,False,True,3170
"(((3, 7), (4, 5), (6, 6)), (2, 2))","(((3, 7), (4, 5), (6, 5)), (2, 2))",36,7.0,43.0,36,2,0,expanded,False,True,3171
"(((3, 4), (3, 9), (7, 10)), (1, 10))","(((3, 4), (3, 9), (6, 10)), (1, 10))",37,8,45.0,37,,,pruned,,,3172
"(((3, 4), (3, 9), (6, 10)), (1, 10))","(((3, 4), (3, 10), (6, 10)), (1, 10))",36,7.0,43.0,36,4,1,expanded,False,True,3173
"(((3, 4), (3, 11), (5, 10)), (1, 10))","(((3, 4), (3, 10), (5, 10)), (1, 10))",37,8,45.0,37,,,pruned,,,3174
"(((3, 5), (3, 10), (5, 10)), (1, 10))","(((3, 4), (3, 10), (5, 10)), (1, 10))",37,6,43.0,37,,,pruned,,,3175
"(((3, 4), (3, 10), (5, 10)), (1, 10))","(((3, 4), (3, 10), (6, 10)), (1, 10))",36,7.0,43.0,36,8,2,expanded,False,True,3176
"(((2, 10), (4, 7), (6, 7)), (2, 2))","(((2, 10), (4, 6), (6, 7)), (2, 2))",37,6,43.0,37,,,pruned,,,3177
"(((2, 10), (4, 6), (6, 7)), (2, 2))","(((2, 10), (4, 5), (6, 7)), (2, 2))",36,7.0,43.0,36,2,1,expanded,False,True,3178
"(((3, 9), (4, 4), (6, 9)), (1, 10))","(((3, 10), (4, 4), (6, 9)), (1, 10))",36,7.0,43.0,36,2,0,expanded,False,True,3179
"(((2, 3), (3, 10), (4, 10)), (1, 10))","(((3, 3), (3, 10), (4, 10)), (1, 10))",37,8,45.0,37,,,pruned,,,3180
"(((3, 3), (3, 11), (4, 10)), (1, 10))","(((3, 3), (3, 10), (4, 10)), (1, 10))",37,8,45.0,37,,,pruned,,,3181
"(((3, 3), (3, 10), (4, 10)), (1, 10))","(((3, 3), (3, 10), (5, 10)), (1, 10))",36,7.0,43.0,36,6,2,expanded,False,True,3182
"(((2, 3), (3, 9), (5, 10)), (1, 10))","(((3, 3), (3, 9), (5, 10)), (1, 10))",37,8,45.0,37,,,pruned,,,3183
"(((3, 3), (3, 9), (5, 10)), (1, 10))","(((3, 3), (3, 10), (5, 10)), (1, 10))",36,7.0,43.0,36,8,1,expanded,False,True,3184
"(((3, 9), (4, 5), (6, 9)), (2, 2))","(((3, 9), (4, 5), (6, 8)), (2, 2))",37,6.0,43.0,37,2,0,expanded,False,True,3185
"(((3, 4), (3, 7), (6, 9)), (1, 10))","(((3, 4), (3, 8), (6, 9)), (1, 10))",37,6.0,43.0,37,1,0,expanded,False,True,3186
"(((3, 10), (4, 7), (6, 9)), (2, 2))","(((3, 10), (4, 6), (6, 9)), (2, 2))",38,5,43.0,38,,,pruned,,,3187
"(((3, 10), (4, 6), (6, 9)), (2, 2))","(((3, 10), (4, 6), (6, 8)), (2, 2))",37,6.0,43.0,37,2,1,expanded,False,True,3188
"(((3, 5), (3, 7), (6, 9)), (2, 2))","(((3, 4), (3, 7), (6, 9)), (2, 2))",38,5,43.0,38,,,pruned,,,3189
"(((3, 4), (3, 7), (6, 9)), (2, 2))","(((3, 4), (3, 7), (6, 8)), (2, 2))",37,6.0,43.0,37,3,1,expanded,False,True,3190
"(((3, 8), (4, 5), (6, 8)), (2, 2))","(((3, 8), (4, 5), (6, 7)), (2, 2))",37,6.0,43.0,37,2,0,expanded,False,True,3191
"(((3, 7), (4, 7), (6, 6)), (2, 2))","(((3, 7), (4, 6), (6, 6)), (2, 2))",38,5,43.0,38,,,pruned,,,3192
"(((3, 7), (4, 6), (6, 6)), (2, 2))","(((3, 7), (4, 6), (6, 5)), (2, 2))",37,6.0,43.0,37,2,1,expanded,False,True,3193
"(((3, 7), (4, 5), (6, 7)), (2, 2))","(((3, 7), (4, 4), (6, 7)), (2, 2))",37,6.0,43.0,37,2,0,expanded,False,True,3194
"(((3, 5), (3, 9), (5, 10)), (1, 10))","(((3, 4), (3, 9), (5, 10)), (1, 10))",38,5,43.0,38,,,pruned,,,3195
"(((3, 4), (3, 9), (5, 10)), (1, 10))","(((3, 4), (3, 9), (6, 10)), (1, 10))",37,6.0,43.0,37,6,1,expanded,False,True,3196
"(((3, 4), (3, 11), (4, 10)), (1, 10))","(((3, 4), (3, 10), (4, 10)), (1, 10))",38,7,45.0,38,,,pruned,,,3197
"(((3, 5), (3, 10), (4, 10)), (1, 10))","(((3, 4), (3, 10), (4, 10)), (1, 10))",38,5,43.0,38,,,pruned,,,3198
"(((3, 4), (3, 10), (4, 10)), (1, 10))","(((3, 4), (3, 10), (5, 10)), (1, 10))",37,6.0,43.0,37,4,2,expanded,False,True,3199
"(((2, 3), (3, 9), (4, 10)), (1, 10))","(((3, 3), (3, 9), (4, 10)), (1, 10))",38,7,45.0,38,,,pruned,,,3200
"(((3, 3), (3, 9), (4, 10)), (1, 10))","(((3, 3), (3, 10), (4, 10)), (1, 10))",37,6.0,43.0,37,8,1,expanded,False,True,3201
"(((3, 9), (4, 7), (6, 9)), (2, 2))","(((3, 9), (4, 6), (6, 9)), (2, 2))",39,4,43.0,39,,,pruned,,,3202
"(((3, 9), (4, 6), (6, 9)), (2, 2))","(((3, 9), (4, 6), (6, 8)), (2, 2))",38,5.0,43.0,38,2,1,expanded,False,True,3203
"(((3, 8), (4, 7), (6, 8)), (2, 2))","(((3, 8), (4, 6), (6, 8)), (2, 2))",39,4,43.0,39,,,pruned,,,3204
"(((3, 8), (4, 6), (6, 8)), (2, 2))","(((3, 8), (4, 6), (6, 7)), (2, 2))",38,5.0,43.0,38,2,1,expanded,False,True,3205
"(((3, 7), (4, 7), (6, 7)), (2, 2))","(((3, 7), (4, 6), (6, 7)), (2, 2))",39,4,43.0,39,,,pruned,,,3206
"(((3, 7), (4, 6), (6, 7)), (2, 2))","(((3, 7), (4, 6), (6, 6)), (2, 2))",38,5.0,43.0,38,2,1,expanded,False,True,3207
"(((3, 5), (3, 9), (4, 10)), (1, 10))","(((3, 4), (3, 9), (4, 10)), (1, 10))",39,4,43.0,39,,,pruned,,,3208
"(((3, 4), (3, 9), (4, 10)), (1, 10))","(((3, 4), (3, 9), (5, 10)), (1, 10))",38,5.0,43.0,38,6,1,expanded,False,True,3209
"(((2, 3), (3, 9), (3, 10)), (1, 10))","(((3, 3), (3, 9), (3, 10)), (1, 10))",39,6,45.0,39,,,pruned,,,3210
"(((3, 3), (3, 9), (3, 10)), (1, 10))","(((3, 3), (3, 9), (4, 10)), (1, 10))",38,5.0,43.0,38,6,1,expanded,False,True,3211
"(((3, 5), (3, 9), (3, 10)), (1, 10))","(((3, 4), (3, 9), (3, 10)), (1, 10))",40,3,43.0,40,,,pruned,,,3212
"(((3, 4), (3, 9), (3, 10)), (1, 10))","(((3, 4), (3, 9), (4, 10)), (1, 10))",39,4.0,43.0,39,4,1,expanded,False,True,3213
"(((2, 3), (6, 3), (6, 8)), (1, 10))","(((3, 3), (6, 3), (6, 8)), (1, 10))",31,15,46.0,31,,,pruned,,,3214
"(((3, 3), (6, 2), (6, 8)), (1, 10))","(((3, 3), (6, 3), (6, 8)), (1, 10))",31,15,46.0,31,,,pruned,,,3215
"(((3, 3), (6, 3), (6, 8)), (1, 10))","(((3, 3), (6, 3), (6, 9)), (1, 10))",30,14.0,44.0,30,8,2,expanded,False,True,3216
"(((6, 2), (6, 8), (6, 9)), (1, 10))","(((5, 2), (6, 8), (6, 9)), (1, 10))",32,14,46.0,32,,,pruned,,,3217
"(((5, 2), (6, 8), (6, 9)), (1, 10))","(((4, 2), (6, 8), (6, 9)), (1, 10))",31,13.0,44.0,31,2,1,expanded,False,True,3218
"(((3, 8), (6, 2), (6, 4)), (2, 2))","(((3, 8), (5, 2), (6, 4)), (2, 2))",32,14,46.0,32,,,pruned,,,3219
"(((3, 8), (5, 2), (6, 4)), (2, 2))","(((3, 8), (5, 2), (5, 4)), (2, 2))",31,13.0,44.0,31,2,1,expanded,False,True,3220
"(((4, 2), (6, 8), (7, 10)), (1, 10))","(((4, 2), (6, 8), (6, 10)), (1, 10))",32,14,46.0,32,,,pruned,,,3221
"(((4, 1), (6, 8), (6, 10)), (1, 10))","(((4, 2), (6, 8), (6, 10)), (1, 10))",32,14,46.0,32,,,pruned,,,3222
"(((4, 2), (6, 8), (6, 10)), (1, 10))","(((4, 3), (6, 8), (6, 10)), (1, 10))",31,13.0,44.0,31,8,2,expanded,False,True,3223
"(((3, 4), (6, 2), (6, 8)), (1, 10))","(((3, 4), (6, 3), (6, 8)), (1, 10))",32,14,46.0,32,,,pruned,,,3224
"(((3, 5), (6, 3), (6, 8)), (1, 10))","(((3, 4), (6, 3), (6, 8)), (1, 10))",32,12,44.0,32,,,pruned,,,3225
"(((3, 4), (6, 3), (6, 8)), (1, 10))","(((3, 4), (6, 3), (6, 9)), (1, 10))",31,13.0,44.0,31,6,2,expanded,False,True,3226
"(((3, 8), (5, 2), (6, 4)), (1, 10))","(((3, 9), (5, 2), (6, 4)), (1, 10))",31,13.0,44.0,31,2,0,expanded,False,True,3227
"(((3, 8), (4, 1), (6, 4)), (2, 2))","(((3, 8), (4, 2), (6, 4)), (2, 2))",33,13,46.0,33,,,pruned,,,3228
"(((3, 8), (4, 2), (6, 4)), (2, 2))","(((3, 8), (4, 3), (6, 4)), (2, 2))",32,12.0,44.0,32,3,1,expanded,False,True,3229
"(((3, 8), (4, 3), (6, 2)), (1, 10))","(((3, 8), (4, 3), (6, 3)), (1, 10))",33,13,46.0,33,,,pruned,,,3230
"(((3, 8), (4, 3), (6, 3)), (1, 10))","(((3, 3), (3, 8), (6, 3)), (1, 10))",32,12.0,44.0,32,6,1,expanded,False,True,3231
"(((3, 2), (3, 8), (6, 2)), (1, 10))","(((3, 2), (3, 8), (6, 3)), (1, 10))",33,13,46.0,33,,,pruned,,,3232
"(((2, 2), (3, 8), (6, 3)), (1, 10))","(((3, 2), (3, 8), (6, 3)), (1, 10))",33,13,46.0,33,,,pruned,,,3233
"(((3, 2), (3, 8), (6, 3)), (1, 10))","(((3, 3), (3, 8), (6, 3)), (1, 10))",32,12.0,44.0,32,6,2,expanded,False,True,3234
"(((4, 1), (5, 10), (6, 8)), (1, 10))","(((4, 2), (5, 10), (6, 8)), (1, 10))",33,13,46.0,33,,,pruned,,,3235
"(((4, 2), (5, 10), (6, 8)), (1, 10))","(((4, 3), (5, 10), (6, 8)), (1, 10))",32,12.0,44.0,32,8,1,expanded,False,True,3236
"(((6, 4), (6, 8), (6, 9)), (1, 10))","(((5, 4), (6, 8), (6, 9)), (1, 10))",32,12.0,44.0,32,1,0,expanded,False,True,3237
"(((5, 4), (6, 8), (7, 10)), (1, 10))","(((5, 4), (6, 8), (6, 10)), (1, 10))",33,13,46.0,33,,,pruned,,,3238
"(((5, 4), (6, 8), (6, 10)), (1, 10))","(((4, 4), (6, 8), (6, 10)), (1, 10))",32,12.0,44.0,32,6,1,expanded,False,True,3239
"(((3, 8), (4, 2), (6, 4)), (1, 10))","(((3, 9), (4, 2), (6, 4)), (1, 10))",32,12.0,44.0,32,2,0,expanded,False,True,3240
"(((4, 1), (4, 10), (6, 8)), (1, 10))","(((4, 2), (4, 10), (6, 8)), (1, 10))",34,12,46.0,34,,,pruned,,,3241
"(((4, 2), (4, 10), (6, 8)), (1, 10))","(((4, 3), (4, 10), (6, 8)), (1, 10))",33,11.0,44.0,33,8,1,expanded,False,True,3242
"(((3, 8), (4, 1), (6, 5)), (2, 2))","(((3, 8), (4, 2), (6, 5)), (2, 2))",34,12,46.0,34,,,pruned,,,3243
"(((3, 8), (4, 2), (6, 5)), (2, 2))","(((3, 8), (4, 3), (6, 5)), (2, 2))",33,11.0,44.0,33,6,1,expanded,False,True,3244
"(((5, 4), (5, 10), (6, 8)), (1, 10))","(((4, 4), (5, 10), (6, 8)), (1, 10))",33,11.0,44.0,33,6,0,expanded,False,True,3245
"(((3, 8), (4, 4), (6, 2)), (1, 10))","(((3, 8), (4, 4), (6, 3)), (1, 10))",34,12,46.0,34,,,pruned,,,3246
"(((3, 8), (4, 4), (6, 3)), (1, 10))","(((3, 8), (4, 4), (6, 4)), (1, 10))",33,11.0,44.0,33,3,1,expanded,False,True,3247
"(((3, 8), (5, 4), (6, 4)), (2, 2))","(((3, 8), (4, 4), (6, 4)), (2, 2))",33,11.0,44.0,33,2,0,expanded,False,True,3248
"(((3, 8), (4, 2), (6, 5)), (1, 10))","(((3, 9), (4, 2), (6, 5)), (1, 10))",33,11.0,44.0,33,2,0,expanded,False,True,3249
"(((3, 8), (5, 4), (6, 4)), (1, 10))","(((3, 9), (5, 4), (6, 4)), (1, 10))",33,11.0,44.0,33,2,0,expanded,False,True,3250
"(((3, 8), (4, 4), (6, 3)), (2, 2))","(((3, 8), (4, 3), (6, 3)), (1, 10))",33,11.0,44.0,33,5,0,expanded,False,True,3251
"(((6, 5), (6, 8), (6, 9)), (1, 10))","(((6, 4), (6, 8), (6, 9)), (1, 10))",33,11.0,44.0,33,1,0,expanded,False,True,3252
"(((3, 11), (4, 2), (6, 8)), (1, 10))","(((3, 10), (4, 2), (6, 8)), (2, 2))",35,11,46.0,35,,,pruned,,,3253
"(((3, 10), (4, 1), (6, 8)), (2, 2))","(((3, 10), (4, 2), (6, 8)), (2, 2))",35,11,46.0,35,,,pruned,,,3254
"(((3, 10), (4, 2), (6, 8)), (2, 2))","(((3, 10), (4, 3), (6, 8)), (2, 2))",34,10.0,44.0,34,6,2,expanded,False,True,3255
"(((1, 10), (4, 3), (6, 8)), (1, 11))","(((2, 10), (4, 3), (6, 8)), (1, 10))",35,11,46.0,35,,,pruned,,,3256
"(((2, 10), (4, 3), (6, 8)), (1, 10))","(((2, 10), (3, 3), (6, 8)), (1, 10))",34,10.0,44.0,34,6,1,expanded,False,True,3257
"(((1, 10), (3, 2), (6, 8)), (1, 11))","(((2, 10), (3, 2), (6, 8)), (1, 10))",35,11,46.0,35,,,pruned,,,3258
"(((2, 2), (2, 10), (6, 8)), (1, 10))","(((2, 10), (3, 2), (6, 8)), (1, 10))",35,11,46.0,35,,,pruned,,,3259
"(((2, 10), (3, 2), (6, 8)), (1, 10))","(((2, 10), (3, 3), (6, 8)), (1, 10))",34,10.0,44.0,34,6,2,expanded,False,True,3260
"(((3, 8), (4, 1), (6, 6)), (2, 2))","(((3, 8), (4, 2), (6, 6)), (2, 2))",35,11,46.0,35,,,pruned,,,3261
"(((3, 8), (4, 2), (6, 6)), (2, 2))","(((3, 8), (4, 3), (6, 6)), (2, 2))",34,10.0,44.0,34,6,1,expanded,False,True,3262
"(((4, 10), (5, 4), (6, 8)), (1, 10))","(((4, 4), (4, 10), (6, 8)), (1, 10))",34,10.0,44.0,34,6,0,expanded,False,True,3263
"(((3, 8), (5, 4), (6, 5)), (2, 2))","(((3, 8), (4, 4), (6, 5)), (2, 2))",34,10.0,44.0,34,4,0,expanded,False,True,3264
"(((3, 8), (4, 5), (6, 2)), (1, 10))","(((3, 8), (4, 5), (6, 3)), (1, 10))",35,11,46.0,35,,,pruned,,,3265
"(((3, 8), (4, 5), (6, 3)), (1, 10))","(((3, 9), (4, 5), (6, 3)), (1, 10))",34,10.0,44.0,34,4,1,expanded,False,True,3266
"(((3, 8), (4, 2), (6, 6)), (1, 10))","(((3, 9), (4, 2), (6, 6)), (1, 10))",34,10.0,44.0,34,2,0,expanded,False,True,3267
"(((3, 8), (5, 4), (6, 5)), (1, 10))","(((3, 9), (5, 4), (6, 5)), (1, 10))",34,10.0,44.0,34,2,0,expanded,False,True,3268
"(((3, 10), (4, 2), (6, 8)), (1, 10))","(((4, 2), (4, 10), (6, 8)), (1, 10))",34,10.0,44.0,34,4,0,expanded,False,True,3269
"(((6, 6), (6, 8), (6, 9)), (1, 10))","(((6, 5), (6, 8), (6, 9)), (1, 10))",34,10.0,44.0,34,1,0,expanded,False,True,3270
"(((3, 9), (4, 1), (6, 8)), (2, 2))","(((3, 9), (4, 2), (6, 8)), (2, 2))",36,10,46.0,36,,,pruned,,,3271
"(((3, 9), (4, 2), (6, 8)), (2, 2))","(((3, 9), (4, 3), (6, 8)), (2, 2))",35,9.0,44.0,35,6,1,expanded,False,True,3272
"(((3, 8), (4, 1), (6, 7)), (2, 2))","(((3, 8), (4, 2), (6, 7)), (2, 2))",36,10,46.0,36,,,pruned,,,3273
"(((3, 8), (4, 2), (6, 7)), (2, 2))","(((3, 8), (4, 3), (6, 7)), (2, 2))",35,9.0,44.0,35,6,1,expanded,False,True,3274
"(((3, 11), (5, 4), (6, 8)), (1, 10))","(((3, 10), (5, 4), (6, 8)), (2, 2))",36,10,46.0,36,,,pruned,,,3275
"(((3, 10), (5, 4), (6, 8)), (2, 2))","(((3, 10), (4, 4), (6, 8)), (2, 2))",35,9.0,44.0,35,4,1,expanded,False,True,3276
"(((3, 8), (5, 4), (6, 6)), (2, 2))","(((3, 8), (4, 4), (6, 6)), (2, 2))",35,9.0,44.0,35,4,0,expanded,False,True,3277
"(((1, 10), (4, 4), (6, 8)), (1, 11))","(((2, 10), (4, 4), (6, 8)), (1, 10))",36,10,46.0,36,,,pruned,,,3278
"(((2, 10), (4, 4), (6, 8)), (1, 10))","(((3, 10), (4, 4), (6, 8)), (1, 10))",35,9.0,44.0,35,8,1,expanded,False,True,3279
"(((3, 8), (4, 2), (6, 7)), (1, 10))","(((3, 9), (4, 2), (6, 7)), (1, 10))",35,9.0,44.0,35,2,0,expanded,False,True,3280
"(((3, 8), (5, 4), (6, 6)), (1, 10))","(((3, 9), (5, 4), (6, 6)), (1, 10))",35,9.0,44.0,35,2,0,expanded,False,True,3281
"(((3, 8), (4, 7), (6, 3)), (1, 10))","(((3, 8), (4, 6), (6, 3)), (1, 10))",36,8,44.0,36,,,pruned,,,3282
"(((3, 8), (4, 6), (6, 2)), (1, 10))","(((3, 8), (4, 6), (6, 3)), (1, 10))",36,10,46.0,36,,,pruned,,,3283
"(((3, 8), (4, 6), (6, 3)), (1, 10))","(((3, 9), (4, 6), (6, 3)), (1, 10))",35,9.0,44.0,35,4,2,expanded,False,True,3284
"(((3, 10), (5, 4), (6, 8)), (1, 10))","(((4, 10), (5, 4), (6, 8)), (1, 10))",35,9.0,44.0,35,4,0,expanded,False,True,3285
"(((3, 9), (4, 2), (6, 8)), (1, 10))","(((3, 10), (4, 2), (6, 8)), (1, 10))",35,9.0,44.0,35,2,0,expanded,False,True,3286
"(((6, 7), (6, 8), (6, 9)), (1, 10))","(((6, 6), (6, 8), (6, 9)), (1, 10))",35,9.0,44.0,35,0,0,expanded,False,True,3287
"(((3, 8), (4, 3), (6, 9)), (2, 2))","(((3, 3), (3, 8), (6, 9)), (2, 2))",36,8.0,44.0,36,4,0,expanded,False,True,3288
"(((2, 2), (3, 8), (6, 9)), (2, 3))","(((3, 2), (3, 8), (6, 9)), (2, 2))",37,9,46.0,37,,,pruned,,,3289
"(((3, 2), (3, 8), (6, 9)), (2, 2))","(((3, 3), (3, 8), (6, 9)), (2, 2))",36,8.0,44.0,36,4,1,expanded,False,True,3290
"(((2, 3), (3, 8), (6, 10)), (2, 2))","(((3, 3), (3, 8), (6, 10)), (2, 2))",37,9,46.0,37,,,pruned,,,3291
"(((3, 3), (3, 8), (6, 11)), (1, 10))","(((3, 3), (3, 8), (6, 10)), (2, 2))",37,9,46.0,37,,,pruned,,,3292
"(((3, 3), (3, 8), (6, 10)), (2, 2))","(((3, 3), (3, 8), (6, 9)), (2, 2))",36,8.0,44.0,36,6,2,expanded,False,True,3293
"(((3, 9), (5, 4), (6, 8)), (2, 2))","(((3, 9), (4, 4), (6, 8)), (2, 2))",36,8.0,44.0,36,4,0,expanded,False,True,3294
"(((3, 7), (4, 3), (6, 8)), (2, 2))","(((3, 3), (3, 7), (6, 8)), (2, 2))",36,8.0,44.0,36,3,0,expanded,False,True,3295
"(((2, 2), (3, 7), (6, 8)), (2, 3))","(((3, 2), (3, 7), (6, 8)), (2, 2))",37,9,46.0,37,,,pruned,,,3296
"(((3, 2), (3, 7), (6, 8)), (2, 2))","(((3, 3), (3, 7), (6, 8)), (2, 2))",36,8.0,44.0,36,3,1,expanded,False,True,3297
"(((3, 8), (5, 4), (6, 7)), (2, 2))","(((3, 8), (4, 4), (6, 7)), (2, 2))",36,8.0,44.0,36,4,0,expanded,False,True,3298
"(((3, 7), (4, 3), (6, 8)), (1, 10))","(((3, 8), (4, 3), (6, 8)), (1, 10))",36,8.0,44.0,36,1,0,expanded,False,True,3299
"(((3, 2), (3, 7), (6, 8)), (1, 10))","(((3, 2), (3, 8), (6, 8)), (1, 10))",36,8.0,44.0,36,1,0,expanded,False,True,3300
"(((2, 10), (4, 5), (6, 8)), (2, 2))","(((2, 10), (4, 5), (6, 7)), (2, 2))",36,8.0,44.0,36,2,0,expanded,False,True,3301
"(((3, 8), (4, 3), (6, 9)), (1, 10))","(((3, 9), (4, 3), (6, 9)), (1, 10))",36,8.0,44.0,36,2,0,expanded,False,True,3302
"(((3, 2), (3, 8), (6, 9)), (1, 10))","(((3, 2), (3, 9), (6, 9)), (1, 10))",36,8.0,44.0,36,2,0,expanded,False,True,3303
"(((3, 3), (3, 8), (7, 10)), (1, 10))","(((3, 3), (3, 8), (6, 10)), (1, 10))",37,9,46.0,37,,,pruned,,,3304
"(((3, 3), (3, 8), (6, 10)), (1, 10))","(((3, 3), (3, 9), (6, 10)), (1, 10))",36,8.0,44.0,36,4,1,expanded,False,True,3305
"(((3, 8), (5, 4), (6, 7)), (1, 10))","(((3, 9), (5, 4), (6, 7)), (1, 10))",36,8.0,44.0,36,2,0,expanded,False,True,3306
"(((3, 9), (5, 4), (6, 8)), (1, 10))","(((3, 10), (5, 4), (6, 8)), (1, 10))",36,8.0,44.0,36,2,0,expanded,False,True,3307
"(((3, 4), (3, 8), (6, 11)), (1, 10))","(((3, 4), (3, 8), (6, 10)), (2, 2))",38,8,46.0,38,,,pruned,,,3308
"(((3, 5), (3, 8), (6, 10)), (2, 2))","(((3, 4), (3, 8), (6, 10)), (2, 2))",38,6,44.0,38,,,pruned,,,3309
"(((3, 4), (3, 8), (6, 10)), (2, 2))","(((3, 4), (3, 8), (6, 9)), (2, 2))",37,7.0,44.0,37,4,2,expanded,False,True,3310
"(((3, 8), (4, 4), (6, 9)), (2, 2))","(((3, 8), (4, 4), (6, 8)), (2, 2))",37,7.0,44.0,37,6,0,expanded,False,True,3311
"(((3, 7), (4, 4), (6, 8)), (1, 10))","(((3, 8), (4, 4), (6, 8)), (1, 10))",37,7.0,44.0,37,1,0,expanded,False,True,3312
"(((3, 7), (4, 4), (6, 8)), (2, 2))","(((3, 7), (4, 4), (6, 7)), (2, 2))",37,7.0,44.0,37,5,0,expanded,False,True,3313
"(((3, 4), (3, 8), (7, 10)), (1, 10))","(((3, 4), (3, 8), (6, 10)), (1, 10))",38,8,46.0,38,,,pruned,,,3314
"(((3, 4), (3, 8), (6, 10)), (1, 10))","(((3, 4), (3, 9), (6, 10)), (1, 10))",37,7.0,44.0,37,4,1,expanded,False,True,3315
"(((2, 10), (4, 7), (6, 8)), (2, 2))","(((2, 10), (4, 6), (6, 8)), (2, 2))",38,6,44.0,38,,,pruned,,,3316
"(((2, 10), (4, 6), (6, 8)), (2, 2))","(((2, 10), (4, 6), (6, 7)), (2, 2))",37,7.0,44.0,37,2,1,expanded,False,True,3317
"(((3, 8), (4, 4), (6, 9)), (1, 10))","(((3, 9), (4, 4), (6, 9)), (1, 10))",37,7.0,44.0,37,2,0,expanded,False,True,3318
"(((2, 3), (3, 8), (5, 10)), (1, 10))","(((3, 3), (3, 8), (5, 10)), (1, 10))",38,8,46.0,38,,,pruned,,,3319
"(((3, 3), (3, 8), (5, 10)), (1, 10))","(((3, 3), (3, 9), (5, 10)), (1, 10))",37,7.0,44.0,37,8,1,expanded,False,True,3320
"(((3, 8), (4, 5), (6, 9)), (2, 2))","(((3, 8), (4, 5), (6, 8)), (2, 2))",38,6.0,44.0,38,2,0,expanded,False,True,3321
"(((3, 7), (4, 5), (6, 8)), (2, 2))","(((3, 7), (4, 5), (6, 7)), (2, 2))",38,6.0,44.0,38,2,0,expanded,False,True,3322
"(((3, 5), (3, 8), (5, 10)), (1, 10))","(((3, 4), (3, 8), (5, 10)), (1, 10))",39,5,44.0,39,,,pruned,,,3323
"(((3, 4), (3, 8), (5, 10)), (1, 10))","(((3, 4), (3, 9), (5, 10)), (1, 10))",38,6.0,44.0,38,6,1,expanded,False,True,3324
"(((2, 3), (3, 8), (4, 10)), (1, 10))","(((3, 3), (3, 8), (4, 10)), (1, 10))",39,7,46.0,39,,,pruned,,,3325
"(((3, 3), (3, 8), (4, 10)), (1, 10))","(((3, 3), (3, 9), (4, 10)), (1, 10))",38,6.0,44.0,38,8,1,expanded,False,True,3326
"(((3, 8), (4, 7), (6, 9)), (2, 2))","(((3, 8), (4, 6), (6, 9)), (2, 2))",40,4,44.0,40,,,pruned,,,3327
"(((3, 8), (4, 6), (6, 9)), (2, 2))","(((3, 8), (4, 6), (6, 8)), (2, 2))",39,5.0,44.0,39,2,1,expanded,False,True,3328
"(((3, 7), (4, 7), (6, 8)), (2, 2))","(((3, 7), (4, 6), (6, 8)), (2, 2))",40,4,44.0,40,,,pruned,,,3329
"(((3, 7), (4, 6), (6, 8)), (2, 2))","(((3, 7), (4, 6), (6, 7)), (2, 2))",39,5.0,44.0,39,2,1,expanded,False,True,3330
"(((3, 5), (3, 8), (4, 10)), (1, 10))","(((3, 4), (3, 8), (4, 10)), (1, 10))",40,4,44.0,40,,,pruned,,,3331
"(((3, 4), (3, 8), (4, 10)), (1, 10))","(((3, 4), (3, 9), (4, 10)), (1, 10))",39,5.0,44.0,39,6,1,expanded,False,True,3332
"(((2, 3), (3, 8), (3, 10)), (1, 10))","(((3, 3), (3, 8), (3, 10)), (1, 10))",40,6,46.0,40,,,pruned,,,3333
"(((3, 3), (3, 8), (3, 10)), (1, 10))","(((3, 3), (3, 8), (4, 10)), (1, 10))",39,5.0,44.0,39,8,1,expanded,False,True,3334
"(((3, 5), (3, 8), (3, 10)), (1, 10))","(((3, 4), (3, 8), (3, 10)), (1, 10))",41,3,44.0,41,,,pruned,,,3335
"(((3, 4), (3, 8), (3, 10)), (1, 10))","(((3, 4), (3, 8), (4, 10)), (1, 10))",40,4.0,44.0,40,6,1,expanded,False,True,3336
"(((2, 3), (3, 8), (3, 9)), (1, 10))","(((3, 3), (3, 8), (3, 9)), (1, 10))",41,5,46.0,41,,,pruned,,,3337
"(((3, 3), (3, 8), (3, 9)), (1, 10))","(((3, 3), (3, 8), (3, 10)), (1, 10))",40,4.0,44.0,40,4,1,expanded,False,True,3338
"(((3, 5), (3, 8), (3, 9)), (1, 10))","(((3, 4), (3, 8), (3, 9)), (1, 10))",42,2,44.0,42,,,pruned,,,3339
"(((3, 4), (3, 8), (3, 9)), (1, 10))","(((3, 4), (3, 8), (3, 10)), (1, 10))",41,3.0,44.0,41,2,1,expanded,False,True,3340
"(((2, 3), (6, 3), (6, 4)), (1, 10))","(((3, 3), (6, 3), (6, 4)), (1, 10))",29,18,47.0,29,,,pruned,,,3341
"(((3, 3), (6, 3), (6, 4)), (1, 10))","(((3, 3), (5, 4), (6, 3)), (1, 10))",28,17.0,45.0,28,4,1,expanded,False,True,3342
"(((5, 2), (5, 10), (6, 2)), (1, 10))","(((5, 2), (5, 10), (6, 3)), (1, 10))",29,18,47.0,29,,,pruned,,,3343
"(((5, 10), (6, 2), (6, 3)), (1, 10))","(((5, 2), (5, 10), (6, 3)), (1, 10))",29,18,47.0,29,,,pruned,,,3344
"(((5, 2), (5, 10), (6, 3)), (1, 10))","(((5, 2), (5, 10), (6, 4)), (1, 10))",28,17.0,45.0,28,4,2,expanded,False,True,3345
"(((4, 3), (6, 2), (6, 10)), (1, 10))","(((4, 3), (6, 3), (6, 10)), (1, 10))",30,17,47.0,30,,,pruned,,,3346
"(((4, 3), (6, 3), (7, 10)), (1, 10))","(((4, 3), (6, 3), (6, 10)), (1, 10))",30,17,47.0,30,,,pruned,,,3347
"(((4, 3), (6, 3), (6, 11)), (1, 10))","(((4, 3), (6, 3), (6, 10)), (1, 10))",30,17,47.0,30,,,pruned,,,3348
"(((4, 3), (6, 3), (6, 10)), (1, 10))","(((4, 3), (5, 10), (6, 3)), (1, 10))",29,16.0,45.0,29,8,3,expanded,False,True,3349
"(((4, 2), (5, 10), (6, 2)), (1, 10))","(((4, 2), (5, 10), (6, 3)), (1, 10))",30,17,47.0,30,,,pruned,,,3350
"(((4, 1), (5, 10), (6, 3)), (1, 10))","(((4, 2), (5, 10), (6, 3)), (1, 10))",30,17,47.0,30,,,pruned,,,3351
"(((4, 2), (5, 10), (6, 3)), (1, 10))","(((4, 3), (5, 10), (6, 3)), (1, 10))",29,16.0,45.0,29,5,2,expanded,False,True,3352
"(((2, 2), (6, 3), (6, 10)), (1, 10))","(((3, 2), (6, 3), (6, 10)), (1, 10))",30,17,47.0,30,,,pruned,,,3353
"(((3, 2), (6, 2), (6, 10)), (1, 10))","(((3, 2), (6, 3), (6, 10)), (1, 10))",30,17,47.0,30,,,pruned,,,3354
"(((3, 2), (6, 3), (7, 10)), (1, 10))","(((3, 2), (6, 3), (6, 10)), (1, 10))",30,17,47.0,30,,,pruned,,,3355
"(((3, 2), (6, 3), (6, 11)), (1, 10))","(((3, 2), (6, 3), (6, 10)), (1, 10))",30,17,47.0,30,,,pruned,,,3356
"(((3, 2), (6, 3), (6, 10)), (1, 10))","(((3, 2), (5, 10), (6, 3)), (1, 10))",29,16.0,45.0,29,8,4,expanded,False,True,3357
"(((4, 10), (5, 2), (6, 2)), (1, 10))","(((4, 10), (5, 2), (6, 3)), (1, 10))",30,17,47.0,30,,,pruned,,,3358
"(((4, 10), (6, 2), (6, 3)), (1, 10))","(((4, 10), (5, 2), (6, 3)), (1, 10))",30,17,47.0,30,,,pruned,,,3359
"(((4, 10), (5, 2), (6, 3)), (1, 10))","(((4, 10), (5, 2), (6, 4)), (1, 10))",29,16.0,45.0,29,4,2,expanded,False,True,3360
"(((5, 2), (6, 5), (7, 10)), (1, 10))","(((5, 2), (6, 5), (6, 10)), (1, 10))",30,17,47.0,30,,,pruned,,,3361
"(((6, 2), (6, 5), (6, 10)), (1, 10))","(((5, 2), (6, 5), (6, 10)), (1, 10))",30,17,47.0,30,,,pruned,,,3362
"(((5, 2), (6, 5), (6, 10)), (1, 10))","(((4, 2), (6, 5), (6, 10)), (1, 10))",29,16.0,45.0,29,6,2,expanded,False,True,3363
"(((3, 5), (6, 3), (6, 4)), (1, 10))","(((3, 4), (6, 3), (6, 4)), (1, 10))",30,15,45.0,30,,,pruned,,,3364
"(((3, 4), (6, 3), (6, 4)), (1, 10))","(((3, 4), (5, 4), (6, 3)), (1, 10))",29,16.0,45.0,29,2,1,expanded,False,True,3365
"(((4, 2), (4, 10), (6, 2)), (1, 10))","(((4, 2), (4, 10), (6, 3)), (1, 10))",31,16,47.0,31,,,pruned,,,3366
"(((4, 1), (4, 10), (6, 3)), (1, 10))","(((4, 2), (4, 10), (6, 3)), (1, 10))",31,16,47.0,31,,,pruned,,,3367
"(((4, 2), (4, 10), (6, 3)), (1, 10))","(((4, 3), (4, 10), (6, 3)), (1, 10))",30,15.0,45.0,30,5,2,expanded,False,True,3368
"(((5, 10), (6, 2), (6, 5)), (1, 10))","(((5, 2), (5, 10), (6, 5)), (1, 10))",31,16,47.0,31,,,pruned,,,3369
"(((5, 2), (5, 10), (6, 5)), (1, 10))","(((4, 2), (5, 10), (6, 5)), (1, 10))",30,15.0,45.0,30,6,1,expanded,False,True,3370
"(((1, 10), (5, 2), (6, 4)), (1, 11))","(((2, 10), (5, 2), (6, 4)), (1, 10))",31,16,47.0,31,,,pruned,,,3371
"(((2, 10), (6, 2), (6, 4)), (1, 10))","(((2, 10), (5, 2), (6, 4)), (1, 10))",31,16,47.0,31,,,pruned,,,3372
"(((2, 10), (5, 2), (6, 4)), (1, 10))","(((2, 10), (5, 2), (5, 4)), (1, 10))",30,15.0,45.0,30,4,2,expanded,False,True,3373
"(((5, 4), (5, 10), (6, 2)), (1, 10))","(((5, 4), (5, 10), (6, 3)), (1, 10))",31,16,47.0,31,,,pruned,,,3374
"(((5, 4), (5, 10), (6, 3)), (1, 10))","(((5, 4), (5, 10), (6, 4)), (1, 10))",30,15.0,45.0,30,6,1,expanded,False,True,3375
"(((4, 4), (6, 3), (7, 10)), (1, 10))","(((4, 4), (6, 3), (6, 10)), (1, 10))",31,16,47.0,31,,,pruned,,,3376
"(((4, 4), (6, 3), (6, 10)), (1, 10))","(((4, 4), (5, 10), (6, 3)), (1, 10))",30,15.0,45.0,30,7,1,expanded,False,True,3377
"(((5, 2), (6, 6), (7, 10)), (1, 10))","(((5, 2), (6, 6), (6, 10)), (1, 10))",31,16,47.0,31,,,pruned,,,3378
"(((6, 2), (6, 6), (6, 10)), (1, 10))","(((5, 2), (6, 6), (6, 10)), (1, 10))",31,16,47.0,31,,,pruned,,,3379
"(((5, 2), (6, 6), (6, 10)), (1, 10))","(((4, 2), (6, 6), (6, 10)), (1, 10))",30,15.0,45.0,30,6,2,expanded,False,True,3380
"(((6, 4), (6, 5), (7, 10)), (1, 10))","(((6, 4), (6, 5), (6, 10)), (1, 10))",31,16,47.0,31,,,pruned,,,3381
"(((6, 4), (6, 5), (6, 10)), (1, 10))","(((5, 4), (6, 5), (6, 10)), (1, 10))",30,15.0,45.0,30,3,1,expanded,False,True,3382
"(((4, 3), (6, 2), (6, 9)), (1, 10))","(((4, 3), (6, 3), (6, 9)), (1, 10))",31,16,47.0,31,,,pruned,,,3383
"(((4, 3), (6, 3), (6, 9)), (1, 10))","(((3, 3), (6, 3), (6, 9)), (1, 10))",30,15.0,45.0,30,6,1,expanded,False,True,3384
"(((2, 2), (6, 3), (6, 9)), (1, 10))","(((3, 2), (6, 3), (6, 9)), (1, 10))",31,16,47.0,31,,,pruned,,,3385
"(((3, 2), (6, 2), (6, 9)), (1, 10))","(((3, 2), (6, 3), (6, 9)), (1, 10))",31,16,47.0,31,,,pruned,,,3386
"(((3, 2), (6, 3), (6, 9)), (1, 10))","(((3, 3), (6, 3), (6, 9)), (1, 10))",30,15.0,45.0,30,6,2,expanded,False,True,3387
"(((3, 10), (5, 2), (6, 2)), (1, 10))","(((3, 10), (5, 2), (6, 3)), (1, 10))",31,16,47.0,31,,,pruned,,,3388
"(((3, 11), (5, 2), (6, 3)), (1, 10))","(((3, 10), (5, 2), (6, 3)), (1, 10))",31,16,47.0,31,,,pruned,,,3389
"(((3, 10), (6, 2), (6, 3)), (1, 10))","(((3, 10), (5, 2), (6, 3)), (1, 10))",31,16,47.0,31,,,pruned,,,3390
"(((3, 10), (5, 2), (6, 3)), (1, 10))","(((3, 10), (5, 2), (6, 4)), (1, 10))",30,15.0,45.0,30,6,3,expanded,False,True,3391
"(((2, 3), (6, 4), (6, 5)), (1, 10))","(((3, 3), (6, 4), (6, 5)), (1, 10))",31,16,47.0,31,,,pruned,,,3392
"(((3, 3), (6, 4), (6, 5)), (1, 10))","(((3, 3), (5, 4), (6, 5)), (1, 10))",30,15.0,45.0,30,4,1,expanded,False,True,3393
"(((1, 10), (4, 3), (6, 3)), (1, 11))","(((2, 10), (4, 3), (6, 3)), (1, 10))",32,15,47.0,32,,,pruned,,,3394
"(((2, 10), (4, 3), (6, 2)), (1, 10))","(((2, 10), (4, 3), (6, 3)), (1, 10))",32,15,47.0,32,,,pruned,,,3395
"(((2, 10), (4, 3), (6, 3)), (1, 10))","(((2, 10), (4, 3), (6, 4)), (1, 10))",31,14.0,45.0,31,6,2,expanded,False,True,3396
"(((1, 10), (4, 2), (6, 4)), (1, 11))","(((2, 10), (4, 2), (6, 4)), (1, 10))",32,15,47.0,32,,,pruned,,,3397
"(((2, 10), (4, 1), (6, 4)), (1, 10))","(((2, 10), (4, 2), (6, 4)), (1, 10))",32,15,47.0,32,,,pruned,,,3398
"(((2, 10), (4, 2), (6, 4)), (1, 10))","(((2, 10), (4, 3), (6, 4)), (1, 10))",31,14.0,45.0,31,5,2,expanded,False,True,3399
"(((1, 10), (3, 2), (6, 3)), (1, 11))","(((2, 10), (3, 2), (6, 3)), (1, 10))",32,15,47.0,32,,,pruned,,,3400
"(((2, 10), (3, 2), (6, 2)), (1, 10))","(((2, 10), (3, 2), (6, 3)), (1, 10))",32,15,47.0,32,,,pruned,,,3401
"(((2, 2), (2, 10), (6, 3)), (1, 10))","(((2, 10), (3, 2), (6, 3)), (1, 10))",32,15,47.0,32,,,pruned,,,3402
"(((2, 10), (3, 2), (6, 3)), (1, 10))","(((2, 10), (3, 2), (6, 4)), (1, 10))",31,14.0,45.0,31,6,3,expanded,False,True,3403
"(((3, 3), (4, 4), (6, 4)), (1, 10))","(((3, 3), (4, 4), (6, 5)), (1, 10))",31,14.0,45.0,31,4,0,expanded,False,True,3404
"(((2, 3), (6, 4), (6, 6)), (1, 10))","(((3, 3), (6, 4), (6, 6)), (1, 10))",32,15,47.0,32,,,pruned,,,3405
"(((3, 3), (6, 4), (6, 6)), (1, 10))","(((3, 3), (5, 4), (6, 6)), (1, 10))",31,14.0,45.0,31,6,1,expanded,False,True,3406
"(((3, 10), (4, 2), (6, 2)), (1, 10))","(((3, 10), (4, 2), (6, 3)), (1, 10))",32,15,47.0,32,,,pruned,,,3407
"(((3, 11), (4, 2), (6, 3)), (1, 10))","(((3, 10), (4, 2), (6, 3)), (1, 10))",32,15,47.0,32,,,pruned,,,3408
"(((3, 10), (4, 1), (6, 3)), (1, 10))","(((3, 10), (4, 2), (6, 3)), (1, 10))",32,15,47.0,32,,,pruned,,,3409
"(((3, 10), (4, 2), (6, 3)), (1, 10))","(((3, 10), (4, 3), (6, 3)), (1, 10))",31,14.0,45.0,31,7,3,expanded,False,True,3410
"(((4, 10), (6, 2), (6, 5)), (1, 10))","(((4, 10), (5, 2), (6, 5)), (1, 10))",32,15,47.0,32,,,pruned,,,3411
"(((4, 10), (5, 2), (6, 5)), (1, 10))","(((4, 2), (4, 10), (6, 5)), (1, 10))",31,14.0,45.0,31,6,1,expanded,False,True,3412
"(((5, 10), (6, 2), (6, 6)), (1, 10))","(((5, 2), (5, 10), (6, 6)), (1, 10))",32,15,47.0,32,,,pruned,,,3413
"(((5, 2), (5, 10), (6, 6)), (1, 10))","(((4, 2), (5, 10), (6, 6)), (1, 10))",31,14.0,45.0,31,6,1,expanded,False,True,3414
"(((4, 10), (5, 4), (6, 2)), (1, 10))","(((4, 10), (5, 4), (6, 3)), (1, 10))",32,15,47.0,32,,,pruned,,,3415
"(((4, 10), (5, 4), (6, 3)), (1, 10))","(((4, 10), (5, 4), (6, 4)), (1, 10))",31,14.0,45.0,31,6,1,expanded,False,True,3416
"(((5, 10), (6, 4), (6, 5)), (1, 10))","(((5, 4), (5, 10), (6, 5)), (1, 10))",31,14.0,45.0,31,2,0,expanded,False,True,3417
"(((5, 2), (6, 7), (7, 10)), (1, 10))","(((5, 2), (6, 7), (6, 10)), (1, 10))",32,15,47.0,32,,,pruned,,,3418
"(((6, 2), (6, 7), (6, 10)), (1, 10))","(((5, 2), (6, 7), (6, 10)), (1, 10))",32,15,47.0,32,,,pruned,,,3419
"(((5, 2), (6, 7), (6, 10)), (1, 10))","(((4, 2), (6, 7), (6, 10)), (1, 10))",31,14.0,45.0,31,6,2,expanded,False,True,3420
"(((6, 4), (6, 6), (7, 10)), (1, 10))","(((6, 4), (6, 6), (6, 10)), (1, 10))",32,15,47.0,32,,,pruned,,,3421
"(((6, 4), (6, 6), (6, 10)), (1, 10))","(((5, 4), (6, 6), (6, 10)), (1, 10))",31,14.0,45.0,31,4,1,expanded,False,True,3422
"(((4, 5), (5, 2), (6, 6)), (1, 10))","(((4, 5), (5, 2), (6, 7)), (1, 10))",31,14.0,45.0,31,2,0,expanded,False,True,3423
"(((4, 5), (6, 3), (7, 10)), (1, 10))","(((4, 5), (6, 3), (6, 10)), (1, 10))",32,15,47.0,32,,,pruned,,,3424
"(((4, 5), (6, 3), (6, 10)), (1, 10))","(((4, 5), (5, 10), (6, 3)), (1, 10))",31,14.0,45.0,31,4,1,expanded,False,True,3425
"(((3, 9), (5, 2), (6, 2)), (1, 10))","(((3, 9), (5, 2), (6, 3)), (1, 10))",32,15,47.0,32,,,pruned,,,3426
"(((3, 9), (6, 2), (6, 3)), (1, 10))","(((3, 9), (5, 2), (6, 3)), (1, 10))",32,15,47.0,32,,,pruned,,,3427
"(((3, 9), (5, 2), (6, 3)), (1, 10))","(((3, 9), (5, 2), (6, 4)), (1, 10))",31,14.0,45.0,31,4,2,expanded,False,True,3428
"(((3, 5), (6, 4), (6, 5)), (1, 10))","(((3, 4), (6, 4), (6, 5)), (1, 10))",32,13,45.0,32,,,pruned,,,3429
"(((3, 4), (6, 4), (6, 5)), (1, 10))","(((3, 4), (5, 4), (6, 5)), (1, 10))",31,14.0,45.0,31,2,1,expanded,False,True,3430
"(((2, 3), (6, 3), (6, 7)), (1, 10))","(((3, 3), (6, 3), (6, 7)), (1, 10))",32,15,47.0,32,,,pruned,,,3431
"(((3, 3), (6, 2), (6, 7)), (1, 10))","(((3, 3), (6, 3), (6, 7)), (1, 10))",32,15,47.0,32,,,pruned,,,3432
"(((3, 3), (6, 3), (6, 7)), (1, 10))","(((3, 3), (6, 3), (6, 8)), (1, 10))",31,14.0,45.0,31,8,2,expanded,False,True,3433
"(((4, 5), (6, 2), (6, 10)), (2, 2))","(((4, 5), (6, 3), (6, 10)), (2, 2))",32,15,47.0,32,,,pruned,,,3434
"(((4, 5), (6, 3), (6, 11)), (1, 10))","(((4, 5), (6, 3), (6, 10)), (2, 2))",32,15,47.0,32,,,pruned,,,3435
"(((4, 5), (6, 3), (6, 10)), (2, 2))","(((4, 4), (6, 3), (6, 10)), (1, 10))",31,14.0,45.0,31,4,2,expanded,False,True,3436
"(((4, 4), (6, 3), (6, 9)), (1, 10))","(((4, 4), (6, 3), (6, 10)), (1, 10))",31,14.0,45.0,31,5,0,expanded,False,True,3437
"(((3, 3), (4, 5), (6, 4)), (1, 10))","(((3, 3), (4, 5), (6, 5)), (1, 10))",32,13.0,45.0,32,2,0,expanded,False,True,3438
"(((3, 11), (5, 2), (6, 5)), (1, 10))","(((3, 10), (5, 2), (6, 5)), (2, 2))",33,14,47.0,33,,,pruned,,,3439
"(((3, 10), (6, 2), (6, 5)), (2, 2))","(((3, 10), (5, 2), (6, 5)), (2, 2))",33,14,47.0,33,,,pruned,,,3440
"(((3, 10), (5, 2), (6, 5)), (2, 2))","(((3, 10), (4, 2), (6, 5)), (2, 2))",32,13.0,45.0,32,4,2,expanded,False,True,3441
"(((3, 9), (4, 2), (6, 2)), (1, 10))","(((3, 9), (4, 2), (6, 3)), (1, 10))",33,14,47.0,33,,,pruned,,,3442
"(((3, 9), (4, 1), (6, 3)), (1, 10))","(((3, 9), (4, 2), (6, 3)), (1, 10))",33,14,47.0,33,,,pruned,,,3443
"(((3, 9), (4, 2), (6, 3)), (1, 10))","(((3, 9), (4, 3), (6, 3)), (1, 10))",32,13.0,45.0,32,5,2,expanded,False,True,3444
"(((2, 10), (4, 1), (6, 5)), (1, 10))","(((2, 10), (4, 2), (6, 5)), (1, 10))",33,14,47.0,33,,,pruned,,,3445
"(((1, 10), (4, 2), (6, 5)), (1, 11))","(((2, 10), (4, 2), (6, 5)), (1, 10))",33,14,47.0,33,,,pruned,,,3446
"(((2, 10), (4, 2), (6, 5)), (1, 10))","(((2, 10), (4, 3), (6, 5)), (1, 10))",32,13.0,45.0,32,8,2,expanded,False,True,3447
"(((4, 10), (6, 2), (6, 6)), (1, 10))","(((4, 10), (5, 2), (6, 6)), (1, 10))",33,14,47.0,33,,,pruned,,,3448
"(((4, 10), (5, 2), (6, 6)), (1, 10))","(((4, 2), (4, 10), (6, 6)), (1, 10))",32,13.0,45.0,32,6,1,expanded,False,True,3449
"(((5, 10), (6, 2), (6, 7)), (1, 10))","(((5, 2), (5, 10), (6, 7)), (1, 10))",33,14,47.0,33,,,pruned,,,3450
"(((5, 2), (5, 10), (6, 7)), (1, 10))","(((4, 2), (5, 10), (6, 7)), (1, 10))",32,13.0,45.0,32,6,1,expanded,False,True,3451
"(((3, 5), (6, 4), (6, 6)), (1, 10))","(((3, 4), (6, 4), (6, 6)), (1, 10))",33,12,45.0,33,,,pruned,,,3452
"(((3, 4), (6, 4), (6, 6)), (1, 10))","(((3, 4), (5, 4), (6, 6)), (1, 10))",32,13.0,45.0,32,4,1,expanded,False,True,3453
"(((4, 3), (4, 5), (6, 5)), (1, 10))","(((4, 3), (4, 5), (6, 6)), (1, 10))",32,13.0,45.0,32,2,0,expanded,False,True,3454
"(((3, 2), (4, 5), (6, 5)), (1, 10))","(((3, 2), (4, 5), (6, 6)), (1, 10))",32,13.0,45.0,32,2,0,expanded,False,True,3455
"(((3, 7), (6, 2), (6, 4)), (2, 2))","(((3, 7), (5, 2), (6, 4)), (2, 2))",33,14,47.0,33,,,pruned,,,3456
"(((3, 7), (5, 2), (6, 4)), (2, 2))","(((3, 7), (5, 2), (5, 4)), (2, 2))",32,13.0,45.0,32,1,1,expanded,True,True,3457
"(((4, 10), (6, 4), (6, 5)), (1, 10))","(((4, 10), (5, 4), (6, 5)), (1, 10))",32,13.0,45.0,32,2,0,expanded,False,True,3458
"(((5, 10), (6, 4), (6, 6)), (1, 10))","(((5, 4), (5, 10), (6, 6)), (1, 10))",32,13.0,45.0,32,4,0,expanded,False,True,3459
"(((1, 10), (4, 4), (6, 3)), (1, 11))","(((2, 10), (4, 4), (6, 3)), (1, 10))",33,14,47.0,33,,,pruned,,,3460
"(((2, 10), (4, 4), (6, 2)), (1, 10))","(((2, 10), (4, 4), (6, 3)), (1, 10))",33,14,47.0,33,,,pruned,,,3461
"(((2, 10), (4, 4), (6, 3)), (1, 10))","(((3, 10), (4, 4), (6, 3)), (1, 10))",32,13.0,45.0,32,8,2,expanded,False,True,3462
"(((1, 10), (5, 4), (6, 4)), (1, 11))","(((2, 10), (5, 4), (6, 4)), (1, 10))",33,14,47.0,33,,,pruned,,,3463
"(((2, 10), (5, 4), (6, 4)), (1, 10))","(((2, 10), (4, 4), (6, 4)), (1, 10))",32,13.0,45.0,32,4,1,expanded,False,True,3464
"(((6, 4), (6, 7), (7, 10)), (1, 10))","(((6, 4), (6, 7), (6, 10)), (1, 10))",33,14,47.0,33,,,pruned,,,3465
"(((6, 4), (6, 7), (6, 10)), (1, 10))","(((5, 4), (6, 7), (6, 10)), (1, 10))",32,13.0,45.0,32,4,1,expanded,False,True,3466
"(((4, 2), (4, 5), (6, 6)), (1, 10))","(((4, 2), (4, 5), (6, 7)), (1, 10))",32,13.0,45.0,32,2,0,expanded,False,True,3467
"(((4, 6), (5, 2), (6, 6)), (1, 10))","(((4, 6), (5, 2), (6, 7)), (1, 10))",32,13.0,45.0,32,2,0,expanded,False,True,3468
"(((4, 2), (6, 9), (7, 10)), (1, 10))","(((4, 2), (6, 9), (6, 10)), (1, 10))",33,14,47.0,33,,,pruned,,,3469
"(((4, 1), (6, 9), (6, 10)), (1, 10))","(((4, 2), (6, 9), (6, 10)), (1, 10))",33,14,47.0,33,,,pruned,,,3470
"(((4, 2), (6, 9), (6, 10)), (1, 10))","(((4, 3), (6, 9), (6, 10)), (1, 10))",32,13.0,45.0,32,6,2,expanded,False,True,3471
"(((3, 11), (5, 4), (6, 3)), (1, 10))","(((3, 10), (5, 4), (6, 3)), (2, 2))",33,14,47.0,33,,,pruned,,,3472
"(((3, 10), (5, 4), (6, 3)), (2, 2))","(((3, 10), (4, 4), (6, 3)), (2, 2))",32,13.0,45.0,32,3,1,expanded,False,True,3473
"(((3, 10), (5, 4), (6, 2)), (1, 10))","(((3, 10), (5, 4), (6, 3)), (1, 10))",33,14,47.0,33,,,pruned,,,3474
"(((3, 10), (5, 4), (6, 3)), (1, 10))","(((3, 10), (5, 4), (6, 4)), (1, 10))",32,13.0,45.0,32,5,1,expanded,False,True,3475
"(((4, 6), (6, 3), (7, 10)), (1, 10))","(((4, 6), (6, 3), (6, 10)), (1, 10))",33,14,47.0,33,,,pruned,,,3476
"(((4, 6), (6, 3), (6, 10)), (1, 10))","(((4, 6), (5, 10), (6, 3)), (1, 10))",32,13.0,45.0,32,4,1,expanded,False,True,3477
"(((3, 4), (6, 2), (6, 7)), (1, 10))","(((3, 4), (6, 3), (6, 7)), (1, 10))",33,14,47.0,33,,,pruned,,,3478
"(((3, 5), (6, 3), (6, 7)), (1, 10))","(((3, 4), (6, 3), (6, 7)), (1, 10))",33,12,45.0,33,,,pruned,,,3479
"(((3, 4), (6, 3), (6, 7)), (1, 10))","(((3, 4), (6, 3), (6, 8)), (1, 10))",32,13.0,45.0,32,6,2,expanded,False,True,3480
"(((3, 7), (5, 2), (6, 4)), (1, 10))","(((3, 8), (5, 2), (6, 4)), (1, 10))",32,13.0,45.0,32,1,0,expanded,False,True,3481
"(((3, 10), (5, 2), (6, 5)), (1, 10))","(((4, 10), (5, 2), (6, 5)), (1, 10))",32,13.0,45.0,32,4,0,expanded,False,True,3482
"(((6, 5), (6, 6), (7, 10)), (1, 10))","(((6, 5), (6, 6), (6, 10)), (1, 10))",33,14,47.0,33,,,pruned,,,3483
"(((6, 5), (6, 6), (6, 10)), (1, 10))","(((6, 4), (6, 6), (6, 10)), (1, 10))",32,13.0,45.0,32,3,1,expanded,False,True,3484
"(((4, 5), (6, 3), (6, 9)), (1, 10))","(((4, 5), (6, 3), (6, 10)), (1, 10))",32,13.0,45.0,32,2,0,expanded,False,True,3485
"(((4, 7), (6, 3), (6, 10)), (2, 2))","(((4, 6), (6, 3), (6, 10)), (2, 2))",33,12,45.0,33,,,pruned,,,3486
"(((4, 6), (6, 2), (6, 10)), (2, 2))","(((4, 6), (6, 3), (6, 10)), (2, 2))",33,14,47.0,33,,,pruned,,,3487
"(((4, 6), (6, 3), (6, 11)), (1, 10))","(((4, 6), (6, 3), (6, 10)), (2, 2))",33,14,47.0,33,,,pruned,,,3488
"(((4, 6), (6, 3), (6, 10)), (2, 2))","(((4, 5), (6, 3), (6, 10)), (2, 2))",32,13.0,45.0,32,4,3,expanded,False,True,3489
"(((4, 5), (6, 2), (6, 9)), (2, 2))","(((4, 5), (6, 3), (6, 9)), (2, 2))",33,14,47.0,33,,,pruned,,,3490
"(((4, 5), (6, 3), (6, 9)), (2, 2))","(((4, 4), (6, 3), (6, 9)), (1, 10))",32,13.0,45.0,32,4,1,expanded,False,True,3491
"(((3, 7), (4, 1), (6, 4)), (2, 2))","(((3, 7), (4, 2), (6, 4)), (2, 2))",34,13,47.0,34,,,pruned,,,3492
"(((3, 7), (4, 2), (6, 4)), (2, 2))","(((3, 7), (4, 3), (6, 4)), (2, 2))",33,12.0,45.0,33,2,1,expanded,False,True,3493
"(((3, 3), (4, 6), (6, 4)), (1, 10))","(((3, 3), (4, 6), (6, 5)), (1, 10))",33,12.0,45.0,33,2,0,expanded,False,True,3494
"(((3, 9), (6, 2), (6, 5)), (2, 2))","(((3, 9), (5, 2), (6, 5)), (2, 2))",34,13,47.0,34,,,pruned,,,3495
"(((3, 9), (5, 2), (6, 5)), (2, 2))","(((3, 9), (4, 2), (6, 5)), (2, 2))",33,12.0,45.0,33,4,1,expanded,False,True,3496
"(((3, 11), (5, 2), (6, 6)), (1, 10))","(((3, 10), (5, 2), (6, 6)), (2, 2))",34,13,47.0,34,,,pruned,,,3497
"(((3, 10), (6, 2), (6, 6)), (2, 2))","(((3, 10), (5, 2), (6, 6)), (2, 2))",34,13,47.0,34,,,pruned,,,3498
"(((3, 10), (5, 2), (6, 6)), (2, 2))","(((3, 10), (4, 2), (6, 6)), (2, 2))",33,12.0,45.0,33,4,2,expanded,False,True,3499
"(((4, 10), (6, 2), (6, 7)), (1, 10))","(((4, 10), (5, 2), (6, 7)), (1, 10))",34,13,47.0,34,,,pruned,,,3500
"(((4, 10), (5, 2), (6, 7)), (1, 10))","(((4, 2), (4, 10), (6, 7)), (1, 10))",33,12.0,45.0,33,6,1,expanded,False,True,3501
"(((1, 10), (4, 2), (6, 6)), (1, 11))","(((2, 10), (4, 2), (6, 6)), (1, 10))",34,13,47.0,34,,,pruned,,,3502
"(((2, 10), (4, 1), (6, 6)), (1, 10))","(((2, 10), (4, 2), (6, 6)), (1, 10))",34,13,47.0,34,,,pruned,,,3503
"(((2, 10), (4, 2), (6, 6)), (1, 10))","(((2, 10), (4, 3), (6, 6)), (1, 10))",33,12.0,45.0,33,8,2,expanded,False,True,3504
"(((4, 3), (4, 6), (6, 5)), (1, 10))","(((4, 3), (4, 6), (6, 6)), (1, 10))",33,12.0,45.0,33,2,0,expanded,False,True,3505
"(((3, 2), (4, 6), (6, 5)), (1, 10))","(((3, 2), (4, 6), (6, 6)), (1, 10))",33,12.0,45.0,33,2,0,expanded,False,True,3506
"(((4, 4), (4, 5), (6, 5)), (1, 10))","(((4, 4), (4, 5), (6, 6)), (1, 10))",33,12.0,45.0,33,1,0,expanded,False,True,3507
"(((3, 7), (4, 3), (6, 2)), (1, 10))","(((3, 7), (4, 3), (6, 3)), (1, 10))",34,13,47.0,34,,,pruned,,,3508
"(((3, 7), (4, 3), (6, 3)), (1, 10))","(((3, 3), (3, 7), (6, 3)), (1, 10))",33,12.0,45.0,33,4,1,expanded,False,True,3509
"(((2, 2), (3, 7), (6, 3)), (1, 10))","(((3, 2), (3, 7), (6, 3)), (1, 10))",34,13,47.0,34,,,pruned,,,3510
"(((3, 2), (3, 7), (6, 2)), (1, 10))","(((3, 2), (3, 7), (6, 3)), (1, 10))",34,13,47.0,34,,,pruned,,,3511
"(((3, 2), (3, 7), (6, 3)), (1, 10))","(((3, 3), (3, 7), (6, 3)), (1, 10))",33,12.0,45.0,33,4,2,expanded,False,True,3512
"(((4, 3), (5, 10), (6, 11)), (1, 10))","(((4, 3), (5, 10), (6, 10)), (1, 10))",34,13,47.0,34,,,pruned,,,3513
"(((4, 3), (5, 10), (6, 10)), (1, 10))","(((4, 3), (5, 10), (6, 9)), (1, 10))",33,12.0,45.0,33,4,1,expanded,False,True,3514
"(((4, 1), (5, 10), (6, 9)), (1, 10))","(((4, 2), (5, 10), (6, 9)), (1, 10))",34,13,47.0,34,,,pruned,,,3515
"(((4, 2), (5, 10), (6, 9)), (1, 10))","(((4, 3), (5, 10), (6, 9)), (1, 10))",33,12.0,45.0,33,8,1,expanded,False,True,3516
"(((3, 2), (5, 10), (6, 11)), (1, 10))","(((3, 2), (5, 10), (6, 10)), (1, 10))",34,13,47.0,34,,,pruned,,,3517
"(((2, 2), (5, 10), (6, 10)), (1, 10))","(((3, 2), (5, 10), (6, 10)), (1, 10))",34,13,47.0,34,,,pruned,,,3518
"(((3, 2), (5, 10), (6, 10)), (1, 10))","(((3, 2), (5, 10), (6, 9)), (1, 10))",33,12.0,45.0,33,4,2,expanded,False,True,3519
"(((3, 11), (6, 4), (6, 5)), (1, 10))","(((3, 10), (6, 4), (6, 5)), (2, 2))",34,13,47.0,34,,,pruned,,,3520
"(((3, 10), (6, 4), (6, 5)), (2, 2))","(((3, 10), (5, 4), (6, 5)), (2, 2))",33,12.0,45.0,33,1,1,expanded,True,True,3521
"(((4, 10), (6, 4), (6, 6)), (1, 10))","(((4, 10), (5, 4), (6, 6)), (1, 10))",33,12.0,45.0,33,4,0,expanded,False,True,3522
"(((5, 10), (6, 4), (6, 7)), (1, 10))","(((5, 4), (5, 10), (6, 7)), (1, 10))",33,12.0,45.0,33,4,0,expanded,False,True,3523
"(((1, 10), (5, 4), (6, 5)), (1, 11))","(((2, 10), (5, 4), (6, 5)), (1, 10))",34,13,47.0,34,,,pruned,,,3524
"(((2, 10), (5, 4), (6, 5)), (1, 10))","(((2, 10), (4, 4), (6, 5)), (1, 10))",33,12.0,45.0,33,6,1,expanded,False,True,3525
"(((4, 2), (4, 6), (6, 6)), (1, 10))","(((4, 2), (4, 6), (6, 7)), (1, 10))",33,12.0,45.0,33,2,0,expanded,False,True,3526
"(((4, 5), (5, 4), (6, 6)), (1, 10))","(((4, 5), (5, 4), (6, 7)), (1, 10))",33,12.0,45.0,33,2,0,expanded,False,True,3527
"(((5, 4), (6, 9), (7, 10)), (1, 10))","(((5, 4), (6, 9), (6, 10)), (1, 10))",34,13,47.0,34,,,pruned,,,3528
"(((5, 4), (6, 9), (6, 10)), (1, 10))","(((4, 4), (6, 9), (6, 10)), (1, 10))",33,12.0,45.0,33,4,1,expanded,False,True,3529
"(((3, 9), (5, 4), (6, 3)), (2, 2))","(((3, 9), (4, 4), (6, 3)), (2, 2))",33,12.0,45.0,33,3,0,expanded,False,True,3530
"(((2, 10), (4, 5), (6, 2)), (1, 10))","(((2, 10), (4, 5), (6, 3)), (1, 10))",34,13,47.0,34,,,pruned,,,3531
"(((1, 10), (4, 5), (6, 3)), (1, 11))","(((2, 10), (4, 5), (6, 3)), (1, 10))",34,13,47.0,34,,,pruned,,,3532
"(((2, 10), (4, 5), (6, 3)), (1, 10))","(((3, 10), (4, 5), (6, 3)), (1, 10))",33,12.0,45.0,33,6,2,expanded,False,True,3533
"(((3, 9), (5, 4), (6, 2)), (1, 10))","(((3, 9), (5, 4), (6, 3)), (1, 10))",34,13,47.0,34,,,pruned,,,3534
"(((3, 9), (5, 4), (6, 3)), (1, 10))","(((3, 9), (5, 4), (6, 4)), (1, 10))",33,12.0,45.0,33,3,1,expanded,False,True,3535
"(((3, 7), (4, 2), (6, 4)), (1, 10))","(((3, 8), (4, 2), (6, 4)), (1, 10))",33,12.0,45.0,33,1,0,expanded,False,True,3536
"(((3, 10), (5, 2), (6, 6)), (1, 10))","(((4, 10), (5, 2), (6, 6)), (1, 10))",33,12.0,45.0,33,4,0,expanded,False,True,3537
"(((3, 10), (6, 4), (6, 5)), (1, 10))","(((4, 10), (6, 4), (6, 5)), (1, 10))",33,12.0,45.0,33,3,0,expanded,False,True,3538
"(((5, 10), (6, 5), (6, 6)), (1, 10))","(((5, 10), (6, 4), (6, 6)), (1, 10))",33,12.0,45.0,33,2,0,expanded,False,True,3539
"(((6, 5), (6, 7), (7, 10)), (1, 10))","(((6, 5), (6, 7), (6, 10)), (1, 10))",34,13,47.0,34,,,pruned,,,3540
"(((6, 5), (6, 7), (6, 10)), (1, 10))","(((6, 4), (6, 7), (6, 10)), (1, 10))",33,12.0,45.0,33,4,1,expanded,False,True,3541
"(((4, 6), (6, 3), (6, 9)), (1, 10))","(((4, 6), (6, 3), (6, 10)), (1, 10))",33,12.0,45.0,33,2,0,expanded,False,True,3542
"(((3, 9), (5, 2), (6, 5)), (1, 10))","(((3, 10), (5, 2), (6, 5)), (1, 10))",33,12.0,45.0,33,2,0,expanded,False,True,3543
"(((4, 7), (6, 3), (6, 9)), (2, 2))","(((4, 6), (6, 3), (6, 9)), (2, 2))",34,11,45.0,34,,,pruned,,,3544
"(((4, 6), (6, 2), (6, 9)), (2, 2))","(((4, 6), (6, 3), (6, 9)), (2, 2))",34,13,47.0,34,,,pruned,,,3545
"(((4, 6), (6, 3), (6, 9)), (2, 2))","(((4, 5), (6, 3), (6, 9)), (2, 2))",33,12.0,45.0,33,4,2,expanded,False,True,3546
"(((3, 9), (6, 2), (6, 6)), (2, 2))","(((3, 9), (5, 2), (6, 6)), (2, 2))",35,12,47.0,35,,,pruned,,,3547
"(((3, 9), (5, 2), (6, 6)), (2, 2))","(((3, 9), (4, 2), (6, 6)), (2, 2))",34,11.0,45.0,34,4,1,expanded,False,True,3548
"(((3, 11), (5, 2), (6, 7)), (1, 10))","(((3, 10), (5, 2), (6, 7)), (2, 2))",35,12,47.0,35,,,pruned,,,3549
"(((3, 10), (6, 2), (6, 7)), (2, 2))","(((3, 10), (5, 2), (6, 7)), (2, 2))",35,12,47.0,35,,,pruned,,,3550
"(((3, 10), (5, 2), (6, 7)), (2, 2))","(((3, 10), (4, 2), (6, 7)), (2, 2))",34,11.0,45.0,34,4,2,expanded,False,True,3551
"(((1, 10), (4, 2), (6, 7)), (1, 11))","(((2, 10), (4, 2), (6, 7)), (1, 10))",35,12,47.0,35,,,pruned,,,3552
"(((2, 10), (4, 1), (6, 7)), (1, 10))","(((2, 10), (4, 2), (6, 7)), (1, 10))",35,12,47.0,35,,,pruned,,,3553
"(((2, 10), (4, 2), (6, 7)), (1, 10))","(((2, 10), (4, 3), (6, 7)), (1, 10))",34,11.0,45.0,34,8,2,expanded,False,True,3554
"(((4, 4), (4, 6), (6, 5)), (1, 10))","(((4, 4), (4, 6), (6, 6)), (1, 10))",34,11.0,45.0,34,2,0,expanded,False,True,3555
"(((4, 3), (4, 10), (7, 10)), (1, 10))","(((4, 3), (4, 10), (6, 10)), (1, 10))",35,12,47.0,35,,,pruned,,,3556
"(((4, 3), (4, 10), (6, 11)), (1, 10))","(((4, 3), (4, 10), (6, 10)), (1, 10))",35,12,47.0,35,,,pruned,,,3557
"(((4, 3), (4, 10), (6, 10)), (1, 10))","(((4, 3), (4, 10), (6, 9)), (1, 10))",34,11.0,45.0,34,8,2,expanded,False,True,3558
"(((4, 1), (4, 10), (6, 9)), (1, 10))","(((4, 2), (4, 10), (6, 9)), (1, 10))",35,12,47.0,35,,,pruned,,,3559
"(((4, 2), (4, 10), (6, 9)), (1, 10))","(((4, 3), (4, 10), (6, 9)), (1, 10))",34,11.0,45.0,34,8,1,expanded,False,True,3560
"(((2, 2), (4, 10), (6, 10)), (1, 10))","(((3, 2), (4, 10), (6, 10)), (1, 10))",35,12,47.0,35,,,pruned,,,3561
"(((3, 2), (4, 10), (7, 10)), (1, 10))","(((3, 2), (4, 10), (6, 10)), (1, 10))",35,12,47.0,35,,,pruned,,,3562
"(((3, 2), (4, 10), (6, 11)), (1, 10))","(((3, 2), (4, 10), (6, 10)), (1, 10))",35,12,47.0,35,,,pruned,,,3563
"(((3, 2), (4, 10), (6, 10)), (1, 10))","(((3, 2), (4, 10), (6, 9)), (1, 10))",34,11.0,45.0,34,8,3,expanded,False,True,3564
"(((3, 7), (4, 1), (6, 5)), (2, 2))","(((3, 7), (4, 2), (6, 5)), (2, 2))",35,12,47.0,35,,,pruned,,,3565
"(((3, 7), (4, 2), (6, 5)), (2, 2))","(((3, 7), (4, 3), (6, 5)), (2, 2))",34,11.0,45.0,34,5,1,expanded,False,True,3566
"(((3, 9), (6, 4), (6, 5)), (2, 2))","(((3, 9), (5, 4), (6, 5)), (2, 2))",34,11.0,45.0,34,1,0,expanded,False,True,3567
"(((3, 11), (6, 4), (6, 6)), (1, 10))","(((3, 10), (6, 4), (6, 6)), (2, 2))",35,12,47.0,35,,,pruned,,,3568
"(((3, 10), (6, 4), (6, 6)), (2, 2))","(((3, 10), (5, 4), (6, 6)), (2, 2))",34,11.0,45.0,34,2,1,expanded,False,True,3569
"(((4, 10), (6, 4), (6, 7)), (1, 10))","(((4, 10), (5, 4), (6, 7)), (1, 10))",34,11.0,45.0,34,4,0,expanded,False,True,3570
"(((1, 10), (5, 4), (6, 6)), (1, 11))","(((2, 10), (5, 4), (6, 6)), (1, 10))",35,12,47.0,35,,,pruned,,,3571
"(((2, 10), (5, 4), (6, 6)), (1, 10))","(((2, 10), (4, 4), (6, 6)), (1, 10))",34,11.0,45.0,34,6,1,expanded,False,True,3572
"(((4, 6), (5, 4), (6, 6)), (1, 10))","(((4, 6), (5, 4), (6, 7)), (1, 10))",34,11.0,45.0,34,2,0,expanded,False,True,3573
"(((5, 4), (5, 10), (6, 9)), (1, 10))","(((4, 4), (5, 10), (6, 9)), (1, 10))",34,11.0,45.0,34,6,0,expanded,False,True,3574
"(((4, 4), (5, 10), (6, 11)), (1, 10))","(((4, 4), (5, 10), (6, 10)), (1, 10))",35,12,47.0,35,,,pruned,,,3575
"(((4, 4), (5, 10), (6, 10)), (1, 10))","(((4, 4), (5, 10), (6, 9)), (1, 10))",34,11.0,45.0,34,6,1,expanded,False,True,3576
"(((3, 7), (4, 4), (6, 2)), (1, 10))","(((3, 7), (4, 4), (6, 3)), (1, 10))",35,12,47.0,35,,,pruned,,,3577
"(((3, 7), (4, 4), (6, 3)), (1, 10))","(((3, 7), (4, 4), (6, 4)), (1, 10))",34,11.0,45.0,34,2,1,expanded,False,True,3578
"(((3, 7), (5, 4), (6, 4)), (2, 2))","(((3, 7), (4, 4), (6, 4)), (2, 2))",34,11.0,45.0,34,1,0,expanded,False,True,3579
"(((1, 10), (4, 6), (6, 3)), (1, 11))","(((2, 10), (4, 6), (6, 3)), (1, 10))",35,12,47.0,35,,,pruned,,,3580
"(((2, 10), (4, 7), (6, 3)), (1, 10))","(((2, 10), (4, 6), (6, 3)), (1, 10))",35,10,45.0,35,,,pruned,,,3581
"(((2, 10), (4, 6), (6, 2)), (1, 10))","(((2, 10), (4, 6), (6, 3)), (1, 10))",35,12,47.0,35,,,pruned,,,3582
"(((2, 10), (4, 6), (6, 3)), (1, 10))","(((3, 10), (4, 6), (6, 3)), (1, 10))",34,11.0,45.0,34,6,3,expanded,False,True,3583
"(((3, 7), (4, 2), (6, 5)), (1, 10))","(((3, 8), (4, 2), (6, 5)), (1, 10))",34,11.0,45.0,34,1,0,expanded,False,True,3584
"(((3, 7), (5, 4), (6, 4)), (1, 10))","(((3, 8), (5, 4), (6, 4)), (1, 10))",34,11.0,45.0,34,1,0,expanded,False,True,3585
"(((3, 10), (5, 2), (6, 7)), (1, 10))","(((4, 10), (5, 2), (6, 7)), (1, 10))",34,11.0,45.0,34,4,0,expanded,False,True,3586
"(((3, 7), (4, 4), (6, 3)), (2, 2))","(((3, 7), (4, 3), (6, 3)), (1, 10))",34,11.0,45.0,34,4,0,expanded,False,True,3587
"(((3, 10), (6, 4), (6, 6)), (1, 10))","(((4, 10), (6, 4), (6, 6)), (1, 10))",34,11.0,45.0,34,4,0,expanded,False,True,3588
"(((4, 10), (6, 5), (6, 6)), (1, 10))","(((4, 10), (6, 4), (6, 6)), (1, 10))",34,11.0,45.0,34,2,0,expanded,False,True,3589
"(((5, 10), (6, 5), (6, 7)), (1, 10))","(((5, 10), (6, 4), (6, 7)), (1, 10))",34,11.0,45.0,34,4,0,expanded,False,True,3590
"(((3, 9), (5, 2), (6, 6)), (1, 10))","(((3, 10), (5, 2), (6, 6)), (1, 10))",34,11.0,45.0,34,2,0,expanded,False,True,3591
"(((3, 9), (6, 4), (6, 5)), (1, 10))","(((3, 10), (6, 4), (6, 5)), (1, 10))",34,11.0,45.0,34,1,0,expanded,False,True,3592
"(((6, 6), (6, 7), (7, 10)), (1, 10))","(((6, 6), (6, 7), (6, 10)), (1, 10))",35,12,47.0,35,,,pruned,,,3593
"(((6, 6), (6, 7), (6, 10)), (1, 10))","(((6, 5), (6, 7), (6, 10)), (1, 10))",34,11.0,45.0,34,3,1,expanded,False,True,3594
"(((3, 9), (6, 2), (6, 7)), (2, 2))","(((3, 9), (5, 2), (6, 7)), (2, 2))",36,11,47.0,36,,,pruned,,,3595
"(((3, 9), (5, 2), (6, 7)), (2, 2))","(((3, 9), (4, 2), (6, 7)), (2, 2))",35,10.0,45.0,35,4,1,expanded,False,True,3596
"(((4, 5), (4, 6), (6, 5)), (1, 10))","(((4, 5), (4, 6), (6, 6)), (1, 10))",35,10.0,45.0,35,1,0,expanded,False,True,3597
"(((3, 10), (4, 3), (6, 11)), (1, 10))","(((3, 10), (4, 3), (6, 10)), (2, 2))",36,11,47.0,36,,,pruned,,,3598
"(((3, 11), (4, 3), (6, 10)), (1, 10))","(((3, 10), (4, 3), (6, 10)), (2, 2))",36,11,47.0,36,,,pruned,,,3599
"(((3, 10), (4, 3), (6, 10)), (2, 2))","(((3, 10), (4, 3), (6, 9)), (2, 2))",35,10.0,45.0,35,4,2,expanded,False,True,3600
"(((3, 11), (4, 2), (6, 9)), (1, 10))","(((3, 10), (4, 2), (6, 9)), (2, 2))",36,11,47.0,36,,,pruned,,,3601
"(((3, 10), (4, 1), (6, 9)), (2, 2))","(((3, 10), (4, 2), (6, 9)), (2, 2))",36,11,47.0,36,,,pruned,,,3602
"(((3, 10), (4, 2), (6, 9)), (2, 2))","(((3, 10), (4, 3), (6, 9)), (2, 2))",35,10.0,45.0,35,6,2,expanded,False,True,3603
"(((2, 2), (3, 10), (6, 10)), (2, 3))","(((3, 2), (3, 10), (6, 10)), (2, 2))",36,11,47.0,36,,,pruned,,,3604
"(((3, 2), (3, 10), (6, 11)), (1, 10))","(((3, 2), (3, 10), (6, 10)), (2, 2))",36,11,47.0,36,,,pruned,,,3605
"(((3, 2), (3, 11), (6, 10)), (1, 10))","(((3, 2), (3, 10), (6, 10)), (2, 2))",36,11,47.0,36,,,pruned,,,3606
"(((3, 2), (3, 10), (6, 10)), (2, 2))","(((3, 2), (3, 10), (6, 9)), (2, 2))",35,10.0,45.0,35,4,3,expanded,False,True,3607
"(((3, 9), (6, 4), (6, 6)), (2, 2))","(((3, 9), (5, 4), (6, 6)), (2, 2))",35,10.0,45.0,35,2,0,expanded,False,True,3608
"(((3, 11), (6, 4), (6, 7)), (1, 10))","(((3, 10), (6, 4), (6, 7)), (2, 2))",36,11,47.0,36,,,pruned,,,3609
"(((3, 10), (6, 4), (6, 7)), (2, 2))","(((3, 10), (5, 4), (6, 7)), (2, 2))",35,10.0,45.0,35,2,1,expanded,False,True,3610
"(((1, 10), (4, 3), (6, 9)), (1, 11))","(((2, 10), (4, 3), (6, 9)), (1, 10))",36,11,47.0,36,,,pruned,,,3611
"(((2, 10), (4, 3), (6, 9)), (1, 10))","(((2, 10), (3, 3), (6, 9)), (1, 10))",35,10.0,45.0,35,6,1,expanded,False,True,3612
"(((1, 10), (3, 2), (6, 9)), (1, 11))","(((2, 10), (3, 2), (6, 9)), (1, 10))",36,11,47.0,36,,,pruned,,,3613
"(((2, 2), (2, 10), (6, 9)), (1, 10))","(((2, 10), (3, 2), (6, 9)), (1, 10))",36,11,47.0,36,,,pruned,,,3614
"(((2, 10), (3, 2), (6, 9)), (1, 10))","(((2, 10), (3, 3), (6, 9)), (1, 10))",35,10.0,45.0,35,6,2,expanded,False,True,3615
"(((1, 10), (3, 3), (6, 10)), (1, 11))","(((2, 10), (3, 3), (6, 10)), (1, 10))",36,11,47.0,36,,,pruned,,,3616
"(((2, 3), (2, 10), (6, 10)), (1, 10))","(((2, 10), (3, 3), (6, 10)), (1, 10))",36,11,47.0,36,,,pruned,,,3617
"(((2, 10), (3, 3), (7, 10)), (1, 10))","(((2, 10), (3, 3), (6, 10)), (1, 10))",36,11,47.0,36,,,pruned,,,3618
"(((2, 10), (3, 3), (6, 11)), (1, 10))","(((2, 10), (3, 3), (6, 10)), (1, 10))",36,11,47.0,36,,,pruned,,,3619
"(((2, 10), (3, 3), (6, 10)), (1, 10))","(((2, 10), (3, 3), (6, 9)), (1, 10))",35,10.0,45.0,35,10,4,expanded,False,True,3620
"(((3, 7), (4, 1), (6, 6)), (2, 2))","(((3, 7), (4, 2), (6, 6)), (2, 2))",36,11,47.0,36,,,pruned,,,3621
"(((3, 7), (4, 2), (6, 6)), (2, 2))","(((3, 7), (4, 3), (6, 6)), (2, 2))",35,10.0,45.0,35,5,1,expanded,False,True,3622
"(((1, 10), (5, 4), (6, 7)), (1, 11))","(((2, 10), (5, 4), (6, 7)), (1, 10))",36,11,47.0,36,,,pruned,,,3623
"(((2, 10), (5, 4), (6, 7)), (1, 10))","(((2, 10), (4, 4), (6, 7)), (1, 10))",35,10.0,45.0,35,6,1,expanded,False,True,3624
"(((4, 10), (5, 4), (6, 9)), (1, 10))","(((4, 4), (4, 10), (6, 9)), (1, 10))",35,10.0,45.0,35,6,0,expanded,False,True,3625
"(((4, 4), (4, 10), (7, 10)), (1, 10))","(((4, 4), (4, 10), (6, 10)), (1, 10))",36,11,47.0,36,,,pruned,,,3626
"(((4, 4), (4, 10), (6, 11)), (1, 10))","(((4, 4), (4, 10), (6, 10)), (1, 10))",36,11,47.0,36,,,pruned,,,3627
"(((4, 4), (4, 10), (6, 10)), (1, 10))","(((4, 4), (4, 10), (6, 9)), (1, 10))",35,10.0,45.0,35,10,2,expanded,False,True,3628
"(((4, 5), (5, 10), (6, 11)), (2, 2))","(((4, 5), (5, 10), (6, 10)), (2, 2))",36,11,47.0,36,,,pruned,,,3629
"(((4, 5), (5, 10), (6, 10)), (2, 2))","(((4, 5), (5, 10), (6, 9)), (2, 2))",35,10.0,45.0,35,2,1,expanded,False,True,3630
"(((4, 3), (4, 10), (5, 10)), (1, 10))","(((3, 3), (4, 10), (5, 10)), (1, 10))",35,10.0,45.0,35,2,0,expanded,False,True,3631
"(((2, 2), (4, 10), (5, 10)), (1, 10))","(((3, 2), (4, 10), (5, 10)), (1, 10))",36,11,47.0,36,,,pruned,,,3632
"(((3, 2), (4, 10), (5, 10)), (1, 10))","(((3, 3), (4, 10), (5, 10)), (1, 10))",35,10.0,45.0,35,2,1,expanded,False,True,3633
"(((3, 7), (5, 4), (6, 5)), (2, 2))","(((3, 7), (4, 4), (6, 5)), (2, 2))",35,10.0,45.0,35,3,0,expanded,False,True,3634
"(((3, 7), (4, 5), (6, 2)), (1, 10))","(((3, 7), (4, 5), (6, 3)), (1, 10))",36,11,47.0,36,,,pruned,,,3635
"(((3, 7), (4, 5), (6, 3)), (1, 10))","(((3, 8), (4, 5), (6, 3)), (1, 10))",35,10.0,45.0,35,3,1,expanded,False,True,3636
"(((3, 7), (4, 2), (6, 6)), (1, 10))","(((3, 8), (4, 2), (6, 6)), (1, 10))",35,10.0,45.0,35,1,0,expanded,False,True,3637
"(((3, 7), (5, 4), (6, 5)), (1, 10))","(((3, 8), (5, 4), (6, 5)), (1, 10))",35,10.0,45.0,35,1,0,expanded,False,True,3638
"(((3, 10), (4, 3), (7, 10)), (1, 10))","(((3, 10), (4, 3), (6, 10)), (1, 10))",36,11,47.0,36,,,pruned,,,3639
"(((3, 10), (4, 3), (6, 10)), (1, 10))","(((4, 3), (4, 10), (6, 10)), (1, 10))",35,10.0,45.0,35,6,1,expanded,False,True,3640
"(((3, 10), (4, 2), (6, 9)), (1, 10))","(((4, 2), (4, 10), (6, 9)), (1, 10))",35,10.0,45.0,35,4,0,expanded,False,True,3641
"(((3, 2), (3, 10), (7, 10)), (1, 10))","(((3, 2), (3, 10), (6, 10)), (1, 10))",36,11,47.0,36,,,pruned,,,3642
"(((3, 2), (3, 10), (6, 10)), (1, 10))","(((3, 2), (4, 10), (6, 10)), (1, 10))",35,10.0,45.0,35,6,1,expanded,False,True,3643
"(((3, 11), (6, 5), (6, 6)), (1, 10))","(((3, 10), (6, 5), (6, 6)), (2, 2))",36,11,47.0,36,,,pruned,,,3644
"(((3, 10), (6, 5), (6, 6)), (2, 2))","(((3, 10), (6, 4), (6, 6)), (2, 2))",35,10.0,45.0,35,1,1,expanded,True,True,3645
"(((3, 10), (6, 4), (6, 7)), (1, 10))","(((4, 10), (6, 4), (6, 7)), (1, 10))",35,10.0,45.0,35,4,0,expanded,False,True,3646
"(((4, 10), (6, 5), (6, 7)), (1, 10))","(((4, 10), (6, 4), (6, 7)), (1, 10))",35,10.0,45.0,35,4,0,expanded,False,True,3647
"(((3, 9), (5, 2), (6, 7)), (1, 10))","(((3, 10), (5, 2), (6, 7)), (1, 10))",35,10.0,45.0,35,2,0,expanded,False,True,3648
"(((3, 9), (6, 4), (6, 6)), (1, 10))","(((3, 10), (6, 4), (6, 6)), (1, 10))",35,10.0,45.0,35,2,0,expanded,False,True,3649
"(((3, 10), (6, 5), (6, 6)), (1, 10))","(((4, 10), (6, 5), (6, 6)), (1, 10))",35,10.0,45.0,35,3,0,expanded,False,True,3650
"(((5, 10), (6, 6), (6, 7)), (1, 10))","(((5, 10), (6, 5), (6, 7)), (1, 10))",35,10.0,45.0,35,2,0,expanded,False,True,3651
"(((3, 9), (4, 1), (6, 9)), (2, 2))","(((3, 9), (4, 2), (6, 9)), (2, 2))",37,10,47.0,37,,,pruned,,,3652
"(((3, 9), (4, 2), (6, 9)), (2, 2))","(((3, 9), (4, 3), (6, 9)), (2, 2))",36,9.0,45.0,36,6,1,expanded,False,True,3653
"(((3, 9), (4, 3), (6, 11)), (1, 10))","(((3, 9), (4, 3), (6, 10)), (2, 2))",37,10,47.0,37,,,pruned,,,3654
"(((3, 9), (4, 3), (6, 10)), (2, 2))","(((3, 9), (4, 3), (6, 9)), (2, 2))",36,9.0,45.0,36,4,1,expanded,False,True,3655
"(((2, 2), (3, 9), (6, 10)), (2, 3))","(((3, 2), (3, 9), (6, 10)), (2, 2))",37,10,47.0,37,,,pruned,,,3656
"(((3, 2), (3, 9), (6, 11)), (1, 10))","(((3, 2), (3, 9), (6, 10)), (2, 2))",37,10,47.0,37,,,pruned,,,3657
"(((3, 2), (3, 9), (6, 10)), (2, 2))","(((3, 2), (3, 9), (6, 9)), (2, 2))",36,9.0,45.0,36,4,2,expanded,False,True,3658
"(((3, 8), (4, 1), (6, 8)), (2, 2))","(((3, 8), (4, 2), (6, 8)), (2, 2))",37,10,47.0,37,,,pruned,,,3659
"(((3, 8), (4, 2), (6, 8)), (2, 2))","(((3, 8), (4, 3), (6, 8)), (2, 2))",36,9.0,45.0,36,6,1,expanded,False,True,3660
"(((3, 9), (6, 4), (6, 7)), (2, 2))","(((3, 9), (5, 4), (6, 7)), (2, 2))",36,9.0,45.0,36,2,0,expanded,False,True,3661
"(((1, 10), (3, 4), (6, 10)), (1, 11))","(((2, 10), (3, 4), (6, 10)), (1, 10))",37,10,47.0,37,,,pruned,,,3662
"(((2, 10), (3, 4), (7, 10)), (1, 10))","(((2, 10), (3, 4), (6, 10)), (1, 10))",37,10,47.0,37,,,pruned,,,3663
"(((2, 10), (3, 4), (6, 11)), (1, 10))","(((2, 10), (3, 4), (6, 10)), (1, 10))",37,10,47.0,37,,,pruned,,,3664
"(((2, 10), (3, 5), (6, 10)), (1, 10))","(((2, 10), (3, 4), (6, 10)), (1, 10))",37,8,45.0,37,,,pruned,,,3665
"(((2, 10), (3, 4), (6, 10)), (1, 10))","(((2, 10), (3, 4), (6, 9)), (1, 10))",36,9.0,45.0,36,8,4,expanded,False,True,3666
"(((3, 7), (4, 1), (6, 7)), (2, 2))","(((3, 7), (4, 2), (6, 7)), (2, 2))",37,10,47.0,37,,,pruned,,,3667
"(((3, 7), (4, 2), (6, 7)), (2, 2))","(((3, 7), (4, 3), (6, 7)), (2, 2))",36,9.0,45.0,36,5,1,expanded,False,True,3668
"(((3, 11), (5, 4), (6, 9)), (1, 10))","(((3, 10), (5, 4), (6, 9)), (2, 2))",37,10,47.0,37,,,pruned,,,3669
"(((3, 10), (5, 4), (6, 9)), (2, 2))","(((3, 10), (4, 4), (6, 9)), (2, 2))",36,9.0,45.0,36,4,1,expanded,False,True,3670
"(((3, 10), (4, 4), (6, 11)), (1, 10))","(((3, 10), (4, 4), (6, 10)), (2, 2))",37,10,47.0,37,,,pruned,,,3671
"(((3, 11), (4, 4), (6, 10)), (1, 10))","(((3, 10), (4, 4), (6, 10)), (2, 2))",37,10,47.0,37,,,pruned,,,3672
"(((3, 10), (4, 4), (6, 10)), (2, 2))","(((3, 10), (4, 4), (6, 9)), (2, 2))",36,9.0,45.0,36,6,2,expanded,False,True,3673
"(((4, 5), (4, 10), (6, 11)), (1, 10))","(((4, 5), (4, 10), (6, 10)), (2, 2))",37,10,47.0,37,,,pruned,,,3674
"(((4, 5), (4, 10), (6, 10)), (2, 2))","(((4, 5), (4, 10), (6, 9)), (2, 2))",36,9.0,45.0,36,2,1,expanded,False,True,3675
"(((4, 7), (5, 10), (6, 10)), (2, 2))","(((4, 6), (5, 10), (6, 10)), (2, 2))",37,8,45.0,37,,,pruned,,,3676
"(((4, 6), (5, 10), (6, 11)), (2, 2))","(((4, 6), (5, 10), (6, 10)), (2, 2))",37,10,47.0,37,,,pruned,,,3677
"(((4, 6), (5, 10), (6, 10)), (2, 2))","(((4, 6), (5, 10), (6, 9)), (2, 2))",36,9.0,45.0,36,2,2,expanded,True,True,3678
"(((3, 7), (5, 4), (6, 6)), (2, 2))","(((3, 7), (4, 4), (6, 6)), (2, 2))",36,9.0,45.0,36,3,0,expanded,False,True,3679
"(((1, 10), (4, 4), (6, 9)), (1, 11))","(((2, 10), (4, 4), (6, 9)), (1, 10))",37,10,47.0,37,,,pruned,,,3680
"(((2, 10), (4, 4), (6, 9)), (1, 10))","(((3, 10), (4, 4), (6, 9)), (1, 10))",36,9.0,45.0,36,8,1,expanded,False,True,3681
"(((3, 11), (4, 3), (5, 10)), (1, 10))","(((3, 10), (4, 3), (5, 10)), (1, 10))",37,10,47.0,37,,,pruned,,,3682
"(((3, 10), (4, 3), (5, 10)), (1, 10))","(((3, 3), (3, 10), (5, 10)), (1, 10))",36,9.0,45.0,36,8,1,expanded,False,True,3683
"(((3, 2), (3, 11), (5, 10)), (1, 10))","(((3, 2), (3, 10), (5, 10)), (1, 10))",37,10,47.0,37,,,pruned,,,3684
"(((2, 2), (3, 10), (5, 10)), (1, 10))","(((3, 2), (3, 10), (5, 10)), (1, 10))",37,10,47.0,37,,,pruned,,,3685
"(((3, 2), (3, 10), (5, 10)), (1, 10))","(((3, 3), (3, 10), (5, 10)), (1, 10))",36,9.0,45.0,36,8,2,expanded,False,True,3686
"(((2, 3), (2, 10), (5, 10)), (1, 10))","(((2, 10), (3, 3), (5, 10)), (1, 10))",37,10,47.0,37,,,pruned,,,3687
"(((1, 10), (3, 3), (5, 10)), (1, 11))","(((2, 10), (3, 3), (5, 10)), (1, 10))",37,10,47.0,37,,,pruned,,,3688
"(((2, 10), (3, 3), (5, 10)), (1, 10))","(((3, 3), (3, 10), (5, 10)), (1, 10))",36,9.0,45.0,36,8,2,expanded,False,True,3689
"(((3, 7), (4, 2), (6, 7)), (1, 10))","(((3, 8), (4, 2), (6, 7)), (1, 10))",36,9.0,45.0,36,1,0,expanded,False,True,3690
"(((3, 7), (5, 4), (6, 6)), (1, 10))","(((3, 8), (5, 4), (6, 6)), (1, 10))",36,9.0,45.0,36,1,0,expanded,False,True,3691
"(((3, 7), (4, 7), (6, 3)), (1, 10))","(((3, 7), (4, 6), (6, 3)), (1, 10))",37,8,45.0,37,,,pruned,,,3692
"(((3, 7), (4, 6), (6, 2)), (1, 10))","(((3, 7), (4, 6), (6, 3)), (1, 10))",37,10,47.0,37,,,pruned,,,3693
"(((3, 7), (4, 6), (6, 3)), (1, 10))","(((3, 8), (4, 6), (6, 3)), (1, 10))",36,9.0,45.0,36,3,2,expanded,False,True,3694
"(((3, 8), (4, 2), (6, 8)), (1, 10))","(((3, 9), (4, 2), (6, 8)), (1, 10))",36,9.0,45.0,36,2,0,expanded,False,True,3695
"(((3, 9), (6, 5), (6, 6)), (2, 2))","(((3, 9), (6, 4), (6, 6)), (2, 2))",36,9.0,45.0,36,1,0,expanded,False,True,3696
"(((3, 11), (6, 5), (6, 7)), (1, 10))","(((3, 10), (6, 5), (6, 7)), (2, 2))",37,10,47.0,37,,,pruned,,,3697
"(((3, 10), (6, 5), (6, 7)), (2, 2))","(((3, 10), (6, 4), (6, 7)), (2, 2))",36,9.0,45.0,36,2,1,expanded,False,True,3698
"(((3, 10), (5, 4), (6, 9)), (1, 10))","(((4, 10), (5, 4), (6, 9)), (1, 10))",36,9.0,45.0,36,4,0,expanded,False,True,3699
"(((3, 10), (4, 4), (7, 10)), (1, 10))","(((3, 10), (4, 4), (6, 10)), (1, 10))",37,10,47.0,37,,,pruned,,,3700
"(((3, 10), (4, 4), (6, 10)), (1, 10))","(((4, 4), (4, 10), (6, 10)), (1, 10))",36,9.0,45.0,36,6,1,expanded,False,True,3701
"(((4, 4), (4, 10), (5, 10)), (1, 10))","(((4, 4), (4, 10), (6, 10)), (1, 10))",36,9.0,45.0,36,4,0,expanded,False,True,3702
"(((3, 9), (4, 3), (7, 10)), (1, 10))","(((3, 9), (4, 3), (6, 10)), (1, 10))",37,10,47.0,37,,,pruned,,,3703
"(((3, 9), (4, 3), (6, 10)), (1, 10))","(((3, 10), (4, 3), (6, 10)), (1, 10))",36,9.0,45.0,36,4,1,expanded,False,True,3704
"(((3, 9), (4, 2), (6, 9)), (1, 10))","(((3, 10), (4, 2), (6, 9)), (1, 10))",36,9.0,45.0,36,2,0,expanded,False,True,3705
"(((3, 2), (3, 9), (7, 10)), (1, 10))","(((3, 2), (3, 9), (6, 10)), (1, 10))",37,10,47.0,37,,,pruned,,,3706
"(((3, 2), (3, 9), (6, 10)), (1, 10))","(((3, 2), (3, 10), (6, 10)), (1, 10))",36,9.0,45.0,36,4,1,expanded,False,True,3707
"(((3, 9), (6, 4), (6, 7)), (1, 10))","(((3, 10), (6, 4), (6, 7)), (1, 10))",36,9.0,45.0,36,2,0,expanded,False,True,3708
"(((3, 10), (6, 5), (6, 7)), (1, 10))","(((4, 10), (6, 5), (6, 7)), (1, 10))",36,9.0,45.0,36,4,0,expanded,False,True,3709
"(((4, 10), (6, 6), (6, 7)), (1, 10))","(((4, 10), (6, 5), (6, 7)), (1, 10))",36,9.0,45.0,36,2,0,expanded,False,True,3710
"(((3, 9), (6, 5), (6, 6)), (1, 10))","(((3, 10), (6, 5), (6, 6)), (1, 10))",36,9.0,45.0,36,1,0,expanded,False,True,3711
"(((3, 9), (5, 4), (6, 9)), (2, 2))","(((3, 9), (4, 4), (6, 9)), (2, 2))",37,8.0,45.0,37,4,0,expanded,False,True,3712
"(((3, 9), (4, 4), (6, 11)), (1, 10))","(((3, 9), (4, 4), (6, 10)), (2, 2))",38,9,47.0,38,,,pruned,,,3713
"(((3, 9), (4, 4), (6, 10)), (2, 2))","(((3, 9), (4, 4), (6, 9)), (2, 2))",37,8.0,45.0,37,6,1,expanded,False,True,3714
"(((3, 10), (4, 5), (6, 11)), (1, 10))","(((3, 10), (4, 5), (6, 10)), (2, 2))",38,9,47.0,38,,,pruned,,,3715
"(((3, 10), (4, 5), (6, 10)), (2, 2))","(((3, 10), (4, 5), (6, 9)), (2, 2))",37,8.0,45.0,37,2,1,expanded,False,True,3716
"(((4, 7), (4, 10), (6, 10)), (2, 2))","(((4, 6), (4, 10), (6, 10)), (2, 2))",38,7,45.0,38,,,pruned,,,3717
"(((4, 6), (4, 10), (6, 11)), (1, 10))","(((4, 6), (4, 10), (6, 10)), (2, 2))",38,9,47.0,38,,,pruned,,,3718
"(((4, 6), (4, 10), (6, 10)), (2, 2))","(((4, 6), (4, 10), (6, 9)), (2, 2))",37,8.0,45.0,37,2,2,expanded,True,True,3719
"(((3, 7), (4, 3), (6, 9)), (2, 2))","(((3, 3), (3, 7), (6, 9)), (2, 2))",37,8.0,45.0,37,3,0,expanded,False,True,3720
"(((2, 2), (3, 7), (6, 9)), (2, 3))","(((3, 2), (3, 7), (6, 9)), (2, 2))",38,9,47.0,38,,,pruned,,,3721
"(((3, 2), (3, 7), (6, 9)), (2, 2))","(((3, 3), (3, 7), (6, 9)), (2, 2))",37,8.0,45.0,37,3,1,expanded,False,True,3722
"(((2, 3), (3, 7), (6, 10)), (2, 2))","(((3, 3), (3, 7), (6, 10)), (2, 2))",38,9,47.0,38,,,pruned,,,3723
"(((3, 3), (3, 7), (6, 11)), (1, 10))","(((3, 3), (3, 7), (6, 10)), (2, 2))",38,9,47.0,38,,,pruned,,,3724
"(((3, 3), (3, 7), (6, 10)), (2, 2))","(((3, 3), (3, 7), (6, 9)), (2, 2))",37,8.0,45.0,37,5,2,expanded,False,True,3725
"(((3, 8), (5, 4), (6, 8)), (2, 2))","(((3, 8), (4, 4), (6, 8)), (2, 2))",37,8.0,45.0,37,4,0,expanded,False,True,3726
"(((3, 7), (5, 4), (6, 7)), (2, 2))","(((3, 7), (4, 4), (6, 7)), (2, 2))",37,8.0,45.0,37,3,0,expanded,False,True,3727
"(((1, 10), (3, 4), (5, 10)), (1, 11))","(((2, 10), (3, 4), (5, 10)), (1, 10))",38,9,47.0,38,,,pruned,,,3728
"(((2, 10), (3, 5), (5, 10)), (1, 10))","(((2, 10), (3, 4), (5, 10)), (1, 10))",38,7,45.0,38,,,pruned,,,3729
"(((2, 10), (3, 4), (5, 10)), (1, 10))","(((3, 4), (3, 10), (5, 10)), (1, 10))",37,8.0,45.0,37,6,2,expanded,False,True,3730
"(((3, 11), (4, 3), (4, 10)), (1, 10))","(((3, 10), (4, 3), (4, 10)), (1, 10))",38,9,47.0,38,,,pruned,,,3731
"(((3, 10), (4, 3), (4, 10)), (1, 10))","(((3, 3), (3, 10), (4, 10)), (1, 10))",37,8.0,45.0,37,4,1,expanded,False,True,3732
"(((2, 2), (3, 10), (4, 10)), (1, 10))","(((3, 2), (3, 10), (4, 10)), (1, 10))",38,9,47.0,38,,,pruned,,,3733
"(((3, 2), (3, 11), (4, 10)), (1, 10))","(((3, 2), (3, 10), (4, 10)), (1, 10))",38,9,47.0,38,,,pruned,,,3734
"(((3, 2), (3, 10), (4, 10)), (1, 10))","(((3, 3), (3, 10), (4, 10)), (1, 10))",37,8.0,45.0,37,4,2,expanded,False,True,3735
"(((3, 9), (4, 3), (5, 10)), (1, 10))","(((3, 3), (3, 9), (5, 10)), (1, 10))",37,8.0,45.0,37,6,0,expanded,False,True,3736
"(((2, 2), (3, 9), (5, 10)), (1, 10))","(((3, 2), (3, 9), (5, 10)), (1, 10))",38,9,47.0,38,,,pruned,,,3737
"(((3, 2), (3, 9), (5, 10)), (1, 10))","(((3, 3), (3, 9), (5, 10)), (1, 10))",37,8.0,45.0,37,6,1,expanded,False,True,3738
"(((2, 10), (4, 5), (6, 9)), (2, 2))","(((2, 10), (4, 5), (6, 8)), (2, 2))",37,8.0,45.0,37,2,0,expanded,False,True,3739
"(((3, 7), (4, 3), (6, 9)), (1, 10))","(((3, 8), (4, 3), (6, 9)), (1, 10))",37,8.0,45.0,37,1,0,expanded,False,True,3740
"(((3, 2), (3, 7), (6, 9)), (1, 10))","(((3, 2), (3, 8), (6, 9)), (1, 10))",37,8.0,45.0,37,1,0,expanded,False,True,3741
"(((3, 3), (3, 7), (7, 10)), (1, 10))","(((3, 3), (3, 7), (6, 10)), (1, 10))",38,9,47.0,38,,,pruned,,,3742
"(((3, 3), (3, 7), (6, 10)), (1, 10))","(((3, 3), (3, 8), (6, 10)), (1, 10))",37,8.0,45.0,37,3,1,expanded,False,True,3743
"(((3, 7), (5, 4), (6, 7)), (1, 10))","(((3, 8), (5, 4), (6, 7)), (1, 10))",37,8.0,45.0,37,1,0,expanded,False,True,3744
"(((3, 8), (5, 4), (6, 8)), (1, 10))","(((3, 9), (5, 4), (6, 8)), (1, 10))",37,8.0,45.0,37,2,0,expanded,False,True,3745
"(((3, 9), (6, 5), (6, 7)), (2, 2))","(((3, 9), (6, 4), (6, 7)), (2, 2))",37,8.0,45.0,37,2,0,expanded,False,True,3746
"(((3, 11), (4, 4), (5, 10)), (1, 10))","(((3, 10), (4, 4), (5, 10)), (1, 10))",38,9,47.0,38,,,pruned,,,3747
"(((3, 10), (4, 4), (5, 10)), (1, 10))","(((3, 10), (4, 3), (5, 10)), (1, 10))",37,8.0,45.0,37,10,1,expanded,False,True,3748
"(((1, 10), (3, 3), (4, 10)), (1, 11))","(((2, 10), (3, 3), (4, 10)), (1, 10))",38,9,47.0,38,,,pruned,,,3749
"(((2, 3), (2, 10), (4, 10)), (1, 10))","(((2, 10), (3, 3), (4, 10)), (1, 10))",38,9,47.0,38,,,pruned,,,3750
"(((2, 10), (3, 3), (4, 10)), (1, 10))","(((2, 10), (3, 3), (5, 10)), (1, 10))",37,8.0,45.0,37,8,2,expanded,False,True,3751
"(((3, 11), (6, 6), (6, 7)), (1, 10))","(((3, 10), (6, 6), (6, 7)), (2, 2))",38,9,47.0,38,,,pruned,,,3752
"(((3, 10), (6, 6), (6, 7)), (2, 2))","(((3, 10), (6, 5), (6, 7)), (2, 2))",37,8.0,45.0,37,1,1,expanded,True,True,3753
"(((3, 9), (5, 4), (6, 9)), (1, 10))","(((3, 10), (5, 4), (6, 9)), (1, 10))",37,8.0,45.0,37,2,0,expanded,False,True,3754
"(((3, 9), (4, 4), (7, 10)), (1, 10))","(((3, 9), (4, 4), (6, 10)), (1, 10))",38,9,47.0,38,,,pruned,,,3755
"(((3, 9), (4, 4), (6, 10)), (1, 10))","(((3, 10), (4, 4), (6, 10)), (1, 10))",37,8.0,45.0,37,4,1,expanded,False,True,3756
"(((4, 5), (4, 10), (5, 10)), (1, 10))","(((4, 4), (4, 10), (5, 10)), (1, 10))",37,8.0,45.0,37,2,0,expanded,False,True,3757
"(((3, 9), (6, 5), (6, 7)), (1, 10))","(((3, 10), (6, 5), (6, 7)), (1, 10))",37,8.0,45.0,37,2,0,expanded,False,True,3758
"(((3, 10), (6, 6), (6, 7)), (1, 10))","(((4, 10), (6, 6), (6, 7)), (1, 10))",37,8.0,45.0,37,3,0,expanded,False,True,3759
"(((3, 9), (4, 5), (6, 11)), (1, 10))","(((3, 9), (4, 5), (6, 10)), (2, 2))",39,8,47.0,39,,,pruned,,,3760
"(((3, 9), (4, 5), (6, 10)), (2, 2))","(((3, 9), (4, 5), (6, 9)), (2, 2))",38,7.0,45.0,38,2,1,expanded,False,True,3761
"(((3, 10), (4, 7), (6, 10)), (2, 2))","(((3, 10), (4, 6), (6, 10)), (2, 2))",39,6,45.0,39,,,pruned,,,3762
"(((3, 10), (4, 6), (6, 11)), (1, 10))","(((3, 10), (4, 6), (6, 10)), (2, 2))",39,8,47.0,39,,,pruned,,,3763
"(((3, 10), (4, 6), (6, 10)), (2, 2))","(((3, 10), (4, 6), (6, 9)), (2, 2))",38,7.0,45.0,38,2,2,expanded,True,True,3764
"(((3, 4), (3, 7), (6, 11)), (1, 10))","(((3, 4), (3, 7), (6, 10)), (2, 2))",39,8,47.0,39,,,pruned,,,3765
"(((3, 5), (3, 7), (6, 10)), (2, 2))","(((3, 4), (3, 7), (6, 10)), (2, 2))",39,6,45.0,39,,,pruned,,,3766
"(((3, 4), (3, 7), (6, 10)), (2, 2))","(((3, 4), (3, 7), (6, 9)), (2, 2))",38,7.0,45.0,38,3,2,expanded,False,True,3767
"(((3, 9), (4, 3), (4, 10)), (1, 10))","(((3, 3), (3, 9), (4, 10)), (1, 10))",38,7.0,45.0,38,6,0,expanded,False,True,3768
"(((2, 2), (3, 9), (4, 10)), (1, 10))","(((3, 2), (3, 9), (4, 10)), (1, 10))",39,8,47.0,39,,,pruned,,,3769
"(((3, 2), (3, 9), (4, 10)), (1, 10))","(((3, 3), (3, 9), (4, 10)), (1, 10))",38,7.0,45.0,38,6,1,expanded,False,True,3770
"(((3, 7), (4, 4), (6, 9)), (2, 2))","(((3, 7), (4, 4), (6, 8)), (2, 2))",38,7.0,45.0,38,5,0,expanded,False,True,3771
"(((3, 4), (3, 7), (7, 10)), (1, 10))","(((3, 4), (3, 7), (6, 10)), (1, 10))",39,8,47.0,39,,,pruned,,,3772
"(((3, 4), (3, 7), (6, 10)), (1, 10))","(((3, 4), (3, 8), (6, 10)), (1, 10))",38,7.0,45.0,38,3,1,expanded,False,True,3773
"(((2, 10), (4, 7), (6, 9)), (2, 2))","(((2, 10), (4, 6), (6, 9)), (2, 2))",39,6,45.0,39,,,pruned,,,3774
"(((2, 10), (4, 6), (6, 9)), (2, 2))","(((2, 10), (4, 6), (6, 8)), (2, 2))",38,7.0,45.0,38,2,1,expanded,False,True,3775
"(((3, 7), (4, 4), (6, 9)), (1, 10))","(((3, 8), (4, 4), (6, 9)), (1, 10))",38,7.0,45.0,38,1,0,expanded,False,True,3776
"(((2, 3), (3, 7), (5, 10)), (1, 10))","(((3, 3), (3, 7), (5, 10)), (1, 10))",39,8,47.0,39,,,pruned,,,3777
"(((3, 3), (3, 7), (5, 10)), (1, 10))","(((3, 3), (3, 8), (5, 10)), (1, 10))",38,7.0,45.0,38,6,1,expanded,False,True,3778
"(((1, 10), (3, 4), (4, 10)), (1, 11))","(((2, 10), (3, 4), (4, 10)), (1, 10))",39,8,47.0,39,,,pruned,,,3779
"(((2, 10), (3, 5), (4, 10)), (1, 10))","(((2, 10), (3, 4), (4, 10)), (1, 10))",39,6,45.0,39,,,pruned,,,3780
"(((2, 10), (3, 4), (4, 10)), (1, 10))","(((2, 10), (3, 4), (5, 10)), (1, 10))",38,7.0,45.0,38,6,2,expanded,False,True,3781
"(((3, 11), (4, 4), (4, 10)), (1, 10))","(((3, 10), (4, 4), (4, 10)), (1, 10))",39,8,47.0,39,,,pruned,,,3782
"(((3, 10), (4, 4), (4, 10)), (1, 10))","(((3, 10), (4, 3), (4, 10)), (1, 10))",38,7.0,45.0,38,6,1,expanded,False,True,3783
"(((3, 9), (4, 4), (5, 10)), (1, 10))","(((3, 9), (4, 3), (5, 10)), (1, 10))",38,7.0,45.0,38,8,0,expanded,False,True,3784
"(((3, 9), (6, 6), (6, 7)), (2, 2))","(((3, 9), (6, 5), (6, 7)), (2, 2))",38,7.0,45.0,38,1,0,expanded,False,True,3785
"(((3, 10), (4, 5), (5, 10)), (1, 10))","(((3, 10), (4, 4), (5, 10)), (1, 10))",38,7.0,45.0,38,6,0,expanded,False,True,3786
"(((2, 3), (2, 10), (3, 10)), (1, 10))","(((2, 10), (3, 3), (3, 10)), (1, 10))",39,8,47.0,39,,,pruned,,,3787
"(((2, 10), (3, 3), (3, 11)), (2, 2))","(((2, 10), (3, 3), (3, 10)), (1, 10))",39,8,47.0,39,,,pruned,,,3788
"(((2, 10), (3, 3), (3, 10)), (1, 10))","(((2, 10), (3, 3), (4, 10)), (1, 10))",38,7.0,45.0,38,6,2,expanded,False,True,3789
"(((4, 7), (4, 10), (5, 10)), (1, 10))","(((4, 6), (4, 10), (5, 10)), (1, 10))",39,6,45.0,39,,,pruned,,,3790
"(((4, 6), (4, 10), (5, 10)), (1, 10))","(((4, 5), (4, 10), (5, 10)), (1, 10))",38,7.0,45.0,38,2,1,expanded,False,True,3791
"(((3, 9), (6, 6), (6, 7)), (1, 10))","(((3, 10), (6, 6), (6, 7)), (1, 10))",38,7.0,45.0,38,1,0,expanded,False,True,3792
"(((3, 9), (4, 7), (6, 10)), (2, 2))","(((3, 9), (4, 6), (6, 10)), (2, 2))",40,5,45.0,40,,,pruned,,,3793
"(((3, 9), (4, 6), (6, 11)), (1, 10))","(((3, 9), (4, 6), (6, 10)), (2, 2))",40,7,47.0,40,,,pruned,,,3794
"(((3, 9), (4, 6), (6, 10)), (2, 2))","(((3, 9), (4, 6), (6, 9)), (2, 2))",39,6.0,45.0,39,2,2,expanded,True,True,3795
"(((3, 9), (3, 10), (4, 3)), (1, 10))","(((3, 3), (3, 9), (3, 10)), (1, 10))",39,6.0,45.0,39,4,0,expanded,False,True,3796
"(((2, 2), (3, 9), (3, 10)), (1, 10))","(((3, 2), (3, 9), (3, 10)), (1, 10))",40,7,47.0,40,,,pruned,,,3797
"(((3, 2), (3, 9), (3, 10)), (1, 10))","(((3, 3), (3, 9), (3, 10)), (1, 10))",39,6.0,45.0,39,4,1,expanded,False,True,3798
"(((1, 10), (3, 3), (3, 9)), (1, 11))","(((2, 10), (3, 3), (3, 9)), (1, 10))",40,7,47.0,40,,,pruned,,,3799
"(((2, 3), (2, 10), (3, 9)), (1, 10))","(((2, 10), (3, 3), (3, 9)), (1, 10))",40,7,47.0,40,,,pruned,,,3800
"(((2, 10), (3, 3), (3, 9)), (1, 10))","(((3, 3), (3, 9), (3, 10)), (1, 10))",39,6.0,45.0,39,8,2,expanded,False,True,3801
"(((3, 7), (4, 5), (6, 9)), (2, 2))","(((3, 7), (4, 5), (6, 8)), (2, 2))",39,6.0,45.0,39,2,0,expanded,False,True,3802
"(((3, 5), (3, 7), (5, 10)), (1, 10))","(((3, 4), (3, 7), (5, 10)), (1, 10))",40,5,45.0,40,,,pruned,,,3803
"(((3, 4), (3, 7), (5, 10)), (1, 10))","(((3, 4), (3, 8), (5, 10)), (1, 10))",39,6.0,45.0,39,4,1,expanded,False,True,3804
"(((2, 3), (3, 7), (4, 10)), (1, 10))","(((3, 3), (3, 7), (4, 10)), (1, 10))",40,7,47.0,40,,,pruned,,,3805
"(((3, 3), (3, 7), (4, 10)), (1, 10))","(((3, 3), (3, 8), (4, 10)), (1, 10))",39,6.0,45.0,39,6,1,expanded,False,True,3806
"(((3, 9), (4, 4), (4, 10)), (1, 10))","(((3, 9), (4, 3), (4, 10)), (1, 10))",39,6.0,45.0,39,8,0,expanded,False,True,3807
"(((2, 10), (3, 5), (3, 10)), (1, 10))","(((2, 10), (3, 4), (3, 10)), (1, 10))",40,5,45.0,40,,,pruned,,,3808
"(((2, 10), (3, 4), (3, 11)), (2, 2))","(((2, 10), (3, 4), (3, 10)), (1, 10))",40,7,47.0,40,,,pruned,,,3809
"(((2, 10), (3, 4), (3, 10)), (1, 10))","(((2, 10), (3, 4), (4, 10)), (1, 10))",39,6.0,45.0,39,4,2,expanded,False,True,3810
"(((3, 10), (4, 5), (4, 10)), (1, 10))","(((3, 10), (4, 4), (4, 10)), (1, 10))",39,6.0,45.0,39,2,0,expanded,False,True,3811
"(((3, 9), (4, 5), (5, 10)), (1, 10))","(((3, 9), (4, 4), (5, 10)), (1, 10))",39,6.0,45.0,39,4,0,expanded,False,True,3812
"(((3, 10), (4, 7), (5, 10)), (1, 10))","(((3, 10), (4, 6), (5, 10)), (1, 10))",40,5,45.0,40,,,pruned,,,3813
"(((3, 10), (4, 6), (5, 10)), (1, 10))","(((3, 10), (4, 5), (5, 10)), (1, 10))",39,6.0,45.0,39,6,1,expanded,False,True,3814
"(((1, 10), (3, 4), (3, 9)), (1, 11))","(((2, 10), (3, 4), (3, 9)), (1, 10))",41,6,47.0,41,,,pruned,,,3815
"(((2, 10), (3, 5), (3, 9)), (1, 10))","(((2, 10), (3, 4), (3, 9)), (1, 10))",41,4,45.0,41,,,pruned,,,3816
"(((2, 10), (3, 4), (3, 9)), (1, 10))","(((3, 4), (3, 9), (3, 10)), (1, 10))",40,5.0,45.0,40,6,2,expanded,False,True,3817
"(((3, 7), (4, 7), (6, 9)), (2, 2))","(((3, 7), (4, 6), (6, 9)), (2, 2))",41,4,45.0,41,,,pruned,,,3818
"(((3, 7), (4, 6), (6, 9)), (2, 2))","(((3, 7), (4, 6), (6, 8)), (2, 2))",40,5.0,45.0,40,2,1,expanded,False,True,3819
"(((3, 5), (3, 7), (4, 10)), (1, 10))","(((3, 4), (3, 7), (4, 10)), (1, 10))",41,4,45.0,41,,,pruned,,,3820
"(((3, 4), (3, 7), (4, 10)), (1, 10))","(((3, 4), (3, 8), (4, 10)), (1, 10))",40,5.0,45.0,40,4,1,expanded,False,True,3821
"(((3, 9), (3, 10), (4, 4)), (1, 10))","(((3, 9), (3, 10), (4, 3)), (1, 10))",40,5.0,45.0,40,6,0,expanded,False,True,3822
"(((2, 3), (3, 7), (3, 10)), (1, 10))","(((3, 3), (3, 7), (3, 10)), (1, 10))",41,6,47.0,41,,,pruned,,,3823
"(((3, 3), (3, 7), (3, 10)), (1, 10))","(((3, 3), (3, 7), (4, 10)), (1, 10))",40,5.0,45.0,40,7,1,expanded,False,True,3824
"(((3, 9), (4, 5), (4, 10)), (1, 10))","(((3, 9), (4, 4), (4, 10)), (1, 10))",40,5.0,45.0,40,4,0,expanded,False,True,3825
"(((3, 10), (4, 7), (4, 10)), (1, 10))","(((3, 10), (4, 6), (4, 10)), (1, 10))",41,4,45.0,41,,,pruned,,,3826
"(((3, 10), (4, 6), (4, 10)), (1, 10))","(((3, 10), (4, 5), (4, 10)), (1, 10))",40,5.0,45.0,40,2,1,expanded,False,True,3827
"(((3, 9), (4, 7), (5, 10)), (1, 10))","(((3, 9), (4, 6), (5, 10)), (1, 10))",41,4,45.0,41,,,pruned,,,3828
"(((3, 9), (4, 6), (5, 10)), (1, 10))","(((3, 9), (4, 5), (5, 10)), (1, 10))",40,5.0,45.0,40,4,1,expanded,False,True,3829
"(((3, 5), (3, 7), (3, 10)), (1, 10))","(((3, 4), (3, 7), (3, 10)), (1, 10))",42,3,45.0,42,,,pruned,,,3830
"(((3, 4), (3, 7), (3, 10)), (1, 10))","(((3, 4), (3, 7), (4, 10)), (1, 10))",41,4.0,45.0,41,5,1,expanded,False,True,3831
"(((3, 9), (3, 10), (4, 5)), (1, 10))","(((3, 9), (3, 10), (4, 4)), (1, 10))",41,4.0,45.0,41,3,0,expanded,False,True,3832
"(((2, 3), (3, 7), (3, 9)), (1, 10))","(((3, 3), (3, 7), (3, 9)), (1, 10))",42,5,47.0,42,,,pruned,,,3833
"(((3, 3), (3, 7), (3, 9)), (1, 10))","(((3, 3), (3, 7), (3, 10)), (1, 10))",41,4.0,45.0,41,5,1,expanded,False,True,3834
"(((3, 9), (4, 7), (4, 10)), (1, 10))","(((3, 9), (4, 6), (4, 10)), (1, 10))",42,3,45.0,42,,,pruned,,,3835
"(((3, 9), (4, 6), (4, 10)), (1, 10))","(((3, 9), (4, 5), (4, 10)), (1, 10))",41,4.0,45.0,41,4,1,expanded,False,True,3836
"(((3, 5), (3, 7), (3, 9)), (1, 10))","(((3, 4), (3, 7), (3, 9)), (1, 10))",43,2,45.0,43,,,pruned,,,3837
"(((3, 4), (3, 7), (3, 9)), (1, 10))","(((3, 4), (3, 7), (3, 10)), (1, 10))",42,3.0,45.0,42,3,1,expanded,False,True,3838
"(((3, 9), (3, 10), (4, 7)), (1, 10))","(((3, 9), (3, 10), (4, 6)), (1, 10))",43,2,45.0,43,,,pruned,,,3839
"(((3, 9), (3, 10), (4, 6)), (1, 10))","(((3, 9), (3, 10), (4, 5)), (1, 10))",42,3.0,45.0,42,3,1,expanded,False,True,3840
"(((4, 3), (6, 2), (6, 8)), (1, 10))","(((4, 3), (6, 3), (6, 8)), (1, 10))",32,16,48.0,32,,,pruned,,,3841
"(((4, 3), (6, 3), (6, 8)), (1, 10))","(((3, 3), (6, 3), (6, 8)), (1, 10))",31,15.0,46.0,31,6,1,expanded,False,True,3842
"(((3, 2), (6, 2), (6, 8)), (1, 10))","(((3, 2), (6, 3), (6, 8)), (1, 10))",32,16,48.0,32,,,pruned,,,3843
"(((2, 2), (6, 3), (6, 8)), (1, 10))","(((3, 2), (6, 3), (6, 8)), (1, 10))",32,16,48.0,32,,,pruned,,,3844
"(((3, 2), (6, 3), (6, 8)), (1, 10))","(((3, 3), (6, 3), (6, 8)), (1, 10))",31,15.0,46.0,31,6,2,expanded,False,True,3845
"(((5, 2), (6, 8), (7, 10)), (1, 10))","(((5, 2), (6, 8), (6, 10)), (1, 10))",33,15,48.0,33,,,pruned,,,3846
"(((6, 2), (6, 8), (6, 10)), (1, 10))","(((5, 2), (6, 8), (6, 10)), (1, 10))",33,15,48.0,33,,,pruned,,,3847
"(((5, 2), (6, 8), (6, 10)), (1, 10))","(((4, 2), (6, 8), (6, 10)), (1, 10))",32,14.0,46.0,32,6,2,expanded,False,True,3848
"(((3, 8), (5, 2), (6, 2)), (1, 10))","(((3, 8), (5, 2), (6, 3)), (1, 10))",33,15,48.0,33,,,pruned,,,3849
"(((3, 8), (6, 2), (6, 3)), (1, 10))","(((3, 8), (5, 2), (6, 3)), (1, 10))",33,15,48.0,33,,,pruned,,,3850
"(((3, 8), (5, 2), (6, 3)), (1, 10))","(((3, 8), (5, 2), (6, 4)), (1, 10))",32,14.0,46.0,32,4,2,expanded,False,True,3851
"(((4, 4), (6, 3), (6, 8)), (1, 10))","(((4, 4), (6, 3), (6, 9)), (1, 10))",32,14.0,46.0,32,5,0,expanded,False,True,3852
"(((3, 8), (4, 2), (6, 2)), (1, 10))","(((3, 8), (4, 2), (6, 3)), (1, 10))",34,14,48.0,34,,,pruned,,,3853
"(((3, 8), (4, 1), (6, 3)), (1, 10))","(((3, 8), (4, 2), (6, 3)), (1, 10))",34,14,48.0,34,,,pruned,,,3854
"(((3, 8), (4, 2), (6, 3)), (1, 10))","(((3, 8), (4, 3), (6, 3)), (1, 10))",33,13.0,46.0,33,5,2,expanded,False,True,3855
"(((5, 10), (6, 2), (6, 8)), (1, 10))","(((5, 2), (5, 10), (6, 8)), (1, 10))",34,14,48.0,34,,,pruned,,,3856
"(((5, 2), (5, 10), (6, 8)), (1, 10))","(((4, 2), (5, 10), (6, 8)), (1, 10))",33,13.0,46.0,33,6,1,expanded,False,True,3857
"(((6, 4), (6, 8), (7, 10)), (1, 10))","(((6, 4), (6, 8), (6, 10)), (1, 10))",34,14,48.0,34,,,pruned,,,3858
"(((6, 4), (6, 8), (6, 10)), (1, 10))","(((5, 4), (6, 8), (6, 10)), (1, 10))",33,13.0,46.0,33,4,1,expanded,False,True,3859
"(((4, 5), (6, 3), (6, 8)), (1, 10))","(((4, 5), (6, 3), (6, 9)), (1, 10))",33,13.0,46.0,33,2,0,expanded,False,True,3860
"(((4, 5), (6, 2), (6, 8)), (2, 2))","(((4, 5), (6, 3), (6, 8)), (2, 2))",34,14,48.0,34,,,pruned,,,3861
"(((4, 5), (6, 3), (6, 8)), (2, 2))","(((4, 4), (6, 3), (6, 8)), (1, 10))",33,13.0,46.0,33,4,1,expanded,False,True,3862
"(((4, 10), (6, 2), (6, 8)), (1, 10))","(((4, 10), (5, 2), (6, 8)), (1, 10))",35,13,48.0,35,,,pruned,,,3863
"(((4, 10), (5, 2), (6, 8)), (1, 10))","(((4, 2), (4, 10), (6, 8)), (1, 10))",34,12.0,46.0,34,6,1,expanded,False,True,3864
"(((3, 8), (6, 2), (6, 5)), (2, 2))","(((3, 8), (5, 2), (6, 5)), (2, 2))",35,13,48.0,35,,,pruned,,,3865
"(((3, 8), (5, 2), (6, 5)), (2, 2))","(((3, 8), (4, 2), (6, 5)), (2, 2))",34,12.0,46.0,34,4,1,expanded,False,True,3866
"(((5, 10), (6, 4), (6, 8)), (1, 10))","(((5, 4), (5, 10), (6, 8)), (1, 10))",34,12.0,46.0,34,4,0,expanded,False,True,3867
"(((3, 8), (5, 4), (6, 2)), (1, 10))","(((3, 8), (5, 4), (6, 3)), (1, 10))",35,13,48.0,35,,,pruned,,,3868
"(((3, 8), (5, 4), (6, 3)), (1, 10))","(((3, 8), (5, 4), (6, 4)), (1, 10))",34,12.0,46.0,34,3,1,expanded,False,True,3869
"(((3, 8), (5, 4), (6, 3)), (2, 2))","(((3, 8), (4, 4), (6, 3)), (2, 2))",34,12.0,46.0,34,3,0,expanded,False,True,3870
"(((4, 6), (6, 3), (6, 8)), (1, 10))","(((4, 6), (6, 3), (6, 9)), (1, 10))",34,12.0,46.0,34,2,0,expanded,False,True,3871
"(((3, 8), (5, 2), (6, 5)), (1, 10))","(((3, 9), (5, 2), (6, 5)), (1, 10))",34,12.0,46.0,34,2,0,expanded,False,True,3872
"(((6, 5), (6, 8), (7, 10)), (1, 10))","(((6, 5), (6, 8), (6, 10)), (1, 10))",35,13,48.0,35,,,pruned,,,3873
"(((6, 5), (6, 8), (6, 10)), (1, 10))","(((6, 4), (6, 8), (6, 10)), (1, 10))",34,12.0,46.0,34,4,1,expanded,False,True,3874
"(((4, 7), (6, 3), (6, 8)), (2, 2))","(((4, 6), (6, 3), (6, 8)), (2, 2))",35,11,46.0,35,,,pruned,,,3875
"(((4, 6), (6, 2), (6, 8)), (2, 2))","(((4, 6), (6, 3), (6, 8)), (2, 2))",35,13,48.0,35,,,pruned,,,3876
"(((4, 6), (6, 3), (6, 8)), (2, 2))","(((4, 5), (6, 3), (6, 8)), (2, 2))",34,12.0,46.0,34,4,2,expanded,False,True,3877
"(((3, 11), (5, 2), (6, 8)), (1, 10))","(((3, 10), (5, 2), (6, 8)), (2, 2))",36,12,48.0,36,,,pruned,,,3878
"(((3, 10), (6, 2), (6, 8)), (2, 2))","(((3, 10), (5, 2), (6, 8)), (2, 2))",36,12,48.0,36,,,pruned,,,3879
"(((3, 10), (5, 2), (6, 8)), (2, 2))","(((3, 10), (4, 2), (6, 8)), (2, 2))",35,11.0,46.0,35,4,2,expanded,False,True,3880
"(((1, 10), (4, 2), (6, 8)), (1, 11))","(((2, 10), (4, 2), (6, 8)), (1, 10))",36,12,48.0,36,,,pruned,,,3881
"(((2, 10), (4, 1), (6, 8)), (1, 10))","(((2, 10), (4, 2), (6, 8)), (1, 10))",36,12,48.0,36,,,pruned,,,3882
"(((2, 10), (4, 2), (6, 8)), (1, 10))","(((2, 10), (4, 3), (6, 8)), (1, 10))",35,11.0,46.0,35,8,2,expanded,False,True,3883
"(((3, 8), (6, 2), (6, 6)), (2, 2))","(((3, 8), (5, 2), (6, 6)), (2, 2))",36,12,48.0,36,,,pruned,,,3884
"(((3, 8), (5, 2), (6, 6)), (2, 2))","(((3, 8), (4, 2), (6, 6)), (2, 2))",35,11.0,46.0,35,4,1,expanded,False,True,3885
"(((4, 10), (6, 4), (6, 8)), (1, 10))","(((4, 10), (5, 4), (6, 8)), (1, 10))",35,11.0,46.0,35,4,0,expanded,False,True,3886
"(((3, 8), (6, 4), (6, 5)), (2, 2))","(((3, 8), (5, 4), (6, 5)), (2, 2))",35,11.0,46.0,35,1,0,expanded,False,True,3887
"(((3, 8), (5, 2), (6, 6)), (1, 10))","(((3, 9), (5, 2), (6, 6)), (1, 10))",35,11.0,46.0,35,2,0,expanded,False,True,3888
"(((3, 8), (6, 4), (6, 5)), (1, 10))","(((3, 9), (6, 4), (6, 5)), (1, 10))",35,11.0,46.0,35,1,0,expanded,False,True,3889
"(((3, 10), (5, 2), (6, 8)), (1, 10))","(((4, 10), (5, 2), (6, 8)), (1, 10))",35,11.0,46.0,35,4,0,expanded,False,True,3890
"(((5, 10), (6, 5), (6, 8)), (1, 10))","(((5, 10), (6, 4), (6, 8)), (1, 10))",35,11.0,46.0,35,4,0,expanded,False,True,3891
"(((6, 6), (6, 8), (7, 10)), (1, 10))","(((6, 6), (6, 8), (6, 10)), (1, 10))",36,12,48.0,36,,,pruned,,,3892
"(((6, 6), (6, 8), (6, 10)), (1, 10))","(((6, 5), (6, 8), (6, 10)), (1, 10))",35,11.0,46.0,35,4,1,expanded,False,True,3893
"(((3, 9), (6, 2), (6, 8)), (2, 2))","(((3, 9), (5, 2), (6, 8)), (2, 2))",37,11,48.0,37,,,pruned,,,3894
"(((3, 9), (5, 2), (6, 8)), (2, 2))","(((3, 9), (4, 2), (6, 8)), (2, 2))",36,10.0,46.0,36,4,1,expanded,False,True,3895
"(((3, 8), (6, 2), (6, 7)), (2, 2))","(((3, 8), (5, 2), (6, 7)), (2, 2))",37,11,48.0,37,,,pruned,,,3896
"(((3, 8), (5, 2), (6, 7)), (2, 2))","(((3, 8), (4, 2), (6, 7)), (2, 2))",36,10.0,46.0,36,4,1,expanded,False,True,3897
"(((3, 11), (6, 4), (6, 8)), (1, 10))","(((3, 10), (6, 4), (6, 8)), (2, 2))",37,11,48.0,37,,,pruned,,,3898
"(((3, 10), (6, 4), (6, 8)), (2, 2))","(((3, 10), (5, 4), (6, 8)), (2, 2))",36,10.0,46.0,36,2,1,expanded,False,True,3899
"(((3, 8), (6, 4), (6, 6)), (2, 2))","(((3, 8), (5, 4), (6, 6)), (2, 2))",36,10.0,46.0,36,2,0,expanded,False,True,3900
"(((1, 10), (5, 4), (6, 8)), (1, 11))","(((2, 10), (5, 4), (6, 8)), (1, 10))",37,11,48.0,37,,,pruned,,,3901
"(((2, 10), (5, 4), (6, 8)), (1, 10))","(((2, 10), (4, 4), (6, 8)), (1, 10))",36,10.0,46.0,36,6,1,expanded,False,True,3902
"(((3, 8), (5, 2), (6, 7)), (1, 10))","(((3, 9), (5, 2), (6, 7)), (1, 10))",36,10.0,46.0,36,2,0,expanded,False,True,3903
"(((3, 8), (6, 4), (6, 6)), (1, 10))","(((3, 9), (6, 4), (6, 6)), (1, 10))",36,10.0,46.0,36,2,0,expanded,False,True,3904
"(((3, 10), (6, 4), (6, 8)), (1, 10))","(((4, 10), (6, 4), (6, 8)), (1, 10))",36,10.0,46.0,36,4,0,expanded,False,True,3905
"(((4, 10), (6, 5), (6, 8)), (1, 10))","(((4, 10), (6, 4), (6, 8)), (1, 10))",36,10.0,46.0,36,4,0,expanded,False,True,3906
"(((3, 9), (5, 2), (6, 8)), (1, 10))","(((3, 10), (5, 2), (6, 8)), (1, 10))",36,10.0,46.0,36,2,0,expanded,False,True,3907
"(((5, 10), (6, 6), (6, 8)), (1, 10))","(((5, 10), (6, 5), (6, 8)), (1, 10))",36,10.0,46.0,36,4,0,expanded,False,True,3908
"(((6, 7), (6, 8), (7, 10)), (1, 10))","(((6, 7), (6, 8), (6, 10)), (1, 10))",37,11,48.0,37,,,pruned,,,3909
"(((6, 7), (6, 8), (6, 10)), (1, 10))","(((6, 6), (6, 8), (6, 10)), (1, 10))",36,10.0,46.0,36,3,1,expanded,False,True,3910
"(((3, 8), (4, 3), (6, 11)), (1, 10))","(((3, 8), (4, 3), (6, 10)), (2, 2))",38,10,48.0,38,,,pruned,,,3911
"(((3, 8), (4, 3), (6, 10)), (2, 2))","(((3, 8), (4, 3), (6, 9)), (2, 2))",37,9.0,46.0,37,4,1,expanded,False,True,3912
"(((3, 8), (4, 1), (6, 9)), (2, 2))","(((3, 8), (4, 2), (6, 9)), (2, 2))",38,10,48.0,38,,,pruned,,,3913
"(((3, 8), (4, 2), (6, 9)), (2, 2))","(((3, 8), (4, 3), (6, 9)), (2, 2))",37,9.0,46.0,37,6,1,expanded,False,True,3914
"(((3, 2), (3, 8), (6, 11)), (1, 10))","(((3, 2), (3, 8), (6, 10)), (2, 2))",38,10,48.0,38,,,pruned,,,3915
"(((2, 2), (3, 8), (6, 10)), (2, 3))","(((3, 2), (3, 8), (6, 10)), (2, 2))",38,10,48.0,38,,,pruned,,,3916
"(((3, 2), (3, 8), (6, 10)), (2, 2))","(((3, 2), (3, 8), (6, 9)), (2, 2))",37,9.0,46.0,37,4,2,expanded,False,True,3917
"(((3, 9), (6, 4), (6, 8)), (2, 2))","(((3, 9), (5, 4), (6, 8)), (2, 2))",37,9.0,46.0,37,2,0,expanded,False,True,3918
"(((3, 7), (4, 1), (6, 8)), (2, 2))","(((3, 7), (4, 2), (6, 8)), (2, 2))",38,10,48.0,38,,,pruned,,,3919
"(((3, 7), (4, 2), (6, 8)), (2, 2))","(((3, 7), (4, 3), (6, 8)), (2, 2))",37,9.0,46.0,37,5,1,expanded,False,True,3920
"(((3, 8), (6, 4), (6, 7)), (2, 2))","(((3, 8), (5, 4), (6, 7)), (2, 2))",37,9.0,46.0,37,2,0,expanded,False,True,3921
"(((3, 7), (4, 2), (6, 8)), (1, 10))","(((3, 8), (4, 2), (6, 8)), (1, 10))",37,9.0,46.0,37,1,0,expanded,False,True,3922
"(((3, 8), (4, 3), (7, 10)), (1, 10))","(((3, 8), (4, 3), (6, 10)), (1, 10))",38,10,48.0,38,,,pruned,,,3923
"(((3, 8), (4, 3), (6, 10)), (1, 10))","(((3, 9), (4, 3), (6, 10)), (1, 10))",37,9.0,46.0,37,4,1,expanded,False,True,3924
"(((3, 8), (4, 2), (6, 9)), (1, 10))","(((3, 9), (4, 2), (6, 9)), (1, 10))",37,9.0,46.0,37,2,0,expanded,False,True,3925
"(((3, 2), (3, 8), (7, 10)), (1, 10))","(((3, 2), (3, 8), (6, 10)), (1, 10))",38,10,48.0,38,,,pruned,,,3926
"(((3, 2), (3, 8), (6, 10)), (1, 10))","(((3, 2), (3, 9), (6, 10)), (1, 10))",37,9.0,46.0,37,4,1,expanded,False,True,3927
"(((3, 8), (6, 4), (6, 7)), (1, 10))","(((3, 9), (6, 4), (6, 7)), (1, 10))",37,9.0,46.0,37,2,0,expanded,False,True,3928
"(((3, 8), (6, 5), (6, 6)), (1, 10))","(((3, 9), (6, 5), (6, 6)), (1, 10))",37,9.0,46.0,37,1,0,expanded,False,True,3929
"(((3, 11), (6, 5), (6, 8)), (1, 10))","(((3, 10), (6, 5), (6, 8)), (2, 2))",38,10,48.0,38,,,pruned,,,3930
"(((3, 10), (6, 5), (6, 8)), (2, 2))","(((3, 10), (6, 4), (6, 8)), (2, 2))",37,9.0,46.0,37,2,1,expanded,False,True,3931
"(((3, 8), (6, 5), (6, 6)), (2, 2))","(((3, 8), (6, 4), (6, 6)), (2, 2))",37,9.0,46.0,37,1,0,expanded,False,True,3932
"(((3, 9), (6, 4), (6, 8)), (1, 10))","(((3, 10), (6, 4), (6, 8)), (1, 10))",37,9.0,46.0,37,2,0,expanded,False,True,3933
"(((3, 10), (6, 5), (6, 8)), (1, 10))","(((4, 10), (6, 5), (6, 8)), (1, 10))",37,9.0,46.0,37,4,0,expanded,False,True,3934
"(((4, 10), (6, 6), (6, 8)), (1, 10))","(((4, 10), (6, 5), (6, 8)), (1, 10))",37,9.0,46.0,37,4,0,expanded,False,True,3935
"(((5, 10), (6, 7), (6, 8)), (1, 10))","(((5, 10), (6, 6), (6, 8)), (1, 10))",37,9.0,46.0,37,2,0,expanded,False,True,3936
"(((3, 8), (5, 4), (6, 9)), (2, 2))","(((3, 8), (4, 4), (6, 9)), (2, 2))",38,8.0,46.0,38,4,0,expanded,False,True,3937
"(((3, 8), (4, 4), (6, 11)), (1, 10))","(((3, 8), (4, 4), (6, 10)), (2, 2))",39,9,48.0,39,,,pruned,,,3938
"(((3, 8), (4, 4), (6, 10)), (2, 2))","(((3, 8), (4, 4), (6, 9)), (2, 2))",38,8.0,46.0,38,6,1,expanded,False,True,3939
"(((3, 7), (5, 4), (6, 8)), (2, 2))","(((3, 7), (4, 4), (6, 8)), (2, 2))",38,8.0,46.0,38,3,0,expanded,False,True,3940
"(((3, 8), (4, 3), (5, 10)), (1, 10))","(((3, 3), (3, 8), (5, 10)), (1, 10))",38,8.0,46.0,38,6,0,expanded,False,True,3941
"(((2, 2), (3, 8), (5, 10)), (1, 10))","(((3, 2), (3, 8), (5, 10)), (1, 10))",39,9,48.0,39,,,pruned,,,3942
"(((3, 2), (3, 8), (5, 10)), (1, 10))","(((3, 3), (3, 8), (5, 10)), (1, 10))",38,8.0,46.0,38,6,1,expanded,False,True,3943
"(((3, 7), (5, 4), (6, 8)), (1, 10))","(((3, 8), (5, 4), (6, 8)), (1, 10))",38,8.0,46.0,38,1,0,expanded,False,True,3944
"(((3, 8), (5, 4), (6, 9)), (1, 10))","(((3, 9), (5, 4), (6, 9)), (1, 10))",38,8.0,46.0,38,2,0,expanded,False,True,3945
"(((3, 8), (4, 4), (7, 10)), (1, 10))","(((3, 8), (4, 4), (6, 10)), (1, 10))",39,9,48.0,39,,,pruned,,,3946
"(((3, 8), (4, 4), (6, 10)), (1, 10))","(((3, 9), (4, 4), (6, 10)), (1, 10))",38,8.0,46.0,38,4,1,expanded,False,True,3947
"(((3, 8), (6, 5), (6, 7)), (1, 10))","(((3, 9), (6, 5), (6, 7)), (1, 10))",38,8.0,46.0,38,2,0,expanded,False,True,3948
"(((3, 9), (6, 5), (6, 8)), (2, 2))","(((3, 9), (6, 4), (6, 8)), (2, 2))",38,8.0,46.0,38,2,0,expanded,False,True,3949
"(((3, 8), (6, 5), (6, 7)), (2, 2))","(((3, 8), (6, 4), (6, 7)), (2, 2))",38,8.0,46.0,38,2,0,expanded,False,True,3950
"(((3, 11), (6, 6), (6, 8)), (1, 10))","(((3, 10), (6, 6), (6, 8)), (2, 2))",39,9,48.0,39,,,pruned,,,3951
"(((3, 10), (6, 6), (6, 8)), (2, 2))","(((3, 10), (6, 5), (6, 8)), (2, 2))",38,8.0,46.0,38,2,1,expanded,False,True,3952
"(((3, 9), (6, 5), (6, 8)), (1, 10))","(((3, 10), (6, 5), (6, 8)), (1, 10))",38,8.0,46.0,38,2,0,expanded,False,True,3953
"(((4, 10), (6, 7), (6, 8)), (1, 10))","(((4, 10), (6, 6), (6, 8)), (1, 10))",38,8.0,46.0,38,2,0,expanded,False,True,3954
"(((3, 10), (6, 6), (6, 8)), (1, 10))","(((4, 10), (6, 6), (6, 8)), (1, 10))",38,8.0,46.0,38,4,0,expanded,False,True,3955
"(((3, 8), (4, 5), (6, 11)), (1, 10))","(((3, 8), (4, 5), (6, 10)), (2, 2))",40,8,48.0,40,,,pruned,,,3956
"(((3, 8), (4, 5), (6, 10)), (2, 2))","(((3, 8), (4, 5), (6, 9)), (2, 2))",39,7.0,46.0,39,2,1,expanded,False,True,3957
"(((3, 8), (4, 3), (4, 10)), (1, 10))","(((3, 3), (3, 8), (4, 10)), (1, 10))",39,7.0,46.0,39,6,0,expanded,False,True,3958
"(((2, 2), (3, 8), (4, 10)), (1, 10))","(((3, 2), (3, 8), (4, 10)), (1, 10))",40,8,48.0,40,,,pruned,,,3959
"(((3, 2), (3, 8), (4, 10)), (1, 10))","(((3, 3), (3, 8), (4, 10)), (1, 10))",39,7.0,46.0,39,6,1,expanded,False,True,3960
"(((3, 8), (4, 4), (5, 10)), (1, 10))","(((3, 9), (4, 4), (5, 10)), (1, 10))",39,7.0,46.0,39,8,0,expanded,False,True,3961
"(((3, 8), (6, 6), (6, 7)), (1, 10))","(((3, 9), (6, 6), (6, 7)), (1, 10))",39,7.0,46.0,39,1,0,expanded,False,True,3962
"(((3, 9), (6, 6), (6, 8)), (2, 2))","(((3, 9), (6, 5), (6, 8)), (2, 2))",39,7.0,46.0,39,2,0,expanded,False,True,3963
"(((3, 8), (6, 6), (6, 7)), (2, 2))","(((3, 8), (6, 5), (6, 7)), (2, 2))",39,7.0,46.0,39,1,0,expanded,False,True,3964
"(((3, 11), (6, 7), (6, 8)), (1, 10))","(((3, 10), (6, 7), (6, 8)), (2, 2))",40,8,48.0,40,,,pruned,,,3965
"(((3, 10), (6, 7), (6, 8)), (2, 2))","(((3, 10), (6, 6), (6, 8)), (2, 2))",39,7.0,46.0,39,1,1,expanded,True,True,3966
"(((3, 10), (6, 7), (6, 8)), (1, 10))","(((4, 10), (6, 7), (6, 8)), (1, 10))",39,7.0,46.0,39,3,0,expanded,False,True,3967
"(((3, 9), (6, 6), (6, 8)), (1, 10))","(((3, 10), (6, 6), (6, 8)), (1, 10))",39,7.0,46.0,39,2,0,expanded,False,True,3968
"(((3, 8), (4, 7), (6, 10)), (2, 2))","(((3, 8), (4, 6), (6, 10)), (2, 2))",41,5,46.0,41,,,pruned,,,3969
"(((3, 8), (4, 6), (6, 11)), (1, 10))","(((3, 8), (4, 6), (6, 10)), (2, 2))",41,7,48.0,41,,,pruned,,,3970
"(((3, 8), (4, 6), (6, 10)), (2, 2))","(((3, 8), (4, 6), (6, 9)), (2, 2))",40,6.0,46.0,40,2,2,expanded,True,True,3971
"(((3, 8), (3, 10), (4, 3)), (1, 10))","(((3, 3), (3, 8), (3, 10)), (1, 10))",40,6.0,46.0,40,6,0,expanded,False,True,3972
"(((2, 2), (3, 8), (3, 10)), (1, 10))","(((3, 2), (3, 8), (3, 10)), (1, 10))",41,7,48.0,41,,,pruned,,,3973
"(((3, 2), (3, 8), (3, 10)), (1, 10))","(((3, 3), (3, 8), (3, 10)), (1, 10))",40,6.0,46.0,40,6,1,expanded,False,True,3974
"(((2, 3), (2, 10), (3, 8)), (1, 10))","(((2, 10), (3, 3), (3, 8)), (1, 10))",41,7,48.0,41,,,pruned,,,3975
"(((1, 10), (3, 3), (3, 8)), (1, 11))","(((2, 10), (3, 3), (3, 8)), (1, 10))",41,7,48.0,41,,,pruned,,,3976
"(((2, 10), (3, 3), (3, 8)), (1, 10))","(((3, 3), (3, 8), (3, 10)), (1, 10))",40,6.0,46.0,40,8,2,expanded,False,True,3977
"(((3, 8), (4, 4), (4, 10)), (1, 10))","(((3, 9), (4, 4), (4, 10)), (1, 10))",40,6.0,46.0,40,8,0,expanded,False,True,3978
"(((3, 8), (4, 5), (5, 10)), (1, 10))","(((3, 9), (4, 5), (5, 10)), (1, 10))",40,6.0,46.0,40,4,0,expanded,False,True,3979
"(((3, 9), (6, 7), (6, 8)), (2, 2))","(((3, 9), (6, 6), (6, 8)), (2, 2))",40,6.0,46.0,40,1,0,expanded,False,True,3980
"(((3, 9), (6, 7), (6, 8)), (1, 10))","(((3, 10), (6, 7), (6, 8)), (1, 10))",40,6.0,46.0,40,1,0,expanded,False,True,3981
"(((1, 10), (3, 4), (3, 8)), (1, 11))","(((2, 10), (3, 4), (3, 8)), (1, 10))",42,6,48.0,42,,,pruned,,,3982
"(((2, 10), (3, 5), (3, 8)), (1, 10))","(((2, 10), (3, 4), (3, 8)), (1, 10))",42,4,46.0,42,,,pruned,,,3983
"(((2, 10), (3, 4), (3, 8)), (1, 10))","(((3, 4), (3, 8), (3, 10)), (1, 10))",41,5.0,46.0,41,6,2,expanded,False,True,3984
"(((3, 8), (3, 9), (4, 3)), (1, 10))","(((3, 3), (3, 8), (3, 9)), (1, 10))",41,5.0,46.0,41,2,0,expanded,False,True,3985
"(((2, 2), (3, 8), (3, 9)), (1, 10))","(((3, 2), (3, 8), (3, 9)), (1, 10))",42,6,48.0,42,,,pruned,,,3986
"(((3, 2), (3, 8), (3, 9)), (1, 10))","(((3, 3), (3, 8), (3, 9)), (1, 10))",41,5.0,46.0,41,2,1,expanded,False,True,3987
"(((3, 8), (4, 5), (4, 10)), (1, 10))","(((3, 9), (4, 5), (4, 10)), (1, 10))",41,5.0,46.0,41,4,0,expanded,False,True,3988
"(((3, 8), (4, 7), (5, 10)), (1, 10))","(((3, 8), (4, 6), (5, 10)), (1, 10))",42,4,46.0,42,,,pruned,,,3989
"(((3, 8), (4, 6), (5, 10)), (1, 10))","(((3, 9), (4, 6), (5, 10)), (1, 10))",41,5.0,46.0,41,4,1,expanded,False,True,3990
"(((3, 8), (3, 10), (4, 4)), (1, 10))","(((3, 8), (3, 10), (4, 3)), (1, 10))",41,5.0,46.0,41,8,0,expanded,False,True,3991
"(((2, 3), (3, 7), (3, 8)), (1, 10))","(((3, 3), (3, 7), (3, 8)), (1, 10))",43,5,48.0,43,,,pruned,,,3992
"(((3, 3), (3, 7), (3, 8)), (1, 10))","(((3, 3), (3, 7), (3, 9)), (1, 10))",42,4.0,46.0,42,4,1,expanded,False,True,3993
"(((3, 8), (4, 7), (4, 10)), (1, 10))","(((3, 8), (4, 6), (4, 10)), (1, 10))",43,3,46.0,43,,,pruned,,,3994
"(((3, 8), (4, 6), (4, 10)), (1, 10))","(((3, 9), (4, 6), (4, 10)), (1, 10))",42,4.0,46.0,42,4,1,expanded,False,True,3995
"(((3, 8), (3, 9), (4, 4)), (1, 10))","(((3, 8), (3, 9), (4, 3)), (1, 10))",42,4.0,46.0,42,4,0,expanded,False,True,3996
"(((3, 8), (3, 10), (4, 5)), (1, 10))","(((3, 8), (4, 5), (4, 10)), (1, 10))",42,4.0,46.0,42,4,0,expanded,False,True,3997
"(((3, 5), (3, 7), (3, 8)), (1, 10))","(((3, 4), (3, 7), (3, 8)), (1, 10))",44,2,46.0,44,,,pruned,,,3998
"(((3, 4), (3, 7), (3, 8)), (1, 10))","(((3, 4), (3, 7), (3, 9)), (1, 10))",43,3.0,46.0,43,2,1,expanded,False,True,3999
"(((3, 8), (3, 10), (4, 7)), (1, 10))","(((3, 8), (3, 10), (4, 6)), (1, 10))",44,2,46.0,44,,,pruned,,,4000
"(((3, 8), (3, 10), (4, 6)), (1, 10))","(((3, 8), (4, 6), (4, 10)), (1, 10))",43,3.0,46.0,43,4,1,expanded,False,True,4001
"(((3, 8), (3, 9), (4, 5)), (1, 10))","(((3, 8), (3, 9), (4, 4)), (1, 10))",43,3.0,46.0,43,1,0,expanded,False,True,4002
"(((3, 8), (3, 9), (4, 7)), (1, 10))","(((3, 8), (3, 9), (4, 6)), (1, 10))",45,1,46.0,45,,,pruned,,,4003
"(((3, 8), (3, 9), (4, 6)), (1, 10))","(((3, 8), (3, 10), (4, 6)), (1, 10))",44,2.0,46.0,44,1,1,expanded,True,True,4004
"(((5, 2), (6, 2), (6, 10)), (1, 10))","(((5, 2), (6, 3), (6, 10)), (1, 10))",30,19,49.0,30,,,pruned,,,4005
"(((5, 2), (6, 3), (7, 10)), (1, 10))","(((5, 2), (6, 3), (6, 10)), (1, 10))",30,19,49.0,30,,,pruned,,,4006
"(((5, 2), (6, 3), (6, 11)), (1, 10))","(((5, 2), (6, 3), (6, 10)), (1, 10))",30,19,49.0,30,,,pruned,,,4007
"(((6, 2), (6, 3), (6, 10)), (1, 10))","(((5, 2), (6, 3), (6, 10)), (1, 10))",30,19,49.0,30,,,pruned,,,4008
"(((5, 2), (6, 3), (6, 10)), (1, 10))","(((5, 2), (5, 10), (6, 3)), (1, 10))",29,18.0,47.0,29,6,4,expanded,False,True,4009
"(((4, 2), (6, 2), (6, 10)), (1, 10))","(((4, 2), (6, 3), (6, 10)), (1, 10))",31,18,49.0,31,,,pruned,,,4010
"(((4, 2), (6, 3), (7, 10)), (1, 10))","(((4, 2), (6, 3), (6, 10)), (1, 10))",31,18,49.0,31,,,pruned,,,4011
"(((4, 2), (6, 3), (6, 11)), (1, 10))","(((4, 2), (6, 3), (6, 10)), (1, 10))",31,18,49.0,31,,,pruned,,,4012
"(((4, 1), (6, 3), (6, 10)), (1, 10))","(((4, 2), (6, 3), (6, 10)), (1, 10))",31,18,49.0,31,,,pruned,,,4013
"(((4, 2), (6, 3), (6, 10)), (1, 10))","(((4, 3), (6, 3), (6, 10)), (1, 10))",30,17.0,47.0,30,7,4,expanded,False,True,4014
"(((5, 2), (6, 2), (6, 9)), (1, 10))","(((5, 2), (6, 3), (6, 9)), (1, 10))",31,18,49.0,31,,,pruned,,,4015
"(((6, 2), (6, 3), (6, 9)), (1, 10))","(((5, 2), (6, 3), (6, 9)), (1, 10))",31,18,49.0,31,,,pruned,,,4016
"(((5, 2), (6, 3), (6, 9)), (1, 10))","(((5, 2), (6, 3), (6, 10)), (1, 10))",30,17.0,47.0,30,4,2,expanded,False,True,4017
"(((1, 10), (5, 2), (6, 3)), (1, 11))","(((2, 10), (5, 2), (6, 3)), (1, 10))",32,17,49.0,32,,,pruned,,,4018
"(((2, 10), (5, 2), (6, 2)), (1, 10))","(((2, 10), (5, 2), (6, 3)), (1, 10))",32,17,49.0,32,,,pruned,,,4019
"(((2, 10), (6, 2), (6, 3)), (1, 10))","(((2, 10), (5, 2), (6, 3)), (1, 10))",32,17,49.0,32,,,pruned,,,4020
"(((2, 10), (5, 2), (6, 3)), (1, 10))","(((2, 10), (5, 2), (6, 4)), (1, 10))",31,16.0,47.0,31,4,3,expanded,False,True,4021
"(((5, 4), (6, 3), (7, 10)), (1, 10))","(((5, 4), (6, 3), (6, 10)), (1, 10))",32,17,49.0,32,,,pruned,,,4022
"(((5, 4), (6, 3), (6, 10)), (1, 10))","(((5, 4), (5, 10), (6, 3)), (1, 10))",31,16.0,47.0,31,5,1,expanded,False,True,4023
"(((5, 10), (6, 3), (6, 4)), (1, 10))","(((5, 4), (5, 10), (6, 3)), (1, 10))",31,16.0,47.0,31,2,0,expanded,False,True,4024
"(((4, 2), (6, 2), (6, 9)), (1, 10))","(((4, 2), (6, 3), (6, 9)), (1, 10))",32,17,49.0,32,,,pruned,,,4025
"(((4, 1), (6, 3), (6, 9)), (1, 10))","(((4, 2), (6, 3), (6, 9)), (1, 10))",32,17,49.0,32,,,pruned,,,4026
"(((4, 2), (6, 3), (6, 9)), (1, 10))","(((4, 3), (6, 3), (6, 9)), (1, 10))",31,16.0,47.0,31,5,2,expanded,False,True,4027
"(((1, 10), (4, 2), (6, 3)), (1, 11))","(((2, 10), (4, 2), (6, 3)), (1, 10))",33,16,49.0,33,,,pruned,,,4028
"(((2, 10), (4, 2), (6, 2)), (1, 10))","(((2, 10), (4, 2), (6, 3)), (1, 10))",33,16,49.0,33,,,pruned,,,4029
"(((2, 10), (4, 1), (6, 3)), (1, 10))","(((2, 10), (4, 2), (6, 3)), (1, 10))",33,16,49.0,33,,,pruned,,,4030
"(((2, 10), (4, 2), (6, 3)), (1, 10))","(((2, 10), (4, 3), (6, 3)), (1, 10))",32,15.0,47.0,32,5,3,expanded,False,True,4031
"(((4, 10), (6, 3), (6, 4)), (1, 10))","(((4, 10), (5, 4), (6, 3)), (1, 10))",32,15.0,47.0,32,2,0,expanded,False,True,4032
"(((4, 5), (5, 2), (6, 5)), (1, 10))","(((4, 5), (5, 2), (6, 6)), (1, 10))",32,15.0,47.0,32,2,0,expanded,False,True,4033
"(((2, 3), (6, 3), (6, 6)), (1, 10))","(((3, 3), (6, 3), (6, 6)), (1, 10))",33,16,49.0,33,,,pruned,,,4034
"(((3, 3), (6, 2), (6, 6)), (1, 10))","(((3, 3), (6, 3), (6, 6)), (1, 10))",33,16,49.0,33,,,pruned,,,4035
"(((3, 3), (6, 3), (6, 6)), (1, 10))","(((3, 3), (6, 3), (6, 7)), (1, 10))",32,15.0,47.0,32,8,2,expanded,False,True,4036
"(((4, 3), (6, 2), (6, 7)), (1, 10))","(((4, 3), (6, 3), (6, 7)), (1, 10))",33,16,49.0,33,,,pruned,,,4037
"(((4, 3), (6, 3), (6, 7)), (1, 10))","(((3, 3), (6, 3), (6, 7)), (1, 10))",32,15.0,47.0,32,6,1,expanded,False,True,4038
"(((2, 2), (6, 3), (6, 7)), (1, 10))","(((3, 2), (6, 3), (6, 7)), (1, 10))",33,16,49.0,33,,,pruned,,,4039
"(((3, 2), (6, 2), (6, 7)), (1, 10))","(((3, 2), (6, 3), (6, 7)), (1, 10))",33,16,49.0,33,,,pruned,,,4040
"(((3, 2), (6, 3), (6, 7)), (1, 10))","(((3, 3), (6, 3), (6, 7)), (1, 10))",32,15.0,47.0,32,6,2,expanded,False,True,4041
"(((5, 4), (6, 3), (6, 9)), (1, 10))","(((4, 4), (6, 3), (6, 9)), (1, 10))",32,15.0,47.0,32,3,0,expanded,False,True,4042
"(((1, 10), (5, 2), (6, 5)), (1, 11))","(((2, 10), (5, 2), (6, 5)), (1, 10))",34,15,49.0,34,,,pruned,,,4043
"(((2, 10), (6, 2), (6, 5)), (1, 10))","(((2, 10), (5, 2), (6, 5)), (1, 10))",34,15,49.0,34,,,pruned,,,4044
"(((2, 10), (5, 2), (6, 5)), (1, 10))","(((2, 10), (4, 2), (6, 5)), (1, 10))",33,14.0,47.0,33,6,2,expanded,False,True,4045
"(((4, 3), (4, 5), (6, 4)), (1, 10))","(((4, 3), (4, 5), (6, 5)), (1, 10))",33,14.0,47.0,33,2,0,expanded,False,True,4046
"(((3, 2), (4, 5), (6, 4)), (1, 10))","(((3, 2), (4, 5), (6, 5)), (1, 10))",33,14.0,47.0,33,2,0,expanded,False,True,4047
"(((1, 10), (5, 4), (6, 3)), (1, 11))","(((2, 10), (5, 4), (6, 3)), (1, 10))",34,15,49.0,34,,,pruned,,,4048
"(((2, 10), (5, 4), (6, 2)), (1, 10))","(((2, 10), (5, 4), (6, 3)), (1, 10))",34,15,49.0,34,,,pruned,,,4049
"(((2, 10), (5, 4), (6, 3)), (1, 10))","(((2, 10), (4, 4), (6, 3)), (1, 10))",33,14.0,47.0,33,6,2,expanded,False,True,4050
"(((4, 2), (4, 5), (6, 5)), (1, 10))","(((4, 2), (4, 5), (6, 6)), (1, 10))",33,14.0,47.0,33,2,0,expanded,False,True,4051
"(((4, 6), (5, 2), (6, 5)), (1, 10))","(((4, 6), (5, 2), (6, 6)), (1, 10))",33,14.0,47.0,33,2,0,expanded,False,True,4052
"(((5, 2), (6, 9), (7, 10)), (1, 10))","(((5, 2), (6, 9), (6, 10)), (1, 10))",34,15,49.0,34,,,pruned,,,4053
"(((6, 2), (6, 9), (6, 10)), (1, 10))","(((5, 2), (6, 9), (6, 10)), (1, 10))",34,15,49.0,34,,,pruned,,,4054
"(((5, 2), (6, 9), (6, 10)), (1, 10))","(((4, 2), (6, 9), (6, 10)), (1, 10))",33,14.0,47.0,33,4,2,expanded,False,True,4055
"(((3, 11), (6, 3), (6, 4)), (1, 10))","(((3, 10), (6, 3), (6, 4)), (2, 2))",34,15,49.0,34,,,pruned,,,4056
"(((3, 10), (6, 3), (6, 4)), (2, 2))","(((3, 10), (5, 4), (6, 3)), (2, 2))",33,14.0,47.0,33,1,1,expanded,True,True,4057
"(((3, 4), (6, 2), (6, 6)), (1, 10))","(((3, 4), (6, 3), (6, 6)), (1, 10))",34,15,49.0,34,,,pruned,,,4058
"(((3, 5), (6, 3), (6, 6)), (1, 10))","(((3, 4), (6, 3), (6, 6)), (1, 10))",34,13,47.0,34,,,pruned,,,4059
"(((3, 4), (6, 3), (6, 6)), (1, 10))","(((3, 4), (6, 3), (6, 7)), (1, 10))",33,14.0,47.0,33,6,2,expanded,False,True,4060
"(((3, 7), (5, 2), (6, 2)), (1, 10))","(((3, 7), (5, 2), (6, 3)), (1, 10))",34,15,49.0,34,,,pruned,,,4061
"(((3, 7), (6, 2), (6, 3)), (1, 10))","(((3, 7), (5, 2), (6, 3)), (1, 10))",34,15,49.0,34,,,pruned,,,4062
"(((3, 7), (5, 2), (6, 3)), (1, 10))","(((3, 7), (5, 2), (6, 4)), (1, 10))",33,14.0,47.0,33,2,2,expanded,True,True,4063
"(((4, 4), (6, 3), (6, 7)), (1, 10))","(((4, 4), (6, 3), (6, 8)), (1, 10))",33,14.0,47.0,33,5,0,expanded,False,True,4064
"(((3, 10), (6, 3), (6, 4)), (1, 10))","(((4, 10), (6, 3), (6, 4)), (1, 10))",33,14.0,47.0,33,3,0,expanded,False,True,4065
"(((1, 10), (5, 2), (6, 6)), (1, 11))","(((2, 10), (5, 2), (6, 6)), (1, 10))",35,14,49.0,35,,,pruned,,,4066
"(((2, 10), (6, 2), (6, 6)), (1, 10))","(((2, 10), (5, 2), (6, 6)), (1, 10))",35,14,49.0,35,,,pruned,,,4067
"(((2, 10), (5, 2), (6, 6)), (1, 10))","(((2, 10), (4, 2), (6, 6)), (1, 10))",34,13.0,47.0,34,6,2,expanded,False,True,4068
"(((4, 3), (4, 6), (6, 4)), (1, 10))","(((4, 3), (4, 6), (6, 5)), (1, 10))",34,13.0,47.0,34,2,0,expanded,False,True,4069
"(((3, 2), (4, 6), (6, 4)), (1, 10))","(((3, 2), (4, 6), (6, 5)), (1, 10))",34,13.0,47.0,34,2,0,expanded,False,True,4070
"(((4, 4), (4, 5), (6, 4)), (1, 10))","(((4, 4), (4, 5), (6, 5)), (1, 10))",34,13.0,47.0,34,1,0,expanded,False,True,4071
"(((3, 7), (4, 2), (6, 2)), (1, 10))","(((3, 7), (4, 2), (6, 3)), (1, 10))",35,14,49.0,35,,,pruned,,,4072
"(((3, 7), (4, 1), (6, 3)), (1, 10))","(((3, 7), (4, 2), (6, 3)), (1, 10))",35,14,49.0,35,,,pruned,,,4073
"(((3, 7), (4, 2), (6, 3)), (1, 10))","(((3, 7), (4, 3), (6, 3)), (1, 10))",34,13.0,47.0,34,3,2,expanded,False,True,4074
"(((4, 2), (5, 10), (6, 11)), (1, 10))","(((4, 2), (5, 10), (6, 10)), (1, 10))",35,14,49.0,35,,,pruned,,,4075
"(((4, 1), (5, 10), (6, 10)), (1, 10))","(((4, 2), (5, 10), (6, 10)), (1, 10))",35,14,49.0,35,,,pruned,,,4076
"(((4, 2), (5, 10), (6, 10)), (1, 10))","(((4, 3), (5, 10), (6, 10)), (1, 10))",34,13.0,47.0,34,6,2,expanded,False,True,4077
"(((5, 10), (6, 2), (6, 9)), (1, 10))","(((5, 2), (5, 10), (6, 9)), (1, 10))",35,14,49.0,35,,,pruned,,,4078
"(((5, 2), (5, 10), (6, 9)), (1, 10))","(((4, 2), (5, 10), (6, 9)), (1, 10))",34,13.0,47.0,34,6,1,expanded,False,True,4079
"(((1, 10), (6, 4), (6, 5)), (1, 11))","(((2, 10), (6, 4), (6, 5)), (1, 10))",35,14,49.0,35,,,pruned,,,4080
"(((2, 10), (6, 4), (6, 5)), (1, 10))","(((2, 10), (5, 4), (6, 5)), (1, 10))",34,13.0,47.0,34,2,1,expanded,False,True,4081
"(((4, 2), (4, 6), (6, 5)), (1, 10))","(((4, 2), (4, 6), (6, 6)), (1, 10))",34,13.0,47.0,34,2,0,expanded,False,True,4082
"(((4, 5), (5, 4), (6, 5)), (1, 10))","(((4, 5), (5, 4), (6, 6)), (1, 10))",34,13.0,47.0,34,2,0,expanded,False,True,4083
"(((6, 4), (6, 9), (7, 10)), (1, 10))","(((6, 4), (6, 9), (6, 10)), (1, 10))",35,14,49.0,35,,,pruned,,,4084
"(((6, 4), (6, 9), (6, 10)), (1, 10))","(((5, 4), (6, 9), (6, 10)), (1, 10))",34,13.0,47.0,34,3,1,expanded,False,True,4085
"(((3, 9), (6, 3), (6, 4)), (2, 2))","(((3, 9), (5, 4), (6, 3)), (2, 2))",34,13.0,47.0,34,1,0,expanded,False,True,4086
"(((4, 5), (6, 3), (6, 7)), (1, 10))","(((4, 5), (6, 3), (6, 8)), (1, 10))",34,13.0,47.0,34,2,0,expanded,False,True,4087
"(((4, 5), (6, 2), (6, 7)), (2, 2))","(((4, 5), (6, 3), (6, 7)), (2, 2))",35,14,49.0,35,,,pruned,,,4088
"(((4, 5), (6, 3), (6, 7)), (2, 2))","(((4, 4), (6, 3), (6, 7)), (1, 10))",34,13.0,47.0,34,4,1,expanded,False,True,4089
"(((3, 9), (6, 3), (6, 4)), (1, 10))","(((3, 10), (6, 3), (6, 4)), (1, 10))",34,13.0,47.0,34,1,0,expanded,False,True,4090
"(((1, 10), (5, 2), (6, 7)), (1, 11))","(((2, 10), (5, 2), (6, 7)), (1, 10))",36,13,49.0,36,,,pruned,,,4091
"(((2, 10), (6, 2), (6, 7)), (1, 10))","(((2, 10), (5, 2), (6, 7)), (1, 10))",36,13,49.0,36,,,pruned,,,4092
"(((2, 10), (5, 2), (6, 7)), (1, 10))","(((2, 10), (4, 2), (6, 7)), (1, 10))",35,12.0,47.0,35,6,2,expanded,False,True,4093
"(((4, 4), (4, 6), (6, 4)), (1, 10))","(((4, 4), (4, 6), (6, 5)), (1, 10))",35,12.0,47.0,35,2,0,expanded,False,True,4094
"(((4, 2), (4, 10), (7, 10)), (1, 10))","(((4, 2), (4, 10), (6, 10)), (1, 10))",36,13,49.0,36,,,pruned,,,4095
"(((4, 2), (4, 10), (6, 11)), (1, 10))","(((4, 2), (4, 10), (6, 10)), (1, 10))",36,13,49.0,36,,,pruned,,,4096
"(((4, 1), (4, 10), (6, 10)), (1, 10))","(((4, 2), (4, 10), (6, 10)), (1, 10))",36,13,49.0,36,,,pruned,,,4097
"(((4, 2), (4, 10), (6, 10)), (1, 10))","(((4, 3), (4, 10), (6, 10)), (1, 10))",35,12.0,47.0,35,10,3,expanded,False,True,4098
"(((4, 10), (6, 2), (6, 9)), (1, 10))","(((4, 10), (5, 2), (6, 9)), (1, 10))",36,13,49.0,36,,,pruned,,,4099
"(((4, 10), (5, 2), (6, 9)), (1, 10))","(((4, 2), (4, 10), (6, 9)), (1, 10))",35,12.0,47.0,35,6,1,expanded,False,True,4100
"(((3, 7), (6, 2), (6, 5)), (2, 2))","(((3, 7), (5, 2), (6, 5)), (2, 2))",36,13,49.0,36,,,pruned,,,4101
"(((3, 7), (5, 2), (6, 5)), (2, 2))","(((3, 7), (4, 2), (6, 5)), (2, 2))",35,12.0,47.0,35,3,1,expanded,False,True,4102
"(((1, 10), (6, 4), (6, 6)), (1, 11))","(((2, 10), (6, 4), (6, 6)), (1, 10))",36,13,49.0,36,,,pruned,,,4103
"(((2, 10), (6, 4), (6, 6)), (1, 10))","(((2, 10), (5, 4), (6, 6)), (1, 10))",35,12.0,47.0,35,4,1,expanded,False,True,4104
"(((4, 6), (5, 4), (6, 5)), (1, 10))","(((4, 6), (5, 4), (6, 6)), (1, 10))",35,12.0,47.0,35,2,0,expanded,False,True,4105
"(((5, 10), (6, 4), (6, 9)), (1, 10))","(((5, 4), (5, 10), (6, 9)), (1, 10))",35,12.0,47.0,35,4,0,expanded,False,True,4106
"(((5, 4), (5, 10), (6, 11)), (1, 10))","(((5, 4), (5, 10), (6, 10)), (1, 10))",36,13,49.0,36,,,pruned,,,4107
"(((5, 4), (5, 10), (6, 10)), (1, 10))","(((5, 4), (5, 10), (6, 9)), (1, 10))",35,12.0,47.0,35,4,1,expanded,False,True,4108
"(((3, 7), (5, 4), (6, 2)), (1, 10))","(((3, 7), (5, 4), (6, 3)), (1, 10))",36,13,49.0,36,,,pruned,,,4109
"(((3, 7), (5, 4), (6, 3)), (1, 10))","(((3, 7), (5, 4), (6, 4)), (1, 10))",35,12.0,47.0,35,2,1,expanded,False,True,4110
"(((3, 7), (5, 4), (6, 3)), (2, 2))","(((3, 7), (4, 4), (6, 3)), (2, 2))",35,12.0,47.0,35,2,0,expanded,False,True,4111
"(((4, 6), (6, 3), (6, 7)), (1, 10))","(((4, 6), (6, 3), (6, 8)), (1, 10))",35,12.0,47.0,35,2,0,expanded,False,True,4112
"(((3, 7), (5, 2), (6, 5)), (1, 10))","(((3, 8), (5, 2), (6, 5)), (1, 10))",35,12.0,47.0,35,1,0,expanded,False,True,4113
"(((6, 5), (6, 9), (7, 10)), (1, 10))","(((6, 5), (6, 9), (6, 10)), (1, 10))",36,13,49.0,36,,,pruned,,,4114
"(((6, 5), (6, 9), (6, 10)), (1, 10))","(((6, 4), (6, 9), (6, 10)), (1, 10))",35,12.0,47.0,35,3,1,expanded,False,True,4115
"(((4, 7), (6, 3), (6, 7)), (2, 2))","(((4, 6), (6, 3), (6, 7)), (2, 2))",36,11,47.0,36,,,pruned,,,4116
"(((4, 6), (6, 2), (6, 7)), (2, 2))","(((4, 6), (6, 3), (6, 7)), (2, 2))",36,13,49.0,36,,,pruned,,,4117
"(((4, 6), (6, 3), (6, 7)), (2, 2))","(((4, 5), (6, 3), (6, 7)), (2, 2))",35,12.0,47.0,35,4,2,expanded,False,True,4118
"(((4, 5), (4, 6), (6, 4)), (1, 10))","(((4, 5), (4, 6), (6, 5)), (1, 10))",36,11.0,47.0,36,1,0,expanded,False,True,4119
"(((3, 10), (4, 1), (6, 10)), (2, 2))","(((3, 10), (4, 2), (6, 10)), (2, 2))",37,12,49.0,37,,,pruned,,,4120
"(((3, 10), (4, 2), (6, 11)), (1, 10))","(((3, 10), (4, 2), (6, 10)), (2, 2))",37,12,49.0,37,,,pruned,,,4121
"(((3, 11), (4, 2), (6, 10)), (1, 10))","(((3, 10), (4, 2), (6, 10)), (2, 2))",37,12,49.0,37,,,pruned,,,4122
"(((3, 10), (4, 2), (6, 10)), (2, 2))","(((3, 10), (4, 3), (6, 10)), (2, 2))",36,11.0,47.0,36,6,3,expanded,False,True,4123
"(((3, 11), (5, 2), (6, 9)), (1, 10))","(((3, 10), (5, 2), (6, 9)), (2, 2))",37,12,49.0,37,,,pruned,,,4124
"(((3, 10), (6, 2), (6, 9)), (2, 2))","(((3, 10), (5, 2), (6, 9)), (2, 2))",37,12,49.0,37,,,pruned,,,4125
"(((3, 10), (5, 2), (6, 9)), (2, 2))","(((3, 10), (4, 2), (6, 9)), (2, 2))",36,11.0,47.0,36,4,2,expanded,False,True,4126
"(((1, 10), (4, 3), (6, 10)), (1, 11))","(((2, 10), (4, 3), (6, 10)), (1, 10))",37,12,49.0,37,,,pruned,,,4127
"(((2, 10), (4, 3), (7, 10)), (1, 10))","(((2, 10), (4, 3), (6, 10)), (1, 10))",37,12,49.0,37,,,pruned,,,4128
"(((2, 10), (4, 3), (6, 11)), (1, 10))","(((2, 10), (4, 3), (6, 10)), (1, 10))",37,12,49.0,37,,,pruned,,,4129
"(((2, 10), (4, 3), (6, 10)), (1, 10))","(((2, 10), (4, 3), (6, 9)), (1, 10))",36,11.0,47.0,36,8,3,expanded,False,True,4130
"(((1, 10), (4, 2), (6, 9)), (1, 11))","(((2, 10), (4, 2), (6, 9)), (1, 10))",37,12,49.0,37,,,pruned,,,4131
"(((2, 10), (4, 1), (6, 9)), (1, 10))","(((2, 10), (4, 2), (6, 9)), (1, 10))",37,12,49.0,37,,,pruned,,,4132
"(((2, 10), (4, 2), (6, 9)), (1, 10))","(((2, 10), (4, 3), (6, 9)), (1, 10))",36,11.0,47.0,36,8,2,expanded,False,True,4133
"(((1, 10), (3, 2), (6, 10)), (1, 11))","(((2, 10), (3, 2), (6, 10)), (1, 10))",37,12,49.0,37,,,pruned,,,4134
"(((2, 10), (3, 2), (7, 10)), (1, 10))","(((2, 10), (3, 2), (6, 10)), (1, 10))",37,12,49.0,37,,,pruned,,,4135
"(((2, 10), (3, 2), (6, 11)), (1, 10))","(((2, 10), (3, 2), (6, 10)), (1, 10))",37,12,49.0,37,,,pruned,,,4136
"(((2, 2), (2, 10), (6, 10)), (1, 10))","(((2, 10), (3, 2), (6, 10)), (1, 10))",37,12,49.0,37,,,pruned,,,4137
"(((2, 10), (3, 2), (6, 10)), (1, 10))","(((2, 10), (3, 2), (6, 9)), (1, 10))",36,11.0,47.0,36,8,4,expanded,False,True,4138
"(((3, 7), (6, 2), (6, 6)), (2, 2))","(((3, 7), (5, 2), (6, 6)), (2, 2))",37,12,49.0,37,,,pruned,,,4139
"(((3, 7), (5, 2), (6, 6)), (2, 2))","(((3, 7), (4, 2), (6, 6)), (2, 2))",36,11.0,47.0,36,3,1,expanded,False,True,4140
"(((1, 10), (6, 4), (6, 7)), (1, 11))","(((2, 10), (6, 4), (6, 7)), (1, 10))",37,12,49.0,37,,,pruned,,,4141
"(((2, 10), (6, 4), (6, 7)), (1, 10))","(((2, 10), (5, 4), (6, 7)), (1, 10))",36,11.0,47.0,36,4,1,expanded,False,True,4142
"(((4, 10), (6, 4), (6, 9)), (1, 10))","(((4, 10), (5, 4), (6, 9)), (1, 10))",36,11.0,47.0,36,4,0,expanded,False,True,4143
"(((4, 10), (5, 4), (7, 10)), (1, 10))","(((4, 10), (5, 4), (6, 10)), (1, 10))",37,12,49.0,37,,,pruned,,,4144
"(((4, 10), (5, 4), (6, 11)), (1, 10))","(((4, 10), (5, 4), (6, 10)), (1, 10))",37,12,49.0,37,,,pruned,,,4145
"(((4, 10), (5, 4), (6, 10)), (1, 10))","(((4, 10), (5, 4), (6, 9)), (1, 10))",36,11.0,47.0,36,8,2,expanded,False,True,4146
"(((4, 1), (4, 10), (5, 10)), (1, 10))","(((4, 2), (4, 10), (5, 10)), (1, 10))",37,12,49.0,37,,,pruned,,,4147
"(((4, 2), (4, 10), (5, 10)), (1, 10))","(((4, 3), (4, 10), (5, 10)), (1, 10))",36,11.0,47.0,36,4,1,expanded,False,True,4148
"(((3, 7), (6, 4), (6, 5)), (2, 2))","(((3, 7), (5, 4), (6, 5)), (2, 2))",36,11.0,47.0,36,0,0,expanded,False,True,4149
"(((1, 10), (6, 5), (6, 6)), (1, 11))","(((2, 10), (6, 5), (6, 6)), (1, 10))",37,12,49.0,37,,,pruned,,,4150
"(((2, 10), (6, 5), (6, 6)), (1, 10))","(((3, 10), (6, 5), (6, 6)), (1, 10))",36,11.0,47.0,36,2,1,expanded,False,True,4151
"(((3, 7), (5, 2), (6, 6)), (1, 10))","(((3, 8), (5, 2), (6, 6)), (1, 10))",36,11.0,47.0,36,1,0,expanded,False,True,4152
"(((3, 7), (6, 4), (6, 5)), (1, 10))","(((3, 8), (6, 4), (6, 5)), (1, 10))",36,11.0,47.0,36,0,0,expanded,False,True,4153
"(((3, 10), (4, 2), (7, 10)), (1, 10))","(((3, 10), (4, 2), (6, 10)), (1, 10))",37,12,49.0,37,,,pruned,,,4154
"(((3, 10), (4, 2), (6, 10)), (1, 10))","(((4, 2), (4, 10), (6, 10)), (1, 10))",36,11.0,47.0,36,6,1,expanded,False,True,4155
"(((3, 10), (5, 2), (6, 9)), (1, 10))","(((4, 10), (5, 2), (6, 9)), (1, 10))",36,11.0,47.0,36,4,0,expanded,False,True,4156
"(((5, 10), (6, 5), (6, 9)), (1, 10))","(((5, 10), (6, 4), (6, 9)), (1, 10))",36,11.0,47.0,36,4,0,expanded,False,True,4157
"(((6, 6), (6, 9), (7, 10)), (1, 10))","(((6, 6), (6, 9), (6, 10)), (1, 10))",37,12,49.0,37,,,pruned,,,4158
"(((6, 6), (6, 9), (6, 10)), (1, 10))","(((6, 5), (6, 9), (6, 10)), (1, 10))",36,11.0,47.0,36,3,1,expanded,False,True,4159
"(((3, 9), (6, 2), (6, 9)), (2, 2))","(((3, 9), (5, 2), (6, 9)), (2, 2))",38,11,49.0,38,,,pruned,,,4160
"(((3, 9), (5, 2), (6, 9)), (2, 2))","(((3, 9), (4, 2), (6, 9)), (2, 2))",37,10.0,47.0,37,4,1,expanded,False,True,4161
"(((3, 9), (4, 2), (6, 11)), (1, 10))","(((3, 9), (4, 2), (6, 10)), (2, 2))",38,11,49.0,38,,,pruned,,,4162
"(((3, 9), (4, 1), (6, 10)), (2, 2))","(((3, 9), (4, 2), (6, 10)), (2, 2))",38,11,49.0,38,,,pruned,,,4163
"(((3, 9), (4, 2), (6, 10)), (2, 2))","(((3, 9), (4, 2), (6, 9)), (2, 2))",37,10.0,47.0,37,6,2,expanded,False,True,4164
"(((3, 8), (6, 2), (6, 8)), (2, 2))","(((3, 8), (5, 2), (6, 8)), (2, 2))",38,11,49.0,38,,,pruned,,,4165
"(((3, 8), (5, 2), (6, 8)), (2, 2))","(((3, 8), (4, 2), (6, 8)), (2, 2))",37,10.0,47.0,37,4,1,expanded,False,True,4166
"(((3, 7), (6, 2), (6, 7)), (2, 2))","(((3, 7), (5, 2), (6, 7)), (2, 2))",38,11,49.0,38,,,pruned,,,4167
"(((3, 7), (5, 2), (6, 7)), (2, 2))","(((3, 7), (4, 2), (6, 7)), (2, 2))",37,10.0,47.0,37,3,1,expanded,False,True,4168
"(((3, 11), (6, 4), (6, 9)), (1, 10))","(((3, 10), (6, 4), (6, 9)), (2, 2))",38,11,49.0,38,,,pruned,,,4169
"(((3, 10), (6, 4), (6, 9)), (2, 2))","(((3, 10), (5, 4), (6, 9)), (2, 2))",37,10.0,47.0,37,2,1,expanded,False,True,4170
"(((3, 10), (5, 4), (6, 11)), (1, 10))","(((3, 10), (5, 4), (6, 10)), (2, 2))",38,11,49.0,38,,,pruned,,,4171
"(((3, 11), (5, 4), (6, 10)), (1, 10))","(((3, 10), (5, 4), (6, 10)), (2, 2))",38,11,49.0,38,,,pruned,,,4172
"(((3, 10), (5, 4), (6, 10)), (2, 2))","(((3, 10), (5, 4), (6, 9)), (2, 2))",37,10.0,47.0,37,4,2,expanded,False,True,4173
"(((3, 7), (6, 4), (6, 6)), (2, 2))","(((3, 7), (5, 4), (6, 6)), (2, 2))",37,10.0,47.0,37,1,0,expanded,False,True,4174
"(((1, 10), (5, 4), (6, 9)), (1, 11))","(((2, 10), (5, 4), (6, 9)), (1, 10))",38,11,49.0,38,,,pruned,,,4175
"(((2, 10), (5, 4), (6, 9)), (1, 10))","(((2, 10), (4, 4), (6, 9)), (1, 10))",37,10.0,47.0,37,6,1,expanded,False,True,4176
"(((1, 10), (4, 4), (6, 10)), (1, 11))","(((2, 10), (4, 4), (6, 10)), (1, 10))",38,11,49.0,38,,,pruned,,,4177
"(((2, 10), (4, 4), (7, 10)), (1, 10))","(((2, 10), (4, 4), (6, 10)), (1, 10))",38,11,49.0,38,,,pruned,,,4178
"(((2, 10), (4, 4), (6, 11)), (1, 10))","(((2, 10), (4, 4), (6, 10)), (1, 10))",38,11,49.0,38,,,pruned,,,4179
"(((2, 10), (4, 4), (6, 10)), (1, 10))","(((2, 10), (4, 4), (6, 9)), (1, 10))",37,10.0,47.0,37,10,3,expanded,False,True,4180
"(((1, 10), (4, 3), (5, 10)), (1, 11))","(((2, 10), (4, 3), (5, 10)), (1, 10))",38,11,49.0,38,,,pruned,,,4181
"(((2, 10), (4, 3), (5, 10)), (1, 10))","(((3, 10), (4, 3), (5, 10)), (1, 10))",37,10.0,47.0,37,6,1,expanded,False,True,4182
"(((3, 11), (4, 2), (5, 10)), (1, 10))","(((3, 10), (4, 2), (5, 10)), (1, 10))",38,11,49.0,38,,,pruned,,,4183
"(((3, 10), (4, 1), (5, 10)), (1, 10))","(((3, 10), (4, 2), (5, 10)), (1, 10))",38,11,49.0,38,,,pruned,,,4184
"(((3, 10), (4, 2), (5, 10)), (1, 10))","(((3, 10), (4, 3), (5, 10)), (1, 10))",37,10.0,47.0,37,10,2,expanded,False,True,4185
"(((1, 10), (3, 2), (5, 10)), (1, 11))","(((2, 10), (3, 2), (5, 10)), (1, 10))",38,11,49.0,38,,,pruned,,,4186
"(((2, 2), (2, 10), (5, 10)), (1, 10))","(((2, 10), (3, 2), (5, 10)), (1, 10))",38,11,49.0,38,,,pruned,,,4187
"(((2, 10), (3, 2), (5, 10)), (1, 10))","(((3, 2), (3, 10), (5, 10)), (1, 10))",37,10.0,47.0,37,6,2,expanded,False,True,4188
"(((4, 10), (5, 4), (5, 10)), (1, 10))","(((4, 4), (4, 10), (5, 10)), (1, 10))",37,10.0,47.0,37,2,0,expanded,False,True,4189
"(((1, 10), (6, 5), (6, 7)), (1, 11))","(((2, 10), (6, 5), (6, 7)), (1, 10))",38,11,49.0,38,,,pruned,,,4190
"(((2, 10), (6, 5), (6, 7)), (1, 10))","(((3, 10), (6, 5), (6, 7)), (1, 10))",37,10.0,47.0,37,4,1,expanded,False,True,4191
"(((3, 7), (5, 2), (6, 7)), (1, 10))","(((3, 8), (5, 2), (6, 7)), (1, 10))",37,10.0,47.0,37,1,0,expanded,False,True,4192
"(((3, 7), (6, 4), (6, 6)), (1, 10))","(((3, 8), (6, 4), (6, 6)), (1, 10))",37,10.0,47.0,37,1,0,expanded,False,True,4193
"(((3, 8), (5, 2), (6, 8)), (1, 10))","(((3, 9), (5, 2), (6, 8)), (1, 10))",37,10.0,47.0,37,2,0,expanded,False,True,4194
"(((3, 10), (6, 4), (6, 9)), (1, 10))","(((4, 10), (6, 4), (6, 9)), (1, 10))",37,10.0,47.0,37,4,0,expanded,False,True,4195
"(((4, 10), (6, 5), (6, 9)), (1, 10))","(((4, 10), (6, 4), (6, 9)), (1, 10))",37,10.0,47.0,37,4,0,expanded,False,True,4196
"(((3, 10), (5, 4), (7, 10)), (1, 10))","(((3, 10), (5, 4), (6, 10)), (1, 10))",38,11,49.0,38,,,pruned,,,4197
"(((3, 10), (5, 4), (6, 10)), (1, 10))","(((4, 10), (5, 4), (6, 10)), (1, 10))",37,10.0,47.0,37,6,1,expanded,False,True,4198
"(((3, 9), (4, 2), (7, 10)), (1, 10))","(((3, 9), (4, 2), (6, 10)), (1, 10))",38,11,49.0,38,,,pruned,,,4199
"(((3, 9), (4, 2), (6, 10)), (1, 10))","(((3, 10), (4, 2), (6, 10)), (1, 10))",37,10.0,47.0,37,4,1,expanded,False,True,4200
"(((3, 9), (5, 2), (6, 9)), (1, 10))","(((3, 10), (5, 2), (6, 9)), (1, 10))",37,10.0,47.0,37,2,0,expanded,False,True,4201
"(((5, 10), (6, 6), (6, 9)), (1, 10))","(((5, 10), (6, 5), (6, 9)), (1, 10))",37,10.0,47.0,37,4,0,expanded,False,True,4202
"(((6, 7), (6, 9), (7, 10)), (1, 10))","(((6, 7), (6, 9), (6, 10)), (1, 10))",38,11,49.0,38,,,pruned,,,4203
"(((6, 7), (6, 9), (6, 10)), (1, 10))","(((6, 6), (6, 9), (6, 10)), (1, 10))",37,10.0,47.0,37,3,1,expanded,False,True,4204
"(((3, 9), (6, 4), (6, 9)), (2, 2))","(((3, 9), (5, 4), (6, 9)), (2, 2))",38,9.0,47.0,38,2,0,expanded,False,True,4205
"(((3, 9), (5, 4), (6, 11)), (1, 10))","(((3, 9), (5, 4), (6, 10)), (2, 2))",39,10,49.0,39,,,pruned,,,4206
"(((3, 9), (5, 4), (6, 10)), (2, 2))","(((3, 9), (5, 4), (6, 9)), (2, 2))",38,9.0,47.0,38,4,1,expanded,False,True,4207
"(((3, 7), (4, 3), (6, 11)), (1, 10))","(((3, 7), (4, 3), (6, 10)), (2, 2))",39,10,49.0,39,,,pruned,,,4208
"(((3, 7), (4, 3), (6, 10)), (2, 2))","(((3, 7), (4, 3), (6, 9)), (2, 2))",38,9.0,47.0,38,3,1,expanded,False,True,4209
"(((3, 7), (4, 1), (6, 9)), (2, 2))","(((3, 7), (4, 2), (6, 9)), (2, 2))",39,10,49.0,39,,,pruned,,,4210
"(((3, 7), (4, 2), (6, 9)), (2, 2))","(((3, 7), (4, 3), (6, 9)), (2, 2))",38,9.0,47.0,38,5,1,expanded,False,True,4211
"(((2, 2), (3, 7), (6, 10)), (2, 3))","(((3, 2), (3, 7), (6, 10)), (2, 2))",39,10,49.0,39,,,pruned,,,4212
"(((3, 2), (3, 7), (6, 11)), (1, 10))","(((3, 2), (3, 7), (6, 10)), (2, 2))",39,10,49.0,39,,,pruned,,,4213
"(((3, 2), (3, 7), (6, 10)), (2, 2))","(((3, 2), (3, 7), (6, 9)), (2, 2))",38,9.0,47.0,38,3,2,expanded,False,True,4214
"(((3, 8), (6, 4), (6, 8)), (2, 2))","(((3, 8), (5, 4), (6, 8)), (2, 2))",38,9.0,47.0,38,2,0,expanded,False,True,4215
"(((3, 7), (6, 4), (6, 7)), (2, 2))","(((3, 7), (5, 4), (6, 7)), (2, 2))",38,9.0,47.0,38,1,0,expanded,False,True,4216
"(((3, 11), (4, 2), (4, 10)), (1, 10))","(((3, 10), (4, 2), (4, 10)), (1, 10))",39,10,49.0,39,,,pruned,,,4217
"(((3, 10), (4, 1), (4, 10)), (1, 10))","(((3, 10), (4, 2), (4, 10)), (1, 10))",39,10,49.0,39,,,pruned,,,4218
"(((3, 10), (4, 2), (4, 10)), (1, 10))","(((3, 10), (4, 3), (4, 10)), (1, 10))",38,9.0,47.0,38,6,2,expanded,False,True,4219
"(((3, 9), (4, 1), (5, 10)), (1, 10))","(((3, 9), (4, 2), (5, 10)), (1, 10))",39,10,49.0,39,,,pruned,,,4220
"(((3, 9), (4, 2), (5, 10)), (1, 10))","(((3, 9), (4, 3), (5, 10)), (1, 10))",38,9.0,47.0,38,8,1,expanded,False,True,4221
"(((2, 10), (4, 5), (6, 11)), (1, 10))","(((2, 10), (4, 5), (6, 10)), (2, 2))",39,10,49.0,39,,,pruned,,,4222
"(((2, 10), (4, 5), (6, 10)), (2, 2))","(((2, 10), (4, 5), (6, 9)), (2, 2))",38,9.0,47.0,38,2,1,expanded,False,True,4223
"(((3, 11), (5, 4), (5, 10)), (1, 10))","(((3, 10), (5, 4), (5, 10)), (1, 10))",39,10,49.0,39,,,pruned,,,4224
"(((3, 10), (5, 4), (5, 10)), (1, 10))","(((3, 10), (4, 4), (5, 10)), (1, 10))",38,9.0,47.0,38,8,1,expanded,False,True,4225
"(((1, 10), (4, 4), (5, 10)), (1, 11))","(((2, 10), (4, 4), (5, 10)), (1, 10))",39,10,49.0,39,,,pruned,,,4226
"(((2, 10), (4, 4), (5, 10)), (1, 10))","(((3, 10), (4, 4), (5, 10)), (1, 10))",38,9.0,47.0,38,8,1,expanded,False,True,4227
"(((1, 10), (4, 3), (4, 10)), (1, 11))","(((2, 10), (4, 3), (4, 10)), (1, 10))",39,10,49.0,39,,,pruned,,,4228
"(((2, 10), (4, 3), (4, 10)), (1, 10))","(((2, 10), (3, 3), (4, 10)), (1, 10))",38,9.0,47.0,38,6,1,expanded,False,True,4229
"(((1, 10), (3, 2), (4, 10)), (1, 11))","(((2, 10), (3, 2), (4, 10)), (1, 10))",39,10,49.0,39,,,pruned,,,4230
"(((2, 2), (2, 10), (4, 10)), (1, 10))","(((2, 10), (3, 2), (4, 10)), (1, 10))",39,10,49.0,39,,,pruned,,,4231
"(((2, 10), (3, 2), (4, 10)), (1, 10))","(((2, 10), (3, 3), (4, 10)), (1, 10))",38,9.0,47.0,38,6,2,expanded,False,True,4232
"(((1, 10), (6, 6), (6, 7)), (1, 11))","(((2, 10), (6, 6), (6, 7)), (1, 10))",39,10,49.0,39,,,pruned,,,4233
"(((2, 10), (6, 6), (6, 7)), (1, 10))","(((3, 10), (6, 6), (6, 7)), (1, 10))",38,9.0,47.0,38,2,1,expanded,False,True,4234
"(((3, 7), (4, 3), (7, 10)), (1, 10))","(((3, 7), (4, 3), (6, 10)), (1, 10))",39,10,49.0,39,,,pruned,,,4235
"(((3, 7), (4, 3), (6, 10)), (1, 10))","(((3, 8), (4, 3), (6, 10)), (1, 10))",38,9.0,47.0,38,3,1,expanded,False,True,4236
"(((3, 7), (4, 2), (6, 9)), (1, 10))","(((3, 8), (4, 2), (6, 9)), (1, 10))",38,9.0,47.0,38,1,0,expanded,False,True,4237
"(((3, 2), (3, 7), (7, 10)), (1, 10))","(((3, 2), (3, 7), (6, 10)), (1, 10))",39,10,49.0,39,,,pruned,,,4238
"(((3, 2), (3, 7), (6, 10)), (1, 10))","(((3, 2), (3, 8), (6, 10)), (1, 10))",38,9.0,47.0,38,3,1,expanded,False,True,4239
"(((3, 7), (6, 4), (6, 7)), (1, 10))","(((3, 8), (6, 4), (6, 7)), (1, 10))",38,9.0,47.0,38,1,0,expanded,False,True,4240
"(((3, 7), (6, 5), (6, 6)), (1, 10))","(((3, 8), (6, 5), (6, 6)), (1, 10))",38,9.0,47.0,38,0,0,expanded,False,True,4241
"(((3, 8), (6, 4), (6, 8)), (1, 10))","(((3, 9), (6, 4), (6, 8)), (1, 10))",38,9.0,47.0,38,2,0,expanded,False,True,4242
"(((3, 11), (6, 5), (6, 9)), (1, 10))","(((3, 10), (6, 5), (6, 9)), (2, 2))",39,10,49.0,39,,,pruned,,,4243
"(((3, 10), (6, 5), (6, 9)), (2, 2))","(((3, 10), (6, 4), (6, 9)), (2, 2))",38,9.0,47.0,38,2,1,expanded,False,True,4244
"(((3, 7), (6, 5), (6, 6)), (2, 2))","(((3, 7), (6, 4), (6, 6)), (2, 2))",38,9.0,47.0,38,0,0,expanded,False,True,4245
"(((3, 9), (6, 4), (6, 9)), (1, 10))","(((3, 10), (6, 4), (6, 9)), (1, 10))",38,9.0,47.0,38,2,0,expanded,False,True,4246
"(((3, 10), (6, 5), (6, 9)), (1, 10))","(((4, 10), (6, 5), (6, 9)), (1, 10))",38,9.0,47.0,38,4,0,expanded,False,True,4247
"(((4, 10), (6, 6), (6, 9)), (1, 10))","(((4, 10), (6, 5), (6, 9)), (1, 10))",38,9.0,47.0,38,4,0,expanded,False,True,4248
"(((3, 9), (5, 4), (7, 10)), (1, 10))","(((3, 9), (5, 4), (6, 10)), (1, 10))",39,10,49.0,39,,,pruned,,,4249
"(((3, 9), (5, 4), (6, 10)), (1, 10))","(((3, 10), (5, 4), (6, 10)), (1, 10))",38,9.0,47.0,38,4,1,expanded,False,True,4250
"(((5, 10), (6, 7), (6, 9)), (1, 10))","(((5, 10), (6, 6), (6, 9)), (1, 10))",38,9.0,47.0,38,4,0,expanded,False,True,4251
"(((3, 9), (4, 1), (4, 10)), (1, 10))","(((3, 9), (4, 2), (4, 10)), (1, 10))",40,9,49.0,40,,,pruned,,,4252
"(((3, 9), (4, 2), (4, 10)), (1, 10))","(((3, 9), (4, 3), (4, 10)), (1, 10))",39,8.0,47.0,39,8,1,expanded,False,True,4253
"(((3, 7), (5, 4), (6, 9)), (2, 2))","(((3, 7), (4, 4), (6, 9)), (2, 2))",39,8.0,47.0,39,3,0,expanded,False,True,4254
"(((3, 7), (4, 4), (6, 11)), (1, 10))","(((3, 7), (4, 4), (6, 10)), (2, 2))",40,9,49.0,40,,,pruned,,,4255
"(((3, 7), (4, 4), (6, 10)), (2, 2))","(((3, 7), (4, 4), (6, 9)), (2, 2))",39,8.0,47.0,39,5,1,expanded,False,True,4256
"(((2, 10), (4, 7), (6, 10)), (2, 2))","(((2, 10), (4, 6), (6, 10)), (2, 2))",40,7,47.0,40,,,pruned,,,4257
"(((2, 10), (4, 6), (6, 11)), (1, 10))","(((2, 10), (4, 6), (6, 10)), (2, 2))",40,9,49.0,40,,,pruned,,,4258
"(((2, 10), (4, 6), (6, 10)), (2, 2))","(((2, 10), (4, 6), (6, 9)), (2, 2))",39,8.0,47.0,39,2,2,expanded,True,True,4259
"(((3, 7), (4, 3), (5, 10)), (1, 10))","(((3, 3), (3, 7), (5, 10)), (1, 10))",39,8.0,47.0,39,4,0,expanded,False,True,4260
"(((2, 2), (3, 7), (5, 10)), (1, 10))","(((3, 2), (3, 7), (5, 10)), (1, 10))",40,9,49.0,40,,,pruned,,,4261
"(((3, 2), (3, 7), (5, 10)), (1, 10))","(((3, 3), (3, 7), (5, 10)), (1, 10))",39,8.0,47.0,39,4,1,expanded,False,True,4262
"(((3, 11), (4, 10), (5, 4)), (1, 10))","(((3, 10), (4, 10), (5, 4)), (1, 10))",40,9,49.0,40,,,pruned,,,4263
"(((3, 10), (4, 10), (5, 4)), (1, 10))","(((3, 10), (4, 4), (4, 10)), (1, 10))",39,8.0,47.0,39,4,1,expanded,False,True,4264
"(((3, 9), (5, 4), (5, 10)), (1, 10))","(((3, 9), (4, 4), (5, 10)), (1, 10))",39,8.0,47.0,39,6,0,expanded,False,True,4265
"(((3, 10), (4, 5), (7, 10)), (1, 10))","(((3, 10), (4, 5), (6, 10)), (1, 10))",40,9,49.0,40,,,pruned,,,4266
"(((3, 10), (4, 5), (6, 10)), (1, 10))","(((3, 10), (4, 5), (5, 10)), (1, 10))",39,8.0,47.0,39,6,1,expanded,False,True,4267
"(((1, 10), (4, 5), (5, 10)), (1, 11))","(((2, 10), (4, 5), (5, 10)), (1, 10))",40,9,49.0,40,,,pruned,,,4268
"(((2, 10), (4, 5), (5, 10)), (1, 10))","(((3, 10), (4, 5), (5, 10)), (1, 10))",39,8.0,47.0,39,6,1,expanded,False,True,4269
"(((2, 10), (3, 11), (4, 3)), (2, 2))","(((2, 10), (3, 10), (4, 3)), (1, 10))",40,9,49.0,40,,,pruned,,,4270
"(((2, 10), (3, 10), (4, 3)), (1, 10))","(((2, 10), (3, 3), (3, 10)), (1, 10))",39,8.0,47.0,39,4,1,expanded,False,True,4271
"(((2, 10), (3, 2), (3, 11)), (2, 2))","(((2, 10), (3, 2), (3, 10)), (1, 10))",40,9,49.0,40,,,pruned,,,4272
"(((2, 2), (2, 10), (3, 10)), (1, 10))","(((2, 10), (3, 2), (3, 10)), (1, 10))",40,9,49.0,40,,,pruned,,,4273
"(((2, 10), (3, 2), (3, 10)), (1, 10))","(((2, 10), (3, 3), (3, 10)), (1, 10))",39,8.0,47.0,39,4,2,expanded,False,True,4274
"(((3, 7), (5, 4), (6, 9)), (1, 10))","(((3, 8), (5, 4), (6, 9)), (1, 10))",39,8.0,47.0,39,1,0,expanded,False,True,4275
"(((3, 7), (4, 4), (7, 10)), (1, 10))","(((3, 7), (4, 4), (6, 10)), (1, 10))",40,9,49.0,40,,,pruned,,,4276
"(((3, 7), (4, 4), (6, 10)), (1, 10))","(((3, 8), (4, 4), (6, 10)), (1, 10))",39,8.0,47.0,39,3,1,expanded,False,True,4277
"(((3, 7), (6, 5), (6, 7)), (1, 10))","(((3, 8), (6, 5), (6, 7)), (1, 10))",39,8.0,47.0,39,1,0,expanded,False,True,4278
"(((3, 8), (6, 5), (6, 8)), (1, 10))","(((3, 9), (6, 5), (6, 8)), (1, 10))",39,8.0,47.0,39,2,0,expanded,False,True,4279
"(((3, 9), (6, 5), (6, 9)), (2, 2))","(((3, 9), (6, 4), (6, 9)), (2, 2))",39,8.0,47.0,39,2,0,expanded,False,True,4280
"(((3, 8), (6, 5), (6, 8)), (2, 2))","(((3, 8), (6, 4), (6, 8)), (2, 2))",39,8.0,47.0,39,2,0,expanded,False,True,4281
"(((3, 7), (6, 5), (6, 7)), (2, 2))","(((3, 7), (6, 4), (6, 7)), (2, 2))",39,8.0,47.0,39,1,0,expanded,False,True,4282
"(((1, 10), (4, 4), (4, 10)), (1, 11))","(((2, 10), (4, 4), (4, 10)), (1, 10))",40,9,49.0,40,,,pruned,,,4283
"(((2, 10), (4, 4), (4, 10)), (1, 10))","(((2, 10), (4, 4), (5, 10)), (1, 10))",39,8.0,47.0,39,8,1,expanded,False,True,4284
"(((3, 11), (6, 6), (6, 9)), (1, 10))","(((3, 10), (6, 6), (6, 9)), (2, 2))",40,9,49.0,40,,,pruned,,,4285
"(((3, 10), (6, 6), (6, 9)), (2, 2))","(((3, 10), (6, 5), (6, 9)), (2, 2))",39,8.0,47.0,39,2,1,expanded,False,True,4286
"(((3, 9), (6, 5), (6, 9)), (1, 10))","(((3, 10), (6, 5), (6, 9)), (1, 10))",39,8.0,47.0,39,2,0,expanded,False,True,4287
"(((4, 10), (6, 7), (6, 9)), (1, 10))","(((4, 10), (6, 6), (6, 9)), (1, 10))",39,8.0,47.0,39,4,0,expanded,False,True,4288
"(((3, 10), (6, 6), (6, 9)), (1, 10))","(((4, 10), (6, 6), (6, 9)), (1, 10))",39,8.0,47.0,39,4,0,expanded,False,True,4289
"(((1, 10), (3, 9), (4, 3)), (1, 11))","(((2, 10), (3, 9), (4, 3)), (1, 10))",41,8,49.0,41,,,pruned,,,4290
"(((2, 10), (3, 9), (4, 3)), (1, 10))","(((3, 9), (3, 10), (4, 3)), (1, 10))",40,7.0,47.0,40,6,1,expanded,False,True,4291
"(((3, 9), (3, 10), (4, 1)), (1, 10))","(((3, 9), (3, 10), (4, 2)), (1, 10))",41,8,49.0,41,,,pruned,,,4292
"(((3, 9), (3, 10), (4, 2)), (1, 10))","(((3, 9), (3, 10), (4, 3)), (1, 10))",40,7.0,47.0,40,6,1,expanded,False,True,4293
"(((2, 2), (2, 10), (3, 9)), (1, 10))","(((2, 10), (3, 2), (3, 9)), (1, 10))",41,8,49.0,41,,,pruned,,,4294
"(((1, 10), (3, 2), (3, 9)), (1, 11))","(((2, 10), (3, 2), (3, 9)), (1, 10))",41,8,49.0,41,,,pruned,,,4295
"(((2, 10), (3, 2), (3, 9)), (1, 10))","(((3, 2), (3, 9), (3, 10)), (1, 10))",40,7.0,47.0,40,6,2,expanded,False,True,4296
"(((3, 7), (4, 5), (6, 11)), (1, 10))","(((3, 7), (4, 5), (6, 10)), (2, 2))",41,8,49.0,41,,,pruned,,,4297
"(((3, 7), (4, 5), (6, 10)), (2, 2))","(((3, 7), (4, 5), (6, 9)), (2, 2))",40,7.0,47.0,40,2,1,expanded,False,True,4298
"(((3, 7), (4, 3), (4, 10)), (1, 10))","(((3, 3), (3, 7), (4, 10)), (1, 10))",40,7.0,47.0,40,4,0,expanded,False,True,4299
"(((2, 2), (3, 7), (4, 10)), (1, 10))","(((3, 2), (3, 7), (4, 10)), (1, 10))",41,8,49.0,41,,,pruned,,,4300
"(((3, 2), (3, 7), (4, 10)), (1, 10))","(((3, 3), (3, 7), (4, 10)), (1, 10))",40,7.0,47.0,40,4,1,expanded,False,True,4301
"(((3, 9), (4, 10), (5, 4)), (1, 10))","(((3, 9), (4, 4), (4, 10)), (1, 10))",40,7.0,47.0,40,6,0,expanded,False,True,4302
"(((3, 9), (4, 5), (7, 10)), (1, 10))","(((3, 9), (4, 5), (6, 10)), (1, 10))",41,8,49.0,41,,,pruned,,,4303
"(((3, 9), (4, 5), (6, 10)), (1, 10))","(((3, 9), (4, 5), (5, 10)), (1, 10))",40,7.0,47.0,40,4,1,expanded,False,True,4304
"(((3, 10), (4, 6), (7, 10)), (1, 10))","(((3, 10), (4, 6), (6, 10)), (1, 10))",41,8,49.0,41,,,pruned,,,4305
"(((3, 10), (4, 6), (6, 10)), (1, 10))","(((3, 10), (4, 6), (5, 10)), (1, 10))",40,7.0,47.0,40,6,1,expanded,False,True,4306
"(((2, 10), (4, 7), (5, 10)), (1, 10))","(((2, 10), (4, 6), (5, 10)), (1, 10))",41,6,47.0,41,,,pruned,,,4307
"(((1, 10), (4, 6), (5, 10)), (1, 11))","(((2, 10), (4, 6), (5, 10)), (1, 10))",41,8,49.0,41,,,pruned,,,4308
"(((2, 10), (4, 6), (5, 10)), (1, 10))","(((3, 10), (4, 6), (5, 10)), (1, 10))",40,7.0,47.0,40,6,2,expanded,False,True,4309
"(((3, 7), (4, 4), (5, 10)), (1, 10))","(((3, 8), (4, 4), (5, 10)), (1, 10))",40,7.0,47.0,40,6,0,expanded,False,True,4310
"(((3, 7), (6, 6), (6, 7)), (1, 10))","(((3, 8), (6, 6), (6, 7)), (1, 10))",40,7.0,47.0,40,0,0,expanded,False,True,4311
"(((3, 8), (6, 6), (6, 8)), (1, 10))","(((3, 9), (6, 6), (6, 8)), (1, 10))",40,7.0,47.0,40,2,0,expanded,False,True,4312
"(((3, 10), (4, 5), (6, 9)), (1, 10))","(((3, 10), (4, 5), (6, 10)), (1, 10))",40,7.0,47.0,40,4,0,expanded,False,True,4313
"(((1, 10), (4, 5), (4, 10)), (1, 11))","(((2, 10), (4, 5), (4, 10)), (1, 10))",41,8,49.0,41,,,pruned,,,4314
"(((2, 10), (4, 5), (4, 10)), (1, 10))","(((2, 10), (4, 5), (5, 10)), (1, 10))",40,7.0,47.0,40,6,1,expanded,False,True,4315
"(((2, 10), (3, 11), (4, 4)), (2, 2))","(((2, 10), (3, 10), (4, 4)), (1, 10))",41,8,49.0,41,,,pruned,,,4316
"(((2, 10), (3, 10), (4, 4)), (1, 10))","(((2, 10), (3, 10), (4, 3)), (1, 10))",40,7.0,47.0,40,6,1,expanded,False,True,4317
"(((3, 9), (6, 6), (6, 9)), (2, 2))","(((3, 9), (6, 5), (6, 9)), (2, 2))",40,7.0,47.0,40,2,0,expanded,False,True,4318
"(((3, 8), (6, 6), (6, 8)), (2, 2))","(((3, 8), (6, 5), (6, 8)), (2, 2))",40,7.0,47.0,40,2,0,expanded,False,True,4319
"(((3, 7), (6, 6), (6, 7)), (2, 2))","(((3, 7), (6, 5), (6, 7)), (2, 2))",40,7.0,47.0,40,0,0,expanded,False,True,4320
"(((3, 11), (6, 7), (6, 9)), (1, 10))","(((3, 10), (6, 7), (6, 9)), (2, 2))",41,8,49.0,41,,,pruned,,,4321
"(((3, 10), (6, 7), (6, 9)), (2, 2))","(((3, 10), (6, 6), (6, 9)), (2, 2))",40,7.0,47.0,40,2,1,expanded,False,True,4322
"(((3, 10), (6, 7), (6, 9)), (1, 10))","(((4, 10), (6, 7), (6, 9)), (1, 10))",40,7.0,47.0,40,4,0,expanded,False,True,4323
"(((3, 9), (6, 6), (6, 9)), (1, 10))","(((3, 10), (6, 6), (6, 9)), (1, 10))",40,7.0,47.0,40,2,0,expanded,False,True,4324
"(((3, 7), (4, 7), (6, 10)), (2, 2))","(((3, 7), (4, 6), (6, 10)), (2, 2))",42,5,47.0,42,,,pruned,,,4325
"(((3, 7), (4, 6), (6, 11)), (1, 10))","(((3, 7), (4, 6), (6, 10)), (2, 2))",42,7,49.0,42,,,pruned,,,4326
"(((3, 7), (4, 6), (6, 10)), (2, 2))","(((3, 7), (4, 6), (6, 9)), (2, 2))",41,6.0,47.0,41,2,2,expanded,True,True,4327
"(((3, 9), (3, 10), (5, 4)), (1, 10))","(((3, 9), (3, 10), (4, 4)), (1, 10))",41,6.0,47.0,41,4,0,expanded,False,True,4328
"(((1, 10), (3, 9), (4, 4)), (1, 11))","(((2, 10), (3, 9), (4, 4)), (1, 10))",42,7,49.0,42,,,pruned,,,4329
"(((2, 10), (3, 9), (4, 4)), (1, 10))","(((3, 9), (3, 10), (4, 4)), (1, 10))",41,6.0,47.0,41,8,1,expanded,False,True,4330
"(((3, 7), (3, 10), (4, 3)), (1, 10))","(((3, 3), (3, 7), (3, 10)), (1, 10))",41,6.0,47.0,41,5,0,expanded,False,True,4331
"(((2, 2), (3, 7), (3, 10)), (1, 10))","(((3, 2), (3, 7), (3, 10)), (1, 10))",42,7,49.0,42,,,pruned,,,4332
"(((3, 2), (3, 7), (3, 10)), (1, 10))","(((3, 3), (3, 7), (3, 10)), (1, 10))",41,6.0,47.0,41,5,1,expanded,False,True,4333
"(((1, 10), (3, 3), (3, 7)), (1, 11))","(((2, 10), (3, 3), (3, 7)), (1, 10))",42,7,49.0,42,,,pruned,,,4334
"(((2, 3), (2, 10), (3, 7)), (1, 10))","(((2, 10), (3, 3), (3, 7)), (1, 10))",42,7,49.0,42,,,pruned,,,4335
"(((2, 10), (3, 3), (3, 7)), (1, 10))","(((3, 3), (3, 7), (3, 10)), (1, 10))",41,6.0,47.0,41,6,2,expanded,False,True,4336
"(((3, 9), (4, 6), (7, 10)), (1, 10))","(((3, 9), (4, 6), (6, 10)), (1, 10))",42,7,49.0,42,,,pruned,,,4337
"(((3, 9), (4, 6), (6, 10)), (1, 10))","(((3, 9), (4, 6), (5, 10)), (1, 10))",41,6.0,47.0,41,4,1,expanded,False,True,4338
"(((3, 7), (4, 4), (4, 10)), (1, 10))","(((3, 8), (4, 4), (4, 10)), (1, 10))",41,6.0,47.0,41,6,0,expanded,False,True,4339
"(((3, 7), (4, 5), (5, 10)), (1, 10))","(((3, 8), (4, 5), (5, 10)), (1, 10))",41,6.0,47.0,41,3,0,expanded,False,True,4340
"(((3, 8), (6, 7), (6, 8)), (1, 10))","(((3, 9), (6, 7), (6, 8)), (1, 10))",41,6.0,47.0,41,1,0,expanded,False,True,4341
"(((3, 9), (4, 5), (6, 9)), (1, 10))","(((3, 9), (4, 5), (6, 10)), (1, 10))",41,6.0,47.0,41,2,0,expanded,False,True,4342
"(((3, 10), (4, 6), (6, 9)), (1, 10))","(((3, 10), (4, 6), (6, 10)), (1, 10))",41,6.0,47.0,41,4,0,expanded,False,True,4343
"(((1, 10), (4, 6), (4, 10)), (1, 11))","(((2, 10), (4, 6), (4, 10)), (1, 10))",42,7,49.0,42,,,pruned,,,4344
"(((2, 10), (4, 7), (4, 10)), (1, 10))","(((2, 10), (4, 6), (4, 10)), (1, 10))",42,5,47.0,42,,,pruned,,,4345
"(((2, 10), (4, 6), (4, 10)), (1, 10))","(((2, 10), (4, 6), (5, 10)), (1, 10))",41,6.0,47.0,41,6,2,expanded,False,True,4346
"(((2, 10), (3, 10), (4, 5)), (1, 10))","(((2, 10), (4, 5), (4, 10)), (1, 10))",41,6.0,47.0,41,2,0,expanded,False,True,4347
"(((3, 9), (6, 7), (6, 9)), (2, 2))","(((3, 9), (6, 6), (6, 9)), (2, 2))",41,6.0,47.0,41,2,0,expanded,False,True,4348
"(((3, 8), (6, 7), (6, 8)), (2, 2))","(((3, 8), (6, 6), (6, 8)), (2, 2))",41,6.0,47.0,41,1,0,expanded,False,True,4349
"(((3, 9), (6, 7), (6, 9)), (1, 10))","(((3, 10), (6, 7), (6, 9)), (1, 10))",41,6.0,47.0,41,2,0,expanded,False,True,4350
"(((1, 10), (3, 4), (3, 7)), (1, 11))","(((2, 10), (3, 4), (3, 7)), (1, 10))",43,6,49.0,43,,,pruned,,,4351
"(((2, 10), (3, 5), (3, 7)), (1, 10))","(((2, 10), (3, 4), (3, 7)), (1, 10))",43,4,47.0,43,,,pruned,,,4352
"(((2, 10), (3, 4), (3, 7)), (1, 10))","(((3, 4), (3, 7), (3, 10)), (1, 10))",42,5.0,47.0,42,4,2,expanded,False,True,4353
"(((1, 10), (3, 9), (4, 5)), (1, 11))","(((2, 10), (3, 9), (4, 5)), (1, 10))",43,6,49.0,43,,,pruned,,,4354
"(((2, 10), (3, 9), (4, 5)), (1, 10))","(((3, 9), (3, 10), (4, 5)), (1, 10))",42,5.0,47.0,42,4,1,expanded,False,True,4355
"(((3, 7), (3, 9), (4, 3)), (1, 10))","(((3, 3), (3, 7), (3, 9)), (1, 10))",42,5.0,47.0,42,3,0,expanded,False,True,4356
"(((2, 2), (3, 7), (3, 9)), (1, 10))","(((3, 2), (3, 7), (3, 9)), (1, 10))",43,6,49.0,43,,,pruned,,,4357
"(((3, 2), (3, 7), (3, 9)), (1, 10))","(((3, 3), (3, 7), (3, 9)), (1, 10))",42,5.0,47.0,42,3,1,expanded,False,True,4358
"(((3, 7), (4, 5), (4, 10)), (1, 10))","(((3, 8), (4, 5), (4, 10)), (1, 10))",42,5.0,47.0,42,3,0,expanded,False,True,4359
"(((3, 7), (4, 7), (5, 10)), (1, 10))","(((3, 7), (4, 6), (5, 10)), (1, 10))",43,4,47.0,43,,,pruned,,,4360
"(((3, 7), (4, 6), (5, 10)), (1, 10))","(((3, 8), (4, 6), (5, 10)), (1, 10))",42,5.0,47.0,42,3,1,expanded,False,True,4361
"(((3, 7), (3, 10), (4, 4)), (1, 10))","(((3, 7), (3, 10), (4, 3)), (1, 10))",42,5.0,47.0,42,7,0,expanded,False,True,4362
"(((3, 9), (4, 6), (6, 9)), (1, 10))","(((3, 9), (4, 6), (6, 10)), (1, 10))",42,5.0,47.0,42,2,0,expanded,False,True,4363
"(((2, 10), (3, 10), (4, 7)), (1, 10))","(((2, 10), (3, 10), (4, 6)), (1, 10))",43,4,47.0,43,,,pruned,,,4364
"(((2, 10), (3, 10), (4, 6)), (1, 10))","(((2, 10), (4, 6), (4, 10)), (1, 10))",42,5.0,47.0,42,2,1,expanded,False,True,4365
"(((1, 10), (3, 9), (4, 6)), (1, 11))","(((2, 10), (3, 9), (4, 6)), (1, 10))",44,5,49.0,44,,,pruned,,,4366
"(((2, 10), (3, 9), (4, 7)), (1, 10))","(((2, 10), (3, 9), (4, 6)), (1, 10))",44,3,47.0,44,,,pruned,,,4367
"(((2, 10), (3, 9), (4, 6)), (1, 10))","(((3, 9), (3, 10), (4, 6)), (1, 10))",43,4.0,47.0,43,4,2,expanded,False,True,4368
"(((3, 7), (4, 7), (4, 10)), (1, 10))","(((3, 7), (4, 6), (4, 10)), (1, 10))",44,3,47.0,44,,,pruned,,,4369
"(((3, 7), (4, 6), (4, 10)), (1, 10))","(((3, 8), (4, 6), (4, 10)), (1, 10))",43,4.0,47.0,43,3,1,expanded,False,True,4370
"(((3, 7), (3, 9), (4, 4)), (1, 10))","(((3, 7), (3, 9), (4, 3)), (1, 10))",43,4.0,47.0,43,5,0,expanded,False,True,4371
"(((3, 7), (3, 10), (4, 5)), (1, 10))","(((3, 7), (4, 5), (4, 10)), (1, 10))",43,4.0,47.0,43,4,0,expanded,False,True,4372
"(((3, 7), (3, 10), (4, 7)), (1, 10))","(((3, 7), (3, 10), (4, 6)), (1, 10))",45,2,47.0,45,,,pruned,,,4373
"(((3, 7), (3, 10), (4, 6)), (1, 10))","(((3, 7), (4, 6), (4, 10)), (1, 10))",44,3.0,47.0,44,4,1,expanded,False,True,4374
"(((3, 7), (3, 9), (4, 5)), (1, 10))","(((3, 7), (3, 9), (4, 4)), (1, 10))",44,3.0,47.0,44,2,0,expanded,False,True,4375
"(((3, 7), (3, 9), (4, 7)), (1, 10))","(((3, 7), (3, 9), (4, 6)), (1, 10))",46,1,47.0,46,,,pruned,,,4376
"(((3, 7), (3, 9), (4, 6)), (1, 10))","(((3, 7), (3, 10), (4, 6)), (1, 10))",45,2.0,47.0,45,2,1,expanded,False,True,4377
"(((5, 2), (6, 2), (6, 8)), (1, 10))","(((5, 2), (6, 3), (6, 8)), (1, 10))",32,18,50.0,32,,,pruned,,,4378
"(((6, 2), (6, 3), (6, 8)), (1, 10))","(((5, 2), (6, 3), (6, 8)), (1, 10))",32,18,50.0,32,,,pruned,,,4379
"(((5, 2), (6, 3), (6, 8)), (1, 10))","(((5, 2), (6, 3), (6, 9)), (1, 10))",31,17.0,48.0,31,4,2,expanded,False,True,4380
"(((4, 2), (6, 2), (6, 8)), (1, 10))","(((4, 2), (6, 3), (6, 8)), (1, 10))",33,17,50.0,33,,,pruned,,,4381
"(((4, 1), (6, 3), (6, 8)), (1, 10))","(((4, 2), (6, 3), (6, 8)), (1, 10))",33,17,50.0,33,,,pruned,,,4382
"(((4, 2), (6, 3), (6, 8)), (1, 10))","(((4, 3), (6, 3), (6, 8)), (1, 10))",32,16.0,48.0,32,5,2,expanded,False,True,4383
"(((5, 4), (6, 3), (6, 8)), (1, 10))","(((4, 4), (6, 3), (6, 8)), (1, 10))",33,15.0,48.0,33,3,0,expanded,False,True,4384
"(((3, 8), (6, 3), (6, 4)), (2, 2))","(((3, 8), (5, 4), (6, 3)), (2, 2))",35,13.0,48.0,35,1,0,expanded,False,True,4385
"(((3, 8), (6, 3), (6, 4)), (1, 10))","(((3, 9), (6, 3), (6, 4)), (1, 10))",35,13.0,48.0,35,1,0,expanded,False,True,4386
"(((1, 10), (5, 2), (6, 8)), (1, 11))","(((2, 10), (5, 2), (6, 8)), (1, 10))",37,13,50.0,37,,,pruned,,,4387
"(((2, 10), (6, 2), (6, 8)), (1, 10))","(((2, 10), (5, 2), (6, 8)), (1, 10))",37,13,50.0,37,,,pruned,,,4388
"(((2, 10), (5, 2), (6, 8)), (1, 10))","(((2, 10), (4, 2), (6, 8)), (1, 10))",36,12.0,48.0,36,6,2,expanded,False,True,4389
"(((1, 10), (6, 4), (6, 8)), (1, 11))","(((2, 10), (6, 4), (6, 8)), (1, 10))",38,12,50.0,38,,,pruned,,,4390
"(((2, 10), (6, 4), (6, 8)), (1, 10))","(((2, 10), (5, 4), (6, 8)), (1, 10))",37,11.0,48.0,37,4,1,expanded,False,True,4391
"(((3, 8), (4, 2), (6, 11)), (1, 10))","(((3, 8), (4, 2), (6, 10)), (2, 2))",39,11,50.0,39,,,pruned,,,4392
"(((3, 8), (4, 1), (6, 10)), (2, 2))","(((3, 8), (4, 2), (6, 10)), (2, 2))",39,11,50.0,39,,,pruned,,,4393
"(((3, 8), (4, 2), (6, 10)), (2, 2))","(((3, 8), (4, 3), (6, 10)), (2, 2))",38,10.0,48.0,38,6,2,expanded,False,True,4394
"(((3, 8), (6, 2), (6, 9)), (2, 2))","(((3, 8), (5, 2), (6, 9)), (2, 2))",39,11,50.0,39,,,pruned,,,4395
"(((3, 8), (5, 2), (6, 9)), (2, 2))","(((3, 8), (4, 2), (6, 9)), (2, 2))",38,10.0,48.0,38,4,1,expanded,False,True,4396
"(((3, 7), (6, 2), (6, 8)), (2, 2))","(((3, 7), (5, 2), (6, 8)), (2, 2))",39,11,50.0,39,,,pruned,,,4397
"(((3, 7), (5, 2), (6, 8)), (2, 2))","(((3, 7), (4, 2), (6, 8)), (2, 2))",38,10.0,48.0,38,3,1,expanded,False,True,4398
"(((1, 10), (6, 5), (6, 8)), (1, 11))","(((2, 10), (6, 5), (6, 8)), (1, 10))",39,11,50.0,39,,,pruned,,,4399
"(((2, 10), (6, 5), (6, 8)), (1, 10))","(((3, 10), (6, 5), (6, 8)), (1, 10))",38,10.0,48.0,38,4,1,expanded,False,True,4400
"(((3, 7), (5, 2), (6, 8)), (1, 10))","(((3, 8), (5, 2), (6, 8)), (1, 10))",38,10.0,48.0,38,1,0,expanded,False,True,4401
"(((3, 8), (4, 2), (7, 10)), (1, 10))","(((3, 8), (4, 2), (6, 10)), (1, 10))",39,11,50.0,39,,,pruned,,,4402
"(((3, 8), (4, 2), (6, 10)), (1, 10))","(((3, 9), (4, 2), (6, 10)), (1, 10))",38,10.0,48.0,38,4,1,expanded,False,True,4403
"(((3, 8), (5, 2), (6, 9)), (1, 10))","(((3, 9), (5, 2), (6, 9)), (1, 10))",38,10.0,48.0,38,2,0,expanded,False,True,4404
"(((6, 8), (6, 9), (7, 10)), (1, 10))","(((6, 8), (6, 9), (6, 10)), (1, 10))",39,11,50.0,39,,,pruned,,,4405
"(((6, 8), (6, 9), (6, 10)), (1, 10))","(((6, 7), (6, 9), (6, 10)), (1, 10))",38,10.0,48.0,38,2,1,expanded,False,True,4406
"(((3, 8), (6, 4), (6, 9)), (2, 2))","(((3, 8), (5, 4), (6, 9)), (2, 2))",39,9.0,48.0,39,2,0,expanded,False,True,4407
"(((3, 8), (5, 4), (6, 11)), (1, 10))","(((3, 8), (5, 4), (6, 10)), (2, 2))",40,10,50.0,40,,,pruned,,,4408
"(((3, 8), (5, 4), (6, 10)), (2, 2))","(((3, 8), (5, 4), (6, 9)), (2, 2))",39,9.0,48.0,39,4,1,expanded,False,True,4409
"(((3, 7), (6, 4), (6, 8)), (2, 2))","(((3, 7), (5, 4), (6, 8)), (2, 2))",39,9.0,48.0,39,1,0,expanded,False,True,4410
"(((3, 8), (4, 1), (5, 10)), (1, 10))","(((3, 8), (4, 2), (5, 10)), (1, 10))",40,10,50.0,40,,,pruned,,,4411
"(((3, 8), (4, 2), (5, 10)), (1, 10))","(((3, 8), (4, 3), (5, 10)), (1, 10))",39,9.0,48.0,39,8,1,expanded,False,True,4412
"(((1, 10), (6, 6), (6, 8)), (1, 11))","(((2, 10), (6, 6), (6, 8)), (1, 10))",40,10,50.0,40,,,pruned,,,4413
"(((2, 10), (6, 6), (6, 8)), (1, 10))","(((3, 10), (6, 6), (6, 8)), (1, 10))",39,9.0,48.0,39,4,1,expanded,False,True,4414
"(((3, 7), (6, 4), (6, 8)), (1, 10))","(((3, 8), (6, 4), (6, 8)), (1, 10))",39,9.0,48.0,39,1,0,expanded,False,True,4415
"(((3, 8), (6, 4), (6, 9)), (1, 10))","(((3, 9), (6, 4), (6, 9)), (1, 10))",39,9.0,48.0,39,2,0,expanded,False,True,4416
"(((3, 8), (5, 4), (7, 10)), (1, 10))","(((3, 8), (5, 4), (6, 10)), (1, 10))",40,10,50.0,40,,,pruned,,,4417
"(((3, 8), (5, 4), (6, 10)), (1, 10))","(((3, 9), (5, 4), (6, 10)), (1, 10))",39,9.0,48.0,39,4,1,expanded,False,True,4418
"(((5, 10), (6, 8), (6, 9)), (1, 10))","(((5, 10), (6, 7), (6, 9)), (1, 10))",39,9.0,48.0,39,2,0,expanded,False,True,4419
"(((3, 8), (4, 1), (4, 10)), (1, 10))","(((3, 8), (4, 2), (4, 10)), (1, 10))",41,9,50.0,41,,,pruned,,,4420
"(((3, 8), (4, 2), (4, 10)), (1, 10))","(((3, 8), (4, 3), (4, 10)), (1, 10))",40,8.0,48.0,40,8,1,expanded,False,True,4421
"(((3, 8), (5, 4), (5, 10)), (1, 10))","(((3, 8), (4, 4), (5, 10)), (1, 10))",40,8.0,48.0,40,6,0,expanded,False,True,4422
"(((1, 10), (6, 7), (6, 8)), (1, 11))","(((2, 10), (6, 7), (6, 8)), (1, 10))",41,9,50.0,41,,,pruned,,,4423
"(((2, 10), (6, 7), (6, 8)), (1, 10))","(((3, 10), (6, 7), (6, 8)), (1, 10))",40,8.0,48.0,40,2,1,expanded,False,True,4424
"(((3, 7), (6, 5), (6, 8)), (1, 10))","(((3, 8), (6, 5), (6, 8)), (1, 10))",40,8.0,48.0,40,1,0,expanded,False,True,4425
"(((3, 8), (6, 5), (6, 9)), (1, 10))","(((3, 9), (6, 5), (6, 9)), (1, 10))",40,8.0,48.0,40,2,0,expanded,False,True,4426
"(((4, 10), (6, 8), (6, 9)), (1, 10))","(((4, 10), (6, 7), (6, 9)), (1, 10))",40,8.0,48.0,40,2,0,expanded,False,True,4427
"(((3, 8), (6, 5), (6, 9)), (2, 2))","(((3, 8), (6, 4), (6, 9)), (2, 2))",40,8.0,48.0,40,2,0,expanded,False,True,4428
"(((3, 7), (6, 5), (6, 8)), (2, 2))","(((3, 7), (6, 4), (6, 8)), (2, 2))",40,8.0,48.0,40,1,0,expanded,False,True,4429
"(((1, 10), (3, 8), (4, 3)), (1, 11))","(((2, 10), (3, 8), (4, 3)), (1, 10))",42,8,50.0,42,,,pruned,,,4430
"(((2, 10), (3, 8), (4, 3)), (1, 10))","(((3, 8), (3, 10), (4, 3)), (1, 10))",41,7.0,48.0,41,6,1,expanded,False,True,4431
"(((3, 8), (3, 10), (4, 1)), (1, 10))","(((3, 8), (3, 10), (4, 2)), (1, 10))",42,8,50.0,42,,,pruned,,,4432
"(((3, 8), (3, 10), (4, 2)), (1, 10))","(((3, 8), (3, 10), (4, 3)), (1, 10))",41,7.0,48.0,41,8,1,expanded,False,True,4433
"(((1, 10), (3, 2), (3, 8)), (1, 11))","(((2, 10), (3, 2), (3, 8)), (1, 10))",42,8,50.0,42,,,pruned,,,4434
"(((2, 2), (2, 10), (3, 8)), (1, 10))","(((2, 10), (3, 2), (3, 8)), (1, 10))",42,8,50.0,42,,,pruned,,,4435
"(((2, 10), (3, 2), (3, 8)), (1, 10))","(((3, 2), (3, 8), (3, 10)), (1, 10))",41,7.0,48.0,41,6,2,expanded,False,True,4436
"(((3, 8), (4, 10), (5, 4)), (1, 10))","(((3, 8), (4, 4), (4, 10)), (1, 10))",41,7.0,48.0,41,6,0,expanded,False,True,4437
"(((3, 8), (4, 5), (7, 10)), (1, 10))","(((3, 8), (4, 5), (6, 10)), (1, 10))",42,8,50.0,42,,,pruned,,,4438
"(((3, 8), (4, 5), (6, 10)), (1, 10))","(((3, 8), (4, 5), (5, 10)), (1, 10))",41,7.0,48.0,41,4,1,expanded,False,True,4439
"(((3, 7), (6, 6), (6, 8)), (1, 10))","(((3, 8), (6, 6), (6, 8)), (1, 10))",41,7.0,48.0,41,1,0,expanded,False,True,4440
"(((3, 10), (4, 5), (6, 8)), (1, 10))","(((3, 10), (4, 5), (6, 9)), (1, 10))",41,7.0,48.0,41,4,0,expanded,False,True,4441
"(((3, 11), (6, 8), (6, 9)), (1, 10))","(((3, 10), (6, 8), (6, 9)), (2, 2))",42,8,50.0,42,,,pruned,,,4442
"(((3, 10), (6, 8), (6, 9)), (2, 2))","(((3, 10), (6, 7), (6, 9)), (2, 2))",41,7.0,48.0,41,1,1,expanded,True,True,4443
"(((3, 8), (6, 6), (6, 9)), (1, 10))","(((3, 9), (6, 6), (6, 9)), (1, 10))",41,7.0,48.0,41,2,0,expanded,False,True,4444
"(((3, 10), (6, 8), (6, 9)), (1, 10))","(((4, 10), (6, 8), (6, 9)), (1, 10))",41,7.0,48.0,41,3,0,expanded,False,True,4445
"(((3, 8), (6, 6), (6, 9)), (2, 2))","(((3, 8), (6, 5), (6, 9)), (2, 2))",41,7.0,48.0,41,2,0,expanded,False,True,4446
"(((3, 7), (6, 6), (6, 8)), (2, 2))","(((3, 7), (6, 5), (6, 8)), (2, 2))",41,7.0,48.0,41,1,0,expanded,False,True,4447
"(((3, 8), (3, 9), (4, 1)), (1, 10))","(((3, 8), (3, 9), (4, 2)), (1, 10))",43,7,50.0,43,,,pruned,,,4448
"(((3, 8), (3, 9), (4, 2)), (1, 10))","(((3, 8), (3, 9), (4, 3)), (1, 10))",42,6.0,48.0,42,4,1,expanded,False,True,4449
"(((3, 8), (4, 6), (7, 10)), (1, 10))","(((3, 8), (4, 6), (6, 10)), (1, 10))",43,7,50.0,43,,,pruned,,,4450
"(((3, 8), (4, 6), (6, 10)), (1, 10))","(((3, 8), (4, 6), (5, 10)), (1, 10))",42,6.0,48.0,42,4,1,expanded,False,True,4451
"(((3, 8), (3, 10), (5, 4)), (1, 10))","(((3, 8), (3, 10), (4, 4)), (1, 10))",42,6.0,48.0,42,6,0,expanded,False,True,4452
"(((1, 10), (3, 8), (4, 4)), (1, 11))","(((2, 10), (3, 8), (4, 4)), (1, 10))",43,7,50.0,43,,,pruned,,,4453
"(((2, 10), (3, 8), (4, 4)), (1, 10))","(((3, 8), (3, 10), (4, 4)), (1, 10))",42,6.0,48.0,42,8,1,expanded,False,True,4454
"(((3, 7), (6, 7), (6, 8)), (1, 10))","(((3, 8), (6, 7), (6, 8)), (1, 10))",42,6.0,48.0,42,0,0,expanded,False,True,4455
"(((3, 8), (4, 5), (6, 9)), (1, 10))","(((3, 9), (4, 5), (6, 9)), (1, 10))",42,6.0,48.0,42,2,0,expanded,False,True,4456
"(((3, 9), (4, 5), (6, 8)), (1, 10))","(((3, 9), (4, 5), (6, 9)), (1, 10))",42,6.0,48.0,42,2,0,expanded,False,True,4457
"(((3, 10), (4, 6), (6, 8)), (1, 10))","(((3, 10), (4, 6), (6, 9)), (1, 10))",42,6.0,48.0,42,4,0,expanded,False,True,4458
"(((3, 9), (6, 8), (6, 9)), (2, 2))","(((3, 9), (6, 7), (6, 9)), (2, 2))",42,6.0,48.0,42,1,0,expanded,False,True,4459
"(((3, 8), (6, 7), (6, 9)), (1, 10))","(((3, 9), (6, 7), (6, 9)), (1, 10))",42,6.0,48.0,42,2,0,expanded,False,True,4460
"(((3, 9), (6, 8), (6, 9)), (1, 10))","(((3, 10), (6, 8), (6, 9)), (1, 10))",42,6.0,48.0,42,1,0,expanded,False,True,4461
"(((3, 8), (6, 7), (6, 9)), (2, 2))","(((3, 8), (6, 6), (6, 9)), (2, 2))",42,6.0,48.0,42,2,0,expanded,False,True,4462
"(((3, 7), (6, 7), (6, 8)), (2, 2))","(((3, 7), (6, 6), (6, 8)), (2, 2))",42,6.0,48.0,42,0,0,expanded,False,True,4463
"(((3, 7), (3, 8), (4, 3)), (1, 10))","(((3, 3), (3, 7), (3, 8)), (1, 10))",43,5.0,48.0,43,2,0,expanded,False,True,4464
"(((2, 2), (3, 7), (3, 8)), (1, 10))","(((3, 2), (3, 7), (3, 8)), (1, 10))",44,6,50.0,44,,,pruned,,,4465
"(((3, 2), (3, 7), (3, 8)), (1, 10))","(((3, 3), (3, 7), (3, 8)), (1, 10))",43,5.0,48.0,43,2,1,expanded,False,True,4466
"(((3, 8), (3, 9), (5, 4)), (1, 10))","(((3, 8), (3, 9), (4, 4)), (1, 10))",43,5.0,48.0,43,2,0,expanded,False,True,4467
"(((1, 10), (3, 8), (4, 5)), (1, 11))","(((2, 10), (3, 8), (4, 5)), (1, 10))",44,6,50.0,44,,,pruned,,,4468
"(((2, 10), (3, 8), (4, 5)), (1, 10))","(((3, 8), (3, 10), (4, 5)), (1, 10))",43,5.0,48.0,43,4,1,expanded,False,True,4469
"(((3, 8), (4, 6), (6, 9)), (1, 10))","(((3, 9), (4, 6), (6, 9)), (1, 10))",43,5.0,48.0,43,2,0,expanded,False,True,4470
"(((3, 9), (4, 6), (6, 8)), (1, 10))","(((3, 9), (4, 6), (6, 9)), (1, 10))",43,5.0,48.0,43,2,0,expanded,False,True,4471
"(((2, 10), (3, 8), (4, 7)), (1, 10))","(((2, 10), (3, 8), (4, 6)), (1, 10))",45,3,48.0,45,,,pruned,,,4472
"(((1, 10), (3, 8), (4, 6)), (1, 11))","(((2, 10), (3, 8), (4, 6)), (1, 10))",45,5,50.0,45,,,pruned,,,4473
"(((2, 10), (3, 8), (4, 6)), (1, 10))","(((3, 8), (3, 10), (4, 6)), (1, 10))",44,4.0,48.0,44,4,2,expanded,False,True,4474
"(((3, 7), (3, 8), (4, 4)), (1, 10))","(((3, 7), (3, 9), (4, 4)), (1, 10))",44,4.0,48.0,44,4,0,expanded,False,True,4475
"(((3, 7), (3, 8), (4, 5)), (1, 10))","(((3, 7), (3, 9), (4, 5)), (1, 10))",45,3.0,48.0,45,1,0,expanded,False,True,4476
"(((3, 7), (3, 8), (4, 7)), (1, 10))","(((3, 7), (3, 8), (4, 6)), (1, 10))",47,1,48.0,47,,,pruned,,,4477
"(((3, 7), (3, 8), (4, 6)), (1, 10))","(((3, 7), (3, 9), (4, 6)), (1, 10))",46,2.0,48.0,46,1,1,expanded,True,True,4478
"(((6, 3), (6, 4), (7, 10)), (1, 10))","(((6, 3), (6, 4), (6, 10)), (1, 10))",33,18,51.0,33,,,pruned,,,4479
"(((6, 3), (6, 4), (6, 10)), (1, 10))","(((5, 4), (6, 3), (6, 10)), (1, 10))",32,17.0,49.0,32,3,1,expanded,False,True,4480
"(((5, 2), (6, 2), (6, 7)), (1, 10))","(((5, 2), (6, 3), (6, 7)), (1, 10))",33,18,51.0,33,,,pruned,,,4481
"(((6, 2), (6, 3), (6, 7)), (1, 10))","(((5, 2), (6, 3), (6, 7)), (1, 10))",33,18,51.0,33,,,pruned,,,4482
"(((5, 2), (6, 3), (6, 7)), (1, 10))","(((5, 2), (6, 3), (6, 8)), (1, 10))",32,17.0,49.0,32,4,2,expanded,False,True,4483
"(((4, 5), (5, 2), (6, 4)), (1, 10))","(((4, 5), (5, 2), (6, 5)), (1, 10))",33,16.0,49.0,33,2,0,expanded,False,True,4484
"(((2, 3), (6, 3), (6, 5)), (1, 10))","(((3, 3), (6, 3), (6, 5)), (1, 10))",34,17,51.0,34,,,pruned,,,4485
"(((3, 3), (6, 2), (6, 5)), (1, 10))","(((3, 3), (6, 3), (6, 5)), (1, 10))",34,17,51.0,34,,,pruned,,,4486
"(((3, 3), (6, 3), (6, 5)), (1, 10))","(((3, 3), (6, 3), (6, 6)), (1, 10))",33,16.0,49.0,33,8,2,expanded,False,True,4487
"(((4, 3), (6, 2), (6, 6)), (1, 10))","(((4, 3), (6, 3), (6, 6)), (1, 10))",34,17,51.0,34,,,pruned,,,4488
"(((4, 3), (6, 3), (6, 6)), (1, 10))","(((3, 3), (6, 3), (6, 6)), (1, 10))",33,16.0,49.0,33,6,1,expanded,False,True,4489
"(((2, 2), (6, 3), (6, 6)), (1, 10))","(((3, 2), (6, 3), (6, 6)), (1, 10))",34,17,51.0,34,,,pruned,,,4490
"(((3, 2), (6, 2), (6, 6)), (1, 10))","(((3, 2), (6, 3), (6, 6)), (1, 10))",34,17,51.0,34,,,pruned,,,4491
"(((3, 2), (6, 3), (6, 6)), (1, 10))","(((3, 3), (6, 3), (6, 6)), (1, 10))",33,16.0,49.0,33,6,2,expanded,False,True,4492
"(((4, 2), (6, 2), (6, 7)), (1, 10))","(((4, 2), (6, 3), (6, 7)), (1, 10))",34,17,51.0,34,,,pruned,,,4493
"(((4, 1), (6, 3), (6, 7)), (1, 10))","(((4, 2), (6, 3), (6, 7)), (1, 10))",34,17,51.0,34,,,pruned,,,4494
"(((4, 2), (6, 3), (6, 7)), (1, 10))","(((4, 3), (6, 3), (6, 7)), (1, 10))",33,16.0,49.0,33,5,2,expanded,False,True,4495
"(((6, 3), (6, 4), (6, 9)), (1, 10))","(((5, 4), (6, 3), (6, 9)), (1, 10))",33,16.0,49.0,33,1,0,expanded,False,True,4496
"(((1, 10), (6, 3), (6, 4)), (1, 11))","(((2, 10), (6, 3), (6, 4)), (1, 10))",35,16,51.0,35,,,pruned,,,4497
"(((2, 10), (6, 3), (6, 4)), (1, 10))","(((2, 10), (5, 4), (6, 3)), (1, 10))",34,15.0,49.0,34,2,1,expanded,False,True,4498
"(((4, 2), (4, 5), (6, 4)), (1, 10))","(((4, 2), (4, 5), (6, 5)), (1, 10))",34,15.0,49.0,34,2,0,expanded,False,True,4499
"(((4, 6), (5, 2), (6, 4)), (1, 10))","(((4, 6), (5, 2), (6, 5)), (1, 10))",34,15.0,49.0,34,2,0,expanded,False,True,4500
"(((3, 4), (6, 2), (6, 5)), (1, 10))","(((3, 4), (6, 3), (6, 5)), (1, 10))",35,16,51.0,35,,,pruned,,,4501
"(((3, 5), (6, 3), (6, 5)), (1, 10))","(((3, 4), (6, 3), (6, 5)), (1, 10))",35,14,49.0,35,,,pruned,,,4502
"(((3, 4), (6, 3), (6, 5)), (1, 10))","(((3, 4), (6, 3), (6, 6)), (1, 10))",34,15.0,49.0,34,6,2,expanded,False,True,4503
"(((5, 4), (6, 3), (6, 7)), (1, 10))","(((4, 4), (6, 3), (6, 7)), (1, 10))",34,15.0,49.0,34,3,0,expanded,False,True,4504
"(((4, 4), (6, 3), (6, 6)), (1, 10))","(((4, 4), (6, 3), (6, 7)), (1, 10))",34,15.0,49.0,34,5,0,expanded,False,True,4505
"(((4, 4), (4, 5), (6, 2)), (1, 10))","(((4, 4), (4, 5), (6, 3)), (1, 10))",36,15,51.0,36,,,pruned,,,4506
"(((4, 4), (4, 5), (6, 3)), (1, 10))","(((4, 4), (4, 5), (6, 4)), (1, 10))",35,14.0,49.0,35,2,1,expanded,False,True,4507
"(((5, 2), (5, 10), (6, 11)), (1, 10))","(((5, 2), (5, 10), (6, 10)), (1, 10))",36,15,51.0,36,,,pruned,,,4508
"(((5, 10), (6, 2), (6, 10)), (1, 10))","(((5, 2), (5, 10), (6, 10)), (1, 10))",36,15,51.0,36,,,pruned,,,4509
"(((5, 2), (5, 10), (6, 10)), (1, 10))","(((4, 2), (5, 10), (6, 10)), (1, 10))",35,14.0,49.0,35,4,2,expanded,False,True,4510
"(((4, 2), (4, 6), (6, 4)), (1, 10))","(((4, 2), (4, 6), (6, 5)), (1, 10))",35,14.0,49.0,35,2,0,expanded,False,True,4511
"(((4, 5), (5, 4), (6, 4)), (1, 10))","(((4, 5), (5, 4), (6, 5)), (1, 10))",35,14.0,49.0,35,2,0,expanded,False,True,4512
"(((4, 5), (6, 3), (6, 6)), (1, 10))","(((4, 5), (6, 3), (6, 7)), (1, 10))",35,14.0,49.0,35,2,0,expanded,False,True,4513
"(((4, 5), (6, 2), (6, 6)), (2, 2))","(((4, 5), (6, 3), (6, 6)), (2, 2))",36,15,51.0,36,,,pruned,,,4514
"(((4, 5), (6, 3), (6, 6)), (2, 2))","(((4, 4), (6, 3), (6, 6)), (1, 10))",35,14.0,49.0,35,4,1,expanded,False,True,4515
"(((4, 4), (4, 6), (6, 2)), (1, 10))","(((4, 4), (4, 6), (6, 3)), (1, 10))",37,14,51.0,37,,,pruned,,,4516
"(((4, 4), (4, 6), (6, 3)), (1, 10))","(((4, 4), (4, 6), (6, 4)), (1, 10))",36,13.0,49.0,36,3,1,expanded,False,True,4517
"(((4, 10), (5, 2), (7, 10)), (1, 10))","(((4, 10), (5, 2), (6, 10)), (1, 10))",37,14,51.0,37,,,pruned,,,4518
"(((4, 10), (5, 2), (6, 11)), (1, 10))","(((4, 10), (5, 2), (6, 10)), (1, 10))",37,14,51.0,37,,,pruned,,,4519
"(((4, 10), (6, 2), (6, 10)), (1, 10))","(((4, 10), (5, 2), (6, 10)), (1, 10))",37,14,51.0,37,,,pruned,,,4520
"(((4, 10), (5, 2), (6, 10)), (1, 10))","(((4, 2), (4, 10), (6, 10)), (1, 10))",36,13.0,49.0,36,8,3,expanded,False,True,4521
"(((4, 6), (5, 4), (6, 4)), (1, 10))","(((4, 6), (5, 4), (6, 5)), (1, 10))",36,13.0,49.0,36,2,0,expanded,False,True,4522
"(((5, 10), (6, 4), (6, 10)), (1, 10))","(((5, 4), (5, 10), (6, 10)), (1, 10))",36,13.0,49.0,36,2,0,expanded,False,True,4523
"(((3, 7), (6, 3), (6, 4)), (2, 2))","(((3, 7), (5, 4), (6, 3)), (2, 2))",36,13.0,49.0,36,0,0,expanded,False,True,4524
"(((4, 6), (6, 3), (6, 6)), (1, 10))","(((4, 6), (6, 3), (6, 7)), (1, 10))",36,13.0,49.0,36,2,0,expanded,False,True,4525
"(((3, 7), (6, 3), (6, 4)), (1, 10))","(((3, 8), (6, 3), (6, 4)), (1, 10))",36,13.0,49.0,36,0,0,expanded,False,True,4526
"(((4, 6), (6, 2), (6, 6)), (2, 2))","(((4, 6), (6, 3), (6, 6)), (2, 2))",37,14,51.0,37,,,pruned,,,4527
"(((4, 7), (6, 3), (6, 6)), (2, 2))","(((4, 6), (6, 3), (6, 6)), (2, 2))",37,12,49.0,37,,,pruned,,,4528
"(((4, 6), (6, 3), (6, 6)), (2, 2))","(((4, 5), (6, 3), (6, 6)), (2, 2))",36,13.0,49.0,36,4,2,expanded,False,True,4529
"(((3, 10), (5, 2), (6, 11)), (1, 10))","(((3, 10), (5, 2), (6, 10)), (2, 2))",38,13,51.0,38,,,pruned,,,4530
"(((3, 11), (5, 2), (6, 10)), (1, 10))","(((3, 10), (5, 2), (6, 10)), (2, 2))",38,13,51.0,38,,,pruned,,,4531
"(((3, 10), (6, 2), (6, 10)), (2, 2))","(((3, 10), (5, 2), (6, 10)), (2, 2))",38,13,51.0,38,,,pruned,,,4532
"(((3, 10), (5, 2), (6, 10)), (2, 2))","(((3, 10), (4, 2), (6, 10)), (2, 2))",37,12.0,49.0,37,4,3,expanded,False,True,4533
"(((1, 10), (4, 2), (6, 10)), (1, 11))","(((2, 10), (4, 2), (6, 10)), (1, 10))",38,13,51.0,38,,,pruned,,,4534
"(((2, 10), (4, 2), (7, 10)), (1, 10))","(((2, 10), (4, 2), (6, 10)), (1, 10))",38,13,51.0,38,,,pruned,,,4535
"(((2, 10), (4, 2), (6, 11)), (1, 10))","(((2, 10), (4, 2), (6, 10)), (1, 10))",38,13,51.0,38,,,pruned,,,4536
"(((2, 10), (4, 1), (6, 10)), (1, 10))","(((2, 10), (4, 2), (6, 10)), (1, 10))",38,13,51.0,38,,,pruned,,,4537
"(((2, 10), (4, 2), (6, 10)), (1, 10))","(((2, 10), (4, 3), (6, 10)), (1, 10))",37,12.0,49.0,37,10,4,expanded,False,True,4538
"(((1, 10), (5, 2), (6, 9)), (1, 11))","(((2, 10), (5, 2), (6, 9)), (1, 10))",38,13,51.0,38,,,pruned,,,4539
"(((2, 10), (6, 2), (6, 9)), (1, 10))","(((2, 10), (5, 2), (6, 9)), (1, 10))",38,13,51.0,38,,,pruned,,,4540
"(((2, 10), (5, 2), (6, 9)), (1, 10))","(((2, 10), (4, 2), (6, 9)), (1, 10))",37,12.0,49.0,37,6,2,expanded,False,True,4541
"(((4, 10), (6, 4), (7, 10)), (1, 10))","(((4, 10), (6, 4), (6, 10)), (1, 10))",38,13,51.0,38,,,pruned,,,4542
"(((4, 10), (6, 4), (6, 10)), (1, 10))","(((4, 10), (5, 4), (6, 10)), (1, 10))",37,12.0,49.0,37,6,1,expanded,False,True,4543
"(((4, 10), (5, 10), (6, 2)), (1, 10))","(((4, 10), (5, 2), (5, 10)), (1, 10))",38,13,51.0,38,,,pruned,,,4544
"(((4, 10), (5, 2), (5, 10)), (1, 10))","(((4, 2), (4, 10), (5, 10)), (1, 10))",37,12.0,49.0,37,2,1,expanded,False,True,4545
"(((3, 10), (5, 2), (7, 10)), (1, 10))","(((3, 10), (5, 2), (6, 10)), (1, 10))",38,13,51.0,38,,,pruned,,,4546
"(((3, 10), (5, 2), (6, 10)), (1, 10))","(((4, 10), (5, 2), (6, 10)), (1, 10))",37,12.0,49.0,37,6,1,expanded,False,True,4547
"(((5, 10), (6, 5), (6, 10)), (1, 10))","(((5, 10), (6, 4), (6, 10)), (1, 10))",37,12.0,49.0,37,2,0,expanded,False,True,4548
"(((3, 9), (5, 2), (6, 11)), (1, 10))","(((3, 9), (5, 2), (6, 10)), (2, 2))",39,12,51.0,39,,,pruned,,,4549
"(((3, 9), (6, 2), (6, 10)), (2, 2))","(((3, 9), (5, 2), (6, 10)), (2, 2))",39,12,51.0,39,,,pruned,,,4550
"(((3, 9), (5, 2), (6, 10)), (2, 2))","(((3, 9), (5, 2), (6, 9)), (2, 2))",38,11.0,49.0,38,4,2,expanded,False,True,4551
"(((3, 11), (6, 4), (6, 10)), (1, 10))","(((3, 10), (6, 4), (6, 10)), (2, 2))",39,12,51.0,39,,,pruned,,,4552
"(((3, 10), (6, 4), (6, 10)), (2, 2))","(((3, 10), (5, 4), (6, 10)), (2, 2))",38,11.0,49.0,38,2,1,expanded,False,True,4553
"(((1, 10), (6, 4), (6, 9)), (1, 11))","(((2, 10), (6, 4), (6, 9)), (1, 10))",39,12,51.0,39,,,pruned,,,4554
"(((2, 10), (6, 4), (6, 9)), (1, 10))","(((2, 10), (5, 4), (6, 9)), (1, 10))",38,11.0,49.0,38,4,1,expanded,False,True,4555
"(((1, 10), (5, 4), (6, 10)), (1, 11))","(((2, 10), (5, 4), (6, 10)), (1, 10))",39,12,51.0,39,,,pruned,,,4556
"(((2, 10), (5, 4), (7, 10)), (1, 10))","(((2, 10), (5, 4), (6, 10)), (1, 10))",39,12,51.0,39,,,pruned,,,4557
"(((2, 10), (5, 4), (6, 11)), (1, 10))","(((2, 10), (5, 4), (6, 10)), (1, 10))",39,12,51.0,39,,,pruned,,,4558
"(((2, 10), (5, 4), (6, 10)), (1, 10))","(((2, 10), (5, 4), (6, 9)), (1, 10))",38,11.0,49.0,38,8,3,expanded,False,True,4559
"(((1, 10), (4, 2), (5, 10)), (1, 11))","(((2, 10), (4, 2), (5, 10)), (1, 10))",39,12,51.0,39,,,pruned,,,4560
"(((2, 10), (4, 1), (5, 10)), (1, 10))","(((2, 10), (4, 2), (5, 10)), (1, 10))",39,12,51.0,39,,,pruned,,,4561
"(((2, 10), (4, 2), (5, 10)), (1, 10))","(((2, 10), (4, 3), (5, 10)), (1, 10))",38,11.0,49.0,38,8,2,expanded,False,True,4562
"(((3, 11), (5, 2), (5, 10)), (1, 10))","(((3, 10), (5, 2), (5, 10)), (1, 10))",39,12,51.0,39,,,pruned,,,4563
"(((3, 10), (5, 10), (6, 2)), (1, 10))","(((3, 10), (5, 2), (5, 10)), (1, 10))",39,12,51.0,39,,,pruned,,,4564
"(((3, 10), (5, 2), (5, 10)), (1, 10))","(((3, 10), (4, 2), (5, 10)), (1, 10))",38,11.0,49.0,38,8,2,expanded,False,True,4565
"(((4, 10), (5, 10), (6, 4)), (1, 10))","(((4, 10), (5, 4), (5, 10)), (1, 10))",38,11.0,49.0,38,2,0,expanded,False,True,4566
"(((3, 10), (6, 4), (7, 10)), (1, 10))","(((3, 10), (6, 4), (6, 10)), (1, 10))",39,12,51.0,39,,,pruned,,,4567
"(((3, 10), (6, 4), (6, 10)), (1, 10))","(((4, 10), (6, 4), (6, 10)), (1, 10))",38,11.0,49.0,38,6,1,expanded,False,True,4568
"(((4, 10), (6, 5), (7, 10)), (1, 10))","(((4, 10), (6, 5), (6, 10)), (1, 10))",39,12,51.0,39,,,pruned,,,4569
"(((4, 10), (6, 5), (6, 10)), (1, 10))","(((4, 10), (6, 4), (6, 10)), (1, 10))",38,11.0,49.0,38,6,1,expanded,False,True,4570
"(((3, 9), (5, 2), (7, 10)), (1, 10))","(((3, 9), (5, 2), (6, 10)), (1, 10))",39,12,51.0,39,,,pruned,,,4571
"(((3, 9), (5, 2), (6, 10)), (1, 10))","(((3, 10), (5, 2), (6, 10)), (1, 10))",38,11.0,49.0,38,4,1,expanded,False,True,4572
"(((5, 10), (6, 6), (6, 10)), (1, 10))","(((5, 10), (6, 5), (6, 10)), (1, 10))",38,11.0,49.0,38,2,0,expanded,False,True,4573
"(((3, 9), (6, 4), (6, 10)), (2, 2))","(((3, 9), (5, 4), (6, 10)), (2, 2))",39,10.0,49.0,39,2,0,expanded,False,True,4574
"(((3, 7), (4, 2), (6, 11)), (1, 10))","(((3, 7), (4, 2), (6, 10)), (2, 2))",40,11,51.0,40,,,pruned,,,4575
"(((3, 7), (4, 1), (6, 10)), (2, 2))","(((3, 7), (4, 2), (6, 10)), (2, 2))",40,11,51.0,40,,,pruned,,,4576
"(((3, 7), (4, 2), (6, 10)), (2, 2))","(((3, 7), (4, 3), (6, 10)), (2, 2))",39,10.0,49.0,39,5,2,expanded,False,True,4577
"(((3, 7), (6, 2), (6, 9)), (2, 2))","(((3, 7), (5, 2), (6, 9)), (2, 2))",40,11,51.0,40,,,pruned,,,4578
"(((3, 7), (5, 2), (6, 9)), (2, 2))","(((3, 7), (4, 2), (6, 9)), (2, 2))",39,10.0,49.0,39,3,1,expanded,False,True,4579
"(((3, 11), (4, 10), (5, 2)), (1, 10))","(((3, 10), (4, 10), (5, 2)), (1, 10))",40,11,51.0,40,,,pruned,,,4580
"(((3, 10), (4, 10), (6, 2)), (1, 10))","(((3, 10), (4, 10), (5, 2)), (1, 10))",40,11,51.0,40,,,pruned,,,4581
"(((3, 10), (4, 10), (5, 2)), (1, 10))","(((3, 10), (4, 2), (4, 10)), (1, 10))",39,10.0,49.0,39,4,2,expanded,False,True,4582
"(((3, 9), (5, 10), (6, 2)), (1, 10))","(((3, 9), (5, 2), (5, 10)), (1, 10))",40,11,51.0,40,,,pruned,,,4583
"(((3, 9), (5, 2), (5, 10)), (1, 10))","(((3, 9), (4, 2), (5, 10)), (1, 10))",39,10.0,49.0,39,6,1,expanded,False,True,4584
"(((3, 11), (5, 10), (6, 4)), (1, 10))","(((3, 10), (5, 10), (6, 4)), (2, 2))",40,11,51.0,40,,,pruned,,,4585
"(((3, 10), (5, 10), (6, 4)), (2, 2))","(((3, 10), (5, 4), (5, 10)), (1, 10))",39,10.0,49.0,39,2,1,expanded,False,True,4586
"(((1, 10), (5, 4), (5, 10)), (1, 11))","(((2, 10), (5, 4), (5, 10)), (1, 10))",40,11,51.0,40,,,pruned,,,4587
"(((2, 10), (5, 4), (5, 10)), (1, 10))","(((3, 10), (5, 4), (5, 10)), (1, 10))",39,10.0,49.0,39,6,1,expanded,False,True,4588
"(((1, 10), (4, 2), (4, 10)), (1, 11))","(((2, 10), (4, 2), (4, 10)), (1, 10))",40,11,51.0,40,,,pruned,,,4589
"(((2, 10), (4, 1), (4, 10)), (1, 10))","(((2, 10), (4, 2), (4, 10)), (1, 10))",40,11,51.0,40,,,pruned,,,4590
"(((2, 10), (4, 2), (4, 10)), (1, 10))","(((2, 10), (4, 3), (4, 10)), (1, 10))",39,10.0,49.0,39,8,2,expanded,False,True,4591
"(((1, 10), (6, 5), (6, 9)), (1, 11))","(((2, 10), (6, 5), (6, 9)), (1, 10))",40,11,51.0,40,,,pruned,,,4592
"(((2, 10), (6, 5), (6, 9)), (1, 10))","(((3, 10), (6, 5), (6, 9)), (1, 10))",39,10.0,49.0,39,4,1,expanded,False,True,4593
"(((3, 7), (4, 2), (7, 10)), (1, 10))","(((3, 7), (4, 2), (6, 10)), (1, 10))",40,11,51.0,40,,,pruned,,,4594
"(((3, 7), (4, 2), (6, 10)), (1, 10))","(((3, 8), (4, 2), (6, 10)), (1, 10))",39,10.0,49.0,39,3,1,expanded,False,True,4595
"(((3, 7), (5, 2), (6, 9)), (1, 10))","(((3, 8), (5, 2), (6, 9)), (1, 10))",39,10.0,49.0,39,1,0,expanded,False,True,4596
"(((3, 11), (6, 5), (6, 10)), (1, 10))","(((3, 10), (6, 5), (6, 10)), (2, 2))",40,11,51.0,40,,,pruned,,,4597
"(((3, 10), (6, 5), (6, 10)), (2, 2))","(((3, 10), (6, 4), (6, 10)), (2, 2))",39,10.0,49.0,39,2,1,expanded,False,True,4598
"(((4, 10), (5, 10), (6, 5)), (1, 10))","(((4, 10), (5, 10), (6, 4)), (1, 10))",39,10.0,49.0,39,2,0,expanded,False,True,4599
"(((3, 10), (5, 10), (6, 4)), (1, 10))","(((3, 10), (6, 4), (6, 10)), (1, 10))",39,10.0,49.0,39,6,0,expanded,False,True,4600
"(((3, 9), (6, 4), (7, 10)), (1, 10))","(((3, 9), (6, 4), (6, 10)), (1, 10))",40,11,51.0,40,,,pruned,,,4601
"(((3, 9), (6, 4), (6, 10)), (1, 10))","(((3, 10), (6, 4), (6, 10)), (1, 10))",39,10.0,49.0,39,4,1,expanded,False,True,4602
"(((3, 10), (6, 5), (7, 10)), (1, 10))","(((3, 10), (6, 5), (6, 10)), (1, 10))",40,11,51.0,40,,,pruned,,,4603
"(((3, 10), (6, 5), (6, 10)), (1, 10))","(((4, 10), (6, 5), (6, 10)), (1, 10))",39,10.0,49.0,39,6,1,expanded,False,True,4604
"(((4, 10), (6, 6), (7, 10)), (1, 10))","(((4, 10), (6, 6), (6, 10)), (1, 10))",40,11,51.0,40,,,pruned,,,4605
"(((4, 10), (6, 6), (6, 10)), (1, 10))","(((4, 10), (6, 5), (6, 10)), (1, 10))",39,10.0,49.0,39,6,1,expanded,False,True,4606
"(((5, 10), (6, 7), (6, 10)), (1, 10))","(((5, 10), (6, 6), (6, 10)), (1, 10))",39,10.0,49.0,39,2,0,expanded,False,True,4607
"(((3, 9), (4, 10), (6, 2)), (1, 10))","(((3, 9), (4, 10), (5, 2)), (1, 10))",41,10,51.0,41,,,pruned,,,4608
"(((3, 9), (4, 10), (5, 2)), (1, 10))","(((3, 9), (4, 2), (4, 10)), (1, 10))",40,9.0,49.0,40,6,1,expanded,False,True,4609
"(((3, 7), (6, 4), (6, 9)), (2, 2))","(((3, 7), (5, 4), (6, 9)), (2, 2))",40,9.0,49.0,40,1,0,expanded,False,True,4610
"(((3, 7), (5, 4), (6, 11)), (1, 10))","(((3, 7), (5, 4), (6, 10)), (2, 2))",41,10,51.0,41,,,pruned,,,4611
"(((3, 7), (5, 4), (6, 10)), (2, 2))","(((3, 7), (5, 4), (6, 9)), (2, 2))",40,9.0,49.0,40,3,1,expanded,False,True,4612
"(((3, 7), (4, 1), (5, 10)), (1, 10))","(((3, 7), (4, 2), (5, 10)), (1, 10))",41,10,51.0,41,,,pruned,,,4613
"(((3, 7), (4, 2), (5, 10)), (1, 10))","(((3, 7), (4, 3), (5, 10)), (1, 10))",40,9.0,49.0,40,6,1,expanded,False,True,4614
"(((3, 11), (4, 10), (6, 4)), (1, 10))","(((3, 10), (4, 10), (6, 4)), (2, 2))",41,10,51.0,41,,,pruned,,,4615
"(((3, 10), (4, 10), (6, 4)), (2, 2))","(((3, 10), (4, 10), (5, 4)), (1, 10))",40,9.0,49.0,40,2,1,expanded,False,True,4616
"(((3, 9), (5, 10), (6, 4)), (2, 2))","(((3, 9), (5, 4), (5, 10)), (1, 10))",40,9.0,49.0,40,2,0,expanded,False,True,4617
"(((4, 5), (4, 10), (7, 10)), (1, 10))","(((4, 5), (4, 10), (6, 10)), (1, 10))",41,10,51.0,41,,,pruned,,,4618
"(((4, 5), (4, 10), (6, 10)), (1, 10))","(((3, 10), (4, 5), (6, 10)), (1, 10))",40,9.0,49.0,40,6,1,expanded,False,True,4619
"(((1, 10), (4, 5), (6, 10)), (1, 11))","(((2, 10), (4, 5), (6, 10)), (1, 10))",41,10,51.0,41,,,pruned,,,4620
"(((2, 10), (4, 5), (7, 10)), (1, 10))","(((2, 10), (4, 5), (6, 10)), (1, 10))",41,10,51.0,41,,,pruned,,,4621
"(((2, 10), (4, 5), (6, 10)), (1, 10))","(((3, 10), (4, 5), (6, 10)), (1, 10))",40,9.0,49.0,40,6,2,expanded,False,True,4622
"(((2, 10), (3, 11), (4, 2)), (2, 2))","(((2, 10), (3, 10), (4, 2)), (1, 10))",41,10,51.0,41,,,pruned,,,4623
"(((2, 10), (3, 10), (4, 1)), (1, 10))","(((2, 10), (3, 10), (4, 2)), (1, 10))",41,10,51.0,41,,,pruned,,,4624
"(((2, 10), (3, 10), (4, 2)), (1, 10))","(((2, 10), (3, 10), (4, 3)), (1, 10))",40,9.0,49.0,40,6,2,expanded,False,True,4625
"(((1, 10), (4, 10), (5, 4)), (1, 11))","(((2, 10), (4, 10), (5, 4)), (1, 10))",41,10,51.0,41,,,pruned,,,4626
"(((2, 10), (4, 10), (5, 4)), (1, 10))","(((2, 10), (4, 4), (4, 10)), (1, 10))",40,9.0,49.0,40,6,1,expanded,False,True,4627
"(((1, 10), (6, 6), (6, 9)), (1, 11))","(((2, 10), (6, 6), (6, 9)), (1, 10))",41,10,51.0,41,,,pruned,,,4628
"(((2, 10), (6, 6), (6, 9)), (1, 10))","(((3, 10), (6, 6), (6, 9)), (1, 10))",40,9.0,49.0,40,4,1,expanded,False,True,4629
"(((3, 7), (6, 4), (6, 9)), (1, 10))","(((3, 8), (6, 4), (6, 9)), (1, 10))",40,9.0,49.0,40,1,0,expanded,False,True,4630
"(((3, 7), (5, 4), (7, 10)), (1, 10))","(((3, 7), (5, 4), (6, 10)), (1, 10))",41,10,51.0,41,,,pruned,,,4631
"(((3, 7), (5, 4), (6, 10)), (1, 10))","(((3, 8), (5, 4), (6, 10)), (1, 10))",40,9.0,49.0,40,3,1,expanded,False,True,4632
"(((3, 9), (6, 5), (6, 10)), (2, 2))","(((3, 9), (6, 4), (6, 10)), (2, 2))",40,9.0,49.0,40,2,0,expanded,False,True,4633
"(((3, 11), (5, 10), (6, 5)), (1, 10))","(((3, 10), (5, 10), (6, 5)), (2, 2))",41,10,51.0,41,,,pruned,,,4634
"(((3, 10), (5, 10), (6, 5)), (2, 2))","(((3, 10), (5, 10), (6, 4)), (2, 2))",40,9.0,49.0,40,2,1,expanded,False,True,4635
"(((3, 11), (6, 6), (6, 10)), (1, 10))","(((3, 10), (6, 6), (6, 10)), (2, 2))",41,10,51.0,41,,,pruned,,,4636
"(((3, 10), (6, 6), (6, 10)), (2, 2))","(((3, 10), (6, 5), (6, 10)), (2, 2))",40,9.0,49.0,40,2,1,expanded,False,True,4637
"(((4, 10), (5, 10), (6, 6)), (1, 10))","(((4, 10), (5, 10), (6, 5)), (1, 10))",40,9.0,49.0,40,2,0,expanded,False,True,4638
"(((3, 10), (4, 10), (6, 4)), (1, 10))","(((3, 10), (5, 10), (6, 4)), (1, 10))",40,9.0,49.0,40,2,0,expanded,False,True,4639
"(((3, 9), (5, 10), (6, 4)), (1, 10))","(((3, 10), (5, 10), (6, 4)), (1, 10))",40,9.0,49.0,40,4,0,expanded,False,True,4640
"(((3, 9), (6, 5), (7, 10)), (1, 10))","(((3, 9), (6, 5), (6, 10)), (1, 10))",41,10,51.0,41,,,pruned,,,4641
"(((3, 9), (6, 5), (6, 10)), (1, 10))","(((3, 10), (6, 5), (6, 10)), (1, 10))",40,9.0,49.0,40,4,1,expanded,False,True,4642
"(((3, 10), (5, 10), (6, 5)), (1, 10))","(((3, 10), (6, 5), (6, 10)), (1, 10))",40,9.0,49.0,40,6,0,expanded,False,True,4643
"(((4, 10), (6, 7), (7, 10)), (1, 10))","(((4, 10), (6, 7), (6, 10)), (1, 10))",41,10,51.0,41,,,pruned,,,4644
"(((4, 10), (6, 7), (6, 10)), (1, 10))","(((4, 10), (6, 6), (6, 10)), (1, 10))",40,9.0,49.0,40,6,1,expanded,False,True,4645
"(((3, 10), (6, 6), (7, 10)), (1, 10))","(((3, 10), (6, 6), (6, 10)), (1, 10))",41,10,51.0,41,,,pruned,,,4646
"(((3, 10), (6, 6), (6, 10)), (1, 10))","(((4, 10), (6, 6), (6, 10)), (1, 10))",40,9.0,49.0,40,6,1,expanded,False,True,4647
"(((1, 10), (3, 9), (4, 2)), (1, 11))","(((2, 10), (3, 9), (4, 2)), (1, 10))",42,9,51.0,42,,,pruned,,,4648
"(((2, 10), (3, 9), (4, 1)), (1, 10))","(((2, 10), (3, 9), (4, 2)), (1, 10))",42,9,51.0,42,,,pruned,,,4649
"(((2, 10), (3, 9), (4, 2)), (1, 10))","(((2, 10), (3, 9), (4, 3)), (1, 10))",41,8.0,49.0,41,8,2,expanded,False,True,4650
"(((3, 9), (3, 10), (6, 2)), (1, 10))","(((3, 9), (3, 10), (5, 2)), (1, 10))",42,9,51.0,42,,,pruned,,,4651
"(((3, 9), (3, 10), (5, 2)), (1, 10))","(((3, 9), (3, 10), (4, 2)), (1, 10))",41,8.0,49.0,41,4,1,expanded,False,True,4652
"(((3, 7), (4, 1), (4, 10)), (1, 10))","(((3, 7), (4, 2), (4, 10)), (1, 10))",42,9,51.0,42,,,pruned,,,4653
"(((3, 7), (4, 2), (4, 10)), (1, 10))","(((3, 7), (4, 3), (4, 10)), (1, 10))",41,8.0,49.0,41,6,1,expanded,False,True,4654
"(((3, 9), (4, 10), (6, 4)), (2, 2))","(((3, 9), (4, 10), (5, 4)), (1, 10))",41,8.0,49.0,41,2,0,expanded,False,True,4655
"(((4, 6), (4, 10), (7, 10)), (1, 10))","(((4, 6), (4, 10), (6, 10)), (1, 10))",42,9,51.0,42,,,pruned,,,4656
"(((4, 6), (4, 10), (6, 10)), (1, 10))","(((3, 10), (4, 6), (6, 10)), (1, 10))",41,8.0,49.0,41,6,1,expanded,False,True,4657
"(((1, 10), (4, 6), (6, 10)), (1, 11))","(((2, 10), (4, 6), (6, 10)), (1, 10))",42,9,51.0,42,,,pruned,,,4658
"(((2, 10), (4, 6), (7, 10)), (1, 10))","(((2, 10), (4, 6), (6, 10)), (1, 10))",42,9,51.0,42,,,pruned,,,4659
"(((2, 10), (4, 6), (6, 10)), (1, 10))","(((3, 10), (4, 6), (6, 10)), (1, 10))",41,8.0,49.0,41,6,2,expanded,False,True,4660
"(((3, 7), (5, 4), (5, 10)), (1, 10))","(((3, 7), (4, 4), (5, 10)), (1, 10))",41,8.0,49.0,41,4,0,expanded,False,True,4661
"(((4, 5), (4, 10), (6, 9)), (1, 10))","(((3, 10), (4, 5), (6, 9)), (1, 10))",41,8.0,49.0,41,4,0,expanded,False,True,4662
"(((1, 10), (4, 5), (6, 9)), (1, 11))","(((2, 10), (4, 5), (6, 9)), (1, 10))",42,9,51.0,42,,,pruned,,,4663
"(((2, 10), (4, 5), (6, 9)), (1, 10))","(((3, 10), (4, 5), (6, 9)), (1, 10))",41,8.0,49.0,41,4,1,expanded,False,True,4664
"(((2, 10), (3, 11), (5, 4)), (2, 2))","(((2, 10), (3, 10), (5, 4)), (1, 10))",42,9,51.0,42,,,pruned,,,4665
"(((2, 10), (3, 10), (5, 4)), (1, 10))","(((2, 10), (3, 10), (4, 4)), (1, 10))",41,8.0,49.0,41,4,1,expanded,False,True,4666
"(((1, 10), (6, 7), (6, 9)), (1, 11))","(((2, 10), (6, 7), (6, 9)), (1, 10))",42,9,51.0,42,,,pruned,,,4667
"(((2, 10), (6, 7), (6, 9)), (1, 10))","(((3, 10), (6, 7), (6, 9)), (1, 10))",41,8.0,49.0,41,4,1,expanded,False,True,4668
"(((3, 7), (6, 5), (6, 9)), (1, 10))","(((3, 8), (6, 5), (6, 9)), (1, 10))",41,8.0,49.0,41,1,0,expanded,False,True,4669
"(((3, 7), (6, 5), (6, 9)), (2, 2))","(((3, 7), (6, 4), (6, 9)), (2, 2))",41,8.0,49.0,41,1,0,expanded,False,True,4670
"(((3, 11), (4, 10), (6, 5)), (1, 10))","(((3, 10), (4, 10), (6, 5)), (2, 2))",42,9,51.0,42,,,pruned,,,4671
"(((3, 10), (4, 10), (6, 5)), (2, 2))","(((3, 10), (4, 10), (6, 4)), (2, 2))",41,8.0,49.0,41,2,1,expanded,False,True,4672
"(((3, 9), (5, 10), (6, 5)), (2, 2))","(((3, 9), (5, 10), (6, 4)), (2, 2))",41,8.0,49.0,41,2,0,expanded,False,True,4673
"(((3, 9), (6, 6), (6, 10)), (2, 2))","(((3, 9), (6, 5), (6, 10)), (2, 2))",41,8.0,49.0,41,2,0,expanded,False,True,4674
"(((3, 11), (5, 10), (6, 6)), (1, 10))","(((3, 10), (5, 10), (6, 6)), (2, 2))",42,9,51.0,42,,,pruned,,,4675
"(((3, 10), (5, 10), (6, 6)), (2, 2))","(((3, 10), (5, 10), (6, 5)), (2, 2))",41,8.0,49.0,41,2,1,expanded,False,True,4676
"(((3, 11), (6, 7), (6, 10)), (1, 10))","(((3, 10), (6, 7), (6, 10)), (2, 2))",42,9,51.0,42,,,pruned,,,4677
"(((3, 10), (6, 7), (6, 10)), (2, 2))","(((3, 10), (6, 6), (6, 10)), (2, 2))",41,8.0,49.0,41,2,1,expanded,False,True,4678
"(((4, 10), (5, 10), (6, 7)), (1, 10))","(((4, 10), (5, 10), (6, 6)), (1, 10))",41,8.0,49.0,41,2,0,expanded,False,True,4679
"(((3, 9), (4, 10), (6, 4)), (1, 10))","(((3, 10), (4, 10), (6, 4)), (1, 10))",41,8.0,49.0,41,4,0,expanded,False,True,4680
"(((3, 9), (5, 10), (6, 5)), (1, 10))","(((3, 9), (6, 5), (6, 10)), (1, 10))",41,8.0,49.0,41,4,0,expanded,False,True,4681
"(((3, 10), (4, 10), (6, 5)), (1, 10))","(((3, 10), (5, 10), (6, 5)), (1, 10))",41,8.0,49.0,41,2,0,expanded,False,True,4682
"(((3, 10), (6, 7), (7, 10)), (1, 10))","(((3, 10), (6, 7), (6, 10)), (1, 10))",42,9,51.0,42,,,pruned,,,4683
"(((3, 10), (6, 7), (6, 10)), (1, 10))","(((4, 10), (6, 7), (6, 10)), (1, 10))",41,8.0,49.0,41,6,1,expanded,False,True,4684
"(((3, 10), (5, 10), (6, 6)), (1, 10))","(((3, 10), (6, 6), (6, 10)), (1, 10))",41,8.0,49.0,41,6,0,expanded,False,True,4685
"(((3, 9), (6, 6), (7, 10)), (1, 10))","(((3, 9), (6, 6), (6, 10)), (1, 10))",42,9,51.0,42,,,pruned,,,4686
"(((3, 9), (6, 6), (6, 10)), (1, 10))","(((3, 10), (6, 6), (6, 10)), (1, 10))",41,8.0,49.0,41,4,1,expanded,False,True,4687
"(((3, 9), (3, 10), (6, 4)), (2, 2))","(((3, 9), (3, 10), (5, 4)), (1, 10))",42,7.0,49.0,42,1,0,expanded,False,True,4688
"(((1, 10), (3, 9), (5, 4)), (1, 11))","(((2, 10), (3, 9), (5, 4)), (1, 10))",43,8,51.0,43,,,pruned,,,4689
"(((2, 10), (3, 9), (5, 4)), (1, 10))","(((3, 9), (3, 10), (5, 4)), (1, 10))",42,7.0,49.0,42,6,1,expanded,False,True,4690
"(((1, 10), (3, 7), (4, 3)), (1, 11))","(((2, 10), (3, 7), (4, 3)), (1, 10))",43,8,51.0,43,,,pruned,,,4691
"(((2, 10), (3, 7), (4, 3)), (1, 10))","(((3, 7), (3, 10), (4, 3)), (1, 10))",42,7.0,49.0,42,4,1,expanded,False,True,4692
"(((3, 7), (3, 10), (4, 1)), (1, 10))","(((3, 7), (3, 10), (4, 2)), (1, 10))",43,8,51.0,43,,,pruned,,,4693
"(((3, 7), (3, 10), (4, 2)), (1, 10))","(((3, 7), (3, 10), (4, 3)), (1, 10))",42,7.0,49.0,42,7,1,expanded,False,True,4694
"(((2, 2), (2, 10), (3, 7)), (1, 10))","(((2, 10), (3, 2), (3, 7)), (1, 10))",43,8,51.0,43,,,pruned,,,4695
"(((1, 10), (3, 2), (3, 7)), (1, 11))","(((2, 10), (3, 2), (3, 7)), (1, 10))",43,8,51.0,43,,,pruned,,,4696
"(((2, 10), (3, 2), (3, 7)), (1, 10))","(((3, 2), (3, 7), (3, 10)), (1, 10))",42,7.0,49.0,42,4,2,expanded,False,True,4697
"(((3, 7), (4, 10), (5, 4)), (1, 10))","(((3, 7), (4, 4), (4, 10)), (1, 10))",42,7.0,49.0,42,4,0,expanded,False,True,4698
"(((3, 7), (4, 5), (7, 10)), (1, 10))","(((3, 7), (4, 5), (6, 10)), (1, 10))",43,8,51.0,43,,,pruned,,,4699
"(((3, 7), (4, 5), (6, 10)), (1, 10))","(((3, 7), (4, 5), (5, 10)), (1, 10))",42,7.0,49.0,42,3,1,expanded,False,True,4700
"(((4, 6), (4, 10), (6, 9)), (1, 10))","(((3, 10), (4, 6), (6, 9)), (1, 10))",42,7.0,49.0,42,4,0,expanded,False,True,4701
"(((1, 10), (4, 6), (6, 9)), (1, 11))","(((2, 10), (4, 6), (6, 9)), (1, 10))",43,8,51.0,43,,,pruned,,,4702
"(((2, 10), (4, 6), (6, 9)), (1, 10))","(((3, 10), (4, 6), (6, 9)), (1, 10))",42,7.0,49.0,42,4,1,expanded,False,True,4703
"(((3, 10), (4, 5), (6, 7)), (1, 10))","(((3, 10), (4, 5), (6, 8)), (1, 10))",42,7.0,49.0,42,4,0,expanded,False,True,4704
"(((3, 7), (6, 6), (6, 9)), (1, 10))","(((3, 8), (6, 6), (6, 9)), (1, 10))",42,7.0,49.0,42,1,0,expanded,False,True,4705
"(((3, 9), (4, 10), (6, 5)), (2, 2))","(((3, 9), (4, 10), (6, 4)), (2, 2))",42,7.0,49.0,42,2,0,expanded,False,True,4706
"(((3, 7), (6, 6), (6, 9)), (2, 2))","(((3, 7), (6, 5), (6, 9)), (2, 2))",42,7.0,49.0,42,1,0,expanded,False,True,4707
"(((3, 11), (4, 10), (6, 6)), (1, 10))","(((3, 10), (4, 10), (6, 6)), (2, 2))",43,8,51.0,43,,,pruned,,,4708
"(((3, 10), (4, 10), (6, 6)), (2, 2))","(((3, 10), (4, 10), (6, 5)), (2, 2))",42,7.0,49.0,42,2,1,expanded,False,True,4709
"(((3, 9), (5, 10), (6, 6)), (2, 2))","(((3, 9), (5, 10), (6, 5)), (2, 2))",42,7.0,49.0,42,2,0,expanded,False,True,4710
"(((3, 9), (6, 7), (6, 10)), (2, 2))","(((3, 9), (6, 6), (6, 10)), (2, 2))",42,7.0,49.0,42,2,0,expanded,False,True,4711
"(((3, 11), (5, 10), (6, 7)), (1, 10))","(((3, 10), (5, 10), (6, 7)), (2, 2))",43,8,51.0,43,,,pruned,,,4712
"(((3, 10), (5, 10), (6, 7)), (2, 2))","(((3, 10), (5, 10), (6, 6)), (2, 2))",42,7.0,49.0,42,2,1,expanded,False,True,4713
"(((3, 9), (3, 10), (6, 4)), (1, 10))","(((3, 9), (4, 10), (6, 4)), (1, 10))",42,7.0,49.0,42,3,0,expanded,False,True,4714
"(((3, 9), (4, 10), (6, 5)), (1, 10))","(((3, 9), (5, 10), (6, 5)), (1, 10))",42,7.0,49.0,42,4,0,expanded,False,True,4715
"(((3, 10), (5, 10), (6, 7)), (1, 10))","(((3, 10), (6, 7), (6, 10)), (1, 10))",42,7.0,49.0,42,6,0,expanded,False,True,4716
"(((3, 9), (6, 7), (7, 10)), (1, 10))","(((3, 9), (6, 7), (6, 10)), (1, 10))",43,8,51.0,43,,,pruned,,,4717
"(((3, 9), (6, 7), (6, 10)), (1, 10))","(((3, 10), (6, 7), (6, 10)), (1, 10))",42,7.0,49.0,42,4,1,expanded,False,True,4718
"(((3, 10), (4, 10), (6, 6)), (1, 10))","(((3, 10), (5, 10), (6, 6)), (1, 10))",42,7.0,49.0,42,2,0,expanded,False,True,4719
"(((3, 9), (5, 10), (6, 6)), (1, 10))","(((3, 10), (5, 10), (6, 6)), (1, 10))",42,7.0,49.0,42,4,0,expanded,False,True,4720
"(((3, 7), (3, 9), (4, 1)), (1, 10))","(((3, 7), (3, 9), (4, 2)), (1, 10))",44,7,51.0,44,,,pruned,,,4721
"(((3, 7), (3, 9), (4, 2)), (1, 10))","(((3, 7), (3, 9), (4, 3)), (1, 10))",43,6.0,49.0,43,5,1,expanded,False,True,4722
"(((3, 7), (4, 6), (7, 10)), (1, 10))","(((3, 7), (4, 6), (6, 10)), (1, 10))",44,7,51.0,44,,,pruned,,,4723
"(((3, 7), (4, 6), (6, 10)), (1, 10))","(((3, 7), (4, 6), (5, 10)), (1, 10))",43,6.0,49.0,43,3,1,expanded,False,True,4724
"(((3, 7), (3, 10), (5, 4)), (1, 10))","(((3, 7), (3, 10), (4, 4)), (1, 10))",43,6.0,49.0,43,5,0,expanded,False,True,4725
"(((1, 10), (3, 7), (4, 4)), (1, 11))","(((2, 10), (3, 7), (4, 4)), (1, 10))",44,7,51.0,44,,,pruned,,,4726
"(((2, 10), (3, 7), (4, 4)), (1, 10))","(((3, 7), (3, 10), (4, 4)), (1, 10))",43,6.0,49.0,43,6,1,expanded,False,True,4727
"(((3, 8), (4, 5), (6, 8)), (1, 10))","(((3, 8), (4, 5), (6, 9)), (1, 10))",43,6.0,49.0,43,2,0,expanded,False,True,4728
"(((3, 7), (4, 5), (6, 9)), (1, 10))","(((3, 8), (4, 5), (6, 9)), (1, 10))",43,6.0,49.0,43,1,0,expanded,False,True,4729
"(((3, 9), (4, 5), (6, 7)), (1, 10))","(((3, 9), (4, 5), (6, 8)), (1, 10))",43,6.0,49.0,43,2,0,expanded,False,True,4730
"(((3, 10), (4, 6), (6, 7)), (1, 10))","(((3, 10), (4, 6), (6, 8)), (1, 10))",43,6.0,49.0,43,4,0,expanded,False,True,4731
"(((3, 7), (6, 7), (6, 9)), (1, 10))","(((3, 8), (6, 7), (6, 9)), (1, 10))",43,6.0,49.0,43,1,0,expanded,False,True,4732
"(((3, 8), (6, 8), (6, 9)), (1, 10))","(((3, 9), (6, 8), (6, 9)), (1, 10))",43,6.0,49.0,43,1,0,expanded,False,True,4733
"(((3, 8), (6, 8), (6, 9)), (2, 2))","(((3, 8), (6, 7), (6, 9)), (2, 2))",43,6.0,49.0,43,1,0,expanded,False,True,4734
"(((3, 9), (3, 10), (6, 5)), (2, 2))","(((3, 9), (3, 10), (6, 4)), (2, 2))",43,6.0,49.0,43,1,0,expanded,False,True,4735
"(((3, 9), (4, 10), (6, 6)), (2, 2))","(((3, 9), (4, 10), (6, 5)), (2, 2))",43,6.0,49.0,43,2,0,expanded,False,True,4736
"(((3, 7), (6, 7), (6, 9)), (2, 2))","(((3, 7), (6, 6), (6, 9)), (2, 2))",43,6.0,49.0,43,1,0,expanded,False,True,4737
"(((3, 11), (4, 10), (6, 7)), (1, 10))","(((3, 10), (4, 10), (6, 7)), (2, 2))",44,7,51.0,44,,,pruned,,,4738
"(((3, 10), (4, 10), (6, 7)), (2, 2))","(((3, 10), (4, 10), (6, 6)), (2, 2))",43,6.0,49.0,43,2,1,expanded,False,True,4739
"(((3, 9), (5, 10), (6, 7)), (2, 2))","(((3, 9), (5, 10), (6, 6)), (2, 2))",43,6.0,49.0,43,2,0,expanded,False,True,4740
"(((3, 9), (3, 10), (6, 5)), (1, 10))","(((3, 9), (4, 10), (6, 5)), (1, 10))",43,6.0,49.0,43,3,0,expanded,False,True,4741
"(((3, 10), (4, 10), (6, 7)), (1, 10))","(((3, 10), (5, 10), (6, 7)), (1, 10))",43,6.0,49.0,43,2,0,expanded,False,True,4742
"(((3, 9), (5, 10), (6, 7)), (1, 10))","(((3, 10), (5, 10), (6, 7)), (1, 10))",43,6.0,49.0,43,4,0,expanded,False,True,4743
"(((3, 9), (4, 10), (6, 6)), (1, 10))","(((3, 10), (4, 10), (6, 6)), (1, 10))",43,6.0,49.0,43,4,0,expanded,False,True,4744
"(((3, 7), (3, 9), (5, 4)), (1, 10))","(((3, 7), (3, 9), (4, 4)), (1, 10))",44,5.0,49.0,44,3,0,expanded,False,True,4745
"(((1, 10), (3, 7), (4, 5)), (1, 11))","(((2, 10), (3, 7), (4, 5)), (1, 10))",45,6,51.0,45,,,pruned,,,4746
"(((2, 10), (3, 7), (4, 5)), (1, 10))","(((3, 7), (3, 10), (4, 5)), (1, 10))",44,5.0,49.0,44,3,1,expanded,False,True,4747
"(((3, 7), (4, 6), (6, 9)), (1, 10))","(((3, 8), (4, 6), (6, 9)), (1, 10))",44,5.0,49.0,44,1,0,expanded,False,True,4748
"(((3, 8), (4, 6), (6, 8)), (1, 10))","(((3, 8), (4, 6), (6, 9)), (1, 10))",44,5.0,49.0,44,2,0,expanded,False,True,4749
"(((3, 9), (4, 6), (6, 7)), (1, 10))","(((3, 9), (4, 6), (6, 8)), (1, 10))",44,5.0,49.0,44,2,0,expanded,False,True,4750
"(((3, 9), (3, 10), (6, 6)), (2, 2))","(((3, 9), (3, 10), (6, 5)), (2, 2))",44,5.0,49.0,44,1,0,expanded,False,True,4751
"(((3, 9), (4, 10), (6, 7)), (2, 2))","(((3, 9), (4, 10), (6, 6)), (2, 2))",44,5.0,49.0,44,2,0,expanded,False,True,4752
"(((3, 9), (4, 10), (6, 7)), (1, 10))","(((3, 10), (4, 10), (6, 7)), (1, 10))",44,5.0,49.0,44,4,0,expanded,False,True,4753
"(((3, 9), (3, 10), (6, 6)), (1, 10))","(((3, 9), (4, 10), (6, 6)), (1, 10))",44,5.0,49.0,44,3,0,expanded,False,True,4754
"(((1, 10), (3, 7), (4, 6)), (1, 11))","(((2, 10), (3, 7), (4, 6)), (1, 10))",46,5,51.0,46,,,pruned,,,4755
"(((2, 10), (3, 7), (4, 7)), (1, 10))","(((2, 10), (3, 7), (4, 6)), (1, 10))",46,3,49.0,46,,,pruned,,,4756
"(((2, 10), (3, 7), (4, 6)), (1, 10))","(((3, 7), (3, 10), (4, 6)), (1, 10))",45,4.0,49.0,45,3,2,expanded,False,True,4757
"(((3, 9), (3, 10), (6, 7)), (2, 2))","(((3, 9), (3, 10), (6, 6)), (2, 2))",45,4.0,49.0,45,1,0,expanded,False,True,4758
"(((3, 9), (3, 10), (6, 7)), (1, 10))","(((3, 9), (4, 10), (6, 7)), (1, 10))",45,4.0,49.0,45,3,0,expanded,False,True,4759
"(((6, 3), (6, 4), (6, 8)), (1, 10))","(((5, 4), (6, 3), (6, 8)), (1, 10))",34,16.0,50.0,34,1,0,expanded,False,True,4760
"(((3, 8), (5, 2), (6, 11)), (1, 10))","(((3, 8), (5, 2), (6, 10)), (2, 2))",40,12,52.0,40,,,pruned,,,4761
"(((3, 8), (6, 2), (6, 10)), (2, 2))","(((3, 8), (5, 2), (6, 10)), (2, 2))",40,12,52.0,40,,,pruned,,,4762
"(((3, 8), (5, 2), (6, 10)), (2, 2))","(((3, 8), (4, 2), (6, 10)), (2, 2))",39,11.0,50.0,39,4,2,expanded,False,True,4763
"(((3, 8), (5, 2), (7, 10)), (1, 10))","(((3, 8), (5, 2), (6, 10)), (1, 10))",40,12,52.0,40,,,pruned,,,4764
"(((3, 8), (5, 2), (6, 10)), (1, 10))","(((3, 9), (5, 2), (6, 10)), (1, 10))",39,11.0,50.0,39,4,1,expanded,False,True,4765
"(((3, 8), (6, 4), (6, 10)), (2, 2))","(((3, 8), (5, 4), (6, 10)), (2, 2))",40,10.0,50.0,40,2,0,expanded,False,True,4766
"(((3, 8), (5, 10), (6, 2)), (1, 10))","(((3, 8), (5, 2), (5, 10)), (1, 10))",41,11,52.0,41,,,pruned,,,4767
"(((3, 8), (5, 2), (5, 10)), (1, 10))","(((3, 8), (4, 2), (5, 10)), (1, 10))",40,10.0,50.0,40,6,1,expanded,False,True,4768
"(((3, 8), (6, 4), (7, 10)), (1, 10))","(((3, 8), (6, 4), (6, 10)), (1, 10))",41,11,52.0,41,,,pruned,,,4769
"(((3, 8), (6, 4), (6, 10)), (1, 10))","(((3, 9), (6, 4), (6, 10)), (1, 10))",40,10.0,50.0,40,4,1,expanded,False,True,4770
"(((5, 10), (6, 8), (6, 10)), (1, 10))","(((5, 10), (6, 7), (6, 10)), (1, 10))",40,10.0,50.0,40,2,0,expanded,False,True,4771
"(((3, 8), (4, 10), (6, 2)), (1, 10))","(((3, 8), (4, 10), (5, 2)), (1, 10))",42,10,52.0,42,,,pruned,,,4772
"(((3, 8), (4, 10), (5, 2)), (1, 10))","(((3, 8), (4, 2), (4, 10)), (1, 10))",41,9.0,50.0,41,6,1,expanded,False,True,4773
"(((3, 8), (5, 10), (6, 4)), (2, 2))","(((3, 8), (5, 4), (5, 10)), (1, 10))",41,9.0,50.0,41,2,0,expanded,False,True,4774
"(((3, 8), (5, 10), (6, 4)), (1, 10))","(((3, 9), (5, 10), (6, 4)), (1, 10))",41,9.0,50.0,41,4,0,expanded,False,True,4775
"(((3, 8), (6, 5), (7, 10)), (1, 10))","(((3, 8), (6, 5), (6, 10)), (1, 10))",42,10,52.0,42,,,pruned,,,4776
"(((3, 8), (6, 5), (6, 10)), (1, 10))","(((3, 9), (6, 5), (6, 10)), (1, 10))",41,9.0,50.0,41,4,1,expanded,False,True,4777
"(((4, 10), (6, 8), (7, 10)), (1, 10))","(((4, 10), (6, 8), (6, 10)), (1, 10))",42,10,52.0,42,,,pruned,,,4778
"(((4, 10), (6, 8), (6, 10)), (1, 10))","(((4, 10), (6, 7), (6, 10)), (1, 10))",41,9.0,50.0,41,6,1,expanded,False,True,4779
"(((3, 8), (6, 5), (6, 10)), (2, 2))","(((3, 8), (6, 4), (6, 10)), (2, 2))",41,9.0,50.0,41,2,0,expanded,False,True,4780
"(((1, 10), (3, 8), (4, 2)), (1, 11))","(((2, 10), (3, 8), (4, 2)), (1, 10))",43,9,52.0,43,,,pruned,,,4781
"(((2, 10), (3, 8), (4, 1)), (1, 10))","(((2, 10), (3, 8), (4, 2)), (1, 10))",43,9,52.0,43,,,pruned,,,4782
"(((2, 10), (3, 8), (4, 2)), (1, 10))","(((2, 10), (3, 8), (4, 3)), (1, 10))",42,8.0,50.0,42,8,2,expanded,False,True,4783
"(((3, 8), (3, 10), (6, 2)), (1, 10))","(((3, 8), (3, 10), (5, 2)), (1, 10))",43,9,52.0,43,,,pruned,,,4784
"(((3, 8), (3, 10), (5, 2)), (1, 10))","(((3, 8), (3, 10), (4, 2)), (1, 10))",42,8.0,50.0,42,6,1,expanded,False,True,4785
"(((3, 8), (4, 10), (6, 4)), (2, 2))","(((3, 8), (4, 10), (5, 4)), (1, 10))",42,8.0,50.0,42,2,0,expanded,False,True,4786
"(((4, 5), (4, 10), (6, 8)), (1, 10))","(((3, 10), (4, 5), (6, 8)), (1, 10))",42,8.0,50.0,42,4,0,expanded,False,True,4787
"(((1, 10), (4, 5), (6, 8)), (1, 11))","(((2, 10), (4, 5), (6, 8)), (1, 10))",43,9,52.0,43,,,pruned,,,4788
"(((2, 10), (4, 5), (6, 8)), (1, 10))","(((3, 10), (4, 5), (6, 8)), (1, 10))",42,8.0,50.0,42,4,1,expanded,False,True,4789
"(((1, 10), (6, 8), (6, 9)), (1, 11))","(((2, 10), (6, 8), (6, 9)), (1, 10))",43,9,52.0,43,,,pruned,,,4790
"(((2, 10), (6, 8), (6, 9)), (1, 10))","(((3, 10), (6, 8), (6, 9)), (1, 10))",42,8.0,50.0,42,2,1,expanded,False,True,4791
"(((3, 11), (6, 8), (6, 10)), (1, 10))","(((3, 10), (6, 8), (6, 10)), (2, 2))",43,9,52.0,43,,,pruned,,,4792
"(((3, 10), (6, 8), (6, 10)), (2, 2))","(((3, 10), (6, 7), (6, 10)), (2, 2))",42,8.0,50.0,42,2,1,expanded,False,True,4793
"(((4, 10), (5, 10), (6, 8)), (1, 10))","(((4, 10), (5, 10), (6, 7)), (1, 10))",42,8.0,50.0,42,2,0,expanded,False,True,4794
"(((3, 8), (4, 10), (6, 4)), (1, 10))","(((3, 9), (4, 10), (6, 4)), (1, 10))",42,8.0,50.0,42,4,0,expanded,False,True,4795
"(((3, 8), (5, 10), (6, 5)), (1, 10))","(((3, 9), (5, 10), (6, 5)), (1, 10))",42,8.0,50.0,42,4,0,expanded,False,True,4796
"(((3, 8), (6, 6), (7, 10)), (1, 10))","(((3, 8), (6, 6), (6, 10)), (1, 10))",43,9,52.0,43,,,pruned,,,4797
"(((3, 8), (6, 6), (6, 10)), (1, 10))","(((3, 9), (6, 6), (6, 10)), (1, 10))",42,8.0,50.0,42,4,1,expanded,False,True,4798
"(((3, 8), (5, 10), (6, 5)), (2, 2))","(((3, 8), (5, 10), (6, 4)), (2, 2))",42,8.0,50.0,42,2,0,expanded,False,True,4799
"(((3, 10), (6, 8), (7, 10)), (1, 10))","(((3, 10), (6, 8), (6, 10)), (1, 10))",43,9,52.0,43,,,pruned,,,4800
"(((3, 10), (6, 8), (6, 10)), (1, 10))","(((4, 10), (6, 8), (6, 10)), (1, 10))",42,8.0,50.0,42,6,1,expanded,False,True,4801
"(((3, 8), (6, 6), (6, 10)), (2, 2))","(((3, 8), (6, 5), (6, 10)), (2, 2))",42,8.0,50.0,42,2,0,expanded,False,True,4802
"(((3, 8), (3, 9), (6, 2)), (1, 10))","(((3, 8), (3, 9), (5, 2)), (1, 10))",44,8,52.0,44,,,pruned,,,4803
"(((3, 8), (3, 9), (5, 2)), (1, 10))","(((3, 8), (3, 9), (4, 2)), (1, 10))",43,7.0,50.0,43,2,1,expanded,False,True,4804
"(((3, 8), (3, 10), (6, 4)), (2, 2))","(((3, 8), (3, 10), (5, 4)), (1, 10))",43,7.0,50.0,43,2,0,expanded,False,True,4805
"(((1, 10), (3, 8), (5, 4)), (1, 11))","(((2, 10), (3, 8), (5, 4)), (1, 10))",44,8,52.0,44,,,pruned,,,4806
"(((2, 10), (3, 8), (5, 4)), (1, 10))","(((3, 8), (3, 10), (5, 4)), (1, 10))",43,7.0,50.0,43,6,1,expanded,False,True,4807
"(((4, 6), (4, 10), (6, 8)), (1, 10))","(((3, 10), (4, 6), (6, 8)), (1, 10))",43,7.0,50.0,43,4,0,expanded,False,True,4808
"(((1, 10), (4, 6), (6, 8)), (1, 11))","(((2, 10), (4, 6), (6, 8)), (1, 10))",44,8,52.0,44,,,pruned,,,4809
"(((2, 10), (4, 6), (6, 8)), (1, 10))","(((3, 10), (4, 6), (6, 8)), (1, 10))",43,7.0,50.0,43,4,1,expanded,False,True,4810
"(((3, 9), (6, 8), (6, 10)), (2, 2))","(((3, 9), (6, 7), (6, 10)), (2, 2))",43,7.0,50.0,43,2,0,expanded,False,True,4811
"(((3, 11), (5, 10), (6, 8)), (1, 10))","(((3, 10), (5, 10), (6, 8)), (2, 2))",44,8,52.0,44,,,pruned,,,4812
"(((3, 10), (5, 10), (6, 8)), (2, 2))","(((3, 10), (5, 10), (6, 7)), (2, 2))",43,7.0,50.0,43,2,1,expanded,False,True,4813
"(((3, 8), (4, 10), (6, 5)), (1, 10))","(((3, 9), (4, 10), (6, 5)), (1, 10))",43,7.0,50.0,43,4,0,expanded,False,True,4814
"(((3, 8), (6, 7), (7, 10)), (1, 10))","(((3, 8), (6, 7), (6, 10)), (1, 10))",44,8,52.0,44,,,pruned,,,4815
"(((3, 8), (6, 7), (6, 10)), (1, 10))","(((3, 9), (6, 7), (6, 10)), (1, 10))",43,7.0,50.0,43,4,1,expanded,False,True,4816
"(((3, 8), (5, 10), (6, 6)), (1, 10))","(((3, 9), (5, 10), (6, 6)), (1, 10))",43,7.0,50.0,43,4,0,expanded,False,True,4817
"(((3, 8), (4, 10), (6, 5)), (2, 2))","(((3, 8), (4, 10), (6, 4)), (2, 2))",43,7.0,50.0,43,2,0,expanded,False,True,4818
"(((3, 8), (3, 10), (6, 4)), (1, 10))","(((3, 8), (4, 10), (6, 4)), (1, 10))",43,7.0,50.0,43,4,0,expanded,False,True,4819
"(((3, 8), (5, 10), (6, 6)), (2, 2))","(((3, 8), (5, 10), (6, 5)), (2, 2))",43,7.0,50.0,43,2,0,expanded,False,True,4820
"(((3, 10), (5, 10), (6, 8)), (1, 10))","(((3, 10), (6, 8), (6, 10)), (1, 10))",43,7.0,50.0,43,6,0,expanded,False,True,4821
"(((3, 9), (6, 8), (7, 10)), (1, 10))","(((3, 9), (6, 8), (6, 10)), (1, 10))",44,8,52.0,44,,,pruned,,,4822
"(((3, 9), (6, 8), (6, 10)), (1, 10))","(((3, 10), (6, 8), (6, 10)), (1, 10))",43,7.0,50.0,43,4,1,expanded,False,True,4823
"(((3, 8), (6, 7), (6, 10)), (2, 2))","(((3, 8), (6, 6), (6, 10)), (2, 2))",43,7.0,50.0,43,2,0,expanded,False,True,4824
"(((3, 7), (3, 8), (4, 1)), (1, 10))","(((3, 7), (3, 8), (4, 2)), (1, 10))",45,7,52.0,45,,,pruned,,,4825
"(((3, 7), (3, 8), (4, 2)), (1, 10))","(((3, 7), (3, 8), (4, 3)), (1, 10))",44,6.0,50.0,44,4,1,expanded,False,True,4826
"(((3, 8), (3, 9), (6, 4)), (2, 2))","(((3, 8), (3, 9), (5, 4)), (1, 10))",44,6.0,50.0,44,1,0,expanded,False,True,4827
"(((3, 8), (4, 5), (6, 7)), (1, 10))","(((3, 8), (4, 5), (6, 8)), (1, 10))",44,6.0,50.0,44,2,0,expanded,False,True,4828
"(((3, 7), (4, 5), (6, 8)), (1, 10))","(((3, 8), (4, 5), (6, 8)), (1, 10))",44,6.0,50.0,44,1,0,expanded,False,True,4829
"(((3, 7), (6, 8), (6, 9)), (1, 10))","(((3, 8), (6, 8), (6, 9)), (1, 10))",44,6.0,50.0,44,0,0,expanded,False,True,4830
"(((3, 7), (6, 8), (6, 9)), (2, 2))","(((3, 7), (6, 7), (6, 9)), (2, 2))",44,6.0,50.0,44,0,0,expanded,False,True,4831
"(((3, 11), (4, 10), (6, 8)), (1, 10))","(((3, 10), (4, 10), (6, 8)), (2, 2))",45,7,52.0,45,,,pruned,,,4832
"(((3, 10), (4, 10), (6, 8)), (2, 2))","(((3, 10), (4, 10), (6, 7)), (2, 2))",44,6.0,50.0,44,2,1,expanded,False,True,4833
"(((3, 9), (5, 10), (6, 8)), (2, 2))","(((3, 9), (5, 10), (6, 7)), (2, 2))",44,6.0,50.0,44,2,0,expanded,False,True,4834
"(((3, 8), (5, 10), (6, 7)), (1, 10))","(((3, 9), (5, 10), (6, 7)), (1, 10))",44,6.0,50.0,44,4,0,expanded,False,True,4835
"(((3, 8), (4, 10), (6, 6)), (1, 10))","(((3, 9), (4, 10), (6, 6)), (1, 10))",44,6.0,50.0,44,4,0,expanded,False,True,4836
"(((3, 8), (3, 10), (6, 5)), (2, 2))","(((3, 8), (3, 10), (6, 4)), (2, 2))",44,6.0,50.0,44,2,0,expanded,False,True,4837
"(((3, 8), (3, 10), (6, 5)), (1, 10))","(((3, 8), (4, 10), (6, 5)), (1, 10))",44,6.0,50.0,44,4,0,expanded,False,True,4838
"(((3, 8), (4, 10), (6, 6)), (2, 2))","(((3, 8), (4, 10), (6, 5)), (2, 2))",44,6.0,50.0,44,2,0,expanded,False,True,4839
"(((3, 8), (3, 9), (6, 4)), (1, 10))","(((3, 8), (3, 10), (6, 4)), (1, 10))",44,6.0,50.0,44,1,0,expanded,False,True,4840
"(((3, 8), (5, 10), (6, 7)), (2, 2))","(((3, 8), (5, 10), (6, 6)), (2, 2))",44,6.0,50.0,44,2,0,expanded,False,True,4841
"(((3, 10), (4, 10), (6, 8)), (1, 10))","(((3, 10), (5, 10), (6, 8)), (1, 10))",44,6.0,50.0,44,2,0,expanded,False,True,4842
"(((3, 9), (5, 10), (6, 8)), (1, 10))","(((3, 10), (5, 10), (6, 8)), (1, 10))",44,6.0,50.0,44,4,0,expanded,False,True,4843
"(((3, 7), (3, 8), (5, 4)), (1, 10))","(((3, 7), (3, 8), (4, 4)), (1, 10))",45,5.0,50.0,45,2,0,expanded,False,True,4844
"(((3, 7), (4, 6), (6, 8)), (1, 10))","(((3, 7), (4, 6), (6, 9)), (1, 10))",45,5.0,50.0,45,1,0,expanded,False,True,4845
"(((3, 8), (4, 6), (6, 7)), (1, 10))","(((3, 8), (4, 6), (6, 8)), (1, 10))",45,5.0,50.0,45,2,0,expanded,False,True,4846
"(((3, 9), (4, 10), (6, 8)), (2, 2))","(((3, 9), (4, 10), (6, 7)), (2, 2))",45,5.0,50.0,45,2,0,expanded,False,True,4847
"(((3, 8), (4, 10), (6, 7)), (1, 10))","(((3, 9), (4, 10), (6, 7)), (1, 10))",45,5.0,50.0,45,4,0,expanded,False,True,4848
"(((3, 8), (3, 9), (6, 5)), (2, 2))","(((3, 8), (3, 9), (6, 4)), (2, 2))",45,5.0,50.0,45,1,0,expanded,False,True,4849
"(((3, 8), (3, 10), (6, 6)), (1, 10))","(((3, 8), (4, 10), (6, 6)), (1, 10))",45,5.0,50.0,45,4,0,expanded,False,True,4850
"(((3, 8), (3, 10), (6, 6)), (2, 2))","(((3, 8), (3, 10), (6, 5)), (2, 2))",45,5.0,50.0,45,2,0,expanded,False,True,4851
"(((3, 8), (3, 9), (6, 5)), (1, 10))","(((3, 8), (3, 10), (6, 5)), (1, 10))",45,5.0,50.0,45,1,0,expanded,False,True,4852
"(((3, 8), (4, 10), (6, 7)), (2, 2))","(((3, 8), (4, 10), (6, 6)), (2, 2))",45,5.0,50.0,45,2,0,expanded,False,True,4853
"(((3, 9), (4, 10), (6, 8)), (1, 10))","(((3, 10), (4, 10), (6, 8)), (1, 10))",45,5.0,50.0,45,4,0,expanded,False,True,4854
"(((3, 9), (3, 10), (6, 8)), (2, 2))","(((3, 9), (3, 10), (6, 7)), (2, 2))",46,4.0,50.0,46,1,0,expanded,False,True,4855
"(((3, 8), (3, 10), (6, 7)), (1, 10))","(((3, 8), (4, 10), (6, 7)), (1, 10))",46,4.0,50.0,46,4,0,expanded,False,True,4856
"(((3, 8), (3, 9), (6, 6)), (2, 2))","(((3, 8), (3, 9), (6, 5)), (2, 2))",46,4.0,50.0,46,1,0,expanded,False,True,4857
"(((3, 8), (3, 9), (6, 6)), (1, 10))","(((3, 8), (3, 10), (6, 6)), (1, 10))",46,4.0,50.0,46,1,0,expanded,False,True,4858
"(((3, 8), (3, 10), (6, 7)), (2, 2))","(((3, 8), (3, 10), (6, 6)), (2, 2))",46,4.0,50.0,46,2,0,expanded,False,True,4859
"(((3, 9), (3, 10), (6, 8)), (1, 10))","(((3, 9), (4, 10), (6, 8)), (1, 10))",46,4.0,50.0,46,3,0,expanded,False,True,4860
"(((3, 8), (3, 9), (6, 7)), (1, 10))","(((3, 8), (3, 10), (6, 7)), (1, 10))",47,3.0,50.0,47,1,0,expanded,False,True,4861
"(((3, 8), (3, 9), (6, 7)), (2, 2))","(((3, 8), (3, 9), (6, 6)), (2, 2))",47,3.0,50.0,47,1,0,expanded,False,True,4862
"(((5, 2), (6, 2), (6, 6)), (1, 10))","(((5, 2), (6, 3), (6, 6)), (1, 10))",34,19,53.0,34,,,pruned,,,4863
"(((6, 2), (6, 3), (6, 6)), (1, 10))","(((5, 2), (6, 3), (6, 6)), (1, 10))",34,19,53.0,34,,,pruned,,,4864
"(((5, 2), (6, 3), (6, 6)), (1, 10))","(((5, 2), (6, 3), (6, 7)), (1, 10))",33,18.0,51.0,33,4,2,expanded,False,True,4865
"(((4, 3), (6, 2), (6, 5)), (1, 10))","(((4, 3), (6, 3), (6, 5)), (1, 10))",35,18,53.0,35,,,pruned,,,4866
"(((4, 3), (6, 3), (6, 5)), (1, 10))","(((3, 3), (6, 3), (6, 5)), (1, 10))",34,17.0,51.0,34,6,1,expanded,False,True,4867
"(((2, 2), (6, 3), (6, 5)), (1, 10))","(((3, 2), (6, 3), (6, 5)), (1, 10))",35,18,53.0,35,,,pruned,,,4868
"(((3, 2), (6, 2), (6, 5)), (1, 10))","(((3, 2), (6, 3), (6, 5)), (1, 10))",35,18,53.0,35,,,pruned,,,4869
"(((3, 2), (6, 3), (6, 5)), (1, 10))","(((3, 3), (6, 3), (6, 5)), (1, 10))",34,17.0,51.0,34,6,2,expanded,False,True,4870
"(((4, 2), (6, 2), (6, 6)), (1, 10))","(((4, 2), (6, 3), (6, 6)), (1, 10))",35,18,53.0,35,,,pruned,,,4871
"(((4, 1), (6, 3), (6, 6)), (1, 10))","(((4, 2), (6, 3), (6, 6)), (1, 10))",35,18,53.0,35,,,pruned,,,4872
"(((4, 2), (6, 3), (6, 6)), (1, 10))","(((4, 3), (6, 3), (6, 6)), (1, 10))",34,17.0,51.0,34,5,2,expanded,False,True,4873
"(((5, 4), (6, 3), (6, 6)), (1, 10))","(((5, 4), (6, 3), (6, 7)), (1, 10))",35,16.0,51.0,35,3,0,expanded,False,True,4874
"(((6, 3), (6, 4), (6, 7)), (1, 10))","(((5, 4), (6, 3), (6, 7)), (1, 10))",35,16.0,51.0,35,1,0,expanded,False,True,4875
"(((4, 4), (6, 3), (6, 5)), (1, 10))","(((4, 4), (6, 3), (6, 6)), (1, 10))",35,16.0,51.0,35,5,0,expanded,False,True,4876
"(((4, 5), (5, 4), (6, 2)), (1, 10))","(((4, 5), (5, 4), (6, 3)), (1, 10))",37,16,53.0,37,,,pruned,,,4877
"(((4, 5), (5, 4), (6, 3)), (1, 10))","(((4, 5), (5, 4), (6, 4)), (1, 10))",36,15.0,51.0,36,3,1,expanded,False,True,4878
"(((4, 5), (6, 3), (6, 5)), (1, 10))","(((4, 5), (6, 3), (6, 6)), (1, 10))",36,15.0,51.0,36,2,0,expanded,False,True,4879
"(((4, 5), (6, 2), (6, 5)), (2, 2))","(((4, 5), (6, 3), (6, 5)), (2, 2))",37,16,53.0,37,,,pruned,,,4880
"(((4, 5), (6, 3), (6, 5)), (2, 2))","(((4, 4), (6, 3), (6, 5)), (1, 10))",36,15.0,51.0,36,4,1,expanded,False,True,4881
"(((4, 6), (5, 4), (6, 2)), (1, 10))","(((4, 6), (5, 4), (6, 3)), (1, 10))",38,15,53.0,38,,,pruned,,,4882
"(((4, 6), (5, 4), (6, 3)), (1, 10))","(((4, 6), (5, 4), (6, 4)), (1, 10))",37,14.0,51.0,37,3,1,expanded,False,True,4883
"(((4, 6), (6, 3), (6, 5)), (1, 10))","(((4, 6), (6, 3), (6, 6)), (1, 10))",37,14.0,51.0,37,2,0,expanded,False,True,4884
"(((4, 7), (6, 3), (6, 5)), (2, 2))","(((4, 6), (6, 3), (6, 5)), (2, 2))",38,13,51.0,38,,,pruned,,,4885
"(((4, 6), (6, 2), (6, 5)), (2, 2))","(((4, 6), (6, 3), (6, 5)), (2, 2))",38,15,53.0,38,,,pruned,,,4886
"(((4, 6), (6, 3), (6, 5)), (2, 2))","(((4, 5), (6, 3), (6, 5)), (2, 2))",37,14.0,51.0,37,4,2,expanded,False,True,4887
"(((1, 10), (5, 2), (6, 10)), (1, 11))","(((2, 10), (5, 2), (6, 10)), (1, 10))",39,14,53.0,39,,,pruned,,,4888
"(((2, 10), (5, 2), (7, 10)), (1, 10))","(((2, 10), (5, 2), (6, 10)), (1, 10))",39,14,53.0,39,,,pruned,,,4889
"(((2, 10), (5, 2), (6, 11)), (1, 10))","(((2, 10), (5, 2), (6, 10)), (1, 10))",39,14,53.0,39,,,pruned,,,4890
"(((2, 10), (6, 2), (6, 10)), (1, 10))","(((2, 10), (5, 2), (6, 10)), (1, 10))",39,14,53.0,39,,,pruned,,,4891
"(((2, 10), (5, 2), (6, 10)), (1, 10))","(((2, 10), (4, 2), (6, 10)), (1, 10))",38,13.0,51.0,38,8,4,expanded,False,True,4892
"(((1, 10), (6, 4), (6, 10)), (1, 11))","(((2, 10), (6, 4), (6, 10)), (1, 10))",40,13,53.0,40,,,pruned,,,4893
"(((2, 10), (6, 4), (7, 10)), (1, 10))","(((2, 10), (6, 4), (6, 10)), (1, 10))",40,13,53.0,40,,,pruned,,,4894
"(((2, 10), (6, 4), (6, 10)), (1, 10))","(((2, 10), (5, 4), (6, 10)), (1, 10))",39,12.0,51.0,39,6,2,expanded,False,True,4895
"(((1, 10), (5, 2), (5, 10)), (1, 11))","(((2, 10), (5, 2), (5, 10)), (1, 10))",40,13,53.0,40,,,pruned,,,4896
"(((2, 10), (5, 10), (6, 2)), (1, 10))","(((2, 10), (5, 2), (5, 10)), (1, 10))",40,13,53.0,40,,,pruned,,,4897
"(((2, 10), (5, 2), (5, 10)), (1, 10))","(((2, 10), (4, 2), (5, 10)), (1, 10))",39,12.0,51.0,39,6,2,expanded,False,True,4898
"(((4, 10), (5, 10), (6, 2)), (1, 10))","(((4, 10), (5, 10), (6, 3)), (1, 10))",40,13,53.0,40,,,pruned,,,4899
"(((4, 10), (5, 10), (6, 3)), (1, 10))","(((4, 10), (5, 10), (6, 4)), (1, 10))",39,12.0,51.0,39,2,1,expanded,False,True,4900
"(((3, 7), (5, 2), (6, 11)), (1, 10))","(((3, 7), (5, 2), (6, 10)), (2, 2))",41,12,53.0,41,,,pruned,,,4901
"(((3, 7), (6, 2), (6, 10)), (2, 2))","(((3, 7), (5, 2), (6, 10)), (2, 2))",41,12,53.0,41,,,pruned,,,4902
"(((3, 7), (5, 2), (6, 10)), (2, 2))","(((3, 7), (4, 2), (6, 10)), (2, 2))",40,11.0,51.0,40,3,2,expanded,False,True,4903
"(((1, 10), (5, 10), (6, 4)), (1, 11))","(((2, 10), (5, 10), (6, 4)), (1, 10))",41,12,53.0,41,,,pruned,,,4904
"(((2, 10), (5, 10), (6, 4)), (1, 10))","(((2, 10), (5, 4), (5, 10)), (1, 10))",40,11.0,51.0,40,6,1,expanded,False,True,4905
"(((1, 10), (4, 10), (5, 2)), (1, 11))","(((2, 10), (4, 10), (5, 2)), (1, 10))",41,12,53.0,41,,,pruned,,,4906
"(((2, 10), (4, 10), (6, 2)), (1, 10))","(((2, 10), (4, 10), (5, 2)), (1, 10))",41,12,53.0,41,,,pruned,,,4907
"(((2, 10), (4, 10), (5, 2)), (1, 10))","(((2, 10), (4, 2), (4, 10)), (1, 10))",40,11.0,51.0,40,6,2,expanded,False,True,4908
"(((3, 10), (5, 10), (6, 2)), (1, 10))","(((3, 10), (5, 10), (6, 3)), (1, 10))",41,12,53.0,41,,,pruned,,,4909
"(((3, 11), (5, 10), (6, 3)), (1, 10))","(((3, 10), (5, 10), (6, 3)), (1, 10))",41,12,53.0,41,,,pruned,,,4910
"(((3, 10), (5, 10), (6, 3)), (1, 10))","(((3, 10), (5, 10), (6, 4)), (1, 10))",40,11.0,51.0,40,8,2,expanded,False,True,4911
"(((1, 10), (6, 5), (6, 10)), (1, 11))","(((2, 10), (6, 5), (6, 10)), (1, 10))",41,12,53.0,41,,,pruned,,,4912
"(((2, 10), (6, 5), (7, 10)), (1, 10))","(((2, 10), (6, 5), (6, 10)), (1, 10))",41,12,53.0,41,,,pruned,,,4913
"(((2, 10), (6, 5), (6, 10)), (1, 10))","(((3, 10), (6, 5), (6, 10)), (1, 10))",40,11.0,51.0,40,6,2,expanded,False,True,4914
"(((3, 7), (5, 2), (7, 10)), (1, 10))","(((3, 7), (5, 2), (6, 10)), (1, 10))",41,12,53.0,41,,,pruned,,,4915
"(((3, 7), (5, 2), (6, 10)), (1, 10))","(((3, 8), (5, 2), (6, 10)), (1, 10))",40,11.0,51.0,40,3,1,expanded,False,True,4916
"(((3, 7), (6, 4), (6, 10)), (2, 2))","(((3, 7), (5, 4), (6, 10)), (2, 2))",41,10.0,51.0,41,1,0,expanded,False,True,4917
"(((3, 7), (5, 10), (6, 2)), (1, 10))","(((3, 7), (5, 2), (5, 10)), (1, 10))",42,11,53.0,42,,,pruned,,,4918
"(((3, 7), (5, 2), (5, 10)), (1, 10))","(((3, 7), (4, 2), (5, 10)), (1, 10))",41,10.0,51.0,41,4,1,expanded,False,True,4919
"(((4, 5), (5, 10), (6, 10)), (1, 10))","(((4, 5), (4, 10), (6, 10)), (1, 10))",41,10.0,51.0,41,2,0,expanded,False,True,4920
"(((2, 10), (3, 11), (5, 2)), (2, 2))","(((2, 10), (3, 10), (5, 2)), (1, 10))",42,11,53.0,42,,,pruned,,,4921
"(((2, 10), (3, 10), (6, 2)), (1, 10))","(((2, 10), (3, 10), (5, 2)), (1, 10))",42,11,53.0,42,,,pruned,,,4922
"(((2, 10), (3, 10), (5, 2)), (1, 10))","(((2, 10), (3, 10), (4, 2)), (1, 10))",41,10.0,51.0,41,4,2,expanded,False,True,4923
"(((1, 10), (4, 10), (6, 4)), (1, 11))","(((2, 10), (4, 10), (6, 4)), (1, 10))",42,11,53.0,42,,,pruned,,,4924
"(((2, 10), (4, 10), (6, 4)), (1, 10))","(((2, 10), (4, 10), (5, 4)), (1, 10))",41,10.0,51.0,41,6,1,expanded,False,True,4925
"(((3, 10), (4, 10), (6, 2)), (1, 10))","(((3, 10), (4, 10), (6, 3)), (1, 10))",42,11,53.0,42,,,pruned,,,4926
"(((3, 11), (4, 10), (6, 3)), (1, 10))","(((3, 10), (4, 10), (6, 3)), (1, 10))",42,11,53.0,42,,,pruned,,,4927
"(((3, 10), (4, 10), (6, 3)), (1, 10))","(((3, 10), (4, 10), (6, 4)), (1, 10))",41,10.0,51.0,41,4,2,expanded,False,True,4928
"(((3, 9), (5, 10), (6, 2)), (1, 10))","(((3, 9), (5, 10), (6, 3)), (1, 10))",42,11,53.0,42,,,pruned,,,4929
"(((3, 9), (5, 10), (6, 3)), (1, 10))","(((3, 9), (5, 10), (6, 4)), (1, 10))",41,10.0,51.0,41,6,1,expanded,False,True,4930
"(((1, 10), (5, 10), (6, 5)), (1, 11))","(((2, 10), (5, 10), (6, 5)), (1, 10))",42,11,53.0,42,,,pruned,,,4931
"(((2, 10), (5, 10), (6, 5)), (1, 10))","(((3, 10), (5, 10), (6, 5)), (1, 10))",41,10.0,51.0,41,6,1,expanded,False,True,4932
"(((1, 10), (6, 6), (6, 10)), (1, 11))","(((2, 10), (6, 6), (6, 10)), (1, 10))",42,11,53.0,42,,,pruned,,,4933
"(((2, 10), (6, 6), (7, 10)), (1, 10))","(((2, 10), (6, 6), (6, 10)), (1, 10))",42,11,53.0,42,,,pruned,,,4934
"(((2, 10), (6, 6), (6, 10)), (1, 10))","(((3, 10), (6, 6), (6, 10)), (1, 10))",41,10.0,51.0,41,6,2,expanded,False,True,4935
"(((3, 7), (6, 4), (7, 10)), (1, 10))","(((3, 7), (6, 4), (6, 10)), (1, 10))",42,11,53.0,42,,,pruned,,,4936
"(((3, 7), (6, 4), (6, 10)), (1, 10))","(((3, 8), (6, 4), (6, 10)), (1, 10))",41,10.0,51.0,41,3,1,expanded,False,True,4937
"(((5, 10), (6, 9), (6, 10)), (1, 10))","(((5, 10), (6, 8), (6, 10)), (1, 10))",41,10.0,51.0,41,0,0,expanded,False,True,4938
"(((1, 10), (3, 9), (5, 2)), (1, 11))","(((2, 10), (3, 9), (5, 2)), (1, 10))",43,10,53.0,43,,,pruned,,,4939
"(((2, 10), (3, 9), (6, 2)), (1, 10))","(((2, 10), (3, 9), (5, 2)), (1, 10))",43,10,53.0,43,,,pruned,,,4940
"(((2, 10), (3, 9), (5, 2)), (1, 10))","(((2, 10), (3, 9), (4, 2)), (1, 10))",42,9.0,51.0,42,6,2,expanded,False,True,4941
"(((3, 7), (4, 10), (6, 2)), (1, 10))","(((3, 7), (4, 10), (5, 2)), (1, 10))",43,10,53.0,43,,,pruned,,,4942
"(((3, 7), (4, 10), (5, 2)), (1, 10))","(((3, 7), (4, 2), (4, 10)), (1, 10))",42,9.0,51.0,42,4,1,expanded,False,True,4943
"(((4, 6), (5, 10), (6, 10)), (1, 10))","(((4, 6), (4, 10), (6, 10)), (1, 10))",42,9.0,51.0,42,2,0,expanded,False,True,4944
"(((3, 7), (5, 10), (6, 4)), (2, 2))","(((3, 7), (5, 4), (5, 10)), (1, 10))",42,9.0,51.0,42,1,0,expanded,False,True,4945
"(((4, 5), (5, 10), (6, 9)), (1, 10))","(((4, 5), (4, 10), (6, 9)), (1, 10))",42,9.0,51.0,42,4,0,expanded,False,True,4946
"(((2, 10), (3, 11), (6, 4)), (2, 2))","(((2, 10), (3, 10), (6, 4)), (2, 2))",43,10,53.0,43,,,pruned,,,4947
"(((2, 10), (3, 10), (6, 4)), (2, 2))","(((2, 10), (3, 10), (5, 4)), (1, 10))",42,9.0,51.0,42,2,1,expanded,False,True,4948
"(((3, 9), (4, 10), (6, 2)), (1, 10))","(((3, 9), (4, 10), (6, 3)), (1, 10))",43,10,53.0,43,,,pruned,,,4949
"(((3, 9), (4, 10), (6, 3)), (1, 10))","(((3, 9), (4, 10), (6, 4)), (1, 10))",42,9.0,51.0,42,6,1,expanded,False,True,4950
"(((1, 10), (6, 7), (6, 10)), (1, 11))","(((2, 10), (6, 7), (6, 10)), (1, 10))",43,10,53.0,43,,,pruned,,,4951
"(((2, 10), (6, 7), (7, 10)), (1, 10))","(((2, 10), (6, 7), (6, 10)), (1, 10))",43,10,53.0,43,,,pruned,,,4952
"(((2, 10), (6, 7), (6, 10)), (1, 10))","(((3, 10), (6, 7), (6, 10)), (1, 10))",42,9.0,51.0,42,6,2,expanded,False,True,4953
"(((1, 10), (5, 10), (6, 6)), (1, 11))","(((2, 10), (5, 10), (6, 6)), (1, 10))",43,10,53.0,43,,,pruned,,,4954
"(((2, 10), (5, 10), (6, 6)), (1, 10))","(((3, 10), (5, 10), (6, 6)), (1, 10))",42,9.0,51.0,42,6,1,expanded,False,True,4955
"(((3, 7), (5, 10), (6, 4)), (1, 10))","(((3, 8), (5, 10), (6, 4)), (1, 10))",42,9.0,51.0,42,3,0,expanded,False,True,4956
"(((3, 7), (6, 5), (7, 10)), (1, 10))","(((3, 7), (6, 5), (6, 10)), (1, 10))",43,10,53.0,43,,,pruned,,,4957
"(((3, 7), (6, 5), (6, 10)), (1, 10))","(((3, 8), (6, 5), (6, 10)), (1, 10))",42,9.0,51.0,42,3,1,expanded,False,True,4958
"(((4, 10), (6, 9), (7, 10)), (1, 10))","(((4, 10), (6, 9), (6, 10)), (1, 10))",43,10,53.0,43,,,pruned,,,4959
"(((4, 10), (6, 9), (6, 10)), (1, 10))","(((4, 10), (6, 8), (6, 10)), (1, 10))",42,9.0,51.0,42,4,1,expanded,False,True,4960
"(((3, 7), (6, 5), (6, 10)), (2, 2))","(((3, 7), (6, 4), (6, 10)), (2, 2))",42,9.0,51.0,42,1,0,expanded,False,True,4961
"(((2, 10), (3, 10), (6, 4)), (1, 10))","(((2, 10), (4, 10), (6, 4)), (1, 10))",42,9.0,51.0,42,2,0,expanded,False,True,4962
"(((1, 10), (4, 10), (6, 5)), (1, 11))","(((2, 10), (4, 10), (6, 5)), (1, 10))",43,10,53.0,43,,,pruned,,,4963
"(((2, 10), (4, 10), (6, 5)), (1, 10))","(((2, 10), (4, 10), (6, 4)), (1, 10))",42,9.0,51.0,42,6,1,expanded,False,True,4964
"(((2, 10), (3, 9), (6, 4)), (2, 2))","(((2, 10), (3, 9), (5, 4)), (1, 10))",43,8.0,51.0,43,2,0,expanded,False,True,4965
"(((1, 10), (3, 7), (4, 2)), (1, 11))","(((2, 10), (3, 7), (4, 2)), (1, 10))",44,9,53.0,44,,,pruned,,,4966
"(((2, 10), (3, 7), (4, 1)), (1, 10))","(((2, 10), (3, 7), (4, 2)), (1, 10))",44,9,53.0,44,,,pruned,,,4967
"(((2, 10), (3, 7), (4, 2)), (1, 10))","(((2, 10), (3, 7), (4, 3)), (1, 10))",43,8.0,51.0,43,6,2,expanded,False,True,4968
"(((3, 7), (3, 10), (6, 2)), (1, 10))","(((3, 7), (3, 10), (5, 2)), (1, 10))",44,9,53.0,44,,,pruned,,,4969
"(((3, 7), (3, 10), (5, 2)), (1, 10))","(((3, 7), (3, 10), (4, 2)), (1, 10))",43,8.0,51.0,43,5,1,expanded,False,True,4970
"(((3, 7), (4, 10), (6, 4)), (2, 2))","(((3, 7), (4, 10), (5, 4)), (1, 10))",43,8.0,51.0,43,1,0,expanded,False,True,4971
"(((4, 6), (5, 10), (6, 9)), (1, 10))","(((4, 6), (4, 10), (6, 9)), (1, 10))",43,8.0,51.0,43,4,0,expanded,False,True,4972
"(((3, 10), (4, 5), (6, 6)), (1, 10))","(((3, 10), (4, 5), (6, 7)), (1, 10))",43,8.0,51.0,43,4,0,expanded,False,True,4973
"(((4, 5), (4, 10), (6, 7)), (1, 10))","(((3, 10), (4, 5), (6, 7)), (1, 10))",43,8.0,51.0,43,4,0,expanded,False,True,4974
"(((1, 10), (4, 5), (6, 7)), (1, 11))","(((2, 10), (4, 5), (6, 7)), (1, 10))",44,9,53.0,44,,,pruned,,,4975
"(((2, 10), (4, 5), (6, 7)), (1, 10))","(((3, 10), (4, 5), (6, 7)), (1, 10))",43,8.0,51.0,43,4,1,expanded,False,True,4976
"(((3, 9), (3, 10), (6, 2)), (1, 10))","(((3, 9), (3, 10), (6, 3)), (1, 10))",44,9,53.0,44,,,pruned,,,4977
"(((3, 9), (3, 10), (6, 3)), (1, 10))","(((3, 9), (3, 10), (6, 4)), (1, 10))",43,8.0,51.0,43,4,1,expanded,False,True,4978
"(((1, 10), (3, 9), (6, 4)), (1, 11))","(((2, 10), (3, 9), (6, 4)), (1, 10))",44,9,53.0,44,,,pruned,,,4979
"(((2, 10), (3, 9), (6, 4)), (1, 10))","(((3, 9), (3, 10), (6, 4)), (1, 10))",43,8.0,51.0,43,4,1,expanded,False,True,4980
"(((1, 10), (5, 10), (6, 7)), (1, 11))","(((2, 10), (5, 10), (6, 7)), (1, 10))",44,9,53.0,44,,,pruned,,,4981
"(((2, 10), (5, 10), (6, 7)), (1, 10))","(((3, 10), (5, 10), (6, 7)), (1, 10))",43,8.0,51.0,43,6,1,expanded,False,True,4982
"(((3, 11), (6, 9), (6, 10)), (1, 10))","(((3, 10), (6, 9), (6, 10)), (2, 2))",44,9,53.0,44,,,pruned,,,4983
"(((3, 10), (6, 9), (6, 10)), (2, 2))","(((3, 10), (6, 8), (6, 10)), (2, 2))",43,8.0,51.0,43,1,1,expanded,True,True,4984
"(((4, 10), (5, 10), (6, 9)), (1, 10))","(((4, 10), (5, 10), (6, 8)), (1, 10))",43,8.0,51.0,43,2,0,expanded,False,True,4985
"(((3, 7), (4, 10), (6, 4)), (1, 10))","(((3, 8), (4, 10), (6, 4)), (1, 10))",43,8.0,51.0,43,3,0,expanded,False,True,4986
"(((3, 7), (5, 10), (6, 5)), (1, 10))","(((3, 8), (5, 10), (6, 5)), (1, 10))",43,8.0,51.0,43,3,0,expanded,False,True,4987
"(((3, 7), (6, 6), (7, 10)), (1, 10))","(((3, 7), (6, 6), (6, 10)), (1, 10))",44,9,53.0,44,,,pruned,,,4988
"(((3, 7), (6, 6), (6, 10)), (1, 10))","(((3, 8), (6, 6), (6, 10)), (1, 10))",43,8.0,51.0,43,3,1,expanded,False,True,4989
"(((3, 7), (5, 10), (6, 5)), (2, 2))","(((3, 7), (5, 10), (6, 4)), (2, 2))",43,8.0,51.0,43,1,0,expanded,False,True,4990
"(((2, 10), (3, 11), (6, 5)), (2, 2))","(((2, 10), (3, 10), (6, 5)), (2, 2))",44,9,53.0,44,,,pruned,,,4991
"(((2, 10), (3, 10), (6, 5)), (2, 2))","(((2, 10), (3, 10), (6, 4)), (2, 2))",43,8.0,51.0,43,2,1,expanded,False,True,4992
"(((1, 10), (4, 10), (6, 6)), (1, 11))","(((2, 10), (4, 10), (6, 6)), (1, 10))",44,9,53.0,44,,,pruned,,,4993
"(((2, 10), (4, 10), (6, 6)), (1, 10))","(((2, 10), (5, 10), (6, 6)), (1, 10))",43,8.0,51.0,43,6,1,expanded,False,True,4994
"(((3, 10), (6, 9), (7, 10)), (1, 10))","(((3, 10), (6, 9), (6, 10)), (1, 10))",44,9,53.0,44,,,pruned,,,4995
"(((3, 10), (6, 9), (6, 10)), (1, 10))","(((4, 10), (6, 9), (6, 10)), (1, 10))",43,8.0,51.0,43,5,1,expanded,False,True,4996
"(((3, 7), (6, 6), (6, 10)), (2, 2))","(((3, 7), (6, 5), (6, 10)), (2, 2))",43,8.0,51.0,43,1,0,expanded,False,True,4997
"(((2, 10), (3, 10), (6, 5)), (1, 10))","(((2, 10), (4, 10), (6, 5)), (1, 10))",43,8.0,51.0,43,2,0,expanded,False,True,4998
"(((3, 7), (3, 9), (6, 2)), (1, 10))","(((3, 7), (3, 9), (5, 2)), (1, 10))",45,8,53.0,45,,,pruned,,,4999
"(((3, 7), (3, 9), (5, 2)), (1, 10))","(((3, 7), (3, 9), (4, 2)), (1, 10))",44,7.0,51.0,44,3,1,expanded,False,True,5000
"(((3, 7), (3, 10), (6, 4)), (2, 2))","(((3, 7), (3, 10), (5, 4)), (1, 10))",44,7.0,51.0,44,1,0,expanded,False,True,5001
"(((1, 10), (3, 7), (5, 4)), (1, 11))","(((2, 10), (3, 7), (5, 4)), (1, 10))",45,8,53.0,45,,,pruned,,,5002
"(((2, 10), (3, 7), (5, 4)), (1, 10))","(((3, 7), (3, 10), (5, 4)), (1, 10))",44,7.0,51.0,44,4,1,expanded,False,True,5003
"(((3, 9), (4, 5), (6, 6)), (1, 10))","(((3, 9), (4, 5), (6, 7)), (1, 10))",44,7.0,51.0,44,2,0,expanded,False,True,5004
"(((3, 10), (4, 6), (6, 6)), (1, 10))","(((3, 10), (4, 6), (6, 7)), (1, 10))",44,7.0,51.0,44,4,0,expanded,False,True,5005
"(((4, 6), (4, 10), (6, 7)), (1, 10))","(((3, 10), (4, 6), (6, 7)), (1, 10))",44,7.0,51.0,44,4,0,expanded,False,True,5006
"(((1, 10), (4, 6), (6, 7)), (1, 11))","(((2, 10), (4, 6), (6, 7)), (1, 10))",45,8,53.0,45,,,pruned,,,5007
"(((2, 10), (4, 6), (6, 7)), (1, 10))","(((3, 10), (4, 6), (6, 7)), (1, 10))",44,7.0,51.0,44,4,1,expanded,False,True,5008
"(((1, 10), (3, 9), (6, 5)), (1, 11))","(((2, 10), (3, 9), (6, 5)), (1, 10))",45,8,53.0,45,,,pruned,,,5009
"(((2, 10), (3, 9), (6, 5)), (1, 10))","(((3, 9), (3, 10), (6, 5)), (1, 10))",44,7.0,51.0,44,4,1,expanded,False,True,5010
"(((3, 9), (6, 9), (6, 10)), (2, 2))","(((3, 9), (6, 8), (6, 10)), (2, 2))",44,7.0,51.0,44,1,0,expanded,False,True,5011
"(((3, 11), (5, 10), (6, 9)), (1, 10))","(((3, 10), (5, 10), (6, 9)), (2, 2))",45,8,53.0,45,,,pruned,,,5012
"(((3, 10), (5, 10), (6, 9)), (2, 2))","(((3, 10), (5, 10), (6, 8)), (2, 2))",44,7.0,51.0,44,2,1,expanded,False,True,5013
"(((3, 7), (4, 10), (6, 5)), (1, 10))","(((3, 8), (4, 10), (6, 5)), (1, 10))",44,7.0,51.0,44,3,0,expanded,False,True,5014
"(((3, 7), (6, 7), (7, 10)), (1, 10))","(((3, 7), (6, 7), (6, 10)), (1, 10))",45,8,53.0,45,,,pruned,,,5015
"(((3, 7), (6, 7), (6, 10)), (1, 10))","(((3, 8), (6, 7), (6, 10)), (1, 10))",44,7.0,51.0,44,3,1,expanded,False,True,5016
"(((3, 7), (5, 10), (6, 6)), (1, 10))","(((3, 8), (5, 10), (6, 6)), (1, 10))",44,7.0,51.0,44,3,0,expanded,False,True,5017
"(((3, 8), (6, 8), (7, 10)), (1, 10))","(((3, 8), (6, 8), (6, 10)), (1, 10))",45,8,53.0,45,,,pruned,,,5018
"(((3, 8), (6, 8), (6, 10)), (1, 10))","(((3, 9), (6, 8), (6, 10)), (1, 10))",44,7.0,51.0,44,4,1,expanded,False,True,5019
"(((3, 8), (6, 8), (6, 10)), (2, 2))","(((3, 8), (6, 7), (6, 10)), (2, 2))",44,7.0,51.0,44,2,0,expanded,False,True,5020
"(((2, 10), (3, 9), (6, 5)), (2, 2))","(((2, 10), (3, 9), (6, 4)), (2, 2))",44,7.0,51.0,44,2,0,expanded,False,True,5021
"(((3, 7), (4, 10), (6, 5)), (2, 2))","(((3, 7), (4, 10), (6, 4)), (2, 2))",44,7.0,51.0,44,1,0,expanded,False,True,5022
"(((1, 10), (4, 10), (6, 7)), (1, 11))","(((2, 10), (4, 10), (6, 7)), (1, 10))",45,8,53.0,45,,,pruned,,,5023
"(((2, 10), (4, 10), (6, 7)), (1, 10))","(((2, 10), (5, 10), (6, 7)), (1, 10))",44,7.0,51.0,44,6,1,expanded,False,True,5024
"(((3, 7), (3, 10), (6, 4)), (1, 10))","(((3, 7), (4, 10), (6, 4)), (1, 10))",44,7.0,51.0,44,4,0,expanded,False,True,5025
"(((3, 7), (5, 10), (6, 6)), (2, 2))","(((3, 7), (5, 10), (6, 5)), (2, 2))",44,7.0,51.0,44,1,0,expanded,False,True,5026
"(((2, 10), (3, 11), (6, 6)), (2, 2))","(((2, 10), (3, 10), (6, 6)), (2, 2))",45,8,53.0,45,,,pruned,,,5027
"(((2, 10), (3, 10), (6, 6)), (2, 2))","(((2, 10), (3, 10), (6, 5)), (2, 2))",44,7.0,51.0,44,2,1,expanded,False,True,5028
"(((2, 10), (3, 10), (6, 6)), (1, 10))","(((2, 10), (4, 10), (6, 6)), (1, 10))",44,7.0,51.0,44,2,0,expanded,False,True,5029
"(((3, 10), (5, 10), (6, 9)), (1, 10))","(((3, 10), (6, 9), (6, 10)), (1, 10))",44,7.0,51.0,44,6,0,expanded,False,True,5030
"(((3, 9), (6, 9), (7, 10)), (1, 10))","(((3, 9), (6, 9), (6, 10)), (1, 10))",45,8,53.0,45,,,pruned,,,5031
"(((3, 9), (6, 9), (6, 10)), (1, 10))","(((3, 10), (6, 9), (6, 10)), (1, 10))",44,7.0,51.0,44,3,1,expanded,False,True,5032
"(((3, 7), (6, 7), (6, 10)), (2, 2))","(((3, 7), (6, 6), (6, 10)), (2, 2))",44,7.0,51.0,44,1,0,expanded,False,True,5033
"(((3, 7), (3, 9), (6, 4)), (2, 2))","(((3, 7), (3, 9), (5, 4)), (1, 10))",45,6.0,51.0,45,1,0,expanded,False,True,5034
"(((3, 9), (4, 6), (6, 6)), (1, 10))","(((3, 9), (4, 6), (6, 7)), (1, 10))",45,6.0,51.0,45,2,0,expanded,False,True,5035
"(((1, 10), (3, 9), (6, 6)), (1, 11))","(((2, 10), (3, 9), (6, 6)), (1, 10))",46,7,53.0,46,,,pruned,,,5036
"(((2, 10), (3, 9), (6, 6)), (1, 10))","(((3, 9), (3, 10), (6, 6)), (1, 10))",45,6.0,51.0,45,4,1,expanded,False,True,5037
"(((3, 7), (4, 5), (6, 7)), (1, 10))","(((3, 8), (4, 5), (6, 7)), (1, 10))",45,6.0,51.0,45,1,0,expanded,False,True,5038
"(((3, 11), (4, 10), (6, 9)), (1, 10))","(((3, 10), (4, 10), (6, 9)), (2, 2))",46,7,53.0,46,,,pruned,,,5039
"(((3, 10), (4, 10), (6, 9)), (2, 2))","(((3, 10), (4, 10), (6, 8)), (2, 2))",45,6.0,51.0,45,2,1,expanded,False,True,5040
"(((3, 9), (5, 10), (6, 9)), (2, 2))","(((3, 9), (5, 10), (6, 8)), (2, 2))",45,6.0,51.0,45,2,0,expanded,False,True,5041
"(((3, 7), (5, 10), (6, 7)), (1, 10))","(((3, 8), (5, 10), (6, 7)), (1, 10))",45,6.0,51.0,45,3,0,expanded,False,True,5042
"(((3, 7), (4, 10), (6, 6)), (1, 10))","(((3, 8), (4, 10), (6, 6)), (1, 10))",45,6.0,51.0,45,3,0,expanded,False,True,5043
"(((3, 8), (5, 10), (6, 8)), (2, 2))","(((3, 8), (5, 10), (6, 7)), (2, 2))",45,6.0,51.0,45,2,0,expanded,False,True,5044
"(((3, 8), (5, 10), (6, 8)), (1, 10))","(((3, 9), (5, 10), (6, 8)), (1, 10))",45,6.0,51.0,45,4,0,expanded,False,True,5045
"(((3, 7), (3, 10), (6, 5)), (2, 2))","(((3, 7), (3, 10), (6, 4)), (2, 2))",45,6.0,51.0,45,1,0,expanded,False,True,5046
"(((3, 7), (3, 10), (6, 5)), (1, 10))","(((3, 7), (4, 10), (6, 5)), (1, 10))",45,6.0,51.0,45,4,0,expanded,False,True,5047
"(((2, 10), (3, 9), (6, 6)), (2, 2))","(((2, 10), (3, 9), (6, 5)), (2, 2))",45,6.0,51.0,45,2,0,expanded,False,True,5048
"(((3, 7), (4, 10), (6, 6)), (2, 2))","(((3, 7), (4, 10), (6, 5)), (2, 2))",45,6.0,51.0,45,1,0,expanded,False,True,5049
"(((2, 10), (3, 10), (6, 7)), (1, 10))","(((2, 10), (4, 10), (6, 7)), (1, 10))",45,6.0,51.0,45,2,0,expanded,False,True,5050
"(((3, 7), (3, 9), (6, 4)), (1, 10))","(((3, 7), (3, 10), (6, 4)), (1, 10))",45,6.0,51.0,45,2,0,expanded,False,True,5051
"(((3, 7), (5, 10), (6, 7)), (2, 2))","(((3, 7), (5, 10), (6, 6)), (2, 2))",45,6.0,51.0,45,1,0,expanded,False,True,5052
"(((2, 10), (3, 11), (6, 7)), (2, 2))","(((2, 10), (3, 10), (6, 7)), (2, 2))",46,7,53.0,46,,,pruned,,,5053
"(((2, 10), (3, 10), (6, 7)), (2, 2))","(((2, 10), (3, 10), (6, 6)), (2, 2))",45,6.0,51.0,45,2,1,expanded,False,True,5054
"(((3, 10), (4, 10), (6, 9)), (1, 10))","(((3, 10), (5, 10), (6, 9)), (1, 10))",45,6.0,51.0,45,2,0,expanded,False,True,5055
"(((3, 9), (5, 10), (6, 9)), (1, 10))","(((3, 10), (5, 10), (6, 9)), (1, 10))",45,6.0,51.0,45,4,0,expanded,False,True,5056
"(((1, 10), (3, 9), (6, 7)), (1, 11))","(((2, 10), (3, 9), (6, 7)), (1, 10))",47,6,53.0,47,,,pruned,,,5057
"(((2, 10), (3, 9), (6, 7)), (1, 10))","(((3, 9), (3, 10), (6, 7)), (1, 10))",46,5.0,51.0,46,4,1,expanded,False,True,5058
"(((3, 7), (4, 6), (6, 7)), (1, 10))","(((3, 7), (4, 6), (6, 8)), (1, 10))",46,5.0,51.0,46,1,0,expanded,False,True,5059
"(((3, 9), (4, 10), (6, 9)), (2, 2))","(((3, 9), (4, 10), (6, 8)), (2, 2))",46,5.0,51.0,46,2,0,expanded,False,True,5060
"(((3, 7), (4, 10), (6, 7)), (1, 10))","(((3, 8), (4, 10), (6, 7)), (1, 10))",46,5.0,51.0,46,3,0,expanded,False,True,5061
"(((3, 8), (4, 10), (6, 8)), (2, 2))","(((3, 8), (4, 10), (6, 7)), (2, 2))",46,5.0,51.0,46,2,0,expanded,False,True,5062
"(((3, 8), (4, 10), (6, 8)), (1, 10))","(((3, 9), (4, 10), (6, 8)), (1, 10))",46,5.0,51.0,46,4,0,expanded,False,True,5063
"(((3, 7), (3, 9), (6, 5)), (2, 2))","(((3, 7), (3, 9), (6, 4)), (2, 2))",46,5.0,51.0,46,1,0,expanded,False,True,5064
"(((3, 7), (3, 10), (6, 6)), (1, 10))","(((3, 7), (4, 10), (6, 6)), (1, 10))",46,5.0,51.0,46,4,0,expanded,False,True,5065
"(((3, 7), (3, 10), (6, 6)), (2, 2))","(((3, 7), (3, 10), (6, 5)), (2, 2))",46,5.0,51.0,46,1,0,expanded,False,True,5066
"(((3, 7), (3, 9), (6, 5)), (1, 10))","(((3, 7), (3, 10), (6, 5)), (1, 10))",46,5.0,51.0,46,2,0,expanded,False,True,5067
"(((2, 10), (3, 9), (6, 7)), (2, 2))","(((2, 10), (3, 9), (6, 6)), (2, 2))",46,5.0,51.0,46,2,0,expanded,False,True,5068
"(((3, 7), (4, 10), (6, 7)), (2, 2))","(((3, 7), (4, 10), (6, 6)), (2, 2))",46,5.0,51.0,46,1,0,expanded,False,True,5069
"(((3, 9), (4, 10), (6, 9)), (1, 10))","(((3, 10), (4, 10), (6, 9)), (1, 10))",46,5.0,51.0,46,4,0,expanded,False,True,5070
"(((3, 9), (3, 10), (6, 9)), (2, 2))","(((3, 9), (3, 10), (6, 8)), (2, 2))",47,4.0,51.0,47,1,0,expanded,False,True,5071
"(((3, 8), (3, 10), (6, 8)), (2, 2))","(((3, 8), (3, 10), (6, 7)), (2, 2))",47,4.0,51.0,47,2,0,expanded,False,True,5072
"(((3, 7), (3, 10), (6, 7)), (1, 10))","(((3, 7), (4, 10), (6, 7)), (1, 10))",47,4.0,51.0,47,4,0,expanded,False,True,5073
"(((3, 8), (3, 10), (6, 8)), (1, 10))","(((3, 8), (4, 10), (6, 8)), (1, 10))",47,4.0,51.0,47,4,0,expanded,False,True,5074
"(((3, 7), (3, 9), (6, 6)), (2, 2))","(((3, 7), (3, 9), (6, 5)), (2, 2))",47,4.0,51.0,47,1,0,expanded,False,True,5075
"(((3, 7), (3, 9), (6, 6)), (1, 10))","(((3, 7), (3, 10), (6, 6)), (1, 10))",47,4.0,51.0,47,2,0,expanded,False,True,5076
"(((3, 7), (3, 10), (6, 7)), (2, 2))","(((3, 7), (3, 10), (6, 6)), (2, 2))",47,4.0,51.0,47,1,0,expanded,False,True,5077
"(((3, 9), (3, 10), (6, 9)), (1, 10))","(((3, 9), (4, 10), (6, 9)), (1, 10))",47,4.0,51.0,47,3,0,expanded,False,True,5078
"(((3, 8), (3, 9), (6, 8)), (2, 2))","(((3, 8), (3, 9), (6, 7)), (2, 2))",48,3.0,51.0,48,1,0,expanded,False,True,5079
"(((3, 7), (3, 9), (6, 7)), (1, 10))","(((3, 7), (3, 10), (6, 7)), (1, 10))",48,3.0,51.0,48,2,0,expanded,False,True,5080
"(((3, 8), (3, 9), (6, 8)), (1, 10))","(((3, 8), (3, 10), (6, 8)), (1, 10))",48,3.0,51.0,48,1,0,expanded,False,True,5081
"(((3, 7), (3, 9), (6, 7)), (2, 2))","(((3, 7), (3, 9), (6, 6)), (2, 2))",48,3.0,51.0,48,1,0,expanded,False,True,5082
"(((3, 8), (5, 10), (6, 2)), (1, 10))","(((3, 8), (5, 10), (6, 3)), (1, 10))",43,11,54.0,43,,,pruned,,,5083
"(((3, 8), (5, 10), (6, 3)), (1, 10))","(((3, 8), (5, 10), (6, 4)), (1, 10))",42,10.0,52.0,42,6,1,expanded,False,True,5084
"(((1, 10), (3, 8), (5, 2)), (1, 11))","(((2, 10), (3, 8), (5, 2)), (1, 10))",44,10,54.0,44,,,pruned,,,5085
"(((2, 10), (3, 8), (6, 2)), (1, 10))","(((2, 10), (3, 8), (5, 2)), (1, 10))",44,10,54.0,44,,,pruned,,,5086
"(((2, 10), (3, 8), (5, 2)), (1, 10))","(((2, 10), (3, 8), (4, 2)), (1, 10))",43,9.0,52.0,43,6,2,expanded,False,True,5087
"(((4, 5), (5, 10), (6, 8)), (1, 10))","(((4, 5), (4, 10), (6, 8)), (1, 10))",43,9.0,52.0,43,4,0,expanded,False,True,5088
"(((3, 8), (4, 10), (6, 2)), (1, 10))","(((3, 8), (4, 10), (6, 3)), (1, 10))",44,10,54.0,44,,,pruned,,,5089
"(((3, 8), (4, 10), (6, 3)), (1, 10))","(((3, 8), (4, 10), (6, 4)), (1, 10))",43,9.0,52.0,43,6,1,expanded,False,True,5090
"(((1, 10), (6, 8), (6, 10)), (1, 11))","(((2, 10), (6, 8), (6, 10)), (1, 10))",44,10,54.0,44,,,pruned,,,5091
"(((2, 10), (6, 8), (7, 10)), (1, 10))","(((2, 10), (6, 8), (6, 10)), (1, 10))",44,10,54.0,44,,,pruned,,,5092
"(((2, 10), (6, 8), (6, 10)), (1, 10))","(((3, 10), (6, 8), (6, 10)), (1, 10))",43,9.0,52.0,43,6,2,expanded,False,True,5093
"(((2, 10), (3, 8), (6, 4)), (2, 2))","(((2, 10), (3, 8), (5, 4)), (1, 10))",44,8.0,52.0,44,2,0,expanded,False,True,5094
"(((4, 6), (5, 10), (6, 8)), (1, 10))","(((4, 6), (4, 10), (6, 8)), (1, 10))",44,8.0,52.0,44,4,0,expanded,False,True,5095
"(((3, 8), (3, 10), (6, 2)), (1, 10))","(((3, 8), (3, 10), (6, 3)), (1, 10))",45,9,54.0,45,,,pruned,,,5096
"(((3, 8), (3, 10), (6, 3)), (1, 10))","(((3, 8), (3, 10), (6, 4)), (1, 10))",44,8.0,52.0,44,6,1,expanded,False,True,5097
"(((1, 10), (3, 8), (6, 4)), (1, 11))","(((2, 10), (3, 8), (6, 4)), (1, 10))",45,9,54.0,45,,,pruned,,,5098
"(((2, 10), (3, 8), (6, 4)), (1, 10))","(((3, 8), (3, 10), (6, 4)), (1, 10))",44,8.0,52.0,44,4,1,expanded,False,True,5099
"(((1, 10), (5, 10), (6, 8)), (1, 11))","(((2, 10), (5, 10), (6, 8)), (1, 10))",45,9,54.0,45,,,pruned,,,5100
"(((2, 10), (5, 10), (6, 8)), (1, 10))","(((3, 10), (5, 10), (6, 8)), (1, 10))",44,8.0,52.0,44,6,1,expanded,False,True,5101
"(((3, 7), (3, 8), (6, 2)), (1, 10))","(((3, 7), (3, 8), (5, 2)), (1, 10))",46,8,54.0,46,,,pruned,,,5102
"(((3, 7), (3, 8), (5, 2)), (1, 10))","(((3, 7), (3, 8), (4, 2)), (1, 10))",45,7.0,52.0,45,2,1,expanded,False,True,5103
"(((3, 8), (4, 5), (6, 6)), (1, 10))","(((3, 8), (4, 5), (6, 7)), (1, 10))",45,7.0,52.0,45,2,0,expanded,False,True,5104
"(((1, 10), (3, 8), (6, 5)), (1, 11))","(((2, 10), (3, 8), (6, 5)), (1, 10))",46,8,54.0,46,,,pruned,,,5105
"(((2, 10), (3, 8), (6, 5)), (1, 10))","(((3, 8), (3, 10), (6, 5)), (1, 10))",45,7.0,52.0,45,4,1,expanded,False,True,5106
"(((3, 8), (3, 9), (6, 2)), (1, 10))","(((3, 8), (3, 9), (6, 3)), (1, 10))",46,8,54.0,46,,,pruned,,,5107
"(((3, 8), (3, 9), (6, 3)), (1, 10))","(((3, 8), (3, 9), (6, 4)), (1, 10))",45,7.0,52.0,45,2,1,expanded,False,True,5108
"(((3, 7), (6, 8), (7, 10)), (1, 10))","(((3, 7), (6, 8), (6, 10)), (1, 10))",46,8,54.0,46,,,pruned,,,5109
"(((3, 7), (6, 8), (6, 10)), (1, 10))","(((3, 8), (6, 8), (6, 10)), (1, 10))",45,7.0,52.0,45,3,1,expanded,False,True,5110
"(((3, 8), (6, 9), (6, 10)), (2, 2))","(((3, 8), (6, 8), (6, 10)), (2, 2))",45,7.0,52.0,45,1,0,expanded,False,True,5111
"(((1, 10), (4, 10), (6, 8)), (1, 11))","(((2, 10), (4, 10), (6, 8)), (1, 10))",46,8,54.0,46,,,pruned,,,5112
"(((2, 10), (4, 10), (6, 8)), (1, 10))","(((2, 10), (4, 10), (6, 7)), (1, 10))",45,7.0,52.0,45,6,1,expanded,False,True,5113
"(((3, 8), (6, 9), (7, 10)), (1, 10))","(((3, 8), (6, 9), (6, 10)), (1, 10))",46,8,54.0,46,,,pruned,,,5114
"(((3, 8), (6, 9), (6, 10)), (1, 10))","(((3, 9), (6, 9), (6, 10)), (1, 10))",45,7.0,52.0,45,3,1,expanded,False,True,5115
"(((3, 7), (6, 8), (6, 10)), (2, 2))","(((3, 7), (6, 7), (6, 10)), (2, 2))",45,7.0,52.0,45,1,0,expanded,False,True,5116
"(((2, 10), (3, 8), (6, 5)), (2, 2))","(((2, 10), (3, 8), (6, 4)), (2, 2))",45,7.0,52.0,45,2,0,expanded,False,True,5117
"(((3, 7), (3, 8), (6, 4)), (2, 2))","(((3, 7), (3, 8), (5, 4)), (1, 10))",46,6.0,52.0,46,1,0,expanded,False,True,5118
"(((3, 8), (4, 6), (6, 6)), (1, 10))","(((3, 8), (4, 6), (6, 7)), (1, 10))",46,6.0,52.0,46,2,0,expanded,False,True,5119
"(((1, 10), (3, 8), (6, 6)), (1, 11))","(((2, 10), (3, 8), (6, 6)), (1, 10))",47,7,54.0,47,,,pruned,,,5120
"(((2, 10), (3, 8), (6, 6)), (1, 10))","(((3, 8), (3, 10), (6, 6)), (1, 10))",46,6.0,52.0,46,4,1,expanded,False,True,5121
"(((3, 8), (5, 10), (6, 9)), (2, 2))","(((3, 8), (5, 10), (6, 8)), (2, 2))",46,6.0,52.0,46,2,0,expanded,False,True,5122
"(((3, 7), (5, 10), (6, 8)), (1, 10))","(((3, 8), (5, 10), (6, 8)), (1, 10))",46,6.0,52.0,46,3,0,expanded,False,True,5123
"(((3, 7), (3, 8), (6, 4)), (1, 10))","(((3, 7), (3, 9), (6, 4)), (1, 10))",46,6.0,52.0,46,1,0,expanded,False,True,5124
"(((3, 7), (5, 10), (6, 8)), (2, 2))","(((3, 7), (5, 10), (6, 7)), (2, 2))",46,6.0,52.0,46,1,0,expanded,False,True,5125
"(((2, 10), (3, 11), (6, 8)), (2, 2))","(((2, 10), (3, 10), (6, 8)), (2, 2))",47,7,54.0,47,,,pruned,,,5126
"(((2, 10), (3, 10), (6, 8)), (2, 2))","(((2, 10), (3, 10), (6, 7)), (2, 2))",46,6.0,52.0,46,2,1,expanded,False,True,5127
"(((3, 8), (5, 10), (6, 9)), (1, 10))","(((3, 9), (5, 10), (6, 9)), (1, 10))",46,6.0,52.0,46,4,0,expanded,False,True,5128
"(((2, 10), (3, 10), (6, 8)), (1, 10))","(((2, 10), (4, 10), (6, 8)), (1, 10))",46,6.0,52.0,46,2,0,expanded,False,True,5129
"(((2, 10), (3, 8), (6, 6)), (2, 2))","(((2, 10), (3, 8), (6, 5)), (2, 2))",46,6.0,52.0,46,2,0,expanded,False,True,5130
"(((1, 10), (3, 8), (6, 7)), (1, 11))","(((2, 10), (3, 8), (6, 7)), (1, 10))",48,6,54.0,48,,,pruned,,,5131
"(((2, 10), (3, 8), (6, 7)), (1, 10))","(((3, 8), (3, 10), (6, 7)), (1, 10))",47,5.0,52.0,47,4,1,expanded,False,True,5132
"(((1, 10), (3, 9), (6, 8)), (1, 11))","(((2, 10), (3, 9), (6, 8)), (1, 10))",48,6,54.0,48,,,pruned,,,5133
"(((2, 10), (3, 9), (6, 8)), (1, 10))","(((3, 9), (3, 10), (6, 8)), (1, 10))",47,5.0,52.0,47,4,1,expanded,False,True,5134
"(((3, 8), (4, 10), (6, 9)), (2, 2))","(((3, 8), (4, 10), (6, 8)), (2, 2))",47,5.0,52.0,47,2,0,expanded,False,True,5135
"(((3, 7), (4, 10), (6, 8)), (1, 10))","(((3, 8), (4, 10), (6, 8)), (1, 10))",47,5.0,52.0,47,3,0,expanded,False,True,5136
"(((3, 7), (3, 8), (6, 5)), (1, 10))","(((3, 7), (3, 9), (6, 5)), (1, 10))",47,5.0,52.0,47,1,0,expanded,False,True,5137
"(((2, 10), (3, 9), (6, 8)), (2, 2))","(((2, 10), (3, 9), (6, 7)), (2, 2))",47,5.0,52.0,47,2,0,expanded,False,True,5138
"(((3, 7), (4, 10), (6, 8)), (2, 2))","(((3, 7), (4, 10), (6, 7)), (2, 2))",47,5.0,52.0,47,1,0,expanded,False,True,5139
"(((3, 8), (4, 10), (6, 9)), (1, 10))","(((3, 9), (4, 10), (6, 9)), (1, 10))",47,5.0,52.0,47,4,0,expanded,False,True,5140
"(((3, 7), (3, 8), (6, 5)), (2, 2))","(((3, 7), (3, 8), (6, 4)), (2, 2))",47,5.0,52.0,47,1,0,expanded,False,True,5141
"(((2, 10), (3, 8), (6, 7)), (2, 2))","(((2, 10), (3, 8), (6, 6)), (2, 2))",47,5.0,52.0,47,2,0,expanded,False,True,5142
"(((3, 8), (3, 10), (6, 9)), (2, 2))","(((3, 8), (3, 10), (6, 8)), (2, 2))",48,4.0,52.0,48,2,0,expanded,False,True,5143
"(((3, 7), (3, 8), (6, 6)), (1, 10))","(((3, 7), (3, 9), (6, 6)), (1, 10))",48,4.0,52.0,48,1,0,expanded,False,True,5144
"(((3, 7), (3, 10), (6, 8)), (2, 2))","(((3, 7), (3, 10), (6, 7)), (2, 2))",48,4.0,52.0,48,1,0,expanded,False,True,5145
"(((3, 7), (3, 10), (6, 8)), (1, 10))","(((3, 7), (4, 10), (6, 8)), (1, 10))",48,4.0,52.0,48,4,0,expanded,False,True,5146
"(((3, 8), (3, 10), (6, 9)), (1, 10))","(((3, 8), (4, 10), (6, 9)), (1, 10))",48,4.0,52.0,48,4,0,expanded,False,True,5147
"(((3, 7), (3, 8), (6, 6)), (2, 2))","(((3, 7), (3, 8), (6, 5)), (2, 2))",48,4.0,52.0,48,1,0,expanded,False,True,5148
"(((3, 8), (3, 9), (6, 9)), (2, 2))","(((3, 8), (3, 9), (6, 8)), (2, 2))",49,3.0,52.0,49,1,0,expanded,False,True,5149
"(((3, 7), (3, 8), (6, 7)), (1, 10))","(((3, 7), (3, 9), (6, 7)), (1, 10))",49,3.0,52.0,49,1,0,expanded,False,True,5150
"(((3, 7), (3, 9), (6, 8)), (2, 2))","(((3, 7), (3, 9), (6, 7)), (2, 2))",49,3.0,52.0,49,1,0,expanded,False,True,5151
"(((3, 7), (3, 9), (6, 8)), (1, 10))","(((3, 7), (3, 10), (6, 8)), (1, 10))",49,3.0,52.0,49,2,0,expanded,False,True,5152
"(((3, 8), (3, 9), (6, 9)), (1, 10))","(((3, 8), (3, 10), (6, 9)), (1, 10))",49,3.0,52.0,49,1,0,expanded,False,True,5153
"(((3, 7), (3, 8), (6, 7)), (2, 2))","(((3, 7), (3, 8), (6, 6)), (2, 2))",49,3.0,52.0,49,1,0,expanded,False,True,5154
"(((5, 2), (6, 2), (6, 5)), (1, 10))","(((5, 2), (6, 3), (6, 5)), (1, 10))",35,20,55.0,35,,,pruned,,,5155
"(((6, 2), (6, 3), (6, 5)), (1, 10))","(((5, 2), (6, 3), (6, 5)), (1, 10))",35,20,55.0,35,,,pruned,,,5156
"(((5, 2), (6, 3), (6, 5)), (1, 10))","(((5, 2), (6, 3), (6, 6)), (1, 10))",34,19.0,53.0,34,4,2,expanded,False,True,5157
"(((4, 1), (6, 3), (6, 5)), (1, 10))","(((4, 2), (6, 3), (6, 5)), (1, 10))",36,19,55.0,36,,,pruned,,,5158
"(((4, 2), (6, 2), (6, 5)), (1, 10))","(((4, 2), (6, 3), (6, 5)), (1, 10))",36,19,55.0,36,,,pruned,,,5159
"(((4, 2), (6, 3), (6, 5)), (1, 10))","(((4, 3), (6, 3), (6, 5)), (1, 10))",35,18.0,53.0,35,5,2,expanded,False,True,5160
"(((5, 4), (6, 3), (6, 5)), (1, 10))","(((5, 4), (6, 3), (6, 6)), (1, 10))",36,17.0,53.0,36,3,0,expanded,False,True,5161
"(((6, 3), (6, 4), (6, 6)), (1, 10))","(((5, 4), (6, 3), (6, 6)), (1, 10))",36,17.0,53.0,36,1,0,expanded,False,True,5162
"(((4, 5), (6, 3), (6, 4)), (1, 10))","(((4, 5), (6, 3), (6, 5)), (1, 10))",37,16.0,53.0,37,1,0,expanded,False,True,5163
"(((4, 6), (6, 3), (6, 4)), (1, 10))","(((4, 6), (6, 3), (6, 5)), (1, 10))",38,15.0,53.0,38,1,0,expanded,False,True,5164
"(((2, 10), (5, 10), (6, 2)), (1, 10))","(((2, 10), (5, 10), (6, 3)), (1, 10))",42,13,55.0,42,,,pruned,,,5165
"(((1, 10), (5, 10), (6, 3)), (1, 11))","(((2, 10), (5, 10), (6, 3)), (1, 10))",42,13,55.0,42,,,pruned,,,5166
"(((2, 10), (5, 10), (6, 3)), (1, 10))","(((2, 10), (5, 10), (6, 4)), (1, 10))",41,12.0,53.0,41,6,2,expanded,False,True,5167
"(((3, 10), (6, 3), (7, 10)), (1, 10))","(((3, 10), (6, 3), (6, 10)), (1, 10))",42,13,55.0,42,,,pruned,,,5168
"(((3, 10), (6, 3), (6, 10)), (1, 10))","(((3, 10), (5, 10), (6, 3)), (1, 10))",41,12.0,53.0,41,6,1,expanded,False,True,5169
"(((1, 10), (4, 10), (6, 3)), (1, 11))","(((2, 10), (4, 10), (6, 3)), (1, 10))",43,12,55.0,43,,,pruned,,,5170
"(((2, 10), (4, 10), (6, 2)), (1, 10))","(((2, 10), (4, 10), (6, 3)), (1, 10))",43,12,55.0,43,,,pruned,,,5171
"(((2, 10), (4, 10), (6, 3)), (1, 10))","(((2, 10), (4, 10), (6, 4)), (1, 10))",42,11.0,53.0,42,6,2,expanded,False,True,5172
"(((3, 9), (6, 3), (7, 10)), (1, 10))","(((3, 9), (6, 3), (6, 10)), (1, 10))",43,12,55.0,43,,,pruned,,,5173
"(((3, 9), (6, 3), (6, 10)), (1, 10))","(((3, 9), (5, 10), (6, 3)), (1, 10))",42,11.0,53.0,42,4,1,expanded,False,True,5174
"(((3, 10), (6, 3), (6, 9)), (1, 10))","(((3, 10), (6, 3), (6, 10)), (1, 10))",42,11.0,53.0,42,4,0,expanded,False,True,5175
"(((4, 5), (6, 9), (7, 10)), (1, 10))","(((4, 5), (6, 9), (6, 10)), (1, 10))",44,11,55.0,44,,,pruned,,,5176
"(((4, 5), (6, 9), (6, 10)), (1, 10))","(((4, 5), (5, 10), (6, 9)), (1, 10))",43,10.0,53.0,43,3,1,expanded,False,True,5177
"(((3, 7), (5, 10), (6, 2)), (1, 10))","(((3, 7), (5, 10), (6, 3)), (1, 10))",44,11,55.0,44,,,pruned,,,5178
"(((3, 7), (5, 10), (6, 3)), (1, 10))","(((3, 7), (5, 10), (6, 4)), (1, 10))",43,10.0,53.0,43,4,1,expanded,False,True,5179
"(((2, 10), (3, 10), (6, 2)), (1, 10))","(((2, 10), (3, 10), (6, 3)), (1, 10))",44,11,55.0,44,,,pruned,,,5180
"(((2, 10), (3, 11), (6, 3)), (2, 2))","(((2, 10), (3, 10), (6, 3)), (1, 10))",44,11,55.0,44,,,pruned,,,5181
"(((2, 10), (3, 10), (6, 3)), (1, 10))","(((2, 10), (3, 10), (6, 4)), (1, 10))",43,10.0,53.0,43,4,2,expanded,False,True,5182
"(((3, 9), (6, 3), (6, 9)), (1, 10))","(((3, 9), (6, 3), (6, 10)), (1, 10))",43,10.0,53.0,43,2,0,expanded,False,True,5183
"(((1, 10), (3, 7), (5, 2)), (1, 11))","(((2, 10), (3, 7), (5, 2)), (1, 10))",45,10,55.0,45,,,pruned,,,5184
"(((2, 10), (3, 7), (6, 2)), (1, 10))","(((2, 10), (3, 7), (5, 2)), (1, 10))",45,10,55.0,45,,,pruned,,,5185
"(((2, 10), (3, 7), (5, 2)), (1, 10))","(((2, 10), (3, 7), (4, 2)), (1, 10))",44,9.0,53.0,44,4,2,expanded,False,True,5186
"(((4, 6), (6, 9), (7, 10)), (1, 10))","(((4, 6), (6, 9), (6, 10)), (1, 10))",45,10,55.0,45,,,pruned,,,5187
"(((4, 6), (6, 9), (6, 10)), (1, 10))","(((4, 6), (5, 10), (6, 9)), (1, 10))",44,9.0,53.0,44,3,1,expanded,False,True,5188
"(((3, 10), (4, 5), (6, 5)), (1, 10))","(((3, 10), (4, 5), (6, 6)), (1, 10))",44,9.0,53.0,44,4,0,expanded,False,True,5189
"(((4, 5), (4, 10), (6, 6)), (1, 10))","(((3, 10), (4, 5), (6, 6)), (1, 10))",44,9.0,53.0,44,4,0,expanded,False,True,5190
"(((1, 10), (4, 5), (6, 6)), (1, 11))","(((2, 10), (4, 5), (6, 6)), (1, 10))",45,10,55.0,45,,,pruned,,,5191
"(((2, 10), (4, 5), (6, 6)), (1, 10))","(((3, 10), (4, 5), (6, 6)), (1, 10))",44,9.0,53.0,44,4,1,expanded,False,True,5192
"(((4, 5), (5, 10), (6, 7)), (1, 10))","(((4, 5), (4, 10), (6, 7)), (1, 10))",44,9.0,53.0,44,4,0,expanded,False,True,5193
"(((1, 10), (3, 9), (6, 3)), (1, 11))","(((2, 10), (3, 9), (6, 3)), (1, 10))",45,10,55.0,45,,,pruned,,,5194
"(((2, 10), (3, 9), (6, 2)), (1, 10))","(((2, 10), (3, 9), (6, 3)), (1, 10))",45,10,55.0,45,,,pruned,,,5195
"(((2, 10), (3, 9), (6, 3)), (1, 10))","(((3, 9), (3, 10), (6, 3)), (1, 10))",44,9.0,53.0,44,6,2,expanded,False,True,5196
"(((4, 10), (5, 10), (6, 11)), (1, 10))","(((4, 10), (5, 10), (6, 10)), (1, 10))",45,10,55.0,45,,,pruned,,,5197
"(((4, 10), (5, 10), (6, 10)), (1, 10))","(((4, 10), (5, 10), (6, 9)), (1, 10))",44,9.0,53.0,44,2,1,expanded,False,True,5198
"(((3, 7), (4, 10), (6, 2)), (1, 10))","(((3, 7), (4, 10), (6, 3)), (1, 10))",45,10,55.0,45,,,pruned,,,5199
"(((3, 7), (4, 10), (6, 3)), (1, 10))","(((3, 7), (4, 10), (6, 4)), (1, 10))",44,9.0,53.0,44,4,1,expanded,False,True,5200
"(((1, 10), (6, 9), (6, 10)), (1, 11))","(((2, 10), (6, 9), (6, 10)), (1, 10))",45,10,55.0,45,,,pruned,,,5201
"(((2, 10), (6, 9), (7, 10)), (1, 10))","(((2, 10), (6, 9), (6, 10)), (1, 10))",45,10,55.0,45,,,pruned,,,5202
"(((2, 10), (6, 9), (6, 10)), (1, 10))","(((3, 10), (6, 9), (6, 10)), (1, 10))",44,9.0,53.0,44,4,2,expanded,False,True,5203
"(((2, 10), (3, 7), (6, 4)), (2, 2))","(((2, 10), (3, 7), (5, 4)), (1, 10))",45,8.0,53.0,45,1,0,expanded,False,True,5204
"(((3, 9), (4, 5), (6, 5)), (1, 10))","(((3, 9), (4, 5), (6, 6)), (1, 10))",45,8.0,53.0,45,2,0,expanded,False,True,5205
"(((3, 10), (4, 6), (6, 5)), (1, 10))","(((3, 10), (4, 6), (6, 6)), (1, 10))",45,8.0,53.0,45,4,0,expanded,False,True,5206
"(((4, 6), (4, 10), (6, 6)), (1, 10))","(((3, 10), (4, 6), (6, 6)), (1, 10))",45,8.0,53.0,45,4,0,expanded,False,True,5207
"(((1, 10), (4, 6), (6, 6)), (1, 11))","(((2, 10), (4, 6), (6, 6)), (1, 10))",46,9,55.0,46,,,pruned,,,5208
"(((2, 10), (4, 6), (6, 6)), (1, 10))","(((3, 10), (4, 6), (6, 6)), (1, 10))",45,8.0,53.0,45,4,1,expanded,False,True,5209
"(((4, 6), (5, 10), (6, 7)), (1, 10))","(((4, 6), (4, 10), (6, 7)), (1, 10))",45,8.0,53.0,45,4,0,expanded,False,True,5210
"(((3, 10), (5, 10), (6, 11)), (2, 2))","(((3, 10), (5, 10), (6, 10)), (2, 2))",46,9,55.0,46,,,pruned,,,5211
"(((3, 11), (5, 10), (6, 10)), (1, 10))","(((3, 10), (5, 10), (6, 10)), (2, 2))",46,9,55.0,46,,,pruned,,,5212
"(((3, 10), (5, 10), (6, 10)), (2, 2))","(((3, 10), (5, 10), (6, 9)), (2, 2))",45,8.0,53.0,45,2,2,expanded,True,True,5213
"(((3, 7), (3, 10), (6, 2)), (1, 10))","(((3, 7), (3, 10), (6, 3)), (1, 10))",46,9,55.0,46,,,pruned,,,5214
"(((3, 7), (3, 10), (6, 3)), (1, 10))","(((3, 7), (3, 10), (6, 4)), (1, 10))",45,8.0,53.0,45,5,1,expanded,False,True,5215
"(((1, 10), (3, 7), (6, 4)), (1, 11))","(((2, 10), (3, 7), (6, 4)), (1, 10))",46,9,55.0,46,,,pruned,,,5216
"(((2, 10), (3, 7), (6, 4)), (1, 10))","(((3, 7), (3, 10), (6, 4)), (1, 10))",45,8.0,53.0,45,3,1,expanded,False,True,5217
"(((1, 10), (5, 10), (6, 9)), (1, 11))","(((2, 10), (5, 10), (6, 9)), (1, 10))",46,9,55.0,46,,,pruned,,,5218
"(((2, 10), (5, 10), (6, 9)), (1, 10))","(((3, 10), (5, 10), (6, 9)), (1, 10))",45,8.0,53.0,45,6,1,expanded,False,True,5219
"(((3, 9), (4, 6), (6, 5)), (1, 10))","(((3, 9), (4, 6), (6, 6)), (1, 10))",46,7.0,53.0,46,2,0,expanded,False,True,5220
"(((3, 7), (4, 5), (6, 6)), (1, 10))","(((3, 7), (4, 5), (6, 7)), (1, 10))",46,7.0,53.0,46,1,0,expanded,False,True,5221
"(((3, 10), (4, 10), (6, 11)), (1, 10))","(((3, 10), (4, 10), (6, 10)), (2, 2))",47,8,55.0,47,,,pruned,,,5222
"(((3, 11), (4, 10), (6, 10)), (1, 10))","(((3, 10), (4, 10), (6, 10)), (2, 2))",47,8,55.0,47,,,pruned,,,5223
"(((3, 10), (4, 10), (6, 10)), (2, 2))","(((3, 10), (4, 10), (6, 9)), (2, 2))",46,7.0,53.0,46,2,2,expanded,True,True,5224
"(((3, 9), (5, 10), (6, 11)), (2, 2))","(((3, 9), (5, 10), (6, 10)), (2, 2))",47,8,55.0,47,,,pruned,,,5225
"(((3, 9), (5, 10), (6, 10)), (2, 2))","(((3, 9), (5, 10), (6, 9)), (2, 2))",46,7.0,53.0,46,2,1,expanded,False,True,5226
"(((1, 10), (3, 7), (6, 5)), (1, 11))","(((2, 10), (3, 7), (6, 5)), (1, 10))",47,8,55.0,47,,,pruned,,,5227
"(((2, 10), (3, 7), (6, 5)), (1, 10))","(((3, 7), (3, 10), (6, 5)), (1, 10))",46,7.0,53.0,46,3,1,expanded,False,True,5228
"(((3, 7), (3, 9), (6, 2)), (1, 10))","(((3, 7), (3, 9), (6, 3)), (1, 10))",47,8,55.0,47,,,pruned,,,5229
"(((3, 7), (3, 9), (6, 3)), (1, 10))","(((3, 7), (3, 9), (6, 4)), (1, 10))",46,7.0,53.0,46,3,1,expanded,False,True,5230
"(((1, 10), (4, 10), (6, 9)), (1, 11))","(((2, 10), (4, 10), (6, 9)), (1, 10))",47,8,55.0,47,,,pruned,,,5231
"(((2, 10), (4, 10), (6, 9)), (1, 10))","(((2, 10), (4, 10), (6, 8)), (1, 10))",46,7.0,53.0,46,6,1,expanded,False,True,5232
"(((3, 7), (6, 9), (7, 10)), (1, 10))","(((3, 7), (6, 9), (6, 10)), (1, 10))",47,8,55.0,47,,,pruned,,,5233
"(((3, 7), (6, 9), (6, 10)), (1, 10))","(((3, 8), (6, 9), (6, 10)), (1, 10))",46,7.0,53.0,46,2,1,expanded,False,True,5234
"(((3, 7), (6, 9), (6, 10)), (2, 2))","(((3, 7), (6, 8), (6, 10)), (2, 2))",46,7.0,53.0,46,0,0,expanded,False,True,5235
"(((2, 10), (3, 7), (6, 5)), (2, 2))","(((2, 10), (3, 7), (6, 4)), (2, 2))",46,7.0,53.0,46,1,0,expanded,False,True,5236
"(((3, 7), (4, 6), (6, 6)), (1, 10))","(((3, 7), (4, 6), (6, 7)), (1, 10))",47,6.0,53.0,47,1,0,expanded,False,True,5237
"(((3, 9), (4, 10), (6, 11)), (1, 10))","(((3, 9), (4, 10), (6, 10)), (2, 2))",48,7,55.0,48,,,pruned,,,5238
"(((3, 9), (4, 10), (6, 10)), (2, 2))","(((3, 9), (4, 10), (6, 9)), (2, 2))",47,6.0,53.0,47,2,1,expanded,False,True,5239
"(((1, 10), (3, 7), (6, 6)), (1, 11))","(((2, 10), (3, 7), (6, 6)), (1, 10))",48,7,55.0,48,,,pruned,,,5240
"(((2, 10), (3, 7), (6, 6)), (1, 10))","(((3, 7), (3, 10), (6, 6)), (1, 10))",47,6.0,53.0,47,3,1,expanded,False,True,5241
"(((3, 7), (5, 10), (6, 9)), (2, 2))","(((3, 7), (5, 10), (6, 8)), (2, 2))",47,6.0,53.0,47,1,0,expanded,False,True,5242
"(((2, 10), (3, 11), (6, 9)), (2, 2))","(((2, 10), (3, 10), (6, 9)), (2, 2))",48,7,55.0,48,,,pruned,,,5243
"(((2, 10), (3, 10), (6, 9)), (2, 2))","(((2, 10), (3, 10), (6, 8)), (2, 2))",47,6.0,53.0,47,2,1,expanded,False,True,5244
"(((3, 7), (5, 10), (6, 9)), (1, 10))","(((3, 8), (5, 10), (6, 9)), (1, 10))",47,6.0,53.0,47,3,0,expanded,False,True,5245
"(((2, 10), (3, 10), (6, 9)), (1, 10))","(((2, 10), (4, 10), (6, 9)), (1, 10))",47,6.0,53.0,47,2,0,expanded,False,True,5246
"(((2, 10), (3, 7), (6, 6)), (2, 2))","(((2, 10), (3, 7), (6, 5)), (2, 2))",47,6.0,53.0,47,1,0,expanded,False,True,5247
"(((3, 9), (3, 10), (6, 11)), (1, 10))","(((3, 9), (3, 10), (6, 10)), (2, 2))",49,6,55.0,49,,,pruned,,,5248
"(((3, 9), (3, 10), (6, 10)), (2, 2))","(((3, 9), (3, 10), (6, 9)), (2, 2))",48,5.0,53.0,48,1,1,expanded,True,True,5249
"(((1, 10), (3, 7), (6, 7)), (1, 11))","(((2, 10), (3, 7), (6, 7)), (1, 10))",49,6,55.0,49,,,pruned,,,5250
"(((2, 10), (3, 7), (6, 7)), (1, 10))","(((3, 7), (3, 10), (6, 7)), (1, 10))",48,5.0,53.0,48,3,1,expanded,False,True,5251
"(((1, 10), (3, 8), (6, 8)), (1, 11))","(((2, 10), (3, 8), (6, 8)), (1, 10))",49,6,55.0,49,,,pruned,,,5252
"(((2, 10), (3, 8), (6, 8)), (1, 10))","(((3, 8), (3, 10), (6, 8)), (1, 10))",48,5.0,53.0,48,4,1,expanded,False,True,5253
"(((1, 10), (3, 9), (6, 9)), (1, 11))","(((2, 10), (3, 9), (6, 9)), (1, 10))",49,6,55.0,49,,,pruned,,,5254
"(((2, 10), (3, 9), (6, 9)), (1, 10))","(((3, 9), (3, 10), (6, 9)), (1, 10))",48,5.0,53.0,48,4,1,expanded,False,True,5255
"(((2, 10), (3, 9), (6, 9)), (2, 2))","(((2, 10), (3, 9), (6, 8)), (2, 2))",48,5.0,53.0,48,2,0,expanded,False,True,5256
"(((3, 7), (4, 10), (6, 9)), (2, 2))","(((3, 7), (4, 10), (6, 8)), (2, 2))",48,5.0,53.0,48,1,0,expanded,False,True,5257
"(((3, 7), (4, 10), (6, 9)), (1, 10))","(((3, 8), (4, 10), (6, 9)), (1, 10))",48,5.0,53.0,48,3,0,expanded,False,True,5258
"(((2, 10), (3, 8), (6, 8)), (2, 2))","(((2, 10), (3, 8), (6, 7)), (2, 2))",48,5.0,53.0,48,2,0,expanded,False,True,5259
"(((2, 10), (3, 7), (6, 7)), (2, 2))","(((2, 10), (3, 7), (6, 6)), (2, 2))",48,5.0,53.0,48,1,0,expanded,False,True,5260
"(((3, 7), (3, 10), (6, 9)), (2, 2))","(((3, 7), (3, 10), (6, 8)), (2, 2))",49,4.0,53.0,49,1,0,expanded,False,True,5261
"(((3, 7), (3, 10), (6, 9)), (1, 10))","(((3, 7), (4, 10), (6, 9)), (1, 10))",49,4.0,53.0,49,4,0,expanded,False,True,5262
"(((3, 7), (3, 9), (6, 9)), (2, 2))","(((3, 7), (3, 9), (6, 8)), (2, 2))",50,3.0,53.0,50,1,0,expanded,False,True,5263
"(((3, 7), (3, 8), (6, 8)), (1, 10))","(((3, 7), (3, 9), (6, 8)), (1, 10))",50,3.0,53.0,50,1,0,expanded,False,True,5264
"(((3, 7), (3, 8), (6, 8)), (2, 2))","(((3, 7), (3, 8), (6, 7)), (2, 2))",50,3.0,53.0,50,1,0,expanded,False,True,5265
"(((3, 7), (3, 9), (6, 9)), (1, 10))","(((3, 7), (3, 10), (6, 9)), (1, 10))",50,3.0,53.0,50,2,0,expanded,False,True,5266
"(((3, 8), (6, 3), (7, 10)), (1, 10))","(((3, 8), (6, 3), (6, 10)), (1, 10))",44,12,56.0,44,,,pruned,,,5267
"(((3, 8), (6, 3), (6, 10)), (1, 10))","(((3, 8), (5, 10), (6, 3)), (1, 10))",43,11.0,54.0,43,4,1,expanded,False,True,5268
"(((3, 10), (6, 3), (6, 8)), (1, 10))","(((3, 10), (6, 3), (6, 9)), (1, 10))",43,11.0,54.0,43,4,0,expanded,False,True,5269
"(((4, 5), (6, 8), (7, 10)), (1, 10))","(((4, 5), (6, 8), (6, 10)), (1, 10))",45,11,56.0,45,,,pruned,,,5270
"(((4, 5), (6, 8), (6, 10)), (1, 10))","(((4, 5), (5, 10), (6, 8)), (1, 10))",44,10.0,54.0,44,4,1,expanded,False,True,5271
"(((3, 8), (6, 3), (6, 9)), (1, 10))","(((3, 9), (6, 3), (6, 9)), (1, 10))",44,10.0,54.0,44,2,0,expanded,False,True,5272
"(((3, 9), (6, 3), (6, 8)), (1, 10))","(((3, 9), (6, 3), (6, 9)), (1, 10))",44,10.0,54.0,44,2,0,expanded,False,True,5273
"(((4, 6), (6, 8), (7, 10)), (1, 10))","(((4, 6), (6, 8), (6, 10)), (1, 10))",46,10,56.0,46,,,pruned,,,5274
"(((4, 6), (6, 8), (6, 10)), (1, 10))","(((4, 6), (5, 10), (6, 8)), (1, 10))",45,9.0,54.0,45,4,1,expanded,False,True,5275
"(((2, 10), (3, 8), (6, 2)), (1, 10))","(((2, 10), (3, 8), (6, 3)), (1, 10))",46,10,56.0,46,,,pruned,,,5276
"(((1, 10), (3, 8), (6, 3)), (1, 11))","(((2, 10), (3, 8), (6, 3)), (1, 10))",46,10,56.0,46,,,pruned,,,5277
"(((2, 10), (3, 8), (6, 3)), (1, 10))","(((3, 8), (3, 10), (6, 3)), (1, 10))",45,9.0,54.0,45,6,2,expanded,False,True,5278
"(((4, 5), (6, 8), (6, 9)), (1, 10))","(((4, 5), (6, 8), (6, 10)), (1, 10))",45,9.0,54.0,45,1,0,expanded,False,True,5279
"(((3, 8), (4, 5), (6, 5)), (1, 10))","(((3, 8), (4, 5), (6, 6)), (1, 10))",46,8.0,54.0,46,2,0,expanded,False,True,5280
"(((4, 6), (6, 8), (6, 9)), (1, 10))","(((4, 6), (6, 8), (6, 10)), (1, 10))",46,8.0,54.0,46,1,0,expanded,False,True,5281
"(((3, 8), (4, 6), (6, 5)), (1, 10))","(((3, 8), (4, 6), (6, 6)), (1, 10))",47,7.0,54.0,47,2,0,expanded,False,True,5282
"(((3, 8), (5, 10), (6, 11)), (2, 2))","(((3, 8), (5, 10), (6, 10)), (2, 2))",48,8,56.0,48,,,pruned,,,5283
"(((3, 8), (5, 10), (6, 10)), (2, 2))","(((3, 8), (5, 10), (6, 9)), (2, 2))",47,7.0,54.0,47,2,1,expanded,False,True,5284
"(((3, 7), (3, 8), (6, 2)), (1, 10))","(((3, 7), (3, 8), (6, 3)), (1, 10))",48,8,56.0,48,,,pruned,,,5285
"(((3, 7), (3, 8), (6, 3)), (1, 10))","(((3, 7), (3, 8), (6, 4)), (1, 10))",47,7.0,54.0,47,2,1,expanded,False,True,5286
"(((3, 8), (4, 10), (6, 11)), (1, 10))","(((3, 8), (4, 10), (6, 10)), (2, 2))",49,7,56.0,49,,,pruned,,,5287
"(((3, 8), (4, 10), (6, 10)), (2, 2))","(((3, 8), (4, 10), (6, 9)), (2, 2))",48,6.0,54.0,48,2,1,expanded,False,True,5288
"(((3, 8), (3, 10), (6, 11)), (1, 10))","(((3, 8), (3, 10), (6, 10)), (2, 2))",50,6,56.0,50,,,pruned,,,5289
"(((3, 8), (3, 10), (6, 10)), (2, 2))","(((3, 8), (3, 10), (6, 9)), (2, 2))",49,5.0,54.0,49,2,1,expanded,False,True,5290
"(((1, 10), (3, 7), (6, 8)), (1, 11))","(((2, 10), (3, 7), (6, 8)), (1, 10))",50,6,56.0,50,,,pruned,,,5291
"(((2, 10), (3, 7), (6, 8)), (1, 10))","(((3, 7), (3, 10), (6, 8)), (1, 10))",49,5.0,54.0,49,3,1,expanded,False,True,5292
"(((1, 10), (3, 8), (6, 9)), (1, 11))","(((2, 10), (3, 8), (6, 9)), (1, 10))",50,6,56.0,50,,,pruned,,,5293
"(((2, 10), (3, 8), (6, 9)), (1, 10))","(((3, 8), (3, 10), (6, 9)), (1, 10))",49,5.0,54.0,49,4,1,expanded,False,True,5294
"(((2, 10), (3, 8), (6, 9)), (2, 2))","(((2, 10), (3, 8), (6, 8)), (2, 2))",49,5.0,54.0,49,2,0,expanded,False,True,5295
"(((2, 10), (3, 7), (6, 8)), (2, 2))","(((2, 10), (3, 7), (6, 7)), (2, 2))",49,5.0,54.0,49,1,0,expanded,False,True,5296
"(((3, 8), (3, 9), (6, 11)), (1, 10))","(((3, 8), (3, 9), (6, 10)), (2, 2))",51,5,56.0,51,,,pruned,,,5297
"(((3, 8), (3, 9), (6, 10)), (2, 2))","(((3, 8), (3, 9), (6, 9)), (2, 2))",50,4.0,54.0,50,1,1,expanded,True,True,5298
"(((3, 7), (3, 8), (6, 9)), (2, 2))","(((3, 7), (3, 8), (6, 8)), (2, 2))",51,3.0,54.0,51,1,0,expanded,False,True,5299
"(((3, 7), (3, 8), (6, 9)), (1, 10))","(((3, 7), (3, 9), (6, 9)), (1, 10))",51,3.0,54.0,51,1,0,expanded,False,True,5300
"(((6, 3), (6, 4), (6, 5)), (1, 10))","(((5, 4), (6, 3), (6, 5)), (1, 10))",37,18.0,55.0,37,0,0,expanded,False,True,5301
"(((1, 10), (6, 3), (6, 10)), (1, 11))","(((2, 10), (6, 3), (6, 10)), (1, 10))",43,14,57.0,43,,,pruned,,,5302
"(((2, 10), (6, 2), (6, 10)), (1, 10))","(((2, 10), (6, 3), (6, 10)), (1, 10))",43,14,57.0,43,,,pruned,,,5303
"(((2, 10), (6, 3), (7, 10)), (1, 10))","(((2, 10), (6, 3), (6, 10)), (1, 10))",43,14,57.0,43,,,pruned,,,5304
"(((2, 10), (6, 3), (6, 11)), (1, 10))","(((2, 10), (6, 3), (6, 10)), (1, 10))",43,14,57.0,43,,,pruned,,,5305
"(((2, 10), (6, 3), (6, 10)), (1, 10))","(((2, 10), (5, 10), (6, 3)), (1, 10))",42,13.0,55.0,42,8,4,expanded,False,True,5306
"(((4, 10), (6, 2), (6, 10)), (1, 10))","(((4, 10), (6, 3), (6, 10)), (1, 10))",43,14,57.0,43,,,pruned,,,5307
"(((4, 10), (6, 3), (7, 10)), (1, 10))","(((4, 10), (6, 3), (6, 10)), (1, 10))",43,14,57.0,43,,,pruned,,,5308
"(((4, 10), (6, 3), (6, 11)), (1, 10))","(((4, 10), (6, 3), (6, 10)), (1, 10))",43,14,57.0,43,,,pruned,,,5309
"(((4, 10), (6, 3), (6, 10)), (1, 10))","(((3, 10), (6, 3), (6, 10)), (1, 10))",42,13.0,55.0,42,8,3,expanded,False,True,5310
"(((4, 10), (6, 2), (6, 9)), (1, 10))","(((4, 10), (6, 3), (6, 9)), (1, 10))",44,13,57.0,44,,,pruned,,,5311
"(((4, 10), (6, 3), (6, 9)), (1, 10))","(((3, 10), (6, 3), (6, 9)), (1, 10))",43,12.0,55.0,43,6,1,expanded,False,True,5312
"(((1, 10), (6, 3), (6, 9)), (1, 11))","(((2, 10), (6, 3), (6, 9)), (1, 10))",44,13,57.0,44,,,pruned,,,5313
"(((2, 10), (6, 2), (6, 9)), (1, 10))","(((2, 10), (6, 3), (6, 9)), (1, 10))",44,13,57.0,44,,,pruned,,,5314
"(((2, 10), (6, 3), (6, 9)), (1, 10))","(((3, 10), (6, 3), (6, 9)), (1, 10))",43,12.0,55.0,43,6,2,expanded,False,True,5315
"(((3, 7), (6, 3), (7, 10)), (1, 10))","(((3, 7), (6, 3), (6, 10)), (1, 10))",45,12,57.0,45,,,pruned,,,5316
"(((3, 7), (6, 3), (6, 10)), (1, 10))","(((3, 7), (5, 10), (6, 3)), (1, 10))",44,11.0,55.0,44,3,1,expanded,False,True,5317
"(((3, 10), (6, 3), (6, 7)), (1, 10))","(((3, 10), (6, 3), (6, 8)), (1, 10))",44,11.0,55.0,44,4,0,expanded,False,True,5318
"(((4, 5), (4, 10), (6, 5)), (1, 10))","(((3, 10), (4, 5), (6, 5)), (1, 10))",45,10.0,55.0,45,4,0,expanded,False,True,5319
"(((1, 10), (4, 5), (6, 5)), (1, 11))","(((2, 10), (4, 5), (6, 5)), (1, 10))",46,11,57.0,46,,,pruned,,,5320
"(((2, 10), (4, 5), (6, 5)), (1, 10))","(((3, 10), (4, 5), (6, 5)), (1, 10))",45,10.0,55.0,45,4,1,expanded,False,True,5321
"(((3, 10), (4, 5), (6, 4)), (1, 10))","(((3, 10), (4, 5), (6, 5)), (1, 10))",45,10.0,55.0,45,4,0,expanded,False,True,5322
"(((4, 5), (5, 10), (6, 6)), (1, 10))","(((4, 5), (4, 10), (6, 6)), (1, 10))",45,10.0,55.0,45,4,0,expanded,False,True,5323
"(((4, 5), (6, 7), (7, 10)), (1, 10))","(((4, 5), (6, 7), (6, 10)), (1, 10))",46,11,57.0,46,,,pruned,,,5324
"(((4, 5), (6, 7), (6, 10)), (1, 10))","(((4, 5), (5, 10), (6, 7)), (1, 10))",45,10.0,55.0,45,4,1,expanded,False,True,5325
"(((3, 7), (6, 3), (6, 9)), (1, 10))","(((3, 8), (6, 3), (6, 9)), (1, 10))",45,10.0,55.0,45,1,0,expanded,False,True,5326
"(((3, 8), (6, 3), (6, 8)), (1, 10))","(((3, 8), (6, 3), (6, 9)), (1, 10))",45,10.0,55.0,45,2,0,expanded,False,True,5327
"(((3, 9), (6, 3), (6, 7)), (1, 10))","(((3, 9), (6, 3), (6, 8)), (1, 10))",45,10.0,55.0,45,2,0,expanded,False,True,5328
"(((3, 9), (4, 5), (6, 4)), (1, 10))","(((3, 9), (4, 5), (6, 5)), (1, 10))",46,9.0,55.0,46,2,0,expanded,False,True,5329
"(((4, 6), (4, 10), (6, 5)), (1, 10))","(((3, 10), (4, 6), (6, 5)), (1, 10))",46,9.0,55.0,46,4,0,expanded,False,True,5330
"(((1, 10), (4, 6), (6, 5)), (1, 11))","(((2, 10), (4, 6), (6, 5)), (1, 10))",47,10,57.0,47,,,pruned,,,5331
"(((2, 10), (4, 6), (6, 5)), (1, 10))","(((3, 10), (4, 6), (6, 5)), (1, 10))",46,9.0,55.0,46,4,1,expanded,False,True,5332
"(((3, 10), (4, 6), (6, 4)), (1, 10))","(((3, 10), (4, 6), (6, 5)), (1, 10))",46,9.0,55.0,46,4,0,expanded,False,True,5333
"(((4, 6), (5, 10), (6, 6)), (1, 10))","(((4, 6), (4, 10), (6, 6)), (1, 10))",46,9.0,55.0,46,4,0,expanded,False,True,5334
"(((4, 6), (6, 7), (7, 10)), (1, 10))","(((4, 6), (6, 7), (6, 10)), (1, 10))",47,10,57.0,47,,,pruned,,,5335
"(((4, 6), (6, 7), (6, 10)), (1, 10))","(((4, 6), (5, 10), (6, 7)), (1, 10))",46,9.0,55.0,46,4,1,expanded,False,True,5336
"(((1, 10), (3, 7), (6, 3)), (1, 11))","(((2, 10), (3, 7), (6, 3)), (1, 10))",47,10,57.0,47,,,pruned,,,5337
"(((2, 10), (3, 7), (6, 2)), (1, 10))","(((2, 10), (3, 7), (6, 3)), (1, 10))",47,10,57.0,47,,,pruned,,,5338
"(((2, 10), (3, 7), (6, 3)), (1, 10))","(((3, 7), (3, 10), (6, 3)), (1, 10))",46,9.0,55.0,46,4,2,expanded,False,True,5339
"(((2, 10), (5, 10), (6, 11)), (1, 10))","(((2, 10), (5, 10), (6, 10)), (1, 10))",47,10,57.0,47,,,pruned,,,5340
"(((1, 10), (5, 10), (6, 10)), (1, 11))","(((2, 10), (5, 10), (6, 10)), (1, 10))",47,10,57.0,47,,,pruned,,,5341
"(((2, 10), (5, 10), (6, 10)), (1, 10))","(((2, 10), (5, 10), (6, 9)), (1, 10))",46,9.0,55.0,46,4,2,expanded,False,True,5342
"(((4, 5), (6, 7), (6, 9)), (1, 10))","(((4, 5), (6, 7), (6, 10)), (1, 10))",46,9.0,55.0,46,2,0,expanded,False,True,5343
"(((3, 9), (4, 6), (6, 4)), (1, 10))","(((3, 9), (4, 6), (6, 5)), (1, 10))",47,8.0,55.0,47,2,0,expanded,False,True,5344
"(((3, 7), (4, 5), (6, 5)), (1, 10))","(((3, 7), (4, 5), (6, 6)), (1, 10))",47,8.0,55.0,47,1,0,expanded,False,True,5345
"(((1, 10), (4, 10), (6, 10)), (1, 11))","(((2, 10), (4, 10), (6, 10)), (1, 10))",48,9,57.0,48,,,pruned,,,5346
"(((2, 10), (4, 10), (7, 10)), (1, 10))","(((2, 10), (4, 10), (6, 10)), (1, 10))",48,9,57.0,48,,,pruned,,,5347
"(((2, 10), (4, 10), (6, 11)), (1, 10))","(((2, 10), (4, 10), (6, 10)), (1, 10))",48,9,57.0,48,,,pruned,,,5348
"(((2, 10), (4, 10), (6, 10)), (1, 10))","(((2, 10), (4, 10), (6, 9)), (1, 10))",47,8.0,55.0,47,8,3,expanded,False,True,5349
"(((4, 6), (6, 7), (6, 9)), (1, 10))","(((4, 6), (6, 7), (6, 10)), (1, 10))",47,8.0,55.0,47,2,0,expanded,False,True,5350
"(((3, 10), (5, 10), (6, 10)), (1, 10))","(((2, 10), (5, 10), (6, 10)), (1, 10))",47,8.0,55.0,47,4,0,expanded,False,True,5351
"(((3, 7), (4, 6), (6, 5)), (1, 10))","(((3, 7), (4, 6), (6, 6)), (1, 10))",48,7.0,55.0,48,1,0,expanded,False,True,5352
"(((3, 7), (5, 10), (6, 11)), (2, 2))","(((3, 7), (5, 10), (6, 10)), (2, 2))",49,8,57.0,49,,,pruned,,,5353
"(((3, 7), (5, 10), (6, 10)), (2, 2))","(((3, 7), (5, 10), (6, 9)), (2, 2))",48,7.0,55.0,48,1,1,expanded,True,True,5354
"(((2, 10), (3, 10), (6, 11)), (1, 10))","(((2, 10), (3, 10), (6, 10)), (2, 2))",49,8,57.0,49,,,pruned,,,5355
"(((2, 10), (3, 11), (6, 10)), (2, 2))","(((2, 10), (3, 10), (6, 10)), (2, 2))",49,8,57.0,49,,,pruned,,,5356
"(((2, 10), (3, 10), (6, 10)), (2, 2))","(((2, 10), (3, 10), (6, 9)), (2, 2))",48,7.0,55.0,48,2,2,expanded,True,True,5357
"(((2, 10), (3, 10), (7, 10)), (1, 10))","(((2, 10), (3, 10), (6, 10)), (1, 10))",49,8,57.0,49,,,pruned,,,5358
"(((2, 10), (3, 10), (6, 10)), (1, 10))","(((2, 10), (4, 10), (6, 10)), (1, 10))",48,7.0,55.0,48,4,1,expanded,False,True,5359
"(((3, 10), (4, 10), (7, 10)), (1, 10))","(((3, 10), (4, 10), (6, 10)), (1, 10))",49,8,57.0,49,,,pruned,,,5360
"(((3, 10), (4, 10), (6, 10)), (1, 10))","(((2, 10), (4, 10), (6, 10)), (1, 10))",48,7.0,55.0,48,4,1,expanded,False,True,5361
"(((1, 10), (4, 10), (5, 10)), (1, 11))","(((2, 10), (4, 10), (5, 10)), (1, 10))",49,8,57.0,49,,,pruned,,,5362
"(((2, 10), (4, 10), (5, 10)), (1, 10))","(((2, 10), (4, 10), (6, 10)), (1, 10))",48,7.0,55.0,48,2,1,expanded,False,True,5363
"(((3, 9), (5, 10), (6, 10)), (1, 10))","(((3, 10), (5, 10), (6, 10)), (1, 10))",48,7.0,55.0,48,2,0,expanded,False,True,5364
"(((2, 10), (3, 9), (6, 11)), (1, 10))","(((2, 10), (3, 9), (6, 10)), (2, 2))",50,7,57.0,50,,,pruned,,,5365
"(((2, 10), (3, 9), (6, 10)), (2, 2))","(((2, 10), (3, 9), (6, 9)), (2, 2))",49,6.0,55.0,49,2,1,expanded,False,True,5366
"(((3, 7), (4, 10), (6, 11)), (1, 10))","(((3, 7), (4, 10), (6, 10)), (2, 2))",50,7,57.0,50,,,pruned,,,5367
"(((3, 7), (4, 10), (6, 10)), (2, 2))","(((3, 7), (4, 10), (6, 9)), (2, 2))",49,6.0,55.0,49,1,1,expanded,True,True,5368
"(((2, 10), (3, 11), (5, 10)), (2, 2))","(((2, 10), (3, 10), (5, 10)), (1, 10))",50,7,57.0,50,,,pruned,,,5369
"(((2, 10), (3, 10), (5, 10)), (1, 10))","(((2, 10), (3, 10), (6, 10)), (1, 10))",49,6.0,55.0,49,4,1,expanded,False,True,5370
"(((1, 10), (3, 9), (6, 10)), (1, 11))","(((2, 10), (3, 9), (6, 10)), (1, 10))",50,7,57.0,50,,,pruned,,,5371
"(((2, 10), (3, 9), (7, 10)), (1, 10))","(((2, 10), (3, 9), (6, 10)), (1, 10))",50,7,57.0,50,,,pruned,,,5372
"(((2, 10), (3, 9), (6, 10)), (1, 10))","(((2, 10), (3, 10), (6, 10)), (1, 10))",49,6.0,55.0,49,6,2,expanded,False,True,5373
"(((3, 11), (4, 10), (5, 10)), (1, 10))","(((3, 10), (4, 10), (5, 10)), (1, 10))",50,7,57.0,50,,,pruned,,,5374
"(((3, 10), (4, 10), (5, 10)), (1, 10))","(((3, 10), (4, 10), (6, 10)), (1, 10))",49,6.0,55.0,49,2,1,expanded,False,True,5375
"(((3, 9), (4, 10), (7, 10)), (1, 10))","(((3, 9), (4, 10), (6, 10)), (1, 10))",50,7,57.0,50,,,pruned,,,5376
"(((3, 9), (4, 10), (6, 10)), (1, 10))","(((3, 10), (4, 10), (6, 10)), (1, 10))",49,6.0,55.0,49,6,1,expanded,False,True,5377
"(((3, 7), (3, 10), (6, 11)), (1, 10))","(((3, 7), (3, 10), (6, 10)), (2, 2))",51,6,57.0,51,,,pruned,,,5378
"(((3, 7), (3, 10), (6, 10)), (2, 2))","(((3, 7), (3, 10), (6, 9)), (2, 2))",50,5.0,55.0,50,1,1,expanded,True,True,5379
"(((1, 10), (3, 7), (6, 9)), (1, 11))","(((2, 10), (3, 7), (6, 9)), (1, 10))",51,6,57.0,51,,,pruned,,,5380
"(((2, 10), (3, 7), (6, 9)), (1, 10))","(((3, 7), (3, 10), (6, 9)), (1, 10))",50,5.0,55.0,50,3,1,expanded,False,True,5381
"(((2, 10), (3, 7), (6, 9)), (2, 2))","(((2, 10), (3, 7), (6, 8)), (2, 2))",50,5.0,55.0,50,1,0,expanded,False,True,5382
"(((2, 10), (3, 11), (4, 10)), (2, 2))","(((2, 10), (3, 10), (4, 10)), (1, 10))",51,6,57.0,51,,,pruned,,,5383
"(((2, 10), (3, 10), (4, 10)), (1, 10))","(((2, 10), (3, 10), (5, 10)), (1, 10))",50,5.0,55.0,50,2,1,expanded,False,True,5384
"(((1, 10), (3, 9), (5, 10)), (1, 11))","(((2, 10), (3, 9), (5, 10)), (1, 10))",51,6,57.0,51,,,pruned,,,5385
"(((2, 10), (3, 9), (5, 10)), (1, 10))","(((2, 10), (3, 10), (5, 10)), (1, 10))",50,5.0,55.0,50,6,1,expanded,False,True,5386
"(((3, 9), (3, 10), (7, 10)), (1, 10))","(((3, 9), (3, 10), (6, 10)), (1, 10))",51,6,57.0,51,,,pruned,,,5387
"(((3, 9), (3, 10), (6, 10)), (1, 10))","(((2, 10), (3, 9), (6, 10)), (1, 10))",50,5.0,55.0,50,5,1,expanded,False,True,5388
"(((3, 9), (4, 10), (5, 10)), (1, 10))","(((3, 10), (4, 10), (5, 10)), (1, 10))",50,5.0,55.0,50,2,0,expanded,False,True,5389
"(((3, 7), (3, 9), (6, 11)), (1, 10))","(((3, 7), (3, 9), (6, 10)), (2, 2))",52,5,57.0,52,,,pruned,,,5390
"(((3, 7), (3, 9), (6, 10)), (2, 2))","(((3, 7), (3, 9), (6, 9)), (2, 2))",51,4.0,55.0,51,1,1,expanded,True,True,5391
"(((1, 10), (3, 9), (4, 10)), (1, 11))","(((2, 10), (3, 9), (4, 10)), (1, 10))",52,5,57.0,52,,,pruned,,,5392
"(((2, 10), (3, 9), (4, 10)), (1, 10))","(((2, 10), (3, 10), (4, 10)), (1, 10))",51,4.0,55.0,51,6,1,expanded,False,True,5393
"(((3, 9), (3, 10), (5, 10)), (1, 10))","(((2, 10), (3, 9), (5, 10)), (1, 10))",51,4.0,55.0,51,4,0,expanded,False,True,5394
"(((2, 10), (3, 9), (3, 10)), (1, 10))","(((2, 10), (3, 9), (4, 10)), (1, 10))",52,3.0,55.0,52,0,0,expanded,False,True,5395
"(((3, 9), (3, 10), (4, 10)), (1, 10))","(((2, 10), (3, 9), (4, 10)), (1, 10))",52,3.0,55.0,52,0,0,expanded,False,True,5396
"(((4, 10), (6, 2), (6, 8)), (1, 10))","(((4, 10), (6, 3), (6, 8)), (1, 10))",45,13,58.0,45,,,pruned,,,5397
"(((4, 10), (6, 3), (6, 8)), (1, 10))","(((3, 10), (6, 3), (6, 8)), (1, 10))",44,12.0,56.0,44,6,1,expanded,False,True,5398
"(((2, 10), (6, 2), (6, 8)), (1, 10))","(((2, 10), (6, 3), (6, 8)), (1, 10))",45,13,58.0,45,,,pruned,,,5399
"(((1, 10), (6, 3), (6, 8)), (1, 11))","(((2, 10), (6, 3), (6, 8)), (1, 10))",45,13,58.0,45,,,pruned,,,5400
"(((2, 10), (6, 3), (6, 8)), (1, 10))","(((3, 10), (6, 3), (6, 8)), (1, 10))",44,12.0,56.0,44,6,2,expanded,False,True,5401
"(((3, 7), (6, 3), (6, 8)), (1, 10))","(((3, 7), (6, 3), (6, 9)), (1, 10))",46,10.0,56.0,46,1,0,expanded,False,True,5402
"(((3, 8), (6, 3), (6, 7)), (1, 10))","(((3, 8), (6, 3), (6, 8)), (1, 10))",46,10.0,56.0,46,2,0,expanded,False,True,5403
"(((3, 8), (4, 5), (6, 4)), (1, 10))","(((3, 8), (4, 5), (6, 5)), (1, 10))",47,9.0,56.0,47,2,0,expanded,False,True,5404
"(((4, 5), (6, 7), (6, 8)), (1, 10))","(((4, 5), (6, 7), (6, 9)), (1, 10))",47,9.0,56.0,47,1,0,expanded,False,True,5405
"(((3, 8), (4, 6), (6, 4)), (1, 10))","(((3, 8), (4, 6), (6, 5)), (1, 10))",48,8.0,56.0,48,2,0,expanded,False,True,5406
"(((4, 6), (6, 7), (6, 8)), (1, 10))","(((4, 6), (6, 7), (6, 9)), (1, 10))",48,8.0,56.0,48,1,0,expanded,False,True,5407
"(((3, 8), (5, 10), (6, 10)), (1, 10))","(((3, 9), (5, 10), (6, 10)), (1, 10))",49,7.0,56.0,49,2,0,expanded,False,True,5408
"(((2, 10), (3, 8), (6, 11)), (1, 10))","(((2, 10), (3, 8), (6, 10)), (2, 2))",51,7,58.0,51,,,pruned,,,5409
"(((2, 10), (3, 8), (6, 10)), (2, 2))","(((2, 10), (3, 8), (6, 9)), (2, 2))",50,6.0,56.0,50,2,1,expanded,False,True,5410
"(((1, 10), (3, 8), (6, 10)), (1, 11))","(((2, 10), (3, 8), (6, 10)), (1, 10))",51,7,58.0,51,,,pruned,,,5411
"(((2, 10), (3, 8), (7, 10)), (1, 10))","(((2, 10), (3, 8), (6, 10)), (1, 10))",51,7,58.0,51,,,pruned,,,5412
"(((2, 10), (3, 8), (6, 10)), (1, 10))","(((2, 10), (3, 9), (6, 10)), (1, 10))",50,6.0,56.0,50,6,2,expanded,False,True,5413
"(((3, 8), (4, 10), (7, 10)), (1, 10))","(((3, 8), (4, 10), (6, 10)), (1, 10))",51,7,58.0,51,,,pruned,,,5414
"(((3, 8), (4, 10), (6, 10)), (1, 10))","(((3, 9), (4, 10), (6, 10)), (1, 10))",50,6.0,56.0,50,6,1,expanded,False,True,5415
"(((1, 10), (3, 8), (5, 10)), (1, 11))","(((2, 10), (3, 8), (5, 10)), (1, 10))",52,6,58.0,52,,,pruned,,,5416
"(((2, 10), (3, 8), (5, 10)), (1, 10))","(((2, 10), (3, 9), (5, 10)), (1, 10))",51,5.0,56.0,51,6,1,expanded,False,True,5417
"(((3, 8), (4, 10), (5, 10)), (1, 10))","(((3, 9), (4, 10), (5, 10)), (1, 10))",51,5.0,56.0,51,2,0,expanded,False,True,5418
"(((3, 8), (3, 10), (7, 10)), (1, 10))","(((3, 8), (3, 10), (6, 10)), (1, 10))",52,6,58.0,52,,,pruned,,,5419
"(((3, 8), (3, 10), (6, 10)), (1, 10))","(((2, 10), (3, 8), (6, 10)), (1, 10))",51,5.0,56.0,51,6,1,expanded,False,True,5420
"(((3, 7), (3, 8), (6, 11)), (1, 10))","(((3, 7), (3, 8), (6, 10)), (2, 2))",53,5,58.0,53,,,pruned,,,5421
"(((3, 7), (3, 8), (6, 10)), (2, 2))","(((3, 7), (3, 8), (6, 9)), (2, 2))",52,4.0,56.0,52,1,1,expanded,True,True,5422
"(((1, 10), (3, 8), (4, 10)), (1, 11))","(((2, 10), (3, 8), (4, 10)), (1, 10))",53,5,58.0,53,,,pruned,,,5423
"(((2, 10), (3, 8), (4, 10)), (1, 10))","(((2, 10), (3, 9), (4, 10)), (1, 10))",52,4.0,56.0,52,6,1,expanded,False,True,5424
"(((3, 8), (3, 10), (5, 10)), (1, 10))","(((2, 10), (3, 8), (5, 10)), (1, 10))",52,4.0,56.0,52,6,0,expanded,False,True,5425
"(((3, 8), (3, 9), (7, 10)), (1, 10))","(((3, 8), (3, 9), (6, 10)), (1, 10))",53,5,58.0,53,,,pruned,,,5426
"(((3, 8), (3, 9), (6, 10)), (1, 10))","(((3, 8), (3, 10), (6, 10)), (1, 10))",52,4.0,56.0,52,3,1,expanded,False,True,5427
"(((2, 10), (3, 8), (3, 10)), (1, 10))","(((2, 10), (3, 8), (4, 10)), (1, 10))",53,3.0,56.0,53,2,0,expanded,False,True,5428
"(((3, 8), (3, 10), (4, 10)), (1, 10))","(((2, 10), (3, 8), (4, 10)), (1, 10))",53,3.0,56.0,53,2,0,expanded,False,True,5429
"(((3, 8), (3, 9), (5, 10)), (1, 10))","(((3, 8), (3, 10), (5, 10)), (1, 10))",53,3.0,56.0,53,2,0,expanded,False,True,5430
"(((1, 10), (3, 8), (3, 9)), (1, 11))","(((2, 10), (3, 8), (3, 9)), (1, 10))",55,3,58.0,55,,,pruned,,,5431
"(((2, 10), (3, 8), (3, 9)), (1, 10))","(((2, 10), (3, 8), (3, 10)), (1, 10))",54,2.0,56.0,54,2,1,expanded,False,True,5432
"(((3, 8), (3, 9), (4, 10)), (1, 10))","(((3, 8), (3, 10), (4, 10)), (1, 10))",54,2.0,56.0,54,2,0,expanded,False,True,5433
"(((3, 8), (3, 9), (3, 10)), (1, 10))","(((2, 10), (3, 8), (3, 9)), (1, 10))",55,1.0,56.0,55,2,0,expanded,False,True,5434
"(((5, 10), (6, 2), (6, 10)), (1, 10))","(((5, 10), (6, 3), (6, 10)), (1, 10))",44,15,59.0,44,,,pruned,,,5435
"(((5, 10), (6, 3), (6, 11)), (1, 10))","(((5, 10), (6, 3), (6, 10)), (1, 10))",44,15,59.0,44,,,pruned,,,5436
"(((5, 10), (6, 3), (6, 10)), (1, 10))","(((4, 10), (6, 3), (6, 10)), (1, 10))",43,14.0,57.0,43,4,2,expanded,False,True,5437
"(((5, 10), (6, 2), (6, 9)), (1, 10))","(((5, 10), (6, 3), (6, 9)), (1, 10))",45,14,59.0,45,,,pruned,,,5438
"(((5, 10), (6, 3), (6, 9)), (1, 10))","(((4, 10), (6, 3), (6, 9)), (1, 10))",44,13.0,57.0,44,6,1,expanded,False,True,5439
"(((3, 10), (6, 3), (6, 6)), (1, 10))","(((3, 10), (6, 3), (6, 7)), (1, 10))",45,12.0,57.0,45,4,0,expanded,False,True,5440
"(((4, 10), (6, 2), (6, 7)), (1, 10))","(((4, 10), (6, 3), (6, 7)), (1, 10))",46,13,59.0,46,,,pruned,,,5441
"(((4, 10), (6, 3), (6, 7)), (1, 10))","(((3, 10), (6, 3), (6, 7)), (1, 10))",45,12.0,57.0,45,6,1,expanded,False,True,5442
"(((1, 10), (6, 3), (6, 7)), (1, 11))","(((2, 10), (6, 3), (6, 7)), (1, 10))",46,13,59.0,46,,,pruned,,,5443
"(((2, 10), (6, 2), (6, 7)), (1, 10))","(((2, 10), (6, 3), (6, 7)), (1, 10))",46,13,59.0,46,,,pruned,,,5444
"(((2, 10), (6, 3), (6, 7)), (1, 10))","(((3, 10), (6, 3), (6, 7)), (1, 10))",45,12.0,57.0,45,6,2,expanded,False,True,5445
"(((4, 5), (5, 10), (6, 5)), (1, 10))","(((4, 5), (4, 10), (6, 5)), (1, 10))",46,11.0,57.0,46,4,0,expanded,False,True,5446
"(((4, 5), (4, 10), (6, 4)), (1, 10))","(((4, 5), (4, 10), (6, 5)), (1, 10))",46,11.0,57.0,46,4,0,expanded,False,True,5447
"(((1, 10), (4, 5), (6, 4)), (1, 11))","(((2, 10), (4, 5), (6, 4)), (1, 10))",47,12,59.0,47,,,pruned,,,5448
"(((2, 10), (4, 5), (6, 4)), (1, 10))","(((2, 10), (4, 5), (6, 5)), (1, 10))",46,11.0,57.0,46,4,1,expanded,False,True,5449
"(((4, 5), (6, 6), (7, 10)), (1, 10))","(((4, 5), (6, 6), (6, 10)), (1, 10))",47,12,59.0,47,,,pruned,,,5450
"(((4, 5), (6, 6), (6, 10)), (1, 10))","(((4, 5), (5, 10), (6, 6)), (1, 10))",46,11.0,57.0,46,4,1,expanded,False,True,5451
"(((3, 9), (6, 3), (6, 6)), (1, 10))","(((3, 9), (6, 3), (6, 7)), (1, 10))",46,11.0,57.0,46,2,0,expanded,False,True,5452
"(((4, 6), (5, 10), (6, 5)), (1, 10))","(((4, 6), (4, 10), (6, 5)), (1, 10))",47,10.0,57.0,47,4,0,expanded,False,True,5453
"(((4, 6), (4, 10), (6, 4)), (1, 10))","(((4, 6), (4, 10), (6, 5)), (1, 10))",47,10.0,57.0,47,4,0,expanded,False,True,5454
"(((1, 10), (4, 6), (6, 4)), (1, 11))","(((2, 10), (4, 6), (6, 4)), (1, 10))",48,11,59.0,48,,,pruned,,,5455
"(((2, 10), (4, 6), (6, 4)), (1, 10))","(((2, 10), (4, 6), (6, 5)), (1, 10))",47,10.0,57.0,47,4,1,expanded,False,True,5456
"(((4, 6), (6, 6), (7, 10)), (1, 10))","(((4, 6), (6, 6), (6, 10)), (1, 10))",48,11,59.0,48,,,pruned,,,5457
"(((4, 6), (6, 6), (6, 10)), (1, 10))","(((4, 6), (5, 10), (6, 6)), (1, 10))",47,10.0,57.0,47,4,1,expanded,False,True,5458
"(((3, 7), (6, 3), (6, 7)), (1, 10))","(((3, 7), (6, 3), (6, 8)), (1, 10))",47,10.0,57.0,47,1,0,expanded,False,True,5459
"(((4, 5), (6, 6), (6, 9)), (1, 10))","(((4, 5), (6, 6), (6, 10)), (1, 10))",47,10.0,57.0,47,2,0,expanded,False,True,5460
"(((3, 7), (4, 5), (6, 4)), (1, 10))","(((3, 7), (4, 5), (6, 5)), (1, 10))",48,9.0,57.0,48,1,0,expanded,False,True,5461
"(((4, 6), (6, 6), (6, 9)), (1, 10))","(((4, 6), (6, 6), (6, 10)), (1, 10))",48,9.0,57.0,48,2,0,expanded,False,True,5462
"(((3, 7), (4, 6), (6, 4)), (1, 10))","(((3, 7), (4, 6), (6, 5)), (1, 10))",49,8.0,57.0,49,1,0,expanded,False,True,5463
"(((3, 7), (5, 10), (6, 10)), (1, 10))","(((3, 8), (5, 10), (6, 10)), (1, 10))",50,7.0,57.0,50,1,0,expanded,False,True,5464
"(((2, 10), (3, 7), (6, 11)), (1, 10))","(((2, 10), (3, 7), (6, 10)), (2, 2))",52,7,59.0,52,,,pruned,,,5465
"(((2, 10), (3, 7), (6, 10)), (2, 2))","(((2, 10), (3, 7), (6, 9)), (2, 2))",51,6.0,57.0,51,1,1,expanded,True,True,5466
"(((1, 10), (3, 7), (6, 10)), (1, 11))","(((2, 10), (3, 7), (6, 10)), (1, 10))",52,7,59.0,52,,,pruned,,,5467
"(((2, 10), (3, 7), (7, 10)), (1, 10))","(((2, 10), (3, 7), (6, 10)), (1, 10))",52,7,59.0,52,,,pruned,,,5468
"(((2, 10), (3, 7), (6, 10)), (1, 10))","(((2, 10), (3, 8), (6, 10)), (1, 10))",51,6.0,57.0,51,5,2,expanded,False,True,5469
"(((3, 7), (4, 10), (7, 10)), (1, 10))","(((3, 7), (4, 10), (6, 10)), (1, 10))",52,7,59.0,52,,,pruned,,,5470
"(((3, 7), (4, 10), (6, 10)), (1, 10))","(((3, 8), (4, 10), (6, 10)), (1, 10))",51,6.0,57.0,51,5,1,expanded,False,True,5471
"(((1, 10), (3, 7), (5, 10)), (1, 11))","(((2, 10), (3, 7), (5, 10)), (1, 10))",53,6,59.0,53,,,pruned,,,5472
"(((2, 10), (3, 7), (5, 10)), (1, 10))","(((2, 10), (3, 8), (5, 10)), (1, 10))",52,5.0,57.0,52,4,1,expanded,False,True,5473
"(((3, 7), (4, 10), (5, 10)), (1, 10))","(((3, 8), (4, 10), (5, 10)), (1, 10))",52,5.0,57.0,52,0,0,expanded,False,True,5474
"(((3, 7), (3, 10), (7, 10)), (1, 10))","(((3, 7), (3, 10), (6, 10)), (1, 10))",53,6,59.0,53,,,pruned,,,5475
"(((3, 7), (3, 10), (6, 10)), (1, 10))","(((2, 10), (3, 7), (6, 10)), (1, 10))",52,5.0,57.0,52,6,1,expanded,False,True,5476
"(((1, 10), (3, 7), (4, 10)), (1, 11))","(((2, 10), (3, 7), (4, 10)), (1, 10))",54,5,59.0,54,,,pruned,,,5477
"(((2, 10), (3, 7), (4, 10)), (1, 10))","(((2, 10), (3, 8), (4, 10)), (1, 10))",53,4.0,57.0,53,4,1,expanded,False,True,5478
"(((3, 7), (3, 10), (5, 10)), (1, 10))","(((2, 10), (3, 7), (5, 10)), (1, 10))",53,4.0,57.0,53,5,0,expanded,False,True,5479
"(((3, 7), (3, 9), (7, 10)), (1, 10))","(((3, 7), (3, 9), (6, 10)), (1, 10))",54,5,59.0,54,,,pruned,,,5480
"(((3, 7), (3, 9), (6, 10)), (1, 10))","(((3, 7), (3, 10), (6, 10)), (1, 10))",53,4.0,57.0,53,4,1,expanded,False,True,5481
"(((2, 10), (3, 7), (3, 10)), (1, 10))","(((2, 10), (3, 7), (4, 10)), (1, 10))",54,3.0,57.0,54,1,0,expanded,False,True,5482
"(((3, 7), (3, 10), (4, 10)), (1, 10))","(((2, 10), (3, 7), (4, 10)), (1, 10))",54,3.0,57.0,54,1,0,expanded,False,True,5483
"(((3, 7), (3, 9), (5, 10)), (1, 10))","(((3, 7), (3, 10), (5, 10)), (1, 10))",54,3.0,57.0,54,3,0,expanded,False,True,5484
"(((1, 10), (3, 7), (3, 9)), (1, 11))","(((2, 10), (3, 7), (3, 9)), (1, 10))",56,3,59.0,56,,,pruned,,,5485
"(((2, 10), (3, 7), (3, 9)), (1, 10))","(((2, 10), (3, 7), (3, 10)), (1, 10))",55,2.0,57.0,55,3,1,expanded,False,True,5486
"(((3, 7), (3, 9), (4, 10)), (1, 10))","(((3, 7), (3, 10), (4, 10)), (1, 10))",55,2.0,57.0,55,3,0,expanded,False,True,5487
"(((3, 7), (3, 9), (3, 10)), (1, 10))","(((2, 10), (3, 7), (3, 9)), (1, 10))",56,1.0,57.0,56,2,0,expanded,False,True,5488
"(((5, 10), (6, 2), (6, 8)), (1, 10))","(((5, 10), (6, 3), (6, 8)), (1, 10))",46,14,60.0,46,,,pruned,,,5489
"(((5, 10), (6, 3), (6, 8)), (1, 10))","(((4, 10), (6, 3), (6, 8)), (1, 10))",45,13.0,58.0,45,6,1,expanded,False,True,5490
"(((3, 8), (6, 3), (6, 6)), (1, 10))","(((3, 8), (6, 3), (6, 7)), (1, 10))",47,11.0,58.0,47,2,0,expanded,False,True,5491
"(((4, 5), (6, 6), (6, 8)), (1, 10))","(((4, 5), (6, 6), (6, 9)), (1, 10))",48,10.0,58.0,48,2,0,expanded,False,True,5492
"(((4, 6), (6, 6), (6, 8)), (1, 10))","(((4, 6), (6, 6), (6, 9)), (1, 10))",49,9.0,58.0,49,2,0,expanded,False,True,5493
"(((3, 7), (3, 8), (7, 10)), (1, 10))","(((3, 7), (3, 8), (6, 10)), (1, 10))",55,5,60.0,55,,,pruned,,,5494
"(((3, 7), (3, 8), (6, 10)), (1, 10))","(((3, 7), (3, 9), (6, 10)), (1, 10))",54,4.0,58.0,54,3,1,expanded,False,True,5495
"(((3, 7), (3, 8), (5, 10)), (1, 10))","(((3, 7), (3, 9), (5, 10)), (1, 10))",55,3.0,58.0,55,2,0,expanded,False,True,5496
"(((1, 10), (3, 7), (3, 8)), (1, 11))","(((2, 10), (3, 7), (3, 8)), (1, 10))",57,3,60.0,57,,,pruned,,,5497
"(((2, 10), (3, 7), (3, 8)), (1, 10))","(((2, 10), (3, 7), (3, 9)), (1, 10))",56,2.0,58.0,56,2,1,expanded,False,True,5498
"(((3, 7), (3, 8), (4, 10)), (1, 10))","(((3, 7), (3, 9), (4, 10)), (1, 10))",56,2.0,58.0,56,2,0,expanded,False,True,5499
"(((3, 7), (3, 8), (3, 10)), (1, 10))","(((2, 10), (3, 7), (3, 8)), (1, 10))",57,1.0,58.0,57,3,0,expanded,False,True,5500
"(((3, 7), (3, 8), (3, 9)), (1, 10))","(((3, 7), (3, 8), (3, 10)), (1, 10))",58,0.0,58.0,58,0,0,goal,False,False,5501
