node_id,parent_id,g,h,f,depth,n_legal_successors,n_pruned,status,all_pruned,f_plateau,timestamp_order
"(((2, 2), (4, 2), (5, 1), (6, 2)), (1, 1))","(((2, 2), (4, 2), (5, 2), (6, 2)), (1, 1))",1,8,9.0,1,,,pruned,,,0
"(((2, 2), (4, 2), (5, 2), (6, 1)), (1, 1))","(((2, 2), (4, 2), (5, 2), (6, 2)), (1, 1))",1,8,9.0,1,,,pruned,,,1
"(((2, 1), (4, 2), (5, 2), (6, 2)), (1, 1))","(((2, 2), (4, 2), (5, 2), (6, 2)), (1, 1))",1,8,9.0,1,,,pruned,,,2
"(((2, 2), (4, 2), (5, 2), (6, 2)), (1, 1))",,0,7.0,7.0,0,7,3,expanded,False,True,3
"(((2, 2), (4, 2), (5, 3), (6, 1)), (1, 1))","(((2, 2), (4, 2), (5, 3), (6, 2)), (1, 1))",2,7,9.0,2,,,pruned,,,4
"(((2, 1), (4, 2), (5, 3), (6, 2)), (1, 1))","(((2, 2), (4, 2), (5, 3), (6, 2)), (1, 1))",2,7,9.0,2,,,pruned,,,5
"(((2, 2), (4, 2), (5, 3), (6, 2)), (1, 1))","(((2, 2), (4, 2), (5, 2), (6, 2)), (1, 1))",1,6.0,7.0,1,12,2,expanded,False,True,6
"(((3, 2), (4, 2), (5, 2), (6, 1)), (1, 1))","(((3, 2), (4, 2), (5, 2), (6, 2)), (1, 1))",2,7,9.0,2,,,pruned,,,7
"(((3, 2), (4, 2), (5, 1), (6, 2)), (1, 1))","(((3, 2), (4, 2), (5, 2), (6, 2)), (1, 1))",2,7,9.0,2,,,pruned,,,8
"(((3, 2), (4, 2), (5, 2), (6, 2)), (1, 1))","(((2, 2), (4, 2), (5, 2), (6, 2)), (1, 1))",1,6.0,7.0,1,4,2,expanded,False,True,9
"(((2, 3), (4, 2), (5, 2), (6, 2)), (1, 1))","(((2, 2), (4, 2), (5, 2), (6, 2)), (1, 1))",1,6.0,7.0,1,1,0,expanded,False,True,10
"(((3, 2), (4, 2), (5, 3), (6, 1)), (1, 1))","(((3, 2), (4, 2), (5, 3), (6, 2)), (1, 1))",3,6,9.0,3,,,pruned,,,11
"(((3, 2), (4, 2), (5, 3), (6, 2)), (1, 1))","(((2, 2), (4, 2), (5, 3), (6, 2)), (1, 1))",2,5.0,7.0,2,8,1,expanded,False,True,12
"(((2, 3), (4, 2), (5, 3), (6, 2)), (1, 1))","(((2, 2), (4, 2), (5, 3), (6, 2)), (1, 1))",2,5.0,7.0,2,2,0,expanded,False,True,13
"(((2, 5), (4, 2), (5, 2), (6, 2)), (1, 1))","(((2, 4), (4, 2), (5, 2), (6, 2)), (1, 1))",3,6,9.0,3,,,pruned,,,14
"(((2, 4), (4, 2), (5, 2), (6, 2)), (1, 1))","(((2, 3), (4, 2), (5, 2), (6, 2)), (1, 1))",2,5.0,7.0,2,1,1,expanded,True,True,15
"(((2, 5), (4, 2), (5, 3), (6, 2)), (1, 1))","(((2, 4), (4, 2), (5, 3), (6, 2)), (1, 1))",4,5,9.0,4,,,pruned,,,16
"(((2, 4), (4, 2), (5, 3), (6, 2)), (1, 1))","(((2, 3), (4, 2), (5, 3), (6, 2)), (1, 1))",3,4.0,7.0,3,2,1,expanded,False,True,17
"(((2, 3), (5, 2), (5, 3), (6, 1)), (1, 1))","(((2, 3), (5, 2), (5, 3), (6, 2)), (1, 1))",4,5,9.0,4,,,pruned,,,18
"(((2, 3), (5, 2), (5, 3), (6, 2)), (1, 1))","(((2, 3), (4, 2), (5, 3), (6, 2)), (1, 1))",3,4.0,7.0,3,6,1,expanded,False,True,19
"(((2, 4), (5, 2), (5, 3), (6, 1)), (1, 1))","(((2, 4), (5, 2), (5, 3), (6, 2)), (1, 1))",5,4,9.0,5,,,pruned,,,20
"(((2, 5), (5, 2), (5, 3), (6, 2)), (1, 1))","(((2, 4), (5, 2), (5, 3), (6, 2)), (1, 1))",5,4,9.0,5,,,pruned,,,21
"(((2, 4), (5, 2), (5, 3), (6, 2)), (1, 1))","(((2, 4), (4, 2), (5, 3), (6, 2)), (1, 1))",4,3.0,7.0,4,6,2,expanded,False,True,22
"(((2, 1), (4, 2), (5, 2), (6, 3)), (1, 1))","(((2, 2), (4, 2), (5, 2), (6, 3)), (1, 1))",2,9,11.0,2,,,pruned,,,23
"(((2, 2), (4, 2), (5, 1), (6, 3)), (1, 1))","(((2, 2), (4, 2), (5, 2), (6, 3)), (1, 1))",2,9,11.0,2,,,pruned,,,24
"(((2, 2), (4, 2), (5, 2), (6, 3)), (1, 1))","(((2, 2), (4, 2), (5, 2), (6, 2)), (1, 1))",1,8.0,9.0,1,7,2,expanded,False,True,25
"(((2, 1), (4, 2), (6, 2), (6, 3)), (1, 1))","(((2, 2), (4, 2), (6, 2), (6, 3)), (1, 1))",3,8,11.0,3,,,pruned,,,26
"(((2, 2), (4, 2), (6, 2), (6, 3)), (1, 1))","(((2, 2), (4, 2), (5, 3), (6, 2)), (1, 1))",2,7.0,9.0,2,6,1,expanded,False,True,27
"(((2, 2), (4, 2), (4, 3), (6, 1)), (1, 1))","(((2, 2), (4, 2), (4, 3), (6, 2)), (1, 1))",3,8,11.0,3,,,pruned,,,28
"(((2, 1), (4, 2), (4, 3), (6, 2)), (1, 1))","(((2, 2), (4, 2), (4, 3), (6, 2)), (1, 1))",3,8,11.0,3,,,pruned,,,29
"(((2, 2), (4, 2), (4, 3), (6, 2)), (1, 1))","(((2, 2), (4, 2), (5, 3), (6, 2)), (1, 1))",2,7.0,9.0,2,8,2,expanded,False,True,30
"(((2, 2), (4, 2), (5, 4), (6, 1)), (1, 1))","(((2, 2), (4, 2), (5, 4), (6, 2)), (1, 1))",3,8,11.0,3,,,pruned,,,31
"(((2, 1), (4, 2), (5, 4), (6, 2)), (1, 1))","(((2, 2), (4, 2), (5, 4), (6, 2)), (1, 1))",3,8,11.0,3,,,pruned,,,32
"(((2, 2), (4, 2), (5, 4), (6, 2)), (1, 1))","(((2, 2), (4, 2), (5, 3), (6, 2)), (1, 1))",2,7.0,9.0,2,10,2,expanded,False,True,33
"(((2, 2), (4, 2), (5, 3), (8, 2)), (1, 1))","(((2, 2), (4, 2), (5, 3), (7, 2)), (1, 1))",3,8,11.0,3,,,pruned,,,34
"(((2, 1), (4, 2), (5, 3), (7, 2)), (1, 1))","(((2, 2), (4, 2), (5, 3), (7, 2)), (1, 1))",3,8,11.0,3,,,pruned,,,35
"(((2, 2), (4, 2), (5, 3), (7, 2)), (1, 1))","(((2, 2), (4, 2), (5, 3), (6, 2)), (1, 1))",2,7.0,9.0,2,10,2,expanded,False,True,36
"(((2, 1), (4, 2), (5, 2), (5, 3)), (1, 1))","(((2, 2), (4, 2), (5, 2), (5, 3)), (1, 1))",3,8,11.0,3,,,pruned,,,37
"(((2, 2), (4, 2), (5, 2), (5, 3)), (1, 1))","(((2, 2), (4, 2), (5, 3), (6, 2)), (1, 1))",2,7.0,9.0,2,5,1,expanded,False,True,38
"(((2, 1), (4, 2), (5, 3), (6, 3)), (1, 1))","(((2, 2), (4, 2), (5, 3), (6, 3)), (1, 1))",3,8,11.0,3,,,pruned,,,39
"(((2, 2), (4, 2), (5, 3), (6, 3)), (1, 1))","(((2, 2), (4, 2), (5, 3), (6, 2)), (1, 1))",2,7.0,9.0,2,8,1,expanded,False,True,40
"(((2, 2), (3, 2), (5, 3), (6, 1)), (1, 1))","(((2, 2), (3, 2), (5, 3), (6, 2)), (1, 1))",3,8,11.0,3,,,pruned,,,41
"(((2, 1), (3, 2), (5, 3), (6, 2)), (1, 1))","(((2, 2), (3, 2), (5, 3), (6, 2)), (1, 1))",3,8,11.0,3,,,pruned,,,42
"(((2, 2), (3, 2), (5, 3), (6, 2)), (1, 1))","(((2, 2), (4, 2), (5, 3), (6, 2)), (1, 1))",2,7.0,9.0,2,10,2,expanded,False,True,43
"(((3, 2), (4, 2), (5, 1), (6, 3)), (1, 1))","(((3, 2), (4, 2), (5, 2), (6, 3)), (1, 1))",3,8,11.0,3,,,pruned,,,44
"(((3, 2), (4, 2), (5, 2), (6, 3)), (1, 1))","(((3, 2), (4, 2), (5, 2), (6, 2)), (1, 1))",2,7.0,9.0,2,4,1,expanded,False,True,45
"(((2, 2), (4, 2), (5, 1), (6, 4)), (1, 1))","(((2, 2), (4, 2), (5, 2), (6, 4)), (1, 1))",3,8,11.0,3,,,pruned,,,46
"(((2, 1), (4, 2), (5, 2), (6, 4)), (1, 1))","(((2, 2), (4, 2), (5, 2), (6, 4)), (1, 1))",3,8,11.0,3,,,pruned,,,47
"(((2, 2), (4, 2), (5, 2), (6, 4)), (1, 1))","(((2, 2), (4, 2), (5, 2), (6, 3)), (1, 1))",2,7.0,9.0,2,7,2,expanded,False,True,48
"(((2, 3), (4, 2), (5, 2), (6, 3)), (1, 1))","(((2, 2), (4, 2), (5, 2), (6, 3)), (1, 1))",2,7.0,9.0,2,1,0,expanded,False,True,49
"(((3, 2), (4, 2), (6, 2), (6, 3)), (1, 1))","(((3, 2), (4, 2), (5, 3), (6, 2)), (1, 1))",3,6.0,9.0,3,2,0,expanded,False,True,50
"(((3, 2), (4, 2), (4, 3), (6, 1)), (1, 1))","(((3, 2), (4, 2), (4, 3), (6, 2)), (1, 1))",4,7,11.0,4,,,pruned,,,51
"(((3, 2), (4, 2), (4, 3), (6, 2)), (1, 1))","(((3, 2), (4, 2), (5, 3), (6, 2)), (1, 1))",3,6.0,9.0,3,4,1,expanded,False,True,52
"(((3, 2), (4, 2), (5, 4), (6, 1)), (1, 1))","(((3, 2), (4, 2), (5, 4), (6, 2)), (1, 1))",4,7,11.0,4,,,pruned,,,53
"(((3, 2), (4, 2), (5, 4), (6, 2)), (1, 1))","(((3, 2), (4, 2), (5, 3), (6, 2)), (1, 1))",3,6.0,9.0,3,6,1,expanded,False,True,54
"(((3, 2), (4, 2), (5, 3), (8, 2)), (1, 1))","(((3, 2), (4, 2), (5, 3), (7, 2)), (1, 1))",4,7,11.0,4,,,pruned,,,55
"(((3, 2), (4, 2), (5, 3), (7, 2)), (1, 1))","(((3, 2), (4, 2), (5, 3), (6, 2)), (1, 1))",3,6.0,9.0,3,6,1,expanded,False,True,56
"(((3, 2), (4, 2), (5, 2), (5, 3)), (1, 1))","(((3, 2), (4, 2), (5, 3), (6, 2)), (1, 1))",3,6.0,9.0,3,2,0,expanded,False,True,57
"(((3, 2), (4, 2), (5, 3), (6, 3)), (1, 1))","(((3, 2), (4, 2), (5, 3), (6, 2)), (1, 1))",3,6.0,9.0,3,4,0,expanded,False,True,58
"(((2, 3), (4, 2), (6, 2), (6, 3)), (1, 1))","(((2, 2), (4, 2), (6, 2), (6, 3)), (1, 1))",3,6.0,9.0,3,2,0,expanded,False,True,59
"(((2, 3), (4, 2), (4, 3), (6, 2)), (1, 1))","(((2, 2), (4, 2), (4, 3), (6, 2)), (1, 1))",3,6.0,9.0,3,2,0,expanded,False,True,60
"(((2, 2), (4, 2), (6, 1), (6, 4)), (1, 1))","(((2, 2), (4, 2), (6, 2), (6, 4)), (1, 1))",4,7,11.0,4,,,pruned,,,61
"(((2, 1), (4, 2), (6, 2), (6, 4)), (1, 1))","(((2, 2), (4, 2), (6, 2), (6, 4)), (1, 1))",4,7,11.0,4,,,pruned,,,62
"(((2, 2), (4, 2), (6, 2), (6, 4)), (1, 1))","(((2, 2), (4, 2), (5, 4), (6, 2)), (1, 1))",3,6.0,9.0,3,10,2,expanded,False,True,63
"(((2, 2), (4, 2), (4, 5), (6, 2)), (4, 3))","(((2, 2), (4, 2), (4, 4), (6, 2)), (4, 3))",4,7,11.0,4,,,pruned,,,64
"(((2, 2), (4, 2), (4, 4), (6, 1)), (4, 3))","(((2, 2), (4, 2), (4, 4), (6, 2)), (4, 3))",4,7,11.0,4,,,pruned,,,65
"(((2, 2), (4, 2), (4, 4), (6, 2)), (4, 3))","(((2, 2), (4, 2), (5, 4), (6, 2)), (1, 1))",3,6.0,9.0,3,6,2,expanded,False,True,66
"(((2, 3), (4, 2), (5, 4), (6, 2)), (1, 1))","(((2, 2), (4, 2), (5, 4), (6, 2)), (1, 1))",3,6.0,9.0,3,2,0,expanded,False,True,67
"(((2, 3), (4, 2), (5, 3), (7, 2)), (1, 1))","(((2, 2), (4, 2), (5, 3), (7, 2)), (1, 1))",3,6.0,9.0,3,2,0,expanded,False,True,68
"(((2, 3), (4, 2), (5, 2), (5, 3)), (1, 1))","(((2, 2), (4, 2), (5, 2), (5, 3)), (1, 1))",3,6.0,9.0,3,1,0,expanded,False,True,69
"(((2, 2), (4, 2), (5, 3), (6, 4)), (5, 1))","(((2, 2), (4, 2), (5, 3), (6, 3)), (1, 1))",3,6.0,9.0,3,4,0,expanded,False,True,70
"(((2, 3), (4, 2), (5, 3), (6, 3)), (1, 1))","(((2, 2), (4, 2), (5, 3), (6, 3)), (1, 1))",3,6.0,9.0,3,2,0,expanded,False,True,71
"(((2, 3), (3, 2), (5, 3), (6, 2)), (1, 1))","(((2, 2), (3, 2), (5, 3), (6, 2)), (1, 1))",3,6.0,9.0,3,2,0,expanded,False,True,72
"(((3, 2), (4, 2), (5, 1), (6, 4)), (1, 1))","(((3, 2), (4, 2), (5, 2), (6, 4)), (1, 1))",4,7,11.0,4,,,pruned,,,73
"(((3, 2), (4, 2), (5, 2), (6, 4)), (1, 1))","(((3, 2), (4, 2), (5, 2), (6, 3)), (1, 1))",3,6.0,9.0,3,4,1,expanded,False,True,74
"(((2, 3), (4, 2), (5, 2), (6, 4)), (1, 1))","(((2, 2), (4, 2), (5, 2), (6, 4)), (1, 1))",3,6.0,9.0,3,1,0,expanded,False,True,75
"(((2, 5), (4, 2), (5, 2), (6, 3)), (1, 1))","(((2, 4), (4, 2), (5, 2), (6, 3)), (1, 1))",4,7,11.0,4,,,pruned,,,76
"(((2, 4), (4, 2), (5, 2), (6, 3)), (1, 1))","(((2, 3), (4, 2), (5, 2), (6, 3)), (1, 1))",3,6.0,9.0,3,1,1,expanded,True,True,77
"(((2, 3), (5, 1), (6, 2), (6, 3)), (1, 1))","(((2, 3), (5, 2), (6, 2), (6, 3)), (1, 1))",5,6,11.0,5,,,pruned,,,78
"(((2, 3), (5, 2), (6, 2), (6, 3)), (1, 1))","(((2, 3), (5, 2), (5, 3), (6, 2)), (1, 1))",4,5.0,9.0,4,4,1,expanded,False,True,79
"(((2, 3), (4, 3), (5, 2), (6, 1)), (2, 4))","(((2, 3), (4, 3), (5, 2), (6, 2)), (2, 4))",5,6,11.0,5,,,pruned,,,80
"(((2, 3), (4, 3), (5, 1), (6, 2)), (1, 1))","(((2, 3), (4, 3), (5, 2), (6, 2)), (2, 4))",5,6,11.0,5,,,pruned,,,81
"(((2, 3), (4, 3), (5, 2), (6, 2)), (2, 4))","(((2, 3), (5, 2), (5, 3), (6, 2)), (1, 1))",4,5.0,9.0,4,6,2,expanded,False,True,82
"(((2, 3), (5, 2), (5, 3), (6, 3)), (1, 1))","(((2, 3), (5, 2), (5, 3), (6, 2)), (1, 1))",4,5.0,9.0,4,6,0,expanded,False,True,83
"(((2, 2), (5, 2), (5, 3), (6, 1)), (1, 1))","(((2, 2), (5, 2), (5, 3), (6, 2)), (1, 1))",5,6,11.0,5,,,pruned,,,84
"(((1, 2), (5, 2), (5, 3), (6, 2)), (1, 1))","(((2, 2), (5, 2), (5, 3), (6, 2)), (1, 1))",5,6,11.0,5,,,pruned,,,85
"(((2, 1), (5, 2), (5, 3), (6, 2)), (1, 1))","(((2, 2), (5, 2), (5, 3), (6, 2)), (1, 1))",5,6,11.0,5,,,pruned,,,86
"(((2, 2), (5, 2), (5, 3), (6, 2)), (1, 1))","(((2, 3), (5, 2), (5, 3), (6, 2)), (1, 1))",4,5.0,9.0,4,8,3,expanded,False,True,87
"(((3, 2), (4, 2), (6, 1), (6, 4)), (1, 1))","(((3, 2), (4, 2), (6, 2), (6, 4)), (1, 1))",5,6,11.0,5,,,pruned,,,88
"(((3, 2), (4, 2), (6, 2), (6, 4)), (1, 1))","(((3, 2), (4, 2), (5, 4), (6, 2)), (1, 1))",4,5.0,9.0,4,6,1,expanded,False,True,89
"(((3, 2), (4, 2), (4, 5), (6, 2)), (4, 3))","(((3, 2), (4, 2), (4, 4), (6, 2)), (4, 3))",5,6,11.0,5,,,pruned,,,90
"(((3, 2), (4, 2), (4, 4), (6, 1)), (4, 3))","(((3, 2), (4, 2), (4, 4), (6, 2)), (4, 3))",5,6,11.0,5,,,pruned,,,91
"(((3, 2), (4, 2), (4, 4), (6, 2)), (4, 3))","(((3, 2), (4, 2), (5, 4), (6, 2)), (1, 1))",4,5.0,9.0,4,5,2,expanded,False,True,92
"(((3, 2), (4, 2), (5, 3), (6, 4)), (5, 1))","(((3, 2), (4, 2), (5, 3), (6, 3)), (1, 1))",4,5.0,9.0,4,3,0,expanded,False,True,93
"(((2, 5), (4, 2), (6, 2), (6, 3)), (1, 1))","(((2, 4), (4, 2), (6, 2), (6, 3)), (1, 1))",5,6,11.0,5,,,pruned,,,94
"(((2, 4), (4, 2), (6, 2), (6, 3)), (1, 1))","(((2, 3), (4, 2), (6, 2), (6, 3)), (1, 1))",4,5.0,9.0,4,2,1,expanded,False,True,95
"(((2, 5), (4, 2), (4, 3), (6, 2)), (1, 1))","(((2, 4), (4, 2), (4, 3), (6, 2)), (1, 1))",5,6,11.0,5,,,pruned,,,96
"(((2, 4), (4, 2), (4, 3), (6, 2)), (1, 1))","(((2, 3), (4, 2), (4, 3), (6, 2)), (1, 1))",4,5.0,9.0,4,2,1,expanded,False,True,97
"(((2, 3), (4, 3), (5, 2), (6, 2)), (1, 1))","(((2, 3), (4, 2), (4, 3), (6, 2)), (1, 1))",4,5.0,9.0,4,2,0,expanded,False,True,98
"(((2, 3), (4, 2), (6, 2), (6, 4)), (1, 1))","(((2, 2), (4, 2), (6, 2), (6, 4)), (1, 1))",4,5.0,9.0,4,2,0,expanded,False,True,99
"(((2, 5), (4, 2), (5, 4), (6, 2)), (1, 1))","(((2, 4), (4, 2), (5, 4), (6, 2)), (1, 1))",5,6,11.0,5,,,pruned,,,100
"(((2, 4), (4, 2), (5, 4), (6, 2)), (1, 1))","(((2, 3), (4, 2), (5, 4), (6, 2)), (1, 1))",4,5.0,9.0,4,2,1,expanded,False,True,101
"(((2, 3), (5, 2), (5, 4), (6, 1)), (1, 1))","(((2, 3), (5, 2), (5, 4), (6, 2)), (1, 1))",5,6,11.0,5,,,pruned,,,102
"(((2, 3), (5, 1), (5, 4), (6, 2)), (1, 1))","(((2, 3), (5, 2), (5, 4), (6, 2)), (1, 1))",5,6,11.0,5,,,pruned,,,103
"(((2, 3), (5, 2), (5, 4), (6, 2)), (1, 1))","(((2, 3), (4, 2), (5, 4), (6, 2)), (1, 1))",4,5.0,9.0,4,8,2,expanded,False,True,104
"(((2, 3), (5, 2), (5, 3), (8, 2)), (1, 1))","(((2, 3), (5, 2), (5, 3), (7, 2)), (1, 1))",5,6,11.0,5,,,pruned,,,105
"(((2, 3), (5, 2), (5, 3), (7, 2)), (1, 1))","(((2, 3), (4, 2), (5, 3), (7, 2)), (1, 1))",4,5.0,9.0,4,8,1,expanded,False,True,106
"(((2, 5), (4, 2), (5, 3), (7, 2)), (1, 1))","(((2, 4), (4, 2), (5, 3), (7, 2)), (1, 1))",5,6,11.0,5,,,pruned,,,107
"(((2, 4), (4, 2), (5, 3), (7, 2)), (1, 1))","(((2, 3), (4, 2), (5, 3), (7, 2)), (1, 1))",4,5.0,9.0,4,2,1,expanded,False,True,108
"(((2, 5), (4, 2), (5, 2), (5, 3)), (1, 1))","(((2, 4), (4, 2), (5, 2), (5, 3)), (1, 1))",5,6,11.0,5,,,pruned,,,109
"(((2, 4), (4, 2), (5, 2), (5, 3)), (1, 1))","(((2, 3), (4, 2), (5, 2), (5, 3)), (1, 1))",4,5.0,9.0,4,1,1,expanded,True,True,110
"(((2, 5), (4, 2), (5, 3), (6, 3)), (1, 1))","(((2, 4), (4, 2), (5, 3), (6, 3)), (1, 1))",5,6,11.0,5,,,pruned,,,111
"(((2, 4), (4, 2), (5, 3), (6, 3)), (1, 1))","(((2, 3), (4, 2), (5, 3), (6, 3)), (1, 1))",4,5.0,9.0,4,2,1,expanded,False,True,112
"(((2, 5), (3, 2), (5, 3), (6, 2)), (1, 1))","(((2, 4), (3, 2), (5, 3), (6, 2)), (1, 1))",5,6,11.0,5,,,pruned,,,113
"(((2, 4), (3, 2), (5, 3), (6, 2)), (1, 1))","(((2, 3), (3, 2), (5, 3), (6, 2)), (1, 1))",4,5.0,9.0,4,2,1,expanded,False,True,114
"(((2, 5), (4, 2), (5, 2), (6, 4)), (1, 1))","(((2, 4), (4, 2), (5, 2), (6, 4)), (1, 1))",5,6,11.0,5,,,pruned,,,115
"(((2, 4), (4, 2), (5, 2), (6, 4)), (1, 1))","(((2, 3), (4, 2), (5, 2), (6, 4)), (1, 1))",4,5.0,9.0,4,1,1,expanded,True,True,116
"(((2, 5), (5, 2), (6, 2), (6, 3)), (1, 1))","(((2, 4), (5, 2), (6, 2), (6, 3)), (1, 1))",6,5,11.0,6,,,pruned,,,117
"(((2, 4), (5, 1), (6, 2), (6, 3)), (1, 1))","(((2, 4), (5, 2), (6, 2), (6, 3)), (1, 1))",6,5,11.0,6,,,pruned,,,118
"(((2, 4), (5, 2), (6, 2), (6, 3)), (1, 1))","(((2, 4), (5, 2), (5, 3), (6, 2)), (1, 1))",5,4.0,9.0,5,4,2,expanded,False,True,119
"(((2, 4), (4, 3), (5, 2), (6, 1)), (2, 5))","(((2, 4), (4, 3), (5, 2), (6, 2)), (2, 5))",6,5,11.0,6,,,pruned,,,120
"(((2, 4), (4, 3), (5, 1), (6, 2)), (1, 1))","(((2, 4), (4, 3), (5, 2), (6, 2)), (2, 5))",6,5,11.0,6,,,pruned,,,121
"(((2, 4), (4, 3), (5, 2), (6, 2)), (2, 5))","(((2, 4), (5, 2), (5, 3), (6, 2)), (1, 1))",5,4.0,9.0,5,6,2,expanded,False,True,122
"(((2, 5), (5, 2), (5, 3), (6, 3)), (1, 1))","(((2, 4), (5, 2), (5, 3), (6, 3)), (1, 1))",6,5,11.0,6,,,pruned,,,123
"(((2, 4), (5, 2), (5, 3), (6, 3)), (1, 1))","(((2, 4), (5, 2), (5, 3), (6, 2)), (1, 1))",5,4.0,9.0,5,6,1,expanded,False,True,124
"(((2, 3), (5, 3), (6, 2), (6, 3)), (1, 1))","(((2, 3), (5, 2), (6, 2), (6, 3)), (1, 1))",5,4.0,9.0,5,6,0,expanded,False,True,125
"(((2, 3), (4, 3), (5, 3), (6, 1)), (1, 1))","(((2, 3), (4, 3), (5, 3), (6, 2)), (1, 1))",6,5,11.0,6,,,pruned,,,126
"(((2, 3), (4, 3), (5, 3), (6, 2)), (1, 1))","(((2, 3), (4, 3), (5, 2), (6, 2)), (2, 4))",5,4.0,9.0,5,10,1,expanded,False,True,127
"(((2, 3), (5, 2), (5, 3), (6, 4)), (5, 1))","(((2, 3), (5, 2), (5, 3), (6, 3)), (1, 1))",5,4.0,9.0,5,3,0,expanded,False,True,128
"(((3, 2), (5, 2), (5, 3), (6, 1)), (1, 1))","(((3, 2), (5, 2), (5, 3), (6, 2)), (1, 1))",6,5,11.0,6,,,pruned,,,129
"(((3, 2), (5, 2), (5, 3), (6, 2)), (1, 1))","(((2, 2), (5, 2), (5, 3), (6, 2)), (1, 1))",5,4.0,9.0,5,6,1,expanded,False,True,130
"(((2, 5), (4, 3), (5, 2), (6, 2)), (1, 1))","(((2, 4), (4, 3), (5, 2), (6, 2)), (1, 1))",6,5,11.0,6,,,pruned,,,131
"(((2, 4), (4, 3), (5, 2), (6, 2)), (1, 1))","(((2, 4), (4, 2), (4, 3), (6, 2)), (1, 1))",5,4.0,9.0,5,2,1,expanded,False,True,132
"(((2, 3), (4, 4), (5, 2), (6, 1)), (1, 1))","(((2, 3), (4, 4), (5, 2), (6, 2)), (1, 1))",6,5,11.0,6,,,pruned,,,133
"(((2, 3), (4, 5), (5, 2), (6, 2)), (1, 1))","(((2, 3), (4, 4), (5, 2), (6, 2)), (1, 1))",6,5,11.0,6,,,pruned,,,134
"(((2, 3), (4, 4), (5, 1), (6, 2)), (1, 1))","(((2, 3), (4, 4), (5, 2), (6, 2)), (1, 1))",6,5,11.0,6,,,pruned,,,135
"(((2, 3), (4, 4), (5, 2), (6, 2)), (1, 1))","(((2, 3), (4, 3), (5, 2), (6, 2)), (1, 1))",5,4.0,9.0,5,6,3,expanded,False,True,136
"(((2, 5), (4, 2), (6, 2), (6, 4)), (1, 1))","(((2, 4), (4, 2), (6, 2), (6, 4)), (1, 1))",6,5,11.0,6,,,pruned,,,137
"(((2, 4), (4, 2), (6, 2), (6, 4)), (1, 1))","(((2, 3), (4, 2), (6, 2), (6, 4)), (1, 1))",5,4.0,9.0,5,2,1,expanded,False,True,138
"(((2, 3), (5, 2), (6, 1), (6, 4)), (1, 1))","(((2, 3), (5, 2), (6, 2), (6, 4)), (1, 1))",6,5,11.0,6,,,pruned,,,139
"(((2, 3), (5, 1), (6, 2), (6, 4)), (1, 1))","(((2, 3), (5, 2), (6, 2), (6, 4)), (1, 1))",6,5,11.0,6,,,pruned,,,140
"(((2, 3), (5, 2), (6, 2), (6, 4)), (1, 1))","(((2, 3), (4, 2), (6, 2), (6, 4)), (1, 1))",5,4.0,9.0,5,5,2,expanded,False,True,141
"(((2, 4), (5, 2), (5, 4), (6, 1)), (1, 1))","(((2, 4), (5, 2), (5, 4), (6, 2)), (1, 1))",6,5,11.0,6,,,pruned,,,142
"(((2, 5), (5, 2), (5, 4), (6, 2)), (1, 1))","(((2, 4), (5, 2), (5, 4), (6, 2)), (1, 1))",6,5,11.0,6,,,pruned,,,143
"(((2, 4), (5, 1), (5, 4), (6, 2)), (1, 1))","(((2, 4), (5, 2), (5, 4), (6, 2)), (1, 1))",6,5,11.0,6,,,pruned,,,144
"(((2, 4), (5, 2), (5, 4), (6, 2)), (1, 1))","(((2, 4), (4, 2), (5, 4), (6, 2)), (1, 1))",5,4.0,9.0,5,8,3,expanded,False,True,145
"(((2, 3), (5, 3), (5, 4), (6, 1)), (1, 1))","(((2, 3), (5, 3), (5, 4), (6, 2)), (1, 1))",6,5,11.0,6,,,pruned,,,146
"(((2, 3), (5, 3), (5, 4), (6, 2)), (1, 1))","(((2, 3), (5, 2), (5, 4), (6, 2)), (1, 1))",5,4.0,9.0,5,10,1,expanded,False,True,147
"(((2, 5), (5, 2), (5, 3), (7, 2)), (1, 1))","(((2, 4), (5, 2), (5, 3), (7, 2)), (1, 1))",6,5,11.0,6,,,pruned,,,148
"(((2, 4), (5, 2), (5, 3), (8, 2)), (1, 1))","(((2, 4), (5, 2), (5, 3), (7, 2)), (1, 1))",6,5,11.0,6,,,pruned,,,149
"(((2, 4), (5, 2), (5, 3), (7, 2)), (1, 1))","(((2, 3), (5, 2), (5, 3), (7, 2)), (1, 1))",5,4.0,9.0,5,8,2,expanded,False,True,150
"(((2, 3), (5, 3), (6, 1), (7, 2)), (1, 1))","(((2, 3), (5, 3), (6, 2), (7, 2)), (1, 1))",6,5,11.0,6,,,pruned,,,151
"(((2, 3), (5, 3), (6, 2), (7, 2)), (1, 1))","(((2, 3), (5, 2), (5, 3), (7, 2)), (1, 1))",5,4.0,9.0,5,8,1,expanded,False,True,152
"(((2, 5), (5, 3), (6, 2), (6, 3)), (1, 1))","(((2, 4), (5, 3), (6, 2), (6, 3)), (1, 1))",7,4,11.0,7,,,pruned,,,153
"(((2, 4), (5, 3), (6, 2), (6, 3)), (1, 1))","(((2, 4), (5, 2), (6, 2), (6, 3)), (1, 1))",6,3.0,9.0,6,6,1,expanded,False,True,154
"(((2, 4), (4, 3), (5, 3), (6, 1)), (1, 1))","(((2, 4), (4, 3), (5, 3), (6, 2)), (1, 1))",7,4,11.0,7,,,pruned,,,155
"(((2, 5), (4, 3), (5, 3), (6, 2)), (1, 1))","(((2, 4), (4, 3), (5, 3), (6, 2)), (1, 1))",7,4,11.0,7,,,pruned,,,156
"(((2, 4), (4, 3), (5, 3), (6, 2)), (1, 1))","(((2, 4), (4, 3), (5, 2), (6, 2)), (2, 5))",6,3.0,9.0,6,10,2,expanded,False,True,157
"(((2, 4), (5, 2), (5, 3), (6, 4)), (5, 1))","(((2, 4), (5, 2), (5, 3), (6, 3)), (1, 1))",6,3.0,9.0,6,3,0,expanded,False,True,158
"(((2, 3), (4, 4), (5, 3), (6, 1)), (1, 1))","(((2, 3), (4, 4), (5, 3), (6, 2)), (1, 1))",7,4,11.0,7,,,pruned,,,159
"(((2, 3), (4, 5), (5, 3), (6, 2)), (1, 1))","(((2, 3), (4, 4), (5, 3), (6, 2)), (1, 1))",7,4,11.0,7,,,pruned,,,160
"(((2, 3), (4, 4), (5, 3), (6, 2)), (1, 1))","(((2, 3), (4, 3), (5, 3), (6, 2)), (1, 1))",6,3.0,9.0,6,10,2,expanded,False,True,161
"(((4, 2), (5, 2), (5, 3), (6, 1)), (1, 1))","(((4, 2), (5, 2), (5, 3), (6, 2)), (1, 1))",7,4,11.0,7,,,pruned,,,162
"(((4, 2), (5, 2), (5, 3), (6, 2)), (1, 1))","(((3, 2), (5, 2), (5, 3), (6, 2)), (1, 1))",6,3.0,9.0,6,4,1,expanded,False,True,163
"(((2, 4), (4, 5), (5, 2), (6, 2)), (1, 1))","(((2, 4), (4, 4), (5, 2), (6, 2)), (1, 1))",7,4,11.0,7,,,pruned,,,164
"(((2, 4), (4, 4), (5, 2), (6, 1)), (1, 1))","(((2, 4), (4, 4), (5, 2), (6, 2)), (1, 1))",7,4,11.0,7,,,pruned,,,165
"(((2, 5), (4, 4), (5, 2), (6, 2)), (1, 1))","(((2, 4), (4, 4), (5, 2), (6, 2)), (1, 1))",7,4,11.0,7,,,pruned,,,166
"(((2, 4), (4, 4), (5, 1), (6, 2)), (1, 1))","(((2, 4), (4, 4), (5, 2), (6, 2)), (1, 1))",7,4,11.0,7,,,pruned,,,167
"(((2, 4), (4, 4), (5, 2), (6, 2)), (1, 1))","(((2, 4), (4, 3), (5, 2), (6, 2)), (1, 1))",6,3.0,9.0,6,6,4,expanded,False,True,168
"(((2, 4), (5, 1), (6, 2), (6, 4)), (1, 1))","(((2, 4), (5, 2), (6, 2), (6, 4)), (1, 1))",7,4,11.0,7,,,pruned,,,169
"(((2, 4), (5, 2), (6, 1), (6, 4)), (1, 1))","(((2, 4), (5, 2), (6, 2), (6, 4)), (1, 1))",7,4,11.0,7,,,pruned,,,170
"(((2, 5), (5, 2), (6, 2), (6, 4)), (1, 1))","(((2, 4), (5, 2), (6, 2), (6, 4)), (1, 1))",7,4,11.0,7,,,pruned,,,171
"(((2, 4), (5, 2), (6, 2), (6, 4)), (1, 1))","(((2, 4), (4, 2), (6, 2), (6, 4)), (1, 1))",6,3.0,9.0,6,5,3,expanded,False,True,172
"(((2, 4), (5, 3), (5, 4), (6, 1)), (1, 1))","(((2, 4), (5, 3), (5, 4), (6, 2)), (1, 1))",7,4,11.0,7,,,pruned,,,173
"(((2, 5), (5, 3), (5, 4), (6, 2)), (1, 1))","(((2, 4), (5, 3), (5, 4), (6, 2)), (1, 1))",7,4,11.0,7,,,pruned,,,174
"(((2, 4), (5, 3), (5, 4), (6, 2)), (1, 1))","(((2, 4), (5, 2), (5, 4), (6, 2)), (1, 1))",6,3.0,9.0,6,10,2,expanded,False,True,175
"(((2, 3), (5, 3), (6, 2), (6, 4)), (1, 1))","(((2, 3), (5, 3), (5, 4), (6, 2)), (1, 1))",6,3.0,9.0,6,10,0,expanded,False,True,176
"(((2, 5), (5, 3), (6, 2), (7, 2)), (1, 1))","(((2, 4), (5, 3), (6, 2), (7, 2)), (1, 1))",7,4,11.0,7,,,pruned,,,177
"(((2, 4), (5, 3), (6, 1), (7, 2)), (1, 1))","(((2, 4), (5, 3), (6, 2), (7, 2)), (1, 1))",7,4,11.0,7,,,pruned,,,178
"(((2, 4), (5, 3), (6, 2), (7, 2)), (1, 1))","(((2, 4), (5, 2), (5, 3), (7, 2)), (1, 1))",6,3.0,9.0,6,8,2,expanded,False,True,179
"(((2, 4), (4, 4), (5, 3), (6, 1)), (1, 1))","(((2, 4), (4, 4), (5, 3), (6, 2)), (1, 1))",8,3,11.0,8,,,pruned,,,180
"(((2, 5), (4, 4), (5, 3), (6, 2)), (1, 1))","(((2, 4), (4, 4), (5, 3), (6, 2)), (1, 1))",8,3,11.0,8,,,pruned,,,181
"(((2, 4), (4, 5), (5, 3), (6, 2)), (1, 1))","(((2, 4), (4, 4), (5, 3), (6, 2)), (1, 1))",8,3,11.0,8,,,pruned,,,182
"(((2, 4), (4, 4), (5, 3), (6, 2)), (1, 1))","(((2, 4), (4, 3), (5, 3), (6, 2)), (1, 1))",7,2.0,9.0,7,10,3,expanded,False,True,183
"(((2, 5), (5, 3), (6, 2), (6, 4)), (1, 1))","(((2, 4), (5, 3), (6, 2), (6, 4)), (1, 1))",8,3,11.0,8,,,pruned,,,184
"(((2, 4), (5, 3), (6, 2), (6, 4)), (1, 1))","(((2, 4), (5, 3), (5, 4), (6, 2)), (1, 1))",7,2.0,9.0,7,10,1,expanded,False,True,185
"(((2, 2), (4, 2), (6, 3), (8, 2)), (1, 1))","(((2, 2), (4, 2), (6, 3), (7, 2)), (1, 1))",4,9,13.0,4,,,pruned,,,186
"(((2, 1), (4, 2), (6, 3), (7, 2)), (1, 1))","(((2, 2), (4, 2), (6, 3), (7, 2)), (1, 1))",4,9,13.0,4,,,pruned,,,187
"(((2, 2), (4, 2), (6, 3), (7, 2)), (1, 1))","(((2, 2), (4, 2), (6, 2), (6, 3)), (1, 1))",3,8.0,11.0,3,8,2,expanded,False,True,188
"(((2, 1), (3, 2), (6, 2), (6, 3)), (1, 1))","(((2, 2), (3, 2), (6, 2), (6, 3)), (1, 1))",4,9,13.0,4,,,pruned,,,189
"(((2, 2), (3, 2), (6, 2), (6, 3)), (1, 1))","(((2, 2), (4, 2), (6, 2), (6, 3)), (1, 1))",3,8.0,11.0,3,4,1,expanded,False,True,190
"(((2, 2), (4, 2), (4, 3), (8, 2)), (1, 1))","(((2, 2), (4, 2), (4, 3), (7, 2)), (1, 1))",4,9,13.0,4,,,pruned,,,191
"(((2, 1), (4, 2), (4, 3), (7, 2)), (1, 1))","(((2, 2), (4, 2), (4, 3), (7, 2)), (1, 1))",4,9,13.0,4,,,pruned,,,192
"(((2, 2), (4, 2), (4, 3), (7, 2)), (1, 1))","(((2, 2), (4, 2), (4, 3), (6, 2)), (1, 1))",3,8.0,11.0,3,6,2,expanded,False,True,193
"(((2, 2), (4, 2), (4, 3), (5, 1)), (1, 1))","(((2, 2), (4, 2), (4, 3), (5, 2)), (1, 1))",4,9,13.0,4,,,pruned,,,194
"(((2, 1), (4, 2), (4, 3), (5, 2)), (1, 1))","(((2, 2), (4, 2), (4, 3), (5, 2)), (1, 1))",4,9,13.0,4,,,pruned,,,195
"(((2, 2), (4, 2), (4, 3), (5, 2)), (1, 1))","(((2, 2), (4, 2), (4, 3), (6, 2)), (1, 1))",3,8.0,11.0,3,5,2,expanded,False,True,196
"(((2, 1), (4, 2), (4, 3), (6, 3)), (1, 1))","(((2, 2), (4, 2), (4, 3), (6, 3)), (1, 1))",4,9,13.0,4,,,pruned,,,197
"(((2, 2), (4, 2), (4, 3), (6, 3)), (1, 1))","(((2, 2), (4, 2), (4, 3), (6, 2)), (1, 1))",3,8.0,11.0,3,6,1,expanded,False,True,198
"(((2, 2), (3, 2), (4, 3), (6, 1)), (1, 1))","(((2, 2), (3, 2), (4, 3), (6, 2)), (1, 1))",4,9,13.0,4,,,pruned,,,199
"(((2, 1), (3, 2), (4, 3), (6, 2)), (1, 1))","(((2, 2), (3, 2), (4, 3), (6, 2)), (1, 1))",4,9,13.0,4,,,pruned,,,200
"(((2, 2), (3, 2), (4, 3), (6, 2)), (1, 1))","(((2, 2), (4, 2), (4, 3), (6, 2)), (1, 1))",3,8.0,11.0,3,8,2,expanded,False,True,201
"(((2, 2), (4, 2), (5, 4), (8, 2)), (1, 1))","(((2, 2), (4, 2), (5, 4), (7, 2)), (1, 1))",4,9,13.0,4,,,pruned,,,202
"(((2, 1), (4, 2), (5, 4), (7, 2)), (1, 1))","(((2, 2), (4, 2), (5, 4), (7, 2)), (1, 1))",4,9,13.0,4,,,pruned,,,203
"(((2, 2), (4, 2), (5, 4), (7, 2)), (1, 1))","(((2, 2), (4, 2), (5, 4), (6, 2)), (1, 1))",3,8.0,11.0,3,8,2,expanded,False,True,204
"(((2, 2), (4, 2), (5, 1), (5, 4)), (1, 1))","(((2, 2), (4, 2), (5, 2), (5, 4)), (1, 1))",4,9,13.0,4,,,pruned,,,205
"(((2, 1), (4, 2), (5, 2), (5, 4)), (1, 1))","(((2, 2), (4, 2), (5, 2), (5, 4)), (1, 1))",4,9,13.0,4,,,pruned,,,206
"(((2, 2), (4, 2), (5, 2), (5, 4)), (1, 1))","(((2, 2), (4, 2), (5, 4), (6, 2)), (1, 1))",3,8.0,11.0,3,7,2,expanded,False,True,207
"(((2, 1), (4, 2), (5, 4), (6, 3)), (1, 1))","(((2, 2), (4, 2), (5, 4), (6, 3)), (1, 1))",4,9,13.0,4,,,pruned,,,208
"(((2, 2), (4, 2), (5, 4), (6, 3)), (1, 1))","(((2, 2), (4, 2), (5, 4), (6, 2)), (1, 1))",3,8.0,11.0,3,8,1,expanded,False,True,209
"(((2, 2), (3, 2), (5, 4), (6, 1)), (1, 1))","(((2, 2), (3, 2), (5, 4), (6, 2)), (1, 1))",4,9,13.0,4,,,pruned,,,210
"(((2, 1), (3, 2), (5, 4), (6, 2)), (1, 1))","(((2, 2), (3, 2), (5, 4), (6, 2)), (1, 1))",4,9,13.0,4,,,pruned,,,211
"(((2, 2), (3, 2), (5, 4), (6, 2)), (1, 1))","(((2, 2), (4, 2), (5, 4), (6, 2)), (1, 1))",3,8.0,11.0,3,8,2,expanded,False,True,212
"(((2, 2), (4, 2), (5, 1), (7, 2)), (1, 1))","(((2, 2), (4, 2), (5, 2), (7, 2)), (1, 1))",4,9,13.0,4,,,pruned,,,213
"(((2, 2), (4, 2), (5, 2), (8, 2)), (1, 1))","(((2, 2), (4, 2), (5, 2), (7, 2)), (1, 1))",4,9,13.0,4,,,pruned,,,214
"(((2, 1), (4, 2), (5, 2), (7, 2)), (1, 1))","(((2, 2), (4, 2), (5, 2), (7, 2)), (1, 1))",4,9,13.0,4,,,pruned,,,215
"(((2, 2), (4, 2), (5, 2), (7, 2)), (1, 1))","(((2, 2), (4, 2), (5, 3), (7, 2)), (1, 1))",3,8.0,11.0,3,7,3,expanded,False,True,216
"(((2, 2), (3, 2), (5, 3), (8, 2)), (1, 1))","(((2, 2), (3, 2), (5, 3), (7, 2)), (1, 1))",4,9,13.0,4,,,pruned,,,217
"(((2, 1), (3, 2), (5, 3), (7, 2)), (1, 1))","(((2, 2), (3, 2), (5, 3), (7, 2)), (1, 1))",4,9,13.0,4,,,pruned,,,218
"(((2, 2), (3, 2), (5, 3), (7, 2)), (1, 1))","(((2, 2), (4, 2), (5, 3), (7, 2)), (1, 1))",3,8.0,11.0,3,8,2,expanded,False,True,219
"(((2, 1), (3, 2), (5, 3), (6, 3)), (1, 1))","(((2, 2), (3, 2), (5, 3), (6, 3)), (1, 1))",4,9,13.0,4,,,pruned,,,220
"(((2, 2), (3, 2), (5, 3), (6, 3)), (1, 1))","(((2, 2), (4, 2), (5, 3), (6, 3)), (1, 1))",3,8.0,11.0,3,6,1,expanded,False,True,221
"(((2, 2), (3, 2), (5, 1), (6, 2)), (1, 1))","(((2, 2), (3, 2), (5, 2), (6, 2)), (1, 1))",4,9,13.0,4,,,pruned,,,222
"(((2, 2), (3, 2), (5, 2), (6, 1)), (1, 1))","(((2, 2), (3, 2), (5, 2), (6, 2)), (1, 1))",4,9,13.0,4,,,pruned,,,223
"(((2, 1), (3, 2), (5, 2), (6, 2)), (1, 1))","(((2, 2), (3, 2), (5, 2), (6, 2)), (1, 1))",4,9,13.0,4,,,pruned,,,224
"(((2, 2), (3, 2), (5, 2), (6, 2)), (1, 1))","(((2, 2), (3, 2), (5, 3), (6, 2)), (1, 1))",3,8.0,11.0,3,6,3,expanded,False,True,225
"(((2, 1), (3, 2), (5, 2), (5, 3)), (1, 1))","(((2, 2), (3, 2), (5, 2), (5, 3)), (1, 1))",4,9,13.0,4,,,pruned,,,226
"(((2, 2), (3, 2), (5, 2), (5, 3)), (1, 1))","(((2, 2), (3, 2), (5, 3), (6, 2)), (1, 1))",3,8.0,11.0,3,6,1,expanded,False,True,227
"(((2, 2), (4, 2), (5, 2), (8, 4)), (1, 1))","(((2, 2), (4, 2), (5, 2), (7, 4)), (1, 1))",4,9,13.0,4,,,pruned,,,228
"(((2, 1), (4, 2), (5, 2), (7, 4)), (1, 1))","(((2, 2), (4, 2), (5, 2), (7, 4)), (1, 1))",4,9,13.0,4,,,pruned,,,229
"(((2, 2), (4, 2), (5, 1), (7, 4)), (1, 1))","(((2, 2), (4, 2), (5, 2), (7, 4)), (1, 1))",4,9,13.0,4,,,pruned,,,230
"(((2, 2), (4, 2), (5, 2), (7, 4)), (1, 1))","(((2, 2), (4, 2), (5, 2), (6, 4)), (1, 1))",3,8.0,11.0,3,7,3,expanded,False,True,231
"(((3, 2), (4, 2), (6, 3), (8, 2)), (1, 1))","(((3, 2), (4, 2), (6, 3), (7, 2)), (1, 1))",5,8,13.0,5,,,pruned,,,232
"(((3, 2), (4, 2), (6, 3), (7, 2)), (1, 1))","(((3, 2), (4, 2), (6, 2), (6, 3)), (1, 1))",4,7.0,11.0,4,4,1,expanded,False,True,233
"(((3, 2), (4, 2), (4, 3), (8, 2)), (1, 1))","(((3, 2), (4, 2), (4, 3), (7, 2)), (1, 1))",5,8,13.0,5,,,pruned,,,234
"(((3, 2), (4, 2), (4, 3), (7, 2)), (1, 1))","(((3, 2), (4, 2), (4, 3), (6, 2)), (1, 1))",4,7.0,11.0,4,2,1,expanded,False,True,235
"(((3, 2), (4, 2), (4, 3), (5, 1)), (1, 1))","(((3, 2), (4, 2), (4, 3), (5, 2)), (1, 1))",5,8,13.0,5,,,pruned,,,236
"(((3, 2), (4, 2), (4, 3), (5, 2)), (1, 1))","(((3, 2), (4, 2), (4, 3), (6, 2)), (1, 1))",4,7.0,11.0,4,2,1,expanded,False,True,237
"(((3, 2), (4, 2), (4, 3), (6, 3)), (1, 1))","(((3, 2), (4, 2), (4, 3), (6, 2)), (1, 1))",4,7.0,11.0,4,2,0,expanded,False,True,238
"(((3, 2), (4, 2), (5, 4), (8, 2)), (1, 1))","(((3, 2), (4, 2), (5, 4), (7, 2)), (1, 1))",5,8,13.0,5,,,pruned,,,239
"(((3, 2), (4, 2), (5, 4), (7, 2)), (1, 1))","(((3, 2), (4, 2), (5, 4), (6, 2)), (1, 1))",4,7.0,11.0,4,4,1,expanded,False,True,240
"(((3, 2), (4, 2), (5, 1), (5, 4)), (1, 1))","(((3, 2), (4, 2), (5, 2), (5, 4)), (1, 1))",5,8,13.0,5,,,pruned,,,241
"(((3, 2), (4, 2), (5, 2), (5, 4)), (1, 1))","(((3, 2), (4, 2), (5, 4), (6, 2)), (1, 1))",4,7.0,11.0,4,4,1,expanded,False,True,242
"(((3, 2), (4, 2), (5, 4), (6, 3)), (1, 1))","(((3, 2), (4, 2), (5, 4), (6, 2)), (1, 1))",4,7.0,11.0,4,4,0,expanded,False,True,243
"(((3, 2), (4, 2), (5, 2), (8, 2)), (1, 1))","(((3, 2), (4, 2), (5, 2), (7, 2)), (1, 1))",5,8,13.0,5,,,pruned,,,244
"(((3, 2), (4, 2), (5, 1), (7, 2)), (1, 1))","(((3, 2), (4, 2), (5, 2), (7, 2)), (1, 1))",5,8,13.0,5,,,pruned,,,245
"(((3, 2), (4, 2), (5, 2), (7, 2)), (1, 1))","(((3, 2), (4, 2), (5, 3), (7, 2)), (1, 1))",4,7.0,11.0,4,4,2,expanded,False,True,246
"(((2, 2), (4, 2), (6, 4), (8, 2)), (1, 1))","(((2, 2), (4, 2), (6, 4), (7, 2)), (1, 1))",5,8,13.0,5,,,pruned,,,247
"(((2, 1), (4, 2), (6, 4), (7, 2)), (1, 1))","(((2, 2), (4, 2), (6, 4), (7, 2)), (1, 1))",5,8,13.0,5,,,pruned,,,248
"(((2, 2), (4, 2), (6, 4), (7, 2)), (1, 1))","(((2, 2), (4, 2), (6, 2), (6, 4)), (1, 1))",4,7.0,11.0,4,6,2,expanded,False,True,249
"(((2, 1), (4, 2), (6, 3), (6, 4)), (1, 1))","(((2, 2), (4, 2), (6, 3), (6, 4)), (1, 1))",5,8,13.0,5,,,pruned,,,250
"(((2, 2), (4, 2), (6, 3), (6, 4)), (1, 1))","(((2, 2), (4, 2), (6, 2), (6, 4)), (1, 1))",4,7.0,11.0,4,6,1,expanded,False,True,251
"(((2, 2), (4, 2), (6, 2), (8, 4)), (1, 1))","(((2, 2), (4, 2), (6, 2), (7, 4)), (1, 1))",5,8,13.0,5,,,pruned,,,252
"(((2, 2), (4, 2), (6, 1), (7, 4)), (1, 1))","(((2, 2), (4, 2), (6, 2), (7, 4)), (1, 1))",5,8,13.0,5,,,pruned,,,253
"(((2, 1), (4, 2), (6, 2), (7, 4)), (1, 1))","(((2, 2), (4, 2), (6, 2), (7, 4)), (1, 1))",5,8,13.0,5,,,pruned,,,254
"(((2, 2), (4, 2), (6, 2), (7, 4)), (1, 1))","(((2, 2), (4, 2), (6, 2), (6, 4)), (1, 1))",4,7.0,11.0,4,10,3,expanded,False,True,255
"(((2, 2), (3, 2), (6, 1), (6, 4)), (1, 1))","(((2, 2), (3, 2), (6, 2), (6, 4)), (1, 1))",5,8,13.0,5,,,pruned,,,256
"(((2, 1), (3, 2), (6, 2), (6, 4)), (1, 1))","(((2, 2), (3, 2), (6, 2), (6, 4)), (1, 1))",5,8,13.0,5,,,pruned,,,257
"(((2, 2), (3, 2), (6, 2), (6, 4)), (1, 1))","(((2, 2), (4, 2), (6, 2), (6, 4)), (1, 1))",4,7.0,11.0,4,8,2,expanded,False,True,258
"(((2, 2), (4, 2), (4, 5), (7, 2)), (4, 3))","(((2, 2), (4, 2), (4, 4), (7, 2)), (4, 3))",5,8,13.0,5,,,pruned,,,259
"(((2, 2), (4, 2), (4, 4), (8, 2)), (4, 3))","(((2, 2), (4, 2), (4, 4), (7, 2)), (4, 3))",5,8,13.0,5,,,pruned,,,260
"(((2, 2), (4, 2), (4, 4), (7, 2)), (4, 3))","(((2, 2), (4, 2), (4, 4), (6, 2)), (4, 3))",4,7.0,11.0,4,4,2,expanded,False,True,261
"(((2, 2), (4, 2), (4, 5), (5, 2)), (4, 3))","(((2, 2), (4, 2), (4, 4), (5, 2)), (4, 3))",5,8,13.0,5,,,pruned,,,262
"(((2, 2), (4, 2), (4, 4), (5, 1)), (4, 3))","(((2, 2), (4, 2), (4, 4), (5, 2)), (4, 3))",5,8,13.0,5,,,pruned,,,263
"(((2, 2), (4, 2), (4, 4), (5, 2)), (4, 3))","(((2, 2), (4, 2), (4, 4), (6, 2)), (4, 3))",4,7.0,11.0,4,3,2,expanded,False,True,264
"(((2, 2), (4, 2), (4, 5), (6, 3)), (4, 3))","(((2, 2), (4, 2), (4, 4), (6, 3)), (4, 3))",5,8,13.0,5,,,pruned,,,265
"(((2, 2), (4, 2), (4, 4), (6, 3)), (4, 3))","(((2, 2), (4, 2), (4, 4), (6, 2)), (4, 3))",4,7.0,11.0,4,4,1,expanded,False,True,266
"(((2, 2), (3, 2), (4, 5), (6, 2)), (4, 2))","(((2, 2), (3, 2), (4, 4), (6, 2)), (4, 2))",5,8,13.0,5,,,pruned,,,267
"(((2, 2), (3, 2), (4, 4), (6, 1)), (4, 2))","(((2, 2), (3, 2), (4, 4), (6, 2)), (4, 2))",5,8,13.0,5,,,pruned,,,268
"(((2, 2), (3, 2), (4, 4), (6, 2)), (4, 2))","(((2, 2), (4, 2), (4, 4), (6, 2)), (4, 3))",4,7.0,11.0,4,5,2,expanded,False,True,269
"(((2, 1), (4, 2), (4, 3), (6, 4)), (1, 1))","(((2, 2), (4, 2), (4, 3), (6, 4)), (1, 1))",5,8,13.0,5,,,pruned,,,270
"(((2, 2), (4, 2), (4, 3), (6, 4)), (1, 1))","(((2, 2), (4, 2), (5, 3), (6, 4)), (5, 1))",4,7.0,11.0,4,6,1,expanded,False,True,271
"(((2, 1), (4, 2), (5, 4), (6, 4)), (1, 1))","(((2, 2), (4, 2), (5, 4), (6, 4)), (1, 1))",5,8,13.0,5,,,pruned,,,272
"(((2, 2), (4, 2), (5, 4), (6, 4)), (1, 1))","(((2, 2), (4, 2), (5, 3), (6, 4)), (5, 1))",4,7.0,11.0,4,4,1,expanded,False,True,273
"(((2, 2), (4, 2), (5, 3), (5, 4)), (5, 1))","(((2, 2), (4, 2), (5, 3), (6, 4)), (5, 1))",4,7.0,11.0,4,3,0,expanded,False,True,274
"(((2, 1), (3, 2), (5, 3), (6, 4)), (1, 1))","(((2, 2), (3, 2), (5, 3), (6, 4)), (1, 1))",5,8,13.0,5,,,pruned,,,275
"(((2, 2), (3, 2), (5, 3), (6, 4)), (1, 1))","(((2, 2), (4, 2), (5, 3), (6, 4)), (5, 1))",4,7.0,11.0,4,8,1,expanded,False,True,276
"(((3, 2), (4, 2), (5, 2), (8, 4)), (1, 1))","(((3, 2), (4, 2), (5, 2), (7, 4)), (1, 1))",5,8,13.0,5,,,pruned,,,277
"(((3, 2), (4, 2), (5, 1), (7, 4)), (1, 1))","(((3, 2), (4, 2), (5, 2), (7, 4)), (1, 1))",5,8,13.0,5,,,pruned,,,278
"(((3, 2), (4, 2), (5, 2), (7, 4)), (1, 1))","(((3, 2), (4, 2), (5, 2), (6, 4)), (1, 1))",4,7.0,11.0,4,4,2,expanded,False,True,279
"(((2, 2), (4, 2), (6, 1), (7, 2)), (1, 1))","(((2, 2), (4, 2), (6, 2), (7, 2)), (1, 1))",5,8,13.0,5,,,pruned,,,280
"(((2, 1), (4, 2), (6, 2), (7, 2)), (1, 1))","(((2, 2), (4, 2), (6, 2), (7, 2)), (1, 1))",5,8,13.0,5,,,pruned,,,281
"(((2, 2), (4, 2), (6, 2), (7, 2)), (1, 1))","(((2, 2), (4, 2), (6, 3), (7, 2)), (1, 1))",4,7.0,11.0,4,6,2,expanded,False,True,282
"(((2, 3), (4, 2), (6, 3), (7, 2)), (1, 1))","(((2, 2), (4, 2), (6, 3), (7, 2)), (1, 1))",4,7.0,11.0,4,2,0,expanded,False,True,283
"(((2, 3), (3, 2), (6, 2), (6, 3)), (1, 1))","(((2, 2), (3, 2), (6, 2), (6, 3)), (1, 1))",4,7.0,11.0,4,2,0,expanded,False,True,284
"(((2, 3), (4, 2), (4, 3), (7, 2)), (1, 1))","(((2, 2), (4, 2), (4, 3), (7, 2)), (1, 1))",4,7.0,11.0,4,2,0,expanded,False,True,285
"(((2, 1), (4, 2), (4, 3), (5, 3)), (1, 1))","(((2, 2), (4, 2), (4, 3), (5, 3)), (1, 1))",5,8,13.0,5,,,pruned,,,286
"(((2, 2), (4, 2), (4, 3), (5, 3)), (1, 1))","(((2, 2), (4, 2), (4, 3), (5, 2)), (1, 1))",4,7.0,11.0,4,6,1,expanded,False,True,287
"(((2, 3), (4, 2), (4, 3), (5, 2)), (1, 1))","(((2, 2), (4, 2), (4, 3), (5, 2)), (1, 1))",4,7.0,11.0,4,1,0,expanded,False,True,288
"(((2, 3), (4, 2), (4, 3), (6, 3)), (1, 1))","(((2, 2), (4, 2), (4, 3), (6, 3)), (1, 1))",4,7.0,11.0,4,2,0,expanded,False,True,289
"(((2, 3), (3, 2), (4, 3), (6, 2)), (1, 1))","(((2, 2), (3, 2), (4, 3), (6, 2)), (1, 1))",4,7.0,11.0,4,2,0,expanded,False,True,290
"(((2, 3), (4, 2), (5, 4), (7, 2)), (1, 1))","(((2, 2), (4, 2), (5, 4), (7, 2)), (1, 1))",4,7.0,11.0,4,2,0,expanded,False,True,291
"(((2, 3), (4, 2), (5, 2), (5, 4)), (1, 1))","(((2, 2), (4, 2), (5, 2), (5, 4)), (1, 1))",4,7.0,11.0,4,1,0,expanded,False,True,292
"(((2, 3), (4, 2), (5, 4), (6, 3)), (1, 1))","(((2, 2), (4, 2), (5, 4), (6, 3)), (1, 1))",4,7.0,11.0,4,2,0,expanded,False,True,293
"(((2, 3), (3, 2), (5, 4), (6, 2)), (1, 1))","(((2, 2), (3, 2), (5, 4), (6, 2)), (1, 1))",4,7.0,11.0,4,2,0,expanded,False,True,294
"(((2, 3), (4, 2), (5, 2), (7, 2)), (1, 1))","(((2, 2), (4, 2), (5, 2), (7, 2)), (1, 1))",4,7.0,11.0,4,1,0,expanded,False,True,295
"(((2, 3), (3, 2), (5, 3), (7, 2)), (1, 1))","(((2, 2), (3, 2), (5, 3), (7, 2)), (1, 1))",4,7.0,11.0,4,2,0,expanded,False,True,296
"(((2, 3), (3, 2), (5, 3), (6, 3)), (1, 1))","(((2, 2), (3, 2), (5, 3), (6, 3)), (1, 1))",4,7.0,11.0,4,2,0,expanded,False,True,297
"(((2, 3), (3, 2), (5, 2), (6, 2)), (1, 1))","(((2, 2), (3, 2), (5, 2), (6, 2)), (1, 1))",4,7.0,11.0,4,2,0,expanded,False,True,298
"(((2, 3), (3, 2), (5, 2), (5, 3)), (1, 1))","(((2, 2), (3, 2), (5, 2), (5, 3)), (1, 1))",4,7.0,11.0,4,2,0,expanded,False,True,299
"(((2, 3), (4, 2), (5, 2), (7, 4)), (1, 1))","(((2, 2), (4, 2), (5, 2), (7, 4)), (1, 1))",4,7.0,11.0,4,1,0,expanded,False,True,300
"(((2, 2), (4, 2), (5, 3), (8, 4)), (1, 1))","(((2, 2), (4, 2), (5, 3), (7, 4)), (1, 1))",5,8,13.0,5,,,pruned,,,301
"(((2, 1), (4, 2), (5, 3), (7, 4)), (1, 1))","(((2, 2), (4, 2), (5, 3), (7, 4)), (1, 1))",5,8,13.0,5,,,pruned,,,302
"(((2, 2), (4, 2), (5, 3), (7, 4)), (1, 1))","(((2, 2), (4, 2), (5, 2), (7, 4)), (1, 1))",4,7.0,11.0,4,10,2,expanded,False,True,303
"(((1, 2), (5, 2), (6, 2), (6, 3)), (1, 1))","(((2, 2), (5, 2), (6, 2), (6, 3)), (1, 1))",6,7,13.0,6,,,pruned,,,304
"(((2, 1), (5, 2), (6, 2), (6, 3)), (1, 1))","(((2, 2), (5, 2), (6, 2), (6, 3)), (1, 1))",6,7,13.0,6,,,pruned,,,305
"(((2, 2), (5, 1), (6, 2), (6, 3)), (1, 1))","(((2, 2), (5, 2), (6, 2), (6, 3)), (1, 1))",6,7,13.0,6,,,pruned,,,306
"(((2, 2), (5, 2), (6, 2), (6, 3)), (1, 1))","(((2, 3), (5, 2), (6, 2), (6, 3)), (1, 1))",5,6.0,11.0,5,6,3,expanded,False,True,307
"(((2, 2), (4, 3), (5, 1), (6, 2)), (1, 1))","(((2, 2), (4, 3), (5, 2), (6, 2)), (1, 1))",6,7,13.0,6,,,pruned,,,308
"(((2, 2), (4, 3), (5, 2), (6, 1)), (1, 1))","(((2, 2), (4, 3), (5, 2), (6, 2)), (1, 1))",6,7,13.0,6,,,pruned,,,309
"(((2, 1), (4, 3), (5, 2), (6, 2)), (1, 1))","(((2, 2), (4, 3), (5, 2), (6, 2)), (1, 1))",6,7,13.0,6,,,pruned,,,310
"(((2, 2), (4, 3), (5, 2), (6, 2)), (1, 1))","(((2, 3), (4, 3), (5, 2), (6, 2)), (2, 4))",5,6.0,11.0,5,8,3,expanded,False,True,311
"(((2, 3), (4, 3), (5, 1), (6, 3)), (1, 1))","(((2, 3), (4, 3), (5, 2), (6, 3)), (2, 4))",6,7,13.0,6,,,pruned,,,312
"(((2, 3), (4, 3), (5, 2), (6, 3)), (2, 4))","(((2, 3), (4, 3), (5, 2), (6, 2)), (2, 4))",5,6.0,11.0,5,7,1,expanded,False,True,313
"(((2, 3), (4, 2), (5, 2), (6, 1)), (2, 4))","(((2, 3), (4, 2), (5, 2), (6, 2)), (2, 4))",6,7,13.0,6,,,pruned,,,314
"(((2, 3), (4, 2), (5, 1), (6, 2)), (2, 4))","(((2, 3), (4, 2), (5, 2), (6, 2)), (2, 4))",6,7,13.0,6,,,pruned,,,315
"(((2, 3), (4, 2), (5, 2), (6, 2)), (2, 4))","(((2, 3), (4, 3), (5, 2), (6, 2)), (2, 4))",5,6.0,11.0,5,5,2,expanded,False,True,316
"(((1, 2), (5, 2), (5, 3), (6, 3)), (1, 1))","(((2, 2), (5, 2), (5, 3), (6, 3)), (1, 1))",6,7,13.0,6,,,pruned,,,317
"(((2, 1), (5, 2), (5, 3), (6, 3)), (1, 1))","(((2, 2), (5, 2), (5, 3), (6, 3)), (1, 1))",6,7,13.0,6,,,pruned,,,318
"(((2, 2), (5, 2), (5, 3), (6, 3)), (1, 1))","(((2, 3), (5, 2), (5, 3), (6, 3)), (1, 1))",5,6.0,11.0,5,8,2,expanded,False,True,319
"(((2, 3), (4, 2), (5, 3), (6, 3)), (2, 4))","(((2, 3), (5, 2), (5, 3), (6, 3)), (1, 1))",5,6.0,11.0,5,6,0,expanded,False,True,320
"(((3, 2), (4, 2), (6, 4), (8, 2)), (1, 1))","(((3, 2), (4, 2), (6, 4), (7, 2)), (1, 1))",6,7,13.0,6,,,pruned,,,321
"(((3, 2), (4, 2), (6, 4), (7, 2)), (1, 1))","(((3, 2), (4, 2), (6, 2), (6, 4)), (1, 1))",5,6.0,11.0,5,2,1,expanded,False,True,322
"(((3, 2), (4, 2), (6, 3), (6, 4)), (1, 1))","(((3, 2), (4, 2), (6, 2), (6, 4)), (1, 1))",5,6.0,11.0,5,2,0,expanded,False,True,323
"(((3, 2), (4, 2), (6, 2), (8, 4)), (1, 1))","(((3, 2), (4, 2), (6, 2), (7, 4)), (1, 1))",6,7,13.0,6,,,pruned,,,324
"(((3, 2), (4, 2), (6, 1), (7, 4)), (1, 1))","(((3, 2), (4, 2), (6, 2), (7, 4)), (1, 1))",6,7,13.0,6,,,pruned,,,325
"(((3, 2), (4, 2), (6, 2), (7, 4)), (1, 1))","(((3, 2), (4, 2), (6, 2), (6, 4)), (1, 1))",5,6.0,11.0,5,6,2,expanded,False,True,326
"(((3, 2), (4, 2), (4, 5), (7, 2)), (4, 3))","(((3, 2), (4, 2), (4, 4), (7, 2)), (4, 3))",6,7,13.0,6,,,pruned,,,327
"(((3, 2), (4, 2), (4, 4), (8, 2)), (4, 3))","(((3, 2), (4, 2), (4, 4), (7, 2)), (4, 3))",6,7,13.0,6,,,pruned,,,328
"(((3, 2), (4, 2), (4, 4), (7, 2)), (4, 3))","(((3, 2), (4, 2), (4, 4), (6, 2)), (4, 3))",5,6.0,11.0,5,3,2,expanded,False,True,329
"(((3, 2), (4, 2), (4, 5), (5, 2)), (4, 3))","(((3, 2), (4, 2), (4, 4), (5, 2)), (4, 3))",6,7,13.0,6,,,pruned,,,330
"(((3, 2), (4, 2), (4, 4), (5, 1)), (4, 3))","(((3, 2), (4, 2), (4, 4), (5, 2)), (4, 3))",6,7,13.0,6,,,pruned,,,331
"(((3, 2), (4, 2), (4, 4), (5, 2)), (4, 3))","(((3, 2), (4, 2), (4, 4), (6, 2)), (4, 3))",5,6.0,11.0,5,3,2,expanded,False,True,332
"(((3, 2), (4, 2), (4, 5), (6, 3)), (4, 3))","(((3, 2), (4, 2), (4, 4), (6, 3)), (4, 3))",6,7,13.0,6,,,pruned,,,333
"(((3, 2), (4, 2), (4, 4), (6, 3)), (4, 3))","(((3, 2), (4, 2), (4, 4), (6, 2)), (4, 3))",5,6.0,11.0,5,3,1,expanded,False,True,334
"(((3, 2), (4, 2), (4, 3), (6, 4)), (1, 1))","(((3, 2), (4, 2), (5, 3), (6, 4)), (5, 1))",5,6.0,11.0,5,2,0,expanded,False,True,335
"(((3, 2), (4, 2), (5, 4), (6, 4)), (1, 1))","(((3, 2), (4, 2), (5, 3), (6, 4)), (5, 1))",5,6.0,11.0,5,0,0,expanded,False,True,336
"(((3, 2), (4, 2), (5, 3), (5, 4)), (5, 1))","(((3, 2), (4, 2), (5, 3), (6, 4)), (5, 1))",5,6.0,11.0,5,2,0,expanded,False,True,337
"(((2, 2), (5, 2), (5, 4), (6, 1)), (1, 1))","(((2, 2), (5, 2), (5, 4), (6, 2)), (1, 1))",6,7,13.0,6,,,pruned,,,338
"(((1, 2), (5, 2), (5, 4), (6, 2)), (1, 1))","(((2, 2), (5, 2), (5, 4), (6, 2)), (1, 1))",6,7,13.0,6,,,pruned,,,339
"(((2, 1), (5, 2), (5, 4), (6, 2)), (1, 1))","(((2, 2), (5, 2), (5, 4), (6, 2)), (1, 1))",6,7,13.0,6,,,pruned,,,340
"(((2, 2), (5, 1), (5, 4), (6, 2)), (1, 1))","(((2, 2), (5, 2), (5, 4), (6, 2)), (1, 1))",6,7,13.0,6,,,pruned,,,341
"(((2, 2), (5, 2), (5, 4), (6, 2)), (1, 1))","(((2, 3), (5, 2), (5, 4), (6, 2)), (1, 1))",5,6.0,11.0,5,10,4,expanded,False,True,342
"(((2, 3), (5, 2), (5, 4), (6, 3)), (5, 1))","(((2, 3), (5, 2), (5, 4), (6, 2)), (1, 1))",5,6.0,11.0,5,5,0,expanded,False,True,343
"(((2, 3), (5, 1), (6, 3), (7, 2)), (1, 1))","(((2, 3), (5, 2), (6, 3), (7, 2)), (1, 1))",6,7,13.0,6,,,pruned,,,344
"(((2, 3), (5, 2), (6, 3), (7, 2)), (1, 1))","(((2, 3), (5, 2), (5, 3), (7, 2)), (1, 1))",5,6.0,11.0,5,6,1,expanded,False,True,345
"(((2, 3), (4, 3), (5, 2), (8, 2)), (2, 4))","(((2, 3), (4, 3), (5, 2), (7, 2)), (2, 4))",6,7,13.0,6,,,pruned,,,346
"(((2, 3), (4, 3), (5, 1), (7, 2)), (1, 1))","(((2, 3), (4, 3), (5, 2), (7, 2)), (2, 4))",6,7,13.0,6,,,pruned,,,347
"(((2, 3), (4, 3), (5, 2), (7, 2)), (2, 4))","(((2, 3), (5, 2), (5, 3), (7, 2)), (1, 1))",5,6.0,11.0,5,7,2,expanded,False,True,348
"(((1, 2), (5, 2), (5, 3), (7, 2)), (1, 1))","(((2, 2), (5, 2), (5, 3), (7, 2)), (1, 1))",6,7,13.0,6,,,pruned,,,349
"(((2, 1), (5, 2), (5, 3), (7, 2)), (1, 1))","(((2, 2), (5, 2), (5, 3), (7, 2)), (1, 1))",6,7,13.0,6,,,pruned,,,350
"(((2, 2), (5, 2), (5, 3), (8, 2)), (1, 1))","(((2, 2), (5, 2), (5, 3), (7, 2)), (1, 1))",6,7,13.0,6,,,pruned,,,351
"(((2, 2), (5, 2), (5, 3), (7, 2)), (1, 1))","(((2, 3), (5, 2), (5, 3), (7, 2)), (1, 1))",5,6.0,11.0,5,10,3,expanded,False,True,352
"(((2, 3), (4, 2), (5, 3), (8, 2)), (2, 4))","(((2, 3), (4, 2), (5, 3), (7, 2)), (2, 4))",6,7,13.0,6,,,pruned,,,353
"(((2, 3), (4, 2), (5, 3), (7, 2)), (2, 4))","(((2, 3), (5, 2), (5, 3), (7, 2)), (1, 1))",5,6.0,11.0,5,8,1,expanded,False,True,354
"(((3, 2), (4, 2), (6, 1), (7, 2)), (1, 1))","(((3, 2), (4, 2), (6, 2), (7, 2)), (1, 1))",6,7,13.0,6,,,pruned,,,355
"(((3, 2), (4, 2), (6, 2), (7, 2)), (1, 1))","(((3, 2), (4, 2), (6, 3), (7, 2)), (1, 1))",5,6.0,11.0,5,2,1,expanded,False,True,356
"(((3, 2), (4, 2), (4, 3), (5, 3)), (1, 1))","(((3, 2), (4, 2), (4, 3), (5, 2)), (1, 1))",5,6.0,11.0,5,2,0,expanded,False,True,357
"(((2, 3), (4, 2), (6, 4), (7, 2)), (1, 1))","(((2, 2), (4, 2), (6, 4), (7, 2)), (1, 1))",5,6.0,11.0,5,2,0,expanded,False,True,358
"(((2, 3), (4, 2), (6, 3), (6, 4)), (1, 1))","(((2, 2), (4, 2), (6, 3), (6, 4)), (1, 1))",5,6.0,11.0,5,2,0,expanded,False,True,359
"(((2, 3), (4, 2), (6, 2), (7, 4)), (1, 1))","(((2, 2), (4, 2), (6, 2), (7, 4)), (1, 1))",5,6.0,11.0,5,2,0,expanded,False,True,360
"(((2, 3), (3, 2), (6, 2), (6, 4)), (1, 1))","(((2, 2), (3, 2), (6, 2), (6, 4)), (1, 1))",5,6.0,11.0,5,2,0,expanded,False,True,361
"(((2, 2), (4, 2), (4, 4), (5, 3)), (5, 1))","(((2, 2), (4, 2), (4, 4), (5, 2)), (4, 3))",5,6.0,11.0,5,4,0,expanded,False,True,362
"(((2, 2), (4, 2), (4, 5), (6, 4)), (4, 3))","(((2, 2), (4, 2), (4, 4), (6, 4)), (4, 3))",6,7,13.0,6,,,pruned,,,363
"(((2, 2), (4, 2), (4, 4), (6, 4)), (4, 3))","(((2, 2), (4, 2), (4, 4), (6, 3)), (4, 3))",5,6.0,11.0,5,4,1,expanded,False,True,364
"(((2, 3), (4, 2), (4, 3), (6, 4)), (1, 1))","(((2, 2), (4, 2), (4, 3), (6, 4)), (1, 1))",5,6.0,11.0,5,2,0,expanded,False,True,365
"(((2, 3), (4, 2), (5, 4), (6, 4)), (1, 1))","(((2, 2), (4, 2), (5, 4), (6, 4)), (1, 1))",5,6.0,11.0,5,2,0,expanded,False,True,366
"(((2, 3), (3, 2), (5, 3), (6, 4)), (1, 1))","(((2, 2), (3, 2), (5, 3), (6, 4)), (1, 1))",5,6.0,11.0,5,2,0,expanded,False,True,367
"(((3, 2), (4, 2), (5, 3), (8, 4)), (1, 1))","(((3, 2), (4, 2), (5, 3), (7, 4)), (1, 1))",6,7,13.0,6,,,pruned,,,368
"(((3, 2), (4, 2), (5, 3), (7, 4)), (1, 1))","(((3, 2), (4, 2), (5, 2), (7, 4)), (1, 1))",5,6.0,11.0,5,6,1,expanded,False,True,369
"(((2, 3), (4, 2), (6, 2), (7, 2)), (1, 1))","(((2, 2), (4, 2), (6, 2), (7, 2)), (1, 1))",5,6.0,11.0,5,2,0,expanded,False,True,370
"(((2, 5), (4, 2), (6, 3), (7, 2)), (1, 1))","(((2, 4), (4, 2), (6, 3), (7, 2)), (1, 1))",6,7,13.0,6,,,pruned,,,371
"(((2, 4), (4, 2), (6, 3), (7, 2)), (1, 1))","(((2, 3), (4, 2), (6, 3), (7, 2)), (1, 1))",5,6.0,11.0,5,2,1,expanded,False,True,372
"(((2, 5), (3, 2), (6, 2), (6, 3)), (1, 1))","(((2, 4), (3, 2), (6, 2), (6, 3)), (1, 1))",6,7,13.0,6,,,pruned,,,373
"(((2, 4), (3, 2), (6, 2), (6, 3)), (1, 1))","(((2, 3), (3, 2), (6, 2), (6, 3)), (1, 1))",5,6.0,11.0,5,2,1,expanded,False,True,374
"(((2, 3), (4, 3), (5, 2), (7, 2)), (1, 1))","(((2, 3), (4, 2), (4, 3), (7, 2)), (1, 1))",5,6.0,11.0,5,3,0,expanded,False,True,375
"(((2, 5), (4, 2), (4, 3), (7, 2)), (1, 1))","(((2, 4), (4, 2), (4, 3), (7, 2)), (1, 1))",6,7,13.0,6,,,pruned,,,376
"(((2, 4), (4, 2), (4, 3), (7, 2)), (1, 1))","(((2, 3), (4, 2), (4, 3), (7, 2)), (1, 1))",5,6.0,11.0,5,2,1,expanded,False,True,377
"(((2, 3), (4, 2), (4, 3), (5, 3)), (1, 1))","(((2, 2), (4, 2), (4, 3), (5, 3)), (1, 1))",5,6.0,11.0,5,2,0,expanded,False,True,378
"(((2, 5), (4, 2), (4, 3), (5, 2)), (1, 1))","(((2, 4), (4, 2), (4, 3), (5, 2)), (1, 1))",6,7,13.0,6,,,pruned,,,379
"(((2, 4), (4, 2), (4, 3), (5, 2)), (1, 1))","(((2, 3), (4, 2), (4, 3), (5, 2)), (1, 1))",5,6.0,11.0,5,1,1,expanded,True,True,380
"(((2, 5), (4, 2), (4, 3), (6, 3)), (1, 1))","(((2, 4), (4, 2), (4, 3), (6, 3)), (1, 1))",6,7,13.0,6,,,pruned,,,381
"(((2, 4), (4, 2), (4, 3), (6, 3)), (1, 1))","(((2, 3), (4, 2), (4, 3), (6, 3)), (1, 1))",5,6.0,11.0,5,2,1,expanded,False,True,382
"(((2, 3), (4, 3), (5, 2), (6, 3)), (1, 1))","(((2, 3), (4, 2), (4, 3), (6, 3)), (1, 1))",5,6.0,11.0,5,3,0,expanded,False,True,383
"(((2, 5), (3, 2), (4, 3), (6, 2)), (1, 1))","(((2, 4), (3, 2), (4, 3), (6, 2)), (1, 1))",6,7,13.0,6,,,pruned,,,384
"(((2, 4), (3, 2), (4, 3), (6, 2)), (1, 1))","(((2, 3), (3, 2), (4, 3), (6, 2)), (1, 1))",5,6.0,11.0,5,2,1,expanded,False,True,385
"(((2, 3), (5, 2), (5, 4), (8, 2)), (1, 1))","(((2, 3), (5, 2), (5, 4), (7, 2)), (1, 1))",6,7,13.0,6,,,pruned,,,386
"(((2, 3), (5, 1), (5, 4), (7, 2)), (1, 1))","(((2, 3), (5, 2), (5, 4), (7, 2)), (1, 1))",6,7,13.0,6,,,pruned,,,387
"(((2, 3), (5, 2), (5, 4), (7, 2)), (1, 1))","(((2, 3), (4, 2), (5, 4), (7, 2)), (1, 1))",5,6.0,11.0,5,10,2,expanded,False,True,388
"(((2, 5), (4, 2), (5, 4), (7, 2)), (1, 1))","(((2, 4), (4, 2), (5, 4), (7, 2)), (1, 1))",6,7,13.0,6,,,pruned,,,389
"(((2, 4), (4, 2), (5, 4), (7, 2)), (1, 1))","(((2, 3), (4, 2), (5, 4), (7, 2)), (1, 1))",5,6.0,11.0,5,2,1,expanded,False,True,390
"(((2, 5), (4, 2), (5, 2), (5, 4)), (1, 1))","(((2, 4), (4, 2), (5, 2), (5, 4)), (1, 1))",6,7,13.0,6,,,pruned,,,391
"(((2, 4), (4, 2), (5, 2), (5, 4)), (1, 1))","(((2, 3), (4, 2), (5, 2), (5, 4)), (1, 1))",5,6.0,11.0,5,1,1,expanded,True,True,392
"(((2, 5), (4, 2), (5, 4), (6, 3)), (1, 1))","(((2, 4), (4, 2), (5, 4), (6, 3)), (1, 1))",6,7,13.0,6,,,pruned,,,393
"(((2, 4), (4, 2), (5, 4), (6, 3)), (1, 1))","(((2, 3), (4, 2), (5, 4), (6, 3)), (1, 1))",5,6.0,11.0,5,2,1,expanded,False,True,394
"(((2, 3), (5, 1), (5, 4), (6, 3)), (1, 1))","(((2, 3), (5, 2), (5, 4), (6, 3)), (1, 1))",6,7,13.0,6,,,pruned,,,395
"(((2, 3), (5, 2), (5, 4), (6, 3)), (1, 1))","(((2, 3), (4, 2), (5, 4), (6, 3)), (1, 1))",5,6.0,11.0,5,5,1,expanded,False,True,396
"(((2, 5), (3, 2), (5, 4), (6, 2)), (1, 1))","(((2, 4), (3, 2), (5, 4), (6, 2)), (1, 1))",6,7,13.0,6,,,pruned,,,397
"(((2, 4), (3, 2), (5, 4), (6, 2)), (1, 1))","(((2, 3), (3, 2), (5, 4), (6, 2)), (1, 1))",5,6.0,11.0,5,2,1,expanded,False,True,398
"(((2, 5), (4, 2), (5, 2), (7, 2)), (1, 1))","(((2, 4), (4, 2), (5, 2), (7, 2)), (1, 1))",6,7,13.0,6,,,pruned,,,399
"(((2, 4), (4, 2), (5, 2), (7, 2)), (1, 1))","(((2, 3), (4, 2), (5, 2), (7, 2)), (1, 1))",5,6.0,11.0,5,1,1,expanded,True,True,400
"(((2, 5), (3, 2), (5, 3), (7, 2)), (1, 1))","(((2, 4), (3, 2), (5, 3), (7, 2)), (1, 1))",6,7,13.0,6,,,pruned,,,401
"(((2, 4), (3, 2), (5, 3), (7, 2)), (1, 1))","(((2, 3), (3, 2), (5, 3), (7, 2)), (1, 1))",5,6.0,11.0,5,2,1,expanded,False,True,402
"(((2, 5), (3, 2), (5, 3), (6, 3)), (1, 1))","(((2, 4), (3, 2), (5, 3), (6, 3)), (1, 1))",6,7,13.0,6,,,pruned,,,403
"(((2, 4), (3, 2), (5, 3), (6, 3)), (1, 1))","(((2, 3), (3, 2), (5, 3), (6, 3)), (1, 1))",5,6.0,11.0,5,2,1,expanded,False,True,404
"(((2, 5), (3, 2), (5, 2), (6, 2)), (1, 1))","(((2, 4), (3, 2), (5, 2), (6, 2)), (1, 1))",6,7,13.0,6,,,pruned,,,405
"(((2, 4), (3, 2), (5, 2), (6, 2)), (1, 1))","(((2, 3), (3, 2), (5, 2), (6, 2)), (1, 1))",5,6.0,11.0,5,2,1,expanded,False,True,406
"(((2, 5), (3, 2), (5, 2), (5, 3)), (1, 1))","(((2, 4), (3, 2), (5, 2), (5, 3)), (1, 1))",6,7,13.0,6,,,pruned,,,407
"(((2, 4), (3, 2), (5, 2), (5, 3)), (1, 1))","(((2, 3), (3, 2), (5, 2), (5, 3)), (1, 1))",5,6.0,11.0,5,2,1,expanded,False,True,408
"(((2, 5), (4, 2), (5, 2), (7, 4)), (1, 1))","(((2, 4), (4, 2), (5, 2), (7, 4)), (1, 1))",6,7,13.0,6,,,pruned,,,409
"(((2, 4), (4, 2), (5, 2), (7, 4)), (1, 1))","(((2, 3), (4, 2), (5, 2), (7, 4)), (1, 1))",5,6.0,11.0,5,1,1,expanded,True,True,410
"(((2, 3), (4, 2), (5, 3), (7, 4)), (1, 1))","(((2, 2), (4, 2), (5, 3), (7, 4)), (1, 1))",5,6.0,11.0,5,2,0,expanded,False,True,411
"(((2, 4), (4, 2), (5, 2), (6, 1)), (2, 5))","(((2, 4), (4, 2), (5, 2), (6, 2)), (2, 5))",7,6,13.0,7,,,pruned,,,412
"(((2, 4), (4, 2), (5, 1), (6, 2)), (2, 5))","(((2, 4), (4, 2), (5, 2), (6, 2)), (2, 5))",7,6,13.0,7,,,pruned,,,413
"(((2, 4), (4, 2), (5, 2), (6, 2)), (2, 5))","(((2, 4), (4, 3), (5, 2), (6, 2)), (2, 5))",6,5.0,11.0,6,5,2,expanded,False,True,414
"(((2, 4), (4, 3), (5, 1), (6, 3)), (1, 1))","(((2, 4), (4, 3), (5, 2), (6, 3)), (2, 5))",7,6,13.0,7,,,pruned,,,415
"(((2, 4), (4, 3), (5, 2), (6, 3)), (2, 5))","(((2, 4), (4, 3), (5, 2), (6, 2)), (2, 5))",6,5.0,11.0,6,7,1,expanded,False,True,416
"(((2, 4), (4, 2), (5, 3), (6, 3)), (2, 5))","(((2, 4), (5, 2), (5, 3), (6, 3)), (1, 1))",6,5.0,11.0,6,6,0,expanded,False,True,417
"(((1, 2), (5, 3), (6, 2), (6, 3)), (1, 1))","(((2, 2), (5, 3), (6, 2), (6, 3)), (1, 1))",7,6,13.0,7,,,pruned,,,418
"(((2, 1), (5, 3), (6, 2), (6, 3)), (1, 1))","(((2, 2), (5, 3), (6, 2), (6, 3)), (1, 1))",7,6,13.0,7,,,pruned,,,419
"(((2, 2), (5, 3), (6, 2), (6, 3)), (1, 1))","(((2, 3), (5, 3), (6, 2), (6, 3)), (1, 1))",6,5.0,11.0,6,8,2,expanded,False,True,420
"(((2, 3), (5, 4), (6, 2), (6, 3)), (1, 1))","(((2, 3), (5, 3), (6, 2), (6, 3)), (1, 1))",6,5.0,11.0,6,6,0,expanded,False,True,421
"(((2, 3), (5, 3), (6, 3), (8, 2)), (1, 1))","(((2, 3), (5, 3), (6, 3), (7, 2)), (1, 1))",7,6,13.0,7,,,pruned,,,422
"(((2, 3), (5, 3), (6, 3), (7, 2)), (1, 1))","(((2, 3), (5, 3), (6, 2), (6, 3)), (1, 1))",6,5.0,11.0,6,8,1,expanded,False,True,423
"(((2, 2), (4, 3), (5, 3), (6, 1)), (1, 1))","(((2, 2), (4, 3), (5, 3), (6, 2)), (1, 1))",7,6,13.0,7,,,pruned,,,424
"(((1, 2), (4, 3), (5, 3), (6, 2)), (1, 1))","(((2, 2), (4, 3), (5, 3), (6, 2)), (1, 1))",7,6,13.0,7,,,pruned,,,425
"(((2, 1), (4, 3), (5, 3), (6, 2)), (1, 1))","(((2, 2), (4, 3), (5, 3), (6, 2)), (1, 1))",7,6,13.0,7,,,pruned,,,426
"(((2, 2), (4, 3), (5, 3), (6, 2)), (1, 1))","(((2, 3), (4, 3), (5, 3), (6, 2)), (1, 1))",6,5.0,11.0,6,12,3,expanded,False,True,427
"(((2, 3), (4, 3), (5, 4), (6, 1)), (1, 1))","(((2, 3), (4, 3), (5, 4), (6, 2)), (1, 1))",7,6,13.0,7,,,pruned,,,428
"(((2, 3), (4, 3), (5, 4), (6, 2)), (1, 1))","(((2, 3), (4, 3), (5, 3), (6, 2)), (1, 1))",6,5.0,11.0,6,7,1,expanded,False,True,429
"(((2, 3), (4, 3), (5, 3), (8, 2)), (1, 1))","(((2, 3), (4, 3), (5, 3), (7, 2)), (1, 1))",7,6,13.0,7,,,pruned,,,430
"(((2, 3), (4, 3), (5, 3), (7, 2)), (1, 1))","(((2, 3), (4, 3), (5, 3), (6, 2)), (1, 1))",6,5.0,11.0,6,8,1,expanded,False,True,431
"(((2, 3), (4, 3), (5, 2), (5, 3)), (2, 4))","(((2, 3), (4, 3), (5, 3), (6, 2)), (1, 1))",6,5.0,11.0,6,3,0,expanded,False,True,432
"(((2, 3), (4, 3), (5, 3), (6, 3)), (1, 1))","(((2, 3), (4, 3), (5, 3), (6, 2)), (1, 1))",6,5.0,11.0,6,8,0,expanded,False,True,433
"(((2, 3), (4, 2), (5, 3), (6, 1)), (2, 4))","(((2, 3), (4, 2), (5, 3), (6, 2)), (2, 4))",7,6,13.0,7,,,pruned,,,434
"(((2, 3), (4, 2), (5, 3), (6, 2)), (2, 4))","(((2, 3), (4, 3), (5, 3), (6, 2)), (1, 1))",6,5.0,11.0,6,10,1,expanded,False,True,435
"(((2, 3), (4, 3), (5, 1), (6, 4)), (1, 1))","(((2, 3), (4, 3), (5, 2), (6, 4)), (2, 4))",7,6,13.0,7,,,pruned,,,436
"(((2, 3), (4, 3), (5, 2), (6, 4)), (2, 4))","(((2, 3), (5, 2), (5, 3), (6, 4)), (5, 1))",6,5.0,11.0,6,7,1,expanded,False,True,437
"(((2, 3), (5, 2), (5, 3), (5, 4)), (5, 1))","(((2, 3), (5, 2), (5, 3), (6, 4)), (5, 1))",6,5.0,11.0,6,3,0,expanded,False,True,438
"(((2, 3), (4, 2), (5, 3), (6, 4)), (5, 1))","(((2, 3), (5, 2), (5, 3), (6, 4)), (5, 1))",6,5.0,11.0,6,4,0,expanded,False,True,439
"(((3, 2), (5, 1), (6, 2), (6, 3)), (1, 1))","(((3, 2), (5, 2), (6, 2), (6, 3)), (1, 1))",7,6,13.0,7,,,pruned,,,440
"(((3, 2), (5, 2), (6, 2), (6, 3)), (1, 1))","(((3, 2), (5, 2), (5, 3), (6, 2)), (1, 1))",6,5.0,11.0,6,4,1,expanded,False,True,441
"(((3, 2), (4, 3), (5, 2), (6, 1)), (1, 1))","(((3, 2), (4, 3), (5, 2), (6, 2)), (1, 1))",7,6,13.0,7,,,pruned,,,442
"(((3, 2), (4, 3), (5, 1), (6, 2)), (1, 1))","(((3, 2), (4, 3), (5, 2), (6, 2)), (1, 1))",7,6,13.0,7,,,pruned,,,443
"(((3, 2), (4, 3), (5, 2), (6, 2)), (1, 1))","(((3, 2), (5, 2), (5, 3), (6, 2)), (1, 1))",6,5.0,11.0,6,6,2,expanded,False,True,444
"(((3, 2), (5, 2), (5, 3), (6, 3)), (1, 1))","(((3, 2), (5, 2), (5, 3), (6, 2)), (1, 1))",6,5.0,11.0,6,6,0,expanded,False,True,445
"(((2, 3), (4, 5), (5, 2), (6, 3)), (1, 1))","(((2, 3), (4, 4), (5, 2), (6, 3)), (1, 1))",7,6,13.0,7,,,pruned,,,446
"(((2, 3), (4, 4), (5, 1), (6, 3)), (1, 1))","(((2, 3), (4, 4), (5, 2), (6, 3)), (1, 1))",7,6,13.0,7,,,pruned,,,447
"(((2, 3), (4, 4), (5, 2), (6, 3)), (1, 1))","(((2, 3), (4, 4), (5, 2), (6, 2)), (1, 1))",6,5.0,11.0,6,8,2,expanded,False,True,448
"(((2, 2), (5, 2), (6, 1), (6, 4)), (1, 1))","(((2, 2), (5, 2), (6, 2), (6, 4)), (1, 1))",7,6,13.0,7,,,pruned,,,449
"(((1, 2), (5, 2), (6, 2), (6, 4)), (1, 1))","(((2, 2), (5, 2), (6, 2), (6, 4)), (1, 1))",7,6,13.0,7,,,pruned,,,450
"(((2, 1), (5, 2), (6, 2), (6, 4)), (1, 1))","(((2, 2), (5, 2), (6, 2), (6, 4)), (1, 1))",7,6,13.0,7,,,pruned,,,451
"(((2, 2), (5, 1), (6, 2), (6, 4)), (1, 1))","(((2, 2), (5, 2), (6, 2), (6, 4)), (1, 1))",7,6,13.0,7,,,pruned,,,452
"(((2, 2), (5, 2), (6, 2), (6, 4)), (1, 1))","(((2, 3), (5, 2), (6, 2), (6, 4)), (1, 1))",6,5.0,11.0,6,7,4,expanded,False,True,453
"(((2, 3), (5, 2), (6, 2), (8, 4)), (1, 1))","(((2, 3), (5, 2), (6, 2), (7, 4)), (1, 1))",7,6,13.0,7,,,pruned,,,454
"(((2, 3), (5, 2), (6, 1), (7, 4)), (1, 1))","(((2, 3), (5, 2), (6, 2), (7, 4)), (1, 1))",7,6,13.0,7,,,pruned,,,455
"(((2, 3), (5, 1), (6, 2), (7, 4)), (1, 1))","(((2, 3), (5, 2), (6, 2), (7, 4)), (1, 1))",7,6,13.0,7,,,pruned,,,456
"(((2, 3), (5, 2), (6, 2), (7, 4)), (1, 1))","(((2, 3), (5, 2), (6, 2), (6, 4)), (1, 1))",6,5.0,11.0,6,5,3,expanded,False,True,457
"(((2, 4), (5, 2), (5, 4), (6, 3)), (5, 1))","(((2, 4), (5, 2), (5, 4), (6, 2)), (1, 1))",6,5.0,11.0,6,5,0,expanded,False,True,458
"(((2, 2), (5, 3), (5, 4), (6, 1)), (1, 1))","(((2, 2), (5, 3), (5, 4), (6, 2)), (1, 1))",7,6,13.0,7,,,pruned,,,459
"(((1, 2), (5, 3), (5, 4), (6, 2)), (1, 1))","(((2, 2), (5, 3), (5, 4), (6, 2)), (1, 1))",7,6,13.0,7,,,pruned,,,460
"(((2, 1), (5, 3), (5, 4), (6, 2)), (1, 1))","(((2, 2), (5, 3), (5, 4), (6, 2)), (1, 1))",7,6,13.0,7,,,pruned,,,461
"(((2, 2), (5, 3), (5, 4), (6, 2)), (1, 1))","(((2, 3), (5, 3), (5, 4), (6, 2)), (1, 1))",6,5.0,11.0,6,12,3,expanded,False,True,462
"(((2, 3), (5, 3), (5, 4), (8, 2)), (1, 1))","(((2, 3), (5, 3), (5, 4), (7, 2)), (1, 1))",7,6,13.0,7,,,pruned,,,463
"(((2, 3), (5, 3), (5, 4), (7, 2)), (1, 1))","(((2, 3), (5, 3), (5, 4), (6, 2)), (1, 1))",6,5.0,11.0,6,8,1,expanded,False,True,464
"(((2, 3), (5, 3), (5, 4), (6, 3)), (1, 1))","(((2, 3), (5, 3), (5, 4), (6, 2)), (1, 1))",6,5.0,11.0,6,6,0,expanded,False,True,465
"(((2, 5), (5, 2), (6, 3), (7, 2)), (1, 1))","(((2, 4), (5, 2), (6, 3), (7, 2)), (1, 1))",7,6,13.0,7,,,pruned,,,466
"(((2, 4), (5, 1), (6, 3), (7, 2)), (1, 1))","(((2, 4), (5, 2), (6, 3), (7, 2)), (1, 1))",7,6,13.0,7,,,pruned,,,467
"(((2, 4), (5, 2), (6, 3), (7, 2)), (1, 1))","(((2, 4), (5, 2), (5, 3), (7, 2)), (1, 1))",6,5.0,11.0,6,6,2,expanded,False,True,468
"(((2, 4), (4, 3), (5, 2), (8, 2)), (2, 5))","(((2, 4), (4, 3), (5, 2), (7, 2)), (2, 5))",7,6,13.0,7,,,pruned,,,469
"(((2, 4), (4, 3), (5, 1), (7, 2)), (1, 1))","(((2, 4), (4, 3), (5, 2), (7, 2)), (2, 5))",7,6,13.0,7,,,pruned,,,470
"(((2, 4), (4, 3), (5, 2), (7, 2)), (2, 5))","(((2, 4), (5, 2), (5, 3), (7, 2)), (1, 1))",6,5.0,11.0,6,7,2,expanded,False,True,471
"(((2, 4), (4, 2), (5, 3), (8, 2)), (2, 5))","(((2, 4), (4, 2), (5, 3), (7, 2)), (2, 5))",7,6,13.0,7,,,pruned,,,472
"(((2, 4), (4, 2), (5, 3), (7, 2)), (2, 5))","(((2, 4), (5, 2), (5, 3), (7, 2)), (1, 1))",6,5.0,11.0,6,8,1,expanded,False,True,473
"(((2, 3), (6, 2), (6, 3), (7, 2)), (1, 1))","(((2, 3), (5, 3), (6, 2), (7, 2)), (1, 1))",6,5.0,11.0,6,2,0,expanded,False,True,474
"(((2, 3), (4, 3), (6, 1), (7, 2)), (1, 1))","(((2, 3), (4, 3), (6, 2), (7, 2)), (1, 1))",7,6,13.0,7,,,pruned,,,475
"(((2, 3), (4, 3), (6, 2), (7, 2)), (1, 1))","(((2, 3), (5, 3), (6, 2), (7, 2)), (1, 1))",6,5.0,11.0,6,6,1,expanded,False,True,476
"(((2, 3), (5, 4), (6, 1), (7, 2)), (1, 1))","(((2, 3), (5, 4), (6, 2), (7, 2)), (1, 1))",7,6,13.0,7,,,pruned,,,477
"(((2, 3), (5, 4), (6, 2), (7, 2)), (1, 1))","(((2, 3), (5, 3), (6, 2), (7, 2)), (1, 1))",6,5.0,11.0,6,6,1,expanded,False,True,478
"(((2, 3), (5, 2), (6, 1), (7, 2)), (1, 1))","(((2, 3), (5, 2), (6, 2), (7, 2)), (1, 1))",7,6,13.0,7,,,pruned,,,479
"(((2, 3), (5, 1), (6, 2), (7, 2)), (1, 1))","(((2, 3), (5, 2), (6, 2), (7, 2)), (1, 1))",7,6,13.0,7,,,pruned,,,480
"(((2, 3), (5, 2), (6, 2), (7, 2)), (1, 1))","(((2, 3), (5, 3), (6, 2), (7, 2)), (1, 1))",6,5.0,11.0,6,4,2,expanded,False,True,481
"(((2, 2), (5, 3), (6, 1), (7, 2)), (1, 1))","(((2, 2), (5, 3), (6, 2), (7, 2)), (1, 1))",7,6,13.0,7,,,pruned,,,482
"(((1, 2), (5, 3), (6, 2), (7, 2)), (1, 1))","(((2, 2), (5, 3), (6, 2), (7, 2)), (1, 1))",7,6,13.0,7,,,pruned,,,483
"(((2, 1), (5, 3), (6, 2), (7, 2)), (1, 1))","(((2, 2), (5, 3), (6, 2), (7, 2)), (1, 1))",7,6,13.0,7,,,pruned,,,484
"(((2, 2), (5, 3), (6, 2), (7, 2)), (1, 1))","(((2, 3), (5, 3), (6, 2), (7, 2)), (1, 1))",6,5.0,11.0,6,10,3,expanded,False,True,485
"(((2, 2), (5, 2), (5, 3), (6, 4)), (5, 1))","(((2, 2), (5, 2), (5, 3), (6, 3)), (1, 1))",6,5.0,11.0,6,3,0,expanded,False,True,486
"(((3, 2), (4, 2), (4, 4), (5, 3)), (5, 1))","(((3, 2), (4, 2), (4, 4), (5, 2)), (4, 3))",6,5.0,11.0,6,3,0,expanded,False,True,487
"(((3, 2), (4, 2), (4, 5), (6, 4)), (4, 3))","(((3, 2), (4, 2), (4, 4), (6, 4)), (4, 3))",7,6,13.0,7,,,pruned,,,488
"(((3, 2), (4, 2), (4, 4), (6, 4)), (4, 3))","(((3, 2), (4, 2), (4, 4), (6, 3)), (4, 3))",6,5.0,11.0,6,3,1,expanded,False,True,489
"(((2, 2), (4, 4), (5, 1), (6, 2)), (3, 2))","(((2, 2), (4, 4), (5, 2), (6, 2)), (3, 2))",7,6,13.0,7,,,pruned,,,490
"(((2, 2), (4, 4), (5, 2), (6, 1)), (3, 2))","(((2, 2), (4, 4), (5, 2), (6, 2)), (3, 2))",7,6,13.0,7,,,pruned,,,491
"(((2, 2), (4, 5), (5, 2), (6, 2)), (3, 2))","(((2, 2), (4, 4), (5, 2), (6, 2)), (3, 2))",7,6,13.0,7,,,pruned,,,492
"(((1, 2), (4, 4), (5, 2), (6, 2)), (1, 1))","(((2, 2), (4, 4), (5, 2), (6, 2)), (3, 2))",7,6,13.0,7,,,pruned,,,493
"(((2, 2), (4, 4), (5, 2), (6, 2)), (3, 2))","(((2, 2), (5, 2), (5, 4), (6, 2)), (1, 1))",6,5.0,11.0,6,6,4,expanded,False,True,494
"(((3, 2), (5, 2), (5, 4), (6, 1)), (1, 1))","(((3, 2), (5, 2), (5, 4), (6, 2)), (1, 1))",7,6,13.0,7,,,pruned,,,495
"(((3, 2), (5, 1), (5, 4), (6, 2)), (1, 1))","(((3, 2), (5, 2), (5, 4), (6, 2)), (1, 1))",7,6,13.0,7,,,pruned,,,496
"(((3, 2), (5, 2), (5, 4), (6, 2)), (1, 1))","(((2, 2), (5, 2), (5, 4), (6, 2)), (1, 1))",6,5.0,11.0,6,8,2,expanded,False,True,497
"(((2, 3), (5, 1), (5, 4), (6, 4)), (1, 1))","(((2, 3), (5, 2), (5, 4), (6, 4)), (1, 1))",7,6,13.0,7,,,pruned,,,498
"(((2, 3), (5, 2), (5, 4), (6, 4)), (1, 1))","(((2, 3), (5, 2), (5, 4), (6, 3)), (5, 1))",6,5.0,11.0,6,6,1,expanded,False,True,499
"(((3, 2), (5, 2), (5, 3), (8, 2)), (1, 1))","(((3, 2), (5, 2), (5, 3), (7, 2)), (1, 1))",7,6,13.0,7,,,pruned,,,500
"(((3, 2), (5, 2), (5, 3), (7, 2)), (1, 1))","(((2, 2), (5, 2), (5, 3), (7, 2)), (1, 1))",6,5.0,11.0,6,8,1,expanded,False,True,501
"(((2, 3), (5, 2), (6, 4), (8, 2)), (1, 1))","(((2, 3), (5, 2), (6, 4), (7, 2)), (1, 1))",7,6,13.0,7,,,pruned,,,502
"(((2, 3), (5, 1), (6, 4), (7, 2)), (1, 1))","(((2, 3), (5, 2), (6, 4), (7, 2)), (1, 1))",7,6,13.0,7,,,pruned,,,503
"(((2, 3), (5, 2), (6, 4), (7, 2)), (1, 1))","(((2, 3), (4, 2), (6, 4), (7, 2)), (1, 1))",6,5.0,11.0,6,8,2,expanded,False,True,504
"(((2, 5), (4, 2), (6, 4), (7, 2)), (1, 1))","(((2, 4), (4, 2), (6, 4), (7, 2)), (1, 1))",7,6,13.0,7,,,pruned,,,505
"(((2, 4), (4, 2), (6, 4), (7, 2)), (1, 1))","(((2, 3), (4, 2), (6, 4), (7, 2)), (1, 1))",6,5.0,11.0,6,2,1,expanded,False,True,506
"(((2, 5), (4, 2), (6, 3), (6, 4)), (1, 1))","(((2, 4), (4, 2), (6, 3), (6, 4)), (1, 1))",7,6,13.0,7,,,pruned,,,507
"(((2, 4), (4, 2), (6, 3), (6, 4)), (1, 1))","(((2, 3), (4, 2), (6, 3), (6, 4)), (1, 1))",6,5.0,11.0,6,2,1,expanded,False,True,508
"(((2, 3), (5, 1), (6, 3), (6, 4)), (1, 1))","(((2, 3), (5, 2), (6, 3), (6, 4)), (1, 1))",7,6,13.0,7,,,pruned,,,509
"(((2, 3), (5, 2), (6, 3), (6, 4)), (1, 1))","(((2, 3), (4, 2), (6, 3), (6, 4)), (1, 1))",6,5.0,11.0,6,5,1,expanded,False,True,510
"(((2, 5), (4, 2), (6, 2), (7, 4)), (1, 1))","(((2, 4), (4, 2), (6, 2), (7, 4)), (1, 1))",7,6,13.0,7,,,pruned,,,511
"(((2, 4), (4, 2), (6, 2), (7, 4)), (1, 1))","(((2, 3), (4, 2), (6, 2), (7, 4)), (1, 1))",6,5.0,11.0,6,2,1,expanded,False,True,512
"(((2, 5), (3, 2), (6, 2), (6, 4)), (1, 1))","(((2, 4), (3, 2), (6, 2), (6, 4)), (1, 1))",7,6,13.0,7,,,pruned,,,513
"(((2, 4), (3, 2), (6, 2), (6, 4)), (1, 1))","(((2, 3), (3, 2), (6, 2), (6, 4)), (1, 1))",6,5.0,11.0,6,2,1,expanded,False,True,514
"(((2, 5), (4, 2), (4, 3), (6, 4)), (1, 1))","(((2, 4), (4, 2), (4, 3), (6, 4)), (1, 1))",7,6,13.0,7,,,pruned,,,515
"(((2, 4), (4, 2), (4, 3), (6, 4)), (1, 1))","(((2, 3), (4, 2), (4, 3), (6, 4)), (1, 1))",6,5.0,11.0,6,2,1,expanded,False,True,516
"(((2, 3), (4, 3), (5, 2), (6, 4)), (1, 1))","(((2, 3), (4, 2), (4, 3), (6, 4)), (1, 1))",6,5.0,11.0,6,3,0,expanded,False,True,517
"(((2, 5), (4, 2), (5, 4), (6, 4)), (1, 1))","(((2, 4), (4, 2), (5, 4), (6, 4)), (1, 1))",7,6,13.0,7,,,pruned,,,518
"(((2, 4), (4, 2), (5, 4), (6, 4)), (1, 1))","(((2, 3), (4, 2), (5, 4), (6, 4)), (1, 1))",6,5.0,11.0,6,2,1,expanded,False,True,519
"(((2, 3), (4, 2), (5, 3), (6, 4)), (1, 1))","(((2, 3), (3, 2), (5, 3), (6, 4)), (1, 1))",6,5.0,11.0,6,2,0,expanded,False,True,520
"(((2, 5), (3, 2), (5, 3), (6, 4)), (1, 1))","(((2, 4), (3, 2), (5, 3), (6, 4)), (1, 1))",7,6,13.0,7,,,pruned,,,521
"(((2, 4), (3, 2), (5, 3), (6, 4)), (1, 1))","(((2, 3), (3, 2), (5, 3), (6, 4)), (1, 1))",6,5.0,11.0,6,2,1,expanded,False,True,522
"(((2, 5), (4, 2), (6, 2), (7, 2)), (1, 1))","(((2, 4), (4, 2), (6, 2), (7, 2)), (1, 1))",7,6,13.0,7,,,pruned,,,523
"(((2, 4), (4, 2), (6, 2), (7, 2)), (1, 1))","(((2, 3), (4, 2), (6, 2), (7, 2)), (1, 1))",6,5.0,11.0,6,2,1,expanded,False,True,524
"(((2, 5), (4, 3), (5, 2), (7, 2)), (1, 1))","(((2, 4), (4, 3), (5, 2), (7, 2)), (1, 1))",7,6,13.0,7,,,pruned,,,525
"(((2, 4), (4, 3), (5, 2), (7, 2)), (1, 1))","(((2, 3), (4, 3), (5, 2), (7, 2)), (1, 1))",6,5.0,11.0,6,3,1,expanded,False,True,526
"(((2, 3), (4, 5), (5, 2), (7, 2)), (1, 1))","(((2, 3), (4, 4), (5, 2), (7, 2)), (1, 1))",7,6,13.0,7,,,pruned,,,527
"(((2, 3), (4, 4), (5, 2), (8, 2)), (1, 1))","(((2, 3), (4, 4), (5, 2), (7, 2)), (1, 1))",7,6,13.0,7,,,pruned,,,528
"(((2, 3), (4, 4), (5, 1), (7, 2)), (1, 1))","(((2, 3), (4, 4), (5, 2), (7, 2)), (1, 1))",7,6,13.0,7,,,pruned,,,529
"(((2, 3), (4, 4), (5, 2), (7, 2)), (1, 1))","(((2, 3), (4, 3), (5, 2), (7, 2)), (1, 1))",6,5.0,11.0,6,8,3,expanded,False,True,530
"(((2, 5), (4, 2), (4, 3), (5, 3)), (1, 1))","(((2, 4), (4, 2), (4, 3), (5, 3)), (1, 1))",7,6,13.0,7,,,pruned,,,531
"(((2, 4), (4, 2), (4, 3), (5, 3)), (1, 1))","(((2, 3), (4, 2), (4, 3), (5, 3)), (1, 1))",6,5.0,11.0,6,2,1,expanded,False,True,532
"(((2, 3), (4, 3), (5, 2), (5, 3)), (1, 1))","(((2, 3), (4, 2), (4, 3), (5, 3)), (1, 1))",6,5.0,11.0,6,3,0,expanded,False,True,533
"(((2, 5), (4, 3), (5, 2), (6, 3)), (1, 1))","(((2, 4), (4, 3), (5, 2), (6, 3)), (1, 1))",7,6,13.0,7,,,pruned,,,534
"(((2, 4), (4, 3), (5, 2), (6, 3)), (1, 1))","(((2, 4), (4, 2), (4, 3), (6, 3)), (1, 1))",6,5.0,11.0,6,3,1,expanded,False,True,535
"(((2, 3), (4, 3), (6, 2), (6, 3)), (1, 1))","(((2, 3), (4, 3), (5, 2), (6, 3)), (1, 1))",6,5.0,11.0,6,6,0,expanded,False,True,536
"(((2, 5), (5, 2), (5, 4), (7, 2)), (1, 1))","(((2, 4), (5, 2), (5, 4), (7, 2)), (1, 1))",7,6,13.0,7,,,pruned,,,537
"(((2, 4), (5, 2), (5, 4), (8, 2)), (1, 1))","(((2, 4), (5, 2), (5, 4), (7, 2)), (1, 1))",7,6,13.0,7,,,pruned,,,538
"(((2, 4), (5, 1), (5, 4), (7, 2)), (1, 1))","(((2, 4), (5, 2), (5, 4), (7, 2)), (1, 1))",7,6,13.0,7,,,pruned,,,539
"(((2, 4), (5, 2), (5, 4), (7, 2)), (1, 1))","(((2, 3), (5, 2), (5, 4), (7, 2)), (1, 1))",6,5.0,11.0,6,10,3,expanded,False,True,540
"(((2, 5), (5, 2), (5, 4), (6, 3)), (1, 1))","(((2, 4), (5, 2), (5, 4), (6, 3)), (1, 1))",7,6,13.0,7,,,pruned,,,541
"(((2, 4), (5, 1), (5, 4), (6, 3)), (1, 1))","(((2, 4), (5, 2), (5, 4), (6, 3)), (1, 1))",7,6,13.0,7,,,pruned,,,542
"(((2, 4), (5, 2), (5, 4), (6, 3)), (1, 1))","(((2, 4), (4, 2), (5, 4), (6, 3)), (1, 1))",6,5.0,11.0,6,5,2,expanded,False,True,543
"(((2, 5), (4, 2), (5, 3), (7, 4)), (1, 1))","(((2, 4), (4, 2), (5, 3), (7, 4)), (1, 1))",7,6,13.0,7,,,pruned,,,544
"(((2, 4), (4, 2), (5, 3), (7, 4)), (1, 1))","(((2, 3), (4, 2), (5, 3), (7, 4)), (1, 1))",6,5.0,11.0,6,2,1,expanded,False,True,545
"(((2, 3), (5, 2), (5, 3), (8, 4)), (1, 1))","(((2, 3), (5, 2), (5, 3), (7, 4)), (1, 1))",7,6,13.0,7,,,pruned,,,546
"(((2, 3), (5, 2), (5, 3), (7, 4)), (1, 1))","(((2, 3), (4, 2), (5, 3), (7, 4)), (1, 1))",6,5.0,11.0,6,8,1,expanded,False,True,547
"(((2, 5), (5, 4), (6, 2), (6, 3)), (1, 1))","(((2, 4), (5, 4), (6, 2), (6, 3)), (1, 1))",8,5,13.0,8,,,pruned,,,548
"(((2, 4), (5, 4), (6, 2), (6, 3)), (1, 1))","(((2, 4), (5, 3), (6, 2), (6, 3)), (1, 1))",7,4.0,11.0,7,6,1,expanded,False,True,549
"(((2, 5), (5, 3), (6, 3), (7, 2)), (1, 1))","(((2, 4), (5, 3), (6, 3), (7, 2)), (1, 1))",8,5,13.0,8,,,pruned,,,550
"(((2, 4), (5, 3), (6, 3), (8, 2)), (1, 1))","(((2, 4), (5, 3), (6, 3), (7, 2)), (1, 1))",8,5,13.0,8,,,pruned,,,551
"(((2, 4), (5, 3), (6, 3), (7, 2)), (1, 1))","(((2, 4), (5, 3), (6, 2), (6, 3)), (1, 1))",7,4.0,11.0,7,8,2,expanded,False,True,552
"(((2, 4), (4, 3), (5, 4), (6, 1)), (1, 1))","(((2, 4), (4, 3), (5, 4), (6, 2)), (1, 1))",8,5,13.0,8,,,pruned,,,553
"(((2, 5), (4, 3), (5, 4), (6, 2)), (1, 1))","(((2, 4), (4, 3), (5, 4), (6, 2)), (1, 1))",8,5,13.0,8,,,pruned,,,554
"(((2, 4), (4, 3), (5, 4), (6, 2)), (1, 1))","(((2, 4), (4, 3), (5, 3), (6, 2)), (1, 1))",7,4.0,11.0,7,7,2,expanded,False,True,555
"(((2, 5), (4, 3), (5, 3), (7, 2)), (1, 1))","(((2, 4), (4, 3), (5, 3), (7, 2)), (1, 1))",8,5,13.0,8,,,pruned,,,556
"(((2, 4), (4, 3), (5, 3), (8, 2)), (1, 1))","(((2, 4), (4, 3), (5, 3), (7, 2)), (1, 1))",8,5,13.0,8,,,pruned,,,557
"(((2, 4), (4, 3), (5, 3), (7, 2)), (1, 1))","(((2, 4), (4, 3), (5, 3), (6, 2)), (1, 1))",7,4.0,11.0,7,8,2,expanded,False,True,558
"(((2, 4), (4, 3), (5, 2), (5, 3)), (2, 5))","(((2, 4), (4, 3), (5, 3), (6, 2)), (1, 1))",7,4.0,11.0,7,3,0,expanded,False,True,559
"(((2, 5), (4, 3), (5, 3), (6, 3)), (1, 1))","(((2, 4), (4, 3), (5, 3), (6, 3)), (1, 1))",8,5,13.0,8,,,pruned,,,560
"(((2, 4), (4, 3), (5, 3), (6, 3)), (1, 1))","(((2, 4), (4, 3), (5, 3), (6, 2)), (1, 1))",7,4.0,11.0,7,8,1,expanded,False,True,561
"(((2, 4), (4, 2), (5, 3), (6, 1)), (2, 5))","(((2, 4), (4, 2), (5, 3), (6, 2)), (2, 5))",8,5,13.0,8,,,pruned,,,562
"(((2, 4), (4, 2), (5, 3), (6, 2)), (2, 5))","(((2, 4), (4, 3), (5, 3), (6, 2)), (1, 1))",7,4.0,11.0,7,10,1,expanded,False,True,563
"(((2, 4), (4, 3), (5, 1), (6, 4)), (1, 1))","(((2, 4), (4, 3), (5, 2), (6, 4)), (2, 5))",8,5,13.0,8,,,pruned,,,564
"(((2, 4), (4, 3), (5, 2), (6, 4)), (2, 5))","(((2, 4), (5, 2), (5, 3), (6, 4)), (5, 1))",7,4.0,11.0,7,7,1,expanded,False,True,565
"(((2, 4), (5, 2), (5, 3), (5, 4)), (5, 1))","(((2, 4), (5, 2), (5, 3), (6, 4)), (5, 1))",7,4.0,11.0,7,3,0,expanded,False,True,566
"(((2, 4), (4, 2), (5, 3), (6, 4)), (5, 1))","(((2, 4), (5, 2), (5, 3), (6, 4)), (5, 1))",7,4.0,11.0,7,4,0,expanded,False,True,567
"(((2, 3), (4, 5), (6, 2), (6, 3)), (1, 1))","(((2, 3), (4, 4), (6, 2), (6, 3)), (1, 1))",8,5,13.0,8,,,pruned,,,568
"(((2, 3), (4, 4), (6, 2), (6, 3)), (1, 1))","(((2, 3), (4, 4), (5, 3), (6, 2)), (1, 1))",7,4.0,11.0,7,4,1,expanded,False,True,569
"(((2, 3), (4, 3), (4, 4), (6, 1)), (1, 1))","(((2, 3), (4, 3), (4, 4), (6, 2)), (1, 1))",8,5,13.0,8,,,pruned,,,570
"(((2, 3), (4, 3), (4, 4), (6, 2)), (1, 1))","(((2, 3), (4, 4), (5, 3), (6, 2)), (1, 1))",7,4.0,11.0,7,5,1,expanded,False,True,571
"(((2, 3), (4, 4), (5, 4), (6, 1)), (1, 1))","(((2, 3), (4, 4), (5, 4), (6, 2)), (1, 1))",8,5,13.0,8,,,pruned,,,572
"(((2, 3), (4, 5), (5, 4), (6, 2)), (1, 1))","(((2, 3), (4, 4), (5, 4), (6, 2)), (1, 1))",8,5,13.0,8,,,pruned,,,573
"(((2, 3), (4, 4), (5, 4), (6, 2)), (1, 1))","(((2, 3), (4, 4), (5, 3), (6, 2)), (1, 1))",7,4.0,11.0,7,6,2,expanded,False,True,574
"(((2, 3), (4, 4), (5, 3), (8, 2)), (1, 1))","(((2, 3), (4, 4), (5, 3), (7, 2)), (1, 1))",8,5,13.0,8,,,pruned,,,575
"(((2, 3), (4, 5), (5, 3), (7, 2)), (1, 1))","(((2, 3), (4, 4), (5, 3), (7, 2)), (1, 1))",8,5,13.0,8,,,pruned,,,576
"(((2, 3), (4, 4), (5, 3), (7, 2)), (1, 1))","(((2, 3), (4, 4), (5, 3), (6, 2)), (1, 1))",7,4.0,11.0,7,8,2,expanded,False,True,577
"(((2, 3), (4, 4), (5, 2), (5, 3)), (5, 1))","(((2, 3), (4, 4), (5, 3), (6, 2)), (1, 1))",7,4.0,11.0,7,2,0,expanded,False,True,578
"(((2, 3), (4, 5), (5, 3), (6, 3)), (1, 1))","(((2, 3), (4, 4), (5, 3), (6, 3)), (1, 1))",8,5,13.0,8,,,pruned,,,579
"(((2, 3), (4, 4), (5, 3), (6, 3)), (1, 1))","(((2, 3), (4, 4), (5, 3), (6, 2)), (1, 1))",7,4.0,11.0,7,6,1,expanded,False,True,580
"(((4, 2), (5, 1), (6, 2), (6, 3)), (1, 1))","(((4, 2), (5, 2), (6, 2), (6, 3)), (1, 1))",8,5,13.0,8,,,pruned,,,581
"(((4, 2), (5, 2), (6, 2), (6, 3)), (1, 1))","(((4, 2), (5, 2), (5, 3), (6, 2)), (1, 1))",7,4.0,11.0,7,2,1,expanded,False,True,582
"(((4, 2), (4, 3), (5, 2), (6, 1)), (1, 1))","(((4, 2), (4, 3), (5, 2), (6, 2)), (1, 1))",8,5,13.0,8,,,pruned,,,583
"(((4, 2), (4, 3), (5, 1), (6, 2)), (1, 1))","(((4, 2), (4, 3), (5, 2), (6, 2)), (1, 1))",8,5,13.0,8,,,pruned,,,584
"(((4, 2), (4, 3), (5, 2), (6, 2)), (1, 1))","(((4, 2), (5, 2), (5, 3), (6, 2)), (1, 1))",7,4.0,11.0,7,4,2,expanded,False,True,585
"(((4, 2), (5, 2), (5, 3), (6, 3)), (1, 1))","(((4, 2), (5, 2), (5, 3), (6, 2)), (1, 1))",7,4.0,11.0,7,2,0,expanded,False,True,586
"(((2, 4), (4, 5), (5, 2), (6, 3)), (1, 1))","(((2, 4), (4, 4), (5, 2), (6, 3)), (1, 1))",8,5,13.0,8,,,pruned,,,587
"(((2, 5), (4, 4), (5, 2), (6, 3)), (1, 1))","(((2, 4), (4, 4), (5, 2), (6, 3)), (1, 1))",8,5,13.0,8,,,pruned,,,588
"(((2, 4), (4, 4), (5, 1), (6, 3)), (1, 1))","(((2, 4), (4, 4), (5, 2), (6, 3)), (1, 1))",8,5,13.0,8,,,pruned,,,589
"(((2, 4), (4, 4), (5, 2), (6, 3)), (1, 1))","(((2, 4), (4, 4), (5, 2), (6, 2)), (1, 1))",7,4.0,11.0,7,8,3,expanded,False,True,590
"(((2, 4), (5, 2), (6, 2), (8, 4)), (1, 1))","(((2, 4), (5, 2), (6, 2), (7, 4)), (1, 1))",8,5,13.0,8,,,pruned,,,591
"(((2, 4), (5, 2), (6, 1), (7, 4)), (1, 1))","(((2, 4), (5, 2), (6, 2), (7, 4)), (1, 1))",8,5,13.0,8,,,pruned,,,592
"(((2, 5), (5, 2), (6, 2), (7, 4)), (1, 1))","(((2, 4), (5, 2), (6, 2), (7, 4)), (1, 1))",8,5,13.0,8,,,pruned,,,593
"(((2, 4), (5, 1), (6, 2), (7, 4)), (1, 1))","(((2, 4), (5, 2), (6, 2), (7, 4)), (1, 1))",8,5,13.0,8,,,pruned,,,594
"(((2, 4), (5, 2), (6, 2), (7, 4)), (1, 1))","(((2, 4), (5, 2), (6, 2), (6, 4)), (1, 1))",7,4.0,11.0,7,5,4,expanded,False,True,595
"(((2, 5), (5, 3), (5, 4), (7, 2)), (1, 1))","(((2, 4), (5, 3), (5, 4), (7, 2)), (1, 1))",8,5,13.0,8,,,pruned,,,596
"(((2, 4), (5, 3), (5, 4), (8, 2)), (1, 1))","(((2, 4), (5, 3), (5, 4), (7, 2)), (1, 1))",8,5,13.0,8,,,pruned,,,597
"(((2, 4), (5, 3), (5, 4), (7, 2)), (1, 1))","(((2, 4), (5, 3), (5, 4), (6, 2)), (1, 1))",7,4.0,11.0,7,8,2,expanded,False,True,598
"(((2, 5), (5, 3), (5, 4), (6, 3)), (1, 1))","(((2, 4), (5, 3), (5, 4), (6, 3)), (1, 1))",8,5,13.0,8,,,pruned,,,599
"(((2, 4), (5, 3), (5, 4), (6, 3)), (1, 1))","(((2, 4), (5, 3), (5, 4), (6, 2)), (1, 1))",7,4.0,11.0,7,6,1,expanded,False,True,600
"(((1, 2), (5, 3), (6, 2), (6, 4)), (1, 1))","(((2, 2), (5, 3), (6, 2), (6, 4)), (1, 1))",8,5,13.0,8,,,pruned,,,601
"(((2, 1), (5, 3), (6, 2), (6, 4)), (1, 1))","(((2, 2), (5, 3), (6, 2), (6, 4)), (1, 1))",8,5,13.0,8,,,pruned,,,602
"(((2, 2), (5, 3), (6, 2), (6, 4)), (1, 1))","(((2, 3), (5, 3), (6, 2), (6, 4)), (1, 1))",7,4.0,11.0,7,12,2,expanded,False,True,603
"(((2, 3), (6, 2), (6, 3), (6, 4)), (1, 1))","(((2, 3), (5, 3), (6, 2), (6, 4)), (1, 1))",7,4.0,11.0,7,6,0,expanded,False,True,604
"(((2, 3), (5, 4), (6, 1), (6, 4)), (1, 1))","(((2, 3), (5, 4), (6, 2), (6, 4)), (1, 1))",8,5,13.0,8,,,pruned,,,605
"(((2, 3), (5, 4), (6, 2), (6, 4)), (1, 1))","(((2, 3), (5, 3), (6, 2), (6, 4)), (1, 1))",7,4.0,11.0,7,6,1,expanded,False,True,606
"(((2, 3), (5, 3), (6, 4), (8, 2)), (1, 1))","(((2, 3), (5, 3), (6, 4), (7, 2)), (1, 1))",8,5,13.0,8,,,pruned,,,607
"(((2, 3), (5, 3), (6, 4), (7, 2)), (1, 1))","(((2, 3), (5, 3), (6, 2), (6, 4)), (1, 1))",7,4.0,11.0,7,8,1,expanded,False,True,608
"(((2, 3), (5, 3), (6, 3), (6, 4)), (1, 1))","(((2, 3), (5, 3), (6, 2), (6, 4)), (1, 1))",7,4.0,11.0,7,6,0,expanded,False,True,609
"(((2, 3), (5, 3), (6, 2), (8, 4)), (1, 1))","(((2, 3), (5, 3), (6, 2), (7, 4)), (1, 1))",8,5,13.0,8,,,pruned,,,610
"(((2, 3), (5, 3), (6, 1), (7, 4)), (1, 1))","(((2, 3), (5, 3), (6, 2), (7, 4)), (1, 1))",8,5,13.0,8,,,pruned,,,611
"(((2, 3), (5, 3), (6, 2), (7, 4)), (1, 1))","(((2, 3), (5, 3), (6, 2), (6, 4)), (1, 1))",7,4.0,11.0,7,12,2,expanded,False,True,612
"(((2, 5), (6, 2), (6, 3), (7, 2)), (1, 1))","(((2, 4), (6, 2), (6, 3), (7, 2)), (1, 1))",8,5,13.0,8,,,pruned,,,613
"(((2, 4), (6, 2), (6, 3), (7, 2)), (1, 1))","(((2, 4), (5, 3), (6, 2), (7, 2)), (1, 1))",7,4.0,11.0,7,2,1,expanded,False,True,614
"(((2, 5), (4, 3), (6, 2), (7, 2)), (1, 1))","(((2, 4), (4, 3), (6, 2), (7, 2)), (1, 1))",8,5,13.0,8,,,pruned,,,615
"(((2, 4), (4, 3), (6, 1), (7, 2)), (1, 1))","(((2, 4), (4, 3), (6, 2), (7, 2)), (1, 1))",8,5,13.0,8,,,pruned,,,616
"(((2, 4), (4, 3), (6, 2), (7, 2)), (1, 1))","(((2, 4), (5, 3), (6, 2), (7, 2)), (1, 1))",7,4.0,11.0,7,6,2,expanded,False,True,617
"(((2, 5), (5, 4), (6, 2), (7, 2)), (1, 1))","(((2, 4), (5, 4), (6, 2), (7, 2)), (1, 1))",8,5,13.0,8,,,pruned,,,618
"(((2, 4), (5, 4), (6, 1), (7, 2)), (1, 1))","(((2, 4), (5, 4), (6, 2), (7, 2)), (1, 1))",8,5,13.0,8,,,pruned,,,619
"(((2, 4), (5, 4), (6, 2), (7, 2)), (1, 1))","(((2, 4), (5, 3), (6, 2), (7, 2)), (1, 1))",7,4.0,11.0,7,6,2,expanded,False,True,620
"(((2, 5), (5, 2), (6, 2), (7, 2)), (1, 1))","(((2, 4), (5, 2), (6, 2), (7, 2)), (1, 1))",8,5,13.0,8,,,pruned,,,621
"(((2, 4), (5, 2), (6, 1), (7, 2)), (1, 1))","(((2, 4), (5, 2), (6, 2), (7, 2)), (1, 1))",8,5,13.0,8,,,pruned,,,622
"(((2, 4), (5, 1), (6, 2), (7, 2)), (1, 1))","(((2, 4), (5, 2), (6, 2), (7, 2)), (1, 1))",8,5,13.0,8,,,pruned,,,623
"(((2, 4), (5, 2), (6, 2), (7, 2)), (1, 1))","(((2, 4), (5, 3), (6, 2), (7, 2)), (1, 1))",7,4.0,11.0,7,4,3,expanded,False,True,624
"(((3, 2), (5, 3), (6, 2), (6, 3)), (1, 1))","(((2, 2), (5, 3), (6, 2), (6, 3)), (1, 1))",7,4.0,11.0,7,6,0,expanded,False,True,625
"(((3, 2), (4, 3), (5, 3), (6, 1)), (1, 1))","(((3, 2), (4, 3), (5, 3), (6, 2)), (1, 1))",8,5,13.0,8,,,pruned,,,626
"(((3, 2), (4, 3), (5, 3), (6, 2)), (1, 1))","(((2, 2), (4, 3), (5, 3), (6, 2)), (1, 1))",7,4.0,11.0,7,10,1,expanded,False,True,627
"(((2, 2), (4, 4), (5, 3), (6, 1)), (3, 2))","(((2, 2), (4, 4), (5, 3), (6, 2)), (3, 2))",8,5,13.0,8,,,pruned,,,628
"(((2, 2), (4, 5), (5, 3), (6, 2)), (3, 2))","(((2, 2), (4, 4), (5, 3), (6, 2)), (3, 2))",8,5,13.0,8,,,pruned,,,629
"(((1, 2), (4, 4), (5, 3), (6, 2)), (1, 1))","(((2, 2), (4, 4), (5, 3), (6, 2)), (3, 2))",8,5,13.0,8,,,pruned,,,630
"(((2, 2), (4, 4), (5, 3), (6, 2)), (3, 2))","(((2, 2), (4, 3), (5, 3), (6, 2)), (1, 1))",7,4.0,11.0,7,10,3,expanded,False,True,631
"(((2, 3), (4, 3), (5, 3), (6, 4)), (1, 1))","(((2, 3), (4, 3), (5, 3), (6, 3)), (1, 1))",7,4.0,11.0,7,4,0,expanded,False,True,632
"(((3, 2), (5, 2), (5, 3), (6, 4)), (5, 1))","(((3, 2), (5, 2), (5, 3), (6, 3)), (1, 1))",7,4.0,11.0,7,3,0,expanded,False,True,633
"(((2, 3), (4, 5), (5, 2), (6, 4)), (1, 1))","(((2, 3), (4, 4), (5, 2), (6, 4)), (1, 1))",8,5,13.0,8,,,pruned,,,634
"(((2, 3), (4, 4), (5, 1), (6, 4)), (1, 1))","(((2, 3), (4, 4), (5, 2), (6, 4)), (1, 1))",8,5,13.0,8,,,pruned,,,635
"(((2, 3), (4, 4), (5, 2), (6, 4)), (1, 1))","(((2, 3), (4, 4), (5, 2), (6, 3)), (1, 1))",7,4.0,11.0,7,8,2,expanded,False,True,636
"(((3, 2), (5, 2), (6, 1), (6, 4)), (1, 1))","(((3, 2), (5, 2), (6, 2), (6, 4)), (1, 1))",8,5,13.0,8,,,pruned,,,637
"(((3, 2), (5, 1), (6, 2), (6, 4)), (1, 1))","(((3, 2), (5, 2), (6, 2), (6, 4)), (1, 1))",8,5,13.0,8,,,pruned,,,638
"(((3, 2), (5, 2), (6, 2), (6, 4)), (1, 1))","(((2, 2), (5, 2), (6, 2), (6, 4)), (1, 1))",7,4.0,11.0,7,5,2,expanded,False,True,639
"(((2, 5), (5, 2), (5, 4), (6, 4)), (1, 1))","(((2, 4), (5, 2), (5, 4), (6, 4)), (1, 1))",8,5,13.0,8,,,pruned,,,640
"(((2, 4), (5, 1), (5, 4), (6, 4)), (1, 1))","(((2, 4), (5, 2), (5, 4), (6, 4)), (1, 1))",8,5,13.0,8,,,pruned,,,641
"(((2, 4), (5, 2), (5, 4), (6, 4)), (1, 1))","(((2, 4), (5, 2), (5, 4), (6, 3)), (5, 1))",7,4.0,11.0,7,6,2,expanded,False,True,642
"(((3, 2), (5, 3), (5, 4), (6, 1)), (1, 1))","(((3, 2), (5, 3), (5, 4), (6, 2)), (1, 1))",8,5,13.0,8,,,pruned,,,643
"(((3, 2), (5, 3), (5, 4), (6, 2)), (1, 1))","(((2, 2), (5, 3), (5, 4), (6, 2)), (1, 1))",7,4.0,11.0,7,10,1,expanded,False,True,644
"(((2, 3), (5, 3), (5, 4), (6, 4)), (1, 1))","(((2, 3), (5, 3), (5, 4), (6, 3)), (1, 1))",7,4.0,11.0,7,4,0,expanded,False,True,645
"(((2, 3), (4, 4), (6, 1), (7, 2)), (1, 1))","(((2, 3), (4, 4), (6, 2), (7, 2)), (1, 1))",8,5,13.0,8,,,pruned,,,646
"(((2, 3), (4, 5), (6, 2), (7, 2)), (1, 1))","(((2, 3), (4, 4), (6, 2), (7, 2)), (1, 1))",8,5,13.0,8,,,pruned,,,647
"(((2, 3), (4, 4), (6, 2), (7, 2)), (1, 1))","(((2, 3), (4, 3), (6, 2), (7, 2)), (1, 1))",7,4.0,11.0,7,4,2,expanded,False,True,648
"(((2, 3), (6, 1), (6, 4), (7, 2)), (1, 1))","(((2, 3), (6, 2), (6, 4), (7, 2)), (1, 1))",8,5,13.0,8,,,pruned,,,649
"(((2, 3), (6, 2), (6, 4), (7, 2)), (1, 1))","(((2, 3), (5, 4), (6, 2), (7, 2)), (1, 1))",7,4.0,11.0,7,5,1,expanded,False,True,650
"(((3, 2), (5, 3), (6, 1), (7, 2)), (1, 1))","(((3, 2), (5, 3), (6, 2), (7, 2)), (1, 1))",8,5,13.0,8,,,pruned,,,651
"(((3, 2), (5, 3), (6, 2), (7, 2)), (1, 1))","(((2, 2), (5, 3), (6, 2), (7, 2)), (1, 1))",7,4.0,11.0,7,8,1,expanded,False,True,652
"(((3, 2), (4, 5), (5, 2), (6, 2)), (4, 2))","(((3, 2), (4, 4), (5, 2), (6, 2)), (4, 2))",8,5,13.0,8,,,pruned,,,653
"(((3, 2), (4, 4), (5, 2), (6, 1)), (4, 2))","(((3, 2), (4, 4), (5, 2), (6, 2)), (4, 2))",8,5,13.0,8,,,pruned,,,654
"(((3, 2), (4, 4), (5, 1), (6, 2)), (4, 2))","(((3, 2), (4, 4), (5, 2), (6, 2)), (4, 2))",8,5,13.0,8,,,pruned,,,655
"(((3, 2), (4, 4), (5, 2), (6, 2)), (4, 2))","(((3, 2), (5, 2), (5, 4), (6, 2)), (1, 1))",7,4.0,11.0,7,6,3,expanded,False,True,656
"(((4, 2), (5, 2), (5, 4), (6, 1)), (1, 1))","(((4, 2), (5, 2), (5, 4), (6, 2)), (1, 1))",8,5,13.0,8,,,pruned,,,657
"(((4, 2), (5, 1), (5, 4), (6, 2)), (1, 1))","(((4, 2), (5, 2), (5, 4), (6, 2)), (1, 1))",8,5,13.0,8,,,pruned,,,658
"(((4, 2), (5, 2), (5, 4), (6, 2)), (1, 1))","(((3, 2), (5, 2), (5, 4), (6, 2)), (1, 1))",7,4.0,11.0,7,6,2,expanded,False,True,659
"(((4, 2), (5, 2), (5, 3), (8, 2)), (1, 1))","(((4, 2), (5, 2), (5, 3), (7, 2)), (1, 1))",8,5,13.0,8,,,pruned,,,660
"(((4, 2), (5, 2), (5, 3), (7, 2)), (1, 1))","(((3, 2), (5, 2), (5, 3), (7, 2)), (1, 1))",7,4.0,11.0,7,4,1,expanded,False,True,661
"(((2, 5), (5, 2), (6, 4), (7, 2)), (1, 1))","(((2, 4), (5, 2), (6, 4), (7, 2)), (1, 1))",8,5,13.0,8,,,pruned,,,662
"(((2, 4), (5, 2), (6, 4), (8, 2)), (1, 1))","(((2, 4), (5, 2), (6, 4), (7, 2)), (1, 1))",8,5,13.0,8,,,pruned,,,663
"(((2, 4), (5, 1), (6, 4), (7, 2)), (1, 1))","(((2, 4), (5, 2), (6, 4), (7, 2)), (1, 1))",8,5,13.0,8,,,pruned,,,664
"(((2, 4), (5, 2), (6, 4), (7, 2)), (1, 1))","(((2, 3), (5, 2), (6, 4), (7, 2)), (1, 1))",7,4.0,11.0,7,8,3,expanded,False,True,665
"(((2, 5), (5, 2), (6, 3), (6, 4)), (1, 1))","(((2, 4), (5, 2), (6, 3), (6, 4)), (1, 1))",8,5,13.0,8,,,pruned,,,666
"(((2, 4), (5, 1), (6, 3), (6, 4)), (1, 1))","(((2, 4), (5, 2), (6, 3), (6, 4)), (1, 1))",8,5,13.0,8,,,pruned,,,667
"(((2, 4), (5, 2), (6, 3), (6, 4)), (1, 1))","(((2, 4), (4, 2), (6, 3), (6, 4)), (1, 1))",7,4.0,11.0,7,5,2,expanded,False,True,668
"(((2, 5), (4, 3), (5, 2), (6, 4)), (1, 1))","(((2, 4), (4, 3), (5, 2), (6, 4)), (1, 1))",8,5,13.0,8,,,pruned,,,669
"(((2, 4), (4, 3), (5, 2), (6, 4)), (1, 1))","(((2, 4), (4, 2), (4, 3), (6, 4)), (1, 1))",7,4.0,11.0,7,3,1,expanded,False,True,670
"(((2, 3), (4, 3), (6, 1), (6, 4)), (1, 1))","(((2, 3), (4, 3), (6, 2), (6, 4)), (1, 1))",8,5,13.0,8,,,pruned,,,671
"(((2, 3), (4, 3), (6, 2), (6, 4)), (1, 1))","(((2, 3), (4, 3), (5, 2), (6, 4)), (1, 1))",7,4.0,11.0,7,10,1,expanded,False,True,672
"(((2, 5), (4, 2), (5, 3), (6, 4)), (1, 1))","(((2, 4), (4, 2), (5, 3), (6, 4)), (1, 1))",8,5,13.0,8,,,pruned,,,673
"(((2, 4), (4, 2), (5, 3), (6, 4)), (1, 1))","(((2, 3), (4, 2), (5, 3), (6, 4)), (1, 1))",7,4.0,11.0,7,2,1,expanded,False,True,674
"(((2, 3), (5, 2), (5, 3), (6, 4)), (1, 1))","(((2, 3), (4, 2), (5, 3), (6, 4)), (1, 1))",7,4.0,11.0,7,5,0,expanded,False,True,675
"(((2, 4), (4, 5), (5, 2), (7, 2)), (1, 1))","(((2, 4), (4, 4), (5, 2), (7, 2)), (1, 1))",8,5,13.0,8,,,pruned,,,676
"(((2, 5), (4, 4), (5, 2), (7, 2)), (1, 1))","(((2, 4), (4, 4), (5, 2), (7, 2)), (1, 1))",8,5,13.0,8,,,pruned,,,677
"(((2, 4), (4, 4), (5, 2), (8, 2)), (1, 1))","(((2, 4), (4, 4), (5, 2), (7, 2)), (1, 1))",8,5,13.0,8,,,pruned,,,678
"(((2, 4), (4, 4), (5, 1), (7, 2)), (1, 1))","(((2, 4), (4, 4), (5, 2), (7, 2)), (1, 1))",8,5,13.0,8,,,pruned,,,679
"(((2, 4), (4, 4), (5, 2), (7, 2)), (1, 1))","(((2, 4), (4, 3), (5, 2), (7, 2)), (1, 1))",7,4.0,11.0,7,8,4,expanded,False,True,680
"(((2, 5), (4, 3), (5, 2), (5, 3)), (1, 1))","(((2, 4), (4, 3), (5, 2), (5, 3)), (1, 1))",8,5,13.0,8,,,pruned,,,681
"(((2, 4), (4, 3), (5, 2), (5, 3)), (1, 1))","(((2, 4), (4, 2), (4, 3), (5, 3)), (1, 1))",7,4.0,11.0,7,3,1,expanded,False,True,682
"(((2, 3), (4, 5), (5, 2), (5, 3)), (1, 1))","(((2, 3), (4, 4), (5, 2), (5, 3)), (1, 1))",8,5,13.0,8,,,pruned,,,683
"(((2, 3), (4, 4), (5, 2), (5, 3)), (1, 1))","(((2, 3), (4, 3), (5, 2), (5, 3)), (1, 1))",7,4.0,11.0,7,4,1,expanded,False,True,684
"(((2, 5), (4, 3), (6, 2), (6, 3)), (1, 1))","(((2, 4), (4, 3), (6, 2), (6, 3)), (1, 1))",8,5,13.0,8,,,pruned,,,685
"(((2, 4), (4, 3), (6, 2), (6, 3)), (1, 1))","(((2, 4), (4, 3), (5, 2), (6, 3)), (1, 1))",7,4.0,11.0,7,6,1,expanded,False,True,686
"(((2, 4), (5, 2), (5, 3), (8, 4)), (1, 1))","(((2, 4), (5, 2), (5, 3), (7, 4)), (1, 1))",8,5,13.0,8,,,pruned,,,687
"(((2, 5), (5, 2), (5, 3), (7, 4)), (1, 1))","(((2, 4), (5, 2), (5, 3), (7, 4)), (1, 1))",8,5,13.0,8,,,pruned,,,688
"(((2, 4), (5, 2), (5, 3), (7, 4)), (1, 1))","(((2, 4), (4, 2), (5, 3), (7, 4)), (1, 1))",7,4.0,11.0,7,8,2,expanded,False,True,689
"(((2, 4), (4, 5), (6, 2), (6, 3)), (1, 1))","(((2, 4), (4, 4), (6, 2), (6, 3)), (1, 1))",9,4,13.0,9,,,pruned,,,690
"(((2, 5), (4, 4), (6, 2), (6, 3)), (1, 1))","(((2, 4), (4, 4), (6, 2), (6, 3)), (1, 1))",9,4,13.0,9,,,pruned,,,691
"(((2, 4), (4, 4), (6, 2), (6, 3)), (1, 1))","(((2, 4), (4, 4), (5, 3), (6, 2)), (1, 1))",8,3.0,11.0,8,4,2,expanded,False,True,692
"(((2, 4), (4, 3), (4, 4), (6, 1)), (1, 1))","(((2, 4), (4, 3), (4, 4), (6, 2)), (1, 1))",9,4,13.0,9,,,pruned,,,693
"(((2, 5), (4, 3), (4, 4), (6, 2)), (1, 1))","(((2, 4), (4, 3), (4, 4), (6, 2)), (1, 1))",9,4,13.0,9,,,pruned,,,694
"(((2, 4), (4, 3), (4, 4), (6, 2)), (1, 1))","(((2, 4), (4, 4), (5, 3), (6, 2)), (1, 1))",8,3.0,11.0,8,5,2,expanded,False,True,695
"(((2, 4), (4, 5), (5, 4), (6, 2)), (1, 1))","(((2, 4), (4, 4), (5, 4), (6, 2)), (1, 1))",9,4,13.0,9,,,pruned,,,696
"(((2, 4), (4, 4), (5, 4), (6, 1)), (1, 1))","(((2, 4), (4, 4), (5, 4), (6, 2)), (1, 1))",9,4,13.0,9,,,pruned,,,697
"(((2, 5), (4, 4), (5, 4), (6, 2)), (1, 1))","(((2, 4), (4, 4), (5, 4), (6, 2)), (1, 1))",9,4,13.0,9,,,pruned,,,698
"(((2, 4), (4, 4), (5, 4), (6, 2)), (1, 1))","(((2, 4), (4, 4), (5, 3), (6, 2)), (1, 1))",8,3.0,11.0,8,6,3,expanded,False,True,699
"(((2, 4), (4, 4), (5, 3), (8, 2)), (1, 1))","(((2, 4), (4, 4), (5, 3), (7, 2)), (1, 1))",9,4,13.0,9,,,pruned,,,700
"(((2, 5), (4, 4), (5, 3), (7, 2)), (1, 1))","(((2, 4), (4, 4), (5, 3), (7, 2)), (1, 1))",9,4,13.0,9,,,pruned,,,701
"(((2, 4), (4, 5), (5, 3), (7, 2)), (1, 1))","(((2, 4), (4, 4), (5, 3), (7, 2)), (1, 1))",9,4,13.0,9,,,pruned,,,702
"(((2, 4), (4, 4), (5, 3), (7, 2)), (1, 1))","(((2, 4), (4, 4), (5, 3), (6, 2)), (1, 1))",8,3.0,11.0,8,8,3,expanded,False,True,703
"(((2, 4), (4, 4), (5, 2), (5, 3)), (5, 1))","(((2, 4), (4, 4), (5, 3), (6, 2)), (1, 1))",8,3.0,11.0,8,2,0,expanded,False,True,704
"(((2, 5), (4, 4), (5, 3), (6, 3)), (1, 1))","(((2, 4), (4, 4), (5, 3), (6, 3)), (1, 1))",9,4,13.0,9,,,pruned,,,705
"(((2, 4), (4, 5), (5, 3), (6, 3)), (1, 1))","(((2, 4), (4, 4), (5, 3), (6, 3)), (1, 1))",9,4,13.0,9,,,pruned,,,706
"(((2, 4), (4, 4), (5, 3), (6, 3)), (1, 1))","(((2, 4), (4, 4), (5, 3), (6, 2)), (1, 1))",8,3.0,11.0,8,6,2,expanded,False,True,707
"(((2, 5), (6, 2), (6, 3), (6, 4)), (1, 1))","(((2, 4), (6, 2), (6, 3), (6, 4)), (1, 1))",9,4,13.0,9,,,pruned,,,708
"(((2, 4), (6, 2), (6, 3), (6, 4)), (1, 1))","(((2, 4), (5, 3), (6, 2), (6, 4)), (1, 1))",8,3.0,11.0,8,6,1,expanded,False,True,709
"(((2, 4), (5, 4), (6, 1), (6, 4)), (1, 1))","(((2, 4), (5, 4), (6, 2), (6, 4)), (1, 1))",9,4,13.0,9,,,pruned,,,710
"(((2, 5), (5, 4), (6, 2), (6, 4)), (1, 1))","(((2, 4), (5, 4), (6, 2), (6, 4)), (1, 1))",9,4,13.0,9,,,pruned,,,711
"(((2, 4), (5, 4), (6, 2), (6, 4)), (1, 1))","(((2, 4), (5, 3), (6, 2), (6, 4)), (1, 1))",8,3.0,11.0,8,6,2,expanded,False,True,712
"(((2, 5), (5, 3), (6, 4), (7, 2)), (1, 1))","(((2, 4), (5, 3), (6, 4), (7, 2)), (1, 1))",9,4,13.0,9,,,pruned,,,713
"(((2, 4), (5, 3), (6, 4), (8, 2)), (1, 1))","(((2, 4), (5, 3), (6, 4), (7, 2)), (1, 1))",9,4,13.0,9,,,pruned,,,714
"(((2, 4), (5, 3), (6, 4), (7, 2)), (1, 1))","(((2, 4), (5, 3), (6, 2), (6, 4)), (1, 1))",8,3.0,11.0,8,8,2,expanded,False,True,715
"(((2, 5), (5, 3), (6, 3), (6, 4)), (1, 1))","(((2, 4), (5, 3), (6, 3), (6, 4)), (1, 1))",9,4,13.0,9,,,pruned,,,716
"(((2, 4), (5, 3), (6, 3), (6, 4)), (1, 1))","(((2, 4), (5, 3), (6, 2), (6, 4)), (1, 1))",8,3.0,11.0,8,6,1,expanded,False,True,717
"(((2, 4), (5, 3), (6, 2), (8, 4)), (1, 1))","(((2, 4), (5, 3), (6, 2), (7, 4)), (1, 1))",9,4,13.0,9,,,pruned,,,718
"(((2, 4), (5, 3), (6, 1), (7, 4)), (1, 1))","(((2, 4), (5, 3), (6, 2), (7, 4)), (1, 1))",9,4,13.0,9,,,pruned,,,719
"(((2, 5), (5, 3), (6, 2), (7, 4)), (1, 1))","(((2, 4), (5, 3), (6, 2), (7, 4)), (1, 1))",9,4,13.0,9,,,pruned,,,720
"(((2, 4), (5, 3), (6, 2), (7, 4)), (1, 1))","(((2, 4), (5, 3), (6, 2), (6, 4)), (1, 1))",8,3.0,11.0,8,12,3,expanded,False,True,721
"(((2, 5), (4, 3), (5, 3), (6, 4)), (1, 1))","(((2, 4), (4, 3), (5, 3), (6, 4)), (1, 1))",9,4,13.0,9,,,pruned,,,722
"(((2, 4), (4, 3), (5, 3), (6, 4)), (1, 1))","(((2, 4), (4, 3), (5, 3), (6, 3)), (1, 1))",8,3.0,11.0,8,4,1,expanded,False,True,723
"(((2, 3), (4, 5), (5, 3), (6, 4)), (1, 1))","(((2, 3), (4, 4), (5, 3), (6, 4)), (1, 1))",9,4,13.0,9,,,pruned,,,724
"(((2, 3), (4, 4), (5, 3), (6, 4)), (1, 1))","(((2, 3), (4, 4), (5, 3), (6, 3)), (1, 1))",8,3.0,11.0,8,6,1,expanded,False,True,725
"(((4, 2), (5, 3), (6, 2), (6, 3)), (1, 1))","(((4, 2), (5, 2), (6, 2), (6, 3)), (1, 1))",8,3.0,11.0,8,6,0,expanded,False,True,726
"(((4, 2), (4, 3), (5, 3), (6, 1)), (1, 1))","(((4, 2), (4, 3), (5, 3), (6, 2)), (1, 1))",9,4,13.0,9,,,pruned,,,727
"(((4, 2), (4, 3), (5, 3), (6, 2)), (1, 1))","(((4, 2), (4, 3), (5, 2), (6, 2)), (1, 1))",8,3.0,11.0,8,8,1,expanded,False,True,728
"(((4, 2), (5, 2), (5, 3), (6, 4)), (5, 1))","(((4, 2), (5, 2), (5, 3), (6, 3)), (1, 1))",8,3.0,11.0,8,2,0,expanded,False,True,729
"(((2, 4), (4, 5), (5, 2), (6, 4)), (1, 1))","(((2, 4), (4, 4), (5, 2), (6, 4)), (1, 1))",9,4,13.0,9,,,pruned,,,730
"(((2, 5), (4, 4), (5, 2), (6, 4)), (1, 1))","(((2, 4), (4, 4), (5, 2), (6, 4)), (1, 1))",9,4,13.0,9,,,pruned,,,731
"(((2, 4), (4, 4), (5, 1), (6, 4)), (1, 1))","(((2, 4), (4, 4), (5, 2), (6, 4)), (1, 1))",9,4,13.0,9,,,pruned,,,732
"(((2, 4), (4, 4), (5, 2), (6, 4)), (1, 1))","(((2, 4), (4, 4), (5, 2), (6, 3)), (1, 1))",8,3.0,11.0,8,8,3,expanded,False,True,733
"(((2, 5), (5, 3), (5, 4), (6, 4)), (1, 1))","(((2, 4), (5, 3), (5, 4), (6, 4)), (1, 1))",9,4,13.0,9,,,pruned,,,734
"(((2, 4), (5, 3), (5, 4), (6, 4)), (1, 1))","(((2, 4), (5, 3), (5, 4), (6, 3)), (1, 1))",8,3.0,11.0,8,4,1,expanded,False,True,735
"(((3, 2), (5, 3), (6, 2), (6, 4)), (1, 1))","(((2, 2), (5, 3), (6, 2), (6, 4)), (1, 1))",8,3.0,11.0,8,10,0,expanded,False,True,736
"(((2, 4), (4, 5), (6, 2), (7, 2)), (1, 1))","(((2, 4), (4, 4), (6, 2), (7, 2)), (1, 1))",9,4,13.0,9,,,pruned,,,737
"(((2, 5), (4, 4), (6, 2), (7, 2)), (1, 1))","(((2, 4), (4, 4), (6, 2), (7, 2)), (1, 1))",9,4,13.0,9,,,pruned,,,738
"(((2, 4), (4, 4), (6, 1), (7, 2)), (1, 1))","(((2, 4), (4, 4), (6, 2), (7, 2)), (1, 1))",9,4,13.0,9,,,pruned,,,739
"(((2, 4), (4, 4), (6, 2), (7, 2)), (1, 1))","(((2, 4), (4, 3), (6, 2), (7, 2)), (1, 1))",8,3.0,11.0,8,4,3,expanded,False,True,740
"(((2, 5), (6, 2), (6, 4), (7, 2)), (1, 1))","(((2, 4), (6, 2), (6, 4), (7, 2)), (1, 1))",9,4,13.0,9,,,pruned,,,741
"(((2, 4), (6, 1), (6, 4), (7, 2)), (1, 1))","(((2, 4), (6, 2), (6, 4), (7, 2)), (1, 1))",9,4,13.0,9,,,pruned,,,742
"(((2, 4), (6, 2), (6, 4), (7, 2)), (1, 1))","(((2, 4), (5, 4), (6, 2), (7, 2)), (1, 1))",8,3.0,11.0,8,5,2,expanded,False,True,743
"(((3, 2), (4, 4), (5, 3), (6, 1)), (4, 2))","(((3, 2), (4, 4), (5, 3), (6, 2)), (4, 2))",9,4,13.0,9,,,pruned,,,744
"(((3, 2), (4, 5), (5, 3), (6, 2)), (4, 2))","(((3, 2), (4, 4), (5, 3), (6, 2)), (4, 2))",9,4,13.0,9,,,pruned,,,745
"(((3, 2), (4, 4), (5, 3), (6, 2)), (4, 2))","(((3, 2), (4, 3), (5, 3), (6, 2)), (1, 1))",8,3.0,11.0,8,10,2,expanded,False,True,746
"(((2, 3), (4, 4), (6, 1), (6, 4)), (1, 1))","(((2, 3), (4, 4), (6, 2), (6, 4)), (1, 1))",9,4,13.0,9,,,pruned,,,747
"(((2, 3), (4, 5), (6, 2), (6, 4)), (1, 1))","(((2, 3), (4, 4), (6, 2), (6, 4)), (1, 1))",9,4,13.0,9,,,pruned,,,748
"(((2, 3), (4, 4), (6, 2), (6, 4)), (1, 1))","(((2, 3), (4, 4), (5, 2), (6, 4)), (1, 1))",8,3.0,11.0,8,8,2,expanded,False,True,749
"(((4, 2), (5, 2), (6, 1), (6, 4)), (1, 1))","(((4, 2), (5, 2), (6, 2), (6, 4)), (1, 1))",9,4,13.0,9,,,pruned,,,750
"(((4, 2), (5, 1), (6, 2), (6, 4)), (1, 1))","(((4, 2), (5, 2), (6, 2), (6, 4)), (1, 1))",9,4,13.0,9,,,pruned,,,751
"(((4, 2), (5, 2), (6, 2), (6, 4)), (1, 1))","(((3, 2), (5, 2), (6, 2), (6, 4)), (1, 1))",8,3.0,11.0,8,3,2,expanded,False,True,752
"(((4, 2), (5, 3), (5, 4), (6, 2)), (1, 1))","(((3, 2), (5, 3), (5, 4), (6, 2)), (1, 1))",8,3.0,11.0,8,3,0,expanded,False,True,753
"(((4, 2), (5, 3), (6, 1), (7, 2)), (1, 1))","(((4, 2), (5, 3), (6, 2), (7, 2)), (1, 1))",9,4,13.0,9,,,pruned,,,754
"(((4, 2), (5, 3), (6, 2), (7, 2)), (1, 1))","(((3, 2), (5, 3), (6, 2), (7, 2)), (1, 1))",8,3.0,11.0,8,5,1,expanded,False,True,755
"(((4, 2), (4, 5), (5, 2), (6, 2)), (4, 3))","(((4, 2), (4, 4), (5, 2), (6, 2)), (4, 3))",9,4,13.0,9,,,pruned,,,756
"(((4, 2), (4, 4), (5, 2), (6, 1)), (4, 3))","(((4, 2), (4, 4), (5, 2), (6, 2)), (4, 3))",9,4,13.0,9,,,pruned,,,757
"(((4, 2), (4, 4), (5, 1), (6, 2)), (4, 3))","(((4, 2), (4, 4), (5, 2), (6, 2)), (4, 3))",9,4,13.0,9,,,pruned,,,758
"(((4, 2), (4, 4), (5, 2), (6, 2)), (4, 3))","(((4, 2), (5, 2), (5, 4), (6, 2)), (1, 1))",8,3.0,11.0,8,5,3,expanded,False,True,759
"(((4, 2), (5, 3), (5, 4), (6, 1)), (5, 1))","(((4, 2), (5, 3), (5, 4), (6, 2)), (5, 1))",9,4,13.0,9,,,pruned,,,760
"(((4, 2), (5, 3), (5, 4), (6, 2)), (5, 1))","(((4, 2), (5, 2), (5, 4), (6, 2)), (1, 1))",8,3.0,11.0,8,7,1,expanded,False,True,761
"(((2, 5), (4, 3), (6, 2), (6, 4)), (1, 1))","(((2, 4), (4, 3), (6, 2), (6, 4)), (1, 1))",9,4,13.0,9,,,pruned,,,762
"(((2, 4), (4, 3), (6, 1), (6, 4)), (1, 1))","(((2, 4), (4, 3), (6, 2), (6, 4)), (1, 1))",9,4,13.0,9,,,pruned,,,763
"(((2, 4), (4, 3), (6, 2), (6, 4)), (1, 1))","(((2, 4), (4, 3), (5, 2), (6, 4)), (1, 1))",8,3.0,11.0,8,10,2,expanded,False,True,764
"(((2, 5), (5, 2), (5, 3), (6, 4)), (1, 1))","(((2, 4), (5, 2), (5, 3), (6, 4)), (1, 1))",9,4,13.0,9,,,pruned,,,765
"(((2, 4), (5, 2), (5, 3), (6, 4)), (1, 1))","(((2, 4), (4, 2), (5, 3), (6, 4)), (1, 1))",8,3.0,11.0,8,5,1,expanded,False,True,766
"(((2, 5), (4, 4), (5, 2), (5, 3)), (1, 1))","(((2, 4), (4, 4), (5, 2), (5, 3)), (1, 1))",9,4,13.0,9,,,pruned,,,767
"(((2, 4), (4, 5), (5, 2), (5, 3)), (1, 1))","(((2, 4), (4, 4), (5, 2), (5, 3)), (1, 1))",9,4,13.0,9,,,pruned,,,768
"(((2, 4), (4, 4), (5, 2), (5, 3)), (1, 1))","(((2, 4), (4, 3), (5, 2), (5, 3)), (1, 1))",8,3.0,11.0,8,4,2,expanded,False,True,769
"(((2, 5), (4, 4), (5, 3), (6, 4)), (1, 1))","(((2, 4), (4, 4), (5, 3), (6, 4)), (1, 1))",10,3,13.0,10,,,pruned,,,770
"(((2, 4), (4, 5), (5, 3), (6, 4)), (1, 1))","(((2, 4), (4, 4), (5, 3), (6, 4)), (1, 1))",10,3,13.0,10,,,pruned,,,771
"(((2, 4), (4, 4), (5, 3), (6, 4)), (1, 1))","(((2, 4), (4, 4), (5, 3), (6, 3)), (1, 1))",9,2.0,11.0,9,6,2,expanded,False,True,772
"(((5, 2), (5, 3), (6, 2), (6, 3)), (1, 1))","(((4, 2), (5, 3), (6, 2), (6, 3)), (1, 1))",9,2.0,11.0,9,0,0,expanded,False,True,773
"(((4, 3), (5, 2), (5, 3), (6, 1)), (1, 1))","(((4, 3), (5, 2), (5, 3), (6, 2)), (1, 1))",10,3,13.0,10,,,pruned,,,774
"(((4, 3), (5, 2), (5, 3), (6, 2)), (1, 1))","(((4, 2), (4, 3), (5, 3), (6, 2)), (1, 1))",9,2.0,11.0,9,4,1,expanded,False,True,775
"(((2, 4), (4, 5), (6, 2), (6, 4)), (1, 1))","(((2, 4), (4, 4), (6, 2), (6, 4)), (1, 1))",10,3,13.0,10,,,pruned,,,776
"(((2, 5), (4, 4), (6, 2), (6, 4)), (1, 1))","(((2, 4), (4, 4), (6, 2), (6, 4)), (1, 1))",10,3,13.0,10,,,pruned,,,777
"(((2, 4), (4, 4), (6, 1), (6, 4)), (1, 1))","(((2, 4), (4, 4), (6, 2), (6, 4)), (1, 1))",10,3,13.0,10,,,pruned,,,778
"(((2, 4), (4, 4), (6, 2), (6, 4)), (1, 1))","(((2, 4), (4, 4), (5, 2), (6, 4)), (1, 1))",9,2.0,11.0,9,8,3,expanded,False,True,779
"(((4, 2), (5, 3), (6, 2), (6, 4)), (1, 1))","(((3, 2), (5, 3), (6, 2), (6, 4)), (1, 1))",9,2.0,11.0,9,4,0,expanded,False,True,780
"(((5, 2), (5, 3), (5, 4), (6, 2)), (1, 1))","(((4, 2), (5, 3), (5, 4), (6, 2)), (1, 1))",9,2.0,11.0,9,2,0,expanded,False,True,781
"(((5, 2), (5, 3), (6, 1), (7, 2)), (1, 1))","(((5, 2), (5, 3), (6, 2), (7, 2)), (1, 1))",10,3,13.0,10,,,pruned,,,782
"(((5, 2), (5, 3), (6, 2), (7, 2)), (1, 1))","(((4, 2), (5, 3), (6, 2), (7, 2)), (1, 1))",9,2.0,11.0,9,3,1,expanded,False,True,783
"(((4, 2), (4, 4), (5, 3), (6, 1)), (5, 1))","(((4, 2), (4, 4), (5, 3), (6, 2)), (5, 1))",10,3,13.0,10,,,pruned,,,784
"(((4, 2), (4, 4), (5, 3), (6, 2)), (5, 1))","(((4, 2), (4, 4), (5, 2), (6, 2)), (4, 3))",9,2.0,11.0,9,8,1,expanded,False,True,785
"(((4, 5), (5, 2), (5, 3), (6, 2)), (1, 1))","(((4, 4), (5, 2), (5, 3), (6, 2)), (1, 1))",11,2,13.0,11,,,pruned,,,786
"(((4, 4), (5, 2), (5, 3), (6, 2)), (1, 1))","(((4, 3), (5, 2), (5, 3), (6, 2)), (1, 1))",10,1.0,11.0,10,3,1,expanded,False,True,787
"(((5, 2), (5, 3), (6, 2), (6, 4)), (1, 1))","(((4, 2), (5, 3), (6, 2), (6, 4)), (1, 1))",10,1.0,11.0,10,2,0,expanded,False,True,788
"(((2, 2), (3, 2), (6, 3), (8, 2)), (1, 1))","(((2, 2), (3, 2), (6, 3), (7, 2)), (1, 1))",5,10,15.0,5,,,pruned,,,789
"(((2, 1), (3, 2), (6, 3), (7, 2)), (1, 1))","(((2, 2), (3, 2), (6, 3), (7, 2)), (1, 1))",5,10,15.0,5,,,pruned,,,790
"(((2, 2), (3, 2), (6, 3), (7, 2)), (1, 1))","(((2, 2), (4, 2), (6, 3), (7, 2)), (1, 1))",4,9.0,13.0,4,6,2,expanded,False,True,791
"(((2, 2), (3, 2), (5, 1), (6, 3)), (1, 1))","(((2, 2), (3, 2), (5, 2), (6, 3)), (1, 1))",5,10,15.0,5,,,pruned,,,792
"(((2, 1), (3, 2), (5, 2), (6, 3)), (1, 1))","(((2, 2), (3, 2), (5, 2), (6, 3)), (1, 1))",5,10,15.0,5,,,pruned,,,793
"(((2, 2), (3, 2), (5, 2), (6, 3)), (1, 1))","(((2, 2), (3, 2), (6, 2), (6, 3)), (1, 1))",4,9.0,13.0,4,8,2,expanded,False,True,794
"(((2, 2), (3, 2), (4, 3), (8, 2)), (1, 1))","(((2, 2), (3, 2), (4, 3), (7, 2)), (1, 1))",5,10,15.0,5,,,pruned,,,795
"(((2, 1), (3, 2), (4, 3), (7, 2)), (1, 1))","(((2, 2), (3, 2), (4, 3), (7, 2)), (1, 1))",5,10,15.0,5,,,pruned,,,796
"(((2, 2), (3, 2), (4, 3), (7, 2)), (1, 1))","(((2, 2), (4, 2), (4, 3), (7, 2)), (1, 1))",4,9.0,13.0,4,6,2,expanded,False,True,797
"(((2, 1), (3, 2), (4, 3), (6, 3)), (1, 1))","(((2, 2), (3, 2), (4, 3), (6, 3)), (1, 1))",5,10,15.0,5,,,pruned,,,798
"(((2, 2), (3, 2), (4, 3), (6, 3)), (1, 1))","(((2, 2), (4, 2), (4, 3), (6, 3)), (1, 1))",4,9.0,13.0,4,6,1,expanded,False,True,799
"(((2, 2), (3, 2), (4, 3), (5, 1)), (1, 1))","(((2, 2), (3, 2), (4, 3), (5, 2)), (1, 1))",5,10,15.0,5,,,pruned,,,800
"(((2, 1), (3, 2), (4, 3), (5, 2)), (1, 1))","(((2, 2), (3, 2), (4, 3), (5, 2)), (1, 1))",5,10,15.0,5,,,pruned,,,801
"(((2, 2), (3, 2), (4, 3), (5, 2)), (1, 1))","(((2, 2), (3, 2), (4, 3), (6, 2)), (1, 1))",4,9.0,13.0,4,6,2,expanded,False,True,802
"(((2, 2), (3, 2), (4, 2), (6, 1)), (1, 1))","(((2, 2), (3, 2), (4, 2), (6, 2)), (1, 1))",5,10,15.0,5,,,pruned,,,803
"(((2, 1), (3, 2), (4, 2), (6, 2)), (1, 1))","(((2, 2), (3, 2), (4, 2), (6, 2)), (1, 1))",5,10,15.0,5,,,pruned,,,804
"(((2, 2), (3, 2), (4, 2), (6, 2)), (1, 1))","(((2, 2), (3, 2), (4, 3), (6, 2)), (1, 1))",4,9.0,13.0,4,6,2,expanded,False,True,805
"(((2, 2), (3, 2), (5, 4), (8, 2)), (1, 1))","(((2, 2), (3, 2), (5, 4), (7, 2)), (1, 1))",5,10,15.0,5,,,pruned,,,806
"(((2, 1), (3, 2), (5, 4), (7, 2)), (1, 1))","(((2, 2), (3, 2), (5, 4), (7, 2)), (1, 1))",5,10,15.0,5,,,pruned,,,807
"(((2, 2), (3, 2), (5, 4), (7, 2)), (1, 1))","(((2, 2), (4, 2), (5, 4), (7, 2)), (1, 1))",4,9.0,13.0,4,6,2,expanded,False,True,808
"(((2, 1), (3, 2), (5, 4), (6, 3)), (1, 1))","(((2, 2), (3, 2), (5, 4), (6, 3)), (1, 1))",5,10,15.0,5,,,pruned,,,809
"(((2, 2), (3, 2), (5, 4), (6, 3)), (1, 1))","(((2, 2), (4, 2), (5, 4), (6, 3)), (1, 1))",4,9.0,13.0,4,6,1,expanded,False,True,810
"(((2, 2), (3, 2), (5, 1), (5, 4)), (1, 1))","(((2, 2), (3, 2), (5, 2), (5, 4)), (1, 1))",5,10,15.0,5,,,pruned,,,811
"(((2, 1), (3, 2), (5, 2), (5, 4)), (1, 1))","(((2, 2), (3, 2), (5, 2), (5, 4)), (1, 1))",5,10,15.0,5,,,pruned,,,812
"(((2, 2), (3, 2), (5, 2), (5, 4)), (1, 1))","(((2, 2), (3, 2), (5, 4), (6, 2)), (1, 1))",4,9.0,13.0,4,8,2,expanded,False,True,813
"(((2, 2), (3, 2), (5, 1), (7, 2)), (1, 1))","(((2, 2), (3, 2), (5, 2), (7, 2)), (1, 1))",5,10,15.0,5,,,pruned,,,814
"(((2, 2), (3, 2), (5, 2), (8, 2)), (1, 1))","(((2, 2), (3, 2), (5, 2), (7, 2)), (1, 1))",5,10,15.0,5,,,pruned,,,815
"(((2, 1), (3, 2), (5, 2), (7, 2)), (1, 1))","(((2, 2), (3, 2), (5, 2), (7, 2)), (1, 1))",5,10,15.0,5,,,pruned,,,816
"(((2, 2), (3, 2), (5, 2), (7, 2)), (1, 1))","(((2, 2), (3, 2), (5, 3), (7, 2)), (1, 1))",4,9.0,13.0,4,8,3,expanded,False,True,817
"(((2, 1), (3, 2), (4, 2), (5, 3)), (1, 1))","(((2, 2), (3, 2), (4, 2), (5, 3)), (1, 1))",5,10,15.0,5,,,pruned,,,818
"(((2, 2), (3, 2), (4, 2), (5, 3)), (1, 1))","(((2, 2), (3, 2), (5, 2), (5, 3)), (1, 1))",4,9.0,13.0,4,6,1,expanded,False,True,819
"(((2, 2), (4, 2), (7, 2), (8, 4)), (1, 1))","(((2, 2), (4, 2), (7, 2), (7, 4)), (1, 1))",6,9,15.0,6,,,pruned,,,820
"(((2, 2), (4, 2), (7, 4), (8, 2)), (1, 1))","(((2, 2), (4, 2), (7, 2), (7, 4)), (1, 1))",6,9,15.0,6,,,pruned,,,821
"(((2, 1), (4, 2), (7, 2), (7, 4)), (1, 1))","(((2, 2), (4, 2), (7, 2), (7, 4)), (1, 1))",6,9,15.0,6,,,pruned,,,822
"(((2, 2), (4, 2), (7, 2), (7, 4)), (1, 1))","(((2, 2), (4, 2), (6, 4), (7, 2)), (1, 1))",5,8.0,13.0,5,6,3,expanded,False,True,823
"(((2, 2), (3, 2), (6, 4), (8, 2)), (1, 1))","(((2, 2), (3, 2), (6, 4), (7, 2)), (1, 1))",6,9,15.0,6,,,pruned,,,824
"(((2, 1), (3, 2), (6, 4), (7, 2)), (1, 1))","(((2, 2), (3, 2), (6, 4), (7, 2)), (1, 1))",6,9,15.0,6,,,pruned,,,825
"(((2, 2), (3, 2), (6, 4), (7, 2)), (1, 1))","(((2, 2), (4, 2), (6, 4), (7, 2)), (1, 1))",5,8.0,13.0,5,4,2,expanded,False,True,826
"(((2, 2), (4, 2), (6, 3), (8, 4)), (1, 1))","(((2, 2), (4, 2), (6, 3), (7, 4)), (1, 1))",6,9,15.0,6,,,pruned,,,827
"(((2, 1), (4, 2), (6, 3), (7, 4)), (1, 1))","(((2, 2), (4, 2), (6, 3), (7, 4)), (1, 1))",6,9,15.0,6,,,pruned,,,828
"(((2, 2), (4, 2), (6, 3), (7, 4)), (1, 1))","(((2, 2), (4, 2), (6, 3), (6, 4)), (1, 1))",5,8.0,13.0,5,8,2,expanded,False,True,829
"(((2, 1), (3, 2), (6, 3), (6, 4)), (1, 1))","(((2, 2), (3, 2), (6, 3), (6, 4)), (1, 1))",6,9,15.0,6,,,pruned,,,830
"(((2, 2), (3, 2), (6, 3), (6, 4)), (1, 1))","(((2, 2), (4, 2), (6, 3), (6, 4)), (1, 1))",5,8.0,13.0,5,4,1,expanded,False,True,831
"(((2, 2), (3, 2), (6, 2), (8, 4)), (1, 1))","(((2, 2), (3, 2), (6, 2), (7, 4)), (1, 1))",6,9,15.0,6,,,pruned,,,832
"(((2, 2), (3, 2), (6, 1), (7, 4)), (1, 1))","(((2, 2), (3, 2), (6, 2), (7, 4)), (1, 1))",6,9,15.0,6,,,pruned,,,833
"(((2, 1), (3, 2), (6, 2), (7, 4)), (1, 1))","(((2, 2), (3, 2), (6, 2), (7, 4)), (1, 1))",6,9,15.0,6,,,pruned,,,834
"(((2, 2), (3, 2), (6, 2), (7, 4)), (1, 1))","(((2, 2), (4, 2), (6, 2), (7, 4)), (1, 1))",5,8.0,13.0,5,8,3,expanded,False,True,835
"(((2, 2), (3, 2), (5, 1), (6, 4)), (1, 1))","(((2, 2), (3, 2), (5, 2), (6, 4)), (1, 1))",6,9,15.0,6,,,pruned,,,836
"(((2, 1), (3, 2), (5, 2), (6, 4)), (1, 1))","(((2, 2), (3, 2), (5, 2), (6, 4)), (1, 1))",6,9,15.0,6,,,pruned,,,837
"(((2, 2), (3, 2), (5, 2), (6, 4)), (1, 1))","(((2, 2), (3, 2), (6, 2), (6, 4)), (1, 1))",5,8.0,13.0,5,8,2,expanded,False,True,838
"(((2, 2), (3, 2), (4, 5), (7, 2)), (4, 2))","(((2, 2), (3, 2), (4, 4), (7, 2)), (4, 2))",6,9,15.0,6,,,pruned,,,839
"(((2, 2), (3, 2), (4, 4), (8, 2)), (4, 2))","(((2, 2), (3, 2), (4, 4), (7, 2)), (4, 2))",6,9,15.0,6,,,pruned,,,840
"(((2, 2), (3, 2), (4, 4), (7, 2)), (4, 2))","(((2, 2), (4, 2), (4, 4), (7, 2)), (4, 3))",5,8.0,13.0,5,3,2,expanded,False,True,841
"(((2, 2), (3, 2), (4, 5), (6, 3)), (4, 2))","(((2, 2), (3, 2), (4, 4), (6, 3)), (4, 2))",6,9,15.0,6,,,pruned,,,842
"(((2, 2), (3, 2), (4, 4), (6, 3)), (4, 2))","(((2, 2), (4, 2), (4, 4), (6, 3)), (4, 3))",5,8.0,13.0,5,3,1,expanded,False,True,843
"(((2, 2), (3, 2), (4, 5), (5, 2)), (4, 2))","(((2, 2), (3, 2), (4, 4), (5, 2)), (4, 2))",6,9,15.0,6,,,pruned,,,844
"(((2, 2), (3, 2), (4, 4), (5, 1)), (4, 2))","(((2, 2), (3, 2), (4, 4), (5, 2)), (4, 2))",6,9,15.0,6,,,pruned,,,845
"(((2, 2), (3, 2), (4, 4), (5, 2)), (4, 2))","(((2, 2), (3, 2), (4, 4), (6, 2)), (4, 2))",5,8.0,13.0,5,5,2,expanded,False,True,846
"(((2, 2), (4, 2), (4, 3), (8, 4)), (1, 1))","(((2, 2), (4, 2), (4, 3), (7, 4)), (1, 1))",6,9,15.0,6,,,pruned,,,847
"(((2, 1), (4, 2), (4, 3), (7, 4)), (1, 1))","(((2, 2), (4, 2), (4, 3), (7, 4)), (1, 1))",6,9,15.0,6,,,pruned,,,848
"(((2, 2), (4, 2), (4, 3), (7, 4)), (1, 1))","(((2, 2), (4, 2), (4, 3), (6, 4)), (1, 1))",5,8.0,13.0,5,6,2,expanded,False,True,849
"(((2, 2), (4, 2), (4, 3), (5, 4)), (5, 1))","(((2, 2), (4, 2), (4, 3), (6, 4)), (1, 1))",5,8.0,13.0,5,2,0,expanded,False,True,850
"(((2, 1), (3, 2), (4, 3), (6, 4)), (1, 1))","(((2, 2), (3, 2), (4, 3), (6, 4)), (1, 1))",6,9,15.0,6,,,pruned,,,851
"(((2, 2), (3, 2), (4, 3), (6, 4)), (1, 1))","(((2, 2), (4, 2), (4, 3), (6, 4)), (1, 1))",5,8.0,13.0,5,6,1,expanded,False,True,852
"(((2, 1), (3, 2), (5, 4), (6, 4)), (1, 1))","(((2, 2), (3, 2), (5, 4), (6, 4)), (1, 1))",6,9,15.0,6,,,pruned,,,853
"(((2, 2), (3, 2), (5, 4), (6, 4)), (1, 1))","(((2, 2), (4, 2), (5, 4), (6, 4)), (1, 1))",5,8.0,13.0,5,2,1,expanded,False,True,854
"(((2, 1), (3, 2), (5, 3), (5, 4)), (1, 1))","(((2, 2), (3, 2), (5, 3), (5, 4)), (1, 1))",6,9,15.0,6,,,pruned,,,855
"(((2, 2), (3, 2), (5, 3), (5, 4)), (1, 1))","(((2, 2), (4, 2), (5, 3), (5, 4)), (5, 1))",5,8.0,13.0,5,6,1,expanded,False,True,856
"(((2, 2), (3, 2), (5, 3), (8, 4)), (1, 1))","(((2, 2), (3, 2), (5, 3), (7, 4)), (1, 1))",6,9,15.0,6,,,pruned,,,857
"(((2, 1), (3, 2), (5, 3), (7, 4)), (1, 1))","(((2, 2), (3, 2), (5, 3), (7, 4)), (1, 1))",6,9,15.0,6,,,pruned,,,858
"(((2, 2), (3, 2), (5, 3), (7, 4)), (1, 1))","(((2, 2), (3, 2), (5, 3), (6, 4)), (1, 1))",5,8.0,13.0,5,8,2,expanded,False,True,859
"(((2, 2), (3, 2), (6, 1), (7, 2)), (1, 1))","(((2, 2), (3, 2), (6, 2), (7, 2)), (1, 1))",6,9,15.0,6,,,pruned,,,860
"(((2, 1), (3, 2), (6, 2), (7, 2)), (1, 1))","(((2, 2), (3, 2), (6, 2), (7, 2)), (1, 1))",6,9,15.0,6,,,pruned,,,861
"(((2, 2), (3, 2), (6, 2), (7, 2)), (1, 1))","(((2, 2), (4, 2), (6, 2), (7, 2)), (1, 1))",5,8.0,13.0,5,4,2,expanded,False,True,862
"(((2, 1), (3, 2), (4, 3), (5, 3)), (1, 1))","(((2, 2), (3, 2), (4, 3), (5, 3)), (1, 1))",6,9,15.0,6,,,pruned,,,863
"(((2, 2), (3, 2), (4, 3), (5, 3)), (1, 1))","(((2, 2), (4, 2), (4, 3), (5, 3)), (1, 1))",5,8.0,13.0,5,6,1,expanded,False,True,864
"(((2, 2), (4, 2), (5, 4), (8, 4)), (1, 1))","(((2, 2), (4, 2), (5, 4), (7, 4)), (1, 1))",6,9,15.0,6,,,pruned,,,865
"(((2, 1), (4, 2), (5, 4), (7, 4)), (1, 1))","(((2, 2), (4, 2), (5, 4), (7, 4)), (1, 1))",6,9,15.0,6,,,pruned,,,866
"(((2, 2), (4, 2), (5, 4), (7, 4)), (1, 1))","(((2, 2), (4, 2), (5, 3), (7, 4)), (1, 1))",5,8.0,13.0,5,8,2,expanded,False,True,867
"(((2, 3), (3, 2), (6, 3), (7, 2)), (1, 1))","(((2, 2), (3, 2), (6, 3), (7, 2)), (1, 1))",5,8.0,13.0,5,2,0,expanded,False,True,868
"(((2, 3), (3, 2), (5, 2), (6, 3)), (1, 1))","(((2, 2), (3, 2), (5, 2), (6, 3)), (1, 1))",5,8.0,13.0,5,2,0,expanded,False,True,869
"(((2, 3), (3, 2), (4, 3), (7, 2)), (1, 1))","(((2, 2), (3, 2), (4, 3), (7, 2)), (1, 1))",5,8.0,13.0,5,2,0,expanded,False,True,870
"(((2, 3), (3, 2), (4, 3), (6, 3)), (1, 1))","(((2, 2), (3, 2), (4, 3), (6, 3)), (1, 1))",5,8.0,13.0,5,2,0,expanded,False,True,871
"(((2, 3), (3, 2), (4, 3), (5, 2)), (1, 1))","(((2, 2), (3, 2), (4, 3), (5, 2)), (1, 1))",5,8.0,13.0,5,2,0,expanded,False,True,872
"(((2, 3), (3, 2), (4, 2), (6, 2)), (1, 1))","(((2, 2), (3, 2), (4, 2), (6, 2)), (1, 1))",5,8.0,13.0,5,1,0,expanded,False,True,873
"(((2, 3), (3, 2), (5, 4), (7, 2)), (1, 1))","(((2, 2), (3, 2), (5, 4), (7, 2)), (1, 1))",5,8.0,13.0,5,2,0,expanded,False,True,874
"(((2, 3), (3, 2), (5, 4), (6, 3)), (1, 1))","(((2, 2), (3, 2), (5, 4), (6, 3)), (1, 1))",5,8.0,13.0,5,2,0,expanded,False,True,875
"(((2, 3), (3, 2), (5, 2), (5, 4)), (1, 1))","(((2, 2), (3, 2), (5, 2), (5, 4)), (1, 1))",5,8.0,13.0,5,2,0,expanded,False,True,876
"(((2, 3), (3, 2), (5, 2), (7, 2)), (1, 1))","(((2, 2), (3, 2), (5, 2), (7, 2)), (1, 1))",5,8.0,13.0,5,2,0,expanded,False,True,877
"(((2, 3), (3, 2), (4, 2), (5, 3)), (1, 1))","(((2, 2), (3, 2), (4, 2), (5, 3)), (1, 1))",5,8.0,13.0,5,1,0,expanded,False,True,878
"(((2, 1), (4, 3), (5, 2), (6, 3)), (1, 1))","(((2, 2), (4, 3), (5, 2), (6, 3)), (1, 1))",7,8,15.0,7,,,pruned,,,879
"(((2, 2), (4, 3), (5, 1), (6, 3)), (1, 1))","(((2, 2), (4, 3), (5, 2), (6, 3)), (1, 1))",7,8,15.0,7,,,pruned,,,880
"(((2, 2), (4, 3), (5, 2), (6, 3)), (1, 1))","(((2, 2), (4, 3), (5, 2), (6, 2)), (1, 1))",6,7.0,13.0,6,9,2,expanded,False,True,881
"(((2, 3), (4, 2), (4, 3), (6, 3)), (2, 4))","(((2, 3), (4, 3), (5, 2), (6, 3)), (2, 4))",6,7.0,13.0,6,4,0,expanded,False,True,882
"(((2, 3), (4, 2), (5, 1), (6, 3)), (2, 4))","(((2, 3), (4, 2), (5, 2), (6, 3)), (2, 4))",7,8,15.0,7,,,pruned,,,883
"(((2, 3), (4, 2), (5, 2), (6, 3)), (2, 4))","(((2, 3), (4, 3), (5, 2), (6, 3)), (2, 4))",6,7.0,13.0,6,5,1,expanded,False,True,884
"(((2, 3), (4, 2), (5, 4), (6, 3)), (2, 4))","(((2, 3), (4, 2), (5, 3), (6, 3)), (2, 4))",6,7.0,13.0,6,6,0,expanded,False,True,885
"(((2, 3), (3, 2), (5, 3), (6, 3)), (2, 4))","(((2, 3), (4, 2), (5, 3), (6, 3)), (2, 4))",6,7.0,13.0,6,6,0,expanded,False,True,886
"(((3, 2), (4, 2), (7, 2), (8, 4)), (1, 1))","(((3, 2), (4, 2), (7, 2), (7, 4)), (1, 1))",7,8,15.0,7,,,pruned,,,887
"(((3, 2), (4, 2), (7, 4), (8, 2)), (1, 1))","(((3, 2), (4, 2), (7, 2), (7, 4)), (1, 1))",7,8,15.0,7,,,pruned,,,888
"(((3, 2), (4, 2), (7, 2), (7, 4)), (1, 1))","(((3, 2), (4, 2), (6, 4), (7, 2)), (1, 1))",6,7.0,13.0,6,2,2,expanded,True,True,889
"(((3, 2), (4, 2), (6, 3), (8, 4)), (1, 1))","(((3, 2), (4, 2), (6, 3), (7, 4)), (1, 1))",7,8,15.0,7,,,pruned,,,890
"(((3, 2), (4, 2), (6, 3), (7, 4)), (1, 1))","(((3, 2), (4, 2), (6, 3), (6, 4)), (1, 1))",6,7.0,13.0,6,4,1,expanded,False,True,891
"(((3, 2), (4, 2), (4, 3), (8, 4)), (1, 1))","(((3, 2), (4, 2), (4, 3), (7, 4)), (1, 1))",7,8,15.0,7,,,pruned,,,892
"(((3, 2), (4, 2), (4, 3), (7, 4)), (1, 1))","(((3, 2), (4, 2), (4, 3), (6, 4)), (1, 1))",6,7.0,13.0,6,2,1,expanded,False,True,893
"(((3, 2), (4, 2), (4, 3), (5, 4)), (5, 1))","(((3, 2), (4, 2), (4, 3), (6, 4)), (1, 1))",6,7.0,13.0,6,1,0,expanded,False,True,894
"(((2, 2), (5, 2), (5, 4), (6, 3)), (5, 1))","(((2, 2), (5, 2), (5, 4), (6, 2)), (1, 1))",6,7.0,13.0,6,5,0,expanded,False,True,895
"(((1, 2), (5, 2), (6, 3), (7, 2)), (1, 1))","(((2, 2), (5, 2), (6, 3), (7, 2)), (1, 1))",7,8,15.0,7,,,pruned,,,896
"(((2, 1), (5, 2), (6, 3), (7, 2)), (1, 1))","(((2, 2), (5, 2), (6, 3), (7, 2)), (1, 1))",7,8,15.0,7,,,pruned,,,897
"(((2, 2), (5, 1), (6, 3), (7, 2)), (1, 1))","(((2, 2), (5, 2), (6, 3), (7, 2)), (1, 1))",7,8,15.0,7,,,pruned,,,898
"(((2, 2), (5, 2), (6, 3), (7, 2)), (1, 1))","(((2, 3), (5, 2), (6, 3), (7, 2)), (1, 1))",6,7.0,13.0,6,8,3,expanded,False,True,899
"(((2, 2), (4, 3), (5, 1), (7, 2)), (1, 1))","(((2, 2), (4, 3), (5, 2), (7, 2)), (1, 1))",7,8,15.0,7,,,pruned,,,900
"(((2, 1), (4, 3), (5, 2), (7, 2)), (1, 1))","(((2, 2), (4, 3), (5, 2), (7, 2)), (1, 1))",7,8,15.0,7,,,pruned,,,901
"(((2, 2), (4, 3), (5, 2), (8, 2)), (1, 1))","(((2, 2), (4, 3), (5, 2), (7, 2)), (1, 1))",7,8,15.0,7,,,pruned,,,902
"(((2, 2), (4, 3), (5, 2), (7, 2)), (1, 1))","(((2, 3), (4, 3), (5, 2), (7, 2)), (2, 4))",6,7.0,13.0,6,9,3,expanded,False,True,903
"(((2, 3), (4, 2), (5, 2), (8, 2)), (2, 4))","(((2, 3), (4, 2), (5, 2), (7, 2)), (2, 4))",7,8,15.0,7,,,pruned,,,904
"(((2, 3), (4, 2), (5, 1), (7, 2)), (2, 4))","(((2, 3), (4, 2), (5, 2), (7, 2)), (2, 4))",7,8,15.0,7,,,pruned,,,905
"(((2, 3), (4, 2), (5, 2), (7, 2)), (2, 4))","(((2, 3), (4, 3), (5, 2), (7, 2)), (2, 4))",6,7.0,13.0,6,5,2,expanded,False,True,906
"(((2, 3), (4, 2), (4, 3), (8, 2)), (2, 4))","(((2, 3), (4, 2), (4, 3), (7, 2)), (2, 4))",7,8,15.0,7,,,pruned,,,907
"(((2, 3), (4, 2), (4, 3), (7, 2)), (2, 4))","(((2, 3), (4, 3), (5, 2), (7, 2)), (2, 4))",6,7.0,13.0,6,4,1,expanded,False,True,908
"(((2, 3), (4, 2), (6, 3), (8, 2)), (2, 4))","(((2, 3), (4, 2), (6, 3), (7, 2)), (2, 4))",7,8,15.0,7,,,pruned,,,909
"(((2, 3), (4, 2), (6, 3), (7, 2)), (2, 4))","(((2, 3), (4, 2), (5, 3), (7, 2)), (2, 4))",6,7.0,13.0,6,6,1,expanded,False,True,910
"(((2, 3), (4, 2), (5, 4), (8, 2)), (2, 4))","(((2, 3), (4, 2), (5, 4), (7, 2)), (2, 4))",7,8,15.0,7,,,pruned,,,911
"(((2, 3), (4, 2), (5, 4), (7, 2)), (2, 4))","(((2, 3), (4, 2), (5, 3), (7, 2)), (2, 4))",6,7.0,13.0,6,6,1,expanded,False,True,912
"(((2, 3), (3, 2), (5, 3), (8, 2)), (2, 4))","(((2, 3), (3, 2), (5, 3), (7, 2)), (2, 4))",7,8,15.0,7,,,pruned,,,913
"(((2, 3), (3, 2), (5, 3), (7, 2)), (2, 4))","(((2, 3), (4, 2), (5, 3), (7, 2)), (2, 4))",6,7.0,13.0,6,8,1,expanded,False,True,914
"(((2, 2), (4, 2), (4, 3), (4, 4)), (5, 1))","(((2, 2), (4, 2), (4, 4), (5, 3)), (5, 1))",6,7.0,13.0,6,1,0,expanded,False,True,915
"(((2, 2), (4, 2), (4, 5), (5, 4)), (4, 3))","(((2, 2), (4, 2), (4, 4), (5, 4)), (4, 3))",7,8,15.0,7,,,pruned,,,916
"(((2, 2), (4, 2), (4, 4), (5, 4)), (4, 3))","(((2, 2), (4, 2), (4, 4), (5, 3)), (5, 1))",6,7.0,13.0,6,2,1,expanded,False,True,917
"(((2, 2), (3, 2), (4, 5), (5, 3)), (4, 2))","(((2, 2), (3, 2), (4, 4), (5, 3)), (4, 2))",7,8,15.0,7,,,pruned,,,918
"(((2, 2), (3, 2), (4, 4), (5, 3)), (4, 2))","(((2, 2), (4, 2), (4, 4), (5, 3)), (5, 1))",6,7.0,13.0,6,5,1,expanded,False,True,919
"(((2, 2), (4, 2), (4, 5), (7, 4)), (4, 3))","(((2, 2), (4, 2), (4, 4), (7, 4)), (4, 3))",7,8,15.0,7,,,pruned,,,920
"(((2, 2), (4, 2), (4, 4), (8, 4)), (4, 3))","(((2, 2), (4, 2), (4, 4), (7, 4)), (4, 3))",7,8,15.0,7,,,pruned,,,921
"(((2, 2), (4, 2), (4, 4), (7, 4)), (4, 3))","(((2, 2), (4, 2), (4, 4), (6, 4)), (4, 3))",6,7.0,13.0,6,4,2,expanded,False,True,922
"(((2, 2), (3, 2), (4, 5), (6, 4)), (4, 2))","(((2, 2), (3, 2), (4, 4), (6, 4)), (4, 2))",7,8,15.0,7,,,pruned,,,923
"(((2, 2), (3, 2), (4, 4), (6, 4)), (4, 2))","(((2, 2), (4, 2), (4, 4), (6, 4)), (4, 3))",6,7.0,13.0,6,3,1,expanded,False,True,924
"(((3, 2), (4, 2), (5, 4), (8, 4)), (1, 1))","(((3, 2), (4, 2), (5, 4), (7, 4)), (1, 1))",7,8,15.0,7,,,pruned,,,925
"(((3, 2), (4, 2), (5, 4), (7, 4)), (1, 1))","(((3, 2), (4, 2), (5, 3), (7, 4)), (1, 1))",6,7.0,13.0,6,4,1,expanded,False,True,926
"(((1, 2), (5, 2), (5, 4), (7, 2)), (1, 1))","(((2, 2), (5, 2), (5, 4), (7, 2)), (1, 1))",7,8,15.0,7,,,pruned,,,927
"(((2, 1), (5, 2), (5, 4), (7, 2)), (1, 1))","(((2, 2), (5, 2), (5, 4), (7, 2)), (1, 1))",7,8,15.0,7,,,pruned,,,928
"(((2, 2), (5, 2), (5, 4), (8, 2)), (1, 1))","(((2, 2), (5, 2), (5, 4), (7, 2)), (1, 1))",7,8,15.0,7,,,pruned,,,929
"(((2, 2), (5, 1), (5, 4), (7, 2)), (1, 1))","(((2, 2), (5, 2), (5, 4), (7, 2)), (1, 1))",7,8,15.0,7,,,pruned,,,930
"(((2, 2), (5, 2), (5, 4), (7, 2)), (1, 1))","(((2, 3), (5, 2), (5, 4), (7, 2)), (1, 1))",6,7.0,13.0,6,12,4,expanded,False,True,931
"(((1, 2), (5, 2), (5, 4), (6, 3)), (1, 1))","(((2, 2), (5, 2), (5, 4), (6, 3)), (1, 1))",7,8,15.0,7,,,pruned,,,932
"(((2, 1), (5, 2), (5, 4), (6, 3)), (1, 1))","(((2, 2), (5, 2), (5, 4), (6, 3)), (1, 1))",7,8,15.0,7,,,pruned,,,933
"(((2, 2), (5, 1), (5, 4), (6, 3)), (1, 1))","(((2, 2), (5, 2), (5, 4), (6, 3)), (1, 1))",7,8,15.0,7,,,pruned,,,934
"(((2, 2), (5, 2), (5, 4), (6, 3)), (1, 1))","(((2, 3), (5, 2), (5, 4), (6, 3)), (1, 1))",6,7.0,13.0,6,7,3,expanded,False,True,935
"(((2, 3), (4, 2), (7, 2), (7, 4)), (1, 1))","(((2, 2), (4, 2), (7, 2), (7, 4)), (1, 1))",6,7.0,13.0,6,2,0,expanded,False,True,936
"(((2, 3), (3, 2), (6, 4), (7, 2)), (1, 1))","(((2, 2), (3, 2), (6, 4), (7, 2)), (1, 1))",6,7.0,13.0,6,2,0,expanded,False,True,937
"(((2, 1), (4, 2), (6, 4), (7, 4)), (1, 1))","(((2, 2), (4, 2), (6, 4), (7, 4)), (1, 1))",7,8,15.0,7,,,pruned,,,938
"(((2, 2), (4, 2), (6, 4), (7, 4)), (1, 1))","(((2, 2), (4, 2), (6, 3), (7, 4)), (1, 1))",6,7.0,13.0,6,4,1,expanded,False,True,939
"(((2, 3), (4, 2), (6, 3), (7, 4)), (1, 1))","(((2, 2), (4, 2), (6, 3), (7, 4)), (1, 1))",6,7.0,13.0,6,2,0,expanded,False,True,940
"(((2, 3), (3, 2), (6, 3), (6, 4)), (1, 1))","(((2, 2), (3, 2), (6, 3), (6, 4)), (1, 1))",6,7.0,13.0,6,2,0,expanded,False,True,941
"(((2, 3), (3, 2), (6, 2), (7, 4)), (1, 1))","(((2, 2), (3, 2), (6, 2), (7, 4)), (1, 1))",6,7.0,13.0,6,2,0,expanded,False,True,942
"(((2, 3), (3, 2), (5, 2), (6, 4)), (1, 1))","(((2, 2), (3, 2), (5, 2), (6, 4)), (1, 1))",6,7.0,13.0,6,2,0,expanded,False,True,943
"(((2, 3), (4, 2), (4, 3), (7, 4)), (1, 1))","(((2, 2), (4, 2), (4, 3), (7, 4)), (1, 1))",6,7.0,13.0,6,2,0,expanded,False,True,944
"(((2, 3), (3, 2), (4, 3), (6, 4)), (1, 1))","(((2, 2), (3, 2), (4, 3), (6, 4)), (1, 1))",6,7.0,13.0,6,2,0,expanded,False,True,945
"(((2, 3), (3, 2), (5, 4), (6, 4)), (1, 1))","(((2, 2), (3, 2), (5, 4), (6, 4)), (1, 1))",6,7.0,13.0,6,2,0,expanded,False,True,946
"(((2, 3), (3, 2), (5, 3), (5, 4)), (1, 1))","(((2, 2), (3, 2), (5, 3), (5, 4)), (1, 1))",6,7.0,13.0,6,2,0,expanded,False,True,947
"(((2, 3), (3, 2), (5, 3), (7, 4)), (1, 1))","(((2, 2), (3, 2), (5, 3), (7, 4)), (1, 1))",6,7.0,13.0,6,2,0,expanded,False,True,948
"(((2, 3), (3, 2), (6, 2), (7, 2)), (1, 1))","(((2, 2), (3, 2), (6, 2), (7, 2)), (1, 1))",6,7.0,13.0,6,2,0,expanded,False,True,949
"(((2, 3), (3, 2), (4, 3), (5, 3)), (1, 1))","(((2, 2), (3, 2), (4, 3), (5, 3)), (1, 1))",6,7.0,13.0,6,2,0,expanded,False,True,950
"(((2, 3), (4, 2), (5, 4), (7, 4)), (1, 1))","(((2, 2), (4, 2), (5, 4), (7, 4)), (1, 1))",6,7.0,13.0,6,2,0,expanded,False,True,951
"(((2, 5), (3, 2), (6, 3), (7, 2)), (1, 1))","(((2, 4), (3, 2), (6, 3), (7, 2)), (1, 1))",7,8,15.0,7,,,pruned,,,952
"(((2, 4), (3, 2), (6, 3), (7, 2)), (1, 1))","(((2, 3), (3, 2), (6, 3), (7, 2)), (1, 1))",6,7.0,13.0,6,2,1,expanded,False,True,953
"(((2, 5), (3, 2), (5, 2), (6, 3)), (1, 1))","(((2, 4), (3, 2), (5, 2), (6, 3)), (1, 1))",7,8,15.0,7,,,pruned,,,954
"(((2, 4), (3, 2), (5, 2), (6, 3)), (1, 1))","(((2, 3), (3, 2), (5, 2), (6, 3)), (1, 1))",6,7.0,13.0,6,2,1,expanded,False,True,955
"(((2, 5), (3, 2), (4, 3), (7, 2)), (1, 1))","(((2, 4), (3, 2), (4, 3), (7, 2)), (1, 1))",7,8,15.0,7,,,pruned,,,956
"(((2, 4), (3, 2), (4, 3), (7, 2)), (1, 1))","(((2, 3), (3, 2), (4, 3), (7, 2)), (1, 1))",6,7.0,13.0,6,2,1,expanded,False,True,957
"(((2, 5), (3, 2), (4, 3), (6, 3)), (1, 1))","(((2, 4), (3, 2), (4, 3), (6, 3)), (1, 1))",7,8,15.0,7,,,pruned,,,958
"(((2, 4), (3, 2), (4, 3), (6, 3)), (1, 1))","(((2, 3), (3, 2), (4, 3), (6, 3)), (1, 1))",6,7.0,13.0,6,2,1,expanded,False,True,959
"(((2, 5), (3, 2), (4, 3), (5, 2)), (1, 1))","(((2, 4), (3, 2), (4, 3), (5, 2)), (1, 1))",7,8,15.0,7,,,pruned,,,960
"(((2, 4), (3, 2), (4, 3), (5, 2)), (1, 1))","(((2, 3), (3, 2), (4, 3), (5, 2)), (1, 1))",6,7.0,13.0,6,2,1,expanded,False,True,961
"(((2, 5), (3, 2), (4, 2), (6, 2)), (1, 1))","(((2, 4), (3, 2), (4, 2), (6, 2)), (1, 1))",7,8,15.0,7,,,pruned,,,962
"(((2, 4), (3, 2), (4, 2), (6, 2)), (1, 1))","(((2, 3), (3, 2), (4, 2), (6, 2)), (1, 1))",6,7.0,13.0,6,1,1,expanded,True,True,963
"(((2, 5), (3, 2), (5, 4), (7, 2)), (1, 1))","(((2, 4), (3, 2), (5, 4), (7, 2)), (1, 1))",7,8,15.0,7,,,pruned,,,964
"(((2, 4), (3, 2), (5, 4), (7, 2)), (1, 1))","(((2, 3), (3, 2), (5, 4), (7, 2)), (1, 1))",6,7.0,13.0,6,2,1,expanded,False,True,965
"(((2, 5), (3, 2), (5, 4), (6, 3)), (1, 1))","(((2, 4), (3, 2), (5, 4), (6, 3)), (1, 1))",7,8,15.0,7,,,pruned,,,966
"(((2, 4), (3, 2), (5, 4), (6, 3)), (1, 1))","(((2, 3), (3, 2), (5, 4), (6, 3)), (1, 1))",6,7.0,13.0,6,2,1,expanded,False,True,967
"(((2, 5), (3, 2), (5, 2), (5, 4)), (1, 1))","(((2, 4), (3, 2), (5, 2), (5, 4)), (1, 1))",7,8,15.0,7,,,pruned,,,968
"(((2, 4), (3, 2), (5, 2), (5, 4)), (1, 1))","(((2, 3), (3, 2), (5, 2), (5, 4)), (1, 1))",6,7.0,13.0,6,2,1,expanded,False,True,969
"(((2, 5), (3, 2), (5, 2), (7, 2)), (1, 1))","(((2, 4), (3, 2), (5, 2), (7, 2)), (1, 1))",7,8,15.0,7,,,pruned,,,970
"(((2, 4), (3, 2), (5, 2), (7, 2)), (1, 1))","(((2, 3), (3, 2), (5, 2), (7, 2)), (1, 1))",6,7.0,13.0,6,2,1,expanded,False,True,971
"(((2, 5), (3, 2), (4, 2), (5, 3)), (1, 1))","(((2, 4), (3, 2), (4, 2), (5, 3)), (1, 1))",7,8,15.0,7,,,pruned,,,972
"(((2, 4), (3, 2), (4, 2), (5, 3)), (1, 1))","(((2, 3), (3, 2), (4, 2), (5, 3)), (1, 1))",6,7.0,13.0,6,1,1,expanded,True,True,973
"(((2, 4), (4, 2), (5, 1), (6, 3)), (2, 5))","(((2, 4), (4, 2), (5, 2), (6, 3)), (2, 5))",8,7,15.0,8,,,pruned,,,974
"(((2, 4), (4, 2), (5, 2), (6, 3)), (2, 5))","(((2, 4), (4, 2), (5, 2), (6, 2)), (2, 5))",7,6.0,13.0,7,5,1,expanded,False,True,975
"(((2, 4), (4, 2), (4, 3), (6, 3)), (2, 5))","(((2, 4), (4, 3), (5, 2), (6, 3)), (2, 5))",7,6.0,13.0,7,4,0,expanded,False,True,976
"(((2, 4), (4, 2), (5, 4), (6, 3)), (2, 5))","(((2, 4), (4, 2), (5, 3), (6, 3)), (2, 5))",7,6.0,13.0,7,6,0,expanded,False,True,977
"(((2, 4), (3, 2), (5, 3), (6, 3)), (2, 5))","(((2, 4), (4, 2), (5, 3), (6, 3)), (2, 5))",7,6.0,13.0,7,6,0,expanded,False,True,978
"(((1, 2), (5, 4), (6, 2), (6, 3)), (1, 1))","(((2, 2), (5, 4), (6, 2), (6, 3)), (1, 1))",8,7,15.0,8,,,pruned,,,979
"(((2, 1), (5, 4), (6, 2), (6, 3)), (1, 1))","(((2, 2), (5, 4), (6, 2), (6, 3)), (1, 1))",8,7,15.0,8,,,pruned,,,980
"(((2, 2), (5, 4), (6, 2), (6, 3)), (1, 1))","(((2, 2), (5, 3), (6, 2), (6, 3)), (1, 1))",7,6.0,13.0,7,8,2,expanded,False,True,981
"(((2, 2), (5, 3), (6, 3), (8, 2)), (1, 1))","(((2, 2), (5, 3), (6, 3), (7, 2)), (1, 1))",8,7,15.0,8,,,pruned,,,982
"(((1, 2), (5, 3), (6, 3), (7, 2)), (1, 1))","(((2, 2), (5, 3), (6, 3), (7, 2)), (1, 1))",8,7,15.0,8,,,pruned,,,983
"(((2, 1), (5, 3), (6, 3), (7, 2)), (1, 1))","(((2, 2), (5, 3), (6, 3), (7, 2)), (1, 1))",8,7,15.0,8,,,pruned,,,984
"(((2, 2), (5, 3), (6, 3), (7, 2)), (1, 1))","(((2, 2), (5, 3), (6, 2), (6, 3)), (1, 1))",7,6.0,13.0,7,10,3,expanded,False,True,985
"(((2, 3), (5, 4), (6, 3), (8, 2)), (1, 1))","(((2, 3), (5, 4), (6, 3), (7, 2)), (1, 1))",8,7,15.0,8,,,pruned,,,986
"(((2, 3), (5, 4), (6, 3), (7, 2)), (1, 1))","(((2, 3), (5, 4), (6, 2), (6, 3)), (1, 1))",7,6.0,13.0,7,5,1,expanded,False,True,987
"(((2, 2), (4, 3), (5, 4), (6, 1)), (3, 2))","(((2, 2), (4, 3), (5, 4), (6, 2)), (3, 2))",8,7,15.0,8,,,pruned,,,988
"(((1, 2), (4, 3), (5, 4), (6, 2)), (1, 1))","(((2, 2), (4, 3), (5, 4), (6, 2)), (3, 2))",8,7,15.0,8,,,pruned,,,989
"(((2, 2), (4, 3), (5, 4), (6, 2)), (3, 2))","(((2, 2), (4, 3), (5, 3), (6, 2)), (1, 1))",7,6.0,13.0,7,7,2,expanded,False,True,990
"(((2, 2), (4, 3), (5, 3), (8, 2)), (1, 1))","(((2, 2), (4, 3), (5, 3), (7, 2)), (1, 1))",8,7,15.0,8,,,pruned,,,991
"(((1, 2), (4, 3), (5, 3), (7, 2)), (1, 1))","(((2, 2), (4, 3), (5, 3), (7, 2)), (1, 1))",8,7,15.0,8,,,pruned,,,992
"(((2, 1), (4, 3), (5, 3), (7, 2)), (1, 1))","(((2, 2), (4, 3), (5, 3), (7, 2)), (1, 1))",8,7,15.0,8,,,pruned,,,993
"(((2, 2), (4, 3), (5, 3), (7, 2)), (1, 1))","(((2, 2), (4, 3), (5, 3), (6, 2)), (1, 1))",7,6.0,13.0,7,10,3,expanded,False,True,994
"(((2, 1), (4, 3), (5, 2), (5, 3)), (1, 1))","(((2, 2), (4, 3), (5, 2), (5, 3)), (1, 1))",8,7,15.0,8,,,pruned,,,995
"(((2, 2), (4, 3), (5, 2), (5, 3)), (1, 1))","(((2, 2), (4, 3), (5, 3), (6, 2)), (1, 1))",7,6.0,13.0,7,5,1,expanded,False,True,996
"(((1, 2), (4, 3), (5, 3), (6, 3)), (1, 1))","(((2, 2), (4, 3), (5, 3), (6, 3)), (1, 1))",8,7,15.0,8,,,pruned,,,997
"(((2, 1), (4, 3), (5, 3), (6, 3)), (1, 1))","(((2, 2), (4, 3), (5, 3), (6, 3)), (1, 1))",8,7,15.0,8,,,pruned,,,998
"(((2, 2), (4, 3), (5, 3), (6, 3)), (1, 1))","(((2, 2), (4, 3), (5, 3), (6, 2)), (1, 1))",7,6.0,13.0,7,10,2,expanded,False,True,999
"(((2, 3), (4, 3), (5, 4), (8, 2)), (1, 1))","(((2, 3), (4, 3), (5, 4), (7, 2)), (1, 1))",8,7,15.0,8,,,pruned,,,1000
"(((2, 3), (4, 3), (5, 4), (7, 2)), (1, 1))","(((2, 3), (4, 3), (5, 4), (6, 2)), (1, 1))",7,6.0,13.0,7,5,1,expanded,False,True,1001
"(((2, 3), (4, 3), (5, 1), (5, 4)), (1, 1))","(((2, 3), (4, 3), (5, 2), (5, 4)), (5, 1))",8,7,15.0,8,,,pruned,,,1002
"(((2, 3), (4, 3), (5, 2), (5, 4)), (5, 1))","(((2, 3), (4, 3), (5, 4), (6, 2)), (1, 1))",7,6.0,13.0,7,4,1,expanded,False,True,1003
"(((2, 3), (4, 3), (5, 4), (6, 3)), (1, 1))","(((2, 3), (4, 3), (5, 4), (6, 2)), (1, 1))",7,6.0,13.0,7,5,0,expanded,False,True,1004
"(((2, 3), (4, 2), (4, 3), (5, 3)), (2, 4))","(((2, 3), (4, 3), (5, 2), (5, 3)), (2, 4))",7,6.0,13.0,7,4,0,expanded,False,True,1005
"(((2, 3), (4, 2), (5, 2), (5, 3)), (2, 4))","(((2, 3), (4, 3), (5, 2), (5, 3)), (2, 4))",7,6.0,13.0,7,3,0,expanded,False,True,1006
"(((2, 3), (4, 2), (6, 2), (6, 3)), (2, 4))","(((2, 3), (4, 2), (5, 3), (6, 2)), (2, 4))",7,6.0,13.0,7,4,0,expanded,False,True,1007
"(((2, 3), (4, 2), (4, 3), (6, 1)), (2, 4))","(((2, 3), (4, 2), (4, 3), (6, 2)), (2, 4))",8,7,15.0,8,,,pruned,,,1008
"(((2, 3), (4, 2), (4, 3), (6, 2)), (2, 4))","(((2, 3), (4, 2), (5, 3), (6, 2)), (2, 4))",7,6.0,13.0,7,6,1,expanded,False,True,1009
"(((2, 3), (4, 2), (5, 4), (6, 1)), (2, 4))","(((2, 3), (4, 2), (5, 4), (6, 2)), (2, 4))",8,7,15.0,8,,,pruned,,,1010
"(((2, 3), (4, 2), (5, 4), (6, 2)), (2, 4))","(((2, 3), (4, 2), (5, 3), (6, 2)), (2, 4))",7,6.0,13.0,7,8,1,expanded,False,True,1011
"(((2, 3), (3, 2), (5, 3), (6, 1)), (2, 4))","(((2, 3), (3, 2), (5, 3), (6, 2)), (2, 4))",8,7,15.0,8,,,pruned,,,1012
"(((2, 3), (3, 2), (5, 3), (6, 2)), (2, 4))","(((2, 3), (4, 2), (5, 3), (6, 2)), (2, 4))",7,6.0,13.0,7,10,1,expanded,False,True,1013
"(((2, 2), (4, 3), (5, 1), (6, 4)), (1, 1))","(((2, 2), (4, 3), (5, 2), (6, 4)), (1, 1))",8,7,15.0,8,,,pruned,,,1014
"(((2, 1), (4, 3), (5, 2), (6, 4)), (1, 1))","(((2, 2), (4, 3), (5, 2), (6, 4)), (1, 1))",8,7,15.0,8,,,pruned,,,1015
"(((2, 2), (4, 3), (5, 2), (6, 4)), (1, 1))","(((2, 3), (4, 3), (5, 2), (6, 4)), (2, 4))",7,6.0,13.0,7,9,2,expanded,False,True,1016
"(((2, 3), (4, 2), (5, 1), (6, 4)), (2, 4))","(((2, 3), (4, 2), (5, 2), (6, 4)), (2, 4))",8,7,15.0,8,,,pruned,,,1017
"(((2, 3), (4, 2), (5, 2), (6, 4)), (2, 4))","(((2, 3), (4, 3), (5, 2), (6, 4)), (2, 4))",7,6.0,13.0,7,5,1,expanded,False,True,1018
"(((2, 3), (4, 3), (5, 2), (8, 4)), (2, 4))","(((2, 3), (4, 3), (5, 2), (7, 4)), (2, 4))",8,7,15.0,8,,,pruned,,,1019
"(((2, 3), (4, 3), (5, 1), (7, 4)), (1, 1))","(((2, 3), (4, 3), (5, 2), (7, 4)), (2, 4))",8,7,15.0,8,,,pruned,,,1020
"(((2, 3), (4, 3), (5, 2), (7, 4)), (2, 4))","(((2, 3), (4, 3), (5, 2), (6, 4)), (2, 4))",7,6.0,13.0,7,7,2,expanded,False,True,1021
"(((2, 3), (4, 2), (4, 3), (6, 4)), (2, 4))","(((2, 3), (4, 3), (5, 2), (6, 4)), (2, 4))",7,6.0,13.0,7,4,0,expanded,False,True,1022
"(((2, 3), (4, 2), (5, 3), (5, 4)), (5, 1))","(((2, 3), (5, 2), (5, 3), (5, 4)), (5, 1))",7,6.0,13.0,7,3,0,expanded,False,True,1023
"(((2, 3), (4, 2), (5, 4), (6, 4)), (2, 4))","(((2, 3), (4, 2), (5, 3), (6, 4)), (5, 1))",7,6.0,13.0,7,2,0,expanded,False,True,1024
"(((2, 3), (3, 2), (5, 3), (6, 4)), (2, 4))","(((2, 3), (4, 2), (5, 3), (6, 4)), (5, 1))",7,6.0,13.0,7,8,0,expanded,False,True,1025
"(((3, 2), (4, 3), (5, 1), (6, 3)), (1, 1))","(((3, 2), (4, 3), (5, 2), (6, 3)), (1, 1))",8,7,15.0,8,,,pruned,,,1026
"(((3, 2), (4, 3), (5, 2), (6, 3)), (1, 1))","(((3, 2), (4, 3), (5, 2), (6, 2)), (1, 1))",7,6.0,13.0,7,7,1,expanded,False,True,1027
"(((2, 3), (4, 2), (4, 5), (6, 3)), (4, 3))","(((2, 3), (4, 2), (4, 4), (6, 3)), (4, 3))",8,7,15.0,8,,,pruned,,,1028
"(((2, 3), (4, 2), (4, 4), (6, 3)), (4, 3))","(((2, 3), (4, 4), (5, 2), (6, 3)), (1, 1))",7,6.0,13.0,7,4,1,expanded,False,True,1029
"(((2, 2), (5, 1), (6, 2), (7, 4)), (1, 1))","(((2, 2), (5, 2), (6, 2), (7, 4)), (1, 1))",8,7,15.0,8,,,pruned,,,1030
"(((2, 2), (5, 2), (6, 2), (8, 4)), (1, 1))","(((2, 2), (5, 2), (6, 2), (7, 4)), (1, 1))",8,7,15.0,8,,,pruned,,,1031
"(((2, 2), (5, 2), (6, 1), (7, 4)), (1, 1))","(((2, 2), (5, 2), (6, 2), (7, 4)), (1, 1))",8,7,15.0,8,,,pruned,,,1032
"(((1, 2), (5, 2), (6, 2), (7, 4)), (1, 1))","(((2, 2), (5, 2), (6, 2), (7, 4)), (1, 1))",8,7,15.0,8,,,pruned,,,1033
"(((2, 1), (5, 2), (6, 2), (7, 4)), (1, 1))","(((2, 2), (5, 2), (6, 2), (7, 4)), (1, 1))",8,7,15.0,8,,,pruned,,,1034
"(((2, 2), (5, 2), (6, 2), (7, 4)), (1, 1))","(((2, 2), (5, 2), (6, 2), (6, 4)), (1, 1))",7,6.0,13.0,7,7,5,expanded,False,True,1035
"(((2, 2), (5, 3), (5, 4), (8, 2)), (1, 1))","(((2, 2), (5, 3), (5, 4), (7, 2)), (1, 1))",8,7,15.0,8,,,pruned,,,1036
"(((1, 2), (5, 3), (5, 4), (7, 2)), (1, 1))","(((2, 2), (5, 3), (5, 4), (7, 2)), (1, 1))",8,7,15.0,8,,,pruned,,,1037
"(((2, 1), (5, 3), (5, 4), (7, 2)), (1, 1))","(((2, 2), (5, 3), (5, 4), (7, 2)), (1, 1))",8,7,15.0,8,,,pruned,,,1038
"(((2, 2), (5, 3), (5, 4), (7, 2)), (1, 1))","(((2, 2), (5, 3), (5, 4), (6, 2)), (1, 1))",7,6.0,13.0,7,10,3,expanded,False,True,1039
"(((2, 2), (5, 2), (5, 3), (5, 4)), (5, 1))","(((2, 2), (5, 3), (5, 4), (6, 2)), (1, 1))",7,6.0,13.0,7,3,0,expanded,False,True,1040
"(((1, 2), (5, 3), (5, 4), (6, 3)), (1, 1))","(((2, 2), (5, 3), (5, 4), (6, 3)), (1, 1))",8,7,15.0,8,,,pruned,,,1041
"(((2, 1), (5, 3), (5, 4), (6, 3)), (1, 1))","(((2, 2), (5, 3), (5, 4), (6, 3)), (1, 1))",8,7,15.0,8,,,pruned,,,1042
"(((2, 2), (5, 3), (5, 4), (6, 3)), (1, 1))","(((2, 2), (5, 3), (5, 4), (6, 2)), (1, 1))",7,6.0,13.0,7,8,2,expanded,False,True,1043
"(((2, 4), (4, 2), (5, 2), (8, 2)), (2, 5))","(((2, 4), (4, 2), (5, 2), (7, 2)), (2, 5))",8,7,15.0,8,,,pruned,,,1044
"(((2, 4), (4, 2), (5, 1), (7, 2)), (2, 5))","(((2, 4), (4, 2), (5, 2), (7, 2)), (2, 5))",8,7,15.0,8,,,pruned,,,1045
"(((2, 4), (4, 2), (5, 2), (7, 2)), (2, 5))","(((2, 4), (4, 3), (5, 2), (7, 2)), (2, 5))",7,6.0,13.0,7,5,2,expanded,False,True,1046
"(((2, 4), (4, 2), (4, 3), (8, 2)), (2, 5))","(((2, 4), (4, 2), (4, 3), (7, 2)), (2, 5))",8,7,15.0,8,,,pruned,,,1047
"(((2, 4), (4, 2), (4, 3), (7, 2)), (2, 5))","(((2, 4), (4, 3), (5, 2), (7, 2)), (2, 5))",7,6.0,13.0,7,4,1,expanded,False,True,1048
"(((2, 4), (4, 2), (6, 3), (8, 2)), (2, 5))","(((2, 4), (4, 2), (6, 3), (7, 2)), (2, 5))",8,7,15.0,8,,,pruned,,,1049
"(((2, 4), (4, 2), (6, 3), (7, 2)), (2, 5))","(((2, 4), (4, 2), (5, 3), (7, 2)), (2, 5))",7,6.0,13.0,7,6,1,expanded,False,True,1050
"(((2, 4), (4, 2), (5, 4), (8, 2)), (2, 5))","(((2, 4), (4, 2), (5, 4), (7, 2)), (2, 5))",8,7,15.0,8,,,pruned,,,1051
"(((2, 4), (4, 2), (5, 4), (7, 2)), (2, 5))","(((2, 4), (4, 2), (5, 3), (7, 2)), (2, 5))",7,6.0,13.0,7,6,1,expanded,False,True,1052
"(((2, 4), (3, 2), (5, 3), (8, 2)), (2, 5))","(((2, 4), (3, 2), (5, 3), (7, 2)), (2, 5))",8,7,15.0,8,,,pruned,,,1053
"(((2, 4), (3, 2), (5, 3), (7, 2)), (2, 5))","(((2, 4), (4, 2), (5, 3), (7, 2)), (2, 5))",7,6.0,13.0,7,8,1,expanded,False,True,1054
"(((1, 2), (6, 2), (6, 3), (7, 2)), (1, 1))","(((2, 2), (6, 2), (6, 3), (7, 2)), (1, 1))",8,7,15.0,8,,,pruned,,,1055
"(((2, 1), (6, 2), (6, 3), (7, 2)), (1, 1))","(((2, 2), (6, 2), (6, 3), (7, 2)), (1, 1))",8,7,15.0,8,,,pruned,,,1056
"(((2, 2), (6, 2), (6, 3), (7, 2)), (1, 1))","(((2, 3), (6, 2), (6, 3), (7, 2)), (1, 1))",7,6.0,13.0,7,4,2,expanded,False,True,1057
"(((2, 2), (4, 3), (6, 1), (7, 2)), (1, 1))","(((2, 2), (4, 3), (6, 2), (7, 2)), (1, 1))",8,7,15.0,8,,,pruned,,,1058
"(((1, 2), (4, 3), (6, 2), (7, 2)), (1, 1))","(((2, 2), (4, 3), (6, 2), (7, 2)), (1, 1))",8,7,15.0,8,,,pruned,,,1059
"(((2, 1), (4, 3), (6, 2), (7, 2)), (1, 1))","(((2, 2), (4, 3), (6, 2), (7, 2)), (1, 1))",8,7,15.0,8,,,pruned,,,1060
"(((2, 2), (4, 3), (6, 2), (7, 2)), (1, 1))","(((2, 3), (4, 3), (6, 2), (7, 2)), (1, 1))",7,6.0,13.0,7,8,3,expanded,False,True,1061
"(((2, 3), (4, 3), (6, 3), (8, 2)), (1, 1))","(((2, 3), (4, 3), (6, 3), (7, 2)), (1, 1))",8,7,15.0,8,,,pruned,,,1062
"(((2, 3), (4, 3), (6, 3), (7, 2)), (1, 1))","(((2, 3), (4, 3), (6, 2), (7, 2)), (1, 1))",7,6.0,13.0,7,8,1,expanded,False,True,1063
"(((2, 3), (4, 2), (6, 1), (7, 2)), (2, 4))","(((2, 3), (4, 2), (6, 2), (7, 2)), (2, 4))",8,7,15.0,8,,,pruned,,,1064
"(((2, 3), (4, 2), (6, 2), (7, 2)), (2, 4))","(((2, 3), (4, 3), (6, 2), (7, 2)), (1, 1))",7,6.0,13.0,7,4,1,expanded,False,True,1065
"(((2, 2), (5, 4), (6, 1), (7, 2)), (1, 1))","(((2, 2), (5, 4), (6, 2), (7, 2)), (1, 1))",8,7,15.0,8,,,pruned,,,1066
"(((1, 2), (5, 4), (6, 2), (7, 2)), (1, 1))","(((2, 2), (5, 4), (6, 2), (7, 2)), (1, 1))",8,7,15.0,8,,,pruned,,,1067
"(((2, 1), (5, 4), (6, 2), (7, 2)), (1, 1))","(((2, 2), (5, 4), (6, 2), (7, 2)), (1, 1))",8,7,15.0,8,,,pruned,,,1068
"(((2, 2), (5, 4), (6, 2), (7, 2)), (1, 1))","(((2, 3), (5, 4), (6, 2), (7, 2)), (1, 1))",7,6.0,13.0,7,8,3,expanded,False,True,1069
"(((2, 2), (5, 2), (6, 1), (7, 2)), (1, 1))","(((2, 2), (5, 2), (6, 2), (7, 2)), (1, 1))",8,7,15.0,8,,,pruned,,,1070
"(((1, 2), (5, 2), (6, 2), (7, 2)), (1, 1))","(((2, 2), (5, 2), (6, 2), (7, 2)), (1, 1))",8,7,15.0,8,,,pruned,,,1071
"(((2, 1), (5, 2), (6, 2), (7, 2)), (1, 1))","(((2, 2), (5, 2), (6, 2), (7, 2)), (1, 1))",8,7,15.0,8,,,pruned,,,1072
"(((2, 2), (5, 1), (6, 2), (7, 2)), (1, 1))","(((2, 2), (5, 2), (6, 2), (7, 2)), (1, 1))",8,7,15.0,8,,,pruned,,,1073
"(((2, 2), (5, 2), (6, 2), (7, 2)), (1, 1))","(((2, 3), (5, 2), (6, 2), (7, 2)), (1, 1))",7,6.0,13.0,7,6,4,expanded,False,True,1074
"(((3, 2), (4, 2), (4, 3), (4, 4)), (5, 1))","(((3, 2), (4, 2), (4, 4), (5, 3)), (5, 1))",7,6.0,13.0,7,0,0,expanded,False,True,1075
"(((3, 2), (4, 2), (4, 5), (5, 4)), (4, 3))","(((3, 2), (4, 2), (4, 4), (5, 4)), (4, 3))",8,7,15.0,8,,,pruned,,,1076
"(((3, 2), (4, 2), (4, 4), (5, 4)), (4, 3))","(((3, 2), (4, 2), (4, 4), (5, 3)), (5, 1))",7,6.0,13.0,7,1,1,expanded,True,True,1077
"(((3, 2), (4, 2), (4, 5), (7, 4)), (4, 3))","(((3, 2), (4, 2), (4, 4), (7, 4)), (4, 3))",8,7,15.0,8,,,pruned,,,1078
"(((3, 2), (4, 2), (4, 4), (8, 4)), (4, 3))","(((3, 2), (4, 2), (4, 4), (7, 4)), (4, 3))",8,7,15.0,8,,,pruned,,,1079
"(((3, 2), (4, 2), (4, 4), (7, 4)), (4, 3))","(((3, 2), (4, 2), (4, 4), (6, 4)), (4, 3))",7,6.0,13.0,7,3,2,expanded,False,True,1080
"(((2, 2), (4, 5), (5, 2), (6, 3)), (3, 2))","(((2, 2), (4, 4), (5, 2), (6, 3)), (3, 2))",8,7,15.0,8,,,pruned,,,1081
"(((1, 2), (4, 4), (5, 2), (6, 3)), (1, 1))","(((2, 2), (4, 4), (5, 2), (6, 3)), (3, 2))",8,7,15.0,8,,,pruned,,,1082
"(((2, 2), (4, 4), (5, 1), (6, 3)), (3, 2))","(((2, 2), (4, 4), (5, 2), (6, 3)), (3, 2))",8,7,15.0,8,,,pruned,,,1083
"(((2, 2), (4, 4), (5, 2), (6, 3)), (3, 2))","(((2, 2), (4, 4), (5, 2), (6, 2)), (3, 2))",7,6.0,13.0,7,8,3,expanded,False,True,1084
"(((3, 2), (5, 2), (5, 4), (6, 3)), (5, 1))","(((3, 2), (5, 2), (5, 4), (6, 2)), (1, 1))",7,6.0,13.0,7,5,0,expanded,False,True,1085
"(((1, 2), (5, 2), (5, 4), (6, 4)), (1, 1))","(((2, 2), (5, 2), (5, 4), (6, 4)), (1, 1))",8,7,15.0,8,,,pruned,,,1086
"(((2, 1), (5, 2), (5, 4), (6, 4)), (1, 1))","(((2, 2), (5, 2), (5, 4), (6, 4)), (1, 1))",8,7,15.0,8,,,pruned,,,1087
"(((2, 2), (5, 1), (5, 4), (6, 4)), (1, 1))","(((2, 2), (5, 2), (5, 4), (6, 4)), (1, 1))",8,7,15.0,8,,,pruned,,,1088
"(((2, 2), (5, 2), (5, 4), (6, 4)), (1, 1))","(((2, 3), (5, 2), (5, 4), (6, 4)), (1, 1))",7,6.0,13.0,7,8,3,expanded,False,True,1089
"(((3, 2), (5, 1), (6, 3), (7, 2)), (1, 1))","(((3, 2), (5, 2), (6, 3), (7, 2)), (1, 1))",8,7,15.0,8,,,pruned,,,1090
"(((3, 2), (5, 2), (6, 3), (7, 2)), (1, 1))","(((3, 2), (5, 2), (5, 3), (7, 2)), (1, 1))",7,6.0,13.0,7,6,1,expanded,False,True,1091
"(((3, 2), (4, 3), (5, 2), (8, 2)), (1, 1))","(((3, 2), (4, 3), (5, 2), (7, 2)), (1, 1))",8,7,15.0,8,,,pruned,,,1092
"(((3, 2), (4, 3), (5, 1), (7, 2)), (1, 1))","(((3, 2), (4, 3), (5, 2), (7, 2)), (1, 1))",8,7,15.0,8,,,pruned,,,1093
"(((3, 2), (4, 3), (5, 2), (7, 2)), (1, 1))","(((3, 2), (5, 2), (5, 3), (7, 2)), (1, 1))",7,6.0,13.0,7,7,2,expanded,False,True,1094
"(((1, 2), (5, 2), (6, 4), (7, 2)), (1, 1))","(((2, 2), (5, 2), (6, 4), (7, 2)), (1, 1))",8,7,15.0,8,,,pruned,,,1095
"(((2, 1), (5, 2), (6, 4), (7, 2)), (1, 1))","(((2, 2), (5, 2), (6, 4), (7, 2)), (1, 1))",8,7,15.0,8,,,pruned,,,1096
"(((2, 2), (5, 2), (6, 4), (8, 2)), (1, 1))","(((2, 2), (5, 2), (6, 4), (7, 2)), (1, 1))",8,7,15.0,8,,,pruned,,,1097
"(((2, 2), (5, 1), (6, 4), (7, 2)), (1, 1))","(((2, 2), (5, 2), (6, 4), (7, 2)), (1, 1))",8,7,15.0,8,,,pruned,,,1098
"(((2, 2), (5, 2), (6, 4), (7, 2)), (1, 1))","(((2, 3), (5, 2), (6, 4), (7, 2)), (1, 1))",7,6.0,13.0,7,10,4,expanded,False,True,1099
"(((2, 3), (5, 2), (7, 2), (8, 4)), (1, 1))","(((2, 3), (5, 2), (7, 2), (7, 4)), (1, 1))",8,7,15.0,8,,,pruned,,,1100
"(((2, 3), (5, 2), (7, 4), (8, 2)), (1, 1))","(((2, 3), (5, 2), (7, 2), (7, 4)), (1, 1))",8,7,15.0,8,,,pruned,,,1101
"(((2, 3), (5, 1), (7, 2), (7, 4)), (1, 1))","(((2, 3), (5, 2), (7, 2), (7, 4)), (1, 1))",8,7,15.0,8,,,pruned,,,1102
"(((2, 3), (5, 2), (7, 2), (7, 4)), (1, 1))","(((2, 3), (5, 2), (6, 4), (7, 2)), (1, 1))",7,6.0,13.0,7,8,3,expanded,False,True,1103
"(((2, 3), (4, 2), (6, 4), (8, 2)), (2, 4))","(((2, 3), (4, 2), (6, 4), (7, 2)), (2, 4))",8,7,15.0,8,,,pruned,,,1104
"(((2, 3), (4, 2), (6, 4), (7, 2)), (2, 4))","(((2, 3), (5, 2), (6, 4), (7, 2)), (1, 1))",7,6.0,13.0,7,4,1,expanded,False,True,1105
"(((1, 2), (5, 2), (6, 3), (6, 4)), (1, 1))","(((2, 2), (5, 2), (6, 3), (6, 4)), (1, 1))",8,7,15.0,8,,,pruned,,,1106
"(((2, 1), (5, 2), (6, 3), (6, 4)), (1, 1))","(((2, 2), (5, 2), (6, 3), (6, 4)), (1, 1))",8,7,15.0,8,,,pruned,,,1107
"(((2, 2), (5, 1), (6, 3), (6, 4)), (1, 1))","(((2, 2), (5, 2), (6, 3), (6, 4)), (1, 1))",8,7,15.0,8,,,pruned,,,1108
"(((2, 2), (5, 2), (6, 3), (6, 4)), (1, 1))","(((2, 3), (5, 2), (6, 3), (6, 4)), (1, 1))",7,6.0,13.0,7,7,3,expanded,False,True,1109
"(((2, 3), (5, 2), (6, 3), (8, 4)), (1, 1))","(((2, 3), (5, 2), (6, 3), (7, 4)), (1, 1))",8,7,15.0,8,,,pruned,,,1110
"(((2, 3), (5, 1), (6, 3), (7, 4)), (1, 1))","(((2, 3), (5, 2), (6, 3), (7, 4)), (1, 1))",8,7,15.0,8,,,pruned,,,1111
"(((2, 3), (5, 2), (6, 3), (7, 4)), (1, 1))","(((2, 3), (5, 2), (6, 3), (6, 4)), (1, 1))",7,6.0,13.0,7,6,2,expanded,False,True,1112
"(((2, 3), (4, 2), (4, 4), (8, 2)), (4, 3))","(((2, 3), (4, 2), (4, 4), (7, 2)), (4, 3))",8,7,15.0,8,,,pruned,,,1113
"(((2, 3), (4, 2), (4, 5), (7, 2)), (4, 3))","(((2, 3), (4, 2), (4, 4), (7, 2)), (4, 3))",8,7,15.0,8,,,pruned,,,1114
"(((2, 3), (4, 2), (4, 4), (7, 2)), (4, 3))","(((2, 3), (4, 4), (5, 2), (7, 2)), (1, 1))",7,6.0,13.0,7,4,2,expanded,False,True,1115
"(((1, 2), (4, 3), (6, 2), (6, 3)), (1, 1))","(((2, 2), (4, 3), (6, 2), (6, 3)), (1, 1))",8,7,15.0,8,,,pruned,,,1116
"(((2, 1), (4, 3), (6, 2), (6, 3)), (1, 1))","(((2, 2), (4, 3), (6, 2), (6, 3)), (1, 1))",8,7,15.0,8,,,pruned,,,1117
"(((2, 2), (4, 3), (6, 2), (6, 3)), (1, 1))","(((2, 3), (4, 3), (6, 2), (6, 3)), (1, 1))",7,6.0,13.0,7,8,2,expanded,False,True,1118
"(((2, 2), (5, 2), (5, 3), (8, 4)), (1, 1))","(((2, 2), (5, 2), (5, 3), (7, 4)), (1, 1))",8,7,15.0,8,,,pruned,,,1119
"(((1, 2), (5, 2), (5, 3), (7, 4)), (1, 1))","(((2, 2), (5, 2), (5, 3), (7, 4)), (1, 1))",8,7,15.0,8,,,pruned,,,1120
"(((2, 1), (5, 2), (5, 3), (7, 4)), (1, 1))","(((2, 2), (5, 2), (5, 3), (7, 4)), (1, 1))",8,7,15.0,8,,,pruned,,,1121
"(((2, 2), (5, 2), (5, 3), (7, 4)), (1, 1))","(((2, 3), (5, 2), (5, 3), (7, 4)), (1, 1))",7,6.0,13.0,7,10,3,expanded,False,True,1122
"(((2, 3), (4, 2), (5, 3), (8, 4)), (2, 4))","(((2, 3), (4, 2), (5, 3), (7, 4)), (2, 4))",8,7,15.0,8,,,pruned,,,1123
"(((2, 3), (4, 2), (5, 3), (7, 4)), (2, 4))","(((2, 3), (5, 2), (5, 3), (7, 4)), (1, 1))",7,6.0,13.0,7,8,1,expanded,False,True,1124
"(((2, 3), (4, 2), (6, 3), (6, 4)), (2, 4))","(((2, 3), (4, 2), (5, 4), (6, 3)), (2, 4))",7,6.0,13.0,7,4,0,expanded,False,True,1125
"(((3, 2), (4, 2), (6, 4), (7, 4)), (1, 1))","(((3, 2), (4, 2), (6, 3), (7, 4)), (1, 1))",7,6.0,13.0,7,0,0,expanded,False,True,1126
"(((2, 2), (4, 5), (5, 2), (7, 2)), (3, 2))","(((2, 2), (4, 4), (5, 2), (7, 2)), (3, 2))",8,7,15.0,8,,,pruned,,,1127
"(((2, 2), (4, 4), (5, 1), (7, 2)), (3, 2))","(((2, 2), (4, 4), (5, 2), (7, 2)), (3, 2))",8,7,15.0,8,,,pruned,,,1128
"(((2, 2), (4, 4), (5, 2), (8, 2)), (3, 2))","(((2, 2), (4, 4), (5, 2), (7, 2)), (3, 2))",8,7,15.0,8,,,pruned,,,1129
"(((1, 2), (4, 4), (5, 2), (7, 2)), (1, 1))","(((2, 2), (4, 4), (5, 2), (7, 2)), (3, 2))",8,7,15.0,8,,,pruned,,,1130
"(((2, 2), (4, 4), (5, 2), (7, 2)), (3, 2))","(((2, 2), (5, 2), (5, 4), (7, 2)), (1, 1))",7,6.0,13.0,7,8,4,expanded,False,True,1131
"(((3, 2), (5, 2), (5, 4), (8, 2)), (1, 1))","(((3, 2), (5, 2), (5, 4), (7, 2)), (1, 1))",8,7,15.0,8,,,pruned,,,1132
"(((3, 2), (5, 1), (5, 4), (7, 2)), (1, 1))","(((3, 2), (5, 2), (5, 4), (7, 2)), (1, 1))",8,7,15.0,8,,,pruned,,,1133
"(((3, 2), (5, 2), (5, 4), (7, 2)), (1, 1))","(((2, 2), (5, 2), (5, 4), (7, 2)), (1, 1))",7,6.0,13.0,7,10,2,expanded,False,True,1134
"(((3, 2), (5, 1), (5, 4), (6, 3)), (1, 1))","(((3, 2), (5, 2), (5, 4), (6, 3)), (1, 1))",8,7,15.0,8,,,pruned,,,1135
"(((3, 2), (5, 2), (5, 4), (6, 3)), (1, 1))","(((2, 2), (5, 2), (5, 4), (6, 3)), (1, 1))",7,6.0,13.0,7,5,1,expanded,False,True,1136
"(((2, 5), (4, 2), (7, 2), (7, 4)), (1, 1))","(((2, 4), (4, 2), (7, 2), (7, 4)), (1, 1))",8,7,15.0,8,,,pruned,,,1137
"(((2, 4), (4, 2), (7, 2), (7, 4)), (1, 1))","(((2, 3), (4, 2), (7, 2), (7, 4)), (1, 1))",7,6.0,13.0,7,2,1,expanded,False,True,1138
"(((2, 5), (3, 2), (6, 4), (7, 2)), (1, 1))","(((2, 4), (3, 2), (6, 4), (7, 2)), (1, 1))",8,7,15.0,8,,,pruned,,,1139
"(((2, 4), (3, 2), (6, 4), (7, 2)), (1, 1))","(((2, 3), (3, 2), (6, 4), (7, 2)), (1, 1))",7,6.0,13.0,7,2,1,expanded,False,True,1140
"(((2, 3), (4, 2), (6, 4), (7, 4)), (1, 1))","(((2, 2), (4, 2), (6, 4), (7, 4)), (1, 1))",7,6.0,13.0,7,2,0,expanded,False,True,1141
"(((2, 5), (4, 2), (6, 3), (7, 4)), (1, 1))","(((2, 4), (4, 2), (6, 3), (7, 4)), (1, 1))",8,7,15.0,8,,,pruned,,,1142
"(((2, 4), (4, 2), (6, 3), (7, 4)), (1, 1))","(((2, 3), (4, 2), (6, 3), (7, 4)), (1, 1))",7,6.0,13.0,7,2,1,expanded,False,True,1143
"(((2, 5), (3, 2), (6, 3), (6, 4)), (1, 1))","(((2, 4), (3, 2), (6, 3), (6, 4)), (1, 1))",8,7,15.0,8,,,pruned,,,1144
"(((2, 4), (3, 2), (6, 3), (6, 4)), (1, 1))","(((2, 3), (3, 2), (6, 3), (6, 4)), (1, 1))",7,6.0,13.0,7,2,1,expanded,False,True,1145
"(((2, 5), (3, 2), (6, 2), (7, 4)), (1, 1))","(((2, 4), (3, 2), (6, 2), (7, 4)), (1, 1))",8,7,15.0,8,,,pruned,,,1146
"(((2, 4), (3, 2), (6, 2), (7, 4)), (1, 1))","(((2, 3), (3, 2), (6, 2), (7, 4)), (1, 1))",7,6.0,13.0,7,2,1,expanded,False,True,1147
"(((2, 5), (3, 2), (5, 2), (6, 4)), (1, 1))","(((2, 4), (3, 2), (5, 2), (6, 4)), (1, 1))",8,7,15.0,8,,,pruned,,,1148
"(((2, 4), (3, 2), (5, 2), (6, 4)), (1, 1))","(((2, 3), (3, 2), (5, 2), (6, 4)), (1, 1))",7,6.0,13.0,7,2,1,expanded,False,True,1149
"(((2, 5), (4, 2), (4, 3), (7, 4)), (1, 1))","(((2, 4), (4, 2), (4, 3), (7, 4)), (1, 1))",8,7,15.0,8,,,pruned,,,1150
"(((2, 4), (4, 2), (4, 3), (7, 4)), (1, 1))","(((2, 3), (4, 2), (4, 3), (7, 4)), (1, 1))",7,6.0,13.0,7,2,1,expanded,False,True,1151
"(((2, 3), (4, 3), (5, 2), (7, 4)), (1, 1))","(((2, 3), (4, 2), (4, 3), (7, 4)), (1, 1))",7,6.0,13.0,7,3,0,expanded,False,True,1152
"(((2, 5), (3, 2), (4, 3), (6, 4)), (1, 1))","(((2, 4), (3, 2), (4, 3), (6, 4)), (1, 1))",8,7,15.0,8,,,pruned,,,1153
"(((2, 4), (3, 2), (4, 3), (6, 4)), (1, 1))","(((2, 3), (3, 2), (4, 3), (6, 4)), (1, 1))",7,6.0,13.0,7,2,1,expanded,False,True,1154
"(((2, 5), (3, 2), (5, 4), (6, 4)), (1, 1))","(((2, 4), (3, 2), (5, 4), (6, 4)), (1, 1))",8,7,15.0,8,,,pruned,,,1155
"(((2, 4), (3, 2), (5, 4), (6, 4)), (1, 1))","(((2, 3), (3, 2), (5, 4), (6, 4)), (1, 1))",7,6.0,13.0,7,2,1,expanded,False,True,1156
"(((2, 5), (3, 2), (5, 3), (5, 4)), (1, 1))","(((2, 4), (3, 2), (5, 3), (5, 4)), (1, 1))",8,7,15.0,8,,,pruned,,,1157
"(((2, 4), (3, 2), (5, 3), (5, 4)), (1, 1))","(((2, 3), (3, 2), (5, 3), (5, 4)), (1, 1))",7,6.0,13.0,7,2,1,expanded,False,True,1158
"(((2, 3), (4, 2), (5, 3), (5, 4)), (1, 1))","(((2, 3), (3, 2), (5, 3), (5, 4)), (1, 1))",7,6.0,13.0,7,2,0,expanded,False,True,1159
"(((2, 5), (3, 2), (5, 3), (7, 4)), (1, 1))","(((2, 4), (3, 2), (5, 3), (7, 4)), (1, 1))",8,7,15.0,8,,,pruned,,,1160
"(((2, 4), (3, 2), (5, 3), (7, 4)), (1, 1))","(((2, 3), (3, 2), (5, 3), (7, 4)), (1, 1))",7,6.0,13.0,7,2,1,expanded,False,True,1161
"(((2, 5), (3, 2), (6, 2), (7, 2)), (1, 1))","(((2, 4), (3, 2), (6, 2), (7, 2)), (1, 1))",8,7,15.0,8,,,pruned,,,1162
"(((2, 4), (3, 2), (6, 2), (7, 2)), (1, 1))","(((2, 3), (3, 2), (6, 2), (7, 2)), (1, 1))",7,6.0,13.0,7,2,1,expanded,False,True,1163
"(((2, 5), (3, 2), (4, 3), (5, 3)), (1, 1))","(((2, 4), (3, 2), (4, 3), (5, 3)), (1, 1))",8,7,15.0,8,,,pruned,,,1164
"(((2, 4), (3, 2), (4, 3), (5, 3)), (1, 1))","(((2, 3), (3, 2), (4, 3), (5, 3)), (1, 1))",7,6.0,13.0,7,2,1,expanded,False,True,1165
"(((2, 5), (4, 2), (5, 4), (7, 4)), (1, 1))","(((2, 4), (4, 2), (5, 4), (7, 4)), (1, 1))",8,7,15.0,8,,,pruned,,,1166
"(((2, 4), (4, 2), (5, 4), (7, 4)), (1, 1))","(((2, 3), (4, 2), (5, 4), (7, 4)), (1, 1))",7,6.0,13.0,7,2,1,expanded,False,True,1167
"(((2, 3), (5, 2), (5, 4), (8, 4)), (1, 1))","(((2, 3), (5, 2), (5, 4), (7, 4)), (1, 1))",8,7,15.0,8,,,pruned,,,1168
"(((2, 3), (5, 1), (5, 4), (7, 4)), (1, 1))","(((2, 3), (5, 2), (5, 4), (7, 4)), (1, 1))",8,7,15.0,8,,,pruned,,,1169
"(((2, 3), (5, 2), (5, 4), (7, 4)), (1, 1))","(((2, 3), (4, 2), (5, 4), (7, 4)), (1, 1))",7,6.0,13.0,7,10,2,expanded,False,True,1170
"(((2, 5), (5, 4), (6, 3), (7, 2)), (1, 1))","(((2, 4), (5, 4), (6, 3), (7, 2)), (1, 1))",9,6,15.0,9,,,pruned,,,1171
"(((2, 4), (5, 4), (6, 3), (8, 2)), (1, 1))","(((2, 4), (5, 4), (6, 3), (7, 2)), (1, 1))",9,6,15.0,9,,,pruned,,,1172
"(((2, 4), (5, 4), (6, 3), (7, 2)), (1, 1))","(((2, 4), (5, 4), (6, 2), (6, 3)), (1, 1))",8,5.0,13.0,8,5,2,expanded,False,True,1173
"(((2, 5), (4, 3), (5, 4), (7, 2)), (1, 1))","(((2, 4), (4, 3), (5, 4), (7, 2)), (1, 1))",9,6,15.0,9,,,pruned,,,1174
"(((2, 4), (4, 3), (5, 4), (8, 2)), (1, 1))","(((2, 4), (4, 3), (5, 4), (7, 2)), (1, 1))",9,6,15.0,9,,,pruned,,,1175
"(((2, 4), (4, 3), (5, 4), (7, 2)), (1, 1))","(((2, 4), (4, 3), (5, 4), (6, 2)), (1, 1))",8,5.0,13.0,8,5,2,expanded,False,True,1176
"(((2, 4), (4, 3), (5, 1), (5, 4)), (1, 1))","(((2, 4), (4, 3), (5, 2), (5, 4)), (5, 1))",9,6,15.0,9,,,pruned,,,1177
"(((2, 4), (4, 3), (5, 2), (5, 4)), (5, 1))","(((2, 4), (4, 3), (5, 4), (6, 2)), (1, 1))",8,5.0,13.0,8,4,1,expanded,False,True,1178
"(((2, 5), (4, 3), (5, 4), (6, 3)), (1, 1))","(((2, 4), (4, 3), (5, 4), (6, 3)), (1, 1))",9,6,15.0,9,,,pruned,,,1179
"(((2, 4), (4, 3), (5, 4), (6, 3)), (1, 1))","(((2, 4), (4, 3), (5, 4), (6, 2)), (1, 1))",8,5.0,13.0,8,5,1,expanded,False,True,1180
"(((2, 4), (4, 2), (4, 3), (5, 3)), (2, 5))","(((2, 4), (4, 3), (5, 2), (5, 3)), (2, 5))",8,5.0,13.0,8,4,0,expanded,False,True,1181
"(((2, 4), (4, 2), (5, 2), (5, 3)), (2, 5))","(((2, 4), (4, 3), (5, 2), (5, 3)), (2, 5))",8,5.0,13.0,8,3,0,expanded,False,True,1182
"(((2, 4), (4, 2), (6, 2), (6, 3)), (2, 5))","(((2, 4), (4, 2), (5, 3), (6, 2)), (2, 5))",8,5.0,13.0,8,4,0,expanded,False,True,1183
"(((2, 4), (4, 2), (4, 3), (6, 1)), (2, 5))","(((2, 4), (4, 2), (4, 3), (6, 2)), (2, 5))",9,6,15.0,9,,,pruned,,,1184
"(((2, 4), (4, 2), (4, 3), (6, 2)), (2, 5))","(((2, 4), (4, 2), (5, 3), (6, 2)), (2, 5))",8,5.0,13.0,8,6,1,expanded,False,True,1185
"(((2, 4), (4, 2), (5, 4), (6, 1)), (2, 5))","(((2, 4), (4, 2), (5, 4), (6, 2)), (2, 5))",9,6,15.0,9,,,pruned,,,1186
"(((2, 4), (4, 2), (5, 4), (6, 2)), (2, 5))","(((2, 4), (4, 2), (5, 3), (6, 2)), (2, 5))",8,5.0,13.0,8,8,1,expanded,False,True,1187
"(((2, 4), (3, 2), (5, 3), (6, 1)), (2, 5))","(((2, 4), (3, 2), (5, 3), (6, 2)), (2, 5))",9,6,15.0,9,,,pruned,,,1188
"(((2, 4), (3, 2), (5, 3), (6, 2)), (2, 5))","(((2, 4), (4, 2), (5, 3), (6, 2)), (2, 5))",8,5.0,13.0,8,10,1,expanded,False,True,1189
"(((2, 4), (4, 2), (5, 1), (6, 4)), (2, 5))","(((2, 4), (4, 2), (5, 2), (6, 4)), (2, 5))",9,6,15.0,9,,,pruned,,,1190
"(((2, 4), (4, 2), (5, 2), (6, 4)), (2, 5))","(((2, 4), (4, 3), (5, 2), (6, 4)), (2, 5))",8,5.0,13.0,8,5,1,expanded,False,True,1191
"(((2, 4), (4, 3), (5, 1), (7, 4)), (1, 1))","(((2, 4), (4, 3), (5, 2), (7, 4)), (2, 5))",9,6,15.0,9,,,pruned,,,1192
"(((2, 4), (4, 3), (5, 2), (8, 4)), (2, 5))","(((2, 4), (4, 3), (5, 2), (7, 4)), (2, 5))",9,6,15.0,9,,,pruned,,,1193
"(((2, 4), (4, 3), (5, 2), (7, 4)), (2, 5))","(((2, 4), (4, 3), (5, 2), (6, 4)), (2, 5))",8,5.0,13.0,8,7,2,expanded,False,True,1194
"(((2, 4), (4, 2), (4, 3), (6, 4)), (2, 5))","(((2, 4), (4, 3), (5, 2), (6, 4)), (2, 5))",8,5.0,13.0,8,4,0,expanded,False,True,1195
"(((2, 4), (4, 2), (5, 3), (5, 4)), (5, 1))","(((2, 4), (5, 2), (5, 3), (5, 4)), (5, 1))",8,5.0,13.0,8,3,0,expanded,False,True,1196
"(((2, 4), (4, 2), (5, 4), (6, 4)), (2, 5))","(((2, 4), (4, 2), (5, 3), (6, 4)), (5, 1))",8,5.0,13.0,8,2,0,expanded,False,True,1197
"(((2, 4), (3, 2), (5, 3), (6, 4)), (2, 5))","(((2, 4), (4, 2), (5, 3), (6, 4)), (5, 1))",8,5.0,13.0,8,8,0,expanded,False,True,1198
"(((2, 3), (4, 4), (6, 3), (8, 2)), (1, 1))","(((2, 3), (4, 4), (6, 3), (7, 2)), (1, 1))",9,6,15.0,9,,,pruned,,,1199
"(((2, 3), (4, 5), (6, 3), (7, 2)), (1, 1))","(((2, 3), (4, 4), (6, 3), (7, 2)), (1, 1))",9,6,15.0,9,,,pruned,,,1200
"(((2, 3), (4, 4), (6, 3), (7, 2)), (1, 1))","(((2, 3), (4, 4), (6, 2), (6, 3)), (1, 1))",8,5.0,13.0,8,6,2,expanded,False,True,1201
"(((2, 3), (4, 3), (4, 4), (8, 2)), (1, 1))","(((2, 3), (4, 3), (4, 4), (7, 2)), (1, 1))",9,6,15.0,9,,,pruned,,,1202
"(((2, 3), (4, 3), (4, 4), (7, 2)), (1, 1))","(((2, 3), (4, 3), (4, 4), (6, 2)), (1, 1))",8,5.0,13.0,8,3,1,expanded,False,True,1203
"(((2, 3), (4, 3), (4, 4), (5, 1)), (1, 1))","(((2, 3), (4, 3), (4, 4), (5, 2)), (5, 1))",9,6,15.0,9,,,pruned,,,1204
"(((2, 3), (4, 3), (4, 4), (5, 2)), (5, 1))","(((2, 3), (4, 3), (4, 4), (6, 2)), (1, 1))",8,5.0,13.0,8,3,1,expanded,False,True,1205
"(((2, 3), (4, 3), (4, 4), (6, 3)), (1, 1))","(((2, 3), (4, 3), (4, 4), (6, 2)), (1, 1))",8,5.0,13.0,8,3,0,expanded,False,True,1206
"(((2, 3), (4, 4), (5, 4), (8, 2)), (1, 1))","(((2, 3), (4, 4), (5, 4), (7, 2)), (1, 1))",9,6,15.0,9,,,pruned,,,1207
"(((2, 3), (4, 5), (5, 4), (7, 2)), (1, 1))","(((2, 3), (4, 4), (5, 4), (7, 2)), (1, 1))",9,6,15.0,9,,,pruned,,,1208
"(((2, 3), (4, 4), (5, 4), (7, 2)), (1, 1))","(((2, 3), (4, 4), (5, 4), (6, 2)), (1, 1))",8,5.0,13.0,8,4,2,expanded,False,True,1209
"(((2, 3), (4, 5), (5, 2), (5, 4)), (1, 1))","(((2, 3), (4, 4), (5, 2), (5, 4)), (1, 1))",9,6,15.0,9,,,pruned,,,1210
"(((2, 3), (4, 4), (5, 1), (5, 4)), (1, 1))","(((2, 3), (4, 4), (5, 2), (5, 4)), (1, 1))",9,6,15.0,9,,,pruned,,,1211
"(((2, 3), (4, 4), (5, 2), (5, 4)), (1, 1))","(((2, 3), (4, 4), (5, 4), (6, 2)), (1, 1))",8,5.0,13.0,8,6,2,expanded,False,True,1212
"(((2, 3), (4, 5), (5, 4), (6, 3)), (1, 1))","(((2, 3), (4, 4), (5, 4), (6, 3)), (1, 1))",9,6,15.0,9,,,pruned,,,1213
"(((2, 3), (4, 4), (5, 4), (6, 3)), (1, 1))","(((2, 3), (4, 4), (5, 4), (6, 2)), (1, 1))",8,5.0,13.0,8,4,1,expanded,False,True,1214
"(((2, 3), (4, 2), (4, 4), (5, 3)), (5, 1))","(((2, 3), (4, 4), (5, 2), (5, 3)), (5, 1))",8,5.0,13.0,8,4,0,expanded,False,True,1215
"(((4, 2), (4, 3), (5, 1), (6, 3)), (1, 1))","(((4, 2), (4, 3), (5, 2), (6, 3)), (1, 1))",9,6,15.0,9,,,pruned,,,1216
"(((4, 2), (4, 3), (5, 2), (6, 3)), (1, 1))","(((4, 2), (4, 3), (5, 2), (6, 2)), (1, 1))",8,5.0,13.0,8,4,1,expanded,False,True,1217
"(((2, 4), (4, 2), (4, 5), (6, 3)), (4, 3))","(((2, 4), (4, 2), (4, 4), (6, 3)), (4, 3))",9,6,15.0,9,,,pruned,,,1218
"(((2, 4), (4, 2), (4, 4), (6, 3)), (4, 3))","(((2, 4), (4, 4), (5, 2), (6, 3)), (1, 1))",8,5.0,13.0,8,4,1,expanded,False,True,1219
"(((1, 2), (6, 2), (6, 3), (6, 4)), (1, 1))","(((2, 2), (6, 2), (6, 3), (6, 4)), (1, 1))",9,6,15.0,9,,,pruned,,,1220
"(((2, 1), (6, 2), (6, 3), (6, 4)), (1, 1))","(((2, 2), (6, 2), (6, 3), (6, 4)), (1, 1))",9,6,15.0,9,,,pruned,,,1221
"(((2, 2), (6, 2), (6, 3), (6, 4)), (1, 1))","(((2, 2), (5, 3), (6, 2), (6, 4)), (1, 1))",8,5.0,13.0,8,8,2,expanded,False,True,1222
"(((2, 2), (5, 4), (6, 1), (6, 4)), (1, 1))","(((2, 2), (5, 4), (6, 2), (6, 4)), (1, 1))",9,6,15.0,9,,,pruned,,,1223
"(((1, 2), (5, 4), (6, 2), (6, 4)), (1, 1))","(((2, 2), (5, 4), (6, 2), (6, 4)), (1, 1))",9,6,15.0,9,,,pruned,,,1224
"(((2, 1), (5, 4), (6, 2), (6, 4)), (1, 1))","(((2, 2), (5, 4), (6, 2), (6, 4)), (1, 1))",9,6,15.0,9,,,pruned,,,1225
"(((2, 2), (5, 4), (6, 2), (6, 4)), (1, 1))","(((2, 2), (5, 3), (6, 2), (6, 4)), (1, 1))",8,5.0,13.0,8,8,3,expanded,False,True,1226
"(((2, 2), (5, 3), (6, 4), (8, 2)), (1, 1))","(((2, 2), (5, 3), (6, 4), (7, 2)), (1, 1))",9,6,15.0,9,,,pruned,,,1227
"(((1, 2), (5, 3), (6, 4), (7, 2)), (1, 1))","(((2, 2), (5, 3), (6, 4), (7, 2)), (1, 1))",9,6,15.0,9,,,pruned,,,1228
"(((2, 1), (5, 3), (6, 4), (7, 2)), (1, 1))","(((2, 2), (5, 3), (6, 4), (7, 2)), (1, 1))",9,6,15.0,9,,,pruned,,,1229
"(((2, 2), (5, 3), (6, 4), (7, 2)), (1, 1))","(((2, 2), (5, 3), (6, 2), (6, 4)), (1, 1))",8,5.0,13.0,8,10,3,expanded,False,True,1230
"(((1, 2), (5, 3), (6, 3), (6, 4)), (1, 1))","(((2, 2), (5, 3), (6, 3), (6, 4)), (1, 1))",9,6,15.0,9,,,pruned,,,1231
"(((2, 1), (5, 3), (6, 3), (6, 4)), (1, 1))","(((2, 2), (5, 3), (6, 3), (6, 4)), (1, 1))",9,6,15.0,9,,,pruned,,,1232
"(((2, 2), (5, 3), (6, 3), (6, 4)), (1, 1))","(((2, 2), (5, 3), (6, 2), (6, 4)), (1, 1))",8,5.0,13.0,8,8,2,expanded,False,True,1233
"(((2, 2), (5, 3), (6, 2), (8, 4)), (1, 1))","(((2, 2), (5, 3), (6, 2), (7, 4)), (1, 1))",9,6,15.0,9,,,pruned,,,1234
"(((2, 2), (5, 3), (6, 1), (7, 4)), (1, 1))","(((2, 2), (5, 3), (6, 2), (7, 4)), (1, 1))",9,6,15.0,9,,,pruned,,,1235
"(((1, 2), (5, 3), (6, 2), (7, 4)), (1, 1))","(((2, 2), (5, 3), (6, 2), (7, 4)), (1, 1))",9,6,15.0,9,,,pruned,,,1236
"(((2, 1), (5, 3), (6, 2), (7, 4)), (1, 1))","(((2, 2), (5, 3), (6, 2), (7, 4)), (1, 1))",9,6,15.0,9,,,pruned,,,1237
"(((2, 2), (5, 3), (6, 2), (7, 4)), (1, 1))","(((2, 2), (5, 3), (6, 2), (6, 4)), (1, 1))",8,5.0,13.0,8,14,4,expanded,False,True,1238
"(((2, 3), (6, 3), (6, 4), (8, 2)), (1, 1))","(((2, 3), (6, 3), (6, 4), (7, 2)), (1, 1))",9,6,15.0,9,,,pruned,,,1239
"(((2, 3), (6, 3), (6, 4), (7, 2)), (1, 1))","(((2, 3), (6, 2), (6, 3), (6, 4)), (1, 1))",8,5.0,13.0,8,4,1,expanded,False,True,1240
"(((2, 3), (5, 2), (6, 3), (6, 4)), (5, 1))","(((2, 3), (6, 2), (6, 3), (6, 4)), (1, 1))",8,5.0,13.0,8,3,0,expanded,False,True,1241
"(((2, 3), (6, 2), (6, 3), (8, 4)), (1, 1))","(((2, 3), (6, 2), (6, 3), (7, 4)), (1, 1))",9,6,15.0,9,,,pruned,,,1242
"(((2, 3), (6, 2), (6, 3), (7, 4)), (1, 1))","(((2, 3), (6, 2), (6, 3), (6, 4)), (1, 1))",8,5.0,13.0,8,6,1,expanded,False,True,1243
"(((2, 3), (5, 4), (6, 4), (8, 2)), (1, 1))","(((2, 3), (5, 4), (6, 4), (7, 2)), (1, 1))",9,6,15.0,9,,,pruned,,,1244
"(((2, 3), (5, 4), (6, 4), (7, 2)), (1, 1))","(((2, 3), (5, 4), (6, 2), (6, 4)), (1, 1))",8,5.0,13.0,8,3,1,expanded,False,True,1245
"(((2, 3), (5, 4), (6, 3), (6, 4)), (1, 1))","(((2, 3), (5, 4), (6, 2), (6, 4)), (1, 1))",8,5.0,13.0,8,2,0,expanded,False,True,1246
"(((2, 3), (4, 3), (6, 4), (8, 2)), (1, 1))","(((2, 3), (4, 3), (6, 4), (7, 2)), (1, 1))",9,6,15.0,9,,,pruned,,,1247
"(((2, 3), (4, 3), (6, 4), (7, 2)), (1, 1))","(((2, 3), (5, 3), (6, 4), (7, 2)), (1, 1))",8,5.0,13.0,8,6,1,expanded,False,True,1248
"(((2, 3), (5, 3), (7, 2), (8, 4)), (1, 1))","(((2, 3), (5, 3), (7, 2), (7, 4)), (1, 1))",9,6,15.0,9,,,pruned,,,1249
"(((2, 3), (5, 3), (7, 4), (8, 2)), (1, 1))","(((2, 3), (5, 3), (7, 2), (7, 4)), (1, 1))",9,6,15.0,9,,,pruned,,,1250
"(((2, 3), (5, 3), (7, 2), (7, 4)), (1, 1))","(((2, 3), (5, 3), (6, 4), (7, 2)), (1, 1))",8,5.0,13.0,8,8,2,expanded,False,True,1251
"(((2, 3), (5, 3), (6, 3), (8, 4)), (1, 1))","(((2, 3), (5, 3), (6, 3), (7, 4)), (1, 1))",9,6,15.0,9,,,pruned,,,1252
"(((2, 3), (5, 3), (6, 3), (7, 4)), (1, 1))","(((2, 3), (5, 3), (6, 3), (6, 4)), (1, 1))",8,5.0,13.0,8,8,1,expanded,False,True,1253
"(((2, 3), (4, 3), (6, 2), (8, 4)), (1, 1))","(((2, 3), (4, 3), (6, 2), (7, 4)), (1, 1))",9,6,15.0,9,,,pruned,,,1254
"(((2, 3), (4, 3), (6, 1), (7, 4)), (1, 1))","(((2, 3), (4, 3), (6, 2), (7, 4)), (1, 1))",9,6,15.0,9,,,pruned,,,1255
"(((2, 3), (4, 3), (6, 2), (7, 4)), (1, 1))","(((2, 3), (5, 3), (6, 2), (7, 4)), (1, 1))",8,5.0,13.0,8,10,2,expanded,False,True,1256
"(((2, 3), (5, 4), (6, 2), (8, 4)), (1, 1))","(((2, 3), (5, 4), (6, 2), (7, 4)), (1, 1))",9,6,15.0,9,,,pruned,,,1257
"(((2, 3), (5, 4), (6, 1), (7, 4)), (1, 1))","(((2, 3), (5, 4), (6, 2), (7, 4)), (1, 1))",9,6,15.0,9,,,pruned,,,1258
"(((2, 3), (5, 4), (6, 2), (7, 4)), (1, 1))","(((2, 3), (5, 3), (6, 2), (7, 4)), (1, 1))",8,5.0,13.0,8,10,2,expanded,False,True,1259
"(((2, 5), (4, 3), (6, 3), (7, 2)), (1, 1))","(((2, 4), (4, 3), (6, 3), (7, 2)), (1, 1))",9,6,15.0,9,,,pruned,,,1260
"(((2, 4), (4, 3), (6, 3), (8, 2)), (1, 1))","(((2, 4), (4, 3), (6, 3), (7, 2)), (1, 1))",9,6,15.0,9,,,pruned,,,1261
"(((2, 4), (4, 3), (6, 3), (7, 2)), (1, 1))","(((2, 4), (4, 3), (6, 2), (7, 2)), (1, 1))",8,5.0,13.0,8,8,2,expanded,False,True,1262
"(((2, 4), (4, 2), (6, 1), (7, 2)), (2, 5))","(((2, 4), (4, 2), (6, 2), (7, 2)), (2, 5))",9,6,15.0,9,,,pruned,,,1263
"(((2, 4), (4, 2), (6, 2), (7, 2)), (2, 5))","(((2, 4), (4, 3), (6, 2), (7, 2)), (1, 1))",8,5.0,13.0,8,4,1,expanded,False,True,1264
"(((3, 2), (5, 4), (6, 2), (6, 3)), (1, 1))","(((3, 2), (5, 3), (6, 2), (6, 3)), (1, 1))",8,5.0,13.0,8,6,0,expanded,False,True,1265
"(((3, 2), (5, 3), (6, 3), (8, 2)), (1, 1))","(((3, 2), (5, 3), (6, 3), (7, 2)), (1, 1))",9,6,15.0,9,,,pruned,,,1266
"(((3, 2), (5, 3), (6, 3), (7, 2)), (1, 1))","(((3, 2), (5, 3), (6, 2), (6, 3)), (1, 1))",8,5.0,13.0,8,8,1,expanded,False,True,1267
"(((3, 2), (4, 3), (5, 4), (6, 1)), (4, 2))","(((3, 2), (4, 3), (5, 4), (6, 2)), (4, 2))",9,6,15.0,9,,,pruned,,,1268
"(((3, 2), (4, 3), (5, 4), (6, 2)), (4, 2))","(((3, 2), (4, 3), (5, 3), (6, 2)), (1, 1))",8,5.0,13.0,8,7,1,expanded,False,True,1269
"(((3, 2), (4, 3), (5, 3), (8, 2)), (1, 1))","(((3, 2), (4, 3), (5, 3), (7, 2)), (1, 1))",9,6,15.0,9,,,pruned,,,1270
"(((3, 2), (4, 3), (5, 3), (7, 2)), (1, 1))","(((3, 2), (4, 3), (5, 3), (6, 2)), (1, 1))",8,5.0,13.0,8,8,1,expanded,False,True,1271
"(((3, 2), (4, 3), (5, 2), (5, 3)), (1, 1))","(((3, 2), (4, 3), (5, 3), (6, 2)), (1, 1))",8,5.0,13.0,8,3,0,expanded,False,True,1272
"(((3, 2), (4, 3), (5, 3), (6, 3)), (1, 1))","(((3, 2), (4, 3), (5, 3), (6, 2)), (1, 1))",8,5.0,13.0,8,8,0,expanded,False,True,1273
"(((2, 2), (4, 5), (6, 2), (6, 3)), (3, 2))","(((2, 2), (4, 4), (6, 2), (6, 3)), (3, 2))",9,6,15.0,9,,,pruned,,,1274
"(((1, 2), (4, 4), (6, 2), (6, 3)), (1, 1))","(((2, 2), (4, 4), (6, 2), (6, 3)), (3, 2))",9,6,15.0,9,,,pruned,,,1275
"(((2, 2), (4, 4), (6, 2), (6, 3)), (3, 2))","(((2, 2), (4, 4), (5, 3), (6, 2)), (3, 2))",8,5.0,13.0,8,4,2,expanded,False,True,1276
"(((2, 2), (4, 3), (4, 4), (6, 1)), (3, 2))","(((2, 2), (4, 3), (4, 4), (6, 2)), (3, 2))",9,6,15.0,9,,,pruned,,,1277
"(((1, 2), (4, 3), (4, 4), (6, 2)), (1, 1))","(((2, 2), (4, 3), (4, 4), (6, 2)), (3, 2))",9,6,15.0,9,,,pruned,,,1278
"(((2, 2), (4, 3), (4, 4), (6, 2)), (3, 2))","(((2, 2), (4, 4), (5, 3), (6, 2)), (3, 2))",8,5.0,13.0,8,5,2,expanded,False,True,1279
"(((2, 2), (4, 5), (5, 4), (6, 2)), (3, 2))","(((2, 2), (4, 4), (5, 4), (6, 2)), (3, 2))",9,6,15.0,9,,,pruned,,,1280
"(((2, 2), (4, 4), (5, 4), (6, 1)), (3, 2))","(((2, 2), (4, 4), (5, 4), (6, 2)), (3, 2))",9,6,15.0,9,,,pruned,,,1281
"(((1, 2), (4, 4), (5, 4), (6, 2)), (1, 1))","(((2, 2), (4, 4), (5, 4), (6, 2)), (3, 2))",9,6,15.0,9,,,pruned,,,1282
"(((2, 2), (4, 4), (5, 4), (6, 2)), (3, 2))","(((2, 2), (4, 4), (5, 3), (6, 2)), (3, 2))",8,5.0,13.0,8,6,3,expanded,False,True,1283
"(((2, 2), (4, 4), (5, 3), (8, 2)), (3, 2))","(((2, 2), (4, 4), (5, 3), (7, 2)), (3, 2))",9,6,15.0,9,,,pruned,,,1284
"(((2, 2), (4, 5), (5, 3), (7, 2)), (3, 2))","(((2, 2), (4, 4), (5, 3), (7, 2)), (3, 2))",9,6,15.0,9,,,pruned,,,1285
"(((1, 2), (4, 4), (5, 3), (7, 2)), (1, 1))","(((2, 2), (4, 4), (5, 3), (7, 2)), (3, 2))",9,6,15.0,9,,,pruned,,,1286
"(((2, 2), (4, 4), (5, 3), (7, 2)), (3, 2))","(((2, 2), (4, 4), (5, 3), (6, 2)), (3, 2))",8,5.0,13.0,8,8,3,expanded,False,True,1287
"(((2, 2), (4, 4), (5, 2), (5, 3)), (5, 1))","(((2, 2), (4, 4), (5, 3), (6, 2)), (3, 2))",8,5.0,13.0,8,2,0,expanded,False,True,1288
"(((2, 2), (4, 5), (5, 3), (6, 3)), (3, 2))","(((2, 2), (4, 4), (5, 3), (6, 3)), (3, 2))",9,6,15.0,9,,,pruned,,,1289
"(((1, 2), (4, 4), (5, 3), (6, 3)), (1, 1))","(((2, 2), (4, 4), (5, 3), (6, 3)), (3, 2))",9,6,15.0,9,,,pruned,,,1290
"(((2, 2), (4, 4), (5, 3), (6, 3)), (3, 2))","(((2, 2), (4, 4), (5, 3), (6, 2)), (3, 2))",8,5.0,13.0,8,6,2,expanded,False,True,1291
"(((2, 3), (4, 3), (5, 4), (6, 4)), (1, 1))","(((2, 3), (4, 3), (5, 3), (6, 4)), (1, 1))",8,5.0,13.0,8,2,0,expanded,False,True,1292
"(((2, 3), (4, 3), (5, 3), (5, 4)), (1, 1))","(((2, 3), (4, 3), (5, 3), (6, 4)), (1, 1))",8,5.0,13.0,8,3,0,expanded,False,True,1293
"(((3, 2), (4, 3), (5, 1), (6, 4)), (1, 1))","(((3, 2), (4, 3), (5, 2), (6, 4)), (1, 1))",9,6,15.0,9,,,pruned,,,1294
"(((3, 2), (4, 3), (5, 2), (6, 4)), (1, 1))","(((3, 2), (5, 2), (5, 3), (6, 4)), (5, 1))",8,5.0,13.0,8,7,1,expanded,False,True,1295
"(((3, 2), (5, 2), (5, 3), (5, 4)), (5, 1))","(((3, 2), (5, 2), (5, 3), (6, 4)), (5, 1))",8,5.0,13.0,8,3,0,expanded,False,True,1296
"(((2, 3), (4, 4), (5, 2), (8, 4)), (1, 1))","(((2, 3), (4, 4), (5, 2), (7, 4)), (1, 1))",9,6,15.0,9,,,pruned,,,1297
"(((2, 3), (4, 5), (5, 2), (7, 4)), (1, 1))","(((2, 3), (4, 4), (5, 2), (7, 4)), (1, 1))",9,6,15.0,9,,,pruned,,,1298
"(((2, 3), (4, 4), (5, 1), (7, 4)), (1, 1))","(((2, 3), (4, 4), (5, 2), (7, 4)), (1, 1))",9,6,15.0,9,,,pruned,,,1299
"(((2, 3), (4, 4), (5, 2), (7, 4)), (1, 1))","(((2, 3), (4, 4), (5, 2), (6, 4)), (1, 1))",8,5.0,13.0,8,8,3,expanded,False,True,1300
"(((2, 3), (4, 2), (4, 5), (6, 4)), (4, 3))","(((2, 3), (4, 2), (4, 4), (6, 4)), (4, 3))",9,6,15.0,9,,,pruned,,,1301
"(((2, 3), (4, 2), (4, 4), (6, 4)), (4, 3))","(((2, 3), (4, 4), (5, 2), (6, 4)), (1, 1))",8,5.0,13.0,8,4,1,expanded,False,True,1302
"(((3, 2), (5, 2), (6, 2), (8, 4)), (1, 1))","(((3, 2), (5, 2), (6, 2), (7, 4)), (1, 1))",9,6,15.0,9,,,pruned,,,1303
"(((3, 2), (5, 2), (6, 1), (7, 4)), (1, 1))","(((3, 2), (5, 2), (6, 2), (7, 4)), (1, 1))",9,6,15.0,9,,,pruned,,,1304
"(((3, 2), (5, 1), (6, 2), (7, 4)), (1, 1))","(((3, 2), (5, 2), (6, 2), (7, 4)), (1, 1))",9,6,15.0,9,,,pruned,,,1305
"(((3, 2), (5, 2), (6, 2), (7, 4)), (1, 1))","(((3, 2), (5, 2), (6, 2), (6, 4)), (1, 1))",8,5.0,13.0,8,5,3,expanded,False,True,1306
"(((3, 2), (5, 3), (5, 4), (8, 2)), (1, 1))","(((3, 2), (5, 3), (5, 4), (7, 2)), (1, 1))",9,6,15.0,9,,,pruned,,,1307
"(((3, 2), (5, 3), (5, 4), (7, 2)), (1, 1))","(((3, 2), (5, 3), (5, 4), (6, 2)), (1, 1))",8,5.0,13.0,8,8,1,expanded,False,True,1308
"(((3, 2), (5, 3), (5, 4), (6, 3)), (1, 1))","(((3, 2), (5, 3), (5, 4), (6, 2)), (1, 1))",8,5.0,13.0,8,6,0,expanded,False,True,1309
"(((1, 2), (5, 3), (5, 4), (6, 4)), (1, 1))","(((2, 2), (5, 3), (5, 4), (6, 4)), (1, 1))",9,6,15.0,9,,,pruned,,,1310
"(((2, 1), (5, 3), (5, 4), (6, 4)), (1, 1))","(((2, 2), (5, 3), (5, 4), (6, 4)), (1, 1))",9,6,15.0,9,,,pruned,,,1311
"(((2, 2), (5, 3), (5, 4), (6, 4)), (1, 1))","(((2, 3), (5, 3), (5, 4), (6, 4)), (1, 1))",8,5.0,13.0,8,6,2,expanded,False,True,1312
"(((2, 2), (6, 1), (6, 4), (7, 2)), (1, 1))","(((2, 2), (6, 2), (6, 4), (7, 2)), (1, 1))",9,6,15.0,9,,,pruned,,,1313
"(((1, 2), (6, 2), (6, 4), (7, 2)), (1, 1))","(((2, 2), (6, 2), (6, 4), (7, 2)), (1, 1))",9,6,15.0,9,,,pruned,,,1314
"(((2, 1), (6, 2), (6, 4), (7, 2)), (1, 1))","(((2, 2), (6, 2), (6, 4), (7, 2)), (1, 1))",9,6,15.0,9,,,pruned,,,1315
"(((2, 2), (6, 2), (6, 4), (7, 2)), (1, 1))","(((2, 3), (6, 2), (6, 4), (7, 2)), (1, 1))",8,5.0,13.0,8,7,3,expanded,False,True,1316
"(((2, 3), (6, 2), (7, 2), (8, 4)), (1, 1))","(((2, 3), (6, 2), (7, 2), (7, 4)), (1, 1))",9,6,15.0,9,,,pruned,,,1317
"(((2, 3), (6, 1), (7, 2), (7, 4)), (1, 1))","(((2, 3), (6, 2), (7, 2), (7, 4)), (1, 1))",9,6,15.0,9,,,pruned,,,1318
"(((2, 3), (6, 2), (7, 2), (7, 4)), (1, 1))","(((2, 3), (6, 2), (6, 4), (7, 2)), (1, 1))",8,5.0,13.0,8,5,2,expanded,False,True,1319
"(((3, 2), (6, 2), (6, 3), (7, 2)), (1, 1))","(((3, 2), (5, 3), (6, 2), (7, 2)), (1, 1))",8,5.0,13.0,8,2,0,expanded,False,True,1320
"(((3, 2), (4, 3), (6, 1), (7, 2)), (1, 1))","(((3, 2), (4, 3), (6, 2), (7, 2)), (1, 1))",9,6,15.0,9,,,pruned,,,1321
"(((3, 2), (4, 3), (6, 2), (7, 2)), (1, 1))","(((3, 2), (5, 3), (6, 2), (7, 2)), (1, 1))",8,5.0,13.0,8,6,1,expanded,False,True,1322
"(((3, 2), (5, 4), (6, 1), (7, 2)), (1, 1))","(((3, 2), (5, 4), (6, 2), (7, 2)), (1, 1))",9,6,15.0,9,,,pruned,,,1323
"(((3, 2), (5, 4), (6, 2), (7, 2)), (1, 1))","(((3, 2), (5, 3), (6, 2), (7, 2)), (1, 1))",8,5.0,13.0,8,6,1,expanded,False,True,1324
"(((3, 2), (5, 2), (6, 1), (7, 2)), (1, 1))","(((3, 2), (5, 2), (6, 2), (7, 2)), (1, 1))",9,6,15.0,9,,,pruned,,,1325
"(((3, 2), (5, 1), (6, 2), (7, 2)), (1, 1))","(((3, 2), (5, 2), (6, 2), (7, 2)), (1, 1))",9,6,15.0,9,,,pruned,,,1326
"(((3, 2), (5, 2), (6, 2), (7, 2)), (1, 1))","(((3, 2), (5, 3), (6, 2), (7, 2)), (1, 1))",8,5.0,13.0,8,4,2,expanded,False,True,1327
"(((3, 2), (4, 5), (5, 2), (6, 3)), (4, 2))","(((3, 2), (4, 4), (5, 2), (6, 3)), (4, 2))",9,6,15.0,9,,,pruned,,,1328
"(((3, 2), (4, 4), (5, 1), (6, 3)), (4, 2))","(((3, 2), (4, 4), (5, 2), (6, 3)), (4, 2))",9,6,15.0,9,,,pruned,,,1329
"(((3, 2), (4, 4), (5, 2), (6, 3)), (4, 2))","(((3, 2), (4, 4), (5, 2), (6, 2)), (4, 2))",8,5.0,13.0,8,8,2,expanded,False,True,1330
"(((4, 2), (5, 2), (5, 4), (6, 3)), (5, 1))","(((4, 2), (5, 2), (5, 4), (6, 2)), (1, 1))",8,5.0,13.0,8,4,0,expanded,False,True,1331
"(((4, 2), (5, 1), (6, 3), (7, 2)), (1, 1))","(((4, 2), (5, 2), (6, 3), (7, 2)), (1, 1))",9,6,15.0,9,,,pruned,,,1332
"(((4, 2), (5, 2), (6, 3), (7, 2)), (1, 1))","(((4, 2), (5, 2), (5, 3), (7, 2)), (1, 1))",8,5.0,13.0,8,3,1,expanded,False,True,1333
"(((4, 2), (4, 3), (5, 2), (8, 2)), (1, 1))","(((4, 2), (4, 3), (5, 2), (7, 2)), (1, 1))",9,6,15.0,9,,,pruned,,,1334
"(((4, 2), (4, 3), (5, 1), (7, 2)), (1, 1))","(((4, 2), (4, 3), (5, 2), (7, 2)), (1, 1))",9,6,15.0,9,,,pruned,,,1335
"(((4, 2), (4, 3), (5, 2), (7, 2)), (1, 1))","(((4, 2), (5, 2), (5, 3), (7, 2)), (1, 1))",8,5.0,13.0,8,4,2,expanded,False,True,1336
"(((2, 4), (5, 2), (7, 2), (8, 4)), (1, 1))","(((2, 4), (5, 2), (7, 2), (7, 4)), (1, 1))",9,6,15.0,9,,,pruned,,,1337
"(((2, 5), (5, 2), (7, 2), (7, 4)), (1, 1))","(((2, 4), (5, 2), (7, 2), (7, 4)), (1, 1))",9,6,15.0,9,,,pruned,,,1338
"(((2, 4), (5, 2), (7, 4), (8, 2)), (1, 1))","(((2, 4), (5, 2), (7, 2), (7, 4)), (1, 1))",9,6,15.0,9,,,pruned,,,1339
"(((2, 4), (5, 1), (7, 2), (7, 4)), (1, 1))","(((2, 4), (5, 2), (7, 2), (7, 4)), (1, 1))",9,6,15.0,9,,,pruned,,,1340
"(((2, 4), (5, 2), (7, 2), (7, 4)), (1, 1))","(((2, 4), (5, 2), (6, 4), (7, 2)), (1, 1))",8,5.0,13.0,8,8,4,expanded,False,True,1341
"(((2, 4), (4, 2), (6, 4), (8, 2)), (2, 5))","(((2, 4), (4, 2), (6, 4), (7, 2)), (2, 5))",9,6,15.0,9,,,pruned,,,1342
"(((2, 4), (4, 2), (6, 4), (7, 2)), (2, 5))","(((2, 4), (5, 2), (6, 4), (7, 2)), (1, 1))",8,5.0,13.0,8,4,1,expanded,False,True,1343
"(((2, 4), (5, 2), (6, 3), (8, 4)), (1, 1))","(((2, 4), (5, 2), (6, 3), (7, 4)), (1, 1))",9,6,15.0,9,,,pruned,,,1344
"(((2, 5), (5, 2), (6, 3), (7, 4)), (1, 1))","(((2, 4), (5, 2), (6, 3), (7, 4)), (1, 1))",9,6,15.0,9,,,pruned,,,1345
"(((2, 4), (5, 1), (6, 3), (7, 4)), (1, 1))","(((2, 4), (5, 2), (6, 3), (7, 4)), (1, 1))",9,6,15.0,9,,,pruned,,,1346
"(((2, 4), (5, 2), (6, 3), (7, 4)), (1, 1))","(((2, 4), (5, 2), (6, 3), (6, 4)), (1, 1))",8,5.0,13.0,8,6,3,expanded,False,True,1347
"(((2, 2), (4, 3), (6, 1), (6, 4)), (1, 1))","(((2, 2), (4, 3), (6, 2), (6, 4)), (1, 1))",9,6,15.0,9,,,pruned,,,1348
"(((1, 2), (4, 3), (6, 2), (6, 4)), (1, 1))","(((2, 2), (4, 3), (6, 2), (6, 4)), (1, 1))",9,6,15.0,9,,,pruned,,,1349
"(((2, 1), (4, 3), (6, 2), (6, 4)), (1, 1))","(((2, 2), (4, 3), (6, 2), (6, 4)), (1, 1))",9,6,15.0,9,,,pruned,,,1350
"(((2, 2), (4, 3), (6, 2), (6, 4)), (1, 1))","(((2, 3), (4, 3), (6, 2), (6, 4)), (1, 1))",8,5.0,13.0,8,12,3,expanded,False,True,1351
"(((2, 3), (4, 3), (6, 3), (6, 4)), (1, 1))","(((2, 3), (4, 3), (6, 2), (6, 4)), (1, 1))",8,5.0,13.0,8,6,0,expanded,False,True,1352
"(((2, 3), (4, 2), (6, 1), (6, 4)), (2, 4))","(((2, 3), (4, 2), (6, 2), (6, 4)), (2, 4))",9,6,15.0,9,,,pruned,,,1353
"(((2, 3), (4, 2), (6, 2), (6, 4)), (2, 4))","(((2, 3), (4, 3), (6, 2), (6, 4)), (1, 1))",8,5.0,13.0,8,8,1,expanded,False,True,1354
"(((1, 2), (5, 2), (5, 3), (6, 4)), (1, 1))","(((2, 2), (5, 2), (5, 3), (6, 4)), (1, 1))",9,6,15.0,9,,,pruned,,,1355
"(((2, 1), (5, 2), (5, 3), (6, 4)), (1, 1))","(((2, 2), (5, 2), (5, 3), (6, 4)), (1, 1))",9,6,15.0,9,,,pruned,,,1356
"(((2, 2), (5, 2), (5, 3), (6, 4)), (1, 1))","(((2, 3), (5, 2), (5, 3), (6, 4)), (1, 1))",8,5.0,13.0,8,7,2,expanded,False,True,1357
"(((2, 4), (4, 2), (4, 5), (7, 2)), (4, 3))","(((2, 4), (4, 2), (4, 4), (7, 2)), (4, 3))",9,6,15.0,9,,,pruned,,,1358
"(((2, 4), (4, 2), (4, 4), (8, 2)), (4, 3))","(((2, 4), (4, 2), (4, 4), (7, 2)), (4, 3))",9,6,15.0,9,,,pruned,,,1359
"(((2, 4), (4, 2), (4, 4), (7, 2)), (4, 3))","(((2, 4), (4, 4), (5, 2), (7, 2)), (1, 1))",8,5.0,13.0,8,4,2,expanded,False,True,1360
"(((2, 4), (4, 2), (5, 3), (8, 4)), (2, 5))","(((2, 4), (4, 2), (5, 3), (7, 4)), (2, 5))",9,6,15.0,9,,,pruned,,,1361
"(((2, 4), (4, 2), (5, 3), (7, 4)), (2, 5))","(((2, 4), (5, 2), (5, 3), (7, 4)), (1, 1))",8,5.0,13.0,8,8,1,expanded,False,True,1362
"(((2, 4), (4, 2), (6, 3), (6, 4)), (2, 5))","(((2, 4), (4, 2), (5, 4), (6, 3)), (2, 5))",8,5.0,13.0,8,4,0,expanded,False,True,1363
"(((1, 2), (4, 3), (5, 3), (6, 4)), (1, 1))","(((2, 2), (4, 3), (5, 3), (6, 4)), (3, 2))",9,6,15.0,9,,,pruned,,,1364
"(((2, 2), (4, 3), (5, 3), (6, 4)), (3, 2))","(((2, 2), (4, 3), (5, 3), (6, 3)), (1, 1))",8,5.0,13.0,8,4,1,expanded,False,True,1365
"(((2, 3), (4, 2), (4, 4), (6, 1)), (4, 3))","(((2, 3), (4, 2), (4, 4), (6, 2)), (4, 3))",9,6,15.0,9,,,pruned,,,1366
"(((2, 3), (4, 2), (4, 5), (6, 2)), (4, 3))","(((2, 3), (4, 2), (4, 4), (6, 2)), (4, 3))",9,6,15.0,9,,,pruned,,,1367
"(((2, 3), (4, 2), (4, 4), (6, 2)), (4, 3))","(((2, 3), (4, 2), (5, 4), (6, 2)), (2, 4))",8,5.0,13.0,8,6,2,expanded,False,True,1368
"(((2, 3), (4, 3), (5, 3), (8, 4)), (1, 1))","(((2, 3), (4, 3), (5, 3), (7, 4)), (1, 1))",9,6,15.0,9,,,pruned,,,1369
"(((2, 3), (4, 3), (5, 3), (7, 4)), (1, 1))","(((2, 3), (4, 3), (5, 2), (7, 4)), (2, 4))",8,5.0,13.0,8,8,1,expanded,False,True,1370
"(((2, 2), (4, 5), (6, 2), (7, 2)), (3, 2))","(((2, 2), (4, 4), (6, 2), (7, 2)), (3, 2))",9,6,15.0,9,,,pruned,,,1371
"(((2, 2), (4, 4), (6, 1), (7, 2)), (3, 2))","(((2, 2), (4, 4), (6, 2), (7, 2)), (3, 2))",9,6,15.0,9,,,pruned,,,1372
"(((1, 2), (4, 4), (6, 2), (7, 2)), (1, 1))","(((2, 2), (4, 4), (6, 2), (7, 2)), (3, 2))",9,6,15.0,9,,,pruned,,,1373
"(((2, 2), (4, 4), (6, 2), (7, 2)), (3, 2))","(((2, 2), (4, 3), (6, 2), (7, 2)), (1, 1))",8,5.0,13.0,8,4,3,expanded,False,True,1374
"(((2, 2), (4, 5), (5, 2), (6, 4)), (3, 2))","(((2, 2), (4, 4), (5, 2), (6, 4)), (3, 2))",9,6,15.0,9,,,pruned,,,1375
"(((2, 2), (4, 4), (5, 1), (6, 4)), (3, 2))","(((2, 2), (4, 4), (5, 2), (6, 4)), (3, 2))",9,6,15.0,9,,,pruned,,,1376
"(((1, 2), (4, 4), (5, 2), (6, 4)), (1, 1))","(((2, 2), (4, 4), (5, 2), (6, 4)), (3, 2))",9,6,15.0,9,,,pruned,,,1377
"(((2, 2), (4, 4), (5, 2), (6, 4)), (3, 2))","(((2, 2), (4, 4), (5, 2), (6, 3)), (3, 2))",8,5.0,13.0,8,8,3,expanded,False,True,1378
"(((3, 2), (5, 1), (5, 4), (6, 4)), (1, 1))","(((3, 2), (5, 2), (5, 4), (6, 4)), (1, 1))",9,6,15.0,9,,,pruned,,,1379
"(((3, 2), (5, 2), (5, 4), (6, 4)), (1, 1))","(((3, 2), (5, 2), (5, 4), (6, 3)), (5, 1))",8,5.0,13.0,8,6,1,expanded,False,True,1380
"(((3, 2), (5, 2), (6, 4), (8, 2)), (1, 1))","(((3, 2), (5, 2), (6, 4), (7, 2)), (1, 1))",9,6,15.0,9,,,pruned,,,1381
"(((3, 2), (5, 1), (6, 4), (7, 2)), (1, 1))","(((3, 2), (5, 2), (6, 4), (7, 2)), (1, 1))",9,6,15.0,9,,,pruned,,,1382
"(((3, 2), (5, 2), (6, 4), (7, 2)), (1, 1))","(((2, 2), (5, 2), (6, 4), (7, 2)), (1, 1))",8,5.0,13.0,8,8,2,expanded,False,True,1383
"(((3, 2), (5, 1), (6, 3), (6, 4)), (1, 1))","(((3, 2), (5, 2), (6, 3), (6, 4)), (1, 1))",9,6,15.0,9,,,pruned,,,1384
"(((3, 2), (5, 2), (6, 3), (6, 4)), (1, 1))","(((2, 2), (5, 2), (6, 3), (6, 4)), (1, 1))",8,5.0,13.0,8,5,1,expanded,False,True,1385
"(((3, 2), (4, 3), (6, 2), (6, 3)), (1, 1))","(((2, 2), (4, 3), (6, 2), (6, 3)), (1, 1))",8,5.0,13.0,8,6,0,expanded,False,True,1386
"(((3, 2), (5, 2), (5, 3), (8, 4)), (1, 1))","(((3, 2), (5, 2), (5, 3), (7, 4)), (1, 1))",9,6,15.0,9,,,pruned,,,1387
"(((3, 2), (5, 2), (5, 3), (7, 4)), (1, 1))","(((2, 2), (5, 2), (5, 3), (7, 4)), (1, 1))",8,5.0,13.0,8,8,1,expanded,False,True,1388
"(((3, 2), (4, 5), (5, 2), (7, 2)), (4, 2))","(((3, 2), (4, 4), (5, 2), (7, 2)), (4, 2))",9,6,15.0,9,,,pruned,,,1389
"(((3, 2), (4, 4), (5, 2), (8, 2)), (4, 2))","(((3, 2), (4, 4), (5, 2), (7, 2)), (4, 2))",9,6,15.0,9,,,pruned,,,1390
"(((3, 2), (4, 4), (5, 1), (7, 2)), (4, 2))","(((3, 2), (4, 4), (5, 2), (7, 2)), (4, 2))",9,6,15.0,9,,,pruned,,,1391
"(((3, 2), (4, 4), (5, 2), (7, 2)), (4, 2))","(((3, 2), (5, 2), (5, 4), (7, 2)), (1, 1))",8,5.0,13.0,8,8,3,expanded,False,True,1392
"(((4, 2), (5, 2), (5, 4), (8, 2)), (1, 1))","(((4, 2), (5, 2), (5, 4), (7, 2)), (1, 1))",9,6,15.0,9,,,pruned,,,1393
"(((4, 2), (5, 1), (5, 4), (7, 2)), (1, 1))","(((4, 2), (5, 2), (5, 4), (7, 2)), (1, 1))",9,6,15.0,9,,,pruned,,,1394
"(((4, 2), (5, 2), (5, 4), (7, 2)), (1, 1))","(((3, 2), (5, 2), (5, 4), (7, 2)), (1, 1))",8,5.0,13.0,8,6,2,expanded,False,True,1395
"(((4, 2), (5, 1), (5, 4), (6, 3)), (1, 1))","(((4, 2), (5, 2), (5, 4), (6, 3)), (1, 1))",9,6,15.0,9,,,pruned,,,1396
"(((4, 2), (5, 2), (5, 4), (6, 3)), (1, 1))","(((3, 2), (5, 2), (5, 4), (6, 3)), (1, 1))",8,5.0,13.0,8,2,1,expanded,False,True,1397
"(((2, 5), (4, 2), (6, 4), (7, 4)), (1, 1))","(((2, 4), (4, 2), (6, 4), (7, 4)), (1, 1))",9,6,15.0,9,,,pruned,,,1398
"(((2, 4), (4, 2), (6, 4), (7, 4)), (1, 1))","(((2, 3), (4, 2), (6, 4), (7, 4)), (1, 1))",8,5.0,13.0,8,2,1,expanded,False,True,1399
"(((2, 3), (5, 1), (6, 4), (7, 4)), (1, 1))","(((2, 3), (5, 2), (6, 4), (7, 4)), (1, 1))",9,6,15.0,9,,,pruned,,,1400
"(((2, 3), (5, 2), (6, 4), (7, 4)), (1, 1))","(((2, 3), (4, 2), (6, 4), (7, 4)), (1, 1))",8,5.0,13.0,8,6,1,expanded,False,True,1401
"(((2, 5), (4, 3), (5, 2), (7, 4)), (1, 1))","(((2, 4), (4, 3), (5, 2), (7, 4)), (1, 1))",9,6,15.0,9,,,pruned,,,1402
"(((2, 4), (4, 3), (5, 2), (7, 4)), (1, 1))","(((2, 4), (4, 2), (4, 3), (7, 4)), (1, 1))",8,5.0,13.0,8,3,1,expanded,False,True,1403
"(((2, 5), (4, 2), (5, 3), (5, 4)), (1, 1))","(((2, 4), (4, 2), (5, 3), (5, 4)), (1, 1))",9,6,15.0,9,,,pruned,,,1404
"(((2, 4), (4, 2), (5, 3), (5, 4)), (1, 1))","(((2, 4), (3, 2), (5, 3), (5, 4)), (1, 1))",8,5.0,13.0,8,2,1,expanded,False,True,1405
"(((2, 3), (5, 2), (5, 3), (5, 4)), (1, 1))","(((2, 3), (4, 2), (5, 3), (5, 4)), (1, 1))",8,5.0,13.0,8,5,0,expanded,False,True,1406
"(((2, 4), (5, 2), (5, 4), (8, 4)), (1, 1))","(((2, 4), (5, 2), (5, 4), (7, 4)), (1, 1))",9,6,15.0,9,,,pruned,,,1407
"(((2, 5), (5, 2), (5, 4), (7, 4)), (1, 1))","(((2, 4), (5, 2), (5, 4), (7, 4)), (1, 1))",9,6,15.0,9,,,pruned,,,1408
"(((2, 4), (5, 1), (5, 4), (7, 4)), (1, 1))","(((2, 4), (5, 2), (5, 4), (7, 4)), (1, 1))",9,6,15.0,9,,,pruned,,,1409
"(((2, 4), (5, 2), (5, 4), (7, 4)), (1, 1))","(((2, 4), (4, 2), (5, 4), (7, 4)), (1, 1))",8,5.0,13.0,8,10,3,expanded,False,True,1410
"(((2, 3), (5, 3), (5, 4), (8, 4)), (1, 1))","(((2, 3), (5, 3), (5, 4), (7, 4)), (1, 1))",9,6,15.0,9,,,pruned,,,1411
"(((2, 3), (5, 3), (5, 4), (7, 4)), (1, 1))","(((2, 3), (5, 2), (5, 4), (7, 4)), (1, 1))",8,5.0,13.0,8,8,1,expanded,False,True,1412
"(((2, 4), (4, 5), (6, 3), (7, 2)), (1, 1))","(((2, 4), (4, 4), (6, 3), (7, 2)), (1, 1))",10,5,15.0,10,,,pruned,,,1413
"(((2, 5), (4, 4), (6, 3), (7, 2)), (1, 1))","(((2, 4), (4, 4), (6, 3), (7, 2)), (1, 1))",10,5,15.0,10,,,pruned,,,1414
"(((2, 4), (4, 4), (6, 3), (8, 2)), (1, 1))","(((2, 4), (4, 4), (6, 3), (7, 2)), (1, 1))",10,5,15.0,10,,,pruned,,,1415
"(((2, 4), (4, 4), (6, 3), (7, 2)), (1, 1))","(((2, 4), (4, 4), (6, 2), (6, 3)), (1, 1))",9,4.0,13.0,9,6,3,expanded,False,True,1416
"(((2, 5), (4, 3), (4, 4), (7, 2)), (1, 1))","(((2, 4), (4, 3), (4, 4), (7, 2)), (1, 1))",10,5,15.0,10,,,pruned,,,1417
"(((2, 4), (4, 3), (4, 4), (8, 2)), (1, 1))","(((2, 4), (4, 3), (4, 4), (7, 2)), (1, 1))",10,5,15.0,10,,,pruned,,,1418
"(((2, 4), (4, 3), (4, 4), (7, 2)), (1, 1))","(((2, 4), (4, 3), (4, 4), (6, 2)), (1, 1))",9,4.0,13.0,9,3,2,expanded,False,True,1419
"(((2, 4), (4, 3), (4, 4), (5, 1)), (1, 1))","(((2, 4), (4, 3), (4, 4), (5, 2)), (5, 1))",10,5,15.0,10,,,pruned,,,1420
"(((2, 4), (4, 3), (4, 4), (5, 2)), (5, 1))","(((2, 4), (4, 3), (4, 4), (6, 2)), (1, 1))",9,4.0,13.0,9,3,1,expanded,False,True,1421
"(((2, 5), (4, 3), (4, 4), (6, 3)), (1, 1))","(((2, 4), (4, 3), (4, 4), (6, 3)), (1, 1))",10,5,15.0,10,,,pruned,,,1422
"(((2, 4), (4, 3), (4, 4), (6, 3)), (1, 1))","(((2, 4), (4, 3), (4, 4), (6, 2)), (1, 1))",9,4.0,13.0,9,3,1,expanded,False,True,1423
"(((2, 4), (4, 5), (5, 4), (7, 2)), (1, 1))","(((2, 4), (4, 4), (5, 4), (7, 2)), (1, 1))",10,5,15.0,10,,,pruned,,,1424
"(((2, 5), (4, 4), (5, 4), (7, 2)), (1, 1))","(((2, 4), (4, 4), (5, 4), (7, 2)), (1, 1))",10,5,15.0,10,,,pruned,,,1425
"(((2, 4), (4, 4), (5, 4), (8, 2)), (1, 1))","(((2, 4), (4, 4), (5, 4), (7, 2)), (1, 1))",10,5,15.0,10,,,pruned,,,1426
"(((2, 4), (4, 4), (5, 4), (7, 2)), (1, 1))","(((2, 4), (4, 4), (5, 4), (6, 2)), (1, 1))",9,4.0,13.0,9,4,3,expanded,False,True,1427
"(((2, 4), (4, 5), (5, 2), (5, 4)), (1, 1))","(((2, 4), (4, 4), (5, 2), (5, 4)), (1, 1))",10,5,15.0,10,,,pruned,,,1428
"(((2, 5), (4, 4), (5, 2), (5, 4)), (1, 1))","(((2, 4), (4, 4), (5, 2), (5, 4)), (1, 1))",10,5,15.0,10,,,pruned,,,1429
"(((2, 4), (4, 4), (5, 1), (5, 4)), (1, 1))","(((2, 4), (4, 4), (5, 2), (5, 4)), (1, 1))",10,5,15.0,10,,,pruned,,,1430
"(((2, 4), (4, 4), (5, 2), (5, 4)), (1, 1))","(((2, 4), (4, 4), (5, 4), (6, 2)), (1, 1))",9,4.0,13.0,9,6,3,expanded,False,True,1431
"(((2, 4), (4, 5), (5, 4), (6, 3)), (1, 1))","(((2, 4), (4, 4), (5, 4), (6, 3)), (1, 1))",10,5,15.0,10,,,pruned,,,1432
"(((2, 5), (4, 4), (5, 4), (6, 3)), (1, 1))","(((2, 4), (4, 4), (5, 4), (6, 3)), (1, 1))",10,5,15.0,10,,,pruned,,,1433
"(((2, 4), (4, 4), (5, 4), (6, 3)), (1, 1))","(((2, 4), (4, 4), (5, 4), (6, 2)), (1, 1))",9,4.0,13.0,9,4,2,expanded,False,True,1434
"(((2, 4), (4, 2), (4, 4), (5, 3)), (5, 1))","(((2, 4), (4, 4), (5, 2), (5, 3)), (5, 1))",9,4.0,13.0,9,4,0,expanded,False,True,1435
"(((2, 5), (6, 3), (6, 4), (7, 2)), (1, 1))","(((2, 4), (6, 3), (6, 4), (7, 2)), (1, 1))",10,5,15.0,10,,,pruned,,,1436
"(((2, 4), (6, 3), (6, 4), (8, 2)), (1, 1))","(((2, 4), (6, 3), (6, 4), (7, 2)), (1, 1))",10,5,15.0,10,,,pruned,,,1437
"(((2, 4), (6, 3), (6, 4), (7, 2)), (1, 1))","(((2, 4), (6, 2), (6, 3), (6, 4)), (1, 1))",9,4.0,13.0,9,4,2,expanded,False,True,1438
"(((2, 4), (5, 2), (6, 3), (6, 4)), (5, 1))","(((2, 4), (6, 2), (6, 3), (6, 4)), (1, 1))",9,4.0,13.0,9,3,0,expanded,False,True,1439
"(((2, 4), (6, 2), (6, 3), (8, 4)), (1, 1))","(((2, 4), (6, 2), (6, 3), (7, 4)), (1, 1))",10,5,15.0,10,,,pruned,,,1440
"(((2, 5), (6, 2), (6, 3), (7, 4)), (1, 1))","(((2, 4), (6, 2), (6, 3), (7, 4)), (1, 1))",10,5,15.0,10,,,pruned,,,1441
"(((2, 4), (6, 2), (6, 3), (7, 4)), (1, 1))","(((2, 4), (6, 2), (6, 3), (6, 4)), (1, 1))",9,4.0,13.0,9,6,2,expanded,False,True,1442
"(((2, 4), (5, 4), (6, 4), (8, 2)), (1, 1))","(((2, 4), (5, 4), (6, 4), (7, 2)), (1, 1))",10,5,15.0,10,,,pruned,,,1443
"(((2, 5), (5, 4), (6, 4), (7, 2)), (1, 1))","(((2, 4), (5, 4), (6, 4), (7, 2)), (1, 1))",10,5,15.0,10,,,pruned,,,1444
"(((2, 4), (5, 4), (6, 4), (7, 2)), (1, 1))","(((2, 4), (5, 4), (6, 2), (6, 4)), (1, 1))",9,4.0,13.0,9,3,2,expanded,False,True,1445
"(((2, 5), (5, 4), (6, 3), (6, 4)), (1, 1))","(((2, 4), (5, 4), (6, 3), (6, 4)), (1, 1))",10,5,15.0,10,,,pruned,,,1446
"(((2, 4), (5, 4), (6, 3), (6, 4)), (1, 1))","(((2, 4), (5, 4), (6, 2), (6, 4)), (1, 1))",9,4.0,13.0,9,2,1,expanded,False,True,1447
"(((2, 5), (4, 3), (6, 4), (7, 2)), (1, 1))","(((2, 4), (4, 3), (6, 4), (7, 2)), (1, 1))",10,5,15.0,10,,,pruned,,,1448
"(((2, 4), (4, 3), (6, 4), (8, 2)), (1, 1))","(((2, 4), (4, 3), (6, 4), (7, 2)), (1, 1))",10,5,15.0,10,,,pruned,,,1449
"(((2, 4), (4, 3), (6, 4), (7, 2)), (1, 1))","(((2, 4), (5, 3), (6, 4), (7, 2)), (1, 1))",9,4.0,13.0,9,6,2,expanded,False,True,1450
"(((2, 4), (5, 3), (7, 2), (8, 4)), (1, 1))","(((2, 4), (5, 3), (7, 2), (7, 4)), (1, 1))",10,5,15.0,10,,,pruned,,,1451
"(((2, 5), (5, 3), (7, 2), (7, 4)), (1, 1))","(((2, 4), (5, 3), (7, 2), (7, 4)), (1, 1))",10,5,15.0,10,,,pruned,,,1452
"(((2, 4), (5, 3), (7, 4), (8, 2)), (1, 1))","(((2, 4), (5, 3), (7, 2), (7, 4)), (1, 1))",10,5,15.0,10,,,pruned,,,1453
"(((2, 4), (5, 3), (7, 2), (7, 4)), (1, 1))","(((2, 4), (5, 3), (6, 4), (7, 2)), (1, 1))",9,4.0,13.0,9,8,3,expanded,False,True,1454
"(((2, 4), (5, 3), (6, 3), (8, 4)), (1, 1))","(((2, 4), (5, 3), (6, 3), (7, 4)), (1, 1))",10,5,15.0,10,,,pruned,,,1455
"(((2, 5), (5, 3), (6, 3), (7, 4)), (1, 1))","(((2, 4), (5, 3), (6, 3), (7, 4)), (1, 1))",10,5,15.0,10,,,pruned,,,1456
"(((2, 4), (5, 3), (6, 3), (7, 4)), (1, 1))","(((2, 4), (5, 3), (6, 3), (6, 4)), (1, 1))",9,4.0,13.0,9,8,2,expanded,False,True,1457
"(((2, 4), (4, 3), (6, 2), (8, 4)), (1, 1))","(((2, 4), (4, 3), (6, 2), (7, 4)), (1, 1))",10,5,15.0,10,,,pruned,,,1458
"(((2, 4), (4, 3), (6, 1), (7, 4)), (1, 1))","(((2, 4), (4, 3), (6, 2), (7, 4)), (1, 1))",10,5,15.0,10,,,pruned,,,1459
"(((2, 5), (4, 3), (6, 2), (7, 4)), (1, 1))","(((2, 4), (4, 3), (6, 2), (7, 4)), (1, 1))",10,5,15.0,10,,,pruned,,,1460
"(((2, 4), (4, 3), (6, 2), (7, 4)), (1, 1))","(((2, 4), (5, 3), (6, 2), (7, 4)), (1, 1))",9,4.0,13.0,9,10,3,expanded,False,True,1461
"(((2, 4), (5, 4), (6, 2), (8, 4)), (1, 1))","(((2, 4), (5, 4), (6, 2), (7, 4)), (1, 1))",10,5,15.0,10,,,pruned,,,1462
"(((2, 4), (5, 4), (6, 1), (7, 4)), (1, 1))","(((2, 4), (5, 4), (6, 2), (7, 4)), (1, 1))",10,5,15.0,10,,,pruned,,,1463
"(((2, 5), (5, 4), (6, 2), (7, 4)), (1, 1))","(((2, 4), (5, 4), (6, 2), (7, 4)), (1, 1))",10,5,15.0,10,,,pruned,,,1464
"(((2, 4), (5, 4), (6, 2), (7, 4)), (1, 1))","(((2, 4), (5, 3), (6, 2), (7, 4)), (1, 1))",9,4.0,13.0,9,10,3,expanded,False,True,1465
"(((2, 5), (4, 3), (5, 4), (6, 4)), (1, 1))","(((2, 4), (4, 3), (5, 4), (6, 4)), (1, 1))",10,5,15.0,10,,,pruned,,,1466
"(((2, 4), (4, 3), (5, 4), (6, 4)), (1, 1))","(((2, 4), (4, 3), (5, 3), (6, 4)), (1, 1))",9,4.0,13.0,9,2,1,expanded,False,True,1467
"(((2, 5), (4, 3), (5, 3), (5, 4)), (1, 1))","(((2, 4), (4, 3), (5, 3), (5, 4)), (1, 1))",10,5,15.0,10,,,pruned,,,1468
"(((2, 4), (4, 3), (5, 3), (5, 4)), (1, 1))","(((2, 4), (4, 3), (5, 3), (6, 4)), (1, 1))",9,4.0,13.0,9,3,1,expanded,False,True,1469
"(((2, 3), (4, 5), (6, 3), (6, 4)), (1, 1))","(((2, 3), (4, 4), (6, 3), (6, 4)), (1, 1))",10,5,15.0,10,,,pruned,,,1470
"(((2, 3), (4, 4), (6, 3), (6, 4)), (1, 1))","(((2, 3), (4, 4), (5, 3), (6, 4)), (1, 1))",9,4.0,13.0,9,4,1,expanded,False,True,1471
"(((2, 3), (4, 3), (4, 4), (6, 4)), (1, 1))","(((2, 3), (4, 4), (5, 3), (6, 4)), (1, 1))",9,4.0,13.0,9,3,0,expanded,False,True,1472
"(((2, 3), (4, 5), (5, 4), (6, 4)), (1, 1))","(((2, 3), (4, 4), (5, 4), (6, 4)), (1, 1))",10,5,15.0,10,,,pruned,,,1473
"(((2, 3), (4, 4), (5, 4), (6, 4)), (1, 1))","(((2, 3), (4, 4), (5, 3), (6, 4)), (1, 1))",9,4.0,13.0,9,2,1,expanded,False,True,1474
"(((2, 3), (4, 5), (5, 3), (5, 4)), (1, 1))","(((2, 3), (4, 4), (5, 3), (5, 4)), (1, 1))",10,5,15.0,10,,,pruned,,,1475
"(((2, 3), (4, 4), (5, 3), (5, 4)), (1, 1))","(((2, 3), (4, 4), (5, 3), (6, 4)), (1, 1))",9,4.0,13.0,9,4,1,expanded,False,True,1476
"(((4, 2), (5, 4), (6, 2), (6, 3)), (1, 1))","(((4, 2), (5, 3), (6, 2), (6, 3)), (1, 1))",9,4.0,13.0,9,6,0,expanded,False,True,1477
"(((4, 2), (5, 3), (6, 3), (8, 2)), (5, 1))","(((4, 2), (5, 3), (6, 3), (7, 2)), (5, 1))",10,5,15.0,10,,,pruned,,,1478
"(((4, 2), (5, 3), (6, 3), (7, 2)), (5, 1))","(((4, 2), (5, 3), (6, 2), (6, 3)), (1, 1))",9,4.0,13.0,9,4,1,expanded,False,True,1479
"(((4, 2), (4, 3), (5, 4), (6, 1)), (5, 1))","(((4, 2), (4, 3), (5, 4), (6, 2)), (5, 1))",10,5,15.0,10,,,pruned,,,1480
"(((4, 2), (4, 3), (5, 4), (6, 2)), (5, 1))","(((4, 2), (4, 3), (5, 3), (6, 2)), (1, 1))",9,4.0,13.0,9,6,1,expanded,False,True,1481
"(((4, 2), (4, 3), (5, 3), (8, 2)), (1, 1))","(((4, 2), (4, 3), (5, 3), (7, 2)), (1, 1))",10,5,15.0,10,,,pruned,,,1482
"(((4, 2), (4, 3), (5, 3), (7, 2)), (1, 1))","(((4, 2), (4, 3), (5, 3), (6, 2)), (1, 1))",9,4.0,13.0,9,6,1,expanded,False,True,1483
"(((4, 2), (4, 3), (5, 2), (5, 3)), (1, 1))","(((4, 2), (4, 3), (5, 3), (6, 2)), (1, 1))",9,4.0,13.0,9,0,0,expanded,False,True,1484
"(((4, 2), (4, 3), (5, 3), (6, 3)), (1, 1))","(((4, 2), (4, 3), (5, 3), (6, 2)), (1, 1))",9,4.0,13.0,9,6,0,expanded,False,True,1485
"(((4, 2), (4, 3), (5, 1), (6, 4)), (1, 1))","(((4, 2), (4, 3), (5, 2), (6, 4)), (1, 1))",10,5,15.0,10,,,pruned,,,1486
"(((4, 2), (4, 3), (5, 2), (6, 4)), (1, 1))","(((4, 2), (5, 2), (5, 3), (6, 4)), (5, 1))",9,4.0,13.0,9,4,1,expanded,False,True,1487
"(((4, 2), (5, 2), (5, 3), (5, 4)), (5, 1))","(((4, 2), (5, 2), (5, 3), (6, 4)), (5, 1))",9,4.0,13.0,9,2,0,expanded,False,True,1488
"(((2, 4), (4, 5), (5, 2), (7, 4)), (1, 1))","(((2, 4), (4, 4), (5, 2), (7, 4)), (1, 1))",10,5,15.0,10,,,pruned,,,1489
"(((2, 4), (4, 4), (5, 2), (8, 4)), (1, 1))","(((2, 4), (4, 4), (5, 2), (7, 4)), (1, 1))",10,5,15.0,10,,,pruned,,,1490
"(((2, 5), (4, 4), (5, 2), (7, 4)), (1, 1))","(((2, 4), (4, 4), (5, 2), (7, 4)), (1, 1))",10,5,15.0,10,,,pruned,,,1491
"(((2, 4), (4, 4), (5, 1), (7, 4)), (1, 1))","(((2, 4), (4, 4), (5, 2), (7, 4)), (1, 1))",10,5,15.0,10,,,pruned,,,1492
"(((2, 4), (4, 4), (5, 2), (7, 4)), (1, 1))","(((2, 4), (4, 4), (5, 2), (6, 4)), (1, 1))",9,4.0,13.0,9,8,4,expanded,False,True,1493
"(((2, 4), (4, 2), (4, 5), (6, 4)), (4, 3))","(((2, 4), (4, 2), (4, 4), (6, 4)), (4, 3))",10,5,15.0,10,,,pruned,,,1494
"(((2, 4), (4, 2), (4, 4), (6, 4)), (4, 3))","(((2, 4), (4, 4), (5, 2), (6, 4)), (1, 1))",9,4.0,13.0,9,4,1,expanded,False,True,1495
"(((3, 2), (6, 2), (6, 3), (6, 4)), (1, 1))","(((3, 2), (5, 3), (6, 2), (6, 4)), (1, 1))",9,4.0,13.0,9,6,0,expanded,False,True,1496
"(((3, 2), (5, 4), (6, 1), (6, 4)), (1, 1))","(((3, 2), (5, 4), (6, 2), (6, 4)), (1, 1))",10,5,15.0,10,,,pruned,,,1497
"(((3, 2), (5, 4), (6, 2), (6, 4)), (1, 1))","(((3, 2), (5, 3), (6, 2), (6, 4)), (1, 1))",9,4.0,13.0,9,6,1,expanded,False,True,1498
"(((3, 2), (5, 3), (6, 4), (8, 2)), (1, 1))","(((3, 2), (5, 3), (6, 4), (7, 2)), (1, 1))",10,5,15.0,10,,,pruned,,,1499
"(((3, 2), (5, 3), (6, 4), (7, 2)), (1, 1))","(((3, 2), (5, 3), (6, 2), (6, 4)), (1, 1))",9,4.0,13.0,9,8,1,expanded,False,True,1500
"(((3, 2), (5, 3), (6, 3), (6, 4)), (1, 1))","(((3, 2), (5, 3), (6, 2), (6, 4)), (1, 1))",9,4.0,13.0,9,6,0,expanded,False,True,1501
"(((3, 2), (5, 3), (6, 2), (8, 4)), (1, 1))","(((3, 2), (5, 3), (6, 2), (7, 4)), (1, 1))",10,5,15.0,10,,,pruned,,,1502
"(((3, 2), (5, 3), (6, 1), (7, 4)), (1, 1))","(((3, 2), (5, 3), (6, 2), (7, 4)), (1, 1))",10,5,15.0,10,,,pruned,,,1503
"(((3, 2), (5, 3), (6, 2), (7, 4)), (1, 1))","(((3, 2), (5, 3), (6, 2), (6, 4)), (1, 1))",9,4.0,13.0,9,12,2,expanded,False,True,1504
"(((2, 4), (6, 2), (7, 2), (8, 4)), (1, 1))","(((2, 4), (6, 2), (7, 2), (7, 4)), (1, 1))",10,5,15.0,10,,,pruned,,,1505
"(((2, 5), (6, 2), (7, 2), (7, 4)), (1, 1))","(((2, 4), (6, 2), (7, 2), (7, 4)), (1, 1))",10,5,15.0,10,,,pruned,,,1506
"(((2, 4), (6, 1), (7, 2), (7, 4)), (1, 1))","(((2, 4), (6, 2), (7, 2), (7, 4)), (1, 1))",10,5,15.0,10,,,pruned,,,1507
"(((2, 4), (6, 2), (7, 2), (7, 4)), (1, 1))","(((2, 4), (6, 2), (6, 4), (7, 2)), (1, 1))",9,4.0,13.0,9,5,3,expanded,False,True,1508
"(((3, 2), (4, 5), (6, 2), (6, 3)), (4, 2))","(((3, 2), (4, 4), (6, 2), (6, 3)), (4, 2))",10,5,15.0,10,,,pruned,,,1509
"(((3, 2), (4, 4), (6, 2), (6, 3)), (4, 2))","(((3, 2), (4, 4), (5, 3), (6, 2)), (4, 2))",9,4.0,13.0,9,4,1,expanded,False,True,1510
"(((3, 2), (4, 3), (4, 4), (6, 1)), (4, 2))","(((3, 2), (4, 3), (4, 4), (6, 2)), (4, 2))",10,5,15.0,10,,,pruned,,,1511
"(((3, 2), (4, 3), (4, 4), (6, 2)), (4, 2))","(((3, 2), (4, 4), (5, 3), (6, 2)), (4, 2))",9,4.0,13.0,9,5,1,expanded,False,True,1512
"(((3, 2), (4, 5), (5, 4), (6, 2)), (4, 2))","(((3, 2), (4, 4), (5, 4), (6, 2)), (4, 2))",10,5,15.0,10,,,pruned,,,1513
"(((3, 2), (4, 4), (5, 4), (6, 1)), (4, 2))","(((3, 2), (4, 4), (5, 4), (6, 2)), (4, 2))",10,5,15.0,10,,,pruned,,,1514
"(((3, 2), (4, 4), (5, 4), (6, 2)), (4, 2))","(((3, 2), (4, 4), (5, 3), (6, 2)), (4, 2))",9,4.0,13.0,9,6,2,expanded,False,True,1515
"(((3, 2), (4, 4), (5, 3), (8, 2)), (4, 2))","(((3, 2), (4, 4), (5, 3), (7, 2)), (4, 2))",10,5,15.0,10,,,pruned,,,1516
"(((3, 2), (4, 5), (5, 3), (7, 2)), (4, 2))","(((3, 2), (4, 4), (5, 3), (7, 2)), (4, 2))",10,5,15.0,10,,,pruned,,,1517
"(((3, 2), (4, 4), (5, 3), (7, 2)), (4, 2))","(((3, 2), (4, 4), (5, 3), (6, 2)), (4, 2))",9,4.0,13.0,9,8,2,expanded,False,True,1518
"(((3, 2), (4, 4), (5, 2), (5, 3)), (5, 1))","(((3, 2), (4, 4), (5, 3), (6, 2)), (4, 2))",9,4.0,13.0,9,2,0,expanded,False,True,1519
"(((3, 2), (4, 5), (5, 3), (6, 3)), (4, 2))","(((3, 2), (4, 4), (5, 3), (6, 3)), (4, 2))",10,5,15.0,10,,,pruned,,,1520
"(((3, 2), (4, 4), (5, 3), (6, 3)), (4, 2))","(((3, 2), (4, 4), (5, 3), (6, 2)), (4, 2))",9,4.0,13.0,9,6,1,expanded,False,True,1521
"(((2, 3), (4, 4), (6, 4), (8, 2)), (1, 1))","(((2, 3), (4, 4), (6, 4), (7, 2)), (1, 1))",10,5,15.0,10,,,pruned,,,1522
"(((2, 3), (4, 5), (6, 4), (7, 2)), (1, 1))","(((2, 3), (4, 4), (6, 4), (7, 2)), (1, 1))",10,5,15.0,10,,,pruned,,,1523
"(((2, 3), (4, 4), (6, 4), (7, 2)), (1, 1))","(((2, 3), (4, 4), (6, 2), (6, 4)), (1, 1))",9,4.0,13.0,9,4,2,expanded,False,True,1524
"(((2, 3), (4, 4), (6, 2), (8, 4)), (1, 1))","(((2, 3), (4, 4), (6, 2), (7, 4)), (1, 1))",10,5,15.0,10,,,pruned,,,1525
"(((2, 3), (4, 4), (6, 1), (7, 4)), (1, 1))","(((2, 3), (4, 4), (6, 2), (7, 4)), (1, 1))",10,5,15.0,10,,,pruned,,,1526
"(((2, 3), (4, 5), (6, 2), (7, 4)), (1, 1))","(((2, 3), (4, 4), (6, 2), (7, 4)), (1, 1))",10,5,15.0,10,,,pruned,,,1527
"(((2, 3), (4, 4), (6, 2), (7, 4)), (1, 1))","(((2, 3), (4, 4), (6, 2), (6, 4)), (1, 1))",9,4.0,13.0,9,8,3,expanded,False,True,1528
"(((4, 2), (5, 2), (6, 2), (8, 4)), (1, 1))","(((4, 2), (5, 2), (6, 2), (7, 4)), (1, 1))",10,5,15.0,10,,,pruned,,,1529
"(((4, 2), (5, 2), (6, 1), (7, 4)), (1, 1))","(((4, 2), (5, 2), (6, 2), (7, 4)), (1, 1))",10,5,15.0,10,,,pruned,,,1530
"(((4, 2), (5, 1), (6, 2), (7, 4)), (1, 1))","(((4, 2), (5, 2), (6, 2), (7, 4)), (1, 1))",10,5,15.0,10,,,pruned,,,1531
"(((4, 2), (5, 2), (6, 2), (7, 4)), (1, 1))","(((4, 2), (5, 2), (6, 2), (6, 4)), (1, 1))",9,4.0,13.0,9,3,3,expanded,True,True,1532
"(((4, 2), (6, 2), (6, 3), (7, 2)), (1, 1))","(((4, 2), (5, 3), (6, 2), (7, 2)), (1, 1))",9,4.0,13.0,9,2,0,expanded,False,True,1533
"(((4, 2), (4, 3), (6, 1), (7, 2)), (1, 1))","(((4, 2), (4, 3), (6, 2), (7, 2)), (1, 1))",10,5,15.0,10,,,pruned,,,1534
"(((4, 2), (4, 3), (6, 2), (7, 2)), (1, 1))","(((4, 2), (5, 3), (6, 2), (7, 2)), (1, 1))",9,4.0,13.0,9,4,1,expanded,False,True,1535
"(((4, 2), (5, 2), (6, 1), (7, 2)), (1, 1))","(((4, 2), (5, 2), (6, 2), (7, 2)), (1, 1))",10,5,15.0,10,,,pruned,,,1536
"(((4, 2), (5, 1), (6, 2), (7, 2)), (1, 1))","(((4, 2), (5, 2), (6, 2), (7, 2)), (1, 1))",10,5,15.0,10,,,pruned,,,1537
"(((4, 2), (5, 2), (6, 2), (7, 2)), (1, 1))","(((4, 2), (5, 3), (6, 2), (7, 2)), (1, 1))",9,4.0,13.0,9,2,2,expanded,True,True,1538
"(((4, 2), (4, 5), (5, 2), (6, 3)), (4, 3))","(((4, 2), (4, 4), (5, 2), (6, 3)), (4, 3))",10,5,15.0,10,,,pruned,,,1539
"(((4, 2), (4, 4), (5, 1), (6, 3)), (4, 3))","(((4, 2), (4, 4), (5, 2), (6, 3)), (4, 3))",10,5,15.0,10,,,pruned,,,1540
"(((4, 2), (4, 4), (5, 2), (6, 3)), (4, 3))","(((4, 2), (4, 4), (5, 2), (6, 2)), (4, 3))",9,4.0,13.0,9,5,2,expanded,False,True,1541
"(((4, 2), (5, 3), (5, 4), (8, 2)), (5, 1))","(((4, 2), (5, 3), (5, 4), (7, 2)), (5, 1))",10,5,15.0,10,,,pruned,,,1542
"(((4, 2), (5, 3), (5, 4), (7, 2)), (5, 1))","(((4, 2), (5, 3), (5, 4), (6, 2)), (5, 1))",9,4.0,13.0,9,5,1,expanded,False,True,1543
"(((4, 2), (5, 3), (5, 4), (6, 3)), (5, 1))","(((4, 2), (5, 3), (5, 4), (6, 2)), (5, 1))",9,4.0,13.0,9,4,0,expanded,False,True,1544
"(((2, 5), (4, 3), (6, 3), (6, 4)), (1, 1))","(((2, 4), (4, 3), (6, 3), (6, 4)), (1, 1))",10,5,15.0,10,,,pruned,,,1545
"(((2, 4), (4, 3), (6, 3), (6, 4)), (1, 1))","(((2, 4), (4, 3), (6, 2), (6, 4)), (1, 1))",9,4.0,13.0,9,6,1,expanded,False,True,1546
"(((2, 4), (4, 2), (6, 1), (6, 4)), (2, 5))","(((2, 4), (4, 2), (6, 2), (6, 4)), (2, 5))",10,5,15.0,10,,,pruned,,,1547
"(((2, 4), (4, 2), (6, 2), (6, 4)), (2, 5))","(((2, 4), (4, 3), (6, 2), (6, 4)), (1, 1))",9,4.0,13.0,9,8,1,expanded,False,True,1548
"(((2, 4), (4, 2), (4, 5), (6, 2)), (4, 3))","(((2, 4), (4, 2), (4, 4), (6, 2)), (4, 3))",10,5,15.0,10,,,pruned,,,1549
"(((2, 4), (4, 2), (4, 4), (6, 1)), (4, 3))","(((2, 4), (4, 2), (4, 4), (6, 2)), (4, 3))",10,5,15.0,10,,,pruned,,,1550
"(((2, 4), (4, 2), (4, 4), (6, 2)), (4, 3))","(((2, 4), (4, 2), (5, 4), (6, 2)), (2, 5))",9,4.0,13.0,9,6,2,expanded,False,True,1551
"(((2, 4), (4, 3), (5, 3), (8, 4)), (1, 1))","(((2, 4), (4, 3), (5, 3), (7, 4)), (1, 1))",10,5,15.0,10,,,pruned,,,1552
"(((2, 5), (4, 3), (5, 3), (7, 4)), (1, 1))","(((2, 4), (4, 3), (5, 3), (7, 4)), (1, 1))",10,5,15.0,10,,,pruned,,,1553
"(((2, 4), (4, 3), (5, 3), (7, 4)), (1, 1))","(((2, 4), (4, 3), (5, 2), (7, 4)), (2, 5))",9,4.0,13.0,9,8,2,expanded,False,True,1554
"(((2, 3), (4, 3), (4, 4), (5, 3)), (1, 1))","(((2, 3), (4, 3), (4, 4), (5, 2)), (5, 1))",9,4.0,13.0,9,3,0,expanded,False,True,1555
"(((2, 3), (5, 3), (6, 4), (7, 4)), (1, 1))","(((2, 3), (5, 3), (6, 3), (7, 4)), (1, 1))",9,4.0,13.0,9,6,0,expanded,False,True,1556
"(((2, 3), (6, 1), (6, 4), (7, 4)), (1, 1))","(((2, 3), (6, 2), (6, 4), (7, 4)), (1, 1))",10,5,15.0,10,,,pruned,,,1557
"(((2, 3), (6, 2), (6, 4), (7, 4)), (1, 1))","(((2, 3), (5, 4), (6, 2), (7, 4)), (1, 1))",9,4.0,13.0,9,6,1,expanded,False,True,1558
"(((4, 2), (5, 3), (6, 3), (7, 2)), (1, 1))","(((3, 2), (5, 3), (6, 3), (7, 2)), (1, 1))",9,4.0,13.0,9,4,0,expanded,False,True,1559
"(((3, 2), (4, 3), (5, 3), (6, 4)), (4, 2))","(((3, 2), (4, 3), (5, 3), (6, 3)), (1, 1))",9,4.0,13.0,9,4,0,expanded,False,True,1560
"(((2, 2), (4, 5), (5, 3), (6, 4)), (3, 2))","(((2, 2), (4, 4), (5, 3), (6, 4)), (3, 2))",10,5,15.0,10,,,pruned,,,1561
"(((1, 2), (4, 4), (5, 3), (6, 4)), (1, 1))","(((2, 2), (4, 4), (5, 3), (6, 4)), (3, 2))",10,5,15.0,10,,,pruned,,,1562
"(((2, 2), (4, 4), (5, 3), (6, 4)), (3, 2))","(((2, 2), (4, 4), (5, 3), (6, 3)), (3, 2))",9,4.0,13.0,9,6,2,expanded,False,True,1563
"(((2, 3), (4, 4), (5, 3), (8, 4)), (1, 1))","(((2, 3), (4, 4), (5, 3), (7, 4)), (1, 1))",10,5,15.0,10,,,pruned,,,1564
"(((2, 3), (4, 5), (5, 3), (7, 4)), (1, 1))","(((2, 3), (4, 4), (5, 3), (7, 4)), (1, 1))",10,5,15.0,10,,,pruned,,,1565
"(((2, 3), (4, 4), (5, 3), (7, 4)), (1, 1))","(((2, 3), (4, 4), (5, 2), (7, 4)), (1, 1))",9,4.0,13.0,9,8,2,expanded,False,True,1566
"(((4, 2), (5, 3), (5, 4), (7, 2)), (1, 1))","(((3, 2), (5, 3), (5, 4), (7, 2)), (1, 1))",9,4.0,13.0,9,3,0,expanded,False,True,1567
"(((3, 2), (5, 3), (5, 4), (6, 4)), (1, 1))","(((3, 2), (5, 3), (5, 4), (6, 3)), (1, 1))",9,4.0,13.0,9,4,0,expanded,False,True,1568
"(((4, 2), (5, 3), (5, 4), (6, 3)), (1, 1))","(((3, 2), (5, 3), (5, 4), (6, 3)), (1, 1))",9,4.0,13.0,9,2,0,expanded,False,True,1569
"(((3, 2), (6, 1), (6, 4), (7, 2)), (1, 1))","(((3, 2), (6, 2), (6, 4), (7, 2)), (1, 1))",10,5,15.0,10,,,pruned,,,1570
"(((3, 2), (6, 2), (6, 4), (7, 2)), (1, 1))","(((2, 2), (6, 2), (6, 4), (7, 2)), (1, 1))",9,4.0,13.0,9,5,1,expanded,False,True,1571
"(((3, 2), (4, 5), (6, 2), (7, 2)), (4, 2))","(((3, 2), (4, 4), (6, 2), (7, 2)), (4, 2))",10,5,15.0,10,,,pruned,,,1572
"(((3, 2), (4, 4), (6, 1), (7, 2)), (4, 2))","(((3, 2), (4, 4), (6, 2), (7, 2)), (4, 2))",10,5,15.0,10,,,pruned,,,1573
"(((3, 2), (4, 4), (6, 2), (7, 2)), (4, 2))","(((3, 2), (4, 3), (6, 2), (7, 2)), (1, 1))",9,4.0,13.0,9,4,2,expanded,False,True,1574
"(((4, 2), (5, 4), (6, 1), (7, 2)), (1, 1))","(((4, 2), (5, 4), (6, 2), (7, 2)), (1, 1))",10,5,15.0,10,,,pruned,,,1575
"(((4, 2), (5, 4), (6, 2), (7, 2)), (1, 1))","(((3, 2), (5, 4), (6, 2), (7, 2)), (1, 1))",9,4.0,13.0,9,6,1,expanded,False,True,1576
"(((3, 2), (4, 5), (5, 2), (6, 4)), (4, 2))","(((3, 2), (4, 4), (5, 2), (6, 4)), (4, 2))",10,5,15.0,10,,,pruned,,,1577
"(((3, 2), (4, 4), (5, 1), (6, 4)), (4, 2))","(((3, 2), (4, 4), (5, 2), (6, 4)), (4, 2))",10,5,15.0,10,,,pruned,,,1578
"(((3, 2), (4, 4), (5, 2), (6, 4)), (4, 2))","(((3, 2), (4, 4), (5, 2), (6, 3)), (4, 2))",9,4.0,13.0,9,8,2,expanded,False,True,1579
"(((4, 2), (5, 1), (5, 4), (6, 4)), (1, 1))","(((4, 2), (5, 2), (5, 4), (6, 4)), (1, 1))",10,5,15.0,10,,,pruned,,,1580
"(((4, 2), (5, 2), (5, 4), (6, 4)), (1, 1))","(((4, 2), (5, 2), (5, 4), (6, 3)), (5, 1))",9,4.0,13.0,9,2,1,expanded,False,True,1581
"(((3, 2), (4, 3), (6, 1), (6, 4)), (1, 1))","(((3, 2), (4, 3), (6, 2), (6, 4)), (1, 1))",10,5,15.0,10,,,pruned,,,1582
"(((3, 2), (4, 3), (6, 2), (6, 4)), (1, 1))","(((2, 2), (4, 3), (6, 2), (6, 4)), (1, 1))",9,4.0,13.0,9,10,1,expanded,False,True,1583
"(((2, 2), (4, 5), (6, 2), (6, 4)), (3, 2))","(((2, 2), (4, 4), (6, 2), (6, 4)), (3, 2))",10,5,15.0,10,,,pruned,,,1584
"(((2, 2), (4, 4), (6, 1), (6, 4)), (3, 2))","(((2, 2), (4, 4), (6, 2), (6, 4)), (3, 2))",10,5,15.0,10,,,pruned,,,1585
"(((1, 2), (4, 4), (6, 2), (6, 4)), (1, 1))","(((2, 2), (4, 4), (6, 2), (6, 4)), (3, 2))",10,5,15.0,10,,,pruned,,,1586
"(((2, 2), (4, 4), (6, 2), (6, 4)), (3, 2))","(((2, 2), (4, 3), (6, 2), (6, 4)), (1, 1))",9,4.0,13.0,9,8,3,expanded,False,True,1587
"(((3, 2), (5, 2), (5, 3), (6, 4)), (1, 1))","(((2, 2), (5, 2), (5, 3), (6, 4)), (1, 1))",9,4.0,13.0,9,5,0,expanded,False,True,1588
"(((4, 2), (5, 2), (6, 4), (8, 2)), (1, 1))","(((4, 2), (5, 2), (6, 4), (7, 2)), (1, 1))",10,5,15.0,10,,,pruned,,,1589
"(((4, 2), (5, 1), (6, 4), (7, 2)), (1, 1))","(((4, 2), (5, 2), (6, 4), (7, 2)), (1, 1))",10,5,15.0,10,,,pruned,,,1590
"(((4, 2), (5, 2), (6, 4), (7, 2)), (1, 1))","(((3, 2), (5, 2), (6, 4), (7, 2)), (1, 1))",9,4.0,13.0,9,4,2,expanded,False,True,1591
"(((4, 2), (5, 1), (6, 3), (6, 4)), (1, 1))","(((4, 2), (5, 2), (6, 3), (6, 4)), (1, 1))",10,5,15.0,10,,,pruned,,,1592
"(((4, 2), (5, 2), (6, 3), (6, 4)), (1, 1))","(((3, 2), (5, 2), (6, 3), (6, 4)), (1, 1))",9,4.0,13.0,9,2,1,expanded,False,True,1593
"(((4, 2), (4, 3), (6, 2), (6, 3)), (1, 1))","(((3, 2), (4, 3), (6, 2), (6, 3)), (1, 1))",9,4.0,13.0,9,4,0,expanded,False,True,1594
"(((4, 2), (5, 2), (5, 3), (8, 4)), (1, 1))","(((4, 2), (5, 2), (5, 3), (7, 4)), (1, 1))",10,5,15.0,10,,,pruned,,,1595
"(((4, 2), (5, 2), (5, 3), (7, 4)), (1, 1))","(((3, 2), (5, 2), (5, 3), (7, 4)), (1, 1))",9,4.0,13.0,9,4,1,expanded,False,True,1596
"(((4, 2), (4, 5), (5, 2), (7, 2)), (4, 3))","(((4, 2), (4, 4), (5, 2), (7, 2)), (4, 3))",10,5,15.0,10,,,pruned,,,1597
"(((4, 2), (4, 4), (5, 2), (8, 2)), (4, 3))","(((4, 2), (4, 4), (5, 2), (7, 2)), (4, 3))",10,5,15.0,10,,,pruned,,,1598
"(((4, 2), (4, 4), (5, 1), (7, 2)), (4, 3))","(((4, 2), (4, 4), (5, 2), (7, 2)), (4, 3))",10,5,15.0,10,,,pruned,,,1599
"(((4, 2), (4, 4), (5, 2), (7, 2)), (4, 3))","(((4, 2), (5, 2), (5, 4), (7, 2)), (1, 1))",9,4.0,13.0,9,5,3,expanded,False,True,1600
"(((2, 5), (5, 2), (6, 4), (7, 4)), (1, 1))","(((2, 4), (5, 2), (6, 4), (7, 4)), (1, 1))",10,5,15.0,10,,,pruned,,,1601
"(((2, 4), (5, 1), (6, 4), (7, 4)), (1, 1))","(((2, 4), (5, 2), (6, 4), (7, 4)), (1, 1))",10,5,15.0,10,,,pruned,,,1602
"(((2, 4), (5, 2), (6, 4), (7, 4)), (1, 1))","(((2, 4), (4, 2), (6, 4), (7, 4)), (1, 1))",9,4.0,13.0,9,6,2,expanded,False,True,1603
"(((2, 5), (5, 2), (5, 3), (5, 4)), (1, 1))","(((2, 4), (5, 2), (5, 3), (5, 4)), (1, 1))",10,5,15.0,10,,,pruned,,,1604
"(((2, 4), (5, 2), (5, 3), (5, 4)), (1, 1))","(((2, 4), (4, 2), (5, 3), (5, 4)), (1, 1))",9,4.0,13.0,9,5,1,expanded,False,True,1605
"(((2, 4), (5, 3), (5, 4), (8, 4)), (1, 1))","(((2, 4), (5, 3), (5, 4), (7, 4)), (1, 1))",10,5,15.0,10,,,pruned,,,1606
"(((2, 5), (5, 3), (5, 4), (7, 4)), (1, 1))","(((2, 4), (5, 3), (5, 4), (7, 4)), (1, 1))",10,5,15.0,10,,,pruned,,,1607
"(((2, 4), (5, 3), (5, 4), (7, 4)), (1, 1))","(((2, 4), (5, 2), (5, 4), (7, 4)), (1, 1))",9,4.0,13.0,9,8,2,expanded,False,True,1608
"(((2, 4), (4, 5), (6, 3), (6, 4)), (1, 1))","(((2, 4), (4, 4), (6, 3), (6, 4)), (1, 1))",11,4,15.0,11,,,pruned,,,1609
"(((2, 5), (4, 4), (6, 3), (6, 4)), (1, 1))","(((2, 4), (4, 4), (6, 3), (6, 4)), (1, 1))",11,4,15.0,11,,,pruned,,,1610
"(((2, 4), (4, 4), (6, 3), (6, 4)), (1, 1))","(((2, 4), (4, 4), (5, 3), (6, 4)), (1, 1))",10,3.0,13.0,10,4,2,expanded,False,True,1611
"(((2, 5), (4, 3), (4, 4), (6, 4)), (1, 1))","(((2, 4), (4, 3), (4, 4), (6, 4)), (1, 1))",11,4,15.0,11,,,pruned,,,1612
"(((2, 4), (4, 3), (4, 4), (6, 4)), (1, 1))","(((2, 4), (4, 4), (5, 3), (6, 4)), (1, 1))",10,3.0,13.0,10,3,1,expanded,False,True,1613
"(((2, 4), (4, 5), (5, 4), (6, 4)), (1, 1))","(((2, 4), (4, 4), (5, 4), (6, 4)), (1, 1))",11,4,15.0,11,,,pruned,,,1614
"(((2, 5), (4, 4), (5, 4), (6, 4)), (1, 1))","(((2, 4), (4, 4), (5, 4), (6, 4)), (1, 1))",11,4,15.0,11,,,pruned,,,1615
"(((2, 4), (4, 4), (5, 4), (6, 4)), (1, 1))","(((2, 4), (4, 4), (5, 3), (6, 4)), (1, 1))",10,3.0,13.0,10,2,2,expanded,True,True,1616
"(((2, 5), (4, 4), (5, 3), (5, 4)), (1, 1))","(((2, 4), (4, 4), (5, 3), (5, 4)), (1, 1))",11,4,15.0,11,,,pruned,,,1617
"(((2, 4), (4, 5), (5, 3), (5, 4)), (1, 1))","(((2, 4), (4, 4), (5, 3), (5, 4)), (1, 1))",11,4,15.0,11,,,pruned,,,1618
"(((2, 4), (4, 4), (5, 3), (5, 4)), (1, 1))","(((2, 4), (4, 4), (5, 3), (6, 4)), (1, 1))",10,3.0,13.0,10,4,2,expanded,False,True,1619
"(((4, 3), (5, 2), (5, 3), (6, 3)), (1, 1))","(((4, 3), (5, 2), (5, 3), (6, 2)), (1, 1))",10,3.0,13.0,10,6,0,expanded,False,True,1620
"(((2, 4), (4, 5), (6, 4), (7, 2)), (1, 1))","(((2, 4), (4, 4), (6, 4), (7, 2)), (1, 1))",11,4,15.0,11,,,pruned,,,1621
"(((2, 5), (4, 4), (6, 4), (7, 2)), (1, 1))","(((2, 4), (4, 4), (6, 4), (7, 2)), (1, 1))",11,4,15.0,11,,,pruned,,,1622
"(((2, 4), (4, 4), (6, 4), (8, 2)), (1, 1))","(((2, 4), (4, 4), (6, 4), (7, 2)), (1, 1))",11,4,15.0,11,,,pruned,,,1623
"(((2, 4), (4, 4), (6, 4), (7, 2)), (1, 1))","(((2, 4), (4, 4), (6, 2), (6, 4)), (1, 1))",10,3.0,13.0,10,4,3,expanded,False,True,1624
"(((2, 4), (4, 5), (6, 2), (7, 4)), (1, 1))","(((2, 4), (4, 4), (6, 2), (7, 4)), (1, 1))",11,4,15.0,11,,,pruned,,,1625
"(((2, 4), (4, 4), (6, 2), (8, 4)), (1, 1))","(((2, 4), (4, 4), (6, 2), (7, 4)), (1, 1))",11,4,15.0,11,,,pruned,,,1626
"(((2, 5), (4, 4), (6, 2), (7, 4)), (1, 1))","(((2, 4), (4, 4), (6, 2), (7, 4)), (1, 1))",11,4,15.0,11,,,pruned,,,1627
"(((2, 4), (4, 4), (6, 1), (7, 4)), (1, 1))","(((2, 4), (4, 4), (6, 2), (7, 4)), (1, 1))",11,4,15.0,11,,,pruned,,,1628
"(((2, 4), (4, 4), (6, 2), (7, 4)), (1, 1))","(((2, 4), (4, 4), (6, 2), (6, 4)), (1, 1))",10,3.0,13.0,10,8,4,expanded,False,True,1629
"(((4, 2), (6, 2), (6, 3), (6, 4)), (1, 1))","(((4, 2), (5, 3), (6, 2), (6, 4)), (1, 1))",10,3.0,13.0,10,6,0,expanded,False,True,1630
"(((4, 2), (5, 3), (6, 2), (8, 4)), (1, 1))","(((4, 2), (5, 3), (6, 2), (7, 4)), (1, 1))",11,4,15.0,11,,,pruned,,,1631
"(((4, 2), (5, 3), (6, 1), (7, 4)), (1, 1))","(((4, 2), (5, 3), (6, 2), (7, 4)), (1, 1))",11,4,15.0,11,,,pruned,,,1632
"(((4, 2), (5, 3), (6, 2), (7, 4)), (1, 1))","(((4, 2), (5, 3), (6, 2), (6, 4)), (1, 1))",10,3.0,13.0,10,6,2,expanded,False,True,1633
"(((5, 1), (5, 4), (6, 2), (6, 3)), (1, 1))","(((5, 2), (5, 4), (6, 2), (6, 3)), (1, 1))",11,4,15.0,11,,,pruned,,,1634
"(((5, 2), (5, 4), (6, 2), (6, 3)), (1, 1))","(((5, 2), (5, 3), (5, 4), (6, 2)), (1, 1))",10,3.0,13.0,10,2,1,expanded,False,True,1635
"(((5, 1), (6, 2), (6, 3), (7, 2)), (1, 1))","(((5, 2), (6, 2), (6, 3), (7, 2)), (1, 1))",11,4,15.0,11,,,pruned,,,1636
"(((5, 2), (6, 2), (6, 3), (7, 2)), (1, 1))","(((5, 2), (5, 3), (6, 2), (7, 2)), (1, 1))",10,3.0,13.0,10,1,1,expanded,True,True,1637
"(((4, 3), (5, 2), (6, 1), (7, 2)), (1, 1))","(((4, 3), (5, 2), (6, 2), (7, 2)), (1, 1))",11,4,15.0,11,,,pruned,,,1638
"(((4, 3), (5, 1), (6, 2), (7, 2)), (1, 1))","(((4, 3), (5, 2), (6, 2), (7, 2)), (1, 1))",11,4,15.0,11,,,pruned,,,1639
"(((4, 3), (5, 2), (6, 2), (7, 2)), (1, 1))","(((5, 2), (5, 3), (6, 2), (7, 2)), (1, 1))",10,3.0,13.0,10,4,2,expanded,False,True,1640
"(((4, 2), (4, 3), (4, 4), (6, 1)), (5, 1))","(((4, 2), (4, 3), (4, 4), (6, 2)), (5, 1))",11,4,15.0,11,,,pruned,,,1641
"(((4, 2), (4, 3), (4, 4), (6, 2)), (5, 1))","(((4, 2), (4, 4), (5, 3), (6, 2)), (5, 1))",10,3.0,13.0,10,5,1,expanded,False,True,1642
"(((4, 2), (4, 5), (5, 4), (6, 2)), (4, 3))","(((4, 2), (4, 4), (5, 4), (6, 2)), (4, 3))",11,4,15.0,11,,,pruned,,,1643
"(((4, 2), (4, 4), (5, 4), (6, 1)), (4, 3))","(((4, 2), (4, 4), (5, 4), (6, 2)), (4, 3))",11,4,15.0,11,,,pruned,,,1644
"(((4, 2), (4, 4), (5, 4), (6, 2)), (4, 3))","(((4, 2), (4, 4), (5, 3), (6, 2)), (5, 1))",10,3.0,13.0,10,6,2,expanded,False,True,1645
"(((4, 2), (4, 4), (5, 3), (8, 2)), (5, 1))","(((4, 2), (4, 4), (5, 3), (7, 2)), (5, 1))",11,4,15.0,11,,,pruned,,,1646
"(((4, 2), (4, 4), (5, 3), (7, 2)), (5, 1))","(((4, 2), (4, 4), (5, 3), (6, 2)), (5, 1))",10,3.0,13.0,10,6,1,expanded,False,True,1647
"(((4, 2), (4, 4), (5, 2), (5, 3)), (5, 1))","(((4, 2), (4, 4), (5, 3), (6, 2)), (5, 1))",10,3.0,13.0,10,1,0,expanded,False,True,1648
"(((4, 2), (4, 4), (5, 3), (6, 3)), (5, 1))","(((4, 2), (4, 4), (5, 3), (6, 2)), (5, 1))",10,3.0,13.0,10,5,0,expanded,False,True,1649
"(((2, 5), (4, 3), (4, 4), (5, 3)), (1, 1))","(((2, 4), (4, 3), (4, 4), (5, 3)), (1, 1))",11,4,15.0,11,,,pruned,,,1650
"(((2, 4), (4, 3), (4, 4), (5, 3)), (1, 1))","(((2, 4), (4, 3), (4, 4), (5, 2)), (5, 1))",10,3.0,13.0,10,3,1,expanded,False,True,1651
"(((2, 5), (5, 3), (6, 4), (7, 4)), (1, 1))","(((2, 4), (5, 3), (6, 4), (7, 4)), (1, 1))",11,4,15.0,11,,,pruned,,,1652
"(((2, 4), (5, 3), (6, 4), (7, 4)), (1, 1))","(((2, 4), (5, 3), (6, 3), (7, 4)), (1, 1))",10,3.0,13.0,10,6,1,expanded,False,True,1653
"(((2, 4), (6, 1), (6, 4), (7, 4)), (1, 1))","(((2, 4), (6, 2), (6, 4), (7, 4)), (1, 1))",11,4,15.0,11,,,pruned,,,1654
"(((2, 5), (6, 2), (6, 4), (7, 4)), (1, 1))","(((2, 4), (6, 2), (6, 4), (7, 4)), (1, 1))",11,4,15.0,11,,,pruned,,,1655
"(((2, 4), (6, 2), (6, 4), (7, 4)), (1, 1))","(((2, 4), (5, 4), (6, 2), (7, 4)), (1, 1))",10,3.0,13.0,10,6,2,expanded,False,True,1656
"(((4, 2), (4, 5), (6, 2), (6, 3)), (4, 3))","(((4, 2), (4, 4), (6, 2), (6, 3)), (4, 3))",11,4,15.0,11,,,pruned,,,1657
"(((4, 2), (4, 4), (6, 2), (6, 3)), (4, 3))","(((4, 2), (5, 4), (6, 2), (6, 3)), (1, 1))",10,3.0,13.0,10,4,1,expanded,False,True,1658
"(((4, 2), (5, 3), (6, 4), (8, 2)), (5, 1))","(((4, 2), (5, 3), (6, 4), (7, 2)), (5, 1))",11,4,15.0,11,,,pruned,,,1659
"(((4, 2), (5, 3), (6, 4), (7, 2)), (5, 1))","(((4, 2), (5, 3), (6, 3), (7, 2)), (5, 1))",10,3.0,13.0,10,4,1,expanded,False,True,1660
"(((4, 3), (5, 2), (5, 3), (8, 2)), (1, 1))","(((4, 3), (5, 2), (5, 3), (7, 2)), (1, 1))",11,4,15.0,11,,,pruned,,,1661
"(((4, 3), (5, 2), (5, 3), (7, 2)), (1, 1))","(((4, 2), (4, 3), (5, 3), (7, 2)), (1, 1))",10,3.0,13.0,10,6,1,expanded,False,True,1662
"(((4, 2), (4, 3), (5, 3), (6, 4)), (5, 1))","(((4, 2), (4, 3), (5, 3), (6, 3)), (1, 1))",10,3.0,13.0,10,3,0,expanded,False,True,1663
"(((2, 4), (4, 5), (5, 3), (7, 4)), (1, 1))","(((2, 4), (4, 4), (5, 3), (7, 4)), (1, 1))",11,4,15.0,11,,,pruned,,,1664
"(((2, 4), (4, 4), (5, 3), (8, 4)), (1, 1))","(((2, 4), (4, 4), (5, 3), (7, 4)), (1, 1))",11,4,15.0,11,,,pruned,,,1665
"(((2, 5), (4, 4), (5, 3), (7, 4)), (1, 1))","(((2, 4), (4, 4), (5, 3), (7, 4)), (1, 1))",11,4,15.0,11,,,pruned,,,1666
"(((2, 4), (4, 4), (5, 3), (7, 4)), (1, 1))","(((2, 4), (4, 4), (5, 2), (7, 4)), (1, 1))",10,3.0,13.0,10,8,3,expanded,False,True,1667
"(((4, 2), (5, 4), (6, 1), (6, 4)), (1, 1))","(((4, 2), (5, 4), (6, 2), (6, 4)), (1, 1))",11,4,15.0,11,,,pruned,,,1668
"(((4, 2), (5, 4), (6, 2), (6, 4)), (1, 1))","(((3, 2), (5, 4), (6, 2), (6, 4)), (1, 1))",10,3.0,13.0,10,6,1,expanded,False,True,1669
"(((4, 2), (5, 3), (6, 4), (7, 2)), (1, 1))","(((3, 2), (5, 3), (6, 4), (7, 2)), (1, 1))",10,3.0,13.0,10,4,0,expanded,False,True,1670
"(((4, 2), (5, 3), (6, 3), (6, 4)), (1, 1))","(((3, 2), (5, 3), (6, 3), (6, 4)), (1, 1))",10,3.0,13.0,10,3,0,expanded,False,True,1671
"(((3, 2), (4, 5), (5, 3), (6, 4)), (4, 2))","(((3, 2), (4, 4), (5, 3), (6, 4)), (4, 2))",11,4,15.0,11,,,pruned,,,1672
"(((3, 2), (4, 4), (5, 3), (6, 4)), (4, 2))","(((3, 2), (4, 4), (5, 3), (6, 3)), (4, 2))",10,3.0,13.0,10,6,1,expanded,False,True,1673
"(((4, 2), (4, 5), (5, 2), (6, 4)), (4, 3))","(((4, 2), (4, 4), (5, 2), (6, 4)), (4, 3))",11,4,15.0,11,,,pruned,,,1674
"(((4, 2), (4, 4), (5, 1), (6, 4)), (4, 3))","(((4, 2), (4, 4), (5, 2), (6, 4)), (4, 3))",11,4,15.0,11,,,pruned,,,1675
"(((4, 2), (4, 4), (5, 2), (6, 4)), (4, 3))","(((4, 2), (4, 4), (5, 2), (6, 3)), (4, 3))",10,3.0,13.0,10,5,2,expanded,False,True,1676
"(((4, 2), (5, 3), (5, 4), (6, 4)), (5, 1))","(((4, 2), (5, 3), (5, 4), (6, 3)), (5, 1))",10,3.0,13.0,10,2,0,expanded,False,True,1677
"(((5, 2), (5, 3), (6, 3), (7, 2)), (1, 1))","(((4, 2), (5, 3), (6, 3), (7, 2)), (1, 1))",10,3.0,13.0,10,3,0,expanded,False,True,1678
"(((5, 2), (5, 3), (5, 4), (7, 2)), (1, 1))","(((4, 2), (5, 3), (5, 4), (7, 2)), (1, 1))",10,3.0,13.0,10,3,0,expanded,False,True,1679
"(((4, 2), (5, 3), (5, 4), (6, 4)), (1, 1))","(((3, 2), (5, 3), (5, 4), (6, 4)), (1, 1))",10,3.0,13.0,10,2,0,expanded,False,True,1680
"(((5, 2), (5, 3), (5, 4), (6, 3)), (1, 1))","(((4, 2), (5, 3), (5, 4), (6, 3)), (1, 1))",10,3.0,13.0,10,2,0,expanded,False,True,1681
"(((4, 2), (6, 1), (6, 4), (7, 2)), (1, 1))","(((4, 2), (6, 2), (6, 4), (7, 2)), (1, 1))",11,4,15.0,11,,,pruned,,,1682
"(((4, 2), (6, 2), (6, 4), (7, 2)), (1, 1))","(((3, 2), (6, 2), (6, 4), (7, 2)), (1, 1))",10,3.0,13.0,10,5,1,expanded,False,True,1683
"(((5, 2), (5, 4), (6, 1), (7, 2)), (1, 1))","(((5, 2), (5, 4), (6, 2), (7, 2)), (1, 1))",11,4,15.0,11,,,pruned,,,1684
"(((5, 1), (5, 4), (6, 2), (7, 2)), (1, 1))","(((5, 2), (5, 4), (6, 2), (7, 2)), (1, 1))",11,4,15.0,11,,,pruned,,,1685
"(((5, 2), (5, 4), (6, 2), (7, 2)), (1, 1))","(((4, 2), (5, 4), (6, 2), (7, 2)), (1, 1))",10,3.0,13.0,10,4,2,expanded,False,True,1686
"(((4, 2), (4, 5), (6, 2), (7, 2)), (4, 3))","(((4, 2), (4, 4), (6, 2), (7, 2)), (4, 3))",11,4,15.0,11,,,pruned,,,1687
"(((4, 2), (4, 4), (6, 1), (7, 2)), (4, 3))","(((4, 2), (4, 4), (6, 2), (7, 2)), (4, 3))",11,4,15.0,11,,,pruned,,,1688
"(((4, 2), (4, 4), (6, 2), (7, 2)), (4, 3))","(((4, 2), (5, 4), (6, 2), (7, 2)), (1, 1))",10,3.0,13.0,10,4,2,expanded,False,True,1689
"(((3, 2), (4, 5), (6, 2), (6, 4)), (4, 2))","(((3, 2), (4, 4), (6, 2), (6, 4)), (4, 2))",11,4,15.0,11,,,pruned,,,1690
"(((3, 2), (4, 4), (6, 1), (6, 4)), (4, 2))","(((3, 2), (4, 4), (6, 2), (6, 4)), (4, 2))",11,4,15.0,11,,,pruned,,,1691
"(((3, 2), (4, 4), (6, 2), (6, 4)), (4, 2))","(((3, 2), (4, 4), (5, 2), (6, 4)), (4, 2))",10,3.0,13.0,10,8,2,expanded,False,True,1692
"(((4, 2), (4, 3), (6, 1), (6, 4)), (1, 1))","(((4, 2), (4, 3), (6, 2), (6, 4)), (1, 1))",11,4,15.0,11,,,pruned,,,1693
"(((4, 2), (4, 3), (6, 2), (6, 4)), (1, 1))","(((3, 2), (4, 3), (6, 2), (6, 4)), (1, 1))",10,3.0,13.0,10,8,1,expanded,False,True,1694
"(((4, 2), (5, 2), (5, 3), (6, 4)), (1, 1))","(((3, 2), (5, 2), (5, 3), (6, 4)), (1, 1))",10,3.0,13.0,10,2,0,expanded,False,True,1695
"(((4, 3), (5, 1), (6, 2), (6, 3)), (1, 1))","(((4, 3), (5, 2), (6, 2), (6, 3)), (1, 1))",11,4,15.0,11,,,pruned,,,1696
"(((4, 3), (5, 2), (6, 2), (6, 3)), (1, 1))","(((4, 2), (4, 3), (6, 2), (6, 3)), (1, 1))",10,3.0,13.0,10,4,1,expanded,False,True,1697
"(((4, 5), (5, 2), (6, 2), (6, 3)), (1, 1))","(((4, 4), (5, 2), (6, 2), (6, 3)), (1, 1))",12,3,15.0,12,,,pruned,,,1698
"(((4, 4), (5, 1), (6, 2), (6, 3)), (1, 1))","(((4, 4), (5, 2), (6, 2), (6, 3)), (1, 1))",12,3,15.0,12,,,pruned,,,1699
"(((4, 4), (5, 2), (6, 2), (6, 3)), (1, 1))","(((4, 4), (5, 2), (5, 3), (6, 2)), (1, 1))",11,2.0,13.0,11,4,2,expanded,False,True,1700
"(((5, 1), (6, 2), (6, 3), (6, 4)), (1, 1))","(((5, 2), (6, 2), (6, 3), (6, 4)), (1, 1))",12,3,15.0,12,,,pruned,,,1701
"(((5, 2), (6, 2), (6, 3), (6, 4)), (1, 1))","(((5, 2), (5, 3), (6, 2), (6, 4)), (1, 1))",11,2.0,13.0,11,2,1,expanded,False,True,1702
"(((5, 2), (5, 3), (6, 2), (8, 4)), (1, 1))","(((5, 2), (5, 3), (6, 2), (7, 4)), (1, 1))",12,3,15.0,12,,,pruned,,,1703
"(((5, 2), (5, 3), (6, 1), (7, 4)), (1, 1))","(((5, 2), (5, 3), (6, 2), (7, 4)), (1, 1))",12,3,15.0,12,,,pruned,,,1704
"(((5, 2), (5, 3), (6, 2), (7, 4)), (1, 1))","(((5, 2), (5, 3), (6, 2), (6, 4)), (1, 1))",11,2.0,13.0,11,4,2,expanded,False,True,1705
"(((4, 3), (5, 2), (5, 3), (6, 4)), (5, 1))","(((4, 3), (5, 2), (5, 3), (6, 3)), (1, 1))",11,2.0,13.0,11,2,0,expanded,False,True,1706
"(((4, 5), (5, 2), (5, 3), (6, 3)), (1, 1))","(((4, 4), (5, 2), (5, 3), (6, 3)), (1, 1))",12,3,15.0,12,,,pruned,,,1707
"(((4, 4), (5, 2), (5, 3), (6, 3)), (1, 1))","(((4, 3), (5, 2), (5, 3), (6, 3)), (1, 1))",11,2.0,13.0,11,3,1,expanded,False,True,1708
"(((4, 3), (5, 3), (6, 2), (6, 3)), (1, 1))","(((4, 3), (5, 2), (5, 3), (6, 3)), (1, 1))",11,2.0,13.0,11,6,0,expanded,False,True,1709
"(((4, 5), (5, 2), (6, 2), (7, 2)), (1, 1))","(((4, 4), (5, 2), (6, 2), (7, 2)), (1, 1))",12,3,15.0,12,,,pruned,,,1710
"(((4, 4), (5, 2), (6, 1), (7, 2)), (1, 1))","(((4, 4), (5, 2), (6, 2), (7, 2)), (1, 1))",12,3,15.0,12,,,pruned,,,1711
"(((4, 4), (5, 1), (6, 2), (7, 2)), (1, 1))","(((4, 4), (5, 2), (6, 2), (7, 2)), (1, 1))",12,3,15.0,12,,,pruned,,,1712
"(((4, 4), (5, 2), (6, 2), (7, 2)), (1, 1))","(((4, 3), (5, 2), (6, 2), (7, 2)), (1, 1))",11,2.0,13.0,11,4,3,expanded,False,True,1713
"(((4, 2), (4, 4), (5, 3), (6, 4)), (5, 1))","(((4, 2), (4, 4), (5, 3), (6, 3)), (5, 1))",11,2.0,13.0,11,4,0,expanded,False,True,1714
"(((4, 3), (5, 3), (6, 1), (7, 2)), (1, 1))","(((4, 3), (5, 3), (6, 2), (7, 2)), (1, 1))",12,3,15.0,12,,,pruned,,,1715
"(((4, 3), (5, 3), (6, 2), (7, 2)), (1, 1))","(((4, 3), (5, 2), (5, 3), (7, 2)), (1, 1))",11,2.0,13.0,11,6,1,expanded,False,True,1716
"(((4, 5), (5, 2), (5, 3), (7, 2)), (1, 1))","(((4, 4), (5, 2), (5, 3), (7, 2)), (1, 1))",12,3,15.0,12,,,pruned,,,1717
"(((4, 4), (5, 2), (5, 3), (7, 2)), (1, 1))","(((4, 3), (5, 2), (5, 3), (7, 2)), (1, 1))",11,2.0,13.0,11,4,1,expanded,False,True,1718
"(((5, 2), (5, 4), (6, 1), (6, 4)), (1, 1))","(((5, 2), (5, 4), (6, 2), (6, 4)), (1, 1))",12,3,15.0,12,,,pruned,,,1719
"(((5, 1), (5, 4), (6, 2), (6, 4)), (1, 1))","(((5, 2), (5, 4), (6, 2), (6, 4)), (1, 1))",12,3,15.0,12,,,pruned,,,1720
"(((5, 2), (5, 4), (6, 2), (6, 4)), (1, 1))","(((4, 2), (5, 4), (6, 2), (6, 4)), (1, 1))",11,2.0,13.0,11,2,2,expanded,True,True,1721
"(((5, 2), (5, 3), (6, 4), (7, 2)), (1, 1))","(((4, 2), (5, 3), (6, 4), (7, 2)), (1, 1))",11,2.0,13.0,11,3,0,expanded,False,True,1722
"(((5, 2), (5, 3), (6, 3), (6, 4)), (1, 1))","(((4, 2), (5, 3), (6, 3), (6, 4)), (1, 1))",11,2.0,13.0,11,2,0,expanded,False,True,1723
"(((5, 3), (6, 2), (6, 3), (7, 2)), (1, 1))","(((5, 2), (5, 3), (6, 3), (7, 2)), (1, 1))",11,2.0,13.0,11,2,0,expanded,False,True,1724
"(((5, 3), (5, 4), (6, 2), (7, 2)), (1, 1))","(((5, 2), (5, 3), (5, 4), (7, 2)), (1, 1))",11,2.0,13.0,11,3,0,expanded,False,True,1725
"(((5, 2), (5, 3), (5, 4), (6, 4)), (1, 1))","(((4, 2), (5, 3), (5, 4), (6, 4)), (1, 1))",11,2.0,13.0,11,2,0,expanded,False,True,1726
"(((5, 3), (5, 4), (6, 2), (6, 3)), (1, 1))","(((5, 2), (5, 3), (5, 4), (6, 3)), (1, 1))",11,2.0,13.0,11,4,0,expanded,False,True,1727
"(((5, 2), (6, 1), (6, 4), (7, 2)), (1, 1))","(((5, 2), (6, 2), (6, 4), (7, 2)), (1, 1))",12,3,15.0,12,,,pruned,,,1728
"(((5, 1), (6, 2), (6, 4), (7, 2)), (1, 1))","(((5, 2), (6, 2), (6, 4), (7, 2)), (1, 1))",12,3,15.0,12,,,pruned,,,1729
"(((5, 2), (6, 2), (6, 4), (7, 2)), (1, 1))","(((4, 2), (6, 2), (6, 4), (7, 2)), (1, 1))",11,2.0,13.0,11,3,2,expanded,False,True,1730
"(((4, 3), (5, 1), (6, 2), (6, 4)), (1, 1))","(((4, 3), (5, 2), (6, 2), (6, 4)), (1, 1))",12,3,15.0,12,,,pruned,,,1731
"(((4, 3), (5, 2), (6, 1), (6, 4)), (1, 1))","(((4, 3), (5, 2), (6, 2), (6, 4)), (1, 1))",12,3,15.0,12,,,pruned,,,1732
"(((4, 3), (5, 2), (6, 2), (6, 4)), (1, 1))","(((4, 2), (4, 3), (6, 2), (6, 4)), (1, 1))",11,2.0,13.0,11,5,2,expanded,False,True,1733
"(((4, 5), (5, 3), (6, 2), (6, 3)), (1, 1))","(((4, 4), (5, 3), (6, 2), (6, 3)), (1, 1))",13,2,15.0,13,,,pruned,,,1734
"(((4, 4), (5, 3), (6, 2), (6, 3)), (1, 1))","(((4, 4), (5, 2), (6, 2), (6, 3)), (1, 1))",12,1.0,13.0,12,6,1,expanded,False,True,1735
"(((4, 5), (5, 3), (6, 2), (7, 2)), (1, 1))","(((4, 4), (5, 3), (6, 2), (7, 2)), (1, 1))",13,2,15.0,13,,,pruned,,,1736
"(((4, 4), (5, 3), (6, 2), (7, 2)), (1, 1))","(((4, 3), (5, 3), (6, 2), (7, 2)), (1, 1))",12,1.0,13.0,12,5,1,expanded,False,True,1737
"(((5, 3), (6, 2), (6, 4), (7, 2)), (1, 1))","(((5, 2), (5, 3), (6, 4), (7, 2)), (1, 1))",12,1.0,13.0,12,5,0,expanded,False,True,1738
"(((5, 3), (6, 2), (6, 3), (6, 4)), (1, 1))","(((5, 2), (5, 3), (6, 3), (6, 4)), (1, 1))",12,1.0,13.0,12,6,0,expanded,False,True,1739
"(((5, 3), (5, 4), (6, 2), (6, 4)), (1, 1))","(((5, 2), (5, 3), (5, 4), (6, 4)), (1, 1))",12,1.0,13.0,12,4,0,expanded,False,True,1740
"(((4, 5), (5, 2), (6, 2), (6, 4)), (1, 1))","(((4, 4), (5, 2), (6, 2), (6, 4)), (1, 1))",13,2,15.0,13,,,pruned,,,1741
"(((4, 4), (5, 2), (6, 1), (6, 4)), (1, 1))","(((4, 4), (5, 2), (6, 2), (6, 4)), (1, 1))",13,2,15.0,13,,,pruned,,,1742
"(((4, 4), (5, 1), (6, 2), (6, 4)), (1, 1))","(((4, 4), (5, 2), (6, 2), (6, 4)), (1, 1))",13,2,15.0,13,,,pruned,,,1743
"(((4, 4), (5, 2), (6, 2), (6, 4)), (1, 1))","(((4, 3), (5, 2), (6, 2), (6, 4)), (1, 1))",12,1.0,13.0,12,5,3,expanded,False,True,1744
"(((2, 1), (3, 2), (4, 2), (6, 3)), (1, 1))","(((2, 2), (3, 2), (4, 2), (6, 3)), (1, 1))",6,11,17.0,6,,,pruned,,,1745
"(((2, 2), (3, 2), (4, 2), (6, 3)), (1, 1))","(((2, 2), (3, 2), (5, 2), (6, 3)), (1, 1))",5,10.0,15.0,5,4,1,expanded,False,True,1746
"(((2, 2), (3, 2), (4, 2), (8, 2)), (1, 1))","(((2, 2), (3, 2), (4, 2), (7, 2)), (1, 1))",6,11,17.0,6,,,pruned,,,1747
"(((2, 1), (3, 2), (4, 2), (7, 2)), (1, 1))","(((2, 2), (3, 2), (4, 2), (7, 2)), (1, 1))",6,11,17.0,6,,,pruned,,,1748
"(((2, 2), (3, 2), (4, 2), (7, 2)), (1, 1))","(((2, 2), (3, 2), (4, 3), (7, 2)), (1, 1))",5,10.0,15.0,5,4,2,expanded,False,True,1749
"(((2, 1), (3, 2), (4, 2), (5, 2)), (1, 1))","(((2, 2), (3, 2), (4, 2), (5, 2)), (1, 1))",6,11,17.0,6,,,pruned,,,1750
"(((2, 2), (3, 2), (4, 2), (5, 1)), (1, 1))","(((2, 2), (3, 2), (4, 2), (5, 2)), (1, 1))",6,11,17.0,6,,,pruned,,,1751
"(((2, 2), (3, 2), (4, 2), (5, 2)), (1, 1))","(((2, 2), (3, 2), (4, 3), (5, 2)), (1, 1))",5,10.0,15.0,5,4,2,expanded,False,True,1752
"(((2, 1), (3, 2), (4, 2), (4, 3)), (1, 1))","(((2, 2), (3, 2), (4, 2), (4, 3)), (1, 1))",6,11,17.0,6,,,pruned,,,1753
"(((2, 2), (3, 2), (4, 2), (4, 3)), (1, 1))","(((2, 2), (3, 2), (4, 3), (5, 2)), (1, 1))",5,10.0,15.0,5,2,1,expanded,False,True,1754
"(((2, 1), (3, 2), (4, 2), (5, 4)), (1, 1))","(((2, 2), (3, 2), (4, 2), (5, 4)), (1, 1))",6,11,17.0,6,,,pruned,,,1755
"(((2, 2), (3, 2), (4, 2), (5, 4)), (1, 1))","(((2, 2), (3, 2), (5, 2), (5, 4)), (1, 1))",5,10.0,15.0,5,4,1,expanded,False,True,1756
"(((2, 2), (3, 2), (7, 2), (8, 4)), (1, 1))","(((2, 2), (3, 2), (7, 2), (7, 4)), (1, 1))",7,10,17.0,7,,,pruned,,,1757
"(((2, 2), (3, 2), (7, 4), (8, 2)), (1, 1))","(((2, 2), (3, 2), (7, 2), (7, 4)), (1, 1))",7,10,17.0,7,,,pruned,,,1758
"(((2, 1), (3, 2), (7, 2), (7, 4)), (1, 1))","(((2, 2), (3, 2), (7, 2), (7, 4)), (1, 1))",7,10,17.0,7,,,pruned,,,1759
"(((2, 2), (3, 2), (7, 2), (7, 4)), (1, 1))","(((2, 2), (4, 2), (7, 2), (7, 4)), (1, 1))",6,9.0,15.0,6,4,3,expanded,False,True,1760
"(((2, 2), (3, 2), (6, 3), (8, 4)), (1, 1))","(((2, 2), (3, 2), (6, 3), (7, 4)), (1, 1))",7,10,17.0,7,,,pruned,,,1761
"(((2, 1), (3, 2), (6, 3), (7, 4)), (1, 1))","(((2, 2), (3, 2), (6, 3), (7, 4)), (1, 1))",7,10,17.0,7,,,pruned,,,1762
"(((2, 2), (3, 2), (6, 3), (7, 4)), (1, 1))","(((2, 2), (4, 2), (6, 3), (7, 4)), (1, 1))",6,9.0,15.0,6,6,2,expanded,False,True,1763
"(((2, 2), (3, 2), (5, 1), (7, 4)), (1, 1))","(((2, 2), (3, 2), (5, 2), (7, 4)), (1, 1))",7,10,17.0,7,,,pruned,,,1764
"(((2, 2), (3, 2), (5, 2), (8, 4)), (1, 1))","(((2, 2), (3, 2), (5, 2), (7, 4)), (1, 1))",7,10,17.0,7,,,pruned,,,1765
"(((2, 1), (3, 2), (5, 2), (7, 4)), (1, 1))","(((2, 2), (3, 2), (5, 2), (7, 4)), (1, 1))",7,10,17.0,7,,,pruned,,,1766
"(((2, 2), (3, 2), (5, 2), (7, 4)), (1, 1))","(((2, 2), (3, 2), (6, 2), (7, 4)), (1, 1))",6,9.0,15.0,6,8,3,expanded,False,True,1767
"(((2, 1), (3, 2), (4, 2), (6, 4)), (1, 1))","(((2, 2), (3, 2), (4, 2), (6, 4)), (1, 1))",7,10,17.0,7,,,pruned,,,1768
"(((2, 2), (3, 2), (4, 2), (6, 4)), (1, 1))","(((2, 2), (3, 2), (5, 2), (6, 4)), (1, 1))",6,9.0,15.0,6,4,1,expanded,False,True,1769
"(((2, 2), (3, 2), (4, 2), (4, 5)), (4, 3))","(((2, 2), (3, 2), (4, 2), (4, 4)), (4, 3))",7,10,17.0,7,,,pruned,,,1770
"(((2, 2), (3, 2), (4, 2), (4, 4)), (4, 3))","(((2, 2), (3, 2), (4, 4), (5, 2)), (4, 2))",6,9.0,15.0,6,1,1,expanded,True,True,1771
"(((2, 2), (3, 2), (4, 3), (8, 4)), (1, 1))","(((2, 2), (3, 2), (4, 3), (7, 4)), (1, 1))",7,10,17.0,7,,,pruned,,,1772
"(((2, 1), (3, 2), (4, 3), (7, 4)), (1, 1))","(((2, 2), (3, 2), (4, 3), (7, 4)), (1, 1))",7,10,17.0,7,,,pruned,,,1773
"(((2, 2), (3, 2), (4, 3), (7, 4)), (1, 1))","(((2, 2), (4, 2), (4, 3), (7, 4)), (1, 1))",6,9.0,15.0,6,6,2,expanded,False,True,1774
"(((2, 2), (3, 2), (4, 3), (5, 4)), (4, 2))","(((2, 2), (4, 2), (4, 3), (5, 4)), (5, 1))",6,9.0,15.0,6,2,0,expanded,False,True,1775
"(((2, 2), (3, 2), (5, 4), (8, 4)), (1, 1))","(((2, 2), (3, 2), (5, 4), (7, 4)), (1, 1))",7,10,17.0,7,,,pruned,,,1776
"(((2, 1), (3, 2), (5, 4), (7, 4)), (1, 1))","(((2, 2), (3, 2), (5, 4), (7, 4)), (1, 1))",7,10,17.0,7,,,pruned,,,1777
"(((2, 2), (3, 2), (5, 4), (7, 4)), (1, 1))","(((2, 2), (3, 2), (5, 3), (7, 4)), (1, 1))",6,9.0,15.0,6,6,2,expanded,False,True,1778
"(((2, 3), (3, 2), (4, 2), (6, 3)), (1, 1))","(((2, 2), (3, 2), (4, 2), (6, 3)), (1, 1))",6,9.0,15.0,6,1,0,expanded,False,True,1779
"(((2, 3), (3, 2), (4, 2), (7, 2)), (1, 1))","(((2, 2), (3, 2), (4, 2), (7, 2)), (1, 1))",6,9.0,15.0,6,1,0,expanded,False,True,1780
"(((2, 3), (3, 2), (4, 2), (5, 2)), (1, 1))","(((2, 2), (3, 2), (4, 2), (5, 2)), (1, 1))",6,9.0,15.0,6,1,0,expanded,False,True,1781
"(((2, 3), (3, 2), (4, 2), (4, 3)), (1, 1))","(((2, 2), (3, 2), (4, 2), (4, 3)), (1, 1))",6,9.0,15.0,6,1,0,expanded,False,True,1782
"(((2, 3), (3, 2), (4, 2), (5, 4)), (1, 1))","(((2, 2), (3, 2), (4, 2), (5, 4)), (1, 1))",6,9.0,15.0,6,1,0,expanded,False,True,1783
"(((2, 3), (3, 2), (4, 3), (6, 3)), (2, 4))","(((2, 3), (4, 2), (4, 3), (6, 3)), (2, 4))",7,8.0,15.0,7,6,0,expanded,False,True,1784
"(((2, 3), (3, 2), (5, 4), (6, 3)), (2, 4))","(((2, 3), (4, 2), (5, 4), (6, 3)), (2, 4))",7,8.0,15.0,7,6,0,expanded,False,True,1785
"(((2, 3), (3, 2), (5, 1), (6, 3)), (2, 4))","(((2, 3), (3, 2), (5, 2), (6, 3)), (2, 4))",8,9,17.0,8,,,pruned,,,1786
"(((2, 3), (3, 2), (5, 2), (6, 3)), (2, 4))","(((2, 3), (3, 2), (5, 3), (6, 3)), (2, 4))",7,8.0,15.0,7,8,1,expanded,False,True,1787
"(((1, 2), (2, 3), (5, 3), (6, 3)), (1, 1))","(((2, 2), (2, 3), (5, 3), (6, 3)), (2, 4))",8,9,17.0,8,,,pruned,,,1788
"(((2, 2), (2, 3), (5, 3), (6, 3)), (2, 4))","(((2, 3), (3, 2), (5, 3), (6, 3)), (2, 4))",7,8.0,15.0,7,5,1,expanded,False,True,1789
"(((2, 3), (3, 2), (4, 3), (8, 2)), (2, 4))","(((2, 3), (3, 2), (4, 3), (7, 2)), (2, 4))",8,9,17.0,8,,,pruned,,,1790
"(((2, 3), (3, 2), (4, 3), (7, 2)), (2, 4))","(((2, 3), (4, 2), (4, 3), (7, 2)), (2, 4))",7,8.0,15.0,7,6,1,expanded,False,True,1791
"(((2, 3), (3, 2), (6, 3), (8, 2)), (2, 4))","(((2, 3), (3, 2), (6, 3), (7, 2)), (2, 4))",8,9,17.0,8,,,pruned,,,1792
"(((2, 3), (3, 2), (6, 3), (7, 2)), (2, 4))","(((2, 3), (4, 2), (6, 3), (7, 2)), (2, 4))",7,8.0,15.0,7,6,1,expanded,False,True,1793
"(((2, 3), (3, 2), (5, 4), (8, 2)), (2, 4))","(((2, 3), (3, 2), (5, 4), (7, 2)), (2, 4))",8,9,17.0,8,,,pruned,,,1794
"(((2, 3), (3, 2), (5, 4), (7, 2)), (2, 4))","(((2, 3), (4, 2), (5, 4), (7, 2)), (2, 4))",7,8.0,15.0,7,6,1,expanded,False,True,1795
"(((2, 3), (3, 2), (5, 2), (8, 2)), (2, 4))","(((2, 3), (3, 2), (5, 2), (7, 2)), (2, 4))",8,9,17.0,8,,,pruned,,,1796
"(((2, 3), (3, 2), (5, 1), (7, 2)), (2, 4))","(((2, 3), (3, 2), (5, 2), (7, 2)), (2, 4))",8,9,17.0,8,,,pruned,,,1797
"(((2, 3), (3, 2), (5, 2), (7, 2)), (2, 4))","(((2, 3), (3, 2), (5, 3), (7, 2)), (2, 4))",7,8.0,15.0,7,8,2,expanded,False,True,1798
"(((2, 2), (2, 3), (5, 3), (8, 2)), (2, 4))","(((2, 2), (2, 3), (5, 3), (7, 2)), (2, 4))",8,9,17.0,8,,,pruned,,,1799
"(((1, 2), (2, 3), (5, 3), (7, 2)), (1, 1))","(((2, 2), (2, 3), (5, 3), (7, 2)), (2, 4))",8,9,17.0,8,,,pruned,,,1800
"(((2, 2), (2, 3), (5, 3), (7, 2)), (2, 4))","(((2, 3), (3, 2), (5, 3), (7, 2)), (2, 4))",7,8.0,15.0,7,7,2,expanded,False,True,1801
"(((2, 2), (3, 2), (4, 3), (4, 4)), (4, 2))","(((2, 2), (4, 2), (4, 3), (4, 4)), (5, 1))",7,8.0,15.0,7,0,0,expanded,False,True,1802
"(((2, 2), (3, 2), (4, 5), (5, 4)), (4, 2))","(((2, 2), (3, 2), (4, 4), (5, 4)), (4, 2))",8,9,17.0,8,,,pruned,,,1803
"(((2, 2), (3, 2), (4, 4), (5, 4)), (4, 2))","(((2, 2), (4, 2), (4, 4), (5, 4)), (4, 3))",7,8.0,15.0,7,1,1,expanded,True,True,1804
"(((2, 2), (3, 2), (4, 5), (7, 4)), (4, 2))","(((2, 2), (3, 2), (4, 4), (7, 4)), (4, 2))",8,9,17.0,8,,,pruned,,,1805
"(((2, 2), (3, 2), (4, 4), (8, 4)), (4, 2))","(((2, 2), (3, 2), (4, 4), (7, 4)), (4, 2))",8,9,17.0,8,,,pruned,,,1806
"(((2, 2), (3, 2), (4, 4), (7, 4)), (4, 2))","(((2, 2), (4, 2), (4, 4), (7, 4)), (4, 3))",7,8.0,15.0,7,3,2,expanded,False,True,1807
"(((2, 1), (3, 2), (6, 4), (7, 4)), (1, 1))","(((2, 2), (3, 2), (6, 4), (7, 4)), (1, 1))",8,9,17.0,8,,,pruned,,,1808
"(((2, 2), (3, 2), (6, 4), (7, 4)), (1, 1))","(((2, 2), (4, 2), (6, 4), (7, 4)), (1, 1))",7,8.0,15.0,7,2,1,expanded,False,True,1809
"(((2, 3), (3, 2), (7, 2), (7, 4)), (1, 1))","(((2, 2), (3, 2), (7, 2), (7, 4)), (1, 1))",7,8.0,15.0,7,2,0,expanded,False,True,1810
"(((2, 3), (3, 2), (6, 3), (7, 4)), (1, 1))","(((2, 2), (3, 2), (6, 3), (7, 4)), (1, 1))",7,8.0,15.0,7,2,0,expanded,False,True,1811
"(((2, 3), (3, 2), (5, 2), (7, 4)), (1, 1))","(((2, 2), (3, 2), (5, 2), (7, 4)), (1, 1))",7,8.0,15.0,7,2,0,expanded,False,True,1812
"(((2, 3), (3, 2), (4, 2), (6, 4)), (1, 1))","(((2, 2), (3, 2), (4, 2), (6, 4)), (1, 1))",7,8.0,15.0,7,1,0,expanded,False,True,1813
"(((2, 3), (3, 2), (4, 3), (7, 4)), (1, 1))","(((2, 2), (3, 2), (4, 3), (7, 4)), (1, 1))",7,8.0,15.0,7,2,0,expanded,False,True,1814
"(((2, 3), (3, 2), (5, 4), (7, 4)), (1, 1))","(((2, 2), (3, 2), (5, 4), (7, 4)), (1, 1))",7,8.0,15.0,7,2,0,expanded,False,True,1815
"(((2, 5), (3, 2), (4, 2), (6, 3)), (1, 1))","(((2, 4), (3, 2), (4, 2), (6, 3)), (1, 1))",8,9,17.0,8,,,pruned,,,1816
"(((2, 4), (3, 2), (4, 2), (6, 3)), (1, 1))","(((2, 3), (3, 2), (4, 2), (6, 3)), (1, 1))",7,8.0,15.0,7,1,1,expanded,True,True,1817
"(((2, 5), (3, 2), (4, 2), (7, 2)), (1, 1))","(((2, 4), (3, 2), (4, 2), (7, 2)), (1, 1))",8,9,17.0,8,,,pruned,,,1818
"(((2, 4), (3, 2), (4, 2), (7, 2)), (1, 1))","(((2, 3), (3, 2), (4, 2), (7, 2)), (1, 1))",7,8.0,15.0,7,1,1,expanded,True,True,1819
"(((2, 5), (3, 2), (4, 2), (5, 2)), (1, 1))","(((2, 4), (3, 2), (4, 2), (5, 2)), (1, 1))",8,9,17.0,8,,,pruned,,,1820
"(((2, 4), (3, 2), (4, 2), (5, 2)), (1, 1))","(((2, 3), (3, 2), (4, 2), (5, 2)), (1, 1))",7,8.0,15.0,7,1,1,expanded,True,True,1821
"(((2, 5), (3, 2), (4, 2), (4, 3)), (1, 1))","(((2, 4), (3, 2), (4, 2), (4, 3)), (1, 1))",8,9,17.0,8,,,pruned,,,1822
"(((2, 4), (3, 2), (4, 2), (4, 3)), (1, 1))","(((2, 3), (3, 2), (4, 2), (4, 3)), (1, 1))",7,8.0,15.0,7,1,1,expanded,True,True,1823
"(((2, 5), (3, 2), (4, 2), (5, 4)), (1, 1))","(((2, 4), (3, 2), (4, 2), (5, 4)), (1, 1))",8,9,17.0,8,,,pruned,,,1824
"(((2, 4), (3, 2), (4, 2), (5, 4)), (1, 1))","(((2, 3), (3, 2), (4, 2), (5, 4)), (1, 1))",7,8.0,15.0,7,1,1,expanded,True,True,1825
"(((2, 4), (3, 2), (4, 3), (6, 3)), (2, 5))","(((2, 4), (4, 2), (4, 3), (6, 3)), (2, 5))",8,7.0,15.0,8,6,0,expanded,False,True,1826
"(((2, 4), (3, 2), (5, 4), (6, 3)), (2, 5))","(((2, 4), (4, 2), (5, 4), (6, 3)), (2, 5))",8,7.0,15.0,8,6,0,expanded,False,True,1827
"(((2, 4), (3, 2), (5, 1), (6, 3)), (2, 5))","(((2, 4), (3, 2), (5, 2), (6, 3)), (2, 5))",9,8,17.0,9,,,pruned,,,1828
"(((2, 4), (3, 2), (5, 2), (6, 3)), (2, 5))","(((2, 4), (3, 2), (5, 3), (6, 3)), (2, 5))",8,7.0,15.0,8,8,1,expanded,False,True,1829
"(((1, 2), (2, 4), (5, 3), (6, 3)), (1, 1))","(((2, 2), (2, 4), (5, 3), (6, 3)), (2, 5))",9,8,17.0,9,,,pruned,,,1830
"(((2, 2), (2, 4), (5, 3), (6, 3)), (2, 5))","(((2, 4), (3, 2), (5, 3), (6, 3)), (2, 5))",8,7.0,15.0,8,6,1,expanded,False,True,1831
"(((2, 2), (5, 4), (6, 3), (8, 2)), (1, 1))","(((2, 2), (5, 4), (6, 3), (7, 2)), (1, 1))",9,8,17.0,9,,,pruned,,,1832
"(((1, 2), (5, 4), (6, 3), (7, 2)), (1, 1))","(((2, 2), (5, 4), (6, 3), (7, 2)), (1, 1))",9,8,17.0,9,,,pruned,,,1833
"(((2, 1), (5, 4), (6, 3), (7, 2)), (1, 1))","(((2, 2), (5, 4), (6, 3), (7, 2)), (1, 1))",9,8,17.0,9,,,pruned,,,1834
"(((2, 2), (5, 4), (6, 3), (7, 2)), (1, 1))","(((2, 2), (5, 4), (6, 2), (6, 3)), (1, 1))",8,7.0,15.0,8,7,3,expanded,False,True,1835
"(((1, 2), (4, 3), (5, 4), (7, 2)), (1, 1))","(((2, 2), (4, 3), (5, 4), (7, 2)), (3, 2))",9,8,17.0,9,,,pruned,,,1836
"(((2, 2), (4, 3), (5, 4), (8, 2)), (3, 2))","(((2, 2), (4, 3), (5, 4), (7, 2)), (3, 2))",9,8,17.0,9,,,pruned,,,1837
"(((2, 2), (4, 3), (5, 4), (7, 2)), (3, 2))","(((2, 2), (4, 3), (5, 4), (6, 2)), (3, 2))",8,7.0,15.0,8,5,2,expanded,False,True,1838
"(((2, 2), (4, 3), (5, 1), (5, 4)), (3, 2))","(((2, 2), (4, 3), (5, 2), (5, 4)), (5, 1))",9,8,17.0,9,,,pruned,,,1839
"(((2, 2), (4, 3), (5, 2), (5, 4)), (5, 1))","(((2, 2), (4, 3), (5, 4), (6, 2)), (3, 2))",8,7.0,15.0,8,4,1,expanded,False,True,1840
"(((1, 2), (4, 3), (5, 4), (6, 3)), (1, 1))","(((2, 2), (4, 3), (5, 4), (6, 3)), (3, 2))",9,8,17.0,9,,,pruned,,,1841
"(((2, 2), (4, 3), (5, 4), (6, 3)), (3, 2))","(((2, 2), (4, 3), (5, 4), (6, 2)), (3, 2))",8,7.0,15.0,8,5,1,expanded,False,True,1842
"(((2, 3), (4, 2), (4, 3), (5, 4)), (5, 1))","(((2, 3), (4, 3), (5, 2), (5, 4)), (5, 1))",8,7.0,15.0,8,2,0,expanded,False,True,1843
"(((2, 3), (4, 2), (4, 3), (5, 1)), (2, 4))","(((2, 3), (4, 2), (4, 3), (5, 2)), (2, 4))",9,8,17.0,9,,,pruned,,,1844
"(((2, 3), (4, 2), (4, 3), (5, 2)), (2, 4))","(((2, 3), (4, 2), (4, 3), (5, 3)), (2, 4))",8,7.0,15.0,8,3,1,expanded,False,True,1845
"(((2, 3), (3, 2), (4, 3), (5, 3)), (2, 4))","(((2, 3), (4, 2), (4, 3), (5, 3)), (2, 4))",8,7.0,15.0,8,6,0,expanded,False,True,1846
"(((2, 3), (3, 2), (6, 2), (6, 3)), (2, 4))","(((2, 3), (4, 2), (6, 2), (6, 3)), (2, 4))",8,7.0,15.0,8,4,0,expanded,False,True,1847
"(((2, 3), (3, 2), (4, 3), (6, 1)), (2, 4))","(((2, 3), (3, 2), (4, 3), (6, 2)), (2, 4))",9,8,17.0,9,,,pruned,,,1848
"(((2, 3), (3, 2), (4, 3), (6, 2)), (2, 4))","(((2, 3), (4, 2), (4, 3), (6, 2)), (2, 4))",8,7.0,15.0,8,8,1,expanded,False,True,1849
"(((2, 3), (4, 2), (5, 1), (5, 4)), (2, 4))","(((2, 3), (4, 2), (5, 2), (5, 4)), (2, 4))",9,8,17.0,9,,,pruned,,,1850
"(((2, 3), (4, 2), (5, 2), (5, 4)), (2, 4))","(((2, 3), (4, 2), (5, 4), (6, 2)), (2, 4))",8,7.0,15.0,8,5,1,expanded,False,True,1851
"(((2, 3), (3, 2), (5, 4), (6, 1)), (2, 4))","(((2, 3), (3, 2), (5, 4), (6, 2)), (2, 4))",9,8,17.0,9,,,pruned,,,1852
"(((2, 3), (3, 2), (5, 4), (6, 2)), (2, 4))","(((2, 3), (4, 2), (5, 4), (6, 2)), (2, 4))",8,7.0,15.0,8,8,1,expanded,False,True,1853
"(((2, 3), (3, 2), (5, 2), (6, 1)), (2, 4))","(((2, 3), (3, 2), (5, 2), (6, 2)), (2, 4))",9,8,17.0,9,,,pruned,,,1854
"(((2, 3), (3, 2), (5, 1), (6, 2)), (2, 4))","(((2, 3), (3, 2), (5, 2), (6, 2)), (2, 4))",9,8,17.0,9,,,pruned,,,1855
"(((2, 3), (3, 2), (5, 2), (6, 2)), (2, 4))","(((2, 3), (3, 2), (5, 3), (6, 2)), (2, 4))",8,7.0,15.0,8,6,2,expanded,False,True,1856
"(((2, 3), (3, 2), (5, 2), (5, 3)), (2, 4))","(((2, 3), (3, 2), (5, 3), (6, 2)), (2, 4))",8,7.0,15.0,8,6,0,expanded,False,True,1857
"(((2, 2), (2, 3), (5, 3), (6, 1)), (2, 4))","(((2, 2), (2, 3), (5, 3), (6, 2)), (2, 4))",9,8,17.0,9,,,pruned,,,1858
"(((1, 2), (2, 3), (5, 3), (6, 2)), (1, 1))","(((2, 2), (2, 3), (5, 3), (6, 2)), (2, 4))",9,8,17.0,9,,,pruned,,,1859
"(((2, 2), (2, 3), (5, 3), (6, 2)), (2, 4))","(((2, 3), (3, 2), (5, 3), (6, 2)), (2, 4))",8,7.0,15.0,8,9,2,expanded,False,True,1860
"(((2, 2), (4, 3), (5, 2), (8, 4)), (1, 1))","(((2, 2), (4, 3), (5, 2), (7, 4)), (1, 1))",9,8,17.0,9,,,pruned,,,1861
"(((2, 1), (4, 3), (5, 2), (7, 4)), (1, 1))","(((2, 2), (4, 3), (5, 2), (7, 4)), (1, 1))",9,8,17.0,9,,,pruned,,,1862
"(((2, 2), (4, 3), (5, 1), (7, 4)), (1, 1))","(((2, 2), (4, 3), (5, 2), (7, 4)), (1, 1))",9,8,17.0,9,,,pruned,,,1863
"(((2, 2), (4, 3), (5, 2), (7, 4)), (1, 1))","(((2, 2), (4, 3), (5, 2), (6, 4)), (1, 1))",8,7.0,15.0,8,9,3,expanded,False,True,1864
"(((2, 3), (4, 2), (5, 2), (8, 4)), (2, 4))","(((2, 3), (4, 2), (5, 2), (7, 4)), (2, 4))",9,8,17.0,9,,,pruned,,,1865
"(((2, 3), (4, 2), (5, 1), (7, 4)), (2, 4))","(((2, 3), (4, 2), (5, 2), (7, 4)), (2, 4))",9,8,17.0,9,,,pruned,,,1866
"(((2, 3), (4, 2), (5, 2), (7, 4)), (2, 4))","(((2, 3), (4, 2), (5, 2), (6, 4)), (2, 4))",8,7.0,15.0,8,5,2,expanded,False,True,1867
"(((2, 3), (4, 2), (4, 3), (8, 4)), (2, 4))","(((2, 3), (4, 2), (4, 3), (7, 4)), (2, 4))",9,8,17.0,9,,,pruned,,,1868
"(((2, 3), (4, 2), (4, 3), (7, 4)), (2, 4))","(((2, 3), (4, 3), (5, 2), (7, 4)), (2, 4))",8,7.0,15.0,8,4,1,expanded,False,True,1869
"(((2, 3), (3, 2), (4, 3), (6, 4)), (2, 4))","(((2, 3), (4, 2), (4, 3), (6, 4)), (2, 4))",8,7.0,15.0,8,6,0,expanded,False,True,1870
"(((2, 3), (3, 2), (5, 3), (5, 4)), (2, 4))","(((2, 3), (4, 2), (5, 3), (5, 4)), (5, 1))",8,7.0,15.0,8,6,0,expanded,False,True,1871
"(((2, 3), (3, 2), (5, 4), (6, 4)), (2, 4))","(((2, 3), (4, 2), (5, 4), (6, 4)), (2, 4))",8,7.0,15.0,8,2,0,expanded,False,True,1872
"(((2, 3), (3, 2), (6, 3), (6, 4)), (2, 4))","(((2, 3), (3, 2), (5, 3), (6, 4)), (2, 4))",8,7.0,15.0,8,4,0,expanded,False,True,1873
"(((2, 3), (3, 2), (5, 1), (6, 4)), (2, 4))","(((2, 3), (3, 2), (5, 2), (6, 4)), (2, 4))",9,8,17.0,9,,,pruned,,,1874
"(((2, 3), (3, 2), (5, 2), (6, 4)), (2, 4))","(((2, 3), (3, 2), (5, 3), (6, 4)), (2, 4))",8,7.0,15.0,8,8,1,expanded,False,True,1875
"(((1, 2), (2, 3), (5, 3), (6, 4)), (1, 1))","(((2, 2), (2, 3), (5, 3), (6, 4)), (2, 4))",9,8,17.0,9,,,pruned,,,1876
"(((2, 2), (2, 3), (5, 3), (6, 4)), (2, 4))","(((2, 3), (3, 2), (5, 3), (6, 4)), (2, 4))",8,7.0,15.0,8,7,1,expanded,False,True,1877
"(((2, 3), (3, 2), (5, 3), (8, 4)), (2, 4))","(((2, 3), (3, 2), (5, 3), (7, 4)), (2, 4))",9,8,17.0,9,,,pruned,,,1878
"(((2, 3), (3, 2), (5, 3), (7, 4)), (2, 4))","(((2, 3), (3, 2), (5, 3), (6, 4)), (2, 4))",8,7.0,15.0,8,8,1,expanded,False,True,1879
"(((2, 3), (3, 2), (4, 5), (6, 3)), (4, 2))","(((2, 3), (3, 2), (4, 4), (6, 3)), (4, 2))",9,8,17.0,9,,,pruned,,,1880
"(((2, 3), (3, 2), (4, 4), (6, 3)), (4, 2))","(((2, 3), (4, 2), (4, 4), (6, 3)), (4, 3))",8,7.0,15.0,8,4,1,expanded,False,True,1881
"(((2, 4), (3, 2), (4, 3), (8, 2)), (2, 5))","(((2, 4), (3, 2), (4, 3), (7, 2)), (2, 5))",9,8,17.0,9,,,pruned,,,1882
"(((2, 4), (3, 2), (4, 3), (7, 2)), (2, 5))","(((2, 4), (4, 2), (4, 3), (7, 2)), (2, 5))",8,7.0,15.0,8,6,1,expanded,False,True,1883
"(((2, 4), (3, 2), (6, 3), (8, 2)), (2, 5))","(((2, 4), (3, 2), (6, 3), (7, 2)), (2, 5))",9,8,17.0,9,,,pruned,,,1884
"(((2, 4), (3, 2), (6, 3), (7, 2)), (2, 5))","(((2, 4), (4, 2), (6, 3), (7, 2)), (2, 5))",8,7.0,15.0,8,6,1,expanded,False,True,1885
"(((2, 4), (3, 2), (5, 4), (8, 2)), (2, 5))","(((2, 4), (3, 2), (5, 4), (7, 2)), (2, 5))",9,8,17.0,9,,,pruned,,,1886
"(((2, 4), (3, 2), (5, 4), (7, 2)), (2, 5))","(((2, 4), (4, 2), (5, 4), (7, 2)), (2, 5))",8,7.0,15.0,8,6,1,expanded,False,True,1887
"(((2, 4), (3, 2), (5, 2), (8, 2)), (2, 5))","(((2, 4), (3, 2), (5, 2), (7, 2)), (2, 5))",9,8,17.0,9,,,pruned,,,1888
"(((2, 4), (3, 2), (5, 1), (7, 2)), (2, 5))","(((2, 4), (3, 2), (5, 2), (7, 2)), (2, 5))",9,8,17.0,9,,,pruned,,,1889
"(((2, 4), (3, 2), (5, 2), (7, 2)), (2, 5))","(((2, 4), (3, 2), (5, 3), (7, 2)), (2, 5))",8,7.0,15.0,8,8,2,expanded,False,True,1890
"(((2, 2), (2, 4), (5, 3), (8, 2)), (2, 5))","(((2, 2), (2, 4), (5, 3), (7, 2)), (2, 5))",9,8,17.0,9,,,pruned,,,1891
"(((1, 2), (2, 4), (5, 3), (7, 2)), (1, 1))","(((2, 2), (2, 4), (5, 3), (7, 2)), (2, 5))",9,8,17.0,9,,,pruned,,,1892
"(((2, 2), (2, 4), (5, 3), (7, 2)), (2, 5))","(((2, 4), (3, 2), (5, 3), (7, 2)), (2, 5))",8,7.0,15.0,8,8,2,expanded,False,True,1893
"(((2, 2), (4, 3), (6, 3), (8, 2)), (1, 1))","(((2, 2), (4, 3), (6, 3), (7, 2)), (1, 1))",9,8,17.0,9,,,pruned,,,1894
"(((1, 2), (4, 3), (6, 3), (7, 2)), (1, 1))","(((2, 2), (4, 3), (6, 3), (7, 2)), (1, 1))",9,8,17.0,9,,,pruned,,,1895
"(((2, 1), (4, 3), (6, 3), (7, 2)), (1, 1))","(((2, 2), (4, 3), (6, 3), (7, 2)), (1, 1))",9,8,17.0,9,,,pruned,,,1896
"(((2, 2), (4, 3), (6, 3), (7, 2)), (1, 1))","(((2, 2), (4, 3), (6, 2), (7, 2)), (1, 1))",8,7.0,15.0,8,10,3,expanded,False,True,1897
"(((2, 3), (3, 2), (6, 1), (7, 2)), (2, 4))","(((2, 3), (3, 2), (6, 2), (7, 2)), (2, 4))",9,8,17.0,9,,,pruned,,,1898
"(((2, 3), (3, 2), (6, 2), (7, 2)), (2, 4))","(((2, 3), (4, 2), (6, 2), (7, 2)), (2, 4))",8,7.0,15.0,8,4,1,expanded,False,True,1899
"(((2, 2), (5, 2), (7, 2), (8, 4)), (1, 1))","(((2, 2), (5, 2), (7, 2), (7, 4)), (1, 1))",9,8,17.0,9,,,pruned,,,1900
"(((2, 2), (5, 1), (7, 2), (7, 4)), (1, 1))","(((2, 2), (5, 2), (7, 2), (7, 4)), (1, 1))",9,8,17.0,9,,,pruned,,,1901
"(((2, 2), (5, 2), (7, 4), (8, 2)), (1, 1))","(((2, 2), (5, 2), (7, 2), (7, 4)), (1, 1))",9,8,17.0,9,,,pruned,,,1902
"(((1, 2), (5, 2), (7, 2), (7, 4)), (1, 1))","(((2, 2), (5, 2), (7, 2), (7, 4)), (1, 1))",9,8,17.0,9,,,pruned,,,1903
"(((2, 1), (5, 2), (7, 2), (7, 4)), (1, 1))","(((2, 2), (5, 2), (7, 2), (7, 4)), (1, 1))",9,8,17.0,9,,,pruned,,,1904
"(((2, 2), (5, 2), (7, 2), (7, 4)), (1, 1))","(((2, 2), (5, 2), (6, 4), (7, 2)), (1, 1))",8,7.0,15.0,8,10,5,expanded,False,True,1905
"(((2, 3), (4, 2), (7, 2), (8, 4)), (2, 4))","(((2, 3), (4, 2), (7, 2), (7, 4)), (2, 4))",9,8,17.0,9,,,pruned,,,1906
"(((2, 3), (4, 2), (7, 4), (8, 2)), (2, 4))","(((2, 3), (4, 2), (7, 2), (7, 4)), (2, 4))",9,8,17.0,9,,,pruned,,,1907
"(((2, 3), (4, 2), (7, 2), (7, 4)), (2, 4))","(((2, 3), (5, 2), (7, 2), (7, 4)), (1, 1))",8,7.0,15.0,8,4,2,expanded,False,True,1908
"(((2, 3), (3, 2), (6, 4), (8, 2)), (2, 4))","(((2, 3), (3, 2), (6, 4), (7, 2)), (2, 4))",9,8,17.0,9,,,pruned,,,1909
"(((2, 3), (3, 2), (6, 4), (7, 2)), (2, 4))","(((2, 3), (4, 2), (6, 4), (7, 2)), (2, 4))",8,7.0,15.0,8,4,1,expanded,False,True,1910
"(((2, 2), (5, 2), (6, 3), (8, 4)), (1, 1))","(((2, 2), (5, 2), (6, 3), (7, 4)), (1, 1))",9,8,17.0,9,,,pruned,,,1911
"(((2, 2), (5, 1), (6, 3), (7, 4)), (1, 1))","(((2, 2), (5, 2), (6, 3), (7, 4)), (1, 1))",9,8,17.0,9,,,pruned,,,1912
"(((1, 2), (5, 2), (6, 3), (7, 4)), (1, 1))","(((2, 2), (5, 2), (6, 3), (7, 4)), (1, 1))",9,8,17.0,9,,,pruned,,,1913
"(((2, 1), (5, 2), (6, 3), (7, 4)), (1, 1))","(((2, 2), (5, 2), (6, 3), (7, 4)), (1, 1))",9,8,17.0,9,,,pruned,,,1914
"(((2, 2), (5, 2), (6, 3), (7, 4)), (1, 1))","(((2, 2), (5, 2), (6, 3), (6, 4)), (1, 1))",8,7.0,15.0,8,8,4,expanded,False,True,1915
"(((2, 3), (3, 2), (4, 5), (7, 2)), (4, 2))","(((2, 3), (3, 2), (4, 4), (7, 2)), (4, 2))",9,8,17.0,9,,,pruned,,,1916
"(((2, 3), (3, 2), (4, 4), (8, 2)), (4, 2))","(((2, 3), (3, 2), (4, 4), (7, 2)), (4, 2))",9,8,17.0,9,,,pruned,,,1917
"(((2, 3), (3, 2), (4, 4), (7, 2)), (4, 2))","(((2, 3), (4, 2), (4, 4), (7, 2)), (4, 3))",8,7.0,15.0,8,4,2,expanded,False,True,1918
"(((2, 3), (4, 2), (6, 3), (8, 4)), (2, 4))","(((2, 3), (4, 2), (6, 3), (7, 4)), (2, 4))",9,8,17.0,9,,,pruned,,,1919
"(((2, 3), (4, 2), (6, 3), (7, 4)), (2, 4))","(((2, 3), (4, 2), (5, 3), (7, 4)), (2, 4))",8,7.0,15.0,8,6,1,expanded,False,True,1920
"(((2, 3), (4, 2), (5, 4), (8, 4)), (2, 4))","(((2, 3), (4, 2), (5, 4), (7, 4)), (2, 4))",9,8,17.0,9,,,pruned,,,1921
"(((2, 3), (4, 2), (5, 4), (7, 4)), (2, 4))","(((2, 3), (4, 2), (5, 3), (7, 4)), (2, 4))",8,7.0,15.0,8,6,1,expanded,False,True,1922
"(((2, 2), (5, 2), (5, 4), (8, 4)), (1, 1))","(((2, 2), (5, 2), (5, 4), (7, 4)), (1, 1))",9,8,17.0,9,,,pruned,,,1923
"(((1, 2), (5, 2), (5, 4), (7, 4)), (1, 1))","(((2, 2), (5, 2), (5, 4), (7, 4)), (1, 1))",9,8,17.0,9,,,pruned,,,1924
"(((2, 1), (5, 2), (5, 4), (7, 4)), (1, 1))","(((2, 2), (5, 2), (5, 4), (7, 4)), (1, 1))",9,8,17.0,9,,,pruned,,,1925
"(((2, 2), (5, 1), (5, 4), (7, 4)), (1, 1))","(((2, 2), (5, 2), (5, 4), (7, 4)), (1, 1))",9,8,17.0,9,,,pruned,,,1926
"(((2, 2), (5, 2), (5, 4), (7, 4)), (1, 1))","(((2, 3), (5, 2), (5, 4), (7, 4)), (1, 1))",8,7.0,15.0,8,12,4,expanded,False,True,1927
"(((2, 3), (3, 2), (6, 4), (7, 4)), (1, 1))","(((2, 2), (3, 2), (6, 4), (7, 4)), (1, 1))",8,7.0,15.0,8,2,0,expanded,False,True,1928
"(((2, 5), (3, 2), (7, 2), (7, 4)), (1, 1))","(((2, 4), (3, 2), (7, 2), (7, 4)), (1, 1))",9,8,17.0,9,,,pruned,,,1929
"(((2, 4), (3, 2), (7, 2), (7, 4)), (1, 1))","(((2, 3), (3, 2), (7, 2), (7, 4)), (1, 1))",8,7.0,15.0,8,2,1,expanded,False,True,1930
"(((2, 5), (3, 2), (6, 3), (7, 4)), (1, 1))","(((2, 4), (3, 2), (6, 3), (7, 4)), (1, 1))",9,8,17.0,9,,,pruned,,,1931
"(((2, 4), (3, 2), (6, 3), (7, 4)), (1, 1))","(((2, 3), (3, 2), (6, 3), (7, 4)), (1, 1))",8,7.0,15.0,8,2,1,expanded,False,True,1932
"(((2, 5), (3, 2), (5, 2), (7, 4)), (1, 1))","(((2, 4), (3, 2), (5, 2), (7, 4)), (1, 1))",9,8,17.0,9,,,pruned,,,1933
"(((2, 4), (3, 2), (5, 2), (7, 4)), (1, 1))","(((2, 3), (3, 2), (5, 2), (7, 4)), (1, 1))",8,7.0,15.0,8,2,1,expanded,False,True,1934
"(((2, 5), (3, 2), (4, 2), (6, 4)), (1, 1))","(((2, 4), (3, 2), (4, 2), (6, 4)), (1, 1))",9,8,17.0,9,,,pruned,,,1935
"(((2, 4), (3, 2), (4, 2), (6, 4)), (1, 1))","(((2, 3), (3, 2), (4, 2), (6, 4)), (1, 1))",8,7.0,15.0,8,1,1,expanded,True,True,1936
"(((2, 5), (3, 2), (4, 3), (7, 4)), (1, 1))","(((2, 4), (3, 2), (4, 3), (7, 4)), (1, 1))",9,8,17.0,9,,,pruned,,,1937
"(((2, 4), (3, 2), (4, 3), (7, 4)), (1, 1))","(((2, 3), (3, 2), (4, 3), (7, 4)), (1, 1))",8,7.0,15.0,8,2,1,expanded,False,True,1938
"(((2, 5), (3, 2), (5, 4), (7, 4)), (1, 1))","(((2, 4), (3, 2), (5, 4), (7, 4)), (1, 1))",9,8,17.0,9,,,pruned,,,1939
"(((2, 4), (3, 2), (5, 4), (7, 4)), (1, 1))","(((2, 3), (3, 2), (5, 4), (7, 4)), (1, 1))",8,7.0,15.0,8,2,1,expanded,False,True,1940
"(((2, 4), (4, 2), (4, 3), (5, 4)), (5, 1))","(((2, 4), (4, 3), (5, 2), (5, 4)), (5, 1))",9,6.0,15.0,9,2,0,expanded,False,True,1941
"(((2, 4), (4, 2), (4, 3), (5, 1)), (2, 5))","(((2, 4), (4, 2), (4, 3), (5, 2)), (2, 5))",10,7,17.0,10,,,pruned,,,1942
"(((2, 4), (4, 2), (4, 3), (5, 2)), (2, 5))","(((2, 4), (4, 2), (4, 3), (5, 3)), (2, 5))",9,6.0,15.0,9,3,1,expanded,False,True,1943
"(((2, 4), (3, 2), (4, 3), (5, 3)), (2, 5))","(((2, 4), (4, 2), (4, 3), (5, 3)), (2, 5))",9,6.0,15.0,9,6,0,expanded,False,True,1944
"(((2, 4), (3, 2), (6, 2), (6, 3)), (2, 5))","(((2, 4), (4, 2), (6, 2), (6, 3)), (2, 5))",9,6.0,15.0,9,4,0,expanded,False,True,1945
"(((2, 4), (3, 2), (4, 3), (6, 1)), (2, 5))","(((2, 4), (3, 2), (4, 3), (6, 2)), (2, 5))",10,7,17.0,10,,,pruned,,,1946
"(((2, 4), (3, 2), (4, 3), (6, 2)), (2, 5))","(((2, 4), (4, 2), (4, 3), (6, 2)), (2, 5))",9,6.0,15.0,9,8,1,expanded,False,True,1947
"(((2, 4), (4, 2), (5, 1), (5, 4)), (2, 5))","(((2, 4), (4, 2), (5, 2), (5, 4)), (2, 5))",10,7,17.0,10,,,pruned,,,1948
"(((2, 4), (4, 2), (5, 2), (5, 4)), (2, 5))","(((2, 4), (4, 2), (5, 4), (6, 2)), (2, 5))",9,6.0,15.0,9,5,1,expanded,False,True,1949
"(((2, 4), (3, 2), (5, 4), (6, 1)), (2, 5))","(((2, 4), (3, 2), (5, 4), (6, 2)), (2, 5))",10,7,17.0,10,,,pruned,,,1950
"(((2, 4), (3, 2), (5, 4), (6, 2)), (2, 5))","(((2, 4), (4, 2), (5, 4), (6, 2)), (2, 5))",9,6.0,15.0,9,8,1,expanded,False,True,1951
"(((2, 4), (3, 2), (5, 1), (6, 2)), (2, 5))","(((2, 4), (3, 2), (5, 2), (6, 2)), (2, 5))",10,7,17.0,10,,,pruned,,,1952
"(((2, 4), (3, 2), (5, 2), (6, 1)), (2, 5))","(((2, 4), (3, 2), (5, 2), (6, 2)), (2, 5))",10,7,17.0,10,,,pruned,,,1953
"(((2, 4), (3, 2), (5, 2), (6, 2)), (2, 5))","(((2, 4), (3, 2), (5, 3), (6, 2)), (2, 5))",9,6.0,15.0,9,6,2,expanded,False,True,1954
"(((2, 4), (3, 2), (5, 2), (5, 3)), (2, 5))","(((2, 4), (3, 2), (5, 3), (6, 2)), (2, 5))",9,6.0,15.0,9,6,0,expanded,False,True,1955
"(((2, 2), (2, 4), (5, 3), (6, 1)), (2, 5))","(((2, 2), (2, 4), (5, 3), (6, 2)), (2, 5))",10,7,17.0,10,,,pruned,,,1956
"(((1, 2), (2, 4), (5, 3), (6, 2)), (1, 1))","(((2, 2), (2, 4), (5, 3), (6, 2)), (2, 5))",10,7,17.0,10,,,pruned,,,1957
"(((2, 2), (2, 4), (5, 3), (6, 2)), (2, 5))","(((2, 4), (3, 2), (5, 3), (6, 2)), (2, 5))",9,6.0,15.0,9,10,2,expanded,False,True,1958
"(((2, 4), (4, 2), (5, 2), (8, 4)), (2, 5))","(((2, 4), (4, 2), (5, 2), (7, 4)), (2, 5))",10,7,17.0,10,,,pruned,,,1959
"(((2, 4), (4, 2), (5, 1), (7, 4)), (2, 5))","(((2, 4), (4, 2), (5, 2), (7, 4)), (2, 5))",10,7,17.0,10,,,pruned,,,1960
"(((2, 4), (4, 2), (5, 2), (7, 4)), (2, 5))","(((2, 4), (4, 2), (5, 2), (6, 4)), (2, 5))",9,6.0,15.0,9,5,2,expanded,False,True,1961
"(((2, 4), (4, 2), (4, 3), (8, 4)), (2, 5))","(((2, 4), (4, 2), (4, 3), (7, 4)), (2, 5))",10,7,17.0,10,,,pruned,,,1962
"(((2, 4), (4, 2), (4, 3), (7, 4)), (2, 5))","(((2, 4), (4, 3), (5, 2), (7, 4)), (2, 5))",9,6.0,15.0,9,4,1,expanded,False,True,1963
"(((2, 4), (3, 2), (4, 3), (6, 4)), (2, 5))","(((2, 4), (4, 2), (4, 3), (6, 4)), (2, 5))",9,6.0,15.0,9,6,0,expanded,False,True,1964
"(((2, 4), (3, 2), (5, 3), (5, 4)), (2, 5))","(((2, 4), (4, 2), (5, 3), (5, 4)), (5, 1))",9,6.0,15.0,9,6,0,expanded,False,True,1965
"(((2, 4), (3, 2), (5, 4), (6, 4)), (2, 5))","(((2, 4), (4, 2), (5, 4), (6, 4)), (2, 5))",9,6.0,15.0,9,2,0,expanded,False,True,1966
"(((2, 4), (3, 2), (6, 3), (6, 4)), (2, 5))","(((2, 4), (3, 2), (5, 3), (6, 4)), (2, 5))",9,6.0,15.0,9,4,0,expanded,False,True,1967
"(((2, 4), (3, 2), (5, 1), (6, 4)), (2, 5))","(((2, 4), (3, 2), (5, 2), (6, 4)), (2, 5))",10,7,17.0,10,,,pruned,,,1968
"(((2, 4), (3, 2), (5, 2), (6, 4)), (2, 5))","(((2, 4), (3, 2), (5, 3), (6, 4)), (2, 5))",9,6.0,15.0,9,8,1,expanded,False,True,1969
"(((2, 4), (3, 2), (5, 3), (8, 4)), (2, 5))","(((2, 4), (3, 2), (5, 3), (7, 4)), (2, 5))",10,7,17.0,10,,,pruned,,,1970
"(((2, 4), (3, 2), (5, 3), (7, 4)), (2, 5))","(((2, 4), (3, 2), (5, 3), (6, 4)), (2, 5))",9,6.0,15.0,9,8,1,expanded,False,True,1971
"(((1, 2), (2, 4), (5, 3), (6, 4)), (1, 1))","(((2, 2), (2, 4), (5, 3), (6, 4)), (2, 5))",10,7,17.0,10,,,pruned,,,1972
"(((2, 2), (2, 4), (5, 3), (6, 4)), (2, 5))","(((2, 4), (3, 2), (5, 3), (6, 4)), (2, 5))",9,6.0,15.0,9,8,1,expanded,False,True,1973
"(((2, 3), (4, 2), (4, 3), (4, 4)), (5, 1))","(((2, 3), (4, 3), (4, 4), (5, 2)), (5, 1))",9,6.0,15.0,9,1,0,expanded,False,True,1974
"(((2, 3), (4, 2), (4, 5), (5, 4)), (4, 3))","(((2, 3), (4, 2), (4, 4), (5, 4)), (4, 3))",10,7,17.0,10,,,pruned,,,1975
"(((2, 3), (4, 2), (4, 4), (5, 4)), (4, 3))","(((2, 3), (4, 4), (5, 2), (5, 4)), (1, 1))",9,6.0,15.0,9,2,1,expanded,False,True,1976
"(((2, 3), (4, 2), (4, 5), (5, 2)), (4, 3))","(((2, 3), (4, 2), (4, 4), (5, 2)), (4, 3))",10,7,17.0,10,,,pruned,,,1977
"(((2, 3), (4, 2), (4, 4), (5, 1)), (4, 3))","(((2, 3), (4, 2), (4, 4), (5, 2)), (4, 3))",10,7,17.0,10,,,pruned,,,1978
"(((2, 3), (4, 2), (4, 4), (5, 2)), (4, 3))","(((2, 3), (4, 2), (4, 4), (5, 3)), (5, 1))",9,6.0,15.0,9,3,2,expanded,False,True,1979
"(((2, 3), (3, 2), (4, 5), (5, 3)), (4, 2))","(((2, 3), (3, 2), (4, 4), (5, 3)), (4, 2))",10,7,17.0,10,,,pruned,,,1980
"(((2, 3), (3, 2), (4, 4), (5, 3)), (4, 2))","(((2, 3), (4, 2), (4, 4), (5, 3)), (5, 1))",9,6.0,15.0,9,6,1,expanded,False,True,1981
"(((2, 4), (3, 2), (4, 5), (6, 3)), (4, 2))","(((2, 4), (3, 2), (4, 4), (6, 3)), (4, 2))",10,7,17.0,10,,,pruned,,,1982
"(((2, 4), (3, 2), (4, 4), (6, 3)), (4, 2))","(((2, 4), (4, 2), (4, 4), (6, 3)), (4, 3))",9,6.0,15.0,9,4,1,expanded,False,True,1983
"(((2, 2), (6, 3), (6, 4), (8, 2)), (1, 1))","(((2, 2), (6, 3), (6, 4), (7, 2)), (1, 1))",10,7,17.0,10,,,pruned,,,1984
"(((1, 2), (6, 3), (6, 4), (7, 2)), (1, 1))","(((2, 2), (6, 3), (6, 4), (7, 2)), (1, 1))",10,7,17.0,10,,,pruned,,,1985
"(((2, 1), (6, 3), (6, 4), (7, 2)), (1, 1))","(((2, 2), (6, 3), (6, 4), (7, 2)), (1, 1))",10,7,17.0,10,,,pruned,,,1986
"(((2, 2), (6, 3), (6, 4), (7, 2)), (1, 1))","(((2, 2), (6, 2), (6, 3), (6, 4)), (1, 1))",9,6.0,15.0,9,6,3,expanded,False,True,1987
"(((2, 2), (5, 2), (6, 3), (6, 4)), (5, 1))","(((2, 2), (6, 2), (6, 3), (6, 4)), (1, 1))",9,6.0,15.0,9,3,0,expanded,False,True,1988
"(((2, 2), (6, 2), (6, 3), (8, 4)), (1, 1))","(((2, 2), (6, 2), (6, 3), (7, 4)), (1, 1))",10,7,17.0,10,,,pruned,,,1989
"(((1, 2), (6, 2), (6, 3), (7, 4)), (1, 1))","(((2, 2), (6, 2), (6, 3), (7, 4)), (1, 1))",10,7,17.0,10,,,pruned,,,1990
"(((2, 1), (6, 2), (6, 3), (7, 4)), (1, 1))","(((2, 2), (6, 2), (6, 3), (7, 4)), (1, 1))",10,7,17.0,10,,,pruned,,,1991
"(((2, 2), (6, 2), (6, 3), (7, 4)), (1, 1))","(((2, 2), (6, 2), (6, 3), (6, 4)), (1, 1))",9,6.0,15.0,9,8,3,expanded,False,True,1992
"(((2, 2), (5, 4), (6, 4), (8, 2)), (1, 1))","(((2, 2), (5, 4), (6, 4), (7, 2)), (1, 1))",10,7,17.0,10,,,pruned,,,1993
"(((1, 2), (5, 4), (6, 4), (7, 2)), (1, 1))","(((2, 2), (5, 4), (6, 4), (7, 2)), (1, 1))",10,7,17.0,10,,,pruned,,,1994
"(((2, 1), (5, 4), (6, 4), (7, 2)), (1, 1))","(((2, 2), (5, 4), (6, 4), (7, 2)), (1, 1))",10,7,17.0,10,,,pruned,,,1995
"(((2, 2), (5, 4), (6, 4), (7, 2)), (1, 1))","(((2, 2), (5, 4), (6, 2), (6, 4)), (1, 1))",9,6.0,15.0,9,5,3,expanded,False,True,1996
"(((1, 2), (5, 4), (6, 3), (6, 4)), (1, 1))","(((2, 2), (5, 4), (6, 3), (6, 4)), (1, 1))",10,7,17.0,10,,,pruned,,,1997
"(((2, 1), (5, 4), (6, 3), (6, 4)), (1, 1))","(((2, 2), (5, 4), (6, 3), (6, 4)), (1, 1))",10,7,17.0,10,,,pruned,,,1998
"(((2, 2), (5, 4), (6, 3), (6, 4)), (1, 1))","(((2, 2), (5, 4), (6, 2), (6, 4)), (1, 1))",9,6.0,15.0,9,4,2,expanded,False,True,1999
"(((2, 2), (4, 3), (6, 4), (8, 2)), (1, 1))","(((2, 2), (4, 3), (6, 4), (7, 2)), (1, 1))",10,7,17.0,10,,,pruned,,,2000
"(((1, 2), (4, 3), (6, 4), (7, 2)), (1, 1))","(((2, 2), (4, 3), (6, 4), (7, 2)), (1, 1))",10,7,17.0,10,,,pruned,,,2001
"(((2, 1), (4, 3), (6, 4), (7, 2)), (1, 1))","(((2, 2), (4, 3), (6, 4), (7, 2)), (1, 1))",10,7,17.0,10,,,pruned,,,2002
"(((2, 2), (4, 3), (6, 4), (7, 2)), (1, 1))","(((2, 2), (5, 3), (6, 4), (7, 2)), (1, 1))",9,6.0,15.0,9,8,3,expanded,False,True,2003
"(((2, 2), (5, 3), (7, 2), (8, 4)), (1, 1))","(((2, 2), (5, 3), (7, 2), (7, 4)), (1, 1))",10,7,17.0,10,,,pruned,,,2004
"(((2, 2), (5, 3), (7, 4), (8, 2)), (1, 1))","(((2, 2), (5, 3), (7, 2), (7, 4)), (1, 1))",10,7,17.0,10,,,pruned,,,2005
"(((1, 2), (5, 3), (7, 2), (7, 4)), (1, 1))","(((2, 2), (5, 3), (7, 2), (7, 4)), (1, 1))",10,7,17.0,10,,,pruned,,,2006
"(((2, 1), (5, 3), (7, 2), (7, 4)), (1, 1))","(((2, 2), (5, 3), (7, 2), (7, 4)), (1, 1))",10,7,17.0,10,,,pruned,,,2007
"(((2, 2), (5, 3), (7, 2), (7, 4)), (1, 1))","(((2, 2), (5, 3), (6, 4), (7, 2)), (1, 1))",9,6.0,15.0,9,10,4,expanded,False,True,2008
"(((2, 2), (5, 3), (6, 3), (8, 4)), (1, 1))","(((2, 2), (5, 3), (6, 3), (7, 4)), (1, 1))",10,7,17.0,10,,,pruned,,,2009
"(((1, 2), (5, 3), (6, 3), (7, 4)), (1, 1))","(((2, 2), (5, 3), (6, 3), (7, 4)), (1, 1))",10,7,17.0,10,,,pruned,,,2010
"(((2, 1), (5, 3), (6, 3), (7, 4)), (1, 1))","(((2, 2), (5, 3), (6, 3), (7, 4)), (1, 1))",10,7,17.0,10,,,pruned,,,2011
"(((2, 2), (5, 3), (6, 3), (7, 4)), (1, 1))","(((2, 2), (5, 3), (6, 3), (6, 4)), (1, 1))",9,6.0,15.0,9,10,3,expanded,False,True,2012
"(((2, 2), (4, 3), (6, 2), (8, 4)), (1, 1))","(((2, 2), (4, 3), (6, 2), (7, 4)), (1, 1))",10,7,17.0,10,,,pruned,,,2013
"(((2, 2), (4, 3), (6, 1), (7, 4)), (1, 1))","(((2, 2), (4, 3), (6, 2), (7, 4)), (1, 1))",10,7,17.0,10,,,pruned,,,2014
"(((1, 2), (4, 3), (6, 2), (7, 4)), (1, 1))","(((2, 2), (4, 3), (6, 2), (7, 4)), (1, 1))",10,7,17.0,10,,,pruned,,,2015
"(((2, 1), (4, 3), (6, 2), (7, 4)), (1, 1))","(((2, 2), (4, 3), (6, 2), (7, 4)), (1, 1))",10,7,17.0,10,,,pruned,,,2016
"(((2, 2), (4, 3), (6, 2), (7, 4)), (1, 1))","(((2, 2), (5, 3), (6, 2), (7, 4)), (1, 1))",9,6.0,15.0,9,12,4,expanded,False,True,2017
"(((2, 2), (5, 4), (6, 2), (8, 4)), (1, 1))","(((2, 2), (5, 4), (6, 2), (7, 4)), (1, 1))",10,7,17.0,10,,,pruned,,,2018
"(((2, 2), (5, 4), (6, 1), (7, 4)), (1, 1))","(((2, 2), (5, 4), (6, 2), (7, 4)), (1, 1))",10,7,17.0,10,,,pruned,,,2019
"(((1, 2), (5, 4), (6, 2), (7, 4)), (1, 1))","(((2, 2), (5, 4), (6, 2), (7, 4)), (1, 1))",10,7,17.0,10,,,pruned,,,2020
"(((2, 1), (5, 4), (6, 2), (7, 4)), (1, 1))","(((2, 2), (5, 4), (6, 2), (7, 4)), (1, 1))",10,7,17.0,10,,,pruned,,,2021
"(((2, 2), (5, 4), (6, 2), (7, 4)), (1, 1))","(((2, 2), (5, 3), (6, 2), (7, 4)), (1, 1))",9,6.0,15.0,9,12,4,expanded,False,True,2022
"(((2, 3), (6, 3), (7, 2), (8, 4)), (1, 1))","(((2, 3), (6, 3), (7, 2), (7, 4)), (1, 1))",10,7,17.0,10,,,pruned,,,2023
"(((2, 3), (6, 3), (7, 4), (8, 2)), (1, 1))","(((2, 3), (6, 3), (7, 2), (7, 4)), (1, 1))",10,7,17.0,10,,,pruned,,,2024
"(((2, 3), (6, 3), (7, 2), (7, 4)), (1, 1))","(((2, 3), (6, 3), (6, 4), (7, 2)), (1, 1))",9,6.0,15.0,9,6,2,expanded,False,True,2025
"(((2, 3), (5, 2), (6, 3), (7, 4)), (5, 1))","(((2, 3), (6, 2), (6, 3), (7, 4)), (1, 1))",9,6.0,15.0,9,4,0,expanded,False,True,2026
"(((2, 3), (4, 3), (7, 2), (8, 4)), (1, 1))","(((2, 3), (4, 3), (7, 2), (7, 4)), (1, 1))",10,7,17.0,10,,,pruned,,,2027
"(((2, 3), (4, 3), (7, 4), (8, 2)), (1, 1))","(((2, 3), (4, 3), (7, 2), (7, 4)), (1, 1))",10,7,17.0,10,,,pruned,,,2028
"(((2, 3), (4, 3), (7, 2), (7, 4)), (1, 1))","(((2, 3), (4, 3), (6, 4), (7, 2)), (1, 1))",9,6.0,15.0,9,6,2,expanded,False,True,2029
"(((2, 3), (5, 4), (7, 2), (8, 4)), (1, 1))","(((2, 3), (5, 4), (7, 2), (7, 4)), (1, 1))",10,7,17.0,10,,,pruned,,,2030
"(((2, 3), (5, 4), (7, 4), (8, 2)), (1, 1))","(((2, 3), (5, 4), (7, 2), (7, 4)), (1, 1))",10,7,17.0,10,,,pruned,,,2031
"(((2, 3), (5, 4), (7, 2), (7, 4)), (1, 1))","(((2, 3), (5, 3), (7, 2), (7, 4)), (1, 1))",9,6.0,15.0,9,6,2,expanded,False,True,2032
"(((2, 3), (5, 4), (6, 3), (7, 4)), (1, 1))","(((2, 3), (5, 3), (6, 3), (7, 4)), (1, 1))",9,6.0,15.0,9,5,0,expanded,False,True,2033
"(((2, 3), (4, 3), (6, 3), (8, 4)), (1, 1))","(((2, 3), (4, 3), (6, 3), (7, 4)), (1, 1))",10,7,17.0,10,,,pruned,,,2034
"(((2, 3), (4, 3), (6, 3), (7, 4)), (1, 1))","(((2, 3), (4, 3), (6, 2), (7, 4)), (1, 1))",9,6.0,15.0,9,8,1,expanded,False,True,2035
"(((2, 3), (4, 2), (6, 2), (8, 4)), (2, 4))","(((2, 3), (4, 2), (6, 2), (7, 4)), (2, 4))",10,7,17.0,10,,,pruned,,,2036
"(((2, 3), (4, 2), (6, 1), (7, 4)), (2, 4))","(((2, 3), (4, 2), (6, 2), (7, 4)), (2, 4))",10,7,17.0,10,,,pruned,,,2037
"(((2, 3), (4, 2), (6, 2), (7, 4)), (2, 4))","(((2, 3), (4, 3), (6, 2), (7, 4)), (1, 1))",9,6.0,15.0,9,8,2,expanded,False,True,2038
"(((2, 4), (3, 2), (6, 1), (7, 2)), (2, 5))","(((2, 4), (3, 2), (6, 2), (7, 2)), (2, 5))",10,7,17.0,10,,,pruned,,,2039
"(((2, 4), (3, 2), (6, 2), (7, 2)), (2, 5))","(((2, 4), (4, 2), (6, 2), (7, 2)), (2, 5))",9,6.0,15.0,9,4,1,expanded,False,True,2040
"(((3, 2), (5, 4), (6, 3), (8, 2)), (1, 1))","(((3, 2), (5, 4), (6, 3), (7, 2)), (1, 1))",10,7,17.0,10,,,pruned,,,2041
"(((3, 2), (5, 4), (6, 3), (7, 2)), (1, 1))","(((3, 2), (5, 4), (6, 2), (6, 3)), (1, 1))",9,6.0,15.0,9,5,1,expanded,False,True,2042
"(((3, 2), (4, 3), (5, 4), (8, 2)), (4, 2))","(((3, 2), (4, 3), (5, 4), (7, 2)), (4, 2))",10,7,17.0,10,,,pruned,,,2043
"(((3, 2), (4, 3), (5, 4), (7, 2)), (4, 2))","(((3, 2), (4, 3), (5, 4), (6, 2)), (4, 2))",9,6.0,15.0,9,5,1,expanded,False,True,2044
"(((3, 2), (4, 3), (5, 1), (5, 4)), (4, 2))","(((3, 2), (4, 3), (5, 2), (5, 4)), (5, 1))",10,7,17.0,10,,,pruned,,,2045
"(((3, 2), (4, 3), (5, 2), (5, 4)), (5, 1))","(((3, 2), (4, 3), (5, 4), (6, 2)), (4, 2))",9,6.0,15.0,9,4,1,expanded,False,True,2046
"(((3, 2), (4, 3), (5, 4), (6, 3)), (4, 2))","(((3, 2), (4, 3), (5, 4), (6, 2)), (4, 2))",9,6.0,15.0,9,5,0,expanded,False,True,2047
"(((2, 2), (4, 5), (6, 3), (7, 2)), (3, 2))","(((2, 2), (4, 4), (6, 3), (7, 2)), (3, 2))",10,7,17.0,10,,,pruned,,,2048
"(((2, 2), (4, 4), (6, 3), (8, 2)), (3, 2))","(((2, 2), (4, 4), (6, 3), (7, 2)), (3, 2))",10,7,17.0,10,,,pruned,,,2049
"(((1, 2), (4, 4), (6, 3), (7, 2)), (1, 1))","(((2, 2), (4, 4), (6, 3), (7, 2)), (3, 2))",10,7,17.0,10,,,pruned,,,2050
"(((2, 2), (4, 4), (6, 3), (7, 2)), (3, 2))","(((2, 2), (4, 4), (6, 2), (6, 3)), (3, 2))",9,6.0,15.0,9,6,3,expanded,False,True,2051
"(((1, 2), (4, 3), (4, 4), (7, 2)), (1, 1))","(((2, 2), (4, 3), (4, 4), (7, 2)), (3, 2))",10,7,17.0,10,,,pruned,,,2052
"(((2, 2), (4, 3), (4, 4), (8, 2)), (3, 2))","(((2, 2), (4, 3), (4, 4), (7, 2)), (3, 2))",10,7,17.0,10,,,pruned,,,2053
"(((2, 2), (4, 3), (4, 4), (7, 2)), (3, 2))","(((2, 2), (4, 3), (4, 4), (6, 2)), (3, 2))",9,6.0,15.0,9,3,2,expanded,False,True,2054
"(((2, 2), (4, 3), (4, 4), (5, 1)), (3, 2))","(((2, 2), (4, 3), (4, 4), (5, 2)), (5, 1))",10,7,17.0,10,,,pruned,,,2055
"(((2, 2), (4, 3), (4, 4), (5, 2)), (5, 1))","(((2, 2), (4, 3), (4, 4), (6, 2)), (3, 2))",9,6.0,15.0,9,3,1,expanded,False,True,2056
"(((1, 2), (4, 3), (4, 4), (6, 3)), (1, 1))","(((2, 2), (4, 3), (4, 4), (6, 3)), (3, 2))",10,7,17.0,10,,,pruned,,,2057
"(((2, 2), (4, 3), (4, 4), (6, 3)), (3, 2))","(((2, 2), (4, 3), (4, 4), (6, 2)), (3, 2))",9,6.0,15.0,9,3,1,expanded,False,True,2058
"(((2, 2), (4, 5), (5, 4), (7, 2)), (3, 2))","(((2, 2), (4, 4), (5, 4), (7, 2)), (3, 2))",10,7,17.0,10,,,pruned,,,2059
"(((2, 2), (4, 4), (5, 4), (8, 2)), (3, 2))","(((2, 2), (4, 4), (5, 4), (7, 2)), (3, 2))",10,7,17.0,10,,,pruned,,,2060
"(((1, 2), (4, 4), (5, 4), (7, 2)), (1, 1))","(((2, 2), (4, 4), (5, 4), (7, 2)), (3, 2))",10,7,17.0,10,,,pruned,,,2061
"(((2, 2), (4, 4), (5, 4), (7, 2)), (3, 2))","(((2, 2), (4, 4), (5, 4), (6, 2)), (3, 2))",9,6.0,15.0,9,4,3,expanded,False,True,2062
"(((2, 2), (4, 5), (5, 2), (5, 4)), (3, 2))","(((2, 2), (4, 4), (5, 2), (5, 4)), (3, 2))",10,7,17.0,10,,,pruned,,,2063
"(((2, 2), (4, 4), (5, 1), (5, 4)), (3, 2))","(((2, 2), (4, 4), (5, 2), (5, 4)), (3, 2))",10,7,17.0,10,,,pruned,,,2064
"(((1, 2), (4, 4), (5, 2), (5, 4)), (1, 1))","(((2, 2), (4, 4), (5, 2), (5, 4)), (3, 2))",10,7,17.0,10,,,pruned,,,2065
"(((2, 2), (4, 4), (5, 2), (5, 4)), (3, 2))","(((2, 2), (4, 4), (5, 4), (6, 2)), (3, 2))",9,6.0,15.0,9,6,3,expanded,False,True,2066
"(((2, 2), (4, 5), (5, 4), (6, 3)), (3, 2))","(((2, 2), (4, 4), (5, 4), (6, 3)), (3, 2))",10,7,17.0,10,,,pruned,,,2067
"(((1, 2), (4, 4), (5, 4), (6, 3)), (1, 1))","(((2, 2), (4, 4), (5, 4), (6, 3)), (3, 2))",10,7,17.0,10,,,pruned,,,2068
"(((2, 2), (4, 4), (5, 4), (6, 3)), (3, 2))","(((2, 2), (4, 4), (5, 4), (6, 2)), (3, 2))",9,6.0,15.0,9,4,2,expanded,False,True,2069
"(((3, 2), (4, 3), (5, 1), (7, 4)), (1, 1))","(((3, 2), (4, 3), (5, 2), (7, 4)), (1, 1))",10,7,17.0,10,,,pruned,,,2070
"(((3, 2), (4, 3), (5, 2), (8, 4)), (1, 1))","(((3, 2), (4, 3), (5, 2), (7, 4)), (1, 1))",10,7,17.0,10,,,pruned,,,2071
"(((3, 2), (4, 3), (5, 2), (7, 4)), (1, 1))","(((3, 2), (4, 3), (5, 2), (6, 4)), (1, 1))",9,6.0,15.0,9,7,2,expanded,False,True,2072
"(((2, 3), (4, 2), (4, 4), (8, 4)), (4, 3))","(((2, 3), (4, 2), (4, 4), (7, 4)), (4, 3))",10,7,17.0,10,,,pruned,,,2073
"(((2, 3), (4, 2), (4, 5), (7, 4)), (4, 3))","(((2, 3), (4, 2), (4, 4), (7, 4)), (4, 3))",10,7,17.0,10,,,pruned,,,2074
"(((2, 3), (4, 2), (4, 4), (7, 4)), (4, 3))","(((2, 3), (4, 4), (5, 2), (7, 4)), (1, 1))",9,6.0,15.0,9,4,2,expanded,False,True,2075
"(((2, 3), (3, 2), (4, 5), (6, 4)), (4, 2))","(((2, 3), (3, 2), (4, 4), (6, 4)), (4, 2))",10,7,17.0,10,,,pruned,,,2076
"(((2, 3), (3, 2), (4, 4), (6, 4)), (4, 2))","(((2, 3), (4, 2), (4, 4), (6, 4)), (4, 3))",9,6.0,15.0,9,4,1,expanded,False,True,2077
"(((1, 2), (4, 3), (5, 4), (6, 4)), (1, 1))","(((2, 2), (4, 3), (5, 4), (6, 4)), (3, 2))",10,7,17.0,10,,,pruned,,,2078
"(((2, 2), (4, 3), (5, 4), (6, 4)), (3, 2))","(((2, 2), (5, 3), (5, 4), (6, 4)), (1, 1))",9,6.0,15.0,9,2,1,expanded,False,True,2079
"(((2, 2), (6, 2), (7, 2), (8, 4)), (1, 1))","(((2, 2), (6, 2), (7, 2), (7, 4)), (1, 1))",10,7,17.0,10,,,pruned,,,2080
"(((2, 2), (6, 1), (7, 2), (7, 4)), (1, 1))","(((2, 2), (6, 2), (7, 2), (7, 4)), (1, 1))",10,7,17.0,10,,,pruned,,,2081
"(((1, 2), (6, 2), (7, 2), (7, 4)), (1, 1))","(((2, 2), (6, 2), (7, 2), (7, 4)), (1, 1))",10,7,17.0,10,,,pruned,,,2082
"(((2, 1), (6, 2), (7, 2), (7, 4)), (1, 1))","(((2, 2), (6, 2), (7, 2), (7, 4)), (1, 1))",10,7,17.0,10,,,pruned,,,2083
"(((2, 2), (6, 2), (7, 2), (7, 4)), (1, 1))","(((2, 2), (6, 2), (6, 4), (7, 2)), (1, 1))",9,6.0,15.0,9,7,4,expanded,False,True,2084
"(((3, 2), (4, 3), (6, 3), (8, 2)), (1, 1))","(((3, 2), (4, 3), (6, 3), (7, 2)), (1, 1))",10,7,17.0,10,,,pruned,,,2085
"(((3, 2), (4, 3), (6, 3), (7, 2)), (1, 1))","(((3, 2), (4, 3), (6, 2), (7, 2)), (1, 1))",9,6.0,15.0,9,8,1,expanded,False,True,2086
"(((2, 4), (4, 2), (7, 2), (8, 4)), (2, 5))","(((2, 4), (4, 2), (7, 2), (7, 4)), (2, 5))",10,7,17.0,10,,,pruned,,,2087
"(((2, 4), (4, 2), (7, 4), (8, 2)), (2, 5))","(((2, 4), (4, 2), (7, 2), (7, 4)), (2, 5))",10,7,17.0,10,,,pruned,,,2088
"(((2, 4), (4, 2), (7, 2), (7, 4)), (2, 5))","(((2, 4), (5, 2), (7, 2), (7, 4)), (1, 1))",9,6.0,15.0,9,4,2,expanded,False,True,2089
"(((2, 4), (3, 2), (6, 4), (8, 2)), (2, 5))","(((2, 4), (3, 2), (6, 4), (7, 2)), (2, 5))",10,7,17.0,10,,,pruned,,,2090
"(((2, 4), (3, 2), (6, 4), (7, 2)), (2, 5))","(((2, 4), (4, 2), (6, 4), (7, 2)), (2, 5))",9,6.0,15.0,9,4,1,expanded,False,True,2091
"(((1, 2), (4, 3), (6, 3), (6, 4)), (1, 1))","(((2, 2), (4, 3), (6, 3), (6, 4)), (1, 1))",10,7,17.0,10,,,pruned,,,2092
"(((2, 1), (4, 3), (6, 3), (6, 4)), (1, 1))","(((2, 2), (4, 3), (6, 3), (6, 4)), (1, 1))",10,7,17.0,10,,,pruned,,,2093
"(((2, 2), (4, 3), (6, 3), (6, 4)), (1, 1))","(((2, 2), (4, 3), (6, 2), (6, 4)), (1, 1))",9,6.0,15.0,9,8,2,expanded,False,True,2094
"(((2, 3), (3, 2), (6, 1), (6, 4)), (2, 4))","(((2, 3), (3, 2), (6, 2), (6, 4)), (2, 4))",10,7,17.0,10,,,pruned,,,2095
"(((2, 3), (3, 2), (6, 2), (6, 4)), (2, 4))","(((2, 3), (4, 2), (6, 2), (6, 4)), (2, 4))",9,6.0,15.0,9,8,1,expanded,False,True,2096
"(((2, 4), (3, 2), (4, 5), (7, 2)), (4, 2))","(((2, 4), (3, 2), (4, 4), (7, 2)), (4, 2))",10,7,17.0,10,,,pruned,,,2097
"(((2, 4), (3, 2), (4, 4), (8, 2)), (4, 2))","(((2, 4), (3, 2), (4, 4), (7, 2)), (4, 2))",10,7,17.0,10,,,pruned,,,2098
"(((2, 4), (3, 2), (4, 4), (7, 2)), (4, 2))","(((2, 4), (4, 2), (4, 4), (7, 2)), (4, 3))",9,6.0,15.0,9,4,2,expanded,False,True,2099
"(((2, 4), (4, 2), (6, 3), (8, 4)), (2, 5))","(((2, 4), (4, 2), (6, 3), (7, 4)), (2, 5))",10,7,17.0,10,,,pruned,,,2100
"(((2, 4), (4, 2), (6, 3), (7, 4)), (2, 5))","(((2, 4), (4, 2), (5, 3), (7, 4)), (2, 5))",9,6.0,15.0,9,6,1,expanded,False,True,2101
"(((2, 4), (4, 2), (5, 4), (8, 4)), (2, 5))","(((2, 4), (4, 2), (5, 4), (7, 4)), (2, 5))",10,7,17.0,10,,,pruned,,,2102
"(((2, 4), (4, 2), (5, 4), (7, 4)), (2, 5))","(((2, 4), (4, 2), (5, 3), (7, 4)), (2, 5))",9,6.0,15.0,9,6,1,expanded,False,True,2103
"(((1, 2), (4, 3), (5, 3), (5, 4)), (1, 1))","(((2, 2), (4, 3), (5, 3), (5, 4)), (3, 2))",10,7,17.0,10,,,pruned,,,2104
"(((2, 2), (4, 3), (5, 3), (5, 4)), (3, 2))","(((2, 2), (4, 3), (5, 3), (6, 4)), (3, 2))",9,6.0,15.0,9,3,1,expanded,False,True,2105
"(((2, 3), (3, 2), (4, 4), (6, 1)), (4, 2))","(((2, 3), (3, 2), (4, 4), (6, 2)), (4, 2))",10,7,17.0,10,,,pruned,,,2106
"(((2, 3), (3, 2), (4, 5), (6, 2)), (4, 2))","(((2, 3), (3, 2), (4, 4), (6, 2)), (4, 2))",10,7,17.0,10,,,pruned,,,2107
"(((2, 3), (3, 2), (4, 4), (6, 2)), (4, 2))","(((2, 3), (4, 2), (4, 4), (6, 2)), (4, 3))",9,6.0,15.0,9,6,2,expanded,False,True,2108
"(((2, 2), (4, 3), (5, 3), (8, 4)), (1, 1))","(((2, 2), (4, 3), (5, 3), (7, 4)), (1, 1))",10,7,17.0,10,,,pruned,,,2109
"(((1, 2), (4, 3), (5, 3), (7, 4)), (1, 1))","(((2, 2), (4, 3), (5, 3), (7, 4)), (1, 1))",10,7,17.0,10,,,pruned,,,2110
"(((2, 1), (4, 3), (5, 3), (7, 4)), (1, 1))","(((2, 2), (4, 3), (5, 3), (7, 4)), (1, 1))",10,7,17.0,10,,,pruned,,,2111
"(((2, 2), (4, 3), (5, 3), (7, 4)), (1, 1))","(((2, 3), (4, 3), (5, 3), (7, 4)), (1, 1))",9,6.0,15.0,9,10,3,expanded,False,True,2112
"(((2, 3), (4, 3), (5, 4), (8, 4)), (1, 1))","(((2, 3), (4, 3), (5, 4), (7, 4)), (1, 1))",10,7,17.0,10,,,pruned,,,2113
"(((2, 3), (4, 3), (5, 4), (7, 4)), (1, 1))","(((2, 3), (4, 3), (5, 3), (7, 4)), (1, 1))",9,6.0,15.0,9,5,1,expanded,False,True,2114
"(((2, 2), (4, 5), (5, 2), (7, 4)), (3, 2))","(((2, 2), (4, 4), (5, 2), (7, 4)), (3, 2))",10,7,17.0,10,,,pruned,,,2115
"(((2, 2), (4, 4), (5, 2), (8, 4)), (3, 2))","(((2, 2), (4, 4), (5, 2), (7, 4)), (3, 2))",10,7,17.0,10,,,pruned,,,2116
"(((1, 2), (4, 4), (5, 2), (7, 4)), (1, 1))","(((2, 2), (4, 4), (5, 2), (7, 4)), (3, 2))",10,7,17.0,10,,,pruned,,,2117
"(((2, 2), (4, 4), (5, 1), (7, 4)), (3, 2))","(((2, 2), (4, 4), (5, 2), (7, 4)), (3, 2))",10,7,17.0,10,,,pruned,,,2118
"(((2, 2), (4, 4), (5, 2), (7, 4)), (3, 2))","(((2, 2), (4, 4), (5, 2), (6, 4)), (3, 2))",9,6.0,15.0,9,8,4,expanded,False,True,2119
"(((3, 2), (5, 2), (7, 2), (8, 4)), (1, 1))","(((3, 2), (5, 2), (7, 2), (7, 4)), (1, 1))",10,7,17.0,10,,,pruned,,,2120
"(((3, 2), (5, 2), (7, 4), (8, 2)), (1, 1))","(((3, 2), (5, 2), (7, 2), (7, 4)), (1, 1))",10,7,17.0,10,,,pruned,,,2121
"(((3, 2), (5, 1), (7, 2), (7, 4)), (1, 1))","(((3, 2), (5, 2), (7, 2), (7, 4)), (1, 1))",10,7,17.0,10,,,pruned,,,2122
"(((3, 2), (5, 2), (7, 2), (7, 4)), (1, 1))","(((3, 2), (5, 2), (6, 4), (7, 2)), (1, 1))",9,6.0,15.0,9,8,3,expanded,False,True,2123
"(((3, 2), (5, 2), (6, 3), (8, 4)), (1, 1))","(((3, 2), (5, 2), (6, 3), (7, 4)), (1, 1))",10,7,17.0,10,,,pruned,,,2124
"(((3, 2), (5, 1), (6, 3), (7, 4)), (1, 1))","(((3, 2), (5, 2), (6, 3), (7, 4)), (1, 1))",10,7,17.0,10,,,pruned,,,2125
"(((3, 2), (5, 2), (6, 3), (7, 4)), (1, 1))","(((3, 2), (5, 2), (6, 3), (6, 4)), (1, 1))",9,6.0,15.0,9,6,2,expanded,False,True,2126
"(((1, 2), (5, 2), (6, 4), (7, 4)), (1, 1))","(((2, 2), (5, 2), (6, 4), (7, 4)), (1, 1))",10,7,17.0,10,,,pruned,,,2127
"(((2, 1), (5, 2), (6, 4), (7, 4)), (1, 1))","(((2, 2), (5, 2), (6, 4), (7, 4)), (1, 1))",10,7,17.0,10,,,pruned,,,2128
"(((2, 2), (5, 1), (6, 4), (7, 4)), (1, 1))","(((2, 2), (5, 2), (6, 4), (7, 4)), (1, 1))",10,7,17.0,10,,,pruned,,,2129
"(((2, 2), (5, 2), (6, 4), (7, 4)), (1, 1))","(((2, 3), (5, 2), (6, 4), (7, 4)), (1, 1))",9,6.0,15.0,9,8,3,expanded,False,True,2130
"(((2, 3), (4, 2), (6, 4), (7, 4)), (2, 4))","(((2, 3), (5, 2), (6, 4), (7, 4)), (1, 1))",9,6.0,15.0,9,2,0,expanded,False,True,2131
"(((1, 2), (5, 2), (5, 3), (5, 4)), (1, 1))","(((2, 2), (5, 2), (5, 3), (5, 4)), (1, 1))",10,7,17.0,10,,,pruned,,,2132
"(((2, 1), (5, 2), (5, 3), (5, 4)), (1, 1))","(((2, 2), (5, 2), (5, 3), (5, 4)), (1, 1))",10,7,17.0,10,,,pruned,,,2133
"(((2, 2), (5, 2), (5, 3), (5, 4)), (1, 1))","(((2, 3), (5, 2), (5, 3), (5, 4)), (1, 1))",9,6.0,15.0,9,7,2,expanded,False,True,2134
"(((2, 2), (5, 3), (5, 4), (8, 4)), (1, 1))","(((2, 2), (5, 3), (5, 4), (7, 4)), (1, 1))",10,7,17.0,10,,,pruned,,,2135
"(((1, 2), (5, 3), (5, 4), (7, 4)), (1, 1))","(((2, 2), (5, 3), (5, 4), (7, 4)), (1, 1))",10,7,17.0,10,,,pruned,,,2136
"(((2, 1), (5, 3), (5, 4), (7, 4)), (1, 1))","(((2, 2), (5, 3), (5, 4), (7, 4)), (1, 1))",10,7,17.0,10,,,pruned,,,2137
"(((2, 2), (5, 3), (5, 4), (7, 4)), (1, 1))","(((2, 3), (5, 3), (5, 4), (7, 4)), (1, 1))",9,6.0,15.0,9,10,3,expanded,False,True,2138
"(((3, 2), (5, 2), (5, 4), (8, 4)), (1, 1))","(((3, 2), (5, 2), (5, 4), (7, 4)), (1, 1))",10,7,17.0,10,,,pruned,,,2139
"(((3, 2), (5, 1), (5, 4), (7, 4)), (1, 1))","(((3, 2), (5, 2), (5, 4), (7, 4)), (1, 1))",10,7,17.0,10,,,pruned,,,2140
"(((3, 2), (5, 2), (5, 4), (7, 4)), (1, 1))","(((2, 2), (5, 2), (5, 4), (7, 4)), (1, 1))",9,6.0,15.0,9,10,2,expanded,False,True,2141
"(((2, 5), (3, 2), (6, 4), (7, 4)), (1, 1))","(((2, 4), (3, 2), (6, 4), (7, 4)), (1, 1))",10,7,17.0,10,,,pruned,,,2142
"(((2, 4), (3, 2), (6, 4), (7, 4)), (1, 1))","(((2, 3), (3, 2), (6, 4), (7, 4)), (1, 1))",9,6.0,15.0,9,2,1,expanded,False,True,2143
"(((2, 4), (4, 2), (4, 3), (4, 4)), (5, 1))","(((2, 4), (4, 3), (4, 4), (5, 2)), (5, 1))",10,5.0,15.0,10,1,0,expanded,False,True,2144
"(((2, 4), (4, 2), (4, 5), (5, 4)), (4, 3))","(((2, 4), (4, 2), (4, 4), (5, 4)), (4, 3))",11,6,17.0,11,,,pruned,,,2145
"(((2, 4), (4, 2), (4, 4), (5, 4)), (4, 3))","(((2, 4), (4, 4), (5, 2), (5, 4)), (1, 1))",10,5.0,15.0,10,2,1,expanded,False,True,2146
"(((2, 4), (4, 2), (4, 5), (5, 2)), (4, 3))","(((2, 4), (4, 2), (4, 4), (5, 2)), (4, 3))",11,6,17.0,11,,,pruned,,,2147
"(((2, 4), (4, 2), (4, 4), (5, 1)), (4, 3))","(((2, 4), (4, 2), (4, 4), (5, 2)), (4, 3))",11,6,17.0,11,,,pruned,,,2148
"(((2, 4), (4, 2), (4, 4), (5, 2)), (4, 3))","(((2, 4), (4, 2), (4, 4), (5, 3)), (5, 1))",10,5.0,15.0,10,3,2,expanded,False,True,2149
"(((2, 4), (3, 2), (4, 5), (5, 3)), (4, 2))","(((2, 4), (3, 2), (4, 4), (5, 3)), (4, 2))",11,6,17.0,11,,,pruned,,,2150
"(((2, 4), (3, 2), (4, 4), (5, 3)), (4, 2))","(((2, 4), (4, 2), (4, 4), (5, 3)), (5, 1))",10,5.0,15.0,10,6,1,expanded,False,True,2151
"(((2, 4), (6, 3), (7, 2), (8, 4)), (1, 1))","(((2, 4), (6, 3), (7, 2), (7, 4)), (1, 1))",11,6,17.0,11,,,pruned,,,2152
"(((2, 5), (6, 3), (7, 2), (7, 4)), (1, 1))","(((2, 4), (6, 3), (7, 2), (7, 4)), (1, 1))",11,6,17.0,11,,,pruned,,,2153
"(((2, 4), (6, 3), (7, 4), (8, 2)), (1, 1))","(((2, 4), (6, 3), (7, 2), (7, 4)), (1, 1))",11,6,17.0,11,,,pruned,,,2154
"(((2, 4), (6, 3), (7, 2), (7, 4)), (1, 1))","(((2, 4), (6, 3), (6, 4), (7, 2)), (1, 1))",10,5.0,15.0,10,6,3,expanded,False,True,2155
"(((2, 4), (5, 2), (6, 3), (7, 4)), (5, 1))","(((2, 4), (6, 2), (6, 3), (7, 4)), (1, 1))",10,5.0,15.0,10,4,0,expanded,False,True,2156
"(((2, 4), (4, 3), (7, 2), (8, 4)), (1, 1))","(((2, 4), (4, 3), (7, 2), (7, 4)), (1, 1))",11,6,17.0,11,,,pruned,,,2157
"(((2, 5), (4, 3), (7, 2), (7, 4)), (1, 1))","(((2, 4), (4, 3), (7, 2), (7, 4)), (1, 1))",11,6,17.0,11,,,pruned,,,2158
"(((2, 4), (4, 3), (7, 4), (8, 2)), (1, 1))","(((2, 4), (4, 3), (7, 2), (7, 4)), (1, 1))",11,6,17.0,11,,,pruned,,,2159
"(((2, 4), (4, 3), (7, 2), (7, 4)), (1, 1))","(((2, 4), (4, 3), (6, 4), (7, 2)), (1, 1))",10,5.0,15.0,10,6,3,expanded,False,True,2160
"(((2, 4), (5, 4), (7, 2), (8, 4)), (1, 1))","(((2, 4), (5, 4), (7, 2), (7, 4)), (1, 1))",11,6,17.0,11,,,pruned,,,2161
"(((2, 5), (5, 4), (7, 2), (7, 4)), (1, 1))","(((2, 4), (5, 4), (7, 2), (7, 4)), (1, 1))",11,6,17.0,11,,,pruned,,,2162
"(((2, 4), (5, 4), (7, 4), (8, 2)), (1, 1))","(((2, 4), (5, 4), (7, 2), (7, 4)), (1, 1))",11,6,17.0,11,,,pruned,,,2163
"(((2, 4), (5, 4), (7, 2), (7, 4)), (1, 1))","(((2, 4), (5, 3), (7, 2), (7, 4)), (1, 1))",10,5.0,15.0,10,6,3,expanded,False,True,2164
"(((2, 5), (5, 4), (6, 3), (7, 4)), (1, 1))","(((2, 4), (5, 4), (6, 3), (7, 4)), (1, 1))",11,6,17.0,11,,,pruned,,,2165
"(((2, 4), (5, 4), (6, 3), (7, 4)), (1, 1))","(((2, 4), (5, 3), (6, 3), (7, 4)), (1, 1))",10,5.0,15.0,10,5,1,expanded,False,True,2166
"(((2, 4), (4, 3), (6, 3), (8, 4)), (1, 1))","(((2, 4), (4, 3), (6, 3), (7, 4)), (1, 1))",11,6,17.0,11,,,pruned,,,2167
"(((2, 5), (4, 3), (6, 3), (7, 4)), (1, 1))","(((2, 4), (4, 3), (6, 3), (7, 4)), (1, 1))",11,6,17.0,11,,,pruned,,,2168
"(((2, 4), (4, 3), (6, 3), (7, 4)), (1, 1))","(((2, 4), (4, 3), (6, 2), (7, 4)), (1, 1))",10,5.0,15.0,10,8,2,expanded,False,True,2169
"(((2, 4), (4, 2), (6, 2), (8, 4)), (2, 5))","(((2, 4), (4, 2), (6, 2), (7, 4)), (2, 5))",11,6,17.0,11,,,pruned,,,2170
"(((2, 4), (4, 2), (6, 1), (7, 4)), (2, 5))","(((2, 4), (4, 2), (6, 2), (7, 4)), (2, 5))",11,6,17.0,11,,,pruned,,,2171
"(((2, 4), (4, 2), (6, 2), (7, 4)), (2, 5))","(((2, 4), (4, 3), (6, 2), (7, 4)), (1, 1))",10,5.0,15.0,10,8,2,expanded,False,True,2172
"(((2, 3), (4, 4), (6, 3), (8, 4)), (1, 1))","(((2, 3), (4, 4), (6, 3), (7, 4)), (1, 1))",11,6,17.0,11,,,pruned,,,2173
"(((2, 3), (4, 5), (6, 3), (7, 4)), (1, 1))","(((2, 3), (4, 4), (6, 3), (7, 4)), (1, 1))",11,6,17.0,11,,,pruned,,,2174
"(((2, 3), (4, 4), (6, 3), (7, 4)), (1, 1))","(((2, 3), (4, 4), (6, 3), (6, 4)), (1, 1))",10,5.0,15.0,10,6,2,expanded,False,True,2175
"(((2, 3), (4, 3), (4, 4), (8, 4)), (1, 1))","(((2, 3), (4, 3), (4, 4), (7, 4)), (1, 1))",11,6,17.0,11,,,pruned,,,2176
"(((2, 3), (4, 3), (4, 4), (7, 4)), (1, 1))","(((2, 3), (4, 3), (4, 4), (6, 4)), (1, 1))",10,5.0,15.0,10,3,1,expanded,False,True,2177
"(((2, 3), (4, 3), (4, 4), (5, 4)), (1, 1))","(((2, 3), (4, 3), (4, 4), (6, 4)), (1, 1))",10,5.0,15.0,10,1,0,expanded,False,True,2178
"(((4, 2), (5, 4), (6, 3), (8, 2)), (1, 1))","(((4, 2), (5, 4), (6, 3), (7, 2)), (1, 1))",11,6,17.0,11,,,pruned,,,2179
"(((4, 2), (5, 4), (6, 3), (7, 2)), (1, 1))","(((4, 2), (5, 4), (6, 2), (6, 3)), (1, 1))",10,5.0,15.0,10,5,1,expanded,False,True,2180
"(((4, 2), (4, 3), (5, 4), (8, 2)), (5, 1))","(((4, 2), (4, 3), (5, 4), (7, 2)), (5, 1))",11,6,17.0,11,,,pruned,,,2181
"(((4, 2), (4, 3), (5, 4), (7, 2)), (5, 1))","(((4, 2), (4, 3), (5, 4), (6, 2)), (5, 1))",10,5.0,15.0,10,4,1,expanded,False,True,2182
"(((4, 2), (4, 3), (5, 1), (5, 4)), (5, 2))","(((4, 2), (4, 3), (5, 2), (5, 4)), (5, 1))",11,6,17.0,11,,,pruned,,,2183
"(((4, 2), (4, 3), (5, 2), (5, 4)), (5, 1))","(((4, 2), (4, 3), (5, 4), (6, 2)), (5, 1))",10,5.0,15.0,10,3,1,expanded,False,True,2184
"(((4, 2), (4, 3), (5, 4), (6, 3)), (5, 1))","(((4, 2), (4, 3), (5, 4), (6, 2)), (5, 1))",10,5.0,15.0,10,4,0,expanded,False,True,2185
"(((4, 2), (4, 3), (5, 2), (8, 4)), (1, 1))","(((4, 2), (4, 3), (5, 2), (7, 4)), (1, 1))",11,6,17.0,11,,,pruned,,,2186
"(((4, 2), (4, 3), (5, 1), (7, 4)), (1, 1))","(((4, 2), (4, 3), (5, 2), (7, 4)), (1, 1))",11,6,17.0,11,,,pruned,,,2187
"(((4, 2), (4, 3), (5, 2), (7, 4)), (1, 1))","(((4, 2), (4, 3), (5, 2), (6, 4)), (1, 1))",10,5.0,15.0,10,4,2,expanded,False,True,2188
"(((2, 4), (4, 2), (4, 5), (7, 4)), (4, 3))","(((2, 4), (4, 2), (4, 4), (7, 4)), (4, 3))",11,6,17.0,11,,,pruned,,,2189
"(((2, 4), (4, 2), (4, 4), (8, 4)), (4, 3))","(((2, 4), (4, 2), (4, 4), (7, 4)), (4, 3))",11,6,17.0,11,,,pruned,,,2190
"(((2, 4), (4, 2), (4, 4), (7, 4)), (4, 3))","(((2, 4), (4, 4), (5, 2), (7, 4)), (1, 1))",10,5.0,15.0,10,4,2,expanded,False,True,2191
"(((2, 4), (3, 2), (4, 5), (6, 4)), (4, 2))","(((2, 4), (3, 2), (4, 4), (6, 4)), (4, 2))",11,6,17.0,11,,,pruned,,,2192
"(((2, 4), (3, 2), (4, 4), (6, 4)), (4, 2))","(((2, 4), (4, 2), (4, 4), (6, 4)), (4, 3))",10,5.0,15.0,10,4,1,expanded,False,True,2193
"(((3, 2), (6, 3), (6, 4), (8, 2)), (1, 1))","(((3, 2), (6, 3), (6, 4), (7, 2)), (1, 1))",11,6,17.0,11,,,pruned,,,2194
"(((3, 2), (6, 3), (6, 4), (7, 2)), (1, 1))","(((3, 2), (6, 2), (6, 3), (6, 4)), (1, 1))",10,5.0,15.0,10,4,1,expanded,False,True,2195
"(((3, 2), (5, 2), (6, 3), (6, 4)), (5, 1))","(((3, 2), (6, 2), (6, 3), (6, 4)), (1, 1))",10,5.0,15.0,10,3,0,expanded,False,True,2196
"(((3, 2), (6, 2), (6, 3), (8, 4)), (1, 1))","(((3, 2), (6, 2), (6, 3), (7, 4)), (1, 1))",11,6,17.0,11,,,pruned,,,2197
"(((3, 2), (6, 2), (6, 3), (7, 4)), (1, 1))","(((3, 2), (6, 2), (6, 3), (6, 4)), (1, 1))",10,5.0,15.0,10,6,1,expanded,False,True,2198
"(((3, 2), (5, 4), (6, 4), (8, 2)), (1, 1))","(((3, 2), (5, 4), (6, 4), (7, 2)), (1, 1))",11,6,17.0,11,,,pruned,,,2199
"(((3, 2), (5, 4), (6, 4), (7, 2)), (1, 1))","(((3, 2), (5, 4), (6, 2), (6, 4)), (1, 1))",10,5.0,15.0,10,3,1,expanded,False,True,2200
"(((3, 2), (5, 4), (6, 3), (6, 4)), (1, 1))","(((3, 2), (5, 4), (6, 2), (6, 4)), (1, 1))",10,5.0,15.0,10,2,0,expanded,False,True,2201
"(((3, 2), (4, 3), (6, 4), (8, 2)), (1, 1))","(((3, 2), (4, 3), (6, 4), (7, 2)), (1, 1))",11,6,17.0,11,,,pruned,,,2202
"(((3, 2), (4, 3), (6, 4), (7, 2)), (1, 1))","(((3, 2), (5, 3), (6, 4), (7, 2)), (1, 1))",10,5.0,15.0,10,6,1,expanded,False,True,2203
"(((3, 2), (5, 3), (7, 2), (8, 4)), (1, 1))","(((3, 2), (5, 3), (7, 2), (7, 4)), (1, 1))",11,6,17.0,11,,,pruned,,,2204
"(((3, 2), (5, 3), (7, 4), (8, 2)), (1, 1))","(((3, 2), (5, 3), (7, 2), (7, 4)), (1, 1))",11,6,17.0,11,,,pruned,,,2205
"(((3, 2), (5, 3), (7, 2), (7, 4)), (1, 1))","(((3, 2), (5, 3), (6, 4), (7, 2)), (1, 1))",10,5.0,15.0,10,8,2,expanded,False,True,2206
"(((3, 2), (5, 3), (6, 3), (8, 4)), (1, 1))","(((3, 2), (5, 3), (6, 3), (7, 4)), (1, 1))",11,6,17.0,11,,,pruned,,,2207
"(((3, 2), (5, 3), (6, 3), (7, 4)), (1, 1))","(((3, 2), (5, 3), (6, 3), (6, 4)), (1, 1))",10,5.0,15.0,10,8,1,expanded,False,True,2208
"(((3, 2), (4, 3), (6, 2), (8, 4)), (1, 1))","(((3, 2), (4, 3), (6, 2), (7, 4)), (1, 1))",11,6,17.0,11,,,pruned,,,2209
"(((3, 2), (4, 3), (6, 1), (7, 4)), (1, 1))","(((3, 2), (4, 3), (6, 2), (7, 4)), (1, 1))",11,6,17.0,11,,,pruned,,,2210
"(((3, 2), (4, 3), (6, 2), (7, 4)), (1, 1))","(((3, 2), (5, 3), (6, 2), (7, 4)), (1, 1))",10,5.0,15.0,10,10,2,expanded,False,True,2211
"(((3, 2), (5, 4), (6, 2), (8, 4)), (1, 1))","(((3, 2), (5, 4), (6, 2), (7, 4)), (1, 1))",11,6,17.0,11,,,pruned,,,2212
"(((3, 2), (5, 4), (6, 1), (7, 4)), (1, 1))","(((3, 2), (5, 4), (6, 2), (7, 4)), (1, 1))",11,6,17.0,11,,,pruned,,,2213
"(((3, 2), (5, 4), (6, 2), (7, 4)), (1, 1))","(((3, 2), (5, 3), (6, 2), (7, 4)), (1, 1))",10,5.0,15.0,10,10,2,expanded,False,True,2214
"(((3, 2), (4, 5), (6, 3), (7, 2)), (4, 2))","(((3, 2), (4, 4), (6, 3), (7, 2)), (4, 2))",11,6,17.0,11,,,pruned,,,2215
"(((3, 2), (4, 4), (6, 3), (8, 2)), (4, 2))","(((3, 2), (4, 4), (6, 3), (7, 2)), (4, 2))",11,6,17.0,11,,,pruned,,,2216
"(((3, 2), (4, 4), (6, 3), (7, 2)), (4, 2))","(((3, 2), (4, 4), (6, 2), (6, 3)), (4, 2))",10,5.0,15.0,10,6,2,expanded,False,True,2217
"(((3, 2), (4, 3), (4, 4), (8, 2)), (4, 2))","(((3, 2), (4, 3), (4, 4), (7, 2)), (4, 2))",11,6,17.0,11,,,pruned,,,2218
"(((3, 2), (4, 3), (4, 4), (7, 2)), (4, 2))","(((3, 2), (4, 3), (4, 4), (6, 2)), (4, 2))",10,5.0,15.0,10,3,1,expanded,False,True,2219
"(((3, 2), (4, 3), (4, 4), (5, 1)), (4, 2))","(((3, 2), (4, 3), (4, 4), (5, 2)), (5, 1))",11,6,17.0,11,,,pruned,,,2220
"(((3, 2), (4, 3), (4, 4), (5, 2)), (5, 1))","(((3, 2), (4, 3), (4, 4), (6, 2)), (4, 2))",10,5.0,15.0,10,3,1,expanded,False,True,2221
"(((3, 2), (4, 3), (4, 4), (6, 3)), (4, 2))","(((3, 2), (4, 3), (4, 4), (6, 2)), (4, 2))",10,5.0,15.0,10,3,0,expanded,False,True,2222
"(((3, 2), (4, 5), (5, 4), (7, 2)), (4, 2))","(((3, 2), (4, 4), (5, 4), (7, 2)), (4, 2))",11,6,17.0,11,,,pruned,,,2223
"(((3, 2), (4, 4), (5, 4), (8, 2)), (4, 2))","(((3, 2), (4, 4), (5, 4), (7, 2)), (4, 2))",11,6,17.0,11,,,pruned,,,2224
"(((3, 2), (4, 4), (5, 4), (7, 2)), (4, 2))","(((3, 2), (4, 4), (5, 4), (6, 2)), (4, 2))",10,5.0,15.0,10,4,2,expanded,False,True,2225
"(((3, 2), (4, 5), (5, 2), (5, 4)), (4, 2))","(((3, 2), (4, 4), (5, 2), (5, 4)), (4, 2))",11,6,17.0,11,,,pruned,,,2226
"(((3, 2), (4, 4), (5, 1), (5, 4)), (4, 2))","(((3, 2), (4, 4), (5, 2), (5, 4)), (4, 2))",11,6,17.0,11,,,pruned,,,2227
"(((3, 2), (4, 4), (5, 2), (5, 4)), (4, 2))","(((3, 2), (4, 4), (5, 4), (6, 2)), (4, 2))",10,5.0,15.0,10,6,2,expanded,False,True,2228
"(((3, 2), (4, 5), (5, 4), (6, 3)), (4, 2))","(((3, 2), (4, 4), (5, 4), (6, 3)), (4, 2))",11,6,17.0,11,,,pruned,,,2229
"(((3, 2), (4, 4), (5, 4), (6, 3)), (4, 2))","(((3, 2), (4, 4), (5, 4), (6, 2)), (4, 2))",10,5.0,15.0,10,4,1,expanded,False,True,2230
"(((2, 3), (4, 4), (7, 2), (8, 4)), (1, 1))","(((2, 3), (4, 4), (7, 2), (7, 4)), (1, 1))",11,6,17.0,11,,,pruned,,,2231
"(((2, 3), (4, 5), (7, 2), (7, 4)), (1, 1))","(((2, 3), (4, 4), (7, 2), (7, 4)), (1, 1))",11,6,17.0,11,,,pruned,,,2232
"(((2, 3), (4, 4), (7, 4), (8, 2)), (1, 1))","(((2, 3), (4, 4), (7, 2), (7, 4)), (1, 1))",11,6,17.0,11,,,pruned,,,2233
"(((2, 3), (4, 4), (7, 2), (7, 4)), (1, 1))","(((2, 3), (4, 4), (6, 4), (7, 2)), (1, 1))",10,5.0,15.0,10,4,3,expanded,False,True,2234
"(((4, 2), (4, 3), (6, 3), (8, 2)), (1, 1))","(((4, 2), (4, 3), (6, 3), (7, 2)), (1, 1))",11,6,17.0,11,,,pruned,,,2235
"(((4, 2), (4, 3), (6, 3), (7, 2)), (1, 1))","(((4, 2), (4, 3), (6, 2), (7, 2)), (1, 1))",10,5.0,15.0,10,6,1,expanded,False,True,2236
"(((2, 4), (3, 2), (6, 1), (6, 4)), (2, 5))","(((2, 4), (3, 2), (6, 2), (6, 4)), (2, 5))",11,6,17.0,11,,,pruned,,,2237
"(((2, 4), (3, 2), (6, 2), (6, 4)), (2, 5))","(((2, 4), (4, 2), (6, 2), (6, 4)), (2, 5))",10,5.0,15.0,10,8,1,expanded,False,True,2238
"(((2, 4), (3, 2), (4, 5), (6, 2)), (4, 2))","(((2, 4), (3, 2), (4, 4), (6, 2)), (4, 2))",11,6,17.0,11,,,pruned,,,2239
"(((2, 4), (3, 2), (4, 4), (6, 1)), (4, 2))","(((2, 4), (3, 2), (4, 4), (6, 2)), (4, 2))",11,6,17.0,11,,,pruned,,,2240
"(((2, 4), (3, 2), (4, 4), (6, 2)), (4, 2))","(((2, 4), (4, 2), (4, 4), (6, 2)), (4, 3))",10,5.0,15.0,10,6,2,expanded,False,True,2241
"(((2, 4), (4, 3), (5, 4), (8, 4)), (1, 1))","(((2, 4), (4, 3), (5, 4), (7, 4)), (1, 1))",11,6,17.0,11,,,pruned,,,2242
"(((2, 5), (4, 3), (5, 4), (7, 4)), (1, 1))","(((2, 4), (4, 3), (5, 4), (7, 4)), (1, 1))",11,6,17.0,11,,,pruned,,,2243
"(((2, 4), (4, 3), (5, 4), (7, 4)), (1, 1))","(((2, 4), (4, 3), (5, 3), (7, 4)), (1, 1))",10,5.0,15.0,10,5,2,expanded,False,True,2244
"(((1, 2), (5, 3), (6, 4), (7, 4)), (1, 1))","(((2, 2), (5, 3), (6, 4), (7, 4)), (1, 1))",11,6,17.0,11,,,pruned,,,2245
"(((2, 1), (5, 3), (6, 4), (7, 4)), (1, 1))","(((2, 2), (5, 3), (6, 4), (7, 4)), (1, 1))",11,6,17.0,11,,,pruned,,,2246
"(((2, 2), (5, 3), (6, 4), (7, 4)), (1, 1))","(((2, 3), (5, 3), (6, 4), (7, 4)), (1, 1))",10,5.0,15.0,10,8,2,expanded,False,True,2247
"(((2, 3), (6, 3), (6, 4), (7, 4)), (1, 1))","(((2, 3), (5, 3), (6, 4), (7, 4)), (1, 1))",10,5.0,15.0,10,2,0,expanded,False,True,2248
"(((2, 3), (4, 3), (6, 4), (7, 4)), (1, 1))","(((2, 3), (5, 3), (6, 4), (7, 4)), (1, 1))",10,5.0,15.0,10,4,0,expanded,False,True,2249
"(((2, 3), (5, 4), (6, 4), (7, 4)), (1, 1))","(((2, 3), (5, 3), (6, 4), (7, 4)), (1, 1))",10,5.0,15.0,10,2,0,expanded,False,True,2250
"(((2, 2), (6, 1), (6, 4), (7, 4)), (1, 1))","(((2, 2), (6, 2), (6, 4), (7, 4)), (1, 1))",11,6,17.0,11,,,pruned,,,2251
"(((1, 2), (6, 2), (6, 4), (7, 4)), (1, 1))","(((2, 2), (6, 2), (6, 4), (7, 4)), (1, 1))",11,6,17.0,11,,,pruned,,,2252
"(((2, 1), (6, 2), (6, 4), (7, 4)), (1, 1))","(((2, 2), (6, 2), (6, 4), (7, 4)), (1, 1))",11,6,17.0,11,,,pruned,,,2253
"(((2, 2), (6, 2), (6, 4), (7, 4)), (1, 1))","(((2, 3), (6, 2), (6, 4), (7, 4)), (1, 1))",10,5.0,15.0,10,8,3,expanded,False,True,2254
"(((2, 3), (6, 4), (7, 4), (8, 2)), (1, 1))","(((2, 3), (6, 4), (7, 2), (7, 4)), (1, 1))",11,6,17.0,11,,,pruned,,,2255
"(((2, 3), (6, 4), (7, 2), (7, 4)), (1, 1))","(((2, 3), (6, 2), (6, 4), (7, 4)), (1, 1))",10,5.0,15.0,10,3,1,expanded,False,True,2256
"(((3, 2), (4, 3), (5, 4), (6, 4)), (4, 2))","(((3, 2), (4, 3), (5, 3), (6, 4)), (4, 2))",10,5.0,15.0,10,2,0,expanded,False,True,2257
"(((3, 2), (4, 3), (5, 3), (5, 4)), (4, 2))","(((3, 2), (4, 3), (5, 3), (6, 4)), (4, 2))",10,5.0,15.0,10,3,0,expanded,False,True,2258
"(((2, 2), (4, 5), (6, 3), (6, 4)), (3, 2))","(((2, 2), (4, 4), (6, 3), (6, 4)), (3, 2))",11,6,17.0,11,,,pruned,,,2259
"(((1, 2), (4, 4), (6, 3), (6, 4)), (1, 1))","(((2, 2), (4, 4), (6, 3), (6, 4)), (3, 2))",11,6,17.0,11,,,pruned,,,2260
"(((2, 2), (4, 4), (6, 3), (6, 4)), (3, 2))","(((2, 2), (4, 4), (5, 3), (6, 4)), (3, 2))",10,5.0,15.0,10,4,2,expanded,False,True,2261
"(((1, 2), (4, 3), (4, 4), (6, 4)), (1, 1))","(((2, 2), (4, 3), (4, 4), (6, 4)), (3, 2))",11,6,17.0,11,,,pruned,,,2262
"(((2, 2), (4, 3), (4, 4), (6, 4)), (3, 2))","(((2, 2), (4, 4), (5, 3), (6, 4)), (3, 2))",10,5.0,15.0,10,3,1,expanded,False,True,2263
"(((2, 2), (4, 5), (5, 4), (6, 4)), (3, 2))","(((2, 2), (4, 4), (5, 4), (6, 4)), (3, 2))",11,6,17.0,11,,,pruned,,,2264
"(((1, 2), (4, 4), (5, 4), (6, 4)), (1, 1))","(((2, 2), (4, 4), (5, 4), (6, 4)), (3, 2))",11,6,17.0,11,,,pruned,,,2265
"(((2, 2), (4, 4), (5, 4), (6, 4)), (3, 2))","(((2, 2), (4, 4), (5, 3), (6, 4)), (3, 2))",10,5.0,15.0,10,2,2,expanded,True,True,2266
"(((2, 2), (4, 5), (5, 3), (5, 4)), (3, 2))","(((2, 2), (4, 4), (5, 3), (5, 4)), (3, 2))",11,6,17.0,11,,,pruned,,,2267
"(((1, 2), (4, 4), (5, 3), (5, 4)), (1, 1))","(((2, 2), (4, 4), (5, 3), (5, 4)), (3, 2))",11,6,17.0,11,,,pruned,,,2268
"(((2, 2), (4, 4), (5, 3), (5, 4)), (3, 2))","(((2, 2), (4, 4), (5, 3), (6, 4)), (3, 2))",10,5.0,15.0,10,4,2,expanded,False,True,2269
"(((2, 3), (4, 4), (5, 4), (8, 4)), (1, 1))","(((2, 3), (4, 4), (5, 4), (7, 4)), (1, 1))",11,6,17.0,11,,,pruned,,,2270
"(((2, 3), (4, 5), (5, 4), (7, 4)), (1, 1))","(((2, 3), (4, 4), (5, 4), (7, 4)), (1, 1))",11,6,17.0,11,,,pruned,,,2271
"(((2, 3), (4, 4), (5, 4), (7, 4)), (1, 1))","(((2, 3), (4, 4), (5, 3), (7, 4)), (1, 1))",10,5.0,15.0,10,4,2,expanded,False,True,2272
"(((3, 2), (6, 2), (7, 2), (8, 4)), (1, 1))","(((3, 2), (6, 2), (7, 2), (7, 4)), (1, 1))",11,6,17.0,11,,,pruned,,,2273
"(((3, 2), (6, 1), (7, 2), (7, 4)), (1, 1))","(((3, 2), (6, 2), (7, 2), (7, 4)), (1, 1))",11,6,17.0,11,,,pruned,,,2274
"(((3, 2), (6, 2), (7, 2), (7, 4)), (1, 1))","(((3, 2), (6, 2), (6, 4), (7, 2)), (1, 1))",10,5.0,15.0,10,5,2,expanded,False,True,2275
"(((3, 2), (4, 5), (5, 2), (7, 4)), (4, 2))","(((3, 2), (4, 4), (5, 2), (7, 4)), (4, 2))",11,6,17.0,11,,,pruned,,,2276
"(((3, 2), (4, 4), (5, 2), (8, 4)), (4, 2))","(((3, 2), (4, 4), (5, 2), (7, 4)), (4, 2))",11,6,17.0,11,,,pruned,,,2277
"(((3, 2), (4, 4), (5, 1), (7, 4)), (4, 2))","(((3, 2), (4, 4), (5, 2), (7, 4)), (4, 2))",11,6,17.0,11,,,pruned,,,2278
"(((3, 2), (4, 4), (5, 2), (7, 4)), (4, 2))","(((3, 2), (4, 4), (5, 2), (6, 4)), (4, 2))",10,5.0,15.0,10,8,3,expanded,False,True,2279
"(((3, 2), (4, 3), (6, 3), (6, 4)), (1, 1))","(((3, 2), (4, 3), (6, 2), (6, 4)), (1, 1))",10,5.0,15.0,10,6,0,expanded,False,True,2280
"(((2, 2), (4, 5), (6, 4), (7, 2)), (3, 2))","(((2, 2), (4, 4), (6, 4), (7, 2)), (3, 2))",11,6,17.0,11,,,pruned,,,2281
"(((2, 2), (4, 4), (6, 4), (8, 2)), (3, 2))","(((2, 2), (4, 4), (6, 4), (7, 2)), (3, 2))",11,6,17.0,11,,,pruned,,,2282
"(((1, 2), (4, 4), (6, 4), (7, 2)), (1, 1))","(((2, 2), (4, 4), (6, 4), (7, 2)), (3, 2))",11,6,17.0,11,,,pruned,,,2283
"(((2, 2), (4, 4), (6, 4), (7, 2)), (3, 2))","(((2, 2), (4, 4), (6, 2), (6, 4)), (3, 2))",10,5.0,15.0,10,4,3,expanded,False,True,2284
"(((2, 2), (4, 5), (6, 2), (7, 4)), (3, 2))","(((2, 2), (4, 4), (6, 2), (7, 4)), (3, 2))",11,6,17.0,11,,,pruned,,,2285
"(((2, 2), (4, 4), (6, 2), (8, 4)), (3, 2))","(((2, 2), (4, 4), (6, 2), (7, 4)), (3, 2))",11,6,17.0,11,,,pruned,,,2286
"(((2, 2), (4, 4), (6, 1), (7, 4)), (3, 2))","(((2, 2), (4, 4), (6, 2), (7, 4)), (3, 2))",11,6,17.0,11,,,pruned,,,2287
"(((1, 2), (4, 4), (6, 2), (7, 4)), (1, 1))","(((2, 2), (4, 4), (6, 2), (7, 4)), (3, 2))",11,6,17.0,11,,,pruned,,,2288
"(((2, 2), (4, 4), (6, 2), (7, 4)), (3, 2))","(((2, 2), (4, 4), (6, 2), (6, 4)), (3, 2))",10,5.0,15.0,10,8,4,expanded,False,True,2289
"(((4, 2), (5, 2), (7, 4), (8, 2)), (1, 1))","(((4, 2), (5, 2), (7, 2), (7, 4)), (1, 1))",11,6,17.0,11,,,pruned,,,2290
"(((4, 2), (5, 2), (7, 2), (8, 4)), (1, 1))","(((4, 2), (5, 2), (7, 2), (7, 4)), (1, 1))",11,6,17.0,11,,,pruned,,,2291
"(((4, 2), (5, 1), (7, 2), (7, 4)), (1, 1))","(((4, 2), (5, 2), (7, 2), (7, 4)), (1, 1))",11,6,17.0,11,,,pruned,,,2292
"(((4, 2), (5, 2), (7, 2), (7, 4)), (1, 1))","(((4, 2), (5, 2), (6, 4), (7, 2)), (1, 1))",10,5.0,15.0,10,4,3,expanded,False,True,2293
"(((4, 2), (5, 2), (6, 3), (8, 4)), (1, 1))","(((4, 2), (5, 2), (6, 3), (7, 4)), (1, 1))",11,6,17.0,11,,,pruned,,,2294
"(((4, 2), (5, 1), (6, 3), (7, 4)), (1, 1))","(((4, 2), (5, 2), (6, 3), (7, 4)), (1, 1))",11,6,17.0,11,,,pruned,,,2295
"(((4, 2), (5, 2), (6, 3), (7, 4)), (1, 1))","(((4, 2), (5, 2), (6, 3), (6, 4)), (1, 1))",10,5.0,15.0,10,3,2,expanded,False,True,2296
"(((2, 4), (4, 2), (6, 4), (7, 4)), (2, 5))","(((2, 4), (5, 2), (6, 4), (7, 4)), (1, 1))",10,5.0,15.0,10,2,0,expanded,False,True,2297
"(((1, 2), (4, 3), (4, 4), (5, 3)), (1, 1))","(((2, 2), (4, 3), (4, 4), (5, 3)), (3, 2))",11,6,17.0,11,,,pruned,,,2298
"(((2, 2), (4, 3), (4, 4), (5, 3)), (3, 2))","(((2, 2), (4, 3), (4, 4), (5, 2)), (5, 1))",10,5.0,15.0,10,3,1,expanded,False,True,2299
"(((3, 2), (4, 3), (5, 3), (8, 4)), (1, 1))","(((3, 2), (4, 3), (5, 3), (7, 4)), (1, 1))",11,6,17.0,11,,,pruned,,,2300
"(((3, 2), (4, 3), (5, 3), (7, 4)), (1, 1))","(((3, 2), (4, 3), (5, 2), (7, 4)), (1, 1))",10,5.0,15.0,10,8,1,expanded,False,True,2301
"(((2, 2), (4, 4), (5, 3), (8, 4)), (3, 2))","(((2, 2), (4, 4), (5, 3), (7, 4)), (3, 2))",11,6,17.0,11,,,pruned,,,2302
"(((2, 2), (4, 5), (5, 3), (7, 4)), (3, 2))","(((2, 2), (4, 4), (5, 3), (7, 4)), (3, 2))",11,6,17.0,11,,,pruned,,,2303
"(((1, 2), (4, 4), (5, 3), (7, 4)), (1, 1))","(((2, 2), (4, 4), (5, 3), (7, 4)), (3, 2))",11,6,17.0,11,,,pruned,,,2304
"(((2, 2), (4, 4), (5, 3), (7, 4)), (3, 2))","(((2, 2), (4, 3), (5, 3), (7, 4)), (1, 1))",10,5.0,15.0,10,8,3,expanded,False,True,2305
"(((3, 2), (5, 1), (6, 4), (7, 4)), (1, 1))","(((3, 2), (5, 2), (6, 4), (7, 4)), (1, 1))",11,6,17.0,11,,,pruned,,,2306
"(((3, 2), (5, 2), (6, 4), (7, 4)), (1, 1))","(((2, 2), (5, 2), (6, 4), (7, 4)), (1, 1))",10,5.0,15.0,10,6,1,expanded,False,True,2307
"(((3, 2), (5, 2), (5, 3), (5, 4)), (1, 1))","(((2, 2), (5, 2), (5, 3), (5, 4)), (1, 1))",10,5.0,15.0,10,5,0,expanded,False,True,2308
"(((3, 2), (5, 3), (5, 4), (8, 4)), (1, 1))","(((3, 2), (5, 3), (5, 4), (7, 4)), (1, 1))",11,6,17.0,11,,,pruned,,,2309
"(((3, 2), (5, 3), (5, 4), (7, 4)), (1, 1))","(((2, 2), (5, 3), (5, 4), (7, 4)), (1, 1))",10,5.0,15.0,10,8,1,expanded,False,True,2310
"(((4, 2), (5, 2), (5, 4), (8, 4)), (1, 1))","(((4, 2), (5, 2), (5, 4), (7, 4)), (1, 1))",11,6,17.0,11,,,pruned,,,2311
"(((4, 2), (5, 1), (5, 4), (7, 4)), (1, 1))","(((4, 2), (5, 2), (5, 4), (7, 4)), (1, 1))",11,6,17.0,11,,,pruned,,,2312
"(((4, 2), (5, 2), (5, 4), (7, 4)), (1, 1))","(((3, 2), (5, 2), (5, 4), (7, 4)), (1, 1))",10,5.0,15.0,10,6,2,expanded,False,True,2313
"(((2, 4), (4, 5), (6, 3), (7, 4)), (1, 1))","(((2, 4), (4, 4), (6, 3), (7, 4)), (1, 1))",12,5,17.0,12,,,pruned,,,2314
"(((2, 4), (4, 4), (6, 3), (8, 4)), (1, 1))","(((2, 4), (4, 4), (6, 3), (7, 4)), (1, 1))",12,5,17.0,12,,,pruned,,,2315
"(((2, 5), (4, 4), (6, 3), (7, 4)), (1, 1))","(((2, 4), (4, 4), (6, 3), (7, 4)), (1, 1))",12,5,17.0,12,,,pruned,,,2316
"(((2, 4), (4, 4), (6, 3), (7, 4)), (1, 1))","(((2, 4), (4, 4), (6, 3), (6, 4)), (1, 1))",11,4.0,15.0,11,6,3,expanded,False,True,2317
"(((2, 4), (4, 3), (4, 4), (8, 4)), (1, 1))","(((2, 4), (4, 3), (4, 4), (7, 4)), (1, 1))",12,5,17.0,12,,,pruned,,,2318
"(((2, 5), (4, 3), (4, 4), (7, 4)), (1, 1))","(((2, 4), (4, 3), (4, 4), (7, 4)), (1, 1))",12,5,17.0,12,,,pruned,,,2319
"(((2, 4), (4, 3), (4, 4), (7, 4)), (1, 1))","(((2, 4), (4, 3), (4, 4), (6, 4)), (1, 1))",11,4.0,15.0,11,3,2,expanded,False,True,2320
"(((2, 5), (4, 3), (4, 4), (5, 4)), (1, 1))","(((2, 4), (4, 3), (4, 4), (5, 4)), (1, 1))",12,5,17.0,12,,,pruned,,,2321
"(((2, 4), (4, 3), (4, 4), (5, 4)), (1, 1))","(((2, 4), (4, 3), (4, 4), (6, 4)), (1, 1))",11,4.0,15.0,11,1,1,expanded,True,True,2322
"(((2, 4), (4, 5), (7, 2), (7, 4)), (1, 1))","(((2, 4), (4, 4), (7, 2), (7, 4)), (1, 1))",12,5,17.0,12,,,pruned,,,2323
"(((2, 4), (4, 4), (7, 2), (8, 4)), (1, 1))","(((2, 4), (4, 4), (7, 2), (7, 4)), (1, 1))",12,5,17.0,12,,,pruned,,,2324
"(((2, 5), (4, 4), (7, 2), (7, 4)), (1, 1))","(((2, 4), (4, 4), (7, 2), (7, 4)), (1, 1))",12,5,17.0,12,,,pruned,,,2325
"(((2, 4), (4, 4), (7, 4), (8, 2)), (1, 1))","(((2, 4), (4, 4), (7, 2), (7, 4)), (1, 1))",12,5,17.0,12,,,pruned,,,2326
"(((2, 4), (4, 4), (7, 2), (7, 4)), (1, 1))","(((2, 4), (4, 4), (6, 4), (7, 2)), (1, 1))",11,4.0,15.0,11,4,4,expanded,True,True,2327
"(((4, 2), (6, 3), (6, 4), (8, 2)), (1, 1))","(((4, 2), (6, 3), (6, 4), (7, 2)), (1, 1))",12,5,17.0,12,,,pruned,,,2328
"(((4, 2), (6, 3), (6, 4), (7, 2)), (1, 1))","(((4, 2), (6, 2), (6, 3), (6, 4)), (1, 1))",11,4.0,15.0,11,4,1,expanded,False,True,2329
"(((4, 2), (5, 2), (6, 3), (6, 4)), (5, 1))","(((4, 2), (6, 2), (6, 3), (6, 4)), (1, 1))",11,4.0,15.0,11,2,0,expanded,False,True,2330
"(((4, 2), (6, 2), (6, 3), (8, 4)), (1, 1))","(((4, 2), (6, 2), (6, 3), (7, 4)), (1, 1))",12,5,17.0,12,,,pruned,,,2331
"(((4, 2), (6, 2), (6, 3), (7, 4)), (1, 1))","(((4, 2), (6, 2), (6, 3), (6, 4)), (1, 1))",11,4.0,15.0,11,6,1,expanded,False,True,2332
"(((4, 2), (4, 3), (6, 2), (8, 4)), (1, 1))","(((4, 2), (4, 3), (6, 2), (7, 4)), (1, 1))",12,5,17.0,12,,,pruned,,,2333
"(((4, 2), (4, 3), (6, 1), (7, 4)), (1, 1))","(((4, 2), (4, 3), (6, 2), (7, 4)), (1, 1))",12,5,17.0,12,,,pruned,,,2334
"(((4, 2), (4, 3), (6, 2), (7, 4)), (1, 1))","(((4, 2), (5, 3), (6, 2), (7, 4)), (1, 1))",11,4.0,15.0,11,8,2,expanded,False,True,2335
"(((4, 2), (4, 3), (4, 4), (8, 2)), (5, 1))","(((4, 2), (4, 3), (4, 4), (7, 2)), (5, 1))",12,5,17.0,12,,,pruned,,,2336
"(((4, 2), (4, 3), (4, 4), (7, 2)), (5, 1))","(((4, 2), (4, 3), (4, 4), (6, 2)), (5, 1))",11,4.0,15.0,11,3,1,expanded,False,True,2337
"(((4, 2), (4, 3), (4, 4), (5, 1)), (5, 2))","(((4, 2), (4, 3), (4, 4), (5, 2)), (5, 1))",12,5,17.0,12,,,pruned,,,2338
"(((4, 2), (4, 3), (4, 4), (5, 2)), (5, 1))","(((4, 2), (4, 3), (4, 4), (6, 2)), (5, 1))",11,4.0,15.0,11,2,1,expanded,False,True,2339
"(((4, 2), (4, 3), (4, 4), (6, 3)), (5, 1))","(((4, 2), (4, 3), (4, 4), (6, 2)), (5, 1))",11,4.0,15.0,11,3,0,expanded,False,True,2340
"(((4, 2), (4, 5), (5, 4), (7, 2)), (4, 3))","(((4, 2), (4, 4), (5, 4), (7, 2)), (4, 3))",12,5,17.0,12,,,pruned,,,2341
"(((4, 2), (4, 4), (5, 4), (8, 2)), (4, 3))","(((4, 2), (4, 4), (5, 4), (7, 2)), (4, 3))",12,5,17.0,12,,,pruned,,,2342
"(((4, 2), (4, 4), (5, 4), (7, 2)), (4, 3))","(((4, 2), (4, 4), (5, 4), (6, 2)), (4, 3))",11,4.0,15.0,11,4,2,expanded,False,True,2343
"(((4, 2), (4, 5), (5, 2), (5, 4)), (4, 3))","(((4, 2), (4, 4), (5, 2), (5, 4)), (4, 3))",12,5,17.0,12,,,pruned,,,2344
"(((4, 2), (4, 4), (5, 1), (5, 4)), (4, 3))","(((4, 2), (4, 4), (5, 2), (5, 4)), (4, 3))",12,5,17.0,12,,,pruned,,,2345
"(((4, 2), (4, 4), (5, 2), (5, 4)), (4, 3))","(((4, 2), (4, 4), (5, 4), (6, 2)), (4, 3))",11,4.0,15.0,11,3,2,expanded,False,True,2346
"(((4, 2), (4, 5), (5, 4), (6, 3)), (4, 3))","(((4, 2), (4, 4), (5, 4), (6, 3)), (4, 3))",12,5,17.0,12,,,pruned,,,2347
"(((4, 2), (4, 4), (5, 4), (6, 3)), (4, 3))","(((4, 2), (4, 4), (5, 4), (6, 2)), (4, 3))",11,4.0,15.0,11,4,1,expanded,False,True,2348
"(((2, 5), (6, 3), (6, 4), (7, 4)), (1, 1))","(((2, 4), (6, 3), (6, 4), (7, 4)), (1, 1))",12,5,17.0,12,,,pruned,,,2349
"(((2, 4), (6, 3), (6, 4), (7, 4)), (1, 1))","(((2, 4), (5, 3), (6, 4), (7, 4)), (1, 1))",11,4.0,15.0,11,2,1,expanded,False,True,2350
"(((2, 5), (4, 3), (6, 4), (7, 4)), (1, 1))","(((2, 4), (4, 3), (6, 4), (7, 4)), (1, 1))",12,5,17.0,12,,,pruned,,,2351
"(((2, 4), (4, 3), (6, 4), (7, 4)), (1, 1))","(((2, 4), (5, 3), (6, 4), (7, 4)), (1, 1))",11,4.0,15.0,11,4,1,expanded,False,True,2352
"(((2, 5), (5, 4), (6, 4), (7, 4)), (1, 1))","(((2, 4), (5, 4), (6, 4), (7, 4)), (1, 1))",12,5,17.0,12,,,pruned,,,2353
"(((2, 4), (5, 4), (6, 4), (7, 4)), (1, 1))","(((2, 4), (5, 3), (6, 4), (7, 4)), (1, 1))",11,4.0,15.0,11,2,1,expanded,False,True,2354
"(((2, 5), (6, 4), (7, 2), (7, 4)), (1, 1))","(((2, 4), (6, 4), (7, 2), (7, 4)), (1, 1))",12,5,17.0,12,,,pruned,,,2355
"(((2, 4), (6, 4), (7, 4), (8, 2)), (1, 1))","(((2, 4), (6, 4), (7, 2), (7, 4)), (1, 1))",12,5,17.0,12,,,pruned,,,2356
"(((2, 4), (6, 4), (7, 2), (7, 4)), (1, 1))","(((2, 4), (6, 2), (6, 4), (7, 4)), (1, 1))",11,4.0,15.0,11,3,2,expanded,False,True,2357
"(((4, 2), (4, 5), (6, 3), (7, 2)), (4, 3))","(((4, 2), (4, 4), (6, 3), (7, 2)), (4, 3))",12,5,17.0,12,,,pruned,,,2358
"(((4, 2), (4, 4), (6, 3), (8, 2)), (4, 3))","(((4, 2), (4, 4), (6, 3), (7, 2)), (4, 3))",12,5,17.0,12,,,pruned,,,2359
"(((4, 2), (4, 4), (6, 3), (7, 2)), (4, 3))","(((4, 2), (4, 4), (6, 2), (6, 3)), (4, 3))",11,4.0,15.0,11,6,2,expanded,False,True,2360
"(((4, 2), (4, 3), (6, 4), (8, 2)), (1, 1))","(((4, 2), (4, 3), (6, 4), (7, 2)), (1, 1))",12,5,17.0,12,,,pruned,,,2361
"(((4, 2), (4, 3), (6, 4), (7, 2)), (1, 1))","(((4, 2), (5, 3), (6, 4), (7, 2)), (5, 1))",11,4.0,15.0,11,4,1,expanded,False,True,2362
"(((4, 2), (5, 4), (6, 4), (8, 2)), (1, 1))","(((4, 2), (5, 4), (6, 4), (7, 2)), (1, 1))",12,5,17.0,12,,,pruned,,,2363
"(((4, 2), (5, 4), (6, 4), (7, 2)), (1, 1))","(((4, 2), (5, 3), (6, 4), (7, 2)), (5, 1))",11,4.0,15.0,11,3,1,expanded,False,True,2364
"(((4, 2), (4, 3), (5, 4), (6, 4)), (5, 1))","(((4, 2), (4, 3), (5, 3), (6, 4)), (5, 1))",11,4.0,15.0,11,1,0,expanded,False,True,2365
"(((4, 2), (4, 3), (5, 3), (5, 4)), (5, 1))","(((4, 2), (4, 3), (5, 3), (6, 4)), (5, 1))",11,4.0,15.0,11,2,0,expanded,False,True,2366
"(((2, 4), (4, 5), (5, 4), (7, 4)), (1, 1))","(((2, 4), (4, 4), (5, 4), (7, 4)), (1, 1))",12,5,17.0,12,,,pruned,,,2367
"(((2, 4), (4, 4), (5, 4), (8, 4)), (1, 1))","(((2, 4), (4, 4), (5, 4), (7, 4)), (1, 1))",12,5,17.0,12,,,pruned,,,2368
"(((2, 5), (4, 4), (5, 4), (7, 4)), (1, 1))","(((2, 4), (4, 4), (5, 4), (7, 4)), (1, 1))",12,5,17.0,12,,,pruned,,,2369
"(((2, 4), (4, 4), (5, 4), (7, 4)), (1, 1))","(((2, 4), (4, 4), (5, 3), (7, 4)), (1, 1))",11,4.0,15.0,11,4,3,expanded,False,True,2370
"(((4, 2), (5, 4), (6, 3), (6, 4)), (1, 1))","(((4, 2), (5, 4), (6, 2), (6, 4)), (1, 1))",11,4.0,15.0,11,2,0,expanded,False,True,2371
"(((4, 2), (5, 3), (7, 4), (8, 2)), (1, 1))","(((4, 2), (5, 3), (7, 2), (7, 4)), (1, 1))",12,5,17.0,12,,,pruned,,,2372
"(((4, 2), (5, 3), (7, 2), (8, 4)), (1, 1))","(((4, 2), (5, 3), (7, 2), (7, 4)), (1, 1))",12,5,17.0,12,,,pruned,,,2373
"(((4, 2), (5, 3), (7, 2), (7, 4)), (1, 1))","(((4, 2), (5, 3), (6, 4), (7, 2)), (1, 1))",11,4.0,15.0,11,8,2,expanded,False,True,2374
"(((4, 2), (5, 3), (6, 3), (8, 4)), (1, 1))","(((4, 2), (5, 3), (6, 3), (7, 4)), (1, 1))",12,5,17.0,12,,,pruned,,,2375
"(((4, 2), (5, 3), (6, 3), (7, 4)), (1, 1))","(((4, 2), (5, 3), (6, 3), (6, 4)), (1, 1))",11,4.0,15.0,11,4,1,expanded,False,True,2376
"(((3, 2), (4, 5), (6, 3), (6, 4)), (4, 2))","(((3, 2), (4, 4), (6, 3), (6, 4)), (4, 2))",12,5,17.0,12,,,pruned,,,2377
"(((3, 2), (4, 4), (6, 3), (6, 4)), (4, 2))","(((3, 2), (4, 4), (5, 3), (6, 4)), (4, 2))",11,4.0,15.0,11,4,1,expanded,False,True,2378
"(((3, 2), (4, 3), (4, 4), (6, 4)), (4, 2))","(((3, 2), (4, 4), (5, 3), (6, 4)), (4, 2))",11,4.0,15.0,11,3,0,expanded,False,True,2379
"(((3, 2), (4, 5), (5, 4), (6, 4)), (4, 2))","(((3, 2), (4, 4), (5, 4), (6, 4)), (4, 2))",12,5,17.0,12,,,pruned,,,2380
"(((3, 2), (4, 4), (5, 4), (6, 4)), (4, 2))","(((3, 2), (4, 4), (5, 3), (6, 4)), (4, 2))",11,4.0,15.0,11,2,1,expanded,False,True,2381
"(((3, 2), (4, 5), (5, 3), (5, 4)), (4, 2))","(((3, 2), (4, 4), (5, 3), (5, 4)), (4, 2))",12,5,17.0,12,,,pruned,,,2382
"(((3, 2), (4, 4), (5, 3), (5, 4)), (4, 2))","(((3, 2), (4, 4), (5, 3), (6, 4)), (4, 2))",11,4.0,15.0,11,4,1,expanded,False,True,2383
"(((4, 2), (4, 5), (5, 2), (7, 4)), (4, 3))","(((4, 2), (4, 4), (5, 2), (7, 4)), (4, 3))",12,5,17.0,12,,,pruned,,,2384
"(((4, 2), (4, 4), (5, 2), (8, 4)), (4, 3))","(((4, 2), (4, 4), (5, 2), (7, 4)), (4, 3))",12,5,17.0,12,,,pruned,,,2385
"(((4, 2), (4, 4), (5, 1), (7, 4)), (4, 3))","(((4, 2), (4, 4), (5, 2), (7, 4)), (4, 3))",12,5,17.0,12,,,pruned,,,2386
"(((4, 2), (4, 4), (5, 2), (7, 4)), (4, 3))","(((4, 2), (4, 4), (5, 2), (6, 4)), (4, 3))",11,4.0,15.0,11,5,3,expanded,False,True,2387
"(((5, 1), (5, 4), (6, 3), (7, 2)), (1, 1))","(((5, 2), (5, 4), (6, 3), (7, 2)), (1, 1))",12,5,17.0,12,,,pruned,,,2388
"(((5, 2), (5, 4), (6, 3), (7, 2)), (1, 1))","(((5, 2), (5, 3), (5, 4), (7, 2)), (1, 1))",11,4.0,15.0,11,3,1,expanded,False,True,2389
"(((4, 2), (6, 1), (7, 2), (7, 4)), (1, 1))","(((4, 2), (6, 2), (7, 2), (7, 4)), (1, 1))",12,5,17.0,12,,,pruned,,,2390
"(((4, 2), (6, 2), (7, 2), (8, 4)), (1, 1))","(((4, 2), (6, 2), (7, 2), (7, 4)), (1, 1))",12,5,17.0,12,,,pruned,,,2391
"(((4, 2), (6, 2), (7, 2), (7, 4)), (1, 1))","(((4, 2), (6, 2), (6, 4), (7, 2)), (1, 1))",11,4.0,15.0,11,5,2,expanded,False,True,2392
"(((3, 2), (4, 5), (6, 4), (7, 2)), (4, 2))","(((3, 2), (4, 4), (6, 4), (7, 2)), (4, 2))",12,5,17.0,12,,,pruned,,,2393
"(((3, 2), (4, 4), (6, 4), (8, 2)), (4, 2))","(((3, 2), (4, 4), (6, 4), (7, 2)), (4, 2))",12,5,17.0,12,,,pruned,,,2394
"(((3, 2), (4, 4), (6, 4), (7, 2)), (4, 2))","(((3, 2), (4, 4), (6, 2), (6, 4)), (4, 2))",11,4.0,15.0,11,4,2,expanded,False,True,2395
"(((3, 2), (4, 5), (6, 2), (7, 4)), (4, 2))","(((3, 2), (4, 4), (6, 2), (7, 4)), (4, 2))",12,5,17.0,12,,,pruned,,,2396
"(((3, 2), (4, 4), (6, 2), (8, 4)), (4, 2))","(((3, 2), (4, 4), (6, 2), (7, 4)), (4, 2))",12,5,17.0,12,,,pruned,,,2397
"(((3, 2), (4, 4), (6, 1), (7, 4)), (4, 2))","(((3, 2), (4, 4), (6, 2), (7, 4)), (4, 2))",12,5,17.0,12,,,pruned,,,2398
"(((3, 2), (4, 4), (6, 2), (7, 4)), (4, 2))","(((3, 2), (4, 4), (6, 2), (6, 4)), (4, 2))",11,4.0,15.0,11,8,3,expanded,False,True,2399
"(((4, 2), (4, 3), (6, 3), (6, 4)), (1, 1))","(((4, 2), (4, 3), (6, 2), (6, 4)), (1, 1))",11,4.0,15.0,11,4,0,expanded,False,True,2400
"(((2, 3), (4, 5), (6, 4), (7, 4)), (1, 1))","(((2, 3), (4, 4), (6, 4), (7, 4)), (1, 1))",12,5,17.0,12,,,pruned,,,2401
"(((2, 3), (4, 4), (6, 4), (7, 4)), (1, 1))","(((2, 3), (4, 4), (6, 3), (7, 4)), (1, 1))",11,4.0,15.0,11,2,1,expanded,False,True,2402
"(((4, 2), (4, 3), (5, 3), (8, 4)), (1, 1))","(((4, 2), (4, 3), (5, 3), (7, 4)), (1, 1))",12,5,17.0,12,,,pruned,,,2403
"(((4, 2), (4, 3), (5, 3), (7, 4)), (1, 1))","(((4, 2), (4, 3), (5, 2), (7, 4)), (1, 1))",11,4.0,15.0,11,6,1,expanded,False,True,2404
"(((3, 2), (5, 3), (6, 4), (7, 4)), (1, 1))","(((3, 2), (5, 3), (6, 3), (7, 4)), (1, 1))",11,4.0,15.0,11,6,0,expanded,False,True,2405
"(((3, 2), (6, 1), (6, 4), (7, 4)), (1, 1))","(((3, 2), (6, 2), (6, 4), (7, 4)), (1, 1))",12,5,17.0,12,,,pruned,,,2406
"(((3, 2), (6, 2), (6, 4), (7, 4)), (1, 1))","(((3, 2), (5, 4), (6, 2), (7, 4)), (1, 1))",11,4.0,15.0,11,6,1,expanded,False,True,2407
"(((4, 2), (5, 4), (6, 2), (8, 4)), (1, 1))","(((4, 2), (5, 4), (6, 2), (7, 4)), (1, 1))",12,5,17.0,12,,,pruned,,,2408
"(((4, 2), (5, 4), (6, 1), (7, 4)), (1, 1))","(((4, 2), (5, 4), (6, 2), (7, 4)), (1, 1))",12,5,17.0,12,,,pruned,,,2409
"(((4, 2), (5, 4), (6, 2), (7, 4)), (1, 1))","(((3, 2), (5, 4), (6, 2), (7, 4)), (1, 1))",11,4.0,15.0,11,10,2,expanded,False,True,2410
"(((3, 2), (4, 3), (4, 4), (5, 3)), (4, 2))","(((3, 2), (4, 3), (4, 4), (5, 2)), (5, 1))",11,4.0,15.0,11,3,0,expanded,False,True,2411
"(((4, 3), (5, 1), (6, 3), (7, 2)), (1, 1))","(((4, 3), (5, 2), (6, 3), (7, 2)), (1, 1))",12,5,17.0,12,,,pruned,,,2412
"(((4, 3), (5, 2), (6, 3), (7, 2)), (1, 1))","(((4, 2), (4, 3), (6, 3), (7, 2)), (1, 1))",11,4.0,15.0,11,6,1,expanded,False,True,2413
"(((3, 2), (4, 5), (5, 3), (7, 4)), (4, 2))","(((3, 2), (4, 4), (5, 3), (7, 4)), (4, 2))",12,5,17.0,12,,,pruned,,,2414
"(((3, 2), (4, 4), (5, 3), (8, 4)), (4, 2))","(((3, 2), (4, 4), (5, 3), (7, 4)), (4, 2))",12,5,17.0,12,,,pruned,,,2415
"(((3, 2), (4, 4), (5, 3), (7, 4)), (4, 2))","(((3, 2), (4, 4), (5, 2), (7, 4)), (4, 2))",11,4.0,15.0,11,8,2,expanded,False,True,2416
"(((4, 2), (5, 1), (6, 4), (7, 4)), (1, 1))","(((4, 2), (5, 2), (6, 4), (7, 4)), (1, 1))",12,5,17.0,12,,,pruned,,,2417
"(((4, 2), (5, 2), (6, 4), (7, 4)), (1, 1))","(((3, 2), (5, 2), (6, 4), (7, 4)), (1, 1))",11,4.0,15.0,11,2,1,expanded,False,True,2418
"(((4, 2), (5, 2), (5, 3), (5, 4)), (1, 1))","(((3, 2), (5, 2), (5, 3), (5, 4)), (1, 1))",11,4.0,15.0,11,2,0,expanded,False,True,2419
"(((4, 2), (5, 3), (5, 4), (7, 4)), (1, 1))","(((3, 2), (5, 3), (5, 4), (7, 4)), (1, 1))",11,4.0,15.0,11,3,0,expanded,False,True,2420
"(((4, 2), (5, 3), (5, 4), (8, 4)), (5, 1))","(((4, 2), (5, 3), (5, 4), (7, 4)), (5, 1))",12,5,17.0,12,,,pruned,,,2421
"(((4, 2), (5, 3), (5, 4), (7, 4)), (5, 1))","(((4, 2), (5, 2), (5, 4), (7, 4)), (1, 1))",11,4.0,15.0,11,5,1,expanded,False,True,2422
"(((5, 2), (6, 2), (6, 3), (8, 4)), (1, 1))","(((5, 2), (6, 2), (6, 3), (7, 4)), (1, 1))",13,4,17.0,13,,,pruned,,,2423
"(((5, 1), (6, 2), (6, 3), (7, 4)), (1, 1))","(((5, 2), (6, 2), (6, 3), (7, 4)), (1, 1))",13,4,17.0,13,,,pruned,,,2424
"(((5, 2), (6, 2), (6, 3), (7, 4)), (1, 1))","(((5, 2), (6, 2), (6, 3), (6, 4)), (1, 1))",12,3.0,15.0,12,2,2,expanded,True,True,2425
"(((4, 3), (5, 2), (6, 2), (8, 4)), (1, 1))","(((4, 3), (5, 2), (6, 2), (7, 4)), (1, 1))",13,4,17.0,13,,,pruned,,,2426
"(((4, 3), (5, 2), (6, 1), (7, 4)), (1, 1))","(((4, 3), (5, 2), (6, 2), (7, 4)), (1, 1))",13,4,17.0,13,,,pruned,,,2427
"(((4, 3), (5, 1), (6, 2), (7, 4)), (1, 1))","(((4, 3), (5, 2), (6, 2), (7, 4)), (1, 1))",13,4,17.0,13,,,pruned,,,2428
"(((4, 3), (5, 2), (6, 2), (7, 4)), (1, 1))","(((5, 2), (5, 3), (6, 2), (7, 4)), (1, 1))",12,3.0,15.0,12,5,3,expanded,False,True,2429
"(((4, 3), (5, 2), (5, 3), (5, 4)), (5, 1))","(((4, 3), (5, 2), (5, 3), (6, 4)), (5, 1))",12,3.0,15.0,12,2,0,expanded,False,True,2430
"(((4, 3), (5, 4), (6, 2), (6, 3)), (1, 1))","(((4, 3), (5, 3), (6, 2), (6, 3)), (1, 1))",12,3.0,15.0,12,6,0,expanded,False,True,2431
"(((4, 3), (5, 3), (6, 3), (8, 2)), (1, 1))","(((4, 3), (5, 3), (6, 3), (7, 2)), (1, 1))",13,4,17.0,13,,,pruned,,,2432
"(((4, 3), (5, 3), (6, 3), (7, 2)), (1, 1))","(((4, 3), (5, 3), (6, 2), (6, 3)), (1, 1))",12,3.0,15.0,12,8,1,expanded,False,True,2433
"(((4, 2), (4, 3), (4, 4), (6, 4)), (5, 1))","(((4, 2), (4, 4), (5, 3), (6, 4)), (5, 1))",12,3.0,15.0,12,3,0,expanded,False,True,2434
"(((4, 2), (4, 5), (5, 4), (6, 4)), (4, 3))","(((4, 2), (4, 4), (5, 4), (6, 4)), (4, 3))",13,4,17.0,13,,,pruned,,,2435
"(((4, 2), (4, 4), (5, 4), (6, 4)), (4, 3))","(((4, 2), (4, 4), (5, 3), (6, 4)), (5, 1))",12,3.0,15.0,12,2,1,expanded,False,True,2436
"(((4, 2), (4, 4), (5, 3), (5, 4)), (5, 1))","(((4, 2), (4, 4), (5, 3), (6, 4)), (5, 1))",12,3.0,15.0,12,2,0,expanded,False,True,2437
"(((4, 3), (5, 4), (6, 1), (7, 2)), (1, 1))","(((4, 3), (5, 4), (6, 2), (7, 2)), (1, 1))",13,4,17.0,13,,,pruned,,,2438
"(((4, 3), (5, 4), (6, 2), (7, 2)), (1, 1))","(((4, 3), (5, 3), (6, 2), (7, 2)), (1, 1))",12,3.0,15.0,12,6,1,expanded,False,True,2439
"(((4, 5), (5, 2), (6, 3), (7, 2)), (1, 1))","(((4, 4), (5, 2), (6, 3), (7, 2)), (1, 1))",13,4,17.0,13,,,pruned,,,2440
"(((4, 4), (5, 1), (6, 3), (7, 2)), (1, 1))","(((4, 4), (5, 2), (6, 3), (7, 2)), (1, 1))",13,4,17.0,13,,,pruned,,,2441
"(((4, 4), (5, 2), (6, 3), (7, 2)), (1, 1))","(((4, 4), (5, 2), (5, 3), (7, 2)), (1, 1))",12,3.0,15.0,12,6,2,expanded,False,True,2442
"(((5, 1), (6, 3), (6, 4), (7, 2)), (1, 1))","(((5, 2), (6, 3), (6, 4), (7, 2)), (1, 1))",13,4,17.0,13,,,pruned,,,2443
"(((5, 2), (6, 3), (6, 4), (7, 2)), (1, 1))","(((5, 2), (5, 3), (6, 4), (7, 2)), (1, 1))",12,3.0,15.0,12,3,1,expanded,False,True,2444
"(((5, 2), (5, 3), (7, 2), (8, 4)), (1, 1))","(((5, 2), (5, 3), (7, 2), (7, 4)), (1, 1))",13,4,17.0,13,,,pruned,,,2445
"(((5, 2), (5, 3), (7, 4), (8, 2)), (1, 1))","(((5, 2), (5, 3), (7, 2), (7, 4)), (1, 1))",13,4,17.0,13,,,pruned,,,2446
"(((5, 2), (5, 3), (7, 2), (7, 4)), (1, 1))","(((5, 2), (5, 3), (6, 4), (7, 2)), (1, 1))",12,3.0,15.0,12,6,2,expanded,False,True,2447
"(((5, 2), (5, 3), (6, 3), (8, 4)), (1, 1))","(((5, 2), (5, 3), (6, 3), (7, 4)), (1, 1))",13,4,17.0,13,,,pruned,,,2448
"(((5, 2), (5, 3), (6, 3), (7, 4)), (1, 1))","(((5, 2), (5, 3), (6, 3), (6, 4)), (1, 1))",12,3.0,15.0,12,3,1,expanded,False,True,2449
"(((5, 4), (6, 2), (6, 3), (7, 2)), (1, 1))","(((5, 3), (6, 2), (6, 3), (7, 2)), (1, 1))",12,3.0,15.0,12,1,0,expanded,False,True,2450
"(((5, 3), (5, 4), (6, 3), (8, 2)), (1, 1))","(((5, 3), (5, 4), (6, 3), (7, 2)), (1, 1))",13,4,17.0,13,,,pruned,,,2451
"(((5, 3), (5, 4), (6, 3), (7, 2)), (1, 1))","(((5, 3), (5, 4), (6, 2), (7, 2)), (1, 1))",12,3.0,15.0,12,3,1,expanded,False,True,2452
"(((5, 1), (5, 4), (6, 3), (6, 4)), (1, 1))","(((5, 2), (5, 4), (6, 3), (6, 4)), (1, 1))",13,4,17.0,13,,,pruned,,,2453
"(((5, 2), (5, 4), (6, 3), (6, 4)), (1, 1))","(((5, 2), (5, 3), (5, 4), (6, 4)), (1, 1))",12,3.0,15.0,12,2,1,expanded,False,True,2454
"(((5, 2), (5, 3), (5, 4), (6, 3)), (5, 1))","(((5, 3), (5, 4), (6, 2), (6, 3)), (1, 1))",12,3.0,15.0,12,4,0,expanded,False,True,2455
"(((5, 2), (6, 2), (7, 2), (8, 4)), (1, 1))","(((5, 2), (6, 2), (7, 2), (7, 4)), (1, 1))",13,4,17.0,13,,,pruned,,,2456
"(((5, 2), (6, 1), (7, 2), (7, 4)), (1, 1))","(((5, 2), (6, 2), (7, 2), (7, 4)), (1, 1))",13,4,17.0,13,,,pruned,,,2457
"(((5, 1), (6, 2), (7, 2), (7, 4)), (1, 1))","(((5, 2), (6, 2), (7, 2), (7, 4)), (1, 1))",13,4,17.0,13,,,pruned,,,2458
"(((5, 2), (6, 2), (7, 2), (7, 4)), (1, 1))","(((5, 2), (6, 2), (6, 4), (7, 2)), (1, 1))",12,3.0,15.0,12,3,3,expanded,True,True,2459
"(((2, 4), (4, 5), (6, 4), (7, 4)), (1, 1))","(((2, 4), (4, 4), (6, 4), (7, 4)), (1, 1))",13,4,17.0,13,,,pruned,,,2460
"(((2, 5), (4, 4), (6, 4), (7, 4)), (1, 1))","(((2, 4), (4, 4), (6, 4), (7, 4)), (1, 1))",13,4,17.0,13,,,pruned,,,2461
"(((2, 4), (4, 4), (6, 4), (7, 4)), (1, 1))","(((2, 4), (4, 4), (6, 3), (7, 4)), (1, 1))",12,3.0,15.0,12,2,2,expanded,True,True,2462
"(((4, 2), (5, 3), (6, 3), (6, 4)), (5, 1))","(((4, 2), (5, 2), (6, 3), (6, 4)), (5, 1))",12,3.0,15.0,12,3,0,expanded,False,True,2463
"(((4, 2), (4, 3), (4, 4), (5, 3)), (5, 1))","(((4, 2), (4, 3), (4, 4), (5, 2)), (5, 1))",12,3.0,15.0,12,3,0,expanded,False,True,2464
"(((4, 2), (4, 5), (6, 4), (7, 2)), (4, 3))","(((4, 2), (4, 4), (6, 4), (7, 2)), (4, 3))",13,4,17.0,13,,,pruned,,,2465
"(((4, 2), (4, 4), (6, 4), (8, 2)), (4, 3))","(((4, 2), (4, 4), (6, 4), (7, 2)), (4, 3))",13,4,17.0,13,,,pruned,,,2466
"(((4, 2), (4, 4), (6, 4), (7, 2)), (4, 3))","(((4, 2), (4, 4), (6, 3), (7, 2)), (4, 3))",12,3.0,15.0,12,4,2,expanded,False,True,2467
"(((4, 3), (5, 1), (6, 4), (7, 2)), (1, 1))","(((4, 3), (5, 2), (6, 4), (7, 2)), (1, 1))",13,4,17.0,13,,,pruned,,,2468
"(((4, 3), (5, 2), (6, 4), (8, 2)), (1, 1))","(((4, 3), (5, 2), (6, 4), (7, 2)), (1, 1))",13,4,17.0,13,,,pruned,,,2469
"(((4, 3), (5, 2), (6, 4), (7, 2)), (1, 1))","(((4, 2), (4, 3), (6, 4), (7, 2)), (1, 1))",12,3.0,15.0,12,8,2,expanded,False,True,2470
"(((5, 2), (5, 4), (6, 4), (8, 2)), (1, 1))","(((5, 2), (5, 4), (6, 4), (7, 2)), (1, 1))",13,4,17.0,13,,,pruned,,,2471
"(((5, 1), (5, 4), (6, 4), (7, 2)), (1, 1))","(((5, 2), (5, 4), (6, 4), (7, 2)), (1, 1))",13,4,17.0,13,,,pruned,,,2472
"(((5, 2), (5, 4), (6, 4), (7, 2)), (1, 1))","(((4, 2), (5, 4), (6, 4), (7, 2)), (1, 1))",12,3.0,15.0,12,5,2,expanded,False,True,2473
"(((4, 2), (4, 4), (5, 3), (8, 4)), (5, 1))","(((4, 2), (4, 4), (5, 3), (7, 4)), (5, 1))",13,4,17.0,13,,,pruned,,,2474
"(((4, 2), (4, 4), (5, 3), (7, 4)), (5, 1))","(((4, 2), (4, 4), (5, 2), (7, 4)), (4, 3))",12,3.0,15.0,12,6,1,expanded,False,True,2475
"(((4, 3), (5, 1), (6, 3), (6, 4)), (1, 1))","(((4, 3), (5, 2), (6, 3), (6, 4)), (1, 1))",13,4,17.0,13,,,pruned,,,2476
"(((4, 3), (5, 2), (6, 3), (6, 4)), (1, 1))","(((4, 2), (4, 3), (6, 3), (6, 4)), (1, 1))",12,3.0,15.0,12,5,1,expanded,False,True,2477
"(((4, 3), (5, 2), (5, 3), (8, 4)), (1, 1))","(((4, 3), (5, 2), (5, 3), (7, 4)), (1, 1))",13,4,17.0,13,,,pruned,,,2478
"(((4, 3), (5, 2), (5, 3), (7, 4)), (1, 1))","(((4, 2), (4, 3), (5, 3), (7, 4)), (1, 1))",12,3.0,15.0,12,6,1,expanded,False,True,2479
"(((4, 2), (5, 3), (6, 4), (7, 4)), (1, 1))","(((3, 2), (5, 3), (6, 4), (7, 4)), (1, 1))",12,3.0,15.0,12,3,0,expanded,False,True,2480
"(((4, 2), (6, 1), (6, 4), (7, 4)), (1, 1))","(((4, 2), (6, 2), (6, 4), (7, 4)), (1, 1))",13,4,17.0,13,,,pruned,,,2481
"(((4, 2), (6, 2), (6, 4), (7, 4)), (1, 1))","(((3, 2), (6, 2), (6, 4), (7, 4)), (1, 1))",12,3.0,15.0,12,6,1,expanded,False,True,2482
"(((4, 2), (4, 5), (6, 2), (7, 4)), (4, 3))","(((4, 2), (4, 4), (6, 2), (7, 4)), (4, 3))",13,4,17.0,13,,,pruned,,,2483
"(((4, 2), (4, 4), (6, 2), (8, 4)), (4, 3))","(((4, 2), (4, 4), (6, 2), (7, 4)), (4, 3))",13,4,17.0,13,,,pruned,,,2484
"(((4, 2), (4, 4), (6, 1), (7, 4)), (4, 3))","(((4, 2), (4, 4), (6, 2), (7, 4)), (4, 3))",13,4,17.0,13,,,pruned,,,2485
"(((4, 2), (4, 4), (6, 2), (7, 4)), (4, 3))","(((4, 2), (5, 4), (6, 2), (7, 4)), (1, 1))",12,3.0,15.0,12,8,3,expanded,False,True,2486
"(((5, 2), (5, 4), (6, 2), (8, 4)), (1, 1))","(((5, 2), (5, 4), (6, 2), (7, 4)), (1, 1))",13,4,17.0,13,,,pruned,,,2487
"(((5, 2), (5, 4), (6, 1), (7, 4)), (1, 1))","(((5, 2), (5, 4), (6, 2), (7, 4)), (1, 1))",13,4,17.0,13,,,pruned,,,2488
"(((5, 1), (5, 4), (6, 2), (7, 4)), (1, 1))","(((5, 2), (5, 4), (6, 2), (7, 4)), (1, 1))",13,4,17.0,13,,,pruned,,,2489
"(((5, 2), (5, 4), (6, 2), (7, 4)), (1, 1))","(((4, 2), (5, 4), (6, 2), (7, 4)), (1, 1))",12,3.0,15.0,12,5,3,expanded,False,True,2490
"(((4, 3), (6, 2), (6, 3), (7, 2)), (1, 1))","(((4, 3), (5, 2), (6, 3), (7, 2)), (1, 1))",12,3.0,15.0,12,2,0,expanded,False,True,2491
"(((4, 2), (5, 3), (6, 4), (7, 4)), (5, 1))","(((4, 2), (5, 2), (6, 4), (7, 4)), (1, 1))",12,3.0,15.0,12,3,0,expanded,False,True,2492
"(((5, 2), (5, 3), (5, 4), (7, 4)), (1, 1))","(((4, 2), (5, 3), (5, 4), (7, 4)), (1, 1))",12,3.0,15.0,12,3,0,expanded,False,True,2493
"(((4, 5), (5, 4), (6, 2), (6, 3)), (1, 1))","(((4, 4), (5, 4), (6, 2), (6, 3)), (1, 1))",14,3,17.0,14,,,pruned,,,2494
"(((4, 4), (5, 4), (6, 2), (6, 3)), (1, 1))","(((4, 4), (5, 3), (6, 2), (6, 3)), (1, 1))",13,2.0,15.0,13,4,1,expanded,False,True,2495
"(((4, 5), (5, 3), (6, 3), (7, 2)), (1, 1))","(((4, 4), (5, 3), (6, 3), (7, 2)), (1, 1))",14,3,17.0,14,,,pruned,,,2496
"(((4, 4), (5, 3), (6, 3), (8, 2)), (1, 1))","(((4, 4), (5, 3), (6, 3), (7, 2)), (1, 1))",14,3,17.0,14,,,pruned,,,2497
"(((4, 4), (5, 3), (6, 3), (7, 2)), (1, 1))","(((4, 4), (5, 3), (6, 2), (6, 3)), (1, 1))",13,2.0,15.0,13,5,2,expanded,False,True,2498
"(((4, 4), (5, 2), (5, 3), (6, 3)), (5, 1))","(((4, 4), (5, 3), (6, 2), (6, 3)), (1, 1))",13,2.0,15.0,13,3,0,expanded,False,True,2499
"(((4, 5), (6, 2), (6, 3), (7, 2)), (1, 1))","(((4, 4), (6, 2), (6, 3), (7, 2)), (1, 1))",14,3,17.0,14,,,pruned,,,2500
"(((4, 4), (6, 2), (6, 3), (7, 2)), (1, 1))","(((4, 4), (5, 3), (6, 2), (7, 2)), (1, 1))",13,2.0,15.0,13,2,1,expanded,False,True,2501
"(((4, 5), (5, 4), (6, 2), (7, 2)), (1, 1))","(((4, 4), (5, 4), (6, 2), (7, 2)), (1, 1))",14,3,17.0,14,,,pruned,,,2502
"(((4, 4), (5, 4), (6, 1), (7, 2)), (1, 1))","(((4, 4), (5, 4), (6, 2), (7, 2)), (1, 1))",14,3,17.0,14,,,pruned,,,2503
"(((4, 4), (5, 4), (6, 2), (7, 2)), (1, 1))","(((4, 4), (5, 3), (6, 2), (7, 2)), (1, 1))",13,2.0,15.0,13,4,2,expanded,False,True,2504
"(((6, 2), (6, 3), (6, 4), (7, 2)), (1, 1))","(((5, 3), (6, 2), (6, 4), (7, 2)), (1, 1))",13,2.0,15.0,13,1,0,expanded,False,True,2505
"(((5, 4), (6, 1), (6, 4), (7, 2)), (1, 1))","(((5, 4), (6, 2), (6, 4), (7, 2)), (1, 1))",14,3,17.0,14,,,pruned,,,2506
"(((5, 4), (6, 2), (6, 4), (7, 2)), (1, 1))","(((5, 3), (6, 2), (6, 4), (7, 2)), (1, 1))",13,2.0,15.0,13,2,1,expanded,False,True,2507
"(((5, 3), (6, 3), (6, 4), (8, 2)), (1, 1))","(((5, 3), (6, 3), (6, 4), (7, 2)), (1, 1))",14,3,17.0,14,,,pruned,,,2508
"(((5, 3), (6, 3), (6, 4), (7, 2)), (1, 1))","(((5, 3), (6, 2), (6, 4), (7, 2)), (1, 1))",13,2.0,15.0,13,4,1,expanded,False,True,2509
"(((5, 3), (6, 2), (7, 2), (8, 4)), (1, 1))","(((5, 3), (6, 2), (7, 2), (7, 4)), (1, 1))",14,3,17.0,14,,,pruned,,,2510
"(((5, 3), (6, 1), (7, 2), (7, 4)), (1, 1))","(((5, 3), (6, 2), (7, 2), (7, 4)), (1, 1))",14,3,17.0,14,,,pruned,,,2511
"(((5, 3), (6, 2), (7, 2), (7, 4)), (1, 1))","(((5, 3), (6, 2), (6, 4), (7, 2)), (1, 1))",13,2.0,15.0,13,7,2,expanded,False,True,2512
"(((5, 4), (6, 2), (6, 3), (6, 4)), (1, 1))","(((5, 3), (6, 2), (6, 3), (6, 4)), (1, 1))",13,2.0,15.0,13,2,0,expanded,False,True,2513
"(((5, 2), (5, 3), (6, 3), (6, 4)), (5, 1))","(((5, 3), (6, 2), (6, 3), (6, 4)), (1, 1))",13,2.0,15.0,13,2,0,expanded,False,True,2514
"(((5, 3), (6, 2), (6, 3), (8, 4)), (1, 1))","(((5, 3), (6, 2), (6, 3), (7, 4)), (1, 1))",14,3,17.0,14,,,pruned,,,2515
"(((5, 3), (6, 2), (6, 3), (7, 4)), (1, 1))","(((5, 3), (6, 2), (6, 3), (6, 4)), (1, 1))",13,2.0,15.0,13,6,1,expanded,False,True,2516
"(((5, 3), (5, 4), (6, 4), (8, 2)), (1, 1))","(((5, 3), (5, 4), (6, 4), (7, 2)), (1, 1))",14,3,17.0,14,,,pruned,,,2517
"(((5, 3), (5, 4), (6, 4), (7, 2)), (1, 1))","(((5, 3), (5, 4), (6, 2), (6, 4)), (1, 1))",13,2.0,15.0,13,3,1,expanded,False,True,2518
"(((5, 2), (5, 3), (5, 4), (6, 4)), (5, 1))","(((5, 3), (5, 4), (6, 2), (6, 4)), (1, 1))",13,2.0,15.0,13,2,0,expanded,False,True,2519
"(((5, 3), (5, 4), (6, 3), (6, 4)), (1, 1))","(((5, 3), (5, 4), (6, 2), (6, 4)), (1, 1))",13,2.0,15.0,13,0,0,expanded,False,True,2520
"(((4, 5), (5, 2), (6, 2), (7, 4)), (1, 1))","(((4, 4), (5, 2), (6, 2), (7, 4)), (1, 1))",14,3,17.0,14,,,pruned,,,2521
"(((4, 4), (5, 2), (6, 2), (8, 4)), (1, 1))","(((4, 4), (5, 2), (6, 2), (7, 4)), (1, 1))",14,3,17.0,14,,,pruned,,,2522
"(((4, 4), (5, 2), (6, 1), (7, 4)), (1, 1))","(((4, 4), (5, 2), (6, 2), (7, 4)), (1, 1))",14,3,17.0,14,,,pruned,,,2523
"(((4, 4), (5, 1), (6, 2), (7, 4)), (1, 1))","(((4, 4), (5, 2), (6, 2), (7, 4)), (1, 1))",14,3,17.0,14,,,pruned,,,2524
"(((4, 4), (5, 2), (6, 2), (7, 4)), (1, 1))","(((4, 4), (5, 2), (6, 2), (6, 4)), (1, 1))",13,2.0,15.0,13,5,4,expanded,False,True,2525
"(((4, 3), (4, 4), (5, 2), (5, 3)), (5, 1))","(((4, 3), (5, 2), (5, 3), (5, 4)), (5, 1))",13,2.0,15.0,13,1,0,expanded,False,True,2526
"(((4, 3), (6, 2), (6, 3), (6, 4)), (1, 1))","(((4, 3), (5, 4), (6, 2), (6, 3)), (1, 1))",13,2.0,15.0,13,6,0,expanded,False,True,2527
"(((4, 3), (4, 4), (6, 2), (6, 3)), (1, 1))","(((4, 3), (5, 4), (6, 2), (6, 3)), (1, 1))",13,2.0,15.0,13,2,0,expanded,False,True,2528
"(((4, 3), (5, 3), (6, 4), (8, 2)), (1, 1))","(((4, 3), (5, 3), (6, 4), (7, 2)), (1, 1))",14,3,17.0,14,,,pruned,,,2529
"(((4, 3), (5, 3), (6, 4), (7, 2)), (1, 1))","(((4, 3), (5, 3), (6, 3), (7, 2)), (1, 1))",13,2.0,15.0,13,6,1,expanded,False,True,2530
"(((4, 3), (6, 1), (6, 4), (7, 2)), (1, 1))","(((4, 3), (6, 2), (6, 4), (7, 2)), (1, 1))",14,3,17.0,14,,,pruned,,,2531
"(((4, 3), (6, 2), (6, 4), (7, 2)), (1, 1))","(((4, 3), (5, 4), (6, 2), (7, 2)), (1, 1))",13,2.0,15.0,13,5,1,expanded,False,True,2532
"(((4, 3), (4, 4), (6, 1), (7, 2)), (1, 1))","(((4, 3), (4, 4), (6, 2), (7, 2)), (1, 1))",14,3,17.0,14,,,pruned,,,2533
"(((4, 3), (4, 4), (6, 2), (7, 2)), (1, 1))","(((4, 3), (5, 4), (6, 2), (7, 2)), (1, 1))",13,2.0,15.0,13,2,1,expanded,False,True,2534
"(((5, 2), (5, 3), (5, 4), (6, 1)), (6, 2))","(((5, 2), (5, 3), (5, 4), (6, 2)), (5, 1))",14,3,17.0,14,,,pruned,,,2535
"(((5, 2), (5, 3), (5, 4), (6, 2)), (5, 1))","(((5, 2), (5, 3), (5, 4), (6, 3)), (5, 1))",13,2.0,15.0,13,4,1,expanded,False,True,2536
"(((4, 5), (5, 2), (6, 4), (7, 2)), (1, 1))","(((4, 4), (5, 2), (6, 4), (7, 2)), (1, 1))",14,3,17.0,14,,,pruned,,,2537
"(((4, 4), (5, 2), (6, 4), (8, 2)), (1, 1))","(((4, 4), (5, 2), (6, 4), (7, 2)), (1, 1))",14,3,17.0,14,,,pruned,,,2538
"(((4, 4), (5, 1), (6, 4), (7, 2)), (1, 1))","(((4, 4), (5, 2), (6, 4), (7, 2)), (1, 1))",14,3,17.0,14,,,pruned,,,2539
"(((4, 4), (5, 2), (6, 4), (7, 2)), (1, 1))","(((4, 3), (5, 2), (6, 4), (7, 2)), (1, 1))",13,2.0,15.0,13,8,3,expanded,False,True,2540
"(((4, 5), (5, 2), (6, 3), (6, 4)), (1, 1))","(((4, 4), (5, 2), (6, 3), (6, 4)), (1, 1))",14,3,17.0,14,,,pruned,,,2541
"(((4, 4), (5, 1), (6, 3), (6, 4)), (1, 1))","(((4, 4), (5, 2), (6, 3), (6, 4)), (1, 1))",14,3,17.0,14,,,pruned,,,2542
"(((4, 4), (5, 2), (6, 3), (6, 4)), (1, 1))","(((4, 3), (5, 2), (6, 3), (6, 4)), (1, 1))",13,2.0,15.0,13,5,2,expanded,False,True,2543
"(((4, 3), (5, 3), (6, 2), (8, 4)), (1, 1))","(((4, 3), (5, 3), (6, 2), (7, 4)), (1, 1))",14,3,17.0,14,,,pruned,,,2544
"(((4, 3), (5, 3), (6, 1), (7, 4)), (1, 1))","(((4, 3), (5, 3), (6, 2), (7, 4)), (1, 1))",14,3,17.0,14,,,pruned,,,2545
"(((4, 3), (5, 3), (6, 2), (7, 4)), (1, 1))","(((4, 3), (5, 2), (5, 3), (7, 4)), (1, 1))",13,2.0,15.0,13,10,2,expanded,False,True,2546
"(((4, 5), (5, 2), (5, 3), (7, 4)), (1, 1))","(((4, 4), (5, 2), (5, 3), (7, 4)), (1, 1))",14,3,17.0,14,,,pruned,,,2547
"(((4, 4), (5, 2), (5, 3), (7, 4)), (1, 1))","(((4, 3), (5, 2), (5, 3), (7, 4)), (1, 1))",13,2.0,15.0,13,4,1,expanded,False,True,2548
"(((5, 2), (5, 3), (6, 4), (7, 4)), (1, 1))","(((4, 2), (5, 3), (6, 4), (7, 4)), (1, 1))",13,2.0,15.0,13,2,0,expanded,False,True,2549
"(((5, 2), (6, 1), (6, 4), (7, 4)), (1, 1))","(((5, 2), (6, 2), (6, 4), (7, 4)), (1, 1))",14,3,17.0,14,,,pruned,,,2550
"(((5, 1), (6, 2), (6, 4), (7, 4)), (1, 1))","(((5, 2), (6, 2), (6, 4), (7, 4)), (1, 1))",14,3,17.0,14,,,pruned,,,2551
"(((5, 2), (6, 2), (6, 4), (7, 4)), (1, 1))","(((4, 2), (6, 2), (6, 4), (7, 4)), (1, 1))",13,2.0,15.0,13,2,2,expanded,True,True,2552
"(((4, 2), (4, 5), (6, 2), (6, 4)), (4, 3))","(((4, 2), (4, 4), (6, 2), (6, 4)), (4, 3))",14,3,17.0,14,,,pruned,,,2553
"(((4, 2), (4, 4), (6, 1), (6, 4)), (4, 3))","(((4, 2), (4, 4), (6, 2), (6, 4)), (4, 3))",14,3,17.0,14,,,pruned,,,2554
"(((4, 2), (4, 4), (6, 2), (6, 4)), (4, 3))","(((4, 2), (4, 4), (6, 2), (7, 4)), (4, 3))",13,2.0,15.0,13,8,2,expanded,False,True,2555
"(((5, 3), (5, 4), (6, 2), (7, 4)), (1, 1))","(((5, 2), (5, 3), (5, 4), (7, 4)), (1, 1))",13,2.0,15.0,13,6,0,expanded,False,True,2556
"(((4, 5), (5, 3), (6, 4), (7, 2)), (1, 1))","(((4, 4), (5, 3), (6, 4), (7, 2)), (1, 1))",15,2,17.0,15,,,pruned,,,2557
"(((4, 4), (5, 3), (6, 4), (8, 2)), (1, 1))","(((4, 4), (5, 3), (6, 4), (7, 2)), (1, 1))",15,2,17.0,15,,,pruned,,,2558
"(((4, 4), (5, 3), (6, 4), (7, 2)), (1, 1))","(((4, 4), (5, 3), (6, 3), (7, 2)), (1, 1))",14,1.0,15.0,14,6,2,expanded,False,True,2559
"(((4, 4), (5, 2), (5, 3), (6, 4)), (5, 1))","(((4, 4), (5, 2), (5, 3), (6, 3)), (5, 1))",14,1.0,15.0,14,3,0,expanded,False,True,2560
"(((4, 4), (5, 2), (5, 3), (6, 1)), (5, 4))","(((4, 4), (5, 2), (5, 3), (6, 2)), (5, 1))",15,2,17.0,15,,,pruned,,,2561
"(((4, 4), (5, 2), (5, 3), (6, 2)), (5, 1))","(((4, 4), (5, 2), (5, 3), (6, 3)), (5, 1))",14,1.0,15.0,14,3,1,expanded,False,True,2562
"(((4, 5), (6, 2), (6, 3), (6, 4)), (1, 1))","(((4, 4), (6, 2), (6, 3), (6, 4)), (1, 1))",15,2,17.0,15,,,pruned,,,2563
"(((4, 4), (6, 2), (6, 3), (6, 4)), (1, 1))","(((4, 3), (6, 2), (6, 3), (6, 4)), (1, 1))",14,1.0,15.0,14,6,1,expanded,False,True,2564
"(((4, 5), (6, 2), (6, 4), (7, 2)), (1, 1))","(((4, 4), (6, 2), (6, 4), (7, 2)), (1, 1))",15,2,17.0,15,,,pruned,,,2565
"(((4, 4), (6, 1), (6, 4), (7, 2)), (1, 1))","(((4, 4), (6, 2), (6, 4), (7, 2)), (1, 1))",15,2,17.0,15,,,pruned,,,2566
"(((4, 4), (6, 2), (6, 4), (7, 2)), (1, 1))","(((4, 3), (6, 2), (6, 4), (7, 2)), (1, 1))",14,1.0,15.0,14,5,2,expanded,False,True,2567
"(((4, 3), (5, 3), (6, 2), (6, 4)), (1, 1))","(((4, 3), (5, 3), (6, 2), (7, 4)), (1, 1))",14,1.0,15.0,14,9,0,expanded,False,True,2568
"(((4, 5), (5, 3), (6, 2), (7, 4)), (1, 1))","(((4, 4), (5, 3), (6, 2), (7, 4)), (1, 1))",15,2,17.0,15,,,pruned,,,2569
"(((4, 4), (5, 3), (6, 2), (7, 4)), (1, 1))","(((4, 3), (5, 3), (6, 2), (7, 4)), (1, 1))",14,1.0,15.0,14,8,1,expanded,False,True,2570
"(((5, 3), (6, 2), (6, 4), (7, 4)), (1, 1))","(((5, 2), (5, 3), (6, 4), (7, 4)), (1, 1))",14,1.0,15.0,14,6,0,expanded,False,True,2571
"(((4, 4), (5, 3), (6, 2), (6, 4)), (1, 1))","(((4, 3), (5, 3), (6, 2), (6, 4)), (1, 1))",15,0.0,15.0,15,0,0,goal,False,False,2572
