node_id,parent_id,g,h,f,depth,n_legal_successors,n_pruned,status,all_pruned,f_plateau,timestamp_order
"(((2, 3), (2, 4), (2, 5), (3, 2), (3, 3), (3, 5), (4, 1), (4, 5)), (2, 6))","(((2, 3), (2, 4), (2, 5), (3, 2), (3, 3), (3, 5), (4, 2), (4, 5)), (2, 6))",1,9,10.0,1,,,pruned,,,0
"(((2, 3), (2, 4), (2, 5), (3, 2), (3, 3), (3, 5), (4, 2), (4, 6)), (3, 1))","(((2, 3), (2, 4), (2, 5), (3, 2), (3, 3), (3, 5), (4, 2), (4, 5)), (2, 6))",1,9,10.0,1,,,pruned,,,1
"(((2, 3), (2, 4), (2, 5), (3, 2), (3, 3), (3, 6), (4, 2), (4, 5)), (3, 1))","(((2, 3), (2, 4), (2, 5), (3, 2), (3, 3), (3, 5), (4, 2), (4, 5)), (2, 6))",1,9,10.0,1,,,pruned,,,2
"(((2, 3), (2, 4), (2, 5), (3, 2), (3, 3), (3, 5), (4, 2), (4, 5)), (2, 6))",,0,8.0,8.0,0,7,3,expanded,False,True,3
"(((1, 4), (2, 3), (2, 5), (3, 2), (3, 3), (3, 5), (4, 2), (4, 6)), (2, 4))","(((1, 4), (2, 3), (2, 5), (3, 2), (3, 3), (3, 5), (4, 2), (4, 5)), (2, 4))",2,8,10.0,2,,,pruned,,,4
"(((1, 4), (2, 3), (2, 6), (3, 2), (3, 3), (3, 5), (4, 2), (4, 5)), (1, 5))","(((1, 4), (2, 3), (2, 5), (3, 2), (3, 3), (3, 5), (4, 2), (4, 5)), (2, 4))",2,8,10.0,2,,,pruned,,,5
"(((1, 4), (2, 3), (2, 5), (3, 2), (3, 3), (3, 6), (4, 2), (4, 5)), (2, 4))","(((1, 4), (2, 3), (2, 5), (3, 2), (3, 3), (3, 5), (4, 2), (4, 5)), (2, 4))",2,8,10.0,2,,,pruned,,,6
"(((1, 4), (2, 3), (2, 5), (3, 2), (3, 3), (3, 5), (4, 1), (4, 5)), (2, 4))","(((1, 4), (2, 3), (2, 5), (3, 2), (3, 3), (3, 5), (4, 2), (4, 5)), (2, 4))",2,8,10.0,2,,,pruned,,,7
"(((1, 4), (2, 3), (2, 5), (3, 2), (3, 3), (3, 5), (4, 2), (4, 5)), (2, 4))","(((2, 3), (2, 4), (2, 5), (3, 2), (3, 3), (3, 5), (4, 2), (4, 5)), (2, 6))",1,7.0,8.0,1,9,4,expanded,False,True,8
"(((2, 3), (2, 4), (2, 5), (3, 2), (3, 3), (3, 5), (4, 3), (4, 6)), (3, 1))","(((2, 3), (2, 4), (2, 5), (3, 2), (3, 3), (3, 5), (4, 3), (4, 5)), (2, 6))",2,8,10.0,2,,,pruned,,,9
"(((2, 3), (2, 4), (2, 5), (3, 2), (3, 3), (3, 6), (4, 3), (4, 5)), (3, 1))","(((2, 3), (2, 4), (2, 5), (3, 2), (3, 3), (3, 5), (4, 3), (4, 5)), (2, 6))",2,8,10.0,2,,,pruned,,,10
"(((2, 3), (2, 4), (2, 5), (3, 2), (3, 3), (3, 5), (4, 3), (4, 5)), (2, 6))","(((2, 3), (2, 4), (2, 5), (3, 2), (3, 3), (3, 5), (4, 2), (4, 5)), (2, 6))",1,7.0,8.0,1,8,2,expanded,False,True,11
"(((2, 3), (2, 4), (2, 5), (3, 2), (3, 3), (3, 5), (4, 1), (4, 4)), (2, 6))","(((2, 3), (2, 4), (2, 5), (3, 2), (3, 3), (3, 5), (4, 2), (4, 4)), (2, 6))",2,8,10.0,2,,,pruned,,,12
"(((2, 3), (2, 4), (2, 5), (3, 2), (3, 3), (3, 5), (4, 2), (4, 4)), (2, 6))","(((2, 3), (2, 4), (2, 5), (3, 2), (3, 3), (3, 5), (4, 2), (4, 5)), (2, 6))",1,7.0,8.0,1,6,1,expanded,False,True,13
"(((2, 3), (2, 4), (2, 5), (3, 2), (3, 3), (3, 4), (4, 2), (5, 5)), (2, 6))","(((2, 3), (2, 4), (2, 5), (3, 2), (3, 3), (3, 4), (4, 2), (4, 5)), (2, 6))",2,8,10.0,2,,,pruned,,,14
"(((2, 3), (2, 4), (2, 5), (3, 2), (3, 3), (3, 4), (4, 2), (4, 6)), (2, 6))","(((2, 3), (2, 4), (2, 5), (3, 2), (3, 3), (3, 4), (4, 2), (4, 5)), (2, 6))",2,8,10.0,2,,,pruned,,,15
"(((2, 3), (2, 4), (2, 5), (3, 2), (3, 3), (3, 4), (4, 1), (4, 5)), (2, 6))","(((2, 3), (2, 4), (2, 5), (3, 2), (3, 3), (3, 4), (4, 2), (4, 5)), (2, 6))",2,8,10.0,2,,,pruned,,,16
"(((2, 3), (2, 4), (2, 5), (3, 2), (3, 3), (3, 4), (4, 2), (4, 5)), (2, 6))","(((2, 3), (2, 4), (2, 5), (3, 2), (3, 3), (3, 5), (4, 2), (4, 5)), (2, 6))",1,7.0,8.0,1,7,3,expanded,False,True,17
"(((1, 4), (2, 2), (2, 5), (3, 2), (3, 3), (3, 5), (4, 2), (4, 6)), (1, 2))","(((1, 4), (2, 2), (2, 5), (3, 2), (3, 3), (3, 5), (4, 2), (4, 5)), (1, 2))",3,7,10.0,3,,,pruned,,,18
"(((1, 4), (2, 2), (2, 5), (3, 2), (3, 3), (3, 5), (4, 1), (4, 5)), (1, 2))","(((1, 4), (2, 2), (2, 5), (3, 2), (3, 3), (3, 5), (4, 2), (4, 5)), (1, 2))",3,7,10.0,3,,,pruned,,,19
"(((1, 4), (2, 2), (2, 6), (3, 2), (3, 3), (3, 5), (4, 2), (4, 5)), (1, 2))","(((1, 4), (2, 2), (2, 5), (3, 2), (3, 3), (3, 5), (4, 2), (4, 5)), (1, 2))",3,7,10.0,3,,,pruned,,,20
"(((1, 4), (2, 2), (2, 5), (3, 2), (3, 3), (3, 6), (4, 2), (4, 5)), (1, 2))","(((1, 4), (2, 2), (2, 5), (3, 2), (3, 3), (3, 5), (4, 2), (4, 5)), (1, 2))",3,7,10.0,3,,,pruned,,,21
"(((1, 4), (2, 2), (2, 5), (3, 2), (3, 3), (3, 5), (4, 2), (4, 5)), (1, 2))","(((1, 4), (2, 3), (2, 5), (3, 2), (3, 3), (3, 5), (4, 2), (4, 5)), (2, 4))",2,6.0,8.0,2,11,4,expanded,False,True,22
"(((1, 4), (2, 3), (2, 5), (3, 2), (3, 3), (3, 5), (4, 1), (4, 4)), (2, 6))","(((1, 4), (2, 3), (2, 5), (3, 2), (3, 3), (3, 5), (4, 2), (4, 4)), (2, 6))",3,7,10.0,3,,,pruned,,,23
"(((1, 4), (2, 3), (2, 5), (3, 2), (3, 3), (3, 5), (4, 2), (4, 4)), (2, 6))","(((1, 4), (2, 3), (2, 5), (3, 2), (3, 3), (3, 5), (4, 2), (4, 5)), (2, 4))",2,6.0,8.0,2,7,1,expanded,False,True,24
"(((1, 4), (2, 3), (2, 5), (3, 2), (3, 3), (3, 4), (4, 2), (5, 5)), (2, 6))","(((1, 4), (2, 3), (2, 5), (3, 2), (3, 3), (3, 4), (4, 2), (4, 5)), (2, 6))",3,7,10.0,3,,,pruned,,,25
"(((1, 4), (2, 3), (2, 5), (3, 2), (3, 3), (3, 4), (4, 2), (4, 6)), (2, 6))","(((1, 4), (2, 3), (2, 5), (3, 2), (3, 3), (3, 4), (4, 2), (4, 5)), (2, 6))",3,7,10.0,3,,,pruned,,,26
"(((1, 4), (2, 3), (2, 5), (3, 2), (3, 3), (3, 4), (4, 1), (4, 5)), (2, 6))","(((1, 4), (2, 3), (2, 5), (3, 2), (3, 3), (3, 4), (4, 2), (4, 5)), (2, 6))",3,7,10.0,3,,,pruned,,,27
"(((1, 4), (2, 3), (2, 5), (3, 2), (3, 3), (3, 4), (4, 2), (4, 5)), (2, 6))","(((1, 4), (2, 3), (2, 5), (3, 2), (3, 3), (3, 5), (4, 2), (4, 5)), (2, 4))",2,6.0,8.0,2,9,3,expanded,False,True,28
"(((1, 4), (2, 3), (2, 5), (3, 2), (3, 3), (3, 5), (4, 3), (4, 6)), (2, 4))","(((1, 4), (2, 3), (2, 5), (3, 2), (3, 3), (3, 5), (4, 3), (4, 5)), (2, 4))",3,7,10.0,3,,,pruned,,,29
"(((1, 4), (2, 3), (2, 6), (3, 2), (3, 3), (3, 5), (4, 3), (4, 5)), (1, 5))","(((1, 4), (2, 3), (2, 5), (3, 2), (3, 3), (3, 5), (4, 3), (4, 5)), (2, 4))",3,7,10.0,3,,,pruned,,,30
"(((1, 4), (2, 3), (2, 5), (3, 2), (3, 3), (3, 6), (4, 3), (4, 5)), (2, 4))","(((1, 4), (2, 3), (2, 5), (3, 2), (3, 3), (3, 5), (4, 3), (4, 5)), (2, 4))",3,7,10.0,3,,,pruned,,,31
"(((1, 4), (2, 3), (2, 5), (3, 2), (3, 3), (3, 5), (4, 3), (4, 5)), (2, 4))","(((1, 4), (2, 3), (2, 5), (3, 2), (3, 3), (3, 5), (4, 2), (4, 5)), (2, 4))",2,6.0,8.0,2,10,3,expanded,False,True,32
"(((2, 3), (2, 4), (2, 5), (3, 2), (3, 3), (3, 5), (4, 3), (4, 4)), (2, 6))","(((2, 3), (2, 4), (2, 5), (3, 2), (3, 3), (3, 5), (4, 3), (4, 5)), (2, 6))",2,6.0,8.0,2,3,0,expanded,False,True,33
"(((2, 2), (2, 3), (2, 4), (2, 5), (3, 3), (3, 5), (4, 3), (4, 6)), (3, 1))","(((2, 2), (2, 3), (2, 4), (2, 5), (3, 3), (3, 5), (4, 3), (4, 5)), (2, 6))",3,7,10.0,3,,,pruned,,,34
"(((2, 2), (2, 3), (2, 4), (2, 5), (3, 3), (3, 6), (4, 3), (4, 5)), (3, 1))","(((2, 2), (2, 3), (2, 4), (2, 5), (3, 3), (3, 5), (4, 3), (4, 5)), (2, 6))",3,7,10.0,3,,,pruned,,,35
"(((2, 2), (2, 3), (2, 4), (2, 5), (3, 3), (3, 5), (4, 3), (4, 5)), (2, 6))","(((2, 3), (2, 4), (2, 5), (3, 2), (3, 3), (3, 5), (4, 3), (4, 5)), (2, 6))",2,6.0,8.0,2,10,2,expanded,False,True,36
"(((2, 3), (2, 4), (2, 5), (3, 2), (3, 3), (3, 4), (4, 3), (5, 5)), (2, 6))","(((2, 3), (2, 4), (2, 5), (3, 2), (3, 3), (3, 4), (4, 3), (4, 5)), (2, 6))",3,7,10.0,3,,,pruned,,,37
"(((2, 3), (2, 4), (2, 5), (3, 2), (3, 3), (3, 4), (4, 3), (4, 6)), (2, 6))","(((2, 3), (2, 4), (2, 5), (3, 2), (3, 3), (3, 4), (4, 3), (4, 5)), (2, 6))",3,7,10.0,3,,,pruned,,,38
"(((2, 3), (2, 4), (2, 5), (3, 2), (3, 3), (3, 4), (4, 3), (4, 5)), (2, 6))","(((2, 3), (2, 4), (2, 5), (3, 2), (3, 3), (3, 5), (4, 3), (4, 5)), (2, 6))",2,6.0,8.0,2,8,2,expanded,False,True,39
"(((2, 3), (2, 4), (2, 5), (3, 2), (3, 3), (3, 4), (4, 1), (4, 4)), (2, 6))","(((2, 3), (2, 4), (2, 5), (3, 2), (3, 3), (3, 4), (4, 2), (4, 4)), (2, 6))",3,7,10.0,3,,,pruned,,,40
"(((2, 3), (2, 4), (2, 5), (3, 2), (3, 3), (3, 4), (4, 2), (4, 4)), (2, 6))","(((2, 3), (2, 4), (2, 5), (3, 2), (3, 3), (3, 5), (4, 2), (4, 4)), (2, 6))",2,6.0,8.0,2,5,1,expanded,False,True,41
"(((1, 5), (2, 3), (2, 4), (3, 2), (3, 3), (3, 4), (4, 2), (5, 5)), (2, 5))","(((1, 5), (2, 3), (2, 4), (3, 2), (3, 3), (3, 4), (4, 2), (4, 5)), (2, 5))",3,7,10.0,3,,,pruned,,,42
"(((1, 5), (2, 3), (2, 4), (3, 2), (3, 3), (3, 4), (4, 2), (4, 6)), (2, 5))","(((1, 5), (2, 3), (2, 4), (3, 2), (3, 3), (3, 4), (4, 2), (4, 5)), (2, 5))",3,7,10.0,3,,,pruned,,,43
"(((1, 5), (2, 3), (2, 4), (3, 2), (3, 3), (3, 4), (4, 1), (4, 5)), (2, 5))","(((1, 5), (2, 3), (2, 4), (3, 2), (3, 3), (3, 4), (4, 2), (4, 5)), (2, 5))",3,7,10.0,3,,,pruned,,,44
"(((1, 5), (2, 3), (2, 4), (3, 2), (3, 3), (3, 4), (4, 2), (4, 5)), (2, 5))","(((2, 3), (2, 4), (2, 5), (3, 2), (3, 3), (3, 4), (4, 2), (4, 5)), (2, 6))",2,6.0,8.0,2,6,3,expanded,False,True,45
"(((1, 4), (2, 2), (2, 5), (3, 2), (3, 3), (3, 5), (4, 1), (4, 4)), (2, 6))","(((1, 4), (2, 2), (2, 5), (3, 2), (3, 3), (3, 5), (4, 2), (4, 4)), (2, 6))",4,6,10.0,4,,,pruned,,,46
"(((1, 4), (2, 2), (2, 5), (3, 2), (3, 3), (3, 5), (4, 2), (4, 4)), (2, 6))","(((1, 4), (2, 2), (2, 5), (3, 2), (3, 3), (3, 5), (4, 2), (4, 5)), (1, 2))",3,5.0,8.0,3,8,1,expanded,False,True,47
"(((1, 4), (2, 2), (2, 5), (3, 2), (3, 5), (4, 2), (4, 5), (5, 3)), (1, 2))","(((1, 4), (2, 2), (2, 5), (3, 2), (3, 5), (4, 2), (4, 3), (4, 5)), (1, 2))",4,6,10.0,4,,,pruned,,,48
"(((1, 4), (2, 2), (2, 5), (3, 2), (3, 5), (4, 2), (4, 3), (4, 6)), (1, 2))","(((1, 4), (2, 2), (2, 5), (3, 2), (3, 5), (4, 2), (4, 3), (4, 5)), (1, 2))",4,6,10.0,4,,,pruned,,,49
"(((1, 4), (2, 2), (2, 5), (3, 1), (3, 5), (4, 2), (4, 3), (4, 5)), (1, 2))","(((1, 4), (2, 2), (2, 5), (3, 2), (3, 5), (4, 2), (4, 3), (4, 5)), (1, 2))",4,6,10.0,4,,,pruned,,,50
"(((1, 4), (2, 2), (2, 6), (3, 2), (3, 5), (4, 2), (4, 3), (4, 5)), (1, 2))","(((1, 4), (2, 2), (2, 5), (3, 2), (3, 5), (4, 2), (4, 3), (4, 5)), (1, 2))",4,6,10.0,4,,,pruned,,,51
"(((1, 4), (2, 2), (2, 5), (3, 2), (3, 6), (4, 2), (4, 3), (4, 5)), (1, 2))","(((1, 4), (2, 2), (2, 5), (3, 2), (3, 5), (4, 2), (4, 3), (4, 5)), (1, 2))",4,6,10.0,4,,,pruned,,,52
"(((1, 4), (2, 2), (2, 5), (3, 2), (3, 5), (4, 2), (4, 3), (4, 5)), (1, 2))","(((1, 4), (2, 2), (2, 5), (3, 2), (3, 3), (3, 5), (4, 2), (4, 5)), (1, 2))",3,5.0,8.0,3,11,5,expanded,False,True,53
"(((1, 4), (2, 2), (2, 5), (3, 2), (3, 3), (3, 5), (4, 3), (4, 6)), (1, 2))","(((1, 4), (2, 2), (2, 5), (3, 2), (3, 3), (3, 5), (4, 3), (4, 5)), (1, 2))",4,6,10.0,4,,,pruned,,,54
"(((1, 4), (2, 2), (2, 6), (3, 2), (3, 3), (3, 5), (4, 3), (4, 5)), (1, 2))","(((1, 4), (2, 2), (2, 5), (3, 2), (3, 3), (3, 5), (4, 3), (4, 5)), (1, 2))",4,6,10.0,4,,,pruned,,,55
"(((1, 4), (2, 2), (2, 5), (3, 2), (3, 3), (3, 6), (4, 3), (4, 5)), (1, 2))","(((1, 4), (2, 2), (2, 5), (3, 2), (3, 3), (3, 5), (4, 3), (4, 5)), (1, 2))",4,6,10.0,4,,,pruned,,,56
"(((1, 4), (2, 2), (2, 5), (3, 2), (3, 3), (3, 5), (4, 3), (4, 5)), (1, 2))","(((1, 4), (2, 2), (2, 5), (3, 2), (3, 3), (3, 5), (4, 2), (4, 5)), (1, 2))",3,5.0,8.0,3,9,3,expanded,False,True,57
"(((1, 4), (2, 2), (2, 5), (3, 2), (3, 3), (3, 4), (4, 2), (5, 5)), (2, 6))","(((1, 4), (2, 2), (2, 5), (3, 2), (3, 3), (3, 4), (4, 2), (4, 5)), (2, 6))",4,6,10.0,4,,,pruned,,,58
"(((1, 4), (2, 2), (2, 5), (3, 2), (3, 3), (3, 4), (4, 2), (4, 6)), (2, 6))","(((1, 4), (2, 2), (2, 5), (3, 2), (3, 3), (3, 4), (4, 2), (4, 5)), (2, 6))",4,6,10.0,4,,,pruned,,,59
"(((1, 4), (2, 2), (2, 5), (3, 2), (3, 3), (3, 4), (4, 1), (4, 5)), (2, 6))","(((1, 4), (2, 2), (2, 5), (3, 2), (3, 3), (3, 4), (4, 2), (4, 5)), (2, 6))",4,6,10.0,4,,,pruned,,,60
"(((1, 4), (2, 2), (2, 5), (3, 2), (3, 3), (3, 4), (4, 2), (4, 5)), (2, 6))","(((1, 4), (2, 2), (2, 5), (3, 2), (3, 3), (3, 5), (4, 2), (4, 5)), (1, 2))",3,5.0,8.0,3,10,3,expanded,False,True,61
"(((1, 4), (2, 3), (2, 5), (3, 2), (3, 3), (3, 5), (4, 3), (4, 4)), (2, 6))","(((1, 4), (2, 3), (2, 5), (3, 2), (3, 3), (3, 5), (4, 2), (4, 4)), (2, 6))",3,5.0,8.0,3,4,0,expanded,False,True,62
"(((1, 4), (2, 3), (2, 5), (3, 2), (3, 3), (3, 4), (4, 1), (4, 4)), (2, 6))","(((1, 4), (2, 3), (2, 5), (3, 2), (3, 3), (3, 4), (4, 2), (4, 4)), (2, 6))",4,6,10.0,4,,,pruned,,,63
"(((1, 4), (2, 3), (2, 5), (3, 2), (3, 3), (3, 4), (4, 2), (4, 4)), (2, 6))","(((1, 4), (2, 3), (2, 5), (3, 2), (3, 3), (3, 5), (4, 2), (4, 4)), (2, 6))",3,5.0,8.0,3,6,1,expanded,False,True,64
"(((1, 4), (2, 3), (2, 5), (3, 2), (3, 3), (3, 4), (4, 3), (5, 5)), (2, 6))","(((1, 4), (2, 3), (2, 5), (3, 2), (3, 3), (3, 4), (4, 3), (4, 5)), (2, 6))",4,6,10.0,4,,,pruned,,,65
"(((1, 4), (2, 3), (2, 5), (3, 2), (3, 3), (3, 4), (4, 3), (4, 6)), (2, 6))","(((1, 4), (2, 3), (2, 5), (3, 2), (3, 3), (3, 4), (4, 3), (4, 5)), (2, 6))",4,6,10.0,4,,,pruned,,,66
"(((1, 4), (2, 3), (2, 5), (3, 2), (3, 3), (3, 4), (4, 3), (4, 5)), (2, 6))","(((1, 4), (2, 3), (2, 5), (3, 2), (3, 3), (3, 4), (4, 2), (4, 5)), (2, 6))",3,5.0,8.0,3,10,2,expanded,False,True,67
"(((1, 4), (1, 5), (2, 3), (3, 2), (3, 3), (3, 4), (4, 2), (5, 5)), (2, 4))","(((1, 4), (1, 5), (2, 3), (3, 2), (3, 3), (3, 4), (4, 2), (4, 5)), (2, 4))",4,6,10.0,4,,,pruned,,,68
"(((1, 4), (1, 5), (2, 3), (3, 2), (3, 3), (3, 4), (4, 2), (4, 6)), (2, 4))","(((1, 4), (1, 5), (2, 3), (3, 2), (3, 3), (3, 4), (4, 2), (4, 5)), (2, 4))",4,6,10.0,4,,,pruned,,,69
"(((1, 4), (1, 5), (2, 3), (3, 2), (3, 3), (3, 4), (4, 1), (4, 5)), (2, 4))","(((1, 4), (1, 5), (2, 3), (3, 2), (3, 3), (3, 4), (4, 2), (4, 5)), (2, 4))",4,6,10.0,4,,,pruned,,,70
"(((1, 4), (1, 5), (2, 3), (3, 2), (3, 3), (3, 4), (4, 2), (4, 5)), (2, 4))","(((1, 4), (2, 3), (2, 5), (3, 2), (3, 3), (3, 4), (4, 2), (4, 5)), (2, 6))",3,5.0,8.0,3,9,3,expanded,False,True,71
"(((1, 4), (2, 2), (2, 3), (2, 5), (3, 3), (3, 5), (4, 3), (4, 6)), (2, 4))","(((1, 4), (2, 2), (2, 3), (2, 5), (3, 3), (3, 5), (4, 3), (4, 5)), (2, 4))",4,6,10.0,4,,,pruned,,,72
"(((1, 4), (2, 2), (2, 3), (2, 6), (3, 3), (3, 5), (4, 3), (4, 5)), (1, 5))","(((1, 4), (2, 2), (2, 3), (2, 5), (3, 3), (3, 5), (4, 3), (4, 5)), (2, 4))",4,6,10.0,4,,,pruned,,,73
"(((1, 4), (2, 2), (2, 3), (2, 5), (3, 3), (3, 6), (4, 3), (4, 5)), (2, 4))","(((1, 4), (2, 2), (2, 3), (2, 5), (3, 3), (3, 5), (4, 3), (4, 5)), (2, 4))",4,6,10.0,4,,,pruned,,,74
"(((1, 4), (2, 2), (2, 3), (2, 5), (3, 3), (3, 5), (4, 3), (4, 5)), (2, 4))","(((1, 4), (2, 3), (2, 5), (3, 2), (3, 3), (3, 5), (4, 3), (4, 5)), (2, 4))",3,5.0,8.0,3,11,3,expanded,False,True,75
"(((2, 2), (2, 3), (2, 4), (2, 5), (3, 3), (3, 5), (4, 3), (4, 4)), (2, 6))","(((2, 3), (2, 4), (2, 5), (3, 2), (3, 3), (3, 5), (4, 3), (4, 4)), (2, 6))",3,5.0,8.0,3,4,0,expanded,False,True,76
"(((2, 3), (2, 4), (2, 5), (3, 2), (3, 3), (3, 4), (4, 3), (4, 4)), (2, 6))","(((2, 3), (2, 4), (2, 5), (3, 2), (3, 3), (3, 5), (4, 3), (4, 4)), (2, 6))",3,5.0,8.0,3,2,0,expanded,False,True,77
"(((2, 2), (2, 3), (2, 4), (2, 5), (3, 4), (3, 5), (4, 3), (4, 6)), (3, 1))","(((2, 2), (2, 3), (2, 4), (2, 5), (3, 4), (3, 5), (4, 3), (4, 5)), (2, 6))",4,6,10.0,4,,,pruned,,,78
"(((2, 2), (2, 3), (2, 4), (2, 5), (3, 4), (3, 5), (4, 5), (5, 3)), (2, 6))","(((2, 2), (2, 3), (2, 4), (2, 5), (3, 4), (3, 5), (4, 3), (4, 5)), (2, 6))",4,6,10.0,4,,,pruned,,,79
"(((2, 2), (2, 3), (2, 4), (2, 5), (3, 4), (3, 5), (4, 3), (4, 5)), (2, 6))","(((2, 2), (2, 3), (2, 4), (2, 5), (3, 3), (3, 5), (4, 3), (4, 5)), (2, 6))",3,5.0,8.0,3,8,2,expanded,False,True,80
"(((2, 2), (2, 3), (2, 4), (2, 5), (3, 3), (3, 4), (4, 3), (5, 5)), (2, 6))","(((2, 2), (2, 3), (2, 4), (2, 5), (3, 3), (3, 4), (4, 3), (4, 5)), (2, 6))",4,6,10.0,4,,,pruned,,,81
"(((2, 2), (2, 3), (2, 4), (2, 5), (3, 3), (3, 4), (4, 3), (4, 6)), (2, 6))","(((2, 2), (2, 3), (2, 4), (2, 5), (3, 3), (3, 4), (4, 3), (4, 5)), (2, 6))",4,6,10.0,4,,,pruned,,,82
"(((2, 2), (2, 3), (2, 4), (2, 5), (3, 3), (3, 4), (4, 3), (4, 5)), (2, 6))","(((2, 2), (2, 3), (2, 4), (2, 5), (3, 3), (3, 5), (4, 3), (4, 5)), (2, 6))",3,5.0,8.0,3,8,2,expanded,False,True,83
"(((1, 5), (2, 3), (2, 4), (3, 2), (3, 3), (3, 4), (4, 3), (5, 5)), (2, 5))","(((1, 5), (2, 3), (2, 4), (3, 2), (3, 3), (3, 4), (4, 3), (4, 5)), (2, 5))",4,6,10.0,4,,,pruned,,,84
"(((1, 5), (2, 3), (2, 4), (3, 2), (3, 3), (3, 4), (4, 3), (4, 6)), (2, 5))","(((1, 5), (2, 3), (2, 4), (3, 2), (3, 3), (3, 4), (4, 3), (4, 5)), (2, 5))",4,6,10.0,4,,,pruned,,,85
"(((1, 5), (2, 3), (2, 4), (3, 2), (3, 3), (3, 4), (4, 3), (4, 5)), (2, 5))","(((2, 3), (2, 4), (2, 5), (3, 2), (3, 3), (3, 4), (4, 3), (4, 5)), (2, 6))",3,5.0,8.0,3,7,2,expanded,False,True,86
"(((1, 5), (2, 3), (2, 4), (3, 2), (3, 3), (3, 4), (4, 1), (4, 4)), (2, 5))","(((1, 5), (2, 3), (2, 4), (3, 2), (3, 3), (3, 4), (4, 2), (4, 4)), (2, 5))",4,6,10.0,4,,,pruned,,,87
"(((1, 5), (2, 3), (2, 4), (3, 2), (3, 3), (3, 4), (4, 2), (4, 4)), (2, 5))","(((2, 3), (2, 4), (2, 5), (3, 2), (3, 3), (3, 4), (4, 2), (4, 4)), (2, 6))",3,5.0,8.0,3,4,1,expanded,False,True,88
"(((1, 4), (2, 2), (2, 5), (3, 2), (3, 3), (3, 4), (4, 1), (4, 4)), (2, 6))","(((1, 4), (2, 2), (2, 5), (3, 2), (3, 3), (3, 4), (4, 2), (4, 4)), (2, 6))",5,5,10.0,5,,,pruned,,,89
"(((1, 4), (2, 2), (2, 5), (3, 2), (3, 3), (3, 4), (4, 2), (4, 4)), (2, 6))","(((1, 4), (2, 2), (2, 5), (3, 2), (3, 3), (3, 5), (4, 2), (4, 4)), (2, 6))",4,4.0,8.0,4,7,1,expanded,False,True,90
"(((1, 4), (2, 2), (2, 5), (3, 2), (3, 3), (3, 5), (4, 3), (4, 4)), (2, 6))","(((1, 4), (2, 2), (2, 5), (3, 2), (3, 3), (3, 5), (4, 2), (4, 4)), (2, 6))",4,4.0,8.0,4,3,0,expanded,False,True,91
"(((1, 4), (2, 2), (2, 5), (3, 2), (3, 5), (4, 2), (4, 3), (4, 4)), (2, 6))","(((1, 4), (2, 2), (2, 5), (3, 2), (3, 5), (4, 2), (4, 3), (4, 5)), (1, 2))",4,4.0,8.0,4,5,0,expanded,False,True,92
"(((1, 4), (2, 2), (2, 5), (3, 2), (3, 4), (4, 2), (4, 3), (5, 5)), (2, 6))","(((1, 4), (2, 2), (2, 5), (3, 2), (3, 4), (4, 2), (4, 3), (4, 5)), (2, 6))",5,5,10.0,5,,,pruned,,,93
"(((1, 4), (2, 2), (2, 5), (3, 2), (3, 4), (4, 2), (4, 3), (4, 6)), (2, 6))","(((1, 4), (2, 2), (2, 5), (3, 2), (3, 4), (4, 2), (4, 3), (4, 5)), (2, 6))",5,5,10.0,5,,,pruned,,,94
"(((1, 4), (2, 2), (2, 5), (3, 2), (3, 4), (4, 2), (4, 3), (4, 5)), (2, 6))","(((1, 4), (2, 2), (2, 5), (3, 2), (3, 5), (4, 2), (4, 3), (4, 5)), (1, 2))",4,4.0,8.0,4,10,2,expanded,False,True,95
"(((1, 4), (2, 2), (2, 5), (3, 2), (3, 3), (3, 4), (4, 3), (5, 5)), (2, 6))","(((1, 4), (2, 2), (2, 5), (3, 2), (3, 3), (3, 4), (4, 3), (4, 5)), (2, 6))",5,5,10.0,5,,,pruned,,,96
"(((1, 4), (2, 2), (2, 5), (3, 2), (3, 3), (3, 4), (4, 3), (4, 6)), (2, 6))","(((1, 4), (2, 2), (2, 5), (3, 2), (3, 3), (3, 4), (4, 3), (4, 5)), (2, 6))",5,5,10.0,5,,,pruned,,,97
"(((1, 4), (2, 2), (2, 5), (3, 2), (3, 3), (3, 4), (4, 3), (4, 5)), (2, 6))","(((1, 4), (2, 2), (2, 5), (3, 2), (3, 3), (3, 5), (4, 3), (4, 5)), (1, 2))",4,4.0,8.0,4,9,2,expanded,False,True,98
"(((1, 4), (1, 5), (2, 2), (3, 2), (3, 3), (3, 4), (4, 2), (5, 5)), (1, 2))","(((1, 4), (1, 5), (2, 2), (3, 2), (3, 3), (3, 4), (4, 2), (4, 5)), (1, 2))",5,5,10.0,5,,,pruned,,,99
"(((1, 4), (1, 5), (2, 2), (3, 2), (3, 3), (3, 4), (4, 2), (4, 6)), (1, 2))","(((1, 4), (1, 5), (2, 2), (3, 2), (3, 3), (3, 4), (4, 2), (4, 5)), (1, 2))",5,5,10.0,5,,,pruned,,,100
"(((1, 4), (1, 5), (2, 2), (3, 2), (3, 3), (3, 4), (4, 1), (4, 5)), (1, 2))","(((1, 4), (1, 5), (2, 2), (3, 2), (3, 3), (3, 4), (4, 2), (4, 5)), (1, 2))",5,5,10.0,5,,,pruned,,,101
"(((1, 4), (1, 5), (2, 2), (3, 2), (3, 3), (3, 4), (4, 2), (4, 5)), (1, 2))","(((1, 4), (2, 2), (2, 5), (3, 2), (3, 3), (3, 4), (4, 2), (4, 5)), (2, 6))",4,4.0,8.0,4,10,3,expanded,False,True,102
"(((1, 4), (2, 2), (2, 3), (2, 5), (3, 3), (3, 5), (4, 3), (4, 4)), (2, 6))","(((1, 4), (2, 3), (2, 5), (3, 2), (3, 3), (3, 5), (4, 3), (4, 4)), (2, 6))",4,4.0,8.0,4,5,0,expanded,False,True,103
"(((1, 4), (2, 3), (2, 5), (3, 2), (3, 3), (3, 4), (4, 3), (4, 4)), (2, 6))","(((1, 4), (2, 3), (2, 5), (3, 2), (3, 3), (3, 5), (4, 3), (4, 4)), (2, 6))",4,4.0,8.0,4,3,0,expanded,False,True,104
"(((1, 4), (1, 5), (2, 3), (3, 2), (3, 3), (3, 4), (4, 1), (4, 4)), (2, 4))","(((1, 4), (1, 5), (2, 3), (3, 2), (3, 3), (3, 4), (4, 2), (4, 4)), (2, 4))",5,5,10.0,5,,,pruned,,,105
"(((1, 4), (1, 5), (2, 3), (3, 2), (3, 3), (3, 4), (4, 2), (4, 4)), (2, 4))","(((1, 4), (2, 3), (2, 5), (3, 2), (3, 3), (3, 4), (4, 2), (4, 4)), (2, 6))",4,4.0,8.0,4,5,1,expanded,False,True,106
"(((1, 4), (2, 2), (2, 3), (2, 5), (3, 3), (3, 4), (4, 3), (5, 5)), (2, 6))","(((1, 4), (2, 2), (2, 3), (2, 5), (3, 3), (3, 4), (4, 3), (4, 5)), (2, 6))",5,5,10.0,5,,,pruned,,,107
"(((1, 4), (2, 2), (2, 3), (2, 5), (3, 3), (3, 4), (4, 3), (4, 6)), (2, 6))","(((1, 4), (2, 2), (2, 3), (2, 5), (3, 3), (3, 4), (4, 3), (4, 5)), (2, 6))",5,5,10.0,5,,,pruned,,,108
"(((1, 4), (2, 2), (2, 3), (2, 5), (3, 3), (3, 4), (4, 3), (4, 5)), (2, 6))","(((1, 4), (2, 3), (2, 5), (3, 2), (3, 3), (3, 4), (4, 3), (4, 5)), (2, 6))",4,4.0,8.0,4,10,2,expanded,False,True,109
"(((1, 4), (1, 5), (2, 3), (3, 2), (3, 3), (3, 4), (4, 3), (5, 5)), (2, 4))","(((1, 4), (1, 5), (2, 3), (3, 2), (3, 3), (3, 4), (4, 3), (4, 5)), (2, 4))",5,5,10.0,5,,,pruned,,,110
"(((1, 4), (1, 5), (2, 3), (3, 2), (3, 3), (3, 4), (4, 3), (4, 6)), (2, 4))","(((1, 4), (1, 5), (2, 3), (3, 2), (3, 3), (3, 4), (4, 3), (4, 5)), (2, 4))",5,5,10.0,5,,,pruned,,,111
"(((1, 4), (1, 5), (2, 3), (3, 2), (3, 3), (3, 4), (4, 3), (4, 5)), (2, 4))","(((1, 4), (2, 3), (2, 5), (3, 2), (3, 3), (3, 4), (4, 3), (4, 5)), (2, 6))",4,4.0,8.0,4,10,2,expanded,False,True,112
"(((1, 4), (2, 2), (2, 3), (2, 5), (3, 4), (3, 5), (4, 3), (4, 6)), (3, 1))","(((1, 4), (2, 2), (2, 3), (2, 5), (3, 4), (3, 5), (4, 3), (4, 5)), (2, 6))",5,5,10.0,5,,,pruned,,,113
"(((1, 4), (2, 2), (2, 3), (2, 5), (3, 4), (3, 5), (4, 5), (5, 3)), (2, 6))","(((1, 4), (2, 2), (2, 3), (2, 5), (3, 4), (3, 5), (4, 3), (4, 5)), (2, 6))",5,5,10.0,5,,,pruned,,,114
"(((1, 4), (2, 2), (2, 3), (2, 5), (3, 4), (3, 5), (4, 3), (4, 5)), (2, 6))","(((1, 4), (2, 2), (2, 3), (2, 5), (3, 3), (3, 5), (4, 3), (4, 5)), (2, 4))",4,4.0,8.0,4,10,2,expanded,False,True,115
"(((2, 2), (2, 3), (2, 4), (2, 5), (3, 4), (3, 5), (4, 4), (5, 3)), (3, 1))","(((2, 2), (2, 3), (2, 4), (2, 5), (3, 4), (3, 5), (4, 3), (4, 4)), (2, 6))",5,5,10.0,5,,,pruned,,,116
"(((2, 2), (2, 3), (2, 4), (2, 5), (3, 4), (3, 5), (4, 3), (4, 4)), (2, 6))","(((2, 2), (2, 3), (2, 4), (2, 5), (3, 3), (3, 5), (4, 3), (4, 4)), (2, 6))",4,4.0,8.0,4,4,1,expanded,False,True,117
"(((2, 2), (2, 3), (2, 4), (2, 5), (3, 3), (3, 4), (4, 3), (4, 4)), (2, 6))","(((2, 2), (2, 3), (2, 4), (2, 5), (3, 3), (3, 5), (4, 3), (4, 4)), (2, 6))",4,4.0,8.0,4,2,0,expanded,False,True,118
"(((1, 5), (2, 3), (2, 4), (3, 2), (3, 3), (3, 4), (4, 3), (4, 4)), (2, 5))","(((2, 3), (2, 4), (2, 5), (3, 2), (3, 3), (3, 4), (4, 3), (4, 4)), (2, 6))",4,4.0,8.0,4,1,0,expanded,False,True,119
"(((1, 3), (2, 2), (2, 4), (2, 5), (3, 4), (3, 5), (4, 3), (4, 6)), (2, 3))","(((1, 3), (2, 2), (2, 4), (2, 5), (3, 4), (3, 5), (4, 3), (4, 5)), (2, 3))",5,5,10.0,5,,,pruned,,,120
"(((1, 3), (2, 2), (2, 4), (2, 5), (3, 4), (3, 5), (4, 5), (5, 3)), (2, 3))","(((1, 3), (2, 2), (2, 4), (2, 5), (3, 4), (3, 5), (4, 3), (4, 5)), (2, 3))",5,5,10.0,5,,,pruned,,,121
"(((1, 3), (2, 2), (2, 4), (2, 5), (3, 4), (3, 5), (4, 3), (4, 5)), (2, 3))","(((2, 2), (2, 3), (2, 4), (2, 5), (3, 4), (3, 5), (4, 3), (4, 5)), (2, 6))",4,4.0,8.0,4,7,2,expanded,False,True,122
"(((1, 5), (2, 2), (2, 3), (2, 4), (3, 3), (3, 4), (4, 3), (5, 5)), (2, 5))","(((1, 5), (2, 2), (2, 3), (2, 4), (3, 3), (3, 4), (4, 3), (4, 5)), (2, 5))",5,5,10.0,5,,,pruned,,,123
"(((1, 5), (2, 2), (2, 3), (2, 4), (3, 3), (3, 4), (4, 3), (4, 6)), (2, 5))","(((1, 5), (2, 2), (2, 3), (2, 4), (3, 3), (3, 4), (4, 3), (4, 5)), (2, 5))",5,5,10.0,5,,,pruned,,,124
"(((1, 5), (2, 2), (2, 3), (2, 4), (3, 3), (3, 4), (4, 3), (4, 5)), (2, 5))","(((2, 2), (2, 3), (2, 4), (2, 5), (3, 3), (3, 4), (4, 3), (4, 5)), (2, 6))",4,4.0,8.0,4,7,2,expanded,False,True,125
"(((1, 4), (2, 2), (2, 5), (3, 2), (3, 3), (3, 4), (4, 3), (4, 4)), (2, 6))","(((1, 4), (2, 2), (2, 5), (3, 2), (3, 3), (3, 4), (4, 2), (4, 4)), (2, 6))",5,3.0,8.0,5,2,0,expanded,False,True,126
"(((1, 4), (1, 5), (2, 2), (3, 2), (3, 3), (3, 4), (4, 1), (4, 4)), (1, 2))","(((1, 4), (1, 5), (2, 2), (3, 2), (3, 3), (3, 4), (4, 2), (4, 4)), (1, 2))",6,4,10.0,6,,,pruned,,,127
"(((1, 4), (1, 5), (2, 2), (3, 2), (3, 3), (3, 4), (4, 2), (4, 4)), (1, 2))","(((1, 4), (2, 2), (2, 5), (3, 2), (3, 3), (3, 4), (4, 2), (4, 4)), (2, 6))",5,3.0,8.0,5,6,1,expanded,False,True,128
"(((1, 4), (2, 2), (2, 5), (3, 2), (3, 4), (4, 2), (4, 3), (4, 4)), (2, 6))","(((1, 4), (2, 2), (2, 5), (3, 2), (3, 5), (4, 2), (4, 3), (4, 4)), (2, 6))",5,3.0,8.0,5,5,0,expanded,False,True,129
"(((1, 4), (1, 5), (2, 2), (3, 2), (3, 4), (4, 2), (4, 3), (5, 5)), (1, 2))","(((1, 4), (1, 5), (2, 2), (3, 2), (3, 4), (4, 2), (4, 3), (4, 5)), (1, 2))",6,4,10.0,6,,,pruned,,,130
"(((1, 4), (1, 5), (2, 2), (3, 2), (3, 4), (4, 2), (4, 3), (4, 6)), (1, 2))","(((1, 4), (1, 5), (2, 2), (3, 2), (3, 4), (4, 2), (4, 3), (4, 5)), (1, 2))",6,4,10.0,6,,,pruned,,,131
"(((1, 4), (1, 5), (2, 2), (3, 2), (3, 4), (4, 2), (4, 5), (5, 3)), (1, 2))","(((1, 4), (1, 5), (2, 2), (3, 2), (3, 4), (4, 2), (4, 3), (4, 5)), (1, 2))",6,4,10.0,6,,,pruned,,,132
"(((1, 4), (1, 5), (2, 2), (3, 1), (3, 4), (4, 2), (4, 3), (4, 5)), (1, 2))","(((1, 4), (1, 5), (2, 2), (3, 2), (3, 4), (4, 2), (4, 3), (4, 5)), (1, 2))",6,4,10.0,6,,,pruned,,,133
"(((1, 4), (1, 5), (2, 2), (3, 2), (3, 4), (4, 2), (4, 3), (4, 5)), (1, 2))","(((1, 4), (2, 2), (2, 5), (3, 2), (3, 4), (4, 2), (4, 3), (4, 5)), (2, 6))",5,3.0,8.0,5,12,4,expanded,False,True,134
"(((1, 4), (1, 5), (2, 2), (3, 2), (3, 3), (3, 4), (4, 3), (5, 5)), (1, 2))","(((1, 4), (1, 5), (2, 2), (3, 2), (3, 3), (3, 4), (4, 3), (4, 5)), (1, 2))",6,4,10.0,6,,,pruned,,,135
"(((1, 4), (1, 5), (2, 2), (3, 2), (3, 3), (3, 4), (4, 3), (4, 6)), (1, 2))","(((1, 4), (1, 5), (2, 2), (3, 2), (3, 3), (3, 4), (4, 3), (4, 5)), (1, 2))",6,4,10.0,6,,,pruned,,,136
"(((1, 4), (1, 5), (2, 2), (3, 2), (3, 3), (3, 4), (4, 3), (4, 5)), (1, 2))","(((1, 4), (2, 2), (2, 5), (3, 2), (3, 3), (3, 4), (4, 3), (4, 5)), (2, 6))",5,3.0,8.0,5,8,2,expanded,False,True,137
"(((1, 4), (2, 2), (2, 3), (2, 5), (3, 4), (3, 5), (4, 4), (5, 3)), (3, 1))","(((1, 4), (2, 2), (2, 3), (2, 5), (3, 4), (3, 5), (4, 3), (4, 4)), (2, 6))",6,4,10.0,6,,,pruned,,,138
"(((1, 4), (2, 2), (2, 3), (2, 5), (3, 4), (3, 5), (4, 3), (4, 4)), (2, 6))","(((1, 4), (2, 2), (2, 3), (2, 5), (3, 3), (3, 5), (4, 3), (4, 4)), (2, 6))",5,3.0,8.0,5,5,1,expanded,False,True,139
"(((1, 4), (2, 2), (2, 3), (2, 5), (3, 3), (3, 4), (4, 3), (4, 4)), (2, 6))","(((1, 4), (2, 2), (2, 3), (2, 5), (3, 3), (3, 5), (4, 3), (4, 4)), (2, 6))",5,3.0,8.0,5,3,0,expanded,False,True,140
"(((1, 4), (1, 5), (2, 3), (3, 2), (3, 3), (3, 4), (4, 3), (4, 4)), (2, 4))","(((1, 4), (2, 3), (2, 5), (3, 2), (3, 3), (3, 4), (4, 3), (4, 4)), (2, 6))",5,3.0,8.0,5,2,0,expanded,False,True,141
"(((1, 4), (1, 5), (2, 2), (2, 3), (3, 3), (3, 4), (4, 3), (5, 5)), (2, 4))","(((1, 4), (1, 5), (2, 2), (2, 3), (3, 3), (3, 4), (4, 3), (4, 5)), (2, 4))",6,4,10.0,6,,,pruned,,,142
"(((1, 4), (1, 5), (2, 2), (2, 3), (3, 3), (3, 4), (4, 3), (4, 6)), (2, 4))","(((1, 4), (1, 5), (2, 2), (2, 3), (3, 3), (3, 4), (4, 3), (4, 5)), (2, 4))",6,4,10.0,6,,,pruned,,,143
"(((1, 4), (1, 5), (2, 2), (2, 3), (3, 3), (3, 4), (4, 3), (4, 5)), (2, 4))","(((1, 4), (2, 2), (2, 3), (2, 5), (3, 3), (3, 4), (4, 3), (4, 5)), (2, 6))",5,3.0,8.0,5,9,2,expanded,False,True,144
"(((1, 3), (1, 4), (2, 2), (2, 5), (3, 4), (3, 5), (4, 3), (4, 6)), (2, 3))","(((1, 3), (1, 4), (2, 2), (2, 5), (3, 4), (3, 5), (4, 3), (4, 5)), (2, 3))",6,4,10.0,6,,,pruned,,,145
"(((1, 3), (1, 4), (2, 2), (2, 5), (3, 4), (3, 5), (4, 5), (5, 3)), (2, 3))","(((1, 3), (1, 4), (2, 2), (2, 5), (3, 4), (3, 5), (4, 3), (4, 5)), (2, 3))",6,4,10.0,6,,,pruned,,,146
"(((1, 3), (1, 4), (2, 2), (2, 6), (3, 4), (3, 5), (4, 3), (4, 5)), (1, 5))","(((1, 3), (1, 4), (2, 2), (2, 5), (3, 4), (3, 5), (4, 3), (4, 5)), (2, 3))",6,4,10.0,6,,,pruned,,,147
"(((1, 3), (1, 4), (2, 2), (2, 5), (3, 4), (3, 5), (4, 3), (4, 5)), (2, 3))","(((1, 4), (2, 2), (2, 3), (2, 5), (3, 4), (3, 5), (4, 3), (4, 5)), (2, 6))",5,3.0,8.0,5,11,3,expanded,False,True,148
"(((1, 3), (2, 2), (2, 4), (2, 5), (3, 4), (3, 5), (4, 4), (5, 3)), (2, 3))","(((1, 3), (2, 2), (2, 4), (2, 5), (3, 4), (3, 5), (4, 3), (4, 4)), (2, 3))",6,4,10.0,6,,,pruned,,,149
"(((1, 3), (2, 2), (2, 4), (2, 5), (3, 4), (3, 5), (4, 3), (4, 4)), (2, 3))","(((2, 2), (2, 3), (2, 4), (2, 5), (3, 4), (3, 5), (4, 3), (4, 4)), (2, 6))",5,3.0,8.0,5,3,1,expanded,False,True,150
"(((1, 5), (2, 2), (2, 3), (2, 4), (3, 3), (3, 4), (4, 3), (4, 4)), (2, 5))","(((2, 2), (2, 3), (2, 4), (2, 5), (3, 3), (3, 4), (4, 3), (4, 4)), (2, 6))",5,3.0,8.0,5,1,0,expanded,False,True,151
"(((1, 4), (1, 5), (2, 2), (3, 2), (3, 3), (3, 4), (4, 3), (4, 4)), (1, 2))","(((1, 4), (2, 2), (2, 5), (3, 2), (3, 3), (3, 4), (4, 3), (4, 4)), (2, 6))",6,2.0,8.0,6,0,0,expanded,False,True,152
"(((1, 4), (1, 5), (2, 2), (3, 2), (3, 4), (4, 2), (4, 4), (5, 3)), (1, 2))","(((1, 4), (1, 5), (2, 2), (3, 2), (3, 4), (4, 2), (4, 3), (4, 4)), (1, 2))",7,3,10.0,7,,,pruned,,,153
"(((1, 4), (1, 5), (2, 2), (3, 1), (3, 4), (4, 2), (4, 3), (4, 4)), (1, 2))","(((1, 4), (1, 5), (2, 2), (3, 2), (3, 4), (4, 2), (4, 3), (4, 4)), (1, 2))",7,3,10.0,7,,,pruned,,,154
"(((1, 4), (1, 5), (2, 2), (3, 2), (3, 4), (4, 2), (4, 3), (4, 4)), (1, 2))","(((1, 4), (1, 5), (2, 2), (3, 2), (3, 3), (3, 4), (4, 2), (4, 4)), (1, 2))",6,2.0,8.0,6,6,2,expanded,False,True,155
"(((1, 3), (1, 4), (2, 2), (2, 5), (3, 4), (3, 5), (4, 4), (5, 3)), (2, 3))","(((1, 3), (1, 4), (2, 2), (2, 5), (3, 4), (3, 5), (4, 3), (4, 4)), (2, 3))",7,3,10.0,7,,,pruned,,,156
"(((1, 3), (1, 4), (2, 2), (2, 6), (3, 4), (3, 5), (4, 3), (4, 4)), (1, 5))","(((1, 3), (1, 4), (2, 2), (2, 5), (3, 4), (3, 5), (4, 3), (4, 4)), (2, 3))",7,3,10.0,7,,,pruned,,,157
"(((1, 3), (1, 4), (2, 2), (2, 5), (3, 4), (3, 5), (4, 3), (4, 4)), (2, 3))","(((1, 4), (2, 2), (2, 3), (2, 5), (3, 4), (3, 5), (4, 3), (4, 4)), (2, 6))",6,2.0,8.0,6,5,2,expanded,False,True,158
"(((1, 4), (1, 5), (2, 2), (2, 3), (3, 3), (3, 4), (4, 3), (4, 4)), (2, 4))","(((1, 4), (2, 2), (2, 3), (2, 5), (3, 3), (3, 4), (4, 3), (4, 4)), (2, 6))",6,2.0,8.0,6,1,0,expanded,False,True,159
"(((1, 4), (2, 3), (2, 4), (3, 2), (3, 3), (3, 5), (4, 2), (4, 6)), (3, 1))","(((1, 4), (2, 3), (2, 4), (3, 2), (3, 3), (3, 5), (4, 2), (4, 5)), (1, 5))",3,8,11.0,3,,,pruned,,,160
"(((1, 4), (2, 3), (2, 4), (3, 2), (3, 3), (3, 5), (4, 1), (4, 5)), (1, 5))","(((1, 4), (2, 3), (2, 4), (3, 2), (3, 3), (3, 5), (4, 2), (4, 5)), (1, 5))",3,8,11.0,3,,,pruned,,,161
"(((1, 4), (2, 3), (2, 4), (3, 2), (3, 3), (3, 6), (4, 2), (4, 5)), (1, 5))","(((1, 4), (2, 3), (2, 4), (3, 2), (3, 3), (3, 5), (4, 2), (4, 5)), (1, 5))",3,8,11.0,3,,,pruned,,,162
"(((1, 4), (2, 3), (2, 4), (3, 2), (3, 3), (3, 5), (4, 2), (4, 5)), (1, 5))","(((1, 4), (2, 3), (2, 5), (3, 2), (3, 3), (3, 5), (4, 2), (4, 5)), (2, 4))",2,7.0,9.0,2,7,3,expanded,False,True,163
"(((2, 3), (2, 4), (2, 5), (3, 2), (3, 3), (3, 5), (4, 4), (4, 5)), (2, 6))","(((2, 3), (2, 4), (2, 5), (3, 2), (3, 3), (3, 5), (4, 3), (4, 5)), (2, 6))",2,7.0,9.0,2,3,0,expanded,False,True,164
"(((2, 3), (2, 4), (2, 5), (3, 2), (3, 3), (3, 4), (3, 5), (4, 1)), (2, 6))","(((2, 3), (2, 4), (2, 5), (3, 2), (3, 3), (3, 4), (3, 5), (4, 2)), (2, 6))",3,8,11.0,3,,,pruned,,,165
"(((2, 3), (2, 4), (2, 5), (3, 2), (3, 3), (3, 4), (3, 5), (4, 2)), (2, 6))","(((2, 3), (2, 4), (2, 5), (3, 2), (3, 3), (3, 5), (4, 2), (4, 4)), (2, 6))",2,7.0,9.0,2,2,1,expanded,False,True,166
"(((2, 3), (2, 4), (2, 5), (3, 2), (3, 3), (3, 6), (4, 2), (4, 3)), (3, 1))","(((2, 3), (2, 4), (2, 5), (3, 2), (3, 3), (3, 5), (4, 2), (4, 3)), (2, 6))",3,8,11.0,3,,,pruned,,,167
"(((2, 3), (2, 4), (2, 5), (3, 2), (3, 3), (3, 5), (4, 2), (4, 3)), (2, 6))","(((2, 3), (2, 4), (2, 5), (3, 2), (3, 3), (3, 5), (4, 2), (4, 4)), (2, 6))",2,7.0,9.0,2,3,1,expanded,False,True,168
"(((1, 4), (2, 2), (2, 3), (2, 5), (3, 2), (3, 5), (4, 2), (4, 6)), (2, 4))","(((1, 4), (2, 2), (2, 3), (2, 5), (3, 2), (3, 5), (4, 2), (4, 5)), (2, 4))",4,7,11.0,4,,,pruned,,,169
"(((1, 4), (2, 2), (2, 3), (2, 5), (3, 1), (3, 5), (4, 2), (4, 5)), (2, 4))","(((1, 4), (2, 2), (2, 3), (2, 5), (3, 2), (3, 5), (4, 2), (4, 5)), (2, 4))",4,7,11.0,4,,,pruned,,,170
"(((1, 4), (2, 2), (2, 3), (2, 6), (3, 2), (3, 5), (4, 2), (4, 5)), (1, 5))","(((1, 4), (2, 2), (2, 3), (2, 5), (3, 2), (3, 5), (4, 2), (4, 5)), (2, 4))",4,7,11.0,4,,,pruned,,,171
"(((1, 4), (2, 2), (2, 3), (2, 5), (3, 2), (3, 6), (4, 2), (4, 5)), (2, 4))","(((1, 4), (2, 2), (2, 3), (2, 5), (3, 2), (3, 5), (4, 2), (4, 5)), (2, 4))",4,7,11.0,4,,,pruned,,,172
"(((1, 4), (2, 2), (2, 3), (2, 5), (3, 2), (3, 5), (4, 1), (4, 5)), (2, 4))","(((1, 4), (2, 2), (2, 3), (2, 5), (3, 2), (3, 5), (4, 2), (4, 5)), (2, 4))",4,7,11.0,4,,,pruned,,,173
"(((1, 4), (2, 2), (2, 3), (2, 5), (3, 2), (3, 5), (4, 2), (4, 5)), (2, 4))","(((1, 4), (2, 2), (2, 5), (3, 2), (3, 3), (3, 5), (4, 2), (4, 5)), (1, 2))",3,6.0,9.0,3,11,5,expanded,False,True,174
"(((1, 4), (2, 2), (2, 4), (3, 2), (3, 3), (3, 5), (4, 2), (4, 6)), (3, 1))","(((1, 4), (2, 2), (2, 4), (3, 2), (3, 3), (3, 5), (4, 2), (4, 5)), (1, 5))",4,7,11.0,4,,,pruned,,,175
"(((1, 4), (2, 2), (2, 4), (3, 2), (3, 3), (3, 6), (4, 2), (4, 5)), (1, 5))","(((1, 4), (2, 2), (2, 4), (3, 2), (3, 3), (3, 5), (4, 2), (4, 5)), (1, 5))",4,7,11.0,4,,,pruned,,,176
"(((1, 4), (2, 2), (2, 4), (3, 2), (3, 3), (3, 5), (4, 1), (4, 5)), (1, 5))","(((1, 4), (2, 2), (2, 4), (3, 2), (3, 3), (3, 5), (4, 2), (4, 5)), (1, 5))",4,7,11.0,4,,,pruned,,,177
"(((1, 4), (2, 2), (2, 4), (3, 2), (3, 3), (3, 5), (4, 2), (4, 5)), (1, 5))","(((1, 4), (2, 2), (2, 5), (3, 2), (3, 3), (3, 5), (4, 2), (4, 5)), (1, 2))",3,6.0,9.0,3,9,3,expanded,False,True,178
"(((1, 5), (2, 2), (2, 5), (3, 2), (3, 3), (3, 5), (4, 2), (4, 6)), (1, 2))","(((1, 5), (2, 2), (2, 5), (3, 2), (3, 3), (3, 5), (4, 2), (4, 5)), (1, 2))",4,7,11.0,4,,,pruned,,,179
"(((1, 5), (2, 2), (2, 6), (3, 2), (3, 3), (3, 5), (4, 2), (4, 5)), (1, 2))","(((1, 5), (2, 2), (2, 5), (3, 2), (3, 3), (3, 5), (4, 2), (4, 5)), (1, 2))",4,7,11.0,4,,,pruned,,,180
"(((1, 5), (2, 2), (2, 5), (3, 2), (3, 3), (3, 6), (4, 2), (4, 5)), (1, 2))","(((1, 5), (2, 2), (2, 5), (3, 2), (3, 3), (3, 5), (4, 2), (4, 5)), (1, 2))",4,7,11.0,4,,,pruned,,,181
"(((1, 5), (2, 2), (2, 5), (3, 2), (3, 3), (3, 5), (4, 1), (4, 5)), (1, 2))","(((1, 5), (2, 2), (2, 5), (3, 2), (3, 3), (3, 5), (4, 2), (4, 5)), (1, 2))",4,7,11.0,4,,,pruned,,,182
"(((1, 5), (2, 2), (2, 5), (3, 2), (3, 3), (3, 5), (4, 2), (4, 5)), (1, 2))","(((1, 4), (2, 2), (2, 5), (3, 2), (3, 3), (3, 5), (4, 2), (4, 5)), (1, 2))",3,6.0,9.0,3,10,4,expanded,False,True,183
"(((1, 4), (2, 3), (2, 5), (3, 2), (3, 3), (3, 4), (3, 5), (4, 1)), (2, 6))","(((1, 4), (2, 3), (2, 5), (3, 2), (3, 3), (3, 4), (3, 5), (4, 2)), (2, 6))",4,7,11.0,4,,,pruned,,,184
"(((1, 4), (2, 3), (2, 5), (3, 2), (3, 3), (3, 4), (3, 5), (4, 2)), (2, 6))","(((1, 4), (2, 3), (2, 5), (3, 2), (3, 3), (3, 5), (4, 2), (4, 4)), (2, 6))",3,6.0,9.0,3,4,1,expanded,False,True,185
"(((1, 4), (2, 3), (2, 6), (3, 2), (3, 3), (3, 5), (4, 2), (4, 3)), (1, 5))","(((1, 4), (2, 3), (2, 5), (3, 2), (3, 3), (3, 5), (4, 2), (4, 3)), (2, 4))",4,7,11.0,4,,,pruned,,,186
"(((1, 4), (2, 3), (2, 5), (3, 2), (3, 3), (3, 6), (4, 2), (4, 3)), (2, 4))","(((1, 4), (2, 3), (2, 5), (3, 2), (3, 3), (3, 5), (4, 2), (4, 3)), (2, 4))",4,7,11.0,4,,,pruned,,,187
"(((1, 4), (2, 3), (2, 5), (3, 2), (3, 3), (3, 5), (4, 2), (4, 3)), (2, 4))","(((1, 4), (2, 3), (2, 5), (3, 2), (3, 3), (3, 5), (4, 2), (4, 4)), (2, 6))",3,6.0,9.0,3,5,2,expanded,False,True,188
"(((1, 4), (2, 3), (2, 4), (3, 2), (3, 3), (3, 5), (4, 1), (4, 4)), (1, 5))","(((1, 4), (2, 3), (2, 4), (3, 2), (3, 3), (3, 5), (4, 2), (4, 4)), (1, 5))",4,7,11.0,4,,,pruned,,,189
"(((1, 4), (2, 3), (2, 4), (3, 2), (3, 3), (3, 5), (4, 2), (4, 4)), (1, 5))","(((1, 4), (2, 3), (2, 5), (3, 2), (3, 3), (3, 5), (4, 2), (4, 4)), (2, 6))",3,6.0,9.0,3,9,1,expanded,False,True,190
"(((1, 4), (2, 3), (2, 4), (3, 2), (3, 3), (3, 4), (4, 2), (5, 5)), (1, 5))","(((1, 4), (2, 3), (2, 4), (3, 2), (3, 3), (3, 4), (4, 2), (4, 5)), (1, 5))",4,7,11.0,4,,,pruned,,,191
"(((1, 4), (2, 3), (2, 4), (3, 2), (3, 3), (3, 4), (4, 2), (4, 6)), (1, 5))","(((1, 4), (2, 3), (2, 4), (3, 2), (3, 3), (3, 4), (4, 2), (4, 5)), (1, 5))",4,7,11.0,4,,,pruned,,,192
"(((1, 4), (2, 3), (2, 4), (3, 2), (3, 3), (3, 4), (4, 1), (4, 5)), (1, 5))","(((1, 4), (2, 3), (2, 4), (3, 2), (3, 3), (3, 4), (4, 2), (4, 5)), (1, 5))",4,7,11.0,4,,,pruned,,,193
"(((1, 4), (2, 3), (2, 4), (3, 2), (3, 3), (3, 4), (4, 2), (4, 5)), (1, 5))","(((1, 4), (2, 3), (2, 5), (3, 2), (3, 3), (3, 4), (4, 2), (4, 5)), (2, 6))",3,6.0,9.0,3,7,3,expanded,False,True,194
"(((1, 4), (2, 3), (2, 5), (3, 2), (3, 3), (3, 5), (4, 4), (4, 5)), (2, 6))","(((1, 4), (2, 3), (2, 5), (3, 2), (3, 3), (3, 5), (4, 3), (4, 5)), (2, 4))",3,6.0,9.0,3,4,0,expanded,False,True,195
"(((1, 4), (2, 3), (2, 4), (3, 2), (3, 3), (3, 5), (4, 3), (4, 6)), (3, 1))","(((1, 4), (2, 3), (2, 4), (3, 2), (3, 3), (3, 5), (4, 3), (4, 5)), (1, 5))",4,7,11.0,4,,,pruned,,,196
"(((1, 4), (2, 3), (2, 4), (3, 2), (3, 3), (3, 6), (4, 3), (4, 5)), (1, 5))","(((1, 4), (2, 3), (2, 4), (3, 2), (3, 3), (3, 5), (4, 3), (4, 5)), (1, 5))",4,7,11.0,4,,,pruned,,,197
"(((1, 4), (2, 3), (2, 4), (3, 2), (3, 3), (3, 5), (4, 3), (4, 5)), (1, 5))","(((1, 4), (2, 3), (2, 5), (3, 2), (3, 3), (3, 5), (4, 3), (4, 5)), (2, 4))",3,6.0,9.0,3,8,2,expanded,False,True,198
"(((2, 3), (2, 4), (2, 5), (3, 2), (3, 3), (3, 4), (3, 5), (4, 3)), (2, 6))","(((2, 3), (2, 4), (2, 5), (3, 2), (3, 3), (3, 5), (4, 3), (4, 4)), (2, 6))",3,6.0,9.0,3,3,0,expanded,False,True,199
"(((2, 2), (2, 3), (2, 4), (2, 5), (3, 2), (3, 5), (4, 3), (4, 6)), (3, 1))","(((2, 2), (2, 3), (2, 4), (2, 5), (3, 2), (3, 5), (4, 3), (4, 5)), (2, 6))",4,7,11.0,4,,,pruned,,,200
"(((2, 2), (2, 3), (2, 4), (2, 5), (3, 2), (3, 5), (4, 5), (5, 3)), (2, 6))","(((2, 2), (2, 3), (2, 4), (2, 5), (3, 2), (3, 5), (4, 3), (4, 5)), (2, 6))",4,7,11.0,4,,,pruned,,,201
"(((2, 2), (2, 3), (2, 4), (2, 5), (3, 1), (3, 5), (4, 3), (4, 5)), (2, 6))","(((2, 2), (2, 3), (2, 4), (2, 5), (3, 2), (3, 5), (4, 3), (4, 5)), (2, 6))",4,7,11.0,4,,,pruned,,,202
"(((2, 2), (2, 3), (2, 4), (2, 5), (3, 2), (3, 6), (4, 3), (4, 5)), (3, 1))","(((2, 2), (2, 3), (2, 4), (2, 5), (3, 2), (3, 5), (4, 3), (4, 5)), (2, 6))",4,7,11.0,4,,,pruned,,,203
"(((2, 2), (2, 3), (2, 4), (2, 5), (3, 2), (3, 5), (4, 3), (4, 5)), (2, 6))","(((2, 2), (2, 3), (2, 4), (2, 5), (3, 3), (3, 5), (4, 3), (4, 5)), (2, 6))",3,6.0,9.0,3,12,4,expanded,False,True,204
"(((1, 2), (2, 3), (2, 4), (2, 5), (3, 3), (3, 5), (4, 3), (4, 6)), (2, 2))","(((1, 2), (2, 3), (2, 4), (2, 5), (3, 3), (3, 5), (4, 3), (4, 5)), (2, 2))",4,7,11.0,4,,,pruned,,,205
"(((1, 2), (2, 3), (2, 4), (2, 5), (3, 3), (3, 6), (4, 3), (4, 5)), (2, 2))","(((1, 2), (2, 3), (2, 4), (2, 5), (3, 3), (3, 5), (4, 3), (4, 5)), (2, 2))",4,7,11.0,4,,,pruned,,,206
"(((1, 2), (2, 3), (2, 4), (2, 5), (3, 3), (3, 5), (4, 3), (4, 5)), (2, 2))","(((2, 2), (2, 3), (2, 4), (2, 5), (3, 3), (3, 5), (4, 3), (4, 5)), (2, 6))",3,6.0,9.0,3,9,2,expanded,False,True,207
"(((2, 2), (2, 3), (2, 4), (2, 5), (3, 3), (3, 5), (4, 4), (4, 5)), (2, 6))","(((2, 2), (2, 3), (2, 4), (2, 5), (3, 3), (3, 5), (4, 3), (4, 5)), (2, 6))",3,6.0,9.0,3,4,0,expanded,False,True,208
"(((2, 3), (2, 4), (2, 5), (3, 2), (3, 3), (3, 4), (4, 4), (5, 5)), (2, 6))","(((2, 3), (2, 4), (2, 5), (3, 2), (3, 3), (3, 4), (4, 4), (4, 5)), (2, 6))",4,7,11.0,4,,,pruned,,,209
"(((2, 3), (2, 4), (2, 5), (3, 2), (3, 3), (3, 4), (4, 4), (4, 5)), (2, 6))","(((2, 3), (2, 4), (2, 5), (3, 2), (3, 3), (3, 4), (4, 3), (4, 5)), (2, 6))",3,6.0,9.0,3,4,1,expanded,False,True,210
"(((2, 3), (2, 4), (2, 5), (3, 2), (3, 3), (3, 4), (4, 2), (4, 3)), (2, 6))","(((2, 3), (2, 4), (2, 5), (3, 2), (3, 3), (3, 4), (4, 2), (4, 4)), (2, 6))",3,6.0,9.0,3,1,0,expanded,False,True,211
"(((1, 5), (2, 3), (2, 4), (3, 2), (3, 3), (3, 4), (3, 5), (4, 1)), (2, 5))","(((1, 5), (2, 3), (2, 4), (3, 2), (3, 3), (3, 4), (3, 5), (4, 2)), (2, 5))",4,7,11.0,4,,,pruned,,,212
"(((1, 5), (2, 3), (2, 4), (3, 2), (3, 3), (3, 4), (3, 5), (4, 2)), (2, 5))","(((1, 5), (2, 3), (2, 4), (3, 2), (3, 3), (3, 4), (4, 2), (4, 5)), (2, 5))",3,6.0,9.0,3,4,1,expanded,False,True,213
"(((1, 4), (2, 2), (2, 5), (3, 2), (3, 3), (3, 4), (3, 5), (4, 1)), (2, 6))","(((1, 4), (2, 2), (2, 5), (3, 2), (3, 3), (3, 4), (3, 5), (4, 2)), (2, 6))",5,6,11.0,5,,,pruned,,,214
"(((1, 4), (2, 2), (2, 5), (3, 2), (3, 3), (3, 4), (3, 5), (4, 2)), (2, 6))","(((1, 4), (2, 2), (2, 5), (3, 2), (3, 3), (3, 5), (4, 2), (4, 4)), (2, 6))",4,5.0,9.0,4,5,1,expanded,False,True,215
"(((1, 4), (2, 2), (2, 6), (3, 2), (3, 3), (3, 5), (4, 2), (4, 3)), (1, 2))","(((1, 4), (2, 2), (2, 5), (3, 2), (3, 3), (3, 5), (4, 2), (4, 3)), (1, 2))",5,6,11.0,5,,,pruned,,,216
"(((1, 4), (2, 2), (2, 5), (3, 2), (3, 3), (3, 6), (4, 2), (4, 3)), (1, 2))","(((1, 4), (2, 2), (2, 5), (3, 2), (3, 3), (3, 5), (4, 2), (4, 3)), (1, 2))",5,6,11.0,5,,,pruned,,,217
"(((1, 4), (2, 2), (2, 5), (3, 2), (3, 3), (3, 5), (4, 2), (4, 3)), (1, 2))","(((1, 4), (2, 2), (2, 5), (3, 2), (3, 3), (3, 5), (4, 2), (4, 4)), (2, 6))",4,5.0,9.0,4,5,2,expanded,False,True,218
"(((1, 4), (2, 2), (2, 3), (2, 5), (3, 2), (3, 5), (4, 2), (5, 4)), (2, 4))","(((1, 4), (2, 2), (2, 3), (2, 5), (3, 2), (3, 5), (4, 2), (4, 4)), (2, 4))",5,6,11.0,5,,,pruned,,,219
"(((1, 4), (2, 2), (2, 3), (2, 5), (3, 2), (3, 5), (4, 1), (4, 4)), (2, 4))","(((1, 4), (2, 2), (2, 3), (2, 5), (3, 2), (3, 5), (4, 2), (4, 4)), (2, 4))",5,6,11.0,5,,,pruned,,,220
"(((1, 4), (2, 2), (2, 3), (2, 5), (3, 1), (3, 5), (4, 2), (4, 4)), (2, 4))","(((1, 4), (2, 2), (2, 3), (2, 5), (3, 2), (3, 5), (4, 2), (4, 4)), (2, 4))",5,6,11.0,5,,,pruned,,,221
"(((1, 4), (2, 2), (2, 3), (2, 6), (3, 2), (3, 5), (4, 2), (4, 4)), (1, 5))","(((1, 4), (2, 2), (2, 3), (2, 5), (3, 2), (3, 5), (4, 2), (4, 4)), (2, 4))",5,6,11.0,5,,,pruned,,,222
"(((1, 4), (2, 2), (2, 3), (2, 5), (3, 2), (3, 6), (4, 2), (4, 4)), (2, 4))","(((1, 4), (2, 2), (2, 3), (2, 5), (3, 2), (3, 5), (4, 2), (4, 4)), (2, 4))",5,6,11.0,5,,,pruned,,,223
"(((1, 4), (2, 2), (2, 3), (2, 5), (3, 2), (3, 5), (4, 2), (4, 4)), (2, 4))","(((1, 4), (2, 2), (2, 5), (3, 2), (3, 3), (3, 5), (4, 2), (4, 4)), (2, 6))",4,5.0,9.0,4,13,5,expanded,False,True,224
"(((1, 4), (2, 2), (2, 4), (3, 2), (3, 3), (3, 5), (4, 1), (4, 4)), (1, 5))","(((1, 4), (2, 2), (2, 4), (3, 2), (3, 3), (3, 5), (4, 2), (4, 4)), (1, 5))",5,6,11.0,5,,,pruned,,,225
"(((1, 4), (2, 2), (2, 4), (3, 2), (3, 3), (3, 5), (4, 2), (4, 4)), (1, 5))","(((1, 4), (2, 2), (2, 5), (3, 2), (3, 3), (3, 5), (4, 2), (4, 4)), (2, 6))",4,5.0,9.0,4,11,1,expanded,False,True,226
"(((1, 5), (2, 2), (2, 5), (3, 2), (3, 5), (4, 2), (4, 3), (4, 6)), (1, 2))","(((1, 5), (2, 2), (2, 5), (3, 2), (3, 5), (4, 2), (4, 3), (4, 5)), (1, 2))",5,6,11.0,5,,,pruned,,,227
"(((1, 5), (2, 2), (2, 5), (3, 2), (3, 5), (4, 2), (4, 5), (5, 3)), (1, 2))","(((1, 5), (2, 2), (2, 5), (3, 2), (3, 5), (4, 2), (4, 3), (4, 5)), (1, 2))",5,6,11.0,5,,,pruned,,,228
"(((1, 5), (2, 2), (2, 5), (3, 1), (3, 5), (4, 2), (4, 3), (4, 5)), (1, 2))","(((1, 5), (2, 2), (2, 5), (3, 2), (3, 5), (4, 2), (4, 3), (4, 5)), (1, 2))",5,6,11.0,5,,,pruned,,,229
"(((1, 5), (2, 2), (2, 6), (3, 2), (3, 5), (4, 2), (4, 3), (4, 5)), (1, 2))","(((1, 5), (2, 2), (2, 5), (3, 2), (3, 5), (4, 2), (4, 3), (4, 5)), (1, 2))",5,6,11.0,5,,,pruned,,,230
"(((1, 5), (2, 2), (2, 5), (3, 2), (3, 6), (4, 2), (4, 3), (4, 5)), (1, 2))","(((1, 5), (2, 2), (2, 5), (3, 2), (3, 5), (4, 2), (4, 3), (4, 5)), (1, 2))",5,6,11.0,5,,,pruned,,,231
"(((1, 5), (2, 2), (2, 5), (3, 2), (3, 5), (4, 2), (4, 3), (4, 5)), (1, 2))","(((1, 4), (2, 2), (2, 5), (3, 2), (3, 5), (4, 2), (4, 3), (4, 5)), (1, 2))",4,5.0,9.0,4,10,5,expanded,False,True,232
"(((1, 4), (2, 2), (2, 5), (3, 3), (3, 5), (4, 2), (4, 3), (4, 6)), (1, 2))","(((1, 4), (2, 2), (2, 5), (3, 3), (3, 5), (4, 2), (4, 3), (4, 5)), (1, 2))",5,6,11.0,5,,,pruned,,,233
"(((1, 4), (2, 2), (2, 5), (3, 3), (3, 5), (4, 3), (4, 5), (5, 2)), (3, 1))","(((1, 4), (2, 2), (2, 5), (3, 3), (3, 5), (4, 2), (4, 3), (4, 5)), (1, 2))",5,6,11.0,5,,,pruned,,,234
"(((1, 4), (2, 2), (2, 6), (3, 3), (3, 5), (4, 2), (4, 3), (4, 5)), (1, 2))","(((1, 4), (2, 2), (2, 5), (3, 3), (3, 5), (4, 2), (4, 3), (4, 5)), (1, 2))",5,6,11.0,5,,,pruned,,,235
"(((1, 4), (2, 2), (2, 5), (3, 3), (3, 6), (4, 2), (4, 3), (4, 5)), (1, 2))","(((1, 4), (2, 2), (2, 5), (3, 3), (3, 5), (4, 2), (4, 3), (4, 5)), (1, 2))",5,6,11.0,5,,,pruned,,,236
"(((1, 4), (2, 2), (2, 5), (3, 3), (3, 5), (4, 2), (4, 3), (4, 5)), (1, 2))","(((1, 4), (2, 2), (2, 5), (3, 2), (3, 5), (4, 2), (4, 3), (4, 5)), (1, 2))",4,5.0,9.0,4,13,4,expanded,False,True,237
"(((1, 4), (2, 2), (2, 4), (3, 2), (3, 5), (4, 2), (4, 3), (4, 6)), (1, 2))","(((1, 4), (2, 2), (2, 4), (3, 2), (3, 5), (4, 2), (4, 3), (4, 5)), (1, 2))",5,6,11.0,5,,,pruned,,,238
"(((1, 4), (2, 2), (2, 4), (3, 2), (3, 5), (4, 2), (4, 5), (5, 3)), (1, 2))","(((1, 4), (2, 2), (2, 4), (3, 2), (3, 5), (4, 2), (4, 3), (4, 5)), (1, 2))",5,6,11.0,5,,,pruned,,,239
"(((1, 4), (2, 2), (2, 4), (3, 1), (3, 5), (4, 2), (4, 3), (4, 5)), (1, 2))","(((1, 4), (2, 2), (2, 4), (3, 2), (3, 5), (4, 2), (4, 3), (4, 5)), (1, 2))",5,6,11.0,5,,,pruned,,,240
"(((1, 4), (2, 2), (2, 4), (3, 2), (3, 6), (4, 2), (4, 3), (4, 5)), (1, 2))","(((1, 4), (2, 2), (2, 4), (3, 2), (3, 5), (4, 2), (4, 3), (4, 5)), (1, 2))",5,6,11.0,5,,,pruned,,,241
"(((1, 4), (2, 2), (2, 4), (3, 2), (3, 5), (4, 2), (4, 3), (4, 5)), (1, 2))","(((1, 4), (2, 2), (2, 5), (3, 2), (3, 5), (4, 2), (4, 3), (4, 5)), (1, 2))",4,5.0,9.0,4,12,4,expanded,False,True,242
"(((1, 4), (2, 2), (2, 5), (3, 2), (3, 3), (3, 5), (4, 4), (4, 5)), (2, 6))","(((1, 4), (2, 2), (2, 5), (3, 2), (3, 3), (3, 5), (4, 3), (4, 5)), (1, 2))",4,5.0,9.0,4,4,0,expanded,False,True,243
"(((1, 4), (2, 2), (2, 4), (3, 2), (3, 3), (3, 5), (4, 3), (4, 6)), (3, 1))","(((1, 4), (2, 2), (2, 4), (3, 2), (3, 3), (3, 5), (4, 3), (4, 5)), (1, 5))",5,6,11.0,5,,,pruned,,,244
"(((1, 4), (2, 2), (2, 4), (3, 2), (3, 3), (3, 6), (4, 3), (4, 5)), (1, 5))","(((1, 4), (2, 2), (2, 4), (3, 2), (3, 3), (3, 5), (4, 3), (4, 5)), (1, 5))",5,6,11.0,5,,,pruned,,,245
"(((1, 4), (2, 2), (2, 4), (3, 2), (3, 3), (3, 5), (4, 3), (4, 5)), (1, 5))","(((1, 4), (2, 2), (2, 5), (3, 2), (3, 3), (3, 5), (4, 3), (4, 5)), (1, 2))",4,5.0,9.0,4,8,2,expanded,False,True,246
"(((1, 5), (2, 2), (2, 5), (3, 2), (3, 3), (3, 5), (4, 3), (4, 6)), (1, 2))","(((1, 5), (2, 2), (2, 5), (3, 2), (3, 3), (3, 5), (4, 3), (4, 5)), (1, 2))",5,6,11.0,5,,,pruned,,,247
"(((1, 5), (2, 2), (2, 6), (3, 2), (3, 3), (3, 5), (4, 3), (4, 5)), (1, 2))","(((1, 5), (2, 2), (2, 5), (3, 2), (3, 3), (3, 5), (4, 3), (4, 5)), (1, 2))",5,6,11.0,5,,,pruned,,,248
"(((1, 5), (2, 2), (2, 5), (3, 2), (3, 3), (3, 6), (4, 3), (4, 5)), (1, 2))","(((1, 5), (2, 2), (2, 5), (3, 2), (3, 3), (3, 5), (4, 3), (4, 5)), (1, 2))",5,6,11.0,5,,,pruned,,,249
"(((1, 5), (2, 2), (2, 5), (3, 2), (3, 3), (3, 5), (4, 3), (4, 5)), (1, 2))","(((1, 4), (2, 2), (2, 5), (3, 2), (3, 3), (3, 5), (4, 3), (4, 5)), (1, 2))",4,5.0,9.0,4,8,3,expanded,False,True,250
"(((1, 4), (2, 2), (2, 3), (2, 5), (3, 2), (3, 4), (4, 2), (5, 5)), (2, 6))","(((1, 4), (2, 2), (2, 3), (2, 5), (3, 2), (3, 4), (4, 2), (4, 5)), (2, 6))",5,6,11.0,5,,,pruned,,,251
"(((1, 4), (2, 2), (2, 3), (2, 5), (3, 2), (3, 4), (4, 2), (4, 6)), (2, 6))","(((1, 4), (2, 2), (2, 3), (2, 5), (3, 2), (3, 4), (4, 2), (4, 5)), (2, 6))",5,6,11.0,5,,,pruned,,,252
"(((1, 4), (2, 2), (2, 3), (2, 5), (3, 2), (3, 4), (4, 1), (4, 5)), (2, 6))","(((1, 4), (2, 2), (2, 3), (2, 5), (3, 2), (3, 4), (4, 2), (4, 5)), (2, 6))",5,6,11.0,5,,,pruned,,,253
"(((1, 4), (2, 2), (2, 3), (2, 5), (3, 1), (3, 4), (4, 2), (4, 5)), (2, 6))","(((1, 4), (2, 2), (2, 3), (2, 5), (3, 2), (3, 4), (4, 2), (4, 5)), (2, 6))",5,6,11.0,5,,,pruned,,,254
"(((1, 4), (2, 2), (2, 3), (2, 5), (3, 2), (3, 4), (4, 2), (4, 5)), (2, 6))","(((1, 4), (2, 2), (2, 5), (3, 2), (3, 3), (3, 4), (4, 2), (4, 5)), (2, 6))",4,5.0,9.0,4,14,4,expanded,False,True,255
"(((1, 4), (2, 2), (2, 4), (3, 2), (3, 3), (3, 4), (4, 2), (5, 5)), (1, 5))","(((1, 4), (2, 2), (2, 4), (3, 2), (3, 3), (3, 4), (4, 2), (4, 5)), (1, 5))",5,6,11.0,5,,,pruned,,,256
"(((1, 4), (2, 2), (2, 4), (3, 2), (3, 3), (3, 4), (4, 2), (4, 6)), (1, 5))","(((1, 4), (2, 2), (2, 4), (3, 2), (3, 3), (3, 4), (4, 2), (4, 5)), (1, 5))",5,6,11.0,5,,,pruned,,,257
"(((1, 4), (2, 2), (2, 4), (3, 2), (3, 3), (3, 4), (4, 1), (4, 5)), (1, 5))","(((1, 4), (2, 2), (2, 4), (3, 2), (3, 3), (3, 4), (4, 2), (4, 5)), (1, 5))",5,6,11.0,5,,,pruned,,,258
"(((1, 4), (2, 2), (2, 4), (3, 2), (3, 3), (3, 4), (4, 2), (4, 5)), (1, 5))","(((1, 4), (2, 2), (2, 5), (3, 2), (3, 3), (3, 4), (4, 2), (4, 5)), (2, 6))",4,5.0,9.0,4,9,3,expanded,False,True,259
"(((1, 4), (2, 3), (2, 5), (3, 2), (3, 3), (3, 4), (3, 5), (4, 3)), (2, 6))","(((1, 4), (2, 3), (2, 5), (3, 2), (3, 3), (3, 5), (4, 3), (4, 4)), (2, 6))",4,5.0,9.0,4,5,0,expanded,False,True,260
"(((1, 4), (2, 3), (2, 4), (3, 2), (3, 3), (3, 5), (4, 3), (4, 4)), (1, 5))","(((1, 4), (2, 3), (2, 5), (3, 2), (3, 3), (3, 5), (4, 3), (4, 4)), (2, 6))",4,5.0,9.0,4,6,0,expanded,False,True,261
"(((1, 4), (2, 3), (2, 5), (3, 2), (3, 3), (3, 4), (4, 2), (4, 3)), (2, 6))","(((1, 4), (2, 3), (2, 5), (3, 2), (3, 3), (3, 4), (4, 2), (4, 4)), (2, 6))",4,5.0,9.0,4,3,0,expanded,False,True,262
"(((1, 4), (2, 3), (2, 4), (3, 2), (3, 3), (3, 4), (4, 1), (4, 4)), (1, 5))","(((1, 4), (2, 3), (2, 4), (3, 2), (3, 3), (3, 4), (4, 2), (4, 4)), (1, 5))",5,6,11.0,5,,,pruned,,,263
"(((1, 4), (2, 3), (2, 4), (3, 2), (3, 3), (3, 4), (4, 2), (4, 4)), (1, 5))","(((1, 4), (2, 3), (2, 5), (3, 2), (3, 3), (3, 4), (4, 2), (4, 4)), (2, 6))",4,5.0,9.0,4,5,1,expanded,False,True,264
"(((1, 4), (2, 3), (2, 5), (3, 2), (3, 3), (3, 4), (4, 4), (5, 5)), (2, 6))","(((1, 4), (2, 3), (2, 5), (3, 2), (3, 3), (3, 4), (4, 4), (4, 5)), (2, 6))",5,6,11.0,5,,,pruned,,,265
"(((1, 4), (2, 3), (2, 5), (3, 2), (3, 3), (3, 4), (4, 4), (4, 5)), (2, 6))","(((1, 4), (2, 3), (2, 5), (3, 2), (3, 3), (3, 4), (4, 3), (4, 5)), (2, 6))",4,5.0,9.0,4,5,1,expanded,False,True,266
"(((1, 4), (2, 3), (2, 4), (3, 2), (3, 3), (3, 4), (4, 3), (5, 5)), (1, 5))","(((1, 4), (2, 3), (2, 4), (3, 2), (3, 3), (3, 4), (4, 3), (4, 5)), (1, 5))",5,6,11.0,5,,,pruned,,,267
"(((1, 4), (2, 3), (2, 4), (3, 2), (3, 3), (3, 4), (4, 3), (4, 6)), (1, 5))","(((1, 4), (2, 3), (2, 4), (3, 2), (3, 3), (3, 4), (4, 3), (4, 5)), (1, 5))",5,6,11.0,5,,,pruned,,,268
"(((1, 4), (2, 3), (2, 4), (3, 2), (3, 3), (3, 4), (4, 3), (4, 5)), (1, 5))","(((1, 4), (2, 3), (2, 5), (3, 2), (3, 3), (3, 4), (4, 3), (4, 5)), (2, 6))",4,5.0,9.0,4,8,2,expanded,False,True,269
"(((1, 4), (1, 5), (2, 3), (3, 2), (3, 3), (3, 4), (3, 5), (4, 1)), (2, 4))","(((1, 4), (1, 5), (2, 3), (3, 2), (3, 3), (3, 4), (3, 5), (4, 2)), (2, 4))",5,6,11.0,5,,,pruned,,,270
"(((1, 4), (1, 5), (2, 3), (3, 2), (3, 3), (3, 4), (3, 5), (4, 2)), (2, 4))","(((1, 4), (1, 5), (2, 3), (3, 2), (3, 3), (3, 4), (4, 2), (4, 5)), (2, 4))",4,5.0,9.0,4,7,1,expanded,False,True,271
"(((1, 4), (1, 5), (2, 3), (3, 2), (3, 3), (4, 2), (4, 5), (5, 4)), (2, 4))","(((1, 4), (1, 5), (2, 3), (3, 2), (3, 3), (4, 2), (4, 4), (4, 5)), (2, 4))",5,6,11.0,5,,,pruned,,,272
"(((1, 4), (1, 5), (2, 3), (3, 2), (3, 3), (4, 2), (4, 4), (5, 5)), (2, 4))","(((1, 4), (1, 5), (2, 3), (3, 2), (3, 3), (4, 2), (4, 4), (4, 5)), (2, 4))",5,6,11.0,5,,,pruned,,,273
"(((1, 4), (1, 5), (2, 3), (3, 2), (3, 3), (4, 1), (4, 4), (4, 5)), (2, 4))","(((1, 4), (1, 5), (2, 3), (3, 2), (3, 3), (4, 2), (4, 4), (4, 5)), (2, 4))",5,6,11.0,5,,,pruned,,,274
"(((1, 4), (1, 5), (2, 3), (3, 2), (3, 3), (4, 2), (4, 4), (4, 5)), (2, 4))","(((1, 4), (1, 5), (2, 3), (3, 2), (3, 3), (3, 4), (4, 2), (4, 5)), (2, 4))",4,5.0,9.0,4,7,3,expanded,False,True,275
"(((1, 4), (2, 2), (2, 3), (2, 5), (3, 2), (3, 5), (4, 3), (4, 6)), (2, 4))","(((1, 4), (2, 2), (2, 3), (2, 5), (3, 2), (3, 5), (4, 3), (4, 5)), (2, 4))",5,6,11.0,5,,,pruned,,,276
"(((1, 4), (2, 2), (2, 3), (2, 5), (3, 2), (3, 5), (4, 5), (5, 3)), (2, 4))","(((1, 4), (2, 2), (2, 3), (2, 5), (3, 2), (3, 5), (4, 3), (4, 5)), (2, 4))",5,6,11.0,5,,,pruned,,,277
"(((1, 4), (2, 2), (2, 3), (2, 5), (3, 1), (3, 5), (4, 3), (4, 5)), (2, 4))","(((1, 4), (2, 2), (2, 3), (2, 5), (3, 2), (3, 5), (4, 3), (4, 5)), (2, 4))",5,6,11.0,5,,,pruned,,,278
"(((1, 4), (2, 2), (2, 3), (2, 6), (3, 2), (3, 5), (4, 3), (4, 5)), (1, 5))","(((1, 4), (2, 2), (2, 3), (2, 5), (3, 2), (3, 5), (4, 3), (4, 5)), (2, 4))",5,6,11.0,5,,,pruned,,,279
"(((1, 4), (2, 2), (2, 3), (2, 5), (3, 2), (3, 6), (4, 3), (4, 5)), (2, 4))","(((1, 4), (2, 2), (2, 3), (2, 5), (3, 2), (3, 5), (4, 3), (4, 5)), (2, 4))",5,6,11.0,5,,,pruned,,,280
"(((1, 4), (2, 2), (2, 3), (2, 5), (3, 2), (3, 5), (4, 3), (4, 5)), (2, 4))","(((1, 4), (2, 2), (2, 3), (2, 5), (3, 3), (3, 5), (4, 3), (4, 5)), (2, 4))",4,5.0,9.0,4,13,5,expanded,False,True,281
"(((1, 2), (1, 4), (2, 3), (2, 5), (3, 3), (3, 5), (4, 3), (4, 6)), (2, 2))","(((1, 2), (1, 4), (2, 3), (2, 5), (3, 3), (3, 5), (4, 3), (4, 5)), (2, 2))",5,6,11.0,5,,,pruned,,,282
"(((1, 2), (1, 4), (2, 3), (2, 6), (3, 3), (3, 5), (4, 3), (4, 5)), (1, 5))","(((1, 2), (1, 4), (2, 3), (2, 5), (3, 3), (3, 5), (4, 3), (4, 5)), (2, 2))",5,6,11.0,5,,,pruned,,,283
"(((1, 2), (1, 4), (2, 3), (2, 5), (3, 3), (3, 6), (4, 3), (4, 5)), (2, 2))","(((1, 2), (1, 4), (2, 3), (2, 5), (3, 3), (3, 5), (4, 3), (4, 5)), (2, 2))",5,6,11.0,5,,,pruned,,,284
"(((1, 2), (1, 4), (2, 3), (2, 5), (3, 3), (3, 5), (4, 3), (4, 5)), (2, 2))","(((1, 4), (2, 2), (2, 3), (2, 5), (3, 3), (3, 5), (4, 3), (4, 5)), (2, 4))",4,5.0,9.0,4,12,3,expanded,False,True,285
"(((1, 4), (2, 2), (2, 3), (2, 5), (3, 3), (3, 5), (4, 4), (4, 5)), (2, 6))","(((1, 4), (2, 2), (2, 3), (2, 5), (3, 3), (3, 5), (4, 3), (4, 5)), (2, 4))",4,5.0,9.0,4,5,0,expanded,False,True,286
"(((1, 4), (2, 2), (2, 3), (2, 4), (3, 3), (3, 5), (4, 3), (4, 6)), (3, 1))","(((1, 4), (2, 2), (2, 3), (2, 4), (3, 3), (3, 5), (4, 3), (4, 5)), (1, 5))",5,6,11.0,5,,,pruned,,,287
"(((1, 4), (2, 2), (2, 3), (2, 4), (3, 3), (3, 6), (4, 3), (4, 5)), (1, 5))","(((1, 4), (2, 2), (2, 3), (2, 4), (3, 3), (3, 5), (4, 3), (4, 5)), (1, 5))",5,6,11.0,5,,,pruned,,,288
"(((1, 4), (2, 2), (2, 3), (2, 4), (3, 3), (3, 5), (4, 3), (4, 5)), (1, 5))","(((1, 4), (2, 2), (2, 3), (2, 5), (3, 3), (3, 5), (4, 3), (4, 5)), (2, 4))",4,5.0,9.0,4,10,2,expanded,False,True,289
"(((2, 2), (2, 3), (2, 4), (2, 5), (3, 3), (3, 4), (3, 5), (4, 3)), (2, 6))","(((2, 2), (2, 3), (2, 4), (2, 5), (3, 3), (3, 5), (4, 3), (4, 4)), (2, 6))",4,5.0,9.0,4,3,0,expanded,False,True,290
"(((1, 2), (2, 3), (2, 4), (2, 5), (3, 3), (3, 5), (4, 3), (4, 4)), (2, 2))","(((2, 2), (2, 3), (2, 4), (2, 5), (3, 3), (3, 5), (4, 3), (4, 4)), (2, 6))",4,5.0,9.0,4,3,0,expanded,False,True,291
"(((1, 2), (2, 3), (2, 4), (2, 5), (3, 4), (3, 5), (4, 3), (4, 6)), (2, 2))","(((1, 2), (2, 3), (2, 4), (2, 5), (3, 4), (3, 5), (4, 3), (4, 5)), (2, 2))",5,6,11.0,5,,,pruned,,,292
"(((1, 2), (2, 3), (2, 4), (2, 5), (3, 4), (3, 5), (4, 5), (5, 3)), (2, 2))","(((1, 2), (2, 3), (2, 4), (2, 5), (3, 4), (3, 5), (4, 3), (4, 5)), (2, 2))",5,6,11.0,5,,,pruned,,,293
"(((1, 2), (2, 3), (2, 4), (2, 5), (3, 4), (3, 5), (4, 3), (4, 5)), (2, 2))","(((2, 2), (2, 3), (2, 4), (2, 5), (3, 4), (3, 5), (4, 3), (4, 5)), (2, 6))",4,5.0,9.0,4,7,2,expanded,False,True,294
"(((2, 2), (2, 3), (2, 4), (2, 5), (3, 4), (3, 5), (4, 4), (4, 5)), (2, 6))","(((2, 2), (2, 3), (2, 4), (2, 5), (3, 4), (3, 5), (4, 3), (4, 5)), (2, 6))",4,5.0,9.0,4,2,0,expanded,False,True,295
"(((1, 2), (2, 3), (2, 4), (2, 5), (3, 3), (3, 4), (4, 3), (5, 5)), (2, 2))","(((1, 2), (2, 3), (2, 4), (2, 5), (3, 3), (3, 4), (4, 3), (4, 5)), (2, 2))",5,6,11.0,5,,,pruned,,,296
"(((1, 2), (2, 3), (2, 4), (2, 5), (3, 3), (3, 4), (4, 3), (4, 6)), (2, 2))","(((1, 2), (2, 3), (2, 4), (2, 5), (3, 3), (3, 4), (4, 3), (4, 5)), (2, 2))",5,6,11.0,5,,,pruned,,,297
"(((1, 2), (2, 3), (2, 4), (2, 5), (3, 3), (3, 4), (4, 3), (4, 5)), (2, 2))","(((2, 2), (2, 3), (2, 4), (2, 5), (3, 3), (3, 4), (4, 3), (4, 5)), (2, 6))",4,5.0,9.0,4,7,2,expanded,False,True,298
"(((2, 2), (2, 3), (2, 4), (2, 5), (3, 3), (3, 4), (4, 4), (5, 5)), (2, 6))","(((2, 2), (2, 3), (2, 4), (2, 5), (3, 3), (3, 4), (4, 4), (4, 5)), (2, 6))",5,6,11.0,5,,,pruned,,,299
"(((2, 2), (2, 3), (2, 4), (2, 5), (3, 3), (3, 4), (4, 4), (4, 5)), (2, 6))","(((2, 2), (2, 3), (2, 4), (2, 5), (3, 3), (3, 4), (4, 3), (4, 5)), (2, 6))",4,5.0,9.0,4,4,1,expanded,False,True,300
"(((1, 5), (2, 3), (2, 4), (3, 2), (3, 3), (3, 4), (3, 5), (4, 3)), (2, 5))","(((1, 5), (2, 3), (2, 4), (3, 2), (3, 3), (3, 4), (4, 3), (4, 5)), (2, 5))",4,5.0,9.0,4,5,0,expanded,False,True,301
"(((1, 5), (2, 3), (2, 4), (3, 2), (3, 3), (3, 4), (4, 4), (5, 5)), (2, 5))","(((1, 5), (2, 3), (2, 4), (3, 2), (3, 3), (3, 4), (4, 4), (4, 5)), (2, 5))",5,6,11.0,5,,,pruned,,,302
"(((1, 5), (2, 3), (2, 4), (3, 2), (3, 3), (3, 4), (4, 4), (4, 5)), (2, 5))","(((1, 5), (2, 3), (2, 4), (3, 2), (3, 3), (3, 4), (4, 3), (4, 5)), (2, 5))",4,5.0,9.0,4,3,1,expanded,False,True,303
"(((1, 5), (2, 3), (2, 4), (3, 2), (3, 3), (3, 4), (4, 2), (4, 3)), (2, 5))","(((1, 5), (2, 3), (2, 4), (3, 2), (3, 3), (3, 4), (4, 2), (4, 4)), (2, 5))",4,5.0,9.0,4,0,0,expanded,False,True,304
"(((1, 3), (1, 4), (2, 2), (2, 5), (3, 2), (3, 5), (4, 2), (4, 6)), (2, 3))","(((1, 3), (1, 4), (2, 2), (2, 5), (3, 2), (3, 5), (4, 2), (4, 5)), (2, 3))",5,6,11.0,5,,,pruned,,,305
"(((1, 3), (1, 4), (2, 2), (2, 5), (3, 2), (3, 5), (4, 1), (4, 5)), (2, 3))","(((1, 3), (1, 4), (2, 2), (2, 5), (3, 2), (3, 5), (4, 2), (4, 5)), (2, 3))",5,6,11.0,5,,,pruned,,,306
"(((1, 3), (1, 4), (2, 2), (2, 5), (3, 1), (3, 5), (4, 2), (4, 5)), (2, 3))","(((1, 3), (1, 4), (2, 2), (2, 5), (3, 2), (3, 5), (4, 2), (4, 5)), (2, 3))",5,6,11.0,5,,,pruned,,,307
"(((1, 3), (1, 4), (2, 2), (2, 6), (3, 2), (3, 5), (4, 2), (4, 5)), (1, 5))","(((1, 3), (1, 4), (2, 2), (2, 5), (3, 2), (3, 5), (4, 2), (4, 5)), (2, 3))",5,6,11.0,5,,,pruned,,,308
"(((1, 3), (1, 4), (2, 2), (2, 5), (3, 2), (3, 6), (4, 2), (4, 5)), (2, 3))","(((1, 3), (1, 4), (2, 2), (2, 5), (3, 2), (3, 5), (4, 2), (4, 5)), (2, 3))",5,6,11.0,5,,,pruned,,,309
"(((1, 3), (1, 4), (2, 2), (2, 5), (3, 2), (3, 5), (4, 2), (4, 5)), (2, 3))","(((1, 4), (2, 2), (2, 3), (2, 5), (3, 2), (3, 5), (4, 2), (4, 5)), (2, 4))",4,5.0,9.0,4,10,5,expanded,False,True,310
"(((1, 5), (2, 2), (2, 5), (3, 2), (3, 3), (3, 5), (4, 1), (4, 4)), (2, 6))","(((1, 5), (2, 2), (2, 5), (3, 2), (3, 3), (3, 5), (4, 2), (4, 4)), (2, 6))",5,6,11.0,5,,,pruned,,,311
"(((1, 5), (2, 2), (2, 5), (3, 2), (3, 3), (3, 5), (4, 2), (4, 4)), (2, 6))","(((1, 5), (2, 2), (2, 5), (3, 2), (3, 3), (3, 5), (4, 2), (4, 5)), (1, 2))",4,5.0,9.0,4,8,1,expanded,False,True,312
"(((1, 5), (2, 2), (2, 5), (3, 2), (3, 3), (3, 4), (4, 2), (5, 5)), (2, 6))","(((1, 5), (2, 2), (2, 5), (3, 2), (3, 3), (3, 4), (4, 2), (4, 5)), (2, 6))",5,6,11.0,5,,,pruned,,,313
"(((1, 5), (2, 2), (2, 5), (3, 2), (3, 3), (3, 4), (4, 2), (4, 6)), (2, 6))","(((1, 5), (2, 2), (2, 5), (3, 2), (3, 3), (3, 4), (4, 2), (4, 5)), (2, 6))",5,6,11.0,5,,,pruned,,,314
"(((1, 5), (2, 2), (2, 5), (3, 2), (3, 3), (3, 4), (4, 1), (4, 5)), (2, 6))","(((1, 5), (2, 2), (2, 5), (3, 2), (3, 3), (3, 4), (4, 2), (4, 5)), (2, 6))",5,6,11.0,5,,,pruned,,,315
"(((1, 5), (2, 2), (2, 5), (3, 2), (3, 3), (3, 4), (4, 2), (4, 5)), (2, 6))","(((1, 5), (2, 2), (2, 5), (3, 2), (3, 3), (3, 5), (4, 2), (4, 5)), (1, 2))",4,5.0,9.0,4,9,3,expanded,False,True,316
"(((1, 3), (2, 2), (2, 4), (2, 5), (3, 2), (3, 5), (4, 3), (4, 6)), (2, 3))","(((1, 3), (2, 2), (2, 4), (2, 5), (3, 2), (3, 5), (4, 3), (4, 5)), (2, 3))",5,6,11.0,5,,,pruned,,,317
"(((1, 3), (2, 2), (2, 4), (2, 5), (3, 2), (3, 5), (4, 5), (5, 3)), (2, 3))","(((1, 3), (2, 2), (2, 4), (2, 5), (3, 2), (3, 5), (4, 3), (4, 5)), (2, 3))",5,6,11.0,5,,,pruned,,,318
"(((1, 3), (2, 2), (2, 4), (2, 5), (3, 1), (3, 5), (4, 3), (4, 5)), (2, 3))","(((1, 3), (2, 2), (2, 4), (2, 5), (3, 2), (3, 5), (4, 3), (4, 5)), (2, 3))",5,6,11.0,5,,,pruned,,,319
"(((1, 3), (2, 2), (2, 4), (2, 5), (3, 2), (3, 6), (4, 3), (4, 5)), (2, 3))","(((1, 3), (2, 2), (2, 4), (2, 5), (3, 2), (3, 5), (4, 3), (4, 5)), (2, 3))",5,6,11.0,5,,,pruned,,,320
"(((1, 3), (2, 2), (2, 4), (2, 5), (3, 2), (3, 5), (4, 3), (4, 5)), (2, 3))","(((2, 2), (2, 3), (2, 4), (2, 5), (3, 2), (3, 5), (4, 3), (4, 5)), (2, 6))",4,5.0,9.0,4,11,4,expanded,False,True,321
"(((2, 2), (2, 3), (2, 4), (2, 5), (3, 2), (3, 5), (4, 3), (4, 4)), (2, 6))","(((2, 2), (2, 3), (2, 4), (2, 5), (3, 2), (3, 5), (4, 3), (4, 5)), (2, 6))",4,5.0,9.0,4,4,0,expanded,False,True,322
"(((2, 2), (2, 3), (2, 4), (2, 5), (3, 2), (3, 4), (4, 3), (5, 5)), (2, 6))","(((2, 2), (2, 3), (2, 4), (2, 5), (3, 2), (3, 4), (4, 3), (4, 5)), (2, 6))",5,6,11.0,5,,,pruned,,,323
"(((2, 2), (2, 3), (2, 4), (2, 5), (3, 2), (3, 4), (4, 3), (4, 6)), (2, 6))","(((2, 2), (2, 3), (2, 4), (2, 5), (3, 2), (3, 4), (4, 3), (4, 5)), (2, 6))",5,6,11.0,5,,,pruned,,,324
"(((2, 2), (2, 3), (2, 4), (2, 5), (3, 2), (3, 4), (4, 3), (4, 5)), (2, 6))","(((2, 2), (2, 3), (2, 4), (2, 5), (3, 2), (3, 5), (4, 3), (4, 5)), (2, 6))",4,5.0,9.0,4,10,2,expanded,False,True,325
"(((1, 4), (2, 2), (2, 5), (3, 2), (3, 3), (3, 4), (4, 2), (4, 3)), (2, 6))","(((1, 4), (2, 2), (2, 5), (3, 2), (3, 3), (3, 4), (4, 2), (4, 4)), (2, 6))",5,4.0,9.0,5,3,0,expanded,False,True,326
"(((1, 4), (2, 2), (2, 3), (2, 5), (3, 1), (3, 4), (4, 2), (4, 4)), (2, 6))","(((1, 4), (2, 2), (2, 3), (2, 5), (3, 2), (3, 4), (4, 2), (4, 4)), (2, 6))",6,5,11.0,6,,,pruned,,,327
"(((1, 4), (2, 2), (2, 3), (2, 5), (3, 2), (3, 4), (4, 1), (4, 4)), (2, 6))","(((1, 4), (2, 2), (2, 3), (2, 5), (3, 2), (3, 4), (4, 2), (4, 4)), (2, 6))",6,5,11.0,6,,,pruned,,,328
"(((1, 4), (2, 2), (2, 3), (2, 5), (3, 2), (3, 4), (4, 2), (4, 4)), (2, 6))","(((1, 4), (2, 2), (2, 5), (3, 2), (3, 3), (3, 4), (4, 2), (4, 4)), (2, 6))",5,4.0,9.0,5,11,2,expanded,False,True,329
"(((1, 4), (2, 2), (2, 4), (3, 2), (3, 3), (3, 4), (4, 1), (4, 4)), (1, 5))","(((1, 4), (2, 2), (2, 4), (3, 2), (3, 3), (3, 4), (4, 2), (4, 4)), (1, 5))",6,5,11.0,6,,,pruned,,,330
"(((1, 4), (2, 2), (2, 4), (3, 2), (3, 3), (3, 4), (4, 2), (4, 4)), (1, 5))","(((1, 4), (2, 2), (2, 5), (3, 2), (3, 3), (3, 4), (4, 2), (4, 4)), (2, 6))",5,4.0,9.0,5,7,1,expanded,False,True,331
"(((1, 4), (2, 2), (2, 5), (3, 2), (3, 3), (3, 4), (3, 5), (4, 3)), (2, 6))","(((1, 4), (2, 2), (2, 5), (3, 2), (3, 3), (3, 5), (4, 3), (4, 4)), (2, 6))",5,4.0,9.0,5,4,0,expanded,False,True,332
"(((1, 4), (2, 2), (2, 4), (3, 2), (3, 3), (3, 5), (4, 3), (4, 4)), (1, 5))","(((1, 4), (2, 2), (2, 5), (3, 2), (3, 3), (3, 5), (4, 3), (4, 4)), (2, 6))",5,4.0,9.0,5,6,0,expanded,False,True,333
"(((1, 4), (2, 2), (2, 5), (3, 2), (3, 4), (3, 5), (4, 2), (4, 3)), (2, 6))","(((1, 4), (2, 2), (2, 5), (3, 2), (3, 5), (4, 2), (4, 3), (4, 4)), (2, 6))",5,4.0,9.0,5,4,0,expanded,False,True,334
"(((1, 4), (2, 2), (2, 5), (3, 3), (3, 5), (4, 3), (4, 4), (5, 2)), (3, 1))","(((1, 4), (2, 2), (2, 5), (3, 3), (3, 5), (4, 2), (4, 3), (4, 4)), (2, 6))",6,5,11.0,6,,,pruned,,,335
"(((1, 4), (2, 2), (2, 5), (3, 3), (3, 5), (4, 2), (4, 3), (4, 4)), (2, 6))","(((1, 4), (2, 2), (2, 5), (3, 2), (3, 5), (4, 2), (4, 3), (4, 4)), (2, 6))",5,4.0,9.0,5,7,1,expanded,False,True,336
"(((1, 4), (2, 2), (2, 4), (3, 2), (3, 5), (4, 2), (4, 3), (4, 4)), (1, 5))","(((1, 4), (2, 2), (2, 5), (3, 2), (3, 5), (4, 2), (4, 3), (4, 4)), (2, 6))",5,4.0,9.0,5,8,0,expanded,False,True,337
"(((1, 4), (2, 2), (2, 5), (3, 3), (3, 4), (4, 2), (4, 3), (5, 5)), (2, 6))","(((1, 4), (2, 2), (2, 5), (3, 3), (3, 4), (4, 2), (4, 3), (4, 5)), (2, 6))",6,5,11.0,6,,,pruned,,,338
"(((1, 4), (2, 2), (2, 5), (3, 3), (3, 4), (4, 2), (4, 3), (4, 6)), (2, 6))","(((1, 4), (2, 2), (2, 5), (3, 3), (3, 4), (4, 2), (4, 3), (4, 5)), (2, 6))",6,5,11.0,6,,,pruned,,,339
"(((1, 4), (2, 2), (2, 5), (3, 3), (3, 4), (4, 3), (4, 5), (5, 2)), (3, 1))","(((1, 4), (2, 2), (2, 5), (3, 3), (3, 4), (4, 2), (4, 3), (4, 5)), (2, 6))",6,5,11.0,6,,,pruned,,,340
"(((1, 4), (2, 2), (2, 5), (3, 3), (3, 4), (4, 2), (4, 3), (4, 5)), (2, 6))","(((1, 4), (2, 2), (2, 5), (3, 2), (3, 4), (4, 2), (4, 3), (4, 5)), (2, 6))",5,4.0,9.0,5,10,3,expanded,False,True,341
"(((1, 4), (2, 2), (2, 4), (3, 2), (3, 4), (4, 2), (4, 3), (5, 5)), (1, 5))","(((1, 4), (2, 2), (2, 4), (3, 2), (3, 4), (4, 2), (4, 3), (4, 5)), (1, 5))",6,5,11.0,6,,,pruned,,,342
"(((1, 4), (2, 2), (2, 4), (3, 2), (3, 4), (4, 2), (4, 3), (4, 6)), (1, 5))","(((1, 4), (2, 2), (2, 4), (3, 2), (3, 4), (4, 2), (4, 3), (4, 5)), (1, 5))",6,5,11.0,6,,,pruned,,,343
"(((1, 4), (2, 2), (2, 4), (3, 2), (3, 4), (4, 2), (4, 3), (4, 5)), (1, 5))","(((1, 4), (2, 2), (2, 5), (3, 2), (3, 4), (4, 2), (4, 3), (4, 5)), (2, 6))",5,4.0,9.0,5,9,2,expanded,False,True,344
"(((1, 4), (2, 2), (2, 5), (3, 2), (3, 3), (3, 4), (4, 4), (5, 5)), (2, 6))","(((1, 4), (2, 2), (2, 5), (3, 2), (3, 3), (3, 4), (4, 4), (4, 5)), (2, 6))",6,5,11.0,6,,,pruned,,,345
"(((1, 4), (2, 2), (2, 5), (3, 2), (3, 3), (3, 4), (4, 4), (4, 5)), (2, 6))","(((1, 4), (2, 2), (2, 5), (3, 2), (3, 3), (3, 4), (4, 3), (4, 5)), (2, 6))",5,4.0,9.0,5,5,1,expanded,False,True,346
"(((1, 4), (2, 2), (2, 4), (3, 2), (3, 3), (3, 4), (4, 3), (5, 5)), (1, 5))","(((1, 4), (2, 2), (2, 4), (3, 2), (3, 3), (3, 4), (4, 3), (4, 5)), (1, 5))",6,5,11.0,6,,,pruned,,,347
"(((1, 4), (2, 2), (2, 4), (3, 2), (3, 3), (3, 4), (4, 3), (4, 6)), (1, 5))","(((1, 4), (2, 2), (2, 4), (3, 2), (3, 3), (3, 4), (4, 3), (4, 5)), (1, 5))",6,5,11.0,6,,,pruned,,,348
"(((1, 4), (2, 2), (2, 4), (3, 2), (3, 3), (3, 4), (4, 3), (4, 5)), (1, 5))","(((1, 4), (2, 2), (2, 5), (3, 2), (3, 3), (3, 4), (4, 3), (4, 5)), (2, 6))",5,4.0,9.0,5,8,2,expanded,False,True,349
"(((1, 4), (1, 5), (2, 2), (3, 2), (3, 3), (3, 4), (3, 5), (4, 1)), (1, 2))","(((1, 4), (1, 5), (2, 2), (3, 2), (3, 3), (3, 4), (3, 5), (4, 2)), (1, 2))",6,5,11.0,6,,,pruned,,,350
"(((1, 4), (1, 5), (2, 2), (3, 2), (3, 3), (3, 4), (3, 5), (4, 2)), (1, 2))","(((1, 4), (1, 5), (2, 2), (3, 2), (3, 3), (3, 4), (4, 2), (4, 5)), (1, 2))",5,4.0,9.0,5,8,1,expanded,False,True,351
"(((1, 4), (1, 5), (2, 2), (2, 3), (3, 2), (3, 4), (4, 2), (5, 5)), (2, 4))","(((1, 4), (1, 5), (2, 2), (2, 3), (3, 2), (3, 4), (4, 2), (4, 5)), (2, 4))",6,5,11.0,6,,,pruned,,,352
"(((1, 4), (1, 5), (2, 2), (2, 3), (3, 2), (3, 4), (4, 2), (4, 6)), (2, 4))","(((1, 4), (1, 5), (2, 2), (2, 3), (3, 2), (3, 4), (4, 2), (4, 5)), (2, 4))",6,5,11.0,6,,,pruned,,,353
"(((1, 4), (1, 5), (2, 2), (2, 3), (3, 1), (3, 4), (4, 2), (4, 5)), (2, 4))","(((1, 4), (1, 5), (2, 2), (2, 3), (3, 2), (3, 4), (4, 2), (4, 5)), (2, 4))",6,5,11.0,6,,,pruned,,,354
"(((1, 4), (1, 5), (2, 2), (2, 3), (3, 2), (3, 4), (4, 1), (4, 5)), (2, 4))","(((1, 4), (1, 5), (2, 2), (2, 3), (3, 2), (3, 4), (4, 2), (4, 5)), (2, 4))",6,5,11.0,6,,,pruned,,,355
"(((1, 4), (1, 5), (2, 2), (2, 3), (3, 2), (3, 4), (4, 2), (4, 5)), (2, 4))","(((1, 4), (1, 5), (2, 2), (3, 2), (3, 3), (3, 4), (4, 2), (4, 5)), (1, 2))",5,4.0,9.0,5,13,4,expanded,False,True,356
"(((1, 4), (1, 5), (2, 2), (3, 2), (3, 3), (4, 2), (4, 5), (5, 4)), (1, 2))","(((1, 4), (1, 5), (2, 2), (3, 2), (3, 3), (4, 2), (4, 4), (4, 5)), (1, 2))",6,5,11.0,6,,,pruned,,,357
"(((1, 4), (1, 5), (2, 2), (3, 2), (3, 3), (4, 2), (4, 4), (5, 5)), (1, 2))","(((1, 4), (1, 5), (2, 2), (3, 2), (3, 3), (4, 2), (4, 4), (4, 5)), (1, 2))",6,5,11.0,6,,,pruned,,,358
"(((1, 4), (1, 5), (2, 2), (3, 2), (3, 3), (4, 1), (4, 4), (4, 5)), (1, 2))","(((1, 4), (1, 5), (2, 2), (3, 2), (3, 3), (4, 2), (4, 4), (4, 5)), (1, 2))",6,5,11.0,6,,,pruned,,,359
"(((1, 4), (1, 5), (2, 2), (3, 2), (3, 3), (4, 2), (4, 4), (4, 5)), (1, 2))","(((1, 4), (1, 5), (2, 2), (3, 2), (3, 3), (3, 4), (4, 2), (4, 5)), (1, 2))",5,4.0,9.0,5,8,3,expanded,False,True,360
"(((1, 4), (2, 2), (2, 3), (2, 5), (3, 3), (3, 4), (3, 5), (4, 3)), (2, 6))","(((1, 4), (2, 2), (2, 3), (2, 5), (3, 3), (3, 5), (4, 3), (4, 4)), (2, 6))",5,4.0,9.0,5,5,0,expanded,False,True,361
"(((1, 2), (1, 4), (2, 3), (2, 5), (3, 3), (3, 5), (4, 3), (4, 4)), (2, 2))","(((1, 4), (2, 2), (2, 3), (2, 5), (3, 3), (3, 5), (4, 3), (4, 4)), (2, 6))",5,4.0,9.0,5,5,0,expanded,False,True,362
"(((1, 4), (2, 2), (2, 3), (2, 4), (3, 3), (3, 5), (4, 3), (4, 4)), (1, 5))","(((1, 4), (2, 2), (2, 3), (2, 5), (3, 3), (3, 5), (4, 3), (4, 4)), (2, 6))",5,4.0,9.0,5,7,0,expanded,False,True,363
"(((1, 4), (2, 3), (2, 4), (3, 2), (3, 3), (3, 4), (4, 3), (4, 4)), (1, 5))","(((1, 4), (2, 3), (2, 5), (3, 2), (3, 3), (3, 4), (4, 3), (4, 4)), (2, 6))",5,4.0,9.0,5,2,0,expanded,False,True,364
"(((1, 4), (1, 5), (2, 3), (3, 2), (3, 3), (3, 4), (4, 2), (4, 3)), (2, 4))","(((1, 4), (1, 5), (2, 3), (3, 2), (3, 3), (3, 4), (4, 2), (4, 4)), (2, 4))",5,4.0,9.0,5,3,0,expanded,False,True,365
"(((1, 2), (1, 4), (2, 3), (2, 5), (3, 3), (3, 4), (4, 3), (5, 5)), (2, 2))","(((1, 2), (1, 4), (2, 3), (2, 5), (3, 3), (3, 4), (4, 3), (4, 5)), (2, 2))",6,5,11.0,6,,,pruned,,,366
"(((1, 2), (1, 4), (2, 3), (2, 5), (3, 3), (3, 4), (4, 3), (4, 6)), (2, 2))","(((1, 2), (1, 4), (2, 3), (2, 5), (3, 3), (3, 4), (4, 3), (4, 5)), (2, 2))",6,5,11.0,6,,,pruned,,,367
"(((1, 2), (1, 4), (2, 3), (2, 5), (3, 3), (3, 4), (4, 3), (4, 5)), (2, 2))","(((1, 4), (2, 2), (2, 3), (2, 5), (3, 3), (3, 4), (4, 3), (4, 5)), (2, 6))",5,4.0,9.0,5,10,2,expanded,False,True,368
"(((1, 4), (2, 2), (2, 3), (2, 5), (3, 3), (3, 4), (4, 4), (5, 5)), (2, 6))","(((1, 4), (2, 2), (2, 3), (2, 5), (3, 3), (3, 4), (4, 4), (4, 5)), (2, 6))",6,5,11.0,6,,,pruned,,,369
"(((1, 4), (2, 2), (2, 3), (2, 5), (3, 3), (3, 4), (4, 4), (4, 5)), (2, 6))","(((1, 4), (2, 2), (2, 3), (2, 5), (3, 3), (3, 4), (4, 3), (4, 5)), (2, 6))",5,4.0,9.0,5,5,1,expanded,False,True,370
"(((1, 4), (2, 2), (2, 3), (2, 4), (3, 3), (3, 4), (4, 3), (5, 5)), (1, 5))","(((1, 4), (2, 2), (2, 3), (2, 4), (3, 3), (3, 4), (4, 3), (4, 5)), (1, 5))",6,5,11.0,6,,,pruned,,,371
"(((1, 4), (2, 2), (2, 3), (2, 4), (3, 3), (3, 4), (4, 3), (4, 6)), (1, 5))","(((1, 4), (2, 2), (2, 3), (2, 4), (3, 3), (3, 4), (4, 3), (4, 5)), (1, 5))",6,5,11.0,6,,,pruned,,,372
"(((1, 4), (2, 2), (2, 3), (2, 4), (3, 3), (3, 4), (4, 3), (4, 5)), (1, 5))","(((1, 4), (2, 2), (2, 3), (2, 5), (3, 3), (3, 4), (4, 3), (4, 5)), (2, 6))",5,4.0,9.0,5,8,2,expanded,False,True,373
"(((1, 4), (1, 5), (2, 3), (3, 2), (3, 3), (3, 4), (3, 5), (4, 3)), (2, 4))","(((1, 4), (1, 5), (2, 3), (3, 2), (3, 3), (3, 4), (4, 3), (4, 5)), (2, 4))",5,4.0,9.0,5,8,0,expanded,False,True,374
"(((1, 4), (1, 5), (2, 3), (3, 2), (3, 3), (4, 3), (4, 4), (5, 5)), (2, 4))","(((1, 4), (1, 5), (2, 3), (3, 2), (3, 3), (4, 3), (4, 4), (4, 5)), (2, 4))",6,5,11.0,6,,,pruned,,,375
"(((1, 4), (1, 5), (2, 3), (3, 2), (3, 3), (4, 3), (4, 5), (5, 4)), (2, 4))","(((1, 4), (1, 5), (2, 3), (3, 2), (3, 3), (4, 3), (4, 4), (4, 5)), (2, 4))",6,5,11.0,6,,,pruned,,,376
"(((1, 4), (1, 5), (2, 3), (3, 2), (3, 3), (4, 3), (4, 4), (4, 5)), (2, 4))","(((1, 4), (1, 5), (2, 3), (3, 2), (3, 3), (3, 4), (4, 3), (4, 5)), (2, 4))",5,4.0,9.0,5,6,2,expanded,False,True,377
"(((1, 4), (1, 5), (2, 3), (3, 2), (3, 3), (3, 4), (4, 4), (5, 5)), (2, 4))","(((1, 4), (1, 5), (2, 3), (3, 2), (3, 3), (3, 4), (4, 4), (4, 5)), (2, 4))",6,5,11.0,6,,,pruned,,,378
"(((1, 4), (1, 5), (2, 3), (3, 2), (3, 3), (3, 4), (4, 4), (4, 5)), (2, 4))","(((1, 4), (1, 5), (2, 3), (3, 2), (3, 3), (3, 4), (4, 3), (4, 5)), (2, 4))",5,4.0,9.0,5,4,1,expanded,False,True,379
"(((1, 2), (1, 4), (2, 3), (2, 5), (3, 4), (3, 5), (4, 3), (4, 6)), (2, 2))","(((1, 2), (1, 4), (2, 3), (2, 5), (3, 4), (3, 5), (4, 3), (4, 5)), (2, 2))",6,5,11.0,6,,,pruned,,,380
"(((1, 2), (1, 4), (2, 3), (2, 5), (3, 4), (3, 5), (4, 5), (5, 3)), (2, 2))","(((1, 2), (1, 4), (2, 3), (2, 5), (3, 4), (3, 5), (4, 3), (4, 5)), (2, 2))",6,5,11.0,6,,,pruned,,,381
"(((1, 2), (1, 4), (2, 3), (2, 5), (3, 4), (3, 5), (4, 3), (4, 5)), (2, 2))","(((1, 4), (2, 2), (2, 3), (2, 5), (3, 4), (3, 5), (4, 3), (4, 5)), (2, 6))",5,4.0,9.0,5,10,2,expanded,False,True,382
"(((1, 4), (2, 2), (2, 3), (2, 5), (3, 4), (3, 5), (4, 4), (4, 5)), (2, 6))","(((1, 4), (2, 2), (2, 3), (2, 5), (3, 4), (3, 5), (4, 3), (4, 5)), (2, 6))",5,4.0,9.0,5,3,0,expanded,False,True,383
"(((1, 4), (2, 2), (2, 3), (2, 4), (3, 4), (3, 5), (4, 3), (4, 6)), (3, 1))","(((1, 4), (2, 2), (2, 3), (2, 4), (3, 4), (3, 5), (4, 3), (4, 5)), (1, 5))",6,5,11.0,6,,,pruned,,,384
"(((1, 4), (2, 2), (2, 3), (2, 4), (3, 4), (3, 5), (4, 5), (5, 3)), (1, 5))","(((1, 4), (2, 2), (2, 3), (2, 4), (3, 4), (3, 5), (4, 3), (4, 5)), (1, 5))",6,5,11.0,6,,,pruned,,,385
"(((1, 4), (2, 2), (2, 3), (2, 4), (3, 4), (3, 5), (4, 3), (4, 5)), (1, 5))","(((1, 4), (2, 2), (2, 3), (2, 5), (3, 4), (3, 5), (4, 3), (4, 5)), (2, 6))",5,4.0,9.0,5,9,2,expanded,False,True,386
"(((1, 2), (2, 3), (2, 4), (2, 5), (3, 4), (3, 5), (4, 4), (5, 3)), (2, 2))","(((1, 2), (2, 3), (2, 4), (2, 5), (3, 4), (3, 5), (4, 3), (4, 4)), (2, 2))",6,5,11.0,6,,,pruned,,,387
"(((1, 2), (2, 3), (2, 4), (2, 5), (3, 4), (3, 5), (4, 3), (4, 4)), (2, 2))","(((2, 2), (2, 3), (2, 4), (2, 5), (3, 4), (3, 5), (4, 3), (4, 4)), (2, 6))",5,4.0,9.0,5,3,1,expanded,False,True,388
"(((1, 2), (2, 3), (2, 4), (2, 5), (3, 3), (3, 4), (4, 3), (4, 4)), (2, 2))","(((2, 2), (2, 3), (2, 4), (2, 5), (3, 3), (3, 4), (4, 3), (4, 4)), (2, 6))",5,4.0,9.0,5,1,0,expanded,False,True,389
"(((1, 2), (1, 3), (2, 4), (2, 5), (3, 4), (3, 5), (4, 3), (4, 6)), (2, 2))","(((1, 2), (1, 3), (2, 4), (2, 5), (3, 4), (3, 5), (4, 3), (4, 5)), (2, 2))",6,5,11.0,6,,,pruned,,,390
"(((1, 2), (1, 3), (2, 4), (2, 5), (3, 4), (3, 5), (4, 5), (5, 3)), (2, 2))","(((1, 2), (1, 3), (2, 4), (2, 5), (3, 4), (3, 5), (4, 3), (4, 5)), (2, 2))",6,5,11.0,6,,,pruned,,,391
"(((1, 2), (1, 3), (2, 4), (2, 5), (3, 4), (3, 5), (4, 3), (4, 5)), (2, 2))","(((1, 3), (2, 2), (2, 4), (2, 5), (3, 4), (3, 5), (4, 3), (4, 5)), (2, 3))",5,4.0,9.0,5,6,2,expanded,False,True,392
"(((1, 3), (2, 2), (2, 4), (2, 5), (3, 4), (3, 5), (4, 4), (4, 5)), (2, 3))","(((1, 3), (2, 2), (2, 4), (2, 5), (3, 4), (3, 5), (4, 3), (4, 5)), (2, 3))",5,4.0,9.0,5,1,0,expanded,False,True,393
"(((1, 5), (2, 2), (2, 3), (2, 4), (3, 3), (3, 4), (3, 5), (4, 3)), (2, 5))","(((1, 5), (2, 2), (2, 3), (2, 4), (3, 3), (3, 4), (4, 3), (4, 5)), (2, 5))",5,4.0,9.0,5,5,0,expanded,False,True,394
"(((1, 2), (1, 5), (2, 3), (2, 4), (3, 3), (3, 4), (4, 3), (5, 5)), (2, 2))","(((1, 2), (1, 5), (2, 3), (2, 4), (3, 3), (3, 4), (4, 3), (4, 5)), (2, 2))",6,5,11.0,6,,,pruned,,,395
"(((1, 2), (1, 5), (2, 3), (2, 4), (3, 3), (3, 4), (4, 3), (4, 6)), (2, 2))","(((1, 2), (1, 5), (2, 3), (2, 4), (3, 3), (3, 4), (4, 3), (4, 5)), (2, 2))",6,5,11.0,6,,,pruned,,,396
"(((1, 2), (1, 5), (2, 3), (2, 4), (3, 3), (3, 4), (4, 3), (4, 5)), (2, 2))","(((1, 5), (2, 2), (2, 3), (2, 4), (3, 3), (3, 4), (4, 3), (4, 5)), (2, 5))",5,4.0,9.0,5,6,2,expanded,False,True,397
"(((1, 5), (2, 2), (2, 3), (2, 4), (3, 3), (3, 4), (4, 4), (5, 5)), (2, 5))","(((1, 5), (2, 2), (2, 3), (2, 4), (3, 3), (3, 4), (4, 4), (4, 5)), (2, 5))",6,5,11.0,6,,,pruned,,,398
"(((1, 5), (2, 2), (2, 3), (2, 4), (3, 3), (3, 4), (4, 4), (4, 5)), (2, 5))","(((1, 5), (2, 2), (2, 3), (2, 4), (3, 3), (3, 4), (4, 3), (4, 5)), (2, 5))",5,4.0,9.0,5,3,1,expanded,False,True,399
"(((1, 3), (1, 4), (2, 2), (2, 5), (3, 2), (3, 5), (4, 2), (5, 4)), (2, 3))","(((1, 3), (1, 4), (2, 2), (2, 5), (3, 2), (3, 5), (4, 2), (4, 4)), (2, 3))",6,5,11.0,6,,,pruned,,,400
"(((1, 3), (1, 4), (2, 2), (2, 5), (3, 1), (3, 5), (4, 2), (4, 4)), (2, 3))","(((1, 3), (1, 4), (2, 2), (2, 5), (3, 2), (3, 5), (4, 2), (4, 4)), (2, 3))",6,5,11.0,6,,,pruned,,,401
"(((1, 3), (1, 4), (2, 2), (2, 6), (3, 2), (3, 5), (4, 2), (4, 4)), (1, 5))","(((1, 3), (1, 4), (2, 2), (2, 5), (3, 2), (3, 5), (4, 2), (4, 4)), (2, 3))",6,5,11.0,6,,,pruned,,,402
"(((1, 3), (1, 4), (2, 2), (2, 5), (3, 2), (3, 6), (4, 2), (4, 4)), (2, 3))","(((1, 3), (1, 4), (2, 2), (2, 5), (3, 2), (3, 5), (4, 2), (4, 4)), (2, 3))",6,5,11.0,6,,,pruned,,,403
"(((1, 3), (1, 4), (2, 2), (2, 5), (3, 2), (3, 5), (4, 1), (4, 4)), (2, 3))","(((1, 3), (1, 4), (2, 2), (2, 5), (3, 2), (3, 5), (4, 2), (4, 4)), (2, 3))",6,5,11.0,6,,,pruned,,,404
"(((1, 3), (1, 4), (2, 2), (2, 5), (3, 2), (3, 5), (4, 2), (4, 4)), (2, 3))","(((1, 4), (2, 2), (2, 3), (2, 5), (3, 2), (3, 5), (4, 2), (4, 4)), (2, 4))",5,4.0,9.0,5,12,5,expanded,False,True,405
"(((1, 4), (2, 2), (2, 3), (2, 5), (3, 2), (3, 5), (4, 3), (4, 4)), (2, 6))","(((1, 4), (2, 2), (2, 3), (2, 5), (3, 2), (3, 5), (4, 2), (4, 4)), (2, 4))",5,4.0,9.0,5,5,0,expanded,False,True,406
"(((1, 5), (2, 2), (2, 5), (3, 2), (3, 5), (4, 2), (4, 3), (4, 4)), (2, 6))","(((1, 5), (2, 2), (2, 5), (3, 2), (3, 5), (4, 2), (4, 3), (4, 5)), (1, 2))",5,4.0,9.0,5,5,0,expanded,False,True,407
"(((1, 5), (2, 2), (2, 5), (3, 2), (3, 4), (4, 2), (4, 3), (5, 5)), (2, 6))","(((1, 5), (2, 2), (2, 5), (3, 2), (3, 4), (4, 2), (4, 3), (4, 5)), (2, 6))",6,5,11.0,6,,,pruned,,,408
"(((1, 5), (2, 2), (2, 5), (3, 2), (3, 4), (4, 2), (4, 3), (4, 6)), (2, 6))","(((1, 5), (2, 2), (2, 5), (3, 2), (3, 4), (4, 2), (4, 3), (4, 5)), (2, 6))",6,5,11.0,6,,,pruned,,,409
"(((1, 5), (2, 2), (2, 5), (3, 2), (3, 4), (4, 2), (4, 3), (4, 5)), (2, 6))","(((1, 5), (2, 2), (2, 5), (3, 2), (3, 5), (4, 2), (4, 3), (4, 5)), (1, 2))",5,4.0,9.0,5,9,2,expanded,False,True,410
"(((1, 4), (2, 2), (2, 5), (3, 4), (3, 5), (4, 2), (4, 3), (4, 6)), (1, 2))","(((1, 4), (2, 2), (2, 5), (3, 4), (3, 5), (4, 2), (4, 3), (4, 5)), (1, 2))",6,5,11.0,6,,,pruned,,,411
"(((1, 4), (2, 2), (2, 5), (3, 4), (3, 5), (4, 2), (4, 5), (5, 3)), (1, 2))","(((1, 4), (2, 2), (2, 5), (3, 4), (3, 5), (4, 2), (4, 3), (4, 5)), (1, 2))",6,5,11.0,6,,,pruned,,,412
"(((1, 4), (2, 2), (2, 6), (3, 4), (3, 5), (4, 2), (4, 3), (4, 5)), (1, 2))","(((1, 4), (2, 2), (2, 5), (3, 4), (3, 5), (4, 2), (4, 3), (4, 5)), (1, 2))",6,5,11.0,6,,,pruned,,,413
"(((1, 4), (2, 2), (2, 5), (3, 4), (3, 5), (4, 3), (4, 5), (5, 2)), (1, 2))","(((1, 4), (2, 2), (2, 5), (3, 4), (3, 5), (4, 2), (4, 3), (4, 5)), (1, 2))",6,5,11.0,6,,,pruned,,,414
"(((1, 4), (2, 2), (2, 5), (3, 4), (3, 5), (4, 2), (4, 3), (4, 5)), (1, 2))","(((1, 4), (2, 2), (2, 5), (3, 3), (3, 5), (4, 2), (4, 3), (4, 5)), (1, 2))",5,4.0,9.0,5,13,4,expanded,False,True,415
"(((1, 5), (2, 2), (2, 5), (3, 2), (3, 3), (3, 5), (4, 3), (4, 4)), (2, 6))","(((1, 5), (2, 2), (2, 5), (3, 2), (3, 3), (3, 5), (4, 3), (4, 5)), (1, 2))",5,4.0,9.0,5,3,0,expanded,False,True,416
"(((1, 5), (2, 2), (2, 5), (3, 2), (3, 3), (3, 4), (4, 3), (5, 5)), (2, 6))","(((1, 5), (2, 2), (2, 5), (3, 2), (3, 3), (3, 4), (4, 3), (4, 5)), (2, 6))",6,5,11.0,6,,,pruned,,,417
"(((1, 5), (2, 2), (2, 5), (3, 2), (3, 3), (3, 4), (4, 3), (4, 6)), (2, 6))","(((1, 5), (2, 2), (2, 5), (3, 2), (3, 3), (3, 4), (4, 3), (4, 5)), (2, 6))",6,5,11.0,6,,,pruned,,,418
"(((1, 5), (2, 2), (2, 5), (3, 2), (3, 3), (3, 4), (4, 3), (4, 5)), (2, 6))","(((1, 5), (2, 2), (2, 5), (3, 2), (3, 3), (3, 5), (4, 3), (4, 5)), (1, 2))",5,4.0,9.0,5,8,2,expanded,False,True,419
"(((1, 3), (1, 4), (2, 2), (2, 5), (3, 2), (3, 4), (4, 2), (5, 5)), (2, 3))","(((1, 3), (1, 4), (2, 2), (2, 5), (3, 2), (3, 4), (4, 2), (4, 5)), (2, 3))",6,5,11.0,6,,,pruned,,,420
"(((1, 3), (1, 4), (2, 2), (2, 5), (3, 2), (3, 4), (4, 2), (4, 6)), (2, 3))","(((1, 3), (1, 4), (2, 2), (2, 5), (3, 2), (3, 4), (4, 2), (4, 5)), (2, 3))",6,5,11.0,6,,,pruned,,,421
"(((1, 3), (1, 4), (2, 2), (2, 5), (3, 1), (3, 4), (4, 2), (4, 5)), (2, 3))","(((1, 3), (1, 4), (2, 2), (2, 5), (3, 2), (3, 4), (4, 2), (4, 5)), (2, 3))",6,5,11.0,6,,,pruned,,,422
"(((1, 3), (1, 4), (2, 2), (2, 6), (3, 2), (3, 4), (4, 2), (4, 5)), (1, 5))","(((1, 3), (1, 4), (2, 2), (2, 5), (3, 2), (3, 4), (4, 2), (4, 5)), (2, 3))",6,5,11.0,6,,,pruned,,,423
"(((1, 3), (1, 4), (2, 2), (2, 5), (3, 2), (3, 4), (4, 1), (4, 5)), (2, 3))","(((1, 3), (1, 4), (2, 2), (2, 5), (3, 2), (3, 4), (4, 2), (4, 5)), (2, 3))",6,5,11.0,6,,,pruned,,,424
"(((1, 3), (1, 4), (2, 2), (2, 5), (3, 2), (3, 4), (4, 2), (4, 5)), (2, 3))","(((1, 4), (2, 2), (2, 3), (2, 5), (3, 2), (3, 4), (4, 2), (4, 5)), (2, 6))",5,4.0,9.0,5,15,5,expanded,False,True,425
"(((1, 4), (2, 2), (2, 3), (2, 5), (3, 2), (3, 4), (4, 3), (5, 5)), (2, 6))","(((1, 4), (2, 2), (2, 3), (2, 5), (3, 2), (3, 4), (4, 3), (4, 5)), (2, 6))",6,5,11.0,6,,,pruned,,,426
"(((1, 4), (2, 2), (2, 3), (2, 5), (3, 2), (3, 4), (4, 3), (4, 6)), (2, 6))","(((1, 4), (2, 2), (2, 3), (2, 5), (3, 2), (3, 4), (4, 3), (4, 5)), (2, 6))",6,5,11.0,6,,,pruned,,,427
"(((1, 4), (2, 2), (2, 3), (2, 5), (3, 2), (3, 4), (4, 3), (4, 5)), (2, 6))","(((1, 4), (2, 2), (2, 3), (2, 5), (3, 2), (3, 4), (4, 2), (4, 5)), (2, 6))",5,4.0,9.0,5,12,2,expanded,False,True,428
"(((1, 3), (1, 4), (2, 2), (2, 5), (3, 2), (3, 5), (4, 3), (4, 6)), (2, 3))","(((1, 3), (1, 4), (2, 2), (2, 5), (3, 2), (3, 5), (4, 3), (4, 5)), (2, 3))",6,5,11.0,6,,,pruned,,,429
"(((1, 3), (1, 4), (2, 2), (2, 5), (3, 2), (3, 5), (4, 5), (5, 3)), (2, 3))","(((1, 3), (1, 4), (2, 2), (2, 5), (3, 2), (3, 5), (4, 3), (4, 5)), (2, 3))",6,5,11.0,6,,,pruned,,,430
"(((1, 3), (1, 4), (2, 2), (2, 5), (3, 1), (3, 5), (4, 3), (4, 5)), (2, 3))","(((1, 3), (1, 4), (2, 2), (2, 5), (3, 2), (3, 5), (4, 3), (4, 5)), (2, 3))",6,5,11.0,6,,,pruned,,,431
"(((1, 3), (1, 4), (2, 2), (2, 6), (3, 2), (3, 5), (4, 3), (4, 5)), (1, 5))","(((1, 3), (1, 4), (2, 2), (2, 5), (3, 2), (3, 5), (4, 3), (4, 5)), (2, 3))",6,5,11.0,6,,,pruned,,,432
"(((1, 3), (1, 4), (2, 2), (2, 5), (3, 2), (3, 6), (4, 3), (4, 5)), (2, 3))","(((1, 3), (1, 4), (2, 2), (2, 5), (3, 2), (3, 5), (4, 3), (4, 5)), (2, 3))",6,5,11.0,6,,,pruned,,,433
"(((1, 3), (1, 4), (2, 2), (2, 5), (3, 2), (3, 5), (4, 3), (4, 5)), (2, 3))","(((1, 4), (2, 2), (2, 3), (2, 5), (3, 2), (3, 5), (4, 3), (4, 5)), (2, 4))",5,4.0,9.0,5,12,5,expanded,False,True,434
"(((1, 2), (1, 4), (2, 2), (2, 5), (3, 3), (3, 5), (4, 3), (4, 6)), (1, 3))","(((1, 2), (1, 4), (2, 2), (2, 5), (3, 3), (3, 5), (4, 3), (4, 5)), (1, 3))",6,5,11.0,6,,,pruned,,,435
"(((1, 2), (1, 4), (2, 2), (2, 6), (3, 3), (3, 5), (4, 3), (4, 5)), (1, 3))","(((1, 2), (1, 4), (2, 2), (2, 5), (3, 3), (3, 5), (4, 3), (4, 5)), (1, 3))",6,5,11.0,6,,,pruned,,,436
"(((1, 2), (1, 4), (2, 2), (2, 5), (3, 3), (3, 6), (4, 3), (4, 5)), (1, 3))","(((1, 2), (1, 4), (2, 2), (2, 5), (3, 3), (3, 5), (4, 3), (4, 5)), (1, 3))",6,5,11.0,6,,,pruned,,,437
"(((1, 2), (1, 4), (2, 2), (2, 5), (3, 3), (3, 5), (4, 3), (4, 5)), (1, 3))","(((1, 2), (1, 4), (2, 3), (2, 5), (3, 3), (3, 5), (4, 3), (4, 5)), (2, 2))",5,4.0,9.0,5,11,3,expanded,False,True,438
"(((1, 5), (2, 2), (2, 5), (3, 2), (3, 3), (3, 4), (4, 1), (4, 4)), (2, 6))","(((1, 5), (2, 2), (2, 5), (3, 2), (3, 3), (3, 4), (4, 2), (4, 4)), (2, 6))",6,5,11.0,6,,,pruned,,,439
"(((1, 5), (2, 2), (2, 5), (3, 2), (3, 3), (3, 4), (4, 2), (4, 4)), (2, 6))","(((1, 5), (2, 2), (2, 5), (3, 2), (3, 3), (3, 5), (4, 2), (4, 4)), (2, 6))",5,4.0,9.0,5,6,1,expanded,False,True,440
"(((1, 3), (2, 2), (2, 4), (2, 5), (3, 2), (3, 5), (4, 3), (4, 4)), (2, 6))","(((1, 3), (2, 2), (2, 4), (2, 5), (3, 2), (3, 5), (4, 3), (4, 5)), (2, 3))",5,4.0,9.0,5,4,0,expanded,False,True,441
"(((1, 3), (2, 2), (2, 4), (2, 5), (3, 2), (3, 4), (4, 3), (5, 5)), (2, 6))","(((1, 3), (2, 2), (2, 4), (2, 5), (3, 2), (3, 4), (4, 3), (4, 5)), (2, 6))",6,5,11.0,6,,,pruned,,,442
"(((1, 3), (2, 2), (2, 4), (2, 5), (3, 2), (3, 4), (4, 3), (4, 6)), (2, 6))","(((1, 3), (2, 2), (2, 4), (2, 5), (3, 2), (3, 4), (4, 3), (4, 5)), (2, 6))",6,5,11.0,6,,,pruned,,,443
"(((1, 3), (2, 2), (2, 4), (2, 5), (3, 2), (3, 4), (4, 3), (4, 5)), (2, 6))","(((1, 3), (2, 2), (2, 4), (2, 5), (3, 2), (3, 5), (4, 3), (4, 5)), (2, 3))",5,4.0,9.0,5,10,2,expanded,False,True,444
"(((2, 2), (2, 3), (2, 4), (2, 5), (3, 2), (3, 4), (4, 3), (4, 4)), (2, 6))","(((2, 2), (2, 3), (2, 4), (2, 5), (3, 2), (3, 5), (4, 3), (4, 4)), (2, 6))",5,4.0,9.0,5,4,0,expanded,False,True,445
"(((1, 5), (2, 2), (2, 3), (2, 4), (3, 2), (3, 4), (4, 3), (5, 5)), (2, 5))","(((1, 5), (2, 2), (2, 3), (2, 4), (3, 2), (3, 4), (4, 3), (4, 5)), (2, 5))",6,5,11.0,6,,,pruned,,,446
"(((1, 5), (2, 2), (2, 3), (2, 4), (3, 2), (3, 4), (4, 3), (4, 6)), (2, 5))","(((1, 5), (2, 2), (2, 3), (2, 4), (3, 2), (3, 4), (4, 3), (4, 5)), (2, 5))",6,5,11.0,6,,,pruned,,,447
"(((1, 5), (2, 2), (2, 3), (2, 4), (3, 2), (3, 4), (4, 3), (4, 5)), (2, 5))","(((2, 2), (2, 3), (2, 4), (2, 5), (3, 2), (3, 4), (4, 3), (4, 5)), (2, 6))",5,4.0,9.0,5,9,2,expanded,False,True,448
"(((1, 4), (2, 2), (2, 4), (3, 2), (3, 3), (3, 4), (4, 3), (4, 4)), (1, 5))","(((1, 4), (2, 2), (2, 5), (3, 2), (3, 3), (3, 4), (4, 3), (4, 4)), (2, 6))",6,3.0,9.0,6,2,0,expanded,False,True,449
"(((1, 4), (1, 5), (2, 2), (3, 2), (3, 3), (3, 4), (4, 2), (4, 3)), (1, 2))","(((1, 4), (1, 5), (2, 2), (3, 2), (3, 3), (3, 4), (4, 2), (4, 4)), (1, 2))",6,3.0,9.0,6,2,0,expanded,False,True,450
"(((1, 4), (1, 5), (2, 2), (2, 3), (3, 2), (3, 4), (4, 1), (4, 4)), (2, 4))","(((1, 4), (1, 5), (2, 2), (2, 3), (3, 2), (3, 4), (4, 2), (4, 4)), (2, 4))",7,4,11.0,7,,,pruned,,,451
"(((1, 4), (1, 5), (2, 2), (2, 3), (3, 1), (3, 4), (4, 2), (4, 4)), (2, 4))","(((1, 4), (1, 5), (2, 2), (2, 3), (3, 2), (3, 4), (4, 2), (4, 4)), (2, 4))",7,4,11.0,7,,,pruned,,,452
"(((1, 4), (1, 5), (2, 2), (2, 3), (3, 2), (3, 4), (4, 2), (4, 4)), (2, 4))","(((1, 4), (1, 5), (2, 2), (3, 2), (3, 3), (3, 4), (4, 2), (4, 4)), (1, 2))",6,3.0,9.0,6,9,2,expanded,False,True,453
"(((1, 4), (2, 2), (2, 5), (3, 3), (3, 4), (4, 3), (4, 4), (5, 2)), (3, 1))","(((1, 4), (2, 2), (2, 5), (3, 3), (3, 4), (4, 2), (4, 3), (4, 4)), (2, 6))",7,4,11.0,7,,,pruned,,,454
"(((1, 4), (2, 2), (2, 5), (3, 3), (3, 4), (4, 2), (4, 3), (4, 4)), (2, 6))","(((1, 4), (2, 2), (2, 5), (3, 2), (3, 4), (4, 2), (4, 3), (4, 4)), (2, 6))",6,3.0,9.0,6,5,1,expanded,False,True,455
"(((1, 4), (2, 2), (2, 4), (3, 2), (3, 4), (4, 2), (4, 3), (4, 4)), (1, 5))","(((1, 4), (2, 2), (2, 5), (3, 2), (3, 4), (4, 2), (4, 3), (4, 4)), (2, 6))",6,3.0,9.0,6,5,0,expanded,False,True,456
"(((1, 4), (1, 5), (2, 2), (3, 2), (3, 4), (3, 5), (4, 2), (5, 3)), (1, 2))","(((1, 4), (1, 5), (2, 2), (3, 2), (3, 4), (3, 5), (4, 2), (4, 3)), (1, 2))",7,4,11.0,7,,,pruned,,,457
"(((1, 4), (1, 5), (2, 2), (3, 1), (3, 4), (3, 5), (4, 2), (4, 3)), (1, 2))","(((1, 4), (1, 5), (2, 2), (3, 2), (3, 4), (3, 5), (4, 2), (4, 3)), (1, 2))",7,4,11.0,7,,,pruned,,,458
"(((1, 4), (1, 5), (2, 2), (3, 2), (3, 4), (3, 5), (4, 2), (4, 3)), (1, 2))","(((1, 4), (1, 5), (2, 2), (3, 2), (3, 4), (4, 2), (4, 3), (4, 5)), (1, 2))",6,3.0,9.0,6,8,2,expanded,False,True,459
"(((1, 4), (1, 5), (2, 2), (3, 2), (4, 2), (4, 4), (4, 5), (5, 3)), (1, 2))","(((1, 4), (1, 5), (2, 2), (3, 2), (4, 2), (4, 3), (4, 4), (4, 5)), (1, 2))",7,4,11.0,7,,,pruned,,,460
"(((1, 4), (1, 5), (2, 2), (3, 2), (4, 2), (4, 3), (4, 5), (5, 4)), (1, 2))","(((1, 4), (1, 5), (2, 2), (3, 2), (4, 2), (4, 3), (4, 4), (4, 5)), (1, 2))",7,4,11.0,7,,,pruned,,,461
"(((1, 4), (1, 5), (2, 2), (3, 2), (4, 2), (4, 3), (4, 4), (5, 5)), (1, 2))","(((1, 4), (1, 5), (2, 2), (3, 2), (4, 2), (4, 3), (4, 4), (4, 5)), (1, 2))",7,4,11.0,7,,,pruned,,,462
"(((1, 4), (1, 5), (2, 2), (3, 1), (4, 2), (4, 3), (4, 4), (4, 5)), (1, 2))","(((1, 4), (1, 5), (2, 2), (3, 2), (4, 2), (4, 3), (4, 4), (4, 5)), (1, 2))",7,4,11.0,7,,,pruned,,,463
"(((1, 4), (1, 5), (2, 2), (3, 2), (4, 2), (4, 3), (4, 4), (4, 5)), (1, 2))","(((1, 4), (1, 5), (2, 2), (3, 2), (3, 4), (4, 2), (4, 3), (4, 5)), (1, 2))",6,3.0,9.0,6,8,4,expanded,False,True,464
"(((1, 4), (1, 5), (2, 2), (3, 3), (3, 4), (4, 2), (4, 3), (5, 5)), (1, 2))","(((1, 4), (1, 5), (2, 2), (3, 3), (3, 4), (4, 2), (4, 3), (4, 5)), (1, 2))",7,4,11.0,7,,,pruned,,,465
"(((1, 4), (1, 5), (2, 2), (3, 3), (3, 4), (4, 2), (4, 3), (4, 6)), (1, 2))","(((1, 4), (1, 5), (2, 2), (3, 3), (3, 4), (4, 2), (4, 3), (4, 5)), (1, 2))",7,4,11.0,7,,,pruned,,,466
"(((1, 4), (1, 5), (2, 2), (3, 3), (3, 4), (4, 3), (4, 5), (5, 2)), (3, 1))","(((1, 4), (1, 5), (2, 2), (3, 3), (3, 4), (4, 2), (4, 3), (4, 5)), (1, 2))",7,4,11.0,7,,,pruned,,,467
"(((1, 4), (1, 5), (2, 2), (3, 3), (3, 4), (4, 2), (4, 3), (4, 5)), (1, 2))","(((1, 4), (1, 5), (2, 2), (3, 2), (3, 4), (4, 2), (4, 3), (4, 5)), (1, 2))",6,3.0,9.0,6,10,3,expanded,False,True,468
"(((1, 4), (1, 5), (2, 2), (3, 2), (3, 3), (3, 4), (3, 5), (4, 3)), (1, 2))","(((1, 4), (1, 5), (2, 2), (3, 2), (3, 3), (3, 4), (4, 3), (4, 5)), (1, 2))",6,3.0,9.0,6,6,0,expanded,False,True,469
"(((1, 4), (1, 5), (2, 2), (3, 2), (3, 3), (4, 3), (4, 5), (5, 4)), (1, 2))","(((1, 4), (1, 5), (2, 2), (3, 2), (3, 3), (4, 3), (4, 4), (4, 5)), (1, 2))",7,4,11.0,7,,,pruned,,,470
"(((1, 4), (1, 5), (2, 2), (3, 2), (3, 3), (4, 3), (4, 4), (5, 5)), (1, 2))","(((1, 4), (1, 5), (2, 2), (3, 2), (3, 3), (4, 3), (4, 4), (4, 5)), (1, 2))",7,4,11.0,7,,,pruned,,,471
"(((1, 4), (1, 5), (2, 2), (3, 2), (3, 3), (4, 3), (4, 4), (4, 5)), (1, 2))","(((1, 4), (1, 5), (2, 2), (3, 2), (3, 3), (3, 4), (4, 3), (4, 5)), (1, 2))",6,3.0,9.0,6,4,2,expanded,False,True,472
"(((1, 4), (1, 5), (2, 2), (3, 2), (3, 3), (3, 4), (4, 4), (5, 5)), (1, 2))","(((1, 4), (1, 5), (2, 2), (3, 2), (3, 3), (3, 4), (4, 4), (4, 5)), (1, 2))",7,4,11.0,7,,,pruned,,,473
"(((1, 4), (1, 5), (2, 2), (3, 2), (3, 3), (3, 4), (4, 4), (4, 5)), (1, 2))","(((1, 4), (1, 5), (2, 2), (3, 2), (3, 3), (3, 4), (4, 3), (4, 5)), (1, 2))",6,3.0,9.0,6,4,1,expanded,False,True,474
"(((1, 2), (1, 4), (2, 3), (2, 5), (3, 4), (3, 5), (4, 4), (5, 3)), (2, 2))","(((1, 2), (1, 4), (2, 3), (2, 5), (3, 4), (3, 5), (4, 3), (4, 4)), (2, 2))",7,4,11.0,7,,,pruned,,,475
"(((1, 2), (1, 4), (2, 3), (2, 5), (3, 4), (3, 5), (4, 3), (4, 4)), (2, 2))","(((1, 4), (2, 2), (2, 3), (2, 5), (3, 4), (3, 5), (4, 3), (4, 4)), (2, 6))",6,3.0,9.0,6,5,1,expanded,False,True,476
"(((1, 4), (2, 2), (2, 3), (2, 4), (3, 4), (3, 5), (4, 4), (5, 3)), (3, 1))","(((1, 4), (2, 2), (2, 3), (2, 4), (3, 4), (3, 5), (4, 3), (4, 4)), (1, 5))",7,4,11.0,7,,,pruned,,,477
"(((1, 4), (2, 2), (2, 3), (2, 4), (3, 4), (3, 5), (4, 3), (4, 4)), (1, 5))","(((1, 4), (2, 2), (2, 3), (2, 5), (3, 4), (3, 5), (4, 3), (4, 4)), (2, 6))",6,3.0,9.0,6,7,1,expanded,False,True,478
"(((1, 2), (1, 4), (2, 3), (2, 5), (3, 3), (3, 4), (4, 3), (4, 4)), (2, 2))","(((1, 4), (2, 2), (2, 3), (2, 5), (3, 3), (3, 4), (4, 3), (4, 4)), (2, 6))",6,3.0,9.0,6,3,0,expanded,False,True,479
"(((1, 4), (2, 2), (2, 3), (2, 4), (3, 3), (3, 4), (4, 3), (4, 4)), (1, 5))","(((1, 4), (2, 2), (2, 3), (2, 5), (3, 3), (3, 4), (4, 3), (4, 4)), (2, 6))",6,3.0,9.0,6,2,0,expanded,False,True,480
"(((1, 4), (1, 5), (2, 2), (2, 3), (3, 3), (3, 4), (3, 5), (4, 3)), (2, 4))","(((1, 4), (1, 5), (2, 2), (2, 3), (3, 3), (3, 4), (4, 3), (4, 5)), (2, 4))",6,3.0,9.0,6,7,0,expanded,False,True,481
"(((1, 2), (1, 4), (1, 5), (2, 3), (3, 3), (3, 4), (4, 3), (5, 5)), (2, 2))","(((1, 2), (1, 4), (1, 5), (2, 3), (3, 3), (3, 4), (4, 3), (4, 5)), (2, 2))",7,4,11.0,7,,,pruned,,,482
"(((1, 2), (1, 4), (1, 5), (2, 3), (3, 3), (3, 4), (4, 3), (4, 6)), (2, 2))","(((1, 2), (1, 4), (1, 5), (2, 3), (3, 3), (3, 4), (4, 3), (4, 5)), (2, 2))",7,4,11.0,7,,,pruned,,,483
"(((1, 2), (1, 4), (1, 5), (2, 3), (3, 3), (3, 4), (4, 3), (4, 5)), (2, 2))","(((1, 4), (1, 5), (2, 2), (2, 3), (3, 3), (3, 4), (4, 3), (4, 5)), (2, 4))",6,3.0,9.0,6,10,2,expanded,False,True,484
"(((1, 4), (1, 5), (2, 2), (2, 3), (3, 3), (4, 3), (4, 5), (5, 4)), (2, 4))","(((1, 4), (1, 5), (2, 2), (2, 3), (3, 3), (4, 3), (4, 4), (4, 5)), (2, 4))",7,4,11.0,7,,,pruned,,,485
"(((1, 4), (1, 5), (2, 2), (2, 3), (3, 3), (4, 3), (4, 4), (5, 5)), (2, 4))","(((1, 4), (1, 5), (2, 2), (2, 3), (3, 3), (4, 3), (4, 4), (4, 5)), (2, 4))",7,4,11.0,7,,,pruned,,,486
"(((1, 4), (1, 5), (2, 2), (2, 3), (3, 3), (4, 3), (4, 4), (4, 5)), (2, 4))","(((1, 4), (1, 5), (2, 2), (2, 3), (3, 3), (3, 4), (4, 3), (4, 5)), (2, 4))",6,3.0,9.0,6,7,2,expanded,False,True,487
"(((1, 4), (1, 5), (2, 2), (2, 3), (3, 3), (3, 4), (4, 4), (5, 5)), (2, 4))","(((1, 4), (1, 5), (2, 2), (2, 3), (3, 3), (3, 4), (4, 4), (4, 5)), (2, 4))",7,4,11.0,7,,,pruned,,,488
"(((1, 4), (1, 5), (2, 2), (2, 3), (3, 3), (3, 4), (4, 4), (4, 5)), (2, 4))","(((1, 4), (1, 5), (2, 2), (2, 3), (3, 3), (3, 4), (4, 3), (4, 5)), (2, 4))",6,3.0,9.0,6,3,1,expanded,False,True,489
"(((1, 2), (1, 3), (1, 4), (2, 5), (3, 4), (3, 5), (4, 3), (4, 6)), (2, 2))","(((1, 2), (1, 3), (1, 4), (2, 5), (3, 4), (3, 5), (4, 3), (4, 5)), (2, 2))",7,4,11.0,7,,,pruned,,,490
"(((1, 2), (1, 3), (1, 4), (2, 5), (3, 4), (3, 5), (4, 5), (5, 3)), (2, 2))","(((1, 2), (1, 3), (1, 4), (2, 5), (3, 4), (3, 5), (4, 3), (4, 5)), (2, 2))",7,4,11.0,7,,,pruned,,,491
"(((1, 2), (1, 3), (1, 4), (2, 6), (3, 4), (3, 5), (4, 3), (4, 5)), (1, 5))","(((1, 2), (1, 3), (1, 4), (2, 5), (3, 4), (3, 5), (4, 3), (4, 5)), (2, 2))",7,4,11.0,7,,,pruned,,,492
"(((1, 2), (1, 3), (1, 4), (2, 5), (3, 4), (3, 5), (4, 3), (4, 5)), (2, 2))","(((1, 3), (1, 4), (2, 2), (2, 5), (3, 4), (3, 5), (4, 3), (4, 5)), (2, 3))",6,3.0,9.0,6,10,3,expanded,False,True,493
"(((1, 3), (1, 4), (2, 2), (2, 5), (3, 5), (4, 3), (4, 5), (5, 4)), (2, 3))","(((1, 3), (1, 4), (2, 2), (2, 5), (3, 5), (4, 3), (4, 4), (4, 5)), (2, 3))",7,4,11.0,7,,,pruned,,,494
"(((1, 3), (1, 4), (2, 2), (2, 5), (3, 5), (4, 4), (4, 5), (5, 3)), (2, 3))","(((1, 3), (1, 4), (2, 2), (2, 5), (3, 5), (4, 3), (4, 4), (4, 5)), (2, 3))",7,4,11.0,7,,,pruned,,,495
"(((1, 3), (1, 4), (2, 2), (2, 6), (3, 5), (4, 3), (4, 4), (4, 5)), (1, 5))","(((1, 3), (1, 4), (2, 2), (2, 5), (3, 5), (4, 3), (4, 4), (4, 5)), (2, 3))",7,4,11.0,7,,,pruned,,,496
"(((1, 3), (1, 4), (2, 2), (2, 5), (3, 6), (4, 3), (4, 4), (4, 5)), (2, 3))","(((1, 3), (1, 4), (2, 2), (2, 5), (3, 5), (4, 3), (4, 4), (4, 5)), (2, 3))",7,4,11.0,7,,,pruned,,,497
"(((1, 3), (1, 4), (2, 2), (2, 5), (3, 5), (4, 3), (4, 4), (4, 5)), (2, 3))","(((1, 3), (1, 4), (2, 2), (2, 5), (3, 4), (3, 5), (4, 3), (4, 5)), (2, 3))",6,3.0,9.0,6,9,4,expanded,False,True,498
"(((1, 3), (1, 4), (2, 2), (2, 6), (3, 4), (3, 5), (4, 4), (4, 5)), (1, 5))","(((1, 3), (1, 4), (2, 2), (2, 5), (3, 4), (3, 5), (4, 4), (4, 5)), (2, 3))",7,4,11.0,7,,,pruned,,,499
"(((1, 3), (1, 4), (2, 2), (2, 5), (3, 4), (3, 5), (4, 4), (4, 5)), (2, 3))","(((1, 3), (1, 4), (2, 2), (2, 5), (3, 4), (3, 5), (4, 3), (4, 5)), (2, 3))",6,3.0,9.0,6,3,1,expanded,False,True,500
"(((1, 3), (1, 4), (2, 2), (2, 4), (3, 4), (3, 5), (4, 3), (4, 6)), (2, 3))","(((1, 3), (1, 4), (2, 2), (2, 4), (3, 4), (3, 5), (4, 3), (4, 5)), (1, 5))",7,4,11.0,7,,,pruned,,,501
"(((1, 3), (1, 4), (2, 2), (2, 4), (3, 4), (3, 5), (4, 5), (5, 3)), (1, 5))","(((1, 3), (1, 4), (2, 2), (2, 4), (3, 4), (3, 5), (4, 3), (4, 5)), (1, 5))",7,4,11.0,7,,,pruned,,,502
"(((1, 3), (1, 4), (2, 2), (2, 4), (3, 4), (3, 5), (4, 3), (4, 5)), (1, 5))","(((1, 3), (1, 4), (2, 2), (2, 5), (3, 4), (3, 5), (4, 3), (4, 5)), (2, 3))",6,3.0,9.0,6,9,2,expanded,False,True,503
"(((1, 2), (1, 3), (2, 4), (2, 5), (3, 4), (3, 5), (4, 4), (5, 3)), (2, 2))","(((1, 2), (1, 3), (2, 4), (2, 5), (3, 4), (3, 5), (4, 3), (4, 4)), (2, 2))",7,4,11.0,7,,,pruned,,,504
"(((1, 2), (1, 3), (2, 4), (2, 5), (3, 4), (3, 5), (4, 3), (4, 4)), (2, 2))","(((1, 3), (2, 2), (2, 4), (2, 5), (3, 4), (3, 5), (4, 3), (4, 4)), (2, 3))",6,3.0,9.0,6,2,1,expanded,False,True,505
"(((1, 2), (1, 5), (2, 3), (2, 4), (3, 3), (3, 4), (4, 3), (4, 4)), (2, 2))","(((1, 5), (2, 2), (2, 3), (2, 4), (3, 3), (3, 4), (4, 3), (4, 4)), (2, 5))",6,3.0,9.0,6,0,0,expanded,False,True,506
"(((1, 3), (1, 4), (2, 2), (2, 5), (3, 2), (3, 4), (4, 1), (4, 4)), (2, 3))","(((1, 3), (1, 4), (2, 2), (2, 5), (3, 2), (3, 4), (4, 2), (4, 4)), (2, 3))",7,4,11.0,7,,,pruned,,,507
"(((1, 3), (1, 4), (2, 2), (2, 5), (3, 1), (3, 4), (4, 2), (4, 4)), (2, 3))","(((1, 3), (1, 4), (2, 2), (2, 5), (3, 2), (3, 4), (4, 2), (4, 4)), (2, 3))",7,4,11.0,7,,,pruned,,,508
"(((1, 3), (1, 4), (2, 2), (2, 6), (3, 2), (3, 4), (4, 2), (4, 4)), (1, 5))","(((1, 3), (1, 4), (2, 2), (2, 5), (3, 2), (3, 4), (4, 2), (4, 4)), (2, 3))",7,4,11.0,7,,,pruned,,,509
"(((1, 3), (1, 4), (2, 2), (2, 5), (3, 2), (3, 4), (4, 2), (4, 4)), (2, 3))","(((1, 4), (2, 2), (2, 3), (2, 5), (3, 2), (3, 4), (4, 2), (4, 4)), (2, 6))",6,3.0,9.0,6,11,3,expanded,False,True,510
"(((1, 4), (2, 2), (2, 3), (2, 5), (3, 2), (3, 4), (4, 3), (4, 4)), (2, 6))","(((1, 4), (2, 2), (2, 3), (2, 5), (3, 2), (3, 4), (4, 2), (4, 4)), (2, 6))",6,3.0,9.0,6,5,0,expanded,False,True,511
"(((1, 4), (2, 2), (2, 5), (3, 4), (3, 5), (4, 2), (4, 4), (5, 3)), (1, 2))","(((1, 4), (2, 2), (2, 5), (3, 4), (3, 5), (4, 2), (4, 3), (4, 4)), (1, 2))",7,4,11.0,7,,,pruned,,,512
"(((1, 4), (2, 2), (2, 5), (3, 4), (3, 5), (4, 3), (4, 4), (5, 2)), (1, 2))","(((1, 4), (2, 2), (2, 5), (3, 4), (3, 5), (4, 2), (4, 3), (4, 4)), (1, 2))",7,4,11.0,7,,,pruned,,,513
"(((1, 4), (2, 2), (2, 6), (3, 4), (3, 5), (4, 2), (4, 3), (4, 4)), (1, 2))","(((1, 4), (2, 2), (2, 5), (3, 4), (3, 5), (4, 2), (4, 3), (4, 4)), (1, 2))",7,4,11.0,7,,,pruned,,,514
"(((1, 4), (2, 2), (2, 5), (3, 4), (3, 5), (4, 2), (4, 3), (4, 4)), (1, 2))","(((1, 4), (2, 2), (2, 5), (3, 3), (3, 5), (4, 2), (4, 3), (4, 4)), (2, 6))",6,3.0,9.0,6,9,3,expanded,False,True,515
"(((1, 3), (1, 4), (1, 5), (2, 2), (3, 2), (3, 4), (4, 2), (5, 5)), (2, 3))","(((1, 3), (1, 4), (1, 5), (2, 2), (3, 2), (3, 4), (4, 2), (4, 5)), (2, 3))",7,4,11.0,7,,,pruned,,,516
"(((1, 3), (1, 4), (1, 5), (2, 2), (3, 2), (3, 4), (4, 2), (4, 6)), (2, 3))","(((1, 3), (1, 4), (1, 5), (2, 2), (3, 2), (3, 4), (4, 2), (4, 5)), (2, 3))",7,4,11.0,7,,,pruned,,,517
"(((1, 3), (1, 4), (1, 5), (2, 2), (3, 2), (3, 4), (4, 1), (4, 5)), (2, 3))","(((1, 3), (1, 4), (1, 5), (2, 2), (3, 2), (3, 4), (4, 2), (4, 5)), (2, 3))",7,4,11.0,7,,,pruned,,,518
"(((1, 3), (1, 4), (1, 5), (2, 2), (3, 1), (3, 4), (4, 2), (4, 5)), (2, 3))","(((1, 3), (1, 4), (1, 5), (2, 2), (3, 2), (3, 4), (4, 2), (4, 5)), (2, 3))",7,4,11.0,7,,,pruned,,,519
"(((1, 3), (1, 4), (1, 5), (2, 2), (3, 2), (3, 4), (4, 2), (4, 5)), (2, 3))","(((1, 4), (1, 5), (2, 2), (2, 3), (3, 2), (3, 4), (4, 2), (4, 5)), (2, 4))",6,3.0,9.0,6,12,4,expanded,False,True,520
"(((1, 4), (1, 5), (2, 2), (2, 3), (3, 2), (3, 4), (4, 3), (5, 5)), (2, 4))","(((1, 4), (1, 5), (2, 2), (2, 3), (3, 2), (3, 4), (4, 3), (4, 5)), (2, 4))",7,4,11.0,7,,,pruned,,,521
"(((1, 4), (1, 5), (2, 2), (2, 3), (3, 2), (3, 4), (4, 3), (4, 6)), (2, 4))","(((1, 4), (1, 5), (2, 2), (2, 3), (3, 2), (3, 4), (4, 3), (4, 5)), (2, 4))",7,4,11.0,7,,,pruned,,,522
"(((1, 4), (1, 5), (2, 2), (2, 3), (3, 2), (3, 4), (4, 3), (4, 5)), (2, 4))","(((1, 4), (1, 5), (2, 2), (2, 3), (3, 2), (3, 4), (4, 2), (4, 5)), (2, 4))",6,3.0,9.0,6,11,2,expanded,False,True,523
"(((1, 3), (1, 4), (2, 2), (2, 5), (3, 2), (3, 5), (4, 3), (4, 4)), (2, 6))","(((1, 3), (1, 4), (2, 2), (2, 5), (3, 2), (3, 5), (4, 2), (4, 4)), (2, 3))",6,3.0,9.0,6,5,0,expanded,False,True,524
"(((1, 5), (2, 2), (2, 5), (3, 2), (3, 4), (4, 2), (4, 3), (4, 4)), (2, 6))","(((1, 5), (2, 2), (2, 5), (3, 2), (3, 5), (4, 2), (4, 3), (4, 4)), (2, 6))",6,3.0,9.0,6,4,0,expanded,False,True,525
"(((1, 5), (2, 2), (2, 5), (3, 2), (3, 3), (3, 4), (4, 3), (4, 4)), (2, 6))","(((1, 5), (2, 2), (2, 5), (3, 2), (3, 3), (3, 5), (4, 3), (4, 4)), (2, 6))",6,3.0,9.0,6,1,0,expanded,False,True,526
"(((1, 3), (1, 4), (2, 2), (2, 5), (3, 2), (3, 4), (4, 3), (5, 5)), (2, 6))","(((1, 3), (1, 4), (2, 2), (2, 5), (3, 2), (3, 4), (4, 3), (4, 5)), (2, 6))",7,4,11.0,7,,,pruned,,,527
"(((1, 3), (1, 4), (2, 2), (2, 5), (3, 2), (3, 4), (4, 3), (4, 6)), (2, 6))","(((1, 3), (1, 4), (2, 2), (2, 5), (3, 2), (3, 4), (4, 3), (4, 5)), (2, 6))",7,4,11.0,7,,,pruned,,,528
"(((1, 3), (1, 4), (2, 2), (2, 5), (3, 2), (3, 4), (4, 3), (4, 5)), (2, 6))","(((1, 3), (1, 4), (2, 2), (2, 5), (3, 2), (3, 4), (4, 2), (4, 5)), (2, 3))",6,3.0,9.0,6,12,2,expanded,False,True,529
"(((1, 2), (1, 4), (2, 2), (2, 5), (3, 3), (3, 5), (4, 3), (4, 4)), (2, 6))","(((1, 2), (1, 4), (2, 2), (2, 5), (3, 3), (3, 5), (4, 3), (4, 5)), (1, 3))",6,3.0,9.0,6,4,0,expanded,False,True,530
"(((1, 2), (1, 4), (2, 2), (2, 5), (3, 4), (3, 5), (4, 3), (4, 6)), (1, 3))","(((1, 2), (1, 4), (2, 2), (2, 5), (3, 4), (3, 5), (4, 3), (4, 5)), (1, 3))",7,4,11.0,7,,,pruned,,,531
"(((1, 2), (1, 4), (2, 2), (2, 5), (3, 4), (3, 5), (4, 5), (5, 3)), (1, 3))","(((1, 2), (1, 4), (2, 2), (2, 5), (3, 4), (3, 5), (4, 3), (4, 5)), (1, 3))",7,4,11.0,7,,,pruned,,,532
"(((1, 2), (1, 4), (2, 2), (2, 6), (3, 4), (3, 5), (4, 3), (4, 5)), (1, 3))","(((1, 2), (1, 4), (2, 2), (2, 5), (3, 4), (3, 5), (4, 3), (4, 5)), (1, 3))",7,4,11.0,7,,,pruned,,,533
"(((1, 2), (1, 4), (2, 2), (2, 5), (3, 4), (3, 5), (4, 3), (4, 5)), (1, 3))","(((1, 2), (1, 4), (2, 2), (2, 5), (3, 3), (3, 5), (4, 3), (4, 5)), (1, 3))",6,3.0,9.0,6,11,3,expanded,False,True,534
"(((1, 2), (1, 4), (2, 2), (2, 5), (3, 3), (3, 4), (4, 3), (5, 5)), (2, 6))","(((1, 2), (1, 4), (2, 2), (2, 5), (3, 3), (3, 4), (4, 3), (4, 5)), (2, 6))",7,4,11.0,7,,,pruned,,,535
"(((1, 2), (1, 4), (2, 2), (2, 5), (3, 3), (3, 4), (4, 3), (4, 6)), (2, 6))","(((1, 2), (1, 4), (2, 2), (2, 5), (3, 3), (3, 4), (4, 3), (4, 5)), (2, 6))",7,4,11.0,7,,,pruned,,,536
"(((1, 2), (1, 4), (2, 2), (2, 5), (3, 3), (3, 4), (4, 3), (4, 5)), (2, 6))","(((1, 2), (1, 4), (2, 2), (2, 5), (3, 3), (3, 5), (4, 3), (4, 5)), (1, 3))",6,3.0,9.0,6,9,2,expanded,False,True,537
"(((1, 3), (2, 2), (2, 4), (2, 5), (3, 2), (3, 4), (4, 3), (4, 4)), (2, 6))","(((1, 3), (2, 2), (2, 4), (2, 5), (3, 2), (3, 5), (4, 3), (4, 4)), (2, 6))",6,3.0,9.0,6,4,0,expanded,False,True,538
"(((1, 3), (1, 5), (2, 2), (2, 4), (3, 2), (3, 4), (4, 3), (5, 5)), (2, 5))","(((1, 3), (1, 5), (2, 2), (2, 4), (3, 2), (3, 4), (4, 3), (4, 5)), (2, 5))",7,4,11.0,7,,,pruned,,,539
"(((1, 3), (1, 5), (2, 2), (2, 4), (3, 2), (3, 4), (4, 3), (4, 6)), (2, 5))","(((1, 3), (1, 5), (2, 2), (2, 4), (3, 2), (3, 4), (4, 3), (4, 5)), (2, 5))",7,4,11.0,7,,,pruned,,,540
"(((1, 3), (1, 5), (2, 2), (2, 4), (3, 2), (3, 4), (4, 3), (4, 5)), (2, 5))","(((1, 3), (2, 2), (2, 4), (2, 5), (3, 2), (3, 4), (4, 3), (4, 5)), (2, 6))",6,3.0,9.0,6,10,2,expanded,False,True,541
"(((1, 5), (2, 2), (2, 3), (2, 4), (3, 2), (3, 4), (4, 3), (4, 4)), (2, 5))","(((2, 2), (2, 3), (2, 4), (2, 5), (3, 2), (3, 4), (4, 3), (4, 4)), (2, 6))",6,3.0,9.0,6,3,0,expanded,False,True,542
"(((1, 4), (1, 5), (2, 2), (3, 3), (3, 4), (4, 3), (4, 4), (5, 2)), (3, 1))","(((1, 4), (1, 5), (2, 2), (3, 3), (3, 4), (4, 2), (4, 3), (4, 4)), (1, 2))",8,3,11.0,8,,,pruned,,,543
"(((1, 4), (1, 5), (2, 2), (3, 3), (3, 4), (4, 2), (4, 3), (4, 4)), (1, 2))","(((1, 4), (1, 5), (2, 2), (3, 2), (3, 4), (4, 2), (4, 3), (4, 4)), (1, 2))",7,2.0,9.0,7,4,1,expanded,False,True,544
"(((1, 2), (1, 3), (1, 4), (2, 5), (3, 4), (3, 5), (4, 4), (5, 3)), (2, 2))","(((1, 2), (1, 3), (1, 4), (2, 5), (3, 4), (3, 5), (4, 3), (4, 4)), (2, 2))",8,3,11.0,8,,,pruned,,,545
"(((1, 2), (1, 3), (1, 4), (2, 6), (3, 4), (3, 5), (4, 3), (4, 4)), (1, 5))","(((1, 2), (1, 3), (1, 4), (2, 5), (3, 4), (3, 5), (4, 3), (4, 4)), (2, 2))",8,3,11.0,8,,,pruned,,,546
"(((1, 2), (1, 3), (1, 4), (2, 5), (3, 4), (3, 5), (4, 3), (4, 4)), (2, 2))","(((1, 3), (1, 4), (2, 2), (2, 5), (3, 4), (3, 5), (4, 3), (4, 4)), (2, 3))",7,2.0,9.0,7,4,2,expanded,False,True,547
"(((1, 3), (1, 4), (2, 2), (2, 4), (3, 4), (3, 5), (4, 4), (5, 3)), (2, 3))","(((1, 3), (1, 4), (2, 2), (2, 4), (3, 4), (3, 5), (4, 3), (4, 4)), (1, 5))",8,3,11.0,8,,,pruned,,,548
"(((1, 3), (1, 4), (2, 2), (2, 4), (3, 4), (3, 5), (4, 3), (4, 4)), (1, 5))","(((1, 3), (1, 4), (2, 2), (2, 5), (3, 4), (3, 5), (4, 3), (4, 4)), (2, 3))",7,2.0,9.0,7,7,1,expanded,False,True,549
"(((1, 2), (1, 4), (1, 5), (2, 3), (3, 3), (3, 4), (4, 3), (4, 4)), (2, 2))","(((1, 4), (1, 5), (2, 2), (2, 3), (3, 3), (3, 4), (4, 3), (4, 4)), (2, 4))",7,2.0,9.0,7,2,0,expanded,False,True,550
"(((1, 3), (1, 4), (1, 5), (2, 2), (3, 1), (3, 4), (4, 2), (4, 4)), (2, 3))","(((1, 3), (1, 4), (1, 5), (2, 2), (3, 2), (3, 4), (4, 2), (4, 4)), (2, 3))",8,3,11.0,8,,,pruned,,,551
"(((1, 3), (1, 4), (1, 5), (2, 2), (3, 2), (3, 4), (4, 1), (4, 4)), (2, 3))","(((1, 3), (1, 4), (1, 5), (2, 2), (3, 2), (3, 4), (4, 2), (4, 4)), (2, 3))",8,3,11.0,8,,,pruned,,,552
"(((1, 3), (1, 4), (1, 5), (2, 2), (3, 2), (3, 4), (4, 2), (4, 4)), (2, 3))","(((1, 4), (1, 5), (2, 2), (2, 3), (3, 2), (3, 4), (4, 2), (4, 4)), (2, 4))",7,2.0,9.0,7,8,2,expanded,False,True,553
"(((1, 4), (1, 5), (2, 2), (2, 3), (3, 2), (3, 4), (4, 3), (4, 4)), (2, 4))","(((1, 4), (1, 5), (2, 2), (2, 3), (3, 2), (3, 4), (4, 2), (4, 4)), (2, 4))",7,2.0,9.0,7,3,0,expanded,False,True,554
"(((1, 4), (1, 5), (2, 2), (3, 2), (3, 4), (4, 4), (4, 5), (5, 3)), (1, 2))","(((1, 4), (1, 5), (2, 2), (3, 2), (3, 4), (4, 3), (4, 4), (4, 5)), (1, 2))",8,3,11.0,8,,,pruned,,,555
"(((1, 4), (1, 5), (2, 2), (3, 2), (3, 4), (4, 3), (4, 4), (5, 5)), (1, 2))","(((1, 4), (1, 5), (2, 2), (3, 2), (3, 4), (4, 3), (4, 4), (4, 5)), (1, 2))",8,3,11.0,8,,,pruned,,,556
"(((1, 4), (1, 5), (2, 2), (3, 1), (3, 4), (4, 3), (4, 4), (4, 5)), (1, 2))","(((1, 4), (1, 5), (2, 2), (3, 2), (3, 4), (4, 3), (4, 4), (4, 5)), (1, 2))",8,3,11.0,8,,,pruned,,,557
"(((1, 4), (1, 5), (2, 2), (3, 2), (3, 4), (4, 3), (4, 4), (4, 5)), (1, 2))","(((1, 4), (1, 5), (2, 2), (3, 2), (3, 3), (3, 4), (4, 4), (4, 5)), (1, 2))",7,2.0,9.0,7,8,3,expanded,False,True,558
"(((1, 2), (1, 4), (1, 5), (2, 2), (3, 3), (3, 4), (4, 3), (5, 5)), (1, 3))","(((1, 2), (1, 4), (1, 5), (2, 2), (3, 3), (3, 4), (4, 3), (4, 5)), (1, 3))",8,3,11.0,8,,,pruned,,,559
"(((1, 2), (1, 4), (1, 5), (2, 2), (3, 3), (3, 4), (4, 3), (4, 6)), (1, 3))","(((1, 2), (1, 4), (1, 5), (2, 2), (3, 3), (3, 4), (4, 3), (4, 5)), (1, 3))",8,3,11.0,8,,,pruned,,,560
"(((1, 2), (1, 4), (1, 5), (2, 2), (3, 3), (3, 4), (4, 3), (4, 5)), (1, 3))","(((1, 2), (1, 4), (1, 5), (2, 3), (3, 3), (3, 4), (4, 3), (4, 5)), (2, 2))",7,2.0,9.0,7,8,2,expanded,False,True,561
"(((1, 4), (1, 5), (2, 2), (2, 3), (3, 4), (4, 3), (4, 4), (5, 5)), (2, 4))","(((1, 4), (1, 5), (2, 2), (2, 3), (3, 4), (4, 3), (4, 4), (4, 5)), (2, 4))",8,3,11.0,8,,,pruned,,,562
"(((1, 4), (1, 5), (2, 2), (2, 3), (3, 4), (4, 4), (4, 5), (5, 3)), (3, 1))","(((1, 4), (1, 5), (2, 2), (2, 3), (3, 4), (4, 3), (4, 4), (4, 5)), (2, 4))",8,3,11.0,8,,,pruned,,,563
"(((1, 4), (1, 5), (2, 2), (2, 3), (3, 4), (4, 3), (4, 4), (4, 5)), (2, 4))","(((1, 4), (1, 5), (2, 2), (2, 3), (3, 3), (4, 3), (4, 4), (4, 5)), (2, 4))",7,2.0,9.0,7,8,2,expanded,False,True,564
"(((1, 3), (1, 4), (2, 2), (2, 5), (3, 4), (4, 3), (4, 4), (5, 5)), (2, 6))","(((1, 3), (1, 4), (2, 2), (2, 5), (3, 4), (4, 3), (4, 4), (4, 5)), (2, 3))",8,3,11.0,8,,,pruned,,,565
"(((1, 3), (1, 4), (2, 2), (2, 5), (3, 4), (4, 4), (4, 5), (5, 3)), (2, 3))","(((1, 3), (1, 4), (2, 2), (2, 5), (3, 4), (4, 3), (4, 4), (4, 5)), (2, 3))",8,3,11.0,8,,,pruned,,,566
"(((1, 3), (1, 4), (2, 2), (2, 6), (3, 4), (4, 3), (4, 4), (4, 5)), (1, 5))","(((1, 3), (1, 4), (2, 2), (2, 5), (3, 4), (4, 3), (4, 4), (4, 5)), (2, 3))",8,3,11.0,8,,,pruned,,,567
"(((1, 3), (1, 4), (2, 2), (2, 5), (3, 4), (4, 3), (4, 4), (4, 5)), (2, 3))","(((1, 3), (1, 4), (2, 2), (2, 5), (3, 5), (4, 3), (4, 4), (4, 5)), (2, 3))",7,2.0,9.0,7,10,3,expanded,False,True,568
"(((1, 3), (1, 4), (2, 2), (2, 5), (3, 2), (3, 4), (4, 3), (4, 4)), (2, 6))","(((1, 3), (1, 4), (2, 2), (2, 5), (3, 2), (3, 4), (4, 2), (4, 4)), (2, 3))",7,2.0,9.0,7,5,0,expanded,False,True,569
"(((1, 3), (1, 4), (1, 5), (2, 2), (3, 2), (3, 4), (4, 5), (5, 3)), (2, 3))","(((1, 3), (1, 4), (1, 5), (2, 2), (3, 2), (3, 4), (4, 3), (4, 5)), (2, 3))",8,3,11.0,8,,,pruned,,,570
"(((1, 3), (1, 4), (1, 5), (2, 2), (3, 2), (3, 4), (4, 3), (5, 5)), (2, 3))","(((1, 3), (1, 4), (1, 5), (2, 2), (3, 2), (3, 4), (4, 3), (4, 5)), (2, 3))",8,3,11.0,8,,,pruned,,,571
"(((1, 3), (1, 4), (1, 5), (2, 2), (3, 2), (3, 4), (4, 3), (4, 6)), (2, 3))","(((1, 3), (1, 4), (1, 5), (2, 2), (3, 2), (3, 4), (4, 3), (4, 5)), (2, 3))",8,3,11.0,8,,,pruned,,,572
"(((1, 3), (1, 4), (1, 5), (2, 2), (3, 1), (3, 4), (4, 3), (4, 5)), (2, 3))","(((1, 3), (1, 4), (1, 5), (2, 2), (3, 2), (3, 4), (4, 3), (4, 5)), (2, 3))",8,3,11.0,8,,,pruned,,,573
"(((1, 3), (1, 4), (1, 5), (2, 2), (3, 2), (3, 4), (4, 3), (4, 5)), (2, 3))","(((1, 3), (1, 4), (1, 5), (2, 2), (3, 2), (3, 4), (4, 2), (4, 5)), (2, 3))",7,2.0,9.0,7,14,4,expanded,False,True,574
"(((1, 2), (1, 4), (2, 2), (2, 5), (3, 4), (3, 5), (4, 4), (5, 3)), (1, 3))","(((1, 2), (1, 4), (2, 2), (2, 5), (3, 4), (3, 5), (4, 3), (4, 4)), (1, 3))",8,3,11.0,8,,,pruned,,,575
"(((1, 2), (1, 4), (2, 2), (2, 6), (3, 4), (3, 5), (4, 3), (4, 4)), (1, 3))","(((1, 2), (1, 4), (2, 2), (2, 5), (3, 4), (3, 5), (4, 3), (4, 4)), (1, 3))",8,3,11.0,8,,,pruned,,,576
"(((1, 2), (1, 4), (2, 2), (2, 5), (3, 4), (3, 5), (4, 3), (4, 4)), (1, 3))","(((1, 2), (1, 4), (2, 2), (2, 5), (3, 3), (3, 5), (4, 3), (4, 4)), (2, 6))",7,2.0,9.0,7,5,2,expanded,False,True,577
"(((1, 2), (1, 4), (2, 2), (2, 5), (3, 3), (3, 4), (4, 3), (4, 4)), (2, 6))","(((1, 2), (1, 4), (2, 2), (2, 5), (3, 3), (3, 5), (4, 3), (4, 4)), (2, 6))",7,2.0,9.0,7,2,0,expanded,False,True,578
"(((1, 3), (1, 5), (2, 2), (2, 4), (3, 2), (3, 4), (4, 3), (4, 4)), (2, 5))","(((1, 3), (2, 2), (2, 4), (2, 5), (3, 2), (3, 4), (4, 3), (4, 4)), (2, 6))",7,2.0,9.0,7,4,0,expanded,False,True,579
"(((1, 2), (1, 4), (1, 5), (2, 2), (3, 3), (3, 4), (4, 3), (4, 4)), (1, 3))","(((1, 2), (1, 4), (1, 5), (2, 3), (3, 3), (3, 4), (4, 3), (4, 4)), (2, 2))",8,1.0,9.0,8,0,0,expanded,False,True,580
"(((1, 3), (1, 4), (1, 5), (2, 2), (3, 2), (3, 4), (4, 4), (5, 3)), (2, 3))","(((1, 3), (1, 4), (1, 5), (2, 2), (3, 2), (3, 4), (4, 3), (4, 4)), (2, 3))",9,2,11.0,9,,,pruned,,,581
"(((1, 3), (1, 4), (1, 5), (2, 2), (3, 1), (3, 4), (4, 3), (4, 4)), (2, 3))","(((1, 3), (1, 4), (1, 5), (2, 2), (3, 2), (3, 4), (4, 3), (4, 4)), (2, 3))",9,2,11.0,9,,,pruned,,,582
"(((1, 3), (1, 4), (1, 5), (2, 2), (3, 2), (3, 4), (4, 3), (4, 4)), (2, 3))","(((1, 3), (1, 4), (1, 5), (2, 2), (3, 2), (3, 4), (4, 2), (4, 4)), (2, 3))",8,1.0,9.0,8,6,2,expanded,False,True,583
"(((1, 3), (1, 4), (1, 5), (2, 2), (3, 4), (4, 3), (4, 4), (5, 5)), (2, 3))","(((1, 3), (1, 4), (1, 5), (2, 2), (3, 4), (4, 3), (4, 4), (4, 5)), (2, 3))",9,2,11.0,9,,,pruned,,,584
"(((1, 3), (1, 4), (1, 5), (2, 2), (3, 4), (4, 4), (4, 5), (5, 3)), (2, 3))","(((1, 3), (1, 4), (1, 5), (2, 2), (3, 4), (4, 3), (4, 4), (4, 5)), (2, 3))",9,2,11.0,9,,,pruned,,,585
"(((1, 3), (1, 4), (1, 5), (2, 2), (3, 4), (4, 3), (4, 4), (4, 5)), (2, 3))","(((1, 4), (1, 5), (2, 2), (2, 3), (3, 4), (4, 3), (4, 4), (4, 5)), (2, 4))",8,1.0,9.0,8,7,2,expanded,False,True,586
"(((1, 4), (2, 3), (2, 4), (2, 5), (3, 2), (3, 3), (4, 2), (5, 5)), (2, 6))","(((1, 4), (2, 3), (2, 4), (2, 5), (3, 2), (3, 3), (4, 2), (4, 5)), (2, 6))",4,8,12.0,4,,,pruned,,,587
"(((1, 4), (2, 3), (2, 4), (2, 5), (3, 2), (3, 3), (4, 2), (4, 6)), (2, 6))","(((1, 4), (2, 3), (2, 4), (2, 5), (3, 2), (3, 3), (4, 2), (4, 5)), (2, 6))",4,8,12.0,4,,,pruned,,,588
"(((1, 4), (2, 3), (2, 4), (2, 5), (3, 2), (3, 3), (4, 1), (4, 5)), (2, 6))","(((1, 4), (2, 3), (2, 4), (2, 5), (3, 2), (3, 3), (4, 2), (4, 5)), (2, 6))",4,8,12.0,4,,,pruned,,,589
"(((1, 4), (2, 3), (2, 4), (2, 5), (3, 2), (3, 3), (4, 2), (4, 5)), (2, 6))","(((1, 4), (2, 3), (2, 5), (3, 2), (3, 3), (3, 4), (4, 2), (4, 5)), (2, 6))",3,7.0,10.0,3,7,3,expanded,False,True,590
"(((2, 2), (2, 3), (2, 4), (2, 5), (3, 3), (3, 5), (4, 2), (4, 6)), (3, 1))","(((2, 2), (2, 3), (2, 4), (2, 5), (3, 3), (3, 5), (4, 2), (4, 5)), (2, 6))",4,8,12.0,4,,,pruned,,,591
"(((2, 2), (2, 3), (2, 4), (2, 5), (3, 3), (3, 5), (4, 5), (5, 2)), (2, 6))","(((2, 2), (2, 3), (2, 4), (2, 5), (3, 3), (3, 5), (4, 2), (4, 5)), (2, 6))",4,8,12.0,4,,,pruned,,,592
"(((2, 2), (2, 3), (2, 4), (2, 5), (3, 3), (3, 5), (4, 1), (4, 5)), (2, 6))","(((2, 2), (2, 3), (2, 4), (2, 5), (3, 3), (3, 5), (4, 2), (4, 5)), (2, 6))",4,8,12.0,4,,,pruned,,,593
"(((2, 2), (2, 3), (2, 4), (2, 5), (3, 3), (3, 6), (4, 2), (4, 5)), (3, 1))","(((2, 2), (2, 3), (2, 4), (2, 5), (3, 3), (3, 5), (4, 2), (4, 5)), (2, 6))",4,8,12.0,4,,,pruned,,,594
"(((2, 2), (2, 3), (2, 4), (2, 5), (3, 3), (3, 5), (4, 2), (4, 5)), (2, 6))","(((2, 2), (2, 3), (2, 4), (2, 5), (3, 3), (3, 5), (4, 3), (4, 5)), (2, 6))",3,7.0,10.0,3,12,4,expanded,False,True,595
"(((1, 3), (2, 3), (2, 4), (3, 2), (3, 3), (3, 5), (4, 2), (4, 6)), (3, 1))","(((1, 3), (2, 3), (2, 4), (3, 2), (3, 3), (3, 5), (4, 2), (4, 5)), (1, 4))",4,8,12.0,4,,,pruned,,,596
"(((1, 3), (2, 3), (2, 4), (3, 2), (3, 3), (3, 6), (4, 2), (4, 5)), (1, 4))","(((1, 3), (2, 3), (2, 4), (3, 2), (3, 3), (3, 5), (4, 2), (4, 5)), (1, 4))",4,8,12.0,4,,,pruned,,,597
"(((1, 3), (2, 3), (2, 4), (3, 2), (3, 3), (3, 5), (4, 1), (4, 5)), (1, 4))","(((1, 3), (2, 3), (2, 4), (3, 2), (3, 3), (3, 5), (4, 2), (4, 5)), (1, 4))",4,8,12.0,4,,,pruned,,,598
"(((1, 3), (2, 3), (2, 4), (3, 2), (3, 3), (3, 5), (4, 2), (4, 5)), (1, 4))","(((1, 4), (2, 3), (2, 4), (3, 2), (3, 3), (3, 5), (4, 2), (4, 5)), (1, 5))",3,7.0,10.0,3,9,3,expanded,False,True,599
"(((2, 3), (2, 4), (2, 5), (3, 2), (3, 3), (3, 4), (3, 5), (4, 6)), (3, 1))","(((2, 3), (2, 4), (2, 5), (3, 2), (3, 3), (3, 4), (3, 5), (4, 5)), (2, 6))",4,8,12.0,4,,,pruned,,,600
"(((2, 3), (2, 4), (2, 5), (3, 2), (3, 3), (3, 4), (3, 5), (4, 5)), (2, 6))","(((2, 3), (2, 4), (2, 5), (3, 2), (3, 3), (3, 5), (4, 4), (4, 5)), (2, 6))",3,7.0,10.0,3,3,1,expanded,False,True,601
"(((1, 4), (2, 2), (2, 4), (2, 5), (3, 2), (3, 3), (4, 2), (5, 5)), (2, 6))","(((1, 4), (2, 2), (2, 4), (2, 5), (3, 2), (3, 3), (4, 2), (4, 5)), (2, 6))",5,7,12.0,5,,,pruned,,,602
"(((1, 4), (2, 2), (2, 4), (2, 5), (3, 2), (3, 3), (4, 2), (4, 6)), (2, 6))","(((1, 4), (2, 2), (2, 4), (2, 5), (3, 2), (3, 3), (4, 2), (4, 5)), (2, 6))",5,7,12.0,5,,,pruned,,,603
"(((1, 4), (2, 2), (2, 4), (2, 5), (3, 2), (3, 3), (4, 1), (4, 5)), (2, 6))","(((1, 4), (2, 2), (2, 4), (2, 5), (3, 2), (3, 3), (4, 2), (4, 5)), (2, 6))",5,7,12.0,5,,,pruned,,,604
"(((1, 4), (2, 2), (2, 4), (2, 5), (3, 2), (3, 3), (4, 2), (4, 5)), (2, 6))","(((1, 4), (2, 2), (2, 5), (3, 2), (3, 3), (3, 4), (4, 2), (4, 5)), (2, 6))",4,6.0,10.0,4,8,3,expanded,False,True,605
"(((1, 4), (2, 3), (2, 4), (2, 5), (3, 2), (3, 3), (4, 3), (5, 5)), (2, 6))","(((1, 4), (2, 3), (2, 4), (2, 5), (3, 2), (3, 3), (4, 3), (4, 5)), (2, 6))",5,7,12.0,5,,,pruned,,,606
"(((1, 4), (2, 3), (2, 4), (2, 5), (3, 2), (3, 3), (4, 3), (4, 6)), (2, 6))","(((1, 4), (2, 3), (2, 4), (2, 5), (3, 2), (3, 3), (4, 3), (4, 5)), (2, 6))",5,7,12.0,5,,,pruned,,,607
"(((1, 4), (2, 3), (2, 4), (2, 5), (3, 2), (3, 3), (4, 3), (4, 5)), (2, 6))","(((1, 4), (2, 3), (2, 5), (3, 2), (3, 3), (3, 4), (4, 3), (4, 5)), (2, 6))",4,6.0,10.0,4,8,2,expanded,False,True,608
"(((1, 4), (1, 5), (2, 3), (2, 4), (3, 2), (3, 3), (4, 2), (5, 5)), (2, 5))","(((1, 4), (1, 5), (2, 3), (2, 4), (3, 2), (3, 3), (4, 2), (4, 5)), (2, 5))",5,7,12.0,5,,,pruned,,,609
"(((1, 4), (1, 5), (2, 3), (2, 4), (3, 2), (3, 3), (4, 2), (4, 6)), (2, 5))","(((1, 4), (1, 5), (2, 3), (2, 4), (3, 2), (3, 3), (4, 2), (4, 5)), (2, 5))",5,7,12.0,5,,,pruned,,,610
"(((1, 4), (1, 5), (2, 3), (2, 4), (3, 2), (3, 3), (4, 1), (4, 5)), (2, 5))","(((1, 4), (1, 5), (2, 3), (2, 4), (3, 2), (3, 3), (4, 2), (4, 5)), (2, 5))",5,7,12.0,5,,,pruned,,,611
"(((1, 4), (1, 5), (2, 3), (2, 4), (3, 2), (3, 3), (4, 2), (4, 5)), (2, 5))","(((1, 4), (1, 5), (2, 3), (3, 2), (3, 3), (3, 4), (4, 2), (4, 5)), (2, 4))",4,6.0,10.0,4,6,3,expanded,False,True,612
"(((1, 4), (2, 2), (2, 3), (2, 5), (3, 3), (3, 5), (4, 2), (4, 6)), (2, 4))","(((1, 4), (2, 2), (2, 3), (2, 5), (3, 3), (3, 5), (4, 2), (4, 5)), (2, 4))",5,7,12.0,5,,,pruned,,,613
"(((1, 4), (2, 2), (2, 3), (2, 5), (3, 3), (3, 5), (4, 5), (5, 2)), (2, 4))","(((1, 4), (2, 2), (2, 3), (2, 5), (3, 3), (3, 5), (4, 2), (4, 5)), (2, 4))",5,7,12.0,5,,,pruned,,,614
"(((1, 4), (2, 2), (2, 3), (2, 5), (3, 3), (3, 5), (4, 1), (4, 5)), (2, 4))","(((1, 4), (2, 2), (2, 3), (2, 5), (3, 3), (3, 5), (4, 2), (4, 5)), (2, 4))",5,7,12.0,5,,,pruned,,,615
"(((1, 4), (2, 2), (2, 3), (2, 6), (3, 3), (3, 5), (4, 2), (4, 5)), (1, 5))","(((1, 4), (2, 2), (2, 3), (2, 5), (3, 3), (3, 5), (4, 2), (4, 5)), (2, 4))",5,7,12.0,5,,,pruned,,,616
"(((1, 4), (2, 2), (2, 3), (2, 5), (3, 3), (3, 6), (4, 2), (4, 5)), (2, 4))","(((1, 4), (2, 2), (2, 3), (2, 5), (3, 3), (3, 5), (4, 2), (4, 5)), (2, 4))",5,7,12.0,5,,,pruned,,,617
"(((1, 4), (2, 2), (2, 3), (2, 5), (3, 3), (3, 5), (4, 2), (4, 5)), (2, 4))","(((1, 4), (2, 2), (2, 3), (2, 5), (3, 3), (3, 5), (4, 3), (4, 5)), (2, 4))",4,6.0,10.0,4,13,5,expanded,False,True,618
"(((2, 2), (2, 3), (2, 4), (2, 5), (3, 3), (3, 4), (3, 5), (4, 6)), (3, 1))","(((2, 2), (2, 3), (2, 4), (2, 5), (3, 3), (3, 4), (3, 5), (4, 5)), (2, 6))",5,7,12.0,5,,,pruned,,,619
"(((2, 2), (2, 3), (2, 4), (2, 5), (3, 3), (3, 4), (3, 5), (4, 5)), (2, 6))","(((2, 2), (2, 3), (2, 4), (2, 5), (3, 4), (3, 5), (4, 3), (4, 5)), (2, 6))",4,6.0,10.0,4,3,1,expanded,False,True,620
"(((2, 2), (2, 3), (2, 4), (2, 5), (3, 4), (3, 5), (4, 2), (4, 6)), (3, 1))","(((2, 2), (2, 3), (2, 4), (2, 5), (3, 4), (3, 5), (4, 2), (4, 5)), (2, 6))",5,7,12.0,5,,,pruned,,,621
"(((2, 2), (2, 3), (2, 4), (2, 5), (3, 4), (3, 5), (4, 5), (5, 2)), (2, 6))","(((2, 2), (2, 3), (2, 4), (2, 5), (3, 4), (3, 5), (4, 2), (4, 5)), (2, 6))",5,7,12.0,5,,,pruned,,,622
"(((2, 2), (2, 3), (2, 4), (2, 5), (3, 4), (3, 5), (4, 1), (4, 5)), (2, 6))","(((2, 2), (2, 3), (2, 4), (2, 5), (3, 4), (3, 5), (4, 2), (4, 5)), (2, 6))",5,7,12.0,5,,,pruned,,,623
"(((2, 2), (2, 3), (2, 4), (2, 5), (3, 4), (3, 5), (4, 2), (4, 5)), (2, 6))","(((2, 2), (2, 3), (2, 4), (2, 5), (3, 4), (3, 5), (4, 3), (4, 5)), (2, 6))",4,6.0,10.0,4,8,3,expanded,False,True,624
"(((2, 2), (2, 3), (2, 4), (2, 5), (3, 3), (3, 4), (4, 2), (5, 5)), (2, 6))","(((2, 2), (2, 3), (2, 4), (2, 5), (3, 3), (3, 4), (4, 2), (4, 5)), (2, 6))",5,7,12.0,5,,,pruned,,,625
"(((2, 2), (2, 3), (2, 4), (2, 5), (3, 3), (3, 4), (4, 2), (4, 6)), (2, 6))","(((2, 2), (2, 3), (2, 4), (2, 5), (3, 3), (3, 4), (4, 2), (4, 5)), (2, 6))",5,7,12.0,5,,,pruned,,,626
"(((2, 2), (2, 3), (2, 4), (2, 5), (3, 3), (3, 4), (4, 5), (5, 2)), (2, 6))","(((2, 2), (2, 3), (2, 4), (2, 5), (3, 3), (3, 4), (4, 2), (4, 5)), (2, 6))",5,7,12.0,5,,,pruned,,,627
"(((2, 2), (2, 3), (2, 4), (2, 5), (3, 3), (3, 4), (4, 1), (4, 5)), (2, 6))","(((2, 2), (2, 3), (2, 4), (2, 5), (3, 3), (3, 4), (4, 2), (4, 5)), (2, 6))",5,7,12.0,5,,,pruned,,,628
"(((2, 2), (2, 3), (2, 4), (2, 5), (3, 3), (3, 4), (4, 2), (4, 5)), (2, 6))","(((2, 2), (2, 3), (2, 4), (2, 5), (3, 3), (3, 4), (4, 3), (4, 5)), (2, 6))",4,6.0,10.0,4,10,4,expanded,False,True,629
"(((1, 4), (2, 2), (2, 3), (2, 4), (3, 2), (3, 5), (4, 2), (4, 6)), (3, 1))","(((1, 4), (2, 2), (2, 3), (2, 4), (3, 2), (3, 5), (4, 2), (4, 5)), (1, 5))",5,7,12.0,5,,,pruned,,,630
"(((1, 4), (2, 2), (2, 3), (2, 4), (3, 2), (3, 5), (4, 1), (4, 5)), (1, 5))","(((1, 4), (2, 2), (2, 3), (2, 4), (3, 2), (3, 5), (4, 2), (4, 5)), (1, 5))",5,7,12.0,5,,,pruned,,,631
"(((1, 4), (2, 2), (2, 3), (2, 4), (3, 1), (3, 5), (4, 2), (4, 5)), (1, 5))","(((1, 4), (2, 2), (2, 3), (2, 4), (3, 2), (3, 5), (4, 2), (4, 5)), (1, 5))",5,7,12.0,5,,,pruned,,,632
"(((1, 4), (2, 2), (2, 3), (2, 4), (3, 2), (3, 6), (4, 2), (4, 5)), (1, 5))","(((1, 4), (2, 2), (2, 3), (2, 4), (3, 2), (3, 5), (4, 2), (4, 5)), (1, 5))",5,7,12.0,5,,,pruned,,,633
"(((1, 4), (2, 2), (2, 3), (2, 4), (3, 2), (3, 5), (4, 2), (4, 5)), (1, 5))","(((1, 4), (2, 2), (2, 3), (2, 5), (3, 2), (3, 5), (4, 2), (4, 5)), (2, 4))",4,6.0,10.0,4,10,4,expanded,False,True,634
"(((1, 3), (2, 2), (2, 4), (3, 2), (3, 3), (3, 5), (4, 2), (4, 6)), (3, 1))","(((1, 3), (2, 2), (2, 4), (3, 2), (3, 3), (3, 5), (4, 2), (4, 5)), (1, 4))",5,7,12.0,5,,,pruned,,,635
"(((1, 3), (2, 2), (2, 4), (3, 2), (3, 3), (3, 6), (4, 2), (4, 5)), (1, 4))","(((1, 3), (2, 2), (2, 4), (3, 2), (3, 3), (3, 5), (4, 2), (4, 5)), (1, 4))",5,7,12.0,5,,,pruned,,,636
"(((1, 3), (2, 2), (2, 4), (3, 2), (3, 3), (3, 5), (4, 1), (4, 5)), (1, 4))","(((1, 3), (2, 2), (2, 4), (3, 2), (3, 3), (3, 5), (4, 2), (4, 5)), (1, 4))",5,7,12.0,5,,,pruned,,,637
"(((1, 3), (2, 2), (2, 4), (3, 2), (3, 3), (3, 5), (4, 2), (4, 5)), (1, 4))","(((1, 4), (2, 2), (2, 4), (3, 2), (3, 3), (3, 5), (4, 2), (4, 5)), (1, 5))",4,6.0,10.0,4,11,3,expanded,False,True,638
"(((1, 4), (2, 2), (2, 3), (3, 2), (3, 3), (3, 5), (4, 2), (4, 6)), (1, 5))","(((1, 4), (2, 2), (2, 3), (3, 2), (3, 3), (3, 5), (4, 2), (4, 5)), (1, 5))",5,7,12.0,5,,,pruned,,,639
"(((1, 4), (2, 2), (2, 3), (3, 2), (3, 3), (3, 5), (4, 1), (4, 5)), (1, 5))","(((1, 4), (2, 2), (2, 3), (3, 2), (3, 3), (3, 5), (4, 2), (4, 5)), (1, 5))",5,7,12.0,5,,,pruned,,,640
"(((1, 4), (2, 2), (2, 3), (3, 2), (3, 3), (3, 6), (4, 2), (4, 5)), (1, 5))","(((1, 4), (2, 2), (2, 3), (3, 2), (3, 3), (3, 5), (4, 2), (4, 5)), (1, 5))",5,7,12.0,5,,,pruned,,,641
"(((1, 4), (2, 2), (2, 3), (3, 2), (3, 3), (3, 5), (4, 2), (4, 5)), (1, 5))","(((1, 4), (2, 2), (2, 4), (3, 2), (3, 3), (3, 5), (4, 2), (4, 5)), (1, 5))",4,6.0,10.0,4,7,3,expanded,False,True,642
"(((1, 5), (2, 2), (2, 3), (2, 5), (3, 2), (3, 5), (4, 2), (4, 6)), (1, 2))","(((1, 5), (2, 2), (2, 3), (2, 5), (3, 2), (3, 5), (4, 2), (4, 5)), (1, 2))",5,7,12.0,5,,,pruned,,,643
"(((1, 5), (2, 2), (2, 3), (2, 5), (3, 1), (3, 5), (4, 2), (4, 5)), (1, 2))","(((1, 5), (2, 2), (2, 3), (2, 5), (3, 2), (3, 5), (4, 2), (4, 5)), (1, 2))",5,7,12.0,5,,,pruned,,,644
"(((1, 5), (2, 2), (2, 3), (2, 6), (3, 2), (3, 5), (4, 2), (4, 5)), (1, 2))","(((1, 5), (2, 2), (2, 3), (2, 5), (3, 2), (3, 5), (4, 2), (4, 5)), (1, 2))",5,7,12.0,5,,,pruned,,,645
"(((1, 5), (2, 2), (2, 3), (2, 5), (3, 2), (3, 6), (4, 2), (4, 5)), (1, 2))","(((1, 5), (2, 2), (2, 3), (2, 5), (3, 2), (3, 5), (4, 2), (4, 5)), (1, 2))",5,7,12.0,5,,,pruned,,,646
"(((1, 5), (2, 2), (2, 3), (2, 5), (3, 2), (3, 5), (4, 1), (4, 5)), (1, 2))","(((1, 5), (2, 2), (2, 3), (2, 5), (3, 2), (3, 5), (4, 2), (4, 5)), (1, 2))",5,7,12.0,5,,,pruned,,,647
"(((1, 5), (2, 2), (2, 3), (2, 5), (3, 2), (3, 5), (4, 2), (4, 5)), (1, 2))","(((1, 5), (2, 2), (2, 5), (3, 2), (3, 3), (3, 5), (4, 2), (4, 5)), (1, 2))",4,6.0,10.0,4,12,5,expanded,False,True,648
"(((1, 5), (2, 2), (2, 4), (3, 2), (3, 3), (3, 5), (4, 2), (4, 6)), (3, 1))","(((1, 5), (2, 2), (2, 4), (3, 2), (3, 3), (3, 5), (4, 2), (4, 5)), (2, 5))",5,7,12.0,5,,,pruned,,,649
"(((1, 5), (2, 2), (2, 4), (3, 2), (3, 3), (3, 6), (4, 2), (4, 5)), (2, 5))","(((1, 5), (2, 2), (2, 4), (3, 2), (3, 3), (3, 5), (4, 2), (4, 5)), (2, 5))",5,7,12.0,5,,,pruned,,,650
"(((1, 5), (2, 2), (2, 4), (3, 2), (3, 3), (3, 5), (4, 1), (4, 5)), (2, 5))","(((1, 5), (2, 2), (2, 4), (3, 2), (3, 3), (3, 5), (4, 2), (4, 5)), (2, 5))",5,7,12.0,5,,,pruned,,,651
"(((1, 5), (2, 2), (2, 4), (3, 2), (3, 3), (3, 5), (4, 2), (4, 5)), (2, 5))","(((1, 5), (2, 2), (2, 5), (3, 2), (3, 3), (3, 5), (4, 2), (4, 5)), (1, 2))",4,6.0,10.0,4,9,3,expanded,False,True,652
"(((1, 4), (2, 3), (2, 4), (3, 2), (3, 3), (3, 4), (3, 5), (4, 1)), (1, 5))","(((1, 4), (2, 3), (2, 4), (3, 2), (3, 3), (3, 4), (3, 5), (4, 2)), (1, 5))",5,7,12.0,5,,,pruned,,,653
"(((1, 4), (2, 3), (2, 4), (3, 2), (3, 3), (3, 4), (3, 5), (4, 2)), (1, 5))","(((1, 4), (2, 3), (2, 5), (3, 2), (3, 3), (3, 4), (3, 5), (4, 2)), (2, 6))",4,6.0,10.0,4,5,1,expanded,False,True,654
"(((1, 4), (2, 3), (2, 4), (3, 2), (3, 3), (3, 6), (4, 2), (4, 3)), (1, 5))","(((1, 4), (2, 3), (2, 4), (3, 2), (3, 3), (3, 5), (4, 2), (4, 3)), (1, 5))",5,7,12.0,5,,,pruned,,,655
"(((1, 4), (2, 3), (2, 4), (3, 2), (3, 3), (3, 5), (4, 2), (4, 3)), (1, 5))","(((1, 4), (2, 3), (2, 5), (3, 2), (3, 3), (3, 5), (4, 2), (4, 3)), (2, 4))",4,6.0,10.0,4,5,1,expanded,False,True,656
"(((1, 3), (2, 3), (2, 4), (3, 2), (3, 3), (3, 5), (4, 1), (4, 4)), (1, 4))","(((1, 3), (2, 3), (2, 4), (3, 2), (3, 3), (3, 5), (4, 2), (4, 4)), (1, 4))",5,7,12.0,5,,,pruned,,,657
"(((1, 3), (2, 3), (2, 4), (3, 2), (3, 3), (3, 5), (4, 2), (4, 4)), (1, 4))","(((1, 4), (2, 3), (2, 4), (3, 2), (3, 3), (3, 5), (4, 2), (4, 4)), (1, 5))",4,6.0,10.0,4,10,1,expanded,False,True,658
"(((1, 4), (2, 3), (2, 4), (3, 2), (3, 3), (4, 2), (4, 5), (5, 4)), (1, 5))","(((1, 4), (2, 3), (2, 4), (3, 2), (3, 3), (4, 2), (4, 4), (4, 5)), (1, 5))",5,7,12.0,5,,,pruned,,,659
"(((1, 4), (2, 3), (2, 4), (3, 2), (3, 3), (4, 2), (4, 4), (5, 5)), (1, 5))","(((1, 4), (2, 3), (2, 4), (3, 2), (3, 3), (4, 2), (4, 4), (4, 5)), (1, 5))",5,7,12.0,5,,,pruned,,,660
"(((1, 4), (2, 3), (2, 4), (3, 2), (3, 3), (4, 1), (4, 4), (4, 5)), (1, 5))","(((1, 4), (2, 3), (2, 4), (3, 2), (3, 3), (4, 2), (4, 4), (4, 5)), (1, 5))",5,7,12.0,5,,,pruned,,,661
"(((1, 4), (2, 3), (2, 4), (3, 2), (3, 3), (4, 2), (4, 4), (4, 5)), (1, 5))","(((1, 4), (2, 3), (2, 4), (3, 2), (3, 3), (3, 5), (4, 2), (4, 4)), (1, 5))",4,6.0,10.0,4,7,3,expanded,False,True,662
"(((1, 4), (2, 3), (2, 4), (2, 5), (3, 2), (3, 3), (4, 2), (5, 4)), (2, 6))","(((1, 4), (2, 3), (2, 4), (2, 5), (3, 2), (3, 3), (4, 2), (4, 4)), (2, 6))",5,7,12.0,5,,,pruned,,,663
"(((1, 4), (2, 3), (2, 4), (2, 5), (3, 2), (3, 3), (4, 1), (4, 4)), (2, 6))","(((1, 4), (2, 3), (2, 4), (2, 5), (3, 2), (3, 3), (4, 2), (4, 4)), (2, 6))",5,7,12.0,5,,,pruned,,,664
"(((1, 4), (2, 3), (2, 4), (2, 5), (3, 2), (3, 3), (4, 2), (4, 4)), (2, 6))","(((1, 4), (2, 3), (2, 4), (3, 2), (3, 3), (3, 5), (4, 2), (4, 4)), (1, 5))",4,6.0,10.0,4,7,2,expanded,False,True,665
"(((1, 3), (2, 3), (2, 4), (3, 2), (3, 3), (3, 4), (4, 2), (5, 5)), (1, 4))","(((1, 3), (2, 3), (2, 4), (3, 2), (3, 3), (3, 4), (4, 2), (4, 5)), (1, 4))",5,7,12.0,5,,,pruned,,,666
"(((1, 3), (2, 3), (2, 4), (3, 2), (3, 3), (3, 4), (4, 2), (4, 6)), (1, 4))","(((1, 3), (2, 3), (2, 4), (3, 2), (3, 3), (3, 4), (4, 2), (4, 5)), (1, 4))",5,7,12.0,5,,,pruned,,,667
"(((1, 3), (2, 3), (2, 4), (3, 2), (3, 3), (3, 4), (4, 1), (4, 5)), (1, 4))","(((1, 3), (2, 3), (2, 4), (3, 2), (3, 3), (3, 4), (4, 2), (4, 5)), (1, 4))",5,7,12.0,5,,,pruned,,,668
"(((1, 3), (2, 3), (2, 4), (3, 2), (3, 3), (3, 4), (4, 2), (4, 5)), (1, 4))","(((1, 4), (2, 3), (2, 4), (3, 2), (3, 3), (3, 4), (4, 2), (4, 5)), (1, 5))",4,6.0,10.0,4,7,3,expanded,False,True,669
"(((1, 4), (2, 3), (2, 5), (3, 2), (3, 3), (3, 4), (3, 5), (4, 6)), (3, 1))","(((1, 4), (2, 3), (2, 5), (3, 2), (3, 3), (3, 4), (3, 5), (4, 5)), (2, 6))",5,7,12.0,5,,,pruned,,,670
"(((1, 4), (2, 3), (2, 5), (3, 2), (3, 3), (3, 4), (3, 5), (4, 5)), (2, 6))","(((1, 4), (2, 3), (2, 5), (3, 2), (3, 3), (3, 5), (4, 4), (4, 5)), (2, 6))",4,6.0,10.0,4,5,1,expanded,False,True,671
"(((1, 4), (2, 3), (2, 4), (3, 2), (3, 3), (3, 5), (4, 4), (4, 5)), (1, 5))","(((1, 4), (2, 3), (2, 5), (3, 2), (3, 3), (3, 5), (4, 4), (4, 5)), (2, 6))",4,6.0,10.0,4,4,0,expanded,False,True,672
"(((1, 3), (2, 3), (2, 4), (3, 2), (3, 3), (3, 5), (4, 3), (4, 6)), (3, 1))","(((1, 3), (2, 3), (2, 4), (3, 2), (3, 3), (3, 5), (4, 3), (4, 5)), (1, 4))",5,7,12.0,5,,,pruned,,,673
"(((1, 3), (2, 3), (2, 4), (3, 2), (3, 3), (3, 6), (4, 3), (4, 5)), (1, 4))","(((1, 3), (2, 3), (2, 4), (3, 2), (3, 3), (3, 5), (4, 3), (4, 5)), (1, 4))",5,7,12.0,5,,,pruned,,,674
"(((1, 3), (2, 3), (2, 4), (3, 2), (3, 3), (3, 5), (4, 3), (4, 5)), (1, 4))","(((1, 4), (2, 3), (2, 4), (3, 2), (3, 3), (3, 5), (4, 3), (4, 5)), (1, 5))",4,6.0,10.0,4,10,2,expanded,False,True,675
"(((2, 3), (2, 4), (2, 5), (3, 2), (3, 3), (3, 4), (3, 5), (4, 4)), (2, 6))","(((2, 3), (2, 4), (2, 5), (3, 2), (3, 3), (3, 4), (3, 5), (4, 3)), (2, 6))",4,6.0,10.0,4,3,0,expanded,False,True,676
"(((2, 2), (2, 3), (2, 4), (2, 5), (3, 2), (3, 5), (4, 5), (5, 4)), (3, 1))","(((2, 2), (2, 3), (2, 4), (2, 5), (3, 2), (3, 5), (4, 4), (4, 5)), (2, 6))",5,7,12.0,5,,,pruned,,,677
"(((2, 2), (2, 3), (2, 4), (2, 5), (3, 1), (3, 5), (4, 4), (4, 5)), (2, 6))","(((2, 2), (2, 3), (2, 4), (2, 5), (3, 2), (3, 5), (4, 4), (4, 5)), (2, 6))",5,7,12.0,5,,,pruned,,,678
"(((2, 2), (2, 3), (2, 4), (2, 5), (3, 2), (3, 6), (4, 4), (4, 5)), (3, 1))","(((2, 2), (2, 3), (2, 4), (2, 5), (3, 2), (3, 5), (4, 4), (4, 5)), (2, 6))",5,7,12.0,5,,,pruned,,,679
"(((2, 2), (2, 3), (2, 4), (2, 5), (3, 2), (3, 5), (4, 4), (4, 5)), (2, 6))","(((2, 2), (2, 3), (2, 4), (2, 5), (3, 2), (3, 5), (4, 3), (4, 5)), (2, 6))",4,6.0,10.0,4,8,3,expanded,False,True,680
"(((1, 2), (2, 3), (2, 4), (2, 5), (3, 2), (3, 5), (4, 3), (4, 6)), (3, 1))","(((1, 2), (2, 3), (2, 4), (2, 5), (3, 2), (3, 5), (4, 3), (4, 5)), (2, 6))",5,7,12.0,5,,,pruned,,,681
"(((1, 2), (2, 3), (2, 4), (2, 5), (3, 2), (3, 5), (4, 5), (5, 3)), (2, 6))","(((1, 2), (2, 3), (2, 4), (2, 5), (3, 2), (3, 5), (4, 3), (4, 5)), (2, 6))",5,7,12.0,5,,,pruned,,,682
"(((1, 2), (2, 3), (2, 4), (2, 5), (3, 1), (3, 5), (4, 3), (4, 5)), (2, 2))","(((1, 2), (2, 3), (2, 4), (2, 5), (3, 2), (3, 5), (4, 3), (4, 5)), (2, 6))",5,7,12.0,5,,,pruned,,,683
"(((1, 2), (2, 3), (2, 4), (2, 5), (3, 2), (3, 6), (4, 3), (4, 5)), (3, 1))","(((1, 2), (2, 3), (2, 4), (2, 5), (3, 2), (3, 5), (4, 3), (4, 5)), (2, 6))",5,7,12.0,5,,,pruned,,,684
"(((1, 2), (2, 3), (2, 4), (2, 5), (3, 2), (3, 5), (4, 3), (4, 5)), (2, 6))","(((1, 2), (2, 3), (2, 4), (2, 5), (3, 3), (3, 5), (4, 3), (4, 5)), (2, 2))",4,6.0,10.0,4,13,4,expanded,False,True,685
"(((1, 2), (2, 3), (2, 4), (2, 5), (3, 3), (3, 5), (4, 4), (4, 5)), (2, 2))","(((1, 2), (2, 3), (2, 4), (2, 5), (3, 3), (3, 5), (4, 3), (4, 5)), (2, 2))",4,6.0,10.0,4,3,0,expanded,False,True,686
"(((1, 5), (2, 3), (2, 4), (2, 5), (3, 2), (3, 3), (3, 4), (4, 1)), (2, 6))","(((1, 5), (2, 3), (2, 4), (2, 5), (3, 2), (3, 3), (3, 4), (4, 2)), (2, 6))",5,7,12.0,5,,,pruned,,,687
"(((1, 5), (2, 3), (2, 4), (2, 5), (3, 2), (3, 3), (3, 4), (4, 2)), (2, 6))","(((1, 5), (2, 3), (2, 4), (3, 2), (3, 3), (3, 4), (3, 5), (4, 2)), (2, 5))",4,6.0,10.0,4,2,1,expanded,False,True,688
"(((2, 2), (2, 3), (2, 4), (2, 5), (3, 3), (3, 5), (4, 4), (5, 2)), (2, 6))","(((2, 2), (2, 3), (2, 4), (2, 5), (3, 3), (3, 5), (4, 2), (4, 4)), (2, 6))",5,7,12.0,5,,,pruned,,,689
"(((2, 2), (2, 3), (2, 4), (2, 5), (3, 3), (3, 5), (4, 1), (4, 4)), (2, 6))","(((2, 2), (2, 3), (2, 4), (2, 5), (3, 3), (3, 5), (4, 2), (4, 4)), (2, 6))",5,7,12.0,5,,,pruned,,,690
"(((2, 2), (2, 3), (2, 4), (2, 5), (3, 3), (3, 5), (4, 2), (4, 4)), (2, 6))","(((2, 2), (2, 3), (2, 4), (2, 5), (3, 3), (3, 5), (4, 2), (4, 5)), (2, 6))",4,6.0,10.0,4,10,2,expanded,False,True,691
"(((1, 3), (2, 3), (3, 2), (3, 3), (3, 4), (3, 5), (4, 2), (4, 6)), (3, 1))","(((1, 3), (2, 3), (3, 2), (3, 3), (3, 4), (3, 5), (4, 2), (4, 5)), (1, 4))",5,7,12.0,5,,,pruned,,,692
"(((1, 3), (2, 3), (3, 2), (3, 3), (3, 4), (3, 5), (4, 1), (4, 5)), (1, 4))","(((1, 3), (2, 3), (3, 2), (3, 3), (3, 4), (3, 5), (4, 2), (4, 5)), (1, 4))",5,7,12.0,5,,,pruned,,,693
"(((1, 3), (2, 3), (3, 2), (3, 3), (3, 4), (3, 5), (4, 2), (4, 5)), (1, 4))","(((1, 3), (2, 3), (2, 4), (3, 2), (3, 3), (3, 5), (4, 2), (4, 5)), (1, 4))",4,6.0,10.0,4,8,2,expanded,False,True,694
"(((1, 3), (1, 4), (2, 3), (3, 2), (3, 3), (3, 5), (4, 2), (4, 6)), (1, 5))","(((1, 3), (1, 4), (2, 3), (3, 2), (3, 3), (3, 5), (4, 2), (4, 5)), (1, 5))",5,7,12.0,5,,,pruned,,,695
"(((1, 3), (1, 4), (2, 3), (3, 2), (3, 3), (3, 6), (4, 2), (4, 5)), (1, 5))","(((1, 3), (1, 4), (2, 3), (3, 2), (3, 3), (3, 5), (4, 2), (4, 5)), (1, 5))",5,7,12.0,5,,,pruned,,,696
"(((1, 3), (1, 4), (2, 3), (3, 2), (3, 3), (3, 5), (4, 1), (4, 5)), (1, 5))","(((1, 3), (1, 4), (2, 3), (3, 2), (3, 3), (3, 5), (4, 2), (4, 5)), (1, 5))",5,7,12.0,5,,,pruned,,,697
"(((1, 3), (1, 4), (2, 3), (3, 2), (3, 3), (3, 5), (4, 2), (4, 5)), (1, 5))","(((1, 3), (2, 3), (2, 4), (3, 2), (3, 3), (3, 5), (4, 2), (4, 5)), (1, 4))",4,6.0,10.0,4,7,3,expanded,False,True,698
"(((1, 4), (2, 2), (2, 4), (2, 5), (3, 2), (4, 2), (4, 3), (5, 5)), (1, 2))","(((1, 4), (2, 2), (2, 4), (2, 5), (3, 2), (4, 2), (4, 3), (4, 5)), (1, 2))",6,6,12.0,6,,,pruned,,,699
"(((1, 4), (2, 2), (2, 4), (2, 5), (3, 2), (4, 2), (4, 3), (4, 6)), (1, 2))","(((1, 4), (2, 2), (2, 4), (2, 5), (3, 2), (4, 2), (4, 3), (4, 5)), (1, 2))",6,6,12.0,6,,,pruned,,,700
"(((1, 4), (2, 2), (2, 4), (2, 5), (3, 2), (4, 2), (4, 5), (5, 3)), (1, 2))","(((1, 4), (2, 2), (2, 4), (2, 5), (3, 2), (4, 2), (4, 3), (4, 5)), (1, 2))",6,6,12.0,6,,,pruned,,,701
"(((1, 4), (2, 2), (2, 4), (2, 5), (3, 1), (4, 2), (4, 3), (4, 5)), (1, 2))","(((1, 4), (2, 2), (2, 4), (2, 5), (3, 2), (4, 2), (4, 3), (4, 5)), (1, 2))",6,6,12.0,6,,,pruned,,,702
"(((1, 4), (2, 2), (2, 4), (2, 5), (3, 2), (4, 2), (4, 3), (4, 5)), (1, 2))","(((1, 4), (2, 2), (2, 5), (3, 2), (3, 4), (4, 2), (4, 3), (4, 5)), (2, 6))",5,5.0,10.0,5,10,4,expanded,False,True,703
"(((1, 4), (2, 2), (2, 5), (3, 2), (3, 3), (4, 2), (4, 3), (5, 5)), (1, 2))","(((1, 4), (2, 2), (2, 5), (3, 2), (3, 3), (4, 2), (4, 3), (4, 5)), (1, 2))",6,6,12.0,6,,,pruned,,,704
"(((1, 4), (2, 2), (2, 5), (3, 2), (3, 3), (4, 2), (4, 3), (4, 6)), (1, 2))","(((1, 4), (2, 2), (2, 5), (3, 2), (3, 3), (4, 2), (4, 3), (4, 5)), (1, 2))",6,6,12.0,6,,,pruned,,,705
"(((1, 4), (2, 2), (2, 6), (3, 2), (3, 3), (4, 2), (4, 3), (4, 5)), (1, 2))","(((1, 4), (2, 2), (2, 5), (3, 2), (3, 3), (4, 2), (4, 3), (4, 5)), (1, 2))",6,6,12.0,6,,,pruned,,,706
"(((1, 4), (2, 2), (2, 5), (3, 2), (3, 3), (4, 2), (4, 3), (4, 5)), (1, 2))","(((1, 4), (2, 2), (2, 5), (3, 2), (3, 4), (4, 2), (4, 3), (4, 5)), (2, 6))",5,5.0,10.0,5,8,3,expanded,False,True,707
"(((1, 4), (2, 2), (2, 4), (2, 5), (3, 2), (3, 3), (4, 3), (5, 5)), (2, 6))","(((1, 4), (2, 2), (2, 4), (2, 5), (3, 2), (3, 3), (4, 3), (4, 5)), (2, 6))",6,6,12.0,6,,,pruned,,,708
"(((1, 4), (2, 2), (2, 4), (2, 5), (3, 2), (3, 3), (4, 3), (4, 6)), (2, 6))","(((1, 4), (2, 2), (2, 4), (2, 5), (3, 2), (3, 3), (4, 3), (4, 5)), (2, 6))",6,6,12.0,6,,,pruned,,,709
"(((1, 4), (2, 2), (2, 4), (2, 5), (3, 2), (3, 3), (4, 3), (4, 5)), (2, 6))","(((1, 4), (2, 2), (2, 5), (3, 2), (3, 3), (3, 4), (4, 3), (4, 5)), (2, 6))",5,5.0,10.0,5,7,2,expanded,False,True,710
"(((1, 4), (1, 5), (2, 2), (2, 4), (3, 2), (3, 3), (4, 2), (5, 5)), (2, 5))","(((1, 4), (1, 5), (2, 2), (2, 4), (3, 2), (3, 3), (4, 2), (4, 5)), (2, 5))",6,6,12.0,6,,,pruned,,,711
"(((1, 4), (1, 5), (2, 2), (2, 4), (3, 2), (3, 3), (4, 2), (4, 6)), (2, 5))","(((1, 4), (1, 5), (2, 2), (2, 4), (3, 2), (3, 3), (4, 2), (4, 5)), (2, 5))",6,6,12.0,6,,,pruned,,,712
"(((1, 4), (1, 5), (2, 2), (2, 4), (3, 2), (3, 3), (4, 1), (4, 5)), (2, 5))","(((1, 4), (1, 5), (2, 2), (2, 4), (3, 2), (3, 3), (4, 2), (4, 5)), (2, 5))",6,6,12.0,6,,,pruned,,,713
"(((1, 4), (1, 5), (2, 2), (2, 4), (3, 2), (3, 3), (4, 2), (4, 5)), (2, 5))","(((1, 4), (1, 5), (2, 2), (3, 2), (3, 3), (3, 4), (4, 2), (4, 5)), (1, 2))",5,5.0,10.0,5,8,3,expanded,False,True,714
"(((1, 4), (2, 2), (2, 3), (2, 4), (2, 5), (3, 3), (4, 3), (5, 5)), (2, 6))","(((1, 4), (2, 2), (2, 3), (2, 4), (2, 5), (3, 3), (4, 3), (4, 5)), (2, 6))",6,6,12.0,6,,,pruned,,,715
"(((1, 4), (2, 2), (2, 3), (2, 4), (2, 5), (3, 3), (4, 3), (4, 6)), (2, 6))","(((1, 4), (2, 2), (2, 3), (2, 4), (2, 5), (3, 3), (4, 3), (4, 5)), (2, 6))",6,6,12.0,6,,,pruned,,,716
"(((1, 4), (2, 2), (2, 3), (2, 4), (2, 5), (3, 3), (4, 3), (4, 5)), (2, 6))","(((1, 4), (2, 2), (2, 3), (2, 5), (3, 3), (3, 4), (4, 3), (4, 5)), (2, 6))",5,5.0,10.0,5,10,2,expanded,False,True,717
"(((1, 4), (2, 2), (2, 3), (2, 5), (3, 3), (3, 4), (4, 2), (5, 5)), (2, 6))","(((1, 4), (2, 2), (2, 3), (2, 5), (3, 3), (3, 4), (4, 2), (4, 5)), (2, 6))",6,6,12.0,6,,,pruned,,,718
"(((1, 4), (2, 2), (2, 3), (2, 5), (3, 3), (3, 4), (4, 2), (4, 6)), (2, 6))","(((1, 4), (2, 2), (2, 3), (2, 5), (3, 3), (3, 4), (4, 2), (4, 5)), (2, 6))",6,6,12.0,6,,,pruned,,,719
"(((1, 4), (2, 2), (2, 3), (2, 5), (3, 3), (3, 4), (4, 5), (5, 2)), (2, 6))","(((1, 4), (2, 2), (2, 3), (2, 5), (3, 3), (3, 4), (4, 2), (4, 5)), (2, 6))",6,6,12.0,6,,,pruned,,,720
"(((1, 4), (2, 2), (2, 3), (2, 5), (3, 3), (3, 4), (4, 1), (4, 5)), (2, 6))","(((1, 4), (2, 2), (2, 3), (2, 5), (3, 3), (3, 4), (4, 2), (4, 5)), (2, 6))",6,6,12.0,6,,,pruned,,,721
"(((1, 4), (2, 2), (2, 3), (2, 5), (3, 3), (3, 4), (4, 2), (4, 5)), (2, 6))","(((1, 4), (2, 2), (2, 3), (2, 5), (3, 3), (3, 4), (4, 3), (4, 5)), (2, 6))",5,5.0,10.0,5,12,4,expanded,False,True,722
"(((1, 4), (1, 5), (2, 3), (2, 4), (3, 2), (3, 3), (4, 3), (5, 5)), (2, 5))","(((1, 4), (1, 5), (2, 3), (2, 4), (3, 2), (3, 3), (4, 3), (4, 5)), (2, 5))",6,6,12.0,6,,,pruned,,,723
"(((1, 4), (1, 5), (2, 3), (2, 4), (3, 2), (3, 3), (4, 3), (4, 6)), (2, 5))","(((1, 4), (1, 5), (2, 3), (2, 4), (3, 2), (3, 3), (4, 3), (4, 5)), (2, 5))",6,6,12.0,6,,,pruned,,,724
"(((1, 4), (1, 5), (2, 3), (2, 4), (3, 2), (3, 3), (4, 3), (4, 5)), (2, 5))","(((1, 4), (1, 5), (2, 3), (3, 2), (3, 3), (3, 4), (4, 3), (4, 5)), (2, 4))",5,5.0,10.0,5,7,2,expanded,False,True,725
"(((1, 4), (2, 2), (2, 3), (2, 4), (2, 5), (3, 5), (4, 3), (4, 6)), (3, 1))","(((1, 4), (2, 2), (2, 3), (2, 4), (2, 5), (3, 5), (4, 3), (4, 5)), (2, 6))",6,6,12.0,6,,,pruned,,,726
"(((1, 4), (2, 2), (2, 3), (2, 4), (2, 5), (3, 5), (4, 5), (5, 3)), (2, 6))","(((1, 4), (2, 2), (2, 3), (2, 4), (2, 5), (3, 5), (4, 3), (4, 5)), (2, 6))",6,6,12.0,6,,,pruned,,,727
"(((1, 4), (2, 2), (2, 3), (2, 4), (2, 5), (3, 6), (4, 3), (4, 5)), (3, 1))","(((1, 4), (2, 2), (2, 3), (2, 4), (2, 5), (3, 5), (4, 3), (4, 5)), (2, 6))",6,6,12.0,6,,,pruned,,,728
"(((1, 4), (2, 2), (2, 3), (2, 4), (2, 5), (3, 5), (4, 3), (4, 5)), (2, 6))","(((1, 4), (2, 2), (2, 3), (2, 5), (3, 4), (3, 5), (4, 3), (4, 5)), (2, 6))",5,5.0,10.0,5,10,3,expanded,False,True,729
"(((1, 4), (2, 2), (2, 3), (2, 5), (3, 3), (3, 4), (3, 5), (4, 6)), (3, 1))","(((1, 4), (2, 2), (2, 3), (2, 5), (3, 3), (3, 4), (3, 5), (4, 5)), (2, 6))",6,6,12.0,6,,,pruned,,,730
"(((1, 4), (2, 2), (2, 3), (2, 5), (3, 3), (3, 4), (3, 5), (4, 5)), (2, 6))","(((1, 4), (2, 2), (2, 3), (2, 5), (3, 4), (3, 5), (4, 3), (4, 5)), (2, 6))",5,5.0,10.0,5,5,1,expanded,False,True,731
"(((1, 4), (2, 2), (2, 3), (2, 5), (3, 4), (3, 5), (4, 2), (4, 6)), (3, 1))","(((1, 4), (2, 2), (2, 3), (2, 5), (3, 4), (3, 5), (4, 2), (4, 5)), (2, 6))",6,6,12.0,6,,,pruned,,,732
"(((1, 4), (2, 2), (2, 3), (2, 5), (3, 4), (3, 5), (4, 5), (5, 2)), (2, 6))","(((1, 4), (2, 2), (2, 3), (2, 5), (3, 4), (3, 5), (4, 2), (4, 5)), (2, 6))",6,6,12.0,6,,,pruned,,,733
"(((1, 4), (2, 2), (2, 3), (2, 5), (3, 4), (3, 5), (4, 1), (4, 5)), (2, 6))","(((1, 4), (2, 2), (2, 3), (2, 5), (3, 4), (3, 5), (4, 2), (4, 5)), (2, 6))",6,6,12.0,6,,,pruned,,,734
"(((1, 4), (2, 2), (2, 3), (2, 5), (3, 4), (3, 5), (4, 2), (4, 5)), (2, 6))","(((1, 4), (2, 2), (2, 3), (2, 5), (3, 4), (3, 5), (4, 3), (4, 5)), (2, 6))",5,5.0,10.0,5,10,3,expanded,False,True,735
"(((2, 2), (2, 3), (2, 4), (2, 5), (3, 3), (3, 4), (3, 5), (4, 4)), (2, 6))","(((2, 2), (2, 3), (2, 4), (2, 5), (3, 4), (3, 5), (4, 3), (4, 4)), (2, 6))",5,5.0,10.0,5,3,0,expanded,False,True,736
"(((1, 3), (2, 2), (2, 4), (2, 5), (3, 3), (3, 4), (3, 5), (4, 6)), (3, 1))","(((1, 3), (2, 2), (2, 4), (2, 5), (3, 3), (3, 4), (3, 5), (4, 5)), (2, 6))",6,6,12.0,6,,,pruned,,,737
"(((1, 3), (2, 2), (2, 4), (2, 5), (3, 3), (3, 4), (3, 5), (4, 5)), (2, 6))","(((1, 3), (2, 2), (2, 4), (2, 5), (3, 4), (3, 5), (4, 3), (4, 5)), (2, 3))",5,5.0,10.0,5,4,1,expanded,False,True,738
"(((1, 3), (2, 2), (2, 4), (2, 5), (3, 4), (3, 5), (4, 2), (4, 6)), (2, 3))","(((1, 3), (2, 2), (2, 4), (2, 5), (3, 4), (3, 5), (4, 2), (4, 5)), (2, 3))",6,6,12.0,6,,,pruned,,,739
"(((1, 3), (2, 2), (2, 4), (2, 5), (3, 4), (3, 5), (4, 5), (5, 2)), (2, 3))","(((1, 3), (2, 2), (2, 4), (2, 5), (3, 4), (3, 5), (4, 2), (4, 5)), (2, 3))",6,6,12.0,6,,,pruned,,,740
"(((1, 3), (2, 2), (2, 4), (2, 5), (3, 4), (3, 5), (4, 1), (4, 5)), (2, 3))","(((1, 3), (2, 2), (2, 4), (2, 5), (3, 4), (3, 5), (4, 2), (4, 5)), (2, 3))",6,6,12.0,6,,,pruned,,,741
"(((1, 3), (2, 2), (2, 4), (2, 5), (3, 4), (3, 5), (4, 2), (4, 5)), (2, 3))","(((1, 3), (2, 2), (2, 4), (2, 5), (3, 4), (3, 5), (4, 3), (4, 5)), (2, 3))",5,5.0,10.0,5,7,3,expanded,False,True,742
"(((1, 5), (2, 2), (2, 3), (2, 4), (3, 3), (3, 4), (4, 2), (5, 5)), (2, 5))","(((1, 5), (2, 2), (2, 3), (2, 4), (3, 3), (3, 4), (4, 2), (4, 5)), (2, 5))",6,6,12.0,6,,,pruned,,,743
"(((1, 5), (2, 2), (2, 3), (2, 4), (3, 3), (3, 4), (4, 2), (4, 6)), (2, 5))","(((1, 5), (2, 2), (2, 3), (2, 4), (3, 3), (3, 4), (4, 2), (4, 5)), (2, 5))",6,6,12.0,6,,,pruned,,,744
"(((1, 5), (2, 2), (2, 3), (2, 4), (3, 3), (3, 4), (4, 5), (5, 2)), (2, 5))","(((1, 5), (2, 2), (2, 3), (2, 4), (3, 3), (3, 4), (4, 2), (4, 5)), (2, 5))",6,6,12.0,6,,,pruned,,,745
"(((1, 5), (2, 2), (2, 3), (2, 4), (3, 3), (3, 4), (4, 1), (4, 5)), (2, 5))","(((1, 5), (2, 2), (2, 3), (2, 4), (3, 3), (3, 4), (4, 2), (4, 5)), (2, 5))",6,6,12.0,6,,,pruned,,,746
"(((1, 5), (2, 2), (2, 3), (2, 4), (3, 3), (3, 4), (4, 2), (4, 5)), (2, 5))","(((1, 5), (2, 2), (2, 3), (2, 4), (3, 3), (3, 4), (4, 3), (4, 5)), (2, 5))",5,5.0,10.0,5,9,4,expanded,False,True,747
"(((1, 4), (2, 2), (2, 3), (2, 5), (3, 1), (3, 4), (3, 5), (4, 2)), (2, 6))","(((1, 4), (2, 2), (2, 3), (2, 5), (3, 2), (3, 4), (3, 5), (4, 2)), (2, 6))",6,6,12.0,6,,,pruned,,,748
"(((1, 4), (2, 2), (2, 3), (2, 5), (3, 2), (3, 4), (3, 5), (4, 1)), (2, 6))","(((1, 4), (2, 2), (2, 3), (2, 5), (3, 2), (3, 4), (3, 5), (4, 2)), (2, 6))",6,6,12.0,6,,,pruned,,,749
"(((1, 4), (2, 2), (2, 3), (2, 5), (3, 2), (3, 4), (3, 5), (4, 2)), (2, 6))","(((1, 4), (2, 2), (2, 5), (3, 2), (3, 3), (3, 4), (3, 5), (4, 2)), (2, 6))",5,5.0,10.0,5,7,2,expanded,False,True,750
"(((1, 4), (2, 2), (2, 4), (3, 2), (3, 3), (3, 4), (3, 5), (4, 1)), (1, 5))","(((1, 4), (2, 2), (2, 4), (3, 2), (3, 3), (3, 4), (3, 5), (4, 2)), (1, 5))",6,6,12.0,6,,,pruned,,,751
"(((1, 4), (2, 2), (2, 4), (3, 2), (3, 3), (3, 4), (3, 5), (4, 2)), (1, 5))","(((1, 4), (2, 2), (2, 5), (3, 2), (3, 3), (3, 4), (3, 5), (4, 2)), (2, 6))",5,5.0,10.0,5,7,1,expanded,False,True,752
"(((1, 4), (2, 2), (2, 4), (3, 2), (3, 3), (3, 6), (4, 2), (4, 3)), (1, 5))","(((1, 4), (2, 2), (2, 4), (3, 2), (3, 3), (3, 5), (4, 2), (4, 3)), (1, 5))",6,6,12.0,6,,,pruned,,,753
"(((1, 4), (2, 2), (2, 4), (3, 2), (3, 3), (3, 5), (4, 2), (4, 3)), (1, 5))","(((1, 4), (2, 2), (2, 5), (3, 2), (3, 3), (3, 5), (4, 2), (4, 3)), (1, 2))",5,5.0,10.0,5,6,1,expanded,False,True,754
"(((1, 5), (2, 2), (2, 6), (3, 2), (3, 3), (3, 5), (4, 2), (4, 3)), (1, 2))","(((1, 5), (2, 2), (2, 5), (3, 2), (3, 3), (3, 5), (4, 2), (4, 3)), (1, 2))",6,6,12.0,6,,,pruned,,,755
"(((1, 5), (2, 2), (2, 5), (3, 2), (3, 3), (3, 6), (4, 2), (4, 3)), (1, 2))","(((1, 5), (2, 2), (2, 5), (3, 2), (3, 3), (3, 5), (4, 2), (4, 3)), (1, 2))",6,6,12.0,6,,,pruned,,,756
"(((1, 5), (2, 2), (2, 5), (3, 2), (3, 3), (3, 5), (4, 2), (4, 3)), (1, 2))","(((1, 4), (2, 2), (2, 5), (3, 2), (3, 3), (3, 5), (4, 2), (4, 3)), (1, 2))",5,5.0,10.0,5,4,2,expanded,False,True,757
"(((1, 4), (2, 2), (2, 3), (2, 5), (3, 2), (3, 5), (4, 2), (5, 3)), (2, 4))","(((1, 4), (2, 2), (2, 3), (2, 5), (3, 2), (3, 5), (4, 2), (4, 3)), (2, 4))",6,6,12.0,6,,,pruned,,,758
"(((1, 4), (2, 2), (2, 3), (2, 5), (3, 1), (3, 5), (4, 2), (4, 3)), (2, 4))","(((1, 4), (2, 2), (2, 3), (2, 5), (3, 2), (3, 5), (4, 2), (4, 3)), (2, 4))",6,6,12.0,6,,,pruned,,,759
"(((1, 4), (2, 2), (2, 3), (2, 6), (3, 2), (3, 5), (4, 2), (4, 3)), (1, 5))","(((1, 4), (2, 2), (2, 3), (2, 5), (3, 2), (3, 5), (4, 2), (4, 3)), (2, 4))",6,6,12.0,6,,,pruned,,,760
"(((1, 4), (2, 2), (2, 3), (2, 5), (3, 2), (3, 6), (4, 2), (4, 3)), (2, 4))","(((1, 4), (2, 2), (2, 3), (2, 5), (3, 2), (3, 5), (4, 2), (4, 3)), (2, 4))",6,6,12.0,6,,,pruned,,,761
"(((1, 4), (2, 2), (2, 3), (2, 5), (3, 2), (3, 5), (4, 2), (4, 3)), (2, 4))","(((1, 4), (2, 2), (2, 3), (2, 5), (3, 2), (3, 5), (4, 2), (4, 4)), (2, 4))",5,5.0,10.0,5,9,4,expanded,False,True,762
"(((1, 4), (2, 2), (2, 3), (2, 5), (3, 3), (3, 5), (4, 4), (5, 2)), (2, 6))","(((1, 4), (2, 2), (2, 3), (2, 5), (3, 3), (3, 5), (4, 2), (4, 4)), (2, 6))",6,6,12.0,6,,,pruned,,,763
"(((1, 4), (2, 2), (2, 3), (2, 5), (3, 3), (3, 5), (4, 1), (4, 4)), (2, 6))","(((1, 4), (2, 2), (2, 3), (2, 5), (3, 3), (3, 5), (4, 2), (4, 4)), (2, 6))",6,6,12.0,6,,,pruned,,,764
"(((1, 4), (2, 2), (2, 3), (2, 5), (3, 3), (3, 5), (4, 2), (4, 4)), (2, 6))","(((1, 4), (2, 2), (2, 3), (2, 5), (3, 2), (3, 5), (4, 2), (4, 4)), (2, 4))",5,5.0,10.0,5,11,2,expanded,False,True,765
"(((1, 4), (2, 2), (2, 3), (2, 4), (3, 2), (3, 5), (4, 2), (5, 4)), (1, 5))","(((1, 4), (2, 2), (2, 3), (2, 4), (3, 2), (3, 5), (4, 2), (4, 4)), (1, 5))",6,6,12.0,6,,,pruned,,,766
"(((1, 4), (2, 2), (2, 3), (2, 4), (3, 1), (3, 5), (4, 2), (4, 4)), (1, 5))","(((1, 4), (2, 2), (2, 3), (2, 4), (3, 2), (3, 5), (4, 2), (4, 4)), (1, 5))",6,6,12.0,6,,,pruned,,,767
"(((1, 4), (2, 2), (2, 3), (2, 4), (3, 2), (3, 6), (4, 2), (4, 4)), (1, 5))","(((1, 4), (2, 2), (2, 3), (2, 4), (3, 2), (3, 5), (4, 2), (4, 4)), (1, 5))",6,6,12.0,6,,,pruned,,,768
"(((1, 4), (2, 2), (2, 3), (2, 4), (3, 2), (3, 5), (4, 1), (4, 4)), (1, 5))","(((1, 4), (2, 2), (2, 3), (2, 4), (3, 2), (3, 5), (4, 2), (4, 4)), (1, 5))",6,6,12.0,6,,,pruned,,,769
"(((1, 4), (2, 2), (2, 3), (2, 4), (3, 2), (3, 5), (4, 2), (4, 4)), (1, 5))","(((1, 4), (2, 2), (2, 3), (2, 5), (3, 2), (3, 5), (4, 2), (4, 4)), (2, 4))",5,5.0,10.0,5,14,4,expanded,False,True,770
"(((1, 4), (2, 2), (2, 3), (3, 2), (3, 3), (3, 5), (4, 2), (5, 4)), (1, 5))","(((1, 4), (2, 2), (2, 3), (3, 2), (3, 3), (3, 5), (4, 2), (4, 4)), (1, 5))",6,6,12.0,6,,,pruned,,,771
"(((1, 4), (2, 2), (2, 3), (3, 2), (3, 3), (3, 6), (4, 2), (4, 4)), (1, 5))","(((1, 4), (2, 2), (2, 3), (3, 2), (3, 3), (3, 5), (4, 2), (4, 4)), (1, 5))",6,6,12.0,6,,,pruned,,,772
"(((1, 4), (2, 2), (2, 3), (3, 2), (3, 3), (3, 5), (4, 1), (4, 4)), (1, 5))","(((1, 4), (2, 2), (2, 3), (3, 2), (3, 3), (3, 5), (4, 2), (4, 4)), (1, 5))",6,6,12.0,6,,,pruned,,,773
"(((1, 4), (2, 2), (2, 3), (3, 2), (3, 3), (3, 5), (4, 2), (4, 4)), (1, 5))","(((1, 4), (2, 2), (2, 4), (3, 2), (3, 3), (3, 5), (4, 2), (4, 4)), (1, 5))",5,5.0,10.0,5,11,3,expanded,False,True,774
"(((1, 4), (2, 2), (2, 4), (3, 2), (3, 3), (4, 2), (4, 5), (5, 4)), (1, 5))","(((1, 4), (2, 2), (2, 4), (3, 2), (3, 3), (4, 2), (4, 4), (4, 5)), (1, 5))",6,6,12.0,6,,,pruned,,,775
"(((1, 4), (2, 2), (2, 4), (3, 2), (3, 3), (4, 2), (4, 4), (5, 5)), (1, 5))","(((1, 4), (2, 2), (2, 4), (3, 2), (3, 3), (4, 2), (4, 4), (4, 5)), (1, 5))",6,6,12.0,6,,,pruned,,,776
"(((1, 4), (2, 2), (2, 4), (3, 2), (3, 3), (4, 1), (4, 4), (4, 5)), (1, 5))","(((1, 4), (2, 2), (2, 4), (3, 2), (3, 3), (4, 2), (4, 4), (4, 5)), (1, 5))",6,6,12.0,6,,,pruned,,,777
"(((1, 4), (2, 2), (2, 4), (3, 2), (3, 3), (4, 2), (4, 4), (4, 5)), (1, 5))","(((1, 4), (2, 2), (2, 4), (3, 2), (3, 3), (3, 5), (4, 2), (4, 4)), (1, 5))",5,5.0,10.0,5,9,3,expanded,False,True,778
"(((1, 4), (2, 2), (2, 4), (2, 5), (3, 2), (3, 3), (4, 2), (5, 4)), (2, 6))","(((1, 4), (2, 2), (2, 4), (2, 5), (3, 2), (3, 3), (4, 2), (4, 4)), (2, 6))",6,6,12.0,6,,,pruned,,,779
"(((1, 4), (2, 2), (2, 4), (2, 5), (3, 2), (3, 3), (4, 1), (4, 4)), (2, 6))","(((1, 4), (2, 2), (2, 4), (2, 5), (3, 2), (3, 3), (4, 2), (4, 4)), (2, 6))",6,6,12.0,6,,,pruned,,,780
"(((1, 4), (2, 2), (2, 4), (2, 5), (3, 2), (3, 3), (4, 2), (4, 4)), (2, 6))","(((1, 4), (2, 2), (2, 4), (3, 2), (3, 3), (3, 5), (4, 2), (4, 4)), (1, 5))",5,5.0,10.0,5,8,2,expanded,False,True,781
"(((1, 3), (2, 2), (2, 4), (3, 2), (3, 3), (3, 5), (4, 1), (4, 4)), (1, 4))","(((1, 3), (2, 2), (2, 4), (3, 2), (3, 3), (3, 5), (4, 2), (4, 4)), (1, 4))",6,6,12.0,6,,,pruned,,,782
"(((1, 3), (2, 2), (2, 4), (3, 2), (3, 3), (3, 5), (4, 2), (4, 4)), (1, 4))","(((1, 4), (2, 2), (2, 4), (3, 2), (3, 3), (3, 5), (4, 2), (4, 4)), (1, 5))",5,5.0,10.0,5,12,1,expanded,False,True,783
"(((1, 5), (2, 2), (2, 5), (3, 3), (3, 5), (4, 2), (4, 3), (4, 6)), (1, 2))","(((1, 5), (2, 2), (2, 5), (3, 3), (3, 5), (4, 2), (4, 3), (4, 5)), (1, 2))",6,6,12.0,6,,,pruned,,,784
"(((1, 5), (2, 2), (2, 6), (3, 3), (3, 5), (4, 2), (4, 3), (4, 5)), (1, 2))","(((1, 5), (2, 2), (2, 5), (3, 3), (3, 5), (4, 2), (4, 3), (4, 5)), (1, 2))",6,6,12.0,6,,,pruned,,,785
"(((1, 5), (2, 2), (2, 5), (3, 3), (3, 6), (4, 2), (4, 3), (4, 5)), (1, 2))","(((1, 5), (2, 2), (2, 5), (3, 3), (3, 5), (4, 2), (4, 3), (4, 5)), (1, 2))",6,6,12.0,6,,,pruned,,,786
"(((1, 5), (2, 2), (2, 5), (3, 3), (3, 5), (4, 3), (4, 5), (5, 2)), (3, 1))","(((1, 5), (2, 2), (2, 5), (3, 3), (3, 5), (4, 2), (4, 3), (4, 5)), (1, 2))",6,6,12.0,6,,,pruned,,,787
"(((1, 5), (2, 2), (2, 5), (3, 3), (3, 5), (4, 2), (4, 3), (4, 5)), (1, 2))","(((1, 5), (2, 2), (2, 5), (3, 2), (3, 5), (4, 2), (4, 3), (4, 5)), (1, 2))",5,5.0,10.0,5,12,4,expanded,False,True,788
"(((1, 5), (2, 2), (2, 4), (3, 2), (3, 5), (4, 2), (4, 5), (5, 3)), (1, 2))","(((1, 5), (2, 2), (2, 4), (3, 2), (3, 5), (4, 2), (4, 3), (4, 5)), (1, 2))",6,6,12.0,6,,,pruned,,,789
"(((1, 5), (2, 2), (2, 4), (3, 2), (3, 5), (4, 2), (4, 3), (4, 6)), (1, 2))","(((1, 5), (2, 2), (2, 4), (3, 2), (3, 5), (4, 2), (4, 3), (4, 5)), (1, 2))",6,6,12.0,6,,,pruned,,,790
"(((1, 5), (2, 2), (2, 4), (3, 1), (3, 5), (4, 2), (4, 3), (4, 5)), (1, 2))","(((1, 5), (2, 2), (2, 4), (3, 2), (3, 5), (4, 2), (4, 3), (4, 5)), (1, 2))",6,6,12.0,6,,,pruned,,,791
"(((1, 5), (2, 2), (2, 4), (3, 2), (3, 6), (4, 2), (4, 3), (4, 5)), (1, 2))","(((1, 5), (2, 2), (2, 4), (3, 2), (3, 5), (4, 2), (4, 3), (4, 5)), (1, 2))",6,6,12.0,6,,,pruned,,,792
"(((1, 5), (2, 2), (2, 4), (3, 2), (3, 5), (4, 2), (4, 3), (4, 5)), (1, 2))","(((1, 5), (2, 2), (2, 5), (3, 2), (3, 5), (4, 2), (4, 3), (4, 5)), (1, 2))",5,5.0,10.0,5,12,4,expanded,False,True,793
"(((1, 2), (1, 4), (2, 5), (3, 3), (3, 5), (4, 2), (4, 3), (4, 6)), (1, 3))","(((1, 2), (1, 4), (2, 5), (3, 3), (3, 5), (4, 2), (4, 3), (4, 5)), (1, 3))",6,6,12.0,6,,,pruned,,,794
"(((1, 2), (1, 4), (2, 6), (3, 3), (3, 5), (4, 2), (4, 3), (4, 5)), (1, 3))","(((1, 2), (1, 4), (2, 5), (3, 3), (3, 5), (4, 2), (4, 3), (4, 5)), (1, 3))",6,6,12.0,6,,,pruned,,,795
"(((1, 2), (1, 4), (2, 5), (3, 3), (3, 6), (4, 2), (4, 3), (4, 5)), (1, 3))","(((1, 2), (1, 4), (2, 5), (3, 3), (3, 5), (4, 2), (4, 3), (4, 5)), (1, 3))",6,6,12.0,6,,,pruned,,,796
"(((1, 2), (1, 4), (2, 5), (3, 3), (3, 5), (4, 3), (4, 5), (5, 2)), (1, 3))","(((1, 2), (1, 4), (2, 5), (3, 3), (3, 5), (4, 2), (4, 3), (4, 5)), (1, 3))",6,6,12.0,6,,,pruned,,,797
"(((1, 2), (1, 4), (2, 5), (3, 3), (3, 5), (4, 2), (4, 3), (4, 5)), (1, 3))","(((1, 4), (2, 2), (2, 5), (3, 3), (3, 5), (4, 2), (4, 3), (4, 5)), (1, 2))",5,5.0,10.0,5,11,4,expanded,False,True,798
"(((1, 4), (2, 2), (2, 4), (3, 3), (3, 5), (4, 2), (4, 3), (4, 6)), (3, 1))","(((1, 4), (2, 2), (2, 4), (3, 3), (3, 5), (4, 2), (4, 3), (4, 5)), (1, 5))",6,6,12.0,6,,,pruned,,,799
"(((1, 4), (2, 2), (2, 4), (3, 3), (3, 6), (4, 2), (4, 3), (4, 5)), (1, 5))","(((1, 4), (2, 2), (2, 4), (3, 3), (3, 5), (4, 2), (4, 3), (4, 5)), (1, 5))",6,6,12.0,6,,,pruned,,,800
"(((1, 4), (2, 2), (2, 4), (3, 3), (3, 5), (4, 3), (4, 5), (5, 2)), (3, 1))","(((1, 4), (2, 2), (2, 4), (3, 3), (3, 5), (4, 2), (4, 3), (4, 5)), (1, 5))",6,6,12.0,6,,,pruned,,,801
"(((1, 4), (2, 2), (2, 4), (3, 3), (3, 5), (4, 2), (4, 3), (4, 5)), (1, 5))","(((1, 4), (2, 2), (2, 5), (3, 3), (3, 5), (4, 2), (4, 3), (4, 5)), (1, 2))",5,5.0,10.0,5,11,3,expanded,False,True,802
"(((1, 4), (2, 2), (2, 3), (3, 2), (3, 5), (4, 2), (4, 3), (4, 6)), (1, 5))","(((1, 4), (2, 2), (2, 3), (3, 2), (3, 5), (4, 2), (4, 3), (4, 5)), (1, 5))",6,6,12.0,6,,,pruned,,,803
"(((1, 4), (2, 2), (2, 3), (3, 2), (3, 5), (4, 2), (4, 5), (5, 3)), (1, 5))","(((1, 4), (2, 2), (2, 3), (3, 2), (3, 5), (4, 2), (4, 3), (4, 5)), (1, 5))",6,6,12.0,6,,,pruned,,,804
"(((1, 4), (2, 2), (2, 3), (3, 1), (3, 5), (4, 2), (4, 3), (4, 5)), (1, 5))","(((1, 4), (2, 2), (2, 3), (3, 2), (3, 5), (4, 2), (4, 3), (4, 5)), (1, 5))",6,6,12.0,6,,,pruned,,,805
"(((1, 4), (2, 2), (2, 3), (3, 2), (3, 6), (4, 2), (4, 3), (4, 5)), (1, 5))","(((1, 4), (2, 2), (2, 3), (3, 2), (3, 5), (4, 2), (4, 3), (4, 5)), (1, 5))",6,6,12.0,6,,,pruned,,,806
"(((1, 4), (2, 2), (2, 3), (3, 2), (3, 5), (4, 2), (4, 3), (4, 5)), (1, 5))","(((1, 4), (2, 2), (2, 4), (3, 2), (3, 5), (4, 2), (4, 3), (4, 5)), (1, 2))",5,5.0,10.0,5,10,4,expanded,False,True,807
"(((1, 3), (2, 2), (2, 4), (3, 2), (3, 5), (4, 2), (4, 3), (4, 6)), (2, 3))","(((1, 3), (2, 2), (2, 4), (3, 2), (3, 5), (4, 2), (4, 3), (4, 5)), (1, 4))",6,6,12.0,6,,,pruned,,,808
"(((1, 3), (2, 2), (2, 4), (3, 2), (3, 5), (4, 2), (4, 5), (5, 3)), (1, 4))","(((1, 3), (2, 2), (2, 4), (3, 2), (3, 5), (4, 2), (4, 3), (4, 5)), (1, 4))",6,6,12.0,6,,,pruned,,,809
"(((1, 3), (2, 2), (2, 4), (3, 1), (3, 5), (4, 2), (4, 3), (4, 5)), (1, 4))","(((1, 3), (2, 2), (2, 4), (3, 2), (3, 5), (4, 2), (4, 3), (4, 5)), (1, 4))",6,6,12.0,6,,,pruned,,,810
"(((1, 3), (2, 2), (2, 4), (3, 2), (3, 6), (4, 2), (4, 3), (4, 5)), (1, 4))","(((1, 3), (2, 2), (2, 4), (3, 2), (3, 5), (4, 2), (4, 3), (4, 5)), (1, 4))",6,6,12.0,6,,,pruned,,,811
"(((1, 3), (2, 2), (2, 4), (3, 2), (3, 5), (4, 2), (4, 3), (4, 5)), (1, 4))","(((1, 4), (2, 2), (2, 4), (3, 2), (3, 5), (4, 2), (4, 3), (4, 5)), (1, 2))",5,5.0,10.0,5,13,4,expanded,False,True,812
"(((1, 4), (2, 2), (2, 5), (3, 2), (3, 3), (3, 4), (3, 5), (4, 6)), (3, 1))","(((1, 4), (2, 2), (2, 5), (3, 2), (3, 3), (3, 4), (3, 5), (4, 5)), (2, 6))",6,6,12.0,6,,,pruned,,,813
"(((1, 4), (2, 2), (2, 5), (3, 2), (3, 3), (3, 4), (3, 5), (4, 5)), (2, 6))","(((1, 4), (2, 2), (2, 5), (3, 2), (3, 3), (3, 5), (4, 4), (4, 5)), (2, 6))",5,5.0,10.0,5,5,1,expanded,False,True,814
"(((1, 4), (2, 2), (2, 3), (2, 5), (3, 2), (3, 5), (4, 5), (5, 4)), (2, 4))","(((1, 4), (2, 2), (2, 3), (2, 5), (3, 2), (3, 5), (4, 4), (4, 5)), (2, 4))",6,6,12.0,6,,,pruned,,,815
"(((1, 4), (2, 2), (2, 3), (2, 5), (3, 1), (3, 5), (4, 4), (4, 5)), (2, 4))","(((1, 4), (2, 2), (2, 3), (2, 5), (3, 2), (3, 5), (4, 4), (4, 5)), (2, 4))",6,6,12.0,6,,,pruned,,,816
"(((1, 4), (2, 2), (2, 3), (2, 6), (3, 2), (3, 5), (4, 4), (4, 5)), (1, 5))","(((1, 4), (2, 2), (2, 3), (2, 5), (3, 2), (3, 5), (4, 4), (4, 5)), (2, 4))",6,6,12.0,6,,,pruned,,,817
"(((1, 4), (2, 2), (2, 3), (2, 5), (3, 2), (3, 6), (4, 4), (4, 5)), (2, 4))","(((1, 4), (2, 2), (2, 3), (2, 5), (3, 2), (3, 5), (4, 4), (4, 5)), (2, 4))",6,6,12.0,6,,,pruned,,,818
"(((1, 4), (2, 2), (2, 3), (2, 5), (3, 2), (3, 5), (4, 4), (4, 5)), (2, 4))","(((1, 4), (2, 2), (2, 5), (3, 2), (3, 3), (3, 5), (4, 4), (4, 5)), (2, 6))",5,5.0,10.0,5,9,4,expanded,False,True,819
"(((1, 4), (2, 2), (2, 4), (3, 2), (3, 3), (3, 5), (4, 4), (4, 5)), (1, 5))","(((1, 4), (2, 2), (2, 5), (3, 2), (3, 3), (3, 5), (4, 4), (4, 5)), (2, 6))",5,5.0,10.0,5,5,0,expanded,False,True,820
"(((1, 4), (2, 2), (2, 3), (3, 2), (3, 3), (3, 5), (4, 3), (4, 6)), (1, 5))","(((1, 4), (2, 2), (2, 3), (3, 2), (3, 3), (3, 5), (4, 3), (4, 5)), (1, 5))",6,6,12.0,6,,,pruned,,,821
"(((1, 4), (2, 2), (2, 3), (3, 2), (3, 3), (3, 6), (4, 3), (4, 5)), (1, 5))","(((1, 4), (2, 2), (2, 3), (3, 2), (3, 3), (3, 5), (4, 3), (4, 5)), (1, 5))",6,6,12.0,6,,,pruned,,,822
"(((1, 4), (2, 2), (2, 3), (3, 2), (3, 3), (3, 5), (4, 3), (4, 5)), (1, 5))","(((1, 4), (2, 2), (2, 4), (3, 2), (3, 3), (3, 5), (4, 3), (4, 5)), (1, 5))",5,5.0,10.0,5,7,2,expanded,False,True,823
"(((1, 3), (2, 2), (2, 4), (3, 2), (3, 3), (3, 5), (4, 3), (4, 6)), (3, 1))","(((1, 3), (2, 2), (2, 4), (3, 2), (3, 3), (3, 5), (4, 3), (4, 5)), (1, 4))",6,6,12.0,6,,,pruned,,,824
"(((1, 3), (2, 2), (2, 4), (3, 2), (3, 3), (3, 6), (4, 3), (4, 5)), (1, 4))","(((1, 3), (2, 2), (2, 4), (3, 2), (3, 3), (3, 5), (4, 3), (4, 5)), (1, 4))",6,6,12.0,6,,,pruned,,,825
"(((1, 3), (2, 2), (2, 4), (3, 2), (3, 3), (3, 5), (4, 3), (4, 5)), (1, 4))","(((1, 4), (2, 2), (2, 4), (3, 2), (3, 3), (3, 5), (4, 3), (4, 5)), (1, 5))",5,5.0,10.0,5,10,2,expanded,False,True,826
"(((1, 5), (2, 2), (2, 5), (3, 2), (3, 3), (3, 5), (4, 4), (4, 5)), (2, 6))","(((1, 5), (2, 2), (2, 5), (3, 2), (3, 3), (3, 5), (4, 3), (4, 5)), (1, 2))",5,5.0,10.0,5,4,0,expanded,False,True,827
"(((1, 5), (2, 2), (2, 4), (3, 2), (3, 3), (3, 5), (4, 3), (4, 6)), (3, 1))","(((1, 5), (2, 2), (2, 4), (3, 2), (3, 3), (3, 5), (4, 3), (4, 5)), (2, 5))",6,6,12.0,6,,,pruned,,,828
"(((1, 5), (2, 2), (2, 4), (3, 2), (3, 3), (3, 6), (4, 3), (4, 5)), (2, 5))","(((1, 5), (2, 2), (2, 4), (3, 2), (3, 3), (3, 5), (4, 3), (4, 5)), (2, 5))",6,6,12.0,6,,,pruned,,,829
"(((1, 5), (2, 2), (2, 4), (3, 2), (3, 3), (3, 5), (4, 3), (4, 5)), (2, 5))","(((1, 5), (2, 2), (2, 5), (3, 2), (3, 3), (3, 5), (4, 3), (4, 5)), (1, 2))",5,5.0,10.0,5,8,2,expanded,False,True,830
"(((1, 4), (2, 2), (2, 3), (2, 4), (3, 2), (3, 4), (4, 2), (5, 5)), (1, 5))","(((1, 4), (2, 2), (2, 3), (2, 4), (3, 2), (3, 4), (4, 2), (4, 5)), (1, 5))",6,6,12.0,6,,,pruned,,,831
"(((1, 4), (2, 2), (2, 3), (2, 4), (3, 2), (3, 4), (4, 2), (4, 6)), (1, 5))","(((1, 4), (2, 2), (2, 3), (2, 4), (3, 2), (3, 4), (4, 2), (4, 5)), (1, 5))",6,6,12.0,6,,,pruned,,,832
"(((1, 4), (2, 2), (2, 3), (2, 4), (3, 1), (3, 4), (4, 2), (4, 5)), (1, 5))","(((1, 4), (2, 2), (2, 3), (2, 4), (3, 2), (3, 4), (4, 2), (4, 5)), (1, 5))",6,6,12.0,6,,,pruned,,,833
"(((1, 4), (2, 2), (2, 3), (2, 4), (3, 2), (3, 4), (4, 1), (4, 5)), (1, 5))","(((1, 4), (2, 2), (2, 3), (2, 4), (3, 2), (3, 4), (4, 2), (4, 5)), (1, 5))",6,6,12.0,6,,,pruned,,,834
"(((1, 4), (2, 2), (2, 3), (2, 4), (3, 2), (3, 4), (4, 2), (4, 5)), (1, 5))","(((1, 4), (2, 2), (2, 3), (2, 5), (3, 2), (3, 4), (4, 2), (4, 5)), (2, 6))",5,5.0,10.0,5,12,4,expanded,False,True,835
"(((1, 4), (2, 2), (2, 3), (3, 2), (3, 3), (3, 4), (4, 2), (5, 5)), (1, 5))","(((1, 4), (2, 2), (2, 3), (3, 2), (3, 3), (3, 4), (4, 2), (4, 5)), (1, 5))",6,6,12.0,6,,,pruned,,,836
"(((1, 4), (2, 2), (2, 3), (3, 2), (3, 3), (3, 4), (4, 2), (4, 6)), (1, 5))","(((1, 4), (2, 2), (2, 3), (3, 2), (3, 3), (3, 4), (4, 2), (4, 5)), (1, 5))",6,6,12.0,6,,,pruned,,,837
"(((1, 4), (2, 2), (2, 3), (3, 2), (3, 3), (3, 4), (4, 1), (4, 5)), (1, 5))","(((1, 4), (2, 2), (2, 3), (3, 2), (3, 3), (3, 4), (4, 2), (4, 5)), (1, 5))",6,6,12.0,6,,,pruned,,,838
"(((1, 4), (2, 2), (2, 3), (3, 2), (3, 3), (3, 4), (4, 2), (4, 5)), (1, 5))","(((1, 4), (2, 2), (2, 4), (3, 2), (3, 3), (3, 4), (4, 2), (4, 5)), (1, 5))",5,5.0,10.0,5,9,3,expanded,False,True,839
"(((1, 3), (2, 2), (2, 4), (3, 2), (3, 3), (3, 4), (4, 2), (5, 5)), (1, 4))","(((1, 3), (2, 2), (2, 4), (3, 2), (3, 3), (3, 4), (4, 2), (4, 5)), (1, 4))",6,6,12.0,6,,,pruned,,,840
"(((1, 3), (2, 2), (2, 4), (3, 2), (3, 3), (3, 4), (4, 2), (4, 6)), (1, 4))","(((1, 3), (2, 2), (2, 4), (3, 2), (3, 3), (3, 4), (4, 2), (4, 5)), (1, 4))",6,6,12.0,6,,,pruned,,,841
"(((1, 3), (2, 2), (2, 4), (3, 2), (3, 3), (3, 4), (4, 1), (4, 5)), (1, 4))","(((1, 3), (2, 2), (2, 4), (3, 2), (3, 3), (3, 4), (4, 2), (4, 5)), (1, 4))",6,6,12.0,6,,,pruned,,,842
"(((1, 3), (2, 2), (2, 4), (3, 2), (3, 3), (3, 4), (4, 2), (4, 5)), (1, 4))","(((1, 4), (2, 2), (2, 4), (3, 2), (3, 3), (3, 4), (4, 2), (4, 5)), (1, 5))",5,5.0,10.0,5,9,3,expanded,False,True,843
"(((1, 4), (2, 3), (2, 5), (3, 2), (3, 3), (3, 4), (3, 5), (4, 4)), (2, 6))","(((1, 4), (2, 3), (2, 5), (3, 2), (3, 3), (3, 4), (3, 5), (4, 3)), (2, 6))",5,5.0,10.0,5,4,0,expanded,False,True,844
"(((1, 4), (2, 3), (2, 4), (3, 2), (3, 3), (3, 4), (3, 5), (4, 3)), (1, 5))","(((1, 4), (2, 3), (2, 5), (3, 2), (3, 3), (3, 4), (3, 5), (4, 3)), (2, 6))",5,5.0,10.0,5,6,0,expanded,False,True,845
"(((1, 4), (2, 3), (2, 4), (3, 2), (3, 3), (4, 3), (4, 5), (5, 4)), (1, 5))","(((1, 4), (2, 3), (2, 4), (3, 2), (3, 3), (4, 3), (4, 4), (4, 5)), (1, 5))",6,6,12.0,6,,,pruned,,,846
"(((1, 4), (2, 3), (2, 4), (3, 2), (3, 3), (4, 3), (4, 4), (5, 5)), (1, 5))","(((1, 4), (2, 3), (2, 4), (3, 2), (3, 3), (4, 3), (4, 4), (4, 5)), (1, 5))",6,6,12.0,6,,,pruned,,,847
"(((1, 4), (2, 3), (2, 4), (3, 2), (3, 3), (4, 3), (4, 4), (4, 5)), (1, 5))","(((1, 4), (2, 3), (2, 4), (3, 2), (3, 3), (3, 5), (4, 3), (4, 4)), (1, 5))",5,5.0,10.0,5,6,2,expanded,False,True,848
"(((1, 4), (2, 3), (2, 4), (2, 5), (3, 2), (3, 3), (4, 3), (5, 4)), (2, 6))","(((1, 4), (2, 3), (2, 4), (2, 5), (3, 2), (3, 3), (4, 3), (4, 4)), (2, 6))",6,6,12.0,6,,,pruned,,,849
"(((1, 4), (2, 3), (2, 4), (2, 5), (3, 2), (3, 3), (4, 3), (4, 4)), (2, 6))","(((1, 4), (2, 3), (2, 4), (3, 2), (3, 3), (3, 5), (4, 3), (4, 4)), (1, 5))",5,5.0,10.0,5,4,1,expanded,False,True,850
"(((1, 3), (2, 3), (2, 4), (3, 2), (3, 3), (3, 5), (4, 3), (4, 4)), (1, 4))","(((1, 4), (2, 3), (2, 4), (3, 2), (3, 3), (3, 5), (4, 3), (4, 4)), (1, 5))",5,5.0,10.0,5,7,0,expanded,False,True,851
"(((1, 4), (2, 3), (2, 4), (3, 2), (3, 3), (3, 4), (4, 2), (4, 3)), (1, 5))","(((1, 4), (2, 3), (2, 5), (3, 2), (3, 3), (3, 4), (4, 2), (4, 3)), (2, 6))",5,5.0,10.0,5,1,0,expanded,False,True,852
"(((1, 3), (2, 3), (2, 4), (3, 2), (3, 3), (3, 4), (4, 1), (4, 4)), (1, 4))","(((1, 3), (2, 3), (2, 4), (3, 2), (3, 3), (3, 4), (4, 2), (4, 4)), (1, 4))",6,6,12.0,6,,,pruned,,,853
"(((1, 3), (2, 3), (2, 4), (3, 2), (3, 3), (3, 4), (4, 2), (4, 4)), (1, 4))","(((1, 4), (2, 3), (2, 4), (3, 2), (3, 3), (3, 4), (4, 2), (4, 4)), (1, 5))",5,5.0,10.0,5,5,1,expanded,False,True,854
"(((1, 4), (2, 3), (2, 4), (3, 2), (3, 3), (3, 4), (4, 4), (5, 5)), (1, 5))","(((1, 4), (2, 3), (2, 4), (3, 2), (3, 3), (3, 4), (4, 4), (4, 5)), (1, 5))",6,6,12.0,6,,,pruned,,,855
"(((1, 4), (2, 3), (2, 4), (3, 2), (3, 3), (3, 4), (4, 4), (4, 5)), (1, 5))","(((1, 4), (2, 3), (2, 5), (3, 2), (3, 3), (3, 4), (4, 4), (4, 5)), (2, 6))",5,5.0,10.0,5,4,1,expanded,False,True,856
"(((1, 3), (2, 3), (2, 4), (3, 2), (3, 3), (3, 4), (4, 3), (5, 5)), (1, 4))","(((1, 3), (2, 3), (2, 4), (3, 2), (3, 3), (3, 4), (4, 3), (4, 5)), (1, 4))",6,6,12.0,6,,,pruned,,,857
"(((1, 3), (2, 3), (2, 4), (3, 2), (3, 3), (3, 4), (4, 3), (4, 6)), (1, 4))","(((1, 3), (2, 3), (2, 4), (3, 2), (3, 3), (3, 4), (4, 3), (4, 5)), (1, 4))",6,6,12.0,6,,,pruned,,,858
"(((1, 3), (2, 3), (2, 4), (3, 2), (3, 3), (3, 4), (4, 3), (4, 5)), (1, 4))","(((1, 4), (2, 3), (2, 4), (3, 2), (3, 3), (3, 4), (4, 3), (4, 5)), (1, 5))",5,5.0,10.0,5,8,2,expanded,False,True,859
"(((1, 4), (1, 5), (2, 3), (3, 2), (3, 3), (3, 5), (4, 2), (5, 4)), (2, 4))","(((1, 4), (1, 5), (2, 3), (3, 2), (3, 3), (3, 5), (4, 2), (4, 4)), (2, 4))",6,6,12.0,6,,,pruned,,,860
"(((1, 4), (1, 5), (2, 3), (3, 2), (3, 3), (3, 6), (4, 2), (4, 4)), (2, 4))","(((1, 4), (1, 5), (2, 3), (3, 2), (3, 3), (3, 5), (4, 2), (4, 4)), (2, 4))",6,6,12.0,6,,,pruned,,,861
"(((1, 4), (1, 5), (2, 3), (3, 2), (3, 3), (3, 5), (4, 1), (4, 4)), (2, 4))","(((1, 4), (1, 5), (2, 3), (3, 2), (3, 3), (3, 5), (4, 2), (4, 4)), (2, 4))",6,6,12.0,6,,,pruned,,,862
"(((1, 4), (1, 5), (2, 3), (3, 2), (3, 3), (3, 5), (4, 2), (4, 4)), (2, 4))","(((1, 4), (1, 5), (2, 3), (3, 2), (3, 3), (3, 4), (3, 5), (4, 2)), (2, 4))",5,5.0,10.0,5,11,3,expanded,False,True,863
"(((1, 4), (1, 5), (2, 3), (2, 5), (3, 2), (3, 3), (3, 4), (4, 1)), (2, 6))","(((1, 4), (1, 5), (2, 3), (2, 5), (3, 2), (3, 3), (3, 4), (4, 2)), (2, 6))",6,6,12.0,6,,,pruned,,,864
"(((1, 4), (1, 5), (2, 3), (2, 5), (3, 2), (3, 3), (3, 4), (4, 2)), (2, 6))","(((1, 4), (1, 5), (2, 3), (3, 2), (3, 3), (3, 4), (3, 5), (4, 2)), (2, 4))",5,5.0,10.0,5,4,1,expanded,False,True,865
"(((1, 4), (2, 2), (2, 3), (2, 4), (3, 2), (3, 5), (4, 3), (4, 6)), (3, 1))","(((1, 4), (2, 2), (2, 3), (2, 4), (3, 2), (3, 5), (4, 3), (4, 5)), (1, 5))",6,6,12.0,6,,,pruned,,,866
"(((1, 4), (2, 2), (2, 3), (2, 4), (3, 2), (3, 5), (4, 5), (5, 3)), (1, 5))","(((1, 4), (2, 2), (2, 3), (2, 4), (3, 2), (3, 5), (4, 3), (4, 5)), (1, 5))",6,6,12.0,6,,,pruned,,,867
"(((1, 4), (2, 2), (2, 3), (2, 4), (3, 1), (3, 5), (4, 3), (4, 5)), (1, 5))","(((1, 4), (2, 2), (2, 3), (2, 4), (3, 2), (3, 5), (4, 3), (4, 5)), (1, 5))",6,6,12.0,6,,,pruned,,,868
"(((1, 4), (2, 2), (2, 3), (2, 4), (3, 2), (3, 6), (4, 3), (4, 5)), (1, 5))","(((1, 4), (2, 2), (2, 3), (2, 4), (3, 2), (3, 5), (4, 3), (4, 5)), (1, 5))",6,6,12.0,6,,,pruned,,,869
"(((1, 4), (2, 2), (2, 3), (2, 4), (3, 2), (3, 5), (4, 3), (4, 5)), (1, 5))","(((1, 4), (2, 2), (2, 3), (2, 5), (3, 2), (3, 5), (4, 3), (4, 5)), (2, 4))",5,5.0,10.0,5,12,4,expanded,False,True,870
"(((1, 2), (1, 4), (2, 4), (2, 5), (3, 3), (3, 5), (4, 3), (4, 6)), (1, 3))","(((1, 2), (1, 4), (2, 4), (2, 5), (3, 3), (3, 5), (4, 3), (4, 5)), (1, 3))",6,6,12.0,6,,,pruned,,,871
"(((1, 2), (1, 4), (2, 4), (2, 5), (3, 3), (3, 6), (4, 3), (4, 5)), (1, 3))","(((1, 2), (1, 4), (2, 4), (2, 5), (3, 3), (3, 5), (4, 3), (4, 5)), (1, 3))",6,6,12.0,6,,,pruned,,,872
"(((1, 2), (1, 4), (2, 4), (2, 5), (3, 3), (3, 5), (4, 3), (4, 5)), (1, 3))","(((1, 2), (1, 4), (2, 3), (2, 5), (3, 3), (3, 5), (4, 3), (4, 5)), (2, 2))",5,5.0,10.0,5,9,2,expanded,False,True,873
"(((1, 2), (1, 4), (2, 3), (2, 5), (3, 2), (3, 5), (4, 3), (4, 6)), (2, 4))","(((1, 2), (1, 4), (2, 3), (2, 5), (3, 2), (3, 5), (4, 3), (4, 5)), (2, 4))",6,6,12.0,6,,,pruned,,,874
"(((1, 2), (1, 4), (2, 3), (2, 5), (3, 2), (3, 5), (4, 5), (5, 3)), (2, 4))","(((1, 2), (1, 4), (2, 3), (2, 5), (3, 2), (3, 5), (4, 3), (4, 5)), (2, 4))",6,6,12.0,6,,,pruned,,,875
"(((1, 2), (1, 4), (2, 3), (2, 5), (3, 1), (3, 5), (4, 3), (4, 5)), (2, 2))","(((1, 2), (1, 4), (2, 3), (2, 5), (3, 2), (3, 5), (4, 3), (4, 5)), (2, 4))",6,6,12.0,6,,,pruned,,,876
"(((1, 2), (1, 4), (2, 3), (2, 6), (3, 2), (3, 5), (4, 3), (4, 5)), (1, 5))","(((1, 2), (1, 4), (2, 3), (2, 5), (3, 2), (3, 5), (4, 3), (4, 5)), (2, 4))",6,6,12.0,6,,,pruned,,,877
"(((1, 2), (1, 4), (2, 3), (2, 5), (3, 2), (3, 6), (4, 3), (4, 5)), (2, 4))","(((1, 2), (1, 4), (2, 3), (2, 5), (3, 2), (3, 5), (4, 3), (4, 5)), (2, 4))",6,6,12.0,6,,,pruned,,,878
"(((1, 2), (1, 4), (2, 3), (2, 5), (3, 2), (3, 5), (4, 3), (4, 5)), (2, 4))","(((1, 2), (1, 4), (2, 3), (2, 5), (3, 3), (3, 5), (4, 3), (4, 5)), (2, 2))",5,5.0,10.0,5,15,5,expanded,False,True,879
"(((1, 2), (1, 4), (2, 3), (2, 5), (3, 3), (3, 5), (4, 4), (4, 5)), (2, 2))","(((1, 2), (1, 4), (2, 3), (2, 5), (3, 3), (3, 5), (4, 3), (4, 5)), (2, 2))",5,5.0,10.0,5,5,0,expanded,False,True,880
"(((1, 2), (1, 4), (2, 3), (2, 4), (3, 3), (3, 5), (4, 3), (4, 6)), (2, 2))","(((1, 2), (1, 4), (2, 3), (2, 4), (3, 3), (3, 5), (4, 3), (4, 5)), (1, 5))",6,6,12.0,6,,,pruned,,,881
"(((1, 2), (1, 4), (2, 3), (2, 4), (3, 3), (3, 6), (4, 3), (4, 5)), (1, 5))","(((1, 2), (1, 4), (2, 3), (2, 4), (3, 3), (3, 5), (4, 3), (4, 5)), (1, 5))",6,6,12.0,6,,,pruned,,,882
"(((1, 2), (1, 4), (2, 3), (2, 4), (3, 3), (3, 5), (4, 3), (4, 5)), (1, 5))","(((1, 2), (1, 4), (2, 3), (2, 5), (3, 3), (3, 5), (4, 3), (4, 5)), (2, 2))",5,5.0,10.0,5,9,2,expanded,False,True,883
"(((1, 4), (2, 2), (2, 3), (2, 4), (3, 3), (3, 5), (4, 4), (4, 5)), (1, 5))","(((1, 4), (2, 2), (2, 3), (2, 5), (3, 3), (3, 5), (4, 4), (4, 5)), (2, 6))",5,5.0,10.0,5,5,0,expanded,False,True,884
"(((1, 3), (2, 2), (2, 3), (2, 4), (3, 3), (3, 5), (4, 3), (4, 6)), (3, 1))","(((1, 3), (2, 2), (2, 3), (2, 4), (3, 3), (3, 5), (4, 3), (4, 5)), (1, 4))",6,6,12.0,6,,,pruned,,,885
"(((1, 3), (2, 2), (2, 3), (2, 4), (3, 3), (3, 6), (4, 3), (4, 5)), (1, 4))","(((1, 3), (2, 2), (2, 3), (2, 4), (3, 3), (3, 5), (4, 3), (4, 5)), (1, 4))",6,6,12.0,6,,,pruned,,,886
"(((1, 3), (2, 2), (2, 3), (2, 4), (3, 3), (3, 5), (4, 3), (4, 5)), (1, 4))","(((1, 4), (2, 2), (2, 3), (2, 4), (3, 3), (3, 5), (4, 3), (4, 5)), (1, 5))",5,5.0,10.0,5,12,2,expanded,False,True,887
"(((1, 2), (2, 3), (2, 4), (2, 5), (3, 3), (3, 4), (3, 5), (4, 3)), (2, 2))","(((2, 2), (2, 3), (2, 4), (2, 5), (3, 3), (3, 4), (3, 5), (4, 3)), (2, 6))",5,5.0,10.0,5,2,0,expanded,False,True,888
"(((1, 2), (2, 3), (2, 4), (2, 5), (3, 4), (3, 5), (4, 4), (4, 5)), (2, 2))","(((1, 2), (2, 3), (2, 4), (2, 5), (3, 4), (3, 5), (4, 3), (4, 5)), (2, 2))",5,5.0,10.0,5,1,0,expanded,False,True,889
"(((1, 2), (2, 3), (2, 4), (2, 5), (3, 3), (3, 4), (4, 4), (5, 5)), (2, 6))","(((1, 2), (2, 3), (2, 4), (2, 5), (3, 3), (3, 4), (4, 4), (4, 5)), (2, 2))",6,6,12.0,6,,,pruned,,,890
"(((1, 2), (2, 3), (2, 4), (2, 5), (3, 3), (3, 4), (4, 4), (4, 5)), (2, 2))","(((1, 2), (2, 3), (2, 4), (2, 5), (3, 3), (3, 4), (4, 3), (4, 5)), (2, 2))",5,5.0,10.0,5,3,1,expanded,False,True,891
"(((1, 5), (2, 3), (2, 4), (3, 2), (3, 3), (3, 4), (3, 5), (4, 4)), (2, 5))","(((1, 5), (2, 3), (2, 4), (3, 2), (3, 3), (3, 4), (3, 5), (4, 3)), (2, 5))",5,5.0,10.0,5,5,0,expanded,False,True,892
"(((1, 5), (2, 3), (2, 4), (2, 5), (3, 2), (3, 3), (3, 4), (4, 3)), (2, 6))","(((1, 5), (2, 3), (2, 4), (3, 2), (3, 3), (3, 4), (3, 5), (4, 3)), (2, 5))",5,5.0,10.0,5,3,0,expanded,False,True,893
"(((1, 3), (1, 4), (2, 2), (2, 5), (3, 3), (3, 5), (4, 2), (4, 6)), (2, 3))","(((1, 3), (1, 4), (2, 2), (2, 5), (3, 3), (3, 5), (4, 2), (4, 5)), (2, 3))",6,6,12.0,6,,,pruned,,,894
"(((1, 3), (1, 4), (2, 2), (2, 6), (3, 3), (3, 5), (4, 2), (4, 5)), (1, 5))","(((1, 3), (1, 4), (2, 2), (2, 5), (3, 3), (3, 5), (4, 2), (4, 5)), (2, 3))",6,6,12.0,6,,,pruned,,,895
"(((1, 3), (1, 4), (2, 2), (2, 5), (3, 3), (3, 6), (4, 2), (4, 5)), (2, 3))","(((1, 3), (1, 4), (2, 2), (2, 5), (3, 3), (3, 5), (4, 2), (4, 5)), (2, 3))",6,6,12.0,6,,,pruned,,,896
"(((1, 3), (1, 4), (2, 2), (2, 5), (3, 3), (3, 5), (4, 5), (5, 2)), (2, 3))","(((1, 3), (1, 4), (2, 2), (2, 5), (3, 3), (3, 5), (4, 2), (4, 5)), (2, 3))",6,6,12.0,6,,,pruned,,,897
"(((1, 3), (1, 4), (2, 2), (2, 5), (3, 3), (3, 5), (4, 1), (4, 5)), (2, 3))","(((1, 3), (1, 4), (2, 2), (2, 5), (3, 3), (3, 5), (4, 2), (4, 5)), (2, 3))",6,6,12.0,6,,,pruned,,,898
"(((1, 3), (1, 4), (2, 2), (2, 5), (3, 3), (3, 5), (4, 2), (4, 5)), (2, 3))","(((1, 3), (1, 4), (2, 2), (2, 5), (3, 2), (3, 5), (4, 2), (4, 5)), (2, 3))",5,5.0,10.0,5,15,5,expanded,False,True,899
"(((1, 3), (1, 4), (2, 2), (2, 4), (3, 2), (3, 5), (4, 2), (4, 6)), (2, 3))","(((1, 3), (1, 4), (2, 2), (2, 4), (3, 2), (3, 5), (4, 2), (4, 5)), (1, 5))",6,6,12.0,6,,,pruned,,,900
"(((1, 3), (1, 4), (2, 2), (2, 4), (3, 1), (3, 5), (4, 2), (4, 5)), (1, 5))","(((1, 3), (1, 4), (2, 2), (2, 4), (3, 2), (3, 5), (4, 2), (4, 5)), (1, 5))",6,6,12.0,6,,,pruned,,,901
"(((1, 3), (1, 4), (2, 2), (2, 4), (3, 2), (3, 6), (4, 2), (4, 5)), (1, 5))","(((1, 3), (1, 4), (2, 2), (2, 4), (3, 2), (3, 5), (4, 2), (4, 5)), (1, 5))",6,6,12.0,6,,,pruned,,,902
"(((1, 3), (1, 4), (2, 2), (2, 4), (3, 2), (3, 5), (4, 1), (4, 5)), (1, 5))","(((1, 3), (1, 4), (2, 2), (2, 4), (3, 2), (3, 5), (4, 2), (4, 5)), (1, 5))",6,6,12.0,6,,,pruned,,,903
"(((1, 3), (1, 4), (2, 2), (2, 4), (3, 2), (3, 5), (4, 2), (4, 5)), (1, 5))","(((1, 3), (1, 4), (2, 2), (2, 5), (3, 2), (3, 5), (4, 2), (4, 5)), (2, 3))",5,5.0,10.0,5,10,4,expanded,False,True,904
"(((1, 5), (2, 2), (2, 5), (3, 2), (3, 3), (3, 4), (3, 5), (4, 1)), (2, 6))","(((1, 5), (2, 2), (2, 5), (3, 2), (3, 3), (3, 4), (3, 5), (4, 2)), (2, 6))",6,6,12.0,6,,,pruned,,,905
"(((1, 5), (2, 2), (2, 5), (3, 2), (3, 3), (3, 4), (3, 5), (4, 2)), (2, 6))","(((1, 5), (2, 2), (2, 5), (3, 2), (3, 3), (3, 5), (4, 2), (4, 4)), (2, 6))",5,5.0,10.0,5,5,1,expanded,False,True,906
"(((1, 5), (2, 2), (2, 3), (2, 5), (3, 2), (3, 5), (4, 2), (5, 4)), (1, 2))","(((1, 5), (2, 2), (2, 3), (2, 5), (3, 2), (3, 5), (4, 2), (4, 4)), (1, 2))",6,6,12.0,6,,,pruned,,,907
"(((1, 5), (2, 2), (2, 3), (2, 5), (3, 1), (3, 5), (4, 2), (4, 4)), (1, 2))","(((1, 5), (2, 2), (2, 3), (2, 5), (3, 2), (3, 5), (4, 2), (4, 4)), (1, 2))",6,6,12.0,6,,,pruned,,,908
"(((1, 5), (2, 2), (2, 3), (2, 6), (3, 2), (3, 5), (4, 2), (4, 4)), (1, 2))","(((1, 5), (2, 2), (2, 3), (2, 5), (3, 2), (3, 5), (4, 2), (4, 4)), (1, 2))",6,6,12.0,6,,,pruned,,,909
"(((1, 5), (2, 2), (2, 3), (2, 5), (3, 2), (3, 6), (4, 2), (4, 4)), (1, 2))","(((1, 5), (2, 2), (2, 3), (2, 5), (3, 2), (3, 5), (4, 2), (4, 4)), (1, 2))",6,6,12.0,6,,,pruned,,,910
"(((1, 5), (2, 2), (2, 3), (2, 5), (3, 2), (3, 5), (4, 1), (4, 4)), (1, 2))","(((1, 5), (2, 2), (2, 3), (2, 5), (3, 2), (3, 5), (4, 2), (4, 4)), (1, 2))",6,6,12.0,6,,,pruned,,,911
"(((1, 5), (2, 2), (2, 3), (2, 5), (3, 2), (3, 5), (4, 2), (4, 4)), (1, 2))","(((1, 5), (2, 2), (2, 5), (3, 2), (3, 3), (3, 5), (4, 2), (4, 4)), (2, 6))",5,5.0,10.0,5,14,5,expanded,False,True,912
"(((1, 5), (2, 2), (2, 4), (3, 2), (3, 3), (3, 5), (4, 1), (4, 4)), (2, 5))","(((1, 5), (2, 2), (2, 4), (3, 2), (3, 3), (3, 5), (4, 2), (4, 4)), (2, 5))",6,6,12.0,6,,,pruned,,,913
"(((1, 5), (2, 2), (2, 4), (3, 2), (3, 3), (3, 5), (4, 2), (4, 4)), (2, 5))","(((1, 5), (2, 2), (2, 5), (3, 2), (3, 3), (3, 5), (4, 2), (4, 4)), (2, 6))",5,5.0,10.0,5,10,1,expanded,False,True,914
"(((1, 5), (2, 2), (2, 3), (2, 5), (3, 2), (3, 4), (4, 2), (5, 5)), (2, 6))","(((1, 5), (2, 2), (2, 3), (2, 5), (3, 2), (3, 4), (4, 2), (4, 5)), (2, 6))",6,6,12.0,6,,,pruned,,,915
"(((1, 5), (2, 2), (2, 3), (2, 5), (3, 2), (3, 4), (4, 2), (4, 6)), (2, 6))","(((1, 5), (2, 2), (2, 3), (2, 5), (3, 2), (3, 4), (4, 2), (4, 5)), (2, 6))",6,6,12.0,6,,,pruned,,,916
"(((1, 5), (2, 2), (2, 3), (2, 5), (3, 1), (3, 4), (4, 2), (4, 5)), (2, 6))","(((1, 5), (2, 2), (2, 3), (2, 5), (3, 2), (3, 4), (4, 2), (4, 5)), (2, 6))",6,6,12.0,6,,,pruned,,,917
"(((1, 5), (2, 2), (2, 3), (2, 5), (3, 2), (3, 4), (4, 1), (4, 5)), (2, 6))","(((1, 5), (2, 2), (2, 3), (2, 5), (3, 2), (3, 4), (4, 2), (4, 5)), (2, 6))",6,6,12.0,6,,,pruned,,,918
"(((1, 5), (2, 2), (2, 3), (2, 5), (3, 2), (3, 4), (4, 2), (4, 5)), (2, 6))","(((1, 5), (2, 2), (2, 5), (3, 2), (3, 3), (3, 4), (4, 2), (4, 5)), (2, 6))",5,5.0,10.0,5,13,4,expanded,False,True,919
"(((1, 5), (2, 2), (2, 4), (3, 2), (3, 3), (3, 4), (4, 2), (5, 5)), (2, 5))","(((1, 5), (2, 2), (2, 4), (3, 2), (3, 3), (3, 4), (4, 2), (4, 5)), (2, 5))",6,6,12.0,6,,,pruned,,,920
"(((1, 5), (2, 2), (2, 4), (3, 2), (3, 3), (3, 4), (4, 2), (4, 6)), (2, 5))","(((1, 5), (2, 2), (2, 4), (3, 2), (3, 3), (3, 4), (4, 2), (4, 5)), (2, 5))",6,6,12.0,6,,,pruned,,,921
"(((1, 5), (2, 2), (2, 4), (3, 2), (3, 3), (3, 4), (4, 1), (4, 5)), (2, 5))","(((1, 5), (2, 2), (2, 4), (3, 2), (3, 3), (3, 4), (4, 2), (4, 5)), (2, 5))",6,6,12.0,6,,,pruned,,,922
"(((1, 5), (2, 2), (2, 4), (3, 2), (3, 3), (3, 4), (4, 2), (4, 5)), (2, 5))","(((1, 5), (2, 2), (2, 5), (3, 2), (3, 3), (3, 4), (4, 2), (4, 5)), (2, 6))",5,5.0,10.0,5,8,3,expanded,False,True,923
"(((1, 3), (2, 2), (2, 4), (2, 5), (3, 2), (3, 5), (4, 5), (5, 4)), (2, 3))","(((1, 3), (2, 2), (2, 4), (2, 5), (3, 2), (3, 5), (4, 4), (4, 5)), (2, 3))",6,6,12.0,6,,,pruned,,,924
"(((1, 3), (2, 2), (2, 4), (2, 5), (3, 1), (3, 5), (4, 4), (4, 5)), (2, 3))","(((1, 3), (2, 2), (2, 4), (2, 5), (3, 2), (3, 5), (4, 4), (4, 5)), (2, 3))",6,6,12.0,6,,,pruned,,,925
"(((1, 3), (2, 2), (2, 4), (2, 5), (3, 2), (3, 6), (4, 4), (4, 5)), (2, 3))","(((1, 3), (2, 2), (2, 4), (2, 5), (3, 2), (3, 5), (4, 4), (4, 5)), (2, 3))",6,6,12.0,6,,,pruned,,,926
"(((1, 3), (2, 2), (2, 4), (2, 5), (3, 2), (3, 5), (4, 4), (4, 5)), (2, 3))","(((1, 3), (2, 2), (2, 4), (2, 5), (3, 2), (3, 5), (4, 3), (4, 5)), (2, 3))",5,5.0,10.0,5,7,3,expanded,False,True,927
"(((1, 3), (2, 2), (2, 4), (2, 5), (3, 3), (3, 5), (4, 3), (4, 6)), (3, 1))","(((1, 3), (2, 2), (2, 4), (2, 5), (3, 3), (3, 5), (4, 3), (4, 5)), (2, 6))",6,6,12.0,6,,,pruned,,,928
"(((1, 3), (2, 2), (2, 4), (2, 5), (3, 3), (3, 6), (4, 3), (4, 5)), (3, 1))","(((1, 3), (2, 2), (2, 4), (2, 5), (3, 3), (3, 5), (4, 3), (4, 5)), (2, 6))",6,6,12.0,6,,,pruned,,,929
"(((1, 3), (2, 2), (2, 4), (2, 5), (3, 3), (3, 5), (4, 3), (4, 5)), (2, 6))","(((1, 3), (2, 2), (2, 4), (2, 5), (3, 2), (3, 5), (4, 3), (4, 5)), (2, 3))",5,5.0,10.0,5,10,2,expanded,False,True,930
"(((2, 2), (2, 3), (2, 4), (2, 5), (3, 2), (3, 4), (3, 5), (4, 3)), (2, 6))","(((2, 2), (2, 3), (2, 4), (2, 5), (3, 2), (3, 5), (4, 3), (4, 4)), (2, 6))",5,5.0,10.0,5,4,0,expanded,False,True,931
"(((2, 2), (2, 3), (2, 4), (2, 5), (3, 2), (3, 4), (4, 4), (5, 5)), (2, 6))","(((2, 2), (2, 3), (2, 4), (2, 5), (3, 2), (3, 4), (4, 4), (4, 5)), (2, 6))",6,6,12.0,6,,,pruned,,,932
"(((2, 2), (2, 3), (2, 4), (2, 5), (3, 1), (3, 4), (4, 4), (4, 5)), (2, 6))","(((2, 2), (2, 3), (2, 4), (2, 5), (3, 2), (3, 4), (4, 4), (4, 5)), (2, 6))",6,6,12.0,6,,,pruned,,,933
"(((2, 2), (2, 3), (2, 4), (2, 5), (3, 2), (3, 4), (4, 4), (4, 5)), (2, 6))","(((2, 2), (2, 3), (2, 4), (2, 5), (3, 2), (3, 4), (4, 3), (4, 5)), (2, 6))",5,5.0,10.0,5,8,2,expanded,False,True,934
"(((1, 4), (1, 5), (2, 3), (2, 4), (3, 2), (3, 3), (4, 2), (5, 4)), (2, 5))","(((1, 4), (1, 5), (2, 3), (2, 4), (3, 2), (3, 3), (4, 2), (4, 4)), (2, 5))",6,6,12.0,6,,,pruned,,,935
"(((1, 4), (1, 5), (2, 3), (2, 4), (3, 2), (3, 3), (4, 1), (4, 4)), (2, 5))","(((1, 4), (1, 5), (2, 3), (2, 4), (3, 2), (3, 3), (4, 2), (4, 4)), (2, 5))",6,6,12.0,6,,,pruned,,,936
"(((1, 4), (1, 5), (2, 3), (2, 4), (3, 2), (3, 3), (4, 2), (4, 4)), (2, 5))","(((1, 4), (1, 5), (2, 3), (2, 4), (3, 2), (3, 3), (4, 2), (4, 5)), (2, 5))",5,5.0,10.0,5,6,2,expanded,False,True,937
"(((2, 2), (2, 3), (2, 4), (2, 5), (3, 4), (3, 5), (4, 4), (5, 2)), (2, 6))","(((2, 2), (2, 3), (2, 4), (2, 5), (3, 4), (3, 5), (4, 2), (4, 4)), (2, 6))",6,6,12.0,6,,,pruned,,,938
"(((2, 2), (2, 3), (2, 4), (2, 5), (3, 4), (3, 5), (4, 1), (4, 4)), (2, 6))","(((2, 2), (2, 3), (2, 4), (2, 5), (3, 4), (3, 5), (4, 2), (4, 4)), (2, 6))",6,6,12.0,6,,,pruned,,,939
"(((2, 2), (2, 3), (2, 4), (2, 5), (3, 4), (3, 5), (4, 2), (4, 4)), (2, 6))","(((2, 2), (2, 3), (2, 4), (2, 5), (3, 4), (3, 5), (4, 2), (4, 5)), (2, 6))",5,5.0,10.0,5,8,2,expanded,False,True,940
"(((2, 2), (2, 3), (2, 4), (2, 5), (3, 3), (3, 4), (4, 4), (5, 2)), (2, 6))","(((2, 2), (2, 3), (2, 4), (2, 5), (3, 3), (3, 4), (4, 2), (4, 4)), (2, 6))",6,6,12.0,6,,,pruned,,,941
"(((2, 2), (2, 3), (2, 4), (2, 5), (3, 3), (3, 4), (4, 1), (4, 4)), (2, 6))","(((2, 2), (2, 3), (2, 4), (2, 5), (3, 3), (3, 4), (4, 2), (4, 4)), (2, 6))",6,6,12.0,6,,,pruned,,,942
"(((2, 2), (2, 3), (2, 4), (2, 5), (3, 3), (3, 4), (4, 2), (4, 4)), (2, 6))","(((2, 2), (2, 3), (2, 4), (2, 5), (3, 3), (3, 4), (4, 2), (4, 5)), (2, 6))",5,5.0,10.0,5,8,2,expanded,False,True,943
"(((1, 3), (2, 2), (3, 2), (3, 3), (3, 4), (3, 5), (4, 2), (4, 6)), (3, 1))","(((1, 3), (2, 2), (3, 2), (3, 3), (3, 4), (3, 5), (4, 2), (4, 5)), (1, 4))",6,6,12.0,6,,,pruned,,,944
"(((1, 3), (2, 2), (3, 2), (3, 3), (3, 4), (3, 5), (4, 1), (4, 5)), (1, 4))","(((1, 3), (2, 2), (3, 2), (3, 3), (3, 4), (3, 5), (4, 2), (4, 5)), (1, 4))",6,6,12.0,6,,,pruned,,,945
"(((1, 3), (2, 2), (3, 2), (3, 3), (3, 4), (3, 5), (4, 2), (4, 5)), (1, 4))","(((1, 3), (2, 2), (2, 4), (3, 2), (3, 3), (3, 5), (4, 2), (4, 5)), (1, 4))",5,5.0,10.0,5,9,2,expanded,False,True,946
"(((1, 3), (1, 4), (2, 2), (3, 2), (3, 3), (3, 5), (4, 2), (4, 6)), (1, 5))","(((1, 3), (1, 4), (2, 2), (3, 2), (3, 3), (3, 5), (4, 2), (4, 5)), (1, 5))",6,6,12.0,6,,,pruned,,,947
"(((1, 3), (1, 4), (2, 2), (3, 2), (3, 3), (3, 6), (4, 2), (4, 5)), (1, 5))","(((1, 3), (1, 4), (2, 2), (3, 2), (3, 3), (3, 5), (4, 2), (4, 5)), (1, 5))",6,6,12.0,6,,,pruned,,,948
"(((1, 3), (1, 4), (2, 2), (3, 2), (3, 3), (3, 5), (4, 1), (4, 5)), (1, 5))","(((1, 3), (1, 4), (2, 2), (3, 2), (3, 3), (3, 5), (4, 2), (4, 5)), (1, 5))",6,6,12.0,6,,,pruned,,,949
"(((1, 3), (1, 4), (2, 2), (3, 2), (3, 3), (3, 5), (4, 2), (4, 5)), (1, 5))","(((1, 3), (2, 2), (2, 4), (3, 2), (3, 3), (3, 5), (4, 2), (4, 5)), (1, 4))",5,5.0,10.0,5,8,3,expanded,False,True,950
"(((1, 3), (1, 5), (2, 2), (2, 5), (3, 2), (3, 5), (4, 2), (4, 6)), (1, 4))","(((1, 3), (1, 5), (2, 2), (2, 5), (3, 2), (3, 5), (4, 2), (4, 5)), (1, 4))",6,6,12.0,6,,,pruned,,,951
"(((1, 3), (1, 5), (2, 2), (2, 5), (3, 1), (3, 5), (4, 2), (4, 5)), (1, 4))","(((1, 3), (1, 5), (2, 2), (2, 5), (3, 2), (3, 5), (4, 2), (4, 5)), (1, 4))",6,6,12.0,6,,,pruned,,,952
"(((1, 3), (1, 5), (2, 2), (2, 6), (3, 2), (3, 5), (4, 2), (4, 5)), (1, 4))","(((1, 3), (1, 5), (2, 2), (2, 5), (3, 2), (3, 5), (4, 2), (4, 5)), (1, 4))",6,6,12.0,6,,,pruned,,,953
"(((1, 3), (1, 5), (2, 2), (2, 5), (3, 2), (3, 6), (4, 2), (4, 5)), (1, 4))","(((1, 3), (1, 5), (2, 2), (2, 5), (3, 2), (3, 5), (4, 2), (4, 5)), (1, 4))",6,6,12.0,6,,,pruned,,,954
"(((1, 3), (1, 5), (2, 2), (2, 5), (3, 2), (3, 5), (4, 1), (4, 5)), (1, 4))","(((1, 3), (1, 5), (2, 2), (2, 5), (3, 2), (3, 5), (4, 2), (4, 5)), (1, 4))",6,6,12.0,6,,,pruned,,,955
"(((1, 3), (1, 5), (2, 2), (2, 5), (3, 2), (3, 5), (4, 2), (4, 5)), (1, 4))","(((1, 5), (2, 2), (2, 3), (2, 5), (3, 2), (3, 5), (4, 2), (4, 5)), (1, 2))",5,5.0,10.0,5,11,5,expanded,False,True,956
"(((1, 5), (2, 2), (2, 3), (2, 5), (3, 2), (3, 5), (4, 5), (5, 3)), (1, 2))","(((1, 5), (2, 2), (2, 3), (2, 5), (3, 2), (3, 5), (4, 3), (4, 5)), (1, 2))",6,6,12.0,6,,,pruned,,,957
"(((1, 5), (2, 2), (2, 3), (2, 5), (3, 2), (3, 5), (4, 3), (4, 6)), (1, 2))","(((1, 5), (2, 2), (2, 3), (2, 5), (3, 2), (3, 5), (4, 3), (4, 5)), (1, 2))",6,6,12.0,6,,,pruned,,,958
"(((1, 5), (2, 2), (2, 3), (2, 5), (3, 1), (3, 5), (4, 3), (4, 5)), (1, 2))","(((1, 5), (2, 2), (2, 3), (2, 5), (3, 2), (3, 5), (4, 3), (4, 5)), (1, 2))",6,6,12.0,6,,,pruned,,,959
"(((1, 5), (2, 2), (2, 3), (2, 6), (3, 2), (3, 5), (4, 3), (4, 5)), (1, 2))","(((1, 5), (2, 2), (2, 3), (2, 5), (3, 2), (3, 5), (4, 3), (4, 5)), (1, 2))",6,6,12.0,6,,,pruned,,,960
"(((1, 5), (2, 2), (2, 3), (2, 5), (3, 2), (3, 6), (4, 3), (4, 5)), (1, 2))","(((1, 5), (2, 2), (2, 3), (2, 5), (3, 2), (3, 5), (4, 3), (4, 5)), (1, 2))",6,6,12.0,6,,,pruned,,,961
"(((1, 5), (2, 2), (2, 3), (2, 5), (3, 2), (3, 5), (4, 3), (4, 5)), (1, 2))","(((1, 5), (2, 2), (2, 3), (2, 5), (3, 2), (3, 5), (4, 2), (4, 5)), (1, 2))",5,5.0,10.0,5,14,5,expanded,False,True,962
"(((1, 4), (1, 5), (2, 2), (3, 2), (3, 3), (3, 5), (4, 2), (4, 6)), (1, 2))","(((1, 4), (1, 5), (2, 2), (3, 2), (3, 3), (3, 5), (4, 2), (4, 5)), (1, 2))",6,6,12.0,6,,,pruned,,,963
"(((1, 4), (1, 5), (2, 2), (3, 2), (3, 3), (3, 6), (4, 2), (4, 5)), (1, 2))","(((1, 4), (1, 5), (2, 2), (3, 2), (3, 3), (3, 5), (4, 2), (4, 5)), (1, 2))",6,6,12.0,6,,,pruned,,,964
"(((1, 4), (1, 5), (2, 2), (3, 2), (3, 3), (3, 5), (4, 1), (4, 5)), (1, 2))","(((1, 4), (1, 5), (2, 2), (3, 2), (3, 3), (3, 5), (4, 2), (4, 5)), (1, 2))",6,6,12.0,6,,,pruned,,,965
"(((1, 4), (1, 5), (2, 2), (3, 2), (3, 3), (3, 5), (4, 2), (4, 5)), (1, 2))","(((1, 5), (2, 2), (2, 4), (3, 2), (3, 3), (3, 5), (4, 2), (4, 5)), (2, 5))",5,5.0,10.0,5,8,3,expanded,False,True,966
"(((1, 3), (2, 3), (3, 2), (3, 3), (3, 4), (3, 5), (4, 1), (4, 4)), (1, 4))","(((1, 3), (2, 3), (3, 2), (3, 3), (3, 4), (3, 5), (4, 2), (4, 4)), (1, 4))",6,6,12.0,6,,,pruned,,,967
"(((1, 3), (2, 3), (3, 2), (3, 3), (3, 4), (3, 5), (4, 2), (4, 4)), (1, 4))","(((1, 3), (2, 3), (2, 4), (3, 2), (3, 3), (3, 5), (4, 2), (4, 4)), (1, 4))",5,5.0,10.0,5,8,1,expanded,False,True,968
"(((1, 3), (2, 3), (3, 2), (3, 3), (3, 4), (3, 5), (4, 3), (4, 6)), (3, 1))","(((1, 3), (2, 3), (3, 2), (3, 3), (3, 4), (3, 5), (4, 3), (4, 5)), (1, 4))",6,6,12.0,6,,,pruned,,,969
"(((1, 3), (2, 3), (3, 2), (3, 3), (3, 4), (3, 5), (4, 3), (4, 5)), (1, 4))","(((1, 3), (2, 3), (2, 4), (3, 2), (3, 3), (3, 5), (4, 3), (4, 5)), (1, 4))",5,5.0,10.0,5,9,1,expanded,False,True,970
"(((1, 3), (1, 4), (2, 3), (3, 2), (3, 3), (3, 5), (4, 3), (4, 6)), (1, 5))","(((1, 3), (1, 4), (2, 3), (3, 2), (3, 3), (3, 5), (4, 3), (4, 5)), (1, 5))",6,6,12.0,6,,,pruned,,,971
"(((1, 3), (1, 4), (2, 3), (3, 2), (3, 3), (3, 6), (4, 3), (4, 5)), (1, 5))","(((1, 3), (1, 4), (2, 3), (3, 2), (3, 3), (3, 5), (4, 3), (4, 5)), (1, 5))",6,6,12.0,6,,,pruned,,,972
"(((1, 3), (1, 4), (2, 3), (3, 2), (3, 3), (3, 5), (4, 3), (4, 5)), (1, 5))","(((1, 3), (2, 3), (2, 4), (3, 2), (3, 3), (3, 5), (4, 3), (4, 5)), (1, 4))",5,5.0,10.0,5,8,2,expanded,False,True,973
"(((1, 2), (1, 3), (2, 4), (2, 5), (3, 2), (3, 5), (4, 3), (4, 6)), (2, 2))","(((1, 2), (1, 3), (2, 4), (2, 5), (3, 2), (3, 5), (4, 3), (4, 5)), (2, 2))",6,6,12.0,6,,,pruned,,,974
"(((1, 2), (1, 3), (2, 4), (2, 5), (3, 2), (3, 5), (4, 5), (5, 3)), (2, 2))","(((1, 2), (1, 3), (2, 4), (2, 5), (3, 2), (3, 5), (4, 3), (4, 5)), (2, 2))",6,6,12.0,6,,,pruned,,,975
"(((1, 2), (1, 3), (2, 4), (2, 5), (3, 1), (3, 5), (4, 3), (4, 5)), (2, 2))","(((1, 2), (1, 3), (2, 4), (2, 5), (3, 2), (3, 5), (4, 3), (4, 5)), (2, 2))",6,6,12.0,6,,,pruned,,,976
"(((1, 2), (1, 3), (2, 4), (2, 5), (3, 2), (3, 6), (4, 3), (4, 5)), (2, 2))","(((1, 2), (1, 3), (2, 4), (2, 5), (3, 2), (3, 5), (4, 3), (4, 5)), (2, 2))",6,6,12.0,6,,,pruned,,,977
"(((1, 2), (1, 3), (2, 4), (2, 5), (3, 2), (3, 5), (4, 3), (4, 5)), (2, 2))","(((1, 2), (2, 3), (2, 4), (2, 5), (3, 2), (3, 5), (4, 3), (4, 5)), (2, 6))",5,5.0,10.0,5,13,4,expanded,False,True,978
"(((1, 2), (2, 3), (2, 4), (2, 5), (3, 2), (3, 5), (4, 3), (4, 4)), (2, 6))","(((1, 2), (2, 3), (2, 4), (2, 5), (3, 2), (3, 5), (4, 3), (4, 5)), (2, 6))",5,5.0,10.0,5,5,0,expanded,False,True,979
"(((1, 2), (2, 2), (2, 3), (2, 4), (2, 5), (3, 5), (4, 3), (4, 6)), (3, 1))","(((1, 2), (2, 2), (2, 3), (2, 4), (2, 5), (3, 5), (4, 3), (4, 5)), (2, 6))",6,6,12.0,6,,,pruned,,,980
"(((1, 2), (2, 2), (2, 3), (2, 4), (2, 5), (3, 5), (4, 5), (5, 3)), (2, 6))","(((1, 2), (2, 2), (2, 3), (2, 4), (2, 5), (3, 5), (4, 3), (4, 5)), (2, 6))",6,6,12.0,6,,,pruned,,,981
"(((1, 2), (2, 2), (2, 3), (2, 4), (2, 5), (3, 6), (4, 3), (4, 5)), (3, 1))","(((1, 2), (2, 2), (2, 3), (2, 4), (2, 5), (3, 5), (4, 3), (4, 5)), (2, 6))",6,6,12.0,6,,,pruned,,,982
"(((1, 2), (2, 2), (2, 3), (2, 4), (2, 5), (3, 5), (4, 3), (4, 5)), (2, 6))","(((1, 2), (2, 3), (2, 4), (2, 5), (3, 2), (3, 5), (4, 3), (4, 5)), (2, 6))",5,5.0,10.0,5,10,3,expanded,False,True,983
"(((1, 2), (2, 3), (2, 4), (2, 5), (3, 2), (3, 4), (4, 3), (5, 5)), (2, 6))","(((1, 2), (2, 3), (2, 4), (2, 5), (3, 2), (3, 4), (4, 3), (4, 5)), (2, 6))",6,6,12.0,6,,,pruned,,,984
"(((1, 2), (2, 3), (2, 4), (2, 5), (3, 2), (3, 4), (4, 3), (4, 6)), (2, 6))","(((1, 2), (2, 3), (2, 4), (2, 5), (3, 2), (3, 4), (4, 3), (4, 5)), (2, 6))",6,6,12.0,6,,,pruned,,,985
"(((1, 2), (2, 3), (2, 4), (2, 5), (3, 2), (3, 4), (4, 3), (4, 5)), (2, 6))","(((1, 2), (2, 3), (2, 4), (2, 5), (3, 2), (3, 5), (4, 3), (4, 5)), (2, 6))",5,5.0,10.0,5,11,2,expanded,False,True,986
"(((1, 3), (1, 4), (2, 3), (3, 2), (3, 3), (3, 5), (4, 2), (5, 4)), (1, 5))","(((1, 3), (1, 4), (2, 3), (3, 2), (3, 3), (3, 5), (4, 2), (4, 4)), (1, 5))",6,6,12.0,6,,,pruned,,,987
"(((1, 3), (1, 4), (2, 3), (3, 2), (3, 3), (3, 5), (4, 1), (4, 4)), (1, 5))","(((1, 3), (1, 4), (2, 3), (3, 2), (3, 3), (3, 5), (4, 2), (4, 4)), (1, 5))",6,6,12.0,6,,,pruned,,,988
"(((1, 3), (1, 4), (2, 3), (3, 2), (3, 3), (3, 6), (4, 2), (4, 4)), (1, 5))","(((1, 3), (1, 4), (2, 3), (3, 2), (3, 3), (3, 5), (4, 2), (4, 4)), (1, 5))",6,6,12.0,6,,,pruned,,,989
"(((1, 3), (1, 4), (2, 3), (3, 2), (3, 3), (3, 5), (4, 2), (4, 4)), (1, 5))","(((1, 3), (1, 4), (2, 3), (3, 2), (3, 3), (3, 5), (4, 2), (4, 5)), (1, 5))",5,5.0,10.0,5,11,3,expanded,False,True,990
"(((1, 3), (1, 4), (2, 3), (3, 2), (3, 3), (3, 4), (4, 2), (5, 5)), (1, 5))","(((1, 3), (1, 4), (2, 3), (3, 2), (3, 3), (3, 4), (4, 2), (4, 5)), (1, 5))",6,6,12.0,6,,,pruned,,,991
"(((1, 3), (1, 4), (2, 3), (3, 2), (3, 3), (3, 4), (4, 2), (4, 6)), (1, 5))","(((1, 3), (1, 4), (2, 3), (3, 2), (3, 3), (3, 4), (4, 2), (4, 5)), (1, 5))",6,6,12.0,6,,,pruned,,,992
"(((1, 3), (1, 4), (2, 3), (3, 2), (3, 3), (3, 4), (4, 1), (4, 5)), (1, 5))","(((1, 3), (1, 4), (2, 3), (3, 2), (3, 3), (3, 4), (4, 2), (4, 5)), (1, 5))",6,6,12.0,6,,,pruned,,,993
"(((1, 3), (1, 4), (2, 3), (3, 2), (3, 3), (3, 4), (4, 2), (4, 5)), (1, 5))","(((1, 3), (1, 4), (2, 3), (3, 2), (3, 3), (3, 5), (4, 2), (4, 5)), (1, 5))",5,5.0,10.0,5,9,3,expanded,False,True,994
"(((1, 4), (2, 2), (2, 5), (3, 2), (3, 3), (4, 2), (4, 3), (5, 4)), (1, 2))","(((1, 4), (2, 2), (2, 5), (3, 2), (3, 3), (4, 2), (4, 3), (4, 4)), (1, 2))",7,5,12.0,7,,,pruned,,,995
"(((1, 4), (2, 2), (2, 6), (3, 2), (3, 3), (4, 2), (4, 3), (4, 4)), (1, 2))","(((1, 4), (2, 2), (2, 5), (3, 2), (3, 3), (4, 2), (4, 3), (4, 4)), (1, 2))",7,5,12.0,7,,,pruned,,,996
"(((1, 4), (2, 2), (2, 5), (3, 2), (3, 3), (4, 2), (4, 3), (4, 4)), (1, 2))","(((1, 4), (2, 2), (2, 5), (3, 2), (3, 4), (4, 2), (4, 3), (4, 4)), (2, 6))",6,4.0,10.0,6,6,2,expanded,False,True,997
"(((1, 4), (1, 5), (2, 2), (2, 4), (3, 2), (4, 2), (4, 5), (5, 3)), (1, 2))","(((1, 4), (1, 5), (2, 2), (2, 4), (3, 2), (4, 2), (4, 3), (4, 5)), (1, 2))",7,5,12.0,7,,,pruned,,,998
"(((1, 4), (1, 5), (2, 2), (2, 4), (3, 2), (4, 2), (4, 3), (5, 5)), (1, 2))","(((1, 4), (1, 5), (2, 2), (2, 4), (3, 2), (4, 2), (4, 3), (4, 5)), (1, 2))",7,5,12.0,7,,,pruned,,,999
"(((1, 4), (1, 5), (2, 2), (2, 4), (3, 2), (4, 2), (4, 3), (4, 6)), (1, 2))","(((1, 4), (1, 5), (2, 2), (2, 4), (3, 2), (4, 2), (4, 3), (4, 5)), (1, 2))",7,5,12.0,7,,,pruned,,,1000
"(((1, 4), (1, 5), (2, 2), (2, 4), (3, 1), (4, 2), (4, 3), (4, 5)), (1, 2))","(((1, 4), (1, 5), (2, 2), (2, 4), (3, 2), (4, 2), (4, 3), (4, 5)), (1, 2))",7,5,12.0,7,,,pruned,,,1001
"(((1, 4), (1, 5), (2, 2), (2, 4), (3, 2), (4, 2), (4, 3), (4, 5)), (1, 2))","(((1, 4), (1, 5), (2, 2), (3, 2), (3, 4), (4, 2), (4, 3), (4, 5)), (1, 2))",6,4.0,10.0,6,10,4,expanded,False,True,1002
"(((1, 4), (1, 5), (2, 2), (3, 2), (3, 5), (4, 2), (4, 5), (5, 3)), (1, 2))","(((1, 4), (1, 5), (2, 2), (3, 2), (3, 5), (4, 2), (4, 3), (4, 5)), (1, 2))",7,5,12.0,7,,,pruned,,,1003
"(((1, 4), (1, 5), (2, 2), (3, 2), (3, 5), (4, 2), (4, 3), (4, 6)), (1, 2))","(((1, 4), (1, 5), (2, 2), (3, 2), (3, 5), (4, 2), (4, 3), (4, 5)), (1, 2))",7,5,12.0,7,,,pruned,,,1004
"(((1, 4), (1, 5), (2, 2), (3, 1), (3, 5), (4, 2), (4, 3), (4, 5)), (1, 2))","(((1, 4), (1, 5), (2, 2), (3, 2), (3, 5), (4, 2), (4, 3), (4, 5)), (1, 2))",7,5,12.0,7,,,pruned,,,1005
"(((1, 4), (1, 5), (2, 2), (3, 2), (3, 6), (4, 2), (4, 3), (4, 5)), (1, 2))","(((1, 4), (1, 5), (2, 2), (3, 2), (3, 5), (4, 2), (4, 3), (4, 5)), (1, 2))",7,5,12.0,7,,,pruned,,,1006
"(((1, 4), (1, 5), (2, 2), (3, 2), (3, 5), (4, 2), (4, 3), (4, 5)), (1, 2))","(((1, 4), (1, 5), (2, 2), (3, 2), (3, 4), (4, 2), (4, 3), (4, 5)), (1, 2))",6,4.0,10.0,6,8,4,expanded,False,True,1007
"(((1, 4), (1, 5), (2, 2), (3, 2), (3, 3), (4, 2), (4, 3), (5, 5)), (1, 2))","(((1, 4), (1, 5), (2, 2), (3, 2), (3, 3), (4, 2), (4, 3), (4, 5)), (1, 2))",7,5,12.0,7,,,pruned,,,1008
"(((1, 4), (1, 5), (2, 2), (3, 2), (3, 3), (4, 2), (4, 3), (4, 6)), (1, 2))","(((1, 4), (1, 5), (2, 2), (3, 2), (3, 3), (4, 2), (4, 3), (4, 5)), (1, 2))",7,5,12.0,7,,,pruned,,,1009
"(((1, 4), (1, 5), (2, 2), (3, 2), (3, 3), (4, 2), (4, 3), (4, 5)), (1, 2))","(((1, 4), (1, 5), (2, 2), (3, 2), (3, 4), (4, 2), (4, 3), (4, 5)), (1, 2))",6,4.0,10.0,6,4,2,expanded,False,True,1010
"(((1, 4), (1, 5), (2, 2), (2, 4), (3, 2), (3, 3), (4, 3), (5, 5)), (2, 5))","(((1, 4), (1, 5), (2, 2), (2, 4), (3, 2), (3, 3), (4, 3), (4, 5)), (2, 5))",7,5,12.0,7,,,pruned,,,1011
"(((1, 4), (1, 5), (2, 2), (2, 4), (3, 2), (3, 3), (4, 3), (4, 6)), (2, 5))","(((1, 4), (1, 5), (2, 2), (2, 4), (3, 2), (3, 3), (4, 3), (4, 5)), (2, 5))",7,5,12.0,7,,,pruned,,,1012
"(((1, 4), (1, 5), (2, 2), (2, 4), (3, 2), (3, 3), (4, 3), (4, 5)), (2, 5))","(((1, 4), (1, 5), (2, 2), (3, 2), (3, 3), (3, 4), (4, 3), (4, 5)), (1, 2))",6,4.0,10.0,6,7,2,expanded,False,True,1013
"(((1, 4), (2, 2), (2, 3), (2, 5), (3, 3), (3, 4), (3, 5), (4, 4)), (2, 6))","(((1, 4), (2, 2), (2, 3), (2, 5), (3, 4), (3, 5), (4, 3), (4, 4)), (2, 6))",6,4.0,10.0,6,4,0,expanded,False,True,1014
"(((1, 4), (1, 5), (2, 2), (2, 3), (2, 4), (3, 3), (4, 3), (5, 5)), (2, 5))","(((1, 4), (1, 5), (2, 2), (2, 3), (2, 4), (3, 3), (4, 3), (4, 5)), (2, 5))",7,5,12.0,7,,,pruned,,,1015
"(((1, 4), (1, 5), (2, 2), (2, 3), (2, 4), (3, 3), (4, 3), (4, 6)), (2, 5))","(((1, 4), (1, 5), (2, 2), (2, 3), (2, 4), (3, 3), (4, 3), (4, 5)), (2, 5))",7,5,12.0,7,,,pruned,,,1016
"(((1, 4), (1, 5), (2, 2), (2, 3), (2, 4), (3, 3), (4, 3), (4, 5)), (2, 5))","(((1, 4), (1, 5), (2, 2), (2, 3), (3, 3), (3, 4), (4, 3), (4, 5)), (2, 4))",6,4.0,10.0,6,9,2,expanded,False,True,1017
"(((1, 4), (1, 5), (2, 2), (2, 3), (3, 3), (3, 4), (4, 2), (5, 5)), (2, 4))","(((1, 4), (1, 5), (2, 2), (2, 3), (3, 3), (3, 4), (4, 2), (4, 5)), (2, 4))",7,5,12.0,7,,,pruned,,,1018
"(((1, 4), (1, 5), (2, 2), (2, 3), (3, 3), (3, 4), (4, 2), (4, 6)), (2, 4))","(((1, 4), (1, 5), (2, 2), (2, 3), (3, 3), (3, 4), (4, 2), (4, 5)), (2, 4))",7,5,12.0,7,,,pruned,,,1019
"(((1, 4), (1, 5), (2, 2), (2, 3), (3, 3), (3, 4), (4, 5), (5, 2)), (2, 4))","(((1, 4), (1, 5), (2, 2), (2, 3), (3, 3), (3, 4), (4, 2), (4, 5)), (2, 4))",7,5,12.0,7,,,pruned,,,1020
"(((1, 4), (1, 5), (2, 2), (2, 3), (3, 3), (3, 4), (4, 1), (4, 5)), (2, 4))","(((1, 4), (1, 5), (2, 2), (2, 3), (3, 3), (3, 4), (4, 2), (4, 5)), (2, 4))",7,5,12.0,7,,,pruned,,,1021
"(((1, 4), (1, 5), (2, 2), (2, 3), (3, 3), (3, 4), (4, 2), (4, 5)), (2, 4))","(((1, 4), (1, 5), (2, 2), (2, 3), (3, 3), (3, 4), (4, 3), (4, 5)), (2, 4))",6,4.0,10.0,6,11,4,expanded,False,True,1022
"(((1, 3), (1, 4), (2, 2), (2, 4), (2, 5), (3, 5), (4, 3), (4, 6)), (2, 3))","(((1, 3), (1, 4), (2, 2), (2, 4), (2, 5), (3, 5), (4, 3), (4, 5)), (2, 3))",7,5,12.0,7,,,pruned,,,1023
"(((1, 3), (1, 4), (2, 2), (2, 4), (2, 5), (3, 5), (4, 5), (5, 3)), (2, 3))","(((1, 3), (1, 4), (2, 2), (2, 4), (2, 5), (3, 5), (4, 3), (4, 5)), (2, 3))",7,5,12.0,7,,,pruned,,,1024
"(((1, 3), (1, 4), (2, 2), (2, 4), (2, 5), (3, 6), (4, 3), (4, 5)), (2, 3))","(((1, 3), (1, 4), (2, 2), (2, 4), (2, 5), (3, 5), (4, 3), (4, 5)), (2, 3))",7,5,12.0,7,,,pruned,,,1025
"(((1, 3), (1, 4), (2, 2), (2, 4), (2, 5), (3, 5), (4, 3), (4, 5)), (2, 3))","(((1, 3), (1, 4), (2, 2), (2, 5), (3, 4), (3, 5), (4, 3), (4, 5)), (2, 3))",6,4.0,10.0,6,9,3,expanded,False,True,1026
"(((1, 3), (1, 4), (2, 2), (2, 5), (3, 3), (3, 4), (3, 5), (4, 6)), (3, 1))","(((1, 3), (1, 4), (2, 2), (2, 5), (3, 3), (3, 4), (3, 5), (4, 5)), (2, 6))",7,5,12.0,7,,,pruned,,,1027
"(((1, 3), (1, 4), (2, 2), (2, 5), (3, 3), (3, 4), (3, 5), (4, 5)), (2, 6))","(((1, 3), (1, 4), (2, 2), (2, 5), (3, 4), (3, 5), (4, 3), (4, 5)), (2, 3))",6,4.0,10.0,6,6,1,expanded,False,True,1028
"(((1, 3), (1, 4), (2, 2), (2, 5), (3, 4), (3, 5), (4, 2), (4, 6)), (2, 3))","(((1, 3), (1, 4), (2, 2), (2, 5), (3, 4), (3, 5), (4, 2), (4, 5)), (2, 3))",7,5,12.0,7,,,pruned,,,1029
"(((1, 3), (1, 4), (2, 2), (2, 5), (3, 4), (3, 5), (4, 5), (5, 2)), (2, 3))","(((1, 3), (1, 4), (2, 2), (2, 5), (3, 4), (3, 5), (4, 2), (4, 5)), (2, 3))",7,5,12.0,7,,,pruned,,,1030
"(((1, 3), (1, 4), (2, 2), (2, 5), (3, 4), (3, 5), (4, 1), (4, 5)), (2, 3))","(((1, 3), (1, 4), (2, 2), (2, 5), (3, 4), (3, 5), (4, 2), (4, 5)), (2, 3))",7,5,12.0,7,,,pruned,,,1031
"(((1, 3), (1, 4), (2, 2), (2, 6), (3, 4), (3, 5), (4, 2), (4, 5)), (1, 5))","(((1, 3), (1, 4), (2, 2), (2, 5), (3, 4), (3, 5), (4, 2), (4, 5)), (2, 3))",7,5,12.0,7,,,pruned,,,1032
"(((1, 3), (1, 4), (2, 2), (2, 5), (3, 4), (3, 5), (4, 2), (4, 5)), (2, 3))","(((1, 3), (1, 4), (2, 2), (2, 5), (3, 4), (3, 5), (4, 3), (4, 5)), (2, 3))",6,4.0,10.0,6,11,4,expanded,False,True,1033
"(((1, 3), (2, 2), (2, 4), (2, 5), (3, 3), (3, 4), (3, 5), (4, 4)), (2, 6))","(((1, 3), (2, 2), (2, 4), (2, 5), (3, 4), (3, 5), (4, 3), (4, 4)), (2, 3))",6,4.0,10.0,6,4,0,expanded,False,True,1034
"(((1, 4), (2, 2), (2, 4), (3, 2), (3, 3), (3, 4), (4, 2), (4, 3)), (1, 5))","(((1, 4), (2, 2), (2, 5), (3, 2), (3, 3), (3, 4), (4, 2), (4, 3)), (2, 6))",6,4.0,10.0,6,2,0,expanded,False,True,1035
"(((1, 4), (2, 2), (2, 3), (2, 5), (3, 2), (3, 4), (4, 2), (4, 3)), (2, 6))","(((1, 4), (2, 2), (2, 3), (2, 5), (3, 2), (3, 4), (4, 2), (4, 4)), (2, 6))",6,4.0,10.0,6,6,0,expanded,False,True,1036
"(((1, 4), (2, 2), (2, 3), (2, 5), (3, 3), (3, 4), (4, 4), (5, 2)), (2, 6))","(((1, 4), (2, 2), (2, 3), (2, 5), (3, 3), (3, 4), (4, 2), (4, 4)), (2, 6))",7,5,12.0,7,,,pruned,,,1037
"(((1, 4), (2, 2), (2, 3), (2, 5), (3, 3), (3, 4), (4, 1), (4, 4)), (2, 6))","(((1, 4), (2, 2), (2, 3), (2, 5), (3, 3), (3, 4), (4, 2), (4, 4)), (2, 6))",7,5,12.0,7,,,pruned,,,1038
"(((1, 4), (2, 2), (2, 3), (2, 5), (3, 3), (3, 4), (4, 2), (4, 4)), (2, 6))","(((1, 4), (2, 2), (2, 3), (2, 5), (3, 2), (3, 4), (4, 2), (4, 4)), (2, 6))",6,4.0,10.0,6,9,2,expanded,False,True,1039
"(((1, 4), (2, 2), (2, 3), (2, 4), (3, 2), (3, 4), (4, 1), (4, 4)), (1, 5))","(((1, 4), (2, 2), (2, 3), (2, 4), (3, 2), (3, 4), (4, 2), (4, 4)), (1, 5))",7,5,12.0,7,,,pruned,,,1040
"(((1, 4), (2, 2), (2, 3), (2, 4), (3, 1), (3, 4), (4, 2), (4, 4)), (1, 5))","(((1, 4), (2, 2), (2, 3), (2, 4), (3, 2), (3, 4), (4, 2), (4, 4)), (1, 5))",7,5,12.0,7,,,pruned,,,1041
"(((1, 4), (2, 2), (2, 3), (2, 4), (3, 2), (3, 4), (4, 2), (4, 4)), (1, 5))","(((1, 4), (2, 2), (2, 3), (2, 5), (3, 2), (3, 4), (4, 2), (4, 4)), (2, 6))",6,4.0,10.0,6,10,2,expanded,False,True,1042
"(((1, 3), (2, 2), (2, 4), (3, 2), (3, 3), (3, 4), (4, 1), (4, 4)), (1, 4))","(((1, 3), (2, 2), (2, 4), (3, 2), (3, 3), (3, 4), (4, 2), (4, 4)), (1, 4))",7,5,12.0,7,,,pruned,,,1043
"(((1, 3), (2, 2), (2, 4), (3, 2), (3, 3), (3, 4), (4, 2), (4, 4)), (1, 4))","(((1, 4), (2, 2), (2, 4), (3, 2), (3, 3), (3, 4), (4, 2), (4, 4)), (1, 5))",6,4.0,10.0,6,7,1,expanded,False,True,1044
"(((1, 4), (2, 2), (2, 3), (3, 2), (3, 3), (3, 4), (4, 1), (4, 4)), (1, 5))","(((1, 4), (2, 2), (2, 3), (3, 2), (3, 3), (3, 4), (4, 2), (4, 4)), (1, 5))",7,5,12.0,7,,,pruned,,,1045
"(((1, 4), (2, 2), (2, 3), (3, 2), (3, 3), (3, 4), (4, 2), (4, 4)), (1, 5))","(((1, 4), (2, 2), (2, 4), (3, 2), (3, 3), (3, 4), (4, 2), (4, 4)), (1, 5))",6,4.0,10.0,6,5,1,expanded,False,True,1046
"(((1, 4), (2, 2), (2, 5), (3, 2), (3, 3), (3, 4), (3, 5), (4, 4)), (2, 6))","(((1, 4), (2, 2), (2, 5), (3, 2), (3, 3), (3, 4), (3, 5), (4, 3)), (2, 6))",6,4.0,10.0,6,4,0,expanded,False,True,1047
"(((1, 4), (2, 2), (2, 4), (3, 2), (3, 3), (3, 4), (3, 5), (4, 3)), (1, 5))","(((1, 4), (2, 2), (2, 5), (3, 2), (3, 3), (3, 4), (3, 5), (4, 3)), (2, 6))",6,4.0,10.0,6,6,0,expanded,False,True,1048
"(((1, 4), (2, 2), (2, 3), (3, 2), (3, 3), (3, 5), (4, 3), (5, 4)), (1, 5))","(((1, 4), (2, 2), (2, 3), (3, 2), (3, 3), (3, 5), (4, 3), (4, 4)), (1, 5))",7,5,12.0,7,,,pruned,,,1049
"(((1, 4), (2, 2), (2, 3), (3, 2), (3, 3), (3, 6), (4, 3), (4, 4)), (1, 5))","(((1, 4), (2, 2), (2, 3), (3, 2), (3, 3), (3, 5), (4, 3), (4, 4)), (1, 5))",7,5,12.0,7,,,pruned,,,1050
"(((1, 4), (2, 2), (2, 3), (3, 2), (3, 3), (3, 5), (4, 3), (4, 4)), (1, 5))","(((1, 4), (2, 2), (2, 4), (3, 2), (3, 3), (3, 5), (4, 3), (4, 4)), (1, 5))",6,4.0,10.0,6,7,2,expanded,False,True,1051
"(((1, 4), (2, 2), (2, 4), (3, 2), (3, 3), (4, 3), (4, 5), (5, 4)), (1, 5))","(((1, 4), (2, 2), (2, 4), (3, 2), (3, 3), (4, 3), (4, 4), (4, 5)), (1, 5))",7,5,12.0,7,,,pruned,,,1052
"(((1, 4), (2, 2), (2, 4), (3, 2), (3, 3), (4, 3), (4, 4), (5, 5)), (1, 5))","(((1, 4), (2, 2), (2, 4), (3, 2), (3, 3), (4, 3), (4, 4), (4, 5)), (1, 5))",7,5,12.0,7,,,pruned,,,1053
"(((1, 4), (2, 2), (2, 4), (3, 2), (3, 3), (4, 3), (4, 4), (4, 5)), (1, 5))","(((1, 4), (2, 2), (2, 4), (3, 2), (3, 3), (3, 5), (4, 3), (4, 4)), (1, 5))",6,4.0,10.0,6,6,2,expanded,False,True,1054
"(((1, 4), (2, 2), (2, 4), (2, 5), (3, 2), (3, 3), (4, 3), (5, 4)), (2, 6))","(((1, 4), (2, 2), (2, 4), (2, 5), (3, 2), (3, 3), (4, 3), (4, 4)), (2, 6))",7,5,12.0,7,,,pruned,,,1055
"(((1, 4), (2, 2), (2, 4), (2, 5), (3, 2), (3, 3), (4, 3), (4, 4)), (2, 6))","(((1, 4), (2, 2), (2, 4), (3, 2), (3, 3), (3, 5), (4, 3), (4, 4)), (1, 5))",6,4.0,10.0,6,3,1,expanded,False,True,1056
"(((1, 3), (2, 2), (2, 4), (3, 2), (3, 3), (3, 5), (4, 3), (4, 4)), (1, 4))","(((1, 4), (2, 2), (2, 4), (3, 2), (3, 3), (3, 5), (4, 3), (4, 4)), (1, 5))",6,4.0,10.0,6,7,0,expanded,False,True,1057
"(((1, 4), (2, 2), (2, 5), (3, 3), (3, 4), (3, 5), (4, 3), (5, 2)), (3, 1))","(((1, 4), (2, 2), (2, 5), (3, 3), (3, 4), (3, 5), (4, 2), (4, 3)), (2, 6))",7,5,12.0,7,,,pruned,,,1058
"(((1, 4), (2, 2), (2, 5), (3, 3), (3, 4), (3, 5), (4, 2), (4, 3)), (2, 6))","(((1, 4), (2, 2), (2, 5), (3, 2), (3, 4), (3, 5), (4, 2), (4, 3)), (2, 6))",6,4.0,10.0,6,5,1,expanded,False,True,1059
"(((1, 4), (2, 2), (2, 4), (3, 2), (3, 4), (3, 5), (4, 2), (4, 3)), (1, 5))","(((1, 4), (2, 2), (2, 5), (3, 2), (3, 4), (3, 5), (4, 2), (4, 3)), (2, 6))",6,4.0,10.0,6,6,0,expanded,False,True,1060
"(((1, 2), (1, 4), (2, 5), (3, 3), (3, 5), (4, 2), (4, 3), (5, 4)), (1, 3))","(((1, 2), (1, 4), (2, 5), (3, 3), (3, 5), (4, 2), (4, 3), (4, 4)), (1, 3))",7,5,12.0,7,,,pruned,,,1061
"(((1, 2), (1, 4), (2, 5), (3, 3), (3, 5), (4, 3), (4, 4), (5, 2)), (1, 3))","(((1, 2), (1, 4), (2, 5), (3, 3), (3, 5), (4, 2), (4, 3), (4, 4)), (1, 3))",7,5,12.0,7,,,pruned,,,1062
"(((1, 2), (1, 4), (2, 6), (3, 3), (3, 5), (4, 2), (4, 3), (4, 4)), (1, 3))","(((1, 2), (1, 4), (2, 5), (3, 3), (3, 5), (4, 2), (4, 3), (4, 4)), (1, 3))",7,5,12.0,7,,,pruned,,,1063
"(((1, 2), (1, 4), (2, 5), (3, 3), (3, 6), (4, 2), (4, 3), (4, 4)), (1, 3))","(((1, 2), (1, 4), (2, 5), (3, 3), (3, 5), (4, 2), (4, 3), (4, 4)), (1, 3))",7,5,12.0,7,,,pruned,,,1064
"(((1, 2), (1, 4), (2, 5), (3, 3), (3, 5), (4, 2), (4, 3), (4, 4)), (1, 3))","(((1, 4), (2, 2), (2, 5), (3, 3), (3, 5), (4, 2), (4, 3), (4, 4)), (2, 6))",6,4.0,10.0,6,11,4,expanded,False,True,1065
"(((1, 4), (2, 2), (2, 4), (3, 3), (3, 5), (4, 3), (4, 4), (5, 2)), (3, 1))","(((1, 4), (2, 2), (2, 4), (3, 3), (3, 5), (4, 2), (4, 3), (4, 4)), (1, 5))",7,5,12.0,7,,,pruned,,,1066
"(((1, 4), (2, 2), (2, 4), (3, 3), (3, 5), (4, 2), (4, 3), (4, 4)), (1, 5))","(((1, 4), (2, 2), (2, 5), (3, 3), (3, 5), (4, 2), (4, 3), (4, 4)), (2, 6))",6,4.0,10.0,6,10,1,expanded,False,True,1067
"(((1, 3), (2, 2), (2, 4), (3, 2), (3, 5), (4, 2), (4, 3), (4, 4)), (1, 4))","(((1, 4), (2, 2), (2, 4), (3, 2), (3, 5), (4, 2), (4, 3), (4, 4)), (1, 5))",6,4.0,10.0,6,9,0,expanded,False,True,1068
"(((1, 4), (2, 2), (2, 3), (3, 2), (3, 5), (4, 2), (4, 3), (5, 4)), (1, 5))","(((1, 4), (2, 2), (2, 3), (3, 2), (3, 5), (4, 2), (4, 3), (4, 4)), (1, 5))",7,5,12.0,7,,,pruned,,,1069
"(((1, 4), (2, 2), (2, 3), (3, 2), (3, 5), (4, 2), (4, 4), (5, 3)), (1, 5))","(((1, 4), (2, 2), (2, 3), (3, 2), (3, 5), (4, 2), (4, 3), (4, 4)), (1, 5))",7,5,12.0,7,,,pruned,,,1070
"(((1, 4), (2, 2), (2, 3), (3, 1), (3, 5), (4, 2), (4, 3), (4, 4)), (1, 5))","(((1, 4), (2, 2), (2, 3), (3, 2), (3, 5), (4, 2), (4, 3), (4, 4)), (1, 5))",7,5,12.0,7,,,pruned,,,1071
"(((1, 4), (2, 2), (2, 3), (3, 2), (3, 6), (4, 2), (4, 3), (4, 4)), (1, 5))","(((1, 4), (2, 2), (2, 3), (3, 2), (3, 5), (4, 2), (4, 3), (4, 4)), (1, 5))",7,5,12.0,7,,,pruned,,,1072
"(((1, 4), (2, 2), (2, 3), (3, 2), (3, 5), (4, 2), (4, 3), (4, 4)), (1, 5))","(((1, 4), (2, 2), (2, 4), (3, 2), (3, 5), (4, 2), (4, 3), (4, 4)), (1, 5))",6,4.0,10.0,6,12,4,expanded,False,True,1073
"(((1, 4), (2, 2), (2, 4), (3, 2), (4, 2), (4, 3), (4, 5), (5, 4)), (1, 2))","(((1, 4), (2, 2), (2, 4), (3, 2), (4, 2), (4, 3), (4, 4), (4, 5)), (1, 2))",7,5,12.0,7,,,pruned,,,1074
"(((1, 4), (2, 2), (2, 4), (3, 2), (4, 2), (4, 3), (4, 4), (5, 5)), (1, 2))","(((1, 4), (2, 2), (2, 4), (3, 2), (4, 2), (4, 3), (4, 4), (4, 5)), (1, 2))",7,5,12.0,7,,,pruned,,,1075
"(((1, 4), (2, 2), (2, 4), (3, 2), (4, 2), (4, 4), (4, 5), (5, 3)), (1, 2))","(((1, 4), (2, 2), (2, 4), (3, 2), (4, 2), (4, 3), (4, 4), (4, 5)), (1, 2))",7,5,12.0,7,,,pruned,,,1076
"(((1, 4), (2, 2), (2, 4), (3, 1), (4, 2), (4, 3), (4, 4), (4, 5)), (1, 2))","(((1, 4), (2, 2), (2, 4), (3, 2), (4, 2), (4, 3), (4, 4), (4, 5)), (1, 2))",7,5,12.0,7,,,pruned,,,1077
"(((1, 4), (2, 2), (2, 4), (3, 2), (4, 2), (4, 3), (4, 4), (4, 5)), (1, 2))","(((1, 4), (2, 2), (2, 4), (3, 2), (3, 5), (4, 2), (4, 3), (4, 4)), (1, 5))",6,4.0,10.0,6,12,4,expanded,False,True,1078
"(((1, 4), (2, 2), (2, 4), (2, 5), (3, 2), (4, 2), (4, 3), (5, 4)), (1, 2))","(((1, 4), (2, 2), (2, 4), (2, 5), (3, 2), (4, 2), (4, 3), (4, 4)), (1, 2))",7,5,12.0,7,,,pruned,,,1079
"(((1, 4), (2, 2), (2, 4), (2, 5), (3, 2), (4, 2), (4, 4), (5, 3)), (1, 2))","(((1, 4), (2, 2), (2, 4), (2, 5), (3, 2), (4, 2), (4, 3), (4, 4)), (1, 2))",7,5,12.0,7,,,pruned,,,1080
"(((1, 4), (2, 2), (2, 4), (2, 5), (3, 1), (4, 2), (4, 3), (4, 4)), (1, 2))","(((1, 4), (2, 2), (2, 4), (2, 5), (3, 2), (4, 2), (4, 3), (4, 4)), (1, 2))",7,5,12.0,7,,,pruned,,,1081
"(((1, 4), (2, 2), (2, 4), (2, 5), (3, 2), (4, 2), (4, 3), (4, 4)), (1, 2))","(((1, 4), (2, 2), (2, 4), (3, 2), (3, 5), (4, 2), (4, 3), (4, 4)), (1, 5))",6,4.0,10.0,6,8,3,expanded,False,True,1082
"(((1, 2), (1, 4), (2, 5), (3, 3), (3, 4), (4, 2), (4, 3), (5, 5)), (1, 3))","(((1, 2), (1, 4), (2, 5), (3, 3), (3, 4), (4, 2), (4, 3), (4, 5)), (1, 3))",7,5,12.0,7,,,pruned,,,1083
"(((1, 2), (1, 4), (2, 5), (3, 3), (3, 4), (4, 2), (4, 3), (4, 6)), (1, 3))","(((1, 2), (1, 4), (2, 5), (3, 3), (3, 4), (4, 2), (4, 3), (4, 5)), (1, 3))",7,5,12.0,7,,,pruned,,,1084
"(((1, 2), (1, 4), (2, 5), (3, 3), (3, 4), (4, 3), (4, 5), (5, 2)), (1, 3))","(((1, 2), (1, 4), (2, 5), (3, 3), (3, 4), (4, 2), (4, 3), (4, 5)), (1, 3))",7,5,12.0,7,,,pruned,,,1085
"(((1, 2), (1, 4), (2, 6), (3, 3), (3, 4), (4, 2), (4, 3), (4, 5)), (1, 3))","(((1, 2), (1, 4), (2, 5), (3, 3), (3, 4), (4, 2), (4, 3), (4, 5)), (1, 3))",7,5,12.0,7,,,pruned,,,1086
"(((1, 2), (1, 4), (2, 5), (3, 3), (3, 4), (4, 2), (4, 3), (4, 5)), (1, 3))","(((1, 4), (2, 2), (2, 5), (3, 3), (3, 4), (4, 2), (4, 3), (4, 5)), (2, 6))",6,4.0,10.0,6,12,4,expanded,False,True,1087
"(((1, 4), (2, 2), (2, 4), (3, 3), (3, 4), (4, 2), (4, 3), (5, 5)), (1, 5))","(((1, 4), (2, 2), (2, 4), (3, 3), (3, 4), (4, 2), (4, 3), (4, 5)), (1, 5))",7,5,12.0,7,,,pruned,,,1088
"(((1, 4), (2, 2), (2, 4), (3, 3), (3, 4), (4, 2), (4, 3), (4, 6)), (1, 5))","(((1, 4), (2, 2), (2, 4), (3, 3), (3, 4), (4, 2), (4, 3), (4, 5)), (1, 5))",7,5,12.0,7,,,pruned,,,1089
"(((1, 4), (2, 2), (2, 4), (3, 3), (3, 4), (4, 3), (4, 5), (5, 2)), (3, 1))","(((1, 4), (2, 2), (2, 4), (3, 3), (3, 4), (4, 2), (4, 3), (4, 5)), (1, 5))",7,5,12.0,7,,,pruned,,,1090
"(((1, 4), (2, 2), (2, 4), (3, 3), (3, 4), (4, 2), (4, 3), (4, 5)), (1, 5))","(((1, 4), (2, 2), (2, 5), (3, 3), (3, 4), (4, 2), (4, 3), (4, 5)), (2, 6))",6,4.0,10.0,6,9,3,expanded,False,True,1091
"(((1, 3), (2, 2), (2, 4), (3, 2), (3, 4), (4, 2), (4, 3), (5, 5)), (1, 4))","(((1, 3), (2, 2), (2, 4), (3, 2), (3, 4), (4, 2), (4, 3), (4, 5)), (1, 4))",7,5,12.0,7,,,pruned,,,1092
"(((1, 3), (2, 2), (2, 4), (3, 2), (3, 4), (4, 2), (4, 3), (4, 6)), (1, 4))","(((1, 3), (2, 2), (2, 4), (3, 2), (3, 4), (4, 2), (4, 3), (4, 5)), (1, 4))",7,5,12.0,7,,,pruned,,,1093
"(((1, 3), (2, 2), (2, 4), (3, 2), (3, 4), (4, 2), (4, 3), (4, 5)), (1, 4))","(((1, 4), (2, 2), (2, 4), (3, 2), (3, 4), (4, 2), (4, 3), (4, 5)), (1, 5))",6,4.0,10.0,6,9,2,expanded,False,True,1094
"(((1, 4), (2, 2), (2, 3), (3, 2), (3, 4), (4, 2), (4, 3), (5, 5)), (1, 5))","(((1, 4), (2, 2), (2, 3), (3, 2), (3, 4), (4, 2), (4, 3), (4, 5)), (1, 5))",7,5,12.0,7,,,pruned,,,1095
"(((1, 4), (2, 2), (2, 3), (3, 2), (3, 4), (4, 2), (4, 3), (4, 6)), (1, 5))","(((1, 4), (2, 2), (2, 3), (3, 2), (3, 4), (4, 2), (4, 3), (4, 5)), (1, 5))",7,5,12.0,7,,,pruned,,,1096
"(((1, 4), (2, 2), (2, 3), (3, 2), (3, 4), (4, 2), (4, 3), (4, 5)), (1, 5))","(((1, 4), (2, 2), (2, 4), (3, 2), (3, 4), (4, 2), (4, 3), (4, 5)), (1, 5))",6,4.0,10.0,6,10,2,expanded,False,True,1097
"(((1, 4), (2, 2), (2, 3), (2, 5), (3, 2), (3, 4), (4, 4), (5, 5)), (2, 6))","(((1, 4), (2, 2), (2, 3), (2, 5), (3, 2), (3, 4), (4, 4), (4, 5)), (2, 6))",7,5,12.0,7,,,pruned,,,1098
"(((1, 4), (2, 2), (2, 3), (2, 5), (3, 1), (3, 4), (4, 4), (4, 5)), (2, 6))","(((1, 4), (2, 2), (2, 3), (2, 5), (3, 2), (3, 4), (4, 4), (4, 5)), (2, 6))",7,5,12.0,7,,,pruned,,,1099
"(((1, 4), (2, 2), (2, 3), (2, 5), (3, 2), (3, 4), (4, 4), (4, 5)), (2, 6))","(((1, 4), (2, 2), (2, 5), (3, 2), (3, 3), (3, 4), (4, 4), (4, 5)), (2, 6))",6,4.0,10.0,6,9,2,expanded,False,True,1100
"(((1, 4), (2, 2), (2, 4), (3, 2), (3, 3), (3, 4), (4, 4), (5, 5)), (1, 5))","(((1, 4), (2, 2), (2, 4), (3, 2), (3, 3), (3, 4), (4, 4), (4, 5)), (1, 5))",7,5,12.0,7,,,pruned,,,1101
"(((1, 4), (2, 2), (2, 4), (3, 2), (3, 3), (3, 4), (4, 4), (4, 5)), (1, 5))","(((1, 4), (2, 2), (2, 5), (3, 2), (3, 3), (3, 4), (4, 4), (4, 5)), (2, 6))",6,4.0,10.0,6,5,1,expanded,False,True,1102
"(((1, 4), (2, 2), (2, 3), (3, 2), (3, 3), (3, 4), (4, 3), (5, 5)), (1, 5))","(((1, 4), (2, 2), (2, 3), (3, 2), (3, 3), (3, 4), (4, 3), (4, 5)), (1, 5))",7,5,12.0,7,,,pruned,,,1103
"(((1, 4), (2, 2), (2, 3), (3, 2), (3, 3), (3, 4), (4, 3), (4, 6)), (1, 5))","(((1, 4), (2, 2), (2, 3), (3, 2), (3, 3), (3, 4), (4, 3), (4, 5)), (1, 5))",7,5,12.0,7,,,pruned,,,1104
"(((1, 4), (2, 2), (2, 3), (3, 2), (3, 3), (3, 4), (4, 3), (4, 5)), (1, 5))","(((1, 4), (2, 2), (2, 4), (3, 2), (3, 3), (3, 4), (4, 3), (4, 5)), (1, 5))",6,4.0,10.0,6,9,2,expanded,False,True,1105
"(((1, 3), (2, 2), (2, 4), (3, 2), (3, 3), (3, 4), (4, 3), (5, 5)), (1, 4))","(((1, 3), (2, 2), (2, 4), (3, 2), (3, 3), (3, 4), (4, 3), (4, 5)), (1, 4))",7,5,12.0,7,,,pruned,,,1106
"(((1, 3), (2, 2), (2, 4), (3, 2), (3, 3), (3, 4), (4, 3), (4, 6)), (1, 4))","(((1, 3), (2, 2), (2, 4), (3, 2), (3, 3), (3, 4), (4, 3), (4, 5)), (1, 4))",7,5,12.0,7,,,pruned,,,1107
"(((1, 3), (2, 2), (2, 4), (3, 2), (3, 3), (3, 4), (4, 3), (4, 5)), (1, 4))","(((1, 4), (2, 2), (2, 4), (3, 2), (3, 3), (3, 4), (4, 3), (4, 5)), (1, 5))",6,4.0,10.0,6,8,2,expanded,False,True,1108
"(((1, 4), (1, 5), (2, 2), (2, 3), (3, 2), (3, 4), (3, 5), (4, 1)), (2, 4))","(((1, 4), (1, 5), (2, 2), (2, 3), (3, 2), (3, 4), (3, 5), (4, 2)), (2, 4))",7,5,12.0,7,,,pruned,,,1109
"(((1, 4), (1, 5), (2, 2), (2, 3), (3, 1), (3, 4), (3, 5), (4, 2)), (2, 4))","(((1, 4), (1, 5), (2, 2), (2, 3), (3, 2), (3, 4), (3, 5), (4, 2)), (2, 4))",7,5,12.0,7,,,pruned,,,1110
"(((1, 4), (1, 5), (2, 2), (2, 3), (3, 2), (3, 4), (3, 5), (4, 2)), (2, 4))","(((1, 4), (1, 5), (2, 2), (3, 2), (3, 3), (3, 4), (3, 5), (4, 2)), (1, 2))",6,4.0,10.0,6,9,2,expanded,False,True,1111
"(((1, 4), (1, 5), (2, 2), (3, 2), (3, 3), (3, 5), (4, 2), (5, 4)), (1, 2))","(((1, 4), (1, 5), (2, 2), (3, 2), (3, 3), (3, 5), (4, 2), (4, 4)), (1, 2))",7,5,12.0,7,,,pruned,,,1112
"(((1, 4), (1, 5), (2, 2), (3, 2), (3, 3), (3, 5), (4, 1), (4, 4)), (1, 2))","(((1, 4), (1, 5), (2, 2), (3, 2), (3, 3), (3, 5), (4, 2), (4, 4)), (1, 2))",7,5,12.0,7,,,pruned,,,1113
"(((1, 4), (1, 5), (2, 2), (3, 2), (3, 3), (3, 6), (4, 2), (4, 4)), (1, 2))","(((1, 4), (1, 5), (2, 2), (3, 2), (3, 3), (3, 5), (4, 2), (4, 4)), (1, 2))",7,5,12.0,7,,,pruned,,,1114
"(((1, 4), (1, 5), (2, 2), (3, 2), (3, 3), (3, 5), (4, 2), (4, 4)), (1, 2))","(((1, 4), (1, 5), (2, 2), (3, 2), (3, 3), (3, 4), (3, 5), (4, 2)), (1, 2))",6,4.0,10.0,6,12,3,expanded,False,True,1115
"(((1, 4), (1, 5), (2, 2), (2, 5), (3, 2), (3, 3), (3, 4), (4, 1)), (2, 6))","(((1, 4), (1, 5), (2, 2), (2, 5), (3, 2), (3, 3), (3, 4), (4, 2)), (2, 6))",7,5,12.0,7,,,pruned,,,1116
"(((1, 4), (1, 5), (2, 2), (2, 5), (3, 2), (3, 3), (3, 4), (4, 2)), (2, 6))","(((1, 4), (1, 5), (2, 2), (3, 2), (3, 3), (3, 4), (3, 5), (4, 2)), (1, 2))",6,4.0,10.0,6,5,1,expanded,False,True,1117
"(((1, 4), (1, 5), (2, 2), (2, 3), (3, 2), (4, 2), (4, 5), (5, 4)), (2, 4))","(((1, 4), (1, 5), (2, 2), (2, 3), (3, 2), (4, 2), (4, 4), (4, 5)), (2, 4))",7,5,12.0,7,,,pruned,,,1118
"(((1, 4), (1, 5), (2, 2), (2, 3), (3, 2), (4, 2), (4, 4), (5, 5)), (2, 4))","(((1, 4), (1, 5), (2, 2), (2, 3), (3, 2), (4, 2), (4, 4), (4, 5)), (2, 4))",7,5,12.0,7,,,pruned,,,1119
"(((1, 4), (1, 5), (2, 2), (2, 3), (3, 2), (4, 1), (4, 4), (4, 5)), (2, 4))","(((1, 4), (1, 5), (2, 2), (2, 3), (3, 2), (4, 2), (4, 4), (4, 5)), (2, 4))",7,5,12.0,7,,,pruned,,,1120
"(((1, 4), (1, 5), (2, 2), (2, 3), (3, 1), (4, 2), (4, 4), (4, 5)), (2, 4))","(((1, 4), (1, 5), (2, 2), (2, 3), (3, 2), (4, 2), (4, 4), (4, 5)), (2, 4))",7,5,12.0,7,,,pruned,,,1121
"(((1, 4), (1, 5), (2, 2), (2, 3), (3, 2), (4, 2), (4, 4), (4, 5)), (2, 4))","(((1, 4), (1, 5), (2, 2), (2, 3), (3, 2), (3, 4), (4, 2), (4, 5)), (2, 4))",6,4.0,10.0,6,9,4,expanded,False,True,1122
"(((1, 2), (1, 4), (2, 3), (2, 5), (3, 3), (3, 4), (3, 5), (4, 3)), (2, 2))","(((1, 4), (2, 2), (2, 3), (2, 5), (3, 3), (3, 4), (3, 5), (4, 3)), (2, 6))",6,4.0,10.0,6,5,0,expanded,False,True,1123
"(((1, 4), (2, 2), (2, 3), (2, 4), (3, 3), (3, 4), (3, 5), (4, 3)), (1, 5))","(((1, 4), (2, 2), (2, 3), (2, 5), (3, 3), (3, 4), (3, 5), (4, 3)), (2, 6))",6,4.0,10.0,6,6,0,expanded,False,True,1124
"(((1, 2), (1, 4), (2, 4), (2, 5), (3, 3), (3, 5), (4, 3), (4, 4)), (1, 3))","(((1, 2), (1, 4), (2, 3), (2, 5), (3, 3), (3, 5), (4, 3), (4, 4)), (2, 2))",6,4.0,10.0,6,4,0,expanded,False,True,1125
"(((1, 2), (1, 4), (2, 3), (2, 4), (3, 3), (3, 5), (4, 3), (4, 4)), (1, 5))","(((1, 2), (1, 4), (2, 3), (2, 5), (3, 3), (3, 5), (4, 3), (4, 4)), (2, 2))",6,4.0,10.0,6,6,0,expanded,False,True,1126
"(((1, 4), (2, 2), (2, 3), (2, 4), (3, 3), (4, 3), (4, 5), (5, 4)), (1, 5))","(((1, 4), (2, 2), (2, 3), (2, 4), (3, 3), (4, 3), (4, 4), (4, 5)), (1, 5))",7,5,12.0,7,,,pruned,,,1127
"(((1, 4), (2, 2), (2, 3), (2, 4), (3, 3), (4, 3), (4, 4), (5, 5)), (1, 5))","(((1, 4), (2, 2), (2, 3), (2, 4), (3, 3), (4, 3), (4, 4), (4, 5)), (1, 5))",7,5,12.0,7,,,pruned,,,1128
"(((1, 4), (2, 2), (2, 3), (2, 4), (3, 3), (4, 3), (4, 4), (4, 5)), (1, 5))","(((1, 4), (2, 2), (2, 3), (2, 4), (3, 3), (3, 5), (4, 3), (4, 4)), (1, 5))",6,4.0,10.0,6,8,2,expanded,False,True,1129
"(((1, 4), (2, 2), (2, 3), (2, 4), (2, 5), (3, 3), (4, 3), (5, 4)), (2, 6))","(((1, 4), (2, 2), (2, 3), (2, 4), (2, 5), (3, 3), (4, 3), (4, 4)), (2, 6))",7,5,12.0,7,,,pruned,,,1130
"(((1, 4), (2, 2), (2, 3), (2, 4), (2, 5), (3, 3), (4, 3), (4, 4)), (2, 6))","(((1, 4), (2, 2), (2, 3), (2, 4), (3, 3), (3, 5), (4, 3), (4, 4)), (1, 5))",6,4.0,10.0,6,6,1,expanded,False,True,1131
"(((1, 3), (2, 2), (2, 3), (2, 4), (3, 3), (3, 5), (4, 3), (4, 4)), (1, 4))","(((1, 4), (2, 2), (2, 3), (2, 4), (3, 3), (3, 5), (4, 3), (4, 4)), (1, 5))",6,4.0,10.0,6,8,0,expanded,False,True,1132
"(((1, 3), (2, 3), (2, 4), (3, 2), (3, 3), (3, 4), (4, 3), (4, 4)), (1, 4))","(((1, 4), (2, 3), (2, 4), (3, 2), (3, 3), (3, 4), (4, 3), (4, 4)), (1, 5))",6,4.0,10.0,6,2,0,expanded,False,True,1133
"(((1, 4), (1, 5), (2, 3), (3, 2), (3, 3), (4, 2), (4, 3), (5, 4)), (2, 4))","(((1, 4), (1, 5), (2, 3), (3, 2), (3, 3), (4, 2), (4, 3), (4, 4)), (2, 4))",7,5,12.0,7,,,pruned,,,1134
"(((1, 4), (1, 5), (2, 3), (3, 2), (3, 3), (4, 2), (4, 3), (4, 4)), (2, 4))","(((1, 4), (1, 5), (2, 3), (3, 2), (3, 3), (3, 4), (4, 2), (4, 3)), (2, 4))",6,4.0,10.0,6,3,1,expanded,False,True,1135
"(((1, 2), (1, 4), (2, 4), (2, 5), (3, 3), (3, 4), (4, 3), (5, 5)), (1, 3))","(((1, 2), (1, 4), (2, 4), (2, 5), (3, 3), (3, 4), (4, 3), (4, 5)), (1, 3))",7,5,12.0,7,,,pruned,,,1136
"(((1, 2), (1, 4), (2, 4), (2, 5), (3, 3), (3, 4), (4, 3), (4, 6)), (1, 3))","(((1, 2), (1, 4), (2, 4), (2, 5), (3, 3), (3, 4), (4, 3), (4, 5)), (1, 3))",7,5,12.0,7,,,pruned,,,1137
"(((1, 2), (1, 4), (2, 4), (2, 5), (3, 3), (3, 4), (4, 3), (4, 5)), (1, 3))","(((1, 2), (1, 4), (2, 3), (2, 5), (3, 3), (3, 4), (4, 3), (4, 5)), (2, 2))",6,4.0,10.0,6,8,2,expanded,False,True,1138
"(((1, 2), (1, 4), (2, 3), (2, 5), (3, 3), (3, 4), (4, 4), (5, 5)), (2, 6))","(((1, 2), (1, 4), (2, 3), (2, 5), (3, 3), (3, 4), (4, 4), (4, 5)), (2, 2))",7,5,12.0,7,,,pruned,,,1139
"(((1, 2), (1, 4), (2, 3), (2, 5), (3, 3), (3, 4), (4, 4), (4, 5)), (2, 2))","(((1, 2), (1, 4), (2, 3), (2, 5), (3, 3), (3, 4), (4, 3), (4, 5)), (2, 2))",6,4.0,10.0,6,5,1,expanded,False,True,1140
"(((1, 2), (1, 4), (2, 3), (2, 4), (3, 3), (3, 4), (4, 3), (5, 5)), (1, 5))","(((1, 2), (1, 4), (2, 3), (2, 4), (3, 3), (3, 4), (4, 3), (4, 5)), (1, 5))",7,5,12.0,7,,,pruned,,,1141
"(((1, 2), (1, 4), (2, 3), (2, 4), (3, 3), (3, 4), (4, 3), (4, 6)), (1, 5))","(((1, 2), (1, 4), (2, 3), (2, 4), (3, 3), (3, 4), (4, 3), (4, 5)), (1, 5))",7,5,12.0,7,,,pruned,,,1142
"(((1, 2), (1, 4), (2, 3), (2, 4), (3, 3), (3, 4), (4, 3), (4, 5)), (1, 5))","(((1, 2), (1, 4), (2, 3), (2, 5), (3, 3), (3, 4), (4, 3), (4, 5)), (2, 2))",6,4.0,10.0,6,7,2,expanded,False,True,1143
"(((1, 4), (2, 2), (2, 3), (2, 4), (3, 3), (3, 4), (4, 4), (5, 5)), (1, 5))","(((1, 4), (2, 2), (2, 3), (2, 4), (3, 3), (3, 4), (4, 4), (4, 5)), (1, 5))",7,5,12.0,7,,,pruned,,,1144
"(((1, 4), (2, 2), (2, 3), (2, 4), (3, 3), (3, 4), (4, 4), (4, 5)), (1, 5))","(((1, 4), (2, 2), (2, 3), (2, 5), (3, 3), (3, 4), (4, 4), (4, 5)), (2, 6))",6,4.0,10.0,6,4,1,expanded,False,True,1145
"(((1, 3), (2, 2), (2, 3), (2, 4), (3, 3), (3, 4), (4, 3), (5, 5)), (1, 4))","(((1, 3), (2, 2), (2, 3), (2, 4), (3, 3), (3, 4), (4, 3), (4, 5)), (1, 4))",7,5,12.0,7,,,pruned,,,1146
"(((1, 3), (2, 2), (2, 3), (2, 4), (3, 3), (3, 4), (4, 3), (4, 6)), (1, 4))","(((1, 3), (2, 2), (2, 3), (2, 4), (3, 3), (3, 4), (4, 3), (4, 5)), (1, 4))",7,5,12.0,7,,,pruned,,,1147
"(((1, 3), (2, 2), (2, 3), (2, 4), (3, 3), (3, 4), (4, 3), (4, 5)), (1, 4))","(((1, 4), (2, 2), (2, 3), (2, 4), (3, 3), (3, 4), (4, 3), (4, 5)), (1, 5))",6,4.0,10.0,6,8,2,expanded,False,True,1148
"(((1, 4), (1, 5), (2, 3), (3, 2), (3, 3), (3, 4), (3, 5), (4, 4)), (2, 4))","(((1, 4), (1, 5), (2, 3), (3, 2), (3, 3), (3, 4), (3, 5), (4, 3)), (2, 4))",6,4.0,10.0,6,6,0,expanded,False,True,1149
"(((1, 4), (1, 5), (2, 3), (3, 2), (3, 3), (3, 5), (4, 3), (5, 4)), (2, 4))","(((1, 4), (1, 5), (2, 3), (3, 2), (3, 3), (3, 5), (4, 3), (4, 4)), (2, 4))",7,5,12.0,7,,,pruned,,,1150
"(((1, 4), (1, 5), (2, 3), (3, 2), (3, 3), (3, 6), (4, 3), (4, 4)), (2, 4))","(((1, 4), (1, 5), (2, 3), (3, 2), (3, 3), (3, 5), (4, 3), (4, 4)), (2, 4))",7,5,12.0,7,,,pruned,,,1151
"(((1, 4), (1, 5), (2, 3), (3, 2), (3, 3), (3, 5), (4, 3), (4, 4)), (2, 4))","(((1, 4), (1, 5), (2, 3), (3, 2), (3, 3), (3, 4), (3, 5), (4, 3)), (2, 4))",6,4.0,10.0,6,8,2,expanded,False,True,1152
"(((1, 4), (1, 5), (2, 3), (2, 5), (3, 2), (3, 3), (3, 4), (4, 3)), (2, 6))","(((1, 4), (1, 5), (2, 3), (3, 2), (3, 3), (3, 4), (3, 5), (4, 3)), (2, 4))",6,4.0,10.0,6,5,0,expanded,False,True,1153
"(((1, 2), (1, 4), (2, 4), (2, 5), (3, 4), (3, 5), (4, 3), (4, 6)), (1, 3))","(((1, 2), (1, 4), (2, 4), (2, 5), (3, 4), (3, 5), (4, 3), (4, 5)), (1, 3))",7,5,12.0,7,,,pruned,,,1154
"(((1, 2), (1, 4), (2, 4), (2, 5), (3, 4), (3, 5), (4, 5), (5, 3)), (1, 3))","(((1, 2), (1, 4), (2, 4), (2, 5), (3, 4), (3, 5), (4, 3), (4, 5)), (1, 3))",7,5,12.0,7,,,pruned,,,1155
"(((1, 2), (1, 4), (2, 4), (2, 5), (3, 4), (3, 5), (4, 3), (4, 5)), (1, 3))","(((1, 2), (1, 4), (2, 3), (2, 5), (3, 4), (3, 5), (4, 3), (4, 5)), (2, 2))",6,4.0,10.0,6,7,2,expanded,False,True,1156
"(((1, 2), (1, 4), (2, 3), (2, 5), (3, 4), (3, 5), (4, 4), (4, 5)), (2, 2))","(((1, 2), (1, 4), (2, 3), (2, 5), (3, 4), (3, 5), (4, 3), (4, 5)), (2, 2))",6,4.0,10.0,6,3,0,expanded,False,True,1157
"(((1, 2), (1, 4), (2, 3), (2, 4), (3, 4), (3, 5), (4, 3), (4, 6)), (2, 2))","(((1, 2), (1, 4), (2, 3), (2, 4), (3, 4), (3, 5), (4, 3), (4, 5)), (1, 5))",7,5,12.0,7,,,pruned,,,1158
"(((1, 2), (1, 4), (2, 3), (2, 4), (3, 4), (3, 5), (4, 5), (5, 3)), (1, 5))","(((1, 2), (1, 4), (2, 3), (2, 4), (3, 4), (3, 5), (4, 3), (4, 5)), (1, 5))",7,5,12.0,7,,,pruned,,,1159
"(((1, 2), (1, 4), (2, 3), (2, 4), (3, 4), (3, 5), (4, 3), (4, 5)), (1, 5))","(((1, 2), (1, 4), (2, 3), (2, 5), (3, 4), (3, 5), (4, 3), (4, 5)), (2, 2))",6,4.0,10.0,6,8,2,expanded,False,True,1160
"(((1, 4), (2, 2), (2, 3), (2, 4), (3, 4), (3, 5), (4, 4), (4, 5)), (1, 5))","(((1, 4), (2, 2), (2, 3), (2, 5), (3, 4), (3, 5), (4, 4), (4, 5)), (2, 6))",6,4.0,10.0,6,3,0,expanded,False,True,1161
"(((1, 3), (2, 2), (2, 3), (2, 4), (3, 4), (3, 5), (4, 3), (4, 6)), (3, 1))","(((1, 3), (2, 2), (2, 3), (2, 4), (3, 4), (3, 5), (4, 3), (4, 5)), (1, 4))",7,5,12.0,7,,,pruned,,,1162
"(((1, 3), (2, 2), (2, 3), (2, 4), (3, 4), (3, 5), (4, 5), (5, 3)), (1, 4))","(((1, 3), (2, 2), (2, 3), (2, 4), (3, 4), (3, 5), (4, 3), (4, 5)), (1, 4))",7,5,12.0,7,,,pruned,,,1163
"(((1, 3), (2, 2), (2, 3), (2, 4), (3, 4), (3, 5), (4, 3), (4, 5)), (1, 4))","(((1, 4), (2, 2), (2, 3), (2, 4), (3, 4), (3, 5), (4, 3), (4, 5)), (1, 5))",6,4.0,10.0,6,8,2,expanded,False,True,1164
"(((1, 2), (1, 3), (2, 4), (2, 5), (3, 4), (3, 5), (4, 4), (4, 5)), (2, 2))","(((1, 2), (1, 3), (2, 4), (2, 5), (3, 4), (3, 5), (4, 3), (4, 5)), (2, 2))",6,4.0,10.0,6,0,0,expanded,False,True,1165
"(((1, 2), (1, 5), (2, 3), (2, 4), (3, 3), (3, 4), (3, 5), (4, 3)), (2, 2))","(((1, 5), (2, 2), (2, 3), (2, 4), (3, 3), (3, 4), (3, 5), (4, 3)), (2, 5))",6,4.0,10.0,6,4,0,expanded,False,True,1166
"(((1, 5), (2, 2), (2, 3), (2, 4), (3, 3), (3, 4), (3, 5), (4, 4)), (2, 5))","(((1, 5), (2, 2), (2, 3), (2, 4), (3, 3), (3, 4), (3, 5), (4, 3)), (2, 5))",6,4.0,10.0,6,5,0,expanded,False,True,1167
"(((1, 5), (2, 2), (2, 3), (2, 4), (2, 5), (3, 3), (3, 4), (4, 3)), (2, 6))","(((1, 5), (2, 2), (2, 3), (2, 4), (3, 3), (3, 4), (3, 5), (4, 3)), (2, 5))",6,4.0,10.0,6,3,0,expanded,False,True,1168
"(((1, 2), (1, 5), (2, 3), (2, 4), (3, 3), (3, 4), (4, 4), (5, 5)), (2, 5))","(((1, 2), (1, 5), (2, 3), (2, 4), (3, 3), (3, 4), (4, 4), (4, 5)), (2, 2))",7,5,12.0,7,,,pruned,,,1169
"(((1, 2), (1, 5), (2, 3), (2, 4), (3, 3), (3, 4), (4, 4), (4, 5)), (2, 2))","(((1, 2), (1, 5), (2, 3), (2, 4), (3, 3), (3, 4), (4, 3), (4, 5)), (2, 2))",6,4.0,10.0,6,2,1,expanded,False,True,1170
"(((1, 3), (1, 4), (2, 2), (2, 5), (3, 2), (3, 4), (3, 5), (4, 1)), (2, 3))","(((1, 3), (1, 4), (2, 2), (2, 5), (3, 2), (3, 4), (3, 5), (4, 2)), (2, 3))",7,5,12.0,7,,,pruned,,,1171
"(((1, 3), (1, 4), (2, 2), (2, 5), (3, 1), (3, 4), (3, 5), (4, 2)), (2, 3))","(((1, 3), (1, 4), (2, 2), (2, 5), (3, 2), (3, 4), (3, 5), (4, 2)), (2, 3))",7,5,12.0,7,,,pruned,,,1172
"(((1, 3), (1, 4), (2, 2), (2, 6), (3, 2), (3, 4), (3, 5), (4, 2)), (1, 5))","(((1, 3), (1, 4), (2, 2), (2, 5), (3, 2), (3, 4), (3, 5), (4, 2)), (2, 3))",7,5,12.0,7,,,pruned,,,1173
"(((1, 3), (1, 4), (2, 2), (2, 5), (3, 2), (3, 4), (3, 5), (4, 2)), (2, 3))","(((1, 3), (1, 4), (2, 2), (2, 5), (3, 2), (3, 5), (4, 2), (4, 4)), (2, 3))",6,4.0,10.0,6,8,3,expanded,False,True,1174
"(((1, 3), (1, 4), (2, 2), (2, 5), (3, 2), (3, 5), (4, 2), (5, 3)), (2, 3))","(((1, 3), (1, 4), (2, 2), (2, 5), (3, 2), (3, 5), (4, 2), (4, 3)), (2, 3))",7,5,12.0,7,,,pruned,,,1175
"(((1, 3), (1, 4), (2, 2), (2, 5), (3, 1), (3, 5), (4, 2), (4, 3)), (2, 3))","(((1, 3), (1, 4), (2, 2), (2, 5), (3, 2), (3, 5), (4, 2), (4, 3)), (2, 3))",7,5,12.0,7,,,pruned,,,1176
"(((1, 3), (1, 4), (2, 2), (2, 6), (3, 2), (3, 5), (4, 2), (4, 3)), (1, 5))","(((1, 3), (1, 4), (2, 2), (2, 5), (3, 2), (3, 5), (4, 2), (4, 3)), (2, 3))",7,5,12.0,7,,,pruned,,,1177
"(((1, 3), (1, 4), (2, 2), (2, 5), (3, 2), (3, 6), (4, 2), (4, 3)), (2, 3))","(((1, 3), (1, 4), (2, 2), (2, 5), (3, 2), (3, 5), (4, 2), (4, 3)), (2, 3))",7,5,12.0,7,,,pruned,,,1178
"(((1, 3), (1, 4), (2, 2), (2, 5), (3, 2), (3, 5), (4, 2), (4, 3)), (2, 3))","(((1, 3), (1, 4), (2, 2), (2, 5), (3, 2), (3, 5), (4, 2), (4, 4)), (2, 3))",6,4.0,10.0,6,8,4,expanded,False,True,1179
"(((1, 3), (1, 4), (2, 2), (2, 5), (3, 3), (3, 5), (4, 4), (5, 2)), (2, 6))","(((1, 3), (1, 4), (2, 2), (2, 5), (3, 3), (3, 5), (4, 2), (4, 4)), (2, 6))",7,5,12.0,7,,,pruned,,,1180
"(((1, 3), (1, 4), (2, 2), (2, 5), (3, 3), (3, 5), (4, 1), (4, 4)), (2, 6))","(((1, 3), (1, 4), (2, 2), (2, 5), (3, 3), (3, 5), (4, 2), (4, 4)), (2, 6))",7,5,12.0,7,,,pruned,,,1181
"(((1, 3), (1, 4), (2, 2), (2, 5), (3, 3), (3, 5), (4, 2), (4, 4)), (2, 6))","(((1, 3), (1, 4), (2, 2), (2, 5), (3, 2), (3, 5), (4, 2), (4, 4)), (2, 3))",6,4.0,10.0,6,12,2,expanded,False,True,1182
"(((1, 3), (1, 4), (2, 2), (2, 4), (3, 2), (3, 5), (4, 2), (5, 4)), (1, 5))","(((1, 3), (1, 4), (2, 2), (2, 4), (3, 2), (3, 5), (4, 2), (4, 4)), (1, 5))",7,5,12.0,7,,,pruned,,,1183
"(((1, 3), (1, 4), (2, 2), (2, 4), (3, 2), (3, 5), (4, 1), (4, 4)), (1, 5))","(((1, 3), (1, 4), (2, 2), (2, 4), (3, 2), (3, 5), (4, 2), (4, 4)), (1, 5))",7,5,12.0,7,,,pruned,,,1184
"(((1, 3), (1, 4), (2, 2), (2, 4), (3, 1), (3, 5), (4, 2), (4, 4)), (1, 5))","(((1, 3), (1, 4), (2, 2), (2, 4), (3, 2), (3, 5), (4, 2), (4, 4)), (1, 5))",7,5,12.0,7,,,pruned,,,1185
"(((1, 3), (1, 4), (2, 2), (2, 4), (3, 2), (3, 6), (4, 2), (4, 4)), (1, 5))","(((1, 3), (1, 4), (2, 2), (2, 4), (3, 2), (3, 5), (4, 2), (4, 4)), (1, 5))",7,5,12.0,7,,,pruned,,,1186
"(((1, 3), (1, 4), (2, 2), (2, 4), (3, 2), (3, 5), (4, 2), (4, 4)), (1, 5))","(((1, 3), (1, 4), (2, 2), (2, 5), (3, 2), (3, 5), (4, 2), (4, 4)), (2, 3))",6,4.0,10.0,6,14,4,expanded,False,True,1187
"(((1, 4), (2, 2), (2, 3), (2, 5), (3, 2), (3, 4), (3, 5), (4, 3)), (2, 6))","(((1, 4), (2, 2), (2, 3), (2, 5), (3, 2), (3, 5), (4, 3), (4, 4)), (2, 6))",6,4.0,10.0,6,6,0,expanded,False,True,1188
"(((1, 4), (2, 2), (2, 3), (2, 4), (3, 2), (3, 5), (4, 3), (4, 4)), (1, 5))","(((1, 4), (2, 2), (2, 3), (2, 5), (3, 2), (3, 5), (4, 3), (4, 4)), (2, 6))",6,4.0,10.0,6,7,0,expanded,False,True,1189
"(((1, 5), (2, 2), (2, 5), (3, 2), (3, 4), (3, 5), (4, 2), (4, 3)), (2, 6))","(((1, 5), (2, 2), (2, 5), (3, 2), (3, 5), (4, 2), (4, 3), (4, 4)), (2, 6))",6,4.0,10.0,6,4,0,expanded,False,True,1190
"(((1, 5), (2, 2), (2, 5), (3, 3), (3, 5), (4, 3), (4, 4), (5, 2)), (3, 1))","(((1, 5), (2, 2), (2, 5), (3, 3), (3, 5), (4, 2), (4, 3), (4, 4)), (2, 6))",7,5,12.0,7,,,pruned,,,1191
"(((1, 5), (2, 2), (2, 5), (3, 3), (3, 5), (4, 2), (4, 3), (4, 4)), (2, 6))","(((1, 5), (2, 2), (2, 5), (3, 2), (3, 5), (4, 2), (4, 3), (4, 4)), (2, 6))",6,4.0,10.0,6,7,1,expanded,False,True,1192
"(((1, 5), (2, 2), (2, 4), (3, 2), (3, 5), (4, 2), (4, 3), (4, 4)), (2, 5))","(((1, 5), (2, 2), (2, 5), (3, 2), (3, 5), (4, 2), (4, 3), (4, 4)), (2, 6))",6,4.0,10.0,6,7,0,expanded,False,True,1193
"(((1, 5), (2, 2), (2, 5), (3, 3), (3, 4), (4, 2), (4, 3), (5, 5)), (2, 6))","(((1, 5), (2, 2), (2, 5), (3, 3), (3, 4), (4, 2), (4, 3), (4, 5)), (2, 6))",7,5,12.0,7,,,pruned,,,1194
"(((1, 5), (2, 2), (2, 5), (3, 3), (3, 4), (4, 2), (4, 3), (4, 6)), (2, 6))","(((1, 5), (2, 2), (2, 5), (3, 3), (3, 4), (4, 2), (4, 3), (4, 5)), (2, 6))",7,5,12.0,7,,,pruned,,,1195
"(((1, 5), (2, 2), (2, 5), (3, 3), (3, 4), (4, 3), (4, 5), (5, 2)), (3, 1))","(((1, 5), (2, 2), (2, 5), (3, 3), (3, 4), (4, 2), (4, 3), (4, 5)), (2, 6))",7,5,12.0,7,,,pruned,,,1196
"(((1, 5), (2, 2), (2, 5), (3, 3), (3, 4), (4, 2), (4, 3), (4, 5)), (2, 6))","(((1, 5), (2, 2), (2, 5), (3, 2), (3, 4), (4, 2), (4, 3), (4, 5)), (2, 6))",6,4.0,10.0,6,9,3,expanded,False,True,1197
"(((1, 5), (2, 2), (2, 4), (3, 2), (3, 4), (4, 2), (4, 3), (5, 5)), (2, 5))","(((1, 5), (2, 2), (2, 4), (3, 2), (3, 4), (4, 2), (4, 3), (4, 5)), (2, 5))",7,5,12.0,7,,,pruned,,,1198
"(((1, 5), (2, 2), (2, 4), (3, 2), (3, 4), (4, 2), (4, 3), (4, 6)), (2, 5))","(((1, 5), (2, 2), (2, 4), (3, 2), (3, 4), (4, 2), (4, 3), (4, 5)), (2, 5))",7,5,12.0,7,,,pruned,,,1199
"(((1, 5), (2, 2), (2, 4), (3, 2), (3, 4), (4, 2), (4, 3), (4, 5)), (2, 5))","(((1, 5), (2, 2), (2, 5), (3, 2), (3, 4), (4, 2), (4, 3), (4, 5)), (2, 6))",6,4.0,10.0,6,8,2,expanded,False,True,1200
"(((1, 5), (2, 2), (2, 5), (3, 4), (3, 5), (4, 2), (4, 3), (4, 6)), (1, 2))","(((1, 5), (2, 2), (2, 5), (3, 4), (3, 5), (4, 2), (4, 3), (4, 5)), (1, 2))",7,5,12.0,7,,,pruned,,,1201
"(((1, 5), (2, 2), (2, 5), (3, 4), (3, 5), (4, 2), (4, 5), (5, 3)), (1, 2))","(((1, 5), (2, 2), (2, 5), (3, 4), (3, 5), (4, 2), (4, 3), (4, 5)), (1, 2))",7,5,12.0,7,,,pruned,,,1202
"(((1, 5), (2, 2), (2, 6), (3, 4), (3, 5), (4, 2), (4, 3), (4, 5)), (1, 2))","(((1, 5), (2, 2), (2, 5), (3, 4), (3, 5), (4, 2), (4, 3), (4, 5)), (1, 2))",7,5,12.0,7,,,pruned,,,1203
"(((1, 5), (2, 2), (2, 5), (3, 4), (3, 5), (4, 3), (4, 5), (5, 2)), (1, 2))","(((1, 5), (2, 2), (2, 5), (3, 4), (3, 5), (4, 2), (4, 3), (4, 5)), (1, 2))",7,5,12.0,7,,,pruned,,,1204
"(((1, 5), (2, 2), (2, 5), (3, 4), (3, 5), (4, 2), (4, 3), (4, 5)), (1, 2))","(((1, 4), (2, 2), (2, 5), (3, 4), (3, 5), (4, 2), (4, 3), (4, 5)), (1, 2))",6,4.0,10.0,6,12,4,expanded,False,True,1205
"(((1, 2), (1, 4), (2, 5), (3, 4), (3, 5), (4, 2), (4, 3), (4, 6)), (1, 3))","(((1, 2), (1, 4), (2, 5), (3, 4), (3, 5), (4, 2), (4, 3), (4, 5)), (1, 3))",7,5,12.0,7,,,pruned,,,1206
"(((1, 2), (1, 4), (2, 5), (3, 4), (3, 5), (4, 2), (4, 5), (5, 3)), (1, 3))","(((1, 2), (1, 4), (2, 5), (3, 4), (3, 5), (4, 2), (4, 3), (4, 5)), (1, 3))",7,5,12.0,7,,,pruned,,,1207
"(((1, 2), (1, 4), (2, 5), (3, 4), (3, 5), (4, 3), (4, 5), (5, 2)), (1, 3))","(((1, 2), (1, 4), (2, 5), (3, 4), (3, 5), (4, 2), (4, 3), (4, 5)), (1, 3))",7,5,12.0,7,,,pruned,,,1208
"(((1, 2), (1, 4), (2, 6), (3, 4), (3, 5), (4, 2), (4, 3), (4, 5)), (1, 3))","(((1, 2), (1, 4), (2, 5), (3, 4), (3, 5), (4, 2), (4, 3), (4, 5)), (1, 3))",7,5,12.0,7,,,pruned,,,1209
"(((1, 2), (1, 4), (2, 5), (3, 4), (3, 5), (4, 2), (4, 3), (4, 5)), (1, 3))","(((1, 4), (2, 2), (2, 5), (3, 4), (3, 5), (4, 2), (4, 3), (4, 5)), (1, 2))",6,4.0,10.0,6,11,4,expanded,False,True,1210
"(((1, 4), (2, 2), (2, 5), (3, 5), (4, 2), (4, 3), (4, 5), (5, 4)), (1, 2))","(((1, 4), (2, 2), (2, 5), (3, 5), (4, 2), (4, 3), (4, 4), (4, 5)), (1, 2))",7,5,12.0,7,,,pruned,,,1211
"(((1, 4), (2, 2), (2, 5), (3, 5), (4, 2), (4, 4), (4, 5), (5, 3)), (1, 2))","(((1, 4), (2, 2), (2, 5), (3, 5), (4, 2), (4, 3), (4, 4), (4, 5)), (1, 2))",7,5,12.0,7,,,pruned,,,1212
"(((1, 4), (2, 2), (2, 5), (3, 5), (4, 3), (4, 4), (4, 5), (5, 2)), (1, 2))","(((1, 4), (2, 2), (2, 5), (3, 5), (4, 2), (4, 3), (4, 4), (4, 5)), (1, 2))",7,5,12.0,7,,,pruned,,,1213
"(((1, 4), (2, 2), (2, 6), (3, 5), (4, 2), (4, 3), (4, 4), (4, 5)), (1, 2))","(((1, 4), (2, 2), (2, 5), (3, 5), (4, 2), (4, 3), (4, 4), (4, 5)), (1, 2))",7,5,12.0,7,,,pruned,,,1214
"(((1, 4), (2, 2), (2, 5), (3, 6), (4, 2), (4, 3), (4, 4), (4, 5)), (1, 2))","(((1, 4), (2, 2), (2, 5), (3, 5), (4, 2), (4, 3), (4, 4), (4, 5)), (1, 2))",7,5,12.0,7,,,pruned,,,1215
"(((1, 4), (2, 2), (2, 5), (3, 5), (4, 2), (4, 3), (4, 4), (4, 5)), (1, 2))","(((1, 4), (2, 2), (2, 5), (3, 4), (3, 5), (4, 2), (4, 3), (4, 5)), (1, 2))",6,4.0,10.0,6,13,5,expanded,False,True,1216
"(((1, 4), (2, 2), (2, 4), (3, 4), (3, 5), (4, 2), (4, 3), (4, 6)), (1, 2))","(((1, 4), (2, 2), (2, 4), (3, 4), (3, 5), (4, 2), (4, 3), (4, 5)), (1, 2))",7,5,12.0,7,,,pruned,,,1217
"(((1, 4), (2, 2), (2, 4), (3, 4), (3, 5), (4, 2), (4, 5), (5, 3)), (1, 2))","(((1, 4), (2, 2), (2, 4), (3, 4), (3, 5), (4, 2), (4, 3), (4, 5)), (1, 2))",7,5,12.0,7,,,pruned,,,1218
"(((1, 4), (2, 2), (2, 4), (3, 4), (3, 5), (4, 3), (4, 5), (5, 2)), (1, 2))","(((1, 4), (2, 2), (2, 4), (3, 4), (3, 5), (4, 2), (4, 3), (4, 5)), (1, 2))",7,5,12.0,7,,,pruned,,,1219
"(((1, 4), (2, 2), (2, 4), (3, 4), (3, 5), (4, 2), (4, 3), (4, 5)), (1, 2))","(((1, 4), (2, 2), (2, 5), (3, 4), (3, 5), (4, 2), (4, 3), (4, 5)), (1, 2))",6,4.0,10.0,6,12,3,expanded,False,True,1220
"(((1, 4), (2, 2), (2, 5), (3, 2), (3, 4), (3, 5), (4, 3), (4, 6)), (3, 1))","(((1, 4), (2, 2), (2, 5), (3, 2), (3, 4), (3, 5), (4, 3), (4, 5)), (2, 6))",7,5,12.0,7,,,pruned,,,1221
"(((1, 4), (2, 2), (2, 5), (3, 2), (3, 4), (3, 5), (4, 3), (4, 5)), (2, 6))","(((1, 4), (2, 2), (2, 5), (3, 4), (3, 5), (4, 2), (4, 3), (4, 5)), (1, 2))",6,4.0,10.0,6,8,1,expanded,False,True,1222
"(((1, 5), (2, 2), (2, 5), (3, 2), (3, 3), (3, 4), (3, 5), (4, 3)), (2, 6))","(((1, 5), (2, 2), (2, 5), (3, 2), (3, 3), (3, 5), (4, 3), (4, 4)), (2, 6))",6,4.0,10.0,6,4,0,expanded,False,True,1223
"(((1, 5), (2, 2), (2, 4), (3, 2), (3, 3), (3, 5), (4, 3), (4, 4)), (2, 5))","(((1, 5), (2, 2), (2, 5), (3, 2), (3, 3), (3, 5), (4, 3), (4, 4)), (2, 6))",6,4.0,10.0,6,5,0,expanded,False,True,1224
"(((1, 5), (2, 2), (2, 5), (3, 2), (3, 3), (3, 4), (4, 4), (5, 5)), (2, 6))","(((1, 5), (2, 2), (2, 5), (3, 2), (3, 3), (3, 4), (4, 4), (4, 5)), (2, 6))",7,5,12.0,7,,,pruned,,,1225
"(((1, 5), (2, 2), (2, 5), (3, 2), (3, 3), (3, 4), (4, 4), (4, 5)), (2, 6))","(((1, 5), (2, 2), (2, 5), (3, 2), (3, 3), (3, 4), (4, 3), (4, 5)), (2, 6))",6,4.0,10.0,6,4,1,expanded,False,True,1226
"(((1, 5), (2, 2), (2, 4), (3, 2), (3, 3), (3, 4), (4, 3), (5, 5)), (2, 5))","(((1, 5), (2, 2), (2, 4), (3, 2), (3, 3), (3, 4), (4, 3), (4, 5)), (2, 5))",7,5,12.0,7,,,pruned,,,1227
"(((1, 5), (2, 2), (2, 4), (3, 2), (3, 3), (3, 4), (4, 3), (4, 6)), (2, 5))","(((1, 5), (2, 2), (2, 4), (3, 2), (3, 3), (3, 4), (4, 3), (4, 5)), (2, 5))",7,5,12.0,7,,,pruned,,,1228
"(((1, 5), (2, 2), (2, 4), (3, 2), (3, 3), (3, 4), (4, 3), (4, 5)), (2, 5))","(((1, 5), (2, 2), (2, 5), (3, 2), (3, 3), (3, 4), (4, 3), (4, 5)), (2, 6))",6,4.0,10.0,6,7,2,expanded,False,True,1229
"(((1, 3), (1, 4), (2, 2), (2, 5), (3, 2), (4, 2), (4, 5), (5, 4)), (2, 3))","(((1, 3), (1, 4), (2, 2), (2, 5), (3, 2), (4, 2), (4, 4), (4, 5)), (2, 3))",7,5,12.0,7,,,pruned,,,1230
"(((1, 3), (1, 4), (2, 2), (2, 5), (3, 2), (4, 2), (4, 4), (5, 5)), (2, 3))","(((1, 3), (1, 4), (2, 2), (2, 5), (3, 2), (4, 2), (4, 4), (4, 5)), (2, 3))",7,5,12.0,7,,,pruned,,,1231
"(((1, 3), (1, 4), (2, 2), (2, 5), (3, 2), (4, 1), (4, 4), (4, 5)), (2, 3))","(((1, 3), (1, 4), (2, 2), (2, 5), (3, 2), (4, 2), (4, 4), (4, 5)), (2, 3))",7,5,12.0,7,,,pruned,,,1232
"(((1, 3), (1, 4), (2, 2), (2, 5), (3, 1), (4, 2), (4, 4), (4, 5)), (2, 3))","(((1, 3), (1, 4), (2, 2), (2, 5), (3, 2), (4, 2), (4, 4), (4, 5)), (2, 3))",7,5,12.0,7,,,pruned,,,1233
"(((1, 3), (1, 4), (2, 2), (2, 6), (3, 2), (4, 2), (4, 4), (4, 5)), (1, 5))","(((1, 3), (1, 4), (2, 2), (2, 5), (3, 2), (4, 2), (4, 4), (4, 5)), (2, 3))",7,5,12.0,7,,,pruned,,,1234
"(((1, 3), (1, 4), (2, 2), (2, 5), (3, 2), (4, 2), (4, 4), (4, 5)), (2, 3))","(((1, 3), (1, 4), (2, 2), (2, 5), (3, 2), (3, 4), (4, 2), (4, 5)), (2, 3))",6,4.0,10.0,6,11,5,expanded,False,True,1235
"(((1, 3), (1, 4), (2, 2), (2, 5), (3, 3), (3, 4), (4, 2), (5, 5)), (2, 6))","(((1, 3), (1, 4), (2, 2), (2, 5), (3, 3), (3, 4), (4, 2), (4, 5)), (2, 6))",7,5,12.0,7,,,pruned,,,1236
"(((1, 3), (1, 4), (2, 2), (2, 5), (3, 3), (3, 4), (4, 2), (4, 6)), (2, 6))","(((1, 3), (1, 4), (2, 2), (2, 5), (3, 3), (3, 4), (4, 2), (4, 5)), (2, 6))",7,5,12.0,7,,,pruned,,,1237
"(((1, 3), (1, 4), (2, 2), (2, 5), (3, 3), (3, 4), (4, 5), (5, 2)), (2, 6))","(((1, 3), (1, 4), (2, 2), (2, 5), (3, 3), (3, 4), (4, 2), (4, 5)), (2, 6))",7,5,12.0,7,,,pruned,,,1238
"(((1, 3), (1, 4), (2, 2), (2, 5), (3, 3), (3, 4), (4, 1), (4, 5)), (2, 6))","(((1, 3), (1, 4), (2, 2), (2, 5), (3, 3), (3, 4), (4, 2), (4, 5)), (2, 6))",7,5,12.0,7,,,pruned,,,1239
"(((1, 3), (1, 4), (2, 2), (2, 5), (3, 3), (3, 4), (4, 2), (4, 5)), (2, 6))","(((1, 3), (1, 4), (2, 2), (2, 5), (3, 2), (3, 4), (4, 2), (4, 5)), (2, 3))",6,4.0,10.0,6,13,4,expanded,False,True,1240
"(((1, 3), (1, 4), (2, 2), (2, 4), (3, 2), (3, 4), (4, 2), (5, 5)), (1, 5))","(((1, 3), (1, 4), (2, 2), (2, 4), (3, 2), (3, 4), (4, 2), (4, 5)), (1, 5))",7,5,12.0,7,,,pruned,,,1241
"(((1, 3), (1, 4), (2, 2), (2, 4), (3, 2), (3, 4), (4, 2), (4, 6)), (1, 5))","(((1, 3), (1, 4), (2, 2), (2, 4), (3, 2), (3, 4), (4, 2), (4, 5)), (1, 5))",7,5,12.0,7,,,pruned,,,1242
"(((1, 3), (1, 4), (2, 2), (2, 4), (3, 2), (3, 4), (4, 1), (4, 5)), (1, 5))","(((1, 3), (1, 4), (2, 2), (2, 4), (3, 2), (3, 4), (4, 2), (4, 5)), (1, 5))",7,5,12.0,7,,,pruned,,,1243
"(((1, 3), (1, 4), (2, 2), (2, 4), (3, 1), (3, 4), (4, 2), (4, 5)), (1, 5))","(((1, 3), (1, 4), (2, 2), (2, 4), (3, 2), (3, 4), (4, 2), (4, 5)), (1, 5))",7,5,12.0,7,,,pruned,,,1244
"(((1, 3), (1, 4), (2, 2), (2, 4), (3, 2), (3, 4), (4, 2), (4, 5)), (1, 5))","(((1, 3), (1, 4), (2, 2), (2, 5), (3, 2), (3, 4), (4, 2), (4, 5)), (2, 3))",6,4.0,10.0,6,12,4,expanded,False,True,1245
"(((1, 4), (2, 2), (2, 3), (2, 4), (3, 2), (3, 4), (4, 3), (5, 5)), (1, 5))","(((1, 4), (2, 2), (2, 3), (2, 4), (3, 2), (3, 4), (4, 3), (4, 5)), (1, 5))",7,5,12.0,7,,,pruned,,,1246
"(((1, 4), (2, 2), (2, 3), (2, 4), (3, 2), (3, 4), (4, 3), (4, 6)), (1, 5))","(((1, 4), (2, 2), (2, 3), (2, 4), (3, 2), (3, 4), (4, 3), (4, 5)), (1, 5))",7,5,12.0,7,,,pruned,,,1247
"(((1, 4), (2, 2), (2, 3), (2, 4), (3, 2), (3, 4), (4, 3), (4, 5)), (1, 5))","(((1, 4), (2, 2), (2, 3), (2, 5), (3, 2), (3, 4), (4, 3), (4, 5)), (2, 6))",6,4.0,10.0,6,10,2,expanded,False,True,1248
"(((1, 3), (1, 4), (2, 2), (2, 5), (3, 2), (3, 5), (4, 5), (5, 4)), (2, 3))","(((1, 3), (1, 4), (2, 2), (2, 5), (3, 2), (3, 5), (4, 4), (4, 5)), (2, 3))",7,5,12.0,7,,,pruned,,,1249
"(((1, 3), (1, 4), (2, 2), (2, 5), (3, 1), (3, 5), (4, 4), (4, 5)), (2, 3))","(((1, 3), (1, 4), (2, 2), (2, 5), (3, 2), (3, 5), (4, 4), (4, 5)), (2, 3))",7,5,12.0,7,,,pruned,,,1250
"(((1, 3), (1, 4), (2, 2), (2, 6), (3, 2), (3, 5), (4, 4), (4, 5)), (1, 5))","(((1, 3), (1, 4), (2, 2), (2, 5), (3, 2), (3, 5), (4, 4), (4, 5)), (2, 3))",7,5,12.0,7,,,pruned,,,1251
"(((1, 3), (1, 4), (2, 2), (2, 5), (3, 2), (3, 6), (4, 4), (4, 5)), (2, 3))","(((1, 3), (1, 4), (2, 2), (2, 5), (3, 2), (3, 5), (4, 4), (4, 5)), (2, 3))",7,5,12.0,7,,,pruned,,,1252
"(((1, 3), (1, 4), (2, 2), (2, 5), (3, 2), (3, 5), (4, 4), (4, 5)), (2, 3))","(((1, 3), (1, 4), (2, 2), (2, 5), (3, 2), (3, 5), (4, 3), (4, 5)), (2, 3))",6,4.0,10.0,6,8,4,expanded,False,True,1253
"(((1, 3), (1, 4), (2, 2), (2, 5), (3, 3), (3, 5), (4, 3), (4, 6)), (2, 3))","(((1, 3), (1, 4), (2, 2), (2, 5), (3, 3), (3, 5), (4, 3), (4, 5)), (2, 3))",7,5,12.0,7,,,pruned,,,1254
"(((1, 3), (1, 4), (2, 2), (2, 6), (3, 3), (3, 5), (4, 3), (4, 5)), (1, 5))","(((1, 3), (1, 4), (2, 2), (2, 5), (3, 3), (3, 5), (4, 3), (4, 5)), (2, 3))",7,5,12.0,7,,,pruned,,,1255
"(((1, 3), (1, 4), (2, 2), (2, 5), (3, 3), (3, 6), (4, 3), (4, 5)), (2, 3))","(((1, 3), (1, 4), (2, 2), (2, 5), (3, 3), (3, 5), (4, 3), (4, 5)), (2, 3))",7,5,12.0,7,,,pruned,,,1256
"(((1, 3), (1, 4), (2, 2), (2, 5), (3, 3), (3, 5), (4, 3), (4, 5)), (2, 3))","(((1, 3), (1, 4), (2, 2), (2, 5), (3, 2), (3, 5), (4, 3), (4, 5)), (2, 3))",6,4.0,10.0,6,11,3,expanded,False,True,1257
"(((1, 3), (1, 4), (2, 2), (2, 4), (3, 2), (3, 5), (4, 3), (4, 6)), (2, 3))","(((1, 3), (1, 4), (2, 2), (2, 4), (3, 2), (3, 5), (4, 3), (4, 5)), (1, 5))",7,5,12.0,7,,,pruned,,,1258
"(((1, 3), (1, 4), (2, 2), (2, 4), (3, 2), (3, 5), (4, 5), (5, 3)), (1, 5))","(((1, 3), (1, 4), (2, 2), (2, 4), (3, 2), (3, 5), (4, 3), (4, 5)), (1, 5))",7,5,12.0,7,,,pruned,,,1259
"(((1, 3), (1, 4), (2, 2), (2, 4), (3, 1), (3, 5), (4, 3), (4, 5)), (1, 5))","(((1, 3), (1, 4), (2, 2), (2, 4), (3, 2), (3, 5), (4, 3), (4, 5)), (1, 5))",7,5,12.0,7,,,pruned,,,1260
"(((1, 3), (1, 4), (2, 2), (2, 4), (3, 2), (3, 6), (4, 3), (4, 5)), (1, 5))","(((1, 3), (1, 4), (2, 2), (2, 4), (3, 2), (3, 5), (4, 3), (4, 5)), (1, 5))",7,5,12.0,7,,,pruned,,,1261
"(((1, 3), (1, 4), (2, 2), (2, 4), (3, 2), (3, 5), (4, 3), (4, 5)), (1, 5))","(((1, 3), (1, 4), (2, 2), (2, 5), (3, 2), (3, 5), (4, 3), (4, 5)), (2, 3))",6,4.0,10.0,6,12,4,expanded,False,True,1262
"(((1, 2), (1, 4), (2, 2), (2, 5), (3, 2), (3, 5), (4, 3), (4, 6)), (1, 3))","(((1, 2), (1, 4), (2, 2), (2, 5), (3, 2), (3, 5), (4, 3), (4, 5)), (1, 3))",7,5,12.0,7,,,pruned,,,1263
"(((1, 2), (1, 4), (2, 2), (2, 5), (3, 2), (3, 5), (4, 5), (5, 3)), (1, 3))","(((1, 2), (1, 4), (2, 2), (2, 5), (3, 2), (3, 5), (4, 3), (4, 5)), (1, 3))",7,5,12.0,7,,,pruned,,,1264
"(((1, 2), (1, 4), (2, 2), (2, 5), (3, 1), (3, 5), (4, 3), (4, 5)), (1, 3))","(((1, 2), (1, 4), (2, 2), (2, 5), (3, 2), (3, 5), (4, 3), (4, 5)), (1, 3))",7,5,12.0,7,,,pruned,,,1265
"(((1, 2), (1, 4), (2, 2), (2, 6), (3, 2), (3, 5), (4, 3), (4, 5)), (1, 3))","(((1, 2), (1, 4), (2, 2), (2, 5), (3, 2), (3, 5), (4, 3), (4, 5)), (1, 3))",7,5,12.0,7,,,pruned,,,1266
"(((1, 2), (1, 4), (2, 2), (2, 5), (3, 2), (3, 6), (4, 3), (4, 5)), (1, 3))","(((1, 2), (1, 4), (2, 2), (2, 5), (3, 2), (3, 5), (4, 3), (4, 5)), (1, 3))",7,5,12.0,7,,,pruned,,,1267
"(((1, 2), (1, 4), (2, 2), (2, 5), (3, 2), (3, 5), (4, 3), (4, 5)), (1, 3))","(((1, 2), (1, 4), (2, 2), (2, 5), (3, 3), (3, 5), (4, 3), (4, 5)), (1, 3))",6,4.0,10.0,6,13,5,expanded,False,True,1268
"(((1, 2), (1, 4), (2, 2), (2, 5), (3, 3), (3, 5), (4, 4), (4, 5)), (2, 6))","(((1, 2), (1, 4), (2, 2), (2, 5), (3, 3), (3, 5), (4, 3), (4, 5)), (1, 3))",6,4.0,10.0,6,5,0,expanded,False,True,1269
"(((1, 2), (1, 4), (2, 2), (2, 4), (3, 3), (3, 5), (4, 3), (4, 6)), (3, 1))","(((1, 2), (1, 4), (2, 2), (2, 4), (3, 3), (3, 5), (4, 3), (4, 5)), (1, 5))",7,5,12.0,7,,,pruned,,,1270
"(((1, 2), (1, 4), (2, 2), (2, 4), (3, 3), (3, 6), (4, 3), (4, 5)), (1, 5))","(((1, 2), (1, 4), (2, 2), (2, 4), (3, 3), (3, 5), (4, 3), (4, 5)), (1, 5))",7,5,12.0,7,,,pruned,,,1271
"(((1, 2), (1, 4), (2, 2), (2, 4), (3, 3), (3, 5), (4, 3), (4, 5)), (1, 5))","(((1, 2), (1, 4), (2, 2), (2, 5), (3, 3), (3, 5), (4, 3), (4, 5)), (1, 3))",6,4.0,10.0,6,10,2,expanded,False,True,1272
"(((1, 2), (1, 5), (2, 2), (2, 5), (3, 3), (3, 5), (4, 3), (4, 6)), (1, 3))","(((1, 2), (1, 5), (2, 2), (2, 5), (3, 3), (3, 5), (4, 3), (4, 5)), (1, 3))",7,5,12.0,7,,,pruned,,,1273
"(((1, 2), (1, 5), (2, 2), (2, 6), (3, 3), (3, 5), (4, 3), (4, 5)), (1, 3))","(((1, 2), (1, 5), (2, 2), (2, 5), (3, 3), (3, 5), (4, 3), (4, 5)), (1, 3))",7,5,12.0,7,,,pruned,,,1274
"(((1, 2), (1, 5), (2, 2), (2, 5), (3, 3), (3, 6), (4, 3), (4, 5)), (1, 3))","(((1, 2), (1, 5), (2, 2), (2, 5), (3, 3), (3, 5), (4, 3), (4, 5)), (1, 3))",7,5,12.0,7,,,pruned,,,1275
"(((1, 2), (1, 5), (2, 2), (2, 5), (3, 3), (3, 5), (4, 3), (4, 5)), (1, 3))","(((1, 2), (1, 4), (2, 2), (2, 5), (3, 3), (3, 5), (4, 3), (4, 5)), (1, 3))",6,4.0,10.0,6,10,3,expanded,False,True,1276
"(((1, 5), (2, 2), (2, 5), (3, 2), (3, 3), (3, 4), (4, 2), (4, 3)), (2, 6))","(((1, 5), (2, 2), (2, 5), (3, 2), (3, 3), (3, 4), (4, 2), (4, 4)), (2, 6))",6,4.0,10.0,6,2,0,expanded,False,True,1277
"(((1, 5), (2, 2), (2, 3), (2, 5), (3, 1), (3, 4), (4, 2), (4, 4)), (2, 6))","(((1, 5), (2, 2), (2, 3), (2, 5), (3, 2), (3, 4), (4, 2), (4, 4)), (2, 6))",7,5,12.0,7,,,pruned,,,1278
"(((1, 5), (2, 2), (2, 3), (2, 5), (3, 2), (3, 4), (4, 1), (4, 4)), (2, 6))","(((1, 5), (2, 2), (2, 3), (2, 5), (3, 2), (3, 4), (4, 2), (4, 4)), (2, 6))",7,5,12.0,7,,,pruned,,,1279
"(((1, 5), (2, 2), (2, 3), (2, 5), (3, 2), (3, 4), (4, 2), (4, 4)), (2, 6))","(((1, 5), (2, 2), (2, 5), (3, 2), (3, 3), (3, 4), (4, 2), (4, 4)), (2, 6))",6,4.0,10.0,6,10,2,expanded,False,True,1280
"(((1, 5), (2, 2), (2, 4), (3, 2), (3, 3), (3, 4), (4, 1), (4, 4)), (2, 5))","(((1, 5), (2, 2), (2, 4), (3, 2), (3, 3), (3, 4), (4, 2), (4, 4)), (2, 5))",7,5,12.0,7,,,pruned,,,1281
"(((1, 5), (2, 2), (2, 4), (3, 2), (3, 3), (3, 4), (4, 2), (4, 4)), (2, 5))","(((1, 5), (2, 2), (2, 5), (3, 2), (3, 3), (3, 4), (4, 2), (4, 4)), (2, 6))",6,4.0,10.0,6,6,1,expanded,False,True,1282
"(((1, 3), (2, 2), (2, 4), (2, 5), (3, 2), (3, 4), (3, 5), (4, 3)), (2, 6))","(((1, 3), (2, 2), (2, 4), (2, 5), (3, 2), (3, 5), (4, 3), (4, 4)), (2, 6))",6,4.0,10.0,6,4,0,expanded,False,True,1283
"(((1, 3), (2, 2), (2, 4), (2, 5), (3, 3), (3, 5), (4, 3), (4, 4)), (2, 6))","(((1, 3), (2, 2), (2, 4), (2, 5), (3, 2), (3, 5), (4, 3), (4, 4)), (2, 6))",6,4.0,10.0,6,4,0,expanded,False,True,1284
"(((1, 3), (2, 2), (2, 4), (2, 5), (3, 2), (3, 4), (4, 4), (5, 5)), (2, 6))","(((1, 3), (2, 2), (2, 4), (2, 5), (3, 2), (3, 4), (4, 4), (4, 5)), (2, 3))",7,5,12.0,7,,,pruned,,,1285
"(((1, 3), (2, 2), (2, 4), (2, 5), (3, 1), (3, 4), (4, 4), (4, 5)), (2, 3))","(((1, 3), (2, 2), (2, 4), (2, 5), (3, 2), (3, 4), (4, 4), (4, 5)), (2, 3))",7,5,12.0,7,,,pruned,,,1286
"(((1, 3), (2, 2), (2, 4), (2, 5), (3, 2), (3, 4), (4, 4), (4, 5)), (2, 3))","(((1, 3), (2, 2), (2, 4), (2, 5), (3, 2), (3, 4), (4, 3), (4, 5)), (2, 6))",6,4.0,10.0,6,7,2,expanded,False,True,1287
"(((1, 3), (2, 2), (2, 4), (2, 5), (3, 3), (3, 4), (4, 3), (5, 5)), (2, 6))","(((1, 3), (2, 2), (2, 4), (2, 5), (3, 3), (3, 4), (4, 3), (4, 5)), (2, 6))",7,5,12.0,7,,,pruned,,,1288
"(((1, 3), (2, 2), (2, 4), (2, 5), (3, 3), (3, 4), (4, 3), (4, 6)), (2, 6))","(((1, 3), (2, 2), (2, 4), (2, 5), (3, 3), (3, 4), (4, 3), (4, 5)), (2, 6))",7,5,12.0,7,,,pruned,,,1289
"(((1, 3), (2, 2), (2, 4), (2, 5), (3, 3), (3, 4), (4, 3), (4, 5)), (2, 6))","(((1, 3), (2, 2), (2, 4), (2, 5), (3, 2), (3, 4), (4, 3), (4, 5)), (2, 6))",6,4.0,10.0,6,8,2,expanded,False,True,1290
"(((1, 5), (2, 2), (2, 3), (2, 4), (3, 2), (3, 4), (3, 5), (4, 3)), (2, 5))","(((1, 5), (2, 2), (2, 3), (2, 4), (3, 2), (3, 4), (4, 3), (4, 5)), (2, 5))",6,4.0,10.0,6,6,0,expanded,False,True,1291
"(((1, 5), (2, 2), (2, 3), (2, 4), (3, 2), (3, 4), (4, 4), (5, 5)), (2, 5))","(((1, 5), (2, 2), (2, 3), (2, 4), (3, 2), (3, 4), (4, 4), (4, 5)), (2, 5))",7,5,12.0,7,,,pruned,,,1292
"(((1, 5), (2, 2), (2, 3), (2, 4), (3, 1), (3, 4), (4, 4), (4, 5)), (2, 5))","(((1, 5), (2, 2), (2, 3), (2, 4), (3, 2), (3, 4), (4, 4), (4, 5)), (2, 5))",7,5,12.0,7,,,pruned,,,1293
"(((1, 5), (2, 2), (2, 3), (2, 4), (3, 2), (3, 4), (4, 4), (4, 5)), (2, 5))","(((1, 5), (2, 2), (2, 3), (2, 4), (3, 2), (3, 4), (4, 3), (4, 5)), (2, 5))",6,4.0,10.0,6,7,2,expanded,False,True,1294
"(((1, 4), (1, 5), (2, 2), (2, 4), (3, 2), (3, 3), (4, 2), (5, 4)), (2, 5))","(((1, 4), (1, 5), (2, 2), (2, 4), (3, 2), (3, 3), (4, 2), (4, 4)), (2, 5))",7,5,12.0,7,,,pruned,,,1295
"(((1, 4), (1, 5), (2, 2), (2, 4), (3, 2), (3, 3), (4, 1), (4, 4)), (2, 5))","(((1, 4), (1, 5), (2, 2), (2, 4), (3, 2), (3, 3), (4, 2), (4, 4)), (2, 5))",7,5,12.0,7,,,pruned,,,1296
"(((1, 4), (1, 5), (2, 2), (2, 4), (3, 2), (3, 3), (4, 2), (4, 4)), (2, 5))","(((1, 4), (1, 5), (2, 2), (2, 4), (3, 2), (3, 3), (4, 2), (4, 5)), (2, 5))",6,4.0,10.0,6,8,2,expanded,False,True,1297
"(((1, 4), (2, 2), (2, 3), (2, 4), (2, 5), (3, 4), (4, 3), (5, 5)), (2, 6))","(((1, 4), (2, 2), (2, 3), (2, 4), (2, 5), (3, 4), (4, 3), (4, 5)), (2, 6))",7,5,12.0,7,,,pruned,,,1298
"(((1, 4), (2, 2), (2, 3), (2, 4), (2, 5), (3, 4), (4, 3), (4, 6)), (2, 6))","(((1, 4), (2, 2), (2, 3), (2, 4), (2, 5), (3, 4), (4, 3), (4, 5)), (2, 6))",7,5,12.0,7,,,pruned,,,1299
"(((1, 4), (2, 2), (2, 3), (2, 4), (2, 5), (3, 4), (4, 5), (5, 3)), (2, 6))","(((1, 4), (2, 2), (2, 3), (2, 4), (2, 5), (3, 4), (4, 3), (4, 5)), (2, 6))",7,5,12.0,7,,,pruned,,,1300
"(((1, 4), (2, 2), (2, 3), (2, 4), (2, 5), (3, 4), (4, 3), (4, 5)), (2, 6))","(((1, 4), (2, 2), (2, 3), (2, 4), (2, 5), (3, 3), (4, 3), (4, 5)), (2, 6))",6,4.0,10.0,6,13,3,expanded,False,True,1301
"(((1, 4), (1, 5), (2, 3), (2, 4), (3, 2), (3, 3), (4, 3), (5, 4)), (2, 5))","(((1, 4), (1, 5), (2, 3), (2, 4), (3, 2), (3, 3), (4, 3), (4, 4)), (2, 5))",7,5,12.0,7,,,pruned,,,1302
"(((1, 4), (1, 5), (2, 3), (2, 4), (3, 2), (3, 3), (4, 3), (4, 4)), (2, 5))","(((1, 4), (1, 5), (2, 3), (2, 4), (3, 2), (3, 3), (4, 3), (4, 5)), (2, 5))",6,4.0,10.0,6,3,1,expanded,False,True,1303
"(((1, 4), (2, 2), (2, 3), (2, 4), (2, 5), (3, 5), (4, 3), (5, 4)), (2, 6))","(((1, 4), (2, 2), (2, 3), (2, 4), (2, 5), (3, 5), (4, 3), (4, 4)), (2, 6))",7,5,12.0,7,,,pruned,,,1304
"(((1, 4), (2, 2), (2, 3), (2, 4), (2, 5), (3, 5), (4, 4), (5, 3)), (3, 1))","(((1, 4), (2, 2), (2, 3), (2, 4), (2, 5), (3, 5), (4, 3), (4, 4)), (2, 6))",7,5,12.0,7,,,pruned,,,1305
"(((1, 4), (2, 2), (2, 3), (2, 4), (2, 5), (3, 6), (4, 3), (4, 4)), (3, 1))","(((1, 4), (2, 2), (2, 3), (2, 4), (2, 5), (3, 5), (4, 3), (4, 4)), (2, 6))",7,5,12.0,7,,,pruned,,,1306
"(((1, 4), (2, 2), (2, 3), (2, 4), (2, 5), (3, 5), (4, 3), (4, 4)), (2, 6))","(((1, 4), (2, 2), (2, 3), (2, 4), (2, 5), (3, 5), (4, 3), (4, 5)), (2, 6))",6,4.0,10.0,6,8,3,expanded,False,True,1307
"(((1, 4), (2, 2), (2, 3), (2, 5), (3, 4), (3, 5), (4, 4), (5, 2)), (2, 6))","(((1, 4), (2, 2), (2, 3), (2, 5), (3, 4), (3, 5), (4, 2), (4, 4)), (2, 6))",7,5,12.0,7,,,pruned,,,1308
"(((1, 4), (2, 2), (2, 3), (2, 5), (3, 4), (3, 5), (4, 1), (4, 4)), (2, 6))","(((1, 4), (2, 2), (2, 3), (2, 5), (3, 4), (3, 5), (4, 2), (4, 4)), (2, 6))",7,5,12.0,7,,,pruned,,,1309
"(((1, 4), (2, 2), (2, 3), (2, 5), (3, 4), (3, 5), (4, 2), (4, 4)), (2, 6))","(((1, 4), (2, 2), (2, 3), (2, 5), (3, 4), (3, 5), (4, 2), (4, 5)), (2, 6))",6,4.0,10.0,6,9,2,expanded,False,True,1310
"(((1, 3), (2, 2), (2, 4), (2, 5), (3, 4), (3, 5), (4, 4), (5, 2)), (2, 3))","(((1, 3), (2, 2), (2, 4), (2, 5), (3, 4), (3, 5), (4, 2), (4, 4)), (2, 3))",7,5,12.0,7,,,pruned,,,1311
"(((1, 3), (2, 2), (2, 4), (2, 5), (3, 4), (3, 5), (4, 1), (4, 4)), (2, 3))","(((1, 3), (2, 2), (2, 4), (2, 5), (3, 4), (3, 5), (4, 2), (4, 4)), (2, 3))",7,5,12.0,7,,,pruned,,,1312
"(((1, 3), (2, 2), (2, 4), (2, 5), (3, 4), (3, 5), (4, 2), (4, 4)), (2, 3))","(((1, 3), (2, 2), (2, 4), (2, 5), (3, 4), (3, 5), (4, 2), (4, 5)), (2, 3))",6,4.0,10.0,6,7,2,expanded,False,True,1313
"(((1, 5), (2, 2), (2, 3), (2, 4), (3, 3), (3, 4), (4, 4), (5, 2)), (2, 5))","(((1, 5), (2, 2), (2, 3), (2, 4), (3, 3), (3, 4), (4, 2), (4, 4)), (2, 5))",7,5,12.0,7,,,pruned,,,1314
"(((1, 5), (2, 2), (2, 3), (2, 4), (3, 3), (3, 4), (4, 1), (4, 4)), (2, 5))","(((1, 5), (2, 2), (2, 3), (2, 4), (3, 3), (3, 4), (4, 2), (4, 4)), (2, 5))",7,5,12.0,7,,,pruned,,,1315
"(((1, 5), (2, 2), (2, 3), (2, 4), (3, 3), (3, 4), (4, 2), (4, 4)), (2, 5))","(((1, 5), (2, 2), (2, 3), (2, 4), (3, 3), (3, 4), (4, 2), (4, 5)), (2, 5))",6,4.0,10.0,6,7,2,expanded,False,True,1316
"(((1, 3), (2, 2), (3, 2), (3, 3), (3, 4), (3, 5), (4, 1), (4, 4)), (1, 4))","(((1, 3), (2, 2), (3, 2), (3, 3), (3, 4), (3, 5), (4, 2), (4, 4)), (1, 4))",7,5,12.0,7,,,pruned,,,1317
"(((1, 3), (2, 2), (3, 2), (3, 3), (3, 4), (3, 5), (4, 2), (4, 4)), (1, 4))","(((1, 3), (2, 2), (2, 4), (3, 2), (3, 3), (3, 5), (4, 2), (4, 4)), (1, 4))",6,4.0,10.0,6,9,1,expanded,False,True,1318
"(((1, 5), (2, 2), (3, 2), (3, 4), (3, 5), (4, 2), (4, 3), (4, 6)), (3, 1))","(((1, 5), (2, 2), (3, 2), (3, 4), (3, 5), (4, 2), (4, 3), (4, 5)), (1, 2))",7,5,12.0,7,,,pruned,,,1319
"(((1, 5), (2, 2), (3, 2), (3, 4), (3, 5), (4, 2), (4, 5), (5, 3)), (1, 2))","(((1, 5), (2, 2), (3, 2), (3, 4), (3, 5), (4, 2), (4, 3), (4, 5)), (1, 2))",7,5,12.0,7,,,pruned,,,1320
"(((1, 5), (2, 2), (3, 1), (3, 4), (3, 5), (4, 2), (4, 3), (4, 5)), (1, 2))","(((1, 5), (2, 2), (3, 2), (3, 4), (3, 5), (4, 2), (4, 3), (4, 5)), (1, 2))",7,5,12.0,7,,,pruned,,,1321
"(((1, 5), (2, 2), (3, 2), (3, 4), (3, 5), (4, 2), (4, 3), (4, 5)), (1, 2))","(((1, 5), (2, 2), (2, 4), (3, 2), (3, 5), (4, 2), (4, 3), (4, 5)), (1, 2))",6,4.0,10.0,6,8,3,expanded,False,True,1322
"(((1, 3), (1, 4), (2, 2), (3, 2), (3, 5), (4, 2), (4, 3), (4, 6)), (1, 5))","(((1, 3), (1, 4), (2, 2), (3, 2), (3, 5), (4, 2), (4, 3), (4, 5)), (1, 5))",7,5,12.0,7,,,pruned,,,1323
"(((1, 3), (1, 4), (2, 2), (3, 2), (3, 5), (4, 2), (4, 5), (5, 3)), (1, 5))","(((1, 3), (1, 4), (2, 2), (3, 2), (3, 5), (4, 2), (4, 3), (4, 5)), (1, 5))",7,5,12.0,7,,,pruned,,,1324
"(((1, 3), (1, 4), (2, 2), (3, 1), (3, 5), (4, 2), (4, 3), (4, 5)), (1, 5))","(((1, 3), (1, 4), (2, 2), (3, 2), (3, 5), (4, 2), (4, 3), (4, 5)), (1, 5))",7,5,12.0,7,,,pruned,,,1325
"(((1, 3), (1, 4), (2, 2), (3, 2), (3, 6), (4, 2), (4, 3), (4, 5)), (1, 5))","(((1, 3), (1, 4), (2, 2), (3, 2), (3, 5), (4, 2), (4, 3), (4, 5)), (1, 5))",7,5,12.0,7,,,pruned,,,1326
"(((1, 3), (1, 4), (2, 2), (3, 2), (3, 5), (4, 2), (4, 3), (4, 5)), (1, 5))","(((1, 4), (2, 2), (2, 3), (3, 2), (3, 5), (4, 2), (4, 3), (4, 5)), (1, 5))",6,4.0,10.0,6,8,4,expanded,False,True,1327
"(((1, 3), (2, 2), (3, 2), (3, 4), (3, 5), (4, 2), (4, 3), (4, 6)), (3, 1))","(((1, 3), (2, 2), (3, 2), (3, 4), (3, 5), (4, 2), (4, 3), (4, 5)), (1, 4))",7,5,12.0,7,,,pruned,,,1328
"(((1, 3), (2, 2), (3, 2), (3, 4), (3, 5), (4, 2), (4, 5), (5, 3)), (1, 4))","(((1, 3), (2, 2), (3, 2), (3, 4), (3, 5), (4, 2), (4, 3), (4, 5)), (1, 4))",7,5,12.0,7,,,pruned,,,1329
"(((1, 3), (2, 2), (3, 1), (3, 4), (3, 5), (4, 2), (4, 3), (4, 5)), (1, 4))","(((1, 3), (2, 2), (3, 2), (3, 4), (3, 5), (4, 2), (4, 3), (4, 5)), (1, 4))",7,5,12.0,7,,,pruned,,,1330
"(((1, 3), (2, 2), (3, 2), (3, 4), (3, 5), (4, 2), (4, 3), (4, 5)), (1, 4))","(((1, 3), (2, 2), (2, 4), (3, 2), (3, 5), (4, 2), (4, 3), (4, 5)), (1, 4))",6,4.0,10.0,6,9,3,expanded,False,True,1331
"(((1, 3), (2, 2), (3, 2), (3, 3), (3, 4), (3, 5), (4, 3), (4, 6)), (3, 1))","(((1, 3), (2, 2), (3, 2), (3, 3), (3, 4), (3, 5), (4, 3), (4, 5)), (1, 4))",7,5,12.0,7,,,pruned,,,1332
"(((1, 3), (2, 2), (3, 2), (3, 3), (3, 4), (3, 5), (4, 3), (4, 5)), (1, 4))","(((1, 3), (2, 2), (2, 4), (3, 2), (3, 3), (3, 5), (4, 3), (4, 5)), (1, 4))",6,4.0,10.0,6,7,1,expanded,False,True,1333
"(((1, 3), (1, 4), (2, 2), (3, 2), (3, 3), (3, 5), (4, 3), (4, 6)), (1, 5))","(((1, 3), (1, 4), (2, 2), (3, 2), (3, 3), (3, 5), (4, 3), (4, 5)), (1, 5))",7,5,12.0,7,,,pruned,,,1334
"(((1, 3), (1, 4), (2, 2), (3, 2), (3, 3), (3, 6), (4, 3), (4, 5)), (1, 5))","(((1, 3), (1, 4), (2, 2), (3, 2), (3, 3), (3, 5), (4, 3), (4, 5)), (1, 5))",7,5,12.0,7,,,pruned,,,1335
"(((1, 3), (1, 4), (2, 2), (3, 2), (3, 3), (3, 5), (4, 3), (4, 5)), (1, 5))","(((1, 3), (2, 2), (2, 4), (3, 2), (3, 3), (3, 5), (4, 3), (4, 5)), (1, 4))",6,4.0,10.0,6,6,2,expanded,False,True,1336
"(((1, 4), (1, 5), (2, 2), (3, 2), (3, 3), (3, 5), (4, 3), (4, 6)), (1, 2))","(((1, 4), (1, 5), (2, 2), (3, 2), (3, 3), (3, 5), (4, 3), (4, 5)), (1, 2))",7,5,12.0,7,,,pruned,,,1337
"(((1, 4), (1, 5), (2, 2), (3, 2), (3, 3), (3, 6), (4, 3), (4, 5)), (1, 2))","(((1, 4), (1, 5), (2, 2), (3, 2), (3, 3), (3, 5), (4, 3), (4, 5)), (1, 2))",7,5,12.0,7,,,pruned,,,1338
"(((1, 4), (1, 5), (2, 2), (3, 2), (3, 3), (3, 5), (4, 3), (4, 5)), (1, 2))","(((1, 5), (2, 2), (2, 4), (3, 2), (3, 3), (3, 5), (4, 3), (4, 5)), (2, 5))",6,4.0,10.0,6,6,2,expanded,False,True,1339
"(((1, 3), (2, 3), (3, 2), (3, 3), (3, 4), (3, 5), (4, 3), (4, 4)), (1, 4))","(((1, 3), (2, 3), (2, 4), (3, 2), (3, 3), (3, 5), (4, 3), (4, 4)), (1, 4))",6,4.0,10.0,6,5,0,expanded,False,True,1340
"(((1, 2), (1, 3), (1, 4), (2, 5), (3, 2), (3, 5), (4, 3), (4, 6)), (2, 2))","(((1, 2), (1, 3), (1, 4), (2, 5), (3, 2), (3, 5), (4, 3), (4, 5)), (2, 2))",7,5,12.0,7,,,pruned,,,1341
"(((1, 2), (1, 3), (1, 4), (2, 5), (3, 2), (3, 5), (4, 5), (5, 3)), (2, 2))","(((1, 2), (1, 3), (1, 4), (2, 5), (3, 2), (3, 5), (4, 3), (4, 5)), (2, 2))",7,5,12.0,7,,,pruned,,,1342
"(((1, 2), (1, 3), (1, 4), (2, 5), (3, 1), (3, 5), (4, 3), (4, 5)), (2, 2))","(((1, 2), (1, 3), (1, 4), (2, 5), (3, 2), (3, 5), (4, 3), (4, 5)), (2, 2))",7,5,12.0,7,,,pruned,,,1343
"(((1, 2), (1, 3), (1, 4), (2, 6), (3, 2), (3, 5), (4, 3), (4, 5)), (1, 5))","(((1, 2), (1, 3), (1, 4), (2, 5), (3, 2), (3, 5), (4, 3), (4, 5)), (2, 2))",7,5,12.0,7,,,pruned,,,1344
"(((1, 2), (1, 3), (1, 4), (2, 5), (3, 2), (3, 6), (4, 3), (4, 5)), (2, 2))","(((1, 2), (1, 3), (1, 4), (2, 5), (3, 2), (3, 5), (4, 3), (4, 5)), (2, 2))",7,5,12.0,7,,,pruned,,,1345
"(((1, 2), (1, 3), (1, 4), (2, 5), (3, 2), (3, 5), (4, 3), (4, 5)), (2, 2))","(((1, 2), (1, 4), (2, 3), (2, 5), (3, 2), (3, 5), (4, 3), (4, 5)), (2, 4))",6,4.0,10.0,6,14,5,expanded,False,True,1346
"(((1, 2), (1, 4), (2, 3), (2, 5), (3, 2), (3, 5), (4, 3), (4, 4)), (2, 6))","(((1, 2), (1, 4), (2, 3), (2, 5), (3, 2), (3, 5), (4, 3), (4, 5)), (2, 4))",6,4.0,10.0,6,6,0,expanded,False,True,1347
"(((1, 2), (1, 4), (2, 2), (2, 3), (2, 5), (3, 5), (4, 3), (4, 6)), (2, 4))","(((1, 2), (1, 4), (2, 2), (2, 3), (2, 5), (3, 5), (4, 3), (4, 5)), (2, 4))",7,5,12.0,7,,,pruned,,,1348
"(((1, 2), (1, 4), (2, 2), (2, 3), (2, 5), (3, 5), (4, 5), (5, 3)), (2, 4))","(((1, 2), (1, 4), (2, 2), (2, 3), (2, 5), (3, 5), (4, 3), (4, 5)), (2, 4))",7,5,12.0,7,,,pruned,,,1349
"(((1, 2), (1, 4), (2, 2), (2, 3), (2, 6), (3, 5), (4, 3), (4, 5)), (1, 5))","(((1, 2), (1, 4), (2, 2), (2, 3), (2, 5), (3, 5), (4, 3), (4, 5)), (2, 4))",7,5,12.0,7,,,pruned,,,1350
"(((1, 2), (1, 4), (2, 2), (2, 3), (2, 5), (3, 6), (4, 3), (4, 5)), (2, 4))","(((1, 2), (1, 4), (2, 2), (2, 3), (2, 5), (3, 5), (4, 3), (4, 5)), (2, 4))",7,5,12.0,7,,,pruned,,,1351
"(((1, 2), (1, 4), (2, 2), (2, 3), (2, 5), (3, 5), (4, 3), (4, 5)), (2, 4))","(((1, 2), (1, 4), (2, 3), (2, 5), (3, 2), (3, 5), (4, 3), (4, 5)), (2, 4))",6,4.0,10.0,6,11,4,expanded,False,True,1352
"(((1, 2), (1, 4), (2, 3), (2, 5), (3, 2), (3, 4), (4, 3), (5, 5)), (2, 6))","(((1, 2), (1, 4), (2, 3), (2, 5), (3, 2), (3, 4), (4, 3), (4, 5)), (2, 6))",7,5,12.0,7,,,pruned,,,1353
"(((1, 2), (1, 4), (2, 3), (2, 5), (3, 2), (3, 4), (4, 3), (4, 6)), (2, 6))","(((1, 2), (1, 4), (2, 3), (2, 5), (3, 2), (3, 4), (4, 3), (4, 5)), (2, 6))",7,5,12.0,7,,,pruned,,,1354
"(((1, 2), (1, 4), (2, 3), (2, 5), (3, 2), (3, 4), (4, 3), (4, 5)), (2, 6))","(((1, 2), (1, 4), (2, 3), (2, 5), (3, 2), (3, 5), (4, 3), (4, 5)), (2, 4))",6,4.0,10.0,6,13,2,expanded,False,True,1355
"(((1, 3), (2, 2), (2, 3), (3, 3), (3, 4), (3, 5), (4, 3), (4, 6)), (3, 1))","(((1, 3), (2, 2), (2, 3), (3, 3), (3, 4), (3, 5), (4, 3), (4, 5)), (1, 4))",7,5,12.0,7,,,pruned,,,1356
"(((1, 3), (2, 2), (2, 3), (3, 3), (3, 4), (3, 5), (4, 3), (4, 5)), (1, 4))","(((1, 3), (2, 2), (2, 3), (2, 4), (3, 3), (3, 5), (4, 3), (4, 5)), (1, 4))",6,4.0,10.0,6,8,1,expanded,False,True,1357
"(((1, 3), (1, 4), (2, 2), (2, 3), (3, 3), (3, 5), (4, 3), (4, 6)), (1, 5))","(((1, 3), (1, 4), (2, 2), (2, 3), (3, 3), (3, 5), (4, 3), (4, 5)), (1, 5))",7,5,12.0,7,,,pruned,,,1358
"(((1, 3), (1, 4), (2, 2), (2, 3), (3, 3), (3, 6), (4, 3), (4, 5)), (1, 5))","(((1, 3), (1, 4), (2, 2), (2, 3), (3, 3), (3, 5), (4, 3), (4, 5)), (1, 5))",7,5,12.0,7,,,pruned,,,1359
"(((1, 3), (1, 4), (2, 2), (2, 3), (3, 3), (3, 5), (4, 3), (4, 5)), (1, 5))","(((1, 3), (2, 2), (2, 3), (2, 4), (3, 3), (3, 5), (4, 3), (4, 5)), (1, 4))",6,4.0,10.0,6,9,2,expanded,False,True,1360
"(((1, 3), (1, 4), (2, 2), (2, 5), (3, 5), (4, 2), (4, 5), (5, 3)), (2, 3))","(((1, 3), (1, 4), (2, 2), (2, 5), (3, 5), (4, 2), (4, 3), (4, 5)), (2, 3))",7,5,12.0,7,,,pruned,,,1361
"(((1, 3), (1, 4), (2, 2), (2, 5), (3, 5), (4, 2), (4, 3), (4, 6)), (2, 3))","(((1, 3), (1, 4), (2, 2), (2, 5), (3, 5), (4, 2), (4, 3), (4, 5)), (2, 3))",7,5,12.0,7,,,pruned,,,1362
"(((1, 3), (1, 4), (2, 2), (2, 5), (3, 5), (4, 3), (4, 5), (5, 2)), (2, 3))","(((1, 3), (1, 4), (2, 2), (2, 5), (3, 5), (4, 2), (4, 3), (4, 5)), (2, 3))",7,5,12.0,7,,,pruned,,,1363
"(((1, 3), (1, 4), (2, 2), (2, 6), (3, 5), (4, 2), (4, 3), (4, 5)), (1, 5))","(((1, 3), (1, 4), (2, 2), (2, 5), (3, 5), (4, 2), (4, 3), (4, 5)), (2, 3))",7,5,12.0,7,,,pruned,,,1364
"(((1, 3), (1, 4), (2, 2), (2, 5), (3, 6), (4, 2), (4, 3), (4, 5)), (2, 3))","(((1, 3), (1, 4), (2, 2), (2, 5), (3, 5), (4, 2), (4, 3), (4, 5)), (2, 3))",7,5,12.0,7,,,pruned,,,1365
"(((1, 3), (1, 4), (2, 2), (2, 5), (3, 5), (4, 2), (4, 3), (4, 5)), (2, 3))","(((1, 3), (1, 4), (2, 2), (2, 5), (3, 3), (3, 5), (4, 2), (4, 5)), (2, 3))",6,4.0,10.0,6,11,5,expanded,False,True,1366
"(((1, 3), (1, 5), (2, 2), (2, 5), (3, 2), (3, 5), (4, 2), (5, 4)), (1, 4))","(((1, 3), (1, 5), (2, 2), (2, 5), (3, 2), (3, 5), (4, 2), (4, 4)), (1, 4))",7,5,12.0,7,,,pruned,,,1367
"(((1, 3), (1, 5), (2, 2), (2, 5), (3, 1), (3, 5), (4, 2), (4, 4)), (1, 4))","(((1, 3), (1, 5), (2, 2), (2, 5), (3, 2), (3, 5), (4, 2), (4, 4)), (1, 4))",7,5,12.0,7,,,pruned,,,1368
"(((1, 3), (1, 5), (2, 2), (2, 6), (3, 2), (3, 5), (4, 2), (4, 4)), (1, 4))","(((1, 3), (1, 5), (2, 2), (2, 5), (3, 2), (3, 5), (4, 2), (4, 4)), (1, 4))",7,5,12.0,7,,,pruned,,,1369
"(((1, 3), (1, 5), (2, 2), (2, 5), (3, 2), (3, 6), (4, 2), (4, 4)), (1, 4))","(((1, 3), (1, 5), (2, 2), (2, 5), (3, 2), (3, 5), (4, 2), (4, 4)), (1, 4))",7,5,12.0,7,,,pruned,,,1370
"(((1, 3), (1, 5), (2, 2), (2, 5), (3, 2), (3, 5), (4, 1), (4, 4)), (1, 4))","(((1, 3), (1, 5), (2, 2), (2, 5), (3, 2), (3, 5), (4, 2), (4, 4)), (1, 4))",7,5,12.0,7,,,pruned,,,1371
"(((1, 3), (1, 5), (2, 2), (2, 5), (3, 2), (3, 5), (4, 2), (4, 4)), (1, 4))","(((1, 5), (2, 2), (2, 3), (2, 5), (3, 2), (3, 5), (4, 2), (4, 4)), (1, 2))",6,4.0,10.0,6,13,5,expanded,False,True,1372
"(((1, 5), (2, 2), (2, 3), (2, 5), (3, 2), (3, 5), (4, 3), (4, 4)), (2, 6))","(((1, 5), (2, 2), (2, 3), (2, 5), (3, 2), (3, 5), (4, 2), (4, 4)), (1, 2))",6,4.0,10.0,6,5,0,expanded,False,True,1373
"(((1, 3), (1, 5), (2, 2), (2, 5), (3, 2), (3, 4), (4, 2), (5, 5)), (1, 4))","(((1, 3), (1, 5), (2, 2), (2, 5), (3, 2), (3, 4), (4, 2), (4, 5)), (1, 4))",7,5,12.0,7,,,pruned,,,1374
"(((1, 3), (1, 5), (2, 2), (2, 5), (3, 2), (3, 4), (4, 2), (4, 6)), (1, 4))","(((1, 3), (1, 5), (2, 2), (2, 5), (3, 2), (3, 4), (4, 2), (4, 5)), (1, 4))",7,5,12.0,7,,,pruned,,,1375
"(((1, 3), (1, 5), (2, 2), (2, 5), (3, 1), (3, 4), (4, 2), (4, 5)), (1, 4))","(((1, 3), (1, 5), (2, 2), (2, 5), (3, 2), (3, 4), (4, 2), (4, 5)), (1, 4))",7,5,12.0,7,,,pruned,,,1376
"(((1, 3), (1, 5), (2, 2), (2, 6), (3, 2), (3, 4), (4, 2), (4, 5)), (1, 4))","(((1, 3), (1, 5), (2, 2), (2, 5), (3, 2), (3, 4), (4, 2), (4, 5)), (1, 4))",7,5,12.0,7,,,pruned,,,1377
"(((1, 3), (1, 5), (2, 2), (2, 5), (3, 2), (3, 4), (4, 1), (4, 5)), (1, 4))","(((1, 3), (1, 5), (2, 2), (2, 5), (3, 2), (3, 4), (4, 2), (4, 5)), (1, 4))",7,5,12.0,7,,,pruned,,,1378
"(((1, 3), (1, 5), (2, 2), (2, 5), (3, 2), (3, 4), (4, 2), (4, 5)), (1, 4))","(((1, 5), (2, 2), (2, 3), (2, 5), (3, 2), (3, 4), (4, 2), (4, 5)), (2, 6))",6,4.0,10.0,6,15,5,expanded,False,True,1379
"(((1, 5), (2, 2), (2, 3), (2, 5), (3, 2), (3, 4), (4, 3), (5, 5)), (2, 6))","(((1, 5), (2, 2), (2, 3), (2, 5), (3, 2), (3, 4), (4, 3), (4, 5)), (2, 6))",7,5,12.0,7,,,pruned,,,1380
"(((1, 5), (2, 2), (2, 3), (2, 5), (3, 2), (3, 4), (4, 3), (4, 6)), (2, 6))","(((1, 5), (2, 2), (2, 3), (2, 5), (3, 2), (3, 4), (4, 3), (4, 5)), (2, 6))",7,5,12.0,7,,,pruned,,,1381
"(((1, 5), (2, 2), (2, 3), (2, 5), (3, 2), (3, 4), (4, 3), (4, 5)), (2, 6))","(((1, 5), (2, 2), (2, 3), (2, 5), (3, 2), (3, 4), (4, 2), (4, 5)), (2, 6))",6,4.0,10.0,6,11,2,expanded,False,True,1382
"(((1, 3), (1, 4), (2, 2), (3, 2), (3, 3), (3, 5), (4, 2), (5, 4)), (1, 5))","(((1, 3), (1, 4), (2, 2), (3, 2), (3, 3), (3, 5), (4, 2), (4, 4)), (1, 5))",7,5,12.0,7,,,pruned,,,1383
"(((1, 3), (1, 4), (2, 2), (3, 2), (3, 3), (3, 5), (4, 1), (4, 4)), (1, 5))","(((1, 3), (1, 4), (2, 2), (3, 2), (3, 3), (3, 5), (4, 2), (4, 4)), (1, 5))",7,5,12.0,7,,,pruned,,,1384
"(((1, 3), (1, 4), (2, 2), (3, 2), (3, 3), (3, 6), (4, 2), (4, 4)), (1, 5))","(((1, 3), (1, 4), (2, 2), (3, 2), (3, 3), (3, 5), (4, 2), (4, 4)), (1, 5))",7,5,12.0,7,,,pruned,,,1385
"(((1, 3), (1, 4), (2, 2), (3, 2), (3, 3), (3, 5), (4, 2), (4, 4)), (1, 5))","(((1, 3), (1, 4), (2, 2), (3, 2), (3, 3), (3, 5), (4, 2), (4, 5)), (1, 5))",6,4.0,10.0,6,12,3,expanded,False,True,1386
"(((1, 3), (1, 4), (2, 2), (3, 2), (3, 3), (3, 4), (4, 2), (5, 5)), (1, 5))","(((1, 3), (1, 4), (2, 2), (3, 2), (3, 3), (3, 4), (4, 2), (4, 5)), (1, 5))",7,5,12.0,7,,,pruned,,,1387
"(((1, 3), (1, 4), (2, 2), (3, 2), (3, 3), (3, 4), (4, 2), (4, 6)), (1, 5))","(((1, 3), (1, 4), (2, 2), (3, 2), (3, 3), (3, 4), (4, 2), (4, 5)), (1, 5))",7,5,12.0,7,,,pruned,,,1388
"(((1, 3), (1, 4), (2, 2), (3, 2), (3, 3), (3, 4), (4, 1), (4, 5)), (1, 5))","(((1, 3), (1, 4), (2, 2), (3, 2), (3, 3), (3, 4), (4, 2), (4, 5)), (1, 5))",7,5,12.0,7,,,pruned,,,1389
"(((1, 3), (1, 4), (2, 2), (3, 2), (3, 3), (3, 4), (4, 2), (4, 5)), (1, 5))","(((1, 3), (1, 4), (2, 2), (3, 2), (3, 3), (3, 5), (4, 2), (4, 5)), (1, 5))",6,4.0,10.0,6,10,3,expanded,False,True,1390
"(((1, 3), (1, 5), (2, 2), (2, 5), (3, 2), (3, 5), (4, 5), (5, 3)), (1, 4))","(((1, 3), (1, 5), (2, 2), (2, 5), (3, 2), (3, 5), (4, 3), (4, 5)), (1, 4))",7,5,12.0,7,,,pruned,,,1391
"(((1, 3), (1, 5), (2, 2), (2, 5), (3, 2), (3, 5), (4, 3), (4, 6)), (1, 4))","(((1, 3), (1, 5), (2, 2), (2, 5), (3, 2), (3, 5), (4, 3), (4, 5)), (1, 4))",7,5,12.0,7,,,pruned,,,1392
"(((1, 3), (1, 5), (2, 2), (2, 5), (3, 1), (3, 5), (4, 3), (4, 5)), (1, 4))","(((1, 3), (1, 5), (2, 2), (2, 5), (3, 2), (3, 5), (4, 3), (4, 5)), (1, 4))",7,5,12.0,7,,,pruned,,,1393
"(((1, 3), (1, 5), (2, 2), (2, 6), (3, 2), (3, 5), (4, 3), (4, 5)), (1, 4))","(((1, 3), (1, 5), (2, 2), (2, 5), (3, 2), (3, 5), (4, 3), (4, 5)), (1, 4))",7,5,12.0,7,,,pruned,,,1394
"(((1, 3), (1, 5), (2, 2), (2, 5), (3, 2), (3, 6), (4, 3), (4, 5)), (1, 4))","(((1, 3), (1, 5), (2, 2), (2, 5), (3, 2), (3, 5), (4, 3), (4, 5)), (1, 4))",7,5,12.0,7,,,pruned,,,1395
"(((1, 3), (1, 5), (2, 2), (2, 5), (3, 2), (3, 5), (4, 3), (4, 5)), (1, 4))","(((1, 3), (1, 5), (2, 2), (2, 5), (3, 2), (3, 5), (4, 2), (4, 5)), (1, 4))",6,4.0,10.0,6,13,5,expanded,False,True,1396
"(((1, 3), (1, 4), (2, 3), (3, 2), (3, 3), (3, 5), (4, 3), (5, 4)), (1, 5))","(((1, 3), (1, 4), (2, 3), (3, 2), (3, 3), (3, 5), (4, 3), (4, 4)), (1, 5))",7,5,12.0,7,,,pruned,,,1397
"(((1, 3), (1, 4), (2, 3), (3, 2), (3, 3), (3, 6), (4, 3), (4, 4)), (1, 5))","(((1, 3), (1, 4), (2, 3), (3, 2), (3, 3), (3, 5), (4, 3), (4, 4)), (1, 5))",7,5,12.0,7,,,pruned,,,1398
"(((1, 3), (1, 4), (2, 3), (3, 2), (3, 3), (3, 5), (4, 3), (4, 4)), (1, 5))","(((1, 3), (1, 4), (2, 3), (3, 2), (3, 3), (3, 5), (4, 3), (4, 5)), (1, 5))",6,4.0,10.0,6,8,2,expanded,False,True,1399
"(((1, 3), (1, 4), (2, 3), (3, 2), (3, 3), (3, 4), (4, 3), (5, 5)), (1, 5))","(((1, 3), (1, 4), (2, 3), (3, 2), (3, 3), (3, 4), (4, 3), (4, 5)), (1, 5))",7,5,12.0,7,,,pruned,,,1400
"(((1, 3), (1, 4), (2, 3), (3, 2), (3, 3), (3, 4), (4, 3), (4, 6)), (1, 5))","(((1, 3), (1, 4), (2, 3), (3, 2), (3, 3), (3, 4), (4, 3), (4, 5)), (1, 5))",7,5,12.0,7,,,pruned,,,1401
"(((1, 3), (1, 4), (2, 3), (3, 2), (3, 3), (3, 4), (4, 3), (4, 5)), (1, 5))","(((1, 3), (1, 4), (2, 3), (3, 2), (3, 3), (3, 5), (4, 3), (4, 5)), (1, 5))",6,4.0,10.0,6,10,2,expanded,False,True,1402
"(((1, 2), (1, 3), (2, 4), (2, 5), (3, 2), (3, 5), (4, 3), (4, 4)), (2, 6))","(((1, 2), (1, 3), (2, 4), (2, 5), (3, 2), (3, 5), (4, 3), (4, 5)), (2, 2))",6,4.0,10.0,6,5,0,expanded,False,True,1403
"(((1, 2), (1, 3), (2, 2), (2, 4), (2, 5), (3, 5), (4, 3), (4, 6)), (2, 3))","(((1, 2), (1, 3), (2, 2), (2, 4), (2, 5), (3, 5), (4, 3), (4, 5)), (2, 3))",7,5,12.0,7,,,pruned,,,1404
"(((1, 2), (1, 3), (2, 2), (2, 4), (2, 5), (3, 5), (4, 5), (5, 3)), (2, 3))","(((1, 2), (1, 3), (2, 2), (2, 4), (2, 5), (3, 5), (4, 3), (4, 5)), (2, 3))",7,5,12.0,7,,,pruned,,,1405
"(((1, 2), (1, 3), (2, 2), (2, 4), (2, 5), (3, 6), (4, 3), (4, 5)), (2, 3))","(((1, 2), (1, 3), (2, 2), (2, 4), (2, 5), (3, 5), (4, 3), (4, 5)), (2, 3))",7,5,12.0,7,,,pruned,,,1406
"(((1, 2), (1, 3), (2, 2), (2, 4), (2, 5), (3, 5), (4, 3), (4, 5)), (2, 3))","(((1, 2), (1, 3), (2, 4), (2, 5), (3, 2), (3, 5), (4, 3), (4, 5)), (2, 2))",6,4.0,10.0,6,9,3,expanded,False,True,1407
"(((1, 2), (1, 3), (2, 4), (2, 5), (3, 2), (3, 4), (4, 3), (5, 5)), (2, 6))","(((1, 2), (1, 3), (2, 4), (2, 5), (3, 2), (3, 4), (4, 3), (4, 5)), (2, 6))",7,5,12.0,7,,,pruned,,,1408
"(((1, 2), (1, 3), (2, 4), (2, 5), (3, 2), (3, 4), (4, 3), (4, 6)), (2, 6))","(((1, 2), (1, 3), (2, 4), (2, 5), (3, 2), (3, 4), (4, 3), (4, 5)), (2, 6))",7,5,12.0,7,,,pruned,,,1409
"(((1, 2), (1, 3), (2, 4), (2, 5), (3, 2), (3, 4), (4, 3), (4, 5)), (2, 6))","(((1, 2), (1, 3), (2, 4), (2, 5), (3, 2), (3, 5), (4, 3), (4, 5)), (2, 2))",6,4.0,10.0,6,11,2,expanded,False,True,1410
"(((1, 2), (2, 2), (2, 3), (2, 4), (2, 5), (3, 5), (4, 3), (5, 4)), (2, 6))","(((1, 2), (2, 2), (2, 3), (2, 4), (2, 5), (3, 5), (4, 3), (4, 4)), (2, 6))",7,5,12.0,7,,,pruned,,,1411
"(((1, 2), (2, 2), (2, 3), (2, 4), (2, 5), (3, 5), (4, 4), (5, 3)), (3, 1))","(((1, 2), (2, 2), (2, 3), (2, 4), (2, 5), (3, 5), (4, 3), (4, 4)), (2, 6))",7,5,12.0,7,,,pruned,,,1412
"(((1, 2), (2, 2), (2, 3), (2, 4), (2, 5), (3, 6), (4, 3), (4, 4)), (3, 1))","(((1, 2), (2, 2), (2, 3), (2, 4), (2, 5), (3, 5), (4, 3), (4, 4)), (2, 6))",7,5,12.0,7,,,pruned,,,1413
"(((1, 2), (2, 2), (2, 3), (2, 4), (2, 5), (3, 5), (4, 3), (4, 4)), (2, 6))","(((1, 2), (2, 3), (2, 4), (2, 5), (3, 2), (3, 5), (4, 3), (4, 4)), (2, 6))",6,4.0,10.0,6,8,3,expanded,False,True,1414
"(((1, 2), (2, 3), (2, 4), (2, 5), (3, 2), (3, 4), (4, 3), (4, 4)), (2, 6))","(((1, 2), (2, 3), (2, 4), (2, 5), (3, 2), (3, 5), (4, 3), (4, 4)), (2, 6))",6,4.0,10.0,6,5,0,expanded,False,True,1415
"(((1, 2), (2, 2), (2, 3), (2, 4), (2, 5), (3, 4), (4, 3), (5, 5)), (2, 6))","(((1, 2), (2, 2), (2, 3), (2, 4), (2, 5), (3, 4), (4, 3), (4, 5)), (2, 6))",7,5,12.0,7,,,pruned,,,1416
"(((1, 2), (2, 2), (2, 3), (2, 4), (2, 5), (3, 4), (4, 3), (4, 6)), (2, 6))","(((1, 2), (2, 2), (2, 3), (2, 4), (2, 5), (3, 4), (4, 3), (4, 5)), (2, 6))",7,5,12.0,7,,,pruned,,,1417
"(((1, 2), (2, 2), (2, 3), (2, 4), (2, 5), (3, 4), (4, 5), (5, 3)), (2, 6))","(((1, 2), (2, 2), (2, 3), (2, 4), (2, 5), (3, 4), (4, 3), (4, 5)), (2, 6))",7,5,12.0,7,,,pruned,,,1418
"(((1, 2), (2, 2), (2, 3), (2, 4), (2, 5), (3, 4), (4, 3), (4, 5)), (2, 6))","(((1, 2), (2, 2), (2, 3), (2, 4), (2, 5), (3, 5), (4, 3), (4, 5)), (2, 6))",6,4.0,10.0,6,12,3,expanded,False,True,1419
"(((1, 2), (1, 5), (2, 3), (2, 4), (3, 2), (3, 4), (4, 3), (5, 5)), (2, 5))","(((1, 2), (1, 5), (2, 3), (2, 4), (3, 2), (3, 4), (4, 3), (4, 5)), (2, 5))",7,5,12.0,7,,,pruned,,,1420
"(((1, 2), (1, 5), (2, 3), (2, 4), (3, 2), (3, 4), (4, 3), (4, 6)), (2, 5))","(((1, 2), (1, 5), (2, 3), (2, 4), (3, 2), (3, 4), (4, 3), (4, 5)), (2, 5))",7,5,12.0,7,,,pruned,,,1421
"(((1, 2), (1, 5), (2, 3), (2, 4), (3, 2), (3, 4), (4, 3), (4, 5)), (2, 5))","(((1, 2), (2, 3), (2, 4), (2, 5), (3, 2), (3, 4), (4, 3), (4, 5)), (2, 6))",6,4.0,10.0,6,10,2,expanded,False,True,1422
"(((1, 3), (1, 4), (2, 3), (3, 2), (3, 3), (3, 4), (4, 1), (4, 4)), (1, 5))","(((1, 3), (1, 4), (2, 3), (3, 2), (3, 3), (3, 4), (4, 2), (4, 4)), (1, 5))",7,5,12.0,7,,,pruned,,,1423
"(((1, 3), (1, 4), (2, 3), (3, 2), (3, 3), (3, 4), (4, 2), (4, 4)), (1, 5))","(((1, 3), (1, 4), (2, 3), (3, 2), (3, 3), (3, 5), (4, 2), (4, 4)), (1, 5))",6,4.0,10.0,6,5,1,expanded,False,True,1424
"(((1, 4), (1, 5), (2, 2), (3, 2), (3, 5), (4, 2), (4, 3), (5, 4)), (1, 2))","(((1, 4), (1, 5), (2, 2), (3, 2), (3, 5), (4, 2), (4, 3), (4, 4)), (1, 2))",8,4,12.0,8,,,pruned,,,1425
"(((1, 4), (1, 5), (2, 2), (3, 2), (3, 6), (4, 2), (4, 3), (4, 4)), (1, 2))","(((1, 4), (1, 5), (2, 2), (3, 2), (3, 5), (4, 2), (4, 3), (4, 4)), (1, 2))",8,4,12.0,8,,,pruned,,,1426
"(((1, 4), (1, 5), (2, 2), (3, 2), (3, 5), (4, 2), (4, 4), (5, 3)), (1, 2))","(((1, 4), (1, 5), (2, 2), (3, 2), (3, 5), (4, 2), (4, 3), (4, 4)), (1, 2))",8,4,12.0,8,,,pruned,,,1427
"(((1, 4), (1, 5), (2, 2), (3, 1), (3, 5), (4, 2), (4, 3), (4, 4)), (1, 2))","(((1, 4), (1, 5), (2, 2), (3, 2), (3, 5), (4, 2), (4, 3), (4, 4)), (1, 2))",8,4,12.0,8,,,pruned,,,1428
"(((1, 4), (1, 5), (2, 2), (3, 2), (3, 5), (4, 2), (4, 3), (4, 4)), (1, 2))","(((1, 4), (1, 5), (2, 2), (3, 2), (3, 4), (4, 2), (4, 3), (4, 4)), (1, 2))",7,3.0,10.0,7,10,4,expanded,False,True,1429
"(((1, 4), (1, 5), (2, 2), (3, 2), (3, 3), (4, 2), (4, 3), (5, 4)), (1, 2))","(((1, 4), (1, 5), (2, 2), (3, 2), (3, 3), (4, 2), (4, 3), (4, 4)), (1, 2))",8,4,12.0,8,,,pruned,,,1430
"(((1, 4), (1, 5), (2, 2), (3, 2), (3, 3), (4, 2), (4, 3), (4, 4)), (1, 2))","(((1, 4), (1, 5), (2, 2), (3, 2), (3, 4), (4, 2), (4, 3), (4, 4)), (1, 2))",7,3.0,10.0,7,2,1,expanded,False,True,1431
"(((1, 3), (1, 4), (2, 2), (2, 5), (3, 3), (3, 4), (3, 5), (4, 4)), (2, 6))","(((1, 3), (1, 4), (2, 2), (2, 5), (3, 4), (3, 5), (4, 3), (4, 4)), (2, 3))",7,3.0,10.0,7,5,0,expanded,False,True,1432
"(((1, 4), (2, 2), (2, 3), (3, 2), (3, 3), (3, 4), (4, 3), (4, 4)), (1, 5))","(((1, 4), (2, 2), (2, 4), (3, 2), (3, 3), (3, 4), (4, 3), (4, 4)), (1, 5))",7,3.0,10.0,7,1,0,expanded,False,True,1433
"(((1, 3), (2, 2), (2, 4), (3, 2), (3, 3), (3, 4), (4, 3), (4, 4)), (1, 4))","(((1, 4), (2, 2), (2, 4), (3, 2), (3, 3), (3, 4), (4, 3), (4, 4)), (1, 5))",7,3.0,10.0,7,2,0,expanded,False,True,1434
"(((1, 4), (1, 5), (2, 2), (2, 3), (3, 2), (3, 4), (4, 2), (4, 3)), (2, 4))","(((1, 4), (1, 5), (2, 2), (2, 3), (3, 2), (3, 4), (4, 2), (4, 4)), (2, 4))",7,3.0,10.0,7,5,0,expanded,False,True,1435
"(((1, 4), (1, 5), (2, 2), (2, 3), (3, 3), (3, 4), (4, 4), (5, 2)), (2, 4))","(((1, 4), (1, 5), (2, 2), (2, 3), (3, 3), (3, 4), (4, 2), (4, 4)), (2, 4))",8,4,12.0,8,,,pruned,,,1436
"(((1, 4), (1, 5), (2, 2), (2, 3), (3, 3), (3, 4), (4, 1), (4, 4)), (2, 4))","(((1, 4), (1, 5), (2, 2), (2, 3), (3, 3), (3, 4), (4, 2), (4, 4)), (2, 4))",8,4,12.0,8,,,pruned,,,1437
"(((1, 4), (1, 5), (2, 2), (2, 3), (3, 3), (3, 4), (4, 2), (4, 4)), (2, 4))","(((1, 4), (1, 5), (2, 2), (2, 3), (3, 2), (3, 4), (4, 2), (4, 4)), (2, 4))",7,3.0,10.0,7,7,2,expanded,False,True,1438
"(((1, 2), (1, 4), (2, 6), (3, 3), (3, 4), (4, 2), (4, 3), (4, 4)), (1, 3))","(((1, 2), (1, 4), (2, 5), (3, 3), (3, 4), (4, 2), (4, 3), (4, 4)), (1, 3))",8,4,12.0,8,,,pruned,,,1439
"(((1, 2), (1, 4), (2, 5), (3, 3), (3, 4), (4, 3), (4, 4), (5, 2)), (1, 3))","(((1, 2), (1, 4), (2, 5), (3, 3), (3, 4), (4, 2), (4, 3), (4, 4)), (1, 3))",8,4,12.0,8,,,pruned,,,1440
"(((1, 2), (1, 4), (2, 5), (3, 3), (3, 4), (4, 2), (4, 3), (4, 4)), (1, 3))","(((1, 4), (2, 2), (2, 5), (3, 3), (3, 4), (4, 2), (4, 3), (4, 4)), (2, 6))",7,3.0,10.0,7,6,2,expanded,False,True,1441
"(((1, 4), (2, 2), (2, 4), (3, 3), (3, 4), (4, 3), (4, 4), (5, 2)), (3, 1))","(((1, 4), (2, 2), (2, 4), (3, 3), (3, 4), (4, 2), (4, 3), (4, 4)), (1, 5))",8,4,12.0,8,,,pruned,,,1442
"(((1, 4), (2, 2), (2, 4), (3, 3), (3, 4), (4, 2), (4, 3), (4, 4)), (1, 5))","(((1, 4), (2, 2), (2, 5), (3, 3), (3, 4), (4, 2), (4, 3), (4, 4)), (2, 6))",7,3.0,10.0,7,5,1,expanded,False,True,1443
"(((1, 4), (2, 2), (2, 3), (3, 2), (3, 4), (4, 2), (4, 3), (4, 4)), (1, 5))","(((1, 4), (2, 2), (2, 4), (3, 2), (3, 4), (4, 2), (4, 3), (4, 4)), (1, 5))",7,3.0,10.0,7,4,0,expanded,False,True,1444
"(((1, 3), (2, 2), (2, 4), (3, 2), (3, 4), (4, 2), (4, 3), (4, 4)), (1, 4))","(((1, 4), (2, 2), (2, 4), (3, 2), (3, 4), (4, 2), (4, 3), (4, 4)), (1, 5))",7,3.0,10.0,7,5,0,expanded,False,True,1445
"(((1, 4), (1, 5), (2, 2), (3, 3), (3, 4), (3, 5), (4, 3), (5, 2)), (3, 1))","(((1, 4), (1, 5), (2, 2), (3, 3), (3, 4), (3, 5), (4, 2), (4, 3)), (1, 2))",8,4,12.0,8,,,pruned,,,1446
"(((1, 4), (1, 5), (2, 2), (3, 3), (3, 4), (3, 5), (4, 2), (4, 3)), (1, 2))","(((1, 4), (1, 5), (2, 2), (3, 2), (3, 4), (3, 5), (4, 2), (4, 3)), (1, 2))",7,3.0,10.0,7,8,1,expanded,False,True,1447
"(((1, 4), (1, 5), (2, 2), (2, 5), (3, 2), (3, 4), (4, 2), (4, 3)), (2, 6))","(((1, 4), (1, 5), (2, 2), (3, 2), (3, 4), (3, 5), (4, 2), (4, 3)), (1, 2))",7,3.0,10.0,7,5,0,expanded,False,True,1448
"(((1, 4), (1, 5), (2, 2), (3, 3), (4, 2), (4, 3), (4, 5), (5, 4)), (1, 2))","(((1, 4), (1, 5), (2, 2), (3, 3), (4, 2), (4, 3), (4, 4), (4, 5)), (1, 2))",8,4,12.0,8,,,pruned,,,1449
"(((1, 4), (1, 5), (2, 2), (3, 3), (4, 2), (4, 3), (4, 4), (5, 5)), (1, 2))","(((1, 4), (1, 5), (2, 2), (3, 3), (4, 2), (4, 3), (4, 4), (4, 5)), (1, 2))",8,4,12.0,8,,,pruned,,,1450
"(((1, 4), (1, 5), (2, 2), (3, 3), (4, 3), (4, 4), (4, 5), (5, 2)), (3, 1))","(((1, 4), (1, 5), (2, 2), (3, 3), (4, 2), (4, 3), (4, 4), (4, 5)), (1, 2))",8,4,12.0,8,,,pruned,,,1451
"(((1, 4), (1, 5), (2, 2), (3, 3), (4, 2), (4, 3), (4, 4), (4, 5)), (1, 2))","(((1, 4), (1, 5), (2, 2), (3, 2), (4, 2), (4, 3), (4, 4), (4, 5)), (1, 2))",7,3.0,10.0,7,10,3,expanded,False,True,1452
"(((1, 2), (1, 4), (1, 5), (3, 3), (3, 4), (4, 2), (4, 3), (5, 5)), (1, 3))","(((1, 2), (1, 4), (1, 5), (3, 3), (3, 4), (4, 2), (4, 3), (4, 5)), (1, 3))",8,4,12.0,8,,,pruned,,,1453
"(((1, 2), (1, 4), (1, 5), (3, 3), (3, 4), (4, 2), (4, 3), (4, 6)), (1, 3))","(((1, 2), (1, 4), (1, 5), (3, 3), (3, 4), (4, 2), (4, 3), (4, 5)), (1, 3))",8,4,12.0,8,,,pruned,,,1454
"(((1, 2), (1, 4), (1, 5), (3, 3), (3, 4), (4, 3), (4, 5), (5, 2)), (1, 3))","(((1, 2), (1, 4), (1, 5), (3, 3), (3, 4), (4, 2), (4, 3), (4, 5)), (1, 3))",8,4,12.0,8,,,pruned,,,1455
"(((1, 2), (1, 4), (1, 5), (3, 3), (3, 4), (4, 2), (4, 3), (4, 5)), (1, 3))","(((1, 4), (1, 5), (2, 2), (3, 3), (3, 4), (4, 2), (4, 3), (4, 5)), (1, 2))",7,3.0,10.0,7,8,3,expanded,False,True,1456
"(((1, 4), (1, 5), (2, 2), (3, 2), (3, 3), (3, 4), (3, 5), (4, 4)), (1, 2))","(((1, 4), (1, 5), (2, 2), (3, 2), (3, 3), (3, 4), (3, 5), (4, 3)), (1, 2))",7,3.0,10.0,7,6,0,expanded,False,True,1457
"(((1, 4), (1, 5), (2, 2), (3, 2), (3, 3), (3, 5), (4, 3), (5, 4)), (1, 2))","(((1, 4), (1, 5), (2, 2), (3, 2), (3, 3), (3, 5), (4, 3), (4, 4)), (1, 2))",8,4,12.0,8,,,pruned,,,1458
"(((1, 4), (1, 5), (2, 2), (3, 2), (3, 3), (3, 6), (4, 3), (4, 4)), (1, 2))","(((1, 4), (1, 5), (2, 2), (3, 2), (3, 3), (3, 5), (4, 3), (4, 4)), (1, 2))",8,4,12.0,8,,,pruned,,,1459
"(((1, 4), (1, 5), (2, 2), (3, 2), (3, 3), (3, 5), (4, 3), (4, 4)), (1, 2))","(((1, 4), (1, 5), (2, 2), (3, 2), (3, 3), (3, 4), (3, 5), (4, 3)), (1, 2))",7,3.0,10.0,7,6,2,expanded,False,True,1460
"(((1, 4), (1, 5), (2, 2), (2, 5), (3, 2), (3, 3), (3, 4), (4, 3)), (2, 6))","(((1, 4), (1, 5), (2, 2), (3, 2), (3, 3), (3, 4), (3, 5), (4, 3)), (1, 2))",7,3.0,10.0,7,4,0,expanded,False,True,1461
"(((1, 4), (1, 5), (2, 2), (2, 3), (3, 2), (3, 4), (4, 4), (5, 5)), (2, 4))","(((1, 4), (1, 5), (2, 2), (2, 3), (3, 2), (3, 4), (4, 4), (4, 5)), (2, 4))",8,4,12.0,8,,,pruned,,,1462
"(((1, 4), (1, 5), (2, 2), (2, 3), (3, 1), (3, 4), (4, 4), (4, 5)), (2, 4))","(((1, 4), (1, 5), (2, 2), (2, 3), (3, 2), (3, 4), (4, 4), (4, 5)), (2, 4))",8,4,12.0,8,,,pruned,,,1463
"(((1, 4), (1, 5), (2, 2), (2, 3), (3, 2), (3, 4), (4, 4), (4, 5)), (2, 4))","(((1, 4), (1, 5), (2, 2), (3, 2), (3, 3), (3, 4), (4, 4), (4, 5)), (1, 2))",7,3.0,10.0,7,7,2,expanded,False,True,1464
"(((1, 2), (1, 4), (2, 4), (2, 5), (3, 4), (3, 5), (4, 4), (5, 3)), (1, 3))","(((1, 2), (1, 4), (2, 4), (2, 5), (3, 4), (3, 5), (4, 3), (4, 4)), (1, 3))",8,4,12.0,8,,,pruned,,,1465
"(((1, 2), (1, 4), (2, 4), (2, 5), (3, 4), (3, 5), (4, 3), (4, 4)), (1, 3))","(((1, 2), (1, 4), (2, 3), (2, 5), (3, 4), (3, 5), (4, 3), (4, 4)), (2, 2))",7,3.0,10.0,7,3,1,expanded,False,True,1466
"(((1, 2), (1, 4), (2, 3), (2, 4), (3, 4), (3, 5), (4, 4), (5, 3)), (2, 2))","(((1, 2), (1, 4), (2, 3), (2, 4), (3, 4), (3, 5), (4, 3), (4, 4)), (1, 5))",8,4,12.0,8,,,pruned,,,1467
"(((1, 2), (1, 4), (2, 3), (2, 4), (3, 4), (3, 5), (4, 3), (4, 4)), (1, 5))","(((1, 2), (1, 4), (2, 3), (2, 5), (3, 4), (3, 5), (4, 3), (4, 4)), (2, 2))",7,3.0,10.0,7,6,1,expanded,False,True,1468
"(((1, 4), (2, 2), (2, 3), (2, 4), (3, 4), (4, 3), (4, 4), (5, 5)), (1, 5))","(((1, 4), (2, 2), (2, 3), (2, 4), (3, 4), (4, 3), (4, 4), (4, 5)), (1, 5))",8,4,12.0,8,,,pruned,,,1469
"(((1, 4), (2, 2), (2, 3), (2, 4), (3, 4), (4, 4), (4, 5), (5, 3)), (3, 1))","(((1, 4), (2, 2), (2, 3), (2, 4), (3, 4), (4, 3), (4, 4), (4, 5)), (1, 5))",8,4,12.0,8,,,pruned,,,1470
"(((1, 4), (2, 2), (2, 3), (2, 4), (3, 4), (4, 3), (4, 4), (4, 5)), (1, 5))","(((1, 4), (2, 2), (2, 3), (2, 4), (3, 4), (3, 5), (4, 3), (4, 4)), (1, 5))",7,3.0,10.0,7,9,2,expanded,False,True,1471
"(((1, 4), (2, 2), (2, 3), (2, 4), (2, 5), (3, 4), (4, 4), (5, 3)), (3, 1))","(((1, 4), (2, 2), (2, 3), (2, 4), (2, 5), (3, 4), (4, 3), (4, 4)), (2, 6))",8,4,12.0,8,,,pruned,,,1472
"(((1, 4), (2, 2), (2, 3), (2, 4), (2, 5), (3, 4), (4, 3), (4, 4)), (2, 6))","(((1, 4), (2, 2), (2, 3), (2, 4), (3, 4), (3, 5), (4, 3), (4, 4)), (1, 5))",7,3.0,10.0,7,7,1,expanded,False,True,1473
"(((1, 3), (2, 2), (2, 3), (2, 4), (3, 4), (3, 5), (4, 4), (5, 3)), (3, 1))","(((1, 3), (2, 2), (2, 3), (2, 4), (3, 4), (3, 5), (4, 3), (4, 4)), (1, 4))",8,4,12.0,8,,,pruned,,,1474
"(((1, 3), (2, 2), (2, 3), (2, 4), (3, 4), (3, 5), (4, 3), (4, 4)), (1, 4))","(((1, 4), (2, 2), (2, 3), (2, 4), (3, 4), (3, 5), (4, 3), (4, 4)), (1, 5))",7,3.0,10.0,7,6,1,expanded,False,True,1475
"(((1, 2), (1, 4), (2, 4), (2, 5), (3, 3), (3, 4), (4, 3), (4, 4)), (1, 3))","(((1, 2), (1, 4), (2, 3), (2, 5), (3, 3), (3, 4), (4, 3), (4, 4)), (2, 2))",7,3.0,10.0,7,2,0,expanded,False,True,1476
"(((1, 2), (1, 4), (2, 3), (2, 4), (3, 3), (3, 4), (4, 3), (4, 4)), (1, 5))","(((1, 2), (1, 4), (2, 3), (2, 5), (3, 3), (3, 4), (4, 3), (4, 4)), (2, 2))",7,3.0,10.0,7,1,0,expanded,False,True,1477
"(((1, 3), (2, 2), (2, 3), (2, 4), (3, 3), (3, 4), (4, 3), (4, 4)), (1, 4))","(((1, 4), (2, 2), (2, 3), (2, 4), (3, 3), (3, 4), (4, 3), (4, 4)), (1, 5))",7,3.0,10.0,7,2,0,expanded,False,True,1478
"(((1, 2), (1, 4), (1, 5), (2, 3), (3, 3), (3, 4), (3, 5), (4, 3)), (2, 2))","(((1, 4), (1, 5), (2, 2), (2, 3), (3, 3), (3, 4), (3, 5), (4, 3)), (2, 4))",7,3.0,10.0,7,8,0,expanded,False,True,1479
"(((1, 4), (1, 5), (2, 2), (2, 3), (3, 3), (3, 5), (4, 3), (5, 4)), (2, 4))","(((1, 4), (1, 5), (2, 2), (2, 3), (3, 3), (3, 5), (4, 3), (4, 4)), (2, 4))",8,4,12.0,8,,,pruned,,,1480
"(((1, 4), (1, 5), (2, 2), (2, 3), (3, 3), (3, 6), (4, 3), (4, 4)), (2, 4))","(((1, 4), (1, 5), (2, 2), (2, 3), (3, 3), (3, 5), (4, 3), (4, 4)), (2, 4))",8,4,12.0,8,,,pruned,,,1481
"(((1, 4), (1, 5), (2, 2), (2, 3), (3, 3), (3, 5), (4, 3), (4, 4)), (2, 4))","(((1, 4), (1, 5), (2, 2), (2, 3), (3, 3), (3, 4), (3, 5), (4, 3)), (2, 4))",7,3.0,10.0,7,9,2,expanded,False,True,1482
"(((1, 4), (1, 5), (2, 2), (2, 3), (3, 3), (3, 4), (3, 5), (4, 4)), (2, 4))","(((1, 4), (1, 5), (2, 2), (2, 3), (3, 3), (3, 4), (3, 5), (4, 3)), (2, 4))",7,3.0,10.0,7,5,0,expanded,False,True,1483
"(((1, 4), (1, 5), (2, 2), (2, 3), (2, 5), (3, 3), (3, 4), (4, 3)), (2, 6))","(((1, 4), (1, 5), (2, 2), (2, 3), (3, 3), (3, 4), (3, 5), (4, 3)), (2, 4))",7,3.0,10.0,7,5,0,expanded,False,True,1484
"(((1, 2), (1, 4), (1, 5), (2, 4), (3, 3), (3, 4), (4, 3), (5, 5)), (1, 3))","(((1, 2), (1, 4), (1, 5), (2, 4), (3, 3), (3, 4), (4, 3), (4, 5)), (1, 3))",8,4,12.0,8,,,pruned,,,1485
"(((1, 2), (1, 4), (1, 5), (2, 4), (3, 3), (3, 4), (4, 3), (4, 6)), (1, 3))","(((1, 2), (1, 4), (1, 5), (2, 4), (3, 3), (3, 4), (4, 3), (4, 5)), (1, 3))",8,4,12.0,8,,,pruned,,,1486
"(((1, 2), (1, 4), (1, 5), (2, 4), (3, 3), (3, 4), (4, 3), (4, 5)), (1, 3))","(((1, 2), (1, 4), (1, 5), (2, 3), (3, 3), (3, 4), (4, 3), (4, 5)), (2, 2))",7,3.0,10.0,7,8,2,expanded,False,True,1487
"(((1, 2), (1, 4), (1, 5), (2, 3), (3, 3), (4, 3), (4, 5), (5, 4)), (2, 4))","(((1, 2), (1, 4), (1, 5), (2, 3), (3, 3), (4, 3), (4, 4), (4, 5)), (2, 2))",8,4,12.0,8,,,pruned,,,1488
"(((1, 2), (1, 4), (1, 5), (2, 3), (3, 3), (4, 3), (4, 4), (5, 5)), (2, 4))","(((1, 2), (1, 4), (1, 5), (2, 3), (3, 3), (4, 3), (4, 4), (4, 5)), (2, 2))",8,4,12.0,8,,,pruned,,,1489
"(((1, 2), (1, 4), (1, 5), (2, 3), (3, 3), (4, 3), (4, 4), (4, 5)), (2, 2))","(((1, 2), (1, 4), (1, 5), (2, 3), (3, 3), (3, 4), (4, 3), (4, 5)), (2, 2))",7,3.0,10.0,7,8,2,expanded,False,True,1490
"(((1, 2), (1, 4), (1, 5), (2, 3), (3, 3), (3, 4), (4, 4), (5, 5)), (2, 4))","(((1, 2), (1, 4), (1, 5), (2, 3), (3, 3), (3, 4), (4, 4), (4, 5)), (2, 2))",8,4,12.0,8,,,pruned,,,1491
"(((1, 2), (1, 4), (1, 5), (2, 3), (3, 3), (3, 4), (4, 4), (4, 5)), (2, 2))","(((1, 2), (1, 4), (1, 5), (2, 3), (3, 3), (3, 4), (4, 3), (4, 5)), (2, 2))",7,3.0,10.0,7,4,1,expanded,False,True,1492
"(((1, 4), (1, 5), (2, 2), (2, 3), (3, 2), (4, 3), (4, 5), (5, 4)), (2, 4))","(((1, 4), (1, 5), (2, 2), (2, 3), (3, 2), (4, 3), (4, 4), (4, 5)), (2, 4))",8,4,12.0,8,,,pruned,,,1493
"(((1, 4), (1, 5), (2, 2), (2, 3), (3, 2), (4, 3), (4, 4), (5, 5)), (2, 4))","(((1, 4), (1, 5), (2, 2), (2, 3), (3, 2), (4, 3), (4, 4), (4, 5)), (2, 4))",8,4,12.0,8,,,pruned,,,1494
"(((1, 4), (1, 5), (2, 2), (2, 3), (3, 2), (4, 4), (4, 5), (5, 3)), (2, 4))","(((1, 4), (1, 5), (2, 2), (2, 3), (3, 2), (4, 3), (4, 4), (4, 5)), (2, 4))",8,4,12.0,8,,,pruned,,,1495
"(((1, 4), (1, 5), (2, 2), (2, 3), (3, 1), (4, 3), (4, 4), (4, 5)), (2, 4))","(((1, 4), (1, 5), (2, 2), (2, 3), (3, 2), (4, 3), (4, 4), (4, 5)), (2, 4))",8,4,12.0,8,,,pruned,,,1496
"(((1, 4), (1, 5), (2, 2), (2, 3), (3, 2), (4, 3), (4, 4), (4, 5)), (2, 4))","(((1, 4), (1, 5), (2, 2), (2, 3), (3, 3), (4, 3), (4, 4), (4, 5)), (2, 4))",7,3.0,10.0,7,9,4,expanded,False,True,1497
"(((1, 2), (1, 3), (1, 4), (2, 5), (3, 5), (4, 3), (4, 5), (5, 4)), (2, 2))","(((1, 2), (1, 3), (1, 4), (2, 5), (3, 5), (4, 3), (4, 4), (4, 5)), (2, 2))",8,4,12.0,8,,,pruned,,,1498
"(((1, 2), (1, 3), (1, 4), (2, 5), (3, 5), (4, 4), (4, 5), (5, 3)), (2, 2))","(((1, 2), (1, 3), (1, 4), (2, 5), (3, 5), (4, 3), (4, 4), (4, 5)), (2, 2))",8,4,12.0,8,,,pruned,,,1499
"(((1, 2), (1, 3), (1, 4), (2, 6), (3, 5), (4, 3), (4, 4), (4, 5)), (1, 5))","(((1, 2), (1, 3), (1, 4), (2, 5), (3, 5), (4, 3), (4, 4), (4, 5)), (2, 2))",8,4,12.0,8,,,pruned,,,1500
"(((1, 2), (1, 3), (1, 4), (2, 5), (3, 6), (4, 3), (4, 4), (4, 5)), (2, 2))","(((1, 2), (1, 3), (1, 4), (2, 5), (3, 5), (4, 3), (4, 4), (4, 5)), (2, 2))",8,4,12.0,8,,,pruned,,,1501
"(((1, 2), (1, 3), (1, 4), (2, 5), (3, 5), (4, 3), (4, 4), (4, 5)), (2, 2))","(((1, 2), (1, 3), (1, 4), (2, 5), (3, 4), (3, 5), (4, 3), (4, 5)), (2, 2))",7,3.0,10.0,7,8,4,expanded,False,True,1502
"(((1, 2), (1, 3), (1, 4), (2, 6), (3, 4), (3, 5), (4, 4), (4, 5)), (1, 5))","(((1, 2), (1, 3), (1, 4), (2, 5), (3, 4), (3, 5), (4, 4), (4, 5)), (2, 2))",8,4,12.0,8,,,pruned,,,1503
"(((1, 2), (1, 3), (1, 4), (2, 5), (3, 4), (3, 5), (4, 4), (4, 5)), (2, 2))","(((1, 2), (1, 3), (1, 4), (2, 5), (3, 4), (3, 5), (4, 3), (4, 5)), (2, 2))",7,3.0,10.0,7,2,1,expanded,False,True,1504
"(((1, 2), (1, 3), (1, 4), (2, 4), (3, 4), (3, 5), (4, 3), (4, 6)), (2, 2))","(((1, 2), (1, 3), (1, 4), (2, 4), (3, 4), (3, 5), (4, 3), (4, 5)), (1, 5))",8,4,12.0,8,,,pruned,,,1505
"(((1, 2), (1, 3), (1, 4), (2, 4), (3, 4), (3, 5), (4, 5), (5, 3)), (1, 5))","(((1, 2), (1, 3), (1, 4), (2, 4), (3, 4), (3, 5), (4, 3), (4, 5)), (1, 5))",8,4,12.0,8,,,pruned,,,1506
"(((1, 2), (1, 3), (1, 4), (2, 4), (3, 4), (3, 5), (4, 3), (4, 5)), (1, 5))","(((1, 2), (1, 3), (1, 4), (2, 5), (3, 4), (3, 5), (4, 3), (4, 5)), (2, 2))",7,3.0,10.0,7,8,2,expanded,False,True,1507
"(((1, 3), (1, 4), (2, 2), (2, 4), (3, 5), (4, 3), (4, 5), (5, 4)), (2, 3))","(((1, 3), (1, 4), (2, 2), (2, 4), (3, 5), (4, 3), (4, 4), (4, 5)), (1, 5))",8,4,12.0,8,,,pruned,,,1508
"(((1, 3), (1, 4), (2, 2), (2, 4), (3, 5), (4, 4), (4, 5), (5, 3)), (2, 3))","(((1, 3), (1, 4), (2, 2), (2, 4), (3, 5), (4, 3), (4, 4), (4, 5)), (1, 5))",8,4,12.0,8,,,pruned,,,1509
"(((1, 3), (1, 4), (2, 2), (2, 4), (3, 6), (4, 3), (4, 4), (4, 5)), (1, 5))","(((1, 3), (1, 4), (2, 2), (2, 4), (3, 5), (4, 3), (4, 4), (4, 5)), (1, 5))",8,4,12.0,8,,,pruned,,,1510
"(((1, 3), (1, 4), (2, 2), (2, 4), (3, 5), (4, 3), (4, 4), (4, 5)), (1, 5))","(((1, 3), (1, 4), (2, 2), (2, 5), (3, 5), (4, 3), (4, 4), (4, 5)), (2, 3))",7,3.0,10.0,7,9,3,expanded,False,True,1511
"(((1, 3), (1, 4), (2, 2), (2, 4), (3, 4), (3, 5), (4, 4), (4, 5)), (1, 5))","(((1, 3), (1, 4), (2, 2), (2, 5), (3, 4), (3, 5), (4, 4), (4, 5)), (2, 3))",7,3.0,10.0,7,3,0,expanded,False,True,1512
"(((1, 3), (1, 4), (2, 2), (2, 3), (3, 4), (3, 5), (4, 3), (4, 6)), (3, 1))","(((1, 3), (1, 4), (2, 2), (2, 3), (3, 4), (3, 5), (4, 3), (4, 5)), (1, 5))",8,4,12.0,8,,,pruned,,,1513
"(((1, 3), (1, 4), (2, 2), (2, 3), (3, 4), (3, 5), (4, 5), (5, 3)), (1, 5))","(((1, 3), (1, 4), (2, 2), (2, 3), (3, 4), (3, 5), (4, 3), (4, 5)), (1, 5))",8,4,12.0,8,,,pruned,,,1514
"(((1, 3), (1, 4), (2, 2), (2, 3), (3, 4), (3, 5), (4, 3), (4, 5)), (1, 5))","(((1, 3), (1, 4), (2, 2), (2, 4), (3, 4), (3, 5), (4, 3), (4, 5)), (1, 5))",7,3.0,10.0,7,9,2,expanded,False,True,1515
"(((1, 3), (1, 4), (2, 2), (2, 5), (3, 2), (3, 4), (4, 2), (4, 3)), (2, 6))","(((1, 3), (1, 4), (2, 2), (2, 5), (3, 2), (3, 4), (4, 2), (4, 4)), (2, 3))",7,3.0,10.0,7,6,0,expanded,False,True,1516
"(((1, 3), (1, 4), (2, 2), (2, 5), (3, 3), (3, 4), (4, 4), (5, 2)), (2, 6))","(((1, 3), (1, 4), (2, 2), (2, 5), (3, 3), (3, 4), (4, 2), (4, 4)), (2, 6))",8,4,12.0,8,,,pruned,,,1517
"(((1, 3), (1, 4), (2, 2), (2, 5), (3, 3), (3, 4), (4, 1), (4, 4)), (2, 6))","(((1, 3), (1, 4), (2, 2), (2, 5), (3, 3), (3, 4), (4, 2), (4, 4)), (2, 6))",8,4,12.0,8,,,pruned,,,1518
"(((1, 3), (1, 4), (2, 2), (2, 5), (3, 3), (3, 4), (4, 2), (4, 4)), (2, 6))","(((1, 3), (1, 4), (2, 2), (2, 5), (3, 2), (3, 4), (4, 2), (4, 4)), (2, 3))",7,3.0,10.0,7,10,2,expanded,False,True,1519
"(((1, 3), (1, 4), (2, 2), (2, 4), (3, 1), (3, 4), (4, 2), (4, 4)), (1, 5))","(((1, 3), (1, 4), (2, 2), (2, 4), (3, 2), (3, 4), (4, 2), (4, 4)), (1, 5))",8,4,12.0,8,,,pruned,,,1520
"(((1, 3), (1, 4), (2, 2), (2, 4), (3, 2), (3, 4), (4, 1), (4, 4)), (1, 5))","(((1, 3), (1, 4), (2, 2), (2, 4), (3, 2), (3, 4), (4, 2), (4, 4)), (1, 5))",8,4,12.0,8,,,pruned,,,1521
"(((1, 3), (1, 4), (2, 2), (2, 4), (3, 2), (3, 4), (4, 2), (4, 4)), (1, 5))","(((1, 3), (1, 4), (2, 2), (2, 5), (3, 2), (3, 4), (4, 2), (4, 4)), (2, 3))",7,3.0,10.0,7,10,2,expanded,False,True,1522
"(((1, 4), (2, 2), (2, 3), (2, 4), (3, 2), (3, 4), (4, 3), (4, 4)), (1, 5))","(((1, 4), (2, 2), (2, 3), (2, 5), (3, 2), (3, 4), (4, 3), (4, 4)), (2, 6))",7,3.0,10.0,7,4,0,expanded,False,True,1523
"(((1, 2), (1, 4), (2, 5), (3, 4), (3, 5), (4, 2), (4, 4), (5, 3)), (1, 3))","(((1, 2), (1, 4), (2, 5), (3, 4), (3, 5), (4, 2), (4, 3), (4, 4)), (1, 3))",8,4,12.0,8,,,pruned,,,1524
"(((1, 2), (1, 4), (2, 6), (3, 4), (3, 5), (4, 2), (4, 3), (4, 4)), (1, 3))","(((1, 2), (1, 4), (2, 5), (3, 4), (3, 5), (4, 2), (4, 3), (4, 4)), (1, 3))",8,4,12.0,8,,,pruned,,,1525
"(((1, 2), (1, 4), (2, 5), (3, 4), (3, 5), (4, 3), (4, 4), (5, 2)), (1, 3))","(((1, 2), (1, 4), (2, 5), (3, 4), (3, 5), (4, 2), (4, 3), (4, 4)), (1, 3))",8,4,12.0,8,,,pruned,,,1526
"(((1, 2), (1, 4), (2, 5), (3, 4), (3, 5), (4, 2), (4, 3), (4, 4)), (1, 3))","(((1, 4), (2, 2), (2, 5), (3, 4), (3, 5), (4, 2), (4, 3), (4, 4)), (1, 2))",7,3.0,10.0,7,7,3,expanded,False,True,1527
"(((1, 4), (2, 2), (2, 5), (3, 2), (3, 4), (3, 5), (4, 3), (4, 4)), (2, 6))","(((1, 4), (2, 2), (2, 5), (3, 4), (3, 5), (4, 2), (4, 3), (4, 4)), (1, 2))",7,3.0,10.0,7,3,0,expanded,False,True,1528
"(((1, 4), (2, 2), (2, 4), (3, 4), (3, 5), (4, 2), (4, 4), (5, 3)), (1, 2))","(((1, 4), (2, 2), (2, 4), (3, 4), (3, 5), (4, 2), (4, 3), (4, 4)), (1, 2))",8,4,12.0,8,,,pruned,,,1529
"(((1, 4), (2, 2), (2, 4), (3, 4), (3, 5), (4, 3), (4, 4), (5, 2)), (1, 2))","(((1, 4), (2, 2), (2, 4), (3, 4), (3, 5), (4, 2), (4, 3), (4, 4)), (1, 2))",8,4,12.0,8,,,pruned,,,1530
"(((1, 4), (2, 2), (2, 4), (3, 4), (3, 5), (4, 2), (4, 3), (4, 4)), (1, 2))","(((1, 4), (2, 2), (2, 5), (3, 4), (3, 5), (4, 2), (4, 3), (4, 4)), (1, 2))",7,3.0,10.0,7,12,2,expanded,False,True,1531
"(((1, 5), (2, 2), (2, 5), (3, 4), (3, 5), (4, 2), (4, 4), (5, 3)), (1, 2))","(((1, 5), (2, 2), (2, 5), (3, 4), (3, 5), (4, 2), (4, 3), (4, 4)), (1, 2))",8,4,12.0,8,,,pruned,,,1532
"(((1, 5), (2, 2), (2, 6), (3, 4), (3, 5), (4, 2), (4, 3), (4, 4)), (1, 2))","(((1, 5), (2, 2), (2, 5), (3, 4), (3, 5), (4, 2), (4, 3), (4, 4)), (1, 2))",8,4,12.0,8,,,pruned,,,1533
"(((1, 5), (2, 2), (2, 5), (3, 4), (3, 5), (4, 3), (4, 4), (5, 2)), (1, 2))","(((1, 5), (2, 2), (2, 5), (3, 4), (3, 5), (4, 2), (4, 3), (4, 4)), (1, 2))",8,4,12.0,8,,,pruned,,,1534
"(((1, 5), (2, 2), (2, 5), (3, 4), (3, 5), (4, 2), (4, 3), (4, 4)), (1, 2))","(((1, 4), (2, 2), (2, 5), (3, 4), (3, 5), (4, 2), (4, 3), (4, 4)), (1, 2))",7,3.0,10.0,7,8,3,expanded,False,True,1535
"(((1, 3), (1, 4), (1, 5), (2, 2), (3, 1), (3, 4), (3, 5), (4, 2)), (2, 3))","(((1, 3), (1, 4), (1, 5), (2, 2), (3, 2), (3, 4), (3, 5), (4, 2)), (2, 3))",8,4,12.0,8,,,pruned,,,1536
"(((1, 3), (1, 4), (1, 5), (2, 2), (3, 2), (3, 4), (3, 5), (4, 1)), (2, 3))","(((1, 3), (1, 4), (1, 5), (2, 2), (3, 2), (3, 4), (3, 5), (4, 2)), (2, 3))",8,4,12.0,8,,,pruned,,,1537
"(((1, 3), (1, 4), (1, 5), (2, 2), (3, 2), (3, 4), (3, 5), (4, 2)), (2, 3))","(((1, 3), (1, 4), (1, 5), (2, 2), (3, 2), (3, 4), (4, 2), (4, 5)), (2, 3))",7,3.0,10.0,7,8,2,expanded,False,True,1538
"(((1, 3), (1, 4), (1, 5), (2, 2), (3, 2), (4, 2), (4, 5), (5, 4)), (2, 3))","(((1, 3), (1, 4), (1, 5), (2, 2), (3, 2), (4, 2), (4, 4), (4, 5)), (2, 3))",8,4,12.0,8,,,pruned,,,1539
"(((1, 3), (1, 4), (1, 5), (2, 2), (3, 2), (4, 2), (4, 4), (5, 5)), (2, 3))","(((1, 3), (1, 4), (1, 5), (2, 2), (3, 2), (4, 2), (4, 4), (4, 5)), (2, 3))",8,4,12.0,8,,,pruned,,,1540
"(((1, 3), (1, 4), (1, 5), (2, 2), (3, 1), (4, 2), (4, 4), (4, 5)), (2, 3))","(((1, 3), (1, 4), (1, 5), (2, 2), (3, 2), (4, 2), (4, 4), (4, 5)), (2, 3))",8,4,12.0,8,,,pruned,,,1541
"(((1, 3), (1, 4), (1, 5), (2, 2), (3, 2), (4, 1), (4, 4), (4, 5)), (2, 3))","(((1, 3), (1, 4), (1, 5), (2, 2), (3, 2), (4, 2), (4, 4), (4, 5)), (2, 3))",8,4,12.0,8,,,pruned,,,1542
"(((1, 3), (1, 4), (1, 5), (2, 2), (3, 2), (4, 2), (4, 4), (4, 5)), (2, 3))","(((1, 3), (1, 4), (1, 5), (2, 2), (3, 2), (3, 4), (4, 2), (4, 5)), (2, 3))",7,3.0,10.0,7,8,4,expanded,False,True,1543
"(((1, 3), (1, 4), (1, 5), (2, 2), (3, 3), (3, 4), (4, 2), (5, 5)), (2, 3))","(((1, 3), (1, 4), (1, 5), (2, 2), (3, 3), (3, 4), (4, 2), (4, 5)), (2, 3))",8,4,12.0,8,,,pruned,,,1544
"(((1, 3), (1, 4), (1, 5), (2, 2), (3, 3), (3, 4), (4, 2), (4, 6)), (2, 3))","(((1, 3), (1, 4), (1, 5), (2, 2), (3, 3), (3, 4), (4, 2), (4, 5)), (2, 3))",8,4,12.0,8,,,pruned,,,1545
"(((1, 3), (1, 4), (1, 5), (2, 2), (3, 3), (3, 4), (4, 5), (5, 2)), (2, 3))","(((1, 3), (1, 4), (1, 5), (2, 2), (3, 3), (3, 4), (4, 2), (4, 5)), (2, 3))",8,4,12.0,8,,,pruned,,,1546
"(((1, 3), (1, 4), (1, 5), (2, 2), (3, 3), (3, 4), (4, 1), (4, 5)), (2, 3))","(((1, 3), (1, 4), (1, 5), (2, 2), (3, 3), (3, 4), (4, 2), (4, 5)), (2, 3))",8,4,12.0,8,,,pruned,,,1547
"(((1, 3), (1, 4), (1, 5), (2, 2), (3, 3), (3, 4), (4, 2), (4, 5)), (2, 3))","(((1, 3), (1, 4), (1, 5), (2, 2), (3, 2), (3, 4), (4, 2), (4, 5)), (2, 3))",7,3.0,10.0,7,13,4,expanded,False,True,1548
"(((1, 4), (1, 5), (2, 2), (2, 3), (3, 2), (3, 4), (3, 5), (4, 3)), (2, 4))","(((1, 4), (1, 5), (2, 2), (2, 3), (3, 2), (3, 4), (4, 3), (4, 5)), (2, 4))",7,3.0,10.0,7,8,0,expanded,False,True,1549
"(((1, 3), (1, 4), (2, 2), (2, 5), (3, 2), (3, 4), (3, 5), (4, 3)), (2, 6))","(((1, 3), (1, 4), (2, 2), (2, 5), (3, 2), (3, 5), (4, 3), (4, 4)), (2, 6))",7,3.0,10.0,7,6,0,expanded,False,True,1550
"(((1, 3), (1, 4), (2, 2), (2, 5), (3, 3), (3, 5), (4, 3), (4, 4)), (2, 6))","(((1, 3), (1, 4), (2, 2), (2, 5), (3, 2), (3, 5), (4, 3), (4, 4)), (2, 6))",7,3.0,10.0,7,5,0,expanded,False,True,1551
"(((1, 3), (1, 4), (2, 2), (2, 4), (3, 2), (3, 5), (4, 3), (4, 4)), (1, 5))","(((1, 3), (1, 4), (2, 2), (2, 5), (3, 2), (3, 5), (4, 3), (4, 4)), (2, 6))",7,3.0,10.0,7,7,0,expanded,False,True,1552
"(((1, 5), (2, 2), (2, 4), (3, 2), (3, 4), (4, 2), (4, 3), (4, 4)), (2, 5))","(((1, 5), (2, 2), (2, 5), (3, 2), (3, 4), (4, 2), (4, 3), (4, 4)), (2, 6))",7,3.0,10.0,7,4,0,expanded,False,True,1553
"(((1, 5), (2, 2), (2, 5), (3, 3), (3, 4), (4, 3), (4, 4), (5, 2)), (3, 1))","(((1, 5), (2, 2), (2, 5), (3, 3), (3, 4), (4, 2), (4, 3), (4, 4)), (2, 6))",8,4,12.0,8,,,pruned,,,1554
"(((1, 5), (2, 2), (2, 5), (3, 3), (3, 4), (4, 2), (4, 3), (4, 4)), (2, 6))","(((1, 5), (2, 2), (2, 5), (3, 2), (3, 4), (4, 2), (4, 3), (4, 4)), (2, 6))",7,3.0,10.0,7,4,1,expanded,False,True,1555
"(((1, 5), (2, 2), (2, 4), (3, 2), (3, 3), (3, 4), (4, 3), (4, 4)), (2, 5))","(((1, 5), (2, 2), (2, 5), (3, 2), (3, 3), (3, 4), (4, 3), (4, 4)), (2, 6))",7,3.0,10.0,7,1,0,expanded,False,True,1556
"(((1, 3), (1, 4), (2, 2), (2, 5), (3, 2), (3, 4), (4, 4), (5, 5)), (2, 6))","(((1, 3), (1, 4), (2, 2), (2, 5), (3, 2), (3, 4), (4, 4), (4, 5)), (2, 3))",8,4,12.0,8,,,pruned,,,1557
"(((1, 3), (1, 4), (2, 2), (2, 5), (3, 1), (3, 4), (4, 4), (4, 5)), (2, 3))","(((1, 3), (1, 4), (2, 2), (2, 5), (3, 2), (3, 4), (4, 4), (4, 5)), (2, 3))",8,4,12.0,8,,,pruned,,,1558
"(((1, 3), (1, 4), (2, 2), (2, 6), (3, 2), (3, 4), (4, 4), (4, 5)), (1, 5))","(((1, 3), (1, 4), (2, 2), (2, 5), (3, 2), (3, 4), (4, 4), (4, 5)), (2, 3))",8,4,12.0,8,,,pruned,,,1559
"(((1, 3), (1, 4), (2, 2), (2, 5), (3, 2), (3, 4), (4, 4), (4, 5)), (2, 3))","(((1, 3), (1, 4), (2, 2), (2, 5), (3, 2), (3, 4), (4, 3), (4, 5)), (2, 6))",7,3.0,10.0,7,9,3,expanded,False,True,1560
"(((1, 3), (1, 4), (2, 2), (2, 5), (3, 3), (3, 4), (4, 3), (5, 5)), (2, 6))","(((1, 3), (1, 4), (2, 2), (2, 5), (3, 3), (3, 4), (4, 3), (4, 5)), (2, 6))",8,4,12.0,8,,,pruned,,,1561
"(((1, 3), (1, 4), (2, 2), (2, 5), (3, 3), (3, 4), (4, 3), (4, 6)), (2, 6))","(((1, 3), (1, 4), (2, 2), (2, 5), (3, 3), (3, 4), (4, 3), (4, 5)), (2, 6))",8,4,12.0,8,,,pruned,,,1562
"(((1, 3), (1, 4), (2, 2), (2, 5), (3, 3), (3, 4), (4, 3), (4, 5)), (2, 6))","(((1, 3), (1, 4), (2, 2), (2, 5), (3, 2), (3, 4), (4, 3), (4, 5)), (2, 6))",7,3.0,10.0,7,10,2,expanded,False,True,1563
"(((1, 3), (1, 4), (2, 2), (2, 4), (3, 2), (3, 4), (4, 3), (5, 5)), (1, 5))","(((1, 3), (1, 4), (2, 2), (2, 4), (3, 2), (3, 4), (4, 3), (4, 5)), (1, 5))",8,4,12.0,8,,,pruned,,,1564
"(((1, 3), (1, 4), (2, 2), (2, 4), (3, 2), (3, 4), (4, 3), (4, 6)), (1, 5))","(((1, 3), (1, 4), (2, 2), (2, 4), (3, 2), (3, 4), (4, 3), (4, 5)), (1, 5))",8,4,12.0,8,,,pruned,,,1565
"(((1, 3), (1, 4), (2, 2), (2, 4), (3, 2), (3, 4), (4, 3), (4, 5)), (1, 5))","(((1, 3), (1, 4), (2, 2), (2, 5), (3, 2), (3, 4), (4, 3), (4, 5)), (2, 6))",7,3.0,10.0,7,10,2,expanded,False,True,1566
"(((1, 2), (1, 4), (2, 2), (2, 5), (3, 3), (3, 4), (3, 5), (4, 3)), (2, 6))","(((1, 2), (1, 4), (2, 2), (2, 5), (3, 3), (3, 5), (4, 3), (4, 4)), (2, 6))",7,3.0,10.0,7,4,0,expanded,False,True,1567
"(((1, 2), (1, 4), (2, 2), (2, 4), (3, 3), (3, 5), (4, 3), (4, 4)), (1, 5))","(((1, 2), (1, 4), (2, 2), (2, 5), (3, 3), (3, 5), (4, 3), (4, 4)), (2, 6))",7,3.0,10.0,7,7,0,expanded,False,True,1568
"(((1, 2), (1, 4), (2, 2), (2, 5), (3, 5), (4, 3), (4, 5), (5, 4)), (1, 3))","(((1, 2), (1, 4), (2, 2), (2, 5), (3, 5), (4, 3), (4, 4), (4, 5)), (1, 3))",8,4,12.0,8,,,pruned,,,1569
"(((1, 2), (1, 4), (2, 2), (2, 5), (3, 5), (4, 4), (4, 5), (5, 3)), (1, 3))","(((1, 2), (1, 4), (2, 2), (2, 5), (3, 5), (4, 3), (4, 4), (4, 5)), (1, 3))",8,4,12.0,8,,,pruned,,,1570
"(((1, 2), (1, 4), (2, 2), (2, 6), (3, 5), (4, 3), (4, 4), (4, 5)), (1, 3))","(((1, 2), (1, 4), (2, 2), (2, 5), (3, 5), (4, 3), (4, 4), (4, 5)), (1, 3))",8,4,12.0,8,,,pruned,,,1571
"(((1, 2), (1, 4), (2, 2), (2, 5), (3, 6), (4, 3), (4, 4), (4, 5)), (1, 3))","(((1, 2), (1, 4), (2, 2), (2, 5), (3, 5), (4, 3), (4, 4), (4, 5)), (1, 3))",8,4,12.0,8,,,pruned,,,1572
"(((1, 2), (1, 4), (2, 2), (2, 5), (3, 5), (4, 3), (4, 4), (4, 5)), (1, 3))","(((1, 2), (1, 4), (2, 2), (2, 5), (3, 4), (3, 5), (4, 3), (4, 5)), (1, 3))",7,3.0,10.0,7,9,4,expanded,False,True,1573
"(((1, 2), (1, 4), (2, 2), (2, 6), (3, 4), (3, 5), (4, 4), (4, 5)), (1, 3))","(((1, 2), (1, 4), (2, 2), (2, 5), (3, 4), (3, 5), (4, 4), (4, 5)), (1, 3))",8,4,12.0,8,,,pruned,,,1574
"(((1, 2), (1, 4), (2, 2), (2, 5), (3, 4), (3, 5), (4, 4), (4, 5)), (1, 3))","(((1, 2), (1, 4), (2, 2), (2, 5), (3, 4), (3, 5), (4, 3), (4, 5)), (1, 3))",7,3.0,10.0,7,3,1,expanded,False,True,1575
"(((1, 2), (1, 4), (2, 2), (2, 4), (3, 4), (3, 5), (4, 3), (4, 6)), (1, 3))","(((1, 2), (1, 4), (2, 2), (2, 4), (3, 4), (3, 5), (4, 3), (4, 5)), (1, 3))",8,4,12.0,8,,,pruned,,,1576
"(((1, 2), (1, 4), (2, 2), (2, 4), (3, 4), (3, 5), (4, 5), (5, 3)), (1, 3))","(((1, 2), (1, 4), (2, 2), (2, 4), (3, 4), (3, 5), (4, 3), (4, 5)), (1, 3))",8,4,12.0,8,,,pruned,,,1577
"(((1, 2), (1, 4), (2, 2), (2, 4), (3, 4), (3, 5), (4, 3), (4, 5)), (1, 3))","(((1, 2), (1, 4), (2, 2), (2, 5), (3, 4), (3, 5), (4, 3), (4, 5)), (1, 3))",7,3.0,10.0,7,10,2,expanded,False,True,1578
"(((1, 2), (1, 5), (2, 2), (2, 5), (3, 4), (3, 5), (4, 3), (4, 6)), (1, 3))","(((1, 2), (1, 5), (2, 2), (2, 5), (3, 4), (3, 5), (4, 3), (4, 5)), (1, 3))",8,4,12.0,8,,,pruned,,,1579
"(((1, 2), (1, 5), (2, 2), (2, 5), (3, 4), (3, 5), (4, 5), (5, 3)), (1, 3))","(((1, 2), (1, 5), (2, 2), (2, 5), (3, 4), (3, 5), (4, 3), (4, 5)), (1, 3))",8,4,12.0,8,,,pruned,,,1580
"(((1, 2), (1, 5), (2, 2), (2, 6), (3, 4), (3, 5), (4, 3), (4, 5)), (1, 3))","(((1, 2), (1, 5), (2, 2), (2, 5), (3, 4), (3, 5), (4, 3), (4, 5)), (1, 3))",8,4,12.0,8,,,pruned,,,1581
"(((1, 2), (1, 5), (2, 2), (2, 5), (3, 4), (3, 5), (4, 3), (4, 5)), (1, 3))","(((1, 2), (1, 4), (2, 2), (2, 5), (3, 4), (3, 5), (4, 3), (4, 5)), (1, 3))",7,3.0,10.0,7,10,3,expanded,False,True,1582
"(((1, 2), (1, 4), (2, 2), (2, 5), (3, 3), (3, 4), (4, 4), (5, 5)), (2, 6))","(((1, 2), (1, 4), (2, 2), (2, 5), (3, 3), (3, 4), (4, 4), (4, 5)), (2, 6))",8,4,12.0,8,,,pruned,,,1583
"(((1, 2), (1, 4), (2, 2), (2, 5), (3, 3), (3, 4), (4, 4), (4, 5)), (2, 6))","(((1, 2), (1, 4), (2, 2), (2, 5), (3, 3), (3, 4), (4, 3), (4, 5)), (2, 6))",7,3.0,10.0,7,5,1,expanded,False,True,1584
"(((1, 2), (1, 4), (2, 2), (2, 4), (3, 3), (3, 4), (4, 3), (5, 5)), (1, 5))","(((1, 2), (1, 4), (2, 2), (2, 4), (3, 3), (3, 4), (4, 3), (4, 5)), (1, 5))",8,4,12.0,8,,,pruned,,,1585
"(((1, 2), (1, 4), (2, 2), (2, 4), (3, 3), (3, 4), (4, 3), (4, 6)), (1, 5))","(((1, 2), (1, 4), (2, 2), (2, 4), (3, 3), (3, 4), (4, 3), (4, 5)), (1, 5))",8,4,12.0,8,,,pruned,,,1586
"(((1, 2), (1, 4), (2, 2), (2, 4), (3, 3), (3, 4), (4, 3), (4, 5)), (1, 5))","(((1, 2), (1, 4), (2, 2), (2, 5), (3, 3), (3, 4), (4, 3), (4, 5)), (2, 6))",7,3.0,10.0,7,8,2,expanded,False,True,1587
"(((1, 3), (2, 2), (2, 4), (2, 5), (3, 3), (3, 4), (4, 3), (4, 4)), (2, 6))","(((1, 3), (2, 2), (2, 4), (2, 5), (3, 2), (3, 4), (4, 3), (4, 4)), (2, 6))",7,3.0,10.0,7,2,0,expanded,False,True,1588
"(((1, 3), (1, 5), (2, 2), (2, 3), (3, 2), (3, 4), (4, 3), (5, 5)), (1, 4))","(((1, 3), (1, 5), (2, 2), (2, 3), (3, 2), (3, 4), (4, 3), (4, 5)), (1, 4))",8,4,12.0,8,,,pruned,,,1589
"(((1, 3), (1, 5), (2, 2), (2, 3), (3, 2), (3, 4), (4, 3), (4, 6)), (1, 4))","(((1, 3), (1, 5), (2, 2), (2, 3), (3, 2), (3, 4), (4, 3), (4, 5)), (1, 4))",8,4,12.0,8,,,pruned,,,1590
"(((1, 3), (1, 5), (2, 2), (2, 3), (3, 2), (3, 4), (4, 3), (4, 5)), (1, 4))","(((1, 3), (1, 5), (2, 2), (2, 4), (3, 2), (3, 4), (4, 3), (4, 5)), (2, 5))",7,3.0,10.0,7,12,2,expanded,False,True,1591
"(((1, 3), (1, 5), (2, 2), (2, 4), (3, 2), (3, 4), (3, 5), (4, 3)), (2, 5))","(((1, 3), (1, 5), (2, 2), (2, 4), (3, 2), (3, 4), (4, 3), (4, 5)), (2, 5))",7,3.0,10.0,7,7,0,expanded,False,True,1592
"(((1, 3), (1, 5), (2, 2), (2, 4), (3, 2), (3, 4), (4, 4), (5, 5)), (2, 5))","(((1, 3), (1, 5), (2, 2), (2, 4), (3, 2), (3, 4), (4, 4), (4, 5)), (2, 3))",8,4,12.0,8,,,pruned,,,1593
"(((1, 3), (1, 5), (2, 2), (2, 4), (3, 1), (3, 4), (4, 4), (4, 5)), (2, 3))","(((1, 3), (1, 5), (2, 2), (2, 4), (3, 2), (3, 4), (4, 4), (4, 5)), (2, 3))",8,4,12.0,8,,,pruned,,,1594
"(((1, 3), (1, 5), (2, 2), (2, 4), (3, 2), (3, 4), (4, 4), (4, 5)), (2, 3))","(((1, 3), (1, 5), (2, 2), (2, 4), (3, 2), (3, 4), (4, 3), (4, 5)), (2, 5))",7,3.0,10.0,7,8,2,expanded,False,True,1595
"(((1, 3), (1, 5), (2, 2), (2, 4), (3, 3), (3, 4), (4, 3), (5, 5)), (2, 5))","(((1, 3), (1, 5), (2, 2), (2, 4), (3, 3), (3, 4), (4, 3), (4, 5)), (2, 5))",8,4,12.0,8,,,pruned,,,1596
"(((1, 3), (1, 5), (2, 2), (2, 4), (3, 3), (3, 4), (4, 3), (4, 6)), (2, 5))","(((1, 3), (1, 5), (2, 2), (2, 4), (3, 3), (3, 4), (4, 3), (4, 5)), (2, 5))",8,4,12.0,8,,,pruned,,,1597
"(((1, 3), (1, 5), (2, 2), (2, 4), (3, 3), (3, 4), (4, 3), (4, 5)), (2, 5))","(((1, 3), (1, 5), (2, 2), (2, 4), (3, 2), (3, 4), (4, 3), (4, 5)), (2, 5))",7,3.0,10.0,7,8,2,expanded,False,True,1598
"(((1, 4), (1, 5), (2, 2), (2, 4), (3, 2), (4, 2), (4, 3), (5, 4)), (1, 2))","(((1, 4), (1, 5), (2, 2), (2, 4), (3, 2), (4, 2), (4, 3), (4, 4)), (1, 2))",8,4,12.0,8,,,pruned,,,1599
"(((1, 4), (1, 5), (2, 2), (2, 4), (3, 2), (4, 2), (4, 4), (5, 3)), (1, 2))","(((1, 4), (1, 5), (2, 2), (2, 4), (3, 2), (4, 2), (4, 3), (4, 4)), (1, 2))",8,4,12.0,8,,,pruned,,,1600
"(((1, 4), (1, 5), (2, 2), (2, 4), (3, 1), (4, 2), (4, 3), (4, 4)), (1, 2))","(((1, 4), (1, 5), (2, 2), (2, 4), (3, 2), (4, 2), (4, 3), (4, 4)), (1, 2))",8,4,12.0,8,,,pruned,,,1601
"(((1, 4), (1, 5), (2, 2), (2, 4), (3, 2), (4, 2), (4, 3), (4, 4)), (1, 2))","(((1, 4), (1, 5), (2, 2), (2, 4), (3, 2), (4, 2), (4, 3), (4, 5)), (1, 2))",7,3.0,10.0,7,8,3,expanded,False,True,1602
"(((1, 4), (1, 5), (2, 2), (2, 4), (3, 2), (3, 3), (4, 3), (5, 4)), (2, 5))","(((1, 4), (1, 5), (2, 2), (2, 4), (3, 2), (3, 3), (4, 3), (4, 4)), (2, 5))",8,4,12.0,8,,,pruned,,,1603
"(((1, 4), (1, 5), (2, 2), (2, 4), (3, 2), (3, 3), (4, 3), (4, 4)), (2, 5))","(((1, 4), (1, 5), (2, 2), (2, 4), (3, 2), (3, 3), (4, 3), (4, 5)), (2, 5))",7,3.0,10.0,7,3,1,expanded,False,True,1604
"(((1, 4), (1, 5), (2, 2), (2, 3), (2, 4), (3, 3), (4, 3), (5, 4)), (2, 5))","(((1, 4), (1, 5), (2, 2), (2, 3), (2, 4), (3, 3), (4, 3), (4, 4)), (2, 5))",8,4,12.0,8,,,pruned,,,1605
"(((1, 4), (1, 5), (2, 2), (2, 3), (2, 4), (3, 3), (4, 3), (4, 4)), (2, 5))","(((1, 4), (1, 5), (2, 2), (2, 3), (2, 4), (3, 3), (4, 3), (4, 5)), (2, 5))",7,3.0,10.0,7,5,1,expanded,False,True,1606
"(((1, 4), (1, 5), (2, 2), (2, 3), (2, 4), (3, 4), (4, 3), (5, 5)), (2, 5))","(((1, 4), (1, 5), (2, 2), (2, 3), (2, 4), (3, 4), (4, 3), (4, 5)), (2, 5))",8,4,12.0,8,,,pruned,,,1607
"(((1, 4), (1, 5), (2, 2), (2, 3), (2, 4), (3, 4), (4, 3), (4, 6)), (2, 5))","(((1, 4), (1, 5), (2, 2), (2, 3), (2, 4), (3, 4), (4, 3), (4, 5)), (2, 5))",8,4,12.0,8,,,pruned,,,1608
"(((1, 4), (1, 5), (2, 2), (2, 3), (2, 4), (3, 4), (4, 5), (5, 3)), (2, 5))","(((1, 4), (1, 5), (2, 2), (2, 3), (2, 4), (3, 4), (4, 3), (4, 5)), (2, 5))",8,4,12.0,8,,,pruned,,,1609
"(((1, 4), (1, 5), (2, 2), (2, 3), (2, 4), (3, 4), (4, 3), (4, 5)), (2, 5))","(((1, 4), (1, 5), (2, 2), (2, 3), (2, 4), (3, 3), (4, 3), (4, 5)), (2, 5))",7,3.0,10.0,7,12,3,expanded,False,True,1610
"(((1, 3), (1, 4), (2, 2), (2, 4), (2, 5), (3, 5), (4, 3), (5, 4)), (2, 3))","(((1, 3), (1, 4), (2, 2), (2, 4), (2, 5), (3, 5), (4, 3), (4, 4)), (2, 3))",8,4,12.0,8,,,pruned,,,1611
"(((1, 3), (1, 4), (2, 2), (2, 4), (2, 5), (3, 5), (4, 4), (5, 3)), (2, 3))","(((1, 3), (1, 4), (2, 2), (2, 4), (2, 5), (3, 5), (4, 3), (4, 4)), (2, 3))",8,4,12.0,8,,,pruned,,,1612
"(((1, 3), (1, 4), (2, 2), (2, 4), (2, 5), (3, 6), (4, 3), (4, 4)), (2, 3))","(((1, 3), (1, 4), (2, 2), (2, 4), (2, 5), (3, 5), (4, 3), (4, 4)), (2, 3))",8,4,12.0,8,,,pruned,,,1613
"(((1, 3), (1, 4), (2, 2), (2, 4), (2, 5), (3, 5), (4, 3), (4, 4)), (2, 3))","(((1, 3), (1, 4), (2, 2), (2, 4), (2, 5), (3, 5), (4, 3), (4, 5)), (2, 3))",7,3.0,10.0,7,7,3,expanded,False,True,1614
"(((1, 3), (1, 4), (2, 2), (2, 4), (2, 5), (3, 4), (4, 3), (5, 5)), (2, 3))","(((1, 3), (1, 4), (2, 2), (2, 4), (2, 5), (3, 4), (4, 3), (4, 5)), (2, 3))",8,4,12.0,8,,,pruned,,,1615
"(((1, 3), (1, 4), (2, 2), (2, 4), (2, 5), (3, 4), (4, 3), (4, 6)), (2, 3))","(((1, 3), (1, 4), (2, 2), (2, 4), (2, 5), (3, 4), (4, 3), (4, 5)), (2, 3))",8,4,12.0,8,,,pruned,,,1616
"(((1, 3), (1, 4), (2, 2), (2, 4), (2, 5), (3, 4), (4, 5), (5, 3)), (2, 3))","(((1, 3), (1, 4), (2, 2), (2, 4), (2, 5), (3, 4), (4, 3), (4, 5)), (2, 3))",8,4,12.0,8,,,pruned,,,1617
"(((1, 3), (1, 4), (2, 2), (2, 4), (2, 5), (3, 4), (4, 3), (4, 5)), (2, 3))","(((1, 3), (1, 4), (2, 2), (2, 4), (2, 5), (3, 5), (4, 3), (4, 5)), (2, 3))",7,3.0,10.0,7,12,3,expanded,False,True,1618
"(((1, 3), (1, 4), (2, 2), (2, 6), (3, 4), (3, 5), (4, 2), (4, 4)), (1, 5))","(((1, 3), (1, 4), (2, 2), (2, 5), (3, 4), (3, 5), (4, 2), (4, 4)), (2, 3))",8,4,12.0,8,,,pruned,,,1619
"(((1, 3), (1, 4), (2, 2), (2, 5), (3, 4), (3, 5), (4, 4), (5, 2)), (2, 3))","(((1, 3), (1, 4), (2, 2), (2, 5), (3, 4), (3, 5), (4, 2), (4, 4)), (2, 3))",8,4,12.0,8,,,pruned,,,1620
"(((1, 3), (1, 4), (2, 2), (2, 5), (3, 4), (3, 5), (4, 1), (4, 4)), (2, 3))","(((1, 3), (1, 4), (2, 2), (2, 5), (3, 4), (3, 5), (4, 2), (4, 4)), (2, 3))",8,4,12.0,8,,,pruned,,,1621
"(((1, 3), (1, 4), (2, 2), (2, 5), (3, 4), (3, 5), (4, 2), (4, 4)), (2, 3))","(((1, 3), (1, 4), (2, 2), (2, 5), (3, 4), (3, 5), (4, 2), (4, 5)), (2, 3))",7,3.0,10.0,7,9,3,expanded,False,True,1622
"(((1, 3), (2, 2), (3, 2), (3, 3), (3, 4), (3, 5), (4, 3), (4, 4)), (1, 4))","(((1, 3), (2, 2), (2, 4), (3, 2), (3, 3), (3, 5), (4, 3), (4, 4)), (1, 4))",7,3.0,10.0,7,3,0,expanded,False,True,1623
"(((1, 3), (2, 2), (3, 2), (3, 4), (3, 5), (4, 2), (4, 4), (5, 3)), (1, 4))","(((1, 3), (2, 2), (3, 2), (3, 4), (3, 5), (4, 2), (4, 3), (4, 4)), (1, 4))",8,4,12.0,8,,,pruned,,,1624
"(((1, 3), (2, 2), (3, 1), (3, 4), (3, 5), (4, 2), (4, 3), (4, 4)), (1, 4))","(((1, 3), (2, 2), (3, 2), (3, 4), (3, 5), (4, 2), (4, 3), (4, 4)), (1, 4))",8,4,12.0,8,,,pruned,,,1625
"(((1, 3), (2, 2), (3, 2), (3, 4), (3, 5), (4, 2), (4, 3), (4, 4)), (1, 4))","(((1, 3), (2, 2), (2, 4), (3, 2), (3, 5), (4, 2), (4, 3), (4, 4)), (1, 4))",7,3.0,10.0,7,7,2,expanded,False,True,1626
"(((1, 3), (1, 4), (2, 2), (3, 2), (3, 5), (4, 2), (4, 3), (5, 4)), (1, 5))","(((1, 3), (1, 4), (2, 2), (3, 2), (3, 5), (4, 2), (4, 3), (4, 4)), (1, 5))",8,4,12.0,8,,,pruned,,,1627
"(((1, 3), (1, 4), (2, 2), (3, 2), (3, 5), (4, 2), (4, 4), (5, 3)), (1, 5))","(((1, 3), (1, 4), (2, 2), (3, 2), (3, 5), (4, 2), (4, 3), (4, 4)), (1, 5))",8,4,12.0,8,,,pruned,,,1628
"(((1, 3), (1, 4), (2, 2), (3, 1), (3, 5), (4, 2), (4, 3), (4, 4)), (1, 5))","(((1, 3), (1, 4), (2, 2), (3, 2), (3, 5), (4, 2), (4, 3), (4, 4)), (1, 5))",8,4,12.0,8,,,pruned,,,1629
"(((1, 3), (1, 4), (2, 2), (3, 2), (3, 6), (4, 2), (4, 3), (4, 4)), (1, 5))","(((1, 3), (1, 4), (2, 2), (3, 2), (3, 5), (4, 2), (4, 3), (4, 4)), (1, 5))",8,4,12.0,8,,,pruned,,,1630
"(((1, 3), (1, 4), (2, 2), (3, 2), (3, 5), (4, 2), (4, 3), (4, 4)), (1, 5))","(((1, 4), (2, 2), (2, 3), (3, 2), (3, 5), (4, 2), (4, 3), (4, 4)), (1, 5))",7,3.0,10.0,7,10,4,expanded,False,True,1631
"(((1, 3), (2, 2), (2, 3), (3, 3), (3, 4), (3, 5), (4, 3), (4, 4)), (1, 4))","(((1, 3), (2, 2), (2, 3), (2, 4), (3, 3), (3, 5), (4, 3), (4, 4)), (1, 4))",7,3.0,10.0,7,4,0,expanded,False,True,1632
"(((1, 4), (2, 2), (2, 5), (3, 4), (4, 2), (4, 3), (4, 4), (5, 5)), (2, 6))","(((1, 4), (2, 2), (2, 5), (3, 4), (4, 2), (4, 3), (4, 4), (4, 5)), (1, 2))",8,4,12.0,8,,,pruned,,,1633
"(((1, 4), (2, 2), (2, 5), (3, 4), (4, 2), (4, 4), (4, 5), (5, 3)), (1, 2))","(((1, 4), (2, 2), (2, 5), (3, 4), (4, 2), (4, 3), (4, 4), (4, 5)), (1, 2))",8,4,12.0,8,,,pruned,,,1634
"(((1, 4), (2, 2), (2, 6), (3, 4), (4, 2), (4, 3), (4, 4), (4, 5)), (1, 2))","(((1, 4), (2, 2), (2, 5), (3, 4), (4, 2), (4, 3), (4, 4), (4, 5)), (1, 2))",8,4,12.0,8,,,pruned,,,1635
"(((1, 4), (2, 2), (2, 5), (3, 4), (4, 3), (4, 4), (4, 5), (5, 2)), (1, 2))","(((1, 4), (2, 2), (2, 5), (3, 4), (4, 2), (4, 3), (4, 4), (4, 5)), (1, 2))",8,4,12.0,8,,,pruned,,,1636
"(((1, 4), (2, 2), (2, 5), (3, 4), (4, 2), (4, 3), (4, 4), (4, 5)), (1, 2))","(((1, 4), (2, 2), (2, 5), (3, 5), (4, 2), (4, 3), (4, 4), (4, 5)), (1, 2))",7,3.0,10.0,7,14,4,expanded,False,True,1637
"(((1, 3), (1, 4), (2, 2), (2, 5), (3, 2), (4, 3), (4, 5), (5, 4)), (2, 3))","(((1, 3), (1, 4), (2, 2), (2, 5), (3, 2), (4, 3), (4, 4), (4, 5)), (2, 3))",8,4,12.0,8,,,pruned,,,1638
"(((1, 3), (1, 4), (2, 2), (2, 5), (3, 2), (4, 4), (4, 5), (5, 3)), (2, 3))","(((1, 3), (1, 4), (2, 2), (2, 5), (3, 2), (4, 3), (4, 4), (4, 5)), (2, 3))",8,4,12.0,8,,,pruned,,,1639
"(((1, 3), (1, 4), (2, 2), (2, 5), (3, 2), (4, 3), (4, 4), (5, 5)), (2, 3))","(((1, 3), (1, 4), (2, 2), (2, 5), (3, 2), (4, 3), (4, 4), (4, 5)), (2, 3))",8,4,12.0,8,,,pruned,,,1640
"(((1, 3), (1, 4), (2, 2), (2, 5), (3, 1), (4, 3), (4, 4), (4, 5)), (2, 3))","(((1, 3), (1, 4), (2, 2), (2, 5), (3, 2), (4, 3), (4, 4), (4, 5)), (2, 3))",8,4,12.0,8,,,pruned,,,1641
"(((1, 3), (1, 4), (2, 2), (2, 6), (3, 2), (4, 3), (4, 4), (4, 5)), (1, 5))","(((1, 3), (1, 4), (2, 2), (2, 5), (3, 2), (4, 3), (4, 4), (4, 5)), (2, 3))",8,4,12.0,8,,,pruned,,,1642
"(((1, 3), (1, 4), (2, 2), (2, 5), (3, 2), (4, 3), (4, 4), (4, 5)), (2, 3))","(((1, 3), (1, 4), (2, 2), (2, 5), (3, 2), (4, 2), (4, 4), (4, 5)), (2, 3))",7,3.0,10.0,7,11,5,expanded,False,True,1643
"(((1, 2), (1, 4), (2, 2), (2, 5), (3, 2), (3, 5), (4, 3), (4, 4)), (2, 6))","(((1, 2), (1, 4), (2, 2), (2, 5), (3, 2), (3, 5), (4, 3), (4, 5)), (1, 3))",7,3.0,10.0,7,5,0,expanded,False,True,1644
"(((1, 2), (1, 4), (2, 2), (2, 5), (3, 2), (3, 4), (4, 3), (5, 5)), (2, 6))","(((1, 2), (1, 4), (2, 2), (2, 5), (3, 2), (3, 4), (4, 3), (4, 5)), (2, 6))",8,4,12.0,8,,,pruned,,,1645
"(((1, 2), (1, 4), (2, 2), (2, 5), (3, 2), (3, 4), (4, 3), (4, 6)), (2, 6))","(((1, 2), (1, 4), (2, 2), (2, 5), (3, 2), (3, 4), (4, 3), (4, 5)), (2, 6))",8,4,12.0,8,,,pruned,,,1646
"(((1, 2), (1, 4), (2, 2), (2, 5), (3, 2), (3, 4), (4, 3), (4, 5)), (2, 6))","(((1, 2), (1, 4), (2, 2), (2, 5), (3, 2), (3, 5), (4, 3), (4, 5)), (1, 3))",7,3.0,10.0,7,12,2,expanded,False,True,1647
"(((1, 2), (1, 5), (2, 2), (2, 5), (3, 3), (3, 5), (4, 3), (4, 4)), (2, 6))","(((1, 2), (1, 5), (2, 2), (2, 5), (3, 3), (3, 5), (4, 3), (4, 5)), (1, 3))",7,3.0,10.0,7,4,0,expanded,False,True,1648
"(((1, 2), (1, 5), (2, 2), (2, 5), (3, 3), (3, 4), (4, 3), (5, 5)), (2, 6))","(((1, 2), (1, 5), (2, 2), (2, 5), (3, 3), (3, 4), (4, 3), (4, 5)), (2, 6))",8,4,12.0,8,,,pruned,,,1649
"(((1, 2), (1, 5), (2, 2), (2, 5), (3, 3), (3, 4), (4, 3), (4, 6)), (2, 6))","(((1, 2), (1, 5), (2, 2), (2, 5), (3, 3), (3, 4), (4, 3), (4, 5)), (2, 6))",8,4,12.0,8,,,pruned,,,1650
"(((1, 2), (1, 5), (2, 2), (2, 5), (3, 3), (3, 4), (4, 3), (4, 5)), (2, 6))","(((1, 2), (1, 5), (2, 2), (2, 5), (3, 3), (3, 5), (4, 3), (4, 5)), (1, 3))",7,3.0,10.0,7,8,2,expanded,False,True,1651
"(((1, 3), (1, 5), (2, 2), (2, 5), (3, 1), (3, 4), (4, 2), (4, 4)), (1, 4))","(((1, 3), (1, 5), (2, 2), (2, 5), (3, 2), (3, 4), (4, 2), (4, 4)), (1, 4))",8,4,12.0,8,,,pruned,,,1652
"(((1, 3), (1, 5), (2, 2), (2, 6), (3, 2), (3, 4), (4, 2), (4, 4)), (1, 4))","(((1, 3), (1, 5), (2, 2), (2, 5), (3, 2), (3, 4), (4, 2), (4, 4)), (1, 4))",8,4,12.0,8,,,pruned,,,1653
"(((1, 3), (1, 5), (2, 2), (2, 5), (3, 2), (3, 4), (4, 1), (4, 4)), (1, 4))","(((1, 3), (1, 5), (2, 2), (2, 5), (3, 2), (3, 4), (4, 2), (4, 4)), (1, 4))",8,4,12.0,8,,,pruned,,,1654
"(((1, 3), (1, 5), (2, 2), (2, 5), (3, 2), (3, 4), (4, 2), (4, 4)), (1, 4))","(((1, 5), (2, 2), (2, 3), (2, 5), (3, 2), (3, 4), (4, 2), (4, 4)), (2, 6))",7,3.0,10.0,7,11,3,expanded,False,True,1655
"(((1, 5), (2, 2), (2, 3), (2, 5), (3, 2), (3, 4), (4, 3), (4, 4)), (2, 6))","(((1, 5), (2, 2), (2, 3), (2, 5), (3, 2), (3, 4), (4, 2), (4, 4)), (2, 6))",7,3.0,10.0,7,4,0,expanded,False,True,1656
"(((1, 5), (2, 2), (3, 2), (3, 4), (3, 5), (4, 2), (4, 4), (5, 3)), (1, 2))","(((1, 5), (2, 2), (3, 2), (3, 4), (3, 5), (4, 2), (4, 3), (4, 4)), (1, 2))",8,4,12.0,8,,,pruned,,,1657
"(((1, 5), (2, 2), (3, 1), (3, 4), (3, 5), (4, 2), (4, 3), (4, 4)), (1, 2))","(((1, 5), (2, 2), (3, 2), (3, 4), (3, 5), (4, 2), (4, 3), (4, 4)), (1, 2))",8,4,12.0,8,,,pruned,,,1658
"(((1, 5), (2, 2), (3, 2), (3, 4), (3, 5), (4, 2), (4, 3), (4, 4)), (1, 2))","(((1, 5), (2, 2), (3, 2), (3, 4), (3, 5), (4, 2), (4, 3), (4, 5)), (1, 2))",7,3.0,10.0,7,6,2,expanded,False,True,1659
"(((1, 3), (1, 4), (2, 2), (3, 2), (3, 4), (4, 2), (4, 3), (5, 5)), (1, 5))","(((1, 3), (1, 4), (2, 2), (3, 2), (3, 4), (4, 2), (4, 3), (4, 5)), (1, 5))",8,4,12.0,8,,,pruned,,,1660
"(((1, 3), (1, 4), (2, 2), (3, 2), (3, 4), (4, 2), (4, 3), (4, 6)), (1, 5))","(((1, 3), (1, 4), (2, 2), (3, 2), (3, 4), (4, 2), (4, 3), (4, 5)), (1, 5))",8,4,12.0,8,,,pruned,,,1661
"(((1, 3), (1, 4), (2, 2), (3, 2), (3, 4), (4, 2), (4, 5), (5, 3)), (1, 5))","(((1, 3), (1, 4), (2, 2), (3, 2), (3, 4), (4, 2), (4, 3), (4, 5)), (1, 5))",8,4,12.0,8,,,pruned,,,1662
"(((1, 3), (1, 4), (2, 2), (3, 1), (3, 4), (4, 2), (4, 3), (4, 5)), (1, 5))","(((1, 3), (1, 4), (2, 2), (3, 2), (3, 4), (4, 2), (4, 3), (4, 5)), (1, 5))",8,4,12.0,8,,,pruned,,,1663
"(((1, 3), (1, 4), (2, 2), (3, 2), (3, 4), (4, 2), (4, 3), (4, 5)), (1, 5))","(((1, 3), (1, 4), (2, 2), (3, 2), (3, 5), (4, 2), (4, 3), (4, 5)), (1, 5))",7,3.0,10.0,7,12,4,expanded,False,True,1664
"(((1, 3), (1, 4), (2, 2), (3, 2), (3, 3), (3, 5), (4, 3), (5, 4)), (1, 5))","(((1, 3), (1, 4), (2, 2), (3, 2), (3, 3), (3, 5), (4, 3), (4, 4)), (1, 5))",8,4,12.0,8,,,pruned,,,1665
"(((1, 3), (1, 4), (2, 2), (3, 2), (3, 3), (3, 6), (4, 3), (4, 4)), (1, 5))","(((1, 3), (1, 4), (2, 2), (3, 2), (3, 3), (3, 5), (4, 3), (4, 4)), (1, 5))",8,4,12.0,8,,,pruned,,,1666
"(((1, 3), (1, 4), (2, 2), (3, 2), (3, 3), (3, 5), (4, 3), (4, 4)), (1, 5))","(((1, 3), (1, 4), (2, 2), (3, 2), (3, 3), (3, 5), (4, 3), (4, 5)), (1, 5))",7,3.0,10.0,7,6,2,expanded,False,True,1667
"(((1, 3), (1, 4), (2, 2), (3, 2), (3, 3), (3, 4), (4, 3), (5, 5)), (1, 5))","(((1, 3), (1, 4), (2, 2), (3, 2), (3, 3), (3, 4), (4, 3), (4, 5)), (1, 5))",8,4,12.0,8,,,pruned,,,1668
"(((1, 3), (1, 4), (2, 2), (3, 2), (3, 3), (3, 4), (4, 3), (4, 6)), (1, 5))","(((1, 3), (1, 4), (2, 2), (3, 2), (3, 3), (3, 4), (4, 3), (4, 5)), (1, 5))",8,4,12.0,8,,,pruned,,,1669
"(((1, 3), (1, 4), (2, 2), (3, 2), (3, 3), (3, 4), (4, 3), (4, 5)), (1, 5))","(((1, 3), (1, 4), (2, 2), (3, 2), (3, 3), (3, 5), (4, 3), (4, 5)), (1, 5))",7,3.0,10.0,7,8,2,expanded,False,True,1670
"(((1, 2), (1, 3), (1, 4), (2, 5), (3, 2), (3, 5), (4, 3), (4, 4)), (2, 6))","(((1, 2), (1, 3), (1, 4), (2, 5), (3, 2), (3, 5), (4, 3), (4, 5)), (2, 2))",7,3.0,10.0,7,6,0,expanded,False,True,1671
"(((1, 2), (1, 3), (1, 4), (2, 2), (2, 5), (3, 5), (4, 3), (4, 6)), (2, 3))","(((1, 2), (1, 3), (1, 4), (2, 2), (2, 5), (3, 5), (4, 3), (4, 5)), (2, 3))",8,4,12.0,8,,,pruned,,,1672
"(((1, 2), (1, 3), (1, 4), (2, 2), (2, 5), (3, 5), (4, 5), (5, 3)), (2, 3))","(((1, 2), (1, 3), (1, 4), (2, 2), (2, 5), (3, 5), (4, 3), (4, 5)), (2, 3))",8,4,12.0,8,,,pruned,,,1673
"(((1, 2), (1, 3), (1, 4), (2, 2), (2, 6), (3, 5), (4, 3), (4, 5)), (1, 5))","(((1, 2), (1, 3), (1, 4), (2, 2), (2, 5), (3, 5), (4, 3), (4, 5)), (2, 3))",8,4,12.0,8,,,pruned,,,1674
"(((1, 2), (1, 3), (1, 4), (2, 2), (2, 5), (3, 6), (4, 3), (4, 5)), (2, 3))","(((1, 2), (1, 3), (1, 4), (2, 2), (2, 5), (3, 5), (4, 3), (4, 5)), (2, 3))",8,4,12.0,8,,,pruned,,,1675
"(((1, 2), (1, 3), (1, 4), (2, 2), (2, 5), (3, 5), (4, 3), (4, 5)), (2, 3))","(((1, 2), (1, 3), (1, 4), (2, 5), (3, 2), (3, 5), (4, 3), (4, 5)), (2, 2))",7,3.0,10.0,7,10,4,expanded,False,True,1676
"(((1, 2), (1, 3), (1, 4), (2, 5), (3, 2), (3, 4), (4, 3), (5, 5)), (2, 6))","(((1, 2), (1, 3), (1, 4), (2, 5), (3, 2), (3, 4), (4, 3), (4, 5)), (2, 6))",8,4,12.0,8,,,pruned,,,1677
"(((1, 2), (1, 3), (1, 4), (2, 5), (3, 2), (3, 4), (4, 3), (4, 6)), (2, 6))","(((1, 2), (1, 3), (1, 4), (2, 5), (3, 2), (3, 4), (4, 3), (4, 5)), (2, 6))",8,4,12.0,8,,,pruned,,,1678
"(((1, 2), (1, 3), (1, 4), (2, 5), (3, 2), (3, 4), (4, 3), (4, 5)), (2, 6))","(((1, 2), (1, 3), (1, 4), (2, 5), (3, 2), (3, 5), (4, 3), (4, 5)), (2, 2))",7,3.0,10.0,7,13,2,expanded,False,True,1679
"(((1, 2), (1, 4), (2, 2), (2, 3), (2, 5), (3, 5), (4, 3), (5, 4)), (2, 4))","(((1, 2), (1, 4), (2, 2), (2, 3), (2, 5), (3, 5), (4, 3), (4, 4)), (2, 4))",8,4,12.0,8,,,pruned,,,1680
"(((1, 2), (1, 4), (2, 2), (2, 3), (2, 5), (3, 5), (4, 4), (5, 3)), (2, 4))","(((1, 2), (1, 4), (2, 2), (2, 3), (2, 5), (3, 5), (4, 3), (4, 4)), (2, 4))",8,4,12.0,8,,,pruned,,,1681
"(((1, 2), (1, 4), (2, 2), (2, 3), (2, 6), (3, 5), (4, 3), (4, 4)), (1, 5))","(((1, 2), (1, 4), (2, 2), (2, 3), (2, 5), (3, 5), (4, 3), (4, 4)), (2, 4))",8,4,12.0,8,,,pruned,,,1682
"(((1, 2), (1, 4), (2, 2), (2, 3), (2, 5), (3, 6), (4, 3), (4, 4)), (2, 4))","(((1, 2), (1, 4), (2, 2), (2, 3), (2, 5), (3, 5), (4, 3), (4, 4)), (2, 4))",8,4,12.0,8,,,pruned,,,1683
"(((1, 2), (1, 4), (2, 2), (2, 3), (2, 5), (3, 5), (4, 3), (4, 4)), (2, 4))","(((1, 2), (1, 4), (2, 3), (2, 5), (3, 2), (3, 5), (4, 3), (4, 4)), (2, 6))",7,3.0,10.0,7,9,4,expanded,False,True,1684
"(((1, 2), (1, 4), (2, 3), (2, 5), (3, 2), (3, 4), (4, 3), (4, 4)), (2, 6))","(((1, 2), (1, 4), (2, 3), (2, 5), (3, 2), (3, 5), (4, 3), (4, 4)), (2, 6))",7,3.0,10.0,7,6,0,expanded,False,True,1685
"(((1, 2), (1, 4), (2, 2), (2, 3), (2, 5), (3, 4), (4, 3), (5, 5)), (2, 6))","(((1, 2), (1, 4), (2, 2), (2, 3), (2, 5), (3, 4), (4, 3), (4, 5)), (2, 6))",8,4,12.0,8,,,pruned,,,1686
"(((1, 2), (1, 4), (2, 2), (2, 3), (2, 5), (3, 4), (4, 3), (4, 6)), (2, 6))","(((1, 2), (1, 4), (2, 2), (2, 3), (2, 5), (3, 4), (4, 3), (4, 5)), (2, 6))",8,4,12.0,8,,,pruned,,,1687
"(((1, 2), (1, 4), (2, 2), (2, 3), (2, 5), (3, 4), (4, 5), (5, 3)), (2, 6))","(((1, 2), (1, 4), (2, 2), (2, 3), (2, 5), (3, 4), (4, 3), (4, 5)), (2, 6))",8,4,12.0,8,,,pruned,,,1688
"(((1, 2), (1, 4), (2, 2), (2, 3), (2, 5), (3, 4), (4, 3), (4, 5)), (2, 6))","(((1, 2), (1, 4), (2, 2), (2, 3), (2, 5), (3, 5), (4, 3), (4, 5)), (2, 4))",7,3.0,10.0,7,14,3,expanded,False,True,1689
"(((1, 2), (1, 4), (1, 5), (2, 3), (3, 2), (3, 4), (4, 3), (5, 5)), (2, 4))","(((1, 2), (1, 4), (1, 5), (2, 3), (3, 2), (3, 4), (4, 3), (4, 5)), (2, 4))",8,4,12.0,8,,,pruned,,,1690
"(((1, 2), (1, 4), (1, 5), (2, 3), (3, 2), (3, 4), (4, 3), (4, 6)), (2, 4))","(((1, 2), (1, 4), (1, 5), (2, 3), (3, 2), (3, 4), (4, 3), (4, 5)), (2, 4))",8,4,12.0,8,,,pruned,,,1691
"(((1, 2), (1, 4), (1, 5), (2, 3), (3, 2), (3, 4), (4, 3), (4, 5)), (2, 4))","(((1, 2), (1, 4), (2, 3), (2, 5), (3, 2), (3, 4), (4, 3), (4, 5)), (2, 6))",7,3.0,10.0,7,13,2,expanded,False,True,1692
"(((1, 3), (1, 4), (2, 2), (2, 3), (3, 3), (3, 5), (4, 3), (5, 4)), (1, 5))","(((1, 3), (1, 4), (2, 2), (2, 3), (3, 3), (3, 5), (4, 3), (4, 4)), (1, 5))",8,4,12.0,8,,,pruned,,,1693
"(((1, 3), (1, 4), (2, 2), (2, 3), (3, 3), (3, 6), (4, 3), (4, 4)), (1, 5))","(((1, 3), (1, 4), (2, 2), (2, 3), (3, 3), (3, 5), (4, 3), (4, 4)), (1, 5))",8,4,12.0,8,,,pruned,,,1694
"(((1, 3), (1, 4), (2, 2), (2, 3), (3, 3), (3, 5), (4, 3), (4, 4)), (1, 5))","(((1, 3), (1, 4), (2, 2), (2, 3), (3, 3), (3, 5), (4, 3), (4, 5)), (1, 5))",7,3.0,10.0,7,9,2,expanded,False,True,1695
"(((1, 3), (1, 4), (2, 2), (2, 3), (3, 3), (3, 4), (4, 3), (5, 5)), (1, 5))","(((1, 3), (1, 4), (2, 2), (2, 3), (3, 3), (3, 4), (4, 3), (4, 5)), (1, 5))",8,4,12.0,8,,,pruned,,,1696
"(((1, 3), (1, 4), (2, 2), (2, 3), (3, 3), (3, 4), (4, 3), (4, 6)), (1, 5))","(((1, 3), (1, 4), (2, 2), (2, 3), (3, 3), (3, 4), (4, 3), (4, 5)), (1, 5))",8,4,12.0,8,,,pruned,,,1697
"(((1, 3), (1, 4), (2, 2), (2, 3), (3, 3), (3, 4), (4, 3), (4, 5)), (1, 5))","(((1, 3), (1, 4), (2, 2), (2, 3), (3, 3), (3, 5), (4, 3), (4, 5)), (1, 5))",7,3.0,10.0,7,9,2,expanded,False,True,1698
"(((1, 3), (1, 4), (2, 2), (2, 5), (3, 5), (4, 2), (4, 3), (5, 4)), (2, 3))","(((1, 3), (1, 4), (2, 2), (2, 5), (3, 5), (4, 2), (4, 3), (4, 4)), (2, 3))",8,4,12.0,8,,,pruned,,,1699
"(((1, 3), (1, 4), (2, 2), (2, 5), (3, 5), (4, 2), (4, 4), (5, 3)), (2, 3))","(((1, 3), (1, 4), (2, 2), (2, 5), (3, 5), (4, 2), (4, 3), (4, 4)), (2, 3))",8,4,12.0,8,,,pruned,,,1700
"(((1, 3), (1, 4), (2, 2), (2, 6), (3, 5), (4, 2), (4, 3), (4, 4)), (1, 5))","(((1, 3), (1, 4), (2, 2), (2, 5), (3, 5), (4, 2), (4, 3), (4, 4)), (2, 3))",8,4,12.0,8,,,pruned,,,1701
"(((1, 3), (1, 4), (2, 2), (2, 5), (3, 6), (4, 2), (4, 3), (4, 4)), (2, 3))","(((1, 3), (1, 4), (2, 2), (2, 5), (3, 5), (4, 2), (4, 3), (4, 4)), (2, 3))",8,4,12.0,8,,,pruned,,,1702
"(((1, 3), (1, 4), (2, 2), (2, 5), (3, 5), (4, 3), (4, 4), (5, 2)), (2, 3))","(((1, 3), (1, 4), (2, 2), (2, 5), (3, 5), (4, 2), (4, 3), (4, 4)), (2, 3))",8,4,12.0,8,,,pruned,,,1703
"(((1, 3), (1, 4), (2, 2), (2, 5), (3, 5), (4, 2), (4, 3), (4, 4)), (2, 3))","(((1, 3), (1, 4), (2, 2), (2, 5), (3, 5), (4, 2), (4, 3), (4, 5)), (2, 3))",7,3.0,10.0,7,11,5,expanded,False,True,1704
"(((1, 3), (1, 4), (2, 2), (2, 5), (3, 4), (4, 2), (4, 3), (5, 5)), (2, 3))","(((1, 3), (1, 4), (2, 2), (2, 5), (3, 4), (4, 2), (4, 3), (4, 5)), (2, 3))",8,4,12.0,8,,,pruned,,,1705
"(((1, 3), (1, 4), (2, 2), (2, 5), (3, 4), (4, 2), (4, 3), (4, 6)), (2, 3))","(((1, 3), (1, 4), (2, 2), (2, 5), (3, 4), (4, 2), (4, 3), (4, 5)), (2, 3))",8,4,12.0,8,,,pruned,,,1706
"(((1, 3), (1, 4), (2, 2), (2, 5), (3, 4), (4, 2), (4, 5), (5, 3)), (2, 3))","(((1, 3), (1, 4), (2, 2), (2, 5), (3, 4), (4, 2), (4, 3), (4, 5)), (2, 3))",8,4,12.0,8,,,pruned,,,1707
"(((1, 3), (1, 4), (2, 2), (2, 6), (3, 4), (4, 2), (4, 3), (4, 5)), (1, 5))","(((1, 3), (1, 4), (2, 2), (2, 5), (3, 4), (4, 2), (4, 3), (4, 5)), (2, 3))",8,4,12.0,8,,,pruned,,,1708
"(((1, 3), (1, 4), (2, 2), (2, 5), (3, 4), (4, 3), (4, 5), (5, 2)), (2, 3))","(((1, 3), (1, 4), (2, 2), (2, 5), (3, 4), (4, 2), (4, 3), (4, 5)), (2, 3))",8,4,12.0,8,,,pruned,,,1709
"(((1, 3), (1, 4), (2, 2), (2, 5), (3, 4), (4, 2), (4, 3), (4, 5)), (2, 3))","(((1, 3), (1, 4), (2, 2), (2, 5), (3, 5), (4, 2), (4, 3), (4, 5)), (2, 3))",7,3.0,10.0,7,16,5,expanded,False,True,1710
"(((1, 3), (1, 5), (2, 2), (2, 5), (3, 2), (3, 5), (4, 3), (4, 4)), (2, 6))","(((1, 3), (1, 5), (2, 2), (2, 5), (3, 2), (3, 5), (4, 2), (4, 4)), (1, 4))",7,3.0,10.0,7,5,0,expanded,False,True,1711
"(((1, 3), (1, 5), (2, 2), (2, 5), (3, 2), (3, 4), (4, 3), (5, 5)), (2, 6))","(((1, 3), (1, 5), (2, 2), (2, 5), (3, 2), (3, 4), (4, 3), (4, 5)), (2, 6))",8,4,12.0,8,,,pruned,,,1712
"(((1, 3), (1, 5), (2, 2), (2, 5), (3, 2), (3, 4), (4, 3), (4, 6)), (2, 6))","(((1, 3), (1, 5), (2, 2), (2, 5), (3, 2), (3, 4), (4, 3), (4, 5)), (2, 6))",8,4,12.0,8,,,pruned,,,1713
"(((1, 3), (1, 5), (2, 2), (2, 5), (3, 2), (3, 4), (4, 3), (4, 5)), (2, 6))","(((1, 3), (1, 5), (2, 2), (2, 5), (3, 2), (3, 4), (4, 2), (4, 5)), (1, 4))",7,3.0,10.0,7,11,2,expanded,False,True,1714
"(((1, 3), (1, 4), (2, 2), (3, 2), (3, 3), (3, 4), (4, 1), (4, 4)), (1, 5))","(((1, 3), (1, 4), (2, 2), (3, 2), (3, 3), (3, 4), (4, 2), (4, 4)), (1, 5))",8,4,12.0,8,,,pruned,,,1715
"(((1, 3), (1, 4), (2, 2), (3, 2), (3, 3), (3, 4), (4, 2), (4, 4)), (1, 5))","(((1, 3), (1, 4), (2, 2), (3, 2), (3, 3), (3, 5), (4, 2), (4, 4)), (1, 5))",7,3.0,10.0,7,6,1,expanded,False,True,1716
"(((1, 3), (1, 4), (2, 3), (3, 2), (3, 3), (3, 4), (4, 3), (4, 4)), (1, 5))","(((1, 3), (1, 4), (2, 3), (3, 2), (3, 3), (3, 5), (4, 3), (4, 4)), (1, 5))",7,3.0,10.0,7,2,0,expanded,False,True,1717
"(((1, 2), (1, 3), (2, 2), (2, 4), (2, 5), (3, 5), (4, 3), (5, 4)), (2, 3))","(((1, 2), (1, 3), (2, 2), (2, 4), (2, 5), (3, 5), (4, 3), (4, 4)), (2, 3))",8,4,12.0,8,,,pruned,,,1718
"(((1, 2), (1, 3), (2, 2), (2, 4), (2, 5), (3, 5), (4, 4), (5, 3)), (2, 3))","(((1, 2), (1, 3), (2, 2), (2, 4), (2, 5), (3, 5), (4, 3), (4, 4)), (2, 3))",8,4,12.0,8,,,pruned,,,1719
"(((1, 2), (1, 3), (2, 2), (2, 4), (2, 5), (3, 6), (4, 3), (4, 4)), (2, 3))","(((1, 2), (1, 3), (2, 2), (2, 4), (2, 5), (3, 5), (4, 3), (4, 4)), (2, 3))",8,4,12.0,8,,,pruned,,,1720
"(((1, 2), (1, 3), (2, 2), (2, 4), (2, 5), (3, 5), (4, 3), (4, 4)), (2, 3))","(((1, 2), (1, 3), (2, 4), (2, 5), (3, 2), (3, 5), (4, 3), (4, 4)), (2, 6))",7,3.0,10.0,7,7,3,expanded,False,True,1721
"(((1, 2), (1, 3), (2, 4), (2, 5), (3, 2), (3, 4), (4, 3), (4, 4)), (2, 6))","(((1, 2), (1, 3), (2, 4), (2, 5), (3, 2), (3, 5), (4, 3), (4, 4)), (2, 6))",7,3.0,10.0,7,5,0,expanded,False,True,1722
"(((1, 2), (1, 3), (2, 2), (2, 4), (2, 5), (3, 4), (4, 3), (5, 5)), (2, 3))","(((1, 2), (1, 3), (2, 2), (2, 4), (2, 5), (3, 4), (4, 3), (4, 5)), (2, 3))",8,4,12.0,8,,,pruned,,,1723
"(((1, 2), (1, 3), (2, 2), (2, 4), (2, 5), (3, 4), (4, 3), (4, 6)), (2, 3))","(((1, 2), (1, 3), (2, 2), (2, 4), (2, 5), (3, 4), (4, 3), (4, 5)), (2, 3))",8,4,12.0,8,,,pruned,,,1724
"(((1, 2), (1, 3), (2, 2), (2, 4), (2, 5), (3, 4), (4, 5), (5, 3)), (2, 3))","(((1, 2), (1, 3), (2, 2), (2, 4), (2, 5), (3, 4), (4, 3), (4, 5)), (2, 3))",8,4,12.0,8,,,pruned,,,1725
"(((1, 2), (1, 3), (2, 2), (2, 4), (2, 5), (3, 4), (4, 3), (4, 5)), (2, 3))","(((1, 2), (1, 3), (2, 2), (2, 4), (2, 5), (3, 5), (4, 3), (4, 5)), (2, 3))",7,3.0,10.0,7,11,3,expanded,False,True,1726
"(((1, 2), (1, 3), (1, 5), (2, 4), (3, 2), (3, 4), (4, 3), (5, 5)), (2, 5))","(((1, 2), (1, 3), (1, 5), (2, 4), (3, 2), (3, 4), (4, 3), (4, 5)), (2, 5))",8,4,12.0,8,,,pruned,,,1727
"(((1, 2), (1, 3), (1, 5), (2, 4), (3, 2), (3, 4), (4, 3), (4, 6)), (2, 5))","(((1, 2), (1, 3), (1, 5), (2, 4), (3, 2), (3, 4), (4, 3), (4, 5)), (2, 5))",8,4,12.0,8,,,pruned,,,1728
"(((1, 2), (1, 3), (1, 5), (2, 4), (3, 2), (3, 4), (4, 3), (4, 5)), (2, 5))","(((1, 2), (1, 3), (2, 4), (2, 5), (3, 2), (3, 4), (4, 3), (4, 5)), (2, 6))",7,3.0,10.0,7,11,2,expanded,False,True,1729
"(((1, 2), (2, 2), (2, 3), (2, 4), (2, 5), (3, 4), (4, 4), (5, 3)), (3, 1))","(((1, 2), (2, 2), (2, 3), (2, 4), (2, 5), (3, 4), (4, 3), (4, 4)), (2, 6))",8,4,12.0,8,,,pruned,,,1730
"(((1, 2), (2, 2), (2, 3), (2, 4), (2, 5), (3, 4), (4, 3), (4, 4)), (2, 6))","(((1, 2), (2, 2), (2, 3), (2, 4), (2, 5), (3, 5), (4, 3), (4, 4)), (2, 6))",7,3.0,10.0,7,6,1,expanded,False,True,1731
"(((1, 2), (1, 5), (2, 3), (2, 4), (3, 2), (3, 4), (4, 3), (4, 4)), (2, 5))","(((1, 2), (2, 3), (2, 4), (2, 5), (3, 2), (3, 4), (4, 3), (4, 4)), (2, 6))",7,3.0,10.0,7,4,0,expanded,False,True,1732
"(((1, 2), (1, 5), (2, 2), (2, 3), (2, 4), (3, 4), (4, 3), (5, 5)), (2, 5))","(((1, 2), (1, 5), (2, 2), (2, 3), (2, 4), (3, 4), (4, 3), (4, 5)), (2, 5))",8,4,12.0,8,,,pruned,,,1733
"(((1, 2), (1, 5), (2, 2), (2, 3), (2, 4), (3, 4), (4, 3), (4, 6)), (2, 5))","(((1, 2), (1, 5), (2, 2), (2, 3), (2, 4), (3, 4), (4, 3), (4, 5)), (2, 5))",8,4,12.0,8,,,pruned,,,1734
"(((1, 2), (1, 5), (2, 2), (2, 3), (2, 4), (3, 4), (4, 5), (5, 3)), (2, 5))","(((1, 2), (1, 5), (2, 2), (2, 3), (2, 4), (3, 4), (4, 3), (4, 5)), (2, 5))",8,4,12.0,8,,,pruned,,,1735
"(((1, 2), (1, 5), (2, 2), (2, 3), (2, 4), (3, 4), (4, 3), (4, 5)), (2, 5))","(((1, 2), (2, 2), (2, 3), (2, 4), (2, 5), (3, 4), (4, 3), (4, 5)), (2, 6))",7,3.0,10.0,7,11,3,expanded,False,True,1736
"(((1, 2), (1, 4), (1, 5), (3, 3), (3, 4), (4, 3), (4, 4), (5, 2)), (1, 3))","(((1, 2), (1, 4), (1, 5), (3, 3), (3, 4), (4, 2), (4, 3), (4, 4)), (1, 3))",9,3,12.0,9,,,pruned,,,1737
"(((1, 2), (1, 4), (1, 5), (3, 3), (3, 4), (4, 2), (4, 3), (4, 4)), (1, 3))","(((1, 4), (1, 5), (2, 2), (3, 3), (3, 4), (4, 2), (4, 3), (4, 4)), (1, 2))",8,2.0,10.0,8,2,1,expanded,False,True,1738
"(((1, 2), (1, 3), (1, 4), (2, 4), (3, 4), (3, 5), (4, 4), (5, 3)), (2, 2))","(((1, 2), (1, 3), (1, 4), (2, 4), (3, 4), (3, 5), (4, 3), (4, 4)), (1, 5))",9,3,12.0,9,,,pruned,,,1739
"(((1, 2), (1, 3), (1, 4), (2, 4), (3, 4), (3, 5), (4, 3), (4, 4)), (1, 5))","(((1, 2), (1, 3), (1, 4), (2, 5), (3, 4), (3, 5), (4, 3), (4, 4)), (2, 2))",8,2.0,10.0,8,6,1,expanded,False,True,1740
"(((1, 3), (1, 4), (2, 2), (2, 3), (3, 4), (3, 5), (4, 4), (5, 3)), (3, 1))","(((1, 3), (1, 4), (2, 2), (2, 3), (3, 4), (3, 5), (4, 3), (4, 4)), (1, 5))",9,3,12.0,9,,,pruned,,,1741
"(((1, 3), (1, 4), (2, 2), (2, 3), (3, 4), (3, 5), (4, 3), (4, 4)), (1, 5))","(((1, 3), (1, 4), (2, 2), (2, 4), (3, 4), (3, 5), (4, 3), (4, 4)), (1, 5))",8,2.0,10.0,8,5,1,expanded,False,True,1742
"(((1, 3), (1, 4), (2, 2), (2, 4), (3, 4), (4, 3), (4, 4), (5, 5)), (1, 5))","(((1, 3), (1, 4), (2, 2), (2, 4), (3, 4), (4, 3), (4, 4), (4, 5)), (1, 5))",9,3,12.0,9,,,pruned,,,1743
"(((1, 3), (1, 4), (2, 2), (2, 4), (3, 4), (4, 4), (4, 5), (5, 3)), (2, 3))","(((1, 3), (1, 4), (2, 2), (2, 4), (3, 4), (4, 3), (4, 4), (4, 5)), (1, 5))",9,3,12.0,9,,,pruned,,,1744
"(((1, 3), (1, 4), (2, 2), (2, 4), (3, 4), (4, 3), (4, 4), (4, 5)), (1, 5))","(((1, 3), (1, 4), (2, 2), (2, 4), (3, 4), (3, 5), (4, 3), (4, 4)), (1, 5))",8,2.0,10.0,8,9,2,expanded,False,True,1745
"(((1, 3), (1, 4), (2, 2), (2, 4), (2, 5), (3, 4), (4, 4), (5, 3)), (2, 3))","(((1, 3), (1, 4), (2, 2), (2, 4), (2, 5), (3, 4), (4, 3), (4, 4)), (2, 3))",9,3,12.0,9,,,pruned,,,1746
"(((1, 3), (1, 4), (2, 2), (2, 4), (2, 5), (3, 4), (4, 3), (4, 4)), (2, 3))","(((1, 3), (1, 4), (2, 2), (2, 4), (3, 4), (3, 5), (4, 3), (4, 4)), (1, 5))",8,2.0,10.0,8,6,1,expanded,False,True,1747
"(((1, 2), (1, 4), (1, 5), (2, 4), (3, 3), (3, 4), (4, 3), (4, 4)), (1, 3))","(((1, 2), (1, 4), (1, 5), (2, 3), (3, 3), (3, 4), (4, 3), (4, 4)), (2, 2))",8,2.0,10.0,8,2,0,expanded,False,True,1748
"(((1, 3), (1, 4), (1, 5), (2, 2), (3, 2), (3, 4), (4, 2), (5, 3)), (2, 3))","(((1, 3), (1, 4), (1, 5), (2, 2), (3, 2), (3, 4), (4, 2), (4, 3)), (2, 3))",9,3,12.0,9,,,pruned,,,1749
"(((1, 3), (1, 4), (1, 5), (2, 2), (3, 1), (3, 4), (4, 2), (4, 3)), (2, 3))","(((1, 3), (1, 4), (1, 5), (2, 2), (3, 2), (3, 4), (4, 2), (4, 3)), (2, 3))",9,3,12.0,9,,,pruned,,,1750
"(((1, 3), (1, 4), (1, 5), (2, 2), (3, 2), (3, 4), (4, 2), (4, 3)), (2, 3))","(((1, 3), (1, 4), (1, 5), (2, 2), (3, 2), (3, 4), (4, 2), (4, 4)), (2, 3))",8,2.0,10.0,8,8,2,expanded,False,True,1751
"(((1, 3), (1, 4), (1, 5), (2, 2), (3, 3), (3, 4), (4, 4), (5, 2)), (2, 3))","(((1, 3), (1, 4), (1, 5), (2, 2), (3, 3), (3, 4), (4, 2), (4, 4)), (2, 3))",9,3,12.0,9,,,pruned,,,1752
"(((1, 3), (1, 4), (1, 5), (2, 2), (3, 3), (3, 4), (4, 1), (4, 4)), (2, 3))","(((1, 3), (1, 4), (1, 5), (2, 2), (3, 3), (3, 4), (4, 2), (4, 4)), (2, 3))",9,3,12.0,9,,,pruned,,,1753
"(((1, 3), (1, 4), (1, 5), (2, 2), (3, 3), (3, 4), (4, 2), (4, 4)), (2, 3))","(((1, 3), (1, 4), (1, 5), (2, 2), (3, 2), (3, 4), (4, 2), (4, 4)), (2, 3))",8,2.0,10.0,8,9,2,expanded,False,True,1754
"(((1, 4), (1, 5), (2, 2), (3, 2), (3, 4), (3, 5), (4, 4), (5, 3)), (1, 2))","(((1, 4), (1, 5), (2, 2), (3, 2), (3, 4), (3, 5), (4, 3), (4, 4)), (1, 2))",9,3,12.0,9,,,pruned,,,1755
"(((1, 4), (1, 5), (2, 2), (3, 1), (3, 4), (3, 5), (4, 3), (4, 4)), (1, 2))","(((1, 4), (1, 5), (2, 2), (3, 2), (3, 4), (3, 5), (4, 3), (4, 4)), (1, 2))",9,3,12.0,9,,,pruned,,,1756
"(((1, 4), (1, 5), (2, 2), (3, 2), (3, 4), (3, 5), (4, 3), (4, 4)), (1, 2))","(((1, 4), (1, 5), (2, 2), (3, 2), (3, 4), (4, 3), (4, 4), (4, 5)), (1, 2))",8,2.0,10.0,8,6,2,expanded,False,True,1757
"(((1, 4), (1, 5), (2, 2), (3, 3), (3, 4), (4, 3), (4, 4), (5, 5)), (1, 2))","(((1, 4), (1, 5), (2, 2), (3, 3), (3, 4), (4, 3), (4, 4), (4, 5)), (1, 2))",9,3,12.0,9,,,pruned,,,1758
"(((1, 4), (1, 5), (2, 2), (3, 3), (3, 4), (4, 3), (4, 4), (4, 5)), (1, 2))","(((1, 4), (1, 5), (2, 2), (3, 2), (3, 4), (4, 3), (4, 4), (4, 5)), (1, 2))",8,2.0,10.0,8,4,1,expanded,False,True,1759
"(((1, 2), (1, 4), (1, 5), (2, 2), (3, 3), (3, 4), (3, 5), (4, 3)), (1, 3))","(((1, 2), (1, 4), (1, 5), (2, 2), (3, 3), (3, 4), (4, 3), (4, 5)), (1, 3))",8,2.0,10.0,8,6,0,expanded,False,True,1760
"(((1, 2), (1, 4), (1, 5), (2, 2), (3, 3), (4, 3), (4, 5), (5, 4)), (1, 3))","(((1, 2), (1, 4), (1, 5), (2, 2), (3, 3), (4, 3), (4, 4), (4, 5)), (1, 3))",9,3,12.0,9,,,pruned,,,1761
"(((1, 2), (1, 4), (1, 5), (2, 2), (3, 3), (4, 3), (4, 4), (5, 5)), (1, 3))","(((1, 2), (1, 4), (1, 5), (2, 2), (3, 3), (4, 3), (4, 4), (4, 5)), (1, 3))",9,3,12.0,9,,,pruned,,,1762
"(((1, 2), (1, 4), (1, 5), (2, 2), (3, 3), (4, 3), (4, 4), (4, 5)), (1, 3))","(((1, 2), (1, 4), (1, 5), (2, 2), (3, 3), (3, 4), (4, 3), (4, 5)), (1, 3))",8,2.0,10.0,8,6,2,expanded,False,True,1763
"(((1, 2), (1, 4), (1, 5), (2, 2), (3, 3), (3, 4), (4, 4), (5, 5)), (1, 3))","(((1, 2), (1, 4), (1, 5), (2, 2), (3, 3), (3, 4), (4, 4), (4, 5)), (1, 3))",9,3,12.0,9,,,pruned,,,1764
"(((1, 2), (1, 4), (1, 5), (2, 2), (3, 3), (3, 4), (4, 4), (4, 5)), (1, 3))","(((1, 2), (1, 4), (1, 5), (2, 2), (3, 3), (3, 4), (4, 3), (4, 5)), (1, 3))",8,2.0,10.0,8,4,1,expanded,False,True,1765
"(((1, 4), (1, 5), (2, 2), (2, 3), (3, 4), (3, 5), (4, 4), (5, 3)), (3, 1))","(((1, 4), (1, 5), (2, 2), (2, 3), (3, 4), (3, 5), (4, 3), (4, 4)), (2, 4))",9,3,12.0,9,,,pruned,,,1766
"(((1, 4), (1, 5), (2, 2), (2, 3), (3, 4), (3, 5), (4, 3), (4, 4)), (2, 4))","(((1, 4), (1, 5), (2, 2), (2, 3), (3, 4), (4, 3), (4, 4), (4, 5)), (2, 4))",8,2.0,10.0,8,6,1,expanded,False,True,1767
"(((1, 2), (1, 4), (1, 5), (2, 3), (3, 4), (4, 3), (4, 4), (5, 5)), (2, 4))","(((1, 2), (1, 4), (1, 5), (2, 3), (3, 4), (4, 3), (4, 4), (4, 5)), (2, 2))",9,3,12.0,9,,,pruned,,,1768
"(((1, 2), (1, 4), (1, 5), (2, 3), (3, 4), (4, 4), (4, 5), (5, 3)), (2, 2))","(((1, 2), (1, 4), (1, 5), (2, 3), (3, 4), (4, 3), (4, 4), (4, 5)), (2, 2))",9,3,12.0,9,,,pruned,,,1769
"(((1, 2), (1, 4), (1, 5), (2, 3), (3, 4), (4, 3), (4, 4), (4, 5)), (2, 2))","(((1, 4), (1, 5), (2, 2), (2, 3), (3, 4), (4, 3), (4, 4), (4, 5)), (2, 4))",8,2.0,10.0,8,9,2,expanded,False,True,1770
"(((1, 2), (1, 3), (1, 4), (2, 5), (3, 4), (4, 3), (4, 4), (5, 5)), (2, 6))","(((1, 2), (1, 3), (1, 4), (2, 5), (3, 4), (4, 3), (4, 4), (4, 5)), (2, 2))",9,3,12.0,9,,,pruned,,,1771
"(((1, 2), (1, 3), (1, 4), (2, 5), (3, 4), (4, 4), (4, 5), (5, 3)), (2, 2))","(((1, 2), (1, 3), (1, 4), (2, 5), (3, 4), (4, 3), (4, 4), (4, 5)), (2, 2))",9,3,12.0,9,,,pruned,,,1772
"(((1, 2), (1, 3), (1, 4), (2, 6), (3, 4), (4, 3), (4, 4), (4, 5)), (1, 5))","(((1, 2), (1, 3), (1, 4), (2, 5), (3, 4), (4, 3), (4, 4), (4, 5)), (2, 2))",9,3,12.0,9,,,pruned,,,1773
"(((1, 2), (1, 3), (1, 4), (2, 5), (3, 4), (4, 3), (4, 4), (4, 5)), (2, 2))","(((1, 3), (1, 4), (2, 2), (2, 5), (3, 4), (4, 3), (4, 4), (4, 5)), (2, 3))",8,2.0,10.0,8,9,3,expanded,False,True,1774
"(((1, 3), (1, 4), (2, 2), (2, 5), (3, 3), (3, 4), (4, 3), (4, 4)), (2, 6))","(((1, 3), (1, 4), (2, 2), (2, 5), (3, 2), (3, 4), (4, 3), (4, 4)), (2, 6))",8,2.0,10.0,8,3,0,expanded,False,True,1775
"(((1, 3), (1, 4), (2, 2), (2, 4), (3, 2), (3, 4), (4, 3), (4, 4)), (1, 5))","(((1, 3), (1, 4), (2, 2), (2, 5), (3, 2), (3, 4), (4, 3), (4, 4)), (2, 6))",8,2.0,10.0,8,4,0,expanded,False,True,1776
"(((1, 3), (1, 4), (1, 5), (2, 2), (3, 2), (3, 4), (4, 4), (5, 5)), (2, 3))","(((1, 3), (1, 4), (1, 5), (2, 2), (3, 2), (3, 4), (4, 4), (4, 5)), (2, 3))",9,3,12.0,9,,,pruned,,,1777
"(((1, 3), (1, 4), (1, 5), (2, 2), (3, 1), (3, 4), (4, 4), (4, 5)), (2, 3))","(((1, 3), (1, 4), (1, 5), (2, 2), (3, 2), (3, 4), (4, 4), (4, 5)), (2, 3))",9,3,12.0,9,,,pruned,,,1778
"(((1, 3), (1, 4), (1, 5), (2, 2), (3, 2), (3, 4), (4, 4), (4, 5)), (2, 3))","(((1, 3), (1, 4), (1, 5), (2, 2), (3, 2), (3, 4), (4, 3), (4, 5)), (2, 3))",8,2.0,10.0,8,6,2,expanded,False,True,1779
"(((1, 3), (1, 4), (1, 5), (2, 2), (3, 2), (3, 4), (3, 5), (5, 3)), (2, 3))","(((1, 3), (1, 4), (1, 5), (2, 2), (3, 2), (3, 4), (3, 5), (4, 3)), (2, 3))",9,3,12.0,9,,,pruned,,,1780
"(((1, 3), (1, 4), (1, 5), (2, 2), (3, 1), (3, 4), (3, 5), (4, 3)), (2, 3))","(((1, 3), (1, 4), (1, 5), (2, 2), (3, 2), (3, 4), (3, 5), (4, 3)), (2, 3))",9,3,12.0,9,,,pruned,,,1781
"(((1, 3), (1, 4), (1, 5), (2, 2), (3, 2), (3, 4), (3, 5), (4, 3)), (2, 3))","(((1, 3), (1, 4), (1, 5), (2, 2), (3, 2), (3, 4), (4, 3), (4, 5)), (2, 3))",8,2.0,10.0,8,10,2,expanded,False,True,1782
"(((1, 3), (1, 4), (1, 5), (2, 2), (3, 2), (4, 3), (4, 5), (5, 4)), (2, 3))","(((1, 3), (1, 4), (1, 5), (2, 2), (3, 2), (4, 3), (4, 4), (4, 5)), (2, 3))",9,3,12.0,9,,,pruned,,,1783
"(((1, 3), (1, 4), (1, 5), (2, 2), (3, 2), (4, 3), (4, 4), (5, 5)), (2, 3))","(((1, 3), (1, 4), (1, 5), (2, 2), (3, 2), (4, 3), (4, 4), (4, 5)), (2, 3))",9,3,12.0,9,,,pruned,,,1784
"(((1, 3), (1, 4), (1, 5), (2, 2), (3, 2), (4, 4), (4, 5), (5, 3)), (2, 3))","(((1, 3), (1, 4), (1, 5), (2, 2), (3, 2), (4, 3), (4, 4), (4, 5)), (2, 3))",9,3,12.0,9,,,pruned,,,1785
"(((1, 3), (1, 4), (1, 5), (2, 2), (3, 1), (4, 3), (4, 4), (4, 5)), (2, 3))","(((1, 3), (1, 4), (1, 5), (2, 2), (3, 2), (4, 3), (4, 4), (4, 5)), (2, 3))",9,3,12.0,9,,,pruned,,,1786
"(((1, 3), (1, 4), (1, 5), (2, 2), (3, 2), (4, 3), (4, 4), (4, 5)), (2, 3))","(((1, 3), (1, 4), (1, 5), (2, 2), (3, 2), (3, 4), (4, 3), (4, 5)), (2, 3))",8,2.0,10.0,8,8,4,expanded,False,True,1787
"(((1, 3), (1, 4), (1, 5), (2, 2), (3, 3), (3, 4), (4, 3), (5, 5)), (2, 3))","(((1, 3), (1, 4), (1, 5), (2, 2), (3, 3), (3, 4), (4, 3), (4, 5)), (2, 3))",9,3,12.0,9,,,pruned,,,1788
"(((1, 3), (1, 4), (1, 5), (2, 2), (3, 3), (3, 4), (4, 3), (4, 6)), (2, 3))","(((1, 3), (1, 4), (1, 5), (2, 2), (3, 3), (3, 4), (4, 3), (4, 5)), (2, 3))",9,3,12.0,9,,,pruned,,,1789
"(((1, 3), (1, 4), (1, 5), (2, 2), (3, 3), (3, 4), (4, 3), (4, 5)), (2, 3))","(((1, 3), (1, 4), (1, 5), (2, 2), (3, 2), (3, 4), (4, 3), (4, 5)), (2, 3))",8,2.0,10.0,8,9,2,expanded,False,True,1790
"(((1, 2), (1, 4), (2, 2), (2, 4), (3, 4), (3, 5), (4, 4), (5, 3)), (1, 3))","(((1, 2), (1, 4), (2, 2), (2, 4), (3, 4), (3, 5), (4, 3), (4, 4)), (1, 3))",9,3,12.0,9,,,pruned,,,1791
"(((1, 2), (1, 4), (2, 2), (2, 4), (3, 4), (3, 5), (4, 3), (4, 4)), (1, 3))","(((1, 2), (1, 4), (2, 2), (2, 5), (3, 4), (3, 5), (4, 3), (4, 4)), (1, 3))",8,2.0,10.0,8,8,1,expanded,False,True,1792
"(((1, 2), (1, 5), (2, 2), (2, 5), (3, 4), (3, 5), (4, 4), (5, 3)), (1, 3))","(((1, 2), (1, 5), (2, 2), (2, 5), (3, 4), (3, 5), (4, 3), (4, 4)), (1, 3))",9,3,12.0,9,,,pruned,,,1793
"(((1, 2), (1, 5), (2, 2), (2, 6), (3, 4), (3, 5), (4, 3), (4, 4)), (1, 3))","(((1, 2), (1, 5), (2, 2), (2, 5), (3, 4), (3, 5), (4, 3), (4, 4)), (1, 3))",9,3,12.0,9,,,pruned,,,1794
"(((1, 2), (1, 5), (2, 2), (2, 5), (3, 4), (3, 5), (4, 3), (4, 4)), (1, 3))","(((1, 2), (1, 4), (2, 2), (2, 5), (3, 4), (3, 5), (4, 3), (4, 4)), (1, 3))",8,2.0,10.0,8,4,2,expanded,False,True,1795
"(((1, 2), (1, 4), (2, 2), (2, 4), (3, 3), (3, 4), (4, 3), (4, 4)), (1, 5))","(((1, 2), (1, 4), (2, 2), (2, 5), (3, 3), (3, 4), (4, 3), (4, 4)), (2, 6))",8,2.0,10.0,8,2,0,expanded,False,True,1796
"(((1, 3), (1, 5), (2, 2), (2, 3), (3, 2), (3, 4), (4, 3), (4, 4)), (1, 4))","(((1, 3), (1, 5), (2, 2), (2, 4), (3, 2), (3, 4), (4, 3), (4, 4)), (2, 5))",8,2.0,10.0,8,4,0,expanded,False,True,1797
"(((1, 3), (1, 5), (2, 2), (2, 4), (3, 3), (3, 4), (4, 3), (4, 4)), (2, 5))","(((1, 3), (1, 5), (2, 2), (2, 4), (3, 2), (3, 4), (4, 3), (4, 4)), (2, 5))",8,2.0,10.0,8,2,0,expanded,False,True,1798
"(((1, 4), (1, 5), (2, 2), (3, 4), (4, 2), (4, 3), (4, 4), (5, 5)), (1, 2))","(((1, 4), (1, 5), (2, 2), (3, 4), (4, 2), (4, 3), (4, 4), (4, 5)), (1, 2))",9,3,12.0,9,,,pruned,,,1799
"(((1, 4), (1, 5), (2, 2), (3, 4), (4, 2), (4, 4), (4, 5), (5, 3)), (1, 2))","(((1, 4), (1, 5), (2, 2), (3, 4), (4, 2), (4, 3), (4, 4), (4, 5)), (1, 2))",9,3,12.0,9,,,pruned,,,1800
"(((1, 4), (1, 5), (2, 2), (3, 4), (4, 3), (4, 4), (4, 5), (5, 2)), (1, 2))","(((1, 4), (1, 5), (2, 2), (3, 4), (4, 2), (4, 3), (4, 4), (4, 5)), (1, 2))",9,3,12.0,9,,,pruned,,,1801
"(((1, 4), (1, 5), (2, 2), (3, 4), (4, 2), (4, 3), (4, 4), (4, 5)), (1, 2))","(((1, 4), (1, 5), (2, 2), (3, 3), (4, 2), (4, 3), (4, 4), (4, 5)), (1, 2))",8,2.0,10.0,8,10,3,expanded,False,True,1802
"(((1, 4), (1, 5), (2, 2), (2, 3), (2, 4), (3, 4), (4, 4), (5, 3)), (3, 1))","(((1, 4), (1, 5), (2, 2), (2, 3), (2, 4), (3, 4), (4, 3), (4, 4)), (2, 5))",9,3,12.0,9,,,pruned,,,1803
"(((1, 4), (1, 5), (2, 2), (2, 3), (2, 4), (3, 4), (4, 3), (4, 4)), (2, 5))","(((1, 4), (2, 2), (2, 3), (2, 4), (2, 5), (3, 4), (4, 3), (4, 4)), (2, 6))",8,2.0,10.0,8,6,1,expanded,False,True,1804
"(((1, 3), (1, 4), (1, 5), (2, 2), (3, 4), (4, 2), (4, 5), (5, 3)), (2, 3))","(((1, 3), (1, 4), (1, 5), (2, 2), (3, 4), (4, 2), (4, 3), (4, 5)), (2, 3))",9,3,12.0,9,,,pruned,,,1805
"(((1, 3), (1, 4), (1, 5), (2, 2), (3, 4), (4, 2), (4, 3), (5, 5)), (2, 3))","(((1, 3), (1, 4), (1, 5), (2, 2), (3, 4), (4, 2), (4, 3), (4, 5)), (2, 3))",9,3,12.0,9,,,pruned,,,1806
"(((1, 3), (1, 4), (1, 5), (2, 2), (3, 4), (4, 2), (4, 3), (4, 6)), (2, 3))","(((1, 3), (1, 4), (1, 5), (2, 2), (3, 4), (4, 2), (4, 3), (4, 5)), (2, 3))",9,3,12.0,9,,,pruned,,,1807
"(((1, 3), (1, 4), (1, 5), (2, 2), (3, 4), (4, 3), (4, 5), (5, 2)), (2, 3))","(((1, 3), (1, 4), (1, 5), (2, 2), (3, 4), (4, 2), (4, 3), (4, 5)), (2, 3))",9,3,12.0,9,,,pruned,,,1808
"(((1, 3), (1, 4), (1, 5), (2, 2), (3, 4), (4, 2), (4, 3), (4, 5)), (2, 3))","(((1, 3), (1, 4), (1, 5), (2, 2), (3, 3), (3, 4), (4, 2), (4, 5)), (2, 3))",8,2.0,10.0,8,13,4,expanded,False,True,1809
"(((1, 2), (1, 4), (2, 2), (2, 5), (3, 4), (4, 3), (4, 4), (5, 5)), (2, 6))","(((1, 2), (1, 4), (2, 2), (2, 5), (3, 4), (4, 3), (4, 4), (4, 5)), (1, 3))",9,3,12.0,9,,,pruned,,,1810
"(((1, 2), (1, 4), (2, 2), (2, 5), (3, 4), (4, 4), (4, 5), (5, 3)), (1, 3))","(((1, 2), (1, 4), (2, 2), (2, 5), (3, 4), (4, 3), (4, 4), (4, 5)), (1, 3))",9,3,12.0,9,,,pruned,,,1811
"(((1, 2), (1, 4), (2, 2), (2, 6), (3, 4), (4, 3), (4, 4), (4, 5)), (1, 3))","(((1, 2), (1, 4), (2, 2), (2, 5), (3, 4), (4, 3), (4, 4), (4, 5)), (1, 3))",9,3,12.0,9,,,pruned,,,1812
"(((1, 2), (1, 4), (2, 2), (2, 5), (3, 4), (4, 3), (4, 4), (4, 5)), (1, 3))","(((1, 2), (1, 4), (2, 2), (2, 5), (3, 5), (4, 3), (4, 4), (4, 5)), (1, 3))",8,2.0,10.0,8,10,3,expanded,False,True,1813
"(((1, 3), (1, 4), (1, 5), (2, 2), (2, 4), (3, 4), (4, 3), (5, 5)), (2, 3))","(((1, 3), (1, 4), (1, 5), (2, 2), (2, 4), (3, 4), (4, 3), (4, 5)), (2, 3))",9,3,12.0,9,,,pruned,,,1814
"(((1, 3), (1, 4), (1, 5), (2, 2), (2, 4), (3, 4), (4, 3), (4, 6)), (2, 3))","(((1, 3), (1, 4), (1, 5), (2, 2), (2, 4), (3, 4), (4, 3), (4, 5)), (2, 3))",9,3,12.0,9,,,pruned,,,1815
"(((1, 3), (1, 4), (1, 5), (2, 2), (2, 4), (3, 4), (4, 5), (5, 3)), (2, 3))","(((1, 3), (1, 4), (1, 5), (2, 2), (2, 4), (3, 4), (4, 3), (4, 5)), (2, 3))",9,3,12.0,9,,,pruned,,,1816
"(((1, 3), (1, 4), (1, 5), (2, 2), (2, 4), (3, 4), (4, 3), (4, 5)), (2, 3))","(((1, 4), (1, 5), (2, 2), (2, 3), (2, 4), (3, 4), (4, 3), (4, 5)), (2, 5))",8,2.0,10.0,8,13,3,expanded,False,True,1817
"(((1, 3), (1, 4), (2, 2), (3, 2), (3, 4), (4, 2), (4, 4), (5, 3)), (1, 5))","(((1, 3), (1, 4), (2, 2), (3, 2), (3, 4), (4, 2), (4, 3), (4, 4)), (1, 5))",9,3,12.0,9,,,pruned,,,1818
"(((1, 3), (1, 4), (2, 2), (3, 1), (3, 4), (4, 2), (4, 3), (4, 4)), (1, 5))","(((1, 3), (1, 4), (2, 2), (3, 2), (3, 4), (4, 2), (4, 3), (4, 4)), (1, 5))",9,3,12.0,9,,,pruned,,,1819
"(((1, 3), (1, 4), (2, 2), (3, 2), (3, 4), (4, 2), (4, 3), (4, 4)), (1, 5))","(((1, 3), (1, 4), (2, 2), (3, 2), (3, 5), (4, 2), (4, 3), (4, 4)), (1, 5))",8,2.0,10.0,8,6,2,expanded,False,True,1820
"(((1, 2), (1, 4), (2, 2), (2, 5), (3, 2), (3, 4), (4, 3), (4, 4)), (2, 6))","(((1, 2), (1, 4), (2, 2), (2, 5), (3, 2), (3, 5), (4, 3), (4, 4)), (2, 6))",8,2.0,10.0,8,5,0,expanded,False,True,1821
"(((1, 2), (1, 4), (1, 5), (2, 2), (3, 2), (3, 4), (4, 3), (5, 5)), (1, 3))","(((1, 2), (1, 4), (1, 5), (2, 2), (3, 2), (3, 4), (4, 3), (4, 5)), (1, 3))",9,3,12.0,9,,,pruned,,,1822
"(((1, 2), (1, 4), (1, 5), (2, 2), (3, 2), (3, 4), (4, 3), (4, 6)), (1, 3))","(((1, 2), (1, 4), (1, 5), (2, 2), (3, 2), (3, 4), (4, 3), (4, 5)), (1, 3))",9,3,12.0,9,,,pruned,,,1823
"(((1, 2), (1, 4), (1, 5), (2, 2), (3, 2), (3, 4), (4, 5), (5, 3)), (1, 3))","(((1, 2), (1, 4), (1, 5), (2, 2), (3, 2), (3, 4), (4, 3), (4, 5)), (1, 3))",9,3,12.0,9,,,pruned,,,1824
"(((1, 2), (1, 4), (1, 5), (2, 2), (3, 1), (3, 4), (4, 3), (4, 5)), (1, 3))","(((1, 2), (1, 4), (1, 5), (2, 2), (3, 2), (3, 4), (4, 3), (4, 5)), (1, 3))",9,3,12.0,9,,,pruned,,,1825
"(((1, 2), (1, 4), (1, 5), (2, 2), (3, 2), (3, 4), (4, 3), (4, 5)), (1, 3))","(((1, 2), (1, 4), (2, 2), (2, 5), (3, 2), (3, 4), (4, 3), (4, 5)), (2, 6))",8,2.0,10.0,8,14,4,expanded,False,True,1826
"(((1, 2), (1, 5), (2, 2), (2, 5), (3, 3), (3, 4), (4, 3), (4, 4)), (2, 6))","(((1, 2), (1, 5), (2, 2), (2, 5), (3, 3), (3, 5), (4, 3), (4, 4)), (2, 6))",8,2.0,10.0,8,1,0,expanded,False,True,1827
"(((1, 3), (1, 5), (2, 2), (2, 5), (3, 2), (3, 4), (4, 3), (4, 4)), (2, 6))","(((1, 3), (1, 5), (2, 2), (2, 5), (3, 2), (3, 4), (4, 2), (4, 4)), (1, 4))",8,2.0,10.0,8,4,0,expanded,False,True,1828
"(((1, 3), (1, 4), (2, 2), (3, 2), (3, 3), (3, 4), (4, 3), (4, 4)), (1, 5))","(((1, 3), (1, 4), (2, 2), (3, 2), (3, 3), (3, 5), (4, 3), (4, 4)), (1, 5))",8,2.0,10.0,8,0,0,expanded,False,True,1829
"(((1, 2), (1, 3), (1, 4), (2, 2), (2, 5), (3, 5), (4, 3), (5, 4)), (2, 3))","(((1, 2), (1, 3), (1, 4), (2, 2), (2, 5), (3, 5), (4, 3), (4, 4)), (2, 3))",9,3,12.0,9,,,pruned,,,1830
"(((1, 2), (1, 3), (1, 4), (2, 2), (2, 5), (3, 5), (4, 4), (5, 3)), (2, 3))","(((1, 2), (1, 3), (1, 4), (2, 2), (2, 5), (3, 5), (4, 3), (4, 4)), (2, 3))",9,3,12.0,9,,,pruned,,,1831
"(((1, 2), (1, 3), (1, 4), (2, 2), (2, 6), (3, 5), (4, 3), (4, 4)), (1, 5))","(((1, 2), (1, 3), (1, 4), (2, 2), (2, 5), (3, 5), (4, 3), (4, 4)), (2, 3))",9,3,12.0,9,,,pruned,,,1832
"(((1, 2), (1, 3), (1, 4), (2, 2), (2, 5), (3, 6), (4, 3), (4, 4)), (2, 3))","(((1, 2), (1, 3), (1, 4), (2, 2), (2, 5), (3, 5), (4, 3), (4, 4)), (2, 3))",9,3,12.0,9,,,pruned,,,1833
"(((1, 2), (1, 3), (1, 4), (2, 2), (2, 5), (3, 5), (4, 3), (4, 4)), (2, 3))","(((1, 2), (1, 3), (1, 4), (2, 5), (3, 2), (3, 5), (4, 3), (4, 4)), (2, 6))",8,2.0,10.0,8,8,4,expanded,False,True,1834
"(((1, 2), (1, 3), (1, 4), (2, 5), (3, 2), (3, 4), (4, 3), (4, 4)), (2, 6))","(((1, 2), (1, 3), (1, 4), (2, 5), (3, 2), (3, 5), (4, 3), (4, 4)), (2, 6))",8,2.0,10.0,8,6,0,expanded,False,True,1835
"(((1, 2), (1, 3), (1, 4), (2, 2), (2, 5), (3, 4), (4, 3), (5, 5)), (2, 3))","(((1, 2), (1, 3), (1, 4), (2, 2), (2, 5), (3, 4), (4, 3), (4, 5)), (2, 3))",9,3,12.0,9,,,pruned,,,1836
"(((1, 2), (1, 3), (1, 4), (2, 2), (2, 5), (3, 4), (4, 3), (4, 6)), (2, 3))","(((1, 2), (1, 3), (1, 4), (2, 2), (2, 5), (3, 4), (4, 3), (4, 5)), (2, 3))",9,3,12.0,9,,,pruned,,,1837
"(((1, 2), (1, 3), (1, 4), (2, 2), (2, 5), (3, 4), (4, 5), (5, 3)), (2, 3))","(((1, 2), (1, 3), (1, 4), (2, 2), (2, 5), (3, 4), (4, 3), (4, 5)), (2, 3))",9,3,12.0,9,,,pruned,,,1838
"(((1, 2), (1, 3), (1, 4), (2, 2), (2, 6), (3, 4), (4, 3), (4, 5)), (1, 5))","(((1, 2), (1, 3), (1, 4), (2, 2), (2, 5), (3, 4), (4, 3), (4, 5)), (2, 3))",9,3,12.0,9,,,pruned,,,1839
"(((1, 2), (1, 3), (1, 4), (2, 2), (2, 5), (3, 4), (4, 3), (4, 5)), (2, 3))","(((1, 2), (1, 3), (1, 4), (2, 2), (2, 5), (3, 5), (4, 3), (4, 5)), (2, 3))",8,2.0,10.0,8,15,4,expanded,False,True,1840
"(((1, 2), (1, 3), (1, 4), (1, 5), (3, 2), (3, 4), (4, 3), (5, 5)), (2, 2))","(((1, 2), (1, 3), (1, 4), (1, 5), (3, 2), (3, 4), (4, 3), (4, 5)), (2, 2))",9,3,12.0,9,,,pruned,,,1841
"(((1, 2), (1, 3), (1, 4), (1, 5), (3, 2), (3, 4), (4, 3), (4, 6)), (2, 2))","(((1, 2), (1, 3), (1, 4), (1, 5), (3, 2), (3, 4), (4, 3), (4, 5)), (2, 2))",9,3,12.0,9,,,pruned,,,1842
"(((1, 2), (1, 3), (1, 4), (1, 5), (3, 2), (3, 4), (4, 5), (5, 3)), (2, 2))","(((1, 2), (1, 3), (1, 4), (1, 5), (3, 2), (3, 4), (4, 3), (4, 5)), (2, 2))",9,3,12.0,9,,,pruned,,,1843
"(((1, 2), (1, 3), (1, 4), (1, 5), (3, 1), (3, 4), (4, 3), (4, 5)), (2, 2))","(((1, 2), (1, 3), (1, 4), (1, 5), (3, 2), (3, 4), (4, 3), (4, 5)), (2, 2))",9,3,12.0,9,,,pruned,,,1844
"(((1, 2), (1, 3), (1, 4), (1, 5), (3, 2), (3, 4), (4, 3), (4, 5)), (2, 2))","(((1, 2), (1, 3), (1, 4), (2, 5), (3, 2), (3, 4), (4, 3), (4, 5)), (2, 6))",8,2.0,10.0,8,16,4,expanded,False,True,1845
"(((1, 2), (1, 4), (2, 2), (2, 3), (2, 5), (3, 4), (4, 4), (5, 3)), (3, 1))","(((1, 2), (1, 4), (2, 2), (2, 3), (2, 5), (3, 4), (4, 3), (4, 4)), (2, 6))",9,3,12.0,9,,,pruned,,,1846
"(((1, 2), (1, 4), (2, 2), (2, 3), (2, 5), (3, 4), (4, 3), (4, 4)), (2, 6))","(((1, 2), (1, 4), (2, 2), (2, 3), (2, 5), (3, 5), (4, 3), (4, 4)), (2, 4))",8,2.0,10.0,8,7,1,expanded,False,True,1847
"(((1, 2), (1, 4), (1, 5), (2, 3), (3, 2), (3, 4), (4, 3), (4, 4)), (2, 4))","(((1, 2), (1, 4), (2, 3), (2, 5), (3, 2), (3, 4), (4, 3), (4, 4)), (2, 6))",8,2.0,10.0,8,5,0,expanded,False,True,1848
"(((1, 2), (1, 4), (1, 5), (2, 2), (2, 3), (3, 4), (4, 3), (5, 5)), (2, 4))","(((1, 2), (1, 4), (1, 5), (2, 2), (2, 3), (3, 4), (4, 3), (4, 5)), (2, 4))",9,3,12.0,9,,,pruned,,,1849
"(((1, 2), (1, 4), (1, 5), (2, 2), (2, 3), (3, 4), (4, 3), (4, 6)), (2, 4))","(((1, 2), (1, 4), (1, 5), (2, 2), (2, 3), (3, 4), (4, 3), (4, 5)), (2, 4))",9,3,12.0,9,,,pruned,,,1850
"(((1, 2), (1, 4), (1, 5), (2, 2), (2, 3), (3, 4), (4, 5), (5, 3)), (2, 4))","(((1, 2), (1, 4), (1, 5), (2, 2), (2, 3), (3, 4), (4, 3), (4, 5)), (2, 4))",9,3,12.0,9,,,pruned,,,1851
"(((1, 2), (1, 4), (1, 5), (2, 2), (2, 3), (3, 4), (4, 3), (4, 5)), (2, 4))","(((1, 2), (1, 4), (2, 2), (2, 3), (2, 5), (3, 4), (4, 3), (4, 5)), (2, 6))",8,2.0,10.0,8,13,3,expanded,False,True,1852
"(((1, 3), (1, 4), (2, 2), (2, 3), (3, 3), (3, 4), (4, 3), (4, 4)), (1, 5))","(((1, 3), (1, 4), (2, 2), (2, 3), (3, 3), (3, 5), (4, 3), (4, 4)), (1, 5))",8,2.0,10.0,8,1,0,expanded,False,True,1853
"(((1, 3), (1, 4), (2, 2), (2, 5), (3, 4), (4, 2), (4, 4), (5, 3)), (2, 3))","(((1, 3), (1, 4), (2, 2), (2, 5), (3, 4), (4, 2), (4, 3), (4, 4)), (2, 3))",9,3,12.0,9,,,pruned,,,1854
"(((1, 3), (1, 4), (2, 2), (2, 5), (3, 4), (4, 3), (4, 4), (5, 2)), (2, 3))","(((1, 3), (1, 4), (2, 2), (2, 5), (3, 4), (4, 2), (4, 3), (4, 4)), (2, 3))",9,3,12.0,9,,,pruned,,,1855
"(((1, 3), (1, 4), (2, 2), (2, 6), (3, 4), (4, 2), (4, 3), (4, 4)), (1, 5))","(((1, 3), (1, 4), (2, 2), (2, 5), (3, 4), (4, 2), (4, 3), (4, 4)), (2, 3))",9,3,12.0,9,,,pruned,,,1856
"(((1, 3), (1, 4), (2, 2), (2, 5), (3, 4), (4, 2), (4, 3), (4, 4)), (2, 3))","(((1, 3), (1, 4), (2, 2), (2, 5), (3, 5), (4, 2), (4, 3), (4, 4)), (2, 3))",8,2.0,10.0,8,10,3,expanded,False,True,1857
"(((1, 2), (1, 3), (2, 2), (2, 4), (2, 5), (3, 4), (4, 4), (5, 3)), (2, 3))","(((1, 2), (1, 3), (2, 2), (2, 4), (2, 5), (3, 4), (4, 3), (4, 4)), (2, 3))",9,3,12.0,9,,,pruned,,,1858
"(((1, 2), (1, 3), (2, 2), (2, 4), (2, 5), (3, 4), (4, 3), (4, 4)), (2, 3))","(((1, 2), (1, 3), (2, 2), (2, 4), (2, 5), (3, 5), (4, 3), (4, 4)), (2, 3))",8,2.0,10.0,8,5,1,expanded,False,True,1859
"(((1, 2), (1, 3), (1, 5), (2, 4), (3, 2), (3, 4), (4, 3), (4, 4)), (2, 5))","(((1, 2), (1, 3), (2, 4), (2, 5), (3, 2), (3, 4), (4, 3), (4, 4)), (2, 6))",8,2.0,10.0,8,5,0,expanded,False,True,1860
"(((1, 2), (1, 3), (1, 5), (2, 2), (2, 4), (3, 4), (4, 3), (5, 5)), (2, 3))","(((1, 2), (1, 3), (1, 5), (2, 2), (2, 4), (3, 4), (4, 3), (4, 5)), (2, 3))",9,3,12.0,9,,,pruned,,,1861
"(((1, 2), (1, 3), (1, 5), (2, 2), (2, 4), (3, 4), (4, 3), (4, 6)), (2, 3))","(((1, 2), (1, 3), (1, 5), (2, 2), (2, 4), (3, 4), (4, 3), (4, 5)), (2, 3))",9,3,12.0,9,,,pruned,,,1862
"(((1, 2), (1, 3), (1, 5), (2, 2), (2, 4), (3, 4), (4, 5), (5, 3)), (2, 3))","(((1, 2), (1, 3), (1, 5), (2, 2), (2, 4), (3, 4), (4, 3), (4, 5)), (2, 3))",9,3,12.0,9,,,pruned,,,1863
"(((1, 2), (1, 3), (1, 5), (2, 2), (2, 4), (3, 4), (4, 3), (4, 5)), (2, 3))","(((1, 2), (1, 3), (2, 2), (2, 4), (2, 5), (3, 4), (4, 3), (4, 5)), (2, 3))",8,2.0,10.0,8,12,3,expanded,False,True,1864
"(((1, 2), (1, 5), (2, 2), (2, 3), (2, 4), (3, 4), (4, 4), (5, 3)), (3, 1))","(((1, 2), (1, 5), (2, 2), (2, 3), (2, 4), (3, 4), (4, 3), (4, 4)), (2, 5))",9,3,12.0,9,,,pruned,,,1865
"(((1, 2), (1, 5), (2, 2), (2, 3), (2, 4), (3, 4), (4, 3), (4, 4)), (2, 5))","(((1, 2), (2, 2), (2, 3), (2, 4), (2, 5), (3, 4), (4, 3), (4, 4)), (2, 6))",8,2.0,10.0,8,5,1,expanded,False,True,1866
"(((1, 3), (1, 4), (1, 5), (2, 2), (3, 3), (3, 4), (4, 3), (4, 4)), (2, 3))","(((1, 3), (1, 4), (1, 5), (2, 2), (3, 2), (3, 4), (4, 3), (4, 4)), (2, 3))",9,1.0,10.0,9,1,0,expanded,False,True,1867
"(((1, 3), (1, 4), (1, 5), (2, 2), (3, 4), (3, 5), (4, 4), (5, 3)), (2, 3))","(((1, 3), (1, 4), (1, 5), (2, 2), (3, 4), (3, 5), (4, 3), (4, 4)), (2, 3))",10,2,12.0,10,,,pruned,,,1868
"(((1, 3), (1, 4), (1, 5), (2, 2), (3, 4), (3, 5), (4, 3), (4, 4)), (2, 3))","(((1, 3), (1, 4), (1, 5), (2, 2), (3, 4), (4, 3), (4, 4), (4, 5)), (2, 3))",9,1.0,10.0,9,5,1,expanded,False,True,1869
"(((1, 2), (1, 3), (1, 4), (1, 5), (3, 4), (4, 3), (4, 4), (5, 5)), (2, 2))","(((1, 2), (1, 3), (1, 4), (1, 5), (3, 4), (4, 3), (4, 4), (4, 5)), (2, 2))",10,2,12.0,10,,,pruned,,,1870
"(((1, 2), (1, 3), (1, 4), (1, 5), (3, 4), (4, 4), (4, 5), (5, 3)), (2, 2))","(((1, 2), (1, 3), (1, 4), (1, 5), (3, 4), (4, 3), (4, 4), (4, 5)), (2, 2))",10,2,12.0,10,,,pruned,,,1871
"(((1, 2), (1, 3), (1, 4), (1, 5), (3, 4), (4, 3), (4, 4), (4, 5)), (2, 2))","(((1, 3), (1, 4), (1, 5), (2, 2), (3, 4), (4, 3), (4, 4), (4, 5)), (2, 3))",9,1.0,10.0,9,6,2,expanded,False,True,1872
"(((1, 3), (1, 4), (1, 5), (2, 2), (2, 4), (3, 4), (4, 4), (5, 3)), (2, 3))","(((1, 3), (1, 4), (1, 5), (2, 2), (2, 4), (3, 4), (4, 3), (4, 4)), (2, 3))",10,2,12.0,10,,,pruned,,,1873
"(((1, 3), (1, 4), (1, 5), (2, 2), (2, 4), (3, 4), (4, 3), (4, 4)), (2, 3))","(((1, 3), (1, 4), (2, 2), (2, 4), (2, 5), (3, 4), (4, 3), (4, 4)), (2, 3))",9,1.0,10.0,9,7,1,expanded,False,True,1874
"(((1, 3), (1, 4), (1, 5), (2, 2), (3, 4), (4, 2), (4, 4), (5, 3)), (2, 3))","(((1, 3), (1, 4), (1, 5), (2, 2), (3, 4), (4, 2), (4, 3), (4, 4)), (2, 3))",10,2,12.0,10,,,pruned,,,1875
"(((1, 3), (1, 4), (1, 5), (2, 2), (3, 4), (4, 3), (4, 4), (5, 2)), (2, 3))","(((1, 3), (1, 4), (1, 5), (2, 2), (3, 4), (4, 2), (4, 3), (4, 4)), (2, 3))",10,2,12.0,10,,,pruned,,,1876
"(((1, 3), (1, 4), (1, 5), (2, 2), (3, 4), (4, 2), (4, 3), (4, 4)), (2, 3))","(((1, 3), (1, 4), (1, 5), (2, 2), (3, 3), (3, 4), (4, 2), (4, 4)), (2, 3))",9,1.0,10.0,9,7,2,expanded,False,True,1877
"(((1, 2), (1, 4), (1, 5), (2, 2), (3, 4), (4, 3), (4, 4), (5, 5)), (1, 3))","(((1, 2), (1, 4), (1, 5), (2, 2), (3, 4), (4, 3), (4, 4), (4, 5)), (1, 3))",10,2,12.0,10,,,pruned,,,1878
"(((1, 2), (1, 4), (1, 5), (2, 2), (3, 4), (4, 4), (4, 5), (5, 3)), (1, 3))","(((1, 2), (1, 4), (1, 5), (2, 2), (3, 4), (4, 3), (4, 4), (4, 5)), (1, 3))",10,2,12.0,10,,,pruned,,,1879
"(((1, 2), (1, 4), (1, 5), (2, 2), (3, 4), (4, 3), (4, 4), (4, 5)), (1, 3))","(((1, 2), (1, 4), (1, 5), (2, 2), (3, 3), (4, 3), (4, 4), (4, 5)), (1, 3))",9,1.0,10.0,9,6,2,expanded,False,True,1880
"(((1, 2), (1, 4), (1, 5), (2, 2), (3, 2), (3, 4), (4, 4), (5, 3)), (1, 3))","(((1, 2), (1, 4), (1, 5), (2, 2), (3, 2), (3, 4), (4, 3), (4, 4)), (1, 3))",10,2,12.0,10,,,pruned,,,1881
"(((1, 2), (1, 4), (1, 5), (2, 2), (3, 1), (3, 4), (4, 3), (4, 4)), (1, 3))","(((1, 2), (1, 4), (1, 5), (2, 2), (3, 2), (3, 4), (4, 3), (4, 4)), (1, 3))",10,2,12.0,10,,,pruned,,,1882
"(((1, 2), (1, 4), (1, 5), (2, 2), (3, 2), (3, 4), (4, 3), (4, 4)), (1, 3))","(((1, 2), (1, 4), (2, 2), (2, 5), (3, 2), (3, 4), (4, 3), (4, 4)), (2, 6))",9,1.0,10.0,9,6,2,expanded,False,True,1883
"(((1, 2), (1, 3), (1, 4), (2, 2), (2, 5), (3, 4), (4, 4), (5, 3)), (2, 3))","(((1, 2), (1, 3), (1, 4), (2, 2), (2, 5), (3, 4), (4, 3), (4, 4)), (2, 3))",10,2,12.0,10,,,pruned,,,1884
"(((1, 2), (1, 3), (1, 4), (2, 2), (2, 6), (3, 4), (4, 3), (4, 4)), (1, 5))","(((1, 2), (1, 3), (1, 4), (2, 2), (2, 5), (3, 4), (4, 3), (4, 4)), (2, 3))",10,2,12.0,10,,,pruned,,,1885
"(((1, 2), (1, 3), (1, 4), (2, 2), (2, 5), (3, 4), (4, 3), (4, 4)), (2, 3))","(((1, 2), (1, 3), (1, 4), (2, 2), (2, 5), (3, 5), (4, 3), (4, 4)), (2, 3))",9,1.0,10.0,9,7,2,expanded,False,True,1886
"(((1, 2), (1, 3), (1, 4), (1, 5), (3, 2), (3, 4), (4, 4), (5, 3)), (2, 2))","(((1, 2), (1, 3), (1, 4), (1, 5), (3, 2), (3, 4), (4, 3), (4, 4)), (2, 2))",10,2,12.0,10,,,pruned,,,1887
"(((1, 2), (1, 3), (1, 4), (1, 5), (3, 1), (3, 4), (4, 3), (4, 4)), (2, 2))","(((1, 2), (1, 3), (1, 4), (1, 5), (3, 2), (3, 4), (4, 3), (4, 4)), (2, 2))",10,2,12.0,10,,,pruned,,,1888
"(((1, 2), (1, 3), (1, 4), (1, 5), (3, 2), (3, 4), (4, 3), (4, 4)), (2, 2))","(((1, 2), (1, 3), (1, 4), (2, 5), (3, 2), (3, 4), (4, 3), (4, 4)), (2, 6))",9,1.0,10.0,9,8,2,expanded,False,True,1889
"(((1, 2), (1, 3), (1, 4), (1, 5), (2, 2), (3, 4), (4, 3), (5, 5)), (2, 3))","(((1, 2), (1, 3), (1, 4), (1, 5), (2, 2), (3, 4), (4, 3), (4, 5)), (2, 3))",10,2,12.0,10,,,pruned,,,1890
"(((1, 2), (1, 3), (1, 4), (1, 5), (2, 2), (3, 4), (4, 3), (4, 6)), (2, 3))","(((1, 2), (1, 3), (1, 4), (1, 5), (2, 2), (3, 4), (4, 3), (4, 5)), (2, 3))",10,2,12.0,10,,,pruned,,,1891
"(((1, 2), (1, 3), (1, 4), (1, 5), (2, 2), (3, 4), (4, 5), (5, 3)), (2, 3))","(((1, 2), (1, 3), (1, 4), (1, 5), (2, 2), (3, 4), (4, 3), (4, 5)), (2, 3))",10,2,12.0,10,,,pruned,,,1892
"(((1, 2), (1, 3), (1, 4), (1, 5), (2, 2), (3, 4), (4, 3), (4, 5)), (2, 3))","(((1, 2), (1, 3), (1, 4), (2, 2), (2, 5), (3, 4), (4, 3), (4, 5)), (2, 3))",9,1.0,10.0,9,12,3,expanded,False,True,1893
"(((1, 2), (1, 4), (1, 5), (2, 2), (2, 3), (3, 4), (4, 4), (5, 3)), (3, 1))","(((1, 2), (1, 4), (1, 5), (2, 2), (2, 3), (3, 4), (4, 3), (4, 4)), (2, 4))",10,2,12.0,10,,,pruned,,,1894
"(((1, 2), (1, 4), (1, 5), (2, 2), (2, 3), (3, 4), (4, 3), (4, 4)), (2, 4))","(((1, 2), (1, 4), (2, 2), (2, 3), (2, 5), (3, 4), (4, 3), (4, 4)), (2, 6))",9,1.0,10.0,9,5,1,expanded,False,True,1895
"(((1, 2), (1, 3), (1, 5), (2, 2), (2, 4), (3, 4), (4, 4), (5, 3)), (2, 3))","(((1, 2), (1, 3), (1, 5), (2, 2), (2, 4), (3, 4), (4, 3), (4, 4)), (2, 3))",10,2,12.0,10,,,pruned,,,1896
"(((1, 2), (1, 3), (1, 5), (2, 2), (2, 4), (3, 4), (4, 3), (4, 4)), (2, 3))","(((1, 2), (1, 3), (2, 2), (2, 4), (2, 5), (3, 4), (4, 3), (4, 4)), (2, 3))",9,1.0,10.0,9,6,1,expanded,False,True,1897
"(((1, 2), (1, 3), (1, 4), (1, 5), (2, 2), (3, 4), (4, 3), (4, 4)), (2, 3))","(((1, 2), (1, 3), (1, 4), (2, 2), (2, 5), (3, 4), (4, 3), (4, 4)), (2, 3))",10,0.0,10.0,10,0,0,goal,False,False,1898
