node_id,parent_id,g,h,f,depth,n_legal_successors,n_pruned,status,all_pruned,f_plateau,timestamp_order
"(((2, 8), (8, 14), (9, 2), (14, 8)), (1, 7))","(((2, 8), (8, 2), (8, 14), (14, 8)), (1, 7))",1,21,22.0,1,,,pruned,,,0
"(((2, 8), (7, 2), (8, 14), (14, 8)), (1, 7))","(((2, 8), (8, 2), (8, 14), (14, 8)), (1, 7))",1,21,22.0,1,,,pruned,,,1
"(((2, 8), (8, 1), (8, 14), (14, 8)), (1, 7))","(((2, 8), (8, 2), (8, 14), (14, 8)), (1, 7))",1,21,22.0,1,,,pruned,,,2
"(((2, 8), (8, 2), (8, 14), (15, 8)), (1, 7))","(((2, 8), (8, 2), (8, 14), (14, 8)), (1, 7))",1,21,22.0,1,,,pruned,,,3
"(((2, 8), (8, 2), (8, 14), (14, 9)), (1, 7))","(((2, 8), (8, 2), (8, 14), (14, 8)), (1, 7))",1,21,22.0,1,,,pruned,,,4
"(((2, 8), (8, 2), (8, 14), (14, 7)), (1, 7))","(((2, 8), (8, 2), (8, 14), (14, 8)), (1, 7))",1,21,22.0,1,,,pruned,,,5
"(((2, 8), (8, 2), (9, 14), (14, 8)), (1, 7))","(((2, 8), (8, 2), (8, 14), (14, 8)), (1, 7))",1,21,22.0,1,,,pruned,,,6
"(((2, 8), (7, 14), (8, 2), (14, 8)), (1, 7))","(((2, 8), (8, 2), (8, 14), (14, 8)), (1, 7))",1,21,22.0,1,,,pruned,,,7
"(((2, 8), (8, 2), (8, 15), (14, 8)), (1, 7))","(((2, 8), (8, 2), (8, 14), (14, 8)), (1, 7))",1,21,22.0,1,,,pruned,,,8
"(((1, 8), (8, 2), (8, 14), (14, 8)), (1, 7))","(((2, 8), (8, 2), (8, 14), (14, 8)), (1, 7))",1,21,22.0,1,,,pruned,,,9
"(((2, 9), (8, 2), (8, 14), (14, 8)), (1, 7))","(((2, 8), (8, 2), (8, 14), (14, 8)), (1, 7))",1,21,22.0,1,,,pruned,,,10
"(((2, 7), (8, 2), (8, 14), (14, 8)), (1, 7))","(((2, 8), (8, 2), (8, 14), (14, 8)), (1, 7))",1,21,22.0,1,,,pruned,,,11
"(((2, 8), (8, 2), (8, 14), (14, 8)), (1, 7))",,0,20.0,20.0,0,16,12,expanded,False,True,12
"(((2, 8), (8, 14), (9, 3), (14, 8)), (1, 7))","(((2, 8), (8, 3), (8, 14), (14, 8)), (7, 1))",2,20,22.0,2,,,pruned,,,13
"(((2, 8), (7, 3), (8, 14), (14, 8)), (1, 7))","(((2, 8), (8, 3), (8, 14), (14, 8)), (7, 1))",2,20,22.0,2,,,pruned,,,14
"(((2, 8), (8, 3), (8, 14), (14, 8)), (7, 1))","(((2, 8), (8, 2), (8, 14), (14, 8)), (1, 7))",1,19.0,20.0,1,3,2,expanded,False,True,15
"(((2, 8), (8, 2), (8, 14), (13, 9)), (1, 7))","(((2, 8), (8, 2), (8, 14), (13, 8)), (13, 7))",2,20,22.0,2,,,pruned,,,16
"(((2, 8), (8, 2), (8, 14), (13, 7)), (1, 7))","(((2, 8), (8, 2), (8, 14), (13, 8)), (13, 7))",2,20,22.0,2,,,pruned,,,17
"(((2, 8), (8, 2), (8, 14), (13, 8)), (13, 7))","(((2, 8), (8, 2), (8, 14), (14, 8)), (1, 7))",1,19.0,20.0,1,3,2,expanded,False,True,18
"(((2, 8), (8, 2), (9, 13), (14, 8)), (1, 7))","(((2, 8), (8, 2), (8, 13), (14, 8)), (7, 13))",2,20,22.0,2,,,pruned,,,19
"(((2, 8), (7, 13), (8, 2), (14, 8)), (1, 7))","(((2, 8), (8, 2), (8, 13), (14, 8)), (7, 13))",2,20,22.0,2,,,pruned,,,20
"(((2, 8), (8, 2), (8, 13), (14, 8)), (7, 13))","(((2, 8), (8, 2), (8, 14), (14, 8)), (1, 7))",1,19.0,20.0,1,3,2,expanded,False,True,21
"(((3, 9), (8, 2), (8, 14), (14, 8)), (1, 7))","(((3, 8), (8, 2), (8, 14), (14, 8)), (1, 7))",2,20,22.0,2,,,pruned,,,22
"(((3, 7), (8, 2), (8, 14), (14, 8)), (1, 7))","(((3, 8), (8, 2), (8, 14), (14, 8)), (1, 7))",2,20,22.0,2,,,pruned,,,23
"(((3, 8), (8, 2), (8, 14), (14, 8)), (1, 7))","(((2, 8), (8, 2), (8, 14), (14, 8)), (1, 7))",1,19.0,20.0,1,3,2,expanded,False,True,24
"(((2, 8), (8, 4), (8, 14), (14, 8)), (7, 1))","(((2, 8), (8, 3), (8, 14), (14, 8)), (7, 1))",2,18.0,20.0,2,1,0,expanded,False,True,25
"(((2, 8), (8, 2), (8, 14), (12, 8)), (13, 7))","(((2, 8), (8, 2), (8, 14), (13, 8)), (13, 7))",2,18.0,20.0,2,1,0,expanded,False,True,26
"(((2, 8), (8, 2), (8, 12), (14, 8)), (7, 13))","(((2, 8), (8, 2), (8, 13), (14, 8)), (7, 13))",2,18.0,20.0,2,1,0,expanded,False,True,27
"(((4, 8), (8, 2), (8, 14), (14, 8)), (1, 7))","(((3, 8), (8, 2), (8, 14), (14, 8)), (1, 7))",2,18.0,20.0,2,1,0,expanded,False,True,28
"(((2, 8), (8, 5), (8, 14), (14, 8)), (7, 1))","(((2, 8), (8, 4), (8, 14), (14, 8)), (7, 1))",3,17.0,20.0,3,1,0,expanded,False,True,29
"(((2, 8), (8, 2), (8, 14), (11, 8)), (12, 8))","(((2, 8), (8, 2), (8, 14), (12, 8)), (13, 7))",3,17.0,20.0,3,1,0,expanded,False,True,30
"(((2, 8), (8, 2), (8, 11), (14, 8)), (7, 13))","(((2, 8), (8, 2), (8, 12), (14, 8)), (7, 13))",3,17.0,20.0,3,1,0,expanded,False,True,31
"(((5, 8), (8, 2), (8, 14), (14, 8)), (1, 7))","(((4, 8), (8, 2), (8, 14), (14, 8)), (1, 7))",3,17.0,20.0,3,1,0,expanded,False,True,32
"(((2, 8), (8, 6), (8, 14), (14, 8)), (7, 1))","(((2, 8), (8, 5), (8, 14), (14, 8)), (7, 1))",4,16.0,20.0,4,1,0,expanded,False,True,33
"(((2, 8), (8, 2), (8, 14), (10, 8)), (11, 8))","(((2, 8), (8, 2), (8, 14), (11, 8)), (12, 8))",4,16.0,20.0,4,1,0,expanded,False,True,34
"(((2, 8), (8, 2), (8, 10), (14, 8)), (7, 13))","(((2, 8), (8, 2), (8, 11), (14, 8)), (7, 13))",4,16.0,20.0,4,1,0,expanded,False,True,35
"(((6, 8), (8, 2), (8, 14), (14, 8)), (1, 7))","(((5, 8), (8, 2), (8, 14), (14, 8)), (1, 7))",4,16.0,20.0,4,1,0,expanded,False,True,36
"(((2, 8), (8, 7), (8, 14), (14, 8)), (7, 1))","(((2, 8), (8, 6), (8, 14), (14, 8)), (7, 1))",5,15.0,20.0,5,1,0,expanded,False,True,37
"(((2, 8), (8, 14), (9, 2), (9, 8)), (1, 7))","(((2, 8), (8, 2), (8, 14), (9, 8)), (1, 7))",6,16,22.0,6,,,pruned,,,38
"(((2, 8), (7, 2), (8, 14), (9, 8)), (1, 7))","(((2, 8), (8, 2), (8, 14), (9, 8)), (1, 7))",6,16,22.0,6,,,pruned,,,39
"(((2, 8), (8, 1), (8, 14), (9, 8)), (1, 7))","(((2, 8), (8, 2), (8, 14), (9, 8)), (1, 7))",6,16,22.0,6,,,pruned,,,40
"(((2, 8), (8, 2), (9, 8), (9, 14)), (1, 7))","(((2, 8), (8, 2), (8, 14), (9, 8)), (1, 7))",6,16,22.0,6,,,pruned,,,41
"(((2, 8), (7, 14), (8, 2), (9, 8)), (1, 7))","(((2, 8), (8, 2), (8, 14), (9, 8)), (1, 7))",6,16,22.0,6,,,pruned,,,42
"(((2, 8), (8, 2), (8, 15), (9, 8)), (1, 7))","(((2, 8), (8, 2), (8, 14), (9, 8)), (1, 7))",6,16,22.0,6,,,pruned,,,43
"(((1, 8), (8, 2), (8, 14), (9, 8)), (1, 7))","(((2, 8), (8, 2), (8, 14), (9, 8)), (1, 7))",6,16,22.0,6,,,pruned,,,44
"(((2, 9), (8, 2), (8, 14), (9, 8)), (1, 7))","(((2, 8), (8, 2), (8, 14), (9, 8)), (1, 7))",6,16,22.0,6,,,pruned,,,45
"(((2, 7), (8, 2), (8, 14), (9, 8)), (1, 7))","(((2, 8), (8, 2), (8, 14), (9, 8)), (1, 7))",6,16,22.0,6,,,pruned,,,46
"(((2, 8), (8, 2), (8, 14), (9, 8)), (1, 7))","(((2, 8), (8, 2), (8, 14), (10, 8)), (11, 8))",5,15.0,20.0,5,16,9,expanded,False,True,47
"(((2, 8), (8, 2), (8, 9), (14, 8)), (7, 13))","(((2, 8), (8, 2), (8, 10), (14, 8)), (7, 13))",5,15.0,20.0,5,1,0,expanded,False,True,48
"(((7, 8), (8, 14), (9, 2), (14, 8)), (1, 7))","(((7, 8), (8, 2), (8, 14), (14, 8)), (1, 7))",6,16,22.0,6,,,pruned,,,49
"(((7, 2), (7, 8), (8, 14), (14, 8)), (1, 7))","(((7, 8), (8, 2), (8, 14), (14, 8)), (1, 7))",6,16,22.0,6,,,pruned,,,50
"(((7, 8), (8, 1), (8, 14), (14, 8)), (1, 7))","(((7, 8), (8, 2), (8, 14), (14, 8)), (1, 7))",6,16,22.0,6,,,pruned,,,51
"(((7, 8), (8, 2), (8, 14), (15, 8)), (1, 7))","(((7, 8), (8, 2), (8, 14), (14, 8)), (1, 7))",6,16,22.0,6,,,pruned,,,52
"(((7, 8), (8, 2), (8, 14), (14, 9)), (1, 7))","(((7, 8), (8, 2), (8, 14), (14, 8)), (1, 7))",6,16,22.0,6,,,pruned,,,53
"(((7, 8), (8, 2), (8, 14), (14, 7)), (1, 7))","(((7, 8), (8, 2), (8, 14), (14, 8)), (1, 7))",6,16,22.0,6,,,pruned,,,54
"(((7, 8), (8, 2), (9, 14), (14, 8)), (1, 7))","(((7, 8), (8, 2), (8, 14), (14, 8)), (1, 7))",6,16,22.0,6,,,pruned,,,55
"(((7, 8), (7, 14), (8, 2), (14, 8)), (1, 7))","(((7, 8), (8, 2), (8, 14), (14, 8)), (1, 7))",6,16,22.0,6,,,pruned,,,56
"(((7, 8), (8, 2), (8, 15), (14, 8)), (1, 7))","(((7, 8), (8, 2), (8, 14), (14, 8)), (1, 7))",6,16,22.0,6,,,pruned,,,57
"(((7, 8), (8, 2), (8, 14), (14, 8)), (1, 7))","(((6, 8), (8, 2), (8, 14), (14, 8)), (1, 7))",5,15.0,20.0,5,16,9,expanded,False,True,58
"(((2, 8), (8, 14), (9, 3), (9, 8)), (1, 7))","(((2, 8), (8, 3), (8, 14), (9, 8)), (7, 1))",7,15,22.0,7,,,pruned,,,59
"(((2, 8), (7, 3), (8, 14), (9, 8)), (1, 7))","(((2, 8), (8, 3), (8, 14), (9, 8)), (7, 1))",7,15,22.0,7,,,pruned,,,60
"(((2, 8), (8, 3), (8, 14), (9, 8)), (7, 1))","(((2, 8), (8, 2), (8, 14), (9, 8)), (1, 7))",6,14.0,20.0,6,3,2,expanded,False,True,61
"(((2, 8), (8, 2), (9, 8), (9, 13)), (1, 7))","(((2, 8), (8, 2), (8, 13), (9, 8)), (7, 13))",7,15,22.0,7,,,pruned,,,62
"(((2, 8), (7, 13), (8, 2), (9, 8)), (1, 7))","(((2, 8), (8, 2), (8, 13), (9, 8)), (7, 13))",7,15,22.0,7,,,pruned,,,63
"(((2, 8), (8, 2), (8, 13), (9, 8)), (7, 13))","(((2, 8), (8, 2), (8, 14), (9, 8)), (1, 7))",6,14.0,20.0,6,3,2,expanded,False,True,64
"(((3, 9), (8, 2), (8, 14), (9, 8)), (1, 7))","(((3, 8), (8, 2), (8, 14), (9, 8)), (1, 7))",7,15,22.0,7,,,pruned,,,65
"(((3, 7), (8, 2), (8, 14), (9, 8)), (1, 7))","(((3, 8), (8, 2), (8, 14), (9, 8)), (1, 7))",7,15,22.0,7,,,pruned,,,66
"(((3, 8), (8, 2), (8, 14), (9, 8)), (1, 7))","(((2, 8), (8, 2), (8, 14), (9, 8)), (1, 7))",6,14.0,20.0,6,3,2,expanded,False,True,67
"(((7, 8), (8, 14), (9, 3), (14, 8)), (1, 7))","(((7, 8), (8, 3), (8, 14), (14, 8)), (7, 1))",7,15,22.0,7,,,pruned,,,68
"(((7, 3), (7, 8), (8, 14), (14, 8)), (1, 7))","(((7, 8), (8, 3), (8, 14), (14, 8)), (7, 1))",7,15,22.0,7,,,pruned,,,69
"(((7, 8), (8, 3), (8, 14), (14, 8)), (7, 1))","(((7, 8), (8, 2), (8, 14), (14, 8)), (1, 7))",6,14.0,20.0,6,3,2,expanded,False,True,70
"(((7, 8), (8, 2), (8, 14), (13, 9)), (1, 7))","(((7, 8), (8, 2), (8, 14), (13, 8)), (13, 7))",7,15,22.0,7,,,pruned,,,71
"(((7, 8), (8, 2), (8, 14), (13, 7)), (1, 7))","(((7, 8), (8, 2), (8, 14), (13, 8)), (13, 7))",7,15,22.0,7,,,pruned,,,72
"(((7, 8), (8, 2), (8, 14), (13, 8)), (13, 7))","(((7, 8), (8, 2), (8, 14), (14, 8)), (1, 7))",6,14.0,20.0,6,3,2,expanded,False,True,73
"(((7, 8), (8, 2), (9, 13), (14, 8)), (1, 7))","(((7, 8), (8, 2), (8, 13), (14, 8)), (7, 13))",7,15,22.0,7,,,pruned,,,74
"(((7, 8), (7, 13), (8, 2), (14, 8)), (1, 7))","(((7, 8), (8, 2), (8, 13), (14, 8)), (7, 13))",7,15,22.0,7,,,pruned,,,75
"(((7, 8), (8, 2), (8, 13), (14, 8)), (7, 13))","(((7, 8), (8, 2), (8, 14), (14, 8)), (1, 7))",6,14.0,20.0,6,3,2,expanded,False,True,76
"(((2, 8), (8, 4), (8, 14), (9, 8)), (7, 1))","(((2, 8), (8, 3), (8, 14), (9, 8)), (7, 1))",7,13.0,20.0,7,1,0,expanded,False,True,77
"(((2, 8), (8, 2), (8, 12), (9, 8)), (7, 13))","(((2, 8), (8, 2), (8, 13), (9, 8)), (7, 13))",7,13.0,20.0,7,1,0,expanded,False,True,78
"(((4, 8), (8, 2), (8, 14), (9, 8)), (1, 7))","(((3, 8), (8, 2), (8, 14), (9, 8)), (1, 7))",7,13.0,20.0,7,1,0,expanded,False,True,79
"(((7, 8), (8, 4), (8, 14), (14, 8)), (7, 1))","(((7, 8), (8, 3), (8, 14), (14, 8)), (7, 1))",7,13.0,20.0,7,1,0,expanded,False,True,80
"(((7, 8), (8, 2), (8, 14), (12, 8)), (13, 7))","(((7, 8), (8, 2), (8, 14), (13, 8)), (13, 7))",7,13.0,20.0,7,1,0,expanded,False,True,81
"(((7, 8), (8, 2), (8, 12), (14, 8)), (7, 13))","(((7, 8), (8, 2), (8, 13), (14, 8)), (7, 13))",7,13.0,20.0,7,1,0,expanded,False,True,82
"(((2, 8), (8, 5), (8, 14), (9, 8)), (7, 1))","(((2, 8), (8, 4), (8, 14), (9, 8)), (7, 1))",8,12.0,20.0,8,1,0,expanded,False,True,83
"(((2, 8), (8, 2), (8, 11), (9, 8)), (7, 13))","(((2, 8), (8, 2), (8, 12), (9, 8)), (7, 13))",8,12.0,20.0,8,1,0,expanded,False,True,84
"(((5, 8), (8, 2), (8, 14), (9, 8)), (1, 7))","(((4, 8), (8, 2), (8, 14), (9, 8)), (1, 7))",8,12.0,20.0,8,1,0,expanded,False,True,85
"(((7, 8), (8, 5), (8, 14), (14, 8)), (7, 1))","(((7, 8), (8, 4), (8, 14), (14, 8)), (7, 1))",8,12.0,20.0,8,1,0,expanded,False,True,86
"(((7, 8), (8, 2), (8, 14), (11, 8)), (12, 8))","(((7, 8), (8, 2), (8, 14), (12, 8)), (13, 7))",8,12.0,20.0,8,1,0,expanded,False,True,87
"(((7, 8), (8, 2), (8, 11), (14, 8)), (7, 13))","(((7, 8), (8, 2), (8, 12), (14, 8)), (7, 13))",8,12.0,20.0,8,1,0,expanded,False,True,88
"(((2, 8), (8, 6), (8, 14), (9, 8)), (7, 1))","(((2, 8), (8, 5), (8, 14), (9, 8)), (7, 1))",9,11.0,20.0,9,1,0,expanded,False,True,89
"(((2, 8), (8, 2), (8, 10), (9, 8)), (7, 13))","(((2, 8), (8, 2), (8, 11), (9, 8)), (7, 13))",9,11.0,20.0,9,1,0,expanded,False,True,90
"(((6, 8), (8, 2), (8, 14), (9, 8)), (1, 7))","(((5, 8), (8, 2), (8, 14), (9, 8)), (1, 7))",9,11.0,20.0,9,1,0,expanded,False,True,91
"(((7, 8), (8, 6), (8, 14), (14, 8)), (7, 1))","(((7, 8), (8, 5), (8, 14), (14, 8)), (7, 1))",9,11.0,20.0,9,1,0,expanded,False,True,92
"(((7, 8), (8, 2), (8, 14), (10, 8)), (11, 8))","(((7, 8), (8, 2), (8, 14), (11, 8)), (12, 8))",9,11.0,20.0,9,1,0,expanded,False,True,93
"(((7, 8), (8, 2), (8, 10), (14, 8)), (7, 13))","(((7, 8), (8, 2), (8, 11), (14, 8)), (7, 13))",9,11.0,20.0,9,1,0,expanded,False,True,94
"(((2, 8), (8, 7), (8, 14), (9, 8)), (7, 1))","(((2, 8), (8, 6), (8, 14), (9, 8)), (7, 1))",10,10.0,20.0,10,1,0,expanded,False,True,95
"(((2, 8), (8, 2), (8, 9), (9, 8)), (7, 13))","(((2, 8), (8, 2), (8, 10), (9, 8)), (7, 13))",10,10.0,20.0,10,1,0,expanded,False,True,96
"(((7, 8), (8, 14), (9, 2), (9, 8)), (1, 7))","(((7, 8), (8, 2), (8, 14), (9, 8)), (1, 7))",11,11,22.0,11,,,pruned,,,97
"(((7, 2), (7, 8), (8, 14), (9, 8)), (1, 7))","(((7, 8), (8, 2), (8, 14), (9, 8)), (1, 7))",11,11,22.0,11,,,pruned,,,98
"(((7, 8), (8, 1), (8, 14), (9, 8)), (1, 7))","(((7, 8), (8, 2), (8, 14), (9, 8)), (1, 7))",11,11,22.0,11,,,pruned,,,99
"(((7, 8), (8, 2), (9, 8), (9, 14)), (1, 7))","(((7, 8), (8, 2), (8, 14), (9, 8)), (1, 7))",11,11,22.0,11,,,pruned,,,100
"(((7, 8), (7, 14), (8, 2), (9, 8)), (1, 7))","(((7, 8), (8, 2), (8, 14), (9, 8)), (1, 7))",11,11,22.0,11,,,pruned,,,101
"(((7, 8), (8, 2), (8, 15), (9, 8)), (1, 7))","(((7, 8), (8, 2), (8, 14), (9, 8)), (1, 7))",11,11,22.0,11,,,pruned,,,102
"(((7, 8), (8, 2), (8, 14), (9, 8)), (1, 7))","(((6, 8), (8, 2), (8, 14), (9, 8)), (1, 7))",10,10.0,20.0,10,16,6,expanded,False,True,103
"(((7, 8), (8, 7), (8, 14), (14, 8)), (7, 1))","(((7, 8), (8, 6), (8, 14), (14, 8)), (7, 1))",10,10.0,20.0,10,1,0,expanded,False,True,104
"(((7, 8), (8, 2), (8, 9), (14, 8)), (7, 13))","(((7, 8), (8, 2), (8, 10), (14, 8)), (7, 13))",10,10.0,20.0,10,1,0,expanded,False,True,105
"(((7, 8), (8, 14), (9, 3), (9, 8)), (1, 7))","(((7, 8), (8, 3), (8, 14), (9, 8)), (7, 1))",12,10,22.0,12,,,pruned,,,106
"(((7, 3), (7, 8), (8, 14), (9, 8)), (1, 7))","(((7, 8), (8, 3), (8, 14), (9, 8)), (7, 1))",12,10,22.0,12,,,pruned,,,107
"(((7, 8), (8, 3), (8, 14), (9, 8)), (7, 1))","(((7, 8), (8, 2), (8, 14), (9, 8)), (1, 7))",11,9.0,20.0,11,3,2,expanded,False,True,108
"(((7, 8), (8, 2), (9, 8), (9, 13)), (1, 7))","(((7, 8), (8, 2), (8, 13), (9, 8)), (7, 13))",12,10,22.0,12,,,pruned,,,109
"(((7, 8), (7, 13), (8, 2), (9, 8)), (1, 7))","(((7, 8), (8, 2), (8, 13), (9, 8)), (7, 13))",12,10,22.0,12,,,pruned,,,110
"(((7, 8), (8, 2), (8, 13), (9, 8)), (7, 13))","(((7, 8), (8, 2), (8, 14), (9, 8)), (1, 7))",11,9.0,20.0,11,3,2,expanded,False,True,111
"(((7, 8), (8, 4), (8, 14), (9, 8)), (7, 1))","(((7, 8), (8, 3), (8, 14), (9, 8)), (7, 1))",12,8.0,20.0,12,1,0,expanded,False,True,112
"(((7, 8), (8, 2), (8, 12), (9, 8)), (7, 13))","(((7, 8), (8, 2), (8, 13), (9, 8)), (7, 13))",12,8.0,20.0,12,1,0,expanded,False,True,113
"(((7, 8), (8, 5), (8, 14), (9, 8)), (7, 1))","(((7, 8), (8, 4), (8, 14), (9, 8)), (7, 1))",13,7.0,20.0,13,1,0,expanded,False,True,114
"(((7, 8), (8, 2), (8, 11), (9, 8)), (7, 13))","(((7, 8), (8, 2), (8, 12), (9, 8)), (7, 13))",13,7.0,20.0,13,1,0,expanded,False,True,115
"(((7, 8), (8, 6), (8, 14), (9, 8)), (7, 1))","(((7, 8), (8, 5), (8, 14), (9, 8)), (7, 1))",14,6.0,20.0,14,1,0,expanded,False,True,116
"(((7, 8), (8, 2), (8, 10), (9, 8)), (7, 13))","(((7, 8), (8, 2), (8, 11), (9, 8)), (7, 13))",14,6.0,20.0,14,1,0,expanded,False,True,117
"(((7, 8), (8, 7), (8, 14), (9, 8)), (7, 1))","(((7, 8), (8, 6), (8, 14), (9, 8)), (7, 1))",15,5.0,20.0,15,1,0,expanded,False,True,118
"(((7, 8), (8, 2), (8, 9), (9, 8)), (7, 13))","(((7, 8), (8, 2), (8, 10), (9, 8)), (7, 13))",15,5.0,20.0,15,1,0,expanded,False,True,119
"(((2, 8), (8, 8), (9, 14), (14, 8)), (1, 7))","(((2, 8), (8, 8), (8, 14), (14, 8)), (1, 7))",7,17,24.0,7,,,pruned,,,120
"(((2, 8), (7, 14), (8, 8), (14, 8)), (1, 7))","(((2, 8), (8, 8), (8, 14), (14, 8)), (1, 7))",7,17,24.0,7,,,pruned,,,121
"(((2, 8), (8, 8), (8, 15), (14, 8)), (1, 7))","(((2, 8), (8, 8), (8, 14), (14, 8)), (1, 7))",7,17,24.0,7,,,pruned,,,122
"(((2, 8), (8, 8), (8, 14), (15, 8)), (1, 7))","(((2, 8), (8, 8), (8, 14), (14, 8)), (1, 7))",7,17,24.0,7,,,pruned,,,123
"(((2, 8), (8, 8), (8, 14), (14, 9)), (1, 7))","(((2, 8), (8, 8), (8, 14), (14, 8)), (1, 7))",7,17,24.0,7,,,pruned,,,124
"(((2, 8), (8, 8), (8, 14), (14, 7)), (1, 7))","(((2, 8), (8, 8), (8, 14), (14, 8)), (1, 7))",7,17,24.0,7,,,pruned,,,125
"(((1, 8), (8, 8), (8, 14), (14, 8)), (1, 7))","(((2, 8), (8, 8), (8, 14), (14, 8)), (1, 7))",7,17,24.0,7,,,pruned,,,126
"(((2, 9), (8, 8), (8, 14), (14, 8)), (1, 7))","(((2, 8), (8, 8), (8, 14), (14, 8)), (1, 7))",7,17,24.0,7,,,pruned,,,127
"(((2, 7), (8, 8), (8, 14), (14, 8)), (1, 7))","(((2, 8), (8, 8), (8, 14), (14, 8)), (1, 7))",7,17,24.0,7,,,pruned,,,128
"(((2, 8), (8, 8), (8, 14), (14, 8)), (1, 7))","(((2, 8), (8, 7), (8, 14), (14, 8)), (7, 1))",6,16.0,22.0,6,16,9,expanded,False,True,129
"(((2, 8), (8, 14), (9, 2), (10, 8)), (1, 7))","(((2, 8), (8, 2), (8, 14), (10, 8)), (1, 7))",7,17,24.0,7,,,pruned,,,130
"(((2, 8), (7, 2), (8, 14), (10, 8)), (1, 7))","(((2, 8), (8, 2), (8, 14), (10, 8)), (1, 7))",7,17,24.0,7,,,pruned,,,131
"(((2, 8), (8, 1), (8, 14), (10, 8)), (1, 7))","(((2, 8), (8, 2), (8, 14), (10, 8)), (1, 7))",7,17,24.0,7,,,pruned,,,132
"(((2, 8), (8, 2), (9, 14), (10, 8)), (1, 7))","(((2, 8), (8, 2), (8, 14), (10, 8)), (1, 7))",7,17,24.0,7,,,pruned,,,133
"(((2, 8), (7, 14), (8, 2), (10, 8)), (1, 7))","(((2, 8), (8, 2), (8, 14), (10, 8)), (1, 7))",7,17,24.0,7,,,pruned,,,134
"(((2, 8), (8, 2), (8, 15), (10, 8)), (1, 7))","(((2, 8), (8, 2), (8, 14), (10, 8)), (1, 7))",7,17,24.0,7,,,pruned,,,135
"(((2, 8), (8, 2), (8, 14), (10, 9)), (1, 7))","(((2, 8), (8, 2), (8, 14), (10, 8)), (1, 7))",7,17,24.0,7,,,pruned,,,136
"(((2, 8), (8, 2), (8, 14), (10, 7)), (1, 7))","(((2, 8), (8, 2), (8, 14), (10, 8)), (1, 7))",7,17,24.0,7,,,pruned,,,137
"(((1, 8), (8, 2), (8, 14), (10, 8)), (1, 7))","(((2, 8), (8, 2), (8, 14), (10, 8)), (1, 7))",7,17,24.0,7,,,pruned,,,138
"(((2, 9), (8, 2), (8, 14), (10, 8)), (1, 7))","(((2, 8), (8, 2), (8, 14), (10, 8)), (1, 7))",7,17,24.0,7,,,pruned,,,139
"(((2, 7), (8, 2), (8, 14), (10, 8)), (1, 7))","(((2, 8), (8, 2), (8, 14), (10, 8)), (1, 7))",7,17,24.0,7,,,pruned,,,140
"(((2, 8), (8, 2), (8, 14), (10, 8)), (1, 7))","(((2, 8), (8, 2), (8, 14), (9, 8)), (1, 7))",6,16.0,22.0,6,15,11,expanded,False,True,141
"(((2, 8), (8, 8), (8, 14), (9, 2)), (1, 7))","(((2, 8), (8, 2), (8, 8), (8, 14)), (1, 7))",7,17,24.0,7,,,pruned,,,142
"(((2, 8), (7, 2), (8, 8), (8, 14)), (1, 7))","(((2, 8), (8, 2), (8, 8), (8, 14)), (1, 7))",7,17,24.0,7,,,pruned,,,143
"(((2, 8), (8, 1), (8, 8), (8, 14)), (1, 7))","(((2, 8), (8, 2), (8, 8), (8, 14)), (1, 7))",7,17,24.0,7,,,pruned,,,144
"(((2, 8), (8, 2), (8, 8), (9, 14)), (1, 7))","(((2, 8), (8, 2), (8, 8), (8, 14)), (1, 7))",7,17,24.0,7,,,pruned,,,145
"(((2, 8), (7, 14), (8, 2), (8, 8)), (1, 7))","(((2, 8), (8, 2), (8, 8), (8, 14)), (1, 7))",7,17,24.0,7,,,pruned,,,146
"(((2, 8), (8, 2), (8, 8), (8, 15)), (1, 7))","(((2, 8), (8, 2), (8, 8), (8, 14)), (1, 7))",7,17,24.0,7,,,pruned,,,147
"(((1, 8), (8, 2), (8, 8), (8, 14)), (1, 7))","(((2, 8), (8, 2), (8, 8), (8, 14)), (1, 7))",7,17,24.0,7,,,pruned,,,148
"(((2, 9), (8, 2), (8, 8), (8, 14)), (1, 7))","(((2, 8), (8, 2), (8, 8), (8, 14)), (1, 7))",7,17,24.0,7,,,pruned,,,149
"(((2, 7), (8, 2), (8, 8), (8, 14)), (1, 7))","(((2, 8), (8, 2), (8, 8), (8, 14)), (1, 7))",7,17,24.0,7,,,pruned,,,150
"(((2, 8), (8, 2), (8, 8), (8, 14)), (1, 7))","(((2, 8), (8, 2), (8, 14), (9, 8)), (1, 7))",6,16.0,22.0,6,16,9,expanded,False,True,151
"(((2, 8), (8, 14), (9, 2), (9, 9)), (1, 7))","(((2, 8), (8, 2), (8, 14), (9, 9)), (1, 7))",7,17,24.0,7,,,pruned,,,152
"(((2, 8), (7, 2), (8, 14), (9, 9)), (1, 7))","(((2, 8), (8, 2), (8, 14), (9, 9)), (1, 7))",7,17,24.0,7,,,pruned,,,153
"(((2, 8), (8, 1), (8, 14), (9, 9)), (1, 7))","(((2, 8), (8, 2), (8, 14), (9, 9)), (1, 7))",7,17,24.0,7,,,pruned,,,154
"(((2, 8), (8, 2), (9, 9), (9, 14)), (1, 7))","(((2, 8), (8, 2), (8, 14), (9, 9)), (1, 7))",7,17,24.0,7,,,pruned,,,155
"(((2, 8), (7, 14), (8, 2), (9, 9)), (1, 7))","(((2, 8), (8, 2), (8, 14), (9, 9)), (1, 7))",7,17,24.0,7,,,pruned,,,156
"(((2, 8), (8, 2), (8, 15), (9, 9)), (1, 7))","(((2, 8), (8, 2), (8, 14), (9, 9)), (1, 7))",7,17,24.0,7,,,pruned,,,157
"(((2, 8), (8, 2), (8, 14), (10, 9)), (1, 7))","(((2, 8), (8, 2), (8, 14), (9, 9)), (1, 7))",7,17,24.0,7,,,pruned,,,158
"(((1, 8), (8, 2), (8, 14), (9, 9)), (1, 7))","(((2, 8), (8, 2), (8, 14), (9, 9)), (1, 7))",7,17,24.0,7,,,pruned,,,159
"(((2, 9), (8, 2), (8, 14), (9, 9)), (1, 7))","(((2, 8), (8, 2), (8, 14), (9, 9)), (1, 7))",7,17,24.0,7,,,pruned,,,160
"(((2, 7), (8, 2), (8, 14), (9, 9)), (1, 7))","(((2, 8), (8, 2), (8, 14), (9, 9)), (1, 7))",7,17,24.0,7,,,pruned,,,161
"(((2, 8), (8, 2), (8, 14), (9, 9)), (1, 7))","(((2, 8), (8, 2), (8, 14), (9, 8)), (1, 7))",6,16.0,22.0,6,14,10,expanded,False,True,162
"(((2, 8), (8, 14), (9, 2), (9, 7)), (1, 7))","(((2, 8), (8, 2), (8, 14), (9, 7)), (1, 7))",7,17,24.0,7,,,pruned,,,163
"(((2, 8), (7, 2), (8, 14), (9, 7)), (1, 7))","(((2, 8), (8, 2), (8, 14), (9, 7)), (1, 7))",7,17,24.0,7,,,pruned,,,164
"(((2, 8), (8, 1), (8, 14), (9, 7)), (1, 7))","(((2, 8), (8, 2), (8, 14), (9, 7)), (1, 7))",7,17,24.0,7,,,pruned,,,165
"(((2, 8), (8, 2), (9, 7), (9, 14)), (1, 7))","(((2, 8), (8, 2), (8, 14), (9, 7)), (1, 7))",7,17,24.0,7,,,pruned,,,166
"(((2, 8), (7, 14), (8, 2), (9, 7)), (1, 7))","(((2, 8), (8, 2), (8, 14), (9, 7)), (1, 7))",7,17,24.0,7,,,pruned,,,167
"(((2, 8), (8, 2), (8, 15), (9, 7)), (1, 7))","(((2, 8), (8, 2), (8, 14), (9, 7)), (1, 7))",7,17,24.0,7,,,pruned,,,168
"(((2, 8), (8, 2), (8, 14), (10, 7)), (1, 7))","(((2, 8), (8, 2), (8, 14), (9, 7)), (1, 7))",7,17,24.0,7,,,pruned,,,169
"(((1, 8), (8, 2), (8, 14), (9, 7)), (1, 7))","(((2, 8), (8, 2), (8, 14), (9, 7)), (1, 7))",7,17,24.0,7,,,pruned,,,170
"(((2, 9), (8, 2), (8, 14), (9, 7)), (1, 7))","(((2, 8), (8, 2), (8, 14), (9, 7)), (1, 7))",7,17,24.0,7,,,pruned,,,171
"(((2, 7), (8, 2), (8, 14), (9, 7)), (1, 7))","(((2, 8), (8, 2), (8, 14), (9, 7)), (1, 7))",7,17,24.0,7,,,pruned,,,172
"(((2, 8), (8, 2), (8, 14), (9, 7)), (1, 7))","(((2, 8), (8, 2), (8, 14), (9, 8)), (1, 7))",6,16.0,22.0,6,14,10,expanded,False,True,173
"(((2, 8), (8, 8), (9, 2), (14, 8)), (1, 7))","(((2, 8), (8, 2), (8, 8), (14, 8)), (1, 7))",7,17,24.0,7,,,pruned,,,174
"(((2, 8), (7, 2), (8, 8), (14, 8)), (1, 7))","(((2, 8), (8, 2), (8, 8), (14, 8)), (1, 7))",7,17,24.0,7,,,pruned,,,175
"(((2, 8), (8, 1), (8, 8), (14, 8)), (1, 7))","(((2, 8), (8, 2), (8, 8), (14, 8)), (1, 7))",7,17,24.0,7,,,pruned,,,176
"(((2, 8), (8, 2), (8, 8), (15, 8)), (1, 7))","(((2, 8), (8, 2), (8, 8), (14, 8)), (1, 7))",7,17,24.0,7,,,pruned,,,177
"(((2, 8), (8, 2), (8, 8), (14, 9)), (1, 7))","(((2, 8), (8, 2), (8, 8), (14, 8)), (1, 7))",7,17,24.0,7,,,pruned,,,178
"(((2, 8), (8, 2), (8, 8), (14, 7)), (1, 7))","(((2, 8), (8, 2), (8, 8), (14, 8)), (1, 7))",7,17,24.0,7,,,pruned,,,179
"(((1, 8), (8, 2), (8, 8), (14, 8)), (1, 7))","(((2, 8), (8, 2), (8, 8), (14, 8)), (1, 7))",7,17,24.0,7,,,pruned,,,180
"(((2, 9), (8, 2), (8, 8), (14, 8)), (1, 7))","(((2, 8), (8, 2), (8, 8), (14, 8)), (1, 7))",7,17,24.0,7,,,pruned,,,181
"(((2, 7), (8, 2), (8, 8), (14, 8)), (1, 7))","(((2, 8), (8, 2), (8, 8), (14, 8)), (1, 7))",7,17,24.0,7,,,pruned,,,182
"(((2, 8), (8, 2), (8, 8), (14, 8)), (1, 7))","(((2, 8), (8, 2), (8, 9), (14, 8)), (7, 13))",6,16.0,22.0,6,16,9,expanded,False,True,183
"(((8, 8), (8, 14), (9, 2), (14, 8)), (1, 7))","(((8, 2), (8, 8), (8, 14), (14, 8)), (1, 7))",7,17,24.0,7,,,pruned,,,184
"(((7, 2), (8, 8), (8, 14), (14, 8)), (1, 7))","(((8, 2), (8, 8), (8, 14), (14, 8)), (1, 7))",7,17,24.0,7,,,pruned,,,185
"(((8, 1), (8, 8), (8, 14), (14, 8)), (1, 7))","(((8, 2), (8, 8), (8, 14), (14, 8)), (1, 7))",7,17,24.0,7,,,pruned,,,186
"(((8, 2), (8, 8), (8, 14), (15, 8)), (1, 7))","(((8, 2), (8, 8), (8, 14), (14, 8)), (1, 7))",7,17,24.0,7,,,pruned,,,187
"(((8, 2), (8, 8), (8, 14), (14, 9)), (1, 7))","(((8, 2), (8, 8), (8, 14), (14, 8)), (1, 7))",7,17,24.0,7,,,pruned,,,188
"(((8, 2), (8, 8), (8, 14), (14, 7)), (1, 7))","(((8, 2), (8, 8), (8, 14), (14, 8)), (1, 7))",7,17,24.0,7,,,pruned,,,189
"(((8, 2), (8, 8), (9, 14), (14, 8)), (1, 7))","(((8, 2), (8, 8), (8, 14), (14, 8)), (1, 7))",7,17,24.0,7,,,pruned,,,190
"(((7, 14), (8, 2), (8, 8), (14, 8)), (1, 7))","(((8, 2), (8, 8), (8, 14), (14, 8)), (1, 7))",7,17,24.0,7,,,pruned,,,191
"(((8, 2), (8, 8), (8, 15), (14, 8)), (1, 7))","(((8, 2), (8, 8), (8, 14), (14, 8)), (1, 7))",7,17,24.0,7,,,pruned,,,192
"(((8, 2), (8, 8), (8, 14), (14, 8)), (1, 7))","(((7, 8), (8, 2), (8, 14), (14, 8)), (1, 7))",6,16.0,22.0,6,16,9,expanded,False,True,193
"(((6, 9), (8, 2), (8, 14), (14, 8)), (1, 7))","(((6, 8), (8, 2), (8, 14), (14, 8)), (6, 7))",7,17,24.0,7,,,pruned,,,194
"(((6, 7), (8, 2), (8, 14), (14, 8)), (1, 7))","(((6, 8), (8, 2), (8, 14), (14, 8)), (6, 7))",7,17,24.0,7,,,pruned,,,195
"(((6, 8), (8, 14), (9, 2), (14, 8)), (6, 7))","(((6, 8), (8, 2), (8, 14), (14, 8)), (6, 7))",7,17,24.0,7,,,pruned,,,196
"(((6, 8), (7, 2), (8, 14), (14, 8)), (6, 7))","(((6, 8), (8, 2), (8, 14), (14, 8)), (6, 7))",7,17,24.0,7,,,pruned,,,197
"(((6, 8), (8, 1), (8, 14), (14, 8)), (6, 7))","(((6, 8), (8, 2), (8, 14), (14, 8)), (6, 7))",7,17,24.0,7,,,pruned,,,198
"(((6, 8), (8, 2), (8, 14), (15, 8)), (6, 7))","(((6, 8), (8, 2), (8, 14), (14, 8)), (6, 7))",7,17,24.0,7,,,pruned,,,199
"(((6, 8), (8, 2), (8, 14), (14, 9)), (6, 7))","(((6, 8), (8, 2), (8, 14), (14, 8)), (6, 7))",7,17,24.0,7,,,pruned,,,200
"(((6, 8), (8, 2), (8, 14), (14, 7)), (6, 7))","(((6, 8), (8, 2), (8, 14), (14, 8)), (6, 7))",7,17,24.0,7,,,pruned,,,201
"(((6, 8), (8, 2), (9, 14), (14, 8)), (6, 7))","(((6, 8), (8, 2), (8, 14), (14, 8)), (6, 7))",7,17,24.0,7,,,pruned,,,202
"(((6, 8), (7, 14), (8, 2), (14, 8)), (6, 7))","(((6, 8), (8, 2), (8, 14), (14, 8)), (6, 7))",7,17,24.0,7,,,pruned,,,203
"(((6, 8), (8, 2), (8, 15), (14, 8)), (6, 7))","(((6, 8), (8, 2), (8, 14), (14, 8)), (6, 7))",7,17,24.0,7,,,pruned,,,204
"(((6, 8), (8, 2), (8, 14), (14, 8)), (6, 7))","(((7, 8), (8, 2), (8, 14), (14, 8)), (1, 7))",6,16.0,22.0,6,15,11,expanded,False,True,205
"(((6, 9), (8, 2), (8, 14), (14, 8)), (1, 7))","(((7, 9), (8, 2), (8, 14), (14, 8)), (1, 7))",7,17,24.0,7,,,pruned,,,206
"(((7, 9), (8, 14), (9, 2), (14, 8)), (1, 7))","(((7, 9), (8, 2), (8, 14), (14, 8)), (1, 7))",7,17,24.0,7,,,pruned,,,207
"(((7, 2), (7, 9), (8, 14), (14, 8)), (1, 7))","(((7, 9), (8, 2), (8, 14), (14, 8)), (1, 7))",7,17,24.0,7,,,pruned,,,208
"(((7, 9), (8, 1), (8, 14), (14, 8)), (1, 7))","(((7, 9), (8, 2), (8, 14), (14, 8)), (1, 7))",7,17,24.0,7,,,pruned,,,209
"(((7, 9), (8, 2), (8, 14), (15, 8)), (1, 7))","(((7, 9), (8, 2), (8, 14), (14, 8)), (1, 7))",7,17,24.0,7,,,pruned,,,210
"(((7, 9), (8, 2), (8, 14), (14, 9)), (1, 7))","(((7, 9), (8, 2), (8, 14), (14, 8)), (1, 7))",7,17,24.0,7,,,pruned,,,211
"(((7, 9), (8, 2), (8, 14), (14, 7)), (1, 7))","(((7, 9), (8, 2), (8, 14), (14, 8)), (1, 7))",7,17,24.0,7,,,pruned,,,212
"(((7, 9), (8, 2), (9, 14), (14, 8)), (1, 7))","(((7, 9), (8, 2), (8, 14), (14, 8)), (1, 7))",7,17,24.0,7,,,pruned,,,213
"(((7, 9), (7, 14), (8, 2), (14, 8)), (1, 7))","(((7, 9), (8, 2), (8, 14), (14, 8)), (1, 7))",7,17,24.0,7,,,pruned,,,214
"(((7, 9), (8, 2), (8, 15), (14, 8)), (1, 7))","(((7, 9), (8, 2), (8, 14), (14, 8)), (1, 7))",7,17,24.0,7,,,pruned,,,215
"(((7, 9), (8, 2), (8, 14), (14, 8)), (1, 7))","(((7, 8), (8, 2), (8, 14), (14, 8)), (1, 7))",6,16.0,22.0,6,14,10,expanded,False,True,216
"(((7, 7), (8, 14), (9, 2), (14, 8)), (1, 7))","(((7, 7), (8, 2), (8, 14), (14, 8)), (1, 7))",7,17,24.0,7,,,pruned,,,217
"(((7, 2), (7, 7), (8, 14), (14, 8)), (1, 7))","(((7, 7), (8, 2), (8, 14), (14, 8)), (1, 7))",7,17,24.0,7,,,pruned,,,218
"(((7, 7), (8, 1), (8, 14), (14, 8)), (1, 7))","(((7, 7), (8, 2), (8, 14), (14, 8)), (1, 7))",7,17,24.0,7,,,pruned,,,219
"(((7, 7), (8, 2), (8, 14), (15, 8)), (1, 7))","(((7, 7), (8, 2), (8, 14), (14, 8)), (1, 7))",7,17,24.0,7,,,pruned,,,220
"(((7, 7), (8, 2), (8, 14), (14, 9)), (1, 7))","(((7, 7), (8, 2), (8, 14), (14, 8)), (1, 7))",7,17,24.0,7,,,pruned,,,221
"(((7, 7), (8, 2), (8, 14), (14, 7)), (1, 7))","(((7, 7), (8, 2), (8, 14), (14, 8)), (1, 7))",7,17,24.0,7,,,pruned,,,222
"(((7, 7), (8, 2), (9, 14), (14, 8)), (1, 7))","(((7, 7), (8, 2), (8, 14), (14, 8)), (1, 7))",7,17,24.0,7,,,pruned,,,223
"(((7, 7), (7, 14), (8, 2), (14, 8)), (1, 7))","(((7, 7), (8, 2), (8, 14), (14, 8)), (1, 7))",7,17,24.0,7,,,pruned,,,224
"(((7, 7), (8, 2), (8, 15), (14, 8)), (1, 7))","(((7, 7), (8, 2), (8, 14), (14, 8)), (1, 7))",7,17,24.0,7,,,pruned,,,225
"(((6, 7), (8, 2), (8, 14), (14, 8)), (1, 7))","(((7, 7), (8, 2), (8, 14), (14, 8)), (1, 7))",7,17,24.0,7,,,pruned,,,226
"(((7, 7), (8, 2), (8, 14), (14, 8)), (1, 7))","(((7, 8), (8, 2), (8, 14), (14, 8)), (1, 7))",6,16.0,22.0,6,14,10,expanded,False,True,227
"(((2, 8), (9, 8), (9, 14), (14, 8)), (1, 7))","(((2, 8), (8, 14), (9, 8), (14, 8)), (1, 7))",8,16,24.0,8,,,pruned,,,228
"(((2, 8), (7, 14), (9, 8), (14, 8)), (1, 7))","(((2, 8), (8, 14), (9, 8), (14, 8)), (1, 7))",8,16,24.0,8,,,pruned,,,229
"(((2, 8), (8, 15), (9, 8), (14, 8)), (1, 7))","(((2, 8), (8, 14), (9, 8), (14, 8)), (1, 7))",8,16,24.0,8,,,pruned,,,230
"(((2, 8), (8, 14), (9, 8), (15, 8)), (1, 7))","(((2, 8), (8, 14), (9, 8), (14, 8)), (1, 7))",8,16,24.0,8,,,pruned,,,231
"(((2, 8), (8, 14), (9, 8), (14, 9)), (1, 7))","(((2, 8), (8, 14), (9, 8), (14, 8)), (1, 7))",8,16,24.0,8,,,pruned,,,232
"(((2, 8), (8, 14), (9, 8), (14, 7)), (1, 7))","(((2, 8), (8, 14), (9, 8), (14, 8)), (1, 7))",8,16,24.0,8,,,pruned,,,233
"(((1, 8), (8, 14), (9, 8), (14, 8)), (1, 7))","(((2, 8), (8, 14), (9, 8), (14, 8)), (1, 7))",8,16,24.0,8,,,pruned,,,234
"(((2, 9), (8, 14), (9, 8), (14, 8)), (1, 7))","(((2, 8), (8, 14), (9, 8), (14, 8)), (1, 7))",8,16,24.0,8,,,pruned,,,235
"(((2, 7), (8, 14), (9, 8), (14, 8)), (1, 7))","(((2, 8), (8, 14), (9, 8), (14, 8)), (1, 7))",8,16,24.0,8,,,pruned,,,236
"(((2, 8), (8, 14), (9, 8), (14, 8)), (1, 7))","(((2, 8), (8, 8), (8, 14), (14, 8)), (1, 7))",7,15.0,22.0,7,16,9,expanded,False,True,237
"(((2, 8), (7, 8), (9, 14), (14, 8)), (1, 7))","(((2, 8), (7, 8), (8, 14), (14, 8)), (1, 7))",8,16,24.0,8,,,pruned,,,238
"(((2, 8), (7, 8), (7, 14), (14, 8)), (1, 7))","(((2, 8), (7, 8), (8, 14), (14, 8)), (1, 7))",8,16,24.0,8,,,pruned,,,239
"(((2, 8), (7, 8), (8, 15), (14, 8)), (1, 7))","(((2, 8), (7, 8), (8, 14), (14, 8)), (1, 7))",8,16,24.0,8,,,pruned,,,240
"(((2, 8), (7, 8), (8, 14), (15, 8)), (1, 7))","(((2, 8), (7, 8), (8, 14), (14, 8)), (1, 7))",8,16,24.0,8,,,pruned,,,241
"(((2, 8), (7, 8), (8, 14), (14, 9)), (1, 7))","(((2, 8), (7, 8), (8, 14), (14, 8)), (1, 7))",8,16,24.0,8,,,pruned,,,242
"(((2, 8), (7, 8), (8, 14), (14, 7)), (1, 7))","(((2, 8), (7, 8), (8, 14), (14, 8)), (1, 7))",8,16,24.0,8,,,pruned,,,243
"(((1, 8), (7, 8), (8, 14), (14, 8)), (1, 7))","(((2, 8), (7, 8), (8, 14), (14, 8)), (1, 7))",8,16,24.0,8,,,pruned,,,244
"(((2, 9), (7, 8), (8, 14), (14, 8)), (1, 7))","(((2, 8), (7, 8), (8, 14), (14, 8)), (1, 7))",8,16,24.0,8,,,pruned,,,245
"(((2, 7), (7, 8), (8, 14), (14, 8)), (1, 7))","(((2, 8), (7, 8), (8, 14), (14, 8)), (1, 7))",8,16,24.0,8,,,pruned,,,246
"(((2, 8), (7, 8), (8, 14), (14, 8)), (1, 7))","(((2, 8), (8, 8), (8, 14), (14, 8)), (1, 7))",7,15.0,22.0,7,16,9,expanded,False,True,247
"(((2, 8), (8, 9), (8, 14), (15, 8)), (1, 7))","(((2, 8), (8, 9), (8, 14), (14, 8)), (1, 7))",8,16,24.0,8,,,pruned,,,248
"(((2, 8), (8, 9), (8, 14), (14, 9)), (1, 7))","(((2, 8), (8, 9), (8, 14), (14, 8)), (1, 7))",8,16,24.0,8,,,pruned,,,249
"(((2, 8), (8, 9), (8, 14), (14, 7)), (1, 7))","(((2, 8), (8, 9), (8, 14), (14, 8)), (1, 7))",8,16,24.0,8,,,pruned,,,250
"(((1, 8), (8, 9), (8, 14), (14, 8)), (1, 7))","(((2, 8), (8, 9), (8, 14), (14, 8)), (1, 7))",8,16,24.0,8,,,pruned,,,251
"(((2, 9), (8, 9), (8, 14), (14, 8)), (1, 7))","(((2, 8), (8, 9), (8, 14), (14, 8)), (1, 7))",8,16,24.0,8,,,pruned,,,252
"(((2, 7), (8, 9), (8, 14), (14, 8)), (1, 7))","(((2, 8), (8, 9), (8, 14), (14, 8)), (1, 7))",8,16,24.0,8,,,pruned,,,253
"(((2, 8), (8, 9), (8, 14), (14, 8)), (1, 7))","(((2, 8), (8, 8), (8, 14), (14, 8)), (1, 7))",7,15.0,22.0,7,11,6,expanded,False,True,254
"(((2, 8), (8, 7), (9, 14), (14, 8)), (1, 7))","(((2, 8), (8, 7), (8, 14), (14, 8)), (1, 7))",8,16,24.0,8,,,pruned,,,255
"(((2, 8), (7, 14), (8, 7), (14, 8)), (1, 7))","(((2, 8), (8, 7), (8, 14), (14, 8)), (1, 7))",8,16,24.0,8,,,pruned,,,256
"(((2, 8), (8, 7), (8, 15), (14, 8)), (1, 7))","(((2, 8), (8, 7), (8, 14), (14, 8)), (1, 7))",8,16,24.0,8,,,pruned,,,257
"(((2, 8), (8, 7), (8, 14), (15, 8)), (1, 7))","(((2, 8), (8, 7), (8, 14), (14, 8)), (1, 7))",8,16,24.0,8,,,pruned,,,258
"(((2, 8), (8, 7), (8, 14), (14, 9)), (1, 7))","(((2, 8), (8, 7), (8, 14), (14, 8)), (1, 7))",8,16,24.0,8,,,pruned,,,259
"(((2, 8), (8, 7), (8, 14), (14, 7)), (1, 7))","(((2, 8), (8, 7), (8, 14), (14, 8)), (1, 7))",8,16,24.0,8,,,pruned,,,260
"(((1, 8), (8, 7), (8, 14), (14, 8)), (1, 7))","(((2, 8), (8, 7), (8, 14), (14, 8)), (1, 7))",8,16,24.0,8,,,pruned,,,261
"(((2, 9), (8, 7), (8, 14), (14, 8)), (1, 7))","(((2, 8), (8, 7), (8, 14), (14, 8)), (1, 7))",8,16,24.0,8,,,pruned,,,262
"(((2, 7), (8, 7), (8, 14), (14, 8)), (1, 7))","(((2, 8), (8, 7), (8, 14), (14, 8)), (1, 7))",8,16,24.0,8,,,pruned,,,263
"(((2, 8), (8, 7), (8, 14), (14, 8)), (1, 7))","(((2, 8), (8, 8), (8, 14), (14, 8)), (1, 7))",7,15.0,22.0,7,15,9,expanded,False,True,264
"(((2, 8), (8, 8), (9, 13), (14, 8)), (1, 7))","(((2, 8), (8, 8), (8, 13), (14, 8)), (7, 13))",8,16,24.0,8,,,pruned,,,265
"(((2, 8), (7, 13), (8, 8), (14, 8)), (1, 7))","(((2, 8), (8, 8), (8, 13), (14, 8)), (7, 13))",8,16,24.0,8,,,pruned,,,266
"(((2, 8), (8, 8), (8, 13), (14, 8)), (7, 13))","(((2, 8), (8, 8), (8, 14), (14, 8)), (1, 7))",7,15.0,22.0,7,3,2,expanded,False,True,267
"(((2, 8), (8, 8), (8, 14), (13, 9)), (1, 7))","(((2, 8), (8, 8), (8, 14), (13, 8)), (13, 7))",8,16,24.0,8,,,pruned,,,268
"(((2, 8), (8, 8), (8, 14), (13, 7)), (1, 7))","(((2, 8), (8, 8), (8, 14), (13, 8)), (13, 7))",8,16,24.0,8,,,pruned,,,269
"(((2, 8), (8, 8), (8, 14), (13, 8)), (13, 7))","(((2, 8), (8, 8), (8, 14), (14, 8)), (1, 7))",7,15.0,22.0,7,3,2,expanded,False,True,270
"(((3, 9), (8, 8), (8, 14), (14, 8)), (1, 7))","(((3, 8), (8, 8), (8, 14), (14, 8)), (1, 7))",8,16,24.0,8,,,pruned,,,271
"(((3, 7), (8, 8), (8, 14), (14, 8)), (1, 7))","(((3, 8), (8, 8), (8, 14), (14, 8)), (1, 7))",8,16,24.0,8,,,pruned,,,272
"(((3, 8), (8, 8), (8, 14), (14, 8)), (1, 7))","(((2, 8), (8, 8), (8, 14), (14, 8)), (1, 7))",7,15.0,22.0,7,3,2,expanded,False,True,273
"(((2, 8), (8, 14), (9, 3), (10, 8)), (1, 7))","(((2, 8), (8, 3), (8, 14), (10, 8)), (7, 1))",8,16,24.0,8,,,pruned,,,274
"(((2, 8), (7, 3), (8, 14), (10, 8)), (1, 7))","(((2, 8), (8, 3), (8, 14), (10, 8)), (7, 1))",8,16,24.0,8,,,pruned,,,275
"(((2, 8), (8, 3), (8, 14), (10, 8)), (7, 1))","(((2, 8), (8, 2), (8, 14), (10, 8)), (1, 7))",7,15.0,22.0,7,3,2,expanded,False,True,276
"(((2, 8), (8, 2), (9, 13), (10, 8)), (1, 7))","(((2, 8), (8, 2), (8, 13), (10, 8)), (7, 13))",8,16,24.0,8,,,pruned,,,277
"(((2, 8), (7, 13), (8, 2), (10, 8)), (1, 7))","(((2, 8), (8, 2), (8, 13), (10, 8)), (7, 13))",8,16,24.0,8,,,pruned,,,278
"(((2, 8), (8, 2), (8, 13), (10, 8)), (7, 13))","(((2, 8), (8, 2), (8, 14), (10, 8)), (1, 7))",7,15.0,22.0,7,3,2,expanded,False,True,279
"(((3, 9), (8, 2), (8, 14), (10, 8)), (1, 7))","(((3, 8), (8, 2), (8, 14), (10, 8)), (1, 7))",8,16,24.0,8,,,pruned,,,280
"(((3, 7), (8, 2), (8, 14), (10, 8)), (1, 7))","(((3, 8), (8, 2), (8, 14), (10, 8)), (1, 7))",8,16,24.0,8,,,pruned,,,281
"(((3, 8), (8, 2), (8, 14), (10, 8)), (1, 7))","(((2, 8), (8, 2), (8, 14), (10, 8)), (1, 7))",7,15.0,22.0,7,3,2,expanded,False,True,282
"(((2, 8), (7, 8), (8, 14), (9, 2)), (1, 7))","(((2, 8), (7, 8), (8, 2), (8, 14)), (1, 7))",8,16,24.0,8,,,pruned,,,283
"(((2, 8), (7, 2), (7, 8), (8, 14)), (1, 7))","(((2, 8), (7, 8), (8, 2), (8, 14)), (1, 7))",8,16,24.0,8,,,pruned,,,284
"(((2, 8), (7, 8), (8, 1), (8, 14)), (1, 7))","(((2, 8), (7, 8), (8, 2), (8, 14)), (1, 7))",8,16,24.0,8,,,pruned,,,285
"(((2, 8), (7, 8), (8, 2), (9, 14)), (1, 7))","(((2, 8), (7, 8), (8, 2), (8, 14)), (1, 7))",8,16,24.0,8,,,pruned,,,286
"(((2, 8), (7, 8), (7, 14), (8, 2)), (1, 7))","(((2, 8), (7, 8), (8, 2), (8, 14)), (1, 7))",8,16,24.0,8,,,pruned,,,287
"(((2, 8), (7, 8), (8, 2), (8, 15)), (1, 7))","(((2, 8), (7, 8), (8, 2), (8, 14)), (1, 7))",8,16,24.0,8,,,pruned,,,288
"(((1, 8), (7, 8), (8, 2), (8, 14)), (1, 7))","(((2, 8), (7, 8), (8, 2), (8, 14)), (1, 7))",8,16,24.0,8,,,pruned,,,289
"(((2, 9), (7, 8), (8, 2), (8, 14)), (1, 7))","(((2, 8), (7, 8), (8, 2), (8, 14)), (1, 7))",8,16,24.0,8,,,pruned,,,290
"(((2, 7), (7, 8), (8, 2), (8, 14)), (1, 7))","(((2, 8), (7, 8), (8, 2), (8, 14)), (1, 7))",8,16,24.0,8,,,pruned,,,291
"(((2, 8), (7, 8), (8, 2), (8, 14)), (1, 7))","(((2, 8), (8, 2), (8, 8), (8, 14)), (1, 7))",7,15.0,22.0,7,16,9,expanded,False,True,292
"(((2, 8), (8, 9), (8, 14), (9, 2)), (1, 7))","(((2, 8), (8, 2), (8, 9), (8, 14)), (1, 7))",8,16,24.0,8,,,pruned,,,293
"(((2, 8), (7, 2), (8, 9), (8, 14)), (1, 7))","(((2, 8), (8, 2), (8, 9), (8, 14)), (1, 7))",8,16,24.0,8,,,pruned,,,294
"(((2, 8), (8, 1), (8, 9), (8, 14)), (1, 7))","(((2, 8), (8, 2), (8, 9), (8, 14)), (1, 7))",8,16,24.0,8,,,pruned,,,295
"(((1, 8), (8, 2), (8, 9), (8, 14)), (1, 7))","(((2, 8), (8, 2), (8, 9), (8, 14)), (1, 7))",8,16,24.0,8,,,pruned,,,296
"(((2, 9), (8, 2), (8, 9), (8, 14)), (1, 7))","(((2, 8), (8, 2), (8, 9), (8, 14)), (1, 7))",8,16,24.0,8,,,pruned,,,297
"(((2, 7), (8, 2), (8, 9), (8, 14)), (1, 7))","(((2, 8), (8, 2), (8, 9), (8, 14)), (1, 7))",8,16,24.0,8,,,pruned,,,298
"(((2, 8), (8, 2), (8, 9), (8, 14)), (1, 7))","(((2, 8), (8, 2), (8, 8), (8, 14)), (1, 7))",7,15.0,22.0,7,11,6,expanded,False,True,299
"(((2, 8), (8, 2), (8, 7), (9, 14)), (1, 7))","(((2, 8), (8, 2), (8, 7), (8, 14)), (1, 7))",8,16,24.0,8,,,pruned,,,300
"(((2, 8), (7, 14), (8, 2), (8, 7)), (1, 7))","(((2, 8), (8, 2), (8, 7), (8, 14)), (1, 7))",8,16,24.0,8,,,pruned,,,301
"(((2, 8), (8, 2), (8, 7), (8, 15)), (1, 7))","(((2, 8), (8, 2), (8, 7), (8, 14)), (1, 7))",8,16,24.0,8,,,pruned,,,302
"(((1, 8), (8, 2), (8, 7), (8, 14)), (1, 7))","(((2, 8), (8, 2), (8, 7), (8, 14)), (1, 7))",8,16,24.0,8,,,pruned,,,303
"(((2, 9), (8, 2), (8, 7), (8, 14)), (1, 7))","(((2, 8), (8, 2), (8, 7), (8, 14)), (1, 7))",8,16,24.0,8,,,pruned,,,304
"(((2, 7), (8, 2), (8, 7), (8, 14)), (1, 7))","(((2, 8), (8, 2), (8, 7), (8, 14)), (1, 7))",8,16,24.0,8,,,pruned,,,305
"(((2, 8), (8, 2), (8, 7), (8, 14)), (1, 7))","(((2, 8), (8, 2), (8, 8), (8, 14)), (1, 7))",7,15.0,22.0,7,11,6,expanded,False,True,306
"(((2, 8), (8, 8), (8, 14), (9, 3)), (1, 7))","(((2, 8), (8, 3), (8, 8), (8, 14)), (7, 1))",8,16,24.0,8,,,pruned,,,307
"(((2, 8), (7, 3), (8, 8), (8, 14)), (1, 7))","(((2, 8), (8, 3), (8, 8), (8, 14)), (7, 1))",8,16,24.0,8,,,pruned,,,308
"(((2, 8), (8, 3), (8, 8), (8, 14)), (7, 1))","(((2, 8), (8, 2), (8, 8), (8, 14)), (1, 7))",7,15.0,22.0,7,3,2,expanded,False,True,309
"(((2, 8), (8, 2), (8, 8), (9, 13)), (1, 7))","(((2, 8), (8, 2), (8, 8), (8, 13)), (7, 13))",8,16,24.0,8,,,pruned,,,310
"(((2, 8), (7, 13), (8, 2), (8, 8)), (1, 7))","(((2, 8), (8, 2), (8, 8), (8, 13)), (7, 13))",8,16,24.0,8,,,pruned,,,311
"(((2, 8), (8, 2), (8, 8), (8, 13)), (7, 13))","(((2, 8), (8, 2), (8, 8), (8, 14)), (1, 7))",7,15.0,22.0,7,3,2,expanded,False,True,312
"(((3, 9), (8, 2), (8, 8), (8, 14)), (1, 7))","(((3, 8), (8, 2), (8, 8), (8, 14)), (1, 7))",8,16,24.0,8,,,pruned,,,313
"(((3, 7), (8, 2), (8, 8), (8, 14)), (1, 7))","(((3, 8), (8, 2), (8, 8), (8, 14)), (1, 7))",8,16,24.0,8,,,pruned,,,314
"(((3, 8), (8, 2), (8, 8), (8, 14)), (1, 7))","(((2, 8), (8, 2), (8, 8), (8, 14)), (1, 7))",7,15.0,22.0,7,3,2,expanded,False,True,315
"(((2, 8), (8, 14), (9, 3), (9, 9)), (1, 7))","(((2, 8), (8, 3), (8, 14), (9, 9)), (7, 1))",8,16,24.0,8,,,pruned,,,316
"(((2, 8), (7, 3), (8, 14), (9, 9)), (1, 7))","(((2, 8), (8, 3), (8, 14), (9, 9)), (7, 1))",8,16,24.0,8,,,pruned,,,317
"(((2, 8), (8, 3), (8, 14), (9, 9)), (7, 1))","(((2, 8), (8, 2), (8, 14), (9, 9)), (1, 7))",7,15.0,22.0,7,3,2,expanded,False,True,318
"(((2, 8), (8, 2), (9, 9), (9, 13)), (1, 7))","(((2, 8), (8, 2), (8, 13), (9, 9)), (7, 13))",8,16,24.0,8,,,pruned,,,319
"(((2, 8), (7, 13), (8, 2), (9, 9)), (1, 7))","(((2, 8), (8, 2), (8, 13), (9, 9)), (7, 13))",8,16,24.0,8,,,pruned,,,320
"(((2, 8), (8, 2), (8, 13), (9, 9)), (7, 13))","(((2, 8), (8, 2), (8, 14), (9, 9)), (1, 7))",7,15.0,22.0,7,3,2,expanded,False,True,321
"(((3, 9), (8, 2), (8, 14), (9, 9)), (1, 7))","(((3, 8), (8, 2), (8, 14), (9, 9)), (1, 7))",8,16,24.0,8,,,pruned,,,322
"(((3, 7), (8, 2), (8, 14), (9, 9)), (1, 7))","(((3, 8), (8, 2), (8, 14), (9, 9)), (1, 7))",8,16,24.0,8,,,pruned,,,323
"(((3, 8), (8, 2), (8, 14), (9, 9)), (1, 7))","(((2, 8), (8, 2), (8, 14), (9, 9)), (1, 7))",7,15.0,22.0,7,3,2,expanded,False,True,324
"(((2, 8), (8, 14), (9, 3), (9, 7)), (1, 7))","(((2, 8), (8, 3), (8, 14), (9, 7)), (7, 1))",8,16,24.0,8,,,pruned,,,325
"(((2, 8), (7, 3), (8, 14), (9, 7)), (1, 7))","(((2, 8), (8, 3), (8, 14), (9, 7)), (7, 1))",8,16,24.0,8,,,pruned,,,326
"(((2, 8), (8, 3), (8, 14), (9, 7)), (7, 1))","(((2, 8), (8, 2), (8, 14), (9, 7)), (1, 7))",7,15.0,22.0,7,3,2,expanded,False,True,327
"(((2, 8), (8, 2), (9, 7), (9, 13)), (1, 7))","(((2, 8), (8, 2), (8, 13), (9, 7)), (7, 13))",8,16,24.0,8,,,pruned,,,328
"(((2, 8), (7, 13), (8, 2), (9, 7)), (1, 7))","(((2, 8), (8, 2), (8, 13), (9, 7)), (7, 13))",8,16,24.0,8,,,pruned,,,329
"(((2, 8), (8, 2), (8, 13), (9, 7)), (7, 13))","(((2, 8), (8, 2), (8, 14), (9, 7)), (1, 7))",7,15.0,22.0,7,3,2,expanded,False,True,330
"(((3, 9), (8, 2), (8, 14), (9, 7)), (1, 7))","(((3, 8), (8, 2), (8, 14), (9, 7)), (1, 7))",8,16,24.0,8,,,pruned,,,331
"(((3, 7), (8, 2), (8, 14), (9, 7)), (1, 7))","(((3, 8), (8, 2), (8, 14), (9, 7)), (1, 7))",8,16,24.0,8,,,pruned,,,332
"(((3, 8), (8, 2), (8, 14), (9, 7)), (1, 7))","(((2, 8), (8, 2), (8, 14), (9, 7)), (1, 7))",7,15.0,22.0,7,3,2,expanded,False,True,333
"(((2, 8), (9, 2), (9, 8), (14, 8)), (1, 7))","(((2, 8), (8, 2), (9, 8), (14, 8)), (1, 7))",8,16,24.0,8,,,pruned,,,334
"(((2, 8), (7, 2), (9, 8), (14, 8)), (1, 7))","(((2, 8), (8, 2), (9, 8), (14, 8)), (1, 7))",8,16,24.0,8,,,pruned,,,335
"(((2, 8), (8, 1), (9, 8), (14, 8)), (1, 7))","(((2, 8), (8, 2), (9, 8), (14, 8)), (1, 7))",8,16,24.0,8,,,pruned,,,336
"(((2, 8), (8, 2), (9, 8), (15, 8)), (1, 7))","(((2, 8), (8, 2), (9, 8), (14, 8)), (1, 7))",8,16,24.0,8,,,pruned,,,337
"(((2, 8), (8, 2), (9, 8), (14, 9)), (1, 7))","(((2, 8), (8, 2), (9, 8), (14, 8)), (1, 7))",8,16,24.0,8,,,pruned,,,338
"(((2, 8), (8, 2), (9, 8), (14, 7)), (1, 7))","(((2, 8), (8, 2), (9, 8), (14, 8)), (1, 7))",8,16,24.0,8,,,pruned,,,339
"(((1, 8), (8, 2), (9, 8), (14, 8)), (1, 7))","(((2, 8), (8, 2), (9, 8), (14, 8)), (1, 7))",8,16,24.0,8,,,pruned,,,340
"(((2, 9), (8, 2), (9, 8), (14, 8)), (1, 7))","(((2, 8), (8, 2), (9, 8), (14, 8)), (1, 7))",8,16,24.0,8,,,pruned,,,341
"(((2, 7), (8, 2), (9, 8), (14, 8)), (1, 7))","(((2, 8), (8, 2), (9, 8), (14, 8)), (1, 7))",8,16,24.0,8,,,pruned,,,342
"(((2, 8), (8, 2), (9, 8), (14, 8)), (1, 7))","(((2, 8), (8, 2), (8, 8), (14, 8)), (1, 7))",7,15.0,22.0,7,16,9,expanded,False,True,343
"(((2, 8), (7, 8), (9, 2), (14, 8)), (1, 7))","(((2, 8), (7, 8), (8, 2), (14, 8)), (1, 7))",8,16,24.0,8,,,pruned,,,344
"(((2, 8), (7, 2), (7, 8), (14, 8)), (1, 7))","(((2, 8), (7, 8), (8, 2), (14, 8)), (1, 7))",8,16,24.0,8,,,pruned,,,345
"(((2, 8), (7, 8), (8, 1), (14, 8)), (1, 7))","(((2, 8), (7, 8), (8, 2), (14, 8)), (1, 7))",8,16,24.0,8,,,pruned,,,346
"(((2, 8), (7, 8), (8, 2), (15, 8)), (1, 7))","(((2, 8), (7, 8), (8, 2), (14, 8)), (1, 7))",8,16,24.0,8,,,pruned,,,347
"(((2, 8), (7, 8), (8, 2), (14, 9)), (1, 7))","(((2, 8), (7, 8), (8, 2), (14, 8)), (1, 7))",8,16,24.0,8,,,pruned,,,348
"(((2, 8), (7, 8), (8, 2), (14, 7)), (1, 7))","(((2, 8), (7, 8), (8, 2), (14, 8)), (1, 7))",8,16,24.0,8,,,pruned,,,349
"(((1, 8), (7, 8), (8, 2), (14, 8)), (1, 7))","(((2, 8), (7, 8), (8, 2), (14, 8)), (1, 7))",8,16,24.0,8,,,pruned,,,350
"(((2, 9), (7, 8), (8, 2), (14, 8)), (1, 7))","(((2, 8), (7, 8), (8, 2), (14, 8)), (1, 7))",8,16,24.0,8,,,pruned,,,351
"(((2, 7), (7, 8), (8, 2), (14, 8)), (1, 7))","(((2, 8), (7, 8), (8, 2), (14, 8)), (1, 7))",8,16,24.0,8,,,pruned,,,352
"(((2, 8), (7, 8), (8, 2), (14, 8)), (1, 7))","(((2, 8), (8, 2), (8, 8), (14, 8)), (1, 7))",7,15.0,22.0,7,16,9,expanded,False,True,353
"(((2, 8), (8, 9), (9, 2), (14, 8)), (1, 7))","(((2, 8), (8, 2), (8, 9), (14, 8)), (1, 7))",8,16,24.0,8,,,pruned,,,354
"(((2, 8), (7, 2), (8, 9), (14, 8)), (1, 7))","(((2, 8), (8, 2), (8, 9), (14, 8)), (1, 7))",8,16,24.0,8,,,pruned,,,355
"(((2, 8), (8, 1), (8, 9), (14, 8)), (1, 7))","(((2, 8), (8, 2), (8, 9), (14, 8)), (1, 7))",8,16,24.0,8,,,pruned,,,356
"(((2, 8), (8, 2), (8, 9), (15, 8)), (1, 7))","(((2, 8), (8, 2), (8, 9), (14, 8)), (1, 7))",8,16,24.0,8,,,pruned,,,357
"(((2, 8), (8, 2), (8, 9), (14, 9)), (1, 7))","(((2, 8), (8, 2), (8, 9), (14, 8)), (1, 7))",8,16,24.0,8,,,pruned,,,358
"(((2, 8), (8, 2), (8, 9), (14, 7)), (1, 7))","(((2, 8), (8, 2), (8, 9), (14, 8)), (1, 7))",8,16,24.0,8,,,pruned,,,359
"(((1, 8), (8, 2), (8, 9), (14, 8)), (1, 7))","(((2, 8), (8, 2), (8, 9), (14, 8)), (1, 7))",8,16,24.0,8,,,pruned,,,360
"(((2, 9), (8, 2), (8, 9), (14, 8)), (1, 7))","(((2, 8), (8, 2), (8, 9), (14, 8)), (1, 7))",8,16,24.0,8,,,pruned,,,361
"(((2, 7), (8, 2), (8, 9), (14, 8)), (1, 7))","(((2, 8), (8, 2), (8, 9), (14, 8)), (1, 7))",8,16,24.0,8,,,pruned,,,362
"(((2, 8), (8, 2), (8, 9), (14, 8)), (1, 7))","(((2, 8), (8, 2), (8, 8), (14, 8)), (1, 7))",7,15.0,22.0,7,15,9,expanded,False,True,363
"(((2, 8), (8, 2), (8, 7), (15, 8)), (1, 7))","(((2, 8), (8, 2), (8, 7), (14, 8)), (1, 7))",8,16,24.0,8,,,pruned,,,364
"(((2, 8), (8, 2), (8, 7), (14, 9)), (1, 7))","(((2, 8), (8, 2), (8, 7), (14, 8)), (1, 7))",8,16,24.0,8,,,pruned,,,365
"(((2, 8), (8, 2), (8, 7), (14, 7)), (1, 7))","(((2, 8), (8, 2), (8, 7), (14, 8)), (1, 7))",8,16,24.0,8,,,pruned,,,366
"(((1, 8), (8, 2), (8, 7), (14, 8)), (1, 7))","(((2, 8), (8, 2), (8, 7), (14, 8)), (1, 7))",8,16,24.0,8,,,pruned,,,367
"(((2, 9), (8, 2), (8, 7), (14, 8)), (1, 7))","(((2, 8), (8, 2), (8, 7), (14, 8)), (1, 7))",8,16,24.0,8,,,pruned,,,368
"(((2, 7), (8, 2), (8, 7), (14, 8)), (1, 7))","(((2, 8), (8, 2), (8, 7), (14, 8)), (1, 7))",8,16,24.0,8,,,pruned,,,369
"(((2, 8), (8, 2), (8, 7), (14, 8)), (1, 7))","(((2, 8), (8, 2), (8, 8), (14, 8)), (1, 7))",7,15.0,22.0,7,11,6,expanded,False,True,370
"(((2, 8), (8, 8), (9, 3), (14, 8)), (1, 7))","(((2, 8), (8, 3), (8, 8), (14, 8)), (7, 1))",8,16,24.0,8,,,pruned,,,371
"(((2, 8), (7, 3), (8, 8), (14, 8)), (1, 7))","(((2, 8), (8, 3), (8, 8), (14, 8)), (7, 1))",8,16,24.0,8,,,pruned,,,372
"(((2, 8), (8, 3), (8, 8), (14, 8)), (7, 1))","(((2, 8), (8, 2), (8, 8), (14, 8)), (1, 7))",7,15.0,22.0,7,3,2,expanded,False,True,373
"(((2, 8), (8, 2), (8, 8), (13, 9)), (1, 7))","(((2, 8), (8, 2), (8, 8), (13, 8)), (13, 7))",8,16,24.0,8,,,pruned,,,374
"(((2, 8), (8, 2), (8, 8), (13, 7)), (1, 7))","(((2, 8), (8, 2), (8, 8), (13, 8)), (13, 7))",8,16,24.0,8,,,pruned,,,375
"(((2, 8), (8, 2), (8, 8), (13, 8)), (13, 7))","(((2, 8), (8, 2), (8, 8), (14, 8)), (1, 7))",7,15.0,22.0,7,3,2,expanded,False,True,376
"(((3, 9), (8, 2), (8, 8), (14, 8)), (1, 7))","(((3, 8), (8, 2), (8, 8), (14, 8)), (1, 7))",8,16,24.0,8,,,pruned,,,377
"(((3, 7), (8, 2), (8, 8), (14, 8)), (1, 7))","(((3, 8), (8, 2), (8, 8), (14, 8)), (1, 7))",8,16,24.0,8,,,pruned,,,378
"(((3, 8), (8, 2), (8, 8), (14, 8)), (1, 7))","(((2, 8), (8, 2), (8, 8), (14, 8)), (1, 7))",7,15.0,22.0,7,3,2,expanded,False,True,379
"(((8, 14), (9, 2), (9, 8), (14, 8)), (1, 7))","(((8, 2), (8, 14), (9, 8), (14, 8)), (1, 7))",8,16,24.0,8,,,pruned,,,380
"(((7, 2), (8, 14), (9, 8), (14, 8)), (1, 7))","(((8, 2), (8, 14), (9, 8), (14, 8)), (1, 7))",8,16,24.0,8,,,pruned,,,381
"(((8, 1), (8, 14), (9, 8), (14, 8)), (1, 7))","(((8, 2), (8, 14), (9, 8), (14, 8)), (1, 7))",8,16,24.0,8,,,pruned,,,382
"(((8, 2), (8, 14), (9, 8), (15, 8)), (1, 7))","(((8, 2), (8, 14), (9, 8), (14, 8)), (1, 7))",8,16,24.0,8,,,pruned,,,383
"(((8, 2), (8, 14), (9, 8), (14, 9)), (1, 7))","(((8, 2), (8, 14), (9, 8), (14, 8)), (1, 7))",8,16,24.0,8,,,pruned,,,384
"(((8, 2), (8, 14), (9, 8), (14, 7)), (1, 7))","(((8, 2), (8, 14), (9, 8), (14, 8)), (1, 7))",8,16,24.0,8,,,pruned,,,385
"(((8, 2), (9, 8), (9, 14), (14, 8)), (1, 7))","(((8, 2), (8, 14), (9, 8), (14, 8)), (1, 7))",8,16,24.0,8,,,pruned,,,386
"(((7, 14), (8, 2), (9, 8), (14, 8)), (1, 7))","(((8, 2), (8, 14), (9, 8), (14, 8)), (1, 7))",8,16,24.0,8,,,pruned,,,387
"(((8, 2), (8, 15), (9, 8), (14, 8)), (1, 7))","(((8, 2), (8, 14), (9, 8), (14, 8)), (1, 7))",8,16,24.0,8,,,pruned,,,388
"(((8, 2), (8, 14), (9, 8), (14, 8)), (1, 7))","(((8, 2), (8, 8), (8, 14), (14, 8)), (1, 7))",7,15.0,22.0,7,16,9,expanded,False,True,389
"(((8, 9), (8, 14), (9, 2), (14, 8)), (1, 7))","(((8, 2), (8, 9), (8, 14), (14, 8)), (1, 7))",8,16,24.0,8,,,pruned,,,390
"(((7, 2), (8, 9), (8, 14), (14, 8)), (1, 7))","(((8, 2), (8, 9), (8, 14), (14, 8)), (1, 7))",8,16,24.0,8,,,pruned,,,391
"(((8, 1), (8, 9), (8, 14), (14, 8)), (1, 7))","(((8, 2), (8, 9), (8, 14), (14, 8)), (1, 7))",8,16,24.0,8,,,pruned,,,392
"(((8, 2), (8, 9), (8, 14), (15, 8)), (1, 7))","(((8, 2), (8, 9), (8, 14), (14, 8)), (1, 7))",8,16,24.0,8,,,pruned,,,393
"(((8, 2), (8, 9), (8, 14), (14, 9)), (1, 7))","(((8, 2), (8, 9), (8, 14), (14, 8)), (1, 7))",8,16,24.0,8,,,pruned,,,394
"(((8, 2), (8, 9), (8, 14), (14, 7)), (1, 7))","(((8, 2), (8, 9), (8, 14), (14, 8)), (1, 7))",8,16,24.0,8,,,pruned,,,395
"(((8, 2), (8, 9), (8, 14), (14, 8)), (1, 7))","(((8, 2), (8, 8), (8, 14), (14, 8)), (1, 7))",7,15.0,22.0,7,11,6,expanded,False,True,396
"(((8, 2), (8, 7), (8, 14), (15, 8)), (1, 7))","(((8, 2), (8, 7), (8, 14), (14, 8)), (1, 7))",8,16,24.0,8,,,pruned,,,397
"(((8, 2), (8, 7), (8, 14), (14, 9)), (1, 7))","(((8, 2), (8, 7), (8, 14), (14, 8)), (1, 7))",8,16,24.0,8,,,pruned,,,398
"(((8, 2), (8, 7), (8, 14), (14, 7)), (1, 7))","(((8, 2), (8, 7), (8, 14), (14, 8)), (1, 7))",8,16,24.0,8,,,pruned,,,399
"(((8, 2), (8, 7), (9, 14), (14, 8)), (1, 7))","(((8, 2), (8, 7), (8, 14), (14, 8)), (1, 7))",8,16,24.0,8,,,pruned,,,400
"(((7, 14), (8, 2), (8, 7), (14, 8)), (1, 7))","(((8, 2), (8, 7), (8, 14), (14, 8)), (1, 7))",8,16,24.0,8,,,pruned,,,401
"(((8, 2), (8, 7), (8, 15), (14, 8)), (1, 7))","(((8, 2), (8, 7), (8, 14), (14, 8)), (1, 7))",8,16,24.0,8,,,pruned,,,402
"(((8, 2), (8, 7), (8, 14), (14, 8)), (1, 7))","(((8, 2), (8, 8), (8, 14), (14, 8)), (1, 7))",7,15.0,22.0,7,11,6,expanded,False,True,403
"(((8, 8), (8, 14), (9, 3), (14, 8)), (1, 7))","(((8, 3), (8, 8), (8, 14), (14, 8)), (7, 1))",8,16,24.0,8,,,pruned,,,404
"(((7, 3), (8, 8), (8, 14), (14, 8)), (1, 7))","(((8, 3), (8, 8), (8, 14), (14, 8)), (7, 1))",8,16,24.0,8,,,pruned,,,405
"(((8, 3), (8, 8), (8, 14), (14, 8)), (7, 1))","(((8, 2), (8, 8), (8, 14), (14, 8)), (1, 7))",7,15.0,22.0,7,3,2,expanded,False,True,406
"(((8, 2), (8, 8), (8, 14), (13, 9)), (1, 7))","(((8, 2), (8, 8), (8, 14), (13, 8)), (13, 7))",8,16,24.0,8,,,pruned,,,407
"(((8, 2), (8, 8), (8, 14), (13, 7)), (1, 7))","(((8, 2), (8, 8), (8, 14), (13, 8)), (13, 7))",8,16,24.0,8,,,pruned,,,408
"(((8, 2), (8, 8), (8, 14), (13, 8)), (13, 7))","(((8, 2), (8, 8), (8, 14), (14, 8)), (1, 7))",7,15.0,22.0,7,3,2,expanded,False,True,409
"(((8, 2), (8, 8), (9, 13), (14, 8)), (1, 7))","(((8, 2), (8, 8), (8, 13), (14, 8)), (7, 13))",8,16,24.0,8,,,pruned,,,410
"(((7, 13), (8, 2), (8, 8), (14, 8)), (1, 7))","(((8, 2), (8, 8), (8, 13), (14, 8)), (7, 13))",8,16,24.0,8,,,pruned,,,411
"(((8, 2), (8, 8), (8, 13), (14, 8)), (7, 13))","(((8, 2), (8, 8), (8, 14), (14, 8)), (1, 7))",7,15.0,22.0,7,3,2,expanded,False,True,412
"(((6, 8), (8, 14), (9, 3), (14, 8)), (6, 7))","(((6, 8), (8, 3), (8, 14), (14, 8)), (7, 1))",8,16,24.0,8,,,pruned,,,413
"(((6, 8), (7, 3), (8, 14), (14, 8)), (6, 7))","(((6, 8), (8, 3), (8, 14), (14, 8)), (7, 1))",8,16,24.0,8,,,pruned,,,414
"(((6, 8), (8, 3), (8, 14), (14, 8)), (7, 1))","(((6, 8), (8, 2), (8, 14), (14, 8)), (6, 7))",7,15.0,22.0,7,3,2,expanded,False,True,415
"(((6, 8), (8, 2), (8, 14), (13, 9)), (6, 7))","(((6, 8), (8, 2), (8, 14), (13, 8)), (13, 7))",8,16,24.0,8,,,pruned,,,416
"(((6, 8), (8, 2), (8, 14), (13, 7)), (6, 7))","(((6, 8), (8, 2), (8, 14), (13, 8)), (13, 7))",8,16,24.0,8,,,pruned,,,417
"(((6, 8), (8, 2), (8, 14), (13, 8)), (13, 7))","(((6, 8), (8, 2), (8, 14), (14, 8)), (6, 7))",7,15.0,22.0,7,3,2,expanded,False,True,418
"(((6, 8), (8, 2), (9, 13), (14, 8)), (6, 7))","(((6, 8), (8, 2), (8, 13), (14, 8)), (7, 13))",8,16,24.0,8,,,pruned,,,419
"(((6, 8), (7, 13), (8, 2), (14, 8)), (6, 7))","(((6, 8), (8, 2), (8, 13), (14, 8)), (7, 13))",8,16,24.0,8,,,pruned,,,420
"(((6, 8), (8, 2), (8, 13), (14, 8)), (7, 13))","(((6, 8), (8, 2), (8, 14), (14, 8)), (6, 7))",7,15.0,22.0,7,3,2,expanded,False,True,421
"(((7, 9), (8, 14), (9, 3), (14, 8)), (1, 7))","(((7, 9), (8, 3), (8, 14), (14, 8)), (7, 1))",8,16,24.0,8,,,pruned,,,422
"(((7, 3), (7, 9), (8, 14), (14, 8)), (1, 7))","(((7, 9), (8, 3), (8, 14), (14, 8)), (7, 1))",8,16,24.0,8,,,pruned,,,423
"(((7, 9), (8, 3), (8, 14), (14, 8)), (7, 1))","(((7, 9), (8, 2), (8, 14), (14, 8)), (1, 7))",7,15.0,22.0,7,3,2,expanded,False,True,424
"(((7, 9), (8, 2), (8, 14), (13, 9)), (1, 7))","(((7, 9), (8, 2), (8, 14), (13, 8)), (13, 7))",8,16,24.0,8,,,pruned,,,425
"(((7, 9), (8, 2), (8, 14), (13, 7)), (1, 7))","(((7, 9), (8, 2), (8, 14), (13, 8)), (13, 7))",8,16,24.0,8,,,pruned,,,426
"(((7, 9), (8, 2), (8, 14), (13, 8)), (13, 7))","(((7, 9), (8, 2), (8, 14), (14, 8)), (1, 7))",7,15.0,22.0,7,3,2,expanded,False,True,427
"(((7, 9), (8, 2), (9, 13), (14, 8)), (1, 7))","(((7, 9), (8, 2), (8, 13), (14, 8)), (7, 13))",8,16,24.0,8,,,pruned,,,428
"(((7, 9), (7, 13), (8, 2), (14, 8)), (1, 7))","(((7, 9), (8, 2), (8, 13), (14, 8)), (7, 13))",8,16,24.0,8,,,pruned,,,429
"(((7, 9), (8, 2), (8, 13), (14, 8)), (7, 13))","(((7, 9), (8, 2), (8, 14), (14, 8)), (1, 7))",7,15.0,22.0,7,3,2,expanded,False,True,430
"(((7, 7), (8, 14), (9, 3), (14, 8)), (1, 7))","(((7, 7), (8, 3), (8, 14), (14, 8)), (7, 1))",8,16,24.0,8,,,pruned,,,431
"(((7, 3), (7, 7), (8, 14), (14, 8)), (1, 7))","(((7, 7), (8, 3), (8, 14), (14, 8)), (7, 1))",8,16,24.0,8,,,pruned,,,432
"(((7, 7), (8, 3), (8, 14), (14, 8)), (7, 1))","(((7, 7), (8, 2), (8, 14), (14, 8)), (1, 7))",7,15.0,22.0,7,3,2,expanded,False,True,433
"(((7, 7), (8, 2), (8, 14), (13, 9)), (1, 7))","(((7, 7), (8, 2), (8, 14), (13, 8)), (13, 7))",8,16,24.0,8,,,pruned,,,434
"(((7, 7), (8, 2), (8, 14), (13, 7)), (1, 7))","(((7, 7), (8, 2), (8, 14), (13, 8)), (13, 7))",8,16,24.0,8,,,pruned,,,435
"(((7, 7), (8, 2), (8, 14), (13, 8)), (13, 7))","(((7, 7), (8, 2), (8, 14), (14, 8)), (1, 7))",7,15.0,22.0,7,3,2,expanded,False,True,436
"(((7, 7), (8, 2), (9, 13), (14, 8)), (1, 7))","(((7, 7), (8, 2), (8, 13), (14, 8)), (7, 13))",8,16,24.0,8,,,pruned,,,437
"(((7, 7), (7, 13), (8, 2), (14, 8)), (1, 7))","(((7, 7), (8, 2), (8, 13), (14, 8)), (7, 13))",8,16,24.0,8,,,pruned,,,438
"(((7, 7), (8, 2), (8, 13), (14, 8)), (7, 13))","(((7, 7), (8, 2), (8, 14), (14, 8)), (1, 7))",7,15.0,22.0,7,3,2,expanded,False,True,439
"(((2, 8), (9, 8), (9, 13), (14, 8)), (1, 7))","(((2, 8), (8, 13), (9, 8), (14, 8)), (7, 13))",9,15,24.0,9,,,pruned,,,440
"(((2, 8), (7, 13), (9, 8), (14, 8)), (1, 7))","(((2, 8), (8, 13), (9, 8), (14, 8)), (7, 13))",9,15,24.0,9,,,pruned,,,441
"(((2, 8), (8, 13), (9, 8), (14, 8)), (7, 13))","(((2, 8), (8, 14), (9, 8), (14, 8)), (1, 7))",8,14.0,22.0,8,3,2,expanded,False,True,442
"(((2, 8), (8, 14), (9, 8), (13, 9)), (1, 7))","(((2, 8), (8, 14), (9, 8), (13, 8)), (13, 7))",9,15,24.0,9,,,pruned,,,443
"(((2, 8), (8, 14), (9, 8), (13, 7)), (1, 7))","(((2, 8), (8, 14), (9, 8), (13, 8)), (13, 7))",9,15,24.0,9,,,pruned,,,444
"(((2, 8), (8, 14), (9, 8), (13, 8)), (13, 7))","(((2, 8), (8, 14), (9, 8), (14, 8)), (1, 7))",8,14.0,22.0,8,3,2,expanded,False,True,445
"(((3, 9), (8, 14), (9, 8), (14, 8)), (1, 7))","(((3, 8), (8, 14), (9, 8), (14, 8)), (1, 7))",9,15,24.0,9,,,pruned,,,446
"(((3, 7), (8, 14), (9, 8), (14, 8)), (1, 7))","(((3, 8), (8, 14), (9, 8), (14, 8)), (1, 7))",9,15,24.0,9,,,pruned,,,447
"(((3, 8), (8, 14), (9, 8), (14, 8)), (1, 7))","(((2, 8), (8, 14), (9, 8), (14, 8)), (1, 7))",8,14.0,22.0,8,3,2,expanded,False,True,448
"(((2, 8), (7, 8), (9, 13), (14, 8)), (1, 7))","(((2, 8), (7, 8), (8, 13), (14, 8)), (7, 13))",9,15,24.0,9,,,pruned,,,449
"(((2, 8), (7, 8), (7, 13), (14, 8)), (1, 7))","(((2, 8), (7, 8), (8, 13), (14, 8)), (7, 13))",9,15,24.0,9,,,pruned,,,450
"(((2, 8), (7, 8), (8, 13), (14, 8)), (7, 13))","(((2, 8), (7, 8), (8, 14), (14, 8)), (1, 7))",8,14.0,22.0,8,3,2,expanded,False,True,451
"(((2, 8), (7, 8), (8, 14), (13, 9)), (1, 7))","(((2, 8), (7, 8), (8, 14), (13, 8)), (13, 7))",9,15,24.0,9,,,pruned,,,452
"(((2, 8), (7, 8), (8, 14), (13, 7)), (1, 7))","(((2, 8), (7, 8), (8, 14), (13, 8)), (13, 7))",9,15,24.0,9,,,pruned,,,453
"(((2, 8), (7, 8), (8, 14), (13, 8)), (13, 7))","(((2, 8), (7, 8), (8, 14), (14, 8)), (1, 7))",8,14.0,22.0,8,3,2,expanded,False,True,454
"(((3, 9), (7, 8), (8, 14), (14, 8)), (1, 7))","(((3, 8), (7, 8), (8, 14), (14, 8)), (1, 7))",9,15,24.0,9,,,pruned,,,455
"(((3, 7), (7, 8), (8, 14), (14, 8)), (1, 7))","(((3, 8), (7, 8), (8, 14), (14, 8)), (1, 7))",9,15,24.0,9,,,pruned,,,456
"(((3, 8), (7, 8), (8, 14), (14, 8)), (1, 7))","(((2, 8), (7, 8), (8, 14), (14, 8)), (1, 7))",8,14.0,22.0,8,3,2,expanded,False,True,457
"(((2, 8), (8, 9), (8, 14), (13, 9)), (1, 7))","(((2, 8), (8, 9), (8, 14), (13, 8)), (13, 7))",9,15,24.0,9,,,pruned,,,458
"(((2, 8), (8, 9), (8, 14), (13, 7)), (1, 7))","(((2, 8), (8, 9), (8, 14), (13, 8)), (13, 7))",9,15,24.0,9,,,pruned,,,459
"(((2, 8), (8, 9), (8, 14), (13, 8)), (13, 7))","(((2, 8), (8, 9), (8, 14), (14, 8)), (1, 7))",8,14.0,22.0,8,3,2,expanded,False,True,460
"(((3, 9), (8, 9), (8, 14), (14, 8)), (1, 7))","(((3, 8), (8, 9), (8, 14), (14, 8)), (1, 7))",9,15,24.0,9,,,pruned,,,461
"(((3, 7), (8, 9), (8, 14), (14, 8)), (1, 7))","(((3, 8), (8, 9), (8, 14), (14, 8)), (1, 7))",9,15,24.0,9,,,pruned,,,462
"(((3, 8), (8, 9), (8, 14), (14, 8)), (1, 7))","(((2, 8), (8, 9), (8, 14), (14, 8)), (1, 7))",8,14.0,22.0,8,3,2,expanded,False,True,463
"(((2, 8), (8, 7), (9, 13), (14, 8)), (1, 7))","(((2, 8), (8, 7), (8, 13), (14, 8)), (7, 13))",9,15,24.0,9,,,pruned,,,464
"(((2, 8), (7, 13), (8, 7), (14, 8)), (1, 7))","(((2, 8), (8, 7), (8, 13), (14, 8)), (7, 13))",9,15,24.0,9,,,pruned,,,465
"(((2, 8), (8, 7), (8, 13), (14, 8)), (7, 13))","(((2, 8), (8, 7), (8, 14), (14, 8)), (1, 7))",8,14.0,22.0,8,3,2,expanded,False,True,466
"(((2, 8), (8, 7), (8, 14), (13, 9)), (1, 7))","(((2, 8), (8, 7), (8, 14), (13, 8)), (13, 7))",9,15,24.0,9,,,pruned,,,467
"(((2, 8), (8, 7), (8, 14), (13, 7)), (1, 7))","(((2, 8), (8, 7), (8, 14), (13, 8)), (13, 7))",9,15,24.0,9,,,pruned,,,468
"(((2, 8), (8, 7), (8, 14), (13, 8)), (13, 7))","(((2, 8), (8, 7), (8, 14), (14, 8)), (1, 7))",8,14.0,22.0,8,3,2,expanded,False,True,469
"(((3, 9), (8, 7), (8, 14), (14, 8)), (1, 7))","(((3, 8), (8, 7), (8, 14), (14, 8)), (1, 7))",9,15,24.0,9,,,pruned,,,470
"(((3, 7), (8, 7), (8, 14), (14, 8)), (1, 7))","(((3, 8), (8, 7), (8, 14), (14, 8)), (1, 7))",9,15,24.0,9,,,pruned,,,471
"(((3, 8), (8, 7), (8, 14), (14, 8)), (1, 7))","(((2, 8), (8, 7), (8, 14), (14, 8)), (1, 7))",8,14.0,22.0,8,3,2,expanded,False,True,472
"(((2, 8), (8, 8), (8, 12), (14, 8)), (7, 13))","(((2, 8), (8, 8), (8, 13), (14, 8)), (7, 13))",8,14.0,22.0,8,1,0,expanded,False,True,473
"(((2, 8), (8, 8), (8, 14), (12, 8)), (13, 7))","(((2, 8), (8, 8), (8, 14), (13, 8)), (13, 7))",8,14.0,22.0,8,1,0,expanded,False,True,474
"(((4, 8), (8, 8), (8, 14), (14, 8)), (1, 7))","(((3, 8), (8, 8), (8, 14), (14, 8)), (1, 7))",8,14.0,22.0,8,1,0,expanded,False,True,475
"(((2, 8), (8, 4), (8, 14), (10, 8)), (7, 1))","(((2, 8), (8, 3), (8, 14), (10, 8)), (7, 1))",8,14.0,22.0,8,1,0,expanded,False,True,476
"(((2, 8), (8, 2), (8, 12), (10, 8)), (7, 13))","(((2, 8), (8, 2), (8, 13), (10, 8)), (7, 13))",8,14.0,22.0,8,1,0,expanded,False,True,477
"(((4, 8), (8, 2), (8, 14), (10, 8)), (1, 7))","(((3, 8), (8, 2), (8, 14), (10, 8)), (1, 7))",8,14.0,22.0,8,1,0,expanded,False,True,478
"(((2, 8), (7, 8), (8, 14), (9, 3)), (1, 7))","(((2, 8), (7, 8), (8, 3), (8, 14)), (7, 1))",9,15,24.0,9,,,pruned,,,479
"(((2, 8), (7, 3), (7, 8), (8, 14)), (1, 7))","(((2, 8), (7, 8), (8, 3), (8, 14)), (7, 1))",9,15,24.0,9,,,pruned,,,480
"(((2, 8), (7, 8), (8, 3), (8, 14)), (7, 1))","(((2, 8), (7, 8), (8, 2), (8, 14)), (1, 7))",8,14.0,22.0,8,3,2,expanded,False,True,481
"(((2, 8), (7, 8), (8, 2), (9, 13)), (1, 7))","(((2, 8), (7, 8), (8, 2), (8, 13)), (7, 13))",9,15,24.0,9,,,pruned,,,482
"(((2, 8), (7, 8), (7, 13), (8, 2)), (1, 7))","(((2, 8), (7, 8), (8, 2), (8, 13)), (7, 13))",9,15,24.0,9,,,pruned,,,483
"(((2, 8), (7, 8), (8, 2), (8, 13)), (7, 13))","(((2, 8), (7, 8), (8, 2), (8, 14)), (1, 7))",8,14.0,22.0,8,3,2,expanded,False,True,484
"(((3, 9), (7, 8), (8, 2), (8, 14)), (1, 7))","(((3, 8), (7, 8), (8, 2), (8, 14)), (1, 7))",9,15,24.0,9,,,pruned,,,485
"(((3, 7), (7, 8), (8, 2), (8, 14)), (1, 7))","(((3, 8), (7, 8), (8, 2), (8, 14)), (1, 7))",9,15,24.0,9,,,pruned,,,486
"(((3, 8), (7, 8), (8, 2), (8, 14)), (1, 7))","(((2, 8), (7, 8), (8, 2), (8, 14)), (1, 7))",8,14.0,22.0,8,3,2,expanded,False,True,487
"(((2, 8), (8, 9), (8, 14), (9, 3)), (1, 7))","(((2, 8), (8, 3), (8, 9), (8, 14)), (7, 1))",9,15,24.0,9,,,pruned,,,488
"(((2, 8), (7, 3), (8, 9), (8, 14)), (1, 7))","(((2, 8), (8, 3), (8, 9), (8, 14)), (7, 1))",9,15,24.0,9,,,pruned,,,489
"(((2, 8), (8, 3), (8, 9), (8, 14)), (7, 1))","(((2, 8), (8, 2), (8, 9), (8, 14)), (1, 7))",8,14.0,22.0,8,3,2,expanded,False,True,490
"(((3, 9), (8, 2), (8, 9), (8, 14)), (1, 7))","(((3, 8), (8, 2), (8, 9), (8, 14)), (1, 7))",9,15,24.0,9,,,pruned,,,491
"(((3, 7), (8, 2), (8, 9), (8, 14)), (1, 7))","(((3, 8), (8, 2), (8, 9), (8, 14)), (1, 7))",9,15,24.0,9,,,pruned,,,492
"(((3, 8), (8, 2), (8, 9), (8, 14)), (1, 7))","(((2, 8), (8, 2), (8, 9), (8, 14)), (1, 7))",8,14.0,22.0,8,3,2,expanded,False,True,493
"(((2, 8), (8, 2), (8, 7), (9, 13)), (1, 7))","(((2, 8), (8, 2), (8, 7), (8, 13)), (7, 13))",9,15,24.0,9,,,pruned,,,494
"(((2, 8), (7, 13), (8, 2), (8, 7)), (1, 7))","(((2, 8), (8, 2), (8, 7), (8, 13)), (7, 13))",9,15,24.0,9,,,pruned,,,495
"(((2, 8), (8, 2), (8, 7), (8, 13)), (7, 13))","(((2, 8), (8, 2), (8, 7), (8, 14)), (1, 7))",8,14.0,22.0,8,3,2,expanded,False,True,496
"(((3, 9), (8, 2), (8, 7), (8, 14)), (1, 7))","(((3, 8), (8, 2), (8, 7), (8, 14)), (1, 7))",9,15,24.0,9,,,pruned,,,497
"(((3, 7), (8, 2), (8, 7), (8, 14)), (1, 7))","(((3, 8), (8, 2), (8, 7), (8, 14)), (1, 7))",9,15,24.0,9,,,pruned,,,498
"(((3, 8), (8, 2), (8, 7), (8, 14)), (1, 7))","(((2, 8), (8, 2), (8, 7), (8, 14)), (1, 7))",8,14.0,22.0,8,3,2,expanded,False,True,499
"(((2, 8), (8, 4), (8, 8), (8, 14)), (7, 1))","(((2, 8), (8, 3), (8, 8), (8, 14)), (7, 1))",8,14.0,22.0,8,1,0,expanded,False,True,500
"(((2, 8), (8, 2), (8, 8), (8, 12)), (7, 13))","(((2, 8), (8, 2), (8, 8), (8, 13)), (7, 13))",8,14.0,22.0,8,1,0,expanded,False,True,501
"(((4, 8), (8, 2), (8, 8), (8, 14)), (1, 7))","(((3, 8), (8, 2), (8, 8), (8, 14)), (1, 7))",8,14.0,22.0,8,1,0,expanded,False,True,502
"(((2, 8), (8, 4), (8, 14), (9, 9)), (7, 1))","(((2, 8), (8, 3), (8, 14), (9, 9)), (7, 1))",8,14.0,22.0,8,1,0,expanded,False,True,503
"(((2, 8), (8, 2), (8, 12), (9, 9)), (7, 13))","(((2, 8), (8, 2), (8, 13), (9, 9)), (7, 13))",8,14.0,22.0,8,1,0,expanded,False,True,504
"(((4, 8), (8, 2), (8, 14), (9, 9)), (1, 7))","(((3, 8), (8, 2), (8, 14), (9, 9)), (1, 7))",8,14.0,22.0,8,1,0,expanded,False,True,505
"(((2, 8), (8, 4), (8, 14), (9, 7)), (7, 1))","(((2, 8), (8, 3), (8, 14), (9, 7)), (7, 1))",8,14.0,22.0,8,1,0,expanded,False,True,506
"(((2, 8), (8, 2), (8, 12), (9, 7)), (7, 13))","(((2, 8), (8, 2), (8, 13), (9, 7)), (7, 13))",8,14.0,22.0,8,1,0,expanded,False,True,507
"(((4, 8), (8, 2), (8, 14), (9, 7)), (1, 7))","(((3, 8), (8, 2), (8, 14), (9, 7)), (1, 7))",8,14.0,22.0,8,1,0,expanded,False,True,508
"(((2, 8), (9, 3), (9, 8), (14, 8)), (1, 7))","(((2, 8), (8, 3), (9, 8), (14, 8)), (7, 1))",9,15,24.0,9,,,pruned,,,509
"(((2, 8), (7, 3), (9, 8), (14, 8)), (1, 7))","(((2, 8), (8, 3), (9, 8), (14, 8)), (7, 1))",9,15,24.0,9,,,pruned,,,510
"(((2, 8), (8, 3), (9, 8), (14, 8)), (7, 1))","(((2, 8), (8, 2), (9, 8), (14, 8)), (1, 7))",8,14.0,22.0,8,3,2,expanded,False,True,511
"(((2, 8), (8, 2), (9, 8), (13, 9)), (1, 7))","(((2, 8), (8, 2), (9, 8), (13, 8)), (13, 7))",9,15,24.0,9,,,pruned,,,512
"(((2, 8), (8, 2), (9, 8), (13, 7)), (1, 7))","(((2, 8), (8, 2), (9, 8), (13, 8)), (13, 7))",9,15,24.0,9,,,pruned,,,513
"(((2, 8), (8, 2), (9, 8), (13, 8)), (13, 7))","(((2, 8), (8, 2), (9, 8), (14, 8)), (1, 7))",8,14.0,22.0,8,3,2,expanded,False,True,514
"(((3, 9), (8, 2), (9, 8), (14, 8)), (1, 7))","(((3, 8), (8, 2), (9, 8), (14, 8)), (1, 7))",9,15,24.0,9,,,pruned,,,515
"(((3, 7), (8, 2), (9, 8), (14, 8)), (1, 7))","(((3, 8), (8, 2), (9, 8), (14, 8)), (1, 7))",9,15,24.0,9,,,pruned,,,516
"(((3, 8), (8, 2), (9, 8), (14, 8)), (1, 7))","(((2, 8), (8, 2), (9, 8), (14, 8)), (1, 7))",8,14.0,22.0,8,3,2,expanded,False,True,517
"(((2, 8), (7, 8), (9, 3), (14, 8)), (1, 7))","(((2, 8), (7, 8), (8, 3), (14, 8)), (7, 1))",9,15,24.0,9,,,pruned,,,518
"(((2, 8), (7, 3), (7, 8), (14, 8)), (1, 7))","(((2, 8), (7, 8), (8, 3), (14, 8)), (7, 1))",9,15,24.0,9,,,pruned,,,519
"(((2, 8), (7, 8), (8, 3), (14, 8)), (7, 1))","(((2, 8), (7, 8), (8, 2), (14, 8)), (1, 7))",8,14.0,22.0,8,3,2,expanded,False,True,520
"(((2, 8), (7, 8), (8, 2), (13, 9)), (1, 7))","(((2, 8), (7, 8), (8, 2), (13, 8)), (13, 7))",9,15,24.0,9,,,pruned,,,521
"(((2, 8), (7, 8), (8, 2), (13, 7)), (1, 7))","(((2, 8), (7, 8), (8, 2), (13, 8)), (13, 7))",9,15,24.0,9,,,pruned,,,522
"(((2, 8), (7, 8), (8, 2), (13, 8)), (13, 7))","(((2, 8), (7, 8), (8, 2), (14, 8)), (1, 7))",8,14.0,22.0,8,3,2,expanded,False,True,523
"(((3, 9), (7, 8), (8, 2), (14, 8)), (1, 7))","(((3, 8), (7, 8), (8, 2), (14, 8)), (1, 7))",9,15,24.0,9,,,pruned,,,524
"(((3, 7), (7, 8), (8, 2), (14, 8)), (1, 7))","(((3, 8), (7, 8), (8, 2), (14, 8)), (1, 7))",9,15,24.0,9,,,pruned,,,525
"(((3, 8), (7, 8), (8, 2), (14, 8)), (1, 7))","(((2, 8), (7, 8), (8, 2), (14, 8)), (1, 7))",8,14.0,22.0,8,3,2,expanded,False,True,526
"(((2, 8), (8, 9), (9, 3), (14, 8)), (1, 7))","(((2, 8), (8, 3), (8, 9), (14, 8)), (7, 1))",9,15,24.0,9,,,pruned,,,527
"(((2, 8), (7, 3), (8, 9), (14, 8)), (1, 7))","(((2, 8), (8, 3), (8, 9), (14, 8)), (7, 1))",9,15,24.0,9,,,pruned,,,528
"(((2, 8), (8, 3), (8, 9), (14, 8)), (7, 1))","(((2, 8), (8, 2), (8, 9), (14, 8)), (1, 7))",8,14.0,22.0,8,3,2,expanded,False,True,529
"(((2, 8), (8, 2), (8, 9), (13, 9)), (1, 7))","(((2, 8), (8, 2), (8, 9), (13, 8)), (13, 7))",9,15,24.0,9,,,pruned,,,530
"(((2, 8), (8, 2), (8, 9), (13, 7)), (1, 7))","(((2, 8), (8, 2), (8, 9), (13, 8)), (13, 7))",9,15,24.0,9,,,pruned,,,531
"(((2, 8), (8, 2), (8, 9), (13, 8)), (13, 7))","(((2, 8), (8, 2), (8, 9), (14, 8)), (1, 7))",8,14.0,22.0,8,3,2,expanded,False,True,532
"(((3, 9), (8, 2), (8, 9), (14, 8)), (1, 7))","(((3, 8), (8, 2), (8, 9), (14, 8)), (1, 7))",9,15,24.0,9,,,pruned,,,533
"(((3, 7), (8, 2), (8, 9), (14, 8)), (1, 7))","(((3, 8), (8, 2), (8, 9), (14, 8)), (1, 7))",9,15,24.0,9,,,pruned,,,534
"(((3, 8), (8, 2), (8, 9), (14, 8)), (1, 7))","(((2, 8), (8, 2), (8, 9), (14, 8)), (1, 7))",8,14.0,22.0,8,3,2,expanded,False,True,535
"(((2, 8), (8, 2), (8, 7), (13, 9)), (1, 7))","(((2, 8), (8, 2), (8, 7), (13, 8)), (13, 7))",9,15,24.0,9,,,pruned,,,536
"(((2, 8), (8, 2), (8, 7), (13, 7)), (1, 7))","(((2, 8), (8, 2), (8, 7), (13, 8)), (13, 7))",9,15,24.0,9,,,pruned,,,537
"(((2, 8), (8, 2), (8, 7), (13, 8)), (13, 7))","(((2, 8), (8, 2), (8, 7), (14, 8)), (1, 7))",8,14.0,22.0,8,3,2,expanded,False,True,538
"(((3, 9), (8, 2), (8, 7), (14, 8)), (1, 7))","(((3, 8), (8, 2), (8, 7), (14, 8)), (1, 7))",9,15,24.0,9,,,pruned,,,539
"(((3, 7), (8, 2), (8, 7), (14, 8)), (1, 7))","(((3, 8), (8, 2), (8, 7), (14, 8)), (1, 7))",9,15,24.0,9,,,pruned,,,540
"(((3, 8), (8, 2), (8, 7), (14, 8)), (1, 7))","(((2, 8), (8, 2), (8, 7), (14, 8)), (1, 7))",8,14.0,22.0,8,3,2,expanded,False,True,541
"(((2, 8), (8, 4), (8, 8), (14, 8)), (7, 1))","(((2, 8), (8, 3), (8, 8), (14, 8)), (7, 1))",8,14.0,22.0,8,1,0,expanded,False,True,542
"(((2, 8), (8, 2), (8, 8), (12, 8)), (13, 7))","(((2, 8), (8, 2), (8, 8), (13, 8)), (13, 7))",8,14.0,22.0,8,1,0,expanded,False,True,543
"(((4, 8), (8, 2), (8, 8), (14, 8)), (1, 7))","(((3, 8), (8, 2), (8, 8), (14, 8)), (1, 7))",8,14.0,22.0,8,1,0,expanded,False,True,544
"(((8, 14), (9, 3), (9, 8), (14, 8)), (1, 7))","(((8, 3), (8, 14), (9, 8), (14, 8)), (7, 1))",9,15,24.0,9,,,pruned,,,545
"(((7, 3), (8, 14), (9, 8), (14, 8)), (1, 7))","(((8, 3), (8, 14), (9, 8), (14, 8)), (7, 1))",9,15,24.0,9,,,pruned,,,546
"(((8, 3), (8, 14), (9, 8), (14, 8)), (7, 1))","(((8, 2), (8, 14), (9, 8), (14, 8)), (1, 7))",8,14.0,22.0,8,3,2,expanded,False,True,547
"(((8, 2), (8, 14), (9, 8), (13, 9)), (1, 7))","(((8, 2), (8, 14), (9, 8), (13, 8)), (13, 7))",9,15,24.0,9,,,pruned,,,548
"(((8, 2), (8, 14), (9, 8), (13, 7)), (1, 7))","(((8, 2), (8, 14), (9, 8), (13, 8)), (13, 7))",9,15,24.0,9,,,pruned,,,549
"(((8, 2), (8, 14), (9, 8), (13, 8)), (13, 7))","(((8, 2), (8, 14), (9, 8), (14, 8)), (1, 7))",8,14.0,22.0,8,3,2,expanded,False,True,550
"(((8, 2), (9, 8), (9, 13), (14, 8)), (1, 7))","(((8, 2), (8, 13), (9, 8), (14, 8)), (7, 13))",9,15,24.0,9,,,pruned,,,551
"(((7, 13), (8, 2), (9, 8), (14, 8)), (1, 7))","(((8, 2), (8, 13), (9, 8), (14, 8)), (7, 13))",9,15,24.0,9,,,pruned,,,552
"(((8, 2), (8, 13), (9, 8), (14, 8)), (7, 13))","(((8, 2), (8, 14), (9, 8), (14, 8)), (1, 7))",8,14.0,22.0,8,3,2,expanded,False,True,553
"(((8, 9), (8, 14), (9, 3), (14, 8)), (1, 7))","(((8, 3), (8, 9), (8, 14), (14, 8)), (7, 1))",9,15,24.0,9,,,pruned,,,554
"(((7, 3), (8, 9), (8, 14), (14, 8)), (1, 7))","(((8, 3), (8, 9), (8, 14), (14, 8)), (7, 1))",9,15,24.0,9,,,pruned,,,555
"(((8, 3), (8, 9), (8, 14), (14, 8)), (7, 1))","(((8, 2), (8, 9), (8, 14), (14, 8)), (1, 7))",8,14.0,22.0,8,3,2,expanded,False,True,556
"(((8, 2), (8, 9), (8, 14), (13, 9)), (1, 7))","(((8, 2), (8, 9), (8, 14), (13, 8)), (13, 7))",9,15,24.0,9,,,pruned,,,557
"(((8, 2), (8, 9), (8, 14), (13, 7)), (1, 7))","(((8, 2), (8, 9), (8, 14), (13, 8)), (13, 7))",9,15,24.0,9,,,pruned,,,558
"(((8, 2), (8, 9), (8, 14), (13, 8)), (13, 7))","(((8, 2), (8, 9), (8, 14), (14, 8)), (1, 7))",8,14.0,22.0,8,3,2,expanded,False,True,559
"(((8, 2), (8, 7), (8, 14), (13, 9)), (1, 7))","(((8, 2), (8, 7), (8, 14), (13, 8)), (13, 7))",9,15,24.0,9,,,pruned,,,560
"(((8, 2), (8, 7), (8, 14), (13, 7)), (1, 7))","(((8, 2), (8, 7), (8, 14), (13, 8)), (13, 7))",9,15,24.0,9,,,pruned,,,561
"(((8, 2), (8, 7), (8, 14), (13, 8)), (13, 7))","(((8, 2), (8, 7), (8, 14), (14, 8)), (1, 7))",8,14.0,22.0,8,3,2,expanded,False,True,562
"(((8, 2), (8, 7), (9, 13), (14, 8)), (1, 7))","(((8, 2), (8, 7), (8, 13), (14, 8)), (7, 13))",9,15,24.0,9,,,pruned,,,563
"(((7, 13), (8, 2), (8, 7), (14, 8)), (1, 7))","(((8, 2), (8, 7), (8, 13), (14, 8)), (7, 13))",9,15,24.0,9,,,pruned,,,564
"(((8, 2), (8, 7), (8, 13), (14, 8)), (7, 13))","(((8, 2), (8, 7), (8, 14), (14, 8)), (1, 7))",8,14.0,22.0,8,3,2,expanded,False,True,565
"(((8, 4), (8, 8), (8, 14), (14, 8)), (7, 1))","(((8, 3), (8, 8), (8, 14), (14, 8)), (7, 1))",8,14.0,22.0,8,1,0,expanded,False,True,566
"(((8, 2), (8, 8), (8, 14), (12, 8)), (13, 7))","(((8, 2), (8, 8), (8, 14), (13, 8)), (13, 7))",8,14.0,22.0,8,1,0,expanded,False,True,567
"(((8, 2), (8, 8), (8, 12), (14, 8)), (7, 13))","(((8, 2), (8, 8), (8, 13), (14, 8)), (7, 13))",8,14.0,22.0,8,1,0,expanded,False,True,568
"(((6, 8), (8, 4), (8, 14), (14, 8)), (7, 1))","(((6, 8), (8, 3), (8, 14), (14, 8)), (7, 1))",8,14.0,22.0,8,1,0,expanded,False,True,569
"(((6, 8), (8, 2), (8, 14), (12, 8)), (13, 7))","(((6, 8), (8, 2), (8, 14), (13, 8)), (13, 7))",8,14.0,22.0,8,1,0,expanded,False,True,570
"(((6, 8), (8, 2), (8, 12), (14, 8)), (7, 13))","(((6, 8), (8, 2), (8, 13), (14, 8)), (7, 13))",8,14.0,22.0,8,1,0,expanded,False,True,571
"(((7, 9), (8, 4), (8, 14), (14, 8)), (7, 1))","(((7, 9), (8, 3), (8, 14), (14, 8)), (7, 1))",8,14.0,22.0,8,1,0,expanded,False,True,572
"(((7, 9), (8, 2), (8, 14), (12, 8)), (13, 7))","(((7, 9), (8, 2), (8, 14), (13, 8)), (13, 7))",8,14.0,22.0,8,1,0,expanded,False,True,573
"(((7, 9), (8, 2), (8, 12), (14, 8)), (7, 13))","(((7, 9), (8, 2), (8, 13), (14, 8)), (7, 13))",8,14.0,22.0,8,1,0,expanded,False,True,574
"(((7, 7), (8, 4), (8, 14), (14, 8)), (7, 1))","(((7, 7), (8, 3), (8, 14), (14, 8)), (7, 1))",8,14.0,22.0,8,1,0,expanded,False,True,575
"(((7, 7), (8, 2), (8, 14), (12, 8)), (13, 7))","(((7, 7), (8, 2), (8, 14), (13, 8)), (13, 7))",8,14.0,22.0,8,1,0,expanded,False,True,576
"(((7, 7), (8, 2), (8, 12), (14, 8)), (7, 13))","(((7, 7), (8, 2), (8, 13), (14, 8)), (7, 13))",8,14.0,22.0,8,1,0,expanded,False,True,577
"(((2, 8), (8, 12), (9, 8), (14, 8)), (7, 13))","(((2, 8), (8, 13), (9, 8), (14, 8)), (7, 13))",9,13.0,22.0,9,1,0,expanded,False,True,578
"(((2, 8), (8, 14), (9, 8), (12, 8)), (13, 7))","(((2, 8), (8, 14), (9, 8), (13, 8)), (13, 7))",9,13.0,22.0,9,1,0,expanded,False,True,579
"(((4, 8), (8, 14), (9, 8), (14, 8)), (1, 7))","(((3, 8), (8, 14), (9, 8), (14, 8)), (1, 7))",9,13.0,22.0,9,1,0,expanded,False,True,580
"(((2, 8), (7, 8), (8, 12), (14, 8)), (7, 13))","(((2, 8), (7, 8), (8, 13), (14, 8)), (7, 13))",9,13.0,22.0,9,1,0,expanded,False,True,581
"(((2, 8), (7, 8), (8, 14), (12, 8)), (13, 7))","(((2, 8), (7, 8), (8, 14), (13, 8)), (13, 7))",9,13.0,22.0,9,1,0,expanded,False,True,582
"(((4, 8), (7, 8), (8, 14), (14, 8)), (1, 7))","(((3, 8), (7, 8), (8, 14), (14, 8)), (1, 7))",9,13.0,22.0,9,1,0,expanded,False,True,583
"(((2, 8), (8, 9), (8, 14), (12, 8)), (13, 7))","(((2, 8), (8, 9), (8, 14), (13, 8)), (13, 7))",9,13.0,22.0,9,1,0,expanded,False,True,584
"(((4, 8), (8, 9), (8, 14), (14, 8)), (1, 7))","(((3, 8), (8, 9), (8, 14), (14, 8)), (1, 7))",9,13.0,22.0,9,1,0,expanded,False,True,585
"(((2, 8), (8, 7), (8, 12), (14, 8)), (7, 13))","(((2, 8), (8, 7), (8, 13), (14, 8)), (7, 13))",9,13.0,22.0,9,1,0,expanded,False,True,586
"(((2, 8), (8, 7), (8, 14), (12, 8)), (13, 7))","(((2, 8), (8, 7), (8, 14), (13, 8)), (13, 7))",9,13.0,22.0,9,1,0,expanded,False,True,587
"(((4, 8), (8, 7), (8, 14), (14, 8)), (1, 7))","(((3, 8), (8, 7), (8, 14), (14, 8)), (1, 7))",9,13.0,22.0,9,1,0,expanded,False,True,588
"(((2, 8), (8, 8), (8, 11), (14, 8)), (7, 13))","(((2, 8), (8, 8), (8, 12), (14, 8)), (7, 13))",9,13.0,22.0,9,1,0,expanded,False,True,589
"(((2, 8), (8, 8), (8, 14), (11, 8)), (12, 8))","(((2, 8), (8, 8), (8, 14), (12, 8)), (13, 7))",9,13.0,22.0,9,1,0,expanded,False,True,590
"(((5, 8), (8, 8), (8, 14), (14, 8)), (1, 7))","(((4, 8), (8, 8), (8, 14), (14, 8)), (1, 7))",9,13.0,22.0,9,1,0,expanded,False,True,591
"(((2, 8), (8, 5), (8, 14), (10, 8)), (7, 1))","(((2, 8), (8, 4), (8, 14), (10, 8)), (7, 1))",9,13.0,22.0,9,1,0,expanded,False,True,592
"(((2, 8), (8, 2), (8, 11), (10, 8)), (7, 13))","(((2, 8), (8, 2), (8, 12), (10, 8)), (7, 13))",9,13.0,22.0,9,1,0,expanded,False,True,593
"(((5, 8), (8, 2), (8, 14), (10, 8)), (1, 7))","(((4, 8), (8, 2), (8, 14), (10, 8)), (1, 7))",9,13.0,22.0,9,1,0,expanded,False,True,594
"(((2, 8), (7, 8), (8, 4), (8, 14)), (7, 1))","(((2, 8), (7, 8), (8, 3), (8, 14)), (7, 1))",9,13.0,22.0,9,1,0,expanded,False,True,595
"(((2, 8), (7, 8), (8, 2), (8, 12)), (7, 13))","(((2, 8), (7, 8), (8, 2), (8, 13)), (7, 13))",9,13.0,22.0,9,1,0,expanded,False,True,596
"(((4, 8), (7, 8), (8, 2), (8, 14)), (1, 7))","(((3, 8), (7, 8), (8, 2), (8, 14)), (1, 7))",9,13.0,22.0,9,1,0,expanded,False,True,597
"(((2, 8), (8, 4), (8, 9), (8, 14)), (7, 1))","(((2, 8), (8, 3), (8, 9), (8, 14)), (7, 1))",9,13.0,22.0,9,1,0,expanded,False,True,598
"(((4, 8), (8, 2), (8, 9), (8, 14)), (1, 7))","(((3, 8), (8, 2), (8, 9), (8, 14)), (1, 7))",9,13.0,22.0,9,1,0,expanded,False,True,599
"(((2, 8), (8, 2), (8, 7), (8, 12)), (7, 13))","(((2, 8), (8, 2), (8, 7), (8, 13)), (7, 13))",9,13.0,22.0,9,1,0,expanded,False,True,600
"(((4, 8), (8, 2), (8, 7), (8, 14)), (1, 7))","(((3, 8), (8, 2), (8, 7), (8, 14)), (1, 7))",9,13.0,22.0,9,1,0,expanded,False,True,601
"(((2, 8), (8, 5), (8, 8), (8, 14)), (7, 1))","(((2, 8), (8, 4), (8, 8), (8, 14)), (7, 1))",9,13.0,22.0,9,1,0,expanded,False,True,602
"(((2, 8), (8, 2), (8, 8), (8, 11)), (7, 13))","(((2, 8), (8, 2), (8, 8), (8, 12)), (7, 13))",9,13.0,22.0,9,1,0,expanded,False,True,603
"(((5, 8), (8, 2), (8, 8), (8, 14)), (1, 7))","(((4, 8), (8, 2), (8, 8), (8, 14)), (1, 7))",9,13.0,22.0,9,1,0,expanded,False,True,604
"(((2, 8), (8, 5), (8, 14), (9, 9)), (7, 1))","(((2, 8), (8, 4), (8, 14), (9, 9)), (7, 1))",9,13.0,22.0,9,1,0,expanded,False,True,605
"(((2, 8), (8, 2), (8, 11), (9, 9)), (7, 13))","(((2, 8), (8, 2), (8, 12), (9, 9)), (7, 13))",9,13.0,22.0,9,1,0,expanded,False,True,606
"(((5, 8), (8, 2), (8, 14), (9, 9)), (1, 7))","(((4, 8), (8, 2), (8, 14), (9, 9)), (1, 7))",9,13.0,22.0,9,1,0,expanded,False,True,607
"(((2, 8), (8, 5), (8, 14), (9, 7)), (7, 1))","(((2, 8), (8, 4), (8, 14), (9, 7)), (7, 1))",9,13.0,22.0,9,1,0,expanded,False,True,608
"(((2, 8), (8, 2), (8, 11), (9, 7)), (7, 13))","(((2, 8), (8, 2), (8, 12), (9, 7)), (7, 13))",9,13.0,22.0,9,1,0,expanded,False,True,609
"(((5, 8), (8, 2), (8, 14), (9, 7)), (1, 7))","(((4, 8), (8, 2), (8, 14), (9, 7)), (1, 7))",9,13.0,22.0,9,1,0,expanded,False,True,610
"(((2, 8), (8, 4), (9, 8), (14, 8)), (7, 1))","(((2, 8), (8, 3), (9, 8), (14, 8)), (7, 1))",9,13.0,22.0,9,1,0,expanded,False,True,611
"(((2, 8), (8, 2), (9, 8), (12, 8)), (13, 7))","(((2, 8), (8, 2), (9, 8), (13, 8)), (13, 7))",9,13.0,22.0,9,1,0,expanded,False,True,612
"(((4, 8), (8, 2), (9, 8), (14, 8)), (1, 7))","(((3, 8), (8, 2), (9, 8), (14, 8)), (1, 7))",9,13.0,22.0,9,1,0,expanded,False,True,613
"(((2, 8), (7, 8), (8, 4), (14, 8)), (7, 1))","(((2, 8), (7, 8), (8, 3), (14, 8)), (7, 1))",9,13.0,22.0,9,1,0,expanded,False,True,614
"(((2, 8), (7, 8), (8, 2), (12, 8)), (13, 7))","(((2, 8), (7, 8), (8, 2), (13, 8)), (13, 7))",9,13.0,22.0,9,1,0,expanded,False,True,615
"(((4, 8), (7, 8), (8, 2), (14, 8)), (1, 7))","(((3, 8), (7, 8), (8, 2), (14, 8)), (1, 7))",9,13.0,22.0,9,1,0,expanded,False,True,616
"(((2, 8), (8, 4), (8, 9), (14, 8)), (7, 1))","(((2, 8), (8, 3), (8, 9), (14, 8)), (7, 1))",9,13.0,22.0,9,1,0,expanded,False,True,617
"(((2, 8), (8, 2), (8, 9), (12, 8)), (13, 7))","(((2, 8), (8, 2), (8, 9), (13, 8)), (13, 7))",9,13.0,22.0,9,1,0,expanded,False,True,618
"(((4, 8), (8, 2), (8, 9), (14, 8)), (1, 7))","(((3, 8), (8, 2), (8, 9), (14, 8)), (1, 7))",9,13.0,22.0,9,1,0,expanded,False,True,619
"(((2, 8), (8, 2), (8, 7), (12, 8)), (13, 7))","(((2, 8), (8, 2), (8, 7), (13, 8)), (13, 7))",9,13.0,22.0,9,1,0,expanded,False,True,620
"(((4, 8), (8, 2), (8, 7), (14, 8)), (1, 7))","(((3, 8), (8, 2), (8, 7), (14, 8)), (1, 7))",9,13.0,22.0,9,1,0,expanded,False,True,621
"(((2, 8), (8, 5), (8, 8), (14, 8)), (7, 1))","(((2, 8), (8, 4), (8, 8), (14, 8)), (7, 1))",9,13.0,22.0,9,1,0,expanded,False,True,622
"(((2, 8), (8, 2), (8, 8), (11, 8)), (12, 8))","(((2, 8), (8, 2), (8, 8), (12, 8)), (13, 7))",9,13.0,22.0,9,1,0,expanded,False,True,623
"(((5, 8), (8, 2), (8, 8), (14, 8)), (1, 7))","(((4, 8), (8, 2), (8, 8), (14, 8)), (1, 7))",9,13.0,22.0,9,1,0,expanded,False,True,624
"(((8, 4), (8, 14), (9, 8), (14, 8)), (7, 1))","(((8, 3), (8, 14), (9, 8), (14, 8)), (7, 1))",9,13.0,22.0,9,1,0,expanded,False,True,625
"(((8, 2), (8, 14), (9, 8), (12, 8)), (13, 7))","(((8, 2), (8, 14), (9, 8), (13, 8)), (13, 7))",9,13.0,22.0,9,1,0,expanded,False,True,626
"(((8, 2), (8, 12), (9, 8), (14, 8)), (7, 13))","(((8, 2), (8, 13), (9, 8), (14, 8)), (7, 13))",9,13.0,22.0,9,1,0,expanded,False,True,627
"(((8, 4), (8, 9), (8, 14), (14, 8)), (7, 1))","(((8, 3), (8, 9), (8, 14), (14, 8)), (7, 1))",9,13.0,22.0,9,1,0,expanded,False,True,628
"(((8, 2), (8, 9), (8, 14), (12, 8)), (13, 7))","(((8, 2), (8, 9), (8, 14), (13, 8)), (13, 7))",9,13.0,22.0,9,1,0,expanded,False,True,629
"(((8, 2), (8, 7), (8, 14), (12, 8)), (13, 7))","(((8, 2), (8, 7), (8, 14), (13, 8)), (13, 7))",9,13.0,22.0,9,1,0,expanded,False,True,630
"(((8, 2), (8, 7), (8, 12), (14, 8)), (7, 13))","(((8, 2), (8, 7), (8, 13), (14, 8)), (7, 13))",9,13.0,22.0,9,1,0,expanded,False,True,631
"(((8, 5), (8, 8), (8, 14), (14, 8)), (7, 1))","(((8, 4), (8, 8), (8, 14), (14, 8)), (7, 1))",9,13.0,22.0,9,1,0,expanded,False,True,632
"(((8, 2), (8, 8), (8, 14), (11, 8)), (12, 8))","(((8, 2), (8, 8), (8, 14), (12, 8)), (13, 7))",9,13.0,22.0,9,1,0,expanded,False,True,633
"(((8, 2), (8, 8), (8, 11), (14, 8)), (7, 13))","(((8, 2), (8, 8), (8, 12), (14, 8)), (7, 13))",9,13.0,22.0,9,1,0,expanded,False,True,634
"(((6, 8), (8, 5), (8, 14), (14, 8)), (7, 1))","(((6, 8), (8, 4), (8, 14), (14, 8)), (7, 1))",9,13.0,22.0,9,1,0,expanded,False,True,635
"(((6, 8), (8, 2), (8, 14), (11, 8)), (12, 8))","(((6, 8), (8, 2), (8, 14), (12, 8)), (13, 7))",9,13.0,22.0,9,1,0,expanded,False,True,636
"(((6, 8), (8, 2), (8, 11), (14, 8)), (7, 13))","(((6, 8), (8, 2), (8, 12), (14, 8)), (7, 13))",9,13.0,22.0,9,1,0,expanded,False,True,637
"(((7, 9), (8, 5), (8, 14), (14, 8)), (7, 1))","(((7, 9), (8, 4), (8, 14), (14, 8)), (7, 1))",9,13.0,22.0,9,1,0,expanded,False,True,638
"(((7, 9), (8, 2), (8, 14), (11, 8)), (12, 8))","(((7, 9), (8, 2), (8, 14), (12, 8)), (13, 7))",9,13.0,22.0,9,1,0,expanded,False,True,639
"(((7, 9), (8, 2), (8, 11), (14, 8)), (7, 13))","(((7, 9), (8, 2), (8, 12), (14, 8)), (7, 13))",9,13.0,22.0,9,1,0,expanded,False,True,640
"(((7, 7), (8, 5), (8, 14), (14, 8)), (7, 1))","(((7, 7), (8, 4), (8, 14), (14, 8)), (7, 1))",9,13.0,22.0,9,1,0,expanded,False,True,641
"(((7, 7), (8, 2), (8, 14), (11, 8)), (12, 8))","(((7, 7), (8, 2), (8, 14), (12, 8)), (13, 7))",9,13.0,22.0,9,1,0,expanded,False,True,642
"(((7, 7), (8, 2), (8, 11), (14, 8)), (7, 13))","(((7, 7), (8, 2), (8, 12), (14, 8)), (7, 13))",9,13.0,22.0,9,1,0,expanded,False,True,643
"(((2, 8), (8, 11), (9, 8), (14, 8)), (7, 13))","(((2, 8), (8, 12), (9, 8), (14, 8)), (7, 13))",10,12.0,22.0,10,1,0,expanded,False,True,644
"(((2, 8), (8, 14), (9, 8), (11, 8)), (12, 8))","(((2, 8), (8, 14), (9, 8), (12, 8)), (13, 7))",10,12.0,22.0,10,1,0,expanded,False,True,645
"(((5, 8), (8, 14), (9, 8), (14, 8)), (1, 7))","(((4, 8), (8, 14), (9, 8), (14, 8)), (1, 7))",10,12.0,22.0,10,1,0,expanded,False,True,646
"(((2, 8), (7, 8), (8, 11), (14, 8)), (7, 13))","(((2, 8), (7, 8), (8, 12), (14, 8)), (7, 13))",10,12.0,22.0,10,1,0,expanded,False,True,647
"(((2, 8), (7, 8), (8, 14), (11, 8)), (12, 8))","(((2, 8), (7, 8), (8, 14), (12, 8)), (13, 7))",10,12.0,22.0,10,1,0,expanded,False,True,648
"(((5, 8), (7, 8), (8, 14), (14, 8)), (1, 7))","(((4, 8), (7, 8), (8, 14), (14, 8)), (1, 7))",10,12.0,22.0,10,1,0,expanded,False,True,649
"(((2, 8), (8, 9), (8, 14), (11, 8)), (12, 8))","(((2, 8), (8, 9), (8, 14), (12, 8)), (13, 7))",10,12.0,22.0,10,1,0,expanded,False,True,650
"(((5, 8), (8, 9), (8, 14), (14, 8)), (1, 7))","(((4, 8), (8, 9), (8, 14), (14, 8)), (1, 7))",10,12.0,22.0,10,1,0,expanded,False,True,651
"(((2, 8), (8, 7), (8, 11), (14, 8)), (7, 13))","(((2, 8), (8, 7), (8, 12), (14, 8)), (7, 13))",10,12.0,22.0,10,1,0,expanded,False,True,652
"(((2, 8), (8, 7), (8, 14), (11, 8)), (12, 8))","(((2, 8), (8, 7), (8, 14), (12, 8)), (13, 7))",10,12.0,22.0,10,1,0,expanded,False,True,653
"(((5, 8), (8, 7), (8, 14), (14, 8)), (1, 7))","(((4, 8), (8, 7), (8, 14), (14, 8)), (1, 7))",10,12.0,22.0,10,1,0,expanded,False,True,654
"(((2, 8), (8, 8), (8, 10), (14, 8)), (7, 13))","(((2, 8), (8, 8), (8, 11), (14, 8)), (7, 13))",10,12.0,22.0,10,1,0,expanded,False,True,655
"(((2, 8), (8, 8), (8, 14), (10, 8)), (11, 8))","(((2, 8), (8, 8), (8, 14), (11, 8)), (12, 8))",10,12.0,22.0,10,1,0,expanded,False,True,656
"(((6, 8), (8, 8), (8, 14), (14, 8)), (1, 7))","(((5, 8), (8, 8), (8, 14), (14, 8)), (1, 7))",10,12.0,22.0,10,1,0,expanded,False,True,657
"(((2, 8), (8, 6), (8, 14), (10, 8)), (7, 1))","(((2, 8), (8, 5), (8, 14), (10, 8)), (7, 1))",10,12.0,22.0,10,1,0,expanded,False,True,658
"(((2, 8), (8, 2), (8, 10), (10, 8)), (7, 13))","(((2, 8), (8, 2), (8, 11), (10, 8)), (7, 13))",10,12.0,22.0,10,1,0,expanded,False,True,659
"(((6, 8), (8, 2), (8, 14), (10, 8)), (1, 7))","(((5, 8), (8, 2), (8, 14), (10, 8)), (1, 7))",10,12.0,22.0,10,1,0,expanded,False,True,660
"(((2, 8), (7, 8), (8, 5), (8, 14)), (7, 1))","(((2, 8), (7, 8), (8, 4), (8, 14)), (7, 1))",10,12.0,22.0,10,1,0,expanded,False,True,661
"(((2, 8), (7, 8), (8, 2), (8, 11)), (7, 13))","(((2, 8), (7, 8), (8, 2), (8, 12)), (7, 13))",10,12.0,22.0,10,1,0,expanded,False,True,662
"(((5, 8), (7, 8), (8, 2), (8, 14)), (1, 7))","(((4, 8), (7, 8), (8, 2), (8, 14)), (1, 7))",10,12.0,22.0,10,1,0,expanded,False,True,663
"(((2, 8), (8, 5), (8, 9), (8, 14)), (7, 1))","(((2, 8), (8, 4), (8, 9), (8, 14)), (7, 1))",10,12.0,22.0,10,1,0,expanded,False,True,664
"(((5, 8), (8, 2), (8, 9), (8, 14)), (1, 7))","(((4, 8), (8, 2), (8, 9), (8, 14)), (1, 7))",10,12.0,22.0,10,1,0,expanded,False,True,665
"(((2, 8), (8, 2), (8, 7), (8, 11)), (7, 13))","(((2, 8), (8, 2), (8, 7), (8, 12)), (7, 13))",10,12.0,22.0,10,1,0,expanded,False,True,666
"(((5, 8), (8, 2), (8, 7), (8, 14)), (1, 7))","(((4, 8), (8, 2), (8, 7), (8, 14)), (1, 7))",10,12.0,22.0,10,1,0,expanded,False,True,667
"(((2, 8), (8, 6), (8, 8), (8, 14)), (7, 1))","(((2, 8), (8, 5), (8, 8), (8, 14)), (7, 1))",10,12.0,22.0,10,1,0,expanded,False,True,668
"(((2, 8), (8, 2), (8, 8), (8, 10)), (7, 13))","(((2, 8), (8, 2), (8, 8), (8, 11)), (7, 13))",10,12.0,22.0,10,1,0,expanded,False,True,669
"(((6, 8), (8, 2), (8, 8), (8, 14)), (1, 7))","(((5, 8), (8, 2), (8, 8), (8, 14)), (1, 7))",10,12.0,22.0,10,1,0,expanded,False,True,670
"(((2, 8), (8, 6), (8, 14), (9, 9)), (7, 1))","(((2, 8), (8, 5), (8, 14), (9, 9)), (7, 1))",10,12.0,22.0,10,1,0,expanded,False,True,671
"(((2, 8), (8, 2), (8, 10), (9, 9)), (7, 13))","(((2, 8), (8, 2), (8, 11), (9, 9)), (7, 13))",10,12.0,22.0,10,1,0,expanded,False,True,672
"(((6, 8), (8, 2), (8, 14), (9, 9)), (1, 7))","(((5, 8), (8, 2), (8, 14), (9, 9)), (1, 7))",10,12.0,22.0,10,1,0,expanded,False,True,673
"(((2, 8), (8, 6), (8, 14), (9, 7)), (7, 1))","(((2, 8), (8, 5), (8, 14), (9, 7)), (7, 1))",10,12.0,22.0,10,1,0,expanded,False,True,674
"(((2, 8), (8, 2), (8, 10), (9, 7)), (7, 13))","(((2, 8), (8, 2), (8, 11), (9, 7)), (7, 13))",10,12.0,22.0,10,1,0,expanded,False,True,675
"(((6, 8), (8, 2), (8, 14), (9, 7)), (1, 7))","(((5, 8), (8, 2), (8, 14), (9, 7)), (1, 7))",10,12.0,22.0,10,1,0,expanded,False,True,676
"(((2, 8), (8, 5), (9, 8), (14, 8)), (7, 1))","(((2, 8), (8, 4), (9, 8), (14, 8)), (7, 1))",10,12.0,22.0,10,1,0,expanded,False,True,677
"(((2, 8), (8, 2), (9, 8), (11, 8)), (12, 8))","(((2, 8), (8, 2), (9, 8), (12, 8)), (13, 7))",10,12.0,22.0,10,1,0,expanded,False,True,678
"(((5, 8), (8, 2), (9, 8), (14, 8)), (1, 7))","(((4, 8), (8, 2), (9, 8), (14, 8)), (1, 7))",10,12.0,22.0,10,1,0,expanded,False,True,679
"(((2, 8), (7, 8), (8, 5), (14, 8)), (7, 1))","(((2, 8), (7, 8), (8, 4), (14, 8)), (7, 1))",10,12.0,22.0,10,1,0,expanded,False,True,680
"(((2, 8), (7, 8), (8, 2), (11, 8)), (12, 8))","(((2, 8), (7, 8), (8, 2), (12, 8)), (13, 7))",10,12.0,22.0,10,1,0,expanded,False,True,681
"(((5, 8), (7, 8), (8, 2), (14, 8)), (1, 7))","(((4, 8), (7, 8), (8, 2), (14, 8)), (1, 7))",10,12.0,22.0,10,1,0,expanded,False,True,682
"(((2, 8), (8, 5), (8, 9), (14, 8)), (7, 1))","(((2, 8), (8, 4), (8, 9), (14, 8)), (7, 1))",10,12.0,22.0,10,1,0,expanded,False,True,683
"(((2, 8), (8, 2), (8, 9), (11, 8)), (12, 8))","(((2, 8), (8, 2), (8, 9), (12, 8)), (13, 7))",10,12.0,22.0,10,1,0,expanded,False,True,684
"(((5, 8), (8, 2), (8, 9), (14, 8)), (1, 7))","(((4, 8), (8, 2), (8, 9), (14, 8)), (1, 7))",10,12.0,22.0,10,1,0,expanded,False,True,685
"(((2, 8), (8, 2), (8, 7), (11, 8)), (12, 8))","(((2, 8), (8, 2), (8, 7), (12, 8)), (13, 7))",10,12.0,22.0,10,1,0,expanded,False,True,686
"(((5, 8), (8, 2), (8, 7), (14, 8)), (1, 7))","(((4, 8), (8, 2), (8, 7), (14, 8)), (1, 7))",10,12.0,22.0,10,1,0,expanded,False,True,687
"(((2, 8), (8, 6), (8, 8), (14, 8)), (7, 1))","(((2, 8), (8, 5), (8, 8), (14, 8)), (7, 1))",10,12.0,22.0,10,1,0,expanded,False,True,688
"(((2, 8), (8, 2), (8, 8), (10, 8)), (11, 8))","(((2, 8), (8, 2), (8, 8), (11, 8)), (12, 8))",10,12.0,22.0,10,1,0,expanded,False,True,689
"(((6, 8), (8, 2), (8, 8), (14, 8)), (1, 7))","(((5, 8), (8, 2), (8, 8), (14, 8)), (1, 7))",10,12.0,22.0,10,1,0,expanded,False,True,690
"(((8, 5), (8, 14), (9, 8), (14, 8)), (7, 1))","(((8, 4), (8, 14), (9, 8), (14, 8)), (7, 1))",10,12.0,22.0,10,1,0,expanded,False,True,691
"(((8, 2), (8, 14), (9, 8), (11, 8)), (12, 8))","(((8, 2), (8, 14), (9, 8), (12, 8)), (13, 7))",10,12.0,22.0,10,1,0,expanded,False,True,692
"(((8, 2), (8, 11), (9, 8), (14, 8)), (7, 13))","(((8, 2), (8, 12), (9, 8), (14, 8)), (7, 13))",10,12.0,22.0,10,1,0,expanded,False,True,693
"(((8, 5), (8, 9), (8, 14), (14, 8)), (7, 1))","(((8, 4), (8, 9), (8, 14), (14, 8)), (7, 1))",10,12.0,22.0,10,1,0,expanded,False,True,694
"(((8, 2), (8, 9), (8, 14), (11, 8)), (12, 8))","(((8, 2), (8, 9), (8, 14), (12, 8)), (13, 7))",10,12.0,22.0,10,1,0,expanded,False,True,695
"(((8, 2), (8, 7), (8, 14), (11, 8)), (12, 8))","(((8, 2), (8, 7), (8, 14), (12, 8)), (13, 7))",10,12.0,22.0,10,1,0,expanded,False,True,696
"(((8, 2), (8, 7), (8, 11), (14, 8)), (7, 13))","(((8, 2), (8, 7), (8, 12), (14, 8)), (7, 13))",10,12.0,22.0,10,1,0,expanded,False,True,697
"(((8, 6), (8, 8), (8, 14), (14, 8)), (7, 1))","(((8, 5), (8, 8), (8, 14), (14, 8)), (7, 1))",10,12.0,22.0,10,1,0,expanded,False,True,698
"(((8, 2), (8, 8), (8, 14), (10, 8)), (11, 8))","(((8, 2), (8, 8), (8, 14), (11, 8)), (12, 8))",10,12.0,22.0,10,1,0,expanded,False,True,699
"(((8, 2), (8, 8), (8, 10), (14, 8)), (7, 13))","(((8, 2), (8, 8), (8, 11), (14, 8)), (7, 13))",10,12.0,22.0,10,1,0,expanded,False,True,700
"(((6, 8), (8, 6), (8, 14), (14, 8)), (7, 1))","(((6, 8), (8, 5), (8, 14), (14, 8)), (7, 1))",10,12.0,22.0,10,1,0,expanded,False,True,701
"(((6, 8), (8, 2), (8, 14), (10, 8)), (11, 8))","(((6, 8), (8, 2), (8, 14), (11, 8)), (12, 8))",10,12.0,22.0,10,1,0,expanded,False,True,702
"(((6, 8), (8, 2), (8, 10), (14, 8)), (7, 13))","(((6, 8), (8, 2), (8, 11), (14, 8)), (7, 13))",10,12.0,22.0,10,1,0,expanded,False,True,703
"(((7, 9), (8, 6), (8, 14), (14, 8)), (7, 1))","(((7, 9), (8, 5), (8, 14), (14, 8)), (7, 1))",10,12.0,22.0,10,1,0,expanded,False,True,704
"(((7, 9), (8, 2), (8, 14), (10, 8)), (11, 8))","(((7, 9), (8, 2), (8, 14), (11, 8)), (12, 8))",10,12.0,22.0,10,1,0,expanded,False,True,705
"(((7, 9), (8, 2), (8, 10), (14, 8)), (7, 13))","(((7, 9), (8, 2), (8, 11), (14, 8)), (7, 13))",10,12.0,22.0,10,1,0,expanded,False,True,706
"(((7, 7), (8, 6), (8, 14), (14, 8)), (7, 1))","(((7, 7), (8, 5), (8, 14), (14, 8)), (7, 1))",10,12.0,22.0,10,1,0,expanded,False,True,707
"(((7, 7), (8, 2), (8, 14), (10, 8)), (11, 8))","(((7, 7), (8, 2), (8, 14), (11, 8)), (12, 8))",10,12.0,22.0,10,1,0,expanded,False,True,708
"(((7, 7), (8, 2), (8, 10), (14, 8)), (7, 13))","(((7, 7), (8, 2), (8, 11), (14, 8)), (7, 13))",10,12.0,22.0,10,1,0,expanded,False,True,709
"(((2, 8), (8, 8), (9, 8), (9, 14)), (1, 7))","(((2, 8), (8, 8), (8, 14), (9, 8)), (1, 7))",12,12,24.0,12,,,pruned,,,710
"(((2, 8), (7, 14), (8, 8), (9, 8)), (1, 7))","(((2, 8), (8, 8), (8, 14), (9, 8)), (1, 7))",12,12,24.0,12,,,pruned,,,711
"(((2, 8), (8, 8), (8, 15), (9, 8)), (1, 7))","(((2, 8), (8, 8), (8, 14), (9, 8)), (1, 7))",12,12,24.0,12,,,pruned,,,712
"(((1, 8), (8, 8), (8, 14), (9, 8)), (1, 7))","(((2, 8), (8, 8), (8, 14), (9, 8)), (1, 7))",12,12,24.0,12,,,pruned,,,713
"(((2, 9), (8, 8), (8, 14), (9, 8)), (1, 7))","(((2, 8), (8, 8), (8, 14), (9, 8)), (1, 7))",12,12,24.0,12,,,pruned,,,714
"(((2, 7), (8, 8), (8, 14), (9, 8)), (1, 7))","(((2, 8), (8, 8), (8, 14), (9, 8)), (1, 7))",12,12,24.0,12,,,pruned,,,715
"(((2, 8), (8, 8), (8, 14), (9, 8)), (1, 7))","(((2, 8), (8, 7), (8, 14), (9, 8)), (7, 1))",11,11.0,22.0,11,12,6,expanded,False,True,716
"(((2, 8), (8, 8), (9, 2), (9, 8)), (1, 7))","(((2, 8), (8, 2), (8, 8), (9, 8)), (1, 7))",12,12,24.0,12,,,pruned,,,717
"(((2, 8), (7, 2), (8, 8), (9, 8)), (1, 7))","(((2, 8), (8, 2), (8, 8), (9, 8)), (1, 7))",12,12,24.0,12,,,pruned,,,718
"(((2, 8), (8, 1), (8, 8), (9, 8)), (1, 7))","(((2, 8), (8, 2), (8, 8), (9, 8)), (1, 7))",12,12,24.0,12,,,pruned,,,719
"(((1, 8), (8, 2), (8, 8), (9, 8)), (1, 7))","(((2, 8), (8, 2), (8, 8), (9, 8)), (1, 7))",12,12,24.0,12,,,pruned,,,720
"(((2, 9), (8, 2), (8, 8), (9, 8)), (1, 7))","(((2, 8), (8, 2), (8, 8), (9, 8)), (1, 7))",12,12,24.0,12,,,pruned,,,721
"(((2, 7), (8, 2), (8, 8), (9, 8)), (1, 7))","(((2, 8), (8, 2), (8, 8), (9, 8)), (1, 7))",12,12,24.0,12,,,pruned,,,722
"(((2, 8), (8, 2), (8, 8), (9, 8)), (1, 7))","(((2, 8), (8, 2), (8, 9), (9, 8)), (7, 13))",11,11.0,22.0,11,12,6,expanded,False,True,723
"(((7, 8), (8, 14), (9, 2), (10, 8)), (1, 7))","(((7, 8), (8, 2), (8, 14), (10, 8)), (1, 7))",12,12,24.0,12,,,pruned,,,724
"(((7, 2), (7, 8), (8, 14), (10, 8)), (1, 7))","(((7, 8), (8, 2), (8, 14), (10, 8)), (1, 7))",12,12,24.0,12,,,pruned,,,725
"(((7, 8), (8, 1), (8, 14), (10, 8)), (1, 7))","(((7, 8), (8, 2), (8, 14), (10, 8)), (1, 7))",12,12,24.0,12,,,pruned,,,726
"(((7, 8), (8, 2), (9, 14), (10, 8)), (1, 7))","(((7, 8), (8, 2), (8, 14), (10, 8)), (1, 7))",12,12,24.0,12,,,pruned,,,727
"(((7, 8), (7, 14), (8, 2), (10, 8)), (1, 7))","(((7, 8), (8, 2), (8, 14), (10, 8)), (1, 7))",12,12,24.0,12,,,pruned,,,728
"(((7, 8), (8, 2), (8, 15), (10, 8)), (1, 7))","(((7, 8), (8, 2), (8, 14), (10, 8)), (1, 7))",12,12,24.0,12,,,pruned,,,729
"(((7, 8), (8, 2), (8, 14), (10, 9)), (1, 7))","(((7, 8), (8, 2), (8, 14), (10, 8)), (1, 7))",12,12,24.0,12,,,pruned,,,730
"(((7, 8), (8, 2), (8, 14), (10, 7)), (1, 7))","(((7, 8), (8, 2), (8, 14), (10, 8)), (1, 7))",12,12,24.0,12,,,pruned,,,731
"(((7, 8), (8, 2), (8, 14), (10, 8)), (1, 7))","(((7, 8), (8, 2), (8, 14), (9, 8)), (1, 7))",11,11.0,22.0,11,15,8,expanded,False,True,732
"(((7, 8), (8, 8), (8, 14), (9, 2)), (1, 7))","(((7, 8), (8, 2), (8, 8), (8, 14)), (1, 7))",12,12,24.0,12,,,pruned,,,733
"(((7, 2), (7, 8), (8, 8), (8, 14)), (1, 7))","(((7, 8), (8, 2), (8, 8), (8, 14)), (1, 7))",12,12,24.0,12,,,pruned,,,734
"(((7, 8), (8, 1), (8, 8), (8, 14)), (1, 7))","(((7, 8), (8, 2), (8, 8), (8, 14)), (1, 7))",12,12,24.0,12,,,pruned,,,735
"(((7, 8), (8, 2), (8, 8), (9, 14)), (1, 7))","(((7, 8), (8, 2), (8, 8), (8, 14)), (1, 7))",12,12,24.0,12,,,pruned,,,736
"(((7, 8), (7, 14), (8, 2), (8, 8)), (1, 7))","(((7, 8), (8, 2), (8, 8), (8, 14)), (1, 7))",12,12,24.0,12,,,pruned,,,737
"(((7, 8), (8, 2), (8, 8), (8, 15)), (1, 7))","(((7, 8), (8, 2), (8, 8), (8, 14)), (1, 7))",12,12,24.0,12,,,pruned,,,738
"(((7, 8), (8, 2), (8, 8), (8, 14)), (1, 7))","(((7, 8), (8, 2), (8, 14), (9, 8)), (1, 7))",11,11.0,22.0,11,12,6,expanded,False,True,739
"(((7, 8), (8, 14), (9, 2), (9, 9)), (1, 7))","(((7, 8), (8, 2), (8, 14), (9, 9)), (1, 7))",12,12,24.0,12,,,pruned,,,740
"(((7, 2), (7, 8), (8, 14), (9, 9)), (1, 7))","(((7, 8), (8, 2), (8, 14), (9, 9)), (1, 7))",12,12,24.0,12,,,pruned,,,741
"(((7, 8), (8, 1), (8, 14), (9, 9)), (1, 7))","(((7, 8), (8, 2), (8, 14), (9, 9)), (1, 7))",12,12,24.0,12,,,pruned,,,742
"(((7, 8), (8, 2), (9, 9), (9, 14)), (1, 7))","(((7, 8), (8, 2), (8, 14), (9, 9)), (1, 7))",12,12,24.0,12,,,pruned,,,743
"(((7, 8), (7, 14), (8, 2), (9, 9)), (1, 7))","(((7, 8), (8, 2), (8, 14), (9, 9)), (1, 7))",12,12,24.0,12,,,pruned,,,744
"(((7, 8), (8, 2), (8, 15), (9, 9)), (1, 7))","(((7, 8), (8, 2), (8, 14), (9, 9)), (1, 7))",12,12,24.0,12,,,pruned,,,745
"(((7, 8), (8, 2), (8, 14), (10, 9)), (1, 7))","(((7, 8), (8, 2), (8, 14), (9, 9)), (1, 7))",12,12,24.0,12,,,pruned,,,746
"(((7, 8), (8, 2), (8, 14), (9, 9)), (1, 7))","(((7, 8), (8, 2), (8, 14), (9, 8)), (1, 7))",11,11.0,22.0,11,14,7,expanded,False,True,747
"(((7, 8), (8, 14), (9, 2), (9, 7)), (1, 7))","(((7, 8), (8, 2), (8, 14), (9, 7)), (1, 7))",12,12,24.0,12,,,pruned,,,748
"(((7, 2), (7, 8), (8, 14), (9, 7)), (1, 7))","(((7, 8), (8, 2), (8, 14), (9, 7)), (1, 7))",12,12,24.0,12,,,pruned,,,749
"(((7, 8), (8, 1), (8, 14), (9, 7)), (1, 7))","(((7, 8), (8, 2), (8, 14), (9, 7)), (1, 7))",12,12,24.0,12,,,pruned,,,750
"(((7, 8), (8, 2), (9, 7), (9, 14)), (1, 7))","(((7, 8), (8, 2), (8, 14), (9, 7)), (1, 7))",12,12,24.0,12,,,pruned,,,751
"(((7, 8), (7, 14), (8, 2), (9, 7)), (1, 7))","(((7, 8), (8, 2), (8, 14), (9, 7)), (1, 7))",12,12,24.0,12,,,pruned,,,752
"(((7, 8), (8, 2), (8, 15), (9, 7)), (1, 7))","(((7, 8), (8, 2), (8, 14), (9, 7)), (1, 7))",12,12,24.0,12,,,pruned,,,753
"(((7, 8), (8, 2), (8, 14), (10, 7)), (1, 7))","(((7, 8), (8, 2), (8, 14), (9, 7)), (1, 7))",12,12,24.0,12,,,pruned,,,754
"(((7, 8), (8, 2), (8, 14), (9, 7)), (1, 7))","(((7, 8), (8, 2), (8, 14), (9, 8)), (1, 7))",11,11.0,22.0,11,14,7,expanded,False,True,755
"(((8, 8), (8, 14), (9, 2), (9, 8)), (1, 7))","(((8, 2), (8, 8), (8, 14), (9, 8)), (1, 7))",12,12,24.0,12,,,pruned,,,756
"(((7, 2), (8, 8), (8, 14), (9, 8)), (1, 7))","(((8, 2), (8, 8), (8, 14), (9, 8)), (1, 7))",12,12,24.0,12,,,pruned,,,757
"(((8, 1), (8, 8), (8, 14), (9, 8)), (1, 7))","(((8, 2), (8, 8), (8, 14), (9, 8)), (1, 7))",12,12,24.0,12,,,pruned,,,758
"(((8, 2), (8, 8), (9, 8), (9, 14)), (1, 7))","(((8, 2), (8, 8), (8, 14), (9, 8)), (1, 7))",12,12,24.0,12,,,pruned,,,759
"(((7, 14), (8, 2), (8, 8), (9, 8)), (1, 7))","(((8, 2), (8, 8), (8, 14), (9, 8)), (1, 7))",12,12,24.0,12,,,pruned,,,760
"(((8, 2), (8, 8), (8, 15), (9, 8)), (1, 7))","(((8, 2), (8, 8), (8, 14), (9, 8)), (1, 7))",12,12,24.0,12,,,pruned,,,761
"(((8, 2), (8, 8), (8, 14), (9, 8)), (1, 7))","(((7, 8), (8, 2), (8, 14), (9, 8)), (1, 7))",11,11.0,22.0,11,12,6,expanded,False,True,762
"(((6, 8), (8, 14), (9, 2), (9, 8)), (6, 7))","(((6, 8), (8, 2), (8, 14), (9, 8)), (6, 7))",12,12,24.0,12,,,pruned,,,763
"(((6, 8), (7, 2), (8, 14), (9, 8)), (6, 7))","(((6, 8), (8, 2), (8, 14), (9, 8)), (6, 7))",12,12,24.0,12,,,pruned,,,764
"(((6, 8), (8, 1), (8, 14), (9, 8)), (6, 7))","(((6, 8), (8, 2), (8, 14), (9, 8)), (6, 7))",12,12,24.0,12,,,pruned,,,765
"(((6, 8), (8, 2), (9, 8), (9, 14)), (6, 7))","(((6, 8), (8, 2), (8, 14), (9, 8)), (6, 7))",12,12,24.0,12,,,pruned,,,766
"(((6, 8), (7, 14), (8, 2), (9, 8)), (6, 7))","(((6, 8), (8, 2), (8, 14), (9, 8)), (6, 7))",12,12,24.0,12,,,pruned,,,767
"(((6, 8), (8, 2), (8, 15), (9, 8)), (6, 7))","(((6, 8), (8, 2), (8, 14), (9, 8)), (6, 7))",12,12,24.0,12,,,pruned,,,768
"(((6, 9), (8, 2), (8, 14), (9, 8)), (1, 7))","(((6, 8), (8, 2), (8, 14), (9, 8)), (6, 7))",12,12,24.0,12,,,pruned,,,769
"(((6, 7), (8, 2), (8, 14), (9, 8)), (1, 7))","(((6, 8), (8, 2), (8, 14), (9, 8)), (6, 7))",12,12,24.0,12,,,pruned,,,770
"(((6, 8), (8, 2), (8, 14), (9, 8)), (6, 7))","(((7, 8), (8, 2), (8, 14), (9, 8)), (1, 7))",11,11.0,22.0,11,15,8,expanded,False,True,771
"(((6, 9), (8, 2), (8, 14), (9, 8)), (1, 7))","(((7, 9), (8, 2), (8, 14), (9, 8)), (1, 7))",12,12,24.0,12,,,pruned,,,772
"(((7, 9), (8, 14), (9, 2), (9, 8)), (1, 7))","(((7, 9), (8, 2), (8, 14), (9, 8)), (1, 7))",12,12,24.0,12,,,pruned,,,773
"(((7, 2), (7, 9), (8, 14), (9, 8)), (1, 7))","(((7, 9), (8, 2), (8, 14), (9, 8)), (1, 7))",12,12,24.0,12,,,pruned,,,774
"(((7, 9), (8, 1), (8, 14), (9, 8)), (1, 7))","(((7, 9), (8, 2), (8, 14), (9, 8)), (1, 7))",12,12,24.0,12,,,pruned,,,775
"(((7, 9), (8, 2), (9, 8), (9, 14)), (1, 7))","(((7, 9), (8, 2), (8, 14), (9, 8)), (1, 7))",12,12,24.0,12,,,pruned,,,776
"(((7, 9), (7, 14), (8, 2), (9, 8)), (1, 7))","(((7, 9), (8, 2), (8, 14), (9, 8)), (1, 7))",12,12,24.0,12,,,pruned,,,777
"(((7, 9), (8, 2), (8, 15), (9, 8)), (1, 7))","(((7, 9), (8, 2), (8, 14), (9, 8)), (1, 7))",12,12,24.0,12,,,pruned,,,778
"(((7, 9), (8, 2), (8, 14), (9, 8)), (1, 7))","(((7, 8), (8, 2), (8, 14), (9, 8)), (1, 7))",11,11.0,22.0,11,14,7,expanded,False,True,779
"(((7, 7), (8, 14), (9, 2), (9, 8)), (1, 7))","(((7, 7), (8, 2), (8, 14), (9, 8)), (1, 7))",12,12,24.0,12,,,pruned,,,780
"(((7, 2), (7, 7), (8, 14), (9, 8)), (1, 7))","(((7, 7), (8, 2), (8, 14), (9, 8)), (1, 7))",12,12,24.0,12,,,pruned,,,781
"(((7, 7), (8, 1), (8, 14), (9, 8)), (1, 7))","(((7, 7), (8, 2), (8, 14), (9, 8)), (1, 7))",12,12,24.0,12,,,pruned,,,782
"(((7, 7), (8, 2), (9, 8), (9, 14)), (1, 7))","(((7, 7), (8, 2), (8, 14), (9, 8)), (1, 7))",12,12,24.0,12,,,pruned,,,783
"(((7, 7), (7, 14), (8, 2), (9, 8)), (1, 7))","(((7, 7), (8, 2), (8, 14), (9, 8)), (1, 7))",12,12,24.0,12,,,pruned,,,784
"(((7, 7), (8, 2), (8, 15), (9, 8)), (1, 7))","(((7, 7), (8, 2), (8, 14), (9, 8)), (1, 7))",12,12,24.0,12,,,pruned,,,785
"(((6, 7), (8, 2), (8, 14), (9, 8)), (1, 7))","(((7, 7), (8, 2), (8, 14), (9, 8)), (1, 7))",12,12,24.0,12,,,pruned,,,786
"(((7, 7), (8, 2), (8, 14), (9, 8)), (1, 7))","(((7, 8), (8, 2), (8, 14), (9, 8)), (1, 7))",11,11.0,22.0,11,14,7,expanded,False,True,787
"(((7, 8), (8, 8), (9, 14), (14, 8)), (1, 7))","(((7, 8), (8, 8), (8, 14), (14, 8)), (1, 7))",12,12,24.0,12,,,pruned,,,788
"(((7, 8), (7, 14), (8, 8), (14, 8)), (1, 7))","(((7, 8), (8, 8), (8, 14), (14, 8)), (1, 7))",12,12,24.0,12,,,pruned,,,789
"(((7, 8), (8, 8), (8, 15), (14, 8)), (1, 7))","(((7, 8), (8, 8), (8, 14), (14, 8)), (1, 7))",12,12,24.0,12,,,pruned,,,790
"(((7, 8), (8, 8), (8, 14), (15, 8)), (1, 7))","(((7, 8), (8, 8), (8, 14), (14, 8)), (1, 7))",12,12,24.0,12,,,pruned,,,791
"(((7, 8), (8, 8), (8, 14), (14, 9)), (1, 7))","(((7, 8), (8, 8), (8, 14), (14, 8)), (1, 7))",12,12,24.0,12,,,pruned,,,792
"(((7, 8), (8, 8), (8, 14), (14, 7)), (1, 7))","(((7, 8), (8, 8), (8, 14), (14, 8)), (1, 7))",12,12,24.0,12,,,pruned,,,793
"(((7, 8), (8, 8), (8, 14), (14, 8)), (1, 7))","(((7, 8), (8, 7), (8, 14), (14, 8)), (7, 1))",11,11.0,22.0,11,12,6,expanded,False,True,794
"(((7, 8), (8, 8), (9, 2), (14, 8)), (1, 7))","(((7, 8), (8, 2), (8, 8), (14, 8)), (1, 7))",12,12,24.0,12,,,pruned,,,795
"(((7, 2), (7, 8), (8, 8), (14, 8)), (1, 7))","(((7, 8), (8, 2), (8, 8), (14, 8)), (1, 7))",12,12,24.0,12,,,pruned,,,796
"(((7, 8), (8, 1), (8, 8), (14, 8)), (1, 7))","(((7, 8), (8, 2), (8, 8), (14, 8)), (1, 7))",12,12,24.0,12,,,pruned,,,797
"(((7, 8), (8, 2), (8, 8), (15, 8)), (1, 7))","(((7, 8), (8, 2), (8, 8), (14, 8)), (1, 7))",12,12,24.0,12,,,pruned,,,798
"(((7, 8), (8, 2), (8, 8), (14, 9)), (1, 7))","(((7, 8), (8, 2), (8, 8), (14, 8)), (1, 7))",12,12,24.0,12,,,pruned,,,799
"(((7, 8), (8, 2), (8, 8), (14, 7)), (1, 7))","(((7, 8), (8, 2), (8, 8), (14, 8)), (1, 7))",12,12,24.0,12,,,pruned,,,800
"(((7, 8), (8, 2), (8, 8), (14, 8)), (1, 7))","(((7, 8), (8, 2), (8, 9), (14, 8)), (7, 13))",11,11.0,22.0,11,12,6,expanded,False,True,801
"(((2, 8), (8, 10), (9, 8), (14, 8)), (7, 13))","(((2, 8), (8, 11), (9, 8), (14, 8)), (7, 13))",11,11.0,22.0,11,1,0,expanded,False,True,802
"(((2, 8), (8, 14), (9, 8), (10, 8)), (11, 8))","(((2, 8), (8, 14), (9, 8), (11, 8)), (12, 8))",11,11.0,22.0,11,0,0,expanded,False,True,803
"(((6, 8), (8, 14), (9, 8), (14, 8)), (1, 7))","(((5, 8), (8, 14), (9, 8), (14, 8)), (1, 7))",11,11.0,22.0,11,1,0,expanded,False,True,804
"(((2, 8), (7, 8), (8, 10), (14, 8)), (7, 13))","(((2, 8), (7, 8), (8, 11), (14, 8)), (7, 13))",11,11.0,22.0,11,1,0,expanded,False,True,805
"(((2, 8), (7, 8), (8, 14), (10, 8)), (11, 8))","(((2, 8), (7, 8), (8, 14), (11, 8)), (12, 8))",11,11.0,22.0,11,1,0,expanded,False,True,806
"(((6, 8), (7, 8), (8, 14), (14, 8)), (1, 7))","(((5, 8), (7, 8), (8, 14), (14, 8)), (1, 7))",11,11.0,22.0,11,0,0,expanded,False,True,807
"(((2, 8), (8, 9), (8, 14), (10, 8)), (11, 8))","(((2, 8), (8, 9), (8, 14), (11, 8)), (12, 8))",11,11.0,22.0,11,1,0,expanded,False,True,808
"(((6, 8), (8, 9), (8, 14), (14, 8)), (1, 7))","(((5, 8), (8, 9), (8, 14), (14, 8)), (1, 7))",11,11.0,22.0,11,1,0,expanded,False,True,809
"(((2, 8), (8, 7), (8, 10), (14, 8)), (7, 13))","(((2, 8), (8, 7), (8, 11), (14, 8)), (7, 13))",11,11.0,22.0,11,1,0,expanded,False,True,810
"(((2, 8), (8, 7), (8, 14), (10, 8)), (11, 8))","(((2, 8), (8, 7), (8, 14), (11, 8)), (12, 8))",11,11.0,22.0,11,1,0,expanded,False,True,811
"(((6, 8), (8, 7), (8, 14), (14, 8)), (1, 7))","(((5, 8), (8, 7), (8, 14), (14, 8)), (1, 7))",11,11.0,22.0,11,1,0,expanded,False,True,812
"(((2, 8), (8, 8), (8, 9), (14, 8)), (7, 13))","(((2, 8), (8, 8), (8, 10), (14, 8)), (7, 13))",11,11.0,22.0,11,0,0,expanded,False,True,813
"(((2, 8), (8, 7), (8, 14), (10, 8)), (7, 1))","(((2, 8), (8, 6), (8, 14), (10, 8)), (7, 1))",11,11.0,22.0,11,1,0,expanded,False,True,814
"(((2, 8), (8, 2), (8, 9), (10, 8)), (7, 13))","(((2, 8), (8, 2), (8, 10), (10, 8)), (7, 13))",11,11.0,22.0,11,1,0,expanded,False,True,815
"(((2, 8), (7, 8), (8, 6), (8, 14)), (7, 1))","(((2, 8), (7, 8), (8, 5), (8, 14)), (7, 1))",11,11.0,22.0,11,1,0,expanded,False,True,816
"(((2, 8), (7, 8), (8, 2), (8, 10)), (7, 13))","(((2, 8), (7, 8), (8, 2), (8, 11)), (7, 13))",11,11.0,22.0,11,1,0,expanded,False,True,817
"(((6, 8), (7, 8), (8, 2), (8, 14)), (1, 7))","(((5, 8), (7, 8), (8, 2), (8, 14)), (1, 7))",11,11.0,22.0,11,0,0,expanded,False,True,818
"(((2, 8), (8, 6), (8, 9), (8, 14)), (7, 1))","(((2, 8), (8, 5), (8, 9), (8, 14)), (7, 1))",11,11.0,22.0,11,1,0,expanded,False,True,819
"(((6, 8), (8, 2), (8, 9), (8, 14)), (1, 7))","(((5, 8), (8, 2), (8, 9), (8, 14)), (1, 7))",11,11.0,22.0,11,1,0,expanded,False,True,820
"(((2, 8), (8, 2), (8, 7), (8, 10)), (7, 13))","(((2, 8), (8, 2), (8, 7), (8, 11)), (7, 13))",11,11.0,22.0,11,1,0,expanded,False,True,821
"(((6, 8), (8, 2), (8, 7), (8, 14)), (1, 7))","(((5, 8), (8, 2), (8, 7), (8, 14)), (1, 7))",11,11.0,22.0,11,1,0,expanded,False,True,822
"(((2, 8), (8, 7), (8, 8), (8, 14)), (7, 1))","(((2, 8), (8, 6), (8, 8), (8, 14)), (7, 1))",11,11.0,22.0,11,0,0,expanded,False,True,823
"(((2, 8), (8, 2), (8, 8), (8, 9)), (7, 13))","(((2, 8), (8, 2), (8, 8), (8, 10)), (7, 13))",11,11.0,22.0,11,0,0,expanded,False,True,824
"(((2, 8), (8, 7), (8, 14), (9, 9)), (7, 1))","(((2, 8), (8, 6), (8, 14), (9, 9)), (7, 1))",11,11.0,22.0,11,1,0,expanded,False,True,825
"(((2, 8), (8, 2), (8, 9), (9, 9)), (7, 13))","(((2, 8), (8, 2), (8, 10), (9, 9)), (7, 13))",11,11.0,22.0,11,1,0,expanded,False,True,826
"(((2, 8), (8, 7), (8, 14), (9, 7)), (7, 1))","(((2, 8), (8, 6), (8, 14), (9, 7)), (7, 1))",11,11.0,22.0,11,1,0,expanded,False,True,827
"(((2, 8), (8, 2), (8, 9), (9, 7)), (7, 13))","(((2, 8), (8, 2), (8, 10), (9, 7)), (7, 13))",11,11.0,22.0,11,1,0,expanded,False,True,828
"(((2, 8), (8, 6), (9, 8), (14, 8)), (7, 1))","(((2, 8), (8, 5), (9, 8), (14, 8)), (7, 1))",11,11.0,22.0,11,1,0,expanded,False,True,829
"(((2, 8), (8, 2), (9, 8), (10, 8)), (11, 8))","(((2, 8), (8, 2), (9, 8), (11, 8)), (12, 8))",11,11.0,22.0,11,0,0,expanded,False,True,830
"(((6, 8), (8, 2), (9, 8), (14, 8)), (1, 7))","(((5, 8), (8, 2), (9, 8), (14, 8)), (1, 7))",11,11.0,22.0,11,1,0,expanded,False,True,831
"(((2, 8), (7, 8), (8, 6), (14, 8)), (7, 1))","(((2, 8), (7, 8), (8, 5), (14, 8)), (7, 1))",11,11.0,22.0,11,1,0,expanded,False,True,832
"(((2, 8), (7, 8), (8, 2), (10, 8)), (11, 8))","(((2, 8), (7, 8), (8, 2), (11, 8)), (12, 8))",11,11.0,22.0,11,1,0,expanded,False,True,833
"(((6, 8), (7, 8), (8, 2), (14, 8)), (1, 7))","(((5, 8), (7, 8), (8, 2), (14, 8)), (1, 7))",11,11.0,22.0,11,0,0,expanded,False,True,834
"(((2, 8), (8, 6), (8, 9), (14, 8)), (7, 1))","(((2, 8), (8, 5), (8, 9), (14, 8)), (7, 1))",11,11.0,22.0,11,1,0,expanded,False,True,835
"(((2, 8), (8, 2), (8, 9), (10, 8)), (11, 8))","(((2, 8), (8, 2), (8, 9), (11, 8)), (12, 8))",11,11.0,22.0,11,1,0,expanded,False,True,836
"(((6, 8), (8, 2), (8, 9), (14, 8)), (1, 7))","(((5, 8), (8, 2), (8, 9), (14, 8)), (1, 7))",11,11.0,22.0,11,1,0,expanded,False,True,837
"(((2, 8), (8, 2), (8, 7), (10, 8)), (11, 8))","(((2, 8), (8, 2), (8, 7), (11, 8)), (12, 8))",11,11.0,22.0,11,1,0,expanded,False,True,838
"(((6, 8), (8, 2), (8, 7), (14, 8)), (1, 7))","(((5, 8), (8, 2), (8, 7), (14, 8)), (1, 7))",11,11.0,22.0,11,1,0,expanded,False,True,839
"(((2, 8), (8, 7), (8, 8), (14, 8)), (7, 1))","(((2, 8), (8, 6), (8, 8), (14, 8)), (7, 1))",11,11.0,22.0,11,0,0,expanded,False,True,840
"(((8, 6), (8, 14), (9, 8), (14, 8)), (7, 1))","(((8, 5), (8, 14), (9, 8), (14, 8)), (7, 1))",11,11.0,22.0,11,1,0,expanded,False,True,841
"(((8, 2), (8, 14), (9, 8), (10, 8)), (11, 8))","(((8, 2), (8, 14), (9, 8), (11, 8)), (12, 8))",11,11.0,22.0,11,0,0,expanded,False,True,842
"(((8, 2), (8, 10), (9, 8), (14, 8)), (7, 13))","(((8, 2), (8, 11), (9, 8), (14, 8)), (7, 13))",11,11.0,22.0,11,1,0,expanded,False,True,843
"(((8, 6), (8, 9), (8, 14), (14, 8)), (7, 1))","(((8, 5), (8, 9), (8, 14), (14, 8)), (7, 1))",11,11.0,22.0,11,1,0,expanded,False,True,844
"(((8, 2), (8, 9), (8, 14), (10, 8)), (11, 8))","(((8, 2), (8, 9), (8, 14), (11, 8)), (12, 8))",11,11.0,22.0,11,1,0,expanded,False,True,845
"(((8, 2), (8, 7), (8, 14), (10, 8)), (11, 8))","(((8, 2), (8, 7), (8, 14), (11, 8)), (12, 8))",11,11.0,22.0,11,1,0,expanded,False,True,846
"(((8, 2), (8, 7), (8, 10), (14, 8)), (7, 13))","(((8, 2), (8, 7), (8, 11), (14, 8)), (7, 13))",11,11.0,22.0,11,1,0,expanded,False,True,847
"(((8, 7), (8, 8), (8, 14), (14, 8)), (7, 1))","(((8, 6), (8, 8), (8, 14), (14, 8)), (7, 1))",11,11.0,22.0,11,0,0,expanded,False,True,848
"(((8, 2), (8, 8), (8, 9), (14, 8)), (7, 13))","(((8, 2), (8, 8), (8, 10), (14, 8)), (7, 13))",11,11.0,22.0,11,0,0,expanded,False,True,849
"(((6, 8), (8, 7), (8, 14), (14, 8)), (7, 1))","(((6, 8), (8, 6), (8, 14), (14, 8)), (7, 1))",11,11.0,22.0,11,1,0,expanded,False,True,850
"(((6, 8), (8, 2), (8, 9), (14, 8)), (7, 13))","(((6, 8), (8, 2), (8, 10), (14, 8)), (7, 13))",11,11.0,22.0,11,1,0,expanded,False,True,851
"(((7, 9), (8, 7), (8, 14), (14, 8)), (7, 1))","(((7, 9), (8, 6), (8, 14), (14, 8)), (7, 1))",11,11.0,22.0,11,1,0,expanded,False,True,852
"(((7, 9), (8, 2), (8, 9), (14, 8)), (7, 13))","(((7, 9), (8, 2), (8, 10), (14, 8)), (7, 13))",11,11.0,22.0,11,1,0,expanded,False,True,853
"(((7, 7), (8, 7), (8, 14), (14, 8)), (7, 1))","(((7, 7), (8, 6), (8, 14), (14, 8)), (7, 1))",11,11.0,22.0,11,1,0,expanded,False,True,854
"(((7, 7), (8, 2), (8, 9), (14, 8)), (7, 13))","(((7, 7), (8, 2), (8, 10), (14, 8)), (7, 13))",11,11.0,22.0,11,1,0,expanded,False,True,855
"(((1, 8), (8, 9), (8, 14), (9, 8)), (1, 7))","(((2, 8), (8, 9), (8, 14), (9, 8)), (1, 7))",13,11,24.0,13,,,pruned,,,856
"(((2, 9), (8, 9), (8, 14), (9, 8)), (1, 7))","(((2, 8), (8, 9), (8, 14), (9, 8)), (1, 7))",13,11,24.0,13,,,pruned,,,857
"(((2, 7), (8, 9), (8, 14), (9, 8)), (1, 7))","(((2, 8), (8, 9), (8, 14), (9, 8)), (1, 7))",13,11,24.0,13,,,pruned,,,858
"(((2, 8), (8, 9), (8, 14), (9, 8)), (1, 7))","(((2, 8), (8, 8), (8, 14), (9, 8)), (1, 7))",12,10.0,22.0,12,11,3,expanded,False,True,859
"(((2, 8), (8, 7), (9, 8), (9, 14)), (1, 7))","(((2, 8), (8, 7), (8, 14), (9, 8)), (1, 7))",13,11,24.0,13,,,pruned,,,860
"(((2, 8), (7, 14), (8, 7), (9, 8)), (1, 7))","(((2, 8), (8, 7), (8, 14), (9, 8)), (1, 7))",13,11,24.0,13,,,pruned,,,861
"(((2, 8), (8, 7), (8, 15), (9, 8)), (1, 7))","(((2, 8), (8, 7), (8, 14), (9, 8)), (1, 7))",13,11,24.0,13,,,pruned,,,862
"(((1, 8), (8, 7), (8, 14), (9, 8)), (1, 7))","(((2, 8), (8, 7), (8, 14), (9, 8)), (1, 7))",13,11,24.0,13,,,pruned,,,863
"(((2, 9), (8, 7), (8, 14), (9, 8)), (1, 7))","(((2, 8), (8, 7), (8, 14), (9, 8)), (1, 7))",13,11,24.0,13,,,pruned,,,864
"(((2, 7), (8, 7), (8, 14), (9, 8)), (1, 7))","(((2, 8), (8, 7), (8, 14), (9, 8)), (1, 7))",13,11,24.0,13,,,pruned,,,865
"(((2, 8), (8, 7), (8, 14), (9, 8)), (1, 7))","(((2, 8), (8, 8), (8, 14), (9, 8)), (1, 7))",12,10.0,22.0,12,15,6,expanded,False,True,866
"(((2, 8), (8, 8), (9, 8), (9, 13)), (1, 7))","(((2, 8), (8, 8), (8, 13), (9, 8)), (7, 13))",13,11,24.0,13,,,pruned,,,867
"(((2, 8), (7, 13), (8, 8), (9, 8)), (1, 7))","(((2, 8), (8, 8), (8, 13), (9, 8)), (7, 13))",13,11,24.0,13,,,pruned,,,868
"(((2, 8), (8, 8), (8, 13), (9, 8)), (7, 13))","(((2, 8), (8, 8), (8, 14), (9, 8)), (1, 7))",12,10.0,22.0,12,3,2,expanded,False,True,869
"(((3, 9), (8, 8), (8, 14), (9, 8)), (1, 7))","(((3, 8), (8, 8), (8, 14), (9, 8)), (1, 7))",13,11,24.0,13,,,pruned,,,870
"(((3, 7), (8, 8), (8, 14), (9, 8)), (1, 7))","(((3, 8), (8, 8), (8, 14), (9, 8)), (1, 7))",13,11,24.0,13,,,pruned,,,871
"(((3, 8), (8, 8), (8, 14), (9, 8)), (1, 7))","(((2, 8), (8, 8), (8, 14), (9, 8)), (1, 7))",12,10.0,22.0,12,3,2,expanded,False,True,872
"(((2, 8), (8, 9), (9, 2), (9, 8)), (1, 7))","(((2, 8), (8, 2), (8, 9), (9, 8)), (1, 7))",13,11,24.0,13,,,pruned,,,873
"(((2, 8), (7, 2), (8, 9), (9, 8)), (1, 7))","(((2, 8), (8, 2), (8, 9), (9, 8)), (1, 7))",13,11,24.0,13,,,pruned,,,874
"(((2, 8), (8, 1), (8, 9), (9, 8)), (1, 7))","(((2, 8), (8, 2), (8, 9), (9, 8)), (1, 7))",13,11,24.0,13,,,pruned,,,875
"(((1, 8), (8, 2), (8, 9), (9, 8)), (1, 7))","(((2, 8), (8, 2), (8, 9), (9, 8)), (1, 7))",13,11,24.0,13,,,pruned,,,876
"(((2, 9), (8, 2), (8, 9), (9, 8)), (1, 7))","(((2, 8), (8, 2), (8, 9), (9, 8)), (1, 7))",13,11,24.0,13,,,pruned,,,877
"(((2, 7), (8, 2), (8, 9), (9, 8)), (1, 7))","(((2, 8), (8, 2), (8, 9), (9, 8)), (1, 7))",13,11,24.0,13,,,pruned,,,878
"(((2, 8), (8, 2), (8, 9), (9, 8)), (1, 7))","(((2, 8), (8, 2), (8, 8), (9, 8)), (1, 7))",12,10.0,22.0,12,15,6,expanded,False,True,879
"(((1, 8), (8, 2), (8, 7), (9, 8)), (1, 7))","(((2, 8), (8, 2), (8, 7), (9, 8)), (1, 7))",13,11,24.0,13,,,pruned,,,880
"(((2, 9), (8, 2), (8, 7), (9, 8)), (1, 7))","(((2, 8), (8, 2), (8, 7), (9, 8)), (1, 7))",13,11,24.0,13,,,pruned,,,881
"(((2, 7), (8, 2), (8, 7), (9, 8)), (1, 7))","(((2, 8), (8, 2), (8, 7), (9, 8)), (1, 7))",13,11,24.0,13,,,pruned,,,882
"(((2, 8), (8, 2), (8, 7), (9, 8)), (1, 7))","(((2, 8), (8, 2), (8, 8), (9, 8)), (1, 7))",12,10.0,22.0,12,11,3,expanded,False,True,883
"(((2, 8), (8, 8), (9, 3), (9, 8)), (1, 7))","(((2, 8), (8, 3), (8, 8), (9, 8)), (7, 1))",13,11,24.0,13,,,pruned,,,884
"(((2, 8), (7, 3), (8, 8), (9, 8)), (1, 7))","(((2, 8), (8, 3), (8, 8), (9, 8)), (7, 1))",13,11,24.0,13,,,pruned,,,885
"(((2, 8), (8, 3), (8, 8), (9, 8)), (7, 1))","(((2, 8), (8, 2), (8, 8), (9, 8)), (1, 7))",12,10.0,22.0,12,3,2,expanded,False,True,886
"(((3, 9), (8, 2), (8, 8), (9, 8)), (1, 7))","(((3, 8), (8, 2), (8, 8), (9, 8)), (1, 7))",13,11,24.0,13,,,pruned,,,887
"(((3, 7), (8, 2), (8, 8), (9, 8)), (1, 7))","(((3, 8), (8, 2), (8, 8), (9, 8)), (1, 7))",13,11,24.0,13,,,pruned,,,888
"(((3, 8), (8, 2), (8, 8), (9, 8)), (1, 7))","(((2, 8), (8, 2), (8, 8), (9, 8)), (1, 7))",12,10.0,22.0,12,3,2,expanded,False,True,889
"(((7, 8), (8, 14), (9, 3), (10, 8)), (1, 7))","(((7, 8), (8, 3), (8, 14), (10, 8)), (7, 1))",13,11,24.0,13,,,pruned,,,890
"(((7, 3), (7, 8), (8, 14), (10, 8)), (1, 7))","(((7, 8), (8, 3), (8, 14), (10, 8)), (7, 1))",13,11,24.0,13,,,pruned,,,891
"(((7, 8), (8, 3), (8, 14), (10, 8)), (7, 1))","(((7, 8), (8, 2), (8, 14), (10, 8)), (1, 7))",12,10.0,22.0,12,3,2,expanded,False,True,892
"(((7, 8), (8, 2), (9, 13), (10, 8)), (1, 7))","(((7, 8), (8, 2), (8, 13), (10, 8)), (7, 13))",13,11,24.0,13,,,pruned,,,893
"(((7, 8), (7, 13), (8, 2), (10, 8)), (1, 7))","(((7, 8), (8, 2), (8, 13), (10, 8)), (7, 13))",13,11,24.0,13,,,pruned,,,894
"(((7, 8), (8, 2), (8, 13), (10, 8)), (7, 13))","(((7, 8), (8, 2), (8, 14), (10, 8)), (1, 7))",12,10.0,22.0,12,3,2,expanded,False,True,895
"(((7, 8), (8, 9), (8, 14), (9, 2)), (1, 7))","(((7, 8), (8, 2), (8, 9), (8, 14)), (1, 7))",13,11,24.0,13,,,pruned,,,896
"(((7, 2), (7, 8), (8, 9), (8, 14)), (1, 7))","(((7, 8), (8, 2), (8, 9), (8, 14)), (1, 7))",13,11,24.0,13,,,pruned,,,897
"(((7, 8), (8, 1), (8, 9), (8, 14)), (1, 7))","(((7, 8), (8, 2), (8, 9), (8, 14)), (1, 7))",13,11,24.0,13,,,pruned,,,898
"(((7, 8), (8, 2), (8, 9), (8, 14)), (1, 7))","(((7, 8), (8, 2), (8, 8), (8, 14)), (1, 7))",12,10.0,22.0,12,11,3,expanded,False,True,899
"(((7, 8), (8, 2), (8, 7), (9, 14)), (1, 7))","(((7, 8), (8, 2), (8, 7), (8, 14)), (1, 7))",13,11,24.0,13,,,pruned,,,900
"(((7, 8), (7, 14), (8, 2), (8, 7)), (1, 7))","(((7, 8), (8, 2), (8, 7), (8, 14)), (1, 7))",13,11,24.0,13,,,pruned,,,901
"(((7, 8), (8, 2), (8, 7), (8, 15)), (1, 7))","(((7, 8), (8, 2), (8, 7), (8, 14)), (1, 7))",13,11,24.0,13,,,pruned,,,902
"(((7, 8), (8, 2), (8, 7), (8, 14)), (1, 7))","(((7, 8), (8, 2), (8, 8), (8, 14)), (1, 7))",12,10.0,22.0,12,11,3,expanded,False,True,903
"(((7, 8), (8, 8), (8, 14), (9, 3)), (1, 7))","(((7, 8), (8, 3), (8, 8), (8, 14)), (7, 1))",13,11,24.0,13,,,pruned,,,904
"(((7, 3), (7, 8), (8, 8), (8, 14)), (1, 7))","(((7, 8), (8, 3), (8, 8), (8, 14)), (7, 1))",13,11,24.0,13,,,pruned,,,905
"(((7, 8), (8, 3), (8, 8), (8, 14)), (7, 1))","(((7, 8), (8, 2), (8, 8), (8, 14)), (1, 7))",12,10.0,22.0,12,3,2,expanded,False,True,906
"(((7, 8), (8, 2), (8, 8), (9, 13)), (1, 7))","(((7, 8), (8, 2), (8, 8), (8, 13)), (7, 13))",13,11,24.0,13,,,pruned,,,907
"(((7, 8), (7, 13), (8, 2), (8, 8)), (1, 7))","(((7, 8), (8, 2), (8, 8), (8, 13)), (7, 13))",13,11,24.0,13,,,pruned,,,908
"(((7, 8), (8, 2), (8, 8), (8, 13)), (7, 13))","(((7, 8), (8, 2), (8, 8), (8, 14)), (1, 7))",12,10.0,22.0,12,3,2,expanded,False,True,909
"(((7, 8), (8, 14), (9, 3), (9, 9)), (1, 7))","(((7, 8), (8, 3), (8, 14), (9, 9)), (7, 1))",13,11,24.0,13,,,pruned,,,910
"(((7, 3), (7, 8), (8, 14), (9, 9)), (1, 7))","(((7, 8), (8, 3), (8, 14), (9, 9)), (7, 1))",13,11,24.0,13,,,pruned,,,911
"(((7, 8), (8, 3), (8, 14), (9, 9)), (7, 1))","(((7, 8), (8, 2), (8, 14), (9, 9)), (1, 7))",12,10.0,22.0,12,3,2,expanded,False,True,912
"(((7, 8), (8, 2), (9, 9), (9, 13)), (1, 7))","(((7, 8), (8, 2), (8, 13), (9, 9)), (7, 13))",13,11,24.0,13,,,pruned,,,913
"(((7, 8), (7, 13), (8, 2), (9, 9)), (1, 7))","(((7, 8), (8, 2), (8, 13), (9, 9)), (7, 13))",13,11,24.0,13,,,pruned,,,914
"(((7, 8), (8, 2), (8, 13), (9, 9)), (7, 13))","(((7, 8), (8, 2), (8, 14), (9, 9)), (1, 7))",12,10.0,22.0,12,3,2,expanded,False,True,915
"(((7, 8), (8, 14), (9, 3), (9, 7)), (1, 7))","(((7, 8), (8, 3), (8, 14), (9, 7)), (7, 1))",13,11,24.0,13,,,pruned,,,916
"(((7, 3), (7, 8), (8, 14), (9, 7)), (1, 7))","(((7, 8), (8, 3), (8, 14), (9, 7)), (7, 1))",13,11,24.0,13,,,pruned,,,917
"(((7, 8), (8, 3), (8, 14), (9, 7)), (7, 1))","(((7, 8), (8, 2), (8, 14), (9, 7)), (1, 7))",12,10.0,22.0,12,3,2,expanded,False,True,918
"(((7, 8), (8, 2), (9, 7), (9, 13)), (1, 7))","(((7, 8), (8, 2), (8, 13), (9, 7)), (7, 13))",13,11,24.0,13,,,pruned,,,919
"(((7, 8), (7, 13), (8, 2), (9, 7)), (1, 7))","(((7, 8), (8, 2), (8, 13), (9, 7)), (7, 13))",13,11,24.0,13,,,pruned,,,920
"(((7, 8), (8, 2), (8, 13), (9, 7)), (7, 13))","(((7, 8), (8, 2), (8, 14), (9, 7)), (1, 7))",12,10.0,22.0,12,3,2,expanded,False,True,921
"(((8, 9), (8, 14), (9, 2), (9, 8)), (1, 7))","(((8, 2), (8, 9), (8, 14), (9, 8)), (1, 7))",13,11,24.0,13,,,pruned,,,922
"(((7, 2), (8, 9), (8, 14), (9, 8)), (1, 7))","(((8, 2), (8, 9), (8, 14), (9, 8)), (1, 7))",13,11,24.0,13,,,pruned,,,923
"(((8, 1), (8, 9), (8, 14), (9, 8)), (1, 7))","(((8, 2), (8, 9), (8, 14), (9, 8)), (1, 7))",13,11,24.0,13,,,pruned,,,924
"(((8, 2), (8, 9), (8, 14), (9, 8)), (1, 7))","(((8, 2), (8, 8), (8, 14), (9, 8)), (1, 7))",12,10.0,22.0,12,11,3,expanded,False,True,925
"(((8, 2), (8, 7), (9, 8), (9, 14)), (1, 7))","(((8, 2), (8, 7), (8, 14), (9, 8)), (1, 7))",13,11,24.0,13,,,pruned,,,926
"(((7, 14), (8, 2), (8, 7), (9, 8)), (1, 7))","(((8, 2), (8, 7), (8, 14), (9, 8)), (1, 7))",13,11,24.0,13,,,pruned,,,927
"(((8, 2), (8, 7), (8, 15), (9, 8)), (1, 7))","(((8, 2), (8, 7), (8, 14), (9, 8)), (1, 7))",13,11,24.0,13,,,pruned,,,928
"(((8, 2), (8, 7), (8, 14), (9, 8)), (1, 7))","(((8, 2), (8, 8), (8, 14), (9, 8)), (1, 7))",12,10.0,22.0,12,11,3,expanded,False,True,929
"(((8, 8), (8, 14), (9, 3), (9, 8)), (1, 7))","(((8, 3), (8, 8), (8, 14), (9, 8)), (7, 1))",13,11,24.0,13,,,pruned,,,930
"(((7, 3), (8, 8), (8, 14), (9, 8)), (1, 7))","(((8, 3), (8, 8), (8, 14), (9, 8)), (7, 1))",13,11,24.0,13,,,pruned,,,931
"(((8, 3), (8, 8), (8, 14), (9, 8)), (7, 1))","(((8, 2), (8, 8), (8, 14), (9, 8)), (1, 7))",12,10.0,22.0,12,3,2,expanded,False,True,932
"(((8, 2), (8, 8), (9, 8), (9, 13)), (1, 7))","(((8, 2), (8, 8), (8, 13), (9, 8)), (7, 13))",13,11,24.0,13,,,pruned,,,933
"(((7, 13), (8, 2), (8, 8), (9, 8)), (1, 7))","(((8, 2), (8, 8), (8, 13), (9, 8)), (7, 13))",13,11,24.0,13,,,pruned,,,934
"(((8, 2), (8, 8), (8, 13), (9, 8)), (7, 13))","(((8, 2), (8, 8), (8, 14), (9, 8)), (1, 7))",12,10.0,22.0,12,3,2,expanded,False,True,935
"(((6, 8), (8, 14), (9, 3), (9, 8)), (6, 7))","(((6, 8), (8, 3), (8, 14), (9, 8)), (7, 1))",13,11,24.0,13,,,pruned,,,936
"(((6, 8), (7, 3), (8, 14), (9, 8)), (6, 7))","(((6, 8), (8, 3), (8, 14), (9, 8)), (7, 1))",13,11,24.0,13,,,pruned,,,937
"(((6, 8), (8, 3), (8, 14), (9, 8)), (7, 1))","(((6, 8), (8, 2), (8, 14), (9, 8)), (6, 7))",12,10.0,22.0,12,3,2,expanded,False,True,938
"(((6, 8), (8, 2), (9, 8), (9, 13)), (6, 7))","(((6, 8), (8, 2), (8, 13), (9, 8)), (7, 13))",13,11,24.0,13,,,pruned,,,939
"(((6, 8), (7, 13), (8, 2), (9, 8)), (6, 7))","(((6, 8), (8, 2), (8, 13), (9, 8)), (7, 13))",13,11,24.0,13,,,pruned,,,940
"(((6, 8), (8, 2), (8, 13), (9, 8)), (7, 13))","(((6, 8), (8, 2), (8, 14), (9, 8)), (6, 7))",12,10.0,22.0,12,3,2,expanded,False,True,941
"(((7, 9), (8, 14), (9, 3), (9, 8)), (1, 7))","(((7, 9), (8, 3), (8, 14), (9, 8)), (7, 1))",13,11,24.0,13,,,pruned,,,942
"(((7, 3), (7, 9), (8, 14), (9, 8)), (1, 7))","(((7, 9), (8, 3), (8, 14), (9, 8)), (7, 1))",13,11,24.0,13,,,pruned,,,943
"(((7, 9), (8, 3), (8, 14), (9, 8)), (7, 1))","(((7, 9), (8, 2), (8, 14), (9, 8)), (1, 7))",12,10.0,22.0,12,3,2,expanded,False,True,944
"(((7, 9), (8, 2), (9, 8), (9, 13)), (1, 7))","(((7, 9), (8, 2), (8, 13), (9, 8)), (7, 13))",13,11,24.0,13,,,pruned,,,945
"(((7, 9), (7, 13), (8, 2), (9, 8)), (1, 7))","(((7, 9), (8, 2), (8, 13), (9, 8)), (7, 13))",13,11,24.0,13,,,pruned,,,946
"(((7, 9), (8, 2), (8, 13), (9, 8)), (7, 13))","(((7, 9), (8, 2), (8, 14), (9, 8)), (1, 7))",12,10.0,22.0,12,3,2,expanded,False,True,947
"(((7, 7), (8, 14), (9, 3), (9, 8)), (1, 7))","(((7, 7), (8, 3), (8, 14), (9, 8)), (7, 1))",13,11,24.0,13,,,pruned,,,948
"(((7, 3), (7, 7), (8, 14), (9, 8)), (1, 7))","(((7, 7), (8, 3), (8, 14), (9, 8)), (7, 1))",13,11,24.0,13,,,pruned,,,949
"(((7, 7), (8, 3), (8, 14), (9, 8)), (7, 1))","(((7, 7), (8, 2), (8, 14), (9, 8)), (1, 7))",12,10.0,22.0,12,3,2,expanded,False,True,950
"(((7, 7), (8, 2), (9, 8), (9, 13)), (1, 7))","(((7, 7), (8, 2), (8, 13), (9, 8)), (7, 13))",13,11,24.0,13,,,pruned,,,951
"(((7, 7), (7, 13), (8, 2), (9, 8)), (1, 7))","(((7, 7), (8, 2), (8, 13), (9, 8)), (7, 13))",13,11,24.0,13,,,pruned,,,952
"(((7, 7), (8, 2), (8, 13), (9, 8)), (7, 13))","(((7, 7), (8, 2), (8, 14), (9, 8)), (1, 7))",12,10.0,22.0,12,3,2,expanded,False,True,953
"(((7, 8), (8, 9), (8, 14), (15, 8)), (1, 7))","(((7, 8), (8, 9), (8, 14), (14, 8)), (1, 7))",13,11,24.0,13,,,pruned,,,954
"(((7, 8), (8, 9), (8, 14), (14, 9)), (1, 7))","(((7, 8), (8, 9), (8, 14), (14, 8)), (1, 7))",13,11,24.0,13,,,pruned,,,955
"(((7, 8), (8, 9), (8, 14), (14, 7)), (1, 7))","(((7, 8), (8, 9), (8, 14), (14, 8)), (1, 7))",13,11,24.0,13,,,pruned,,,956
"(((7, 8), (8, 9), (8, 14), (14, 8)), (1, 7))","(((7, 8), (8, 8), (8, 14), (14, 8)), (1, 7))",12,10.0,22.0,12,11,3,expanded,False,True,957
"(((7, 8), (8, 7), (9, 14), (14, 8)), (1, 7))","(((7, 8), (8, 7), (8, 14), (14, 8)), (1, 7))",13,11,24.0,13,,,pruned,,,958
"(((7, 8), (7, 14), (8, 7), (14, 8)), (1, 7))","(((7, 8), (8, 7), (8, 14), (14, 8)), (1, 7))",13,11,24.0,13,,,pruned,,,959
"(((7, 8), (8, 7), (8, 15), (14, 8)), (1, 7))","(((7, 8), (8, 7), (8, 14), (14, 8)), (1, 7))",13,11,24.0,13,,,pruned,,,960
"(((7, 8), (8, 7), (8, 14), (15, 8)), (1, 7))","(((7, 8), (8, 7), (8, 14), (14, 8)), (1, 7))",13,11,24.0,13,,,pruned,,,961
"(((7, 8), (8, 7), (8, 14), (14, 9)), (1, 7))","(((7, 8), (8, 7), (8, 14), (14, 8)), (1, 7))",13,11,24.0,13,,,pruned,,,962
"(((7, 8), (8, 7), (8, 14), (14, 7)), (1, 7))","(((7, 8), (8, 7), (8, 14), (14, 8)), (1, 7))",13,11,24.0,13,,,pruned,,,963
"(((7, 8), (8, 7), (8, 14), (14, 8)), (1, 7))","(((7, 8), (8, 8), (8, 14), (14, 8)), (1, 7))",12,10.0,22.0,12,15,6,expanded,False,True,964
"(((7, 8), (8, 8), (9, 13), (14, 8)), (1, 7))","(((7, 8), (8, 8), (8, 13), (14, 8)), (7, 13))",13,11,24.0,13,,,pruned,,,965
"(((7, 8), (7, 13), (8, 8), (14, 8)), (1, 7))","(((7, 8), (8, 8), (8, 13), (14, 8)), (7, 13))",13,11,24.0,13,,,pruned,,,966
"(((7, 8), (8, 8), (8, 13), (14, 8)), (7, 13))","(((7, 8), (8, 8), (8, 14), (14, 8)), (1, 7))",12,10.0,22.0,12,3,2,expanded,False,True,967
"(((7, 8), (8, 8), (8, 14), (13, 9)), (1, 7))","(((7, 8), (8, 8), (8, 14), (13, 8)), (13, 7))",13,11,24.0,13,,,pruned,,,968
"(((7, 8), (8, 8), (8, 14), (13, 7)), (1, 7))","(((7, 8), (8, 8), (8, 14), (13, 8)), (13, 7))",13,11,24.0,13,,,pruned,,,969
"(((7, 8), (8, 8), (8, 14), (13, 8)), (13, 7))","(((7, 8), (8, 8), (8, 14), (14, 8)), (1, 7))",12,10.0,22.0,12,3,2,expanded,False,True,970
"(((7, 8), (8, 9), (9, 2), (14, 8)), (1, 7))","(((7, 8), (8, 2), (8, 9), (14, 8)), (1, 7))",13,11,24.0,13,,,pruned,,,971
"(((7, 2), (7, 8), (8, 9), (14, 8)), (1, 7))","(((7, 8), (8, 2), (8, 9), (14, 8)), (1, 7))",13,11,24.0,13,,,pruned,,,972
"(((7, 8), (8, 1), (8, 9), (14, 8)), (1, 7))","(((7, 8), (8, 2), (8, 9), (14, 8)), (1, 7))",13,11,24.0,13,,,pruned,,,973
"(((7, 8), (8, 2), (8, 9), (15, 8)), (1, 7))","(((7, 8), (8, 2), (8, 9), (14, 8)), (1, 7))",13,11,24.0,13,,,pruned,,,974
"(((7, 8), (8, 2), (8, 9), (14, 9)), (1, 7))","(((7, 8), (8, 2), (8, 9), (14, 8)), (1, 7))",13,11,24.0,13,,,pruned,,,975
"(((7, 8), (8, 2), (8, 9), (14, 7)), (1, 7))","(((7, 8), (8, 2), (8, 9), (14, 8)), (1, 7))",13,11,24.0,13,,,pruned,,,976
"(((7, 8), (8, 2), (8, 9), (14, 8)), (1, 7))","(((7, 8), (8, 2), (8, 8), (14, 8)), (1, 7))",12,10.0,22.0,12,15,6,expanded,False,True,977
"(((7, 8), (8, 2), (8, 7), (15, 8)), (1, 7))","(((7, 8), (8, 2), (8, 7), (14, 8)), (1, 7))",13,11,24.0,13,,,pruned,,,978
"(((7, 8), (8, 2), (8, 7), (14, 9)), (1, 7))","(((7, 8), (8, 2), (8, 7), (14, 8)), (1, 7))",13,11,24.0,13,,,pruned,,,979
"(((7, 8), (8, 2), (8, 7), (14, 7)), (1, 7))","(((7, 8), (8, 2), (8, 7), (14, 8)), (1, 7))",13,11,24.0,13,,,pruned,,,980
"(((7, 8), (8, 2), (8, 7), (14, 8)), (1, 7))","(((7, 8), (8, 2), (8, 8), (14, 8)), (1, 7))",12,10.0,22.0,12,11,3,expanded,False,True,981
"(((7, 8), (8, 8), (9, 3), (14, 8)), (1, 7))","(((7, 8), (8, 3), (8, 8), (14, 8)), (7, 1))",13,11,24.0,13,,,pruned,,,982
"(((7, 3), (7, 8), (8, 8), (14, 8)), (1, 7))","(((7, 8), (8, 3), (8, 8), (14, 8)), (7, 1))",13,11,24.0,13,,,pruned,,,983
"(((7, 8), (8, 3), (8, 8), (14, 8)), (7, 1))","(((7, 8), (8, 2), (8, 8), (14, 8)), (1, 7))",12,10.0,22.0,12,3,2,expanded,False,True,984
"(((7, 8), (8, 2), (8, 8), (13, 9)), (1, 7))","(((7, 8), (8, 2), (8, 8), (13, 8)), (13, 7))",13,11,24.0,13,,,pruned,,,985
"(((7, 8), (8, 2), (8, 8), (13, 7)), (1, 7))","(((7, 8), (8, 2), (8, 8), (13, 8)), (13, 7))",13,11,24.0,13,,,pruned,,,986
"(((7, 8), (8, 2), (8, 8), (13, 8)), (13, 7))","(((7, 8), (8, 2), (8, 8), (14, 8)), (1, 7))",12,10.0,22.0,12,3,2,expanded,False,True,987
"(((2, 8), (8, 9), (9, 8), (14, 8)), (7, 13))","(((2, 8), (8, 10), (9, 8), (14, 8)), (7, 13))",12,10.0,22.0,12,1,0,expanded,False,True,988
"(((7, 8), (9, 8), (9, 14), (14, 8)), (1, 7))","(((7, 8), (8, 14), (9, 8), (14, 8)), (1, 7))",13,11,24.0,13,,,pruned,,,989
"(((7, 8), (7, 14), (9, 8), (14, 8)), (1, 7))","(((7, 8), (8, 14), (9, 8), (14, 8)), (1, 7))",13,11,24.0,13,,,pruned,,,990
"(((7, 8), (8, 15), (9, 8), (14, 8)), (1, 7))","(((7, 8), (8, 14), (9, 8), (14, 8)), (1, 7))",13,11,24.0,13,,,pruned,,,991
"(((7, 8), (8, 14), (9, 8), (15, 8)), (1, 7))","(((7, 8), (8, 14), (9, 8), (14, 8)), (1, 7))",13,11,24.0,13,,,pruned,,,992
"(((7, 8), (8, 14), (9, 8), (14, 9)), (1, 7))","(((7, 8), (8, 14), (9, 8), (14, 8)), (1, 7))",13,11,24.0,13,,,pruned,,,993
"(((7, 8), (8, 14), (9, 8), (14, 7)), (1, 7))","(((7, 8), (8, 14), (9, 8), (14, 8)), (1, 7))",13,11,24.0,13,,,pruned,,,994
"(((7, 8), (8, 14), (9, 8), (14, 8)), (1, 7))","(((6, 8), (8, 14), (9, 8), (14, 8)), (1, 7))",12,10.0,22.0,12,16,6,expanded,False,True,995
"(((2, 8), (7, 8), (8, 9), (14, 8)), (7, 13))","(((2, 8), (7, 8), (8, 10), (14, 8)), (7, 13))",12,10.0,22.0,12,1,0,expanded,False,True,996
"(((2, 8), (7, 8), (9, 8), (9, 14)), (1, 7))","(((2, 8), (7, 8), (8, 14), (9, 8)), (1, 7))",13,11,24.0,13,,,pruned,,,997
"(((2, 8), (7, 8), (7, 14), (9, 8)), (1, 7))","(((2, 8), (7, 8), (8, 14), (9, 8)), (1, 7))",13,11,24.0,13,,,pruned,,,998
"(((2, 8), (7, 8), (8, 15), (9, 8)), (1, 7))","(((2, 8), (7, 8), (8, 14), (9, 8)), (1, 7))",13,11,24.0,13,,,pruned,,,999
"(((1, 8), (7, 8), (8, 14), (9, 8)), (1, 7))","(((2, 8), (7, 8), (8, 14), (9, 8)), (1, 7))",13,11,24.0,13,,,pruned,,,1000
"(((2, 9), (7, 8), (8, 14), (9, 8)), (1, 7))","(((2, 8), (7, 8), (8, 14), (9, 8)), (1, 7))",13,11,24.0,13,,,pruned,,,1001
"(((2, 7), (7, 8), (8, 14), (9, 8)), (1, 7))","(((2, 8), (7, 8), (8, 14), (9, 8)), (1, 7))",13,11,24.0,13,,,pruned,,,1002
"(((2, 8), (7, 8), (8, 14), (9, 8)), (1, 7))","(((2, 8), (7, 8), (8, 14), (10, 8)), (11, 8))",12,10.0,22.0,12,16,6,expanded,False,True,1003
"(((2, 8), (8, 7), (8, 9), (14, 8)), (7, 13))","(((2, 8), (8, 7), (8, 10), (14, 8)), (7, 13))",12,10.0,22.0,12,1,0,expanded,False,True,1004
"(((2, 8), (7, 8), (8, 7), (8, 14)), (7, 1))","(((2, 8), (7, 8), (8, 6), (8, 14)), (7, 1))",12,10.0,22.0,12,1,0,expanded,False,True,1005
"(((2, 8), (7, 8), (8, 2), (8, 9)), (7, 13))","(((2, 8), (7, 8), (8, 2), (8, 10)), (7, 13))",12,10.0,22.0,12,1,0,expanded,False,True,1006
"(((2, 8), (8, 7), (8, 9), (8, 14)), (7, 1))","(((2, 8), (8, 6), (8, 9), (8, 14)), (7, 1))",12,10.0,22.0,12,1,0,expanded,False,True,1007
"(((2, 8), (8, 2), (8, 7), (8, 9)), (7, 13))","(((2, 8), (8, 2), (8, 7), (8, 10)), (7, 13))",12,10.0,22.0,12,1,0,expanded,False,True,1008
"(((2, 8), (8, 7), (9, 8), (14, 8)), (7, 1))","(((2, 8), (8, 6), (9, 8), (14, 8)), (7, 1))",12,10.0,22.0,12,1,0,expanded,False,True,1009
"(((7, 8), (9, 2), (9, 8), (14, 8)), (1, 7))","(((7, 8), (8, 2), (9, 8), (14, 8)), (1, 7))",13,11,24.0,13,,,pruned,,,1010
"(((7, 2), (7, 8), (9, 8), (14, 8)), (1, 7))","(((7, 8), (8, 2), (9, 8), (14, 8)), (1, 7))",13,11,24.0,13,,,pruned,,,1011
"(((7, 8), (8, 1), (9, 8), (14, 8)), (1, 7))","(((7, 8), (8, 2), (9, 8), (14, 8)), (1, 7))",13,11,24.0,13,,,pruned,,,1012
"(((7, 8), (8, 2), (9, 8), (15, 8)), (1, 7))","(((7, 8), (8, 2), (9, 8), (14, 8)), (1, 7))",13,11,24.0,13,,,pruned,,,1013
"(((7, 8), (8, 2), (9, 8), (14, 9)), (1, 7))","(((7, 8), (8, 2), (9, 8), (14, 8)), (1, 7))",13,11,24.0,13,,,pruned,,,1014
"(((7, 8), (8, 2), (9, 8), (14, 7)), (1, 7))","(((7, 8), (8, 2), (9, 8), (14, 8)), (1, 7))",13,11,24.0,13,,,pruned,,,1015
"(((7, 8), (8, 2), (9, 8), (14, 8)), (1, 7))","(((6, 8), (8, 2), (9, 8), (14, 8)), (1, 7))",12,10.0,22.0,12,16,6,expanded,False,True,1016
"(((2, 8), (7, 8), (8, 7), (14, 8)), (7, 1))","(((2, 8), (7, 8), (8, 6), (14, 8)), (7, 1))",12,10.0,22.0,12,1,0,expanded,False,True,1017
"(((2, 8), (7, 8), (9, 2), (9, 8)), (1, 7))","(((2, 8), (7, 8), (8, 2), (9, 8)), (1, 7))",13,11,24.0,13,,,pruned,,,1018
"(((2, 8), (7, 2), (7, 8), (9, 8)), (1, 7))","(((2, 8), (7, 8), (8, 2), (9, 8)), (1, 7))",13,11,24.0,13,,,pruned,,,1019
"(((2, 8), (7, 8), (8, 1), (9, 8)), (1, 7))","(((2, 8), (7, 8), (8, 2), (9, 8)), (1, 7))",13,11,24.0,13,,,pruned,,,1020
"(((1, 8), (7, 8), (8, 2), (9, 8)), (1, 7))","(((2, 8), (7, 8), (8, 2), (9, 8)), (1, 7))",13,11,24.0,13,,,pruned,,,1021
"(((2, 9), (7, 8), (8, 2), (9, 8)), (1, 7))","(((2, 8), (7, 8), (8, 2), (9, 8)), (1, 7))",13,11,24.0,13,,,pruned,,,1022
"(((2, 7), (7, 8), (8, 2), (9, 8)), (1, 7))","(((2, 8), (7, 8), (8, 2), (9, 8)), (1, 7))",13,11,24.0,13,,,pruned,,,1023
"(((2, 8), (7, 8), (8, 2), (9, 8)), (1, 7))","(((2, 8), (7, 8), (8, 2), (10, 8)), (11, 8))",12,10.0,22.0,12,16,6,expanded,False,True,1024
"(((2, 8), (8, 7), (8, 9), (14, 8)), (7, 1))","(((2, 8), (8, 6), (8, 9), (14, 8)), (7, 1))",12,10.0,22.0,12,1,0,expanded,False,True,1025
"(((8, 7), (8, 14), (9, 8), (14, 8)), (7, 1))","(((8, 6), (8, 14), (9, 8), (14, 8)), (7, 1))",12,10.0,22.0,12,1,0,expanded,False,True,1026
"(((8, 2), (8, 9), (9, 8), (14, 8)), (7, 13))","(((8, 2), (8, 10), (9, 8), (14, 8)), (7, 13))",12,10.0,22.0,12,1,0,expanded,False,True,1027
"(((8, 7), (8, 9), (8, 14), (14, 8)), (7, 1))","(((8, 6), (8, 9), (8, 14), (14, 8)), (7, 1))",12,10.0,22.0,12,1,0,expanded,False,True,1028
"(((8, 2), (8, 7), (8, 9), (14, 8)), (7, 13))","(((8, 2), (8, 7), (8, 10), (14, 8)), (7, 13))",12,10.0,22.0,12,1,0,expanded,False,True,1029
"(((3, 9), (8, 9), (8, 14), (9, 8)), (1, 7))","(((3, 8), (8, 9), (8, 14), (9, 8)), (1, 7))",14,10,24.0,14,,,pruned,,,1030
"(((3, 7), (8, 9), (8, 14), (9, 8)), (1, 7))","(((3, 8), (8, 9), (8, 14), (9, 8)), (1, 7))",14,10,24.0,14,,,pruned,,,1031
"(((3, 8), (8, 9), (8, 14), (9, 8)), (1, 7))","(((2, 8), (8, 9), (8, 14), (9, 8)), (1, 7))",13,9.0,22.0,13,3,2,expanded,False,True,1032
"(((2, 8), (8, 7), (9, 8), (9, 13)), (1, 7))","(((2, 8), (8, 7), (8, 13), (9, 8)), (7, 13))",14,10,24.0,14,,,pruned,,,1033
"(((2, 8), (7, 13), (8, 7), (9, 8)), (1, 7))","(((2, 8), (8, 7), (8, 13), (9, 8)), (7, 13))",14,10,24.0,14,,,pruned,,,1034
"(((2, 8), (8, 7), (8, 13), (9, 8)), (7, 13))","(((2, 8), (8, 7), (8, 14), (9, 8)), (1, 7))",13,9.0,22.0,13,3,2,expanded,False,True,1035
"(((3, 9), (8, 7), (8, 14), (9, 8)), (1, 7))","(((3, 8), (8, 7), (8, 14), (9, 8)), (1, 7))",14,10,24.0,14,,,pruned,,,1036
"(((3, 7), (8, 7), (8, 14), (9, 8)), (1, 7))","(((3, 8), (8, 7), (8, 14), (9, 8)), (1, 7))",14,10,24.0,14,,,pruned,,,1037
"(((3, 8), (8, 7), (8, 14), (9, 8)), (1, 7))","(((2, 8), (8, 7), (8, 14), (9, 8)), (1, 7))",13,9.0,22.0,13,3,2,expanded,False,True,1038
"(((2, 8), (8, 8), (8, 12), (9, 8)), (7, 13))","(((2, 8), (8, 8), (8, 13), (9, 8)), (7, 13))",13,9.0,22.0,13,1,0,expanded,False,True,1039
"(((4, 8), (8, 8), (8, 14), (9, 8)), (1, 7))","(((3, 8), (8, 8), (8, 14), (9, 8)), (1, 7))",13,9.0,22.0,13,1,0,expanded,False,True,1040
"(((2, 8), (8, 9), (9, 3), (9, 8)), (1, 7))","(((2, 8), (8, 3), (8, 9), (9, 8)), (7, 1))",14,10,24.0,14,,,pruned,,,1041
"(((2, 8), (7, 3), (8, 9), (9, 8)), (1, 7))","(((2, 8), (8, 3), (8, 9), (9, 8)), (7, 1))",14,10,24.0,14,,,pruned,,,1042
"(((2, 8), (8, 3), (8, 9), (9, 8)), (7, 1))","(((2, 8), (8, 2), (8, 9), (9, 8)), (1, 7))",13,9.0,22.0,13,3,2,expanded,False,True,1043
"(((3, 9), (8, 2), (8, 9), (9, 8)), (1, 7))","(((3, 8), (8, 2), (8, 9), (9, 8)), (1, 7))",14,10,24.0,14,,,pruned,,,1044
"(((3, 7), (8, 2), (8, 9), (9, 8)), (1, 7))","(((3, 8), (8, 2), (8, 9), (9, 8)), (1, 7))",14,10,24.0,14,,,pruned,,,1045
"(((3, 8), (8, 2), (8, 9), (9, 8)), (1, 7))","(((2, 8), (8, 2), (8, 9), (9, 8)), (1, 7))",13,9.0,22.0,13,3,2,expanded,False,True,1046
"(((3, 9), (8, 2), (8, 7), (9, 8)), (1, 7))","(((3, 8), (8, 2), (8, 7), (9, 8)), (1, 7))",14,10,24.0,14,,,pruned,,,1047
"(((3, 7), (8, 2), (8, 7), (9, 8)), (1, 7))","(((3, 8), (8, 2), (8, 7), (9, 8)), (1, 7))",14,10,24.0,14,,,pruned,,,1048
"(((3, 8), (8, 2), (8, 7), (9, 8)), (1, 7))","(((2, 8), (8, 2), (8, 7), (9, 8)), (1, 7))",13,9.0,22.0,13,3,2,expanded,False,True,1049
"(((2, 8), (8, 4), (8, 8), (9, 8)), (7, 1))","(((2, 8), (8, 3), (8, 8), (9, 8)), (7, 1))",13,9.0,22.0,13,1,0,expanded,False,True,1050
"(((4, 8), (8, 2), (8, 8), (9, 8)), (1, 7))","(((3, 8), (8, 2), (8, 8), (9, 8)), (1, 7))",13,9.0,22.0,13,1,0,expanded,False,True,1051
"(((7, 8), (8, 4), (8, 14), (10, 8)), (7, 1))","(((7, 8), (8, 3), (8, 14), (10, 8)), (7, 1))",13,9.0,22.0,13,1,0,expanded,False,True,1052
"(((7, 8), (8, 2), (8, 12), (10, 8)), (7, 13))","(((7, 8), (8, 2), (8, 13), (10, 8)), (7, 13))",13,9.0,22.0,13,1,0,expanded,False,True,1053
"(((7, 8), (8, 9), (8, 14), (9, 3)), (1, 7))","(((7, 8), (8, 3), (8, 9), (8, 14)), (7, 1))",14,10,24.0,14,,,pruned,,,1054
"(((7, 3), (7, 8), (8, 9), (8, 14)), (1, 7))","(((7, 8), (8, 3), (8, 9), (8, 14)), (7, 1))",14,10,24.0,14,,,pruned,,,1055
"(((7, 8), (8, 3), (8, 9), (8, 14)), (7, 1))","(((7, 8), (8, 2), (8, 9), (8, 14)), (1, 7))",13,9.0,22.0,13,3,2,expanded,False,True,1056
"(((7, 8), (8, 2), (8, 7), (9, 13)), (1, 7))","(((7, 8), (8, 2), (8, 7), (8, 13)), (7, 13))",14,10,24.0,14,,,pruned,,,1057
"(((7, 8), (7, 13), (8, 2), (8, 7)), (1, 7))","(((7, 8), (8, 2), (8, 7), (8, 13)), (7, 13))",14,10,24.0,14,,,pruned,,,1058
"(((7, 8), (8, 2), (8, 7), (8, 13)), (7, 13))","(((7, 8), (8, 2), (8, 7), (8, 14)), (1, 7))",13,9.0,22.0,13,3,2,expanded,False,True,1059
"(((7, 8), (8, 4), (8, 8), (8, 14)), (7, 1))","(((7, 8), (8, 3), (8, 8), (8, 14)), (7, 1))",13,9.0,22.0,13,1,0,expanded,False,True,1060
"(((7, 8), (8, 2), (8, 8), (8, 12)), (7, 13))","(((7, 8), (8, 2), (8, 8), (8, 13)), (7, 13))",13,9.0,22.0,13,1,0,expanded,False,True,1061
"(((7, 8), (8, 4), (8, 14), (9, 9)), (7, 1))","(((7, 8), (8, 3), (8, 14), (9, 9)), (7, 1))",13,9.0,22.0,13,1,0,expanded,False,True,1062
"(((7, 8), (8, 2), (8, 12), (9, 9)), (7, 13))","(((7, 8), (8, 2), (8, 13), (9, 9)), (7, 13))",13,9.0,22.0,13,1,0,expanded,False,True,1063
"(((7, 8), (8, 4), (8, 14), (9, 7)), (7, 1))","(((7, 8), (8, 3), (8, 14), (9, 7)), (7, 1))",13,9.0,22.0,13,1,0,expanded,False,True,1064
"(((7, 8), (8, 2), (8, 12), (9, 7)), (7, 13))","(((7, 8), (8, 2), (8, 13), (9, 7)), (7, 13))",13,9.0,22.0,13,1,0,expanded,False,True,1065
"(((8, 9), (8, 14), (9, 3), (9, 8)), (1, 7))","(((8, 3), (8, 9), (8, 14), (9, 8)), (7, 1))",14,10,24.0,14,,,pruned,,,1066
"(((7, 3), (8, 9), (8, 14), (9, 8)), (1, 7))","(((8, 3), (8, 9), (8, 14), (9, 8)), (7, 1))",14,10,24.0,14,,,pruned,,,1067
"(((8, 3), (8, 9), (8, 14), (9, 8)), (7, 1))","(((8, 2), (8, 9), (8, 14), (9, 8)), (1, 7))",13,9.0,22.0,13,3,2,expanded,False,True,1068
"(((8, 2), (8, 7), (9, 8), (9, 13)), (1, 7))","(((8, 2), (8, 7), (8, 13), (9, 8)), (7, 13))",14,10,24.0,14,,,pruned,,,1069
"(((7, 13), (8, 2), (8, 7), (9, 8)), (1, 7))","(((8, 2), (8, 7), (8, 13), (9, 8)), (7, 13))",14,10,24.0,14,,,pruned,,,1070
"(((8, 2), (8, 7), (8, 13), (9, 8)), (7, 13))","(((8, 2), (8, 7), (8, 14), (9, 8)), (1, 7))",13,9.0,22.0,13,3,2,expanded,False,True,1071
"(((8, 4), (8, 8), (8, 14), (9, 8)), (7, 1))","(((8, 3), (8, 8), (8, 14), (9, 8)), (7, 1))",13,9.0,22.0,13,1,0,expanded,False,True,1072
"(((8, 2), (8, 8), (8, 12), (9, 8)), (7, 13))","(((8, 2), (8, 8), (8, 13), (9, 8)), (7, 13))",13,9.0,22.0,13,1,0,expanded,False,True,1073
"(((6, 8), (8, 4), (8, 14), (9, 8)), (7, 1))","(((6, 8), (8, 3), (8, 14), (9, 8)), (7, 1))",13,9.0,22.0,13,1,0,expanded,False,True,1074
"(((6, 8), (8, 2), (8, 12), (9, 8)), (7, 13))","(((6, 8), (8, 2), (8, 13), (9, 8)), (7, 13))",13,9.0,22.0,13,1,0,expanded,False,True,1075
"(((7, 9), (8, 4), (8, 14), (9, 8)), (7, 1))","(((7, 9), (8, 3), (8, 14), (9, 8)), (7, 1))",13,9.0,22.0,13,1,0,expanded,False,True,1076
"(((7, 9), (8, 2), (8, 12), (9, 8)), (7, 13))","(((7, 9), (8, 2), (8, 13), (9, 8)), (7, 13))",13,9.0,22.0,13,1,0,expanded,False,True,1077
"(((7, 7), (8, 4), (8, 14), (9, 8)), (7, 1))","(((7, 7), (8, 3), (8, 14), (9, 8)), (7, 1))",13,9.0,22.0,13,1,0,expanded,False,True,1078
"(((7, 7), (8, 2), (8, 12), (9, 8)), (7, 13))","(((7, 7), (8, 2), (8, 13), (9, 8)), (7, 13))",13,9.0,22.0,13,1,0,expanded,False,True,1079
"(((7, 8), (8, 9), (8, 14), (13, 9)), (1, 7))","(((7, 8), (8, 9), (8, 14), (13, 8)), (13, 7))",14,10,24.0,14,,,pruned,,,1080
"(((7, 8), (8, 9), (8, 14), (13, 7)), (1, 7))","(((7, 8), (8, 9), (8, 14), (13, 8)), (13, 7))",14,10,24.0,14,,,pruned,,,1081
"(((7, 8), (8, 9), (8, 14), (13, 8)), (13, 7))","(((7, 8), (8, 9), (8, 14), (14, 8)), (1, 7))",13,9.0,22.0,13,3,2,expanded,False,True,1082
"(((7, 8), (8, 7), (9, 13), (14, 8)), (1, 7))","(((7, 8), (8, 7), (8, 13), (14, 8)), (7, 13))",14,10,24.0,14,,,pruned,,,1083
"(((7, 8), (7, 13), (8, 7), (14, 8)), (1, 7))","(((7, 8), (8, 7), (8, 13), (14, 8)), (7, 13))",14,10,24.0,14,,,pruned,,,1084
"(((7, 8), (8, 7), (8, 13), (14, 8)), (7, 13))","(((7, 8), (8, 7), (8, 14), (14, 8)), (1, 7))",13,9.0,22.0,13,3,2,expanded,False,True,1085
"(((7, 8), (8, 7), (8, 14), (13, 9)), (1, 7))","(((7, 8), (8, 7), (8, 14), (13, 8)), (13, 7))",14,10,24.0,14,,,pruned,,,1086
"(((7, 8), (8, 7), (8, 14), (13, 7)), (1, 7))","(((7, 8), (8, 7), (8, 14), (13, 8)), (13, 7))",14,10,24.0,14,,,pruned,,,1087
"(((7, 8), (8, 7), (8, 14), (13, 8)), (13, 7))","(((7, 8), (8, 7), (8, 14), (14, 8)), (1, 7))",13,9.0,22.0,13,3,2,expanded,False,True,1088
"(((7, 8), (8, 8), (8, 12), (14, 8)), (7, 13))","(((7, 8), (8, 8), (8, 13), (14, 8)), (7, 13))",13,9.0,22.0,13,1,0,expanded,False,True,1089
"(((7, 8), (8, 8), (8, 14), (12, 8)), (13, 7))","(((7, 8), (8, 8), (8, 14), (13, 8)), (13, 7))",13,9.0,22.0,13,1,0,expanded,False,True,1090
"(((7, 8), (8, 9), (9, 3), (14, 8)), (1, 7))","(((7, 8), (8, 3), (8, 9), (14, 8)), (7, 1))",14,10,24.0,14,,,pruned,,,1091
"(((7, 3), (7, 8), (8, 9), (14, 8)), (1, 7))","(((7, 8), (8, 3), (8, 9), (14, 8)), (7, 1))",14,10,24.0,14,,,pruned,,,1092
"(((7, 8), (8, 3), (8, 9), (14, 8)), (7, 1))","(((7, 8), (8, 2), (8, 9), (14, 8)), (1, 7))",13,9.0,22.0,13,3,2,expanded,False,True,1093
"(((7, 8), (8, 2), (8, 9), (13, 9)), (1, 7))","(((7, 8), (8, 2), (8, 9), (13, 8)), (13, 7))",14,10,24.0,14,,,pruned,,,1094
"(((7, 8), (8, 2), (8, 9), (13, 7)), (1, 7))","(((7, 8), (8, 2), (8, 9), (13, 8)), (13, 7))",14,10,24.0,14,,,pruned,,,1095
"(((7, 8), (8, 2), (8, 9), (13, 8)), (13, 7))","(((7, 8), (8, 2), (8, 9), (14, 8)), (1, 7))",13,9.0,22.0,13,3,2,expanded,False,True,1096
"(((7, 8), (8, 2), (8, 7), (13, 9)), (1, 7))","(((7, 8), (8, 2), (8, 7), (13, 8)), (13, 7))",14,10,24.0,14,,,pruned,,,1097
"(((7, 8), (8, 2), (8, 7), (13, 7)), (1, 7))","(((7, 8), (8, 2), (8, 7), (13, 8)), (13, 7))",14,10,24.0,14,,,pruned,,,1098
"(((7, 8), (8, 2), (8, 7), (13, 8)), (13, 7))","(((7, 8), (8, 2), (8, 7), (14, 8)), (1, 7))",13,9.0,22.0,13,3,2,expanded,False,True,1099
"(((7, 8), (8, 4), (8, 8), (14, 8)), (7, 1))","(((7, 8), (8, 3), (8, 8), (14, 8)), (7, 1))",13,9.0,22.0,13,1,0,expanded,False,True,1100
"(((7, 8), (8, 2), (8, 8), (12, 8)), (13, 7))","(((7, 8), (8, 2), (8, 8), (13, 8)), (13, 7))",13,9.0,22.0,13,1,0,expanded,False,True,1101
"(((7, 8), (9, 8), (9, 13), (14, 8)), (1, 7))","(((7, 8), (8, 13), (9, 8), (14, 8)), (7, 13))",14,10,24.0,14,,,pruned,,,1102
"(((7, 8), (7, 13), (9, 8), (14, 8)), (1, 7))","(((7, 8), (8, 13), (9, 8), (14, 8)), (7, 13))",14,10,24.0,14,,,pruned,,,1103
"(((7, 8), (8, 13), (9, 8), (14, 8)), (7, 13))","(((7, 8), (8, 14), (9, 8), (14, 8)), (1, 7))",13,9.0,22.0,13,3,2,expanded,False,True,1104
"(((7, 8), (8, 14), (9, 8), (13, 9)), (1, 7))","(((7, 8), (8, 14), (9, 8), (13, 8)), (13, 7))",14,10,24.0,14,,,pruned,,,1105
"(((7, 8), (8, 14), (9, 8), (13, 7)), (1, 7))","(((7, 8), (8, 14), (9, 8), (13, 8)), (13, 7))",14,10,24.0,14,,,pruned,,,1106
"(((7, 8), (8, 14), (9, 8), (13, 8)), (13, 7))","(((7, 8), (8, 14), (9, 8), (14, 8)), (1, 7))",13,9.0,22.0,13,3,2,expanded,False,True,1107
"(((2, 8), (7, 8), (9, 8), (9, 13)), (1, 7))","(((2, 8), (7, 8), (8, 13), (9, 8)), (7, 13))",14,10,24.0,14,,,pruned,,,1108
"(((2, 8), (7, 8), (7, 13), (9, 8)), (1, 7))","(((2, 8), (7, 8), (8, 13), (9, 8)), (7, 13))",14,10,24.0,14,,,pruned,,,1109
"(((2, 8), (7, 8), (8, 13), (9, 8)), (7, 13))","(((2, 8), (7, 8), (8, 14), (9, 8)), (1, 7))",13,9.0,22.0,13,3,2,expanded,False,True,1110
"(((3, 9), (7, 8), (8, 14), (9, 8)), (1, 7))","(((3, 8), (7, 8), (8, 14), (9, 8)), (1, 7))",14,10,24.0,14,,,pruned,,,1111
"(((3, 7), (7, 8), (8, 14), (9, 8)), (1, 7))","(((3, 8), (7, 8), (8, 14), (9, 8)), (1, 7))",14,10,24.0,14,,,pruned,,,1112
"(((3, 8), (7, 8), (8, 14), (9, 8)), (1, 7))","(((2, 8), (7, 8), (8, 14), (9, 8)), (1, 7))",13,9.0,22.0,13,3,2,expanded,False,True,1113
"(((7, 8), (9, 3), (9, 8), (14, 8)), (1, 7))","(((7, 8), (8, 3), (9, 8), (14, 8)), (7, 1))",14,10,24.0,14,,,pruned,,,1114
"(((7, 3), (7, 8), (9, 8), (14, 8)), (1, 7))","(((7, 8), (8, 3), (9, 8), (14, 8)), (7, 1))",14,10,24.0,14,,,pruned,,,1115
"(((7, 8), (8, 3), (9, 8), (14, 8)), (7, 1))","(((7, 8), (8, 2), (9, 8), (14, 8)), (1, 7))",13,9.0,22.0,13,3,2,expanded,False,True,1116
"(((7, 8), (8, 2), (9, 8), (13, 9)), (1, 7))","(((7, 8), (8, 2), (9, 8), (13, 8)), (13, 7))",14,10,24.0,14,,,pruned,,,1117
"(((7, 8), (8, 2), (9, 8), (13, 7)), (1, 7))","(((7, 8), (8, 2), (9, 8), (13, 8)), (13, 7))",14,10,24.0,14,,,pruned,,,1118
"(((7, 8), (8, 2), (9, 8), (13, 8)), (13, 7))","(((7, 8), (8, 2), (9, 8), (14, 8)), (1, 7))",13,9.0,22.0,13,3,2,expanded,False,True,1119
"(((2, 8), (7, 8), (9, 3), (9, 8)), (1, 7))","(((2, 8), (7, 8), (8, 3), (9, 8)), (7, 1))",14,10,24.0,14,,,pruned,,,1120
"(((2, 8), (7, 3), (7, 8), (9, 8)), (1, 7))","(((2, 8), (7, 8), (8, 3), (9, 8)), (7, 1))",14,10,24.0,14,,,pruned,,,1121
"(((2, 8), (7, 8), (8, 3), (9, 8)), (7, 1))","(((2, 8), (7, 8), (8, 2), (9, 8)), (1, 7))",13,9.0,22.0,13,3,2,expanded,False,True,1122
"(((3, 9), (7, 8), (8, 2), (9, 8)), (1, 7))","(((3, 8), (7, 8), (8, 2), (9, 8)), (1, 7))",14,10,24.0,14,,,pruned,,,1123
"(((3, 7), (7, 8), (8, 2), (9, 8)), (1, 7))","(((3, 8), (7, 8), (8, 2), (9, 8)), (1, 7))",14,10,24.0,14,,,pruned,,,1124
"(((3, 8), (7, 8), (8, 2), (9, 8)), (1, 7))","(((2, 8), (7, 8), (8, 2), (9, 8)), (1, 7))",13,9.0,22.0,13,3,2,expanded,False,True,1125
"(((4, 8), (8, 9), (8, 14), (9, 8)), (1, 7))","(((3, 8), (8, 9), (8, 14), (9, 8)), (1, 7))",14,8.0,22.0,14,1,0,expanded,False,True,1126
"(((2, 8), (8, 7), (8, 12), (9, 8)), (7, 13))","(((2, 8), (8, 7), (8, 13), (9, 8)), (7, 13))",14,8.0,22.0,14,1,0,expanded,False,True,1127
"(((4, 8), (8, 7), (8, 14), (9, 8)), (1, 7))","(((3, 8), (8, 7), (8, 14), (9, 8)), (1, 7))",14,8.0,22.0,14,1,0,expanded,False,True,1128
"(((2, 8), (8, 8), (8, 11), (9, 8)), (7, 13))","(((2, 8), (8, 8), (8, 12), (9, 8)), (7, 13))",14,8.0,22.0,14,1,0,expanded,False,True,1129
"(((5, 8), (8, 8), (8, 14), (9, 8)), (1, 7))","(((4, 8), (8, 8), (8, 14), (9, 8)), (1, 7))",14,8.0,22.0,14,1,0,expanded,False,True,1130
"(((2, 8), (8, 4), (8, 9), (9, 8)), (7, 1))","(((2, 8), (8, 3), (8, 9), (9, 8)), (7, 1))",14,8.0,22.0,14,1,0,expanded,False,True,1131
"(((4, 8), (8, 2), (8, 9), (9, 8)), (1, 7))","(((3, 8), (8, 2), (8, 9), (9, 8)), (1, 7))",14,8.0,22.0,14,1,0,expanded,False,True,1132
"(((4, 8), (8, 2), (8, 7), (9, 8)), (1, 7))","(((3, 8), (8, 2), (8, 7), (9, 8)), (1, 7))",14,8.0,22.0,14,1,0,expanded,False,True,1133
"(((2, 8), (8, 5), (8, 8), (9, 8)), (7, 1))","(((2, 8), (8, 4), (8, 8), (9, 8)), (7, 1))",14,8.0,22.0,14,1,0,expanded,False,True,1134
"(((5, 8), (8, 2), (8, 8), (9, 8)), (1, 7))","(((4, 8), (8, 2), (8, 8), (9, 8)), (1, 7))",14,8.0,22.0,14,1,0,expanded,False,True,1135
"(((7, 8), (8, 5), (8, 14), (10, 8)), (7, 1))","(((7, 8), (8, 4), (8, 14), (10, 8)), (7, 1))",14,8.0,22.0,14,1,0,expanded,False,True,1136
"(((7, 8), (8, 2), (8, 11), (10, 8)), (7, 13))","(((7, 8), (8, 2), (8, 12), (10, 8)), (7, 13))",14,8.0,22.0,14,1,0,expanded,False,True,1137
"(((7, 8), (8, 4), (8, 9), (8, 14)), (7, 1))","(((7, 8), (8, 3), (8, 9), (8, 14)), (7, 1))",14,8.0,22.0,14,1,0,expanded,False,True,1138
"(((7, 8), (8, 2), (8, 7), (8, 12)), (7, 13))","(((7, 8), (8, 2), (8, 7), (8, 13)), (7, 13))",14,8.0,22.0,14,1,0,expanded,False,True,1139
"(((7, 8), (8, 5), (8, 8), (8, 14)), (7, 1))","(((7, 8), (8, 4), (8, 8), (8, 14)), (7, 1))",14,8.0,22.0,14,1,0,expanded,False,True,1140
"(((7, 8), (8, 2), (8, 8), (8, 11)), (7, 13))","(((7, 8), (8, 2), (8, 8), (8, 12)), (7, 13))",14,8.0,22.0,14,1,0,expanded,False,True,1141
"(((7, 8), (8, 5), (8, 14), (9, 9)), (7, 1))","(((7, 8), (8, 4), (8, 14), (9, 9)), (7, 1))",14,8.0,22.0,14,1,0,expanded,False,True,1142
"(((7, 8), (8, 2), (8, 11), (9, 9)), (7, 13))","(((7, 8), (8, 2), (8, 12), (9, 9)), (7, 13))",14,8.0,22.0,14,1,0,expanded,False,True,1143
"(((7, 8), (8, 5), (8, 14), (9, 7)), (7, 1))","(((7, 8), (8, 4), (8, 14), (9, 7)), (7, 1))",14,8.0,22.0,14,1,0,expanded,False,True,1144
"(((7, 8), (8, 2), (8, 11), (9, 7)), (7, 13))","(((7, 8), (8, 2), (8, 12), (9, 7)), (7, 13))",14,8.0,22.0,14,1,0,expanded,False,True,1145
"(((8, 4), (8, 9), (8, 14), (9, 8)), (7, 1))","(((8, 3), (8, 9), (8, 14), (9, 8)), (7, 1))",14,8.0,22.0,14,1,0,expanded,False,True,1146
"(((8, 2), (8, 7), (8, 12), (9, 8)), (7, 13))","(((8, 2), (8, 7), (8, 13), (9, 8)), (7, 13))",14,8.0,22.0,14,1,0,expanded,False,True,1147
"(((8, 5), (8, 8), (8, 14), (9, 8)), (7, 1))","(((8, 4), (8, 8), (8, 14), (9, 8)), (7, 1))",14,8.0,22.0,14,1,0,expanded,False,True,1148
"(((8, 2), (8, 8), (8, 11), (9, 8)), (7, 13))","(((8, 2), (8, 8), (8, 12), (9, 8)), (7, 13))",14,8.0,22.0,14,1,0,expanded,False,True,1149
"(((6, 8), (8, 5), (8, 14), (9, 8)), (7, 1))","(((6, 8), (8, 4), (8, 14), (9, 8)), (7, 1))",14,8.0,22.0,14,1,0,expanded,False,True,1150
"(((6, 8), (8, 2), (8, 11), (9, 8)), (7, 13))","(((6, 8), (8, 2), (8, 12), (9, 8)), (7, 13))",14,8.0,22.0,14,1,0,expanded,False,True,1151
"(((7, 9), (8, 5), (8, 14), (9, 8)), (7, 1))","(((7, 9), (8, 4), (8, 14), (9, 8)), (7, 1))",14,8.0,22.0,14,1,0,expanded,False,True,1152
"(((7, 9), (8, 2), (8, 11), (9, 8)), (7, 13))","(((7, 9), (8, 2), (8, 12), (9, 8)), (7, 13))",14,8.0,22.0,14,1,0,expanded,False,True,1153
"(((7, 7), (8, 5), (8, 14), (9, 8)), (7, 1))","(((7, 7), (8, 4), (8, 14), (9, 8)), (7, 1))",14,8.0,22.0,14,1,0,expanded,False,True,1154
"(((7, 7), (8, 2), (8, 11), (9, 8)), (7, 13))","(((7, 7), (8, 2), (8, 12), (9, 8)), (7, 13))",14,8.0,22.0,14,1,0,expanded,False,True,1155
"(((7, 8), (8, 9), (8, 14), (12, 8)), (13, 7))","(((7, 8), (8, 9), (8, 14), (13, 8)), (13, 7))",14,8.0,22.0,14,1,0,expanded,False,True,1156
"(((7, 8), (8, 7), (8, 12), (14, 8)), (7, 13))","(((7, 8), (8, 7), (8, 13), (14, 8)), (7, 13))",14,8.0,22.0,14,1,0,expanded,False,True,1157
"(((7, 8), (8, 7), (8, 14), (12, 8)), (13, 7))","(((7, 8), (8, 7), (8, 14), (13, 8)), (13, 7))",14,8.0,22.0,14,1,0,expanded,False,True,1158
"(((7, 8), (8, 8), (8, 11), (14, 8)), (7, 13))","(((7, 8), (8, 8), (8, 12), (14, 8)), (7, 13))",14,8.0,22.0,14,1,0,expanded,False,True,1159
"(((7, 8), (8, 8), (8, 14), (11, 8)), (12, 8))","(((7, 8), (8, 8), (8, 14), (12, 8)), (13, 7))",14,8.0,22.0,14,1,0,expanded,False,True,1160
"(((7, 8), (8, 4), (8, 9), (14, 8)), (7, 1))","(((7, 8), (8, 3), (8, 9), (14, 8)), (7, 1))",14,8.0,22.0,14,1,0,expanded,False,True,1161
"(((7, 8), (8, 2), (8, 9), (12, 8)), (13, 7))","(((7, 8), (8, 2), (8, 9), (13, 8)), (13, 7))",14,8.0,22.0,14,1,0,expanded,False,True,1162
"(((7, 8), (8, 2), (8, 7), (12, 8)), (13, 7))","(((7, 8), (8, 2), (8, 7), (13, 8)), (13, 7))",14,8.0,22.0,14,1,0,expanded,False,True,1163
"(((7, 8), (8, 5), (8, 8), (14, 8)), (7, 1))","(((7, 8), (8, 4), (8, 8), (14, 8)), (7, 1))",14,8.0,22.0,14,1,0,expanded,False,True,1164
"(((7, 8), (8, 2), (8, 8), (11, 8)), (12, 8))","(((7, 8), (8, 2), (8, 8), (12, 8)), (13, 7))",14,8.0,22.0,14,1,0,expanded,False,True,1165
"(((7, 8), (8, 12), (9, 8), (14, 8)), (7, 13))","(((7, 8), (8, 13), (9, 8), (14, 8)), (7, 13))",14,8.0,22.0,14,1,0,expanded,False,True,1166
"(((7, 8), (8, 14), (9, 8), (12, 8)), (13, 7))","(((7, 8), (8, 14), (9, 8), (13, 8)), (13, 7))",14,8.0,22.0,14,1,0,expanded,False,True,1167
"(((2, 8), (7, 8), (8, 12), (9, 8)), (7, 13))","(((2, 8), (7, 8), (8, 13), (9, 8)), (7, 13))",14,8.0,22.0,14,1,0,expanded,False,True,1168
"(((4, 8), (7, 8), (8, 14), (9, 8)), (1, 7))","(((3, 8), (7, 8), (8, 14), (9, 8)), (1, 7))",14,8.0,22.0,14,1,0,expanded,False,True,1169
"(((7, 8), (8, 4), (9, 8), (14, 8)), (7, 1))","(((7, 8), (8, 3), (9, 8), (14, 8)), (7, 1))",14,8.0,22.0,14,1,0,expanded,False,True,1170
"(((7, 8), (8, 2), (9, 8), (12, 8)), (13, 7))","(((7, 8), (8, 2), (9, 8), (13, 8)), (13, 7))",14,8.0,22.0,14,1,0,expanded,False,True,1171
"(((2, 8), (7, 8), (8, 4), (9, 8)), (7, 1))","(((2, 8), (7, 8), (8, 3), (9, 8)), (7, 1))",14,8.0,22.0,14,1,0,expanded,False,True,1172
"(((4, 8), (7, 8), (8, 2), (9, 8)), (1, 7))","(((3, 8), (7, 8), (8, 2), (9, 8)), (1, 7))",14,8.0,22.0,14,1,0,expanded,False,True,1173
"(((5, 8), (8, 9), (8, 14), (9, 8)), (1, 7))","(((4, 8), (8, 9), (8, 14), (9, 8)), (1, 7))",15,7.0,22.0,15,1,0,expanded,False,True,1174
"(((2, 8), (8, 7), (8, 11), (9, 8)), (7, 13))","(((2, 8), (8, 7), (8, 12), (9, 8)), (7, 13))",15,7.0,22.0,15,1,0,expanded,False,True,1175
"(((5, 8), (8, 7), (8, 14), (9, 8)), (1, 7))","(((4, 8), (8, 7), (8, 14), (9, 8)), (1, 7))",15,7.0,22.0,15,1,0,expanded,False,True,1176
"(((2, 8), (8, 8), (8, 10), (9, 8)), (7, 13))","(((2, 8), (8, 8), (8, 11), (9, 8)), (7, 13))",15,7.0,22.0,15,1,0,expanded,False,True,1177
"(((6, 8), (8, 8), (8, 14), (9, 8)), (1, 7))","(((5, 8), (8, 8), (8, 14), (9, 8)), (1, 7))",15,7.0,22.0,15,1,0,expanded,False,True,1178
"(((2, 8), (8, 5), (8, 9), (9, 8)), (7, 1))","(((2, 8), (8, 4), (8, 9), (9, 8)), (7, 1))",15,7.0,22.0,15,1,0,expanded,False,True,1179
"(((5, 8), (8, 2), (8, 9), (9, 8)), (1, 7))","(((4, 8), (8, 2), (8, 9), (9, 8)), (1, 7))",15,7.0,22.0,15,1,0,expanded,False,True,1180
"(((5, 8), (8, 2), (8, 7), (9, 8)), (1, 7))","(((4, 8), (8, 2), (8, 7), (9, 8)), (1, 7))",15,7.0,22.0,15,1,0,expanded,False,True,1181
"(((2, 8), (8, 6), (8, 8), (9, 8)), (7, 1))","(((2, 8), (8, 5), (8, 8), (9, 8)), (7, 1))",15,7.0,22.0,15,1,0,expanded,False,True,1182
"(((6, 8), (8, 2), (8, 8), (9, 8)), (1, 7))","(((5, 8), (8, 2), (8, 8), (9, 8)), (1, 7))",15,7.0,22.0,15,1,0,expanded,False,True,1183
"(((7, 8), (8, 6), (8, 14), (10, 8)), (7, 1))","(((7, 8), (8, 5), (8, 14), (10, 8)), (7, 1))",15,7.0,22.0,15,1,0,expanded,False,True,1184
"(((7, 8), (8, 2), (8, 10), (10, 8)), (7, 13))","(((7, 8), (8, 2), (8, 11), (10, 8)), (7, 13))",15,7.0,22.0,15,1,0,expanded,False,True,1185
"(((7, 8), (8, 5), (8, 9), (8, 14)), (7, 1))","(((7, 8), (8, 4), (8, 9), (8, 14)), (7, 1))",15,7.0,22.0,15,1,0,expanded,False,True,1186
"(((7, 8), (8, 2), (8, 7), (8, 11)), (7, 13))","(((7, 8), (8, 2), (8, 7), (8, 12)), (7, 13))",15,7.0,22.0,15,1,0,expanded,False,True,1187
"(((7, 8), (8, 6), (8, 8), (8, 14)), (7, 1))","(((7, 8), (8, 5), (8, 8), (8, 14)), (7, 1))",15,7.0,22.0,15,1,0,expanded,False,True,1188
"(((7, 8), (8, 2), (8, 8), (8, 10)), (7, 13))","(((7, 8), (8, 2), (8, 8), (8, 11)), (7, 13))",15,7.0,22.0,15,1,0,expanded,False,True,1189
"(((7, 8), (8, 6), (8, 14), (9, 9)), (7, 1))","(((7, 8), (8, 5), (8, 14), (9, 9)), (7, 1))",15,7.0,22.0,15,1,0,expanded,False,True,1190
"(((7, 8), (8, 2), (8, 10), (9, 9)), (7, 13))","(((7, 8), (8, 2), (8, 11), (9, 9)), (7, 13))",15,7.0,22.0,15,1,0,expanded,False,True,1191
"(((7, 8), (8, 6), (8, 14), (9, 7)), (7, 1))","(((7, 8), (8, 5), (8, 14), (9, 7)), (7, 1))",15,7.0,22.0,15,1,0,expanded,False,True,1192
"(((7, 8), (8, 2), (8, 10), (9, 7)), (7, 13))","(((7, 8), (8, 2), (8, 11), (9, 7)), (7, 13))",15,7.0,22.0,15,1,0,expanded,False,True,1193
"(((8, 5), (8, 9), (8, 14), (9, 8)), (7, 1))","(((8, 4), (8, 9), (8, 14), (9, 8)), (7, 1))",15,7.0,22.0,15,1,0,expanded,False,True,1194
"(((8, 2), (8, 7), (8, 11), (9, 8)), (7, 13))","(((8, 2), (8, 7), (8, 12), (9, 8)), (7, 13))",15,7.0,22.0,15,1,0,expanded,False,True,1195
"(((8, 6), (8, 8), (8, 14), (9, 8)), (7, 1))","(((8, 5), (8, 8), (8, 14), (9, 8)), (7, 1))",15,7.0,22.0,15,1,0,expanded,False,True,1196
"(((8, 2), (8, 8), (8, 10), (9, 8)), (7, 13))","(((8, 2), (8, 8), (8, 11), (9, 8)), (7, 13))",15,7.0,22.0,15,1,0,expanded,False,True,1197
"(((6, 8), (8, 6), (8, 14), (9, 8)), (7, 1))","(((6, 8), (8, 5), (8, 14), (9, 8)), (7, 1))",15,7.0,22.0,15,1,0,expanded,False,True,1198
"(((6, 8), (8, 2), (8, 10), (9, 8)), (7, 13))","(((6, 8), (8, 2), (8, 11), (9, 8)), (7, 13))",15,7.0,22.0,15,1,0,expanded,False,True,1199
"(((7, 9), (8, 6), (8, 14), (9, 8)), (7, 1))","(((7, 9), (8, 5), (8, 14), (9, 8)), (7, 1))",15,7.0,22.0,15,1,0,expanded,False,True,1200
"(((7, 9), (8, 2), (8, 10), (9, 8)), (7, 13))","(((7, 9), (8, 2), (8, 11), (9, 8)), (7, 13))",15,7.0,22.0,15,1,0,expanded,False,True,1201
"(((7, 7), (8, 6), (8, 14), (9, 8)), (7, 1))","(((7, 7), (8, 5), (8, 14), (9, 8)), (7, 1))",15,7.0,22.0,15,1,0,expanded,False,True,1202
"(((7, 7), (8, 2), (8, 10), (9, 8)), (7, 13))","(((7, 7), (8, 2), (8, 11), (9, 8)), (7, 13))",15,7.0,22.0,15,1,0,expanded,False,True,1203
"(((7, 8), (8, 9), (8, 14), (11, 8)), (12, 8))","(((7, 8), (8, 9), (8, 14), (12, 8)), (13, 7))",15,7.0,22.0,15,1,0,expanded,False,True,1204
"(((7, 8), (8, 7), (8, 11), (14, 8)), (7, 13))","(((7, 8), (8, 7), (8, 12), (14, 8)), (7, 13))",15,7.0,22.0,15,1,0,expanded,False,True,1205
"(((7, 8), (8, 7), (8, 14), (11, 8)), (12, 8))","(((7, 8), (8, 7), (8, 14), (12, 8)), (13, 7))",15,7.0,22.0,15,1,0,expanded,False,True,1206
"(((7, 8), (8, 8), (8, 10), (14, 8)), (7, 13))","(((7, 8), (8, 8), (8, 11), (14, 8)), (7, 13))",15,7.0,22.0,15,1,0,expanded,False,True,1207
"(((7, 8), (8, 8), (8, 14), (10, 8)), (11, 8))","(((7, 8), (8, 8), (8, 14), (11, 8)), (12, 8))",15,7.0,22.0,15,1,0,expanded,False,True,1208
"(((7, 8), (8, 5), (8, 9), (14, 8)), (7, 1))","(((7, 8), (8, 4), (8, 9), (14, 8)), (7, 1))",15,7.0,22.0,15,1,0,expanded,False,True,1209
"(((7, 8), (8, 2), (8, 9), (11, 8)), (12, 8))","(((7, 8), (8, 2), (8, 9), (12, 8)), (13, 7))",15,7.0,22.0,15,1,0,expanded,False,True,1210
"(((7, 8), (8, 2), (8, 7), (11, 8)), (12, 8))","(((7, 8), (8, 2), (8, 7), (12, 8)), (13, 7))",15,7.0,22.0,15,1,0,expanded,False,True,1211
"(((7, 8), (8, 6), (8, 8), (14, 8)), (7, 1))","(((7, 8), (8, 5), (8, 8), (14, 8)), (7, 1))",15,7.0,22.0,15,1,0,expanded,False,True,1212
"(((7, 8), (8, 2), (8, 8), (10, 8)), (11, 8))","(((7, 8), (8, 2), (8, 8), (11, 8)), (12, 8))",15,7.0,22.0,15,1,0,expanded,False,True,1213
"(((7, 8), (8, 11), (9, 8), (14, 8)), (7, 13))","(((7, 8), (8, 12), (9, 8), (14, 8)), (7, 13))",15,7.0,22.0,15,1,0,expanded,False,True,1214
"(((7, 8), (8, 14), (9, 8), (11, 8)), (12, 8))","(((7, 8), (8, 14), (9, 8), (12, 8)), (13, 7))",15,7.0,22.0,15,1,0,expanded,False,True,1215
"(((2, 8), (7, 8), (8, 11), (9, 8)), (7, 13))","(((2, 8), (7, 8), (8, 12), (9, 8)), (7, 13))",15,7.0,22.0,15,1,0,expanded,False,True,1216
"(((5, 8), (7, 8), (8, 14), (9, 8)), (1, 7))","(((4, 8), (7, 8), (8, 14), (9, 8)), (1, 7))",15,7.0,22.0,15,1,0,expanded,False,True,1217
"(((7, 8), (8, 5), (9, 8), (14, 8)), (7, 1))","(((7, 8), (8, 4), (9, 8), (14, 8)), (7, 1))",15,7.0,22.0,15,1,0,expanded,False,True,1218
"(((7, 8), (8, 2), (9, 8), (11, 8)), (12, 8))","(((7, 8), (8, 2), (9, 8), (12, 8)), (13, 7))",15,7.0,22.0,15,1,0,expanded,False,True,1219
"(((2, 8), (7, 8), (8, 5), (9, 8)), (7, 1))","(((2, 8), (7, 8), (8, 4), (9, 8)), (7, 1))",15,7.0,22.0,15,1,0,expanded,False,True,1220
"(((5, 8), (7, 8), (8, 2), (9, 8)), (1, 7))","(((4, 8), (7, 8), (8, 2), (9, 8)), (1, 7))",15,7.0,22.0,15,1,0,expanded,False,True,1221
"(((7, 8), (8, 8), (9, 8), (9, 14)), (1, 7))","(((7, 8), (8, 8), (8, 14), (9, 8)), (1, 7))",17,7,24.0,17,,,pruned,,,1222
"(((7, 8), (7, 14), (8, 8), (9, 8)), (1, 7))","(((7, 8), (8, 8), (8, 14), (9, 8)), (1, 7))",17,7,24.0,17,,,pruned,,,1223
"(((7, 8), (8, 8), (8, 15), (9, 8)), (1, 7))","(((7, 8), (8, 8), (8, 14), (9, 8)), (1, 7))",17,7,24.0,17,,,pruned,,,1224
"(((7, 8), (8, 8), (8, 14), (9, 8)), (1, 7))","(((7, 8), (8, 7), (8, 14), (9, 8)), (7, 1))",16,6.0,22.0,16,10,3,expanded,False,True,1225
"(((7, 8), (8, 8), (9, 2), (9, 8)), (1, 7))","(((7, 8), (8, 2), (8, 8), (9, 8)), (1, 7))",17,7,24.0,17,,,pruned,,,1226
"(((7, 2), (7, 8), (8, 8), (9, 8)), (1, 7))","(((7, 8), (8, 2), (8, 8), (9, 8)), (1, 7))",17,7,24.0,17,,,pruned,,,1227
"(((7, 8), (8, 1), (8, 8), (9, 8)), (1, 7))","(((7, 8), (8, 2), (8, 8), (9, 8)), (1, 7))",17,7,24.0,17,,,pruned,,,1228
"(((7, 8), (8, 2), (8, 8), (9, 8)), (1, 7))","(((7, 8), (8, 2), (8, 9), (9, 8)), (7, 13))",16,6.0,22.0,16,10,3,expanded,False,True,1229
"(((6, 8), (8, 9), (8, 14), (9, 8)), (1, 7))","(((5, 8), (8, 9), (8, 14), (9, 8)), (1, 7))",16,6.0,22.0,16,1,0,expanded,False,True,1230
"(((2, 8), (8, 7), (8, 10), (9, 8)), (7, 13))","(((2, 8), (8, 7), (8, 11), (9, 8)), (7, 13))",16,6.0,22.0,16,1,0,expanded,False,True,1231
"(((6, 8), (8, 7), (8, 14), (9, 8)), (1, 7))","(((5, 8), (8, 7), (8, 14), (9, 8)), (1, 7))",16,6.0,22.0,16,1,0,expanded,False,True,1232
"(((2, 8), (8, 8), (8, 9), (9, 8)), (7, 13))","(((2, 8), (8, 8), (8, 10), (9, 8)), (7, 13))",16,6.0,22.0,16,0,0,expanded,False,True,1233
"(((2, 8), (8, 6), (8, 9), (9, 8)), (7, 1))","(((2, 8), (8, 5), (8, 9), (9, 8)), (7, 1))",16,6.0,22.0,16,1,0,expanded,False,True,1234
"(((6, 8), (8, 2), (8, 9), (9, 8)), (1, 7))","(((5, 8), (8, 2), (8, 9), (9, 8)), (1, 7))",16,6.0,22.0,16,1,0,expanded,False,True,1235
"(((6, 8), (8, 2), (8, 7), (9, 8)), (1, 7))","(((5, 8), (8, 2), (8, 7), (9, 8)), (1, 7))",16,6.0,22.0,16,1,0,expanded,False,True,1236
"(((2, 8), (8, 7), (8, 8), (9, 8)), (7, 1))","(((2, 8), (8, 6), (8, 8), (9, 8)), (7, 1))",16,6.0,22.0,16,0,0,expanded,False,True,1237
"(((7, 8), (8, 7), (8, 14), (10, 8)), (7, 1))","(((7, 8), (8, 6), (8, 14), (10, 8)), (7, 1))",16,6.0,22.0,16,1,0,expanded,False,True,1238
"(((7, 8), (8, 2), (8, 9), (10, 8)), (7, 13))","(((7, 8), (8, 2), (8, 10), (10, 8)), (7, 13))",16,6.0,22.0,16,1,0,expanded,False,True,1239
"(((7, 8), (8, 6), (8, 9), (8, 14)), (7, 1))","(((7, 8), (8, 5), (8, 9), (8, 14)), (7, 1))",16,6.0,22.0,16,1,0,expanded,False,True,1240
"(((7, 8), (8, 2), (8, 7), (8, 10)), (7, 13))","(((7, 8), (8, 2), (8, 7), (8, 11)), (7, 13))",16,6.0,22.0,16,1,0,expanded,False,True,1241
"(((7, 8), (8, 7), (8, 8), (8, 14)), (7, 1))","(((7, 8), (8, 6), (8, 8), (8, 14)), (7, 1))",16,6.0,22.0,16,0,0,expanded,False,True,1242
"(((7, 8), (8, 2), (8, 8), (8, 9)), (7, 13))","(((7, 8), (8, 2), (8, 8), (8, 10)), (7, 13))",16,6.0,22.0,16,0,0,expanded,False,True,1243
"(((7, 8), (8, 7), (8, 14), (9, 9)), (7, 1))","(((7, 8), (8, 6), (8, 14), (9, 9)), (7, 1))",16,6.0,22.0,16,1,0,expanded,False,True,1244
"(((7, 8), (8, 2), (8, 9), (9, 9)), (7, 13))","(((7, 8), (8, 2), (8, 10), (9, 9)), (7, 13))",16,6.0,22.0,16,1,0,expanded,False,True,1245
"(((7, 8), (8, 7), (8, 14), (9, 7)), (7, 1))","(((7, 8), (8, 6), (8, 14), (9, 7)), (7, 1))",16,6.0,22.0,16,1,0,expanded,False,True,1246
"(((7, 8), (8, 2), (8, 9), (9, 7)), (7, 13))","(((7, 8), (8, 2), (8, 10), (9, 7)), (7, 13))",16,6.0,22.0,16,1,0,expanded,False,True,1247
"(((8, 6), (8, 9), (8, 14), (9, 8)), (7, 1))","(((8, 5), (8, 9), (8, 14), (9, 8)), (7, 1))",16,6.0,22.0,16,1,0,expanded,False,True,1248
"(((8, 2), (8, 7), (8, 10), (9, 8)), (7, 13))","(((8, 2), (8, 7), (8, 11), (9, 8)), (7, 13))",16,6.0,22.0,16,1,0,expanded,False,True,1249
"(((8, 7), (8, 8), (8, 14), (9, 8)), (7, 1))","(((8, 6), (8, 8), (8, 14), (9, 8)), (7, 1))",16,6.0,22.0,16,0,0,expanded,False,True,1250
"(((8, 2), (8, 8), (8, 9), (9, 8)), (7, 13))","(((8, 2), (8, 8), (8, 10), (9, 8)), (7, 13))",16,6.0,22.0,16,0,0,expanded,False,True,1251
"(((6, 8), (8, 7), (8, 14), (9, 8)), (7, 1))","(((6, 8), (8, 6), (8, 14), (9, 8)), (7, 1))",16,6.0,22.0,16,1,0,expanded,False,True,1252
"(((6, 8), (8, 2), (8, 9), (9, 8)), (7, 13))","(((6, 8), (8, 2), (8, 10), (9, 8)), (7, 13))",16,6.0,22.0,16,1,0,expanded,False,True,1253
"(((7, 9), (8, 7), (8, 14), (9, 8)), (7, 1))","(((7, 9), (8, 6), (8, 14), (9, 8)), (7, 1))",16,6.0,22.0,16,1,0,expanded,False,True,1254
"(((7, 9), (8, 2), (8, 9), (9, 8)), (7, 13))","(((7, 9), (8, 2), (8, 10), (9, 8)), (7, 13))",16,6.0,22.0,16,1,0,expanded,False,True,1255
"(((7, 7), (8, 7), (8, 14), (9, 8)), (7, 1))","(((7, 7), (8, 6), (8, 14), (9, 8)), (7, 1))",16,6.0,22.0,16,1,0,expanded,False,True,1256
"(((7, 7), (8, 2), (8, 9), (9, 8)), (7, 13))","(((7, 7), (8, 2), (8, 10), (9, 8)), (7, 13))",16,6.0,22.0,16,1,0,expanded,False,True,1257
"(((7, 8), (8, 9), (8, 14), (10, 8)), (11, 8))","(((7, 8), (8, 9), (8, 14), (11, 8)), (12, 8))",16,6.0,22.0,16,1,0,expanded,False,True,1258
"(((7, 8), (8, 7), (8, 10), (14, 8)), (7, 13))","(((7, 8), (8, 7), (8, 11), (14, 8)), (7, 13))",16,6.0,22.0,16,1,0,expanded,False,True,1259
"(((7, 8), (8, 7), (8, 14), (10, 8)), (11, 8))","(((7, 8), (8, 7), (8, 14), (11, 8)), (12, 8))",16,6.0,22.0,16,1,0,expanded,False,True,1260
"(((7, 8), (8, 8), (8, 9), (14, 8)), (7, 13))","(((7, 8), (8, 8), (8, 10), (14, 8)), (7, 13))",16,6.0,22.0,16,0,0,expanded,False,True,1261
"(((7, 8), (8, 6), (8, 9), (14, 8)), (7, 1))","(((7, 8), (8, 5), (8, 9), (14, 8)), (7, 1))",16,6.0,22.0,16,1,0,expanded,False,True,1262
"(((7, 8), (8, 2), (8, 9), (10, 8)), (11, 8))","(((7, 8), (8, 2), (8, 9), (11, 8)), (12, 8))",16,6.0,22.0,16,1,0,expanded,False,True,1263
"(((7, 8), (8, 2), (8, 7), (10, 8)), (11, 8))","(((7, 8), (8, 2), (8, 7), (11, 8)), (12, 8))",16,6.0,22.0,16,1,0,expanded,False,True,1264
"(((7, 8), (8, 7), (8, 8), (14, 8)), (7, 1))","(((7, 8), (8, 6), (8, 8), (14, 8)), (7, 1))",16,6.0,22.0,16,0,0,expanded,False,True,1265
"(((7, 8), (8, 10), (9, 8), (14, 8)), (7, 13))","(((7, 8), (8, 11), (9, 8), (14, 8)), (7, 13))",16,6.0,22.0,16,1,0,expanded,False,True,1266
"(((7, 8), (8, 14), (9, 8), (10, 8)), (11, 8))","(((7, 8), (8, 14), (9, 8), (11, 8)), (12, 8))",16,6.0,22.0,16,0,0,expanded,False,True,1267
"(((2, 8), (7, 8), (8, 10), (9, 8)), (7, 13))","(((2, 8), (7, 8), (8, 11), (9, 8)), (7, 13))",16,6.0,22.0,16,1,0,expanded,False,True,1268
"(((6, 8), (7, 8), (8, 14), (9, 8)), (1, 7))","(((5, 8), (7, 8), (8, 14), (9, 8)), (1, 7))",16,6.0,22.0,16,0,0,expanded,False,True,1269
"(((7, 8), (8, 6), (9, 8), (14, 8)), (7, 1))","(((7, 8), (8, 5), (9, 8), (14, 8)), (7, 1))",16,6.0,22.0,16,1,0,expanded,False,True,1270
"(((7, 8), (8, 2), (9, 8), (10, 8)), (11, 8))","(((7, 8), (8, 2), (9, 8), (11, 8)), (12, 8))",16,6.0,22.0,16,0,0,expanded,False,True,1271
"(((2, 8), (7, 8), (8, 6), (9, 8)), (7, 1))","(((2, 8), (7, 8), (8, 5), (9, 8)), (7, 1))",16,6.0,22.0,16,1,0,expanded,False,True,1272
"(((6, 8), (7, 8), (8, 2), (9, 8)), (1, 7))","(((5, 8), (7, 8), (8, 2), (9, 8)), (1, 7))",16,6.0,22.0,16,0,0,expanded,False,True,1273
"(((7, 8), (8, 9), (8, 14), (9, 8)), (1, 7))","(((7, 8), (8, 8), (8, 14), (9, 8)), (1, 7))",17,5.0,22.0,17,11,0,expanded,False,True,1274
"(((7, 8), (8, 7), (9, 8), (9, 14)), (1, 7))","(((7, 8), (8, 7), (8, 14), (9, 8)), (1, 7))",18,6,24.0,18,,,pruned,,,1275
"(((7, 8), (7, 14), (8, 7), (9, 8)), (1, 7))","(((7, 8), (8, 7), (8, 14), (9, 8)), (1, 7))",18,6,24.0,18,,,pruned,,,1276
"(((7, 8), (8, 7), (8, 15), (9, 8)), (1, 7))","(((7, 8), (8, 7), (8, 14), (9, 8)), (1, 7))",18,6,24.0,18,,,pruned,,,1277
"(((7, 8), (8, 7), (8, 14), (9, 8)), (1, 7))","(((7, 8), (8, 8), (8, 14), (9, 8)), (1, 7))",17,5.0,22.0,17,15,3,expanded,False,True,1278
"(((7, 8), (8, 8), (9, 8), (9, 13)), (1, 7))","(((7, 8), (8, 8), (8, 13), (9, 8)), (7, 13))",18,6,24.0,18,,,pruned,,,1279
"(((7, 8), (7, 13), (8, 8), (9, 8)), (1, 7))","(((7, 8), (8, 8), (8, 13), (9, 8)), (7, 13))",18,6,24.0,18,,,pruned,,,1280
"(((7, 8), (8, 8), (8, 13), (9, 8)), (7, 13))","(((7, 8), (8, 8), (8, 14), (9, 8)), (1, 7))",17,5.0,22.0,17,3,2,expanded,False,True,1281
"(((7, 8), (8, 9), (9, 2), (9, 8)), (1, 7))","(((7, 8), (8, 2), (8, 9), (9, 8)), (1, 7))",18,6,24.0,18,,,pruned,,,1282
"(((7, 2), (7, 8), (8, 9), (9, 8)), (1, 7))","(((7, 8), (8, 2), (8, 9), (9, 8)), (1, 7))",18,6,24.0,18,,,pruned,,,1283
"(((7, 8), (8, 1), (8, 9), (9, 8)), (1, 7))","(((7, 8), (8, 2), (8, 9), (9, 8)), (1, 7))",18,6,24.0,18,,,pruned,,,1284
"(((7, 8), (8, 2), (8, 9), (9, 8)), (1, 7))","(((7, 8), (8, 2), (8, 8), (9, 8)), (1, 7))",17,5.0,22.0,17,15,3,expanded,False,True,1285
"(((7, 8), (8, 2), (8, 7), (9, 8)), (1, 7))","(((7, 8), (8, 2), (8, 8), (9, 8)), (1, 7))",17,5.0,22.0,17,11,0,expanded,False,True,1286
"(((7, 8), (8, 8), (9, 3), (9, 8)), (1, 7))","(((7, 8), (8, 3), (8, 8), (9, 8)), (7, 1))",18,6,24.0,18,,,pruned,,,1287
"(((7, 3), (7, 8), (8, 8), (9, 8)), (1, 7))","(((7, 8), (8, 3), (8, 8), (9, 8)), (7, 1))",18,6,24.0,18,,,pruned,,,1288
"(((7, 8), (8, 3), (8, 8), (9, 8)), (7, 1))","(((7, 8), (8, 2), (8, 8), (9, 8)), (1, 7))",17,5.0,22.0,17,3,2,expanded,False,True,1289
"(((2, 8), (8, 7), (8, 9), (9, 8)), (7, 13))","(((2, 8), (8, 7), (8, 10), (9, 8)), (7, 13))",17,5.0,22.0,17,1,0,expanded,False,True,1290
"(((2, 8), (8, 7), (8, 9), (9, 8)), (7, 1))","(((2, 8), (8, 6), (8, 9), (9, 8)), (7, 1))",17,5.0,22.0,17,1,0,expanded,False,True,1291
"(((7, 8), (8, 7), (8, 9), (8, 14)), (7, 1))","(((7, 8), (8, 6), (8, 9), (8, 14)), (7, 1))",17,5.0,22.0,17,1,0,expanded,False,True,1292
"(((7, 8), (8, 2), (8, 7), (8, 9)), (7, 13))","(((7, 8), (8, 2), (8, 7), (8, 10)), (7, 13))",17,5.0,22.0,17,1,0,expanded,False,True,1293
"(((8, 7), (8, 9), (8, 14), (9, 8)), (7, 1))","(((8, 6), (8, 9), (8, 14), (9, 8)), (7, 1))",17,5.0,22.0,17,1,0,expanded,False,True,1294
"(((8, 2), (8, 7), (8, 9), (9, 8)), (7, 13))","(((8, 2), (8, 7), (8, 10), (9, 8)), (7, 13))",17,5.0,22.0,17,1,0,expanded,False,True,1295
"(((7, 8), (8, 7), (8, 9), (14, 8)), (7, 13))","(((7, 8), (8, 7), (8, 10), (14, 8)), (7, 13))",17,5.0,22.0,17,1,0,expanded,False,True,1296
"(((7, 8), (8, 7), (8, 9), (14, 8)), (7, 1))","(((7, 8), (8, 6), (8, 9), (14, 8)), (7, 1))",17,5.0,22.0,17,1,0,expanded,False,True,1297
"(((7, 8), (8, 9), (9, 8), (14, 8)), (7, 13))","(((7, 8), (8, 10), (9, 8), (14, 8)), (7, 13))",17,5.0,22.0,17,1,0,expanded,False,True,1298
"(((2, 8), (7, 8), (8, 9), (9, 8)), (7, 13))","(((2, 8), (7, 8), (8, 10), (9, 8)), (7, 13))",17,5.0,22.0,17,1,0,expanded,False,True,1299
"(((7, 8), (8, 7), (9, 8), (14, 8)), (7, 1))","(((7, 8), (8, 6), (9, 8), (14, 8)), (7, 1))",17,5.0,22.0,17,1,0,expanded,False,True,1300
"(((2, 8), (7, 8), (8, 7), (9, 8)), (7, 1))","(((2, 8), (7, 8), (8, 6), (9, 8)), (7, 1))",17,5.0,22.0,17,1,0,expanded,False,True,1301
"(((7, 8), (8, 7), (9, 8), (9, 13)), (1, 7))","(((7, 8), (8, 7), (8, 13), (9, 8)), (7, 13))",19,5,24.0,19,,,pruned,,,1302
"(((7, 8), (7, 13), (8, 7), (9, 8)), (1, 7))","(((7, 8), (8, 7), (8, 13), (9, 8)), (7, 13))",19,5,24.0,19,,,pruned,,,1303
"(((7, 8), (8, 7), (8, 13), (9, 8)), (7, 13))","(((7, 8), (8, 7), (8, 14), (9, 8)), (1, 7))",18,4.0,22.0,18,3,2,expanded,False,True,1304
"(((7, 8), (8, 8), (8, 12), (9, 8)), (7, 13))","(((7, 8), (8, 8), (8, 13), (9, 8)), (7, 13))",18,4.0,22.0,18,1,0,expanded,False,True,1305
"(((7, 8), (8, 9), (9, 3), (9, 8)), (1, 7))","(((7, 8), (8, 3), (8, 9), (9, 8)), (7, 1))",19,5,24.0,19,,,pruned,,,1306
"(((7, 3), (7, 8), (8, 9), (9, 8)), (1, 7))","(((7, 8), (8, 3), (8, 9), (9, 8)), (7, 1))",19,5,24.0,19,,,pruned,,,1307
"(((7, 8), (8, 3), (8, 9), (9, 8)), (7, 1))","(((7, 8), (8, 2), (8, 9), (9, 8)), (1, 7))",18,4.0,22.0,18,3,2,expanded,False,True,1308
"(((7, 8), (8, 4), (8, 8), (9, 8)), (7, 1))","(((7, 8), (8, 3), (8, 8), (9, 8)), (7, 1))",18,4.0,22.0,18,1,0,expanded,False,True,1309
"(((7, 8), (8, 7), (8, 12), (9, 8)), (7, 13))","(((7, 8), (8, 7), (8, 13), (9, 8)), (7, 13))",19,3.0,22.0,19,1,0,expanded,False,True,1310
"(((7, 8), (8, 8), (8, 11), (9, 8)), (7, 13))","(((7, 8), (8, 8), (8, 12), (9, 8)), (7, 13))",19,3.0,22.0,19,1,0,expanded,False,True,1311
"(((7, 8), (8, 4), (8, 9), (9, 8)), (7, 1))","(((7, 8), (8, 3), (8, 9), (9, 8)), (7, 1))",19,3.0,22.0,19,1,0,expanded,False,True,1312
"(((7, 8), (8, 5), (8, 8), (9, 8)), (7, 1))","(((7, 8), (8, 4), (8, 8), (9, 8)), (7, 1))",19,3.0,22.0,19,1,0,expanded,False,True,1313
"(((7, 8), (8, 7), (8, 11), (9, 8)), (7, 13))","(((7, 8), (8, 7), (8, 12), (9, 8)), (7, 13))",20,2.0,22.0,20,1,0,expanded,False,True,1314
"(((7, 8), (8, 8), (8, 10), (9, 8)), (7, 13))","(((7, 8), (8, 8), (8, 11), (9, 8)), (7, 13))",20,2.0,22.0,20,1,0,expanded,False,True,1315
"(((7, 8), (8, 5), (8, 9), (9, 8)), (7, 1))","(((7, 8), (8, 4), (8, 9), (9, 8)), (7, 1))",20,2.0,22.0,20,1,0,expanded,False,True,1316
"(((7, 8), (8, 6), (8, 8), (9, 8)), (7, 1))","(((7, 8), (8, 5), (8, 8), (9, 8)), (7, 1))",20,2.0,22.0,20,1,0,expanded,False,True,1317
"(((7, 8), (8, 7), (8, 10), (9, 8)), (7, 13))","(((7, 8), (8, 7), (8, 11), (9, 8)), (7, 13))",21,1.0,22.0,21,1,0,expanded,False,True,1318
"(((7, 8), (8, 8), (8, 9), (9, 8)), (7, 13))","(((7, 8), (8, 8), (8, 10), (9, 8)), (7, 13))",21,1.0,22.0,21,0,0,expanded,False,True,1319
"(((7, 8), (8, 6), (8, 9), (9, 8)), (7, 1))","(((7, 8), (8, 5), (8, 9), (9, 8)), (7, 1))",21,1.0,22.0,21,1,0,expanded,False,True,1320
"(((7, 8), (8, 7), (8, 8), (9, 8)), (7, 1))","(((7, 8), (8, 6), (8, 8), (9, 8)), (7, 1))",21,1.0,22.0,21,0,0,expanded,False,True,1321
"(((7, 8), (8, 7), (8, 9), (9, 8)), (7, 13))","(((7, 8), (8, 7), (8, 10), (9, 8)), (7, 13))",22,0.0,22.0,22,0,0,goal,False,False,1322
