node_id,parent_id,g,h,f,depth,n_legal_successors,n_pruned,status,all_pruned,f_plateau,timestamp_order
"(((3, 3), (3, 4), (5, 3), (5, 4), (5, 5)), (1, 3))",,0,4.0,4.0,0,8,0,expanded,False,True,0
"(((3, 4), (4, 3), (5, 3), (5, 4), (5, 5)), (1, 3))","(((3, 3), (3, 4), (5, 3), (5, 4), (5, 5)), (1, 3))",1,4.0,5.0,1,3,0,expanded,False,True,1
"(((1, 3), (3, 4), (5, 3), (5, 4), (5, 5)), (1, 4))","(((2, 3), (3, 4), (5, 3), (5, 4), (5, 5)), (2, 1))",2,5,7.0,2,,,pruned,,,2
"(((2, 3), (3, 4), (5, 3), (5, 4), (5, 5)), (2, 1))","(((3, 3), (3, 4), (5, 3), (5, 4), (5, 5)), (1, 3))",1,4.0,5.0,1,7,1,expanded,False,True,3
"(((3, 3), (4, 4), (5, 3), (5, 4), (5, 5)), (1, 3))","(((3, 3), (3, 4), (5, 3), (5, 4), (5, 5)), (1, 3))",1,4.0,5.0,1,4,0,expanded,False,True,4
"(((1, 4), (3, 3), (5, 3), (5, 4), (5, 5)), (1, 3))","(((2, 4), (3, 3), (5, 3), (5, 4), (5, 5)), (1, 3))",2,5,7.0,2,,,pruned,,,5
"(((2, 4), (3, 3), (5, 3), (5, 4), (5, 5)), (1, 3))","(((3, 3), (3, 4), (5, 3), (5, 4), (5, 5)), (1, 3))",1,4.0,5.0,1,8,1,expanded,False,True,6
"(((3, 3), (3, 4), (5, 4), (5, 5), (6, 3)), (1, 3))","(((3, 3), (3, 4), (5, 3), (5, 4), (5, 5)), (1, 3))",1,4.0,5.0,1,6,0,expanded,False,True,7
"(((3, 3), (3, 4), (4, 3), (5, 4), (5, 5)), (1, 3))","(((3, 3), (3, 4), (5, 3), (5, 4), (5, 5)), (1, 3))",1,4.0,5.0,1,3,0,expanded,False,True,8
"(((3, 3), (3, 4), (5, 3), (5, 6), (6, 4)), (1, 3))","(((3, 3), (3, 4), (5, 3), (5, 5), (6, 4)), (1, 3))",2,5,7.0,2,,,pruned,,,9
"(((3, 3), (3, 4), (5, 3), (5, 5), (6, 4)), (1, 3))","(((3, 3), (3, 4), (5, 3), (5, 4), (5, 5)), (1, 3))",1,4.0,5.0,1,10,1,expanded,False,True,10
"(((3, 3), (3, 4), (4, 4), (5, 3), (5, 6)), (1, 3))","(((3, 3), (3, 4), (4, 4), (5, 3), (5, 5)), (1, 3))",2,5,7.0,2,,,pruned,,,11
"(((3, 3), (3, 4), (4, 4), (5, 3), (5, 5)), (1, 3))","(((3, 3), (3, 4), (5, 3), (5, 4), (5, 5)), (1, 3))",1,4.0,5.0,1,8,1,expanded,False,True,12
"(((3, 3), (3, 4), (4, 4), (5, 3), (5, 4)), (1, 3))","(((3, 3), (3, 4), (4, 4), (5, 3), (5, 5)), (1, 3))",2,3.0,5.0,2,4,0,expanded,False,True,13
"(((4, 3), (4, 4), (5, 3), (5, 4), (5, 5)), (1, 3))","(((3, 4), (4, 3), (5, 3), (5, 4), (5, 5)), (1, 3))",2,4.0,6.0,2,0,0,expanded,False,True,14
"(((3, 4), (4, 3), (4, 4), (5, 3), (5, 6)), (1, 3))","(((3, 4), (4, 3), (4, 4), (5, 3), (5, 5)), (1, 3))",3,5,8.0,3,,,pruned,,,15
"(((3, 4), (4, 3), (4, 4), (5, 3), (5, 5)), (1, 3))","(((3, 4), (4, 3), (5, 3), (5, 4), (5, 5)), (1, 3))",2,4.0,6.0,2,4,1,expanded,False,True,16
"(((1, 3), (2, 4), (5, 3), (5, 4), (5, 5)), (2, 1))","(((2, 3), (2, 4), (5, 3), (5, 4), (5, 5)), (2, 1))",3,5,8.0,3,,,pruned,,,17
"(((1, 4), (2, 3), (5, 3), (5, 4), (5, 5)), (2, 1))","(((2, 3), (2, 4), (5, 3), (5, 4), (5, 5)), (2, 1))",3,5,8.0,3,,,pruned,,,18
"(((2, 3), (2, 4), (5, 3), (5, 4), (5, 5)), (2, 1))","(((2, 3), (3, 4), (5, 3), (5, 4), (5, 5)), (2, 1))",2,4.0,6.0,2,6,2,expanded,False,True,19
"(((1, 3), (3, 4), (5, 4), (5, 5), (6, 3)), (1, 4))","(((2, 3), (3, 4), (5, 4), (5, 5), (6, 3)), (2, 1))",3,5,8.0,3,,,pruned,,,20
"(((2, 3), (3, 4), (5, 4), (5, 5), (6, 3)), (2, 1))","(((2, 3), (3, 4), (5, 3), (5, 4), (5, 5)), (2, 1))",2,4.0,6.0,2,5,1,expanded,False,True,21
"(((2, 3), (3, 4), (4, 3), (5, 4), (5, 5)), (2, 1))","(((2, 3), (3, 4), (5, 3), (5, 4), (5, 5)), (2, 1))",2,4.0,6.0,2,4,0,expanded,False,True,22
"(((1, 3), (3, 4), (5, 3), (5, 5), (6, 4)), (1, 4))","(((2, 3), (3, 4), (5, 3), (5, 5), (6, 4)), (2, 1))",3,5,8.0,3,,,pruned,,,23
"(((2, 3), (3, 4), (5, 3), (5, 6), (6, 4)), (2, 1))","(((2, 3), (3, 4), (5, 3), (5, 5), (6, 4)), (2, 1))",3,5,8.0,3,,,pruned,,,24
"(((2, 3), (3, 4), (5, 3), (5, 5), (6, 4)), (2, 1))","(((2, 3), (3, 4), (5, 3), (5, 4), (5, 5)), (2, 1))",2,4.0,6.0,2,9,2,expanded,False,True,25
"(((1, 3), (3, 4), (4, 4), (5, 3), (5, 5)), (1, 4))","(((2, 3), (3, 4), (4, 4), (5, 3), (5, 5)), (2, 1))",3,5,8.0,3,,,pruned,,,26
"(((2, 3), (3, 4), (4, 4), (5, 3), (5, 6)), (2, 1))","(((2, 3), (3, 4), (4, 4), (5, 3), (5, 5)), (2, 1))",3,5,8.0,3,,,pruned,,,27
"(((2, 3), (3, 4), (4, 4), (5, 3), (5, 5)), (2, 1))","(((2, 3), (3, 4), (5, 3), (5, 4), (5, 5)), (2, 1))",2,4.0,6.0,2,8,2,expanded,False,True,28
"(((1, 3), (4, 4), (5, 3), (5, 4), (5, 5)), (1, 4))","(((2, 3), (4, 4), (5, 3), (5, 4), (5, 5)), (1, 3))",3,5,8.0,3,,,pruned,,,29
"(((2, 3), (4, 4), (5, 3), (5, 4), (5, 5)), (1, 3))","(((3, 3), (4, 4), (5, 3), (5, 4), (5, 5)), (1, 3))",2,4.0,6.0,2,6,1,expanded,False,True,30
"(((3, 3), (4, 4), (5, 4), (5, 5), (6, 3)), (1, 3))","(((3, 3), (4, 4), (5, 3), (5, 4), (5, 5)), (1, 3))",2,4.0,6.0,2,3,0,expanded,False,True,31
"(((3, 3), (4, 3), (4, 4), (5, 4), (5, 5)), (1, 3))","(((3, 3), (4, 4), (5, 3), (5, 4), (5, 5)), (1, 3))",2,4.0,6.0,2,0,0,expanded,False,True,32
"(((1, 4), (4, 3), (5, 3), (5, 4), (5, 5)), (1, 3))","(((2, 4), (4, 3), (5, 3), (5, 4), (5, 5)), (1, 3))",3,5,8.0,3,,,pruned,,,33
"(((2, 4), (4, 3), (5, 3), (5, 4), (5, 5)), (1, 3))","(((2, 4), (3, 3), (5, 3), (5, 4), (5, 5)), (1, 3))",2,4.0,6.0,2,6,1,expanded,False,True,34
"(((1, 4), (3, 3), (5, 4), (5, 5), (6, 3)), (1, 3))","(((2, 4), (3, 3), (5, 4), (5, 5), (6, 3)), (1, 3))",3,5,8.0,3,,,pruned,,,35
"(((2, 4), (3, 3), (5, 4), (5, 5), (6, 3)), (1, 3))","(((2, 4), (3, 3), (5, 3), (5, 4), (5, 5)), (1, 3))",2,4.0,6.0,2,6,1,expanded,False,True,36
"(((2, 4), (3, 3), (4, 3), (5, 4), (5, 5)), (1, 3))","(((2, 4), (3, 3), (5, 3), (5, 4), (5, 5)), (1, 3))",2,4.0,6.0,2,3,0,expanded,False,True,37
"(((1, 4), (3, 3), (5, 3), (5, 5), (6, 4)), (1, 3))","(((2, 4), (3, 3), (5, 3), (5, 5), (6, 4)), (1, 3))",3,5,8.0,3,,,pruned,,,38
"(((2, 4), (3, 3), (5, 3), (5, 6), (6, 4)), (1, 3))","(((2, 4), (3, 3), (5, 3), (5, 5), (6, 4)), (1, 3))",3,5,8.0,3,,,pruned,,,39
"(((2, 4), (3, 3), (5, 3), (5, 5), (6, 4)), (1, 3))","(((2, 4), (3, 3), (5, 3), (5, 4), (5, 5)), (1, 3))",2,4.0,6.0,2,10,2,expanded,False,True,40
"(((2, 4), (3, 3), (4, 4), (5, 3), (5, 6)), (1, 3))","(((2, 4), (3, 3), (4, 4), (5, 3), (5, 5)), (1, 3))",3,5,8.0,3,,,pruned,,,41
"(((2, 4), (3, 3), (4, 4), (5, 3), (5, 5)), (1, 3))","(((2, 4), (3, 3), (5, 3), (5, 4), (5, 5)), (1, 3))",2,4.0,6.0,2,10,1,expanded,False,True,42
"(((3, 4), (4, 3), (5, 4), (5, 5), (6, 3)), (1, 3))","(((3, 3), (3, 4), (5, 4), (5, 5), (6, 3)), (1, 3))",2,4.0,6.0,2,5,0,expanded,False,True,43
"(((3, 3), (3, 4), (5, 6), (6, 3), (6, 4)), (1, 3))","(((3, 3), (3, 4), (5, 5), (6, 3), (6, 4)), (1, 3))",3,5,8.0,3,,,pruned,,,44
"(((3, 3), (3, 4), (5, 5), (6, 3), (6, 4)), (1, 3))","(((3, 3), (3, 4), (5, 4), (5, 5), (6, 3)), (1, 3))",2,4.0,6.0,2,5,1,expanded,False,True,45
"(((3, 3), (3, 4), (4, 3), (4, 4), (5, 6)), (1, 3))","(((3, 3), (3, 4), (4, 3), (4, 4), (5, 5)), (1, 3))",3,5,8.0,3,,,pruned,,,46
"(((3, 3), (3, 4), (4, 3), (4, 4), (5, 5)), (1, 3))","(((3, 3), (3, 4), (4, 3), (5, 4), (5, 5)), (1, 3))",2,4.0,6.0,2,2,1,expanded,False,True,47
"(((3, 4), (4, 3), (5, 3), (5, 5), (6, 4)), (1, 3))","(((3, 3), (3, 4), (5, 3), (5, 5), (6, 4)), (1, 3))",2,4.0,6.0,2,4,0,expanded,False,True,48
"(((3, 3), (4, 4), (5, 3), (5, 5), (6, 4)), (1, 3))","(((3, 3), (3, 4), (5, 3), (5, 5), (6, 4)), (1, 3))",2,4.0,6.0,2,7,0,expanded,False,True,49
"(((3, 3), (3, 4), (4, 3), (5, 6), (6, 4)), (1, 3))","(((3, 3), (3, 4), (4, 3), (5, 5), (6, 4)), (1, 3))",3,5,8.0,3,,,pruned,,,50
"(((3, 3), (3, 4), (4, 3), (5, 5), (6, 4)), (1, 3))","(((3, 3), (3, 4), (5, 3), (5, 5), (6, 4)), (1, 3))",2,4.0,6.0,2,6,1,expanded,False,True,51
"(((3, 3), (3, 4), (4, 4), (5, 6), (6, 3)), (1, 3))","(((3, 3), (3, 4), (4, 4), (5, 5), (6, 3)), (1, 3))",3,5,8.0,3,,,pruned,,,52
"(((3, 3), (3, 4), (4, 4), (5, 5), (6, 2)), (1, 3))","(((3, 3), (3, 4), (4, 4), (5, 5), (6, 3)), (1, 3))",3,5,8.0,3,,,pruned,,,53
"(((3, 3), (3, 4), (4, 4), (5, 5), (6, 3)), (1, 3))","(((3, 3), (3, 4), (4, 4), (5, 3), (5, 5)), (1, 3))",2,4.0,6.0,2,6,2,expanded,False,True,54
"(((3, 4), (4, 3), (4, 4), (5, 3), (5, 4)), (1, 3))","(((3, 3), (3, 4), (4, 4), (5, 3), (5, 4)), (1, 3))",3,3.0,6.0,3,0,0,expanded,False,True,55
"(((1, 3), (3, 4), (4, 4), (5, 3), (5, 4)), (1, 4))","(((2, 3), (3, 4), (4, 4), (5, 3), (5, 4)), (2, 1))",4,4,8.0,4,,,pruned,,,56
"(((2, 3), (3, 4), (4, 4), (5, 3), (5, 4)), (2, 1))","(((3, 3), (3, 4), (4, 4), (5, 3), (5, 4)), (1, 3))",3,3.0,6.0,3,4,1,expanded,False,True,57
"(((3, 3), (3, 4), (4, 4), (5, 4), (6, 3)), (1, 3))","(((3, 3), (3, 4), (4, 4), (5, 3), (5, 4)), (1, 3))",3,3.0,6.0,3,4,0,expanded,False,True,58
"(((3, 3), (3, 4), (4, 3), (4, 4), (5, 4)), (1, 3))","(((3, 3), (3, 4), (4, 4), (5, 3), (5, 4)), (1, 3))",3,3.0,6.0,3,2,0,expanded,False,True,59
"(((2, 4), (3, 3), (4, 4), (5, 3), (5, 4)), (1, 3))","(((2, 4), (3, 3), (4, 4), (5, 3), (5, 5)), (1, 3))",3,3.0,6.0,3,5,0,expanded,False,True,60
"(((3, 3), (3, 4), (4, 4), (5, 4), (6, 2)), (1, 3))","(((3, 3), (3, 4), (4, 4), (5, 4), (6, 3)), (5, 5))",4,4,8.0,4,,,pruned,,,61
"(((3, 3), (3, 4), (4, 4), (5, 4), (6, 3)), (5, 5))","(((3, 3), (3, 4), (4, 4), (5, 5), (6, 3)), (1, 3))",3,3.0,6.0,3,2,1,expanded,False,True,62
"(((3, 3), (3, 4), (4, 3), (4, 4), (5, 3)), (1, 3))","(((3, 3), (3, 4), (4, 3), (4, 4), (5, 4)), (1, 3))",4,2.0,6.0,4,2,0,expanded,False,True,63
"(((3, 3), (3, 4), (4, 4), (5, 3), (6, 2)), (5, 4))","(((3, 3), (3, 4), (4, 4), (5, 3), (6, 3)), (5, 4))",5,3,8.0,5,,,pruned,,,64
"(((3, 3), (3, 4), (4, 4), (5, 3), (6, 3)), (5, 4))","(((3, 3), (3, 4), (4, 4), (5, 4), (6, 3)), (5, 5))",4,2.0,6.0,4,2,1,expanded,False,True,65
"(((3, 4), (4, 4), (5, 3), (5, 4), (5, 5)), (1, 3))","(((3, 4), (4, 3), (5, 3), (5, 4), (5, 5)), (1, 3))",2,5.0,7.0,2,2,0,expanded,False,True,66
"(((2, 4), (3, 4), (5, 3), (5, 4), (5, 5)), (1, 3))","(((2, 3), (3, 4), (5, 3), (5, 4), (5, 5)), (2, 1))",2,5.0,7.0,2,4,0,expanded,False,True,67
"(((3, 3), (3, 4), (5, 4), (5, 5), (6, 4)), (1, 3))","(((3, 3), (3, 4), (5, 4), (5, 5), (6, 3)), (1, 3))",2,5.0,7.0,2,5,0,expanded,False,True,68
"(((3, 3), (3, 4), (4, 4), (5, 4), (5, 5)), (1, 3))","(((3, 3), (3, 4), (4, 3), (5, 4), (5, 5)), (1, 3))",2,5.0,7.0,2,2,0,expanded,False,True,69
"(((3, 3), (3, 4), (5, 2), (5, 6), (6, 4)), (1, 3))","(((3, 3), (3, 4), (5, 2), (5, 5), (6, 4)), (1, 3))",3,6,9.0,3,,,pruned,,,70
"(((3, 3), (3, 4), (5, 5), (6, 2), (6, 4)), (1, 3))","(((3, 3), (3, 4), (5, 2), (5, 5), (6, 4)), (1, 3))",3,5,8.0,3,,,pruned,,,71
"(((3, 3), (3, 4), (5, 1), (5, 5), (6, 4)), (1, 3))","(((3, 3), (3, 4), (5, 2), (5, 5), (6, 4)), (1, 3))",3,6,9.0,3,,,pruned,,,72
"(((3, 3), (3, 4), (5, 2), (5, 5), (6, 4)), (1, 3))","(((3, 3), (3, 4), (5, 3), (5, 5), (6, 4)), (1, 3))",2,5.0,7.0,2,10,3,expanded,False,True,73
"(((3, 3), (3, 4), (5, 3), (5, 6), (6, 5)), (1, 3))","(((3, 3), (3, 4), (5, 3), (5, 5), (6, 5)), (1, 3))",3,6,9.0,3,,,pruned,,,74
"(((3, 3), (3, 4), (5, 3), (5, 5), (6, 6)), (1, 3))","(((3, 3), (3, 4), (5, 3), (5, 5), (6, 5)), (1, 3))",3,6,9.0,3,,,pruned,,,75
"(((3, 3), (3, 4), (5, 3), (5, 5), (6, 5)), (1, 3))","(((3, 3), (3, 4), (5, 3), (5, 5), (6, 4)), (1, 3))",2,5.0,7.0,2,10,2,expanded,False,True,76
"(((3, 3), (3, 4), (4, 4), (5, 2), (5, 6)), (1, 3))","(((3, 3), (3, 4), (4, 4), (5, 2), (5, 5)), (1, 3))",3,6,9.0,3,,,pruned,,,77
"(((3, 3), (3, 4), (4, 4), (5, 5), (6, 2)), (1, 3))","(((3, 3), (3, 4), (4, 4), (5, 2), (5, 5)), (1, 3))",3,5,8.0,3,,,pruned,,,78
"(((3, 3), (3, 4), (4, 4), (5, 1), (5, 5)), (1, 3))","(((3, 3), (3, 4), (4, 4), (5, 2), (5, 5)), (1, 3))",3,6,9.0,3,,,pruned,,,79
"(((3, 3), (3, 4), (4, 4), (5, 2), (5, 5)), (1, 3))","(((3, 3), (3, 4), (4, 4), (5, 3), (5, 5)), (1, 3))",2,5.0,7.0,2,8,3,expanded,False,True,80
"(((1, 3), (2, 4), (5, 4), (5, 5), (6, 3)), (2, 1))","(((2, 3), (2, 4), (5, 4), (5, 5), (6, 3)), (2, 1))",4,5,9.0,4,,,pruned,,,81
"(((1, 4), (2, 3), (5, 4), (5, 5), (6, 3)), (2, 1))","(((2, 3), (2, 4), (5, 4), (5, 5), (6, 3)), (2, 1))",4,5,9.0,4,,,pruned,,,82
"(((2, 3), (2, 4), (5, 4), (5, 5), (6, 3)), (2, 1))","(((2, 3), (2, 4), (5, 3), (5, 4), (5, 5)), (2, 1))",3,4.0,7.0,3,4,2,expanded,False,True,83
"(((2, 3), (2, 4), (4, 3), (5, 4), (5, 5)), (2, 1))","(((2, 3), (2, 4), (5, 3), (5, 4), (5, 5)), (2, 1))",3,4.0,7.0,3,3,0,expanded,False,True,84
"(((1, 3), (2, 4), (5, 3), (5, 5), (6, 4)), (2, 1))","(((2, 3), (2, 4), (5, 3), (5, 5), (6, 4)), (2, 1))",4,5,9.0,4,,,pruned,,,85
"(((1, 4), (2, 3), (5, 3), (5, 5), (6, 4)), (2, 1))","(((2, 3), (2, 4), (5, 3), (5, 5), (6, 4)), (2, 1))",4,5,9.0,4,,,pruned,,,86
"(((2, 3), (2, 4), (5, 3), (5, 6), (6, 4)), (2, 1))","(((2, 3), (2, 4), (5, 3), (5, 5), (6, 4)), (2, 1))",4,5,9.0,4,,,pruned,,,87
"(((2, 3), (2, 4), (5, 3), (5, 5), (6, 4)), (2, 1))","(((2, 3), (2, 4), (5, 3), (5, 4), (5, 5)), (2, 1))",3,4.0,7.0,3,8,3,expanded,False,True,88
"(((1, 3), (2, 4), (4, 4), (5, 3), (5, 5)), (2, 1))","(((2, 3), (2, 4), (4, 4), (5, 3), (5, 5)), (2, 1))",4,5,9.0,4,,,pruned,,,89
"(((1, 4), (2, 3), (4, 4), (5, 3), (5, 5)), (2, 1))","(((2, 3), (2, 4), (4, 4), (5, 3), (5, 5)), (2, 1))",4,5,9.0,4,,,pruned,,,90
"(((2, 3), (2, 4), (4, 4), (5, 3), (5, 6)), (2, 1))","(((2, 3), (2, 4), (4, 4), (5, 3), (5, 5)), (2, 1))",4,5,9.0,4,,,pruned,,,91
"(((2, 3), (2, 4), (4, 4), (5, 3), (5, 5)), (2, 1))","(((2, 3), (2, 4), (5, 3), (5, 4), (5, 5)), (2, 1))",3,4.0,7.0,3,10,3,expanded,False,True,92
"(((1, 3), (3, 4), (5, 5), (6, 3), (6, 4)), (1, 4))","(((2, 3), (3, 4), (5, 5), (6, 3), (6, 4)), (2, 1))",4,5,9.0,4,,,pruned,,,93
"(((2, 3), (3, 4), (5, 6), (6, 3), (6, 4)), (2, 1))","(((2, 3), (3, 4), (5, 5), (6, 3), (6, 4)), (2, 1))",4,5,9.0,4,,,pruned,,,94
"(((2, 3), (3, 4), (5, 5), (6, 3), (6, 4)), (2, 1))","(((2, 3), (3, 4), (5, 4), (5, 5), (6, 3)), (2, 1))",3,4.0,7.0,3,4,2,expanded,False,True,95
"(((2, 3), (3, 3), (3, 4), (5, 4), (5, 5)), (2, 1))","(((2, 3), (3, 4), (4, 3), (5, 4), (5, 5)), (2, 1))",3,4.0,7.0,3,4,0,expanded,False,True,96
"(((2, 3), (3, 4), (4, 3), (4, 4), (5, 6)), (2, 1))","(((2, 3), (3, 4), (4, 3), (4, 4), (5, 5)), (2, 1))",4,5,9.0,4,,,pruned,,,97
"(((2, 3), (3, 4), (4, 3), (4, 4), (5, 5)), (2, 1))","(((2, 3), (3, 4), (4, 3), (5, 4), (5, 5)), (2, 1))",3,4.0,7.0,3,4,1,expanded,False,True,98
"(((2, 3), (3, 4), (4, 3), (5, 6), (6, 4)), (2, 1))","(((2, 3), (3, 4), (4, 3), (5, 5), (6, 4)), (2, 1))",4,5,9.0,4,,,pruned,,,99
"(((2, 3), (3, 4), (4, 3), (5, 5), (6, 4)), (2, 1))","(((2, 3), (3, 4), (5, 3), (5, 5), (6, 4)), (2, 1))",3,4.0,7.0,3,7,1,expanded,False,True,100
"(((1, 3), (3, 4), (4, 4), (5, 5), (6, 3)), (1, 4))","(((2, 3), (3, 4), (4, 4), (5, 5), (6, 3)), (2, 1))",4,5,9.0,4,,,pruned,,,101
"(((2, 3), (3, 4), (4, 4), (5, 6), (6, 3)), (2, 1))","(((2, 3), (3, 4), (4, 4), (5, 5), (6, 3)), (2, 1))",4,5,9.0,4,,,pruned,,,102
"(((2, 3), (3, 4), (4, 4), (5, 5), (6, 2)), (2, 1))","(((2, 3), (3, 4), (4, 4), (5, 5), (6, 3)), (2, 1))",4,5,9.0,4,,,pruned,,,103
"(((2, 3), (3, 4), (4, 4), (5, 5), (6, 3)), (2, 1))","(((2, 3), (3, 4), (4, 4), (5, 3), (5, 5)), (2, 1))",3,4.0,7.0,3,6,3,expanded,False,True,104
"(((1, 3), (4, 4), (5, 4), (5, 5), (6, 3)), (1, 4))","(((2, 3), (4, 4), (5, 4), (5, 5), (6, 3)), (1, 3))",4,5,9.0,4,,,pruned,,,105
"(((2, 3), (4, 4), (5, 4), (5, 5), (6, 3)), (1, 3))","(((2, 3), (4, 4), (5, 3), (5, 4), (5, 5)), (1, 3))",3,4.0,7.0,3,5,1,expanded,False,True,106
"(((2, 3), (4, 3), (4, 4), (5, 4), (5, 5)), (2, 1))","(((2, 3), (4, 4), (5, 3), (5, 4), (5, 5)), (1, 3))",3,4.0,7.0,3,2,0,expanded,False,True,107
"(((4, 3), (4, 4), (5, 4), (5, 5), (6, 3)), (1, 3))","(((3, 3), (4, 4), (5, 4), (5, 5), (6, 3)), (1, 3))",3,4.0,7.0,3,3,0,expanded,False,True,108
"(((1, 4), (4, 3), (5, 3), (5, 5), (6, 4)), (1, 3))","(((2, 4), (4, 3), (5, 3), (5, 5), (6, 4)), (1, 3))",4,5,9.0,4,,,pruned,,,109
"(((2, 4), (4, 3), (5, 3), (5, 6), (6, 4)), (1, 3))","(((2, 4), (4, 3), (5, 3), (5, 5), (6, 4)), (1, 3))",4,5,9.0,4,,,pruned,,,110
"(((2, 4), (4, 3), (5, 3), (5, 5), (6, 4)), (1, 3))","(((2, 4), (4, 3), (5, 3), (5, 4), (5, 5)), (1, 3))",3,4.0,7.0,3,8,2,expanded,False,True,111
"(((1, 4), (4, 3), (4, 4), (5, 3), (5, 5)), (1, 3))","(((2, 4), (4, 3), (4, 4), (5, 3), (5, 5)), (1, 3))",4,5,9.0,4,,,pruned,,,112
"(((2, 4), (4, 3), (4, 4), (5, 3), (5, 6)), (1, 3))","(((2, 4), (4, 3), (4, 4), (5, 3), (5, 5)), (1, 3))",4,5,9.0,4,,,pruned,,,113
"(((2, 4), (4, 3), (4, 4), (5, 3), (5, 5)), (1, 3))","(((2, 4), (4, 3), (5, 3), (5, 4), (5, 5)), (1, 3))",3,4.0,7.0,3,8,2,expanded,False,True,114
"(((1, 4), (4, 3), (5, 4), (5, 5), (6, 3)), (1, 3))","(((2, 4), (4, 3), (5, 4), (5, 5), (6, 3)), (1, 3))",4,5,9.0,4,,,pruned,,,115
"(((2, 4), (4, 3), (5, 4), (5, 5), (6, 3)), (1, 3))","(((2, 4), (3, 3), (5, 4), (5, 5), (6, 3)), (1, 3))",3,4.0,7.0,3,8,1,expanded,False,True,116
"(((1, 4), (3, 3), (5, 5), (6, 3), (6, 4)), (1, 3))","(((2, 4), (3, 3), (5, 5), (6, 3), (6, 4)), (1, 3))",4,5,9.0,4,,,pruned,,,117
"(((2, 4), (3, 3), (5, 6), (6, 3), (6, 4)), (1, 3))","(((2, 4), (3, 3), (5, 5), (6, 3), (6, 4)), (1, 3))",4,5,9.0,4,,,pruned,,,118
"(((2, 4), (3, 3), (5, 5), (6, 3), (6, 4)), (1, 3))","(((2, 4), (3, 3), (5, 4), (5, 5), (6, 3)), (1, 3))",3,4.0,7.0,3,5,2,expanded,False,True,119
"(((2, 4), (3, 3), (4, 3), (4, 4), (5, 6)), (1, 3))","(((2, 4), (3, 3), (4, 3), (4, 4), (5, 5)), (1, 3))",4,5,9.0,4,,,pruned,,,120
"(((2, 4), (3, 3), (4, 3), (4, 4), (5, 5)), (1, 3))","(((2, 4), (3, 3), (4, 3), (5, 4), (5, 5)), (1, 3))",3,4.0,7.0,3,4,1,expanded,False,True,121
"(((1, 4), (3, 3), (4, 3), (5, 5), (6, 4)), (1, 3))","(((2, 4), (3, 3), (4, 3), (5, 5), (6, 4)), (1, 3))",4,5,9.0,4,,,pruned,,,122
"(((2, 4), (3, 3), (4, 3), (5, 6), (6, 4)), (1, 3))","(((2, 4), (3, 3), (4, 3), (5, 5), (6, 4)), (1, 3))",4,5,9.0,4,,,pruned,,,123
"(((2, 4), (3, 3), (4, 3), (5, 5), (6, 4)), (1, 3))","(((2, 4), (3, 3), (5, 3), (5, 5), (6, 4)), (1, 3))",3,4.0,7.0,3,6,2,expanded,False,True,124
"(((2, 4), (3, 3), (3, 4), (5, 3), (5, 6)), (1, 3))","(((2, 4), (3, 3), (3, 4), (5, 3), (5, 5)), (1, 3))",4,5,9.0,4,,,pruned,,,125
"(((2, 4), (3, 3), (3, 4), (5, 3), (5, 5)), (1, 3))","(((2, 4), (3, 3), (4, 4), (5, 3), (5, 5)), (1, 3))",3,4.0,7.0,3,8,1,expanded,False,True,126
"(((2, 4), (3, 3), (4, 4), (5, 6), (6, 3)), (1, 3))","(((2, 4), (3, 3), (4, 4), (5, 5), (6, 3)), (1, 3))",4,5,9.0,4,,,pruned,,,127
"(((2, 4), (3, 3), (4, 4), (5, 5), (6, 2)), (1, 3))","(((2, 4), (3, 3), (4, 4), (5, 5), (6, 3)), (1, 3))",4,5,9.0,4,,,pruned,,,128
"(((2, 4), (3, 3), (4, 4), (5, 5), (6, 3)), (1, 3))","(((2, 4), (3, 3), (4, 4), (5, 3), (5, 5)), (1, 3))",3,4.0,7.0,3,8,2,expanded,False,True,129
"(((3, 4), (5, 3), (5, 4), (5, 5), (6, 3)), (1, 3))","(((3, 4), (4, 3), (5, 4), (5, 5), (6, 3)), (1, 3))",3,4.0,7.0,3,4,0,expanded,False,True,130
"(((3, 4), (4, 3), (5, 6), (6, 3), (6, 4)), (1, 3))","(((3, 4), (4, 3), (5, 5), (6, 3), (6, 4)), (1, 3))",4,5,9.0,4,,,pruned,,,131
"(((3, 4), (4, 3), (5, 5), (6, 3), (6, 4)), (1, 3))","(((3, 3), (3, 4), (5, 5), (6, 3), (6, 4)), (1, 3))",3,4.0,7.0,3,7,1,expanded,False,True,132
"(((3, 3), (4, 4), (5, 6), (6, 3), (6, 4)), (1, 3))","(((3, 3), (4, 4), (5, 5), (6, 3), (6, 4)), (1, 3))",4,5,9.0,4,,,pruned,,,133
"(((3, 3), (4, 4), (5, 5), (6, 3), (6, 4)), (1, 3))","(((3, 3), (3, 4), (5, 5), (6, 3), (6, 4)), (1, 3))",3,4.0,7.0,3,5,1,expanded,False,True,134
"(((4, 3), (4, 4), (5, 3), (5, 5), (6, 4)), (1, 3))","(((3, 4), (4, 3), (5, 3), (5, 5), (6, 4)), (1, 3))",3,4.0,7.0,3,3,0,expanded,False,True,135
"(((3, 3), (5, 3), (5, 4), (5, 5), (6, 4)), (1, 3))","(((3, 3), (4, 4), (5, 3), (5, 5), (6, 4)), (1, 3))",3,4.0,7.0,3,5,0,expanded,False,True,136
"(((1, 3), (4, 4), (5, 3), (5, 5), (6, 4)), (1, 4))","(((2, 3), (4, 4), (5, 3), (5, 5), (6, 4)), (1, 3))",4,5,9.0,4,,,pruned,,,137
"(((2, 3), (4, 4), (5, 3), (5, 5), (6, 4)), (1, 3))","(((3, 3), (4, 4), (5, 3), (5, 5), (6, 4)), (1, 3))",3,4.0,7.0,3,9,1,expanded,False,True,138
"(((3, 3), (4, 3), (4, 4), (5, 6), (6, 4)), (1, 3))","(((3, 3), (4, 3), (4, 4), (5, 5), (6, 4)), (1, 3))",4,5,9.0,4,,,pruned,,,139
"(((3, 3), (4, 3), (4, 4), (5, 5), (6, 4)), (1, 3))","(((3, 3), (4, 4), (5, 3), (5, 5), (6, 4)), (1, 3))",3,4.0,7.0,3,4,1,expanded,False,True,140
"(((3, 4), (4, 3), (4, 4), (5, 6), (6, 3)), (1, 3))","(((3, 4), (4, 3), (4, 4), (5, 5), (6, 3)), (1, 3))",4,5,9.0,4,,,pruned,,,141
"(((3, 4), (4, 3), (4, 4), (5, 5), (6, 2)), (1, 3))","(((3, 4), (4, 3), (4, 4), (5, 5), (6, 3)), (1, 3))",4,5,9.0,4,,,pruned,,,142
"(((3, 4), (4, 3), (4, 4), (5, 5), (6, 3)), (1, 3))","(((3, 3), (3, 4), (4, 4), (5, 5), (6, 3)), (1, 3))",3,4.0,7.0,3,6,2,expanded,False,True,143
"(((3, 3), (3, 4), (4, 4), (5, 4), (6, 2)), (1, 3))","(((3, 3), (3, 4), (4, 4), (5, 2), (5, 4)), (1, 3))",4,4,8.0,4,,,pruned,,,144
"(((3, 3), (3, 4), (4, 4), (5, 1), (5, 4)), (1, 3))","(((3, 3), (3, 4), (4, 4), (5, 2), (5, 4)), (1, 3))",4,5,9.0,4,,,pruned,,,145
"(((3, 3), (3, 4), (4, 4), (5, 2), (5, 4)), (1, 3))","(((3, 3), (3, 4), (4, 4), (5, 2), (5, 5)), (1, 3))",3,4.0,7.0,3,8,2,expanded,False,True,146
"(((1, 3), (3, 4), (4, 4), (5, 4), (6, 3)), (1, 4))","(((2, 3), (3, 4), (4, 4), (5, 4), (6, 3)), (2, 1))",5,4,9.0,5,,,pruned,,,147
"(((2, 3), (3, 4), (4, 4), (5, 4), (6, 3)), (2, 1))","(((2, 3), (3, 4), (4, 4), (5, 3), (5, 4)), (2, 1))",4,3.0,7.0,4,4,1,expanded,False,True,148
"(((2, 3), (3, 4), (4, 3), (4, 4), (5, 4)), (2, 1))","(((2, 3), (3, 4), (4, 4), (5, 3), (5, 4)), (2, 1))",4,3.0,7.0,4,4,0,expanded,False,True,149
"(((3, 4), (4, 3), (4, 4), (5, 4), (6, 3)), (1, 3))","(((3, 3), (3, 4), (4, 4), (5, 4), (6, 3)), (1, 3))",4,3.0,7.0,4,4,0,expanded,False,True,150
"(((1, 4), (4, 3), (4, 4), (5, 3), (5, 4)), (1, 3))","(((2, 4), (4, 3), (4, 4), (5, 3), (5, 4)), (1, 3))",5,4,9.0,5,,,pruned,,,151
"(((2, 4), (4, 3), (4, 4), (5, 3), (5, 4)), (1, 3))","(((2, 4), (3, 3), (4, 4), (5, 3), (5, 4)), (1, 3))",4,3.0,7.0,4,2,1,expanded,False,True,152
"(((1, 3), (2, 4), (4, 4), (5, 3), (5, 4)), (2, 1))","(((2, 3), (2, 4), (4, 4), (5, 3), (5, 4)), (2, 1))",5,4,9.0,5,,,pruned,,,153
"(((1, 4), (2, 3), (4, 4), (5, 3), (5, 4)), (2, 1))","(((2, 3), (2, 4), (4, 4), (5, 3), (5, 4)), (2, 1))",5,4,9.0,5,,,pruned,,,154
"(((2, 3), (2, 4), (4, 4), (5, 3), (5, 4)), (2, 1))","(((2, 4), (3, 3), (4, 4), (5, 3), (5, 4)), (1, 3))",4,3.0,7.0,4,4,2,expanded,False,True,155
"(((2, 4), (3, 3), (4, 4), (5, 4), (6, 3)), (1, 3))","(((2, 4), (3, 3), (4, 4), (5, 3), (5, 4)), (1, 3))",4,3.0,7.0,4,5,0,expanded,False,True,156
"(((2, 4), (3, 3), (4, 3), (4, 4), (5, 4)), (1, 3))","(((2, 4), (3, 3), (4, 4), (5, 3), (5, 4)), (1, 3))",4,3.0,7.0,4,3,0,expanded,False,True,157
"(((2, 3), (3, 4), (4, 4), (5, 4), (6, 2)), (2, 1))","(((2, 3), (3, 4), (4, 4), (5, 4), (6, 3)), (5, 5))",5,4,9.0,5,,,pruned,,,158
"(((2, 3), (3, 4), (4, 4), (5, 4), (6, 3)), (5, 5))","(((2, 3), (3, 4), (4, 4), (5, 5), (6, 3)), (2, 1))",4,3.0,7.0,4,2,1,expanded,False,True,159
"(((2, 4), (3, 3), (3, 4), (5, 3), (5, 4)), (1, 3))","(((2, 4), (3, 3), (3, 4), (5, 3), (5, 5)), (1, 3))",4,3.0,7.0,4,6,0,expanded,False,True,160
"(((2, 4), (3, 3), (4, 4), (5, 4), (6, 2)), (1, 3))","(((2, 4), (3, 3), (4, 4), (5, 4), (6, 3)), (5, 5))",5,4,9.0,5,,,pruned,,,161
"(((2, 4), (3, 3), (4, 4), (5, 4), (6, 3)), (5, 5))","(((2, 4), (3, 3), (4, 4), (5, 5), (6, 3)), (1, 3))",4,3.0,7.0,4,2,1,expanded,False,True,162
"(((3, 4), (4, 3), (4, 4), (5, 4), (6, 2)), (1, 3))","(((3, 4), (4, 3), (4, 4), (5, 4), (6, 3)), (5, 5))",5,4,9.0,5,,,pruned,,,163
"(((3, 4), (4, 3), (4, 4), (5, 4), (6, 3)), (5, 5))","(((3, 4), (4, 3), (4, 4), (5, 5), (6, 3)), (1, 3))",4,3.0,7.0,4,2,1,expanded,False,True,164
"(((3, 3), (3, 4), (4, 4), (5, 2), (5, 3)), (5, 4))","(((3, 3), (3, 4), (4, 4), (5, 2), (5, 4)), (1, 3))",4,3.0,7.0,4,2,0,expanded,False,True,165
"(((2, 3), (3, 4), (4, 3), (4, 4), (5, 3)), (2, 1))","(((2, 3), (3, 4), (4, 3), (4, 4), (5, 4)), (2, 1))",5,2.0,7.0,5,3,0,expanded,False,True,166
"(((2, 4), (3, 3), (4, 3), (4, 4), (5, 3)), (1, 3))","(((2, 4), (3, 3), (4, 3), (4, 4), (5, 4)), (1, 3))",5,2.0,7.0,5,4,0,expanded,False,True,167
"(((2, 3), (3, 4), (4, 4), (5, 3), (6, 2)), (5, 4))","(((2, 3), (3, 4), (4, 4), (5, 3), (6, 3)), (5, 4))",6,3,9.0,6,,,pruned,,,168
"(((2, 3), (3, 4), (4, 4), (5, 3), (6, 3)), (5, 4))","(((2, 3), (3, 4), (4, 4), (5, 4), (6, 3)), (5, 5))",5,2.0,7.0,5,2,1,expanded,False,True,169
"(((2, 4), (3, 3), (4, 4), (5, 3), (6, 2)), (5, 4))","(((2, 4), (3, 3), (4, 4), (5, 3), (6, 3)), (5, 4))",6,3,9.0,6,,,pruned,,,170
"(((2, 4), (3, 3), (4, 4), (5, 3), (6, 3)), (5, 4))","(((2, 4), (3, 3), (4, 4), (5, 4), (6, 3)), (5, 5))",5,2.0,7.0,5,3,1,expanded,False,True,171
"(((3, 4), (4, 3), (4, 4), (5, 3), (6, 2)), (5, 4))","(((3, 4), (4, 3), (4, 4), (5, 3), (6, 3)), (5, 4))",6,3,9.0,6,,,pruned,,,172
"(((3, 4), (4, 3), (4, 4), (5, 3), (6, 3)), (5, 4))","(((3, 4), (4, 3), (4, 4), (5, 4), (6, 3)), (5, 5))",5,2.0,7.0,5,2,1,expanded,False,True,173
"(((3, 4), (4, 3), (4, 4), (5, 4), (5, 5)), (1, 3))","(((3, 4), (4, 3), (4, 4), (5, 3), (5, 5)), (1, 3))",3,5.0,8.0,3,2,0,expanded,False,True,174
"(((3, 4), (4, 3), (4, 4), (5, 2), (5, 6)), (5, 3))","(((3, 4), (4, 3), (4, 4), (5, 2), (5, 5)), (5, 3))",4,6,10.0,4,,,pruned,,,175
"(((3, 4), (4, 3), (4, 4), (5, 1), (5, 5)), (1, 3))","(((3, 4), (4, 3), (4, 4), (5, 2), (5, 5)), (5, 3))",4,6,10.0,4,,,pruned,,,176
"(((3, 4), (4, 3), (4, 4), (5, 2), (5, 5)), (5, 3))","(((3, 4), (4, 3), (4, 4), (5, 3), (5, 5)), (1, 3))",3,5.0,8.0,3,5,2,expanded,False,True,177
"(((2, 4), (3, 4), (5, 4), (5, 5), (6, 3)), (1, 3))","(((2, 3), (3, 4), (5, 4), (5, 5), (6, 3)), (2, 1))",3,5.0,8.0,3,2,0,expanded,False,True,178
"(((1, 3), (3, 4), (5, 4), (5, 5), (6, 4)), (1, 4))","(((2, 3), (3, 4), (5, 4), (5, 5), (6, 4)), (2, 1))",4,6,10.0,4,,,pruned,,,179
"(((2, 3), (3, 4), (5, 4), (5, 5), (6, 4)), (2, 1))","(((2, 3), (3, 4), (5, 4), (5, 5), (6, 3)), (2, 1))",3,5.0,8.0,3,4,1,expanded,False,True,180
"(((2, 4), (3, 4), (4, 3), (5, 4), (5, 5)), (1, 3))","(((2, 3), (3, 4), (4, 3), (5, 4), (5, 5)), (2, 1))",3,5.0,8.0,3,4,0,expanded,False,True,181
"(((1, 3), (3, 4), (4, 4), (5, 4), (5, 5)), (1, 4))","(((2, 3), (3, 4), (4, 4), (5, 4), (5, 5)), (2, 1))",4,6,10.0,4,,,pruned,,,182
"(((2, 3), (3, 4), (4, 4), (5, 4), (5, 5)), (2, 1))","(((2, 3), (3, 4), (4, 3), (5, 4), (5, 5)), (2, 1))",3,5.0,8.0,3,2,1,expanded,False,True,183
"(((2, 4), (3, 4), (5, 3), (5, 6), (6, 4)), (1, 3))","(((2, 4), (3, 4), (5, 3), (5, 5), (6, 4)), (1, 3))",4,6,10.0,4,,,pruned,,,184
"(((2, 4), (3, 4), (5, 3), (5, 5), (6, 4)), (1, 3))","(((2, 3), (3, 4), (5, 3), (5, 5), (6, 4)), (2, 1))",3,5.0,8.0,3,6,1,expanded,False,True,185
"(((1, 3), (3, 4), (5, 2), (5, 5), (6, 4)), (1, 4))","(((2, 3), (3, 4), (5, 2), (5, 5), (6, 4)), (2, 1))",4,6,10.0,4,,,pruned,,,186
"(((2, 3), (3, 4), (5, 2), (5, 6), (6, 4)), (2, 1))","(((2, 3), (3, 4), (5, 2), (5, 5), (6, 4)), (2, 1))",4,6,10.0,4,,,pruned,,,187
"(((2, 3), (3, 4), (5, 5), (6, 2), (6, 4)), (2, 1))","(((2, 3), (3, 4), (5, 2), (5, 5), (6, 4)), (2, 1))",4,5,9.0,4,,,pruned,,,188
"(((2, 3), (3, 4), (5, 1), (5, 5), (6, 4)), (2, 1))","(((2, 3), (3, 4), (5, 2), (5, 5), (6, 4)), (2, 1))",4,6,10.0,4,,,pruned,,,189
"(((2, 3), (3, 4), (5, 2), (5, 5), (6, 4)), (2, 1))","(((2, 3), (3, 4), (5, 3), (5, 5), (6, 4)), (2, 1))",3,5.0,8.0,3,9,4,expanded,False,True,190
"(((1, 3), (3, 4), (5, 3), (5, 5), (6, 5)), (1, 4))","(((2, 3), (3, 4), (5, 3), (5, 5), (6, 5)), (2, 1))",4,6,10.0,4,,,pruned,,,191
"(((2, 3), (3, 4), (5, 3), (5, 6), (6, 5)), (2, 1))","(((2, 3), (3, 4), (5, 3), (5, 5), (6, 5)), (2, 1))",4,6,10.0,4,,,pruned,,,192
"(((2, 3), (3, 4), (5, 3), (5, 5), (6, 6)), (2, 1))","(((2, 3), (3, 4), (5, 3), (5, 5), (6, 5)), (2, 1))",4,6,10.0,4,,,pruned,,,193
"(((2, 3), (3, 4), (5, 3), (5, 5), (6, 5)), (2, 1))","(((2, 3), (3, 4), (5, 3), (5, 5), (6, 4)), (2, 1))",3,5.0,8.0,3,9,3,expanded,False,True,194
"(((2, 4), (3, 4), (4, 4), (5, 3), (5, 6)), (1, 3))","(((2, 4), (3, 4), (4, 4), (5, 3), (5, 5)), (1, 3))",4,6,10.0,4,,,pruned,,,195
"(((2, 4), (3, 4), (4, 4), (5, 3), (5, 5)), (1, 3))","(((2, 3), (3, 4), (4, 4), (5, 3), (5, 5)), (2, 1))",3,5.0,8.0,3,6,1,expanded,False,True,196
"(((1, 3), (3, 4), (4, 4), (5, 2), (5, 5)), (1, 4))","(((2, 3), (3, 4), (4, 4), (5, 2), (5, 5)), (2, 1))",4,6,10.0,4,,,pruned,,,197
"(((2, 3), (3, 4), (4, 4), (5, 2), (5, 6)), (2, 1))","(((2, 3), (3, 4), (4, 4), (5, 2), (5, 5)), (2, 1))",4,6,10.0,4,,,pruned,,,198
"(((2, 3), (3, 4), (4, 4), (5, 5), (6, 2)), (2, 1))","(((2, 3), (3, 4), (4, 4), (5, 2), (5, 5)), (2, 1))",4,5,9.0,4,,,pruned,,,199
"(((2, 3), (3, 4), (4, 4), (5, 1), (5, 5)), (2, 1))","(((2, 3), (3, 4), (4, 4), (5, 2), (5, 5)), (2, 1))",4,6,10.0,4,,,pruned,,,200
"(((2, 3), (3, 4), (4, 4), (5, 2), (5, 5)), (2, 1))","(((2, 3), (3, 4), (4, 4), (5, 3), (5, 5)), (2, 1))",3,5.0,8.0,3,8,4,expanded,False,True,201
"(((1, 4), (4, 4), (5, 3), (5, 4), (5, 5)), (1, 3))","(((2, 4), (4, 4), (5, 3), (5, 4), (5, 5)), (1, 3))",4,6,10.0,4,,,pruned,,,202
"(((2, 4), (4, 4), (5, 3), (5, 4), (5, 5)), (1, 3))","(((2, 3), (4, 4), (5, 3), (5, 4), (5, 5)), (1, 3))",3,5.0,8.0,3,4,1,expanded,False,True,203
"(((2, 1), (4, 4), (5, 3), (5, 4), (5, 5)), (1, 3))","(((2, 2), (4, 4), (5, 3), (5, 4), (5, 5)), (1, 3))",4,6,10.0,4,,,pruned,,,204
"(((2, 2), (4, 4), (5, 3), (5, 4), (5, 5)), (1, 3))","(((2, 3), (4, 4), (5, 3), (5, 4), (5, 5)), (1, 3))",3,5.0,8.0,3,4,1,expanded,False,True,205
"(((3, 3), (4, 4), (5, 4), (5, 5), (6, 4)), (1, 3))","(((3, 3), (4, 4), (5, 4), (5, 5), (6, 3)), (1, 3))",3,5.0,8.0,3,3,0,expanded,False,True,206
"(((1, 4), (4, 2), (5, 3), (5, 4), (5, 5)), (1, 3))","(((2, 4), (4, 2), (5, 3), (5, 4), (5, 5)), (1, 3))",4,6,10.0,4,,,pruned,,,207
"(((2, 4), (4, 1), (5, 3), (5, 4), (5, 5)), (1, 3))","(((2, 4), (4, 2), (5, 3), (5, 4), (5, 5)), (1, 3))",4,6,10.0,4,,,pruned,,,208
"(((2, 4), (4, 2), (5, 3), (5, 4), (5, 5)), (1, 3))","(((2, 4), (4, 3), (5, 3), (5, 4), (5, 5)), (1, 3))",3,5.0,8.0,3,8,2,expanded,False,True,209
"(((1, 4), (3, 3), (5, 4), (5, 5), (6, 4)), (1, 3))","(((2, 4), (3, 3), (5, 4), (5, 5), (6, 4)), (1, 3))",4,6,10.0,4,,,pruned,,,210
"(((2, 4), (3, 3), (5, 4), (5, 5), (6, 4)), (1, 3))","(((2, 4), (3, 3), (5, 4), (5, 5), (6, 3)), (1, 3))",3,5.0,8.0,3,5,1,expanded,False,True,211
"(((2, 4), (3, 3), (4, 4), (5, 4), (5, 5)), (1, 3))","(((2, 4), (3, 3), (4, 3), (5, 4), (5, 5)), (1, 3))",3,5.0,8.0,3,3,0,expanded,False,True,212
"(((1, 4), (3, 3), (5, 2), (5, 5), (6, 4)), (1, 3))","(((2, 4), (3, 3), (5, 2), (5, 5), (6, 4)), (1, 3))",4,6,10.0,4,,,pruned,,,213
"(((2, 4), (3, 3), (5, 2), (5, 6), (6, 4)), (1, 3))","(((2, 4), (3, 3), (5, 2), (5, 5), (6, 4)), (1, 3))",4,6,10.0,4,,,pruned,,,214
"(((2, 4), (3, 3), (5, 5), (6, 2), (6, 4)), (1, 3))","(((2, 4), (3, 3), (5, 2), (5, 5), (6, 4)), (1, 3))",4,5,9.0,4,,,pruned,,,215
"(((2, 4), (3, 3), (5, 1), (5, 5), (6, 4)), (1, 3))","(((2, 4), (3, 3), (5, 2), (5, 5), (6, 4)), (1, 3))",4,6,10.0,4,,,pruned,,,216
"(((2, 4), (3, 3), (5, 2), (5, 5), (6, 4)), (1, 3))","(((2, 4), (3, 3), (5, 3), (5, 5), (6, 4)), (1, 3))",3,5.0,8.0,3,10,4,expanded,False,True,217
"(((1, 4), (3, 3), (5, 3), (5, 5), (6, 5)), (1, 3))","(((2, 4), (3, 3), (5, 3), (5, 5), (6, 5)), (1, 3))",4,6,10.0,4,,,pruned,,,218
"(((2, 4), (3, 3), (5, 3), (5, 6), (6, 5)), (1, 3))","(((2, 4), (3, 3), (5, 3), (5, 5), (6, 5)), (1, 3))",4,6,10.0,4,,,pruned,,,219
"(((2, 4), (3, 3), (5, 3), (5, 5), (6, 6)), (1, 3))","(((2, 4), (3, 3), (5, 3), (5, 5), (6, 5)), (1, 3))",4,6,10.0,4,,,pruned,,,220
"(((2, 4), (3, 3), (5, 3), (5, 5), (6, 5)), (1, 3))","(((2, 4), (3, 3), (5, 3), (5, 5), (6, 4)), (1, 3))",3,5.0,8.0,3,10,3,expanded,False,True,221
"(((2, 4), (3, 3), (4, 4), (5, 2), (5, 6)), (1, 3))","(((2, 4), (3, 3), (4, 4), (5, 2), (5, 5)), (1, 3))",4,6,10.0,4,,,pruned,,,222
"(((2, 4), (3, 3), (4, 4), (5, 5), (6, 2)), (1, 3))","(((2, 4), (3, 3), (4, 4), (5, 2), (5, 5)), (1, 3))",4,5,9.0,4,,,pruned,,,223
"(((2, 4), (3, 3), (4, 4), (5, 1), (5, 5)), (1, 3))","(((2, 4), (3, 3), (4, 4), (5, 2), (5, 5)), (1, 3))",4,6,10.0,4,,,pruned,,,224
"(((2, 4), (3, 3), (4, 4), (5, 2), (5, 5)), (1, 3))","(((2, 4), (3, 3), (4, 4), (5, 3), (5, 5)), (1, 3))",3,5.0,8.0,3,10,3,expanded,False,True,225
"(((3, 4), (4, 4), (5, 4), (5, 5), (6, 3)), (1, 3))","(((3, 4), (4, 3), (5, 4), (5, 5), (6, 3)), (1, 3))",3,5.0,8.0,3,1,0,expanded,False,True,226
"(((3, 4), (4, 3), (5, 4), (5, 5), (6, 4)), (1, 3))","(((3, 4), (4, 3), (5, 4), (5, 5), (6, 3)), (1, 3))",3,5.0,8.0,3,5,0,expanded,False,True,227
"(((3, 4), (4, 4), (5, 3), (5, 5), (6, 4)), (1, 3))","(((3, 4), (4, 3), (5, 3), (5, 5), (6, 4)), (1, 3))",3,5.0,8.0,3,4,0,expanded,False,True,228
"(((3, 4), (4, 3), (5, 3), (5, 6), (6, 5)), (1, 3))","(((3, 4), (4, 3), (5, 3), (5, 5), (6, 5)), (1, 3))",4,6,10.0,4,,,pruned,,,229
"(((3, 4), (4, 3), (5, 3), (5, 5), (6, 6)), (1, 3))","(((3, 4), (4, 3), (5, 3), (5, 5), (6, 5)), (1, 3))",4,6,10.0,4,,,pruned,,,230
"(((3, 4), (4, 3), (5, 3), (5, 5), (6, 5)), (1, 3))","(((3, 4), (4, 3), (5, 3), (5, 5), (6, 4)), (1, 3))",3,5.0,8.0,3,8,2,expanded,False,True,231
"(((3, 3), (4, 4), (5, 3), (5, 6), (6, 5)), (1, 3))","(((3, 3), (4, 4), (5, 3), (5, 5), (6, 5)), (1, 3))",4,6,10.0,4,,,pruned,,,232
"(((3, 3), (4, 4), (5, 3), (5, 5), (6, 6)), (1, 3))","(((3, 3), (4, 4), (5, 3), (5, 5), (6, 5)), (1, 3))",4,6,10.0,4,,,pruned,,,233
"(((3, 3), (4, 4), (5, 3), (5, 5), (6, 5)), (1, 3))","(((3, 3), (4, 4), (5, 3), (5, 5), (6, 4)), (1, 3))",3,5.0,8.0,3,10,2,expanded,False,True,234
"(((3, 3), (3, 4), (4, 4), (5, 6), (6, 4)), (1, 3))","(((3, 3), (3, 4), (4, 4), (5, 5), (6, 4)), (1, 3))",4,6,10.0,4,,,pruned,,,235
"(((3, 3), (3, 4), (4, 4), (5, 5), (6, 4)), (1, 3))","(((3, 3), (3, 4), (4, 3), (5, 5), (6, 4)), (1, 3))",3,5.0,8.0,3,4,1,expanded,False,True,236
"(((3, 3), (3, 4), (4, 2), (5, 6), (6, 4)), (1, 3))","(((3, 3), (3, 4), (4, 2), (5, 5), (6, 4)), (1, 3))",4,6,10.0,4,,,pruned,,,237
"(((3, 3), (3, 4), (4, 1), (5, 5), (6, 4)), (4, 2))","(((3, 3), (3, 4), (4, 2), (5, 5), (6, 4)), (1, 3))",4,6,10.0,4,,,pruned,,,238
"(((3, 3), (3, 4), (4, 2), (5, 5), (6, 4)), (1, 3))","(((3, 3), (3, 4), (4, 3), (5, 5), (6, 4)), (1, 3))",3,5.0,8.0,3,8,2,expanded,False,True,239
"(((3, 3), (3, 4), (4, 3), (5, 6), (6, 5)), (1, 3))","(((3, 3), (3, 4), (4, 3), (5, 5), (6, 5)), (1, 3))",4,6,10.0,4,,,pruned,,,240
"(((3, 3), (3, 4), (4, 3), (5, 5), (6, 6)), (1, 3))","(((3, 3), (3, 4), (4, 3), (5, 5), (6, 5)), (1, 3))",4,6,10.0,4,,,pruned,,,241
"(((3, 3), (3, 4), (4, 3), (5, 5), (6, 5)), (1, 3))","(((3, 3), (3, 4), (4, 3), (5, 5), (6, 4)), (1, 3))",3,5.0,8.0,3,6,2,expanded,False,True,242
"(((3, 4), (4, 3), (5, 5), (6, 2), (6, 4)), (1, 3))","(((3, 4), (4, 3), (5, 2), (5, 5), (6, 4)), (1, 3))",4,5,9.0,4,,,pruned,,,243
"(((3, 4), (4, 3), (5, 2), (5, 5), (6, 4)), (1, 3))","(((3, 3), (3, 4), (5, 2), (5, 5), (6, 4)), (1, 3))",3,5.0,8.0,3,5,1,expanded,False,True,244
"(((3, 3), (4, 4), (5, 2), (5, 6), (6, 4)), (1, 3))","(((3, 3), (4, 4), (5, 2), (5, 5), (6, 4)), (1, 3))",4,6,10.0,4,,,pruned,,,245
"(((3, 3), (4, 4), (5, 5), (6, 2), (6, 4)), (1, 3))","(((3, 3), (4, 4), (5, 2), (5, 5), (6, 4)), (1, 3))",4,5,9.0,4,,,pruned,,,246
"(((3, 3), (4, 4), (5, 1), (5, 5), (6, 4)), (1, 3))","(((3, 3), (4, 4), (5, 2), (5, 5), (6, 4)), (1, 3))",4,6,10.0,4,,,pruned,,,247
"(((3, 3), (4, 4), (5, 2), (5, 5), (6, 4)), (1, 3))","(((3, 3), (3, 4), (5, 2), (5, 5), (6, 4)), (1, 3))",3,5.0,8.0,3,10,3,expanded,False,True,248
"(((3, 3), (3, 4), (5, 6), (6, 3), (6, 5)), (1, 3))","(((3, 3), (3, 4), (5, 5), (6, 3), (6, 5)), (1, 3))",4,6,10.0,4,,,pruned,,,249
"(((3, 3), (3, 4), (5, 5), (6, 3), (6, 6)), (1, 3))","(((3, 3), (3, 4), (5, 5), (6, 3), (6, 5)), (1, 3))",4,6,10.0,4,,,pruned,,,250
"(((3, 3), (3, 4), (5, 5), (6, 2), (6, 5)), (1, 3))","(((3, 3), (3, 4), (5, 5), (6, 3), (6, 5)), (1, 3))",4,6,10.0,4,,,pruned,,,251
"(((3, 3), (3, 4), (5, 5), (6, 3), (6, 5)), (1, 3))","(((3, 3), (3, 4), (5, 3), (5, 5), (6, 5)), (1, 3))",3,5.0,8.0,3,8,3,expanded,False,True,252
"(((3, 4), (4, 3), (4, 4), (5, 5), (6, 2)), (1, 3))","(((3, 4), (4, 3), (4, 4), (5, 2), (5, 5)), (1, 3))",4,5,9.0,4,,,pruned,,,253
"(((3, 4), (4, 3), (4, 4), (5, 2), (5, 5)), (1, 3))","(((3, 3), (3, 4), (4, 4), (5, 2), (5, 5)), (1, 3))",3,5.0,8.0,3,3,1,expanded,False,True,254
"(((3, 3), (3, 4), (4, 2), (4, 4), (5, 6)), (1, 3))","(((3, 3), (3, 4), (4, 2), (4, 4), (5, 5)), (1, 3))",4,6,10.0,4,,,pruned,,,255
"(((3, 3), (3, 4), (4, 1), (4, 4), (5, 5)), (4, 2))","(((3, 3), (3, 4), (4, 2), (4, 4), (5, 5)), (1, 3))",4,6,10.0,4,,,pruned,,,256
"(((3, 3), (3, 4), (4, 2), (4, 4), (5, 5)), (1, 3))","(((3, 3), (3, 4), (4, 4), (5, 2), (5, 5)), (1, 3))",3,5.0,8.0,3,6,2,expanded,False,True,257
"(((2, 4), (3, 4), (4, 4), (5, 3), (5, 4)), (1, 3))","(((2, 3), (3, 4), (4, 4), (5, 3), (5, 4)), (2, 1))",4,4.0,8.0,4,2,0,expanded,False,True,258
"(((3, 3), (3, 4), (4, 4), (5, 4), (6, 4)), (1, 3))","(((3, 3), (3, 4), (4, 4), (5, 4), (6, 3)), (1, 3))",4,4.0,8.0,4,4,0,expanded,False,True,259
"(((1, 3), (2, 4), (5, 5), (6, 3), (6, 4)), (2, 1))","(((2, 3), (2, 4), (5, 5), (6, 3), (6, 4)), (2, 1))",5,5,10.0,5,,,pruned,,,260
"(((1, 4), (2, 3), (5, 5), (6, 3), (6, 4)), (2, 1))","(((2, 3), (2, 4), (5, 5), (6, 3), (6, 4)), (2, 1))",5,5,10.0,5,,,pruned,,,261
"(((2, 3), (2, 4), (5, 6), (6, 3), (6, 4)), (2, 1))","(((2, 3), (2, 4), (5, 5), (6, 3), (6, 4)), (2, 1))",5,5,10.0,5,,,pruned,,,262
"(((2, 3), (2, 4), (5, 5), (6, 3), (6, 4)), (2, 1))","(((2, 3), (2, 4), (5, 4), (5, 5), (6, 3)), (2, 1))",4,4.0,8.0,4,3,3,expanded,True,True,263
"(((1, 4), (2, 3), (3, 3), (5, 4), (5, 5)), (2, 1))","(((2, 3), (2, 4), (3, 3), (5, 4), (5, 5)), (2, 1))",5,5,10.0,5,,,pruned,,,264
"(((2, 3), (2, 4), (3, 3), (5, 4), (5, 5)), (2, 1))","(((2, 3), (2, 4), (4, 3), (5, 4), (5, 5)), (2, 1))",4,4.0,8.0,4,3,1,expanded,False,True,265
"(((2, 3), (2, 4), (4, 3), (4, 4), (5, 6)), (2, 1))","(((2, 3), (2, 4), (4, 3), (4, 4), (5, 5)), (2, 1))",5,5,10.0,5,,,pruned,,,266
"(((2, 3), (2, 4), (4, 3), (4, 4), (5, 5)), (2, 1))","(((2, 3), (2, 4), (4, 3), (5, 4), (5, 5)), (2, 1))",4,4.0,8.0,4,4,1,expanded,False,True,267
"(((1, 3), (2, 4), (4, 3), (5, 5), (6, 4)), (2, 1))","(((2, 3), (2, 4), (4, 3), (5, 5), (6, 4)), (2, 1))",5,5,10.0,5,,,pruned,,,268
"(((1, 4), (2, 3), (4, 3), (5, 5), (6, 4)), (2, 1))","(((2, 3), (2, 4), (4, 3), (5, 5), (6, 4)), (2, 1))",5,5,10.0,5,,,pruned,,,269
"(((2, 3), (2, 4), (4, 3), (5, 6), (6, 4)), (2, 1))","(((2, 3), (2, 4), (4, 3), (5, 5), (6, 4)), (2, 1))",5,5,10.0,5,,,pruned,,,270
"(((2, 3), (2, 4), (4, 3), (5, 5), (6, 4)), (2, 1))","(((2, 3), (2, 4), (5, 3), (5, 5), (6, 4)), (2, 1))",4,4.0,8.0,4,8,3,expanded,False,True,271
"(((1, 3), (2, 4), (3, 4), (5, 3), (5, 5)), (2, 1))","(((2, 3), (2, 4), (3, 4), (5, 3), (5, 5)), (2, 1))",5,5,10.0,5,,,pruned,,,272
"(((2, 3), (2, 4), (3, 4), (5, 3), (5, 6)), (2, 1))","(((2, 3), (2, 4), (3, 4), (5, 3), (5, 5)), (2, 1))",5,5,10.0,5,,,pruned,,,273
"(((2, 3), (2, 4), (3, 4), (5, 3), (5, 5)), (2, 1))","(((2, 3), (2, 4), (4, 4), (5, 3), (5, 5)), (2, 1))",4,4.0,8.0,4,7,2,expanded,False,True,274
"(((1, 3), (2, 4), (4, 4), (5, 5), (6, 3)), (2, 1))","(((2, 3), (2, 4), (4, 4), (5, 5), (6, 3)), (2, 1))",5,5,10.0,5,,,pruned,,,275
"(((1, 4), (2, 3), (4, 4), (5, 5), (6, 3)), (2, 1))","(((2, 3), (2, 4), (4, 4), (5, 5), (6, 3)), (2, 1))",5,5,10.0,5,,,pruned,,,276
"(((2, 3), (2, 4), (4, 4), (5, 6), (6, 3)), (2, 1))","(((2, 3), (2, 4), (4, 4), (5, 5), (6, 3)), (2, 1))",5,5,10.0,5,,,pruned,,,277
"(((2, 3), (2, 4), (4, 4), (5, 5), (6, 2)), (2, 1))","(((2, 3), (2, 4), (4, 4), (5, 5), (6, 3)), (2, 1))",5,5,10.0,5,,,pruned,,,278
"(((2, 3), (2, 4), (4, 4), (5, 5), (6, 3)), (2, 1))","(((2, 3), (2, 4), (4, 4), (5, 3), (5, 5)), (2, 1))",4,4.0,8.0,4,8,4,expanded,False,True,279
"(((2, 3), (3, 3), (3, 4), (5, 6), (6, 4)), (2, 1))","(((2, 3), (3, 3), (3, 4), (5, 5), (6, 4)), (2, 1))",5,5,10.0,5,,,pruned,,,280
"(((2, 3), (3, 3), (3, 4), (5, 5), (6, 4)), (2, 1))","(((2, 3), (3, 3), (3, 4), (5, 4), (5, 5)), (2, 1))",4,4.0,8.0,4,4,1,expanded,False,True,281
"(((2, 3), (3, 3), (3, 4), (4, 4), (5, 6)), (2, 1))","(((2, 3), (3, 3), (3, 4), (4, 4), (5, 5)), (2, 1))",5,5,10.0,5,,,pruned,,,282
"(((2, 3), (3, 3), (3, 4), (4, 4), (5, 5)), (2, 1))","(((2, 3), (3, 3), (3, 4), (5, 4), (5, 5)), (2, 1))",4,4.0,8.0,4,3,1,expanded,False,True,283
"(((2, 3), (3, 3), (4, 4), (5, 4), (5, 5)), (2, 1))","(((2, 3), (4, 3), (4, 4), (5, 4), (5, 5)), (2, 1))",4,4.0,8.0,4,1,0,expanded,False,True,284
"(((4, 4), (5, 3), (5, 4), (5, 5), (6, 3)), (1, 3))","(((4, 3), (4, 4), (5, 4), (5, 5), (6, 3)), (1, 3))",4,4.0,8.0,4,1,0,expanded,False,True,285
"(((2, 4), (3, 4), (4, 3), (5, 3), (5, 6)), (1, 3))","(((2, 4), (3, 4), (4, 3), (5, 3), (5, 5)), (1, 3))",5,5,10.0,5,,,pruned,,,286
"(((2, 4), (3, 4), (4, 3), (5, 3), (5, 5)), (1, 3))","(((2, 4), (4, 3), (4, 4), (5, 3), (5, 5)), (1, 3))",4,4.0,8.0,4,6,1,expanded,False,True,287
"(((1, 4), (5, 3), (5, 4), (5, 5), (6, 3)), (1, 3))","(((2, 4), (5, 3), (5, 4), (5, 5), (6, 3)), (1, 3))",5,5,10.0,5,,,pruned,,,288
"(((2, 4), (5, 3), (5, 4), (5, 5), (6, 3)), (1, 3))","(((2, 4), (4, 3), (5, 4), (5, 5), (6, 3)), (1, 3))",4,4.0,8.0,4,4,1,expanded,False,True,289
"(((1, 4), (4, 3), (5, 5), (6, 3), (6, 4)), (1, 3))","(((2, 4), (4, 3), (5, 5), (6, 3), (6, 4)), (1, 3))",5,5,10.0,5,,,pruned,,,290
"(((2, 4), (4, 3), (5, 6), (6, 3), (6, 4)), (1, 3))","(((2, 4), (4, 3), (5, 5), (6, 3), (6, 4)), (1, 3))",5,5,10.0,5,,,pruned,,,291
"(((2, 4), (4, 3), (5, 5), (6, 3), (6, 4)), (1, 3))","(((2, 4), (4, 3), (5, 4), (5, 5), (6, 3)), (1, 3))",4,4.0,8.0,4,7,2,expanded,False,True,292
"(((2, 4), (3, 3), (3, 4), (4, 3), (5, 6)), (1, 3))","(((2, 4), (3, 3), (3, 4), (4, 3), (5, 5)), (1, 3))",5,5,10.0,5,,,pruned,,,293
"(((2, 4), (3, 3), (3, 4), (4, 3), (5, 5)), (1, 3))","(((2, 4), (3, 3), (4, 3), (4, 4), (5, 5)), (1, 3))",4,4.0,8.0,4,4,1,expanded,False,True,294
"(((2, 4), (3, 3), (3, 4), (5, 6), (6, 3)), (1, 3))","(((2, 4), (3, 3), (3, 4), (5, 5), (6, 3)), (1, 3))",5,5,10.0,5,,,pruned,,,295
"(((2, 4), (3, 3), (3, 4), (5, 5), (6, 2)), (1, 3))","(((2, 4), (3, 3), (3, 4), (5, 5), (6, 3)), (1, 3))",5,5,10.0,5,,,pruned,,,296
"(((2, 4), (3, 3), (3, 4), (5, 5), (6, 3)), (1, 3))","(((2, 4), (3, 3), (3, 4), (5, 3), (5, 5)), (1, 3))",4,4.0,8.0,4,6,2,expanded,False,True,297
"(((1, 4), (4, 3), (4, 4), (5, 5), (6, 3)), (1, 3))","(((2, 4), (4, 3), (4, 4), (5, 5), (6, 3)), (1, 3))",5,5,10.0,5,,,pruned,,,298
"(((2, 4), (4, 3), (4, 4), (5, 6), (6, 3)), (1, 3))","(((2, 4), (4, 3), (4, 4), (5, 5), (6, 3)), (1, 3))",5,5,10.0,5,,,pruned,,,299
"(((2, 4), (4, 3), (4, 4), (5, 5), (6, 2)), (1, 3))","(((2, 4), (4, 3), (4, 4), (5, 5), (6, 3)), (1, 3))",5,5,10.0,5,,,pruned,,,300
"(((2, 4), (4, 3), (4, 4), (5, 5), (6, 3)), (1, 3))","(((2, 4), (3, 3), (4, 4), (5, 5), (6, 3)), (1, 3))",4,4.0,8.0,4,10,3,expanded,False,True,301
"(((3, 4), (5, 3), (5, 6), (6, 3), (6, 4)), (1, 3))","(((3, 4), (5, 3), (5, 5), (6, 3), (6, 4)), (1, 3))",5,5,10.0,5,,,pruned,,,302
"(((3, 4), (5, 3), (5, 5), (6, 3), (6, 4)), (1, 3))","(((3, 4), (5, 3), (5, 4), (5, 5), (6, 3)), (1, 3))",4,4.0,8.0,4,5,1,expanded,False,True,303
"(((4, 3), (4, 4), (5, 6), (6, 3), (6, 4)), (1, 3))","(((4, 3), (4, 4), (5, 5), (6, 3), (6, 4)), (1, 3))",5,5,10.0,5,,,pruned,,,304
"(((4, 3), (4, 4), (5, 5), (6, 3), (6, 4)), (1, 3))","(((3, 4), (4, 3), (5, 5), (6, 3), (6, 4)), (1, 3))",4,4.0,8.0,4,5,1,expanded,False,True,305
"(((3, 3), (5, 4), (5, 5), (6, 3), (6, 4)), (1, 3))","(((3, 3), (4, 4), (5, 5), (6, 3), (6, 4)), (1, 3))",4,4.0,8.0,4,2,0,expanded,False,True,306
"(((1, 3), (4, 4), (5, 5), (6, 3), (6, 4)), (1, 4))","(((2, 3), (4, 4), (5, 5), (6, 3), (6, 4)), (1, 3))",5,5,10.0,5,,,pruned,,,307
"(((2, 3), (4, 4), (5, 6), (6, 3), (6, 4)), (1, 3))","(((2, 3), (4, 4), (5, 5), (6, 3), (6, 4)), (1, 3))",5,5,10.0,5,,,pruned,,,308
"(((2, 3), (4, 4), (5, 5), (6, 3), (6, 4)), (1, 3))","(((3, 3), (4, 4), (5, 5), (6, 3), (6, 4)), (1, 3))",4,4.0,8.0,4,7,2,expanded,False,True,309
"(((4, 3), (5, 3), (5, 4), (5, 5), (6, 4)), (1, 3))","(((4, 3), (4, 4), (5, 3), (5, 5), (6, 4)), (1, 3))",4,4.0,8.0,4,3,0,expanded,False,True,310
"(((1, 3), (5, 3), (5, 4), (5, 5), (6, 4)), (1, 4))","(((2, 3), (5, 3), (5, 4), (5, 5), (6, 4)), (1, 3))",5,5,10.0,5,,,pruned,,,311
"(((2, 3), (5, 3), (5, 4), (5, 5), (6, 4)), (1, 3))","(((3, 3), (5, 3), (5, 4), (5, 5), (6, 4)), (1, 3))",4,4.0,8.0,4,7,1,expanded,False,True,312
"(((3, 3), (4, 3), (5, 4), (5, 5), (6, 4)), (1, 3))","(((3, 3), (5, 3), (5, 4), (5, 5), (6, 4)), (1, 3))",4,4.0,8.0,4,3,0,expanded,False,True,313
"(((2, 3), (4, 3), (4, 4), (5, 6), (6, 4)), (2, 1))","(((2, 3), (4, 3), (4, 4), (5, 5), (6, 4)), (2, 1))",5,5,10.0,5,,,pruned,,,314
"(((2, 3), (4, 3), (4, 4), (5, 5), (6, 4)), (2, 1))","(((2, 3), (4, 4), (5, 3), (5, 5), (6, 4)), (1, 3))",4,4.0,8.0,4,5,1,expanded,False,True,315
"(((3, 4), (4, 4), (5, 3), (5, 5), (6, 3)), (1, 3))","(((3, 4), (4, 3), (4, 4), (5, 5), (6, 3)), (1, 3))",4,4.0,8.0,4,2,0,expanded,False,True,316
"(((3, 4), (4, 3), (4, 4), (5, 4), (6, 2)), (1, 3))","(((3, 4), (4, 3), (4, 4), (5, 2), (5, 4)), (1, 3))",5,4,9.0,5,,,pruned,,,317
"(((3, 4), (4, 3), (4, 4), (5, 2), (5, 4)), (1, 3))","(((3, 3), (3, 4), (4, 4), (5, 2), (5, 4)), (1, 3))",4,4.0,8.0,4,3,1,expanded,False,True,318
"(((1, 3), (3, 4), (4, 4), (5, 2), (5, 4)), (1, 4))","(((2, 3), (3, 4), (4, 4), (5, 2), (5, 4)), (2, 1))",5,5,10.0,5,,,pruned,,,319
"(((2, 3), (3, 4), (4, 4), (5, 4), (6, 2)), (2, 1))","(((2, 3), (3, 4), (4, 4), (5, 2), (5, 4)), (2, 1))",5,4,9.0,5,,,pruned,,,320
"(((2, 3), (3, 4), (4, 4), (5, 1), (5, 4)), (2, 1))","(((2, 3), (3, 4), (4, 4), (5, 2), (5, 4)), (2, 1))",5,5,10.0,5,,,pruned,,,321
"(((2, 3), (3, 4), (4, 4), (5, 2), (5, 4)), (2, 1))","(((3, 3), (3, 4), (4, 4), (5, 2), (5, 4)), (1, 3))",4,4.0,8.0,4,8,3,expanded,False,True,322
"(((3, 3), (3, 4), (4, 1), (4, 4), (5, 4)), (4, 2))","(((3, 3), (3, 4), (4, 2), (4, 4), (5, 4)), (1, 3))",5,5,10.0,5,,,pruned,,,323
"(((3, 3), (3, 4), (4, 2), (4, 4), (5, 4)), (1, 3))","(((3, 3), (3, 4), (4, 4), (5, 2), (5, 4)), (1, 3))",4,4.0,8.0,4,6,1,expanded,False,True,324
"(((3, 4), (4, 3), (4, 4), (5, 1), (5, 4)), (1, 3))","(((3, 4), (4, 3), (4, 4), (5, 2), (5, 4)), (5, 3))",5,5,10.0,5,,,pruned,,,325
"(((3, 4), (4, 3), (4, 4), (5, 2), (5, 4)), (5, 3))","(((3, 4), (4, 3), (4, 4), (5, 2), (5, 5)), (5, 3))",4,4.0,8.0,4,5,1,expanded,False,True,326
"(((2, 4), (3, 3), (4, 4), (5, 4), (6, 2)), (1, 3))","(((2, 4), (3, 3), (4, 4), (5, 2), (5, 4)), (1, 3))",5,4,9.0,5,,,pruned,,,327
"(((2, 4), (3, 3), (4, 4), (5, 1), (5, 4)), (1, 3))","(((2, 4), (3, 3), (4, 4), (5, 2), (5, 4)), (1, 3))",5,5,10.0,5,,,pruned,,,328
"(((2, 4), (3, 3), (4, 4), (5, 2), (5, 4)), (1, 3))","(((2, 4), (3, 3), (4, 4), (5, 2), (5, 5)), (1, 3))",4,4.0,8.0,4,9,2,expanded,False,True,329
"(((3, 3), (3, 4), (4, 3), (4, 4), (5, 1)), (1, 3))","(((3, 3), (3, 4), (4, 3), (4, 4), (5, 2)), (5, 3))",6,4,10.0,6,,,pruned,,,330
"(((3, 3), (3, 4), (4, 3), (4, 4), (5, 2)), (5, 3))","(((3, 3), (3, 4), (4, 3), (4, 4), (5, 3)), (1, 3))",5,3.0,8.0,5,2,1,expanded,False,True,331
"(((3, 3), (3, 4), (4, 4), (5, 2), (6, 2)), (1, 3))","(((3, 3), (3, 4), (4, 4), (5, 2), (6, 3)), (1, 3))",6,4,10.0,6,,,pruned,,,332
"(((3, 3), (3, 4), (4, 4), (6, 2), (6, 3)), (1, 3))","(((3, 3), (3, 4), (4, 4), (5, 2), (6, 3)), (1, 3))",6,3,9.0,6,,,pruned,,,333
"(((3, 3), (3, 4), (4, 4), (5, 1), (6, 3)), (1, 3))","(((3, 3), (3, 4), (4, 4), (5, 2), (6, 3)), (1, 3))",6,4,10.0,6,,,pruned,,,334
"(((3, 3), (3, 4), (4, 4), (5, 2), (6, 3)), (1, 3))","(((3, 3), (3, 4), (4, 4), (5, 3), (6, 3)), (5, 4))",5,3.0,8.0,5,6,3,expanded,False,True,335
"(((2, 3), (3, 3), (3, 4), (4, 4), (5, 4)), (2, 1))","(((2, 3), (3, 4), (4, 3), (4, 4), (5, 4)), (2, 1))",5,3.0,8.0,5,3,0,expanded,False,True,336
"(((3, 4), (4, 4), (5, 3), (5, 4), (6, 3)), (1, 3))","(((3, 4), (4, 3), (4, 4), (5, 4), (6, 3)), (1, 3))",5,3.0,8.0,5,1,0,expanded,False,True,337
"(((1, 3), (2, 4), (4, 4), (5, 4), (6, 3)), (2, 1))","(((2, 3), (2, 4), (4, 4), (5, 4), (6, 3)), (2, 1))",6,4,10.0,6,,,pruned,,,338
"(((1, 4), (2, 3), (4, 4), (5, 4), (6, 3)), (2, 1))","(((2, 3), (2, 4), (4, 4), (5, 4), (6, 3)), (2, 1))",6,4,10.0,6,,,pruned,,,339
"(((2, 3), (2, 4), (4, 4), (5, 4), (6, 3)), (2, 1))","(((2, 3), (2, 4), (4, 4), (5, 3), (5, 4)), (2, 1))",5,3.0,8.0,5,4,2,expanded,False,True,340
"(((2, 3), (2, 4), (4, 3), (4, 4), (5, 4)), (2, 1))","(((2, 3), (2, 4), (4, 4), (5, 3), (5, 4)), (2, 1))",5,3.0,8.0,5,3,0,expanded,False,True,341
"(((1, 4), (4, 3), (4, 4), (5, 4), (6, 3)), (1, 3))","(((2, 4), (4, 3), (4, 4), (5, 4), (6, 3)), (1, 3))",6,4,10.0,6,,,pruned,,,342
"(((2, 4), (4, 3), (4, 4), (5, 4), (6, 3)), (1, 3))","(((2, 4), (3, 3), (4, 4), (5, 4), (6, 3)), (1, 3))",5,3.0,8.0,5,6,1,expanded,False,True,343
"(((2, 4), (3, 4), (4, 3), (5, 3), (5, 4)), (1, 3))","(((2, 4), (3, 3), (3, 4), (5, 3), (5, 4)), (1, 3))",5,3.0,8.0,5,2,0,expanded,False,True,344
"(((1, 3), (2, 4), (3, 4), (5, 3), (5, 4)), (2, 1))","(((2, 3), (2, 4), (3, 4), (5, 3), (5, 4)), (2, 1))",6,4,10.0,6,,,pruned,,,345
"(((2, 3), (2, 4), (3, 4), (5, 3), (5, 4)), (2, 1))","(((2, 4), (3, 3), (3, 4), (5, 3), (5, 4)), (1, 3))",5,3.0,8.0,5,5,1,expanded,False,True,346
"(((2, 4), (3, 3), (3, 4), (5, 4), (6, 3)), (1, 3))","(((2, 4), (3, 3), (3, 4), (5, 3), (5, 4)), (1, 3))",5,3.0,8.0,5,5,0,expanded,False,True,347
"(((2, 4), (3, 3), (3, 4), (4, 3), (5, 4)), (1, 3))","(((2, 4), (3, 3), (3, 4), (5, 3), (5, 4)), (1, 3))",5,3.0,8.0,5,4,0,expanded,False,True,348
"(((2, 4), (3, 3), (3, 4), (5, 3), (6, 4)), (1, 3))","(((2, 4), (3, 3), (3, 4), (5, 3), (5, 4)), (1, 3))",5,3.0,8.0,5,8,0,expanded,False,True,349
"(((2, 4), (3, 3), (3, 4), (4, 4), (5, 3)), (1, 3))","(((2, 4), (3, 3), (3, 4), (5, 3), (5, 4)), (1, 3))",5,3.0,8.0,5,6,0,expanded,False,True,350
"(((3, 3), (3, 4), (4, 2), (4, 4), (5, 3)), (1, 3))","(((3, 3), (3, 4), (4, 4), (5, 2), (5, 3)), (5, 4))",5,3.0,8.0,5,5,0,expanded,False,True,351
"(((2, 3), (2, 4), (4, 4), (5, 4), (6, 2)), (2, 1))","(((2, 3), (2, 4), (4, 4), (5, 4), (6, 3)), (5, 5))",6,4,10.0,6,,,pruned,,,352
"(((2, 3), (2, 4), (4, 4), (5, 4), (6, 3)), (5, 5))","(((2, 3), (2, 4), (4, 4), (5, 5), (6, 3)), (2, 1))",5,3.0,8.0,5,2,1,expanded,False,True,353
"(((2, 4), (3, 3), (3, 4), (5, 4), (6, 2)), (1, 3))","(((2, 4), (3, 3), (3, 4), (5, 4), (6, 3)), (5, 5))",6,4,10.0,6,,,pruned,,,354
"(((2, 4), (3, 3), (3, 4), (5, 4), (6, 3)), (5, 5))","(((2, 4), (3, 3), (3, 4), (5, 5), (6, 3)), (1, 3))",5,3.0,8.0,5,3,1,expanded,False,True,355
"(((2, 4), (4, 3), (4, 4), (5, 4), (6, 2)), (1, 3))","(((2, 4), (4, 3), (4, 4), (5, 4), (6, 3)), (5, 5))",6,4,10.0,6,,,pruned,,,356
"(((2, 4), (4, 3), (4, 4), (5, 4), (6, 3)), (5, 5))","(((2, 4), (4, 3), (4, 4), (5, 5), (6, 3)), (1, 3))",5,3.0,8.0,5,2,1,expanded,False,True,357
"(((2, 3), (3, 4), (4, 4), (5, 2), (5, 3)), (5, 4))","(((2, 3), (3, 4), (4, 4), (5, 2), (5, 4)), (2, 1))",5,3.0,8.0,5,2,0,expanded,False,True,358
"(((3, 4), (4, 3), (4, 4), (5, 2), (5, 3)), (5, 4))","(((3, 4), (4, 3), (4, 4), (5, 2), (5, 4)), (5, 3))",5,3.0,8.0,5,1,0,expanded,False,True,359
"(((2, 4), (3, 3), (4, 4), (5, 2), (5, 3)), (5, 4))","(((2, 4), (3, 3), (4, 4), (5, 2), (5, 4)), (1, 3))",5,3.0,8.0,5,3,0,expanded,False,True,360
"(((2, 4), (3, 3), (3, 4), (4, 3), (5, 3)), (1, 3))","(((2, 4), (3, 3), (4, 3), (4, 4), (5, 3)), (1, 3))",6,2.0,8.0,6,4,0,expanded,False,True,361
"(((2, 4), (3, 3), (3, 4), (5, 3), (6, 2)), (1, 3))","(((2, 4), (3, 3), (3, 4), (5, 3), (6, 3)), (1, 3))",7,3,10.0,7,,,pruned,,,362
"(((2, 4), (3, 3), (3, 4), (5, 3), (6, 3)), (1, 3))","(((2, 4), (3, 3), (4, 4), (5, 3), (6, 3)), (5, 4))",6,2.0,8.0,6,6,1,expanded,False,True,363
"(((3, 3), (3, 4), (4, 4), (5, 3), (6, 3)), (1, 3))","(((3, 3), (3, 4), (4, 4), (5, 2), (6, 3)), (1, 3))",6,2.0,8.0,6,4,0,expanded,False,True,364
"(((2, 3), (3, 3), (3, 4), (4, 4), (5, 3)), (2, 1))","(((2, 3), (3, 3), (3, 4), (4, 4), (5, 4)), (2, 1))",6,2.0,8.0,6,5,0,expanded,False,True,365
"(((2, 3), (2, 4), (4, 3), (4, 4), (5, 3)), (2, 1))","(((2, 3), (2, 4), (4, 3), (4, 4), (5, 4)), (2, 1))",6,2.0,8.0,6,3,0,expanded,False,True,366
"(((2, 3), (2, 4), (4, 4), (5, 3), (6, 2)), (5, 4))","(((2, 3), (2, 4), (4, 4), (5, 3), (6, 3)), (5, 4))",7,3,10.0,7,,,pruned,,,367
"(((2, 3), (2, 4), (4, 4), (5, 3), (6, 3)), (5, 4))","(((2, 3), (2, 4), (4, 4), (5, 4), (6, 3)), (5, 5))",6,2.0,8.0,6,3,1,expanded,False,True,368
"(((2, 4), (4, 3), (4, 4), (5, 3), (6, 2)), (5, 4))","(((2, 4), (4, 3), (4, 4), (5, 3), (6, 3)), (5, 4))",7,3,10.0,7,,,pruned,,,369
"(((2, 4), (4, 3), (4, 4), (5, 3), (6, 3)), (5, 4))","(((2, 4), (4, 3), (4, 4), (5, 4), (6, 3)), (5, 5))",6,2.0,8.0,6,3,1,expanded,False,True,370
"(((3, 3), (3, 4), (5, 4), (5, 5), (6, 6)), (1, 3))","(((3, 3), (3, 4), (5, 4), (5, 5), (6, 5)), (1, 3))",4,7,11.0,4,,,pruned,,,371
"(((3, 3), (3, 4), (5, 4), (5, 5), (6, 5)), (1, 3))","(((3, 3), (3, 4), (5, 4), (5, 5), (6, 4)), (1, 3))",3,6.0,9.0,3,7,1,expanded,False,True,372
"(((3, 3), (3, 4), (5, 2), (5, 6), (6, 5)), (1, 3))","(((3, 3), (3, 4), (5, 2), (5, 5), (6, 5)), (1, 3))",4,7,11.0,4,,,pruned,,,373
"(((3, 3), (3, 4), (5, 2), (5, 5), (6, 6)), (1, 3))","(((3, 3), (3, 4), (5, 2), (5, 5), (6, 5)), (1, 3))",4,7,11.0,4,,,pruned,,,374
"(((3, 3), (3, 4), (5, 5), (6, 2), (6, 5)), (1, 3))","(((3, 3), (3, 4), (5, 2), (5, 5), (6, 5)), (1, 3))",4,6,10.0,4,,,pruned,,,375
"(((3, 3), (3, 4), (5, 1), (5, 5), (6, 5)), (1, 3))","(((3, 3), (3, 4), (5, 2), (5, 5), (6, 5)), (1, 3))",4,7,11.0,4,,,pruned,,,376
"(((3, 3), (3, 4), (5, 2), (5, 5), (6, 5)), (1, 3))","(((3, 3), (3, 4), (5, 2), (5, 5), (6, 4)), (1, 3))",3,6.0,9.0,3,10,4,expanded,False,True,377
"(((1, 3), (2, 4), (5, 4), (5, 5), (6, 4)), (2, 1))","(((2, 3), (2, 4), (5, 4), (5, 5), (6, 4)), (2, 1))",5,6,11.0,5,,,pruned,,,378
"(((1, 4), (2, 3), (5, 4), (5, 5), (6, 4)), (2, 1))","(((2, 3), (2, 4), (5, 4), (5, 5), (6, 4)), (2, 1))",5,6,11.0,5,,,pruned,,,379
"(((2, 3), (2, 4), (5, 4), (5, 5), (6, 4)), (2, 1))","(((2, 3), (2, 4), (5, 4), (5, 5), (6, 3)), (2, 1))",4,5.0,9.0,4,3,2,expanded,False,True,380
"(((1, 3), (2, 4), (4, 4), (5, 4), (5, 5)), (2, 1))","(((2, 3), (2, 4), (4, 4), (5, 4), (5, 5)), (2, 1))",5,6,11.0,5,,,pruned,,,381
"(((1, 4), (2, 3), (4, 4), (5, 4), (5, 5)), (2, 1))","(((2, 3), (2, 4), (4, 4), (5, 4), (5, 5)), (2, 1))",5,6,11.0,5,,,pruned,,,382
"(((2, 3), (2, 4), (4, 4), (5, 4), (5, 5)), (2, 1))","(((2, 3), (2, 4), (4, 3), (5, 4), (5, 5)), (2, 1))",4,5.0,9.0,4,2,2,expanded,True,True,383
"(((1, 3), (2, 4), (5, 2), (5, 5), (6, 4)), (2, 1))","(((2, 3), (2, 4), (5, 2), (5, 5), (6, 4)), (2, 1))",5,6,11.0,5,,,pruned,,,384
"(((1, 4), (2, 3), (5, 2), (5, 5), (6, 4)), (2, 1))","(((2, 3), (2, 4), (5, 2), (5, 5), (6, 4)), (2, 1))",5,6,11.0,5,,,pruned,,,385
"(((2, 3), (2, 4), (5, 2), (5, 6), (6, 4)), (2, 1))","(((2, 3), (2, 4), (5, 2), (5, 5), (6, 4)), (2, 1))",5,6,11.0,5,,,pruned,,,386
"(((2, 3), (2, 4), (5, 5), (6, 2), (6, 4)), (2, 1))","(((2, 3), (2, 4), (5, 2), (5, 5), (6, 4)), (2, 1))",5,5,10.0,5,,,pruned,,,387
"(((2, 3), (2, 4), (5, 1), (5, 5), (6, 4)), (2, 1))","(((2, 3), (2, 4), (5, 2), (5, 5), (6, 4)), (2, 1))",5,6,11.0,5,,,pruned,,,388
"(((2, 3), (2, 4), (5, 2), (5, 5), (6, 4)), (2, 1))","(((2, 3), (2, 4), (5, 3), (5, 5), (6, 4)), (2, 1))",4,5.0,9.0,4,8,5,expanded,False,True,389
"(((1, 3), (2, 4), (5, 3), (5, 5), (6, 5)), (2, 1))","(((2, 3), (2, 4), (5, 3), (5, 5), (6, 5)), (2, 1))",5,6,11.0,5,,,pruned,,,390
"(((1, 4), (2, 3), (5, 3), (5, 5), (6, 5)), (2, 1))","(((2, 3), (2, 4), (5, 3), (5, 5), (6, 5)), (2, 1))",5,6,11.0,5,,,pruned,,,391
"(((2, 3), (2, 4), (5, 3), (5, 6), (6, 5)), (2, 1))","(((2, 3), (2, 4), (5, 3), (5, 5), (6, 5)), (2, 1))",5,6,11.0,5,,,pruned,,,392
"(((2, 3), (2, 4), (5, 3), (5, 5), (6, 6)), (2, 1))","(((2, 3), (2, 4), (5, 3), (5, 5), (6, 5)), (2, 1))",5,6,11.0,5,,,pruned,,,393
"(((2, 3), (2, 4), (5, 3), (5, 5), (6, 5)), (2, 1))","(((2, 3), (2, 4), (5, 3), (5, 5), (6, 4)), (2, 1))",4,5.0,9.0,4,8,4,expanded,False,True,394
"(((1, 3), (2, 4), (4, 4), (5, 2), (5, 5)), (2, 1))","(((2, 3), (2, 4), (4, 4), (5, 2), (5, 5)), (2, 1))",5,6,11.0,5,,,pruned,,,395
"(((1, 4), (2, 3), (4, 4), (5, 2), (5, 5)), (2, 1))","(((2, 3), (2, 4), (4, 4), (5, 2), (5, 5)), (2, 1))",5,6,11.0,5,,,pruned,,,396
"(((2, 3), (2, 4), (4, 4), (5, 2), (5, 6)), (2, 1))","(((2, 3), (2, 4), (4, 4), (5, 2), (5, 5)), (2, 1))",5,6,11.0,5,,,pruned,,,397
"(((2, 3), (2, 4), (4, 4), (5, 5), (6, 2)), (2, 1))","(((2, 3), (2, 4), (4, 4), (5, 2), (5, 5)), (2, 1))",5,5,10.0,5,,,pruned,,,398
"(((2, 3), (2, 4), (4, 4), (5, 1), (5, 5)), (2, 1))","(((2, 3), (2, 4), (4, 4), (5, 2), (5, 5)), (2, 1))",5,6,11.0,5,,,pruned,,,399
"(((2, 3), (2, 4), (4, 4), (5, 2), (5, 5)), (2, 1))","(((2, 3), (2, 4), (4, 4), (5, 3), (5, 5)), (2, 1))",4,5.0,9.0,4,10,5,expanded,False,True,400
"(((2, 4), (3, 4), (5, 6), (6, 3), (6, 4)), (1, 3))","(((2, 4), (3, 4), (5, 5), (6, 3), (6, 4)), (1, 3))",5,6,11.0,5,,,pruned,,,401
"(((2, 4), (3, 4), (5, 5), (6, 3), (6, 4)), (1, 3))","(((2, 3), (3, 4), (5, 5), (6, 3), (6, 4)), (2, 1))",4,5.0,9.0,4,1,1,expanded,True,True,402
"(((2, 4), (3, 3), (3, 4), (5, 4), (5, 5)), (1, 3))","(((2, 3), (3, 3), (3, 4), (5, 4), (5, 5)), (2, 1))",4,5.0,9.0,4,4,0,expanded,False,True,403
"(((2, 4), (3, 4), (4, 3), (4, 4), (5, 6)), (1, 3))","(((2, 4), (3, 4), (4, 3), (4, 4), (5, 5)), (1, 3))",5,6,11.0,5,,,pruned,,,404
"(((2, 4), (3, 4), (4, 3), (4, 4), (5, 5)), (1, 3))","(((2, 3), (3, 4), (4, 3), (4, 4), (5, 5)), (2, 1))",4,5.0,9.0,4,4,1,expanded,False,True,405
"(((2, 4), (3, 4), (4, 3), (5, 6), (6, 4)), (1, 3))","(((2, 4), (3, 4), (4, 3), (5, 5), (6, 4)), (1, 3))",5,6,11.0,5,,,pruned,,,406
"(((2, 4), (3, 4), (4, 3), (5, 5), (6, 4)), (1, 3))","(((2, 3), (3, 4), (4, 3), (5, 5), (6, 4)), (2, 1))",4,5.0,9.0,4,6,1,expanded,False,True,407
"(((1, 3), (3, 4), (4, 4), (5, 5), (6, 4)), (1, 4))","(((2, 3), (3, 4), (4, 4), (5, 5), (6, 4)), (2, 1))",5,6,11.0,5,,,pruned,,,408
"(((2, 3), (3, 4), (4, 4), (5, 6), (6, 4)), (2, 1))","(((2, 3), (3, 4), (4, 4), (5, 5), (6, 4)), (2, 1))",5,6,11.0,5,,,pruned,,,409
"(((2, 3), (3, 4), (4, 4), (5, 5), (6, 4)), (2, 1))","(((2, 3), (3, 4), (4, 3), (5, 5), (6, 4)), (2, 1))",4,5.0,9.0,4,4,2,expanded,False,True,410
"(((1, 3), (3, 4), (4, 2), (5, 5), (6, 4)), (1, 4))","(((2, 3), (3, 4), (4, 2), (5, 5), (6, 4)), (2, 1))",5,6,11.0,5,,,pruned,,,411
"(((2, 3), (3, 4), (4, 2), (5, 6), (6, 4)), (2, 1))","(((2, 3), (3, 4), (4, 2), (5, 5), (6, 4)), (2, 1))",5,6,11.0,5,,,pruned,,,412
"(((2, 3), (3, 4), (4, 1), (5, 5), (6, 4)), (3, 3))","(((2, 3), (3, 4), (4, 2), (5, 5), (6, 4)), (2, 1))",5,6,11.0,5,,,pruned,,,413
"(((2, 3), (3, 4), (4, 2), (5, 5), (6, 4)), (2, 1))","(((2, 3), (3, 4), (4, 3), (5, 5), (6, 4)), (2, 1))",4,5.0,9.0,4,7,3,expanded,False,True,414
"(((2, 3), (3, 4), (4, 3), (5, 6), (6, 5)), (2, 1))","(((2, 3), (3, 4), (4, 3), (5, 5), (6, 5)), (2, 1))",5,6,11.0,5,,,pruned,,,415
"(((2, 3), (3, 4), (4, 3), (5, 5), (6, 6)), (2, 1))","(((2, 3), (3, 4), (4, 3), (5, 5), (6, 5)), (2, 1))",5,6,11.0,5,,,pruned,,,416
"(((2, 3), (3, 4), (4, 3), (5, 5), (6, 5)), (2, 1))","(((2, 3), (3, 4), (4, 3), (5, 5), (6, 4)), (2, 1))",4,5.0,9.0,4,7,2,expanded,False,True,417
"(((2, 4), (3, 4), (4, 4), (5, 6), (6, 3)), (1, 3))","(((2, 4), (3, 4), (4, 4), (5, 5), (6, 3)), (1, 3))",5,6,11.0,5,,,pruned,,,418
"(((2, 4), (3, 4), (4, 4), (5, 5), (6, 2)), (1, 3))","(((2, 4), (3, 4), (4, 4), (5, 5), (6, 3)), (1, 3))",5,6,11.0,5,,,pruned,,,419
"(((2, 4), (3, 4), (4, 4), (5, 5), (6, 3)), (1, 3))","(((2, 3), (3, 4), (4, 4), (5, 5), (6, 3)), (2, 1))",4,5.0,9.0,4,4,2,expanded,False,True,420
"(((1, 4), (4, 4), (5, 4), (5, 5), (6, 3)), (1, 3))","(((2, 4), (4, 4), (5, 4), (5, 5), (6, 3)), (1, 3))",5,6,11.0,5,,,pruned,,,421
"(((2, 4), (4, 4), (5, 4), (5, 5), (6, 3)), (1, 3))","(((2, 3), (4, 4), (5, 4), (5, 5), (6, 3)), (1, 3))",4,5.0,9.0,4,3,1,expanded,False,True,422
"(((2, 1), (4, 4), (5, 4), (5, 5), (6, 3)), (1, 3))","(((2, 2), (4, 4), (5, 4), (5, 5), (6, 3)), (1, 3))",5,6,11.0,5,,,pruned,,,423
"(((2, 2), (4, 4), (5, 4), (5, 5), (6, 3)), (1, 3))","(((2, 3), (4, 4), (5, 4), (5, 5), (6, 3)), (1, 3))",4,5.0,9.0,4,3,1,expanded,False,True,424
"(((1, 3), (4, 4), (5, 4), (5, 5), (6, 4)), (1, 4))","(((2, 3), (4, 4), (5, 4), (5, 5), (6, 4)), (1, 3))",5,6,11.0,5,,,pruned,,,425
"(((2, 3), (4, 4), (5, 4), (5, 5), (6, 4)), (1, 3))","(((2, 3), (4, 4), (5, 4), (5, 5), (6, 3)), (1, 3))",4,5.0,9.0,4,5,1,expanded,False,True,426
"(((1, 4), (4, 3), (4, 4), (5, 4), (5, 5)), (1, 3))","(((2, 4), (4, 3), (4, 4), (5, 4), (5, 5)), (1, 3))",5,6,11.0,5,,,pruned,,,427
"(((2, 4), (4, 3), (4, 4), (5, 4), (5, 5)), (1, 3))","(((2, 3), (4, 3), (4, 4), (5, 4), (5, 5)), (2, 1))",4,5.0,9.0,4,4,1,expanded,False,True,428
"(((4, 3), (4, 4), (5, 4), (5, 5), (6, 4)), (1, 3))","(((4, 3), (4, 4), (5, 4), (5, 5), (6, 3)), (1, 3))",4,5.0,9.0,4,3,0,expanded,False,True,429
"(((1, 4), (4, 4), (5, 3), (5, 5), (6, 4)), (1, 3))","(((2, 4), (4, 4), (5, 3), (5, 5), (6, 4)), (1, 3))",5,6,11.0,5,,,pruned,,,430
"(((2, 4), (4, 4), (5, 3), (5, 5), (6, 4)), (1, 3))","(((2, 4), (4, 3), (5, 3), (5, 5), (6, 4)), (1, 3))",4,5.0,9.0,4,7,1,expanded,False,True,431
"(((1, 4), (4, 2), (5, 3), (5, 5), (6, 4)), (1, 3))","(((2, 4), (4, 2), (5, 3), (5, 5), (6, 4)), (1, 3))",5,6,11.0,5,,,pruned,,,432
"(((2, 4), (4, 2), (5, 3), (5, 6), (6, 4)), (1, 3))","(((2, 4), (4, 2), (5, 3), (5, 5), (6, 4)), (1, 3))",5,6,11.0,5,,,pruned,,,433
"(((2, 4), (4, 1), (5, 3), (5, 5), (6, 4)), (1, 3))","(((2, 4), (4, 2), (5, 3), (5, 5), (6, 4)), (1, 3))",5,6,11.0,5,,,pruned,,,434
"(((2, 4), (4, 2), (5, 3), (5, 5), (6, 4)), (1, 3))","(((2, 4), (4, 3), (5, 3), (5, 5), (6, 4)), (1, 3))",4,5.0,9.0,4,10,3,expanded,False,True,435
"(((1, 4), (4, 3), (5, 4), (5, 5), (6, 4)), (1, 3))","(((2, 4), (4, 3), (5, 4), (5, 5), (6, 4)), (1, 3))",5,6,11.0,5,,,pruned,,,436
"(((2, 4), (4, 3), (5, 4), (5, 5), (6, 4)), (1, 3))","(((2, 4), (4, 3), (5, 3), (5, 5), (6, 4)), (1, 3))",4,5.0,9.0,4,7,1,expanded,False,True,437
"(((1, 4), (4, 3), (5, 2), (5, 5), (6, 4)), (1, 3))","(((2, 4), (4, 3), (5, 2), (5, 5), (6, 4)), (1, 3))",5,6,11.0,5,,,pruned,,,438
"(((2, 4), (4, 3), (5, 2), (5, 6), (6, 4)), (1, 3))","(((2, 4), (4, 3), (5, 2), (5, 5), (6, 4)), (1, 3))",5,6,11.0,5,,,pruned,,,439
"(((2, 4), (4, 3), (5, 5), (6, 2), (6, 4)), (1, 3))","(((2, 4), (4, 3), (5, 2), (5, 5), (6, 4)), (1, 3))",5,5,10.0,5,,,pruned,,,440
"(((2, 4), (4, 3), (5, 1), (5, 5), (6, 4)), (1, 3))","(((2, 4), (4, 3), (5, 2), (5, 5), (6, 4)), (1, 3))",5,6,11.0,5,,,pruned,,,441
"(((2, 4), (4, 3), (5, 2), (5, 5), (6, 4)), (1, 3))","(((2, 4), (4, 3), (5, 3), (5, 5), (6, 4)), (1, 3))",4,5.0,9.0,4,12,4,expanded,False,True,442
"(((1, 4), (4, 3), (5, 3), (5, 5), (6, 5)), (1, 3))","(((2, 4), (4, 3), (5, 3), (5, 5), (6, 5)), (1, 3))",5,6,11.0,5,,,pruned,,,443
"(((2, 4), (4, 3), (5, 3), (5, 6), (6, 5)), (1, 3))","(((2, 4), (4, 3), (5, 3), (5, 5), (6, 5)), (1, 3))",5,6,11.0,5,,,pruned,,,444
"(((2, 4), (4, 3), (5, 3), (5, 5), (6, 6)), (1, 3))","(((2, 4), (4, 3), (5, 3), (5, 5), (6, 5)), (1, 3))",5,6,11.0,5,,,pruned,,,445
"(((2, 4), (4, 3), (5, 3), (5, 5), (6, 5)), (1, 3))","(((2, 4), (4, 3), (5, 3), (5, 5), (6, 4)), (1, 3))",4,5.0,9.0,4,8,3,expanded,False,True,446
"(((2, 4), (4, 3), (4, 4), (5, 2), (5, 6)), (5, 3))","(((2, 4), (4, 3), (4, 4), (5, 2), (5, 5)), (5, 3))",5,6,11.0,5,,,pruned,,,447
"(((2, 4), (4, 3), (4, 4), (5, 1), (5, 5)), (1, 3))","(((2, 4), (4, 3), (4, 4), (5, 2), (5, 5)), (5, 3))",5,6,11.0,5,,,pruned,,,448
"(((2, 4), (4, 3), (4, 4), (5, 2), (5, 5)), (5, 3))","(((2, 4), (4, 3), (4, 4), (5, 3), (5, 5)), (1, 3))",4,5.0,9.0,4,6,2,expanded,False,True,449
"(((1, 4), (4, 2), (5, 4), (5, 5), (6, 3)), (1, 3))","(((2, 4), (4, 2), (5, 4), (5, 5), (6, 3)), (1, 3))",5,6,11.0,5,,,pruned,,,450
"(((2, 4), (4, 1), (5, 4), (5, 5), (6, 3)), (1, 3))","(((2, 4), (4, 2), (5, 4), (5, 5), (6, 3)), (1, 3))",5,6,11.0,5,,,pruned,,,451
"(((2, 4), (4, 2), (5, 4), (5, 5), (6, 3)), (1, 3))","(((2, 4), (4, 3), (5, 4), (5, 5), (6, 3)), (1, 3))",4,5.0,9.0,4,6,2,expanded,False,True,452
"(((2, 4), (3, 3), (4, 4), (5, 6), (6, 4)), (1, 3))","(((2, 4), (3, 3), (4, 4), (5, 5), (6, 4)), (1, 3))",5,6,11.0,5,,,pruned,,,453
"(((2, 4), (3, 3), (4, 4), (5, 5), (6, 4)), (1, 3))","(((2, 4), (3, 3), (4, 3), (5, 5), (6, 4)), (1, 3))",4,5.0,9.0,4,6,1,expanded,False,True,454
"(((1, 4), (3, 3), (4, 2), (5, 5), (6, 4)), (1, 3))","(((2, 4), (3, 3), (4, 2), (5, 5), (6, 4)), (1, 3))",5,6,11.0,5,,,pruned,,,455
"(((2, 4), (3, 3), (4, 2), (5, 6), (6, 4)), (1, 3))","(((2, 4), (3, 3), (4, 2), (5, 5), (6, 4)), (1, 3))",5,6,11.0,5,,,pruned,,,456
"(((2, 4), (3, 3), (4, 1), (5, 5), (6, 4)), (3, 4))","(((2, 4), (3, 3), (4, 2), (5, 5), (6, 4)), (1, 3))",5,6,11.0,5,,,pruned,,,457
"(((2, 4), (3, 3), (4, 2), (5, 5), (6, 4)), (1, 3))","(((2, 4), (3, 3), (4, 3), (5, 5), (6, 4)), (1, 3))",4,5.0,9.0,4,8,3,expanded,False,True,458
"(((1, 4), (3, 3), (4, 3), (5, 5), (6, 5)), (1, 3))","(((2, 4), (3, 3), (4, 3), (5, 5), (6, 5)), (1, 3))",5,6,11.0,5,,,pruned,,,459
"(((2, 4), (3, 3), (4, 3), (5, 6), (6, 5)), (1, 3))","(((2, 4), (3, 3), (4, 3), (5, 5), (6, 5)), (1, 3))",5,6,11.0,5,,,pruned,,,460
"(((2, 4), (3, 3), (4, 3), (5, 5), (6, 6)), (1, 3))","(((2, 4), (3, 3), (4, 3), (5, 5), (6, 5)), (1, 3))",5,6,11.0,5,,,pruned,,,461
"(((2, 4), (3, 3), (4, 3), (5, 5), (6, 5)), (1, 3))","(((2, 4), (3, 3), (4, 3), (5, 5), (6, 4)), (1, 3))",4,5.0,9.0,4,6,3,expanded,False,True,462
"(((2, 4), (3, 3), (3, 4), (5, 2), (5, 6)), (1, 3))","(((2, 4), (3, 3), (3, 4), (5, 2), (5, 5)), (1, 3))",5,6,11.0,5,,,pruned,,,463
"(((2, 4), (3, 3), (3, 4), (5, 5), (6, 2)), (1, 3))","(((2, 4), (3, 3), (3, 4), (5, 2), (5, 5)), (1, 3))",5,5,10.0,5,,,pruned,,,464
"(((2, 4), (3, 3), (3, 4), (5, 1), (5, 5)), (1, 3))","(((2, 4), (3, 3), (3, 4), (5, 2), (5, 5)), (1, 3))",5,6,11.0,5,,,pruned,,,465
"(((2, 4), (3, 3), (3, 4), (5, 2), (5, 5)), (1, 3))","(((2, 4), (3, 3), (3, 4), (5, 3), (5, 5)), (1, 3))",4,5.0,9.0,4,8,3,expanded,False,True,466
"(((3, 4), (5, 3), (5, 4), (5, 5), (6, 4)), (1, 3))","(((3, 4), (5, 3), (5, 4), (5, 5), (6, 3)), (1, 3))",4,5.0,9.0,4,5,0,expanded,False,True,467
"(((3, 4), (4, 4), (5, 6), (6, 3), (6, 4)), (1, 3))","(((3, 4), (4, 4), (5, 5), (6, 3), (6, 4)), (1, 3))",5,6,11.0,5,,,pruned,,,468
"(((3, 4), (4, 4), (5, 5), (6, 3), (6, 4)), (1, 3))","(((3, 4), (4, 3), (5, 5), (6, 3), (6, 4)), (1, 3))",4,5.0,9.0,4,1,1,expanded,True,True,469
"(((3, 4), (4, 2), (5, 6), (6, 3), (6, 4)), (1, 3))","(((3, 4), (4, 2), (5, 5), (6, 3), (6, 4)), (1, 3))",5,6,11.0,5,,,pruned,,,470
"(((3, 4), (4, 1), (5, 5), (6, 3), (6, 4)), (1, 3))","(((3, 4), (4, 2), (5, 5), (6, 3), (6, 4)), (1, 3))",5,6,11.0,5,,,pruned,,,471
"(((3, 4), (4, 2), (5, 5), (6, 3), (6, 4)), (1, 3))","(((3, 4), (4, 3), (5, 5), (6, 3), (6, 4)), (1, 3))",4,5.0,9.0,4,5,2,expanded,False,True,472
"(((4, 3), (4, 4), (5, 3), (5, 6), (6, 5)), (1, 3))","(((4, 3), (4, 4), (5, 3), (5, 5), (6, 5)), (1, 3))",5,6,11.0,5,,,pruned,,,473
"(((4, 3), (4, 4), (5, 3), (5, 5), (6, 6)), (1, 3))","(((4, 3), (4, 4), (5, 3), (5, 5), (6, 5)), (1, 3))",5,6,11.0,5,,,pruned,,,474
"(((4, 3), (4, 4), (5, 3), (5, 5), (6, 5)), (1, 3))","(((4, 3), (4, 4), (5, 3), (5, 5), (6, 4)), (1, 3))",4,5.0,9.0,4,6,2,expanded,False,True,475
"(((3, 3), (5, 3), (5, 4), (5, 5), (6, 6)), (1, 3))","(((3, 3), (5, 3), (5, 4), (5, 5), (6, 5)), (1, 3))",5,6,11.0,5,,,pruned,,,476
"(((3, 3), (5, 3), (5, 4), (5, 5), (6, 5)), (1, 3))","(((3, 3), (5, 3), (5, 4), (5, 5), (6, 4)), (1, 3))",4,5.0,9.0,4,7,1,expanded,False,True,477
"(((2, 1), (4, 4), (5, 3), (5, 5), (6, 4)), (1, 3))","(((2, 2), (4, 4), (5, 3), (5, 5), (6, 4)), (1, 3))",5,6,11.0,5,,,pruned,,,478
"(((2, 2), (4, 4), (5, 3), (5, 5), (6, 4)), (1, 3))","(((2, 3), (4, 4), (5, 3), (5, 5), (6, 4)), (1, 3))",4,5.0,9.0,4,7,1,expanded,False,True,479
"(((1, 3), (4, 4), (5, 3), (5, 5), (6, 5)), (1, 4))","(((2, 3), (4, 4), (5, 3), (5, 5), (6, 5)), (1, 3))",5,6,11.0,5,,,pruned,,,480
"(((2, 3), (4, 4), (5, 3), (5, 6), (6, 5)), (1, 3))","(((2, 3), (4, 4), (5, 3), (5, 5), (6, 5)), (1, 3))",5,6,11.0,5,,,pruned,,,481
"(((2, 3), (4, 4), (5, 3), (5, 5), (6, 6)), (1, 3))","(((2, 3), (4, 4), (5, 3), (5, 5), (6, 5)), (1, 3))",5,6,11.0,5,,,pruned,,,482
"(((2, 3), (4, 4), (5, 3), (5, 5), (6, 5)), (1, 3))","(((2, 3), (4, 4), (5, 3), (5, 5), (6, 4)), (1, 3))",4,5.0,9.0,4,12,3,expanded,False,True,483
"(((3, 3), (4, 3), (4, 4), (5, 6), (6, 5)), (1, 3))","(((3, 3), (4, 3), (4, 4), (5, 5), (6, 5)), (1, 3))",5,6,11.0,5,,,pruned,,,484
"(((3, 3), (4, 3), (4, 4), (5, 5), (6, 6)), (1, 3))","(((3, 3), (4, 3), (4, 4), (5, 5), (6, 5)), (1, 3))",5,6,11.0,5,,,pruned,,,485
"(((3, 3), (4, 3), (4, 4), (5, 5), (6, 5)), (1, 3))","(((3, 3), (4, 3), (4, 4), (5, 5), (6, 4)), (1, 3))",4,5.0,9.0,4,4,2,expanded,False,True,486
"(((3, 4), (4, 3), (4, 4), (5, 6), (6, 4)), (1, 3))","(((3, 4), (4, 3), (4, 4), (5, 5), (6, 4)), (1, 3))",5,6,11.0,5,,,pruned,,,487
"(((3, 4), (4, 3), (4, 4), (5, 5), (6, 4)), (1, 3))","(((3, 4), (4, 3), (4, 4), (5, 5), (6, 3)), (1, 3))",4,5.0,9.0,4,4,1,expanded,False,True,488
"(((3, 4), (4, 2), (4, 3), (4, 4), (5, 6)), (1, 3))","(((3, 4), (4, 2), (4, 3), (4, 4), (5, 5)), (1, 3))",5,6,11.0,5,,,pruned,,,489
"(((3, 4), (4, 2), (4, 3), (4, 4), (5, 5)), (1, 3))","(((3, 4), (4, 3), (4, 4), (5, 2), (5, 5)), (5, 3))",4,5.0,9.0,4,4,1,expanded,False,True,490
"(((1, 3), (3, 4), (5, 5), (6, 3), (6, 5)), (1, 4))","(((2, 3), (3, 4), (5, 5), (6, 3), (6, 5)), (2, 1))",5,6,11.0,5,,,pruned,,,491
"(((2, 3), (3, 4), (5, 6), (6, 3), (6, 5)), (2, 1))","(((2, 3), (3, 4), (5, 5), (6, 3), (6, 5)), (2, 1))",5,6,11.0,5,,,pruned,,,492
"(((2, 3), (3, 4), (5, 5), (6, 3), (6, 6)), (2, 1))","(((2, 3), (3, 4), (5, 5), (6, 3), (6, 5)), (2, 1))",5,6,11.0,5,,,pruned,,,493
"(((2, 3), (3, 4), (5, 5), (6, 2), (6, 5)), (2, 1))","(((2, 3), (3, 4), (5, 5), (6, 3), (6, 5)), (2, 1))",5,6,11.0,5,,,pruned,,,494
"(((2, 3), (3, 4), (5, 5), (6, 3), (6, 5)), (2, 1))","(((2, 3), (3, 4), (5, 3), (5, 5), (6, 5)), (2, 1))",4,5.0,9.0,4,7,4,expanded,False,True,495
"(((1, 3), (3, 4), (4, 2), (4, 4), (5, 5)), (1, 4))","(((2, 3), (3, 4), (4, 2), (4, 4), (5, 5)), (2, 1))",5,6,11.0,5,,,pruned,,,496
"(((2, 3), (3, 4), (4, 2), (4, 4), (5, 6)), (2, 1))","(((2, 3), (3, 4), (4, 2), (4, 4), (5, 5)), (2, 1))",5,6,11.0,5,,,pruned,,,497
"(((2, 3), (3, 4), (4, 1), (4, 4), (5, 5)), (3, 3))","(((2, 3), (3, 4), (4, 2), (4, 4), (5, 5)), (2, 1))",5,6,11.0,5,,,pruned,,,498
"(((2, 3), (3, 4), (4, 2), (4, 4), (5, 5)), (2, 1))","(((2, 3), (3, 4), (4, 4), (5, 2), (5, 5)), (2, 1))",4,5.0,9.0,4,6,3,expanded,False,True,499
"(((2, 2), (4, 3), (4, 4), (5, 4), (5, 5)), (2, 1))","(((2, 2), (4, 4), (5, 3), (5, 4), (5, 5)), (1, 3))",4,5.0,9.0,4,2,0,expanded,False,True,500
"(((3, 4), (4, 1), (5, 3), (5, 4), (5, 5)), (1, 3))","(((3, 4), (4, 2), (5, 3), (5, 4), (5, 5)), (1, 3))",5,6,11.0,5,,,pruned,,,501
"(((3, 4), (4, 2), (5, 3), (5, 4), (5, 5)), (1, 3))","(((2, 4), (4, 2), (5, 3), (5, 4), (5, 5)), (1, 3))",4,5.0,9.0,4,8,1,expanded,False,True,502
"(((1, 4), (4, 2), (4, 3), (5, 4), (5, 5)), (1, 3))","(((2, 4), (4, 2), (4, 3), (5, 4), (5, 5)), (1, 3))",5,6,11.0,5,,,pruned,,,503
"(((2, 4), (4, 2), (4, 3), (5, 4), (5, 5)), (1, 3))","(((2, 4), (4, 2), (5, 3), (5, 4), (5, 5)), (1, 3))",4,5.0,9.0,4,6,1,expanded,False,True,504
"(((1, 4), (4, 2), (4, 4), (5, 3), (5, 5)), (1, 3))","(((2, 4), (4, 2), (4, 4), (5, 3), (5, 5)), (1, 3))",5,6,11.0,5,,,pruned,,,505
"(((2, 4), (4, 2), (4, 4), (5, 3), (5, 6)), (1, 3))","(((2, 4), (4, 2), (4, 4), (5, 3), (5, 5)), (1, 3))",5,6,11.0,5,,,pruned,,,506
"(((2, 4), (4, 1), (4, 4), (5, 3), (5, 5)), (1, 3))","(((2, 4), (4, 2), (4, 4), (5, 3), (5, 5)), (1, 3))",5,6,11.0,5,,,pruned,,,507
"(((2, 4), (4, 2), (4, 4), (5, 3), (5, 5)), (1, 3))","(((2, 4), (4, 2), (5, 3), (5, 4), (5, 5)), (1, 3))",4,5.0,9.0,4,12,3,expanded,False,True,508
"(((1, 4), (3, 3), (5, 5), (6, 3), (6, 5)), (1, 3))","(((2, 4), (3, 3), (5, 5), (6, 3), (6, 5)), (1, 3))",5,6,11.0,5,,,pruned,,,509
"(((2, 4), (3, 3), (5, 6), (6, 3), (6, 5)), (1, 3))","(((2, 4), (3, 3), (5, 5), (6, 3), (6, 5)), (1, 3))",5,6,11.0,5,,,pruned,,,510
"(((2, 4), (3, 3), (5, 5), (6, 3), (6, 6)), (1, 3))","(((2, 4), (3, 3), (5, 5), (6, 3), (6, 5)), (1, 3))",5,6,11.0,5,,,pruned,,,511
"(((2, 4), (3, 3), (5, 5), (6, 2), (6, 5)), (1, 3))","(((2, 4), (3, 3), (5, 5), (6, 3), (6, 5)), (1, 3))",5,6,11.0,5,,,pruned,,,512
"(((2, 4), (3, 3), (5, 5), (6, 3), (6, 5)), (1, 3))","(((2, 4), (3, 3), (5, 3), (5, 5), (6, 5)), (1, 3))",4,5.0,9.0,4,8,4,expanded,False,True,513
"(((1, 4), (4, 3), (4, 4), (5, 2), (5, 5)), (1, 3))","(((2, 4), (4, 3), (4, 4), (5, 2), (5, 5)), (1, 3))",5,6,11.0,5,,,pruned,,,514
"(((2, 4), (4, 3), (4, 4), (5, 5), (6, 2)), (1, 3))","(((2, 4), (4, 3), (4, 4), (5, 2), (5, 5)), (1, 3))",5,5,10.0,5,,,pruned,,,515
"(((2, 4), (4, 3), (4, 4), (5, 2), (5, 5)), (1, 3))","(((2, 4), (3, 3), (4, 4), (5, 2), (5, 5)), (1, 3))",4,5.0,9.0,4,6,2,expanded,False,True,516
"(((2, 4), (3, 3), (4, 2), (4, 4), (5, 6)), (1, 3))","(((2, 4), (3, 3), (4, 2), (4, 4), (5, 5)), (1, 3))",5,6,11.0,5,,,pruned,,,517
"(((2, 4), (3, 3), (4, 1), (4, 4), (5, 5)), (4, 2))","(((2, 4), (3, 3), (4, 2), (4, 4), (5, 5)), (1, 3))",5,6,11.0,5,,,pruned,,,518
"(((2, 4), (3, 3), (4, 2), (4, 4), (5, 5)), (1, 3))","(((2, 4), (3, 3), (4, 4), (5, 2), (5, 5)), (1, 3))",4,5.0,9.0,4,8,2,expanded,False,True,519
"(((3, 3), (4, 4), (5, 6), (6, 3), (6, 5)), (1, 3))","(((3, 3), (4, 4), (5, 5), (6, 3), (6, 5)), (1, 3))",5,6,11.0,5,,,pruned,,,520
"(((3, 3), (4, 4), (5, 5), (6, 3), (6, 6)), (1, 3))","(((3, 3), (4, 4), (5, 5), (6, 3), (6, 5)), (1, 3))",5,6,11.0,5,,,pruned,,,521
"(((3, 3), (4, 4), (5, 5), (6, 2), (6, 5)), (1, 3))","(((3, 3), (4, 4), (5, 5), (6, 3), (6, 5)), (1, 3))",5,6,11.0,5,,,pruned,,,522
"(((3, 3), (4, 4), (5, 5), (6, 3), (6, 5)), (1, 3))","(((3, 3), (4, 4), (5, 3), (5, 5), (6, 5)), (1, 3))",4,5.0,9.0,4,8,3,expanded,False,True,523
"(((3, 4), (4, 2), (4, 3), (5, 6), (6, 4)), (1, 3))","(((3, 4), (4, 2), (4, 3), (5, 5), (6, 4)), (1, 3))",5,6,11.0,5,,,pruned,,,524
"(((3, 4), (4, 2), (4, 3), (5, 5), (6, 4)), (1, 3))","(((3, 3), (3, 4), (4, 2), (5, 5), (6, 4)), (1, 3))",4,5.0,9.0,4,6,1,expanded,False,True,525
"(((3, 3), (4, 2), (4, 4), (5, 6), (6, 4)), (1, 3))","(((3, 3), (4, 2), (4, 4), (5, 5), (6, 4)), (1, 3))",5,6,11.0,5,,,pruned,,,526
"(((3, 3), (4, 1), (4, 4), (5, 5), (6, 4)), (4, 2))","(((3, 3), (4, 2), (4, 4), (5, 5), (6, 4)), (1, 3))",5,6,11.0,5,,,pruned,,,527
"(((3, 3), (4, 2), (4, 4), (5, 5), (6, 4)), (1, 3))","(((3, 3), (3, 4), (4, 2), (5, 5), (6, 4)), (1, 3))",4,5.0,9.0,4,8,2,expanded,False,True,528
"(((4, 3), (4, 4), (5, 5), (6, 2), (6, 4)), (1, 3))","(((4, 3), (4, 4), (5, 2), (5, 5), (6, 4)), (1, 3))",5,5,10.0,5,,,pruned,,,529
"(((4, 3), (4, 4), (5, 2), (5, 5), (6, 4)), (1, 3))","(((3, 4), (4, 3), (5, 2), (5, 5), (6, 4)), (1, 3))",4,5.0,9.0,4,4,1,expanded,False,True,530
"(((3, 4), (5, 2), (5, 3), (5, 6), (6, 4)), (1, 3))","(((3, 4), (5, 2), (5, 3), (5, 5), (6, 4)), (1, 3))",5,6,11.0,5,,,pruned,,,531
"(((3, 4), (5, 3), (5, 5), (6, 2), (6, 4)), (1, 3))","(((3, 4), (5, 2), (5, 3), (5, 5), (6, 4)), (1, 3))",5,5,10.0,5,,,pruned,,,532
"(((3, 4), (5, 2), (5, 3), (5, 5), (6, 4)), (1, 3))","(((3, 4), (4, 3), (5, 2), (5, 5), (6, 4)), (1, 3))",4,5.0,9.0,4,5,2,expanded,False,True,533
"(((3, 3), (5, 4), (5, 5), (6, 2), (6, 4)), (1, 3))","(((3, 3), (5, 2), (5, 4), (5, 5), (6, 4)), (1, 3))",5,5,10.0,5,,,pruned,,,534
"(((3, 3), (5, 1), (5, 4), (5, 5), (6, 4)), (1, 3))","(((3, 3), (5, 2), (5, 4), (5, 5), (6, 4)), (1, 3))",5,6,11.0,5,,,pruned,,,535
"(((3, 3), (5, 2), (5, 4), (5, 5), (6, 4)), (1, 3))","(((3, 3), (4, 4), (5, 2), (5, 5), (6, 4)), (1, 3))",4,5.0,9.0,4,7,2,expanded,False,True,536
"(((1, 3), (4, 4), (5, 2), (5, 5), (6, 4)), (1, 4))","(((2, 3), (4, 4), (5, 2), (5, 5), (6, 4)), (1, 3))",5,6,11.0,5,,,pruned,,,537
"(((2, 3), (4, 4), (5, 2), (5, 6), (6, 4)), (1, 3))","(((2, 3), (4, 4), (5, 2), (5, 5), (6, 4)), (1, 3))",5,6,11.0,5,,,pruned,,,538
"(((2, 3), (4, 4), (5, 5), (6, 2), (6, 4)), (1, 3))","(((2, 3), (4, 4), (5, 2), (5, 5), (6, 4)), (1, 3))",5,5,10.0,5,,,pruned,,,539
"(((2, 3), (4, 4), (5, 1), (5, 5), (6, 4)), (1, 3))","(((2, 3), (4, 4), (5, 2), (5, 5), (6, 4)), (1, 3))",5,6,11.0,5,,,pruned,,,540
"(((2, 3), (4, 4), (5, 2), (5, 5), (6, 4)), (1, 3))","(((3, 3), (4, 4), (5, 2), (5, 5), (6, 4)), (1, 3))",4,5.0,9.0,4,12,4,expanded,False,True,541
"(((3, 4), (4, 3), (5, 6), (6, 3), (6, 5)), (1, 3))","(((3, 4), (4, 3), (5, 5), (6, 3), (6, 5)), (1, 3))",5,6,11.0,5,,,pruned,,,542
"(((3, 4), (4, 3), (5, 5), (6, 3), (6, 6)), (1, 3))","(((3, 4), (4, 3), (5, 5), (6, 3), (6, 5)), (1, 3))",5,6,11.0,5,,,pruned,,,543
"(((3, 4), (4, 3), (5, 5), (6, 2), (6, 5)), (1, 3))","(((3, 4), (4, 3), (5, 5), (6, 3), (6, 5)), (1, 3))",5,6,11.0,5,,,pruned,,,544
"(((3, 4), (4, 3), (5, 5), (6, 3), (6, 5)), (1, 3))","(((3, 3), (3, 4), (5, 5), (6, 3), (6, 5)), (1, 3))",4,5.0,9.0,4,10,3,expanded,False,True,545
"(((3, 4), (4, 4), (5, 3), (5, 5), (6, 2)), (1, 3))","(((3, 4), (4, 4), (5, 2), (5, 3), (5, 5)), (1, 3))",5,5,10.0,5,,,pruned,,,546
"(((3, 4), (4, 4), (5, 2), (5, 3), (5, 5)), (1, 3))","(((3, 4), (4, 3), (4, 4), (5, 2), (5, 5)), (1, 3))",4,5.0,9.0,4,2,1,expanded,False,True,547
"(((2, 4), (3, 4), (4, 4), (5, 4), (6, 3)), (1, 3))","(((2, 3), (3, 4), (4, 4), (5, 4), (6, 3)), (2, 1))",5,4.0,9.0,5,2,0,expanded,False,True,548
"(((1, 3), (3, 4), (4, 4), (5, 4), (6, 4)), (1, 4))","(((2, 3), (3, 4), (4, 4), (5, 4), (6, 4)), (2, 1))",6,5,11.0,6,,,pruned,,,549
"(((2, 3), (3, 4), (4, 4), (5, 4), (6, 4)), (2, 1))","(((2, 3), (3, 4), (4, 4), (5, 4), (6, 3)), (2, 1))",5,4.0,9.0,5,4,1,expanded,False,True,550
"(((2, 4), (3, 4), (4, 3), (4, 4), (5, 4)), (1, 3))","(((2, 3), (3, 4), (4, 3), (4, 4), (5, 4)), (2, 1))",5,4.0,9.0,5,4,0,expanded,False,True,551
"(((3, 4), (4, 3), (4, 4), (5, 4), (6, 4)), (1, 3))","(((3, 4), (4, 3), (4, 4), (5, 4), (6, 3)), (1, 3))",5,4.0,9.0,5,4,0,expanded,False,True,552
"(((2, 4), (3, 3), (4, 4), (5, 4), (6, 4)), (1, 3))","(((2, 4), (3, 3), (4, 4), (5, 4), (6, 3)), (1, 3))",5,4.0,9.0,5,5,0,expanded,False,True,553
"(((1, 4), (2, 3), (3, 3), (5, 5), (6, 4)), (2, 1))","(((2, 3), (2, 4), (3, 3), (5, 5), (6, 4)), (2, 1))",6,5,11.0,6,,,pruned,,,554
"(((2, 3), (2, 4), (3, 3), (5, 6), (6, 4)), (2, 1))","(((2, 3), (2, 4), (3, 3), (5, 5), (6, 4)), (2, 1))",6,5,11.0,6,,,pruned,,,555
"(((2, 3), (2, 4), (3, 3), (5, 5), (6, 4)), (2, 1))","(((2, 3), (2, 4), (3, 3), (5, 4), (5, 5)), (2, 1))",5,4.0,9.0,5,3,2,expanded,False,True,556
"(((2, 3), (2, 4), (3, 3), (4, 4), (5, 6)), (2, 1))","(((2, 3), (2, 4), (3, 3), (4, 4), (5, 5)), (2, 1))",6,5,11.0,6,,,pruned,,,557
"(((2, 3), (2, 4), (3, 3), (4, 4), (5, 5)), (2, 1))","(((2, 3), (2, 4), (3, 3), (5, 4), (5, 5)), (2, 1))",5,4.0,9.0,5,3,1,expanded,False,True,558
"(((2, 3), (2, 4), (3, 4), (4, 3), (5, 6)), (2, 1))","(((2, 3), (2, 4), (3, 4), (4, 3), (5, 5)), (2, 1))",6,5,11.0,6,,,pruned,,,559
"(((2, 3), (2, 4), (3, 4), (4, 3), (5, 5)), (2, 1))","(((2, 3), (2, 4), (4, 3), (4, 4), (5, 5)), (2, 1))",5,4.0,9.0,5,5,1,expanded,False,True,560
"(((1, 3), (2, 4), (3, 4), (5, 5), (6, 3)), (2, 1))","(((2, 3), (2, 4), (3, 4), (5, 5), (6, 3)), (2, 1))",6,5,11.0,6,,,pruned,,,561
"(((2, 3), (2, 4), (3, 4), (5, 6), (6, 3)), (2, 1))","(((2, 3), (2, 4), (3, 4), (5, 5), (6, 3)), (2, 1))",6,5,11.0,6,,,pruned,,,562
"(((2, 3), (2, 4), (3, 4), (5, 5), (6, 2)), (2, 1))","(((2, 3), (2, 4), (3, 4), (5, 5), (6, 3)), (2, 1))",6,5,11.0,6,,,pruned,,,563
"(((2, 3), (2, 4), (3, 4), (5, 5), (6, 3)), (2, 1))","(((2, 3), (2, 4), (3, 4), (5, 3), (5, 5)), (2, 1))",5,4.0,9.0,5,5,3,expanded,False,True,564
"(((1, 4), (5, 3), (5, 5), (6, 3), (6, 4)), (1, 3))","(((2, 4), (5, 3), (5, 5), (6, 3), (6, 4)), (1, 3))",6,5,11.0,6,,,pruned,,,565
"(((2, 4), (5, 3), (5, 6), (6, 3), (6, 4)), (1, 3))","(((2, 4), (5, 3), (5, 5), (6, 3), (6, 4)), (1, 3))",6,5,11.0,6,,,pruned,,,566
"(((2, 4), (5, 3), (5, 5), (6, 3), (6, 4)), (1, 3))","(((2, 4), (5, 3), (5, 4), (5, 5), (6, 3)), (1, 3))",5,4.0,9.0,5,5,2,expanded,False,True,567
"(((2, 4), (3, 4), (4, 3), (5, 6), (6, 3)), (1, 3))","(((2, 4), (3, 4), (4, 3), (5, 5), (6, 3)), (1, 3))",6,5,11.0,6,,,pruned,,,568
"(((2, 4), (3, 4), (4, 3), (5, 5), (6, 2)), (1, 3))","(((2, 4), (3, 4), (4, 3), (5, 5), (6, 3)), (1, 3))",6,5,11.0,6,,,pruned,,,569
"(((2, 4), (3, 4), (4, 3), (5, 5), (6, 3)), (1, 3))","(((2, 4), (3, 3), (3, 4), (5, 5), (6, 3)), (1, 3))",5,4.0,9.0,5,8,2,expanded,False,True,570
"(((1, 4), (4, 4), (5, 3), (5, 5), (6, 3)), (1, 3))","(((2, 4), (4, 4), (5, 3), (5, 5), (6, 3)), (1, 3))",6,5,11.0,6,,,pruned,,,571
"(((2, 4), (4, 4), (5, 3), (5, 5), (6, 3)), (1, 3))","(((2, 4), (4, 3), (4, 4), (5, 5), (6, 3)), (1, 3))",5,4.0,9.0,5,5,1,expanded,False,True,572
"(((4, 4), (5, 3), (5, 5), (6, 3), (6, 4)), (1, 3))","(((3, 4), (5, 3), (5, 5), (6, 3), (6, 4)), (1, 3))",5,4.0,9.0,5,2,0,expanded,False,True,573
"(((4, 3), (5, 4), (5, 5), (6, 3), (6, 4)), (1, 3))","(((4, 3), (4, 4), (5, 5), (6, 3), (6, 4)), (1, 3))",5,4.0,9.0,5,4,0,expanded,False,True,574
"(((1, 3), (5, 4), (5, 5), (6, 3), (6, 4)), (1, 4))","(((2, 3), (5, 4), (5, 5), (6, 3), (6, 4)), (1, 3))",6,5,11.0,6,,,pruned,,,575
"(((2, 3), (5, 4), (5, 5), (6, 3), (6, 4)), (1, 3))","(((3, 3), (5, 4), (5, 5), (6, 3), (6, 4)), (1, 3))",5,4.0,9.0,5,4,1,expanded,False,True,576
"(((2, 3), (4, 3), (5, 4), (5, 5), (6, 4)), (2, 1))","(((2, 3), (5, 3), (5, 4), (5, 5), (6, 4)), (1, 3))",5,4.0,9.0,5,4,0,expanded,False,True,577
"(((2, 3), (3, 3), (4, 4), (5, 6), (6, 4)), (2, 1))","(((2, 3), (3, 3), (4, 4), (5, 5), (6, 4)), (2, 1))",6,5,11.0,6,,,pruned,,,578
"(((2, 3), (3, 3), (4, 4), (5, 5), (6, 4)), (2, 1))","(((2, 3), (4, 3), (4, 4), (5, 5), (6, 4)), (2, 1))",5,4.0,9.0,5,4,1,expanded,False,True,579
"(((3, 4), (4, 4), (5, 3), (5, 4), (6, 2)), (1, 3))","(((3, 4), (4, 4), (5, 2), (5, 3), (5, 4)), (1, 3))",6,4,10.0,6,,,pruned,,,580
"(((3, 4), (4, 4), (5, 2), (5, 3), (5, 4)), (1, 3))","(((3, 4), (4, 3), (4, 4), (5, 2), (5, 4)), (1, 3))",5,4.0,9.0,5,2,1,expanded,False,True,581
"(((1, 3), (3, 4), (4, 2), (4, 4), (5, 4)), (1, 4))","(((2, 3), (3, 4), (4, 2), (4, 4), (5, 4)), (2, 1))",6,5,11.0,6,,,pruned,,,582
"(((2, 3), (3, 4), (4, 1), (4, 4), (5, 4)), (3, 3))","(((2, 3), (3, 4), (4, 2), (4, 4), (5, 4)), (2, 1))",6,5,11.0,6,,,pruned,,,583
"(((2, 3), (3, 4), (4, 2), (4, 4), (5, 4)), (2, 1))","(((2, 3), (3, 4), (4, 4), (5, 2), (5, 4)), (2, 1))",5,4.0,9.0,5,6,2,expanded,False,True,584
"(((3, 4), (4, 2), (4, 3), (4, 4), (5, 4)), (1, 3))","(((3, 3), (3, 4), (4, 2), (4, 4), (5, 4)), (1, 3))",5,4.0,9.0,5,4,0,expanded,False,True,585
"(((1, 4), (4, 3), (4, 4), (5, 2), (5, 4)), (1, 3))","(((2, 4), (4, 3), (4, 4), (5, 2), (5, 4)), (1, 3))",6,5,11.0,6,,,pruned,,,586
"(((2, 4), (4, 3), (4, 4), (5, 4), (6, 2)), (1, 3))","(((2, 4), (4, 3), (4, 4), (5, 2), (5, 4)), (1, 3))",6,4,10.0,6,,,pruned,,,587
"(((2, 4), (4, 3), (4, 4), (5, 2), (5, 4)), (1, 3))","(((2, 4), (3, 3), (4, 4), (5, 2), (5, 4)), (1, 3))",5,4.0,9.0,5,5,2,expanded,False,True,588
"(((1, 3), (2, 4), (4, 4), (5, 2), (5, 4)), (2, 1))","(((2, 3), (2, 4), (4, 4), (5, 2), (5, 4)), (2, 1))",6,5,11.0,6,,,pruned,,,589
"(((1, 4), (2, 3), (4, 4), (5, 2), (5, 4)), (2, 1))","(((2, 3), (2, 4), (4, 4), (5, 2), (5, 4)), (2, 1))",6,5,11.0,6,,,pruned,,,590
"(((2, 3), (2, 4), (4, 4), (5, 4), (6, 2)), (2, 1))","(((2, 3), (2, 4), (4, 4), (5, 2), (5, 4)), (2, 1))",6,4,10.0,6,,,pruned,,,591
"(((2, 3), (2, 4), (4, 4), (5, 1), (5, 4)), (2, 1))","(((2, 3), (2, 4), (4, 4), (5, 2), (5, 4)), (2, 1))",6,5,11.0,6,,,pruned,,,592
"(((2, 3), (2, 4), (4, 4), (5, 2), (5, 4)), (2, 1))","(((2, 4), (3, 3), (4, 4), (5, 2), (5, 4)), (1, 3))",5,4.0,9.0,5,8,4,expanded,False,True,593
"(((2, 4), (3, 3), (4, 1), (4, 4), (5, 4)), (4, 2))","(((2, 4), (3, 3), (4, 2), (4, 4), (5, 4)), (1, 3))",6,5,11.0,6,,,pruned,,,594
"(((2, 4), (3, 3), (4, 2), (4, 4), (5, 4)), (1, 3))","(((2, 4), (3, 3), (4, 4), (5, 2), (5, 4)), (1, 3))",5,4.0,9.0,5,7,1,expanded,False,True,595
"(((2, 4), (3, 4), (4, 4), (5, 4), (6, 2)), (1, 3))","(((2, 4), (3, 4), (4, 4), (5, 4), (6, 3)), (5, 5))",6,5,11.0,6,,,pruned,,,596
"(((2, 4), (3, 4), (4, 4), (5, 4), (6, 3)), (5, 5))","(((2, 4), (3, 4), (4, 4), (5, 5), (6, 3)), (1, 3))",5,4.0,9.0,5,2,1,expanded,False,True,597
"(((2, 4), (4, 3), (4, 4), (5, 1), (5, 4)), (1, 3))","(((2, 4), (4, 3), (4, 4), (5, 2), (5, 4)), (5, 3))",6,5,11.0,6,,,pruned,,,598
"(((2, 4), (4, 3), (4, 4), (5, 2), (5, 4)), (5, 3))","(((2, 4), (4, 3), (4, 4), (5, 2), (5, 5)), (5, 3))",5,4.0,9.0,5,5,1,expanded,False,True,599
"(((2, 4), (3, 3), (3, 4), (5, 4), (6, 2)), (1, 3))","(((2, 4), (3, 3), (3, 4), (5, 2), (5, 4)), (1, 3))",6,4,10.0,6,,,pruned,,,600
"(((2, 4), (3, 3), (3, 4), (5, 1), (5, 4)), (1, 3))","(((2, 4), (3, 3), (3, 4), (5, 2), (5, 4)), (1, 3))",6,5,11.0,6,,,pruned,,,601
"(((2, 4), (3, 3), (3, 4), (5, 2), (5, 4)), (1, 3))","(((2, 4), (3, 3), (3, 4), (5, 2), (5, 5)), (1, 3))",5,4.0,9.0,5,10,2,expanded,False,True,602
"(((1, 4), (4, 2), (4, 4), (5, 3), (5, 4)), (1, 3))","(((2, 4), (4, 2), (4, 4), (5, 3), (5, 4)), (1, 3))",6,5,11.0,6,,,pruned,,,603
"(((2, 4), (4, 1), (4, 4), (5, 3), (5, 4)), (1, 3))","(((2, 4), (4, 2), (4, 4), (5, 3), (5, 4)), (1, 3))",6,5,11.0,6,,,pruned,,,604
"(((2, 4), (4, 2), (4, 4), (5, 3), (5, 4)), (1, 3))","(((2, 4), (4, 2), (4, 4), (5, 3), (5, 5)), (1, 3))",5,4.0,9.0,5,6,2,expanded,False,True,605
"(((2, 4), (3, 4), (4, 3), (4, 4), (5, 3)), (1, 3))","(((2, 3), (3, 4), (4, 3), (4, 4), (5, 3)), (2, 1))",6,3.0,9.0,6,2,0,expanded,False,True,606
"(((2, 3), (3, 4), (4, 3), (4, 4), (5, 1)), (2, 1))","(((2, 3), (3, 4), (4, 3), (4, 4), (5, 2)), (5, 3))",7,4,11.0,7,,,pruned,,,607
"(((2, 3), (3, 4), (4, 3), (4, 4), (5, 2)), (5, 3))","(((2, 3), (3, 4), (4, 3), (4, 4), (5, 3)), (2, 1))",6,3.0,9.0,6,3,1,expanded,False,True,608
"(((2, 4), (3, 3), (4, 3), (4, 4), (5, 1)), (1, 3))","(((2, 4), (3, 3), (4, 3), (4, 4), (5, 2)), (5, 3))",7,4,11.0,7,,,pruned,,,609
"(((2, 4), (3, 3), (4, 3), (4, 4), (5, 2)), (5, 3))","(((2, 4), (3, 3), (4, 3), (4, 4), (5, 3)), (1, 3))",6,3.0,9.0,6,3,1,expanded,False,True,610
"(((1, 3), (3, 4), (4, 4), (5, 2), (6, 3)), (1, 4))","(((2, 3), (3, 4), (4, 4), (5, 2), (6, 3)), (2, 1))",7,4,11.0,7,,,pruned,,,611
"(((2, 3), (3, 4), (4, 4), (5, 2), (6, 2)), (2, 1))","(((2, 3), (3, 4), (4, 4), (5, 2), (6, 3)), (2, 1))",7,4,11.0,7,,,pruned,,,612
"(((2, 3), (3, 4), (4, 4), (6, 2), (6, 3)), (2, 1))","(((2, 3), (3, 4), (4, 4), (5, 2), (6, 3)), (2, 1))",7,3,10.0,7,,,pruned,,,613
"(((2, 3), (3, 4), (4, 4), (5, 1), (6, 3)), (2, 1))","(((2, 3), (3, 4), (4, 4), (5, 2), (6, 3)), (2, 1))",7,4,11.0,7,,,pruned,,,614
"(((2, 3), (3, 4), (4, 4), (5, 2), (6, 3)), (2, 1))","(((2, 3), (3, 4), (4, 4), (5, 3), (6, 3)), (5, 4))",6,3.0,9.0,6,6,4,expanded,False,True,615
"(((2, 4), (3, 3), (4, 4), (5, 2), (6, 2)), (1, 3))","(((2, 4), (3, 3), (4, 4), (5, 2), (6, 3)), (1, 3))",7,4,11.0,7,,,pruned,,,616
"(((2, 4), (3, 3), (4, 4), (6, 2), (6, 3)), (1, 3))","(((2, 4), (3, 3), (4, 4), (5, 2), (6, 3)), (1, 3))",7,3,10.0,7,,,pruned,,,617
"(((2, 4), (3, 3), (4, 4), (5, 1), (6, 3)), (1, 3))","(((2, 4), (3, 3), (4, 4), (5, 2), (6, 3)), (1, 3))",7,4,11.0,7,,,pruned,,,618
"(((2, 4), (3, 3), (4, 4), (5, 2), (6, 3)), (1, 3))","(((2, 4), (3, 3), (4, 4), (5, 3), (6, 3)), (5, 4))",6,3.0,9.0,6,8,3,expanded,False,True,619
"(((3, 4), (4, 3), (4, 4), (5, 2), (6, 2)), (5, 3))","(((3, 4), (4, 3), (4, 4), (5, 2), (6, 3)), (5, 3))",7,4,11.0,7,,,pruned,,,620
"(((3, 4), (4, 3), (4, 4), (5, 1), (6, 3)), (1, 3))","(((3, 4), (4, 3), (4, 4), (5, 2), (6, 3)), (5, 3))",7,4,11.0,7,,,pruned,,,621
"(((3, 4), (4, 3), (4, 4), (5, 2), (6, 3)), (5, 3))","(((3, 4), (4, 3), (4, 4), (5, 3), (6, 3)), (5, 4))",6,3.0,9.0,6,3,2,expanded,False,True,622
"(((3, 3), (3, 4), (4, 2), (4, 3), (4, 4)), (1, 3))","(((3, 3), (3, 4), (4, 3), (4, 4), (5, 2)), (5, 3))",6,3.0,9.0,6,0,0,expanded,False,True,623
"(((3, 4), (4, 3), (4, 4), (6, 2), (6, 3)), (1, 3))","(((3, 4), (4, 3), (4, 4), (5, 2), (6, 3)), (1, 3))",7,3,10.0,7,,,pruned,,,624
"(((3, 4), (4, 3), (4, 4), (5, 2), (6, 3)), (1, 3))","(((3, 3), (3, 4), (4, 4), (5, 2), (6, 3)), (1, 3))",6,3.0,9.0,6,3,1,expanded,False,True,625
"(((2, 3), (2, 4), (3, 3), (4, 4), (5, 4)), (2, 1))","(((2, 3), (2, 4), (4, 3), (4, 4), (5, 4)), (2, 1))",6,3.0,9.0,6,2,0,expanded,False,True,626
"(((1, 4), (4, 4), (5, 3), (5, 4), (6, 3)), (1, 3))","(((2, 4), (4, 4), (5, 3), (5, 4), (6, 3)), (1, 3))",7,4,11.0,7,,,pruned,,,627
"(((2, 4), (4, 4), (5, 3), (5, 4), (6, 3)), (1, 3))","(((2, 4), (4, 3), (4, 4), (5, 4), (6, 3)), (1, 3))",6,3.0,9.0,6,3,1,expanded,False,True,628
"(((1, 3), (2, 4), (3, 4), (5, 4), (6, 3)), (2, 1))","(((2, 3), (2, 4), (3, 4), (5, 4), (6, 3)), (2, 1))",7,4,11.0,7,,,pruned,,,629
"(((2, 3), (2, 4), (3, 4), (5, 4), (6, 3)), (2, 1))","(((2, 3), (2, 4), (3, 4), (5, 3), (5, 4)), (2, 1))",6,3.0,9.0,6,4,1,expanded,False,True,630
"(((2, 3), (2, 4), (3, 4), (4, 3), (5, 4)), (2, 1))","(((2, 3), (2, 4), (3, 4), (5, 3), (5, 4)), (2, 1))",6,3.0,9.0,6,5,0,expanded,False,True,631
"(((1, 3), (2, 4), (3, 4), (5, 3), (6, 4)), (2, 1))","(((2, 3), (2, 4), (3, 4), (5, 3), (6, 4)), (2, 1))",7,4,11.0,7,,,pruned,,,632
"(((2, 3), (2, 4), (3, 4), (5, 3), (6, 4)), (2, 1))","(((2, 3), (2, 4), (3, 4), (5, 3), (5, 4)), (2, 1))",6,3.0,9.0,6,7,1,expanded,False,True,633
"(((1, 3), (2, 4), (3, 4), (4, 4), (5, 3)), (2, 1))","(((2, 3), (2, 4), (3, 4), (4, 4), (5, 3)), (2, 1))",7,4,11.0,7,,,pruned,,,634
"(((2, 3), (2, 4), (3, 4), (4, 4), (5, 3)), (2, 1))","(((2, 3), (2, 4), (3, 4), (5, 3), (5, 4)), (2, 1))",6,3.0,9.0,6,5,1,expanded,False,True,635
"(((2, 4), (3, 4), (4, 3), (5, 4), (6, 3)), (1, 3))","(((2, 4), (3, 3), (3, 4), (5, 4), (6, 3)), (1, 3))",6,3.0,9.0,6,5,0,expanded,False,True,636
"(((2, 4), (3, 3), (3, 4), (6, 3), (6, 4)), (1, 3))","(((2, 4), (3, 3), (3, 4), (5, 4), (6, 3)), (1, 3))",6,3.0,9.0,6,2,0,expanded,False,True,637
"(((2, 4), (3, 3), (3, 4), (4, 3), (4, 4)), (1, 3))","(((2, 4), (3, 3), (3, 4), (4, 3), (5, 4)), (1, 3))",6,3.0,9.0,6,0,0,expanded,False,True,638
"(((2, 4), (3, 4), (4, 3), (5, 3), (6, 4)), (1, 3))","(((2, 4), (3, 3), (3, 4), (5, 3), (6, 4)), (1, 3))",6,3.0,9.0,6,3,0,expanded,False,True,639
"(((2, 4), (3, 3), (3, 4), (4, 3), (6, 4)), (1, 3))","(((2, 4), (3, 3), (3, 4), (5, 3), (6, 4)), (1, 3))",6,3.0,9.0,6,4,0,expanded,False,True,640
"(((2, 4), (3, 3), (3, 4), (4, 4), (6, 2)), (1, 3))","(((2, 4), (3, 3), (3, 4), (4, 4), (6, 3)), (1, 3))",7,4,11.0,7,,,pruned,,,641
"(((2, 4), (3, 3), (3, 4), (4, 4), (6, 3)), (1, 3))","(((2, 4), (3, 3), (3, 4), (4, 4), (5, 3)), (1, 3))",6,3.0,9.0,6,4,1,expanded,False,True,642
"(((3, 4), (4, 2), (4, 3), (4, 4), (5, 3)), (1, 3))","(((3, 3), (3, 4), (4, 2), (4, 4), (5, 3)), (1, 3))",6,3.0,9.0,6,2,0,expanded,False,True,643
"(((2, 3), (3, 4), (4, 2), (4, 4), (5, 3)), (2, 1))","(((2, 3), (3, 4), (4, 4), (5, 2), (5, 3)), (5, 4))",6,3.0,9.0,6,5,0,expanded,False,True,644
"(((2, 4), (3, 3), (3, 4), (5, 3), (6, 2)), (1, 3))","(((2, 4), (3, 3), (3, 4), (5, 2), (5, 3)), (1, 3))",7,3,10.0,7,,,pruned,,,645
"(((2, 4), (3, 3), (3, 4), (5, 2), (5, 3)), (1, 3))","(((2, 4), (3, 3), (4, 4), (5, 2), (5, 3)), (5, 4))",6,3.0,9.0,6,6,1,expanded,False,True,646
"(((2, 4), (3, 3), (4, 2), (4, 4), (5, 3)), (1, 3))","(((2, 4), (3, 3), (4, 4), (5, 2), (5, 3)), (5, 4))",6,3.0,9.0,6,7,0,expanded,False,True,647
"(((2, 3), (2, 4), (3, 4), (5, 4), (6, 2)), (2, 1))","(((2, 3), (2, 4), (3, 4), (5, 4), (6, 3)), (5, 5))",7,4,11.0,7,,,pruned,,,648
"(((2, 3), (2, 4), (3, 4), (5, 4), (6, 3)), (5, 5))","(((2, 3), (2, 4), (3, 4), (5, 5), (6, 3)), (2, 1))",6,3.0,9.0,6,3,1,expanded,False,True,649
"(((2, 4), (3, 4), (4, 3), (5, 4), (6, 2)), (1, 3))","(((2, 4), (3, 4), (4, 3), (5, 4), (6, 3)), (5, 5))",7,4,11.0,7,,,pruned,,,650
"(((2, 4), (3, 4), (4, 3), (5, 4), (6, 3)), (5, 5))","(((2, 4), (3, 4), (4, 3), (5, 5), (6, 3)), (1, 3))",6,3.0,9.0,6,3,1,expanded,False,True,651
"(((2, 3), (2, 4), (4, 4), (5, 2), (5, 3)), (5, 4))","(((2, 3), (2, 4), (4, 4), (5, 2), (5, 4)), (2, 1))",6,3.0,9.0,6,3,0,expanded,False,True,652
"(((2, 4), (3, 4), (4, 4), (5, 3), (6, 2)), (5, 4))","(((2, 4), (3, 4), (4, 4), (5, 3), (6, 3)), (5, 4))",7,4,11.0,7,,,pruned,,,653
"(((2, 4), (3, 4), (4, 4), (5, 3), (6, 3)), (5, 4))","(((2, 4), (3, 4), (4, 4), (5, 4), (6, 3)), (5, 5))",6,3.0,9.0,6,2,1,expanded,False,True,654
"(((2, 4), (4, 3), (4, 4), (5, 2), (5, 3)), (5, 4))","(((2, 4), (4, 3), (4, 4), (5, 2), (5, 4)), (5, 3))",6,3.0,9.0,6,2,0,expanded,False,True,655
"(((2, 4), (3, 4), (4, 3), (5, 3), (6, 3)), (1, 3))","(((2, 4), (3, 3), (3, 4), (5, 3), (6, 3)), (1, 3))",7,2.0,9.0,7,3,0,expanded,False,True,656
"(((1, 3), (2, 4), (3, 4), (5, 3), (6, 3)), (2, 1))","(((2, 3), (2, 4), (3, 4), (5, 3), (6, 3)), (2, 1))",8,3,11.0,8,,,pruned,,,657
"(((2, 3), (2, 4), (3, 4), (5, 3), (6, 2)), (2, 1))","(((2, 3), (2, 4), (3, 4), (5, 3), (6, 3)), (2, 1))",8,3,11.0,8,,,pruned,,,658
"(((2, 3), (2, 4), (3, 4), (5, 3), (6, 3)), (2, 1))","(((2, 4), (3, 3), (3, 4), (5, 3), (6, 3)), (1, 3))",7,2.0,9.0,7,5,2,expanded,False,True,659
"(((3, 4), (4, 3), (4, 4), (5, 3), (6, 3)), (1, 3))","(((3, 3), (3, 4), (4, 4), (5, 3), (6, 3)), (1, 3))",7,2.0,9.0,7,2,0,expanded,False,True,660
"(((1, 3), (3, 4), (4, 4), (5, 3), (6, 3)), (1, 4))","(((2, 3), (3, 4), (4, 4), (5, 3), (6, 3)), (2, 1))",8,3,11.0,8,,,pruned,,,661
"(((2, 3), (3, 4), (4, 4), (5, 3), (6, 3)), (2, 1))","(((3, 3), (3, 4), (4, 4), (5, 3), (6, 3)), (1, 3))",7,2.0,9.0,7,4,1,expanded,False,True,662
"(((2, 3), (3, 3), (3, 4), (4, 4), (6, 2)), (2, 1))","(((2, 3), (3, 3), (3, 4), (4, 4), (6, 3)), (2, 1))",8,3,11.0,8,,,pruned,,,663
"(((2, 3), (3, 3), (3, 4), (4, 4), (6, 3)), (2, 1))","(((2, 3), (3, 3), (3, 4), (4, 4), (5, 3)), (2, 1))",7,2.0,9.0,7,3,1,expanded,False,True,664
"(((2, 3), (3, 3), (3, 4), (4, 3), (4, 4)), (2, 1))","(((2, 3), (3, 3), (3, 4), (4, 4), (5, 3)), (2, 1))",7,2.0,9.0,7,1,0,expanded,False,True,665
"(((2, 3), (2, 4), (3, 4), (4, 3), (5, 3)), (2, 1))","(((2, 3), (2, 4), (4, 3), (4, 4), (5, 3)), (2, 1))",7,2.0,9.0,7,4,0,expanded,False,True,666
"(((2, 4), (3, 4), (4, 3), (5, 3), (6, 2)), (4, 4))","(((2, 4), (3, 4), (4, 3), (5, 3), (6, 3)), (4, 4))",8,3,11.0,8,,,pruned,,,667
"(((2, 4), (3, 4), (4, 3), (5, 3), (6, 3)), (4, 4))","(((2, 4), (4, 3), (4, 4), (5, 3), (6, 3)), (5, 4))",7,2.0,9.0,7,3,1,expanded,False,True,668
"(((2, 4), (3, 3), (4, 4), (5, 3), (6, 3)), (1, 3))","(((2, 4), (3, 3), (4, 4), (5, 2), (6, 3)), (1, 3))",7,2.0,9.0,7,5,0,expanded,False,True,669
"(((2, 3), (2, 4), (3, 3), (4, 4), (5, 3)), (2, 1))","(((2, 3), (2, 4), (3, 3), (4, 4), (5, 4)), (2, 1))",7,2.0,9.0,7,5,0,expanded,False,True,670
"(((2, 4), (3, 3), (3, 4), (4, 3), (6, 2)), (1, 3))","(((2, 4), (3, 3), (3, 4), (4, 3), (6, 3)), (1, 3))",8,3,11.0,8,,,pruned,,,671
"(((2, 4), (3, 3), (3, 4), (4, 3), (6, 3)), (1, 3))","(((2, 4), (3, 3), (3, 4), (4, 3), (6, 4)), (1, 3))",7,2.0,9.0,7,4,1,expanded,False,True,672
"(((2, 4), (3, 4), (5, 4), (5, 5), (6, 4)), (1, 3))","(((2, 4), (3, 4), (5, 4), (5, 5), (6, 3)), (1, 3))",4,6.0,10.0,4,1,0,expanded,False,True,673
"(((1, 3), (3, 4), (5, 4), (5, 5), (6, 5)), (1, 4))","(((2, 3), (3, 4), (5, 4), (5, 5), (6, 5)), (2, 1))",5,7,12.0,5,,,pruned,,,674
"(((2, 3), (3, 4), (5, 4), (5, 5), (6, 6)), (2, 1))","(((2, 3), (3, 4), (5, 4), (5, 5), (6, 5)), (2, 1))",5,7,12.0,5,,,pruned,,,675
"(((2, 3), (3, 4), (5, 4), (5, 5), (6, 5)), (2, 1))","(((2, 3), (3, 4), (5, 4), (5, 5), (6, 4)), (2, 1))",4,6.0,10.0,4,6,2,expanded,False,True,676
"(((2, 4), (3, 4), (4, 4), (5, 4), (5, 5)), (1, 3))","(((2, 4), (3, 4), (4, 3), (5, 4), (5, 5)), (1, 3))",4,6.0,10.0,4,0,0,expanded,False,True,677
"(((2, 4), (3, 4), (5, 2), (5, 6), (6, 4)), (1, 3))","(((2, 4), (3, 4), (5, 2), (5, 5), (6, 4)), (1, 3))",5,7,12.0,5,,,pruned,,,678
"(((2, 4), (3, 4), (5, 5), (6, 2), (6, 4)), (1, 3))","(((2, 4), (3, 4), (5, 2), (5, 5), (6, 4)), (1, 3))",5,6,11.0,5,,,pruned,,,679
"(((2, 4), (3, 4), (5, 1), (5, 5), (6, 4)), (1, 3))","(((2, 4), (3, 4), (5, 2), (5, 5), (6, 4)), (1, 3))",5,7,12.0,5,,,pruned,,,680
"(((2, 4), (3, 4), (5, 2), (5, 5), (6, 4)), (1, 3))","(((2, 4), (3, 4), (5, 3), (5, 5), (6, 4)), (1, 3))",4,6.0,10.0,4,6,3,expanded,False,True,681
"(((2, 4), (3, 4), (5, 3), (5, 6), (6, 5)), (1, 3))","(((2, 4), (3, 4), (5, 3), (5, 5), (6, 5)), (1, 3))",5,7,12.0,5,,,pruned,,,682
"(((2, 4), (3, 4), (5, 3), (5, 5), (6, 6)), (1, 3))","(((2, 4), (3, 4), (5, 3), (5, 5), (6, 5)), (1, 3))",5,7,12.0,5,,,pruned,,,683
"(((2, 4), (3, 4), (5, 3), (5, 5), (6, 5)), (1, 3))","(((2, 4), (3, 4), (5, 3), (5, 5), (6, 4)), (1, 3))",4,6.0,10.0,4,6,2,expanded,False,True,684
"(((1, 3), (3, 4), (5, 2), (5, 5), (6, 5)), (1, 4))","(((2, 3), (3, 4), (5, 2), (5, 5), (6, 5)), (2, 1))",5,7,12.0,5,,,pruned,,,685
"(((2, 3), (3, 4), (5, 2), (5, 6), (6, 5)), (2, 1))","(((2, 3), (3, 4), (5, 2), (5, 5), (6, 5)), (2, 1))",5,7,12.0,5,,,pruned,,,686
"(((2, 3), (3, 4), (5, 2), (5, 5), (6, 6)), (2, 1))","(((2, 3), (3, 4), (5, 2), (5, 5), (6, 5)), (2, 1))",5,7,12.0,5,,,pruned,,,687
"(((2, 3), (3, 4), (5, 5), (6, 2), (6, 5)), (2, 1))","(((2, 3), (3, 4), (5, 2), (5, 5), (6, 5)), (2, 1))",5,6,11.0,5,,,pruned,,,688
"(((2, 3), (3, 4), (5, 1), (5, 5), (6, 5)), (2, 1))","(((2, 3), (3, 4), (5, 2), (5, 5), (6, 5)), (2, 1))",5,7,12.0,5,,,pruned,,,689
"(((2, 3), (3, 4), (5, 2), (5, 5), (6, 5)), (2, 1))","(((2, 3), (3, 4), (5, 2), (5, 5), (6, 4)), (2, 1))",4,6.0,10.0,4,9,5,expanded,False,True,690
"(((2, 4), (3, 4), (4, 4), (5, 2), (5, 6)), (1, 3))","(((2, 4), (3, 4), (4, 4), (5, 2), (5, 5)), (1, 3))",5,7,12.0,5,,,pruned,,,691
"(((2, 4), (3, 4), (4, 4), (5, 5), (6, 2)), (1, 3))","(((2, 4), (3, 4), (4, 4), (5, 2), (5, 5)), (1, 3))",5,6,11.0,5,,,pruned,,,692
"(((2, 4), (3, 4), (4, 4), (5, 1), (5, 5)), (1, 3))","(((2, 4), (3, 4), (4, 4), (5, 2), (5, 5)), (1, 3))",5,7,12.0,5,,,pruned,,,693
"(((2, 4), (3, 4), (4, 4), (5, 2), (5, 5)), (1, 3))","(((2, 4), (3, 4), (4, 4), (5, 3), (5, 5)), (1, 3))",4,6.0,10.0,4,6,3,expanded,False,True,694
"(((3, 3), (4, 4), (5, 4), (5, 5), (6, 6)), (1, 3))","(((3, 3), (4, 4), (5, 4), (5, 5), (6, 5)), (1, 3))",5,7,12.0,5,,,pruned,,,695
"(((3, 3), (4, 4), (5, 4), (5, 5), (6, 5)), (1, 3))","(((3, 3), (4, 4), (5, 4), (5, 5), (6, 4)), (1, 3))",4,6.0,10.0,4,3,1,expanded,False,True,696
"(((1, 4), (3, 3), (5, 4), (5, 5), (6, 5)), (1, 3))","(((2, 4), (3, 3), (5, 4), (5, 5), (6, 5)), (1, 3))",5,7,12.0,5,,,pruned,,,697
"(((2, 4), (3, 3), (5, 4), (5, 5), (6, 6)), (1, 3))","(((2, 4), (3, 3), (5, 4), (5, 5), (6, 5)), (1, 3))",5,7,12.0,5,,,pruned,,,698
"(((2, 4), (3, 3), (5, 4), (5, 5), (6, 5)), (1, 3))","(((2, 4), (3, 3), (5, 4), (5, 5), (6, 4)), (1, 3))",4,6.0,10.0,4,7,2,expanded,False,True,699
"(((1, 4), (3, 3), (5, 2), (5, 5), (6, 5)), (1, 3))","(((2, 4), (3, 3), (5, 2), (5, 5), (6, 5)), (1, 3))",5,7,12.0,5,,,pruned,,,700
"(((2, 4), (3, 3), (5, 2), (5, 6), (6, 5)), (1, 3))","(((2, 4), (3, 3), (5, 2), (5, 5), (6, 5)), (1, 3))",5,7,12.0,5,,,pruned,,,701
"(((2, 4), (3, 3), (5, 2), (5, 5), (6, 6)), (1, 3))","(((2, 4), (3, 3), (5, 2), (5, 5), (6, 5)), (1, 3))",5,7,12.0,5,,,pruned,,,702
"(((2, 4), (3, 3), (5, 5), (6, 2), (6, 5)), (1, 3))","(((2, 4), (3, 3), (5, 2), (5, 5), (6, 5)), (1, 3))",5,6,11.0,5,,,pruned,,,703
"(((2, 4), (3, 3), (5, 1), (5, 5), (6, 5)), (1, 3))","(((2, 4), (3, 3), (5, 2), (5, 5), (6, 5)), (1, 3))",5,7,12.0,5,,,pruned,,,704
"(((2, 4), (3, 3), (5, 2), (5, 5), (6, 5)), (1, 3))","(((2, 4), (3, 3), (5, 2), (5, 5), (6, 4)), (1, 3))",4,6.0,10.0,4,10,5,expanded,False,True,705
"(((3, 4), (4, 4), (5, 4), (5, 5), (6, 4)), (1, 3))","(((3, 4), (4, 4), (5, 4), (5, 5), (6, 3)), (1, 3))",4,6.0,10.0,4,1,0,expanded,False,True,706
"(((3, 4), (4, 3), (5, 4), (5, 5), (6, 6)), (1, 3))","(((3, 4), (4, 3), (5, 4), (5, 5), (6, 5)), (1, 3))",5,7,12.0,5,,,pruned,,,707
"(((3, 4), (4, 3), (5, 4), (5, 5), (6, 5)), (1, 3))","(((3, 4), (4, 3), (5, 4), (5, 5), (6, 4)), (1, 3))",4,6.0,10.0,4,6,1,expanded,False,True,708
"(((3, 4), (4, 4), (5, 3), (5, 6), (6, 5)), (1, 3))","(((3, 4), (4, 4), (5, 3), (5, 5), (6, 5)), (1, 3))",5,7,12.0,5,,,pruned,,,709
"(((3, 4), (4, 4), (5, 3), (5, 5), (6, 6)), (1, 3))","(((3, 4), (4, 4), (5, 3), (5, 5), (6, 5)), (1, 3))",5,7,12.0,5,,,pruned,,,710
"(((3, 4), (4, 4), (5, 3), (5, 5), (6, 5)), (1, 3))","(((3, 4), (4, 4), (5, 3), (5, 5), (6, 4)), (1, 3))",4,6.0,10.0,4,6,2,expanded,False,True,711
"(((3, 4), (4, 2), (5, 3), (5, 6), (6, 5)), (1, 3))","(((3, 4), (4, 2), (5, 3), (5, 5), (6, 5)), (1, 3))",5,7,12.0,5,,,pruned,,,712
"(((3, 4), (4, 2), (5, 3), (5, 5), (6, 6)), (1, 3))","(((3, 4), (4, 2), (5, 3), (5, 5), (6, 5)), (1, 3))",5,7,12.0,5,,,pruned,,,713
"(((3, 4), (4, 1), (5, 3), (5, 5), (6, 5)), (1, 3))","(((3, 4), (4, 2), (5, 3), (5, 5), (6, 5)), (1, 3))",5,7,12.0,5,,,pruned,,,714
"(((3, 4), (4, 2), (5, 3), (5, 5), (6, 5)), (1, 3))","(((3, 4), (4, 3), (5, 3), (5, 5), (6, 5)), (1, 3))",4,6.0,10.0,4,10,3,expanded,False,True,715
"(((3, 4), (4, 3), (5, 2), (5, 6), (6, 5)), (4, 4))","(((3, 4), (4, 3), (5, 2), (5, 5), (6, 5)), (4, 4))",5,7,12.0,5,,,pruned,,,716
"(((3, 4), (4, 3), (5, 2), (5, 5), (6, 6)), (4, 4))","(((3, 4), (4, 3), (5, 2), (5, 5), (6, 5)), (4, 4))",5,7,12.0,5,,,pruned,,,717
"(((3, 4), (4, 3), (5, 1), (5, 5), (6, 5)), (1, 3))","(((3, 4), (4, 3), (5, 2), (5, 5), (6, 5)), (4, 4))",5,7,12.0,5,,,pruned,,,718
"(((3, 4), (4, 3), (5, 2), (5, 5), (6, 5)), (4, 4))","(((3, 4), (4, 3), (5, 3), (5, 5), (6, 5)), (1, 3))",4,6.0,10.0,4,7,3,expanded,False,True,719
"(((3, 3), (4, 4), (5, 2), (5, 6), (6, 5)), (1, 3))","(((3, 3), (4, 4), (5, 2), (5, 5), (6, 5)), (1, 3))",5,7,12.0,5,,,pruned,,,720
"(((3, 3), (4, 4), (5, 2), (5, 5), (6, 6)), (1, 3))","(((3, 3), (4, 4), (5, 2), (5, 5), (6, 5)), (1, 3))",5,7,12.0,5,,,pruned,,,721
"(((3, 3), (4, 4), (5, 5), (6, 2), (6, 5)), (1, 3))","(((3, 3), (4, 4), (5, 2), (5, 5), (6, 5)), (1, 3))",5,6,11.0,5,,,pruned,,,722
"(((3, 3), (4, 4), (5, 1), (5, 5), (6, 5)), (1, 3))","(((3, 3), (4, 4), (5, 2), (5, 5), (6, 5)), (1, 3))",5,7,12.0,5,,,pruned,,,723
"(((3, 3), (4, 4), (5, 2), (5, 5), (6, 5)), (1, 3))","(((3, 3), (4, 4), (5, 3), (5, 5), (6, 5)), (1, 3))",4,6.0,10.0,4,10,4,expanded,False,True,724
"(((3, 3), (3, 4), (4, 4), (5, 6), (6, 5)), (1, 3))","(((3, 3), (3, 4), (4, 4), (5, 5), (6, 5)), (1, 3))",5,7,12.0,5,,,pruned,,,725
"(((3, 3), (3, 4), (4, 4), (5, 5), (6, 6)), (1, 3))","(((3, 3), (3, 4), (4, 4), (5, 5), (6, 5)), (1, 3))",5,7,12.0,5,,,pruned,,,726
"(((3, 3), (3, 4), (4, 4), (5, 5), (6, 5)), (1, 3))","(((3, 3), (3, 4), (4, 4), (5, 5), (6, 4)), (1, 3))",4,6.0,10.0,4,4,2,expanded,False,True,727
"(((3, 3), (3, 4), (4, 2), (5, 6), (6, 5)), (1, 3))","(((3, 3), (3, 4), (4, 2), (5, 5), (6, 5)), (1, 3))",5,7,12.0,5,,,pruned,,,728
"(((3, 3), (3, 4), (4, 2), (5, 5), (6, 6)), (1, 3))","(((3, 3), (3, 4), (4, 2), (5, 5), (6, 5)), (1, 3))",5,7,12.0,5,,,pruned,,,729
"(((3, 3), (3, 4), (4, 1), (5, 5), (6, 5)), (4, 2))","(((3, 3), (3, 4), (4, 2), (5, 5), (6, 5)), (1, 3))",5,7,12.0,5,,,pruned,,,730
"(((3, 3), (3, 4), (4, 2), (5, 5), (6, 5)), (1, 3))","(((3, 3), (3, 4), (4, 2), (5, 5), (6, 4)), (1, 3))",4,6.0,10.0,4,8,3,expanded,False,True,731
"(((3, 4), (4, 4), (5, 2), (5, 6), (6, 4)), (1, 3))","(((3, 4), (4, 4), (5, 2), (5, 5), (6, 4)), (1, 3))",5,7,12.0,5,,,pruned,,,732
"(((3, 4), (4, 4), (5, 5), (6, 2), (6, 4)), (1, 3))","(((3, 4), (4, 4), (5, 2), (5, 5), (6, 4)), (1, 3))",5,6,11.0,5,,,pruned,,,733
"(((3, 4), (4, 4), (5, 1), (5, 5), (6, 4)), (1, 3))","(((3, 4), (4, 4), (5, 2), (5, 5), (6, 4)), (1, 3))",5,7,12.0,5,,,pruned,,,734
"(((3, 4), (4, 4), (5, 2), (5, 5), (6, 4)), (1, 3))","(((3, 4), (4, 3), (5, 2), (5, 5), (6, 4)), (1, 3))",4,6.0,10.0,4,6,3,expanded,False,True,735
"(((3, 3), (3, 4), (5, 6), (6, 4), (6, 5)), (1, 3))","(((3, 3), (3, 4), (5, 5), (6, 4), (6, 5)), (1, 3))",5,7,12.0,5,,,pruned,,,736
"(((3, 3), (3, 4), (5, 5), (6, 4), (6, 5)), (1, 3))","(((3, 3), (3, 4), (5, 5), (6, 3), (6, 5)), (1, 3))",4,6.0,10.0,4,5,1,expanded,False,True,737
"(((3, 4), (4, 3), (5, 5), (6, 2), (6, 5)), (1, 3))","(((3, 4), (4, 3), (5, 2), (5, 5), (6, 5)), (1, 3))",5,6,11.0,5,,,pruned,,,738
"(((3, 4), (4, 3), (5, 2), (5, 5), (6, 5)), (1, 3))","(((3, 3), (3, 4), (5, 2), (5, 5), (6, 5)), (1, 3))",4,6.0,10.0,4,5,1,expanded,False,True,739
"(((3, 3), (3, 4), (4, 4), (5, 4), (6, 6)), (1, 3))","(((3, 3), (3, 4), (4, 4), (5, 4), (6, 5)), (1, 3))",6,6,12.0,6,,,pruned,,,740
"(((3, 3), (3, 4), (4, 4), (5, 4), (6, 5)), (1, 3))","(((3, 3), (3, 4), (4, 4), (5, 4), (6, 4)), (1, 3))",5,5.0,10.0,5,4,1,expanded,False,True,741
"(((1, 3), (2, 4), (4, 4), (5, 5), (6, 4)), (2, 1))","(((2, 3), (2, 4), (4, 4), (5, 5), (6, 4)), (2, 1))",6,6,12.0,6,,,pruned,,,742
"(((1, 4), (2, 3), (4, 4), (5, 5), (6, 4)), (2, 1))","(((2, 3), (2, 4), (4, 4), (5, 5), (6, 4)), (2, 1))",6,6,12.0,6,,,pruned,,,743
"(((2, 3), (2, 4), (4, 4), (5, 6), (6, 4)), (2, 1))","(((2, 3), (2, 4), (4, 4), (5, 5), (6, 4)), (2, 1))",6,6,12.0,6,,,pruned,,,744
"(((2, 3), (2, 4), (4, 4), (5, 5), (6, 4)), (2, 1))","(((2, 3), (2, 4), (4, 3), (5, 5), (6, 4)), (2, 1))",5,5.0,10.0,5,6,3,expanded,False,True,745
"(((1, 3), (2, 4), (4, 2), (5, 5), (6, 4)), (2, 1))","(((2, 3), (2, 4), (4, 2), (5, 5), (6, 4)), (2, 1))",6,6,12.0,6,,,pruned,,,746
"(((1, 4), (2, 3), (4, 2), (5, 5), (6, 4)), (2, 1))","(((2, 3), (2, 4), (4, 2), (5, 5), (6, 4)), (2, 1))",6,6,12.0,6,,,pruned,,,747
"(((2, 3), (2, 4), (4, 2), (5, 6), (6, 4)), (2, 1))","(((2, 3), (2, 4), (4, 2), (5, 5), (6, 4)), (2, 1))",6,6,12.0,6,,,pruned,,,748
"(((2, 3), (2, 4), (4, 1), (5, 5), (6, 4)), (3, 3))","(((2, 3), (2, 4), (4, 2), (5, 5), (6, 4)), (2, 1))",6,6,12.0,6,,,pruned,,,749
"(((2, 3), (2, 4), (4, 2), (5, 5), (6, 4)), (2, 1))","(((2, 3), (2, 4), (4, 3), (5, 5), (6, 4)), (2, 1))",5,5.0,10.0,5,6,4,expanded,False,True,750
"(((1, 3), (2, 4), (4, 3), (5, 5), (6, 5)), (2, 1))","(((2, 3), (2, 4), (4, 3), (5, 5), (6, 5)), (2, 1))",6,6,12.0,6,,,pruned,,,751
"(((1, 4), (2, 3), (4, 3), (5, 5), (6, 5)), (2, 1))","(((2, 3), (2, 4), (4, 3), (5, 5), (6, 5)), (2, 1))",6,6,12.0,6,,,pruned,,,752
"(((2, 3), (2, 4), (4, 3), (5, 6), (6, 5)), (2, 1))","(((2, 3), (2, 4), (4, 3), (5, 5), (6, 5)), (2, 1))",6,6,12.0,6,,,pruned,,,753
"(((2, 3), (2, 4), (4, 3), (5, 5), (6, 6)), (2, 1))","(((2, 3), (2, 4), (4, 3), (5, 5), (6, 5)), (2, 1))",6,6,12.0,6,,,pruned,,,754
"(((2, 3), (2, 4), (4, 3), (5, 5), (6, 5)), (2, 1))","(((2, 3), (2, 4), (4, 3), (5, 5), (6, 4)), (2, 1))",5,5.0,10.0,5,8,4,expanded,False,True,755
"(((1, 3), (2, 4), (3, 4), (5, 4), (5, 5)), (2, 1))","(((2, 3), (2, 4), (3, 4), (5, 4), (5, 5)), (2, 1))",6,6,12.0,6,,,pruned,,,756
"(((2, 3), (2, 4), (3, 4), (5, 4), (5, 5)), (2, 1))","(((2, 3), (2, 4), (3, 4), (5, 3), (5, 5)), (2, 1))",5,5.0,10.0,5,3,1,expanded,False,True,757
"(((1, 3), (2, 4), (3, 4), (5, 2), (5, 5)), (2, 1))","(((2, 3), (2, 4), (3, 4), (5, 2), (5, 5)), (2, 1))",6,6,12.0,6,,,pruned,,,758
"(((2, 3), (2, 4), (3, 4), (5, 2), (5, 6)), (2, 1))","(((2, 3), (2, 4), (3, 4), (5, 2), (5, 5)), (2, 1))",6,6,12.0,6,,,pruned,,,759
"(((2, 3), (2, 4), (3, 4), (5, 5), (6, 2)), (2, 1))","(((2, 3), (2, 4), (3, 4), (5, 2), (5, 5)), (2, 1))",6,5,11.0,6,,,pruned,,,760
"(((2, 3), (2, 4), (3, 4), (5, 1), (5, 5)), (2, 1))","(((2, 3), (2, 4), (3, 4), (5, 2), (5, 5)), (2, 1))",6,6,12.0,6,,,pruned,,,761
"(((2, 3), (2, 4), (3, 4), (5, 2), (5, 5)), (2, 1))","(((2, 3), (2, 4), (3, 4), (5, 3), (5, 5)), (2, 1))",5,5.0,10.0,5,7,4,expanded,False,True,762
"(((2, 4), (3, 3), (3, 4), (5, 6), (6, 4)), (1, 3))","(((2, 4), (3, 3), (3, 4), (5, 5), (6, 4)), (1, 3))",6,6,12.0,6,,,pruned,,,763
"(((2, 4), (3, 3), (3, 4), (5, 5), (6, 4)), (1, 3))","(((2, 3), (3, 3), (3, 4), (5, 5), (6, 4)), (2, 1))",5,5.0,10.0,5,4,1,expanded,False,True,764
"(((2, 3), (3, 3), (3, 4), (5, 6), (6, 5)), (2, 1))","(((2, 3), (3, 3), (3, 4), (5, 5), (6, 5)), (2, 1))",6,6,12.0,6,,,pruned,,,765
"(((2, 3), (3, 3), (3, 4), (5, 5), (6, 6)), (2, 1))","(((2, 3), (3, 3), (3, 4), (5, 5), (6, 5)), (2, 1))",6,6,12.0,6,,,pruned,,,766
"(((2, 3), (3, 3), (3, 4), (5, 5), (6, 5)), (2, 1))","(((2, 3), (3, 3), (3, 4), (5, 5), (6, 4)), (2, 1))",5,5.0,10.0,5,4,2,expanded,False,True,767
"(((2, 4), (3, 3), (3, 4), (4, 4), (5, 6)), (1, 3))","(((2, 4), (3, 3), (3, 4), (4, 4), (5, 5)), (1, 3))",6,6,12.0,6,,,pruned,,,768
"(((2, 4), (3, 3), (3, 4), (4, 4), (5, 5)), (1, 3))","(((2, 3), (3, 3), (3, 4), (4, 4), (5, 5)), (2, 1))",5,5.0,10.0,5,4,1,expanded,False,True,769
"(((4, 4), (5, 3), (5, 4), (5, 5), (6, 4)), (1, 3))","(((4, 4), (5, 3), (5, 4), (5, 5), (6, 3)), (1, 3))",5,5.0,10.0,5,3,0,expanded,False,True,770
"(((2, 4), (3, 4), (4, 2), (5, 3), (5, 6)), (1, 3))","(((2, 4), (3, 4), (4, 2), (5, 3), (5, 5)), (1, 3))",6,6,12.0,6,,,pruned,,,771
"(((2, 4), (3, 4), (4, 1), (5, 3), (5, 5)), (1, 3))","(((2, 4), (3, 4), (4, 2), (5, 3), (5, 5)), (1, 3))",6,6,12.0,6,,,pruned,,,772
"(((2, 4), (3, 4), (4, 2), (5, 3), (5, 5)), (1, 3))","(((2, 4), (3, 4), (4, 3), (5, 3), (5, 5)), (1, 3))",5,5.0,10.0,5,8,2,expanded,False,True,773
"(((2, 4), (3, 4), (4, 3), (5, 2), (5, 6)), (4, 4))","(((2, 4), (3, 4), (4, 3), (5, 2), (5, 5)), (4, 4))",6,6,12.0,6,,,pruned,,,774
"(((2, 4), (3, 4), (4, 3), (5, 1), (5, 5)), (1, 3))","(((2, 4), (3, 4), (4, 3), (5, 2), (5, 5)), (4, 4))",6,6,12.0,6,,,pruned,,,775
"(((2, 4), (3, 4), (4, 3), (5, 2), (5, 5)), (4, 4))","(((2, 4), (3, 4), (4, 3), (5, 3), (5, 5)), (1, 3))",5,5.0,10.0,5,6,2,expanded,False,True,776
"(((1, 4), (5, 3), (5, 4), (5, 5), (6, 4)), (1, 3))","(((2, 4), (5, 3), (5, 4), (5, 5), (6, 4)), (1, 3))",6,6,12.0,6,,,pruned,,,777
"(((2, 4), (5, 3), (5, 4), (5, 5), (6, 4)), (1, 3))","(((2, 4), (5, 3), (5, 4), (5, 5), (6, 3)), (1, 3))",5,5.0,10.0,5,5,1,expanded,False,True,778
"(((1, 4), (4, 4), (5, 5), (6, 3), (6, 4)), (1, 3))","(((2, 4), (4, 4), (5, 5), (6, 3), (6, 4)), (1, 3))",6,6,12.0,6,,,pruned,,,779
"(((2, 4), (4, 4), (5, 6), (6, 3), (6, 4)), (1, 3))","(((2, 4), (4, 4), (5, 5), (6, 3), (6, 4)), (1, 3))",6,6,12.0,6,,,pruned,,,780
"(((2, 4), (4, 4), (5, 5), (6, 3), (6, 4)), (1, 3))","(((2, 4), (4, 3), (5, 5), (6, 3), (6, 4)), (1, 3))",5,5.0,10.0,5,5,2,expanded,False,True,781
"(((1, 4), (4, 2), (5, 5), (6, 3), (6, 4)), (1, 3))","(((2, 4), (4, 2), (5, 5), (6, 3), (6, 4)), (1, 3))",6,6,12.0,6,,,pruned,,,782
"(((2, 4), (4, 2), (5, 6), (6, 3), (6, 4)), (1, 3))","(((2, 4), (4, 2), (5, 5), (6, 3), (6, 4)), (1, 3))",6,6,12.0,6,,,pruned,,,783
"(((2, 4), (4, 1), (5, 5), (6, 3), (6, 4)), (1, 3))","(((2, 4), (4, 2), (5, 5), (6, 3), (6, 4)), (1, 3))",6,6,12.0,6,,,pruned,,,784
"(((2, 4), (4, 2), (5, 5), (6, 3), (6, 4)), (1, 3))","(((2, 4), (4, 3), (5, 5), (6, 3), (6, 4)), (1, 3))",5,5.0,10.0,5,5,3,expanded,False,True,785
"(((2, 4), (3, 3), (3, 4), (4, 2), (5, 6)), (1, 3))","(((2, 4), (3, 3), (3, 4), (4, 2), (5, 5)), (1, 3))",6,6,12.0,6,,,pruned,,,786
"(((2, 4), (3, 3), (3, 4), (4, 1), (5, 5)), (4, 2))","(((2, 4), (3, 3), (3, 4), (4, 2), (5, 5)), (1, 3))",6,6,12.0,6,,,pruned,,,787
"(((2, 4), (3, 3), (3, 4), (4, 2), (5, 5)), (1, 3))","(((2, 4), (3, 3), (3, 4), (4, 3), (5, 5)), (1, 3))",5,5.0,10.0,5,6,2,expanded,False,True,788
"(((1, 4), (4, 3), (4, 4), (5, 5), (6, 4)), (1, 3))","(((2, 4), (4, 3), (4, 4), (5, 5), (6, 4)), (1, 3))",6,6,12.0,6,,,pruned,,,789
"(((2, 4), (4, 3), (4, 4), (5, 6), (6, 4)), (1, 3))","(((2, 4), (4, 3), (4, 4), (5, 5), (6, 4)), (1, 3))",6,6,12.0,6,,,pruned,,,790
"(((2, 4), (4, 3), (4, 4), (5, 5), (6, 4)), (1, 3))","(((2, 4), (4, 3), (4, 4), (5, 5), (6, 3)), (1, 3))",5,5.0,10.0,5,8,2,expanded,False,True,791
"(((3, 4), (5, 4), (5, 5), (6, 3), (6, 4)), (1, 3))","(((3, 4), (5, 3), (5, 5), (6, 3), (6, 4)), (1, 3))",5,5.0,10.0,5,2,0,expanded,False,True,792
"(((3, 4), (5, 2), (5, 6), (6, 3), (6, 4)), (1, 3))","(((3, 4), (5, 2), (5, 5), (6, 3), (6, 4)), (1, 3))",6,6,12.0,6,,,pruned,,,793
"(((3, 4), (5, 5), (6, 2), (6, 3), (6, 4)), (1, 3))","(((3, 4), (5, 2), (5, 5), (6, 3), (6, 4)), (1, 3))",6,5,11.0,6,,,pruned,,,794
"(((3, 4), (5, 1), (5, 5), (6, 3), (6, 4)), (1, 3))","(((3, 4), (5, 2), (5, 5), (6, 3), (6, 4)), (1, 3))",6,6,12.0,6,,,pruned,,,795
"(((3, 4), (5, 2), (5, 5), (6, 3), (6, 4)), (1, 3))","(((3, 4), (5, 3), (5, 5), (6, 3), (6, 4)), (1, 3))",5,5.0,10.0,5,6,3,expanded,False,True,796
"(((2, 2), (4, 4), (5, 6), (6, 3), (6, 4)), (1, 3))","(((2, 2), (4, 4), (5, 5), (6, 3), (6, 4)), (1, 3))",6,6,12.0,6,,,pruned,,,797
"(((2, 1), (4, 4), (5, 5), (6, 3), (6, 4)), (1, 3))","(((2, 2), (4, 4), (5, 5), (6, 3), (6, 4)), (1, 3))",6,6,12.0,6,,,pruned,,,798
"(((2, 2), (4, 4), (5, 5), (6, 3), (6, 4)), (1, 3))","(((2, 3), (4, 4), (5, 5), (6, 3), (6, 4)), (1, 3))",5,5.0,10.0,5,5,2,expanded,False,True,799
"(((4, 1), (5, 3), (5, 4), (5, 5), (6, 4)), (1, 3))","(((4, 2), (5, 3), (5, 4), (5, 5), (6, 4)), (1, 3))",6,6,12.0,6,,,pruned,,,800
"(((4, 2), (5, 3), (5, 4), (5, 5), (6, 4)), (1, 3))","(((4, 3), (5, 3), (5, 4), (5, 5), (6, 4)), (1, 3))",5,5.0,10.0,5,5,1,expanded,False,True,801
"(((4, 3), (5, 3), (5, 4), (5, 5), (6, 6)), (1, 3))","(((4, 3), (5, 3), (5, 4), (5, 5), (6, 5)), (1, 3))",6,6,12.0,6,,,pruned,,,802
"(((4, 3), (5, 3), (5, 4), (5, 5), (6, 5)), (1, 3))","(((4, 3), (5, 3), (5, 4), (5, 5), (6, 4)), (1, 3))",5,5.0,10.0,5,5,1,expanded,False,True,803
"(((2, 1), (5, 3), (5, 4), (5, 5), (6, 4)), (1, 3))","(((2, 2), (5, 3), (5, 4), (5, 5), (6, 4)), (1, 3))",6,6,12.0,6,,,pruned,,,804
"(((2, 2), (5, 3), (5, 4), (5, 5), (6, 4)), (1, 3))","(((2, 3), (5, 3), (5, 4), (5, 5), (6, 4)), (1, 3))",5,5.0,10.0,5,5,1,expanded,False,True,805
"(((1, 3), (5, 3), (5, 4), (5, 5), (6, 5)), (1, 4))","(((2, 3), (5, 3), (5, 4), (5, 5), (6, 5)), (1, 3))",6,6,12.0,6,,,pruned,,,806
"(((2, 3), (5, 3), (5, 4), (5, 5), (6, 6)), (1, 3))","(((2, 3), (5, 3), (5, 4), (5, 5), (6, 5)), (1, 3))",6,6,12.0,6,,,pruned,,,807
"(((2, 3), (5, 3), (5, 4), (5, 5), (6, 5)), (1, 3))","(((2, 3), (5, 3), (5, 4), (5, 5), (6, 4)), (1, 3))",5,5.0,10.0,5,9,2,expanded,False,True,808
"(((3, 3), (4, 1), (5, 4), (5, 5), (6, 4)), (1, 3))","(((3, 3), (4, 2), (5, 4), (5, 5), (6, 4)), (1, 3))",6,6,12.0,6,,,pruned,,,809
"(((3, 3), (4, 2), (5, 4), (5, 5), (6, 4)), (1, 3))","(((3, 3), (4, 3), (5, 4), (5, 5), (6, 4)), (1, 3))",5,5.0,10.0,5,5,1,expanded,False,True,810
"(((3, 3), (4, 3), (5, 4), (5, 5), (6, 6)), (1, 3))","(((3, 3), (4, 3), (5, 4), (5, 5), (6, 5)), (1, 3))",6,6,12.0,6,,,pruned,,,811
"(((3, 3), (4, 3), (5, 4), (5, 5), (6, 5)), (1, 3))","(((3, 3), (4, 3), (5, 4), (5, 5), (6, 4)), (1, 3))",5,5.0,10.0,5,5,1,expanded,False,True,812
"(((2, 3), (4, 3), (4, 4), (5, 6), (6, 5)), (2, 1))","(((2, 3), (4, 3), (4, 4), (5, 5), (6, 5)), (2, 1))",6,6,12.0,6,,,pruned,,,813
"(((2, 3), (4, 3), (4, 4), (5, 5), (6, 6)), (2, 1))","(((2, 3), (4, 3), (4, 4), (5, 5), (6, 5)), (2, 1))",6,6,12.0,6,,,pruned,,,814
"(((2, 3), (4, 3), (4, 4), (5, 5), (6, 5)), (2, 1))","(((2, 3), (4, 3), (4, 4), (5, 5), (6, 4)), (2, 1))",5,5.0,10.0,5,5,2,expanded,False,True,815
"(((2, 4), (3, 4), (4, 4), (5, 4), (6, 2)), (1, 3))","(((2, 4), (3, 4), (4, 4), (5, 2), (5, 4)), (1, 3))",6,5,11.0,6,,,pruned,,,816
"(((2, 4), (3, 4), (4, 4), (5, 1), (5, 4)), (1, 3))","(((2, 4), (3, 4), (4, 4), (5, 2), (5, 4)), (1, 3))",6,6,12.0,6,,,pruned,,,817
"(((2, 4), (3, 4), (4, 4), (5, 2), (5, 4)), (1, 3))","(((2, 3), (3, 4), (4, 4), (5, 2), (5, 4)), (2, 1))",5,5.0,10.0,5,6,2,expanded,False,True,818
"(((1, 3), (2, 4), (5, 5), (6, 3), (6, 5)), (2, 1))","(((2, 3), (2, 4), (5, 5), (6, 3), (6, 5)), (2, 1))",6,6,12.0,6,,,pruned,,,819
"(((1, 4), (2, 3), (5, 5), (6, 3), (6, 5)), (2, 1))","(((2, 3), (2, 4), (5, 5), (6, 3), (6, 5)), (2, 1))",6,6,12.0,6,,,pruned,,,820
"(((2, 3), (2, 4), (5, 6), (6, 3), (6, 5)), (2, 1))","(((2, 3), (2, 4), (5, 5), (6, 3), (6, 5)), (2, 1))",6,6,12.0,6,,,pruned,,,821
"(((2, 3), (2, 4), (5, 5), (6, 3), (6, 6)), (2, 1))","(((2, 3), (2, 4), (5, 5), (6, 3), (6, 5)), (2, 1))",6,6,12.0,6,,,pruned,,,822
"(((2, 3), (2, 4), (5, 5), (6, 2), (6, 5)), (2, 1))","(((2, 3), (2, 4), (5, 5), (6, 3), (6, 5)), (2, 1))",6,6,12.0,6,,,pruned,,,823
"(((2, 3), (2, 4), (5, 5), (6, 3), (6, 5)), (2, 1))","(((2, 3), (2, 4), (5, 3), (5, 5), (6, 5)), (2, 1))",5,5.0,10.0,5,6,5,expanded,False,True,824
"(((1, 3), (2, 4), (5, 2), (5, 4), (5, 5)), (2, 1))","(((2, 3), (2, 4), (5, 2), (5, 4), (5, 5)), (2, 1))",6,6,12.0,6,,,pruned,,,825
"(((1, 4), (2, 3), (5, 2), (5, 4), (5, 5)), (2, 1))","(((2, 3), (2, 4), (5, 2), (5, 4), (5, 5)), (2, 1))",6,6,12.0,6,,,pruned,,,826
"(((2, 3), (2, 4), (5, 4), (5, 5), (6, 2)), (2, 1))","(((2, 3), (2, 4), (5, 2), (5, 4), (5, 5)), (2, 1))",6,5,11.0,6,,,pruned,,,827
"(((2, 3), (2, 4), (5, 1), (5, 4), (5, 5)), (2, 1))","(((2, 3), (2, 4), (5, 2), (5, 4), (5, 5)), (2, 1))",6,6,12.0,6,,,pruned,,,828
"(((2, 3), (2, 4), (5, 2), (5, 4), (5, 5)), (2, 1))","(((2, 3), (2, 4), (4, 4), (5, 2), (5, 5)), (2, 1))",5,5.0,10.0,5,8,4,expanded,False,True,829
"(((1, 3), (2, 4), (4, 2), (4, 4), (5, 5)), (2, 1))","(((2, 3), (2, 4), (4, 2), (4, 4), (5, 5)), (2, 1))",6,6,12.0,6,,,pruned,,,830
"(((1, 4), (2, 3), (4, 2), (4, 4), (5, 5)), (2, 1))","(((2, 3), (2, 4), (4, 2), (4, 4), (5, 5)), (2, 1))",6,6,12.0,6,,,pruned,,,831
"(((2, 3), (2, 4), (4, 2), (4, 4), (5, 6)), (2, 1))","(((2, 3), (2, 4), (4, 2), (4, 4), (5, 5)), (2, 1))",6,6,12.0,6,,,pruned,,,832
"(((2, 3), (2, 4), (4, 1), (4, 4), (5, 5)), (3, 3))","(((2, 3), (2, 4), (4, 2), (4, 4), (5, 5)), (2, 1))",6,6,12.0,6,,,pruned,,,833
"(((2, 3), (2, 4), (4, 2), (4, 4), (5, 5)), (2, 1))","(((2, 3), (2, 4), (4, 4), (5, 2), (5, 5)), (2, 1))",5,5.0,10.0,5,8,4,expanded,False,True,834
"(((3, 4), (4, 2), (5, 3), (5, 6), (6, 4)), (1, 3))","(((3, 4), (4, 2), (5, 3), (5, 5), (6, 4)), (1, 3))",6,6,12.0,6,,,pruned,,,835
"(((3, 4), (4, 1), (5, 3), (5, 5), (6, 4)), (1, 3))","(((3, 4), (4, 2), (5, 3), (5, 5), (6, 4)), (1, 3))",6,6,12.0,6,,,pruned,,,836
"(((3, 4), (4, 2), (5, 3), (5, 5), (6, 4)), (1, 3))","(((2, 4), (4, 2), (5, 3), (5, 5), (6, 4)), (1, 3))",5,5.0,10.0,5,10,2,expanded,False,True,837
"(((1, 4), (4, 2), (4, 3), (5, 5), (6, 4)), (1, 3))","(((2, 4), (4, 2), (4, 3), (5, 5), (6, 4)), (1, 3))",6,6,12.0,6,,,pruned,,,838
"(((2, 4), (4, 2), (4, 3), (5, 6), (6, 4)), (1, 3))","(((2, 4), (4, 2), (4, 3), (5, 5), (6, 4)), (1, 3))",6,6,12.0,6,,,pruned,,,839
"(((2, 4), (4, 2), (4, 3), (5, 5), (6, 4)), (1, 3))","(((2, 4), (4, 2), (5, 3), (5, 5), (6, 4)), (1, 3))",5,5.0,10.0,5,6,2,expanded,False,True,840
"(((1, 4), (5, 2), (5, 3), (5, 5), (6, 4)), (1, 3))","(((2, 4), (5, 2), (5, 3), (5, 5), (6, 4)), (1, 3))",6,6,12.0,6,,,pruned,,,841
"(((2, 4), (5, 2), (5, 3), (5, 6), (6, 4)), (1, 3))","(((2, 4), (5, 2), (5, 3), (5, 5), (6, 4)), (1, 3))",6,6,12.0,6,,,pruned,,,842
"(((2, 4), (5, 3), (5, 5), (6, 2), (6, 4)), (1, 3))","(((2, 4), (5, 2), (5, 3), (5, 5), (6, 4)), (1, 3))",6,5,11.0,6,,,pruned,,,843
"(((2, 4), (5, 2), (5, 3), (5, 5), (6, 4)), (1, 3))","(((2, 4), (4, 3), (5, 2), (5, 5), (6, 4)), (1, 3))",5,5.0,10.0,5,5,3,expanded,False,True,844
"(((1, 4), (4, 2), (4, 3), (4, 4), (5, 5)), (1, 3))","(((2, 4), (4, 2), (4, 3), (4, 4), (5, 5)), (1, 3))",6,6,12.0,6,,,pruned,,,845
"(((2, 4), (4, 2), (4, 3), (4, 4), (5, 6)), (1, 3))","(((2, 4), (4, 2), (4, 3), (4, 4), (5, 5)), (1, 3))",6,6,12.0,6,,,pruned,,,846
"(((2, 4), (4, 2), (4, 3), (4, 4), (5, 5)), (1, 3))","(((2, 4), (4, 3), (4, 4), (5, 2), (5, 5)), (5, 3))",5,5.0,10.0,5,8,2,expanded,False,True,847
"(((3, 4), (4, 1), (5, 4), (5, 5), (6, 3)), (1, 3))","(((3, 4), (4, 2), (5, 4), (5, 5), (6, 3)), (1, 3))",6,6,12.0,6,,,pruned,,,848
"(((3, 4), (4, 2), (5, 4), (5, 5), (6, 3)), (1, 3))","(((2, 4), (4, 2), (5, 4), (5, 5), (6, 3)), (1, 3))",5,5.0,10.0,5,6,1,expanded,False,True,849
"(((2, 4), (3, 4), (4, 3), (5, 5), (6, 2)), (1, 3))","(((2, 4), (3, 4), (4, 3), (5, 2), (5, 5)), (1, 3))",6,5,11.0,6,,,pruned,,,850
"(((2, 4), (3, 4), (4, 3), (5, 2), (5, 5)), (1, 3))","(((2, 4), (3, 3), (3, 4), (5, 2), (5, 5)), (1, 3))",5,5.0,10.0,5,4,1,expanded,False,True,851
"(((4, 2), (4, 4), (5, 6), (6, 3), (6, 4)), (1, 3))","(((4, 2), (4, 4), (5, 5), (6, 3), (6, 4)), (1, 3))",6,6,12.0,6,,,pruned,,,852
"(((4, 1), (4, 4), (5, 5), (6, 3), (6, 4)), (1, 3))","(((4, 2), (4, 4), (5, 5), (6, 3), (6, 4)), (1, 3))",6,6,12.0,6,,,pruned,,,853
"(((4, 2), (4, 4), (5, 5), (6, 3), (6, 4)), (1, 3))","(((3, 4), (4, 2), (5, 5), (6, 3), (6, 4)), (1, 3))",5,5.0,10.0,5,5,2,expanded,False,True,854
"(((3, 3), (5, 4), (5, 5), (6, 3), (6, 5)), (1, 3))","(((3, 3), (5, 3), (5, 4), (5, 5), (6, 5)), (1, 3))",5,5.0,10.0,5,4,0,expanded,False,True,855
"(((3, 3), (5, 3), (5, 6), (6, 4), (6, 5)), (1, 3))","(((3, 3), (5, 3), (5, 5), (6, 4), (6, 5)), (1, 3))",6,6,12.0,6,,,pruned,,,856
"(((3, 3), (5, 3), (5, 5), (6, 4), (6, 5)), (1, 3))","(((3, 3), (5, 3), (5, 4), (5, 5), (6, 5)), (1, 3))",5,5.0,10.0,5,7,1,expanded,False,True,857
"(((2, 2), (4, 3), (4, 4), (5, 6), (6, 4)), (2, 1))","(((2, 2), (4, 3), (4, 4), (5, 5), (6, 4)), (2, 1))",6,6,12.0,6,,,pruned,,,858
"(((2, 2), (4, 3), (4, 4), (5, 5), (6, 4)), (2, 1))","(((2, 2), (4, 4), (5, 3), (5, 5), (6, 4)), (1, 3))",5,5.0,10.0,5,5,1,expanded,False,True,859
"(((1, 3), (4, 4), (5, 5), (6, 3), (6, 5)), (1, 4))","(((2, 3), (4, 4), (5, 5), (6, 3), (6, 5)), (1, 3))",6,6,12.0,6,,,pruned,,,860
"(((2, 3), (4, 4), (5, 6), (6, 3), (6, 5)), (1, 3))","(((2, 3), (4, 4), (5, 5), (6, 3), (6, 5)), (1, 3))",6,6,12.0,6,,,pruned,,,861
"(((2, 3), (4, 4), (5, 5), (6, 3), (6, 6)), (1, 3))","(((2, 3), (4, 4), (5, 5), (6, 3), (6, 5)), (1, 3))",6,6,12.0,6,,,pruned,,,862
"(((2, 3), (4, 4), (5, 5), (6, 2), (6, 5)), (1, 3))","(((2, 3), (4, 4), (5, 5), (6, 3), (6, 5)), (1, 3))",6,6,12.0,6,,,pruned,,,863
"(((2, 3), (4, 4), (5, 5), (6, 3), (6, 5)), (1, 3))","(((2, 3), (4, 4), (5, 3), (5, 5), (6, 5)), (1, 3))",5,5.0,10.0,5,10,4,expanded,False,True,864
"(((3, 4), (4, 2), (4, 4), (5, 3), (5, 6)), (1, 3))","(((3, 4), (4, 2), (4, 4), (5, 3), (5, 5)), (1, 3))",6,6,12.0,6,,,pruned,,,865
"(((3, 4), (4, 1), (4, 4), (5, 3), (5, 5)), (1, 3))","(((3, 4), (4, 2), (4, 4), (5, 3), (5, 5)), (1, 3))",6,6,12.0,6,,,pruned,,,866
"(((3, 4), (4, 2), (4, 4), (5, 3), (5, 5)), (1, 3))","(((3, 4), (4, 2), (4, 3), (4, 4), (5, 5)), (1, 3))",5,5.0,10.0,5,8,2,expanded,False,True,867
"(((2, 2), (3, 3), (4, 4), (5, 4), (5, 5)), (2, 1))","(((2, 2), (4, 3), (4, 4), (5, 4), (5, 5)), (2, 1))",5,5.0,10.0,5,2,0,expanded,False,True,868
"(((4, 1), (4, 4), (5, 3), (5, 4), (5, 5)), (1, 3))","(((4, 2), (4, 4), (5, 3), (5, 4), (5, 5)), (1, 3))",6,6,12.0,6,,,pruned,,,869
"(((4, 2), (4, 4), (5, 3), (5, 4), (5, 5)), (1, 3))","(((3, 4), (4, 2), (5, 3), (5, 4), (5, 5)), (1, 3))",5,5.0,10.0,5,4,1,expanded,False,True,870
"(((3, 4), (4, 2), (4, 3), (5, 4), (5, 5)), (1, 3))","(((3, 4), (4, 2), (5, 3), (5, 4), (5, 5)), (1, 3))",5,5.0,10.0,5,4,0,expanded,False,True,871
"(((1, 4), (3, 3), (4, 2), (5, 4), (5, 5)), (1, 3))","(((2, 4), (3, 3), (4, 2), (5, 4), (5, 5)), (1, 3))",6,6,12.0,6,,,pruned,,,872
"(((2, 4), (3, 3), (4, 1), (5, 4), (5, 5)), (3, 4))","(((2, 4), (3, 3), (4, 2), (5, 4), (5, 5)), (1, 3))",6,6,12.0,6,,,pruned,,,873
"(((2, 4), (3, 3), (4, 2), (5, 4), (5, 5)), (1, 3))","(((2, 4), (4, 2), (4, 3), (5, 4), (5, 5)), (1, 3))",5,5.0,10.0,5,8,2,expanded,False,True,874
"(((1, 4), (4, 2), (4, 4), (5, 5), (6, 3)), (1, 3))","(((2, 4), (4, 2), (4, 4), (5, 5), (6, 3)), (1, 3))",6,6,12.0,6,,,pruned,,,875
"(((2, 4), (4, 2), (4, 4), (5, 6), (6, 3)), (1, 3))","(((2, 4), (4, 2), (4, 4), (5, 5), (6, 3)), (1, 3))",6,6,12.0,6,,,pruned,,,876
"(((2, 4), (4, 2), (4, 4), (5, 5), (6, 2)), (1, 3))","(((2, 4), (4, 2), (4, 4), (5, 5), (6, 3)), (1, 3))",6,6,12.0,6,,,pruned,,,877
"(((2, 4), (4, 1), (4, 4), (5, 5), (6, 3)), (1, 3))","(((2, 4), (4, 2), (4, 4), (5, 5), (6, 3)), (1, 3))",6,6,12.0,6,,,pruned,,,878
"(((2, 4), (4, 2), (4, 4), (5, 5), (6, 3)), (1, 3))","(((2, 4), (4, 2), (4, 4), (5, 3), (5, 5)), (1, 3))",5,5.0,10.0,5,10,4,expanded,False,True,879
"(((1, 4), (4, 3), (5, 5), (6, 3), (6, 5)), (1, 3))","(((2, 4), (4, 3), (5, 5), (6, 3), (6, 5)), (1, 3))",6,6,12.0,6,,,pruned,,,880
"(((2, 4), (4, 3), (5, 6), (6, 3), (6, 5)), (1, 3))","(((2, 4), (4, 3), (5, 5), (6, 3), (6, 5)), (1, 3))",6,6,12.0,6,,,pruned,,,881
"(((2, 4), (4, 3), (5, 5), (6, 3), (6, 6)), (1, 3))","(((2, 4), (4, 3), (5, 5), (6, 3), (6, 5)), (1, 3))",6,6,12.0,6,,,pruned,,,882
"(((2, 4), (4, 3), (5, 5), (6, 2), (6, 5)), (1, 3))","(((2, 4), (4, 3), (5, 5), (6, 3), (6, 5)), (1, 3))",6,6,12.0,6,,,pruned,,,883
"(((2, 4), (4, 3), (5, 5), (6, 3), (6, 5)), (1, 3))","(((2, 4), (3, 3), (5, 5), (6, 3), (6, 5)), (1, 3))",5,5.0,10.0,5,10,4,expanded,False,True,884
"(((1, 4), (4, 3), (5, 2), (5, 4), (5, 5)), (1, 3))","(((2, 4), (4, 3), (5, 2), (5, 4), (5, 5)), (1, 3))",6,6,12.0,6,,,pruned,,,885
"(((2, 4), (4, 3), (5, 4), (5, 5), (6, 2)), (1, 3))","(((2, 4), (4, 3), (5, 2), (5, 4), (5, 5)), (1, 3))",6,5,11.0,6,,,pruned,,,886
"(((2, 4), (4, 3), (5, 2), (5, 4), (5, 5)), (1, 3))","(((2, 4), (4, 3), (4, 4), (5, 2), (5, 5)), (1, 3))",5,5.0,10.0,5,8,2,expanded,False,True,887
"(((1, 4), (4, 4), (5, 2), (5, 3), (5, 5)), (1, 3))","(((2, 4), (4, 4), (5, 2), (5, 3), (5, 5)), (1, 3))",6,6,12.0,6,,,pruned,,,888
"(((2, 4), (4, 4), (5, 3), (5, 5), (6, 2)), (1, 3))","(((2, 4), (4, 4), (5, 2), (5, 3), (5, 5)), (1, 3))",6,5,11.0,6,,,pruned,,,889
"(((2, 4), (4, 4), (5, 2), (5, 3), (5, 5)), (1, 3))","(((2, 4), (4, 3), (4, 4), (5, 2), (5, 5)), (1, 3))",5,5.0,10.0,5,5,2,expanded,False,True,890
"(((4, 3), (4, 4), (5, 6), (6, 3), (6, 5)), (1, 3))","(((4, 3), (4, 4), (5, 5), (6, 3), (6, 5)), (1, 3))",6,6,12.0,6,,,pruned,,,891
"(((4, 3), (4, 4), (5, 5), (6, 3), (6, 6)), (1, 3))","(((4, 3), (4, 4), (5, 5), (6, 3), (6, 5)), (1, 3))",6,6,12.0,6,,,pruned,,,892
"(((4, 3), (4, 4), (5, 5), (6, 2), (6, 5)), (1, 3))","(((4, 3), (4, 4), (5, 5), (6, 3), (6, 5)), (1, 3))",6,6,12.0,6,,,pruned,,,893
"(((4, 3), (4, 4), (5, 5), (6, 3), (6, 5)), (1, 3))","(((3, 3), (4, 4), (5, 5), (6, 3), (6, 5)), (1, 3))",5,5.0,10.0,5,8,3,expanded,False,True,894
"(((4, 2), (4, 3), (4, 4), (5, 6), (6, 4)), (1, 3))","(((4, 2), (4, 3), (4, 4), (5, 5), (6, 4)), (1, 3))",6,6,12.0,6,,,pruned,,,895
"(((4, 2), (4, 3), (4, 4), (5, 5), (6, 4)), (1, 3))","(((3, 4), (4, 2), (4, 3), (5, 5), (6, 4)), (1, 3))",5,5.0,10.0,5,6,1,expanded,False,True,896
"(((1, 3), (4, 2), (4, 4), (5, 5), (6, 4)), (1, 4))","(((2, 3), (4, 2), (4, 4), (5, 5), (6, 4)), (1, 3))",6,6,12.0,6,,,pruned,,,897
"(((2, 3), (4, 2), (4, 4), (5, 6), (6, 4)), (1, 3))","(((2, 3), (4, 2), (4, 4), (5, 5), (6, 4)), (1, 3))",6,6,12.0,6,,,pruned,,,898
"(((2, 3), (4, 1), (4, 4), (5, 5), (6, 4)), (1, 3))","(((2, 3), (4, 2), (4, 4), (5, 5), (6, 4)), (1, 3))",6,6,12.0,6,,,pruned,,,899
"(((2, 3), (4, 2), (4, 4), (5, 5), (6, 4)), (1, 3))","(((3, 3), (4, 2), (4, 4), (5, 5), (6, 4)), (1, 3))",5,5.0,10.0,5,10,3,expanded,False,True,900
"(((4, 3), (5, 4), (5, 5), (6, 2), (6, 4)), (1, 3))","(((4, 3), (5, 2), (5, 4), (5, 5), (6, 4)), (1, 3))",6,5,11.0,6,,,pruned,,,901
"(((4, 3), (5, 2), (5, 4), (5, 5), (6, 4)), (1, 3))","(((4, 3), (4, 4), (5, 2), (5, 5), (6, 4)), (1, 3))",5,5.0,10.0,5,5,1,expanded,False,True,902
"(((4, 4), (5, 3), (5, 5), (6, 2), (6, 4)), (1, 3))","(((4, 4), (5, 2), (5, 3), (5, 5), (6, 4)), (1, 3))",6,5,11.0,6,,,pruned,,,903
"(((4, 4), (5, 2), (5, 3), (5, 5), (6, 4)), (1, 3))","(((4, 3), (4, 4), (5, 2), (5, 5), (6, 4)), (1, 3))",5,5.0,10.0,5,3,1,expanded,False,True,904
"(((1, 3), (5, 2), (5, 4), (5, 5), (6, 4)), (1, 4))","(((2, 3), (5, 2), (5, 4), (5, 5), (6, 4)), (1, 3))",6,6,12.0,6,,,pruned,,,905
"(((2, 3), (5, 4), (5, 5), (6, 2), (6, 4)), (1, 3))","(((2, 3), (5, 2), (5, 4), (5, 5), (6, 4)), (1, 3))",6,5,11.0,6,,,pruned,,,906
"(((2, 3), (5, 1), (5, 4), (5, 5), (6, 4)), (1, 3))","(((2, 3), (5, 2), (5, 4), (5, 5), (6, 4)), (1, 3))",6,6,12.0,6,,,pruned,,,907
"(((2, 3), (5, 2), (5, 4), (5, 5), (6, 4)), (1, 3))","(((3, 3), (5, 2), (5, 4), (5, 5), (6, 4)), (1, 3))",5,5.0,10.0,5,9,3,expanded,False,True,908
"(((3, 4), (5, 3), (5, 6), (6, 3), (6, 5)), (1, 3))","(((3, 4), (5, 3), (5, 5), (6, 3), (6, 5)), (1, 3))",6,6,12.0,6,,,pruned,,,909
"(((3, 4), (5, 3), (5, 5), (6, 3), (6, 6)), (1, 3))","(((3, 4), (5, 3), (5, 5), (6, 3), (6, 5)), (1, 3))",6,6,12.0,6,,,pruned,,,910
"(((3, 4), (5, 3), (5, 5), (6, 2), (6, 5)), (1, 3))","(((3, 4), (5, 3), (5, 5), (6, 3), (6, 5)), (1, 3))",6,6,12.0,6,,,pruned,,,911
"(((3, 4), (5, 3), (5, 5), (6, 3), (6, 5)), (1, 3))","(((3, 4), (4, 3), (5, 5), (6, 3), (6, 5)), (1, 3))",5,5.0,10.0,5,8,3,expanded,False,True,912
"(((3, 4), (4, 4), (5, 2), (5, 6), (6, 3)), (1, 3))","(((3, 4), (4, 4), (5, 2), (5, 5), (6, 3)), (1, 3))",6,6,12.0,6,,,pruned,,,913
"(((3, 4), (4, 4), (5, 2), (5, 5), (6, 2)), (1, 3))","(((3, 4), (4, 4), (5, 2), (5, 5), (6, 3)), (1, 3))",6,6,12.0,6,,,pruned,,,914
"(((3, 4), (4, 4), (5, 5), (6, 2), (6, 3)), (1, 3))","(((3, 4), (4, 4), (5, 2), (5, 5), (6, 3)), (1, 3))",6,5,11.0,6,,,pruned,,,915
"(((3, 4), (4, 4), (5, 1), (5, 5), (6, 3)), (1, 3))","(((3, 4), (4, 4), (5, 2), (5, 5), (6, 3)), (1, 3))",6,6,12.0,6,,,pruned,,,916
"(((3, 4), (4, 4), (5, 2), (5, 5), (6, 3)), (1, 3))","(((3, 4), (4, 4), (5, 2), (5, 3), (5, 5)), (1, 3))",5,5.0,10.0,5,6,4,expanded,False,True,917
"(((2, 4), (3, 3), (3, 4), (4, 4), (5, 4)), (1, 3))","(((2, 3), (3, 3), (3, 4), (4, 4), (5, 4)), (2, 1))",6,4.0,10.0,6,4,0,expanded,False,True,918
"(((3, 4), (4, 4), (5, 3), (5, 4), (6, 4)), (1, 3))","(((3, 4), (4, 4), (5, 3), (5, 4), (6, 3)), (1, 3))",6,4.0,10.0,6,3,0,expanded,False,True,919
"(((1, 3), (2, 4), (4, 4), (5, 4), (6, 4)), (2, 1))","(((2, 3), (2, 4), (4, 4), (5, 4), (6, 4)), (2, 1))",7,5,12.0,7,,,pruned,,,920
"(((1, 4), (2, 3), (4, 4), (5, 4), (6, 4)), (2, 1))","(((2, 3), (2, 4), (4, 4), (5, 4), (6, 4)), (2, 1))",7,5,12.0,7,,,pruned,,,921
"(((2, 3), (2, 4), (4, 4), (5, 4), (6, 4)), (2, 1))","(((2, 3), (2, 4), (4, 4), (5, 4), (6, 3)), (2, 1))",6,4.0,10.0,6,4,2,expanded,False,True,922
"(((1, 4), (4, 3), (4, 4), (5, 4), (6, 4)), (1, 3))","(((2, 4), (4, 3), (4, 4), (5, 4), (6, 4)), (1, 3))",7,5,12.0,7,,,pruned,,,923
"(((2, 4), (4, 3), (4, 4), (5, 4), (6, 4)), (1, 3))","(((2, 4), (4, 3), (4, 4), (5, 4), (6, 3)), (1, 3))",6,4.0,10.0,6,6,1,expanded,False,True,924
"(((2, 4), (3, 3), (3, 4), (5, 4), (6, 4)), (1, 3))","(((2, 4), (3, 3), (3, 4), (5, 4), (6, 3)), (1, 3))",6,4.0,10.0,6,4,0,expanded,False,True,925
"(((2, 4), (3, 3), (3, 4), (6, 2), (6, 4)), (1, 3))","(((2, 4), (3, 3), (3, 4), (5, 2), (6, 4)), (1, 3))",7,4,11.0,7,,,pruned,,,926
"(((2, 4), (3, 3), (3, 4), (5, 1), (6, 4)), (1, 3))","(((2, 4), (3, 3), (3, 4), (5, 2), (6, 4)), (1, 3))",7,5,12.0,7,,,pruned,,,927
"(((2, 4), (3, 3), (3, 4), (5, 2), (6, 4)), (1, 3))","(((2, 4), (3, 3), (3, 4), (5, 3), (6, 4)), (1, 3))",6,4.0,10.0,6,8,2,expanded,False,True,928
"(((2, 4), (3, 3), (3, 4), (5, 3), (6, 6)), (1, 3))","(((2, 4), (3, 3), (3, 4), (5, 3), (6, 5)), (1, 3))",7,5,12.0,7,,,pruned,,,929
"(((2, 4), (3, 3), (3, 4), (5, 3), (6, 5)), (1, 3))","(((2, 4), (3, 3), (3, 4), (5, 3), (6, 4)), (1, 3))",6,4.0,10.0,6,8,1,expanded,False,True,930
"(((2, 4), (3, 3), (3, 4), (4, 4), (6, 2)), (1, 3))","(((2, 4), (3, 3), (3, 4), (4, 4), (5, 2)), (1, 3))",7,4,11.0,7,,,pruned,,,931
"(((2, 4), (3, 3), (3, 4), (4, 4), (5, 1)), (1, 3))","(((2, 4), (3, 3), (3, 4), (4, 4), (5, 2)), (1, 3))",7,5,12.0,7,,,pruned,,,932
"(((2, 4), (3, 3), (3, 4), (4, 4), (5, 2)), (1, 3))","(((2, 4), (3, 3), (3, 4), (4, 4), (5, 3)), (1, 3))",6,4.0,10.0,6,6,2,expanded,False,True,933
"(((3, 3), (3, 4), (4, 1), (4, 4), (5, 2)), (4, 2))","(((3, 3), (3, 4), (4, 2), (4, 4), (5, 2)), (4, 3))",7,5,12.0,7,,,pruned,,,934
"(((3, 3), (3, 4), (4, 2), (4, 4), (5, 1)), (4, 3))","(((3, 3), (3, 4), (4, 2), (4, 4), (5, 2)), (4, 3))",7,5,12.0,7,,,pruned,,,935
"(((3, 3), (3, 4), (4, 2), (4, 4), (5, 2)), (4, 3))","(((3, 3), (3, 4), (4, 2), (4, 4), (5, 3)), (1, 3))",6,4.0,10.0,6,3,2,expanded,False,True,936
"(((2, 3), (2, 4), (3, 3), (3, 4), (5, 6)), (2, 1))","(((2, 3), (2, 4), (3, 3), (3, 4), (5, 5)), (2, 1))",7,5,12.0,7,,,pruned,,,937
"(((2, 3), (2, 4), (3, 3), (3, 4), (5, 5)), (2, 1))","(((2, 3), (2, 4), (3, 3), (4, 4), (5, 5)), (2, 1))",6,4.0,10.0,6,2,1,expanded,False,True,938
"(((2, 4), (3, 4), (5, 3), (5, 6), (6, 3)), (1, 3))","(((2, 4), (3, 4), (5, 3), (5, 5), (6, 3)), (1, 3))",7,5,12.0,7,,,pruned,,,939
"(((2, 4), (3, 4), (5, 3), (5, 5), (6, 2)), (1, 3))","(((2, 4), (3, 4), (5, 3), (5, 5), (6, 3)), (1, 3))",7,5,12.0,7,,,pruned,,,940
"(((2, 4), (3, 4), (5, 3), (5, 5), (6, 3)), (1, 3))","(((2, 4), (3, 4), (4, 3), (5, 5), (6, 3)), (1, 3))",6,4.0,10.0,6,6,2,expanded,False,True,941
"(((5, 3), (5, 4), (5, 5), (6, 3), (6, 4)), (1, 3))","(((4, 4), (5, 3), (5, 5), (6, 3), (6, 4)), (1, 3))",6,4.0,10.0,6,0,0,expanded,False,True,942
"(((2, 3), (3, 3), (5, 4), (5, 5), (6, 4)), (1, 3))","(((2, 3), (4, 3), (5, 4), (5, 5), (6, 4)), (2, 1))",6,4.0,10.0,6,3,0,expanded,False,True,943
"(((3, 4), (4, 4), (5, 4), (6, 2), (6, 3)), (1, 3))","(((3, 4), (4, 4), (5, 2), (5, 4), (6, 3)), (1, 3))",7,4,11.0,7,,,pruned,,,944
"(((3, 4), (4, 4), (5, 1), (5, 4), (6, 3)), (1, 3))","(((3, 4), (4, 4), (5, 2), (5, 4), (6, 3)), (1, 3))",7,5,12.0,7,,,pruned,,,945
"(((3, 4), (4, 4), (5, 2), (5, 4), (6, 3)), (1, 3))","(((3, 4), (4, 4), (5, 2), (5, 3), (5, 4)), (1, 3))",6,4.0,10.0,6,4,2,expanded,False,True,946
"(((3, 4), (4, 1), (4, 4), (5, 3), (5, 4)), (1, 3))","(((3, 4), (4, 2), (4, 4), (5, 3), (5, 4)), (1, 3))",7,5,12.0,7,,,pruned,,,947
"(((3, 4), (4, 2), (4, 4), (5, 3), (5, 4)), (1, 3))","(((3, 4), (4, 2), (4, 3), (4, 4), (5, 4)), (1, 3))",6,4.0,10.0,6,4,1,expanded,False,True,948
"(((1, 4), (4, 4), (5, 2), (5, 3), (5, 4)), (1, 3))","(((2, 4), (4, 4), (5, 2), (5, 3), (5, 4)), (1, 3))",7,5,12.0,7,,,pruned,,,949
"(((2, 4), (4, 4), (5, 3), (5, 4), (6, 2)), (1, 3))","(((2, 4), (4, 4), (5, 2), (5, 3), (5, 4)), (1, 3))",7,4,11.0,7,,,pruned,,,950
"(((2, 4), (4, 4), (5, 2), (5, 3), (5, 4)), (1, 3))","(((2, 4), (4, 3), (4, 4), (5, 2), (5, 4)), (1, 3))",6,4.0,10.0,6,4,2,expanded,False,True,951
"(((1, 3), (2, 4), (4, 2), (4, 4), (5, 4)), (2, 1))","(((2, 3), (2, 4), (4, 2), (4, 4), (5, 4)), (2, 1))",7,5,12.0,7,,,pruned,,,952
"(((1, 4), (2, 3), (4, 2), (4, 4), (5, 4)), (2, 1))","(((2, 3), (2, 4), (4, 2), (4, 4), (5, 4)), (2, 1))",7,5,12.0,7,,,pruned,,,953
"(((2, 3), (2, 4), (4, 1), (4, 4), (5, 4)), (3, 3))","(((2, 3), (2, 4), (4, 2), (4, 4), (5, 4)), (2, 1))",7,5,12.0,7,,,pruned,,,954
"(((2, 3), (2, 4), (4, 2), (4, 4), (5, 4)), (2, 1))","(((2, 3), (2, 4), (4, 4), (5, 2), (5, 4)), (2, 1))",6,4.0,10.0,6,6,3,expanded,False,True,955
"(((1, 4), (4, 2), (4, 3), (4, 4), (5, 4)), (1, 3))","(((2, 4), (4, 2), (4, 3), (4, 4), (5, 4)), (1, 3))",7,5,12.0,7,,,pruned,,,956
"(((2, 4), (4, 2), (4, 3), (4, 4), (5, 4)), (1, 3))","(((2, 4), (3, 3), (4, 2), (4, 4), (5, 4)), (1, 3))",6,4.0,10.0,6,6,1,expanded,False,True,957
"(((2, 4), (3, 4), (4, 3), (5, 4), (6, 2)), (1, 3))","(((2, 4), (3, 4), (4, 3), (5, 2), (5, 4)), (1, 3))",7,4,11.0,7,,,pruned,,,958
"(((2, 4), (3, 4), (4, 3), (5, 2), (5, 4)), (1, 3))","(((2, 4), (3, 3), (3, 4), (5, 2), (5, 4)), (1, 3))",6,4.0,10.0,6,4,1,expanded,False,True,959
"(((1, 3), (2, 4), (3, 4), (5, 2), (5, 4)), (2, 1))","(((2, 3), (2, 4), (3, 4), (5, 2), (5, 4)), (2, 1))",7,5,12.0,7,,,pruned,,,960
"(((2, 3), (2, 4), (3, 4), (5, 4), (6, 2)), (2, 1))","(((2, 3), (2, 4), (3, 4), (5, 2), (5, 4)), (2, 1))",7,4,11.0,7,,,pruned,,,961
"(((2, 3), (2, 4), (3, 4), (5, 1), (5, 4)), (2, 1))","(((2, 3), (2, 4), (3, 4), (5, 2), (5, 4)), (2, 1))",7,5,12.0,7,,,pruned,,,962
"(((2, 3), (2, 4), (3, 4), (5, 2), (5, 4)), (2, 1))","(((2, 4), (3, 3), (3, 4), (5, 2), (5, 4)), (1, 3))",6,4.0,10.0,6,9,3,expanded,False,True,963
"(((2, 4), (3, 3), (3, 4), (4, 1), (5, 4)), (4, 2))","(((2, 4), (3, 3), (3, 4), (4, 2), (5, 4)), (1, 3))",7,5,12.0,7,,,pruned,,,964
"(((2, 4), (3, 3), (3, 4), (4, 2), (5, 4)), (1, 3))","(((2, 4), (3, 3), (3, 4), (5, 2), (5, 4)), (1, 3))",6,4.0,10.0,6,8,1,expanded,False,True,965
"(((1, 4), (4, 2), (4, 4), (5, 4), (6, 3)), (1, 3))","(((2, 4), (4, 2), (4, 4), (5, 4), (6, 3)), (1, 3))",7,5,12.0,7,,,pruned,,,966
"(((2, 4), (4, 1), (4, 4), (5, 4), (6, 3)), (1, 3))","(((2, 4), (4, 2), (4, 4), (5, 4), (6, 3)), (1, 3))",7,5,12.0,7,,,pruned,,,967
"(((2, 4), (4, 2), (4, 4), (5, 4), (6, 3)), (1, 3))","(((2, 4), (4, 2), (4, 4), (5, 3), (5, 4)), (1, 3))",6,4.0,10.0,6,6,2,expanded,False,True,968
"(((2, 4), (3, 4), (4, 1), (5, 3), (5, 4)), (1, 3))","(((2, 4), (3, 4), (4, 2), (5, 3), (5, 4)), (1, 3))",7,5,12.0,7,,,pruned,,,969
"(((2, 4), (3, 4), (4, 2), (5, 3), (5, 4)), (1, 3))","(((2, 4), (3, 4), (4, 2), (5, 3), (5, 5)), (1, 3))",6,4.0,10.0,6,6,1,expanded,False,True,970
"(((2, 4), (3, 4), (4, 3), (5, 1), (5, 4)), (1, 3))","(((2, 4), (3, 4), (4, 3), (5, 2), (5, 4)), (5, 3))",7,5,12.0,7,,,pruned,,,971
"(((2, 4), (3, 4), (4, 3), (5, 2), (5, 4)), (5, 3))","(((2, 4), (3, 4), (4, 3), (5, 2), (5, 5)), (4, 4))",6,4.0,10.0,6,6,1,expanded,False,True,972
"(((2, 4), (3, 4), (4, 4), (5, 2), (5, 3)), (5, 4))","(((2, 4), (3, 4), (4, 4), (5, 2), (5, 4)), (1, 3))",6,4.0,10.0,6,2,0,expanded,False,True,973
"(((2, 4), (4, 2), (4, 4), (5, 4), (6, 2)), (1, 3))","(((2, 4), (4, 2), (4, 4), (5, 4), (6, 3)), (5, 5))",7,5,12.0,7,,,pruned,,,974
"(((2, 4), (4, 2), (4, 4), (5, 4), (6, 3)), (5, 5))","(((2, 4), (4, 2), (4, 4), (5, 5), (6, 3)), (1, 3))",6,4.0,10.0,6,2,1,expanded,False,True,975
"(((3, 4), (4, 4), (5, 2), (5, 4), (6, 2)), (1, 3))","(((3, 4), (4, 4), (5, 2), (5, 4), (6, 3)), (5, 5))",7,5,12.0,7,,,pruned,,,976
"(((3, 4), (4, 4), (5, 2), (5, 4), (6, 3)), (5, 5))","(((3, 4), (4, 4), (5, 2), (5, 5), (6, 3)), (1, 3))",6,4.0,10.0,6,2,1,expanded,False,True,977
"(((2, 4), (3, 3), (3, 4), (4, 1), (5, 3)), (4, 2))","(((2, 4), (3, 3), (3, 4), (4, 2), (5, 3)), (1, 3))",8,4,12.0,8,,,pruned,,,978
"(((2, 4), (3, 3), (3, 4), (4, 2), (5, 3)), (1, 3))","(((2, 4), (3, 3), (3, 4), (4, 3), (5, 3)), (1, 3))",7,3.0,10.0,7,8,1,expanded,False,True,979
"(((2, 4), (3, 3), (3, 4), (4, 3), (5, 1)), (1, 3))","(((2, 4), (3, 3), (3, 4), (4, 3), (5, 2)), (4, 4))",8,4,12.0,8,,,pruned,,,980
"(((2, 4), (3, 3), (3, 4), (4, 3), (5, 2)), (4, 4))","(((2, 4), (3, 3), (3, 4), (4, 3), (5, 3)), (1, 3))",7,3.0,10.0,7,3,1,expanded,False,True,981
"(((2, 4), (3, 3), (3, 4), (5, 2), (6, 2)), (1, 3))","(((2, 4), (3, 3), (3, 4), (5, 2), (6, 3)), (1, 3))",8,4,12.0,8,,,pruned,,,982
"(((2, 4), (3, 3), (3, 4), (6, 2), (6, 3)), (1, 3))","(((2, 4), (3, 3), (3, 4), (5, 2), (6, 3)), (1, 3))",8,3,11.0,8,,,pruned,,,983
"(((2, 4), (3, 3), (3, 4), (5, 1), (6, 3)), (1, 3))","(((2, 4), (3, 3), (3, 4), (5, 2), (6, 3)), (1, 3))",8,4,12.0,8,,,pruned,,,984
"(((2, 4), (3, 3), (3, 4), (5, 2), (6, 3)), (1, 3))","(((2, 4), (3, 3), (3, 4), (5, 3), (6, 3)), (1, 3))",7,3.0,10.0,7,6,3,expanded,False,True,985
"(((3, 3), (3, 4), (4, 4), (5, 3), (6, 4)), (1, 3))","(((3, 3), (3, 4), (4, 4), (5, 3), (6, 3)), (1, 3))",7,3.0,10.0,7,6,0,expanded,False,True,986
"(((2, 3), (3, 3), (3, 4), (4, 4), (6, 2)), (2, 1))","(((2, 3), (3, 3), (3, 4), (4, 4), (5, 2)), (2, 1))",8,3,11.0,8,,,pruned,,,987
"(((2, 3), (3, 3), (3, 4), (4, 4), (5, 1)), (2, 1))","(((2, 3), (3, 3), (3, 4), (4, 4), (5, 2)), (2, 1))",8,4,12.0,8,,,pruned,,,988
"(((2, 3), (3, 3), (3, 4), (4, 4), (5, 2)), (2, 1))","(((2, 3), (3, 3), (3, 4), (4, 4), (5, 3)), (2, 1))",7,3.0,10.0,7,5,2,expanded,False,True,989
"(((2, 3), (2, 4), (4, 3), (4, 4), (5, 1)), (2, 1))","(((2, 3), (2, 4), (4, 3), (4, 4), (5, 2)), (5, 3))",8,4,12.0,8,,,pruned,,,990
"(((2, 3), (2, 4), (4, 3), (4, 4), (5, 2)), (5, 3))","(((2, 3), (2, 4), (4, 3), (4, 4), (5, 3)), (2, 1))",7,3.0,10.0,7,4,1,expanded,False,True,991
"(((1, 3), (2, 4), (4, 4), (5, 2), (6, 3)), (2, 1))","(((2, 3), (2, 4), (4, 4), (5, 2), (6, 3)), (2, 1))",8,4,12.0,8,,,pruned,,,992
"(((1, 4), (2, 3), (4, 4), (5, 2), (6, 3)), (2, 1))","(((2, 3), (2, 4), (4, 4), (5, 2), (6, 3)), (2, 1))",8,4,12.0,8,,,pruned,,,993
"(((2, 3), (2, 4), (4, 4), (5, 2), (6, 2)), (2, 1))","(((2, 3), (2, 4), (4, 4), (5, 2), (6, 3)), (2, 1))",8,4,12.0,8,,,pruned,,,994
"(((2, 3), (2, 4), (4, 4), (6, 2), (6, 3)), (2, 1))","(((2, 3), (2, 4), (4, 4), (5, 2), (6, 3)), (2, 1))",8,3,11.0,8,,,pruned,,,995
"(((2, 3), (2, 4), (4, 4), (5, 1), (6, 3)), (2, 1))","(((2, 3), (2, 4), (4, 4), (5, 2), (6, 3)), (2, 1))",8,4,12.0,8,,,pruned,,,996
"(((2, 3), (2, 4), (4, 4), (5, 2), (6, 3)), (2, 1))","(((2, 3), (2, 4), (4, 4), (5, 3), (6, 3)), (5, 4))",7,3.0,10.0,7,8,5,expanded,False,True,997
"(((2, 4), (4, 3), (4, 4), (5, 2), (6, 2)), (5, 3))","(((2, 4), (4, 3), (4, 4), (5, 2), (6, 3)), (5, 3))",8,4,12.0,8,,,pruned,,,998
"(((2, 4), (4, 3), (4, 4), (5, 1), (6, 3)), (1, 3))","(((2, 4), (4, 3), (4, 4), (5, 2), (6, 3)), (5, 3))",8,4,12.0,8,,,pruned,,,999
"(((2, 4), (4, 3), (4, 4), (5, 2), (6, 3)), (5, 3))","(((2, 4), (4, 3), (4, 4), (5, 3), (6, 3)), (5, 4))",7,3.0,10.0,7,4,2,expanded,False,True,1000
"(((2, 3), (3, 4), (4, 2), (4, 3), (4, 4)), (2, 1))","(((2, 3), (3, 4), (4, 3), (4, 4), (5, 2)), (5, 3))",7,3.0,10.0,7,2,0,expanded,False,True,1001
"(((2, 4), (3, 3), (4, 2), (4, 3), (4, 4)), (1, 3))","(((2, 4), (3, 3), (4, 3), (4, 4), (5, 2)), (5, 3))",7,3.0,10.0,7,2,0,expanded,False,True,1002
"(((1, 4), (4, 3), (4, 4), (5, 2), (6, 3)), (1, 3))","(((2, 4), (4, 3), (4, 4), (5, 2), (6, 3)), (1, 3))",8,4,12.0,8,,,pruned,,,1003
"(((2, 4), (4, 3), (4, 4), (6, 2), (6, 3)), (1, 3))","(((2, 4), (4, 3), (4, 4), (5, 2), (6, 3)), (1, 3))",8,3,11.0,8,,,pruned,,,1004
"(((2, 4), (4, 3), (4, 4), (5, 2), (6, 3)), (1, 3))","(((2, 4), (3, 3), (4, 4), (5, 2), (6, 3)), (1, 3))",7,3.0,10.0,7,6,2,expanded,False,True,1005
"(((3, 4), (4, 4), (5, 3), (6, 2), (6, 3)), (1, 3))","(((3, 4), (4, 4), (5, 2), (5, 3), (6, 3)), (1, 3))",8,3,11.0,8,,,pruned,,,1006
"(((3, 4), (4, 4), (5, 2), (5, 3), (6, 3)), (1, 3))","(((3, 4), (4, 3), (4, 4), (5, 2), (6, 3)), (1, 3))",7,3.0,10.0,7,1,1,expanded,True,True,1007
"(((1, 3), (2, 4), (3, 4), (6, 3), (6, 4)), (2, 1))","(((2, 3), (2, 4), (3, 4), (6, 3), (6, 4)), (2, 1))",8,4,12.0,8,,,pruned,,,1008
"(((2, 3), (2, 4), (3, 4), (6, 3), (6, 4)), (2, 1))","(((2, 3), (2, 4), (3, 4), (5, 4), (6, 3)), (2, 1))",7,3.0,10.0,7,1,1,expanded,True,True,1009
"(((2, 3), (2, 4), (3, 3), (3, 4), (5, 4)), (2, 1))","(((2, 3), (2, 4), (3, 4), (4, 3), (5, 4)), (2, 1))",7,3.0,10.0,7,4,0,expanded,False,True,1010
"(((2, 3), (2, 4), (3, 4), (4, 3), (4, 4)), (2, 1))","(((2, 3), (2, 4), (3, 4), (4, 3), (5, 4)), (2, 1))",7,3.0,10.0,7,1,0,expanded,False,True,1011
"(((2, 3), (2, 4), (3, 4), (4, 3), (6, 4)), (2, 1))","(((2, 3), (2, 4), (3, 4), (5, 3), (6, 4)), (2, 1))",7,3.0,10.0,7,5,0,expanded,False,True,1012
"(((1, 3), (2, 4), (3, 4), (4, 4), (6, 3)), (2, 1))","(((2, 3), (2, 4), (3, 4), (4, 4), (6, 3)), (2, 1))",8,4,12.0,8,,,pruned,,,1013
"(((2, 3), (2, 4), (3, 4), (4, 4), (6, 2)), (2, 1))","(((2, 3), (2, 4), (3, 4), (4, 4), (6, 3)), (2, 1))",8,4,12.0,8,,,pruned,,,1014
"(((2, 3), (2, 4), (3, 4), (4, 4), (6, 3)), (2, 1))","(((2, 3), (2, 4), (3, 4), (4, 4), (5, 3)), (2, 1))",7,3.0,10.0,7,3,2,expanded,False,True,1015
"(((2, 4), (3, 4), (5, 3), (5, 4), (6, 3)), (1, 3))","(((2, 4), (3, 4), (4, 3), (5, 4), (6, 3)), (1, 3))",7,3.0,10.0,7,2,0,expanded,False,True,1016
"(((2, 4), (3, 4), (4, 3), (6, 3), (6, 4)), (1, 3))","(((2, 4), (3, 3), (3, 4), (6, 3), (6, 4)), (1, 3))",7,3.0,10.0,7,4,0,expanded,False,True,1017
"(((2, 4), (3, 4), (4, 3), (4, 4), (6, 2)), (1, 3))","(((2, 4), (3, 4), (4, 3), (4, 4), (6, 3)), (1, 3))",8,4,12.0,8,,,pruned,,,1018
"(((2, 4), (3, 4), (4, 3), (4, 4), (6, 3)), (1, 3))","(((2, 4), (3, 3), (3, 4), (4, 4), (6, 3)), (1, 3))",7,3.0,10.0,7,4,1,expanded,False,True,1019
"(((2, 4), (3, 4), (4, 3), (5, 3), (6, 2)), (1, 3))","(((2, 4), (3, 4), (4, 3), (5, 2), (5, 3)), (1, 3))",8,3,11.0,8,,,pruned,,,1020
"(((2, 4), (3, 4), (4, 3), (5, 2), (5, 3)), (1, 3))","(((2, 4), (3, 3), (3, 4), (5, 2), (5, 3)), (1, 3))",7,3.0,10.0,7,2,1,expanded,False,True,1021
"(((1, 3), (2, 4), (3, 4), (5, 2), (5, 3)), (2, 1))","(((2, 3), (2, 4), (3, 4), (5, 2), (5, 3)), (2, 1))",8,4,12.0,8,,,pruned,,,1022
"(((2, 3), (2, 4), (3, 4), (5, 3), (6, 2)), (2, 1))","(((2, 3), (2, 4), (3, 4), (5, 2), (5, 3)), (2, 1))",8,3,11.0,8,,,pruned,,,1023
"(((2, 3), (2, 4), (3, 4), (5, 2), (5, 3)), (2, 1))","(((2, 4), (3, 3), (3, 4), (5, 2), (5, 3)), (1, 3))",7,3.0,10.0,7,5,2,expanded,False,True,1024
"(((1, 4), (4, 2), (4, 3), (4, 4), (5, 3)), (1, 3))","(((2, 4), (4, 2), (4, 3), (4, 4), (5, 3)), (1, 3))",8,4,12.0,8,,,pruned,,,1025
"(((2, 4), (4, 2), (4, 3), (4, 4), (5, 3)), (1, 3))","(((2, 4), (3, 3), (4, 2), (4, 4), (5, 3)), (1, 3))",7,3.0,10.0,7,6,1,expanded,False,True,1026
"(((2, 3), (2, 4), (4, 2), (4, 4), (5, 3)), (2, 1))","(((2, 3), (2, 4), (4, 4), (5, 2), (5, 3)), (5, 4))",7,3.0,10.0,7,5,0,expanded,False,True,1027
"(((2, 4), (3, 4), (4, 3), (5, 2), (5, 3)), (4, 4))","(((2, 4), (4, 3), (4, 4), (5, 2), (5, 3)), (5, 4))",7,3.0,10.0,7,2,0,expanded,False,True,1028
"(((2, 4), (3, 4), (5, 3), (5, 4), (6, 2)), (5, 5))","(((2, 4), (3, 4), (5, 3), (5, 4), (6, 3)), (5, 5))",8,4,12.0,8,,,pruned,,,1029
"(((2, 4), (3, 4), (5, 3), (5, 4), (6, 3)), (5, 5))","(((2, 4), (3, 4), (5, 3), (5, 5), (6, 3)), (1, 3))",7,3.0,10.0,7,2,1,expanded,False,True,1030
"(((2, 4), (4, 2), (4, 4), (5, 3), (6, 2)), (5, 4))","(((2, 4), (4, 2), (4, 4), (5, 3), (6, 3)), (5, 4))",8,4,12.0,8,,,pruned,,,1031
"(((2, 4), (4, 2), (4, 4), (5, 3), (6, 3)), (5, 4))","(((2, 4), (4, 2), (4, 4), (5, 4), (6, 3)), (5, 5))",7,3.0,10.0,7,3,1,expanded,False,True,1032
"(((3, 4), (4, 4), (5, 2), (5, 3), (6, 2)), (5, 4))","(((3, 4), (4, 4), (5, 2), (5, 3), (6, 3)), (5, 4))",8,4,12.0,8,,,pruned,,,1033
"(((3, 4), (4, 4), (5, 2), (5, 3), (6, 3)), (5, 4))","(((3, 4), (4, 4), (5, 2), (5, 4), (6, 3)), (5, 5))",7,3.0,10.0,7,1,1,expanded,True,True,1034
"(((1, 4), (4, 3), (4, 4), (5, 3), (6, 3)), (1, 3))","(((2, 4), (4, 3), (4, 4), (5, 3), (6, 3)), (1, 3))",9,3,12.0,9,,,pruned,,,1035
"(((2, 4), (4, 3), (4, 4), (5, 3), (6, 3)), (1, 3))","(((2, 4), (3, 3), (4, 4), (5, 3), (6, 3)), (1, 3))",8,2.0,10.0,8,5,1,expanded,False,True,1036
"(((1, 3), (2, 4), (4, 4), (5, 3), (6, 3)), (2, 1))","(((2, 3), (2, 4), (4, 4), (5, 3), (6, 3)), (2, 1))",9,3,12.0,9,,,pruned,,,1037
"(((1, 4), (2, 3), (4, 4), (5, 3), (6, 3)), (2, 1))","(((2, 3), (2, 4), (4, 4), (5, 3), (6, 3)), (2, 1))",9,3,12.0,9,,,pruned,,,1038
"(((2, 3), (2, 4), (4, 4), (5, 3), (6, 3)), (2, 1))","(((2, 4), (3, 3), (4, 4), (5, 3), (6, 3)), (1, 3))",8,2.0,10.0,8,5,2,expanded,False,True,1039
"(((2, 3), (2, 4), (3, 3), (3, 4), (5, 3)), (2, 1))","(((2, 3), (2, 4), (3, 3), (4, 4), (5, 3)), (2, 1))",8,2.0,10.0,8,4,0,expanded,False,True,1040
"(((2, 3), (2, 4), (3, 3), (4, 4), (6, 2)), (2, 1))","(((2, 3), (2, 4), (3, 3), (4, 4), (6, 3)), (2, 1))",9,3,12.0,9,,,pruned,,,1041
"(((2, 3), (2, 4), (3, 3), (4, 4), (6, 3)), (2, 1))","(((2, 3), (2, 4), (3, 3), (4, 4), (5, 3)), (2, 1))",8,2.0,10.0,8,3,1,expanded,False,True,1042
"(((2, 3), (2, 4), (3, 3), (4, 3), (4, 4)), (2, 1))","(((2, 3), (2, 4), (3, 3), (4, 4), (5, 3)), (2, 1))",8,2.0,10.0,8,1,0,expanded,False,True,1043
"(((2, 3), (2, 4), (3, 4), (4, 3), (6, 2)), (2, 1))","(((2, 3), (2, 4), (3, 4), (4, 3), (6, 3)), (2, 1))",9,3,12.0,9,,,pruned,,,1044
"(((2, 3), (2, 4), (3, 4), (4, 3), (6, 3)), (2, 1))","(((2, 3), (2, 4), (3, 4), (4, 3), (6, 4)), (2, 1))",8,2.0,10.0,8,5,1,expanded,False,True,1045
"(((1, 3), (2, 4), (5, 4), (5, 5), (6, 5)), (2, 1))","(((2, 3), (2, 4), (5, 4), (5, 5), (6, 5)), (2, 1))",6,7,13.0,6,,,pruned,,,1046
"(((1, 4), (2, 3), (5, 4), (5, 5), (6, 5)), (2, 1))","(((2, 3), (2, 4), (5, 4), (5, 5), (6, 5)), (2, 1))",6,7,13.0,6,,,pruned,,,1047
"(((2, 3), (2, 4), (5, 4), (5, 5), (6, 6)), (2, 1))","(((2, 3), (2, 4), (5, 4), (5, 5), (6, 5)), (2, 1))",6,7,13.0,6,,,pruned,,,1048
"(((2, 3), (2, 4), (5, 4), (5, 5), (6, 5)), (2, 1))","(((2, 3), (2, 4), (5, 4), (5, 5), (6, 4)), (2, 1))",5,6.0,11.0,5,5,3,expanded,False,True,1049
"(((1, 3), (2, 4), (5, 2), (5, 5), (6, 5)), (2, 1))","(((2, 3), (2, 4), (5, 2), (5, 5), (6, 5)), (2, 1))",6,7,13.0,6,,,pruned,,,1050
"(((1, 4), (2, 3), (5, 2), (5, 5), (6, 5)), (2, 1))","(((2, 3), (2, 4), (5, 2), (5, 5), (6, 5)), (2, 1))",6,7,13.0,6,,,pruned,,,1051
"(((2, 3), (2, 4), (5, 2), (5, 6), (6, 5)), (2, 1))","(((2, 3), (2, 4), (5, 2), (5, 5), (6, 5)), (2, 1))",6,7,13.0,6,,,pruned,,,1052
"(((2, 3), (2, 4), (5, 2), (5, 5), (6, 6)), (2, 1))","(((2, 3), (2, 4), (5, 2), (5, 5), (6, 5)), (2, 1))",6,7,13.0,6,,,pruned,,,1053
"(((2, 3), (2, 4), (5, 5), (6, 2), (6, 5)), (2, 1))","(((2, 3), (2, 4), (5, 2), (5, 5), (6, 5)), (2, 1))",6,6,12.0,6,,,pruned,,,1054
"(((2, 3), (2, 4), (5, 1), (5, 5), (6, 5)), (2, 1))","(((2, 3), (2, 4), (5, 2), (5, 5), (6, 5)), (2, 1))",6,7,13.0,6,,,pruned,,,1055
"(((2, 3), (2, 4), (5, 2), (5, 5), (6, 5)), (2, 1))","(((2, 3), (2, 4), (5, 2), (5, 5), (6, 4)), (2, 1))",5,6.0,11.0,5,8,6,expanded,False,True,1056
"(((2, 4), (3, 4), (4, 4), (5, 6), (6, 4)), (1, 3))","(((2, 4), (3, 4), (4, 4), (5, 5), (6, 4)), (1, 3))",6,7,13.0,6,,,pruned,,,1057
"(((2, 4), (3, 4), (4, 4), (5, 5), (6, 4)), (1, 3))","(((2, 4), (3, 4), (4, 3), (5, 5), (6, 4)), (1, 3))",5,6.0,11.0,5,2,1,expanded,False,True,1058
"(((2, 4), (3, 4), (4, 2), (5, 6), (6, 4)), (1, 3))","(((2, 4), (3, 4), (4, 2), (5, 5), (6, 4)), (1, 3))",6,7,13.0,6,,,pruned,,,1059
"(((2, 4), (3, 4), (4, 1), (5, 5), (6, 4)), (1, 3))","(((2, 4), (3, 4), (4, 2), (5, 5), (6, 4)), (1, 3))",6,7,13.0,6,,,pruned,,,1060
"(((2, 4), (3, 4), (4, 2), (5, 5), (6, 4)), (1, 3))","(((2, 4), (3, 4), (4, 3), (5, 5), (6, 4)), (1, 3))",5,6.0,11.0,5,4,2,expanded,False,True,1061
"(((2, 4), (3, 4), (4, 3), (5, 6), (6, 5)), (1, 3))","(((2, 4), (3, 4), (4, 3), (5, 5), (6, 5)), (1, 3))",6,7,13.0,6,,,pruned,,,1062
"(((2, 4), (3, 4), (4, 3), (5, 5), (6, 6)), (1, 3))","(((2, 4), (3, 4), (4, 3), (5, 5), (6, 5)), (1, 3))",6,7,13.0,6,,,pruned,,,1063
"(((2, 4), (3, 4), (4, 3), (5, 5), (6, 5)), (1, 3))","(((2, 4), (3, 4), (4, 3), (5, 5), (6, 4)), (1, 3))",5,6.0,11.0,5,6,2,expanded,False,True,1064
"(((1, 3), (3, 4), (4, 4), (5, 5), (6, 5)), (1, 4))","(((2, 3), (3, 4), (4, 4), (5, 5), (6, 5)), (2, 1))",6,7,13.0,6,,,pruned,,,1065
"(((2, 3), (3, 4), (4, 4), (5, 6), (6, 5)), (2, 1))","(((2, 3), (3, 4), (4, 4), (5, 5), (6, 5)), (2, 1))",6,7,13.0,6,,,pruned,,,1066
"(((2, 3), (3, 4), (4, 4), (5, 5), (6, 6)), (2, 1))","(((2, 3), (3, 4), (4, 4), (5, 5), (6, 5)), (2, 1))",6,7,13.0,6,,,pruned,,,1067
"(((2, 3), (3, 4), (4, 4), (5, 5), (6, 5)), (2, 1))","(((2, 3), (3, 4), (4, 4), (5, 5), (6, 4)), (2, 1))",5,6.0,11.0,5,4,3,expanded,False,True,1068
"(((1, 3), (3, 4), (4, 2), (5, 5), (6, 5)), (1, 4))","(((2, 3), (3, 4), (4, 2), (5, 5), (6, 5)), (2, 1))",6,7,13.0,6,,,pruned,,,1069
"(((2, 3), (3, 4), (4, 2), (5, 6), (6, 5)), (2, 1))","(((2, 3), (3, 4), (4, 2), (5, 5), (6, 5)), (2, 1))",6,7,13.0,6,,,pruned,,,1070
"(((2, 3), (3, 4), (4, 2), (5, 5), (6, 6)), (2, 1))","(((2, 3), (3, 4), (4, 2), (5, 5), (6, 5)), (2, 1))",6,7,13.0,6,,,pruned,,,1071
"(((2, 3), (3, 4), (4, 1), (5, 5), (6, 5)), (3, 3))","(((2, 3), (3, 4), (4, 2), (5, 5), (6, 5)), (2, 1))",6,7,13.0,6,,,pruned,,,1072
"(((2, 3), (3, 4), (4, 2), (5, 5), (6, 5)), (2, 1))","(((2, 3), (3, 4), (4, 2), (5, 5), (6, 4)), (2, 1))",5,6.0,11.0,5,7,4,expanded,False,True,1073
"(((1, 4), (4, 4), (5, 4), (5, 5), (6, 4)), (1, 3))","(((2, 4), (4, 4), (5, 4), (5, 5), (6, 4)), (1, 3))",6,7,13.0,6,,,pruned,,,1074
"(((2, 4), (4, 4), (5, 4), (5, 5), (6, 4)), (1, 3))","(((2, 4), (4, 4), (5, 4), (5, 5), (6, 3)), (1, 3))",5,6.0,11.0,5,3,1,expanded,False,True,1075
"(((2, 1), (4, 4), (5, 4), (5, 5), (6, 4)), (1, 3))","(((2, 2), (4, 4), (5, 4), (5, 5), (6, 4)), (1, 3))",6,7,13.0,6,,,pruned,,,1076
"(((2, 2), (4, 4), (5, 4), (5, 5), (6, 4)), (1, 3))","(((2, 2), (4, 4), (5, 4), (5, 5), (6, 3)), (1, 3))",5,6.0,11.0,5,3,1,expanded,False,True,1077
"(((1, 3), (4, 4), (5, 4), (5, 5), (6, 5)), (1, 4))","(((2, 3), (4, 4), (5, 4), (5, 5), (6, 5)), (1, 3))",6,7,13.0,6,,,pruned,,,1078
"(((2, 3), (4, 4), (5, 4), (5, 5), (6, 6)), (1, 3))","(((2, 3), (4, 4), (5, 4), (5, 5), (6, 5)), (1, 3))",6,7,13.0,6,,,pruned,,,1079
"(((2, 3), (4, 4), (5, 4), (5, 5), (6, 5)), (1, 3))","(((2, 3), (4, 4), (5, 4), (5, 5), (6, 4)), (1, 3))",5,6.0,11.0,5,5,2,expanded,False,True,1080
"(((4, 3), (4, 4), (5, 4), (5, 5), (6, 6)), (1, 3))","(((4, 3), (4, 4), (5, 4), (5, 5), (6, 5)), (1, 3))",6,7,13.0,6,,,pruned,,,1081
"(((4, 3), (4, 4), (5, 4), (5, 5), (6, 5)), (1, 3))","(((4, 3), (4, 4), (5, 4), (5, 5), (6, 4)), (1, 3))",5,6.0,11.0,5,3,1,expanded,False,True,1082
"(((1, 4), (4, 4), (5, 3), (5, 5), (6, 5)), (1, 3))","(((2, 4), (4, 4), (5, 3), (5, 5), (6, 5)), (1, 3))",6,7,13.0,6,,,pruned,,,1083
"(((2, 4), (4, 4), (5, 3), (5, 6), (6, 5)), (1, 3))","(((2, 4), (4, 4), (5, 3), (5, 5), (6, 5)), (1, 3))",6,7,13.0,6,,,pruned,,,1084
"(((2, 4), (4, 4), (5, 3), (5, 5), (6, 6)), (1, 3))","(((2, 4), (4, 4), (5, 3), (5, 5), (6, 5)), (1, 3))",6,7,13.0,6,,,pruned,,,1085
"(((2, 4), (4, 4), (5, 3), (5, 5), (6, 5)), (1, 3))","(((2, 4), (4, 4), (5, 3), (5, 5), (6, 4)), (1, 3))",5,6.0,11.0,5,10,3,expanded,False,True,1086
"(((1, 4), (4, 2), (5, 4), (5, 5), (6, 4)), (1, 3))","(((2, 4), (4, 2), (5, 4), (5, 5), (6, 4)), (1, 3))",6,7,13.0,6,,,pruned,,,1087
"(((2, 4), (4, 1), (5, 4), (5, 5), (6, 4)), (1, 3))","(((2, 4), (4, 2), (5, 4), (5, 5), (6, 4)), (1, 3))",6,7,13.0,6,,,pruned,,,1088
"(((2, 4), (4, 2), (5, 4), (5, 5), (6, 4)), (1, 3))","(((2, 4), (4, 2), (5, 3), (5, 5), (6, 4)), (1, 3))",5,6.0,11.0,5,5,2,expanded,False,True,1089
"(((1, 4), (4, 2), (5, 2), (5, 5), (6, 4)), (1, 3))","(((2, 4), (4, 2), (5, 2), (5, 5), (6, 4)), (1, 3))",6,7,13.0,6,,,pruned,,,1090
"(((2, 4), (4, 2), (5, 2), (5, 6), (6, 4)), (1, 3))","(((2, 4), (4, 2), (5, 2), (5, 5), (6, 4)), (1, 3))",6,7,13.0,6,,,pruned,,,1091
"(((2, 4), (4, 1), (5, 2), (5, 5), (6, 4)), (1, 3))","(((2, 4), (4, 2), (5, 2), (5, 5), (6, 4)), (1, 3))",6,7,13.0,6,,,pruned,,,1092
"(((2, 4), (4, 2), (5, 1), (5, 5), (6, 4)), (1, 3))","(((2, 4), (4, 2), (5, 2), (5, 5), (6, 4)), (1, 3))",6,7,13.0,6,,,pruned,,,1093
"(((2, 4), (4, 2), (5, 2), (5, 5), (6, 4)), (1, 3))","(((2, 4), (4, 2), (5, 3), (5, 5), (6, 4)), (1, 3))",5,6.0,11.0,5,8,4,expanded,False,True,1094
"(((1, 4), (4, 2), (5, 3), (5, 5), (6, 5)), (1, 3))","(((2, 4), (4, 2), (5, 3), (5, 5), (6, 5)), (1, 3))",6,7,13.0,6,,,pruned,,,1095
"(((2, 4), (4, 2), (5, 3), (5, 6), (6, 5)), (1, 3))","(((2, 4), (4, 2), (5, 3), (5, 5), (6, 5)), (1, 3))",6,7,13.0,6,,,pruned,,,1096
"(((2, 4), (4, 2), (5, 3), (5, 5), (6, 6)), (1, 3))","(((2, 4), (4, 2), (5, 3), (5, 5), (6, 5)), (1, 3))",6,7,13.0,6,,,pruned,,,1097
"(((2, 4), (4, 1), (5, 3), (5, 5), (6, 5)), (1, 3))","(((2, 4), (4, 2), (5, 3), (5, 5), (6, 5)), (1, 3))",6,7,13.0,6,,,pruned,,,1098
"(((2, 4), (4, 2), (5, 3), (5, 5), (6, 5)), (1, 3))","(((2, 4), (4, 2), (5, 3), (5, 5), (6, 4)), (1, 3))",5,6.0,11.0,5,10,4,expanded,False,True,1099
"(((1, 4), (4, 3), (5, 4), (5, 5), (6, 5)), (1, 3))","(((2, 4), (4, 3), (5, 4), (5, 5), (6, 5)), (1, 3))",6,7,13.0,6,,,pruned,,,1100
"(((2, 4), (4, 3), (5, 4), (5, 5), (6, 6)), (1, 3))","(((2, 4), (4, 3), (5, 4), (5, 5), (6, 5)), (1, 3))",6,7,13.0,6,,,pruned,,,1101
"(((2, 4), (4, 3), (5, 4), (5, 5), (6, 5)), (1, 3))","(((2, 4), (4, 3), (5, 4), (5, 5), (6, 4)), (1, 3))",5,6.0,11.0,5,9,2,expanded,False,True,1102
"(((1, 4), (4, 4), (5, 2), (5, 5), (6, 4)), (1, 3))","(((2, 4), (4, 4), (5, 2), (5, 5), (6, 4)), (1, 3))",6,7,13.0,6,,,pruned,,,1103
"(((2, 4), (4, 4), (5, 2), (5, 6), (6, 4)), (1, 3))","(((2, 4), (4, 4), (5, 2), (5, 5), (6, 4)), (1, 3))",6,7,13.0,6,,,pruned,,,1104
"(((2, 4), (4, 4), (5, 5), (6, 2), (6, 4)), (1, 3))","(((2, 4), (4, 4), (5, 2), (5, 5), (6, 4)), (1, 3))",6,6,12.0,6,,,pruned,,,1105
"(((2, 4), (4, 4), (5, 1), (5, 5), (6, 4)), (1, 3))","(((2, 4), (4, 4), (5, 2), (5, 5), (6, 4)), (1, 3))",6,7,13.0,6,,,pruned,,,1106
"(((2, 4), (4, 4), (5, 2), (5, 5), (6, 4)), (1, 3))","(((2, 4), (4, 3), (5, 2), (5, 5), (6, 4)), (1, 3))",5,6.0,11.0,5,10,4,expanded,False,True,1107
"(((1, 4), (4, 3), (5, 2), (5, 5), (6, 5)), (1, 3))","(((2, 4), (4, 3), (5, 2), (5, 5), (6, 5)), (1, 3))",6,7,13.0,6,,,pruned,,,1108
"(((2, 4), (4, 3), (5, 2), (5, 6), (6, 5)), (1, 3))","(((2, 4), (4, 3), (5, 2), (5, 5), (6, 5)), (1, 3))",6,7,13.0,6,,,pruned,,,1109
"(((2, 4), (4, 3), (5, 2), (5, 5), (6, 6)), (1, 3))","(((2, 4), (4, 3), (5, 2), (5, 5), (6, 5)), (1, 3))",6,7,13.0,6,,,pruned,,,1110
"(((2, 4), (4, 3), (5, 5), (6, 2), (6, 5)), (1, 3))","(((2, 4), (4, 3), (5, 2), (5, 5), (6, 5)), (1, 3))",6,6,12.0,6,,,pruned,,,1111
"(((2, 4), (4, 3), (5, 1), (5, 5), (6, 5)), (1, 3))","(((2, 4), (4, 3), (5, 2), (5, 5), (6, 5)), (1, 3))",6,7,13.0,6,,,pruned,,,1112
"(((2, 4), (4, 3), (5, 2), (5, 5), (6, 5)), (1, 3))","(((2, 4), (4, 3), (5, 2), (5, 5), (6, 4)), (1, 3))",5,6.0,11.0,5,12,5,expanded,False,True,1113
"(((2, 4), (3, 3), (4, 4), (5, 6), (6, 5)), (1, 3))","(((2, 4), (3, 3), (4, 4), (5, 5), (6, 5)), (1, 3))",6,7,13.0,6,,,pruned,,,1114
"(((2, 4), (3, 3), (4, 4), (5, 5), (6, 6)), (1, 3))","(((2, 4), (3, 3), (4, 4), (5, 5), (6, 5)), (1, 3))",6,7,13.0,6,,,pruned,,,1115
"(((2, 4), (3, 3), (4, 4), (5, 5), (6, 5)), (1, 3))","(((2, 4), (3, 3), (4, 4), (5, 5), (6, 4)), (1, 3))",5,6.0,11.0,5,6,2,expanded,False,True,1116
"(((1, 4), (3, 3), (4, 2), (5, 5), (6, 5)), (1, 3))","(((2, 4), (3, 3), (4, 2), (5, 5), (6, 5)), (1, 3))",6,7,13.0,6,,,pruned,,,1117
"(((2, 4), (3, 3), (4, 2), (5, 6), (6, 5)), (1, 3))","(((2, 4), (3, 3), (4, 2), (5, 5), (6, 5)), (1, 3))",6,7,13.0,6,,,pruned,,,1118
"(((2, 4), (3, 3), (4, 2), (5, 5), (6, 6)), (1, 3))","(((2, 4), (3, 3), (4, 2), (5, 5), (6, 5)), (1, 3))",6,7,13.0,6,,,pruned,,,1119
"(((2, 4), (3, 3), (4, 1), (5, 5), (6, 5)), (3, 4))","(((2, 4), (3, 3), (4, 2), (5, 5), (6, 5)), (1, 3))",6,7,13.0,6,,,pruned,,,1120
"(((2, 4), (3, 3), (4, 2), (5, 5), (6, 5)), (1, 3))","(((2, 4), (3, 3), (4, 2), (5, 5), (6, 4)), (1, 3))",5,6.0,11.0,5,8,4,expanded,False,True,1121
"(((3, 4), (5, 3), (5, 4), (5, 5), (6, 6)), (1, 3))","(((3, 4), (5, 3), (5, 4), (5, 5), (6, 5)), (1, 3))",6,7,13.0,6,,,pruned,,,1122
"(((3, 4), (5, 3), (5, 4), (5, 5), (6, 5)), (1, 3))","(((3, 4), (5, 3), (5, 4), (5, 5), (6, 4)), (1, 3))",5,6.0,11.0,5,7,1,expanded,False,True,1123
"(((4, 3), (4, 4), (5, 2), (5, 6), (6, 5)), (5, 3))","(((4, 3), (4, 4), (5, 2), (5, 5), (6, 5)), (5, 3))",6,7,13.0,6,,,pruned,,,1124
"(((4, 3), (4, 4), (5, 2), (5, 5), (6, 6)), (5, 3))","(((4, 3), (4, 4), (5, 2), (5, 5), (6, 5)), (5, 3))",6,7,13.0,6,,,pruned,,,1125
"(((4, 3), (4, 4), (5, 1), (5, 5), (6, 5)), (1, 3))","(((4, 3), (4, 4), (5, 2), (5, 5), (6, 5)), (5, 3))",6,7,13.0,6,,,pruned,,,1126
"(((4, 3), (4, 4), (5, 2), (5, 5), (6, 5)), (5, 3))","(((4, 3), (4, 4), (5, 3), (5, 5), (6, 5)), (1, 3))",5,6.0,11.0,5,6,3,expanded,False,True,1127
"(((2, 2), (4, 4), (5, 3), (5, 6), (6, 5)), (1, 3))","(((2, 2), (4, 4), (5, 3), (5, 5), (6, 5)), (1, 3))",6,7,13.0,6,,,pruned,,,1128
"(((2, 2), (4, 4), (5, 3), (5, 5), (6, 6)), (1, 3))","(((2, 2), (4, 4), (5, 3), (5, 5), (6, 5)), (1, 3))",6,7,13.0,6,,,pruned,,,1129
"(((2, 1), (4, 4), (5, 3), (5, 5), (6, 5)), (1, 3))","(((2, 2), (4, 4), (5, 3), (5, 5), (6, 5)), (1, 3))",6,7,13.0,6,,,pruned,,,1130
"(((2, 2), (4, 4), (5, 3), (5, 5), (6, 5)), (1, 3))","(((2, 2), (4, 4), (5, 3), (5, 5), (6, 4)), (1, 3))",5,6.0,11.0,5,10,3,expanded,False,True,1131
"(((1, 3), (4, 4), (5, 2), (5, 5), (6, 5)), (1, 4))","(((2, 3), (4, 4), (5, 2), (5, 5), (6, 5)), (1, 3))",6,7,13.0,6,,,pruned,,,1132
"(((2, 3), (4, 4), (5, 2), (5, 6), (6, 5)), (1, 3))","(((2, 3), (4, 4), (5, 2), (5, 5), (6, 5)), (1, 3))",6,7,13.0,6,,,pruned,,,1133
"(((2, 3), (4, 4), (5, 2), (5, 5), (6, 6)), (1, 3))","(((2, 3), (4, 4), (5, 2), (5, 5), (6, 5)), (1, 3))",6,7,13.0,6,,,pruned,,,1134
"(((2, 3), (4, 4), (5, 5), (6, 2), (6, 5)), (1, 3))","(((2, 3), (4, 4), (5, 2), (5, 5), (6, 5)), (1, 3))",6,6,12.0,6,,,pruned,,,1135
"(((2, 3), (4, 4), (5, 1), (5, 5), (6, 5)), (1, 3))","(((2, 3), (4, 4), (5, 2), (5, 5), (6, 5)), (1, 3))",6,7,13.0,6,,,pruned,,,1136
"(((2, 3), (4, 4), (5, 2), (5, 5), (6, 5)), (1, 3))","(((2, 3), (4, 4), (5, 3), (5, 5), (6, 5)), (1, 3))",5,6.0,11.0,5,12,5,expanded,False,True,1137
"(((3, 4), (4, 3), (4, 4), (5, 6), (6, 5)), (1, 3))","(((3, 4), (4, 3), (4, 4), (5, 5), (6, 5)), (1, 3))",6,7,13.0,6,,,pruned,,,1138
"(((3, 4), (4, 3), (4, 4), (5, 5), (6, 6)), (1, 3))","(((3, 4), (4, 3), (4, 4), (5, 5), (6, 5)), (1, 3))",6,7,13.0,6,,,pruned,,,1139
"(((3, 4), (4, 3), (4, 4), (5, 5), (6, 5)), (1, 3))","(((3, 4), (4, 3), (4, 4), (5, 5), (6, 4)), (1, 3))",5,6.0,11.0,5,4,2,expanded,False,True,1140
"(((2, 4), (3, 4), (5, 6), (6, 3), (6, 5)), (1, 3))","(((2, 4), (3, 4), (5, 5), (6, 3), (6, 5)), (1, 3))",6,7,13.0,6,,,pruned,,,1141
"(((2, 4), (3, 4), (5, 5), (6, 3), (6, 6)), (1, 3))","(((2, 4), (3, 4), (5, 5), (6, 3), (6, 5)), (1, 3))",6,7,13.0,6,,,pruned,,,1142
"(((2, 4), (3, 4), (5, 5), (6, 2), (6, 5)), (1, 3))","(((2, 4), (3, 4), (5, 5), (6, 3), (6, 5)), (1, 3))",6,7,13.0,6,,,pruned,,,1143
"(((2, 4), (3, 4), (5, 5), (6, 3), (6, 5)), (1, 3))","(((2, 3), (3, 4), (5, 5), (6, 3), (6, 5)), (2, 1))",5,6.0,11.0,5,4,3,expanded,False,True,1144
"(((1, 3), (3, 4), (5, 5), (6, 4), (6, 5)), (1, 4))","(((2, 3), (3, 4), (5, 5), (6, 4), (6, 5)), (2, 1))",6,7,13.0,6,,,pruned,,,1145
"(((2, 3), (3, 4), (5, 6), (6, 4), (6, 5)), (2, 1))","(((2, 3), (3, 4), (5, 5), (6, 4), (6, 5)), (2, 1))",6,7,13.0,6,,,pruned,,,1146
"(((2, 3), (3, 4), (5, 5), (6, 4), (6, 5)), (2, 1))","(((2, 3), (3, 4), (5, 5), (6, 3), (6, 5)), (2, 1))",5,6.0,11.0,5,4,2,expanded,False,True,1147
"(((2, 4), (3, 4), (4, 2), (4, 4), (5, 6)), (1, 3))","(((2, 4), (3, 4), (4, 2), (4, 4), (5, 5)), (1, 3))",6,7,13.0,6,,,pruned,,,1148
"(((2, 4), (3, 4), (4, 1), (4, 4), (5, 5)), (1, 3))","(((2, 4), (3, 4), (4, 2), (4, 4), (5, 5)), (1, 3))",6,7,13.0,6,,,pruned,,,1149
"(((2, 4), (3, 4), (4, 2), (4, 4), (5, 5)), (1, 3))","(((2, 3), (3, 4), (4, 2), (4, 4), (5, 5)), (2, 1))",5,6.0,11.0,5,4,2,expanded,False,True,1150
"(((1, 4), (4, 2), (4, 4), (5, 4), (5, 5)), (1, 3))","(((2, 4), (4, 2), (4, 4), (5, 4), (5, 5)), (1, 3))",6,7,13.0,6,,,pruned,,,1151
"(((2, 4), (4, 1), (4, 4), (5, 4), (5, 5)), (1, 3))","(((2, 4), (4, 2), (4, 4), (5, 4), (5, 5)), (1, 3))",6,7,13.0,6,,,pruned,,,1152
"(((2, 4), (4, 2), (4, 4), (5, 4), (5, 5)), (1, 3))","(((2, 4), (4, 2), (4, 4), (5, 3), (5, 5)), (1, 3))",5,6.0,11.0,5,4,2,expanded,False,True,1153
"(((1, 4), (4, 2), (4, 4), (5, 2), (5, 5)), (1, 3))","(((2, 4), (4, 2), (4, 4), (5, 2), (5, 5)), (1, 3))",6,7,13.0,6,,,pruned,,,1154
"(((2, 4), (4, 2), (4, 4), (5, 2), (5, 6)), (1, 3))","(((2, 4), (4, 2), (4, 4), (5, 2), (5, 5)), (1, 3))",6,7,13.0,6,,,pruned,,,1155
"(((2, 4), (4, 1), (4, 4), (5, 2), (5, 5)), (1, 3))","(((2, 4), (4, 2), (4, 4), (5, 2), (5, 5)), (1, 3))",6,7,13.0,6,,,pruned,,,1156
"(((2, 4), (4, 2), (4, 4), (5, 1), (5, 5)), (1, 3))","(((2, 4), (4, 2), (4, 4), (5, 2), (5, 5)), (1, 3))",6,7,13.0,6,,,pruned,,,1157
"(((2, 4), (4, 2), (4, 4), (5, 2), (5, 5)), (1, 3))","(((2, 4), (4, 2), (4, 4), (5, 3), (5, 5)), (1, 3))",5,6.0,11.0,5,10,4,expanded,False,True,1158
"(((1, 4), (3, 3), (5, 5), (6, 4), (6, 5)), (1, 3))","(((2, 4), (3, 3), (5, 5), (6, 4), (6, 5)), (1, 3))",6,7,13.0,6,,,pruned,,,1159
"(((2, 4), (3, 3), (5, 6), (6, 4), (6, 5)), (1, 3))","(((2, 4), (3, 3), (5, 5), (6, 4), (6, 5)), (1, 3))",6,7,13.0,6,,,pruned,,,1160
"(((2, 4), (3, 3), (5, 5), (6, 4), (6, 5)), (1, 3))","(((2, 4), (3, 3), (5, 5), (6, 3), (6, 5)), (1, 3))",5,6.0,11.0,5,5,2,expanded,False,True,1161
"(((3, 3), (4, 4), (5, 6), (6, 4), (6, 5)), (1, 3))","(((3, 3), (4, 4), (5, 5), (6, 4), (6, 5)), (1, 3))",6,7,13.0,6,,,pruned,,,1162
"(((3, 3), (4, 4), (5, 5), (6, 4), (6, 5)), (1, 3))","(((3, 3), (4, 4), (5, 5), (6, 3), (6, 5)), (1, 3))",5,6.0,11.0,5,5,1,expanded,False,True,1163
"(((3, 4), (4, 2), (4, 3), (5, 6), (6, 5)), (1, 3))","(((3, 4), (4, 2), (4, 3), (5, 5), (6, 5)), (1, 3))",6,7,13.0,6,,,pruned,,,1164
"(((3, 4), (4, 2), (4, 3), (5, 5), (6, 6)), (1, 3))","(((3, 4), (4, 2), (4, 3), (5, 5), (6, 5)), (1, 3))",6,7,13.0,6,,,pruned,,,1165
"(((3, 4), (4, 2), (4, 3), (5, 5), (6, 5)), (1, 3))","(((3, 4), (4, 2), (4, 3), (5, 5), (6, 4)), (1, 3))",5,6.0,11.0,5,6,2,expanded,False,True,1166
"(((3, 3), (4, 2), (4, 4), (5, 6), (6, 5)), (1, 3))","(((3, 3), (4, 2), (4, 4), (5, 5), (6, 5)), (1, 3))",6,7,13.0,6,,,pruned,,,1167
"(((3, 3), (4, 2), (4, 4), (5, 5), (6, 6)), (1, 3))","(((3, 3), (4, 2), (4, 4), (5, 5), (6, 5)), (1, 3))",6,7,13.0,6,,,pruned,,,1168
"(((3, 3), (4, 1), (4, 4), (5, 5), (6, 5)), (4, 2))","(((3, 3), (4, 2), (4, 4), (5, 5), (6, 5)), (1, 3))",6,7,13.0,6,,,pruned,,,1169
"(((3, 3), (4, 2), (4, 4), (5, 5), (6, 5)), (1, 3))","(((3, 3), (4, 2), (4, 4), (5, 5), (6, 4)), (1, 3))",5,6.0,11.0,5,8,3,expanded,False,True,1170
"(((3, 3), (5, 2), (5, 4), (5, 5), (6, 6)), (1, 3))","(((3, 3), (5, 2), (5, 4), (5, 5), (6, 5)), (1, 3))",6,7,13.0,6,,,pruned,,,1171
"(((3, 3), (5, 4), (5, 5), (6, 2), (6, 5)), (1, 3))","(((3, 3), (5, 2), (5, 4), (5, 5), (6, 5)), (1, 3))",6,6,12.0,6,,,pruned,,,1172
"(((3, 3), (5, 1), (5, 4), (5, 5), (6, 5)), (1, 3))","(((3, 3), (5, 2), (5, 4), (5, 5), (6, 5)), (1, 3))",6,7,13.0,6,,,pruned,,,1173
"(((3, 3), (5, 2), (5, 4), (5, 5), (6, 5)), (1, 3))","(((3, 3), (5, 2), (5, 4), (5, 5), (6, 4)), (1, 3))",5,6.0,11.0,5,9,3,expanded,False,True,1174
"(((2, 2), (4, 4), (5, 2), (5, 6), (6, 4)), (1, 3))","(((2, 2), (4, 4), (5, 2), (5, 5), (6, 4)), (1, 3))",6,7,13.0,6,,,pruned,,,1175
"(((2, 1), (4, 4), (5, 2), (5, 5), (6, 4)), (1, 3))","(((2, 2), (4, 4), (5, 2), (5, 5), (6, 4)), (1, 3))",6,7,13.0,6,,,pruned,,,1176
"(((2, 2), (4, 4), (5, 5), (6, 2), (6, 4)), (1, 3))","(((2, 2), (4, 4), (5, 2), (5, 5), (6, 4)), (1, 3))",6,6,12.0,6,,,pruned,,,1177
"(((2, 2), (4, 4), (5, 1), (5, 5), (6, 4)), (1, 3))","(((2, 2), (4, 4), (5, 2), (5, 5), (6, 4)), (1, 3))",6,7,13.0,6,,,pruned,,,1178
"(((2, 2), (4, 4), (5, 2), (5, 5), (6, 4)), (1, 3))","(((2, 3), (4, 4), (5, 2), (5, 5), (6, 4)), (1, 3))",5,6.0,11.0,5,10,4,expanded,False,True,1179
"(((3, 4), (4, 4), (5, 6), (6, 3), (6, 5)), (1, 3))","(((3, 4), (4, 4), (5, 5), (6, 3), (6, 5)), (1, 3))",6,7,13.0,6,,,pruned,,,1180
"(((3, 4), (4, 4), (5, 5), (6, 3), (6, 6)), (1, 3))","(((3, 4), (4, 4), (5, 5), (6, 3), (6, 5)), (1, 3))",6,7,13.0,6,,,pruned,,,1181
"(((3, 4), (4, 4), (5, 5), (6, 2), (6, 5)), (1, 3))","(((3, 4), (4, 4), (5, 5), (6, 3), (6, 5)), (1, 3))",6,7,13.0,6,,,pruned,,,1182
"(((3, 4), (4, 4), (5, 5), (6, 3), (6, 5)), (1, 3))","(((3, 4), (4, 3), (5, 5), (6, 3), (6, 5)), (1, 3))",5,6.0,11.0,5,4,3,expanded,False,True,1183
"(((3, 4), (4, 2), (5, 6), (6, 3), (6, 5)), (1, 3))","(((3, 4), (4, 2), (5, 5), (6, 3), (6, 5)), (1, 3))",6,7,13.0,6,,,pruned,,,1184
"(((3, 4), (4, 2), (5, 5), (6, 3), (6, 6)), (1, 3))","(((3, 4), (4, 2), (5, 5), (6, 3), (6, 5)), (1, 3))",6,7,13.0,6,,,pruned,,,1185
"(((3, 4), (4, 2), (5, 5), (6, 2), (6, 5)), (1, 3))","(((3, 4), (4, 2), (5, 5), (6, 3), (6, 5)), (1, 3))",6,7,13.0,6,,,pruned,,,1186
"(((3, 4), (4, 1), (5, 5), (6, 3), (6, 5)), (1, 3))","(((3, 4), (4, 2), (5, 5), (6, 3), (6, 5)), (1, 3))",6,7,13.0,6,,,pruned,,,1187
"(((3, 4), (4, 2), (5, 5), (6, 3), (6, 5)), (1, 3))","(((3, 4), (4, 3), (5, 5), (6, 3), (6, 5)), (1, 3))",5,6.0,11.0,5,8,4,expanded,False,True,1188
"(((3, 4), (4, 3), (5, 6), (6, 4), (6, 5)), (1, 3))","(((3, 4), (4, 3), (5, 5), (6, 4), (6, 5)), (1, 3))",6,7,13.0,6,,,pruned,,,1189
"(((3, 4), (4, 3), (5, 5), (6, 4), (6, 5)), (1, 3))","(((3, 4), (4, 3), (5, 5), (6, 3), (6, 5)), (1, 3))",5,6.0,11.0,5,7,1,expanded,False,True,1190
"(((4, 2), (4, 4), (5, 3), (5, 6), (6, 5)), (1, 3))","(((4, 2), (4, 4), (5, 3), (5, 5), (6, 5)), (1, 3))",6,7,13.0,6,,,pruned,,,1191
"(((4, 2), (4, 4), (5, 3), (5, 5), (6, 6)), (1, 3))","(((4, 2), (4, 4), (5, 3), (5, 5), (6, 5)), (1, 3))",6,7,13.0,6,,,pruned,,,1192
"(((4, 1), (4, 4), (5, 3), (5, 5), (6, 5)), (1, 3))","(((4, 2), (4, 4), (5, 3), (5, 5), (6, 5)), (1, 3))",6,7,13.0,6,,,pruned,,,1193
"(((4, 2), (4, 4), (5, 3), (5, 5), (6, 5)), (1, 3))","(((3, 4), (4, 2), (5, 3), (5, 5), (6, 5)), (1, 3))",5,6.0,11.0,5,10,3,expanded,False,True,1194
"(((4, 3), (4, 4), (5, 5), (6, 2), (6, 5)), (1, 3))","(((4, 3), (4, 4), (5, 2), (5, 5), (6, 5)), (1, 3))",6,6,12.0,6,,,pruned,,,1195
"(((4, 3), (4, 4), (5, 2), (5, 5), (6, 5)), (1, 3))","(((3, 3), (4, 4), (5, 2), (5, 5), (6, 5)), (1, 3))",5,6.0,11.0,5,4,1,expanded,False,True,1196
"(((3, 4), (4, 2), (4, 4), (5, 6), (6, 4)), (1, 3))","(((3, 4), (4, 2), (4, 4), (5, 5), (6, 4)), (1, 3))",6,7,13.0,6,,,pruned,,,1197
"(((3, 4), (4, 1), (4, 4), (5, 5), (6, 4)), (1, 3))","(((3, 4), (4, 2), (4, 4), (5, 5), (6, 4)), (1, 3))",6,7,13.0,6,,,pruned,,,1198
"(((3, 4), (4, 2), (4, 4), (5, 5), (6, 4)), (1, 3))","(((3, 4), (4, 4), (5, 2), (5, 5), (6, 4)), (1, 3))",5,6.0,11.0,5,4,2,expanded,False,True,1199
"(((3, 4), (5, 2), (5, 3), (5, 6), (6, 5)), (1, 3))","(((3, 4), (5, 2), (5, 3), (5, 5), (6, 5)), (1, 3))",6,7,13.0,6,,,pruned,,,1200
"(((3, 4), (5, 2), (5, 3), (5, 5), (6, 6)), (1, 3))","(((3, 4), (5, 2), (5, 3), (5, 5), (6, 5)), (1, 3))",6,7,13.0,6,,,pruned,,,1201
"(((3, 4), (5, 3), (5, 5), (6, 2), (6, 5)), (1, 3))","(((3, 4), (5, 2), (5, 3), (5, 5), (6, 5)), (1, 3))",6,6,12.0,6,,,pruned,,,1202
"(((3, 4), (5, 2), (5, 3), (5, 5), (6, 5)), (1, 3))","(((3, 4), (4, 3), (5, 2), (5, 5), (6, 5)), (1, 3))",5,6.0,11.0,5,8,3,expanded,False,True,1203
"(((2, 4), (3, 4), (4, 4), (5, 4), (6, 4)), (1, 3))","(((2, 4), (3, 4), (4, 4), (5, 4), (6, 3)), (1, 3))",6,5.0,11.0,6,2,0,expanded,False,True,1204
"(((1, 3), (3, 4), (4, 4), (5, 4), (6, 5)), (1, 4))","(((2, 3), (3, 4), (4, 4), (5, 4), (6, 5)), (2, 1))",7,6,13.0,7,,,pruned,,,1205
"(((2, 3), (3, 4), (4, 4), (5, 4), (6, 6)), (2, 1))","(((2, 3), (3, 4), (4, 4), (5, 4), (6, 5)), (2, 1))",7,6,13.0,7,,,pruned,,,1206
"(((2, 3), (3, 4), (4, 4), (5, 4), (6, 5)), (2, 1))","(((2, 3), (3, 4), (4, 4), (5, 4), (6, 4)), (2, 1))",6,5.0,11.0,6,4,2,expanded,False,True,1207
"(((3, 4), (4, 3), (4, 4), (5, 4), (6, 6)), (1, 3))","(((3, 4), (4, 3), (4, 4), (5, 4), (6, 5)), (1, 3))",7,6,13.0,7,,,pruned,,,1208
"(((3, 4), (4, 3), (4, 4), (5, 4), (6, 5)), (1, 3))","(((3, 4), (4, 3), (4, 4), (5, 4), (6, 4)), (1, 3))",6,5.0,11.0,6,4,1,expanded,False,True,1209
"(((2, 4), (3, 3), (4, 4), (5, 4), (6, 6)), (1, 3))","(((2, 4), (3, 3), (4, 4), (5, 4), (6, 5)), (1, 3))",7,6,13.0,7,,,pruned,,,1210
"(((2, 4), (3, 3), (4, 4), (5, 4), (6, 5)), (1, 3))","(((2, 4), (3, 3), (4, 4), (5, 4), (6, 4)), (1, 3))",6,5.0,11.0,6,5,1,expanded,False,True,1211
"(((1, 4), (2, 3), (3, 3), (5, 5), (6, 5)), (2, 1))","(((2, 3), (2, 4), (3, 3), (5, 5), (6, 5)), (2, 1))",7,6,13.0,7,,,pruned,,,1212
"(((2, 3), (2, 4), (3, 3), (5, 6), (6, 5)), (2, 1))","(((2, 3), (2, 4), (3, 3), (5, 5), (6, 5)), (2, 1))",7,6,13.0,7,,,pruned,,,1213
"(((2, 3), (2, 4), (3, 3), (5, 5), (6, 6)), (2, 1))","(((2, 3), (2, 4), (3, 3), (5, 5), (6, 5)), (2, 1))",7,6,13.0,7,,,pruned,,,1214
"(((2, 3), (2, 4), (3, 3), (5, 5), (6, 5)), (2, 1))","(((2, 3), (2, 4), (3, 3), (5, 5), (6, 4)), (2, 1))",6,5.0,11.0,6,3,3,expanded,True,True,1215
"(((1, 3), (2, 4), (3, 4), (4, 4), (5, 5)), (2, 1))","(((2, 3), (2, 4), (3, 4), (4, 4), (5, 5)), (2, 1))",7,6,13.0,7,,,pruned,,,1216
"(((2, 3), (2, 4), (3, 4), (4, 4), (5, 6)), (2, 1))","(((2, 3), (2, 4), (3, 4), (4, 4), (5, 5)), (2, 1))",7,6,13.0,7,,,pruned,,,1217
"(((2, 3), (2, 4), (3, 4), (4, 4), (5, 5)), (2, 1))","(((2, 3), (2, 4), (3, 4), (4, 3), (5, 5)), (2, 1))",6,5.0,11.0,6,3,2,expanded,False,True,1218
"(((1, 3), (2, 4), (3, 4), (4, 2), (5, 5)), (2, 1))","(((2, 3), (2, 4), (3, 4), (4, 2), (5, 5)), (2, 1))",7,6,13.0,7,,,pruned,,,1219
"(((2, 3), (2, 4), (3, 4), (4, 2), (5, 6)), (2, 1))","(((2, 3), (2, 4), (3, 4), (4, 2), (5, 5)), (2, 1))",7,6,13.0,7,,,pruned,,,1220
"(((2, 3), (2, 4), (3, 4), (4, 1), (5, 5)), (3, 3))","(((2, 3), (2, 4), (3, 4), (4, 2), (5, 5)), (2, 1))",7,6,13.0,7,,,pruned,,,1221
"(((2, 3), (2, 4), (3, 4), (4, 2), (5, 5)), (2, 1))","(((2, 3), (2, 4), (3, 4), (4, 3), (5, 5)), (2, 1))",6,5.0,11.0,6,5,3,expanded,False,True,1222
"(((1, 3), (2, 4), (3, 4), (5, 5), (6, 4)), (2, 1))","(((2, 3), (2, 4), (3, 4), (5, 5), (6, 4)), (2, 1))",7,6,13.0,7,,,pruned,,,1223
"(((2, 3), (2, 4), (3, 4), (5, 6), (6, 4)), (2, 1))","(((2, 3), (2, 4), (3, 4), (5, 5), (6, 4)), (2, 1))",7,6,13.0,7,,,pruned,,,1224
"(((2, 3), (2, 4), (3, 4), (5, 5), (6, 4)), (2, 1))","(((2, 3), (2, 4), (3, 4), (5, 5), (6, 3)), (2, 1))",6,5.0,11.0,6,3,2,expanded,False,True,1225
"(((1, 4), (5, 4), (5, 5), (6, 3), (6, 4)), (1, 3))","(((2, 4), (5, 4), (5, 5), (6, 3), (6, 4)), (1, 3))",7,6,13.0,7,,,pruned,,,1226
"(((2, 4), (5, 4), (5, 5), (6, 3), (6, 4)), (1, 3))","(((2, 4), (5, 3), (5, 5), (6, 3), (6, 4)), (1, 3))",6,5.0,11.0,6,2,1,expanded,False,True,1227
"(((1, 4), (5, 2), (5, 5), (6, 3), (6, 4)), (1, 3))","(((2, 4), (5, 2), (5, 5), (6, 3), (6, 4)), (1, 3))",7,6,13.0,7,,,pruned,,,1228
"(((2, 4), (5, 2), (5, 6), (6, 3), (6, 4)), (1, 3))","(((2, 4), (5, 2), (5, 5), (6, 3), (6, 4)), (1, 3))",7,6,13.0,7,,,pruned,,,1229
"(((2, 4), (5, 5), (6, 2), (6, 3), (6, 4)), (1, 3))","(((2, 4), (5, 2), (5, 5), (6, 3), (6, 4)), (1, 3))",7,5,12.0,7,,,pruned,,,1230
"(((2, 4), (5, 1), (5, 5), (6, 3), (6, 4)), (1, 3))","(((2, 4), (5, 2), (5, 5), (6, 3), (6, 4)), (1, 3))",7,6,13.0,7,,,pruned,,,1231
"(((2, 4), (5, 2), (5, 5), (6, 3), (6, 4)), (1, 3))","(((2, 4), (5, 3), (5, 5), (6, 3), (6, 4)), (1, 3))",6,5.0,11.0,6,6,4,expanded,False,True,1232
"(((2, 4), (3, 4), (4, 2), (5, 6), (6, 3)), (1, 3))","(((2, 4), (3, 4), (4, 2), (5, 5), (6, 3)), (1, 3))",7,6,13.0,7,,,pruned,,,1233
"(((2, 4), (3, 4), (4, 2), (5, 5), (6, 2)), (1, 3))","(((2, 4), (3, 4), (4, 2), (5, 5), (6, 3)), (1, 3))",7,6,13.0,7,,,pruned,,,1234
"(((2, 4), (3, 4), (4, 1), (5, 5), (6, 3)), (1, 3))","(((2, 4), (3, 4), (4, 2), (5, 5), (6, 3)), (1, 3))",7,6,13.0,7,,,pruned,,,1235
"(((2, 4), (3, 4), (4, 2), (5, 5), (6, 3)), (1, 3))","(((2, 4), (3, 4), (4, 3), (5, 5), (6, 3)), (1, 3))",6,5.0,11.0,6,6,3,expanded,False,True,1236
"(((4, 4), (5, 4), (5, 5), (6, 3), (6, 4)), (1, 3))","(((4, 4), (5, 3), (5, 5), (6, 3), (6, 4)), (1, 3))",6,5.0,11.0,6,0,0,expanded,False,True,1237
"(((4, 1), (5, 4), (5, 5), (6, 3), (6, 4)), (1, 3))","(((4, 2), (5, 4), (5, 5), (6, 3), (6, 4)), (1, 3))",7,6,13.0,7,,,pruned,,,1238
"(((4, 2), (5, 4), (5, 5), (6, 3), (6, 4)), (1, 3))","(((4, 3), (5, 4), (5, 5), (6, 3), (6, 4)), (1, 3))",6,5.0,11.0,6,2,1,expanded,False,True,1239
"(((2, 1), (5, 4), (5, 5), (6, 3), (6, 4)), (1, 3))","(((2, 2), (5, 4), (5, 5), (6, 3), (6, 4)), (1, 3))",7,6,13.0,7,,,pruned,,,1240
"(((2, 2), (5, 4), (5, 5), (6, 3), (6, 4)), (1, 3))","(((2, 3), (5, 4), (5, 5), (6, 3), (6, 4)), (1, 3))",6,5.0,11.0,6,2,1,expanded,False,True,1241
"(((2, 3), (4, 3), (5, 4), (5, 5), (6, 6)), (2, 1))","(((2, 3), (4, 3), (5, 4), (5, 5), (6, 5)), (2, 1))",7,6,13.0,7,,,pruned,,,1242
"(((2, 3), (4, 3), (5, 4), (5, 5), (6, 5)), (2, 1))","(((2, 3), (4, 3), (5, 4), (5, 5), (6, 4)), (2, 1))",6,5.0,11.0,6,5,1,expanded,False,True,1243
"(((2, 3), (3, 3), (4, 4), (5, 6), (6, 5)), (2, 1))","(((2, 3), (3, 3), (4, 4), (5, 5), (6, 5)), (2, 1))",7,6,13.0,7,,,pruned,,,1244
"(((2, 3), (3, 3), (4, 4), (5, 5), (6, 6)), (2, 1))","(((2, 3), (3, 3), (4, 4), (5, 5), (6, 5)), (2, 1))",7,6,13.0,7,,,pruned,,,1245
"(((2, 3), (3, 3), (4, 4), (5, 5), (6, 5)), (2, 1))","(((2, 3), (3, 3), (4, 4), (5, 5), (6, 4)), (2, 1))",6,5.0,11.0,6,4,2,expanded,False,True,1246
"(((2, 4), (3, 4), (4, 1), (4, 4), (5, 4)), (1, 3))","(((2, 4), (3, 4), (4, 2), (4, 4), (5, 4)), (1, 3))",7,6,13.0,7,,,pruned,,,1247
"(((2, 4), (3, 4), (4, 2), (4, 4), (5, 4)), (1, 3))","(((2, 3), (3, 4), (4, 2), (4, 4), (5, 4)), (2, 1))",6,5.0,11.0,6,4,1,expanded,False,True,1248
"(((2, 4), (3, 4), (4, 2), (4, 3), (5, 6)), (1, 3))","(((2, 4), (3, 4), (4, 2), (4, 3), (5, 5)), (1, 3))",7,6,13.0,7,,,pruned,,,1249
"(((2, 4), (3, 4), (4, 2), (4, 3), (5, 5)), (1, 3))","(((2, 4), (3, 4), (4, 2), (5, 3), (5, 5)), (1, 3))",6,5.0,11.0,6,4,1,expanded,False,True,1250
"(((4, 4), (5, 2), (5, 6), (6, 3), (6, 4)), (1, 3))","(((4, 4), (5, 2), (5, 5), (6, 3), (6, 4)), (1, 3))",7,6,13.0,7,,,pruned,,,1251
"(((4, 4), (5, 5), (6, 2), (6, 3), (6, 4)), (1, 3))","(((4, 4), (5, 2), (5, 5), (6, 3), (6, 4)), (1, 3))",7,5,12.0,7,,,pruned,,,1252
"(((4, 4), (5, 1), (5, 5), (6, 3), (6, 4)), (1, 3))","(((4, 4), (5, 2), (5, 5), (6, 3), (6, 4)), (1, 3))",7,6,13.0,7,,,pruned,,,1253
"(((4, 4), (5, 2), (5, 5), (6, 3), (6, 4)), (1, 3))","(((3, 4), (5, 2), (5, 5), (6, 3), (6, 4)), (1, 3))",6,5.0,11.0,6,6,3,expanded,False,True,1254
"(((2, 2), (3, 4), (5, 6), (6, 3), (6, 4)), (1, 3))","(((2, 2), (3, 4), (5, 5), (6, 3), (6, 4)), (1, 3))",7,6,13.0,7,,,pruned,,,1255
"(((2, 1), (3, 4), (5, 5), (6, 3), (6, 4)), (1, 3))","(((2, 2), (3, 4), (5, 5), (6, 3), (6, 4)), (1, 3))",7,6,13.0,7,,,pruned,,,1256
"(((2, 2), (3, 4), (5, 5), (6, 3), (6, 4)), (1, 3))","(((2, 2), (4, 4), (5, 5), (6, 3), (6, 4)), (1, 3))",6,5.0,11.0,6,5,2,expanded,False,True,1257
"(((4, 2), (4, 3), (5, 4), (5, 5), (6, 4)), (1, 3))","(((4, 2), (5, 3), (5, 4), (5, 5), (6, 4)), (1, 3))",6,5.0,11.0,6,3,0,expanded,False,True,1258
"(((4, 3), (5, 3), (5, 6), (6, 4), (6, 5)), (1, 3))","(((4, 3), (5, 3), (5, 5), (6, 4), (6, 5)), (1, 3))",7,6,13.0,7,,,pruned,,,1259
"(((4, 3), (5, 3), (5, 5), (6, 4), (6, 5)), (1, 3))","(((4, 3), (5, 3), (5, 4), (5, 5), (6, 5)), (1, 3))",6,5.0,11.0,6,5,1,expanded,False,True,1260
"(((2, 2), (4, 3), (5, 4), (5, 5), (6, 4)), (2, 1))","(((2, 2), (5, 3), (5, 4), (5, 5), (6, 4)), (1, 3))",6,5.0,11.0,6,4,0,expanded,False,True,1261
"(((1, 3), (5, 4), (5, 5), (6, 3), (6, 5)), (1, 4))","(((2, 3), (5, 4), (5, 5), (6, 3), (6, 5)), (1, 3))",7,6,13.0,7,,,pruned,,,1262
"(((2, 3), (5, 4), (5, 5), (6, 3), (6, 5)), (1, 3))","(((2, 3), (5, 3), (5, 4), (5, 5), (6, 5)), (1, 3))",6,5.0,11.0,6,6,1,expanded,False,True,1263
"(((1, 3), (5, 3), (5, 5), (6, 4), (6, 5)), (1, 4))","(((2, 3), (5, 3), (5, 5), (6, 4), (6, 5)), (1, 3))",7,6,13.0,7,,,pruned,,,1264
"(((2, 3), (5, 3), (5, 6), (6, 4), (6, 5)), (1, 3))","(((2, 3), (5, 3), (5, 5), (6, 4), (6, 5)), (1, 3))",7,6,13.0,7,,,pruned,,,1265
"(((2, 3), (5, 3), (5, 5), (6, 4), (6, 5)), (1, 3))","(((2, 3), (5, 3), (5, 4), (5, 5), (6, 5)), (1, 3))",6,5.0,11.0,6,9,2,expanded,False,True,1266
"(((1, 3), (4, 2), (5, 4), (5, 5), (6, 4)), (1, 4))","(((2, 3), (4, 2), (5, 4), (5, 5), (6, 4)), (1, 3))",7,6,13.0,7,,,pruned,,,1267
"(((2, 3), (4, 1), (5, 4), (5, 5), (6, 4)), (1, 3))","(((2, 3), (4, 2), (5, 4), (5, 5), (6, 4)), (1, 3))",7,6,13.0,7,,,pruned,,,1268
"(((2, 3), (4, 2), (5, 4), (5, 5), (6, 4)), (1, 3))","(((3, 3), (4, 2), (5, 4), (5, 5), (6, 4)), (1, 3))",6,5.0,11.0,6,7,2,expanded,False,True,1269
"(((3, 3), (4, 3), (5, 6), (6, 4), (6, 5)), (1, 3))","(((3, 3), (4, 3), (5, 5), (6, 4), (6, 5)), (1, 3))",7,6,13.0,7,,,pruned,,,1270
"(((3, 3), (4, 3), (5, 5), (6, 4), (6, 5)), (1, 3))","(((3, 3), (4, 3), (5, 4), (5, 5), (6, 5)), (1, 3))",6,5.0,11.0,6,3,1,expanded,False,True,1271
"(((1, 3), (2, 4), (4, 2), (5, 4), (5, 5)), (2, 1))","(((2, 3), (2, 4), (4, 2), (5, 4), (5, 5)), (2, 1))",7,6,13.0,7,,,pruned,,,1272
"(((1, 4), (2, 3), (4, 2), (5, 4), (5, 5)), (2, 1))","(((2, 3), (2, 4), (4, 2), (5, 4), (5, 5)), (2, 1))",7,6,13.0,7,,,pruned,,,1273
"(((2, 3), (2, 4), (4, 1), (5, 4), (5, 5)), (3, 3))","(((2, 3), (2, 4), (4, 2), (5, 4), (5, 5)), (2, 1))",7,6,13.0,7,,,pruned,,,1274
"(((2, 3), (2, 4), (4, 2), (5, 4), (5, 5)), (2, 1))","(((2, 3), (2, 4), (5, 2), (5, 4), (5, 5)), (2, 1))",6,5.0,11.0,6,6,3,expanded,False,True,1275
"(((4, 1), (4, 4), (5, 3), (5, 5), (6, 4)), (1, 3))","(((4, 2), (4, 4), (5, 3), (5, 5), (6, 4)), (1, 3))",7,6,13.0,7,,,pruned,,,1276
"(((4, 2), (4, 4), (5, 3), (5, 5), (6, 4)), (1, 3))","(((3, 4), (4, 2), (5, 3), (5, 5), (6, 4)), (1, 3))",6,5.0,11.0,6,7,1,expanded,False,True,1277
"(((4, 1), (4, 4), (5, 4), (5, 5), (6, 3)), (1, 3))","(((4, 2), (4, 4), (5, 4), (5, 5), (6, 3)), (1, 3))",7,6,13.0,7,,,pruned,,,1278
"(((4, 2), (4, 4), (5, 4), (5, 5), (6, 3)), (1, 3))","(((3, 4), (4, 2), (5, 4), (5, 5), (6, 3)), (1, 3))",6,5.0,11.0,6,3,1,expanded,False,True,1279
"(((2, 4), (3, 4), (5, 2), (5, 3), (5, 6)), (1, 3))","(((2, 4), (3, 4), (5, 2), (5, 3), (5, 5)), (1, 3))",7,6,13.0,7,,,pruned,,,1280
"(((2, 4), (3, 4), (5, 3), (5, 5), (6, 2)), (1, 3))","(((2, 4), (3, 4), (5, 2), (5, 3), (5, 5)), (1, 3))",7,5,12.0,7,,,pruned,,,1281
"(((2, 4), (3, 4), (5, 2), (5, 3), (5, 5)), (1, 3))","(((2, 4), (3, 4), (4, 3), (5, 2), (5, 5)), (1, 3))",6,5.0,11.0,6,6,2,expanded,False,True,1282
"(((4, 3), (5, 4), (5, 5), (6, 3), (6, 5)), (1, 3))","(((3, 3), (5, 4), (5, 5), (6, 3), (6, 5)), (1, 3))",6,5.0,11.0,6,6,0,expanded,False,True,1283
"(((3, 3), (5, 6), (6, 3), (6, 4), (6, 5)), (1, 3))","(((3, 3), (5, 5), (6, 3), (6, 4), (6, 5)), (1, 3))",7,6,13.0,7,,,pruned,,,1284
"(((3, 3), (5, 5), (6, 3), (6, 4), (6, 5)), (1, 3))","(((3, 3), (5, 4), (5, 5), (6, 3), (6, 5)), (1, 3))",6,5.0,11.0,6,3,1,expanded,False,True,1285
"(((2, 2), (3, 4), (4, 3), (5, 6), (6, 4)), (2, 1))","(((2, 2), (3, 4), (4, 3), (5, 5), (6, 4)), (2, 1))",7,6,13.0,7,,,pruned,,,1286
"(((2, 2), (3, 4), (4, 3), (5, 5), (6, 4)), (2, 1))","(((2, 2), (4, 3), (4, 4), (5, 5), (6, 4)), (2, 1))",6,5.0,11.0,6,7,1,expanded,False,True,1287
"(((2, 2), (3, 3), (4, 4), (5, 6), (6, 4)), (2, 1))","(((2, 2), (3, 3), (4, 4), (5, 5), (6, 4)), (2, 1))",7,6,13.0,7,,,pruned,,,1288
"(((2, 2), (3, 3), (4, 4), (5, 5), (6, 4)), (2, 1))","(((2, 2), (4, 3), (4, 4), (5, 5), (6, 4)), (2, 1))",6,5.0,11.0,6,5,1,expanded,False,True,1289
"(((3, 4), (4, 2), (4, 4), (5, 6), (6, 3)), (1, 3))","(((3, 4), (4, 2), (4, 4), (5, 5), (6, 3)), (1, 3))",7,6,13.0,7,,,pruned,,,1290
"(((3, 4), (4, 2), (4, 4), (5, 5), (6, 2)), (1, 3))","(((3, 4), (4, 2), (4, 4), (5, 5), (6, 3)), (1, 3))",7,6,13.0,7,,,pruned,,,1291
"(((3, 4), (4, 1), (4, 4), (5, 5), (6, 3)), (1, 3))","(((3, 4), (4, 2), (4, 4), (5, 5), (6, 3)), (1, 3))",7,6,13.0,7,,,pruned,,,1292
"(((3, 4), (4, 2), (4, 4), (5, 5), (6, 3)), (1, 3))","(((3, 4), (4, 2), (4, 4), (5, 3), (5, 5)), (1, 3))",6,5.0,11.0,6,6,3,expanded,False,True,1293
"(((1, 3), (2, 2), (4, 4), (5, 4), (5, 5)), (1, 4))","(((2, 2), (2, 3), (4, 4), (5, 4), (5, 5)), (1, 3))",7,6,13.0,7,,,pruned,,,1294
"(((2, 2), (2, 3), (4, 4), (5, 4), (5, 5)), (1, 3))","(((2, 2), (3, 3), (4, 4), (5, 4), (5, 5)), (2, 1))",6,5.0,11.0,6,2,1,expanded,False,True,1295
"(((4, 2), (4, 3), (4, 4), (5, 4), (5, 5)), (1, 3))","(((4, 2), (4, 4), (5, 3), (5, 4), (5, 5)), (1, 3))",6,5.0,11.0,6,2,0,expanded,False,True,1296
"(((3, 3), (3, 4), (4, 1), (5, 4), (5, 5)), (4, 2))","(((3, 3), (3, 4), (4, 2), (5, 4), (5, 5)), (1, 3))",7,6,13.0,7,,,pruned,,,1297
"(((3, 3), (3, 4), (4, 2), (5, 4), (5, 5)), (1, 3))","(((3, 4), (4, 2), (4, 3), (5, 4), (5, 5)), (1, 3))",6,5.0,11.0,6,8,1,expanded,False,True,1298
"(((1, 4), (5, 3), (5, 5), (6, 3), (6, 5)), (1, 3))","(((2, 4), (5, 3), (5, 5), (6, 3), (6, 5)), (1, 3))",7,6,13.0,7,,,pruned,,,1299
"(((2, 4), (5, 3), (5, 6), (6, 3), (6, 5)), (1, 3))","(((2, 4), (5, 3), (5, 5), (6, 3), (6, 5)), (1, 3))",7,6,13.0,7,,,pruned,,,1300
"(((2, 4), (5, 3), (5, 5), (6, 3), (6, 6)), (1, 3))","(((2, 4), (5, 3), (5, 5), (6, 3), (6, 5)), (1, 3))",7,6,13.0,7,,,pruned,,,1301
"(((2, 4), (5, 3), (5, 5), (6, 2), (6, 5)), (1, 3))","(((2, 4), (5, 3), (5, 5), (6, 3), (6, 5)), (1, 3))",7,6,13.0,7,,,pruned,,,1302
"(((2, 4), (5, 3), (5, 5), (6, 3), (6, 5)), (1, 3))","(((2, 4), (4, 3), (5, 5), (6, 3), (6, 5)), (1, 3))",6,5.0,11.0,6,8,4,expanded,False,True,1303
"(((3, 4), (4, 3), (5, 4), (5, 5), (6, 2)), (1, 3))","(((3, 4), (4, 3), (5, 2), (5, 4), (5, 5)), (1, 3))",7,5,12.0,7,,,pruned,,,1304
"(((3, 4), (4, 3), (5, 2), (5, 4), (5, 5)), (1, 3))","(((2, 4), (4, 3), (5, 2), (5, 4), (5, 5)), (1, 3))",6,5.0,11.0,6,5,1,expanded,False,True,1305
"(((1, 4), (5, 2), (5, 3), (5, 4), (5, 5)), (1, 3))","(((2, 4), (5, 2), (5, 3), (5, 4), (5, 5)), (1, 3))",7,6,13.0,7,,,pruned,,,1306
"(((2, 4), (5, 3), (5, 4), (5, 5), (6, 2)), (1, 3))","(((2, 4), (5, 2), (5, 3), (5, 4), (5, 5)), (1, 3))",7,5,12.0,7,,,pruned,,,1307
"(((2, 4), (5, 2), (5, 3), (5, 4), (5, 5)), (1, 3))","(((2, 4), (4, 3), (5, 2), (5, 4), (5, 5)), (1, 3))",6,5.0,11.0,6,5,2,expanded,False,True,1308
"(((1, 4), (4, 4), (5, 2), (5, 5), (6, 3)), (1, 3))","(((2, 4), (4, 4), (5, 2), (5, 5), (6, 3)), (1, 3))",7,6,13.0,7,,,pruned,,,1309
"(((2, 4), (4, 4), (5, 2), (5, 6), (6, 3)), (1, 3))","(((2, 4), (4, 4), (5, 2), (5, 5), (6, 3)), (1, 3))",7,6,13.0,7,,,pruned,,,1310
"(((2, 4), (4, 4), (5, 2), (5, 5), (6, 2)), (1, 3))","(((2, 4), (4, 4), (5, 2), (5, 5), (6, 3)), (1, 3))",7,6,13.0,7,,,pruned,,,1311
"(((2, 4), (4, 4), (5, 5), (6, 2), (6, 3)), (1, 3))","(((2, 4), (4, 4), (5, 2), (5, 5), (6, 3)), (1, 3))",7,5,12.0,7,,,pruned,,,1312
"(((2, 4), (4, 4), (5, 1), (5, 5), (6, 3)), (1, 3))","(((2, 4), (4, 4), (5, 2), (5, 5), (6, 3)), (1, 3))",7,6,13.0,7,,,pruned,,,1313
"(((2, 4), (4, 4), (5, 2), (5, 5), (6, 3)), (1, 3))","(((2, 4), (4, 4), (5, 2), (5, 3), (5, 5)), (1, 3))",6,5.0,11.0,6,10,5,expanded,False,True,1314
"(((4, 4), (5, 3), (5, 5), (6, 3), (6, 5)), (1, 3))","(((4, 3), (4, 4), (5, 5), (6, 3), (6, 5)), (1, 3))",6,5.0,11.0,6,3,0,expanded,False,True,1315
"(((5, 3), (5, 4), (5, 5), (6, 2), (6, 4)), (1, 3))","(((5, 2), (5, 3), (5, 4), (5, 5), (6, 4)), (1, 3))",7,5,12.0,7,,,pruned,,,1316
"(((5, 2), (5, 3), (5, 4), (5, 5), (6, 4)), (1, 3))","(((4, 3), (5, 2), (5, 4), (5, 5), (6, 4)), (1, 3))",6,5.0,11.0,6,2,1,expanded,False,True,1317
"(((1, 4), (4, 2), (4, 4), (5, 2), (5, 4)), (1, 3))","(((2, 4), (4, 2), (4, 4), (5, 2), (5, 4)), (1, 3))",7,6,13.0,7,,,pruned,,,1318
"(((2, 4), (4, 1), (4, 4), (5, 2), (5, 4)), (1, 3))","(((2, 4), (4, 2), (4, 4), (5, 2), (5, 4)), (1, 3))",7,6,13.0,7,,,pruned,,,1319
"(((2, 4), (4, 2), (4, 4), (5, 1), (5, 4)), (1, 3))","(((2, 4), (4, 2), (4, 4), (5, 2), (5, 4)), (1, 3))",7,6,13.0,7,,,pruned,,,1320
"(((2, 4), (4, 2), (4, 4), (5, 2), (5, 4)), (1, 3))","(((2, 4), (4, 2), (4, 4), (5, 2), (5, 5)), (1, 3))",6,5.0,11.0,6,8,3,expanded,False,True,1321
"(((2, 4), (3, 4), (4, 3), (4, 4), (5, 1)), (1, 3))","(((2, 4), (3, 4), (4, 3), (4, 4), (5, 2)), (5, 3))",8,5,13.0,8,,,pruned,,,1322
"(((2, 4), (3, 4), (4, 3), (4, 4), (5, 2)), (5, 3))","(((2, 4), (3, 4), (4, 3), (4, 4), (5, 3)), (1, 3))",7,4.0,11.0,7,3,1,expanded,False,True,1323
"(((2, 4), (3, 4), (4, 4), (5, 2), (6, 2)), (1, 3))","(((2, 4), (3, 4), (4, 4), (5, 2), (6, 3)), (1, 3))",8,5,13.0,8,,,pruned,,,1324
"(((2, 4), (3, 4), (4, 4), (6, 2), (6, 3)), (1, 3))","(((2, 4), (3, 4), (4, 4), (5, 2), (6, 3)), (1, 3))",8,4,12.0,8,,,pruned,,,1325
"(((2, 4), (3, 4), (4, 4), (5, 1), (6, 3)), (1, 3))","(((2, 4), (3, 4), (4, 4), (5, 2), (6, 3)), (1, 3))",8,5,13.0,8,,,pruned,,,1326
"(((2, 4), (3, 4), (4, 4), (5, 2), (6, 3)), (1, 3))","(((2, 3), (3, 4), (4, 4), (5, 2), (6, 3)), (2, 1))",7,4.0,11.0,7,4,3,expanded,False,True,1327
"(((1, 4), (4, 4), (5, 3), (5, 4), (6, 4)), (1, 3))","(((2, 4), (4, 4), (5, 3), (5, 4), (6, 4)), (1, 3))",8,5,13.0,8,,,pruned,,,1328
"(((2, 4), (4, 4), (5, 3), (5, 4), (6, 4)), (1, 3))","(((2, 4), (4, 4), (5, 3), (5, 4), (6, 3)), (1, 3))",7,4.0,11.0,7,5,1,expanded,False,True,1329
"(((1, 3), (2, 4), (3, 4), (5, 4), (6, 4)), (2, 1))","(((2, 3), (2, 4), (3, 4), (5, 4), (6, 4)), (2, 1))",8,5,13.0,8,,,pruned,,,1330
"(((2, 3), (2, 4), (3, 4), (5, 4), (6, 4)), (2, 1))","(((2, 3), (2, 4), (3, 4), (5, 4), (6, 3)), (2, 1))",7,4.0,11.0,7,3,1,expanded,False,True,1331
"(((1, 3), (2, 4), (3, 4), (4, 4), (5, 4)), (2, 1))","(((2, 3), (2, 4), (3, 4), (4, 4), (5, 4)), (2, 1))",8,5,13.0,8,,,pruned,,,1332
"(((2, 3), (2, 4), (3, 4), (4, 4), (5, 4)), (2, 1))","(((2, 3), (2, 4), (3, 4), (4, 3), (5, 4)), (2, 1))",7,4.0,11.0,7,3,1,expanded,False,True,1333
"(((1, 3), (2, 4), (3, 4), (5, 2), (6, 4)), (2, 1))","(((2, 3), (2, 4), (3, 4), (5, 2), (6, 4)), (2, 1))",8,5,13.0,8,,,pruned,,,1334
"(((2, 3), (2, 4), (3, 4), (6, 2), (6, 4)), (2, 1))","(((2, 3), (2, 4), (3, 4), (5, 2), (6, 4)), (2, 1))",8,4,12.0,8,,,pruned,,,1335
"(((2, 3), (2, 4), (3, 4), (5, 1), (6, 4)), (2, 1))","(((2, 3), (2, 4), (3, 4), (5, 2), (6, 4)), (2, 1))",8,5,13.0,8,,,pruned,,,1336
"(((2, 3), (2, 4), (3, 4), (5, 2), (6, 4)), (2, 1))","(((2, 3), (2, 4), (3, 4), (5, 3), (6, 4)), (2, 1))",7,4.0,11.0,7,7,3,expanded,False,True,1337
"(((1, 3), (2, 4), (3, 4), (5, 3), (6, 5)), (2, 1))","(((2, 3), (2, 4), (3, 4), (5, 3), (6, 5)), (2, 1))",8,5,13.0,8,,,pruned,,,1338
"(((2, 3), (2, 4), (3, 4), (5, 3), (6, 6)), (2, 1))","(((2, 3), (2, 4), (3, 4), (5, 3), (6, 5)), (2, 1))",8,5,13.0,8,,,pruned,,,1339
"(((2, 3), (2, 4), (3, 4), (5, 3), (6, 5)), (2, 1))","(((2, 3), (2, 4), (3, 4), (5, 3), (6, 4)), (2, 1))",7,4.0,11.0,7,7,2,expanded,False,True,1340
"(((1, 3), (2, 4), (3, 4), (4, 4), (5, 2)), (2, 1))","(((2, 3), (2, 4), (3, 4), (4, 4), (5, 2)), (2, 1))",8,5,13.0,8,,,pruned,,,1341
"(((2, 3), (2, 4), (3, 4), (4, 4), (6, 2)), (2, 1))","(((2, 3), (2, 4), (3, 4), (4, 4), (5, 2)), (2, 1))",8,4,12.0,8,,,pruned,,,1342
"(((2, 3), (2, 4), (3, 4), (4, 4), (5, 1)), (2, 1))","(((2, 3), (2, 4), (3, 4), (4, 4), (5, 2)), (2, 1))",8,5,13.0,8,,,pruned,,,1343
"(((2, 3), (2, 4), (3, 4), (4, 4), (5, 2)), (2, 1))","(((2, 3), (2, 4), (3, 4), (4, 4), (5, 3)), (2, 1))",7,4.0,11.0,7,5,3,expanded,False,True,1344
"(((2, 4), (3, 4), (4, 3), (5, 4), (6, 4)), (1, 3))","(((2, 4), (3, 4), (4, 3), (5, 4), (6, 3)), (1, 3))",7,4.0,11.0,7,5,0,expanded,False,True,1345
"(((2, 4), (3, 4), (4, 4), (5, 3), (6, 4)), (1, 3))","(((2, 4), (3, 4), (4, 3), (5, 3), (6, 4)), (1, 3))",7,4.0,11.0,7,4,0,expanded,False,True,1346
"(((2, 4), (3, 4), (4, 3), (5, 3), (6, 6)), (1, 3))","(((2, 4), (3, 4), (4, 3), (5, 3), (6, 5)), (1, 3))",8,5,13.0,8,,,pruned,,,1347
"(((2, 4), (3, 4), (4, 3), (5, 3), (6, 5)), (1, 3))","(((2, 4), (3, 4), (4, 3), (5, 3), (6, 4)), (1, 3))",7,4.0,11.0,7,6,1,expanded,False,True,1348
"(((2, 4), (3, 3), (3, 4), (4, 4), (6, 4)), (1, 3))","(((2, 4), (3, 3), (3, 4), (4, 3), (6, 4)), (1, 3))",7,4.0,11.0,7,4,0,expanded,False,True,1349
"(((2, 4), (3, 3), (3, 4), (4, 1), (6, 4)), (4, 2))","(((2, 4), (3, 3), (3, 4), (4, 2), (6, 4)), (1, 3))",8,5,13.0,8,,,pruned,,,1350
"(((2, 4), (3, 3), (3, 4), (4, 2), (6, 4)), (1, 3))","(((2, 4), (3, 3), (3, 4), (4, 3), (6, 4)), (1, 3))",7,4.0,11.0,7,6,1,expanded,False,True,1351
"(((2, 4), (3, 3), (3, 4), (4, 3), (6, 6)), (1, 3))","(((2, 4), (3, 3), (3, 4), (4, 3), (6, 5)), (1, 3))",8,5,13.0,8,,,pruned,,,1352
"(((2, 4), (3, 3), (3, 4), (4, 3), (6, 5)), (1, 3))","(((2, 4), (3, 3), (3, 4), (4, 3), (6, 4)), (1, 3))",7,4.0,11.0,7,4,1,expanded,False,True,1353
"(((3, 4), (4, 2), (4, 3), (4, 4), (5, 1)), (5, 2))","(((3, 4), (4, 2), (4, 3), (4, 4), (5, 2)), (5, 3))",8,5,13.0,8,,,pruned,,,1354
"(((3, 4), (4, 2), (4, 3), (4, 4), (5, 2)), (5, 3))","(((3, 4), (4, 2), (4, 3), (4, 4), (5, 3)), (1, 3))",7,4.0,11.0,7,2,1,expanded,False,True,1355
"(((2, 4), (3, 4), (4, 1), (4, 4), (5, 3)), (1, 3))","(((2, 4), (3, 4), (4, 2), (4, 4), (5, 3)), (1, 3))",8,5,13.0,8,,,pruned,,,1356
"(((2, 4), (3, 4), (4, 2), (4, 4), (5, 3)), (1, 3))","(((2, 3), (3, 4), (4, 2), (4, 4), (5, 3)), (2, 1))",7,4.0,11.0,7,6,1,expanded,False,True,1357
"(((1, 3), (3, 4), (4, 2), (4, 4), (5, 2)), (1, 4))","(((2, 3), (3, 4), (4, 2), (4, 4), (5, 2)), (3, 3))",8,5,13.0,8,,,pruned,,,1358
"(((2, 3), (3, 4), (4, 1), (4, 4), (5, 2)), (3, 3))","(((2, 3), (3, 4), (4, 2), (4, 4), (5, 2)), (3, 3))",8,5,13.0,8,,,pruned,,,1359
"(((2, 3), (3, 4), (4, 2), (4, 4), (5, 1)), (3, 3))","(((2, 3), (3, 4), (4, 2), (4, 4), (5, 2)), (3, 3))",8,5,13.0,8,,,pruned,,,1360
"(((2, 3), (3, 4), (4, 2), (4, 4), (5, 2)), (3, 3))","(((2, 3), (3, 4), (4, 2), (4, 4), (5, 3)), (2, 1))",7,4.0,11.0,7,3,3,expanded,True,True,1361
"(((2, 4), (3, 3), (4, 1), (4, 4), (5, 2)), (4, 2))","(((2, 4), (3, 3), (4, 2), (4, 4), (5, 2)), (4, 3))",8,5,13.0,8,,,pruned,,,1362
"(((2, 4), (3, 3), (4, 2), (4, 4), (5, 1)), (4, 3))","(((2, 4), (3, 3), (4, 2), (4, 4), (5, 2)), (4, 3))",8,5,13.0,8,,,pruned,,,1363
"(((2, 4), (3, 3), (4, 2), (4, 4), (5, 2)), (4, 3))","(((2, 4), (3, 3), (4, 2), (4, 4), (5, 3)), (1, 3))",7,4.0,11.0,7,4,2,expanded,False,True,1364
"(((3, 4), (4, 4), (5, 4), (6, 3), (6, 4)), (1, 3))","(((3, 4), (4, 4), (5, 3), (5, 4), (6, 4)), (1, 3))",7,4.0,11.0,7,1,0,expanded,False,True,1365
"(((2, 4), (3, 4), (4, 3), (6, 2), (6, 4)), (1, 3))","(((2, 4), (3, 4), (4, 3), (5, 2), (6, 4)), (1, 3))",8,4,12.0,8,,,pruned,,,1366
"(((2, 4), (3, 4), (4, 3), (5, 2), (6, 4)), (1, 3))","(((2, 4), (3, 3), (3, 4), (5, 2), (6, 4)), (1, 3))",7,4.0,11.0,7,4,1,expanded,False,True,1367
"(((2, 4), (3, 3), (3, 4), (6, 3), (6, 6)), (1, 3))","(((2, 4), (3, 3), (3, 4), (6, 3), (6, 5)), (1, 3))",8,5,13.0,8,,,pruned,,,1368
"(((2, 4), (3, 3), (3, 4), (6, 2), (6, 5)), (1, 3))","(((2, 4), (3, 3), (3, 4), (6, 3), (6, 5)), (1, 3))",8,5,13.0,8,,,pruned,,,1369
"(((2, 4), (3, 3), (3, 4), (6, 3), (6, 5)), (1, 3))","(((2, 4), (3, 3), (3, 4), (5, 3), (6, 5)), (1, 3))",7,4.0,11.0,7,6,2,expanded,False,True,1370
"(((2, 4), (3, 4), (4, 3), (4, 4), (6, 2)), (1, 3))","(((2, 4), (3, 4), (4, 3), (4, 4), (5, 2)), (1, 3))",8,4,12.0,8,,,pruned,,,1371
"(((2, 4), (3, 4), (4, 3), (4, 4), (5, 2)), (1, 3))","(((2, 4), (3, 3), (3, 4), (4, 4), (5, 2)), (1, 3))",7,4.0,11.0,7,3,1,expanded,False,True,1372
"(((2, 4), (3, 3), (3, 4), (4, 1), (4, 4)), (4, 2))","(((2, 4), (3, 3), (3, 4), (4, 2), (4, 4)), (1, 3))",8,5,13.0,8,,,pruned,,,1373
"(((2, 4), (3, 3), (3, 4), (4, 2), (4, 4)), (1, 3))","(((2, 4), (3, 3), (3, 4), (4, 4), (5, 2)), (1, 3))",7,4.0,11.0,7,4,1,expanded,False,True,1374
"(((3, 4), (4, 1), (4, 4), (5, 4), (6, 3)), (1, 3))","(((3, 4), (4, 2), (4, 4), (5, 4), (6, 3)), (1, 3))",8,5,13.0,8,,,pruned,,,1375
"(((3, 4), (4, 2), (4, 4), (5, 4), (6, 3)), (1, 3))","(((3, 4), (4, 2), (4, 4), (5, 3), (5, 4)), (1, 3))",7,4.0,11.0,7,4,1,expanded,False,True,1376
"(((1, 4), (4, 4), (5, 2), (5, 4), (6, 3)), (1, 3))","(((2, 4), (4, 4), (5, 2), (5, 4), (6, 3)), (1, 3))",8,5,13.0,8,,,pruned,,,1377
"(((2, 4), (4, 4), (5, 4), (6, 2), (6, 3)), (1, 3))","(((2, 4), (4, 4), (5, 2), (5, 4), (6, 3)), (1, 3))",8,4,12.0,8,,,pruned,,,1378
"(((2, 4), (4, 4), (5, 1), (5, 4), (6, 3)), (1, 3))","(((2, 4), (4, 4), (5, 2), (5, 4), (6, 3)), (1, 3))",8,5,13.0,8,,,pruned,,,1379
"(((2, 4), (4, 4), (5, 2), (5, 4), (6, 3)), (1, 3))","(((2, 4), (4, 4), (5, 2), (5, 3), (5, 4)), (1, 3))",7,4.0,11.0,7,6,3,expanded,False,True,1380
"(((2, 4), (3, 4), (5, 3), (5, 4), (6, 2)), (1, 3))","(((2, 4), (3, 4), (5, 2), (5, 3), (5, 4)), (1, 3))",8,4,12.0,8,,,pruned,,,1381
"(((2, 4), (3, 4), (5, 2), (5, 3), (5, 4)), (1, 3))","(((2, 4), (3, 4), (4, 3), (5, 2), (5, 4)), (1, 3))",7,4.0,11.0,7,3,1,expanded,False,True,1382
"(((1, 3), (2, 4), (3, 4), (4, 2), (5, 4)), (2, 1))","(((2, 3), (2, 4), (3, 4), (4, 2), (5, 4)), (2, 1))",8,5,13.0,8,,,pruned,,,1383
"(((2, 3), (2, 4), (3, 4), (4, 1), (5, 4)), (3, 3))","(((2, 3), (2, 4), (3, 4), (4, 2), (5, 4)), (2, 1))",8,5,13.0,8,,,pruned,,,1384
"(((2, 3), (2, 4), (3, 4), (4, 2), (5, 4)), (2, 1))","(((2, 3), (2, 4), (3, 4), (5, 2), (5, 4)), (2, 1))",7,4.0,11.0,7,7,2,expanded,False,True,1385
"(((2, 4), (3, 4), (4, 2), (4, 3), (5, 4)), (1, 3))","(((2, 4), (3, 3), (3, 4), (4, 2), (5, 4)), (1, 3))",7,4.0,11.0,7,5,0,expanded,False,True,1386
"(((2, 4), (3, 4), (4, 1), (5, 4), (6, 3)), (1, 3))","(((2, 4), (3, 4), (4, 2), (5, 4), (6, 3)), (1, 3))",8,5,13.0,8,,,pruned,,,1387
"(((2, 4), (3, 4), (4, 2), (5, 4), (6, 3)), (1, 3))","(((2, 4), (3, 4), (4, 2), (5, 3), (5, 4)), (1, 3))",7,4.0,11.0,7,5,1,expanded,False,True,1388
"(((2, 4), (3, 4), (4, 1), (5, 3), (6, 4)), (1, 3))","(((2, 4), (3, 4), (4, 2), (5, 3), (6, 4)), (1, 3))",8,5,13.0,8,,,pruned,,,1389
"(((2, 4), (3, 4), (4, 2), (5, 3), (6, 4)), (1, 3))","(((2, 4), (3, 4), (4, 2), (5, 3), (5, 4)), (1, 3))",7,4.0,11.0,7,8,1,expanded,False,True,1390
"(((2, 4), (3, 4), (4, 2), (5, 4), (6, 2)), (1, 3))","(((2, 4), (3, 4), (4, 2), (5, 4), (6, 3)), (5, 5))",8,5,13.0,8,,,pruned,,,1391
"(((2, 4), (3, 4), (4, 2), (5, 4), (6, 3)), (5, 5))","(((2, 4), (3, 4), (4, 2), (5, 5), (6, 3)), (1, 3))",7,4.0,11.0,7,3,1,expanded,False,True,1392
"(((2, 4), (3, 4), (5, 2), (5, 3), (5, 4)), (5, 5))","(((2, 4), (3, 4), (5, 2), (5, 3), (5, 5)), (1, 3))",7,4.0,11.0,7,3,0,expanded,False,True,1393
"(((3, 4), (4, 2), (4, 4), (5, 4), (6, 2)), (1, 3))","(((3, 4), (4, 2), (4, 4), (5, 4), (6, 3)), (5, 5))",8,5,13.0,8,,,pruned,,,1394
"(((3, 4), (4, 2), (4, 4), (5, 4), (6, 3)), (5, 5))","(((3, 4), (4, 2), (4, 4), (5, 5), (6, 3)), (1, 3))",7,4.0,11.0,7,2,1,expanded,False,True,1395
"(((2, 4), (4, 4), (5, 2), (5, 4), (6, 2)), (1, 3))","(((2, 4), (4, 4), (5, 2), (5, 4), (6, 3)), (5, 5))",8,5,13.0,8,,,pruned,,,1396
"(((2, 4), (4, 4), (5, 2), (5, 4), (6, 3)), (5, 5))","(((2, 4), (4, 4), (5, 2), (5, 5), (6, 3)), (1, 3))",7,4.0,11.0,7,2,1,expanded,False,True,1397
"(((2, 4), (4, 2), (4, 4), (5, 2), (5, 3)), (5, 4))","(((2, 4), (4, 2), (4, 4), (5, 2), (5, 4)), (1, 3))",7,4.0,11.0,7,2,0,expanded,False,True,1398
"(((2, 4), (3, 4), (4, 4), (5, 3), (6, 3)), (1, 3))","(((2, 4), (3, 4), (4, 3), (5, 3), (6, 3)), (1, 3))",8,3.0,11.0,8,2,0,expanded,False,True,1399
"(((1, 3), (2, 4), (3, 4), (5, 2), (6, 3)), (2, 1))","(((2, 3), (2, 4), (3, 4), (5, 2), (6, 3)), (2, 1))",9,4,13.0,9,,,pruned,,,1400
"(((2, 3), (2, 4), (3, 4), (5, 2), (6, 2)), (2, 1))","(((2, 3), (2, 4), (3, 4), (5, 2), (6, 3)), (2, 1))",9,4,13.0,9,,,pruned,,,1401
"(((2, 3), (2, 4), (3, 4), (6, 2), (6, 3)), (2, 1))","(((2, 3), (2, 4), (3, 4), (5, 2), (6, 3)), (2, 1))",9,3,12.0,9,,,pruned,,,1402
"(((2, 3), (2, 4), (3, 4), (5, 1), (6, 3)), (2, 1))","(((2, 3), (2, 4), (3, 4), (5, 2), (6, 3)), (2, 1))",9,4,13.0,9,,,pruned,,,1403
"(((2, 3), (2, 4), (3, 4), (5, 2), (6, 3)), (2, 1))","(((2, 3), (2, 4), (3, 4), (5, 3), (6, 3)), (2, 1))",8,3.0,11.0,8,5,4,expanded,False,True,1404
"(((3, 4), (4, 3), (4, 4), (5, 3), (6, 4)), (1, 3))","(((3, 4), (4, 3), (4, 4), (5, 3), (6, 3)), (1, 3))",8,3.0,11.0,8,2,0,expanded,False,True,1405
"(((1, 3), (3, 4), (4, 4), (5, 3), (6, 4)), (1, 4))","(((2, 3), (3, 4), (4, 4), (5, 3), (6, 4)), (2, 1))",9,4,13.0,9,,,pruned,,,1406
"(((2, 3), (3, 4), (4, 4), (5, 3), (6, 4)), (2, 1))","(((2, 3), (3, 4), (4, 4), (5, 3), (6, 3)), (2, 1))",8,3.0,11.0,8,6,1,expanded,False,True,1407
"(((2, 3), (3, 3), (3, 4), (4, 4), (6, 4)), (2, 1))","(((2, 3), (3, 3), (3, 4), (4, 4), (6, 3)), (2, 1))",8,3.0,11.0,8,3,0,expanded,False,True,1408
"(((1, 3), (2, 4), (3, 4), (4, 2), (5, 3)), (2, 1))","(((2, 3), (2, 4), (3, 4), (4, 2), (5, 3)), (2, 1))",9,4,13.0,9,,,pruned,,,1409
"(((2, 3), (2, 4), (3, 4), (4, 1), (5, 3)), (3, 3))","(((2, 3), (2, 4), (3, 4), (4, 2), (5, 3)), (2, 1))",9,4,13.0,9,,,pruned,,,1410
"(((2, 3), (2, 4), (3, 4), (4, 2), (5, 3)), (2, 1))","(((2, 3), (2, 4), (3, 4), (4, 3), (5, 3)), (2, 1))",8,3.0,11.0,8,7,2,expanded,False,True,1411
"(((2, 3), (2, 4), (3, 4), (4, 3), (5, 1)), (2, 1))","(((2, 3), (2, 4), (3, 4), (4, 3), (5, 2)), (4, 4))",9,4,13.0,9,,,pruned,,,1412
"(((2, 3), (2, 4), (3, 4), (4, 3), (5, 2)), (4, 4))","(((2, 3), (2, 4), (3, 4), (4, 3), (5, 3)), (2, 1))",8,3.0,11.0,8,4,1,expanded,False,True,1413
"(((2, 4), (3, 4), (4, 2), (5, 3), (6, 2)), (1, 3))","(((2, 4), (3, 4), (4, 2), (5, 3), (6, 3)), (1, 3))",9,4,13.0,9,,,pruned,,,1414
"(((2, 4), (3, 4), (4, 1), (5, 3), (6, 3)), (1, 3))","(((2, 4), (3, 4), (4, 2), (5, 3), (6, 3)), (1, 3))",9,4,13.0,9,,,pruned,,,1415
"(((2, 4), (3, 4), (4, 2), (5, 3), (6, 3)), (1, 3))","(((2, 4), (3, 4), (4, 3), (5, 3), (6, 3)), (4, 4))",8,3.0,11.0,8,6,2,expanded,False,True,1416
"(((2, 4), (3, 4), (4, 3), (5, 2), (6, 2)), (4, 4))","(((2, 4), (3, 4), (4, 3), (5, 2), (6, 3)), (4, 4))",9,4,13.0,9,,,pruned,,,1417
"(((2, 4), (3, 4), (4, 3), (5, 1), (6, 3)), (1, 3))","(((2, 4), (3, 4), (4, 3), (5, 2), (6, 3)), (4, 4))",9,4,13.0,9,,,pruned,,,1418
"(((2, 4), (3, 4), (4, 3), (5, 2), (6, 3)), (4, 4))","(((2, 4), (3, 4), (4, 3), (5, 3), (6, 3)), (4, 4))",8,3.0,11.0,8,4,2,expanded,False,True,1419
"(((2, 4), (3, 3), (4, 4), (5, 3), (6, 4)), (1, 3))","(((2, 4), (3, 3), (4, 4), (5, 3), (6, 3)), (1, 3))",8,3.0,11.0,8,7,0,expanded,False,True,1420
"(((2, 3), (2, 4), (3, 3), (4, 4), (6, 2)), (2, 1))","(((2, 3), (2, 4), (3, 3), (4, 4), (5, 2)), (2, 1))",9,3,12.0,9,,,pruned,,,1421
"(((2, 3), (2, 4), (3, 3), (4, 4), (5, 1)), (2, 1))","(((2, 3), (2, 4), (3, 3), (4, 4), (5, 2)), (2, 1))",9,4,13.0,9,,,pruned,,,1422
"(((2, 3), (2, 4), (3, 3), (4, 4), (5, 2)), (2, 1))","(((2, 3), (2, 4), (3, 3), (4, 4), (5, 3)), (2, 1))",8,3.0,11.0,8,5,2,expanded,False,True,1423
"(((2, 4), (3, 3), (3, 4), (4, 2), (6, 2)), (1, 3))","(((2, 4), (3, 3), (3, 4), (4, 2), (6, 3)), (1, 3))",9,4,13.0,9,,,pruned,,,1424
"(((2, 4), (3, 3), (3, 4), (4, 1), (6, 3)), (4, 2))","(((2, 4), (3, 3), (3, 4), (4, 2), (6, 3)), (1, 3))",9,4,13.0,9,,,pruned,,,1425
"(((2, 4), (3, 3), (3, 4), (4, 2), (6, 3)), (1, 3))","(((2, 4), (3, 3), (3, 4), (4, 3), (6, 3)), (1, 3))",8,3.0,11.0,8,6,2,expanded,False,True,1426
"(((2, 4), (3, 4), (4, 2), (4, 3), (5, 3)), (1, 3))","(((2, 4), (3, 3), (3, 4), (4, 2), (5, 3)), (1, 3))",8,3.0,11.0,8,2,0,expanded,False,True,1427
"(((2, 4), (3, 3), (3, 4), (4, 2), (4, 3)), (1, 3))","(((2, 4), (3, 3), (3, 4), (4, 2), (5, 3)), (1, 3))",8,3.0,11.0,8,0,0,expanded,False,True,1428
"(((2, 4), (3, 4), (4, 3), (6, 2), (6, 3)), (1, 3))","(((2, 4), (3, 4), (4, 3), (5, 2), (6, 3)), (1, 3))",9,3,12.0,9,,,pruned,,,1429
"(((2, 4), (3, 4), (4, 3), (5, 2), (6, 3)), (1, 3))","(((2, 4), (3, 3), (3, 4), (5, 2), (6, 3)), (1, 3))",8,3.0,11.0,8,4,1,expanded,False,True,1430
"(((3, 3), (3, 4), (4, 4), (6, 3), (6, 4)), (1, 3))","(((3, 3), (3, 4), (4, 4), (5, 3), (6, 4)), (1, 3))",8,3.0,11.0,8,2,0,expanded,False,True,1431
"(((3, 3), (3, 4), (4, 3), (4, 4), (6, 4)), (1, 3))","(((3, 3), (3, 4), (4, 4), (5, 3), (6, 4)), (1, 3))",8,3.0,11.0,8,2,0,expanded,False,True,1432
"(((2, 3), (3, 3), (3, 4), (4, 1), (4, 4)), (4, 2))","(((2, 3), (3, 3), (3, 4), (4, 2), (4, 4)), (2, 1))",9,4,13.0,9,,,pruned,,,1433
"(((2, 3), (3, 3), (3, 4), (4, 2), (4, 4)), (2, 1))","(((2, 3), (3, 3), (3, 4), (4, 4), (5, 2)), (2, 1))",8,3.0,11.0,8,3,1,expanded,False,True,1434
"(((2, 3), (2, 4), (4, 2), (4, 3), (4, 4)), (2, 1))","(((2, 3), (2, 4), (4, 3), (4, 4), (5, 2)), (5, 3))",8,3.0,11.0,8,2,0,expanded,False,True,1435
"(((1, 3), (2, 4), (5, 2), (5, 4), (6, 3)), (2, 1))","(((2, 3), (2, 4), (5, 2), (5, 4), (6, 3)), (2, 1))",9,4,13.0,9,,,pruned,,,1436
"(((1, 4), (2, 3), (5, 2), (5, 4), (6, 3)), (2, 1))","(((2, 3), (2, 4), (5, 2), (5, 4), (6, 3)), (2, 1))",9,4,13.0,9,,,pruned,,,1437
"(((2, 3), (2, 4), (5, 4), (6, 2), (6, 3)), (2, 1))","(((2, 3), (2, 4), (5, 2), (5, 4), (6, 3)), (2, 1))",9,3,12.0,9,,,pruned,,,1438
"(((2, 3), (2, 4), (5, 1), (5, 4), (6, 3)), (2, 1))","(((2, 3), (2, 4), (5, 2), (5, 4), (6, 3)), (2, 1))",9,4,13.0,9,,,pruned,,,1439
"(((2, 3), (2, 4), (5, 2), (5, 4), (6, 3)), (2, 1))","(((2, 3), (2, 4), (4, 4), (5, 2), (6, 3)), (2, 1))",8,3.0,11.0,8,7,4,expanded,False,True,1440
"(((1, 4), (4, 3), (5, 2), (5, 4), (6, 3)), (1, 3))","(((2, 4), (4, 3), (5, 2), (5, 4), (6, 3)), (1, 3))",9,4,13.0,9,,,pruned,,,1441
"(((2, 4), (4, 3), (5, 4), (6, 2), (6, 3)), (1, 3))","(((2, 4), (4, 3), (5, 2), (5, 4), (6, 3)), (1, 3))",9,3,12.0,9,,,pruned,,,1442
"(((2, 4), (4, 3), (5, 2), (5, 4), (6, 3)), (1, 3))","(((2, 4), (4, 3), (4, 4), (5, 2), (6, 3)), (1, 3))",8,3.0,11.0,8,8,2,expanded,False,True,1443
"(((1, 4), (4, 4), (5, 2), (5, 3), (6, 3)), (1, 3))","(((2, 4), (4, 4), (5, 2), (5, 3), (6, 3)), (1, 3))",9,4,13.0,9,,,pruned,,,1444
"(((2, 4), (4, 4), (5, 3), (6, 2), (6, 3)), (1, 3))","(((2, 4), (4, 4), (5, 2), (5, 3), (6, 3)), (1, 3))",9,3,12.0,9,,,pruned,,,1445
"(((2, 4), (4, 4), (5, 2), (5, 3), (6, 3)), (1, 3))","(((2, 4), (4, 3), (4, 4), (5, 2), (6, 3)), (1, 3))",8,3.0,11.0,8,4,2,expanded,False,True,1446
"(((2, 3), (2, 4), (3, 3), (3, 4), (6, 4)), (2, 1))","(((2, 3), (2, 4), (3, 3), (3, 4), (5, 4)), (2, 1))",8,3.0,11.0,8,2,0,expanded,False,True,1447
"(((2, 3), (2, 4), (3, 3), (3, 4), (4, 4)), (2, 1))","(((2, 3), (2, 4), (3, 3), (3, 4), (5, 4)), (2, 1))",8,3.0,11.0,8,0,0,expanded,False,True,1448
"(((2, 4), (3, 4), (5, 3), (6, 3), (6, 4)), (1, 3))","(((2, 4), (3, 4), (5, 3), (5, 4), (6, 3)), (1, 3))",8,3.0,11.0,8,2,0,expanded,False,True,1449
"(((1, 4), (4, 2), (4, 3), (5, 3), (5, 4)), (1, 3))","(((2, 4), (4, 2), (4, 3), (5, 3), (5, 4)), (1, 3))",9,4,13.0,9,,,pruned,,,1450
"(((2, 4), (4, 2), (4, 3), (5, 3), (5, 4)), (1, 3))","(((2, 4), (4, 2), (4, 3), (4, 4), (5, 3)), (1, 3))",8,3.0,11.0,8,4,1,expanded,False,True,1451
"(((2, 4), (3, 4), (4, 3), (5, 3), (6, 4)), (4, 4))","(((2, 4), (3, 4), (4, 3), (5, 3), (6, 5)), (1, 3))",8,3.0,11.0,8,3,0,expanded,False,True,1452
"(((3, 4), (4, 2), (4, 4), (5, 3), (6, 2)), (5, 4))","(((3, 4), (4, 2), (4, 4), (5, 3), (6, 3)), (5, 4))",9,4,13.0,9,,,pruned,,,1453
"(((3, 4), (4, 2), (4, 4), (5, 3), (6, 3)), (5, 4))","(((3, 4), (4, 2), (4, 4), (5, 4), (6, 3)), (5, 5))",8,3.0,11.0,8,2,1,expanded,False,True,1454
"(((2, 4), (4, 4), (5, 2), (5, 3), (6, 2)), (5, 4))","(((2, 4), (4, 4), (5, 2), (5, 3), (6, 3)), (5, 4))",9,4,13.0,9,,,pruned,,,1455
"(((2, 4), (4, 4), (5, 2), (5, 3), (6, 3)), (5, 4))","(((2, 4), (4, 4), (5, 2), (5, 4), (6, 3)), (5, 5))",8,3.0,11.0,8,2,1,expanded,False,True,1456
"(((1, 4), (4, 3), (5, 3), (5, 4), (6, 3)), (1, 3))","(((2, 4), (4, 3), (5, 3), (5, 4), (6, 3)), (1, 3))",10,3,13.0,10,,,pruned,,,1457
"(((2, 4), (4, 3), (5, 3), (5, 4), (6, 3)), (1, 3))","(((2, 4), (4, 3), (4, 4), (5, 3), (6, 3)), (1, 3))",9,2.0,11.0,9,6,1,expanded,False,True,1458
"(((1, 3), (2, 4), (5, 3), (5, 4), (6, 3)), (2, 1))","(((2, 3), (2, 4), (5, 3), (5, 4), (6, 3)), (2, 1))",10,3,13.0,10,,,pruned,,,1459
"(((1, 4), (2, 3), (5, 3), (5, 4), (6, 3)), (2, 1))","(((2, 3), (2, 4), (5, 3), (5, 4), (6, 3)), (2, 1))",10,3,13.0,10,,,pruned,,,1460
"(((2, 3), (2, 4), (5, 3), (5, 4), (6, 3)), (2, 1))","(((2, 3), (2, 4), (4, 4), (5, 3), (6, 3)), (2, 1))",9,2.0,11.0,9,4,2,expanded,False,True,1461
"(((2, 3), (2, 4), (3, 3), (3, 4), (6, 2)), (2, 1))","(((2, 3), (2, 4), (3, 3), (3, 4), (6, 3)), (2, 1))",10,3,13.0,10,,,pruned,,,1462
"(((2, 3), (2, 4), (3, 3), (3, 4), (6, 3)), (2, 1))","(((2, 3), (2, 4), (3, 3), (3, 4), (5, 3)), (2, 1))",9,2.0,11.0,9,2,1,expanded,False,True,1463
"(((2, 3), (2, 4), (3, 3), (3, 4), (4, 3)), (2, 1))","(((2, 3), (2, 4), (3, 3), (3, 4), (5, 3)), (2, 1))",9,2.0,11.0,9,2,0,expanded,False,True,1464
"(((3, 3), (3, 4), (4, 3), (4, 4), (6, 2)), (1, 3))","(((3, 3), (3, 4), (4, 3), (4, 4), (6, 3)), (1, 3))",10,3,13.0,10,,,pruned,,,1465
"(((3, 3), (3, 4), (4, 3), (4, 4), (6, 3)), (1, 3))","(((3, 3), (3, 4), (4, 3), (4, 4), (6, 4)), (1, 3))",9,2.0,11.0,9,2,1,expanded,False,True,1466
"(((2, 4), (3, 4), (5, 4), (5, 5), (6, 6)), (1, 3))","(((2, 4), (3, 4), (5, 4), (5, 5), (6, 5)), (1, 3))",6,8,14.0,6,,,pruned,,,1467
"(((2, 4), (3, 4), (5, 4), (5, 5), (6, 5)), (1, 3))","(((2, 4), (3, 4), (5, 4), (5, 5), (6, 4)), (1, 3))",5,7.0,12.0,5,3,1,expanded,False,True,1468
"(((2, 4), (3, 4), (5, 2), (5, 6), (6, 5)), (1, 3))","(((2, 4), (3, 4), (5, 2), (5, 5), (6, 5)), (1, 3))",6,8,14.0,6,,,pruned,,,1469
"(((2, 4), (3, 4), (5, 2), (5, 5), (6, 6)), (1, 3))","(((2, 4), (3, 4), (5, 2), (5, 5), (6, 5)), (1, 3))",6,8,14.0,6,,,pruned,,,1470
"(((2, 4), (3, 4), (5, 5), (6, 2), (6, 5)), (1, 3))","(((2, 4), (3, 4), (5, 2), (5, 5), (6, 5)), (1, 3))",6,7,13.0,6,,,pruned,,,1471
"(((2, 4), (3, 4), (5, 1), (5, 5), (6, 5)), (1, 3))","(((2, 4), (3, 4), (5, 2), (5, 5), (6, 5)), (1, 3))",6,8,14.0,6,,,pruned,,,1472
"(((2, 4), (3, 4), (5, 2), (5, 5), (6, 5)), (1, 3))","(((2, 4), (3, 4), (5, 2), (5, 5), (6, 4)), (1, 3))",5,7.0,12.0,5,6,4,expanded,False,True,1473
"(((3, 4), (4, 4), (5, 4), (5, 5), (6, 6)), (1, 3))","(((3, 4), (4, 4), (5, 4), (5, 5), (6, 5)), (1, 3))",6,8,14.0,6,,,pruned,,,1474
"(((3, 4), (4, 4), (5, 4), (5, 5), (6, 5)), (1, 3))","(((3, 4), (4, 4), (5, 4), (5, 5), (6, 4)), (1, 3))",5,7.0,12.0,5,1,1,expanded,True,True,1475
"(((3, 4), (4, 4), (5, 2), (5, 6), (6, 5)), (1, 3))","(((3, 4), (4, 4), (5, 2), (5, 5), (6, 5)), (1, 3))",6,8,14.0,6,,,pruned,,,1476
"(((3, 4), (4, 4), (5, 2), (5, 5), (6, 6)), (1, 3))","(((3, 4), (4, 4), (5, 2), (5, 5), (6, 5)), (1, 3))",6,8,14.0,6,,,pruned,,,1477
"(((3, 4), (4, 4), (5, 5), (6, 2), (6, 5)), (1, 3))","(((3, 4), (4, 4), (5, 2), (5, 5), (6, 5)), (1, 3))",6,7,13.0,6,,,pruned,,,1478
"(((3, 4), (4, 4), (5, 1), (5, 5), (6, 5)), (1, 3))","(((3, 4), (4, 4), (5, 2), (5, 5), (6, 5)), (1, 3))",6,8,14.0,6,,,pruned,,,1479
"(((3, 4), (4, 4), (5, 2), (5, 5), (6, 5)), (1, 3))","(((3, 4), (4, 4), (5, 3), (5, 5), (6, 5)), (1, 3))",5,7.0,12.0,5,6,4,expanded,False,True,1480
"(((3, 4), (4, 2), (5, 4), (5, 5), (6, 6)), (1, 3))","(((3, 4), (4, 2), (5, 4), (5, 5), (6, 5)), (1, 3))",6,8,14.0,6,,,pruned,,,1481
"(((3, 4), (4, 1), (5, 4), (5, 5), (6, 5)), (1, 3))","(((3, 4), (4, 2), (5, 4), (5, 5), (6, 5)), (1, 3))",6,8,14.0,6,,,pruned,,,1482
"(((3, 4), (4, 2), (5, 4), (5, 5), (6, 5)), (1, 3))","(((3, 4), (4, 2), (5, 3), (5, 5), (6, 5)), (1, 3))",5,7.0,12.0,5,7,2,expanded,False,True,1483
"(((3, 4), (4, 2), (5, 2), (5, 6), (6, 5)), (1, 3))","(((3, 4), (4, 2), (5, 2), (5, 5), (6, 5)), (1, 3))",6,8,14.0,6,,,pruned,,,1484
"(((3, 4), (4, 2), (5, 2), (5, 5), (6, 6)), (1, 3))","(((3, 4), (4, 2), (5, 2), (5, 5), (6, 5)), (1, 3))",6,8,14.0,6,,,pruned,,,1485
"(((3, 4), (4, 1), (5, 2), (5, 5), (6, 5)), (1, 3))","(((3, 4), (4, 2), (5, 2), (5, 5), (6, 5)), (1, 3))",6,8,14.0,6,,,pruned,,,1486
"(((3, 4), (4, 2), (5, 1), (5, 5), (6, 5)), (1, 3))","(((3, 4), (4, 2), (5, 2), (5, 5), (6, 5)), (1, 3))",6,8,14.0,6,,,pruned,,,1487
"(((3, 4), (4, 2), (5, 2), (5, 5), (6, 5)), (1, 3))","(((3, 4), (4, 2), (5, 3), (5, 5), (6, 5)), (1, 3))",5,7.0,12.0,5,8,4,expanded,False,True,1488
"(((1, 3), (2, 4), (4, 4), (5, 5), (6, 5)), (2, 1))","(((2, 3), (2, 4), (4, 4), (5, 5), (6, 5)), (2, 1))",7,7,14.0,7,,,pruned,,,1489
"(((1, 4), (2, 3), (4, 4), (5, 5), (6, 5)), (2, 1))","(((2, 3), (2, 4), (4, 4), (5, 5), (6, 5)), (2, 1))",7,7,14.0,7,,,pruned,,,1490
"(((2, 3), (2, 4), (4, 4), (5, 6), (6, 5)), (2, 1))","(((2, 3), (2, 4), (4, 4), (5, 5), (6, 5)), (2, 1))",7,7,14.0,7,,,pruned,,,1491
"(((2, 3), (2, 4), (4, 4), (5, 5), (6, 6)), (2, 1))","(((2, 3), (2, 4), (4, 4), (5, 5), (6, 5)), (2, 1))",7,7,14.0,7,,,pruned,,,1492
"(((2, 3), (2, 4), (4, 4), (5, 5), (6, 5)), (2, 1))","(((2, 3), (2, 4), (4, 4), (5, 5), (6, 4)), (2, 1))",6,6.0,12.0,6,6,4,expanded,False,True,1493
"(((1, 3), (2, 4), (4, 2), (5, 5), (6, 5)), (2, 1))","(((2, 3), (2, 4), (4, 2), (5, 5), (6, 5)), (2, 1))",7,7,14.0,7,,,pruned,,,1494
"(((1, 4), (2, 3), (4, 2), (5, 5), (6, 5)), (2, 1))","(((2, 3), (2, 4), (4, 2), (5, 5), (6, 5)), (2, 1))",7,7,14.0,7,,,pruned,,,1495
"(((2, 3), (2, 4), (4, 2), (5, 6), (6, 5)), (2, 1))","(((2, 3), (2, 4), (4, 2), (5, 5), (6, 5)), (2, 1))",7,7,14.0,7,,,pruned,,,1496
"(((2, 3), (2, 4), (4, 2), (5, 5), (6, 6)), (2, 1))","(((2, 3), (2, 4), (4, 2), (5, 5), (6, 5)), (2, 1))",7,7,14.0,7,,,pruned,,,1497
"(((2, 3), (2, 4), (4, 1), (5, 5), (6, 5)), (3, 3))","(((2, 3), (2, 4), (4, 2), (5, 5), (6, 5)), (2, 1))",7,7,14.0,7,,,pruned,,,1498
"(((2, 3), (2, 4), (4, 2), (5, 5), (6, 5)), (2, 1))","(((2, 3), (2, 4), (4, 2), (5, 5), (6, 4)), (2, 1))",6,6.0,12.0,6,6,5,expanded,False,True,1499
"(((2, 4), (3, 3), (3, 4), (5, 6), (6, 5)), (1, 3))","(((2, 4), (3, 3), (3, 4), (5, 5), (6, 5)), (1, 3))",7,7,14.0,7,,,pruned,,,1500
"(((2, 4), (3, 3), (3, 4), (5, 5), (6, 6)), (1, 3))","(((2, 4), (3, 3), (3, 4), (5, 5), (6, 5)), (1, 3))",7,7,14.0,7,,,pruned,,,1501
"(((2, 4), (3, 3), (3, 4), (5, 5), (6, 5)), (1, 3))","(((2, 4), (3, 3), (3, 4), (5, 5), (6, 4)), (1, 3))",6,6.0,12.0,6,4,2,expanded,False,True,1502
"(((4, 4), (5, 3), (5, 4), (5, 5), (6, 6)), (1, 3))","(((4, 4), (5, 3), (5, 4), (5, 5), (6, 5)), (1, 3))",7,7,14.0,7,,,pruned,,,1503
"(((4, 4), (5, 3), (5, 4), (5, 5), (6, 5)), (1, 3))","(((4, 4), (5, 3), (5, 4), (5, 5), (6, 4)), (1, 3))",6,6.0,12.0,6,3,1,expanded,False,True,1504
"(((2, 4), (3, 4), (4, 1), (5, 4), (5, 5)), (1, 3))","(((2, 4), (3, 4), (4, 2), (5, 4), (5, 5)), (1, 3))",7,7,14.0,7,,,pruned,,,1505
"(((2, 4), (3, 4), (4, 2), (5, 4), (5, 5)), (1, 3))","(((2, 4), (3, 4), (4, 2), (5, 3), (5, 5)), (1, 3))",6,6.0,12.0,6,4,1,expanded,False,True,1506
"(((2, 4), (3, 4), (4, 2), (5, 2), (5, 6)), (1, 3))","(((2, 4), (3, 4), (4, 2), (5, 2), (5, 5)), (1, 3))",7,7,14.0,7,,,pruned,,,1507
"(((2, 4), (3, 4), (4, 1), (5, 2), (5, 5)), (1, 3))","(((2, 4), (3, 4), (4, 2), (5, 2), (5, 5)), (1, 3))",7,7,14.0,7,,,pruned,,,1508
"(((2, 4), (3, 4), (4, 2), (5, 1), (5, 5)), (1, 3))","(((2, 4), (3, 4), (4, 2), (5, 2), (5, 5)), (1, 3))",7,7,14.0,7,,,pruned,,,1509
"(((2, 4), (3, 4), (4, 2), (5, 2), (5, 5)), (1, 3))","(((2, 4), (3, 4), (4, 2), (5, 3), (5, 5)), (1, 3))",6,6.0,12.0,6,6,3,expanded,False,True,1510
"(((1, 4), (5, 3), (5, 4), (5, 5), (6, 5)), (1, 3))","(((2, 4), (5, 3), (5, 4), (5, 5), (6, 5)), (1, 3))",7,7,14.0,7,,,pruned,,,1511
"(((2, 4), (5, 3), (5, 4), (5, 5), (6, 6)), (1, 3))","(((2, 4), (5, 3), (5, 4), (5, 5), (6, 5)), (1, 3))",7,7,14.0,7,,,pruned,,,1512
"(((2, 4), (5, 3), (5, 4), (5, 5), (6, 5)), (1, 3))","(((2, 4), (5, 3), (5, 4), (5, 5), (6, 4)), (1, 3))",6,6.0,12.0,6,7,2,expanded,False,True,1513
"(((1, 4), (4, 3), (4, 4), (5, 5), (6, 5)), (1, 3))","(((2, 4), (4, 3), (4, 4), (5, 5), (6, 5)), (1, 3))",7,7,14.0,7,,,pruned,,,1514
"(((2, 4), (4, 3), (4, 4), (5, 6), (6, 5)), (1, 3))","(((2, 4), (4, 3), (4, 4), (5, 5), (6, 5)), (1, 3))",7,7,14.0,7,,,pruned,,,1515
"(((2, 4), (4, 3), (4, 4), (5, 5), (6, 6)), (1, 3))","(((2, 4), (4, 3), (4, 4), (5, 5), (6, 5)), (1, 3))",7,7,14.0,7,,,pruned,,,1516
"(((2, 4), (4, 3), (4, 4), (5, 5), (6, 5)), (1, 3))","(((2, 4), (4, 3), (4, 4), (5, 5), (6, 4)), (1, 3))",6,6.0,12.0,6,8,3,expanded,False,True,1517
"(((4, 2), (5, 3), (5, 4), (5, 5), (6, 6)), (1, 3))","(((4, 2), (5, 3), (5, 4), (5, 5), (6, 5)), (1, 3))",7,7,14.0,7,,,pruned,,,1518
"(((4, 1), (5, 3), (5, 4), (5, 5), (6, 5)), (1, 3))","(((4, 2), (5, 3), (5, 4), (5, 5), (6, 5)), (1, 3))",7,7,14.0,7,,,pruned,,,1519
"(((4, 2), (5, 3), (5, 4), (5, 5), (6, 5)), (1, 3))","(((4, 2), (5, 3), (5, 4), (5, 5), (6, 4)), (1, 3))",6,6.0,12.0,6,7,2,expanded,False,True,1520
"(((2, 2), (5, 3), (5, 4), (5, 5), (6, 6)), (1, 3))","(((2, 2), (5, 3), (5, 4), (5, 5), (6, 5)), (1, 3))",7,7,14.0,7,,,pruned,,,1521
"(((2, 1), (5, 3), (5, 4), (5, 5), (6, 5)), (1, 3))","(((2, 2), (5, 3), (5, 4), (5, 5), (6, 5)), (1, 3))",7,7,14.0,7,,,pruned,,,1522
"(((2, 2), (5, 3), (5, 4), (5, 5), (6, 5)), (1, 3))","(((2, 2), (5, 3), (5, 4), (5, 5), (6, 4)), (1, 3))",6,6.0,12.0,6,7,2,expanded,False,True,1523
"(((3, 3), (4, 2), (5, 4), (5, 5), (6, 6)), (1, 3))","(((3, 3), (4, 2), (5, 4), (5, 5), (6, 5)), (1, 3))",7,7,14.0,7,,,pruned,,,1524
"(((3, 3), (4, 1), (5, 4), (5, 5), (6, 5)), (1, 3))","(((3, 3), (4, 2), (5, 4), (5, 5), (6, 5)), (1, 3))",7,7,14.0,7,,,pruned,,,1525
"(((3, 3), (4, 2), (5, 4), (5, 5), (6, 5)), (1, 3))","(((3, 3), (4, 2), (5, 4), (5, 5), (6, 4)), (1, 3))",6,6.0,12.0,6,7,2,expanded,False,True,1526
"(((1, 3), (2, 4), (5, 5), (6, 4), (6, 5)), (2, 1))","(((2, 3), (2, 4), (5, 5), (6, 4), (6, 5)), (2, 1))",7,7,14.0,7,,,pruned,,,1527
"(((1, 4), (2, 3), (5, 5), (6, 4), (6, 5)), (2, 1))","(((2, 3), (2, 4), (5, 5), (6, 4), (6, 5)), (2, 1))",7,7,14.0,7,,,pruned,,,1528
"(((2, 3), (2, 4), (5, 6), (6, 4), (6, 5)), (2, 1))","(((2, 3), (2, 4), (5, 5), (6, 4), (6, 5)), (2, 1))",7,7,14.0,7,,,pruned,,,1529
"(((2, 3), (2, 4), (5, 5), (6, 4), (6, 5)), (2, 1))","(((2, 3), (2, 4), (5, 5), (6, 3), (6, 5)), (2, 1))",6,6.0,12.0,6,3,3,expanded,True,True,1530
"(((3, 4), (4, 1), (5, 4), (5, 5), (6, 4)), (1, 3))","(((3, 4), (4, 2), (5, 4), (5, 5), (6, 4)), (1, 3))",7,7,14.0,7,,,pruned,,,1531
"(((3, 4), (4, 2), (5, 4), (5, 5), (6, 4)), (1, 3))","(((3, 4), (4, 2), (5, 3), (5, 5), (6, 4)), (1, 3))",6,6.0,12.0,6,5,1,expanded,False,True,1532
"(((3, 4), (4, 2), (5, 2), (5, 6), (6, 4)), (1, 3))","(((3, 4), (4, 2), (5, 2), (5, 5), (6, 4)), (1, 3))",7,7,14.0,7,,,pruned,,,1533
"(((3, 4), (4, 1), (5, 2), (5, 5), (6, 4)), (1, 3))","(((3, 4), (4, 2), (5, 2), (5, 5), (6, 4)), (1, 3))",7,7,14.0,7,,,pruned,,,1534
"(((3, 4), (4, 2), (5, 1), (5, 5), (6, 4)), (1, 3))","(((3, 4), (4, 2), (5, 2), (5, 5), (6, 4)), (1, 3))",7,7,14.0,7,,,pruned,,,1535
"(((3, 4), (4, 2), (5, 2), (5, 5), (6, 4)), (1, 3))","(((3, 4), (4, 2), (5, 3), (5, 5), (6, 4)), (1, 3))",6,6.0,12.0,6,8,3,expanded,False,True,1536
"(((1, 4), (4, 2), (4, 3), (5, 5), (6, 5)), (1, 3))","(((2, 4), (4, 2), (4, 3), (5, 5), (6, 5)), (1, 3))",7,7,14.0,7,,,pruned,,,1537
"(((2, 4), (4, 2), (4, 3), (5, 6), (6, 5)), (1, 3))","(((2, 4), (4, 2), (4, 3), (5, 5), (6, 5)), (1, 3))",7,7,14.0,7,,,pruned,,,1538
"(((2, 4), (4, 2), (4, 3), (5, 5), (6, 6)), (1, 3))","(((2, 4), (4, 2), (4, 3), (5, 5), (6, 5)), (1, 3))",7,7,14.0,7,,,pruned,,,1539
"(((2, 4), (4, 2), (4, 3), (5, 5), (6, 5)), (1, 3))","(((2, 4), (4, 2), (4, 3), (5, 5), (6, 4)), (1, 3))",6,6.0,12.0,6,6,3,expanded,False,True,1540
"(((3, 3), (5, 4), (5, 5), (6, 4), (6, 5)), (1, 3))","(((3, 3), (5, 4), (5, 5), (6, 3), (6, 5)), (1, 3))",6,6.0,12.0,6,2,0,expanded,False,True,1541
"(((3, 3), (5, 2), (5, 6), (6, 4), (6, 5)), (1, 3))","(((3, 3), (5, 2), (5, 5), (6, 4), (6, 5)), (1, 3))",7,7,14.0,7,,,pruned,,,1542
"(((3, 3), (5, 5), (6, 2), (6, 4), (6, 5)), (1, 3))","(((3, 3), (5, 2), (5, 5), (6, 4), (6, 5)), (1, 3))",7,6,13.0,7,,,pruned,,,1543
"(((3, 3), (5, 1), (5, 5), (6, 4), (6, 5)), (1, 3))","(((3, 3), (5, 2), (5, 5), (6, 4), (6, 5)), (1, 3))",7,7,14.0,7,,,pruned,,,1544
"(((3, 3), (5, 2), (5, 5), (6, 4), (6, 5)), (1, 3))","(((3, 3), (5, 3), (5, 5), (6, 4), (6, 5)), (1, 3))",6,6.0,12.0,6,7,3,expanded,False,True,1545
"(((2, 2), (4, 3), (4, 4), (5, 6), (6, 5)), (2, 1))","(((2, 2), (4, 3), (4, 4), (5, 5), (6, 5)), (2, 1))",7,7,14.0,7,,,pruned,,,1546
"(((2, 2), (4, 3), (4, 4), (5, 5), (6, 6)), (2, 1))","(((2, 2), (4, 3), (4, 4), (5, 5), (6, 5)), (2, 1))",7,7,14.0,7,,,pruned,,,1547
"(((2, 2), (4, 3), (4, 4), (5, 5), (6, 5)), (2, 1))","(((2, 2), (4, 3), (4, 4), (5, 5), (6, 4)), (2, 1))",6,6.0,12.0,6,5,2,expanded,False,True,1548
"(((1, 4), (4, 4), (5, 5), (6, 3), (6, 5)), (1, 3))","(((2, 4), (4, 4), (5, 5), (6, 3), (6, 5)), (1, 3))",7,7,14.0,7,,,pruned,,,1549
"(((2, 4), (4, 4), (5, 6), (6, 3), (6, 5)), (1, 3))","(((2, 4), (4, 4), (5, 5), (6, 3), (6, 5)), (1, 3))",7,7,14.0,7,,,pruned,,,1550
"(((2, 4), (4, 4), (5, 5), (6, 3), (6, 6)), (1, 3))","(((2, 4), (4, 4), (5, 5), (6, 3), (6, 5)), (1, 3))",7,7,14.0,7,,,pruned,,,1551
"(((2, 4), (4, 4), (5, 5), (6, 2), (6, 5)), (1, 3))","(((2, 4), (4, 4), (5, 5), (6, 3), (6, 5)), (1, 3))",7,7,14.0,7,,,pruned,,,1552
"(((2, 4), (4, 4), (5, 5), (6, 3), (6, 5)), (1, 3))","(((2, 3), (4, 4), (5, 5), (6, 3), (6, 5)), (1, 3))",6,6.0,12.0,6,8,4,expanded,False,True,1553
"(((2, 2), (4, 4), (5, 6), (6, 3), (6, 5)), (1, 3))","(((2, 2), (4, 4), (5, 5), (6, 3), (6, 5)), (1, 3))",7,7,14.0,7,,,pruned,,,1554
"(((2, 2), (4, 4), (5, 5), (6, 3), (6, 6)), (1, 3))","(((2, 2), (4, 4), (5, 5), (6, 3), (6, 5)), (1, 3))",7,7,14.0,7,,,pruned,,,1555
"(((2, 1), (4, 4), (5, 5), (6, 3), (6, 5)), (1, 3))","(((2, 2), (4, 4), (5, 5), (6, 3), (6, 5)), (1, 3))",7,7,14.0,7,,,pruned,,,1556
"(((2, 2), (4, 4), (5, 5), (6, 2), (6, 5)), (1, 3))","(((2, 2), (4, 4), (5, 5), (6, 3), (6, 5)), (1, 3))",7,7,14.0,7,,,pruned,,,1557
"(((2, 2), (4, 4), (5, 5), (6, 3), (6, 5)), (1, 3))","(((2, 3), (4, 4), (5, 5), (6, 3), (6, 5)), (1, 3))",6,6.0,12.0,6,8,4,expanded,False,True,1558
"(((1, 3), (4, 4), (5, 5), (6, 4), (6, 5)), (1, 4))","(((2, 3), (4, 4), (5, 5), (6, 4), (6, 5)), (1, 3))",7,7,14.0,7,,,pruned,,,1559
"(((2, 3), (4, 4), (5, 6), (6, 4), (6, 5)), (1, 3))","(((2, 3), (4, 4), (5, 5), (6, 4), (6, 5)), (1, 3))",7,7,14.0,7,,,pruned,,,1560
"(((2, 3), (4, 4), (5, 5), (6, 4), (6, 5)), (1, 3))","(((2, 3), (4, 4), (5, 5), (6, 3), (6, 5)), (1, 3))",6,6.0,12.0,6,7,2,expanded,False,True,1561
"(((3, 4), (4, 1), (4, 4), (5, 4), (5, 5)), (1, 3))","(((3, 4), (4, 2), (4, 4), (5, 4), (5, 5)), (1, 3))",7,7,14.0,7,,,pruned,,,1562
"(((3, 4), (4, 2), (4, 4), (5, 4), (5, 5)), (1, 3))","(((3, 4), (4, 2), (4, 4), (5, 3), (5, 5)), (1, 3))",6,6.0,12.0,6,2,1,expanded,False,True,1563
"(((3, 4), (4, 2), (4, 4), (5, 2), (5, 6)), (1, 3))","(((3, 4), (4, 2), (4, 4), (5, 2), (5, 5)), (1, 3))",7,7,14.0,7,,,pruned,,,1564
"(((3, 4), (4, 1), (4, 4), (5, 2), (5, 5)), (1, 3))","(((3, 4), (4, 2), (4, 4), (5, 2), (5, 5)), (1, 3))",7,7,14.0,7,,,pruned,,,1565
"(((3, 4), (4, 2), (4, 4), (5, 1), (5, 5)), (1, 3))","(((3, 4), (4, 2), (4, 4), (5, 2), (5, 5)), (1, 3))",7,7,14.0,7,,,pruned,,,1566
"(((3, 4), (4, 2), (4, 4), (5, 2), (5, 5)), (1, 3))","(((3, 4), (4, 2), (4, 4), (5, 3), (5, 5)), (1, 3))",6,6.0,12.0,6,6,3,expanded,False,True,1567
"(((1, 4), (4, 2), (4, 4), (5, 5), (6, 4)), (1, 3))","(((2, 4), (4, 2), (4, 4), (5, 5), (6, 4)), (1, 3))",7,7,14.0,7,,,pruned,,,1568
"(((2, 4), (4, 2), (4, 4), (5, 6), (6, 4)), (1, 3))","(((2, 4), (4, 2), (4, 4), (5, 5), (6, 4)), (1, 3))",7,7,14.0,7,,,pruned,,,1569
"(((2, 4), (4, 1), (4, 4), (5, 5), (6, 4)), (1, 3))","(((2, 4), (4, 2), (4, 4), (5, 5), (6, 4)), (1, 3))",7,7,14.0,7,,,pruned,,,1570
"(((2, 4), (4, 2), (4, 4), (5, 5), (6, 4)), (1, 3))","(((2, 4), (4, 2), (4, 4), (5, 5), (6, 3)), (1, 3))",6,6.0,12.0,6,8,3,expanded,False,True,1571
"(((1, 4), (4, 2), (5, 5), (6, 3), (6, 5)), (1, 3))","(((2, 4), (4, 2), (5, 5), (6, 3), (6, 5)), (1, 3))",7,7,14.0,7,,,pruned,,,1572
"(((2, 4), (4, 2), (5, 6), (6, 3), (6, 5)), (1, 3))","(((2, 4), (4, 2), (5, 5), (6, 3), (6, 5)), (1, 3))",7,7,14.0,7,,,pruned,,,1573
"(((2, 4), (4, 2), (5, 5), (6, 3), (6, 6)), (1, 3))","(((2, 4), (4, 2), (5, 5), (6, 3), (6, 5)), (1, 3))",7,7,14.0,7,,,pruned,,,1574
"(((2, 4), (4, 2), (5, 5), (6, 2), (6, 5)), (1, 3))","(((2, 4), (4, 2), (5, 5), (6, 3), (6, 5)), (1, 3))",7,7,14.0,7,,,pruned,,,1575
"(((2, 4), (4, 1), (5, 5), (6, 3), (6, 5)), (1, 3))","(((2, 4), (4, 2), (5, 5), (6, 3), (6, 5)), (1, 3))",7,7,14.0,7,,,pruned,,,1576
"(((2, 4), (4, 2), (5, 5), (6, 3), (6, 5)), (1, 3))","(((2, 4), (4, 3), (5, 5), (6, 3), (6, 5)), (1, 3))",6,6.0,12.0,6,8,5,expanded,False,True,1577
"(((1, 4), (4, 3), (5, 5), (6, 4), (6, 5)), (1, 3))","(((2, 4), (4, 3), (5, 5), (6, 4), (6, 5)), (1, 3))",7,7,14.0,7,,,pruned,,,1578
"(((2, 4), (4, 3), (5, 6), (6, 4), (6, 5)), (1, 3))","(((2, 4), (4, 3), (5, 5), (6, 4), (6, 5)), (1, 3))",7,7,14.0,7,,,pruned,,,1579
"(((2, 4), (4, 3), (5, 5), (6, 4), (6, 5)), (1, 3))","(((2, 4), (4, 3), (5, 5), (6, 3), (6, 5)), (1, 3))",6,6.0,12.0,6,7,2,expanded,False,True,1580
"(((1, 4), (4, 4), (5, 2), (5, 4), (5, 5)), (1, 3))","(((2, 4), (4, 4), (5, 2), (5, 4), (5, 5)), (1, 3))",7,7,14.0,7,,,pruned,,,1581
"(((2, 4), (4, 4), (5, 4), (5, 5), (6, 2)), (1, 3))","(((2, 4), (4, 4), (5, 2), (5, 4), (5, 5)), (1, 3))",7,6,13.0,7,,,pruned,,,1582
"(((2, 4), (4, 4), (5, 1), (5, 4), (5, 5)), (1, 3))","(((2, 4), (4, 4), (5, 2), (5, 4), (5, 5)), (1, 3))",7,7,14.0,7,,,pruned,,,1583
"(((2, 4), (4, 4), (5, 2), (5, 4), (5, 5)), (1, 3))","(((2, 4), (4, 3), (5, 2), (5, 4), (5, 5)), (1, 3))",6,6.0,12.0,6,6,3,expanded,False,True,1584
"(((1, 4), (4, 2), (5, 2), (5, 4), (5, 5)), (1, 3))","(((2, 4), (4, 2), (5, 2), (5, 4), (5, 5)), (1, 3))",7,7,14.0,7,,,pruned,,,1585
"(((2, 4), (4, 1), (5, 2), (5, 4), (5, 5)), (1, 3))","(((2, 4), (4, 2), (5, 2), (5, 4), (5, 5)), (1, 3))",7,7,14.0,7,,,pruned,,,1586
"(((2, 4), (4, 2), (5, 1), (5, 4), (5, 5)), (1, 3))","(((2, 4), (4, 2), (5, 2), (5, 4), (5, 5)), (1, 3))",7,7,14.0,7,,,pruned,,,1587
"(((2, 4), (4, 2), (5, 2), (5, 4), (5, 5)), (1, 3))","(((2, 4), (4, 3), (5, 2), (5, 4), (5, 5)), (1, 3))",6,6.0,12.0,6,8,3,expanded,False,True,1588
"(((4, 3), (4, 4), (5, 6), (6, 4), (6, 5)), (1, 3))","(((4, 3), (4, 4), (5, 5), (6, 4), (6, 5)), (1, 3))",7,7,14.0,7,,,pruned,,,1589
"(((4, 3), (4, 4), (5, 5), (6, 4), (6, 5)), (1, 3))","(((4, 3), (4, 4), (5, 5), (6, 3), (6, 5)), (1, 3))",6,6.0,12.0,6,5,1,expanded,False,True,1590
"(((4, 2), (4, 3), (4, 4), (5, 6), (6, 5)), (1, 3))","(((4, 2), (4, 3), (4, 4), (5, 5), (6, 5)), (1, 3))",7,7,14.0,7,,,pruned,,,1591
"(((4, 2), (4, 3), (4, 4), (5, 5), (6, 6)), (1, 3))","(((4, 2), (4, 3), (4, 4), (5, 5), (6, 5)), (1, 3))",7,7,14.0,7,,,pruned,,,1592
"(((4, 2), (4, 3), (4, 4), (5, 5), (6, 5)), (1, 3))","(((4, 2), (4, 3), (4, 4), (5, 5), (6, 4)), (1, 3))",6,6.0,12.0,6,6,2,expanded,False,True,1593
"(((2, 2), (4, 2), (4, 4), (5, 6), (6, 4)), (1, 3))","(((2, 2), (4, 2), (4, 4), (5, 5), (6, 4)), (1, 3))",7,7,14.0,7,,,pruned,,,1594
"(((2, 1), (4, 2), (4, 4), (5, 5), (6, 4)), (1, 3))","(((2, 2), (4, 2), (4, 4), (5, 5), (6, 4)), (1, 3))",7,7,14.0,7,,,pruned,,,1595
"(((2, 2), (4, 1), (4, 4), (5, 5), (6, 4)), (1, 3))","(((2, 2), (4, 2), (4, 4), (5, 5), (6, 4)), (1, 3))",7,7,14.0,7,,,pruned,,,1596
"(((2, 2), (4, 2), (4, 4), (5, 5), (6, 4)), (1, 3))","(((2, 3), (4, 2), (4, 4), (5, 5), (6, 4)), (1, 3))",6,6.0,12.0,6,8,3,expanded,False,True,1597
"(((1, 3), (4, 2), (4, 4), (5, 5), (6, 5)), (1, 4))","(((2, 3), (4, 2), (4, 4), (5, 5), (6, 5)), (1, 3))",7,7,14.0,7,,,pruned,,,1598
"(((2, 3), (4, 2), (4, 4), (5, 6), (6, 5)), (1, 3))","(((2, 3), (4, 2), (4, 4), (5, 5), (6, 5)), (1, 3))",7,7,14.0,7,,,pruned,,,1599
"(((2, 3), (4, 2), (4, 4), (5, 5), (6, 6)), (1, 3))","(((2, 3), (4, 2), (4, 4), (5, 5), (6, 5)), (1, 3))",7,7,14.0,7,,,pruned,,,1600
"(((2, 3), (4, 1), (4, 4), (5, 5), (6, 5)), (1, 3))","(((2, 3), (4, 2), (4, 4), (5, 5), (6, 5)), (1, 3))",7,7,14.0,7,,,pruned,,,1601
"(((2, 3), (4, 2), (4, 4), (5, 5), (6, 5)), (1, 3))","(((2, 3), (4, 2), (4, 4), (5, 5), (6, 4)), (1, 3))",6,6.0,12.0,6,10,4,expanded,False,True,1602
"(((4, 4), (5, 4), (5, 5), (6, 2), (6, 4)), (1, 3))","(((4, 4), (5, 2), (5, 4), (5, 5), (6, 4)), (1, 3))",7,6,13.0,7,,,pruned,,,1603
"(((4, 4), (5, 1), (5, 4), (5, 5), (6, 4)), (1, 3))","(((4, 4), (5, 2), (5, 4), (5, 5), (6, 4)), (1, 3))",7,7,14.0,7,,,pruned,,,1604
"(((4, 4), (5, 2), (5, 4), (5, 5), (6, 4)), (1, 3))","(((4, 3), (5, 2), (5, 4), (5, 5), (6, 4)), (1, 3))",6,6.0,12.0,6,5,2,expanded,False,True,1605
"(((4, 1), (5, 2), (5, 4), (5, 5), (6, 4)), (1, 3))","(((4, 2), (5, 2), (5, 4), (5, 5), (6, 4)), (1, 3))",7,7,14.0,7,,,pruned,,,1606
"(((4, 2), (5, 1), (5, 4), (5, 5), (6, 4)), (1, 3))","(((4, 2), (5, 2), (5, 4), (5, 5), (6, 4)), (1, 3))",7,7,14.0,7,,,pruned,,,1607
"(((4, 2), (5, 2), (5, 4), (5, 5), (6, 4)), (1, 3))","(((4, 3), (5, 2), (5, 4), (5, 5), (6, 4)), (1, 3))",6,6.0,12.0,6,5,2,expanded,False,True,1608
"(((1, 4), (5, 2), (5, 4), (5, 5), (6, 4)), (1, 3))","(((2, 4), (5, 2), (5, 4), (5, 5), (6, 4)), (1, 3))",7,7,14.0,7,,,pruned,,,1609
"(((2, 4), (5, 4), (5, 5), (6, 2), (6, 4)), (1, 3))","(((2, 4), (5, 2), (5, 4), (5, 5), (6, 4)), (1, 3))",7,6,13.0,7,,,pruned,,,1610
"(((2, 4), (5, 1), (5, 4), (5, 5), (6, 4)), (1, 3))","(((2, 4), (5, 2), (5, 4), (5, 5), (6, 4)), (1, 3))",7,7,14.0,7,,,pruned,,,1611
"(((2, 4), (5, 2), (5, 4), (5, 5), (6, 4)), (1, 3))","(((2, 3), (5, 2), (5, 4), (5, 5), (6, 4)), (1, 3))",6,6.0,12.0,6,7,3,expanded,False,True,1612
"(((2, 1), (5, 2), (5, 4), (5, 5), (6, 4)), (1, 3))","(((2, 2), (5, 2), (5, 4), (5, 5), (6, 4)), (1, 3))",7,7,14.0,7,,,pruned,,,1613
"(((2, 2), (5, 4), (5, 5), (6, 2), (6, 4)), (1, 3))","(((2, 2), (5, 2), (5, 4), (5, 5), (6, 4)), (1, 3))",7,6,13.0,7,,,pruned,,,1614
"(((2, 2), (5, 1), (5, 4), (5, 5), (6, 4)), (1, 3))","(((2, 2), (5, 2), (5, 4), (5, 5), (6, 4)), (1, 3))",7,7,14.0,7,,,pruned,,,1615
"(((2, 2), (5, 2), (5, 4), (5, 5), (6, 4)), (1, 3))","(((2, 3), (5, 2), (5, 4), (5, 5), (6, 4)), (1, 3))",6,6.0,12.0,6,7,3,expanded,False,True,1616
"(((1, 3), (5, 2), (5, 4), (5, 5), (6, 5)), (1, 4))","(((2, 3), (5, 2), (5, 4), (5, 5), (6, 5)), (1, 3))",7,7,14.0,7,,,pruned,,,1617
"(((2, 3), (5, 2), (5, 4), (5, 5), (6, 6)), (1, 3))","(((2, 3), (5, 2), (5, 4), (5, 5), (6, 5)), (1, 3))",7,7,14.0,7,,,pruned,,,1618
"(((2, 3), (5, 4), (5, 5), (6, 2), (6, 5)), (1, 3))","(((2, 3), (5, 2), (5, 4), (5, 5), (6, 5)), (1, 3))",7,6,13.0,7,,,pruned,,,1619
"(((2, 3), (5, 1), (5, 4), (5, 5), (6, 5)), (1, 3))","(((2, 3), (5, 2), (5, 4), (5, 5), (6, 5)), (1, 3))",7,7,14.0,7,,,pruned,,,1620
"(((2, 3), (5, 2), (5, 4), (5, 5), (6, 5)), (1, 3))","(((2, 3), (5, 2), (5, 4), (5, 5), (6, 4)), (1, 3))",6,6.0,12.0,6,11,4,expanded,False,True,1621
"(((3, 4), (5, 4), (5, 5), (6, 3), (6, 5)), (1, 3))","(((3, 4), (5, 3), (5, 5), (6, 3), (6, 5)), (1, 3))",6,6.0,12.0,6,4,0,expanded,False,True,1622
"(((3, 4), (5, 2), (5, 6), (6, 3), (6, 5)), (1, 3))","(((3, 4), (5, 2), (5, 5), (6, 3), (6, 5)), (1, 3))",7,7,14.0,7,,,pruned,,,1623
"(((3, 4), (5, 2), (5, 5), (6, 3), (6, 6)), (1, 3))","(((3, 4), (5, 2), (5, 5), (6, 3), (6, 5)), (1, 3))",7,7,14.0,7,,,pruned,,,1624
"(((3, 4), (5, 2), (5, 5), (6, 2), (6, 5)), (1, 3))","(((3, 4), (5, 2), (5, 5), (6, 3), (6, 5)), (1, 3))",7,7,14.0,7,,,pruned,,,1625
"(((3, 4), (5, 5), (6, 2), (6, 3), (6, 5)), (1, 3))","(((3, 4), (5, 2), (5, 5), (6, 3), (6, 5)), (1, 3))",7,6,13.0,7,,,pruned,,,1626
"(((3, 4), (5, 1), (5, 5), (6, 3), (6, 5)), (1, 3))","(((3, 4), (5, 2), (5, 5), (6, 3), (6, 5)), (1, 3))",7,7,14.0,7,,,pruned,,,1627
"(((3, 4), (5, 2), (5, 5), (6, 3), (6, 5)), (1, 3))","(((3, 4), (5, 3), (5, 5), (6, 3), (6, 5)), (1, 3))",6,6.0,12.0,6,8,5,expanded,False,True,1628
"(((3, 4), (5, 3), (5, 6), (6, 4), (6, 5)), (1, 3))","(((3, 4), (5, 3), (5, 5), (6, 4), (6, 5)), (1, 3))",7,7,14.0,7,,,pruned,,,1629
"(((3, 4), (5, 3), (5, 5), (6, 4), (6, 5)), (1, 3))","(((3, 4), (5, 3), (5, 5), (6, 3), (6, 5)), (1, 3))",6,6.0,12.0,6,7,1,expanded,False,True,1630
"(((1, 4), (5, 2), (5, 3), (5, 5), (6, 5)), (1, 3))","(((2, 4), (5, 2), (5, 3), (5, 5), (6, 5)), (1, 3))",7,7,14.0,7,,,pruned,,,1631
"(((2, 4), (5, 2), (5, 3), (5, 6), (6, 5)), (1, 3))","(((2, 4), (5, 2), (5, 3), (5, 5), (6, 5)), (1, 3))",7,7,14.0,7,,,pruned,,,1632
"(((2, 4), (5, 2), (5, 3), (5, 5), (6, 6)), (1, 3))","(((2, 4), (5, 2), (5, 3), (5, 5), (6, 5)), (1, 3))",7,7,14.0,7,,,pruned,,,1633
"(((2, 4), (5, 3), (5, 5), (6, 2), (6, 5)), (1, 3))","(((2, 4), (5, 2), (5, 3), (5, 5), (6, 5)), (1, 3))",7,6,13.0,7,,,pruned,,,1634
"(((2, 4), (5, 2), (5, 3), (5, 5), (6, 5)), (1, 3))","(((2, 4), (4, 3), (5, 2), (5, 5), (6, 5)), (1, 3))",6,6.0,12.0,6,8,4,expanded,False,True,1635
"(((2, 2), (3, 4), (5, 3), (5, 6), (6, 5)), (1, 3))","(((2, 2), (3, 4), (5, 3), (5, 5), (6, 5)), (1, 3))",7,7,14.0,7,,,pruned,,,1636
"(((2, 2), (3, 4), (5, 3), (5, 5), (6, 6)), (1, 3))","(((2, 2), (3, 4), (5, 3), (5, 5), (6, 5)), (1, 3))",7,7,14.0,7,,,pruned,,,1637
"(((2, 1), (3, 4), (5, 3), (5, 5), (6, 5)), (1, 3))","(((2, 2), (3, 4), (5, 3), (5, 5), (6, 5)), (1, 3))",7,7,14.0,7,,,pruned,,,1638
"(((2, 2), (3, 4), (5, 3), (5, 5), (6, 5)), (1, 3))","(((2, 2), (4, 4), (5, 3), (5, 5), (6, 5)), (1, 3))",6,6.0,12.0,6,10,3,expanded,False,True,1639
"(((4, 3), (5, 4), (5, 5), (6, 2), (6, 5)), (1, 3))","(((4, 3), (5, 2), (5, 4), (5, 5), (6, 5)), (1, 3))",7,6,13.0,7,,,pruned,,,1640
"(((4, 3), (5, 2), (5, 4), (5, 5), (6, 5)), (1, 3))","(((3, 3), (5, 2), (5, 4), (5, 5), (6, 5)), (1, 3))",6,6.0,12.0,6,6,1,expanded,False,True,1641
"(((2, 2), (3, 4), (5, 2), (5, 6), (6, 4)), (1, 3))","(((2, 2), (3, 4), (5, 2), (5, 5), (6, 4)), (1, 3))",7,7,14.0,7,,,pruned,,,1642
"(((2, 1), (3, 4), (5, 2), (5, 5), (6, 4)), (1, 3))","(((2, 2), (3, 4), (5, 2), (5, 5), (6, 4)), (1, 3))",7,7,14.0,7,,,pruned,,,1643
"(((2, 2), (3, 4), (5, 5), (6, 2), (6, 4)), (1, 3))","(((2, 2), (3, 4), (5, 2), (5, 5), (6, 4)), (1, 3))",7,6,13.0,7,,,pruned,,,1644
"(((2, 2), (3, 4), (5, 1), (5, 5), (6, 4)), (1, 3))","(((2, 2), (3, 4), (5, 2), (5, 5), (6, 4)), (1, 3))",7,7,14.0,7,,,pruned,,,1645
"(((2, 2), (3, 4), (5, 2), (5, 5), (6, 4)), (1, 3))","(((2, 2), (4, 4), (5, 2), (5, 5), (6, 4)), (1, 3))",6,6.0,12.0,6,10,4,expanded,False,True,1646
"(((4, 2), (4, 4), (5, 6), (6, 3), (6, 5)), (1, 3))","(((4, 2), (4, 4), (5, 5), (6, 3), (6, 5)), (1, 3))",7,7,14.0,7,,,pruned,,,1647
"(((4, 2), (4, 4), (5, 5), (6, 3), (6, 6)), (1, 3))","(((4, 2), (4, 4), (5, 5), (6, 3), (6, 5)), (1, 3))",7,7,14.0,7,,,pruned,,,1648
"(((4, 2), (4, 4), (5, 5), (6, 2), (6, 5)), (1, 3))","(((4, 2), (4, 4), (5, 5), (6, 3), (6, 5)), (1, 3))",7,7,14.0,7,,,pruned,,,1649
"(((4, 1), (4, 4), (5, 5), (6, 3), (6, 5)), (1, 3))","(((4, 2), (4, 4), (5, 5), (6, 3), (6, 5)), (1, 3))",7,7,14.0,7,,,pruned,,,1650
"(((4, 2), (4, 4), (5, 5), (6, 3), (6, 5)), (1, 3))","(((3, 4), (4, 2), (5, 5), (6, 3), (6, 5)), (1, 3))",6,6.0,12.0,6,8,4,expanded,False,True,1651
"(((4, 4), (5, 3), (5, 5), (6, 2), (6, 5)), (1, 3))","(((4, 4), (5, 2), (5, 3), (5, 5), (6, 5)), (1, 3))",7,6,13.0,7,,,pruned,,,1652
"(((4, 4), (5, 2), (5, 3), (5, 5), (6, 5)), (1, 3))","(((4, 3), (4, 4), (5, 2), (5, 5), (6, 5)), (1, 3))",6,6.0,12.0,6,3,1,expanded,False,True,1653
"(((3, 4), (4, 4), (5, 3), (5, 4), (6, 6)), (1, 3))","(((3, 4), (4, 4), (5, 3), (5, 4), (6, 5)), (1, 3))",8,6,14.0,8,,,pruned,,,1654
"(((3, 4), (4, 4), (5, 3), (5, 4), (6, 5)), (1, 3))","(((3, 4), (4, 4), (5, 3), (5, 4), (6, 4)), (1, 3))",7,5.0,12.0,7,3,1,expanded,False,True,1655
"(((1, 3), (2, 4), (4, 4), (5, 4), (6, 5)), (2, 1))","(((2, 3), (2, 4), (4, 4), (5, 4), (6, 5)), (2, 1))",8,6,14.0,8,,,pruned,,,1656
"(((1, 4), (2, 3), (4, 4), (5, 4), (6, 5)), (2, 1))","(((2, 3), (2, 4), (4, 4), (5, 4), (6, 5)), (2, 1))",8,6,14.0,8,,,pruned,,,1657
"(((2, 3), (2, 4), (4, 4), (5, 4), (6, 6)), (2, 1))","(((2, 3), (2, 4), (4, 4), (5, 4), (6, 5)), (2, 1))",8,6,14.0,8,,,pruned,,,1658
"(((2, 3), (2, 4), (4, 4), (5, 4), (6, 5)), (2, 1))","(((2, 3), (2, 4), (4, 4), (5, 4), (6, 4)), (2, 1))",7,5.0,12.0,7,4,3,expanded,False,True,1659
"(((1, 4), (4, 3), (4, 4), (5, 4), (6, 5)), (1, 3))","(((2, 4), (4, 3), (4, 4), (5, 4), (6, 5)), (1, 3))",8,6,14.0,8,,,pruned,,,1660
"(((2, 4), (4, 3), (4, 4), (5, 4), (6, 6)), (1, 3))","(((2, 4), (4, 3), (4, 4), (5, 4), (6, 5)), (1, 3))",8,6,14.0,8,,,pruned,,,1661
"(((2, 4), (4, 3), (4, 4), (5, 4), (6, 5)), (1, 3))","(((2, 4), (4, 3), (4, 4), (5, 4), (6, 4)), (1, 3))",7,5.0,12.0,7,6,2,expanded,False,True,1662
"(((2, 4), (3, 3), (3, 4), (5, 4), (6, 6)), (1, 3))","(((2, 4), (3, 3), (3, 4), (5, 4), (6, 5)), (1, 3))",8,6,14.0,8,,,pruned,,,1663
"(((2, 4), (3, 3), (3, 4), (5, 4), (6, 5)), (1, 3))","(((2, 4), (3, 3), (3, 4), (5, 4), (6, 4)), (1, 3))",7,5.0,12.0,7,6,1,expanded,False,True,1664
"(((2, 4), (3, 3), (3, 4), (5, 2), (6, 6)), (1, 3))","(((2, 4), (3, 3), (3, 4), (5, 2), (6, 5)), (1, 3))",8,6,14.0,8,,,pruned,,,1665
"(((2, 4), (3, 3), (3, 4), (6, 2), (6, 5)), (1, 3))","(((2, 4), (3, 3), (3, 4), (5, 2), (6, 5)), (1, 3))",8,5,13.0,8,,,pruned,,,1666
"(((2, 4), (3, 3), (3, 4), (5, 1), (6, 5)), (1, 3))","(((2, 4), (3, 3), (3, 4), (5, 2), (6, 5)), (1, 3))",8,6,14.0,8,,,pruned,,,1667
"(((2, 4), (3, 3), (3, 4), (5, 2), (6, 5)), (1, 3))","(((2, 4), (3, 3), (3, 4), (5, 2), (6, 4)), (1, 3))",7,5.0,12.0,7,8,3,expanded,False,True,1668
"(((2, 4), (3, 4), (5, 2), (5, 6), (6, 3)), (1, 3))","(((2, 4), (3, 4), (5, 2), (5, 5), (6, 3)), (1, 3))",8,6,14.0,8,,,pruned,,,1669
"(((2, 4), (3, 4), (5, 2), (5, 5), (6, 2)), (1, 3))","(((2, 4), (3, 4), (5, 2), (5, 5), (6, 3)), (1, 3))",8,6,14.0,8,,,pruned,,,1670
"(((2, 4), (3, 4), (5, 5), (6, 2), (6, 3)), (1, 3))","(((2, 4), (3, 4), (5, 2), (5, 5), (6, 3)), (1, 3))",8,5,13.0,8,,,pruned,,,1671
"(((2, 4), (3, 4), (5, 1), (5, 5), (6, 3)), (1, 3))","(((2, 4), (3, 4), (5, 2), (5, 5), (6, 3)), (1, 3))",8,6,14.0,8,,,pruned,,,1672
"(((2, 4), (3, 4), (5, 2), (5, 5), (6, 3)), (1, 3))","(((2, 4), (3, 4), (5, 3), (5, 5), (6, 3)), (1, 3))",7,5.0,12.0,7,6,4,expanded,False,True,1673
"(((2, 1), (3, 3), (5, 4), (5, 5), (6, 4)), (1, 3))","(((2, 2), (3, 3), (5, 4), (5, 5), (6, 4)), (1, 3))",8,6,14.0,8,,,pruned,,,1674
"(((2, 2), (3, 3), (5, 4), (5, 5), (6, 4)), (1, 3))","(((2, 3), (3, 3), (5, 4), (5, 5), (6, 4)), (1, 3))",7,5.0,12.0,7,5,1,expanded,False,True,1675
"(((2, 3), (3, 3), (5, 4), (5, 5), (6, 6)), (1, 3))","(((2, 3), (3, 3), (5, 4), (5, 5), (6, 5)), (1, 3))",8,6,14.0,8,,,pruned,,,1676
"(((2, 3), (3, 3), (5, 4), (5, 5), (6, 5)), (1, 3))","(((2, 3), (3, 3), (5, 4), (5, 5), (6, 4)), (1, 3))",7,5.0,12.0,7,5,1,expanded,False,True,1677
"(((1, 4), (4, 2), (4, 4), (5, 4), (6, 4)), (1, 3))","(((2, 4), (4, 2), (4, 4), (5, 4), (6, 4)), (1, 3))",8,6,14.0,8,,,pruned,,,1678
"(((2, 4), (4, 1), (4, 4), (5, 4), (6, 4)), (1, 3))","(((2, 4), (4, 2), (4, 4), (5, 4), (6, 4)), (1, 3))",8,6,14.0,8,,,pruned,,,1679
"(((2, 4), (4, 2), (4, 4), (5, 4), (6, 4)), (1, 3))","(((2, 4), (4, 2), (4, 4), (5, 4), (6, 3)), (1, 3))",7,5.0,12.0,7,6,2,expanded,False,True,1680
"(((5, 4), (5, 5), (6, 2), (6, 3), (6, 4)), (1, 3))","(((5, 2), (5, 4), (5, 5), (6, 3), (6, 4)), (1, 3))",8,5,13.0,8,,,pruned,,,1681
"(((5, 1), (5, 4), (5, 5), (6, 3), (6, 4)), (1, 3))","(((5, 2), (5, 4), (5, 5), (6, 3), (6, 4)), (1, 3))",8,6,14.0,8,,,pruned,,,1682
"(((5, 2), (5, 4), (5, 5), (6, 3), (6, 4)), (1, 3))","(((4, 4), (5, 2), (5, 5), (6, 3), (6, 4)), (1, 3))",7,5.0,12.0,7,3,2,expanded,False,True,1683
"(((1, 4), (2, 2), (5, 5), (6, 3), (6, 4)), (1, 3))","(((2, 2), (2, 4), (5, 5), (6, 3), (6, 4)), (1, 3))",8,6,14.0,8,,,pruned,,,1684
"(((2, 2), (2, 4), (5, 6), (6, 3), (6, 4)), (1, 3))","(((2, 2), (2, 4), (5, 5), (6, 3), (6, 4)), (1, 3))",8,6,14.0,8,,,pruned,,,1685
"(((2, 1), (2, 4), (5, 5), (6, 3), (6, 4)), (1, 3))","(((2, 2), (2, 4), (5, 5), (6, 3), (6, 4)), (1, 3))",8,6,14.0,8,,,pruned,,,1686
"(((2, 2), (2, 4), (5, 5), (6, 3), (6, 4)), (1, 3))","(((2, 2), (3, 4), (5, 5), (6, 3), (6, 4)), (1, 3))",7,5.0,12.0,7,5,3,expanded,False,True,1687
"(((1, 3), (5, 5), (6, 3), (6, 4), (6, 5)), (1, 4))","(((2, 3), (5, 5), (6, 3), (6, 4), (6, 5)), (1, 3))",8,6,14.0,8,,,pruned,,,1688
"(((2, 3), (5, 6), (6, 3), (6, 4), (6, 5)), (1, 3))","(((2, 3), (5, 5), (6, 3), (6, 4), (6, 5)), (1, 3))",8,6,14.0,8,,,pruned,,,1689
"(((2, 3), (5, 5), (6, 3), (6, 4), (6, 5)), (1, 3))","(((2, 3), (5, 4), (5, 5), (6, 3), (6, 5)), (1, 3))",7,5.0,12.0,7,5,2,expanded,False,True,1690
"(((1, 3), (4, 3), (5, 5), (6, 4), (6, 5)), (1, 4))","(((2, 3), (4, 3), (5, 5), (6, 4), (6, 5)), (1, 3))",8,6,14.0,8,,,pruned,,,1691
"(((2, 3), (4, 3), (5, 6), (6, 4), (6, 5)), (1, 3))","(((2, 3), (4, 3), (5, 5), (6, 4), (6, 5)), (1, 3))",8,6,14.0,8,,,pruned,,,1692
"(((2, 3), (4, 3), (5, 5), (6, 4), (6, 5)), (1, 3))","(((2, 3), (5, 3), (5, 5), (6, 4), (6, 5)), (1, 3))",7,5.0,12.0,7,9,2,expanded,False,True,1693
"(((5, 3), (5, 4), (5, 5), (6, 3), (6, 5)), (1, 3))","(((4, 3), (5, 4), (5, 5), (6, 3), (6, 5)), (1, 3))",7,5.0,12.0,7,2,0,expanded,False,True,1694
"(((4, 3), (5, 6), (6, 3), (6, 4), (6, 5)), (1, 3))","(((4, 3), (5, 5), (6, 3), (6, 4), (6, 5)), (1, 3))",8,6,14.0,8,,,pruned,,,1695
"(((4, 3), (5, 5), (6, 3), (6, 4), (6, 5)), (1, 3))","(((4, 3), (5, 4), (5, 5), (6, 3), (6, 5)), (1, 3))",7,5.0,12.0,7,5,1,expanded,False,True,1696
"(((2, 2), (3, 3), (3, 4), (5, 6), (6, 4)), (2, 1))","(((2, 2), (3, 3), (3, 4), (5, 5), (6, 4)), (2, 1))",8,6,14.0,8,,,pruned,,,1697
"(((2, 2), (3, 3), (3, 4), (5, 5), (6, 4)), (2, 1))","(((2, 2), (3, 4), (4, 3), (5, 5), (6, 4)), (2, 1))",7,5.0,12.0,7,5,1,expanded,False,True,1698
"(((1, 4), (2, 2), (4, 3), (5, 5), (6, 4)), (1, 3))","(((2, 2), (2, 4), (4, 3), (5, 5), (6, 4)), (1, 3))",8,6,14.0,8,,,pruned,,,1699
"(((2, 2), (2, 4), (4, 3), (5, 6), (6, 4)), (1, 3))","(((2, 2), (2, 4), (4, 3), (5, 5), (6, 4)), (1, 3))",8,6,14.0,8,,,pruned,,,1700
"(((2, 1), (2, 4), (4, 3), (5, 5), (6, 4)), (1, 3))","(((2, 2), (2, 4), (4, 3), (5, 5), (6, 4)), (1, 3))",8,6,14.0,8,,,pruned,,,1701
"(((2, 2), (2, 4), (4, 3), (5, 5), (6, 4)), (1, 3))","(((2, 2), (3, 4), (4, 3), (5, 5), (6, 4)), (2, 1))",7,5.0,12.0,7,10,3,expanded,False,True,1702
"(((1, 3), (2, 2), (4, 4), (5, 5), (6, 4)), (1, 4))","(((2, 2), (2, 3), (4, 4), (5, 5), (6, 4)), (1, 3))",8,6,14.0,8,,,pruned,,,1703
"(((2, 2), (2, 3), (4, 4), (5, 6), (6, 4)), (1, 3))","(((2, 2), (2, 3), (4, 4), (5, 5), (6, 4)), (1, 3))",8,6,14.0,8,,,pruned,,,1704
"(((2, 2), (2, 3), (4, 4), (5, 5), (6, 4)), (1, 3))","(((2, 2), (3, 3), (4, 4), (5, 5), (6, 4)), (2, 1))",7,5.0,12.0,7,6,2,expanded,False,True,1705
"(((2, 1), (3, 3), (4, 4), (5, 4), (5, 5)), (1, 3))","(((2, 2), (3, 3), (4, 4), (5, 4), (5, 5)), (1, 3))",8,6,14.0,8,,,pruned,,,1706
"(((2, 2), (3, 3), (4, 4), (5, 4), (5, 5)), (1, 3))","(((2, 2), (2, 3), (4, 4), (5, 4), (5, 5)), (1, 3))",7,5.0,12.0,7,2,1,expanded,False,True,1707
"(((3, 3), (4, 1), (4, 4), (5, 4), (5, 5)), (4, 2))","(((3, 3), (4, 2), (4, 4), (5, 4), (5, 5)), (1, 3))",8,6,14.0,8,,,pruned,,,1708
"(((3, 3), (4, 2), (4, 4), (5, 4), (5, 5)), (1, 3))","(((4, 2), (4, 3), (4, 4), (5, 4), (5, 5)), (1, 3))",7,5.0,12.0,7,4,1,expanded,False,True,1709
"(((1, 3), (3, 4), (4, 2), (5, 4), (5, 5)), (1, 4))","(((2, 3), (3, 4), (4, 2), (5, 4), (5, 5)), (2, 1))",8,6,14.0,8,,,pruned,,,1710
"(((2, 3), (3, 4), (4, 1), (5, 4), (5, 5)), (3, 3))","(((2, 3), (3, 4), (4, 2), (5, 4), (5, 5)), (2, 1))",8,6,14.0,8,,,pruned,,,1711
"(((2, 3), (3, 4), (4, 2), (5, 4), (5, 5)), (2, 1))","(((3, 3), (3, 4), (4, 2), (5, 4), (5, 5)), (1, 3))",7,5.0,12.0,7,7,2,expanded,False,True,1712
"(((4, 3), (4, 4), (5, 4), (5, 5), (6, 2)), (1, 3))","(((4, 3), (4, 4), (5, 2), (5, 4), (5, 5)), (1, 3))",8,5,13.0,8,,,pruned,,,1713
"(((4, 3), (4, 4), (5, 2), (5, 4), (5, 5)), (1, 3))","(((3, 4), (4, 3), (5, 2), (5, 4), (5, 5)), (1, 3))",7,5.0,12.0,7,3,1,expanded,False,True,1714
"(((3, 4), (5, 3), (5, 4), (5, 5), (6, 2)), (1, 3))","(((3, 4), (5, 2), (5, 3), (5, 4), (5, 5)), (1, 3))",8,5,13.0,8,,,pruned,,,1715
"(((3, 4), (5, 2), (5, 3), (5, 4), (5, 5)), (1, 3))","(((3, 4), (4, 3), (5, 2), (5, 4), (5, 5)), (1, 3))",7,5.0,12.0,7,5,1,expanded,False,True,1716
"(((1, 4), (5, 2), (5, 4), (5, 5), (6, 3)), (1, 3))","(((2, 4), (5, 2), (5, 4), (5, 5), (6, 3)), (1, 3))",8,6,14.0,8,,,pruned,,,1717
"(((2, 4), (5, 4), (5, 5), (6, 2), (6, 3)), (1, 3))","(((2, 4), (5, 2), (5, 4), (5, 5), (6, 3)), (1, 3))",8,5,13.0,8,,,pruned,,,1718
"(((2, 4), (5, 1), (5, 4), (5, 5), (6, 3)), (1, 3))","(((2, 4), (5, 2), (5, 4), (5, 5), (6, 3)), (1, 3))",8,6,14.0,8,,,pruned,,,1719
"(((2, 4), (5, 2), (5, 4), (5, 5), (6, 3)), (1, 3))","(((2, 4), (5, 2), (5, 3), (5, 4), (5, 5)), (1, 3))",7,5.0,12.0,7,6,3,expanded,False,True,1720
"(((3, 4), (4, 1), (4, 4), (5, 2), (5, 4)), (1, 3))","(((3, 4), (4, 2), (4, 4), (5, 2), (5, 4)), (1, 3))",8,6,14.0,8,,,pruned,,,1721
"(((3, 4), (4, 2), (4, 4), (5, 1), (5, 4)), (1, 3))","(((3, 4), (4, 2), (4, 4), (5, 2), (5, 4)), (1, 3))",8,6,14.0,8,,,pruned,,,1722
"(((3, 4), (4, 2), (4, 4), (5, 2), (5, 4)), (1, 3))","(((2, 4), (4, 2), (4, 4), (5, 2), (5, 4)), (1, 3))",7,5.0,12.0,7,6,2,expanded,False,True,1723
"(((2, 4), (3, 4), (4, 1), (5, 2), (5, 4)), (1, 3))","(((2, 4), (3, 4), (4, 2), (5, 2), (5, 4)), (1, 3))",8,6,14.0,8,,,pruned,,,1724
"(((2, 4), (3, 4), (4, 2), (5, 1), (5, 4)), (1, 3))","(((2, 4), (3, 4), (4, 2), (5, 2), (5, 4)), (1, 3))",8,6,14.0,8,,,pruned,,,1725
"(((2, 4), (3, 4), (4, 2), (5, 2), (5, 4)), (1, 3))","(((2, 4), (3, 4), (4, 2), (5, 2), (5, 5)), (1, 3))",7,5.0,12.0,7,8,2,expanded,False,True,1726
"(((2, 2), (3, 4), (5, 3), (5, 6), (6, 4)), (1, 3))","(((2, 2), (3, 4), (5, 3), (5, 5), (6, 4)), (1, 3))",8,6,14.0,8,,,pruned,,,1727
"(((2, 1), (3, 4), (5, 3), (5, 5), (6, 4)), (1, 3))","(((2, 2), (3, 4), (5, 3), (5, 5), (6, 4)), (1, 3))",8,6,14.0,8,,,pruned,,,1728
"(((2, 2), (3, 4), (5, 3), (5, 5), (6, 4)), (1, 3))","(((2, 2), (3, 4), (5, 2), (5, 5), (6, 4)), (1, 3))",7,5.0,12.0,7,10,2,expanded,False,True,1729
"(((2, 4), (3, 3), (3, 4), (4, 1), (5, 2)), (4, 2))","(((2, 4), (3, 3), (3, 4), (4, 2), (5, 2)), (4, 3))",9,5,14.0,9,,,pruned,,,1730
"(((2, 4), (3, 3), (3, 4), (4, 2), (5, 1)), (4, 3))","(((2, 4), (3, 3), (3, 4), (4, 2), (5, 2)), (4, 3))",9,5,14.0,9,,,pruned,,,1731
"(((2, 4), (3, 3), (3, 4), (4, 2), (5, 2)), (4, 3))","(((2, 4), (3, 3), (3, 4), (4, 2), (5, 3)), (1, 3))",8,4.0,12.0,8,3,2,expanded,False,True,1732
"(((3, 3), (3, 4), (4, 4), (5, 3), (6, 6)), (1, 3))","(((3, 3), (3, 4), (4, 4), (5, 3), (6, 5)), (1, 3))",9,5,14.0,9,,,pruned,,,1733
"(((3, 3), (3, 4), (4, 4), (5, 3), (6, 5)), (1, 3))","(((3, 3), (3, 4), (4, 4), (5, 3), (6, 4)), (1, 3))",8,4.0,12.0,8,8,1,expanded,False,True,1734
"(((2, 4), (3, 4), (4, 2), (4, 3), (4, 4)), (1, 3))","(((2, 3), (3, 4), (4, 2), (4, 3), (4, 4)), (2, 1))",8,4.0,12.0,8,2,0,expanded,False,True,1735
"(((1, 3), (2, 4), (3, 4), (4, 4), (6, 4)), (2, 1))","(((2, 3), (2, 4), (3, 4), (4, 4), (6, 4)), (2, 1))",9,5,14.0,9,,,pruned,,,1736
"(((2, 3), (2, 4), (3, 4), (4, 4), (6, 4)), (2, 1))","(((2, 3), (2, 4), (3, 4), (4, 3), (6, 4)), (2, 1))",8,4.0,12.0,8,3,1,expanded,False,True,1737
"(((1, 3), (2, 4), (3, 4), (4, 2), (6, 4)), (2, 1))","(((2, 3), (2, 4), (3, 4), (4, 2), (6, 4)), (2, 1))",9,5,14.0,9,,,pruned,,,1738
"(((2, 3), (2, 4), (3, 4), (4, 1), (6, 4)), (3, 3))","(((2, 3), (2, 4), (3, 4), (4, 2), (6, 4)), (2, 1))",9,5,14.0,9,,,pruned,,,1739
"(((2, 3), (2, 4), (3, 4), (4, 2), (6, 4)), (2, 1))","(((2, 3), (2, 4), (3, 4), (4, 3), (6, 4)), (2, 1))",8,4.0,12.0,8,5,2,expanded,False,True,1740
"(((2, 3), (2, 4), (3, 4), (4, 3), (6, 6)), (2, 1))","(((2, 3), (2, 4), (3, 4), (4, 3), (6, 5)), (2, 1))",9,5,14.0,9,,,pruned,,,1741
"(((2, 3), (2, 4), (3, 4), (4, 3), (6, 5)), (2, 1))","(((2, 3), (2, 4), (3, 4), (4, 3), (6, 4)), (2, 1))",8,4.0,12.0,8,5,1,expanded,False,True,1742
"(((2, 4), (3, 4), (5, 3), (5, 4), (6, 4)), (1, 3))","(((2, 4), (3, 4), (5, 3), (5, 4), (6, 3)), (1, 3))",8,4.0,12.0,8,3,0,expanded,False,True,1743
"(((2, 4), (3, 4), (4, 4), (6, 3), (6, 4)), (1, 3))","(((2, 4), (3, 4), (4, 3), (6, 3), (6, 4)), (1, 3))",8,4.0,12.0,8,0,0,expanded,False,True,1744
"(((2, 4), (3, 4), (4, 1), (6, 3), (6, 4)), (1, 3))","(((2, 4), (3, 4), (4, 2), (6, 3), (6, 4)), (1, 3))",9,5,14.0,9,,,pruned,,,1745
"(((2, 4), (3, 4), (4, 2), (6, 3), (6, 4)), (1, 3))","(((2, 4), (3, 4), (4, 3), (6, 3), (6, 4)), (1, 3))",8,4.0,12.0,8,2,1,expanded,False,True,1746
"(((2, 4), (3, 4), (4, 3), (4, 4), (6, 4)), (1, 3))","(((2, 4), (3, 4), (4, 3), (4, 4), (6, 3)), (1, 3))",8,4.0,12.0,8,4,0,expanded,False,True,1747
"(((2, 4), (3, 4), (4, 4), (5, 3), (6, 2)), (1, 3))","(((2, 4), (3, 4), (4, 4), (5, 2), (5, 3)), (1, 3))",9,4,13.0,9,,,pruned,,,1748
"(((2, 4), (3, 4), (4, 4), (5, 2), (5, 3)), (1, 3))","(((2, 4), (3, 4), (4, 3), (5, 2), (5, 3)), (1, 3))",8,4.0,12.0,8,2,1,expanded,False,True,1749
"(((2, 4), (4, 2), (4, 3), (4, 4), (5, 1)), (5, 2))","(((2, 4), (4, 2), (4, 3), (4, 4), (5, 2)), (5, 3))",9,5,14.0,9,,,pruned,,,1750
"(((2, 4), (4, 2), (4, 3), (4, 4), (5, 2)), (5, 3))","(((2, 4), (4, 2), (4, 3), (4, 4), (5, 3)), (1, 3))",8,4.0,12.0,8,3,1,expanded,False,True,1751
"(((1, 3), (2, 4), (4, 2), (4, 4), (5, 2)), (2, 1))","(((2, 3), (2, 4), (4, 2), (4, 4), (5, 2)), (3, 3))",9,5,14.0,9,,,pruned,,,1752
"(((1, 4), (2, 3), (4, 2), (4, 4), (5, 2)), (2, 4))","(((2, 3), (2, 4), (4, 2), (4, 4), (5, 2)), (3, 3))",9,5,14.0,9,,,pruned,,,1753
"(((2, 3), (2, 4), (4, 1), (4, 4), (5, 2)), (3, 3))","(((2, 3), (2, 4), (4, 2), (4, 4), (5, 2)), (3, 3))",9,5,14.0,9,,,pruned,,,1754
"(((2, 3), (2, 4), (4, 2), (4, 4), (5, 1)), (3, 3))","(((2, 3), (2, 4), (4, 2), (4, 4), (5, 2)), (3, 3))",9,5,14.0,9,,,pruned,,,1755
"(((2, 3), (2, 4), (4, 2), (4, 4), (5, 2)), (3, 3))","(((2, 3), (2, 4), (4, 2), (4, 4), (5, 3)), (2, 1))",8,4.0,12.0,8,6,4,expanded,False,True,1756
"(((2, 4), (3, 4), (4, 1), (5, 2), (5, 3)), (1, 3))","(((2, 4), (3, 4), (4, 2), (5, 2), (5, 3)), (1, 3))",9,5,14.0,9,,,pruned,,,1757
"(((2, 4), (3, 4), (4, 2), (5, 2), (5, 3)), (1, 3))","(((2, 4), (3, 4), (4, 3), (5, 2), (5, 3)), (4, 4))",8,4.0,12.0,8,4,1,expanded,False,True,1758
"(((1, 4), (4, 2), (4, 4), (5, 2), (6, 3)), (1, 3))","(((2, 4), (4, 2), (4, 4), (5, 2), (6, 3)), (1, 3))",9,5,14.0,9,,,pruned,,,1759
"(((2, 4), (4, 2), (4, 4), (5, 2), (6, 2)), (1, 3))","(((2, 4), (4, 2), (4, 4), (5, 2), (6, 3)), (1, 3))",9,5,14.0,9,,,pruned,,,1760
"(((2, 4), (4, 1), (4, 4), (5, 2), (6, 3)), (1, 3))","(((2, 4), (4, 2), (4, 4), (5, 2), (6, 3)), (1, 3))",9,5,14.0,9,,,pruned,,,1761
"(((2, 4), (4, 2), (4, 4), (5, 1), (6, 3)), (1, 3))","(((2, 4), (4, 2), (4, 4), (5, 2), (6, 3)), (1, 3))",9,5,14.0,9,,,pruned,,,1762
"(((2, 4), (4, 2), (4, 4), (5, 2), (6, 3)), (1, 3))","(((2, 4), (4, 2), (4, 4), (5, 3), (6, 3)), (5, 4))",8,4.0,12.0,8,9,4,expanded,False,True,1763
"(((1, 4), (4, 4), (5, 4), (6, 3), (6, 4)), (1, 3))","(((2, 4), (4, 4), (5, 4), (6, 3), (6, 4)), (1, 3))",9,5,14.0,9,,,pruned,,,1764
"(((2, 4), (4, 4), (5, 4), (6, 3), (6, 4)), (1, 3))","(((2, 4), (4, 4), (5, 3), (5, 4), (6, 4)), (1, 3))",8,4.0,12.0,8,3,1,expanded,False,True,1765
"(((1, 3), (2, 4), (3, 4), (6, 3), (6, 5)), (2, 1))","(((2, 3), (2, 4), (3, 4), (6, 3), (6, 5)), (2, 1))",9,5,14.0,9,,,pruned,,,1766
"(((2, 3), (2, 4), (3, 4), (6, 3), (6, 6)), (2, 1))","(((2, 3), (2, 4), (3, 4), (6, 3), (6, 5)), (2, 1))",9,5,14.0,9,,,pruned,,,1767
"(((2, 3), (2, 4), (3, 4), (6, 2), (6, 5)), (2, 1))","(((2, 3), (2, 4), (3, 4), (6, 3), (6, 5)), (2, 1))",9,5,14.0,9,,,pruned,,,1768
"(((2, 3), (2, 4), (3, 4), (6, 3), (6, 5)), (2, 1))","(((2, 3), (2, 4), (3, 4), (5, 3), (6, 5)), (2, 1))",8,4.0,12.0,8,5,3,expanded,False,True,1769
"(((1, 3), (2, 4), (3, 4), (4, 2), (4, 4)), (2, 1))","(((2, 3), (2, 4), (3, 4), (4, 2), (4, 4)), (2, 1))",9,5,14.0,9,,,pruned,,,1770
"(((2, 3), (2, 4), (3, 4), (4, 1), (4, 4)), (3, 3))","(((2, 3), (2, 4), (3, 4), (4, 2), (4, 4)), (2, 1))",9,5,14.0,9,,,pruned,,,1771
"(((2, 3), (2, 4), (3, 4), (4, 2), (4, 4)), (2, 1))","(((2, 3), (2, 4), (3, 4), (4, 4), (5, 2)), (2, 1))",8,4.0,12.0,8,3,2,expanded,False,True,1772
"(((2, 4), (3, 4), (4, 2), (4, 3), (6, 4)), (1, 3))","(((2, 4), (3, 3), (3, 4), (4, 2), (6, 4)), (1, 3))",8,4.0,12.0,8,4,0,expanded,False,True,1773
"(((2, 4), (3, 4), (4, 2), (4, 4), (6, 2)), (1, 3))","(((2, 4), (3, 4), (4, 2), (4, 4), (6, 3)), (1, 3))",9,5,14.0,9,,,pruned,,,1774
"(((2, 4), (3, 4), (4, 1), (4, 4), (6, 3)), (1, 3))","(((2, 4), (3, 4), (4, 2), (4, 4), (6, 3)), (1, 3))",9,5,14.0,9,,,pruned,,,1775
"(((2, 4), (3, 4), (4, 2), (4, 4), (6, 3)), (1, 3))","(((2, 4), (3, 4), (4, 2), (4, 4), (5, 3)), (1, 3))",8,4.0,12.0,8,4,2,expanded,False,True,1776
"(((2, 4), (3, 4), (5, 3), (6, 2), (6, 4)), (1, 3))","(((2, 4), (3, 4), (5, 2), (5, 3), (6, 4)), (1, 3))",9,4,13.0,9,,,pruned,,,1777
"(((2, 4), (3, 4), (5, 2), (5, 3), (6, 4)), (1, 3))","(((2, 4), (3, 4), (4, 3), (5, 2), (6, 4)), (1, 3))",8,4.0,12.0,8,3,1,expanded,False,True,1778
"(((2, 4), (3, 4), (4, 3), (6, 3), (6, 6)), (1, 3))","(((2, 4), (3, 4), (4, 3), (6, 3), (6, 5)), (1, 3))",9,5,14.0,9,,,pruned,,,1779
"(((2, 4), (3, 4), (4, 3), (6, 2), (6, 5)), (1, 3))","(((2, 4), (3, 4), (4, 3), (6, 3), (6, 5)), (1, 3))",9,5,14.0,9,,,pruned,,,1780
"(((2, 4), (3, 4), (4, 3), (6, 3), (6, 5)), (1, 3))","(((2, 4), (3, 3), (3, 4), (6, 3), (6, 5)), (1, 3))",8,4.0,12.0,8,8,2,expanded,False,True,1781
"(((2, 4), (3, 4), (5, 4), (6, 2), (6, 3)), (1, 3))","(((2, 4), (3, 4), (5, 2), (5, 4), (6, 3)), (1, 3))",9,4,13.0,9,,,pruned,,,1782
"(((2, 4), (3, 4), (5, 1), (5, 4), (6, 3)), (1, 3))","(((2, 4), (3, 4), (5, 2), (5, 4), (6, 3)), (1, 3))",9,5,14.0,9,,,pruned,,,1783
"(((2, 4), (3, 4), (5, 2), (5, 4), (6, 3)), (1, 3))","(((2, 4), (3, 4), (5, 2), (5, 3), (5, 4)), (1, 3))",8,4.0,12.0,8,5,2,expanded,False,True,1784
"(((2, 4), (3, 4), (5, 2), (5, 4), (6, 2)), (1, 3))","(((2, 4), (3, 4), (5, 2), (5, 4), (6, 3)), (5, 5))",9,5,14.0,9,,,pruned,,,1785
"(((2, 4), (3, 4), (5, 2), (5, 4), (6, 3)), (5, 5))","(((2, 4), (3, 4), (5, 2), (5, 5), (6, 3)), (1, 3))",8,4.0,12.0,8,3,1,expanded,False,True,1786
"(((3, 4), (4, 2), (4, 4), (5, 2), (5, 3)), (5, 4))","(((3, 4), (4, 2), (4, 4), (5, 2), (5, 4)), (1, 3))",8,4.0,12.0,8,1,0,expanded,False,True,1787
"(((1, 4), (4, 3), (4, 4), (5, 3), (6, 4)), (1, 3))","(((2, 4), (4, 3), (4, 4), (5, 3), (6, 4)), (1, 3))",10,4,14.0,10,,,pruned,,,1788
"(((2, 4), (4, 3), (4, 4), (5, 3), (6, 4)), (1, 3))","(((2, 4), (4, 3), (4, 4), (5, 3), (6, 3)), (1, 3))",9,3.0,12.0,9,5,1,expanded,False,True,1789
"(((1, 3), (2, 4), (4, 4), (5, 3), (6, 4)), (2, 1))","(((2, 3), (2, 4), (4, 4), (5, 3), (6, 4)), (2, 1))",10,4,14.0,10,,,pruned,,,1790
"(((1, 4), (2, 3), (4, 4), (5, 3), (6, 4)), (2, 1))","(((2, 3), (2, 4), (4, 4), (5, 3), (6, 4)), (2, 1))",10,4,14.0,10,,,pruned,,,1791
"(((2, 3), (2, 4), (4, 4), (5, 3), (6, 4)), (2, 1))","(((2, 3), (2, 4), (4, 4), (5, 3), (6, 3)), (2, 1))",9,3.0,12.0,9,7,2,expanded,False,True,1792
"(((2, 3), (2, 4), (3, 3), (3, 4), (6, 2)), (2, 1))","(((2, 3), (2, 4), (3, 3), (3, 4), (5, 2)), (2, 1))",10,3,13.0,10,,,pruned,,,1793
"(((2, 3), (2, 4), (3, 3), (3, 4), (5, 1)), (2, 1))","(((2, 3), (2, 4), (3, 3), (3, 4), (5, 2)), (2, 1))",10,4,14.0,10,,,pruned,,,1794
"(((2, 3), (2, 4), (3, 3), (3, 4), (5, 2)), (2, 1))","(((2, 3), (2, 4), (3, 3), (3, 4), (5, 3)), (2, 1))",9,3.0,12.0,9,4,2,expanded,False,True,1795
"(((2, 3), (2, 4), (3, 3), (4, 4), (6, 4)), (2, 1))","(((2, 3), (2, 4), (3, 3), (4, 4), (6, 3)), (2, 1))",9,3.0,12.0,9,3,0,expanded,False,True,1796
"(((1, 3), (2, 4), (3, 4), (4, 2), (6, 3)), (2, 1))","(((2, 3), (2, 4), (3, 4), (4, 2), (6, 3)), (2, 1))",10,4,14.0,10,,,pruned,,,1797
"(((2, 3), (2, 4), (3, 4), (4, 2), (6, 2)), (2, 1))","(((2, 3), (2, 4), (3, 4), (4, 2), (6, 3)), (2, 1))",10,4,14.0,10,,,pruned,,,1798
"(((2, 3), (2, 4), (3, 4), (4, 1), (6, 3)), (3, 3))","(((2, 3), (2, 4), (3, 4), (4, 2), (6, 3)), (2, 1))",10,4,14.0,10,,,pruned,,,1799
"(((2, 3), (2, 4), (3, 4), (4, 2), (6, 3)), (2, 1))","(((2, 3), (2, 4), (3, 4), (4, 3), (6, 3)), (2, 1))",9,3.0,12.0,9,5,3,expanded,False,True,1800
"(((1, 3), (3, 4), (4, 4), (6, 3), (6, 4)), (1, 4))","(((2, 3), (3, 4), (4, 4), (6, 3), (6, 4)), (2, 1))",10,4,14.0,10,,,pruned,,,1801
"(((2, 3), (3, 4), (4, 4), (6, 3), (6, 4)), (2, 1))","(((2, 3), (3, 4), (4, 4), (5, 3), (6, 4)), (2, 1))",9,3.0,12.0,9,2,1,expanded,False,True,1802
"(((2, 3), (3, 4), (4, 3), (4, 4), (6, 4)), (2, 1))","(((2, 3), (3, 4), (4, 4), (5, 3), (6, 4)), (2, 1))",9,3.0,12.0,9,4,0,expanded,False,True,1803
"(((2, 3), (2, 4), (3, 4), (4, 2), (4, 3)), (2, 1))","(((2, 3), (2, 4), (3, 4), (4, 2), (5, 3)), (2, 1))",9,3.0,12.0,9,1,0,expanded,False,True,1804
"(((2, 4), (3, 3), (4, 4), (6, 3), (6, 4)), (1, 3))","(((2, 4), (3, 3), (4, 4), (5, 3), (6, 4)), (1, 3))",9,3.0,12.0,9,4,0,expanded,False,True,1805
"(((2, 4), (3, 3), (4, 3), (4, 4), (6, 4)), (1, 3))","(((2, 4), (3, 3), (4, 4), (5, 3), (6, 4)), (1, 3))",9,3.0,12.0,9,4,0,expanded,False,True,1806
"(((2, 3), (2, 4), (3, 3), (4, 1), (4, 4)), (4, 2))","(((2, 3), (2, 4), (3, 3), (4, 2), (4, 4)), (2, 1))",10,4,14.0,10,,,pruned,,,1807
"(((2, 3), (2, 4), (3, 3), (4, 2), (4, 4)), (2, 1))","(((2, 3), (2, 4), (3, 3), (4, 4), (5, 2)), (2, 1))",9,3.0,12.0,9,3,1,expanded,False,True,1808
"(((2, 4), (3, 4), (4, 2), (4, 3), (6, 2)), (1, 3))","(((2, 4), (3, 4), (4, 2), (4, 3), (6, 3)), (1, 3))",10,4,14.0,10,,,pruned,,,1809
"(((2, 4), (3, 4), (4, 2), (4, 3), (6, 3)), (1, 3))","(((2, 4), (3, 3), (3, 4), (4, 2), (6, 3)), (1, 3))",9,3.0,12.0,9,4,1,expanded,False,True,1810
"(((2, 4), (3, 4), (5, 2), (5, 3), (6, 2)), (1, 3))","(((2, 4), (3, 4), (5, 2), (5, 3), (6, 3)), (1, 3))",10,4,14.0,10,,,pruned,,,1811
"(((2, 4), (3, 4), (5, 3), (6, 2), (6, 3)), (1, 3))","(((2, 4), (3, 4), (5, 2), (5, 3), (6, 3)), (1, 3))",10,3,13.0,10,,,pruned,,,1812
"(((2, 4), (3, 4), (5, 2), (5, 3), (6, 3)), (1, 3))","(((2, 4), (3, 4), (4, 3), (5, 2), (6, 3)), (1, 3))",9,3.0,12.0,9,2,2,expanded,True,True,1813
"(((3, 4), (4, 3), (4, 4), (6, 3), (6, 4)), (1, 3))","(((3, 3), (3, 4), (4, 4), (6, 3), (6, 4)), (1, 3))",9,3.0,12.0,9,2,0,expanded,False,True,1814
"(((1, 3), (2, 4), (5, 2), (6, 3), (6, 4)), (2, 1))","(((2, 3), (2, 4), (5, 2), (6, 3), (6, 4)), (2, 1))",10,4,14.0,10,,,pruned,,,1815
"(((1, 4), (2, 3), (5, 2), (6, 3), (6, 4)), (2, 1))","(((2, 3), (2, 4), (5, 2), (6, 3), (6, 4)), (2, 1))",10,4,14.0,10,,,pruned,,,1816
"(((2, 3), (2, 4), (6, 2), (6, 3), (6, 4)), (2, 1))","(((2, 3), (2, 4), (5, 2), (6, 3), (6, 4)), (2, 1))",10,3,13.0,10,,,pruned,,,1817
"(((2, 3), (2, 4), (5, 1), (6, 3), (6, 4)), (2, 1))","(((2, 3), (2, 4), (5, 2), (6, 3), (6, 4)), (2, 1))",10,4,14.0,10,,,pruned,,,1818
"(((2, 3), (2, 4), (5, 2), (6, 3), (6, 4)), (2, 1))","(((2, 3), (2, 4), (5, 2), (5, 4), (6, 3)), (2, 1))",9,3.0,12.0,9,5,4,expanded,False,True,1819
"(((3, 4), (4, 3), (5, 4), (6, 2), (6, 3)), (1, 3))","(((3, 4), (4, 3), (5, 2), (5, 4), (6, 3)), (1, 3))",10,3,13.0,10,,,pruned,,,1820
"(((3, 4), (4, 3), (5, 2), (5, 4), (6, 3)), (1, 3))","(((2, 4), (4, 3), (5, 2), (5, 4), (6, 3)), (1, 3))",9,3.0,12.0,9,5,1,expanded,False,True,1821
"(((1, 4), (5, 2), (5, 3), (5, 4), (6, 3)), (1, 3))","(((2, 4), (5, 2), (5, 3), (5, 4), (6, 3)), (1, 3))",10,4,14.0,10,,,pruned,,,1822
"(((2, 4), (5, 3), (5, 4), (6, 2), (6, 3)), (1, 3))","(((2, 4), (5, 2), (5, 3), (5, 4), (6, 3)), (1, 3))",10,3,13.0,10,,,pruned,,,1823
"(((2, 4), (5, 2), (5, 3), (5, 4), (6, 3)), (1, 3))","(((2, 4), (4, 3), (5, 2), (5, 4), (6, 3)), (1, 3))",9,3.0,12.0,9,4,2,expanded,False,True,1824
"(((1, 4), (4, 3), (5, 2), (6, 3), (6, 4)), (1, 3))","(((2, 4), (4, 3), (5, 2), (6, 3), (6, 4)), (1, 3))",10,4,14.0,10,,,pruned,,,1825
"(((2, 4), (4, 3), (6, 2), (6, 3), (6, 4)), (1, 3))","(((2, 4), (4, 3), (5, 2), (6, 3), (6, 4)), (1, 3))",10,3,13.0,10,,,pruned,,,1826
"(((2, 4), (4, 3), (5, 1), (6, 3), (6, 4)), (1, 3))","(((2, 4), (4, 3), (5, 2), (6, 3), (6, 4)), (1, 3))",10,4,14.0,10,,,pruned,,,1827
"(((2, 4), (4, 3), (5, 2), (6, 3), (6, 4)), (1, 3))","(((2, 4), (4, 3), (5, 2), (5, 4), (6, 3)), (1, 3))",9,3.0,12.0,9,9,3,expanded,False,True,1828
"(((3, 4), (4, 2), (4, 3), (5, 3), (5, 4)), (1, 3))","(((2, 4), (4, 2), (4, 3), (5, 3), (5, 4)), (1, 3))",9,3.0,12.0,9,2,0,expanded,False,True,1829
"(((1, 4), (4, 2), (4, 3), (5, 3), (6, 4)), (1, 3))","(((2, 4), (4, 2), (4, 3), (5, 3), (6, 4)), (1, 3))",10,4,14.0,10,,,pruned,,,1830
"(((2, 4), (4, 2), (4, 3), (5, 3), (6, 4)), (1, 3))","(((2, 4), (4, 2), (4, 3), (5, 3), (5, 4)), (1, 3))",9,3.0,12.0,9,6,1,expanded,False,True,1831
"(((3, 3), (3, 4), (4, 4), (5, 3), (6, 4)), (5, 4))","(((3, 3), (3, 4), (4, 4), (5, 3), (6, 5)), (1, 3))",9,3.0,12.0,9,2,0,expanded,False,True,1832
"(((1, 4), (4, 2), (4, 4), (5, 3), (6, 3)), (1, 3))","(((2, 4), (4, 2), (4, 4), (5, 3), (6, 3)), (1, 3))",10,4,14.0,10,,,pruned,,,1833
"(((2, 4), (4, 1), (4, 4), (5, 3), (6, 3)), (1, 3))","(((2, 4), (4, 2), (4, 4), (5, 3), (6, 3)), (1, 3))",10,4,14.0,10,,,pruned,,,1834
"(((2, 4), (4, 2), (4, 4), (5, 3), (6, 3)), (1, 3))","(((2, 4), (4, 2), (4, 4), (5, 2), (6, 3)), (1, 3))",9,3.0,12.0,9,7,2,expanded,False,True,1835
"(((3, 4), (4, 3), (5, 3), (5, 4), (6, 3)), (1, 3))","(((2, 4), (4, 3), (5, 3), (5, 4), (6, 3)), (1, 3))",10,2.0,12.0,10,3,0,expanded,False,True,1836
"(((1, 4), (4, 3), (5, 3), (6, 3), (6, 4)), (1, 3))","(((2, 4), (4, 3), (5, 3), (6, 3), (6, 4)), (1, 3))",11,3,14.0,11,,,pruned,,,1837
"(((2, 4), (4, 3), (5, 3), (6, 3), (6, 4)), (1, 3))","(((2, 4), (4, 3), (5, 3), (5, 4), (6, 3)), (1, 3))",10,2.0,12.0,10,6,1,expanded,False,True,1838
"(((1, 3), (2, 4), (5, 3), (6, 3), (6, 4)), (2, 1))","(((2, 3), (2, 4), (5, 3), (6, 3), (6, 4)), (2, 1))",11,3,14.0,11,,,pruned,,,1839
"(((1, 4), (2, 3), (5, 3), (6, 3), (6, 4)), (2, 1))","(((2, 3), (2, 4), (5, 3), (6, 3), (6, 4)), (2, 1))",11,3,14.0,11,,,pruned,,,1840
"(((2, 3), (2, 4), (5, 3), (6, 3), (6, 4)), (2, 1))","(((2, 3), (2, 4), (5, 3), (5, 4), (6, 3)), (2, 1))",10,2.0,12.0,10,4,2,expanded,False,True,1841
"(((2, 3), (3, 4), (4, 3), (4, 4), (6, 2)), (2, 1))","(((2, 3), (3, 4), (4, 3), (4, 4), (6, 3)), (2, 1))",11,3,14.0,11,,,pruned,,,1842
"(((2, 3), (3, 4), (4, 3), (4, 4), (6, 3)), (2, 1))","(((2, 3), (3, 4), (4, 3), (4, 4), (6, 4)), (2, 1))",10,2.0,12.0,10,4,1,expanded,False,True,1843
"(((2, 4), (3, 3), (4, 3), (4, 4), (6, 2)), (1, 3))","(((2, 4), (3, 3), (4, 3), (4, 4), (6, 3)), (1, 3))",11,3,14.0,11,,,pruned,,,1844
"(((2, 4), (3, 3), (4, 3), (4, 4), (6, 3)), (1, 3))","(((2, 4), (3, 3), (4, 3), (4, 4), (6, 4)), (1, 3))",10,2.0,12.0,10,4,1,expanded,False,True,1845
"(((1, 4), (4, 2), (4, 3), (5, 3), (6, 3)), (1, 3))","(((2, 4), (4, 2), (4, 3), (5, 3), (6, 3)), (1, 3))",11,3,14.0,11,,,pruned,,,1846
"(((2, 4), (4, 2), (4, 3), (5, 3), (6, 2)), (1, 3))","(((2, 4), (4, 2), (4, 3), (5, 3), (6, 3)), (1, 3))",11,3,14.0,11,,,pruned,,,1847
"(((2, 4), (4, 2), (4, 3), (5, 3), (6, 3)), (1, 3))","(((2, 4), (4, 2), (4, 3), (5, 3), (6, 4)), (1, 3))",10,2.0,12.0,10,6,2,expanded,False,True,1848
"(((2, 4), (3, 4), (4, 4), (5, 6), (6, 5)), (1, 3))","(((2, 4), (3, 4), (4, 4), (5, 5), (6, 5)), (1, 3))",7,8,15.0,7,,,pruned,,,1849
"(((2, 4), (3, 4), (4, 4), (5, 5), (6, 6)), (1, 3))","(((2, 4), (3, 4), (4, 4), (5, 5), (6, 5)), (1, 3))",7,8,15.0,7,,,pruned,,,1850
"(((2, 4), (3, 4), (4, 4), (5, 5), (6, 5)), (1, 3))","(((2, 4), (3, 4), (4, 4), (5, 5), (6, 4)), (1, 3))",6,7.0,13.0,6,2,2,expanded,True,True,1851
"(((2, 4), (3, 4), (4, 2), (5, 6), (6, 5)), (1, 3))","(((2, 4), (3, 4), (4, 2), (5, 5), (6, 5)), (1, 3))",7,8,15.0,7,,,pruned,,,1852
"(((2, 4), (3, 4), (4, 2), (5, 5), (6, 6)), (1, 3))","(((2, 4), (3, 4), (4, 2), (5, 5), (6, 5)), (1, 3))",7,8,15.0,7,,,pruned,,,1853
"(((2, 4), (3, 4), (4, 1), (5, 5), (6, 5)), (1, 3))","(((2, 4), (3, 4), (4, 2), (5, 5), (6, 5)), (1, 3))",7,8,15.0,7,,,pruned,,,1854
"(((2, 4), (3, 4), (4, 2), (5, 5), (6, 5)), (1, 3))","(((2, 4), (3, 4), (4, 2), (5, 5), (6, 4)), (1, 3))",6,7.0,13.0,6,4,3,expanded,False,True,1855
"(((1, 4), (4, 4), (5, 4), (5, 5), (6, 5)), (1, 3))","(((2, 4), (4, 4), (5, 4), (5, 5), (6, 5)), (1, 3))",7,8,15.0,7,,,pruned,,,1856
"(((2, 4), (4, 4), (5, 4), (5, 5), (6, 6)), (1, 3))","(((2, 4), (4, 4), (5, 4), (5, 5), (6, 5)), (1, 3))",7,8,15.0,7,,,pruned,,,1857
"(((2, 4), (4, 4), (5, 4), (5, 5), (6, 5)), (1, 3))","(((2, 4), (4, 4), (5, 4), (5, 5), (6, 4)), (1, 3))",6,7.0,13.0,6,3,2,expanded,False,True,1858
"(((2, 2), (4, 4), (5, 4), (5, 5), (6, 6)), (1, 3))","(((2, 2), (4, 4), (5, 4), (5, 5), (6, 5)), (1, 3))",7,8,15.0,7,,,pruned,,,1859
"(((2, 1), (4, 4), (5, 4), (5, 5), (6, 5)), (1, 3))","(((2, 2), (4, 4), (5, 4), (5, 5), (6, 5)), (1, 3))",7,8,15.0,7,,,pruned,,,1860
"(((2, 2), (4, 4), (5, 4), (5, 5), (6, 5)), (1, 3))","(((2, 2), (4, 4), (5, 4), (5, 5), (6, 4)), (1, 3))",6,7.0,13.0,6,3,2,expanded,False,True,1861
"(((1, 4), (4, 4), (5, 2), (5, 5), (6, 5)), (1, 3))","(((2, 4), (4, 4), (5, 2), (5, 5), (6, 5)), (1, 3))",7,8,15.0,7,,,pruned,,,1862
"(((2, 4), (4, 4), (5, 2), (5, 6), (6, 5)), (1, 3))","(((2, 4), (4, 4), (5, 2), (5, 5), (6, 5)), (1, 3))",7,8,15.0,7,,,pruned,,,1863
"(((2, 4), (4, 4), (5, 2), (5, 5), (6, 6)), (1, 3))","(((2, 4), (4, 4), (5, 2), (5, 5), (6, 5)), (1, 3))",7,8,15.0,7,,,pruned,,,1864
"(((2, 4), (4, 4), (5, 5), (6, 2), (6, 5)), (1, 3))","(((2, 4), (4, 4), (5, 2), (5, 5), (6, 5)), (1, 3))",7,7,14.0,7,,,pruned,,,1865
"(((2, 4), (4, 4), (5, 1), (5, 5), (6, 5)), (1, 3))","(((2, 4), (4, 4), (5, 2), (5, 5), (6, 5)), (1, 3))",7,8,15.0,7,,,pruned,,,1866
"(((2, 4), (4, 4), (5, 2), (5, 5), (6, 5)), (1, 3))","(((2, 4), (4, 4), (5, 3), (5, 5), (6, 5)), (1, 3))",6,7.0,13.0,6,10,5,expanded,False,True,1867
"(((1, 4), (4, 2), (5, 4), (5, 5), (6, 5)), (1, 3))","(((2, 4), (4, 2), (5, 4), (5, 5), (6, 5)), (1, 3))",7,8,15.0,7,,,pruned,,,1868
"(((2, 4), (4, 2), (5, 4), (5, 5), (6, 6)), (1, 3))","(((2, 4), (4, 2), (5, 4), (5, 5), (6, 5)), (1, 3))",7,8,15.0,7,,,pruned,,,1869
"(((2, 4), (4, 1), (5, 4), (5, 5), (6, 5)), (1, 3))","(((2, 4), (4, 2), (5, 4), (5, 5), (6, 5)), (1, 3))",7,8,15.0,7,,,pruned,,,1870
"(((2, 4), (4, 2), (5, 4), (5, 5), (6, 5)), (1, 3))","(((2, 4), (4, 2), (5, 4), (5, 5), (6, 4)), (1, 3))",6,7.0,13.0,6,7,3,expanded,False,True,1871
"(((1, 4), (4, 2), (5, 2), (5, 5), (6, 5)), (1, 3))","(((2, 4), (4, 2), (5, 2), (5, 5), (6, 5)), (1, 3))",7,8,15.0,7,,,pruned,,,1872
"(((2, 4), (4, 2), (5, 2), (5, 6), (6, 5)), (1, 3))","(((2, 4), (4, 2), (5, 2), (5, 5), (6, 5)), (1, 3))",7,8,15.0,7,,,pruned,,,1873
"(((2, 4), (4, 2), (5, 2), (5, 5), (6, 6)), (1, 3))","(((2, 4), (4, 2), (5, 2), (5, 5), (6, 5)), (1, 3))",7,8,15.0,7,,,pruned,,,1874
"(((2, 4), (4, 1), (5, 2), (5, 5), (6, 5)), (1, 3))","(((2, 4), (4, 2), (5, 2), (5, 5), (6, 5)), (1, 3))",7,8,15.0,7,,,pruned,,,1875
"(((2, 4), (4, 2), (5, 1), (5, 5), (6, 5)), (1, 3))","(((2, 4), (4, 2), (5, 2), (5, 5), (6, 5)), (1, 3))",7,8,15.0,7,,,pruned,,,1876
"(((2, 4), (4, 2), (5, 2), (5, 5), (6, 5)), (1, 3))","(((2, 4), (4, 2), (5, 2), (5, 5), (6, 4)), (1, 3))",6,7.0,13.0,6,8,5,expanded,False,True,1877
"(((2, 2), (4, 4), (5, 2), (5, 6), (6, 5)), (1, 3))","(((2, 2), (4, 4), (5, 2), (5, 5), (6, 5)), (1, 3))",7,8,15.0,7,,,pruned,,,1878
"(((2, 2), (4, 4), (5, 2), (5, 5), (6, 6)), (1, 3))","(((2, 2), (4, 4), (5, 2), (5, 5), (6, 5)), (1, 3))",7,8,15.0,7,,,pruned,,,1879
"(((2, 1), (4, 4), (5, 2), (5, 5), (6, 5)), (1, 3))","(((2, 2), (4, 4), (5, 2), (5, 5), (6, 5)), (1, 3))",7,8,15.0,7,,,pruned,,,1880
"(((2, 2), (4, 4), (5, 5), (6, 2), (6, 5)), (1, 3))","(((2, 2), (4, 4), (5, 2), (5, 5), (6, 5)), (1, 3))",7,7,14.0,7,,,pruned,,,1881
"(((2, 2), (4, 4), (5, 1), (5, 5), (6, 5)), (1, 3))","(((2, 2), (4, 4), (5, 2), (5, 5), (6, 5)), (1, 3))",7,8,15.0,7,,,pruned,,,1882
"(((2, 2), (4, 4), (5, 2), (5, 5), (6, 5)), (1, 3))","(((2, 2), (4, 4), (5, 3), (5, 5), (6, 5)), (1, 3))",6,7.0,13.0,6,10,5,expanded,False,True,1883
"(((2, 4), (3, 4), (5, 6), (6, 4), (6, 5)), (1, 3))","(((2, 4), (3, 4), (5, 5), (6, 4), (6, 5)), (1, 3))",7,8,15.0,7,,,pruned,,,1884
"(((2, 4), (3, 4), (5, 5), (6, 4), (6, 5)), (1, 3))","(((2, 4), (3, 4), (5, 5), (6, 3), (6, 5)), (1, 3))",6,7.0,13.0,6,1,1,expanded,True,True,1885
"(((3, 4), (4, 4), (5, 6), (6, 4), (6, 5)), (1, 3))","(((3, 4), (4, 4), (5, 5), (6, 4), (6, 5)), (1, 3))",7,8,15.0,7,,,pruned,,,1886
"(((3, 4), (4, 4), (5, 5), (6, 4), (6, 5)), (1, 3))","(((3, 4), (4, 4), (5, 5), (6, 3), (6, 5)), (1, 3))",6,7.0,13.0,6,1,1,expanded,True,True,1887
"(((3, 4), (4, 2), (5, 6), (6, 4), (6, 5)), (1, 3))","(((3, 4), (4, 2), (5, 5), (6, 4), (6, 5)), (1, 3))",7,8,15.0,7,,,pruned,,,1888
"(((3, 4), (4, 1), (5, 5), (6, 4), (6, 5)), (1, 3))","(((3, 4), (4, 2), (5, 5), (6, 4), (6, 5)), (1, 3))",7,8,15.0,7,,,pruned,,,1889
"(((3, 4), (4, 2), (5, 5), (6, 4), (6, 5)), (1, 3))","(((3, 4), (4, 2), (5, 5), (6, 3), (6, 5)), (1, 3))",6,7.0,13.0,6,5,2,expanded,False,True,1890
"(((4, 2), (4, 4), (5, 4), (5, 5), (6, 6)), (1, 3))","(((4, 2), (4, 4), (5, 4), (5, 5), (6, 5)), (1, 3))",7,8,15.0,7,,,pruned,,,1891
"(((4, 1), (4, 4), (5, 4), (5, 5), (6, 5)), (1, 3))","(((4, 2), (4, 4), (5, 4), (5, 5), (6, 5)), (1, 3))",7,8,15.0,7,,,pruned,,,1892
"(((4, 2), (4, 4), (5, 4), (5, 5), (6, 5)), (1, 3))","(((4, 2), (4, 4), (5, 3), (5, 5), (6, 5)), (1, 3))",6,7.0,13.0,6,3,2,expanded,False,True,1893
"(((4, 2), (4, 4), (5, 2), (5, 6), (6, 5)), (1, 3))","(((4, 2), (4, 4), (5, 2), (5, 5), (6, 5)), (1, 3))",7,8,15.0,7,,,pruned,,,1894
"(((4, 2), (4, 4), (5, 2), (5, 5), (6, 6)), (1, 3))","(((4, 2), (4, 4), (5, 2), (5, 5), (6, 5)), (1, 3))",7,8,15.0,7,,,pruned,,,1895
"(((4, 1), (4, 4), (5, 2), (5, 5), (6, 5)), (1, 3))","(((4, 2), (4, 4), (5, 2), (5, 5), (6, 5)), (1, 3))",7,8,15.0,7,,,pruned,,,1896
"(((4, 2), (4, 4), (5, 1), (5, 5), (6, 5)), (1, 3))","(((4, 2), (4, 4), (5, 2), (5, 5), (6, 5)), (1, 3))",7,8,15.0,7,,,pruned,,,1897
"(((4, 2), (4, 4), (5, 2), (5, 5), (6, 5)), (1, 3))","(((4, 2), (4, 4), (5, 3), (5, 5), (6, 5)), (1, 3))",6,7.0,13.0,6,8,4,expanded,False,True,1898
"(((3, 4), (4, 2), (4, 4), (5, 6), (6, 5)), (1, 3))","(((3, 4), (4, 2), (4, 4), (5, 5), (6, 5)), (1, 3))",7,8,15.0,7,,,pruned,,,1899
"(((3, 4), (4, 2), (4, 4), (5, 5), (6, 6)), (1, 3))","(((3, 4), (4, 2), (4, 4), (5, 5), (6, 5)), (1, 3))",7,8,15.0,7,,,pruned,,,1900
"(((3, 4), (4, 1), (4, 4), (5, 5), (6, 5)), (1, 3))","(((3, 4), (4, 2), (4, 4), (5, 5), (6, 5)), (1, 3))",7,8,15.0,7,,,pruned,,,1901
"(((3, 4), (4, 2), (4, 4), (5, 5), (6, 5)), (1, 3))","(((3, 4), (4, 2), (4, 4), (5, 5), (6, 4)), (1, 3))",6,7.0,13.0,6,4,3,expanded,False,True,1902
"(((2, 4), (3, 4), (4, 4), (5, 4), (6, 6)), (1, 3))","(((2, 4), (3, 4), (4, 4), (5, 4), (6, 5)), (1, 3))",8,7,15.0,8,,,pruned,,,1903
"(((2, 4), (3, 4), (4, 4), (5, 4), (6, 5)), (1, 3))","(((2, 4), (3, 4), (4, 4), (5, 4), (6, 4)), (1, 3))",7,6.0,13.0,7,2,1,expanded,False,True,1904
"(((1, 3), (2, 4), (3, 4), (5, 5), (6, 5)), (2, 1))","(((2, 3), (2, 4), (3, 4), (5, 5), (6, 5)), (2, 1))",8,7,15.0,8,,,pruned,,,1905
"(((2, 3), (2, 4), (3, 4), (5, 6), (6, 5)), (2, 1))","(((2, 3), (2, 4), (3, 4), (5, 5), (6, 5)), (2, 1))",8,7,15.0,8,,,pruned,,,1906
"(((2, 3), (2, 4), (3, 4), (5, 5), (6, 6)), (2, 1))","(((2, 3), (2, 4), (3, 4), (5, 5), (6, 5)), (2, 1))",8,7,15.0,8,,,pruned,,,1907
"(((2, 3), (2, 4), (3, 4), (5, 5), (6, 5)), (2, 1))","(((2, 3), (2, 4), (3, 4), (5, 5), (6, 4)), (2, 1))",7,6.0,13.0,7,3,3,expanded,True,True,1908
"(((4, 2), (4, 3), (5, 4), (5, 5), (6, 6)), (1, 3))","(((4, 2), (4, 3), (5, 4), (5, 5), (6, 5)), (1, 3))",8,7,15.0,8,,,pruned,,,1909
"(((4, 2), (4, 3), (5, 4), (5, 5), (6, 5)), (1, 3))","(((4, 2), (4, 3), (5, 4), (5, 5), (6, 4)), (1, 3))",7,6.0,13.0,7,5,1,expanded,False,True,1910
"(((4, 4), (5, 3), (5, 5), (6, 4), (6, 5)), (1, 3))","(((4, 3), (5, 3), (5, 5), (6, 4), (6, 5)), (1, 3))",7,6.0,13.0,7,4,0,expanded,False,True,1911
"(((4, 2), (5, 3), (5, 6), (6, 4), (6, 5)), (1, 3))","(((4, 2), (5, 3), (5, 5), (6, 4), (6, 5)), (1, 3))",8,7,15.0,8,,,pruned,,,1912
"(((4, 1), (5, 3), (5, 5), (6, 4), (6, 5)), (1, 3))","(((4, 2), (5, 3), (5, 5), (6, 4), (6, 5)), (1, 3))",8,7,15.0,8,,,pruned,,,1913
"(((4, 2), (5, 3), (5, 5), (6, 4), (6, 5)), (1, 3))","(((4, 3), (5, 3), (5, 5), (6, 4), (6, 5)), (1, 3))",7,6.0,13.0,7,7,2,expanded,False,True,1914
"(((4, 3), (5, 4), (5, 5), (6, 4), (6, 5)), (1, 3))","(((4, 3), (5, 3), (5, 5), (6, 4), (6, 5)), (1, 3))",7,6.0,13.0,7,4,0,expanded,False,True,1915
"(((4, 3), (5, 2), (5, 6), (6, 4), (6, 5)), (1, 3))","(((4, 3), (5, 2), (5, 5), (6, 4), (6, 5)), (1, 3))",8,7,15.0,8,,,pruned,,,1916
"(((4, 3), (5, 5), (6, 2), (6, 4), (6, 5)), (1, 3))","(((4, 3), (5, 2), (5, 5), (6, 4), (6, 5)), (1, 3))",8,6,14.0,8,,,pruned,,,1917
"(((4, 3), (5, 1), (5, 5), (6, 4), (6, 5)), (1, 3))","(((4, 3), (5, 2), (5, 5), (6, 4), (6, 5)), (1, 3))",8,7,15.0,8,,,pruned,,,1918
"(((4, 3), (5, 2), (5, 5), (6, 4), (6, 5)), (1, 3))","(((4, 3), (5, 3), (5, 5), (6, 4), (6, 5)), (1, 3))",7,6.0,13.0,7,9,3,expanded,False,True,1919
"(((2, 2), (4, 3), (5, 4), (5, 5), (6, 6)), (2, 1))","(((2, 2), (4, 3), (5, 4), (5, 5), (6, 5)), (2, 1))",8,7,15.0,8,,,pruned,,,1920
"(((2, 2), (4, 3), (5, 4), (5, 5), (6, 5)), (2, 1))","(((2, 2), (4, 3), (5, 4), (5, 5), (6, 4)), (2, 1))",7,6.0,13.0,7,5,1,expanded,False,True,1921
"(((1, 4), (5, 4), (5, 5), (6, 3), (6, 5)), (1, 3))","(((2, 4), (5, 4), (5, 5), (6, 3), (6, 5)), (1, 3))",8,7,15.0,8,,,pruned,,,1922
"(((2, 4), (5, 4), (5, 5), (6, 3), (6, 5)), (1, 3))","(((2, 3), (5, 4), (5, 5), (6, 3), (6, 5)), (1, 3))",7,6.0,13.0,7,4,1,expanded,False,True,1923
"(((2, 1), (5, 4), (5, 5), (6, 3), (6, 5)), (1, 3))","(((2, 2), (5, 4), (5, 5), (6, 3), (6, 5)), (1, 3))",8,7,15.0,8,,,pruned,,,1924
"(((2, 2), (5, 4), (5, 5), (6, 3), (6, 5)), (1, 3))","(((2, 3), (5, 4), (5, 5), (6, 3), (6, 5)), (1, 3))",7,6.0,13.0,7,4,1,expanded,False,True,1925
"(((1, 3), (5, 4), (5, 5), (6, 4), (6, 5)), (1, 4))","(((2, 3), (5, 4), (5, 5), (6, 4), (6, 5)), (1, 3))",8,7,15.0,8,,,pruned,,,1926
"(((2, 3), (5, 4), (5, 5), (6, 4), (6, 5)), (1, 3))","(((2, 3), (5, 4), (5, 5), (6, 3), (6, 5)), (1, 3))",7,6.0,13.0,7,4,1,expanded,False,True,1927
"(((1, 4), (5, 3), (5, 5), (6, 4), (6, 5)), (1, 3))","(((2, 4), (5, 3), (5, 5), (6, 4), (6, 5)), (1, 3))",8,7,15.0,8,,,pruned,,,1928
"(((2, 4), (5, 3), (5, 6), (6, 4), (6, 5)), (1, 3))","(((2, 4), (5, 3), (5, 5), (6, 4), (6, 5)), (1, 3))",8,7,15.0,8,,,pruned,,,1929
"(((2, 4), (5, 3), (5, 5), (6, 4), (6, 5)), (1, 3))","(((2, 3), (5, 3), (5, 5), (6, 4), (6, 5)), (1, 3))",7,6.0,13.0,7,7,2,expanded,False,True,1930
"(((2, 2), (5, 3), (5, 6), (6, 4), (6, 5)), (1, 3))","(((2, 2), (5, 3), (5, 5), (6, 4), (6, 5)), (1, 3))",8,7,15.0,8,,,pruned,,,1931
"(((2, 1), (5, 3), (5, 5), (6, 4), (6, 5)), (1, 3))","(((2, 2), (5, 3), (5, 5), (6, 4), (6, 5)), (1, 3))",8,7,15.0,8,,,pruned,,,1932
"(((2, 2), (5, 3), (5, 5), (6, 4), (6, 5)), (1, 3))","(((2, 3), (5, 3), (5, 5), (6, 4), (6, 5)), (1, 3))",7,6.0,13.0,7,7,2,expanded,False,True,1933
"(((1, 3), (5, 2), (5, 5), (6, 4), (6, 5)), (1, 4))","(((2, 3), (5, 2), (5, 5), (6, 4), (6, 5)), (1, 3))",8,7,15.0,8,,,pruned,,,1934
"(((2, 3), (5, 2), (5, 6), (6, 4), (6, 5)), (1, 3))","(((2, 3), (5, 2), (5, 5), (6, 4), (6, 5)), (1, 3))",8,7,15.0,8,,,pruned,,,1935
"(((2, 3), (5, 5), (6, 2), (6, 4), (6, 5)), (1, 3))","(((2, 3), (5, 2), (5, 5), (6, 4), (6, 5)), (1, 3))",8,6,14.0,8,,,pruned,,,1936
"(((2, 3), (5, 1), (5, 5), (6, 4), (6, 5)), (1, 3))","(((2, 3), (5, 2), (5, 5), (6, 4), (6, 5)), (1, 3))",8,7,15.0,8,,,pruned,,,1937
"(((2, 3), (5, 2), (5, 5), (6, 4), (6, 5)), (1, 3))","(((2, 3), (5, 3), (5, 5), (6, 4), (6, 5)), (1, 3))",7,6.0,13.0,7,9,4,expanded,False,True,1938
"(((2, 1), (4, 2), (5, 4), (5, 5), (6, 4)), (1, 3))","(((2, 2), (4, 2), (5, 4), (5, 5), (6, 4)), (1, 3))",8,7,15.0,8,,,pruned,,,1939
"(((2, 2), (4, 1), (5, 4), (5, 5), (6, 4)), (1, 3))","(((2, 2), (4, 2), (5, 4), (5, 5), (6, 4)), (1, 3))",8,7,15.0,8,,,pruned,,,1940
"(((2, 2), (4, 2), (5, 4), (5, 5), (6, 4)), (1, 3))","(((2, 3), (4, 2), (5, 4), (5, 5), (6, 4)), (1, 3))",7,6.0,13.0,7,5,2,expanded,False,True,1941
"(((1, 3), (4, 2), (5, 4), (5, 5), (6, 5)), (1, 4))","(((2, 3), (4, 2), (5, 4), (5, 5), (6, 5)), (1, 3))",8,7,15.0,8,,,pruned,,,1942
"(((2, 3), (4, 2), (5, 4), (5, 5), (6, 6)), (1, 3))","(((2, 3), (4, 2), (5, 4), (5, 5), (6, 5)), (1, 3))",8,7,15.0,8,,,pruned,,,1943
"(((2, 3), (4, 1), (5, 4), (5, 5), (6, 5)), (1, 3))","(((2, 3), (4, 2), (5, 4), (5, 5), (6, 5)), (1, 3))",8,7,15.0,8,,,pruned,,,1944
"(((2, 3), (4, 2), (5, 4), (5, 5), (6, 5)), (1, 3))","(((2, 3), (4, 2), (5, 4), (5, 5), (6, 4)), (1, 3))",7,6.0,13.0,7,9,3,expanded,False,True,1945
"(((3, 3), (4, 2), (5, 6), (6, 4), (6, 5)), (1, 3))","(((3, 3), (4, 2), (5, 5), (6, 4), (6, 5)), (1, 3))",8,7,15.0,8,,,pruned,,,1946
"(((3, 3), (4, 1), (5, 5), (6, 4), (6, 5)), (1, 3))","(((3, 3), (4, 2), (5, 5), (6, 4), (6, 5)), (1, 3))",8,7,15.0,8,,,pruned,,,1947
"(((3, 3), (4, 2), (5, 5), (6, 4), (6, 5)), (1, 3))","(((3, 3), (4, 3), (5, 5), (6, 4), (6, 5)), (1, 3))",7,6.0,13.0,7,5,2,expanded,False,True,1948
"(((4, 1), (4, 4), (5, 4), (5, 5), (6, 4)), (1, 3))","(((4, 2), (4, 4), (5, 4), (5, 5), (6, 4)), (1, 3))",8,7,15.0,8,,,pruned,,,1949
"(((4, 2), (4, 4), (5, 4), (5, 5), (6, 4)), (1, 3))","(((4, 2), (4, 4), (5, 3), (5, 5), (6, 4)), (1, 3))",7,6.0,13.0,7,3,1,expanded,False,True,1950
"(((4, 4), (5, 4), (5, 5), (6, 3), (6, 5)), (1, 3))","(((4, 3), (5, 4), (5, 5), (6, 3), (6, 5)), (1, 3))",7,6.0,13.0,7,1,0,expanded,False,True,1951
"(((4, 1), (5, 4), (5, 5), (6, 3), (6, 5)), (1, 3))","(((4, 2), (5, 4), (5, 5), (6, 3), (6, 5)), (1, 3))",8,7,15.0,8,,,pruned,,,1952
"(((4, 2), (5, 4), (5, 5), (6, 3), (6, 5)), (1, 3))","(((4, 3), (5, 4), (5, 5), (6, 3), (6, 5)), (1, 3))",7,6.0,13.0,7,4,1,expanded,False,True,1953
"(((2, 2), (3, 4), (4, 4), (5, 6), (6, 4)), (1, 3))","(((2, 2), (3, 4), (4, 4), (5, 5), (6, 4)), (1, 3))",8,7,15.0,8,,,pruned,,,1954
"(((2, 1), (3, 4), (4, 4), (5, 5), (6, 4)), (1, 3))","(((2, 2), (3, 4), (4, 4), (5, 5), (6, 4)), (1, 3))",8,7,15.0,8,,,pruned,,,1955
"(((2, 2), (3, 4), (4, 4), (5, 5), (6, 4)), (1, 3))","(((2, 2), (3, 4), (4, 3), (5, 5), (6, 4)), (2, 1))",7,6.0,13.0,7,4,2,expanded,False,True,1956
"(((2, 2), (3, 4), (4, 2), (5, 6), (6, 4)), (1, 3))","(((2, 2), (3, 4), (4, 2), (5, 5), (6, 4)), (1, 3))",8,7,15.0,8,,,pruned,,,1957
"(((2, 1), (3, 4), (4, 2), (5, 5), (6, 4)), (1, 3))","(((2, 2), (3, 4), (4, 2), (5, 5), (6, 4)), (1, 3))",8,7,15.0,8,,,pruned,,,1958
"(((2, 2), (3, 4), (4, 1), (5, 5), (6, 4)), (1, 3))","(((2, 2), (3, 4), (4, 2), (5, 5), (6, 4)), (1, 3))",8,7,15.0,8,,,pruned,,,1959
"(((2, 2), (3, 4), (4, 2), (5, 5), (6, 4)), (1, 3))","(((2, 2), (3, 4), (4, 3), (5, 5), (6, 4)), (2, 1))",7,6.0,13.0,7,8,3,expanded,False,True,1960
"(((2, 2), (3, 4), (4, 3), (5, 6), (6, 5)), (2, 1))","(((2, 2), (3, 4), (4, 3), (5, 5), (6, 5)), (2, 1))",8,7,15.0,8,,,pruned,,,1961
"(((2, 2), (3, 4), (4, 3), (5, 5), (6, 6)), (2, 1))","(((2, 2), (3, 4), (4, 3), (5, 5), (6, 5)), (2, 1))",8,7,15.0,8,,,pruned,,,1962
"(((2, 2), (3, 4), (4, 3), (5, 5), (6, 5)), (2, 1))","(((2, 2), (3, 4), (4, 3), (5, 5), (6, 4)), (2, 1))",7,6.0,13.0,7,7,2,expanded,False,True,1963
"(((2, 2), (3, 3), (4, 4), (5, 6), (6, 5)), (2, 1))","(((2, 2), (3, 3), (4, 4), (5, 5), (6, 5)), (2, 1))",8,7,15.0,8,,,pruned,,,1964
"(((2, 2), (3, 3), (4, 4), (5, 5), (6, 6)), (2, 1))","(((2, 2), (3, 3), (4, 4), (5, 5), (6, 5)), (2, 1))",8,7,15.0,8,,,pruned,,,1965
"(((2, 2), (3, 3), (4, 4), (5, 5), (6, 5)), (2, 1))","(((2, 2), (3, 3), (4, 4), (5, 5), (6, 4)), (2, 1))",7,6.0,13.0,7,5,2,expanded,False,True,1966
"(((1, 4), (5, 2), (5, 5), (6, 3), (6, 5)), (1, 3))","(((2, 4), (5, 2), (5, 5), (6, 3), (6, 5)), (1, 3))",8,7,15.0,8,,,pruned,,,1967
"(((2, 4), (5, 2), (5, 6), (6, 3), (6, 5)), (1, 3))","(((2, 4), (5, 2), (5, 5), (6, 3), (6, 5)), (1, 3))",8,7,15.0,8,,,pruned,,,1968
"(((2, 4), (5, 2), (5, 5), (6, 3), (6, 6)), (1, 3))","(((2, 4), (5, 2), (5, 5), (6, 3), (6, 5)), (1, 3))",8,7,15.0,8,,,pruned,,,1969
"(((2, 4), (5, 2), (5, 5), (6, 2), (6, 5)), (1, 3))","(((2, 4), (5, 2), (5, 5), (6, 3), (6, 5)), (1, 3))",8,7,15.0,8,,,pruned,,,1970
"(((2, 4), (5, 5), (6, 2), (6, 3), (6, 5)), (1, 3))","(((2, 4), (5, 2), (5, 5), (6, 3), (6, 5)), (1, 3))",8,6,14.0,8,,,pruned,,,1971
"(((2, 4), (5, 1), (5, 5), (6, 3), (6, 5)), (1, 3))","(((2, 4), (5, 2), (5, 5), (6, 3), (6, 5)), (1, 3))",8,7,15.0,8,,,pruned,,,1972
"(((2, 4), (5, 2), (5, 5), (6, 3), (6, 5)), (1, 3))","(((2, 4), (5, 3), (5, 5), (6, 3), (6, 5)), (1, 3))",7,6.0,13.0,7,8,6,expanded,False,True,1973
"(((3, 4), (4, 4), (5, 4), (5, 5), (6, 2)), (1, 3))","(((3, 4), (4, 4), (5, 2), (5, 4), (5, 5)), (1, 3))",8,6,14.0,8,,,pruned,,,1974
"(((3, 4), (4, 4), (5, 1), (5, 4), (5, 5)), (1, 3))","(((3, 4), (4, 4), (5, 2), (5, 4), (5, 5)), (1, 3))",8,7,15.0,8,,,pruned,,,1975
"(((3, 4), (4, 4), (5, 2), (5, 4), (5, 5)), (1, 3))","(((3, 4), (4, 3), (5, 2), (5, 4), (5, 5)), (1, 3))",7,6.0,13.0,7,4,2,expanded,False,True,1976
"(((4, 2), (4, 4), (5, 2), (5, 6), (6, 4)), (1, 3))","(((4, 2), (4, 4), (5, 2), (5, 5), (6, 4)), (1, 3))",8,7,15.0,8,,,pruned,,,1977
"(((4, 1), (4, 4), (5, 2), (5, 5), (6, 4)), (1, 3))","(((4, 2), (4, 4), (5, 2), (5, 5), (6, 4)), (1, 3))",8,7,15.0,8,,,pruned,,,1978
"(((4, 2), (4, 4), (5, 1), (5, 5), (6, 4)), (1, 3))","(((4, 2), (4, 4), (5, 2), (5, 5), (6, 4)), (1, 3))",8,7,15.0,8,,,pruned,,,1979
"(((4, 2), (4, 4), (5, 2), (5, 5), (6, 4)), (1, 3))","(((3, 4), (4, 2), (5, 2), (5, 5), (6, 4)), (1, 3))",7,6.0,13.0,7,8,3,expanded,False,True,1980
"(((2, 2), (3, 4), (5, 6), (6, 3), (6, 5)), (1, 3))","(((2, 2), (3, 4), (5, 5), (6, 3), (6, 5)), (1, 3))",8,7,15.0,8,,,pruned,,,1981
"(((2, 2), (3, 4), (5, 5), (6, 3), (6, 6)), (1, 3))","(((2, 2), (3, 4), (5, 5), (6, 3), (6, 5)), (1, 3))",8,7,15.0,8,,,pruned,,,1982
"(((2, 1), (3, 4), (5, 5), (6, 3), (6, 5)), (1, 3))","(((2, 2), (3, 4), (5, 5), (6, 3), (6, 5)), (1, 3))",8,7,15.0,8,,,pruned,,,1983
"(((2, 2), (3, 4), (5, 5), (6, 2), (6, 5)), (1, 3))","(((2, 2), (3, 4), (5, 5), (6, 3), (6, 5)), (1, 3))",8,7,15.0,8,,,pruned,,,1984
"(((2, 2), (3, 4), (5, 5), (6, 3), (6, 5)), (1, 3))","(((2, 2), (4, 4), (5, 5), (6, 3), (6, 5)), (1, 3))",7,6.0,13.0,7,8,4,expanded,False,True,1985
"(((3, 4), (4, 1), (5, 2), (5, 4), (5, 5)), (1, 3))","(((3, 4), (4, 2), (5, 2), (5, 4), (5, 5)), (1, 3))",8,7,15.0,8,,,pruned,,,1986
"(((3, 4), (4, 2), (5, 1), (5, 4), (5, 5)), (1, 3))","(((3, 4), (4, 2), (5, 2), (5, 4), (5, 5)), (1, 3))",8,7,15.0,8,,,pruned,,,1987
"(((3, 4), (4, 2), (5, 2), (5, 4), (5, 5)), (1, 3))","(((2, 4), (4, 2), (5, 2), (5, 4), (5, 5)), (1, 3))",7,6.0,13.0,7,8,2,expanded,False,True,1988
"(((3, 4), (5, 4), (5, 5), (6, 2), (6, 4)), (1, 3))","(((3, 4), (5, 2), (5, 4), (5, 5), (6, 4)), (1, 3))",8,6,14.0,8,,,pruned,,,1989
"(((3, 4), (5, 1), (5, 4), (5, 5), (6, 4)), (1, 3))","(((3, 4), (5, 2), (5, 4), (5, 5), (6, 4)), (1, 3))",8,7,15.0,8,,,pruned,,,1990
"(((3, 4), (5, 2), (5, 4), (5, 5), (6, 4)), (1, 3))","(((2, 4), (5, 2), (5, 4), (5, 5), (6, 4)), (1, 3))",7,6.0,13.0,7,7,2,expanded,False,True,1991
"(((3, 4), (5, 6), (6, 3), (6, 4), (6, 5)), (1, 3))","(((3, 4), (5, 5), (6, 3), (6, 4), (6, 5)), (1, 3))",8,7,15.0,8,,,pruned,,,1992
"(((3, 4), (5, 5), (6, 3), (6, 4), (6, 5)), (1, 3))","(((3, 4), (5, 4), (5, 5), (6, 3), (6, 5)), (1, 3))",7,6.0,13.0,7,3,1,expanded,False,True,1993
"(((4, 4), (5, 2), (5, 6), (6, 3), (6, 5)), (1, 3))","(((4, 4), (5, 2), (5, 5), (6, 3), (6, 5)), (1, 3))",8,7,15.0,8,,,pruned,,,1994
"(((4, 4), (5, 2), (5, 5), (6, 3), (6, 6)), (1, 3))","(((4, 4), (5, 2), (5, 5), (6, 3), (6, 5)), (1, 3))",8,7,15.0,8,,,pruned,,,1995
"(((4, 4), (5, 2), (5, 5), (6, 2), (6, 5)), (1, 3))","(((4, 4), (5, 2), (5, 5), (6, 3), (6, 5)), (1, 3))",8,7,15.0,8,,,pruned,,,1996
"(((4, 4), (5, 5), (6, 2), (6, 3), (6, 5)), (1, 3))","(((4, 4), (5, 2), (5, 5), (6, 3), (6, 5)), (1, 3))",8,6,14.0,8,,,pruned,,,1997
"(((4, 4), (5, 1), (5, 5), (6, 3), (6, 5)), (1, 3))","(((4, 4), (5, 2), (5, 5), (6, 3), (6, 5)), (1, 3))",8,7,15.0,8,,,pruned,,,1998
"(((4, 4), (5, 2), (5, 5), (6, 3), (6, 5)), (1, 3))","(((3, 4), (5, 2), (5, 5), (6, 3), (6, 5)), (1, 3))",7,6.0,13.0,7,8,5,expanded,False,True,1999
"(((1, 4), (2, 2), (5, 3), (5, 5), (6, 5)), (1, 3))","(((2, 2), (2, 4), (5, 3), (5, 5), (6, 5)), (1, 3))",8,7,15.0,8,,,pruned,,,2000
"(((2, 2), (2, 4), (5, 3), (5, 6), (6, 5)), (1, 3))","(((2, 2), (2, 4), (5, 3), (5, 5), (6, 5)), (1, 3))",8,7,15.0,8,,,pruned,,,2001
"(((2, 2), (2, 4), (5, 3), (5, 5), (6, 6)), (1, 3))","(((2, 2), (2, 4), (5, 3), (5, 5), (6, 5)), (1, 3))",8,7,15.0,8,,,pruned,,,2002
"(((2, 1), (2, 4), (5, 3), (5, 5), (6, 5)), (1, 3))","(((2, 2), (2, 4), (5, 3), (5, 5), (6, 5)), (1, 3))",8,7,15.0,8,,,pruned,,,2003
"(((2, 2), (2, 4), (5, 3), (5, 5), (6, 5)), (1, 3))","(((2, 2), (3, 4), (5, 3), (5, 5), (6, 5)), (1, 3))",7,6.0,13.0,7,10,4,expanded,False,True,2004
"(((5, 3), (5, 4), (5, 5), (6, 2), (6, 5)), (1, 3))","(((5, 2), (5, 3), (5, 4), (5, 5), (6, 5)), (1, 3))",8,6,14.0,8,,,pruned,,,2005
"(((5, 2), (5, 3), (5, 4), (5, 5), (6, 5)), (1, 3))","(((4, 3), (5, 2), (5, 4), (5, 5), (6, 5)), (1, 3))",7,6.0,13.0,7,3,1,expanded,False,True,2006
"(((1, 4), (2, 2), (5, 2), (5, 5), (6, 4)), (1, 3))","(((2, 2), (2, 4), (5, 2), (5, 5), (6, 4)), (1, 3))",8,7,15.0,8,,,pruned,,,2007
"(((2, 2), (2, 4), (5, 2), (5, 6), (6, 4)), (1, 3))","(((2, 2), (2, 4), (5, 2), (5, 5), (6, 4)), (1, 3))",8,7,15.0,8,,,pruned,,,2008
"(((2, 1), (2, 4), (5, 2), (5, 5), (6, 4)), (1, 3))","(((2, 2), (2, 4), (5, 2), (5, 5), (6, 4)), (1, 3))",8,7,15.0,8,,,pruned,,,2009
"(((2, 2), (2, 4), (5, 5), (6, 2), (6, 4)), (1, 3))","(((2, 2), (2, 4), (5, 2), (5, 5), (6, 4)), (1, 3))",8,6,14.0,8,,,pruned,,,2010
"(((2, 2), (2, 4), (5, 1), (5, 5), (6, 4)), (1, 3))","(((2, 2), (2, 4), (5, 2), (5, 5), (6, 4)), (1, 3))",8,7,15.0,8,,,pruned,,,2011
"(((2, 2), (2, 4), (5, 2), (5, 5), (6, 4)), (1, 3))","(((2, 2), (3, 4), (5, 2), (5, 5), (6, 4)), (1, 3))",7,6.0,13.0,7,10,5,expanded,False,True,2012
"(((1, 4), (4, 4), (5, 3), (5, 4), (6, 5)), (1, 3))","(((2, 4), (4, 4), (5, 3), (5, 4), (6, 5)), (1, 3))",9,6,15.0,9,,,pruned,,,2013
"(((2, 4), (4, 4), (5, 3), (5, 4), (6, 6)), (1, 3))","(((2, 4), (4, 4), (5, 3), (5, 4), (6, 5)), (1, 3))",9,6,15.0,9,,,pruned,,,2014
"(((2, 4), (4, 4), (5, 3), (5, 4), (6, 5)), (1, 3))","(((2, 4), (4, 4), (5, 3), (5, 4), (6, 4)), (1, 3))",8,5.0,13.0,8,5,2,expanded,False,True,2015
"(((1, 3), (2, 4), (3, 4), (5, 4), (6, 5)), (2, 1))","(((2, 3), (2, 4), (3, 4), (5, 4), (6, 5)), (2, 1))",9,6,15.0,9,,,pruned,,,2016
"(((2, 3), (2, 4), (3, 4), (5, 4), (6, 6)), (2, 1))","(((2, 3), (2, 4), (3, 4), (5, 4), (6, 5)), (2, 1))",9,6,15.0,9,,,pruned,,,2017
"(((2, 3), (2, 4), (3, 4), (5, 4), (6, 5)), (2, 1))","(((2, 3), (2, 4), (3, 4), (5, 4), (6, 4)), (2, 1))",8,5.0,13.0,8,5,2,expanded,False,True,2018
"(((1, 3), (2, 4), (3, 4), (5, 2), (6, 5)), (2, 1))","(((2, 3), (2, 4), (3, 4), (5, 2), (6, 5)), (2, 1))",9,6,15.0,9,,,pruned,,,2019
"(((2, 3), (2, 4), (3, 4), (5, 2), (6, 6)), (2, 1))","(((2, 3), (2, 4), (3, 4), (5, 2), (6, 5)), (2, 1))",9,6,15.0,9,,,pruned,,,2020
"(((2, 3), (2, 4), (3, 4), (6, 2), (6, 5)), (2, 1))","(((2, 3), (2, 4), (3, 4), (5, 2), (6, 5)), (2, 1))",9,5,14.0,9,,,pruned,,,2021
"(((2, 3), (2, 4), (3, 4), (5, 1), (6, 5)), (2, 1))","(((2, 3), (2, 4), (3, 4), (5, 2), (6, 5)), (2, 1))",9,6,15.0,9,,,pruned,,,2022
"(((2, 3), (2, 4), (3, 4), (5, 2), (6, 5)), (2, 1))","(((2, 3), (2, 4), (3, 4), (5, 2), (6, 4)), (2, 1))",8,5.0,13.0,8,7,4,expanded,False,True,2023
"(((2, 4), (3, 4), (4, 3), (5, 4), (6, 6)), (1, 3))","(((2, 4), (3, 4), (4, 3), (5, 4), (6, 5)), (1, 3))",9,6,15.0,9,,,pruned,,,2024
"(((2, 4), (3, 4), (4, 3), (5, 4), (6, 5)), (1, 3))","(((2, 4), (3, 4), (4, 3), (5, 4), (6, 4)), (1, 3))",8,5.0,13.0,8,6,1,expanded,False,True,2025
"(((2, 4), (3, 4), (4, 4), (5, 3), (6, 6)), (1, 3))","(((2, 4), (3, 4), (4, 4), (5, 3), (6, 5)), (1, 3))",9,6,15.0,9,,,pruned,,,2026
"(((2, 4), (3, 4), (4, 4), (5, 3), (6, 5)), (1, 3))","(((2, 4), (3, 4), (4, 4), (5, 3), (6, 4)), (1, 3))",8,5.0,13.0,8,6,1,expanded,False,True,2027
"(((2, 4), (3, 4), (4, 2), (5, 3), (6, 6)), (1, 3))","(((2, 4), (3, 4), (4, 2), (5, 3), (6, 5)), (1, 3))",9,6,15.0,9,,,pruned,,,2028
"(((2, 4), (3, 4), (4, 1), (5, 3), (6, 5)), (1, 3))","(((2, 4), (3, 4), (4, 2), (5, 3), (6, 5)), (1, 3))",9,6,15.0,9,,,pruned,,,2029
"(((2, 4), (3, 4), (4, 2), (5, 3), (6, 5)), (1, 3))","(((2, 4), (3, 4), (4, 3), (5, 3), (6, 5)), (1, 3))",8,5.0,13.0,8,8,2,expanded,False,True,2030
"(((2, 4), (3, 4), (4, 3), (5, 2), (6, 6)), (4, 4))","(((2, 4), (3, 4), (4, 3), (5, 2), (6, 5)), (4, 4))",9,6,15.0,9,,,pruned,,,2031
"(((2, 4), (3, 4), (4, 3), (5, 1), (6, 5)), (1, 3))","(((2, 4), (3, 4), (4, 3), (5, 2), (6, 5)), (4, 4))",9,6,15.0,9,,,pruned,,,2032
"(((2, 4), (3, 4), (4, 3), (5, 2), (6, 5)), (4, 4))","(((2, 4), (3, 4), (4, 3), (5, 3), (6, 5)), (1, 3))",8,5.0,13.0,8,6,2,expanded,False,True,2033
"(((2, 4), (3, 3), (3, 4), (4, 4), (6, 6)), (1, 3))","(((2, 4), (3, 3), (3, 4), (4, 4), (6, 5)), (1, 3))",9,6,15.0,9,,,pruned,,,2034
"(((2, 4), (3, 3), (3, 4), (4, 4), (6, 5)), (1, 3))","(((2, 4), (3, 3), (3, 4), (4, 4), (6, 4)), (1, 3))",8,5.0,13.0,8,4,1,expanded,False,True,2035
"(((2, 4), (3, 3), (3, 4), (4, 2), (6, 6)), (1, 3))","(((2, 4), (3, 3), (3, 4), (4, 2), (6, 5)), (1, 3))",9,6,15.0,9,,,pruned,,,2036
"(((2, 4), (3, 3), (3, 4), (4, 1), (6, 5)), (4, 2))","(((2, 4), (3, 3), (3, 4), (4, 2), (6, 5)), (1, 3))",9,6,15.0,9,,,pruned,,,2037
"(((2, 4), (3, 3), (3, 4), (4, 2), (6, 5)), (1, 3))","(((2, 4), (3, 3), (3, 4), (4, 2), (6, 4)), (1, 3))",8,5.0,13.0,8,6,2,expanded,False,True,2038
"(((2, 4), (3, 4), (4, 1), (4, 4), (5, 2)), (1, 3))","(((2, 4), (3, 4), (4, 2), (4, 4), (5, 2)), (1, 3))",9,6,15.0,9,,,pruned,,,2039
"(((2, 4), (3, 4), (4, 2), (4, 4), (5, 1)), (1, 3))","(((2, 4), (3, 4), (4, 2), (4, 4), (5, 2)), (1, 3))",9,6,15.0,9,,,pruned,,,2040
"(((2, 4), (3, 4), (4, 2), (4, 4), (5, 2)), (1, 3))","(((2, 4), (3, 4), (4, 2), (4, 4), (5, 3)), (1, 3))",8,5.0,13.0,8,4,2,expanded,False,True,2041
"(((2, 4), (3, 4), (4, 4), (6, 2), (6, 4)), (1, 3))","(((2, 4), (3, 4), (4, 4), (5, 2), (6, 4)), (1, 3))",9,5,14.0,9,,,pruned,,,2042
"(((2, 4), (3, 4), (4, 4), (5, 1), (6, 4)), (1, 3))","(((2, 4), (3, 4), (4, 4), (5, 2), (6, 4)), (1, 3))",9,6,15.0,9,,,pruned,,,2043
"(((2, 4), (3, 4), (4, 4), (5, 2), (6, 4)), (1, 3))","(((2, 4), (3, 4), (4, 3), (5, 2), (6, 4)), (1, 3))",8,5.0,13.0,8,6,2,expanded,False,True,2044
"(((2, 4), (3, 3), (3, 4), (6, 4), (6, 5)), (1, 3))","(((2, 4), (3, 3), (3, 4), (6, 3), (6, 5)), (1, 3))",8,5.0,13.0,8,2,0,expanded,False,True,2045
"(((3, 4), (4, 1), (4, 4), (5, 4), (6, 4)), (1, 3))","(((3, 4), (4, 2), (4, 4), (5, 4), (6, 4)), (1, 3))",9,6,15.0,9,,,pruned,,,2046
"(((3, 4), (4, 2), (4, 4), (5, 4), (6, 4)), (1, 3))","(((3, 4), (4, 2), (4, 4), (5, 4), (6, 3)), (1, 3))",8,5.0,13.0,8,4,1,expanded,False,True,2047
"(((2, 4), (3, 4), (4, 1), (5, 4), (6, 4)), (1, 3))","(((2, 4), (3, 4), (4, 2), (5, 4), (6, 4)), (1, 3))",9,6,15.0,9,,,pruned,,,2048
"(((2, 4), (3, 4), (4, 2), (5, 4), (6, 4)), (1, 3))","(((2, 4), (3, 4), (4, 2), (5, 4), (6, 3)), (1, 3))",8,5.0,13.0,8,4,1,expanded,False,True,2049
"(((2, 4), (3, 4), (4, 1), (5, 2), (6, 4)), (1, 3))","(((2, 4), (3, 4), (4, 2), (5, 2), (6, 4)), (1, 3))",9,6,15.0,9,,,pruned,,,2050
"(((2, 4), (3, 4), (4, 2), (5, 1), (6, 4)), (1, 3))","(((2, 4), (3, 4), (4, 2), (5, 2), (6, 4)), (1, 3))",9,6,15.0,9,,,pruned,,,2051
"(((2, 4), (3, 4), (4, 2), (5, 2), (6, 4)), (1, 3))","(((2, 4), (3, 4), (4, 2), (5, 3), (6, 4)), (1, 3))",8,5.0,13.0,8,6,2,expanded,False,True,2052
"(((3, 4), (4, 4), (5, 4), (6, 3), (6, 5)), (1, 3))","(((3, 4), (4, 4), (5, 3), (5, 4), (6, 5)), (1, 3))",8,5.0,13.0,8,2,0,expanded,False,True,2053
"(((2, 4), (3, 4), (4, 3), (6, 2), (6, 5)), (1, 3))","(((2, 4), (3, 4), (4, 3), (5, 2), (6, 5)), (1, 3))",9,5,14.0,9,,,pruned,,,2054
"(((2, 4), (3, 4), (4, 3), (5, 2), (6, 5)), (1, 3))","(((2, 4), (3, 3), (3, 4), (5, 2), (6, 5)), (1, 3))",8,5.0,13.0,8,4,1,expanded,False,True,2055
"(((2, 1), (4, 3), (5, 4), (5, 5), (6, 4)), (1, 3))","(((2, 2), (4, 3), (5, 4), (5, 5), (6, 4)), (1, 3))",9,6,15.0,9,,,pruned,,,2056
"(((2, 2), (4, 3), (5, 4), (5, 5), (6, 4)), (1, 3))","(((2, 2), (3, 3), (5, 4), (5, 5), (6, 4)), (1, 3))",8,5.0,13.0,8,3,1,expanded,False,True,2057
"(((1, 3), (2, 2), (5, 4), (5, 5), (6, 4)), (1, 4))","(((2, 2), (2, 3), (5, 4), (5, 5), (6, 4)), (1, 3))",9,6,15.0,9,,,pruned,,,2058
"(((2, 2), (2, 3), (5, 4), (5, 5), (6, 4)), (1, 3))","(((2, 2), (3, 3), (5, 4), (5, 5), (6, 4)), (1, 3))",8,5.0,13.0,8,3,1,expanded,False,True,2059
"(((2, 3), (3, 3), (5, 6), (6, 4), (6, 5)), (1, 3))","(((2, 3), (3, 3), (5, 5), (6, 4), (6, 5)), (1, 3))",9,6,15.0,9,,,pruned,,,2060
"(((2, 3), (3, 3), (5, 5), (6, 4), (6, 5)), (1, 3))","(((2, 3), (3, 3), (5, 4), (5, 5), (6, 5)), (1, 3))",8,5.0,13.0,8,3,1,expanded,False,True,2061
"(((5, 3), (5, 6), (6, 3), (6, 4), (6, 5)), (1, 3))","(((5, 3), (5, 5), (6, 3), (6, 4), (6, 5)), (1, 3))",9,6,15.0,9,,,pruned,,,2062
"(((5, 3), (5, 5), (6, 3), (6, 4), (6, 5)), (1, 3))","(((5, 3), (5, 4), (5, 5), (6, 3), (6, 5)), (1, 3))",8,5.0,13.0,8,3,1,expanded,False,True,2063
"(((1, 3), (2, 2), (3, 4), (5, 5), (6, 4)), (1, 4))","(((2, 2), (2, 3), (3, 4), (5, 5), (6, 4)), (2, 1))",9,6,15.0,9,,,pruned,,,2064
"(((2, 2), (2, 3), (3, 4), (5, 6), (6, 4)), (2, 1))","(((2, 2), (2, 3), (3, 4), (5, 5), (6, 4)), (2, 1))",9,6,15.0,9,,,pruned,,,2065
"(((2, 2), (2, 3), (3, 4), (5, 5), (6, 4)), (2, 1))","(((2, 2), (3, 3), (3, 4), (5, 5), (6, 4)), (2, 1))",8,5.0,13.0,8,4,2,expanded,False,True,2066
"(((1, 4), (2, 2), (3, 3), (5, 5), (6, 4)), (1, 3))","(((2, 2), (2, 4), (3, 3), (5, 5), (6, 4)), (2, 1))",9,6,15.0,9,,,pruned,,,2067
"(((2, 2), (2, 4), (3, 3), (5, 6), (6, 4)), (2, 1))","(((2, 2), (2, 4), (3, 3), (5, 5), (6, 4)), (2, 1))",9,6,15.0,9,,,pruned,,,2068
"(((2, 2), (2, 4), (3, 3), (5, 5), (6, 4)), (2, 1))","(((2, 2), (3, 3), (3, 4), (5, 5), (6, 4)), (2, 1))",8,5.0,13.0,8,5,2,expanded,False,True,2069
"(((1, 4), (2, 2), (5, 3), (5, 5), (6, 4)), (1, 3))","(((2, 2), (2, 4), (5, 3), (5, 5), (6, 4)), (1, 3))",9,6,15.0,9,,,pruned,,,2070
"(((2, 2), (2, 4), (5, 3), (5, 6), (6, 4)), (1, 3))","(((2, 2), (2, 4), (5, 3), (5, 5), (6, 4)), (1, 3))",9,6,15.0,9,,,pruned,,,2071
"(((2, 1), (2, 4), (5, 3), (5, 5), (6, 4)), (1, 3))","(((2, 2), (2, 4), (5, 3), (5, 5), (6, 4)), (1, 3))",9,6,15.0,9,,,pruned,,,2072
"(((2, 2), (2, 4), (5, 3), (5, 5), (6, 4)), (1, 3))","(((2, 2), (2, 4), (4, 3), (5, 5), (6, 4)), (1, 3))",8,5.0,13.0,8,10,3,expanded,False,True,2073
"(((2, 1), (3, 4), (4, 3), (5, 5), (6, 4)), (1, 3))","(((2, 2), (3, 4), (4, 3), (5, 5), (6, 4)), (1, 3))",9,6,15.0,9,,,pruned,,,2074
"(((2, 2), (3, 4), (4, 3), (5, 5), (6, 4)), (1, 3))","(((2, 2), (2, 4), (4, 3), (5, 5), (6, 4)), (1, 3))",8,5.0,13.0,8,3,1,expanded,False,True,2075
"(((2, 1), (3, 3), (4, 4), (5, 5), (6, 4)), (1, 3))","(((2, 2), (3, 3), (4, 4), (5, 5), (6, 4)), (1, 3))",9,6,15.0,9,,,pruned,,,2076
"(((2, 2), (3, 3), (4, 4), (5, 5), (6, 4)), (1, 3))","(((2, 2), (2, 3), (4, 4), (5, 5), (6, 4)), (1, 3))",8,5.0,13.0,8,3,1,expanded,False,True,2077
"(((2, 1), (4, 3), (4, 4), (5, 4), (5, 5)), (1, 3))","(((2, 2), (4, 3), (4, 4), (5, 4), (5, 5)), (1, 3))",9,6,15.0,9,,,pruned,,,2078
"(((2, 2), (4, 3), (4, 4), (5, 4), (5, 5)), (1, 3))","(((2, 2), (3, 3), (4, 4), (5, 4), (5, 5)), (1, 3))",8,5.0,13.0,8,2,1,expanded,False,True,2079
"(((1, 3), (4, 2), (4, 4), (5, 4), (5, 5)), (1, 4))","(((2, 3), (4, 2), (4, 4), (5, 4), (5, 5)), (1, 3))",9,6,15.0,9,,,pruned,,,2080
"(((2, 3), (4, 1), (4, 4), (5, 4), (5, 5)), (1, 3))","(((2, 3), (4, 2), (4, 4), (5, 4), (5, 5)), (1, 3))",9,6,15.0,9,,,pruned,,,2081
"(((2, 3), (4, 2), (4, 4), (5, 4), (5, 5)), (1, 3))","(((3, 3), (4, 2), (4, 4), (5, 4), (5, 5)), (1, 3))",8,5.0,13.0,8,6,2,expanded,False,True,2082
"(((4, 4), (5, 3), (5, 4), (5, 5), (6, 2)), (1, 3))","(((4, 4), (5, 2), (5, 3), (5, 4), (5, 5)), (1, 3))",9,5,14.0,9,,,pruned,,,2083
"(((4, 4), (5, 2), (5, 3), (5, 4), (5, 5)), (1, 3))","(((4, 3), (4, 4), (5, 2), (5, 4), (5, 5)), (1, 3))",8,5.0,13.0,8,2,1,expanded,False,True,2084
"(((3, 4), (5, 4), (5, 5), (6, 2), (6, 3)), (1, 3))","(((3, 4), (5, 2), (5, 4), (5, 5), (6, 3)), (1, 3))",9,5,14.0,9,,,pruned,,,2085
"(((3, 4), (5, 1), (5, 4), (5, 5), (6, 3)), (1, 3))","(((3, 4), (5, 2), (5, 4), (5, 5), (6, 3)), (1, 3))",9,6,15.0,9,,,pruned,,,2086
"(((3, 4), (5, 2), (5, 4), (5, 5), (6, 3)), (1, 3))","(((3, 4), (5, 2), (5, 3), (5, 4), (5, 5)), (1, 3))",8,5.0,13.0,8,6,2,expanded,False,True,2087
"(((3, 4), (4, 3), (4, 4), (5, 3), (6, 6)), (1, 3))","(((3, 4), (4, 3), (4, 4), (5, 3), (6, 5)), (1, 3))",10,5,15.0,10,,,pruned,,,2088
"(((3, 4), (4, 3), (4, 4), (5, 3), (6, 5)), (1, 3))","(((3, 4), (4, 3), (4, 4), (5, 3), (6, 4)), (1, 3))",9,4.0,13.0,9,4,1,expanded,False,True,2089
"(((1, 3), (3, 4), (4, 4), (5, 3), (6, 5)), (1, 4))","(((2, 3), (3, 4), (4, 4), (5, 3), (6, 5)), (2, 1))",10,5,15.0,10,,,pruned,,,2090
"(((2, 3), (3, 4), (4, 4), (5, 3), (6, 6)), (2, 1))","(((2, 3), (3, 4), (4, 4), (5, 3), (6, 5)), (2, 1))",10,5,15.0,10,,,pruned,,,2091
"(((2, 3), (3, 4), (4, 4), (5, 3), (6, 5)), (2, 1))","(((2, 3), (3, 4), (4, 4), (5, 3), (6, 4)), (2, 1))",9,4.0,13.0,9,8,2,expanded,False,True,2092
"(((2, 3), (3, 3), (3, 4), (4, 4), (6, 6)), (2, 1))","(((2, 3), (3, 3), (3, 4), (4, 4), (6, 5)), (2, 1))",10,5,15.0,10,,,pruned,,,2093
"(((2, 3), (3, 3), (3, 4), (4, 4), (6, 5)), (2, 1))","(((2, 3), (3, 3), (3, 4), (4, 4), (6, 4)), (2, 1))",9,4.0,13.0,9,3,1,expanded,False,True,2094
"(((1, 3), (2, 4), (3, 4), (4, 2), (5, 2)), (2, 1))","(((2, 3), (2, 4), (3, 4), (4, 2), (5, 2)), (3, 3))",10,5,15.0,10,,,pruned,,,2095
"(((2, 3), (2, 4), (3, 4), (4, 1), (5, 2)), (3, 3))","(((2, 3), (2, 4), (3, 4), (4, 2), (5, 2)), (3, 3))",10,5,15.0,10,,,pruned,,,2096
"(((2, 3), (2, 4), (3, 4), (4, 2), (5, 1)), (3, 3))","(((2, 3), (2, 4), (3, 4), (4, 2), (5, 2)), (3, 3))",10,5,15.0,10,,,pruned,,,2097
"(((2, 3), (2, 4), (3, 4), (4, 2), (5, 2)), (3, 3))","(((2, 3), (2, 4), (3, 4), (4, 2), (5, 3)), (2, 1))",9,4.0,13.0,9,3,3,expanded,True,True,2098
"(((2, 4), (3, 4), (4, 2), (5, 2), (6, 2)), (1, 3))","(((2, 4), (3, 4), (4, 2), (5, 2), (6, 3)), (1, 3))",10,5,15.0,10,,,pruned,,,2099
"(((2, 4), (3, 4), (4, 1), (5, 2), (6, 3)), (1, 3))","(((2, 4), (3, 4), (4, 2), (5, 2), (6, 3)), (1, 3))",10,5,15.0,10,,,pruned,,,2100
"(((2, 4), (3, 4), (4, 2), (5, 1), (6, 3)), (1, 3))","(((2, 4), (3, 4), (4, 2), (5, 2), (6, 3)), (1, 3))",10,5,15.0,10,,,pruned,,,2101
"(((2, 4), (3, 4), (4, 2), (5, 2), (6, 3)), (1, 3))","(((2, 4), (3, 4), (4, 2), (5, 3), (6, 3)), (1, 3))",9,4.0,13.0,9,5,3,expanded,False,True,2102
"(((2, 4), (3, 3), (4, 4), (5, 3), (6, 6)), (1, 3))","(((2, 4), (3, 3), (4, 4), (5, 3), (6, 5)), (1, 3))",10,5,15.0,10,,,pruned,,,2103
"(((2, 4), (3, 3), (4, 4), (5, 3), (6, 5)), (1, 3))","(((2, 4), (3, 3), (4, 4), (5, 3), (6, 4)), (1, 3))",9,4.0,13.0,9,10,1,expanded,False,True,2104
"(((2, 4), (3, 4), (4, 2), (4, 3), (5, 1)), (4, 4))","(((2, 4), (3, 4), (4, 2), (4, 3), (5, 2)), (4, 4))",10,5,15.0,10,,,pruned,,,2105
"(((2, 4), (3, 4), (4, 2), (4, 3), (5, 2)), (4, 4))","(((2, 4), (3, 4), (4, 2), (4, 3), (5, 3)), (1, 3))",9,4.0,13.0,9,2,1,expanded,False,True,2106
"(((3, 3), (3, 4), (4, 3), (4, 4), (6, 6)), (1, 3))","(((3, 3), (3, 4), (4, 3), (4, 4), (6, 5)), (1, 3))",10,5,15.0,10,,,pruned,,,2107
"(((3, 3), (3, 4), (4, 3), (4, 4), (6, 5)), (1, 3))","(((3, 3), (3, 4), (4, 3), (4, 4), (6, 4)), (1, 3))",9,4.0,13.0,9,2,1,expanded,False,True,2108
"(((1, 3), (2, 4), (5, 2), (5, 5), (6, 3)), (2, 1))","(((2, 3), (2, 4), (5, 2), (5, 5), (6, 3)), (2, 1))",10,5,15.0,10,,,pruned,,,2109
"(((1, 4), (2, 3), (5, 2), (5, 5), (6, 3)), (2, 1))","(((2, 3), (2, 4), (5, 2), (5, 5), (6, 3)), (2, 1))",10,5,15.0,10,,,pruned,,,2110
"(((2, 3), (2, 4), (5, 2), (5, 6), (6, 3)), (2, 1))","(((2, 3), (2, 4), (5, 2), (5, 5), (6, 3)), (2, 1))",10,5,15.0,10,,,pruned,,,2111
"(((2, 3), (2, 4), (5, 2), (5, 5), (6, 2)), (2, 1))","(((2, 3), (2, 4), (5, 2), (5, 5), (6, 3)), (2, 1))",10,5,15.0,10,,,pruned,,,2112
"(((2, 3), (2, 4), (5, 5), (6, 2), (6, 3)), (2, 1))","(((2, 3), (2, 4), (5, 2), (5, 5), (6, 3)), (2, 1))",10,4,14.0,10,,,pruned,,,2113
"(((2, 3), (2, 4), (5, 1), (5, 5), (6, 3)), (2, 1))","(((2, 3), (2, 4), (5, 2), (5, 5), (6, 3)), (2, 1))",10,5,15.0,10,,,pruned,,,2114
"(((2, 3), (2, 4), (5, 2), (5, 5), (6, 3)), (2, 1))","(((2, 3), (2, 4), (5, 2), (5, 4), (6, 3)), (2, 1))",9,4.0,13.0,9,8,6,expanded,False,True,2115
"(((1, 4), (4, 2), (5, 2), (5, 4), (6, 3)), (1, 3))","(((2, 4), (4, 2), (5, 2), (5, 4), (6, 3)), (1, 3))",10,5,15.0,10,,,pruned,,,2116
"(((2, 4), (4, 1), (5, 2), (5, 4), (6, 3)), (1, 3))","(((2, 4), (4, 2), (5, 2), (5, 4), (6, 3)), (1, 3))",10,5,15.0,10,,,pruned,,,2117
"(((2, 4), (4, 2), (5, 1), (5, 4), (6, 3)), (1, 3))","(((2, 4), (4, 2), (5, 2), (5, 4), (6, 3)), (1, 3))",10,5,15.0,10,,,pruned,,,2118
"(((2, 4), (4, 2), (5, 2), (5, 4), (6, 3)), (1, 3))","(((2, 4), (4, 3), (5, 2), (5, 4), (6, 3)), (1, 3))",9,4.0,13.0,9,8,3,expanded,False,True,2119
"(((2, 3), (2, 4), (3, 3), (3, 4), (6, 6)), (2, 1))","(((2, 3), (2, 4), (3, 3), (3, 4), (6, 5)), (2, 1))",10,5,15.0,10,,,pruned,,,2120
"(((2, 3), (2, 4), (3, 3), (3, 4), (6, 5)), (2, 1))","(((2, 3), (2, 4), (3, 3), (3, 4), (6, 4)), (2, 1))",9,4.0,13.0,9,2,1,expanded,False,True,2121
"(((2, 4), (3, 4), (5, 4), (6, 3), (6, 4)), (1, 3))","(((2, 4), (3, 4), (5, 3), (6, 3), (6, 4)), (1, 3))",9,4.0,13.0,9,1,0,expanded,False,True,2122
"(((2, 4), (3, 4), (6, 2), (6, 3), (6, 4)), (1, 3))","(((2, 4), (3, 4), (5, 2), (6, 3), (6, 4)), (1, 3))",10,4,14.0,10,,,pruned,,,2123
"(((2, 4), (3, 4), (5, 1), (6, 3), (6, 4)), (1, 3))","(((2, 4), (3, 4), (5, 2), (6, 3), (6, 4)), (1, 3))",10,5,15.0,10,,,pruned,,,2124
"(((2, 4), (3, 4), (5, 2), (6, 3), (6, 4)), (1, 3))","(((2, 4), (3, 4), (5, 3), (6, 3), (6, 4)), (1, 3))",9,4.0,13.0,9,3,2,expanded,False,True,2125
"(((2, 4), (3, 4), (4, 3), (5, 1), (6, 4)), (1, 3))","(((2, 4), (3, 4), (4, 3), (5, 2), (6, 4)), (4, 4))",10,5,15.0,10,,,pruned,,,2126
"(((2, 4), (3, 4), (4, 3), (5, 2), (6, 4)), (4, 4))","(((2, 4), (3, 4), (4, 3), (5, 3), (6, 4)), (4, 4))",9,4.0,13.0,9,6,1,expanded,False,True,2127
"(((3, 4), (4, 2), (4, 4), (5, 2), (6, 2)), (1, 3))","(((3, 4), (4, 2), (4, 4), (5, 2), (6, 3)), (1, 3))",10,5,15.0,10,,,pruned,,,2128
"(((3, 4), (4, 1), (4, 4), (5, 2), (6, 3)), (1, 3))","(((3, 4), (4, 2), (4, 4), (5, 2), (6, 3)), (1, 3))",10,5,15.0,10,,,pruned,,,2129
"(((3, 4), (4, 2), (4, 4), (5, 1), (6, 3)), (1, 3))","(((3, 4), (4, 2), (4, 4), (5, 2), (6, 3)), (1, 3))",10,5,15.0,10,,,pruned,,,2130
"(((3, 4), (4, 2), (4, 4), (5, 2), (6, 3)), (1, 3))","(((3, 4), (4, 2), (4, 4), (5, 3), (6, 3)), (5, 4))",9,4.0,13.0,9,5,3,expanded,False,True,2131
"(((3, 3), (3, 4), (4, 4), (6, 3), (6, 6)), (1, 3))","(((3, 3), (3, 4), (4, 4), (6, 3), (6, 5)), (1, 3))",10,5,15.0,10,,,pruned,,,2132
"(((3, 3), (3, 4), (4, 4), (6, 2), (6, 5)), (1, 3))","(((3, 3), (3, 4), (4, 4), (6, 3), (6, 5)), (1, 3))",10,5,15.0,10,,,pruned,,,2133
"(((3, 3), (3, 4), (4, 4), (6, 3), (6, 5)), (1, 3))","(((3, 3), (3, 4), (4, 4), (5, 3), (6, 5)), (1, 3))",9,4.0,13.0,9,6,2,expanded,False,True,2134
"(((1, 3), (2, 4), (4, 2), (5, 2), (5, 4)), (2, 1))","(((2, 3), (2, 4), (4, 2), (5, 2), (5, 4)), (3, 3))",10,5,15.0,10,,,pruned,,,2135
"(((1, 4), (2, 3), (4, 2), (5, 2), (5, 4)), (2, 4))","(((2, 3), (2, 4), (4, 2), (5, 2), (5, 4)), (3, 3))",10,5,15.0,10,,,pruned,,,2136
"(((2, 3), (2, 4), (4, 1), (5, 2), (5, 4)), (3, 3))","(((2, 3), (2, 4), (4, 2), (5, 2), (5, 4)), (3, 3))",10,5,15.0,10,,,pruned,,,2137
"(((2, 3), (2, 4), (4, 2), (5, 1), (5, 4)), (3, 3))","(((2, 3), (2, 4), (4, 2), (5, 2), (5, 4)), (3, 3))",10,5,15.0,10,,,pruned,,,2138
"(((2, 3), (2, 4), (4, 2), (5, 2), (5, 4)), (3, 3))","(((2, 3), (2, 4), (4, 2), (4, 4), (5, 2)), (3, 3))",9,4.0,13.0,9,8,4,expanded,False,True,2139
"(((2, 4), (3, 4), (5, 3), (6, 3), (6, 6)), (1, 3))","(((2, 4), (3, 4), (5, 3), (6, 3), (6, 5)), (1, 3))",10,5,15.0,10,,,pruned,,,2140
"(((2, 4), (3, 4), (5, 3), (6, 2), (6, 5)), (1, 3))","(((2, 4), (3, 4), (5, 3), (6, 3), (6, 5)), (1, 3))",10,5,15.0,10,,,pruned,,,2141
"(((2, 4), (3, 4), (5, 3), (6, 3), (6, 5)), (1, 3))","(((2, 4), (3, 4), (4, 3), (6, 3), (6, 5)), (1, 3))",9,4.0,13.0,9,6,2,expanded,False,True,2142
"(((2, 4), (3, 4), (4, 4), (5, 3), (6, 4)), (5, 4))","(((2, 4), (3, 4), (4, 4), (5, 3), (6, 5)), (1, 3))",9,4.0,13.0,9,2,0,expanded,False,True,2143
"(((1, 4), (4, 2), (5, 3), (5, 4), (6, 3)), (1, 3))","(((2, 4), (4, 2), (5, 3), (5, 4), (6, 3)), (1, 3))",11,4,15.0,11,,,pruned,,,2144
"(((2, 4), (4, 1), (5, 3), (5, 4), (6, 3)), (1, 3))","(((2, 4), (4, 2), (5, 3), (5, 4), (6, 3)), (1, 3))",11,4,15.0,11,,,pruned,,,2145
"(((2, 4), (4, 2), (5, 3), (5, 4), (6, 3)), (1, 3))","(((2, 4), (4, 3), (5, 3), (5, 4), (6, 3)), (1, 3))",10,3.0,13.0,10,6,2,expanded,False,True,2146
"(((1, 4), (4, 3), (5, 3), (5, 4), (6, 4)), (1, 3))","(((2, 4), (4, 3), (5, 3), (5, 4), (6, 4)), (1, 3))",11,4,15.0,11,,,pruned,,,2147
"(((2, 4), (4, 3), (5, 3), (5, 4), (6, 4)), (1, 3))","(((2, 4), (4, 3), (5, 3), (5, 4), (6, 3)), (1, 3))",10,3.0,13.0,10,5,1,expanded,False,True,2148
"(((1, 3), (2, 4), (5, 3), (5, 4), (6, 4)), (2, 1))","(((2, 3), (2, 4), (5, 3), (5, 4), (6, 4)), (2, 1))",11,4,15.0,11,,,pruned,,,2149
"(((1, 4), (2, 3), (5, 3), (5, 4), (6, 4)), (2, 1))","(((2, 3), (2, 4), (5, 3), (5, 4), (6, 4)), (2, 1))",11,4,15.0,11,,,pruned,,,2150
"(((2, 3), (2, 4), (5, 3), (5, 4), (6, 4)), (2, 1))","(((2, 3), (2, 4), (5, 3), (5, 4), (6, 3)), (2, 1))",10,3.0,13.0,10,5,2,expanded,False,True,2151
"(((2, 3), (2, 4), (3, 3), (3, 4), (4, 1)), (4, 2))","(((2, 3), (2, 4), (3, 3), (3, 4), (4, 2)), (2, 1))",11,4,15.0,11,,,pruned,,,2152
"(((2, 3), (2, 4), (3, 3), (3, 4), (4, 2)), (2, 1))","(((2, 3), (2, 4), (3, 3), (3, 4), (4, 3)), (2, 1))",10,3.0,13.0,10,2,1,expanded,False,True,2153
"(((1, 3), (2, 4), (4, 4), (6, 3), (6, 4)), (2, 1))","(((2, 3), (2, 4), (4, 4), (6, 3), (6, 4)), (2, 1))",11,4,15.0,11,,,pruned,,,2154
"(((1, 4), (2, 3), (4, 4), (6, 3), (6, 4)), (2, 1))","(((2, 3), (2, 4), (4, 4), (6, 3), (6, 4)), (2, 1))",11,4,15.0,11,,,pruned,,,2155
"(((2, 3), (2, 4), (4, 4), (6, 3), (6, 4)), (2, 1))","(((2, 3), (2, 4), (4, 4), (5, 3), (6, 4)), (2, 1))",10,3.0,13.0,10,4,2,expanded,False,True,2156
"(((2, 3), (2, 4), (4, 3), (4, 4), (6, 4)), (2, 1))","(((2, 3), (2, 4), (4, 4), (5, 3), (6, 4)), (2, 1))",10,3.0,13.0,10,4,0,expanded,False,True,2157
"(((1, 4), (4, 3), (4, 4), (6, 3), (6, 4)), (1, 3))","(((2, 4), (4, 3), (4, 4), (6, 3), (6, 4)), (1, 3))",11,4,15.0,11,,,pruned,,,2158
"(((2, 4), (4, 3), (4, 4), (6, 3), (6, 4)), (1, 3))","(((2, 4), (3, 3), (4, 4), (6, 3), (6, 4)), (1, 3))",10,3.0,13.0,10,6,1,expanded,False,True,2159
"(((3, 4), (4, 4), (5, 3), (6, 3), (6, 4)), (1, 3))","(((3, 4), (4, 3), (4, 4), (6, 3), (6, 4)), (1, 3))",10,3.0,13.0,10,1,0,expanded,False,True,2160
"(((4, 3), (4, 4), (5, 4), (6, 2), (6, 3)), (1, 3))","(((4, 3), (4, 4), (5, 2), (5, 4), (6, 3)), (1, 3))",11,3,14.0,11,,,pruned,,,2161
"(((4, 3), (4, 4), (5, 2), (5, 4), (6, 3)), (1, 3))","(((3, 4), (4, 3), (5, 2), (5, 4), (6, 3)), (1, 3))",10,3.0,13.0,10,3,1,expanded,False,True,2162
"(((3, 4), (5, 3), (5, 4), (6, 2), (6, 3)), (1, 3))","(((3, 4), (5, 2), (5, 3), (5, 4), (6, 3)), (1, 3))",11,3,14.0,11,,,pruned,,,2163
"(((3, 4), (5, 2), (5, 3), (5, 4), (6, 3)), (1, 3))","(((3, 4), (4, 3), (5, 2), (5, 4), (6, 3)), (1, 3))",10,3.0,13.0,10,4,1,expanded,False,True,2164
"(((1, 4), (5, 2), (5, 3), (6, 3), (6, 4)), (1, 3))","(((2, 4), (5, 2), (5, 3), (6, 3), (6, 4)), (1, 3))",11,4,15.0,11,,,pruned,,,2165
"(((2, 4), (5, 3), (6, 2), (6, 3), (6, 4)), (1, 3))","(((2, 4), (5, 2), (5, 3), (6, 3), (6, 4)), (1, 3))",11,3,14.0,11,,,pruned,,,2166
"(((2, 4), (5, 2), (5, 3), (6, 3), (6, 4)), (1, 3))","(((2, 4), (5, 2), (5, 3), (5, 4), (6, 3)), (1, 3))",10,3.0,13.0,10,3,2,expanded,False,True,2167
"(((3, 4), (4, 3), (6, 2), (6, 3), (6, 4)), (1, 3))","(((3, 4), (4, 3), (5, 2), (6, 3), (6, 4)), (1, 3))",11,3,14.0,11,,,pruned,,,2168
"(((3, 4), (4, 3), (5, 2), (6, 3), (6, 4)), (1, 3))","(((2, 4), (4, 3), (5, 2), (6, 3), (6, 4)), (1, 3))",10,3.0,13.0,10,5,1,expanded,False,True,2169
"(((1, 4), (3, 3), (5, 2), (6, 3), (6, 4)), (1, 3))","(((2, 4), (3, 3), (5, 2), (6, 3), (6, 4)), (1, 3))",11,4,15.0,11,,,pruned,,,2170
"(((2, 4), (3, 3), (6, 2), (6, 3), (6, 4)), (1, 3))","(((2, 4), (3, 3), (5, 2), (6, 3), (6, 4)), (1, 3))",11,3,14.0,11,,,pruned,,,2171
"(((2, 4), (3, 3), (5, 1), (6, 3), (6, 4)), (1, 3))","(((2, 4), (3, 3), (5, 2), (6, 3), (6, 4)), (1, 3))",11,4,15.0,11,,,pruned,,,2172
"(((2, 4), (3, 3), (5, 2), (6, 3), (6, 4)), (1, 3))","(((2, 4), (4, 3), (5, 2), (6, 3), (6, 4)), (1, 3))",10,3.0,13.0,10,7,3,expanded,False,True,2173
"(((4, 2), (4, 3), (4, 4), (5, 3), (5, 4)), (1, 3))","(((3, 4), (4, 2), (4, 3), (5, 3), (5, 4)), (1, 3))",10,3.0,13.0,10,0,0,expanded,False,True,2174
"(((3, 4), (4, 2), (4, 3), (5, 3), (6, 4)), (1, 3))","(((2, 4), (4, 2), (4, 3), (5, 3), (6, 4)), (1, 3))",10,3.0,13.0,10,3,0,expanded,False,True,2175
"(((3, 4), (4, 1), (4, 4), (5, 3), (6, 3)), (1, 3))","(((3, 4), (4, 2), (4, 4), (5, 3), (6, 3)), (1, 3))",11,4,15.0,11,,,pruned,,,2176
"(((3, 4), (4, 2), (4, 4), (5, 3), (6, 3)), (1, 3))","(((2, 4), (4, 2), (4, 4), (5, 3), (6, 3)), (1, 3))",10,3.0,13.0,10,4,1,expanded,False,True,2177
"(((3, 4), (4, 3), (4, 4), (5, 3), (6, 4)), (5, 4))","(((3, 4), (4, 3), (4, 4), (5, 3), (6, 5)), (1, 3))",10,3.0,13.0,10,2,0,expanded,False,True,2178
"(((2, 3), (3, 4), (4, 4), (5, 3), (6, 4)), (5, 4))","(((2, 3), (3, 4), (4, 4), (5, 3), (6, 5)), (2, 1))",10,3.0,13.0,10,2,0,expanded,False,True,2179
"(((2, 4), (3, 3), (4, 4), (5, 3), (6, 4)), (5, 4))","(((2, 4), (3, 3), (4, 4), (5, 3), (6, 5)), (1, 3))",10,3.0,13.0,10,3,0,expanded,False,True,2180
"(((2, 3), (2, 4), (5, 2), (5, 4), (6, 2)), (2, 1))","(((2, 3), (2, 4), (5, 2), (5, 4), (6, 3)), (5, 5))",11,4,15.0,11,,,pruned,,,2181
"(((2, 3), (2, 4), (5, 2), (5, 4), (6, 3)), (5, 5))","(((2, 3), (2, 4), (5, 2), (5, 5), (6, 3)), (2, 1))",10,3.0,13.0,10,3,1,expanded,False,True,2182
"(((1, 3), (2, 4), (5, 3), (5, 5), (6, 3)), (2, 1))","(((2, 3), (2, 4), (5, 3), (5, 5), (6, 3)), (2, 1))",11,4,15.0,11,,,pruned,,,2183
"(((1, 4), (2, 3), (5, 3), (5, 5), (6, 3)), (2, 1))","(((2, 3), (2, 4), (5, 3), (5, 5), (6, 3)), (2, 1))",11,4,15.0,11,,,pruned,,,2184
"(((2, 3), (2, 4), (5, 3), (5, 6), (6, 3)), (2, 1))","(((2, 3), (2, 4), (5, 3), (5, 5), (6, 3)), (2, 1))",11,4,15.0,11,,,pruned,,,2185
"(((2, 3), (2, 4), (5, 3), (5, 5), (6, 2)), (2, 1))","(((2, 3), (2, 4), (5, 3), (5, 5), (6, 3)), (2, 1))",11,4,15.0,11,,,pruned,,,2186
"(((2, 3), (2, 4), (5, 3), (5, 5), (6, 3)), (2, 1))","(((2, 3), (2, 4), (5, 2), (5, 5), (6, 3)), (2, 1))",10,3.0,13.0,10,8,4,expanded,False,True,2187
"(((1, 3), (2, 4), (4, 2), (5, 2), (5, 3)), (2, 1))","(((2, 3), (2, 4), (4, 2), (5, 2), (5, 3)), (3, 3))",11,4,15.0,11,,,pruned,,,2188
"(((1, 4), (2, 3), (4, 2), (5, 2), (5, 3)), (2, 4))","(((2, 3), (2, 4), (4, 2), (5, 2), (5, 3)), (3, 3))",11,4,15.0,11,,,pruned,,,2189
"(((2, 3), (2, 4), (4, 1), (5, 2), (5, 3)), (3, 3))","(((2, 3), (2, 4), (4, 2), (5, 2), (5, 3)), (3, 3))",11,4,15.0,11,,,pruned,,,2190
"(((2, 3), (2, 4), (4, 2), (5, 2), (5, 3)), (3, 3))","(((2, 3), (2, 4), (4, 2), (5, 2), (5, 4)), (3, 3))",10,3.0,13.0,10,5,3,expanded,False,True,2191
"(((4, 3), (4, 4), (5, 3), (5, 4), (6, 3)), (1, 3))","(((3, 4), (4, 3), (5, 3), (5, 4), (6, 3)), (1, 3))",11,2.0,13.0,11,1,0,expanded,False,True,2192
"(((3, 4), (4, 3), (5, 3), (6, 3), (6, 4)), (1, 3))","(((2, 4), (4, 3), (5, 3), (6, 3), (6, 4)), (1, 3))",11,2.0,13.0,11,3,0,expanded,False,True,2193
"(((3, 4), (4, 2), (4, 3), (5, 3), (6, 3)), (1, 3))","(((2, 4), (4, 2), (4, 3), (5, 3), (6, 3)), (1, 3))",11,2.0,13.0,11,3,0,expanded,False,True,2194
"(((2, 3), (2, 4), (4, 3), (4, 4), (6, 2)), (2, 1))","(((2, 3), (2, 4), (4, 3), (4, 4), (6, 3)), (2, 1))",12,3,15.0,12,,,pruned,,,2195
"(((2, 3), (2, 4), (4, 3), (4, 4), (6, 3)), (2, 1))","(((2, 3), (2, 4), (4, 3), (4, 4), (6, 4)), (2, 1))",11,2.0,13.0,11,4,1,expanded,False,True,2196
"(((1, 4), (3, 3), (5, 3), (6, 3), (6, 4)), (1, 3))","(((2, 4), (3, 3), (5, 3), (6, 3), (6, 4)), (1, 3))",12,3,15.0,12,,,pruned,,,2197
"(((2, 4), (3, 3), (5, 3), (6, 3), (6, 4)), (1, 3))","(((2, 4), (3, 3), (5, 2), (6, 3), (6, 4)), (1, 3))",11,2.0,13.0,11,6,1,expanded,False,True,2198
"(((1, 3), (2, 4), (5, 2), (5, 3), (6, 3)), (2, 1))","(((2, 3), (2, 4), (5, 2), (5, 3), (6, 3)), (2, 1))",12,3,15.0,12,,,pruned,,,2199
"(((1, 4), (2, 3), (5, 2), (5, 3), (6, 3)), (2, 1))","(((2, 3), (2, 4), (5, 2), (5, 3), (6, 3)), (2, 1))",12,3,15.0,12,,,pruned,,,2200
"(((2, 3), (2, 4), (5, 2), (5, 3), (6, 2)), (2, 1))","(((2, 3), (2, 4), (5, 2), (5, 3), (6, 3)), (2, 1))",12,3,15.0,12,,,pruned,,,2201
"(((2, 3), (2, 4), (5, 3), (6, 2), (6, 3)), (2, 1))","(((2, 3), (2, 4), (5, 2), (5, 3), (6, 3)), (2, 1))",12,2,14.0,12,,,pruned,,,2202
"(((2, 3), (2, 4), (5, 2), (5, 3), (6, 3)), (2, 1))","(((2, 3), (2, 4), (5, 2), (5, 4), (6, 3)), (5, 5))",11,2.0,13.0,11,4,4,expanded,True,True,2203
"(((2, 3), (2, 4), (5, 3), (5, 4), (6, 2)), (5, 5))","(((2, 3), (2, 4), (5, 3), (5, 4), (6, 3)), (5, 5))",12,3,15.0,12,,,pruned,,,2204
"(((2, 3), (2, 4), (5, 3), (5, 4), (6, 3)), (5, 5))","(((2, 3), (2, 4), (5, 3), (5, 5), (6, 3)), (2, 1))",11,2.0,13.0,11,2,1,expanded,False,True,2205
"(((1, 4), (4, 4), (5, 5), (6, 4), (6, 5)), (1, 3))","(((2, 4), (4, 4), (5, 5), (6, 4), (6, 5)), (1, 3))",8,8,16.0,8,,,pruned,,,2206
"(((2, 4), (4, 4), (5, 6), (6, 4), (6, 5)), (1, 3))","(((2, 4), (4, 4), (5, 5), (6, 4), (6, 5)), (1, 3))",8,8,16.0,8,,,pruned,,,2207
"(((2, 4), (4, 4), (5, 5), (6, 4), (6, 5)), (1, 3))","(((2, 4), (4, 4), (5, 5), (6, 3), (6, 5)), (1, 3))",7,7.0,14.0,7,5,2,expanded,False,True,2208
"(((2, 2), (4, 4), (5, 6), (6, 4), (6, 5)), (1, 3))","(((2, 2), (4, 4), (5, 5), (6, 4), (6, 5)), (1, 3))",8,8,16.0,8,,,pruned,,,2209
"(((2, 1), (4, 4), (5, 5), (6, 4), (6, 5)), (1, 3))","(((2, 2), (4, 4), (5, 5), (6, 4), (6, 5)), (1, 3))",8,8,16.0,8,,,pruned,,,2210
"(((2, 2), (4, 4), (5, 5), (6, 4), (6, 5)), (1, 3))","(((2, 2), (4, 4), (5, 5), (6, 3), (6, 5)), (1, 3))",7,7.0,14.0,7,5,2,expanded,False,True,2211
"(((1, 4), (4, 2), (4, 4), (5, 5), (6, 5)), (1, 3))","(((2, 4), (4, 2), (4, 4), (5, 5), (6, 5)), (1, 3))",8,8,16.0,8,,,pruned,,,2212
"(((2, 4), (4, 2), (4, 4), (5, 6), (6, 5)), (1, 3))","(((2, 4), (4, 2), (4, 4), (5, 5), (6, 5)), (1, 3))",8,8,16.0,8,,,pruned,,,2213
"(((2, 4), (4, 2), (4, 4), (5, 5), (6, 6)), (1, 3))","(((2, 4), (4, 2), (4, 4), (5, 5), (6, 5)), (1, 3))",8,8,16.0,8,,,pruned,,,2214
"(((2, 4), (4, 1), (4, 4), (5, 5), (6, 5)), (1, 3))","(((2, 4), (4, 2), (4, 4), (5, 5), (6, 5)), (1, 3))",8,8,16.0,8,,,pruned,,,2215
"(((2, 4), (4, 2), (4, 4), (5, 5), (6, 5)), (1, 3))","(((2, 4), (4, 2), (4, 4), (5, 5), (6, 4)), (1, 3))",7,7.0,14.0,7,8,4,expanded,False,True,2216
"(((1, 4), (4, 2), (5, 5), (6, 4), (6, 5)), (1, 3))","(((2, 4), (4, 2), (5, 5), (6, 4), (6, 5)), (1, 3))",8,8,16.0,8,,,pruned,,,2217
"(((2, 4), (4, 2), (5, 6), (6, 4), (6, 5)), (1, 3))","(((2, 4), (4, 2), (5, 5), (6, 4), (6, 5)), (1, 3))",8,8,16.0,8,,,pruned,,,2218
"(((2, 4), (4, 1), (5, 5), (6, 4), (6, 5)), (1, 3))","(((2, 4), (4, 2), (5, 5), (6, 4), (6, 5)), (1, 3))",8,8,16.0,8,,,pruned,,,2219
"(((2, 4), (4, 2), (5, 5), (6, 4), (6, 5)), (1, 3))","(((2, 4), (4, 2), (5, 5), (6, 3), (6, 5)), (1, 3))",7,7.0,14.0,7,5,3,expanded,False,True,2220
"(((2, 2), (4, 2), (4, 4), (5, 6), (6, 5)), (1, 3))","(((2, 2), (4, 2), (4, 4), (5, 5), (6, 5)), (1, 3))",8,8,16.0,8,,,pruned,,,2221
"(((2, 2), (4, 2), (4, 4), (5, 5), (6, 6)), (1, 3))","(((2, 2), (4, 2), (4, 4), (5, 5), (6, 5)), (1, 3))",8,8,16.0,8,,,pruned,,,2222
"(((2, 1), (4, 2), (4, 4), (5, 5), (6, 5)), (1, 3))","(((2, 2), (4, 2), (4, 4), (5, 5), (6, 5)), (1, 3))",8,8,16.0,8,,,pruned,,,2223
"(((2, 2), (4, 1), (4, 4), (5, 5), (6, 5)), (1, 3))","(((2, 2), (4, 2), (4, 4), (5, 5), (6, 5)), (1, 3))",8,8,16.0,8,,,pruned,,,2224
"(((2, 2), (4, 2), (4, 4), (5, 5), (6, 5)), (1, 3))","(((2, 2), (4, 2), (4, 4), (5, 5), (6, 4)), (1, 3))",7,7.0,14.0,7,8,4,expanded,False,True,2225
"(((4, 4), (5, 2), (5, 4), (5, 5), (6, 6)), (1, 3))","(((4, 4), (5, 2), (5, 4), (5, 5), (6, 5)), (1, 3))",8,8,16.0,8,,,pruned,,,2226
"(((4, 4), (5, 4), (5, 5), (6, 2), (6, 5)), (1, 3))","(((4, 4), (5, 2), (5, 4), (5, 5), (6, 5)), (1, 3))",8,7,15.0,8,,,pruned,,,2227
"(((4, 4), (5, 1), (5, 4), (5, 5), (6, 5)), (1, 3))","(((4, 4), (5, 2), (5, 4), (5, 5), (6, 5)), (1, 3))",8,8,16.0,8,,,pruned,,,2228
"(((4, 4), (5, 2), (5, 4), (5, 5), (6, 5)), (1, 3))","(((4, 4), (5, 2), (5, 4), (5, 5), (6, 4)), (1, 3))",7,7.0,14.0,7,5,3,expanded,False,True,2229
"(((4, 2), (5, 2), (5, 4), (5, 5), (6, 6)), (1, 3))","(((4, 2), (5, 2), (5, 4), (5, 5), (6, 5)), (1, 3))",8,8,16.0,8,,,pruned,,,2230
"(((4, 1), (5, 2), (5, 4), (5, 5), (6, 5)), (1, 3))","(((4, 2), (5, 2), (5, 4), (5, 5), (6, 5)), (1, 3))",8,8,16.0,8,,,pruned,,,2231
"(((4, 2), (5, 1), (5, 4), (5, 5), (6, 5)), (1, 3))","(((4, 2), (5, 2), (5, 4), (5, 5), (6, 5)), (1, 3))",8,8,16.0,8,,,pruned,,,2232
"(((4, 2), (5, 2), (5, 4), (5, 5), (6, 5)), (1, 3))","(((4, 2), (5, 2), (5, 4), (5, 5), (6, 4)), (1, 3))",7,7.0,14.0,7,7,3,expanded,False,True,2233
"(((1, 4), (5, 2), (5, 4), (5, 5), (6, 5)), (1, 3))","(((2, 4), (5, 2), (5, 4), (5, 5), (6, 5)), (1, 3))",8,8,16.0,8,,,pruned,,,2234
"(((2, 4), (5, 2), (5, 4), (5, 5), (6, 6)), (1, 3))","(((2, 4), (5, 2), (5, 4), (5, 5), (6, 5)), (1, 3))",8,8,16.0,8,,,pruned,,,2235
"(((2, 4), (5, 4), (5, 5), (6, 2), (6, 5)), (1, 3))","(((2, 4), (5, 2), (5, 4), (5, 5), (6, 5)), (1, 3))",8,7,15.0,8,,,pruned,,,2236
"(((2, 4), (5, 1), (5, 4), (5, 5), (6, 5)), (1, 3))","(((2, 4), (5, 2), (5, 4), (5, 5), (6, 5)), (1, 3))",8,8,16.0,8,,,pruned,,,2237
"(((2, 4), (5, 2), (5, 4), (5, 5), (6, 5)), (1, 3))","(((2, 4), (5, 2), (5, 4), (5, 5), (6, 4)), (1, 3))",7,7.0,14.0,7,9,4,expanded,False,True,2238
"(((2, 2), (5, 2), (5, 4), (5, 5), (6, 6)), (1, 3))","(((2, 2), (5, 2), (5, 4), (5, 5), (6, 5)), (1, 3))",8,8,16.0,8,,,pruned,,,2239
"(((2, 1), (5, 2), (5, 4), (5, 5), (6, 5)), (1, 3))","(((2, 2), (5, 2), (5, 4), (5, 5), (6, 5)), (1, 3))",8,8,16.0,8,,,pruned,,,2240
"(((2, 2), (5, 4), (5, 5), (6, 2), (6, 5)), (1, 3))","(((2, 2), (5, 2), (5, 4), (5, 5), (6, 5)), (1, 3))",8,7,15.0,8,,,pruned,,,2241
"(((2, 2), (5, 1), (5, 4), (5, 5), (6, 5)), (1, 3))","(((2, 2), (5, 2), (5, 4), (5, 5), (6, 5)), (1, 3))",8,8,16.0,8,,,pruned,,,2242
"(((2, 2), (5, 2), (5, 4), (5, 5), (6, 5)), (1, 3))","(((2, 2), (5, 2), (5, 4), (5, 5), (6, 4)), (1, 3))",7,7.0,14.0,7,9,4,expanded,False,True,2243
"(((3, 4), (5, 4), (5, 5), (6, 4), (6, 5)), (1, 3))","(((3, 4), (5, 4), (5, 5), (6, 3), (6, 5)), (1, 3))",7,7.0,14.0,7,2,0,expanded,False,True,2244
"(((3, 4), (5, 2), (5, 6), (6, 4), (6, 5)), (1, 3))","(((3, 4), (5, 2), (5, 5), (6, 4), (6, 5)), (1, 3))",8,8,16.0,8,,,pruned,,,2245
"(((3, 4), (5, 5), (6, 2), (6, 4), (6, 5)), (1, 3))","(((3, 4), (5, 2), (5, 5), (6, 4), (6, 5)), (1, 3))",8,7,15.0,8,,,pruned,,,2246
"(((3, 4), (5, 1), (5, 5), (6, 4), (6, 5)), (1, 3))","(((3, 4), (5, 2), (5, 5), (6, 4), (6, 5)), (1, 3))",8,8,16.0,8,,,pruned,,,2247
"(((3, 4), (5, 2), (5, 5), (6, 4), (6, 5)), (1, 3))","(((3, 4), (5, 3), (5, 5), (6, 4), (6, 5)), (1, 3))",7,7.0,14.0,7,7,3,expanded,False,True,2248
"(((2, 2), (3, 4), (5, 4), (5, 5), (6, 6)), (1, 3))","(((2, 2), (3, 4), (5, 4), (5, 5), (6, 5)), (1, 3))",8,8,16.0,8,,,pruned,,,2249
"(((2, 1), (3, 4), (5, 4), (5, 5), (6, 5)), (1, 3))","(((2, 2), (3, 4), (5, 4), (5, 5), (6, 5)), (1, 3))",8,8,16.0,8,,,pruned,,,2250
"(((2, 2), (3, 4), (5, 4), (5, 5), (6, 5)), (1, 3))","(((2, 2), (3, 4), (5, 3), (5, 5), (6, 5)), (1, 3))",7,7.0,14.0,7,7,2,expanded,False,True,2251
"(((2, 2), (3, 4), (5, 2), (5, 6), (6, 5)), (1, 3))","(((2, 2), (3, 4), (5, 2), (5, 5), (6, 5)), (1, 3))",8,8,16.0,8,,,pruned,,,2252
"(((2, 2), (3, 4), (5, 2), (5, 5), (6, 6)), (1, 3))","(((2, 2), (3, 4), (5, 2), (5, 5), (6, 5)), (1, 3))",8,8,16.0,8,,,pruned,,,2253
"(((2, 1), (3, 4), (5, 2), (5, 5), (6, 5)), (1, 3))","(((2, 2), (3, 4), (5, 2), (5, 5), (6, 5)), (1, 3))",8,8,16.0,8,,,pruned,,,2254
"(((2, 2), (3, 4), (5, 5), (6, 2), (6, 5)), (1, 3))","(((2, 2), (3, 4), (5, 2), (5, 5), (6, 5)), (1, 3))",8,7,15.0,8,,,pruned,,,2255
"(((2, 2), (3, 4), (5, 1), (5, 5), (6, 5)), (1, 3))","(((2, 2), (3, 4), (5, 2), (5, 5), (6, 5)), (1, 3))",8,8,16.0,8,,,pruned,,,2256
"(((2, 2), (3, 4), (5, 2), (5, 5), (6, 5)), (1, 3))","(((2, 2), (3, 4), (5, 3), (5, 5), (6, 5)), (1, 3))",7,7.0,14.0,7,10,5,expanded,False,True,2257
"(((4, 2), (4, 4), (5, 6), (6, 4), (6, 5)), (1, 3))","(((4, 2), (4, 4), (5, 5), (6, 4), (6, 5)), (1, 3))",8,8,16.0,8,,,pruned,,,2258
"(((4, 1), (4, 4), (5, 5), (6, 4), (6, 5)), (1, 3))","(((4, 2), (4, 4), (5, 5), (6, 4), (6, 5)), (1, 3))",8,8,16.0,8,,,pruned,,,2259
"(((4, 2), (4, 4), (5, 5), (6, 4), (6, 5)), (1, 3))","(((4, 2), (4, 4), (5, 5), (6, 3), (6, 5)), (1, 3))",7,7.0,14.0,7,5,2,expanded,False,True,2260
"(((2, 2), (3, 3), (5, 4), (5, 5), (6, 6)), (1, 3))","(((2, 2), (3, 3), (5, 4), (5, 5), (6, 5)), (1, 3))",9,7,16.0,9,,,pruned,,,2261
"(((2, 1), (3, 3), (5, 4), (5, 5), (6, 5)), (1, 3))","(((2, 2), (3, 3), (5, 4), (5, 5), (6, 5)), (1, 3))",9,7,16.0,9,,,pruned,,,2262
"(((2, 2), (3, 3), (5, 4), (5, 5), (6, 5)), (1, 3))","(((2, 2), (3, 3), (5, 4), (5, 5), (6, 4)), (1, 3))",8,6.0,14.0,8,7,2,expanded,False,True,2263
"(((1, 4), (4, 2), (4, 4), (5, 4), (6, 5)), (1, 3))","(((2, 4), (4, 2), (4, 4), (5, 4), (6, 5)), (1, 3))",9,7,16.0,9,,,pruned,,,2264
"(((2, 4), (4, 2), (4, 4), (5, 4), (6, 6)), (1, 3))","(((2, 4), (4, 2), (4, 4), (5, 4), (6, 5)), (1, 3))",9,7,16.0,9,,,pruned,,,2265
"(((2, 4), (4, 1), (4, 4), (5, 4), (6, 5)), (1, 3))","(((2, 4), (4, 2), (4, 4), (5, 4), (6, 5)), (1, 3))",9,7,16.0,9,,,pruned,,,2266
"(((2, 4), (4, 2), (4, 4), (5, 4), (6, 5)), (1, 3))","(((2, 4), (4, 2), (4, 4), (5, 4), (6, 4)), (1, 3))",8,6.0,14.0,8,6,3,expanded,False,True,2267
"(((1, 4), (5, 5), (6, 3), (6, 4), (6, 5)), (1, 3))","(((2, 4), (5, 5), (6, 3), (6, 4), (6, 5)), (1, 3))",9,7,16.0,9,,,pruned,,,2268
"(((2, 4), (5, 6), (6, 3), (6, 4), (6, 5)), (1, 3))","(((2, 4), (5, 5), (6, 3), (6, 4), (6, 5)), (1, 3))",9,7,16.0,9,,,pruned,,,2269
"(((2, 4), (5, 5), (6, 3), (6, 4), (6, 5)), (1, 3))","(((2, 3), (5, 5), (6, 3), (6, 4), (6, 5)), (1, 3))",8,6.0,14.0,8,3,2,expanded,False,True,2270
"(((2, 2), (5, 6), (6, 3), (6, 4), (6, 5)), (1, 3))","(((2, 2), (5, 5), (6, 3), (6, 4), (6, 5)), (1, 3))",9,7,16.0,9,,,pruned,,,2271
"(((2, 1), (5, 5), (6, 3), (6, 4), (6, 5)), (1, 3))","(((2, 2), (5, 5), (6, 3), (6, 4), (6, 5)), (1, 3))",9,7,16.0,9,,,pruned,,,2272
"(((2, 2), (5, 5), (6, 3), (6, 4), (6, 5)), (1, 3))","(((2, 3), (5, 5), (6, 3), (6, 4), (6, 5)), (1, 3))",8,6.0,14.0,8,3,2,expanded,False,True,2273
"(((2, 2), (4, 3), (5, 6), (6, 4), (6, 5)), (1, 3))","(((2, 2), (4, 3), (5, 5), (6, 4), (6, 5)), (1, 3))",9,7,16.0,9,,,pruned,,,2274
"(((2, 1), (4, 3), (5, 5), (6, 4), (6, 5)), (1, 3))","(((2, 2), (4, 3), (5, 5), (6, 4), (6, 5)), (1, 3))",9,7,16.0,9,,,pruned,,,2275
"(((2, 2), (4, 3), (5, 5), (6, 4), (6, 5)), (1, 3))","(((2, 3), (4, 3), (5, 5), (6, 4), (6, 5)), (1, 3))",8,6.0,14.0,8,7,2,expanded,False,True,2276
"(((1, 3), (4, 2), (5, 5), (6, 4), (6, 5)), (1, 4))","(((2, 3), (4, 2), (5, 5), (6, 4), (6, 5)), (1, 3))",9,7,16.0,9,,,pruned,,,2277
"(((2, 3), (4, 2), (5, 6), (6, 4), (6, 5)), (1, 3))","(((2, 3), (4, 2), (5, 5), (6, 4), (6, 5)), (1, 3))",9,7,16.0,9,,,pruned,,,2278
"(((2, 3), (4, 1), (5, 5), (6, 4), (6, 5)), (1, 3))","(((2, 3), (4, 2), (5, 5), (6, 4), (6, 5)), (1, 3))",9,7,16.0,9,,,pruned,,,2279
"(((2, 3), (4, 2), (5, 5), (6, 4), (6, 5)), (1, 3))","(((2, 3), (4, 3), (5, 5), (6, 4), (6, 5)), (1, 3))",8,6.0,14.0,8,7,3,expanded,False,True,2280
"(((5, 3), (5, 4), (5, 5), (6, 4), (6, 5)), (1, 3))","(((5, 3), (5, 4), (5, 5), (6, 3), (6, 5)), (1, 3))",8,6.0,14.0,8,2,0,expanded,False,True,2281
"(((4, 4), (5, 6), (6, 3), (6, 4), (6, 5)), (1, 3))","(((4, 4), (5, 5), (6, 3), (6, 4), (6, 5)), (1, 3))",9,7,16.0,9,,,pruned,,,2282
"(((4, 4), (5, 5), (6, 3), (6, 4), (6, 5)), (1, 3))","(((4, 3), (5, 5), (6, 3), (6, 4), (6, 5)), (1, 3))",8,6.0,14.0,8,3,1,expanded,False,True,2283
"(((4, 2), (5, 6), (6, 3), (6, 4), (6, 5)), (1, 3))","(((4, 2), (5, 5), (6, 3), (6, 4), (6, 5)), (1, 3))",9,7,16.0,9,,,pruned,,,2284
"(((4, 1), (5, 5), (6, 3), (6, 4), (6, 5)), (1, 3))","(((4, 2), (5, 5), (6, 3), (6, 4), (6, 5)), (1, 3))",9,7,16.0,9,,,pruned,,,2285
"(((4, 2), (5, 5), (6, 3), (6, 4), (6, 5)), (1, 3))","(((4, 3), (5, 5), (6, 3), (6, 4), (6, 5)), (1, 3))",8,6.0,14.0,8,3,2,expanded,False,True,2286
"(((2, 2), (3, 3), (3, 4), (5, 6), (6, 5)), (2, 1))","(((2, 2), (3, 3), (3, 4), (5, 5), (6, 5)), (2, 1))",9,7,16.0,9,,,pruned,,,2287
"(((2, 2), (3, 3), (3, 4), (5, 5), (6, 6)), (2, 1))","(((2, 2), (3, 3), (3, 4), (5, 5), (6, 5)), (2, 1))",9,7,16.0,9,,,pruned,,,2288
"(((2, 2), (3, 3), (3, 4), (5, 5), (6, 5)), (2, 1))","(((2, 2), (3, 3), (3, 4), (5, 5), (6, 4)), (2, 1))",8,6.0,14.0,8,5,2,expanded,False,True,2289
"(((1, 4), (2, 2), (4, 4), (5, 5), (6, 4)), (1, 3))","(((2, 2), (2, 4), (4, 4), (5, 5), (6, 4)), (1, 3))",9,7,16.0,9,,,pruned,,,2290
"(((2, 2), (2, 4), (4, 4), (5, 6), (6, 4)), (1, 3))","(((2, 2), (2, 4), (4, 4), (5, 5), (6, 4)), (1, 3))",9,7,16.0,9,,,pruned,,,2291
"(((2, 1), (2, 4), (4, 4), (5, 5), (6, 4)), (1, 3))","(((2, 2), (2, 4), (4, 4), (5, 5), (6, 4)), (1, 3))",9,7,16.0,9,,,pruned,,,2292
"(((2, 2), (2, 4), (4, 4), (5, 5), (6, 4)), (1, 3))","(((2, 2), (2, 4), (4, 3), (5, 5), (6, 4)), (1, 3))",8,6.0,14.0,8,8,3,expanded,False,True,2293
"(((1, 4), (2, 2), (4, 2), (5, 5), (6, 4)), (1, 3))","(((2, 2), (2, 4), (4, 2), (5, 5), (6, 4)), (1, 3))",9,7,16.0,9,,,pruned,,,2294
"(((2, 2), (2, 4), (4, 2), (5, 6), (6, 4)), (1, 3))","(((2, 2), (2, 4), (4, 2), (5, 5), (6, 4)), (1, 3))",9,7,16.0,9,,,pruned,,,2295
"(((2, 1), (2, 4), (4, 2), (5, 5), (6, 4)), (1, 3))","(((2, 2), (2, 4), (4, 2), (5, 5), (6, 4)), (1, 3))",9,7,16.0,9,,,pruned,,,2296
"(((2, 2), (2, 4), (4, 1), (5, 5), (6, 4)), (1, 3))","(((2, 2), (2, 4), (4, 2), (5, 5), (6, 4)), (1, 3))",9,7,16.0,9,,,pruned,,,2297
"(((2, 2), (2, 4), (4, 2), (5, 5), (6, 4)), (1, 3))","(((2, 2), (2, 4), (4, 3), (5, 5), (6, 4)), (1, 3))",8,6.0,14.0,8,8,4,expanded,False,True,2298
"(((1, 4), (2, 2), (4, 3), (5, 5), (6, 5)), (1, 3))","(((2, 2), (2, 4), (4, 3), (5, 5), (6, 5)), (1, 3))",9,7,16.0,9,,,pruned,,,2299
"(((2, 2), (2, 4), (4, 3), (5, 6), (6, 5)), (1, 3))","(((2, 2), (2, 4), (4, 3), (5, 5), (6, 5)), (1, 3))",9,7,16.0,9,,,pruned,,,2300
"(((2, 2), (2, 4), (4, 3), (5, 5), (6, 6)), (1, 3))","(((2, 2), (2, 4), (4, 3), (5, 5), (6, 5)), (1, 3))",9,7,16.0,9,,,pruned,,,2301
"(((2, 1), (2, 4), (4, 3), (5, 5), (6, 5)), (1, 3))","(((2, 2), (2, 4), (4, 3), (5, 5), (6, 5)), (1, 3))",9,7,16.0,9,,,pruned,,,2302
"(((2, 2), (2, 4), (4, 3), (5, 5), (6, 5)), (1, 3))","(((2, 2), (2, 4), (4, 3), (5, 5), (6, 4)), (1, 3))",8,6.0,14.0,8,10,4,expanded,False,True,2303
"(((1, 3), (2, 2), (4, 4), (5, 5), (6, 5)), (1, 4))","(((2, 2), (2, 3), (4, 4), (5, 5), (6, 5)), (1, 3))",9,7,16.0,9,,,pruned,,,2304
"(((2, 2), (2, 3), (4, 4), (5, 6), (6, 5)), (1, 3))","(((2, 2), (2, 3), (4, 4), (5, 5), (6, 5)), (1, 3))",9,7,16.0,9,,,pruned,,,2305
"(((2, 2), (2, 3), (4, 4), (5, 5), (6, 6)), (1, 3))","(((2, 2), (2, 3), (4, 4), (5, 5), (6, 5)), (1, 3))",9,7,16.0,9,,,pruned,,,2306
"(((2, 2), (2, 3), (4, 4), (5, 5), (6, 5)), (1, 3))","(((2, 2), (2, 3), (4, 4), (5, 5), (6, 4)), (1, 3))",8,6.0,14.0,8,6,3,expanded,False,True,2307
"(((2, 1), (3, 4), (5, 4), (5, 5), (6, 4)), (1, 3))","(((2, 2), (3, 4), (5, 4), (5, 5), (6, 4)), (1, 3))",9,7,16.0,9,,,pruned,,,2308
"(((2, 2), (3, 4), (5, 4), (5, 5), (6, 4)), (1, 3))","(((2, 2), (3, 4), (5, 3), (5, 5), (6, 4)), (1, 3))",8,6.0,14.0,8,5,1,expanded,False,True,2309
"(((4, 2), (4, 3), (5, 6), (6, 4), (6, 5)), (1, 3))","(((4, 2), (4, 3), (5, 5), (6, 4), (6, 5)), (1, 3))",9,7,16.0,9,,,pruned,,,2310
"(((4, 2), (4, 3), (5, 5), (6, 4), (6, 5)), (1, 3))","(((4, 2), (4, 3), (5, 4), (5, 5), (6, 5)), (1, 3))",8,6.0,14.0,8,3,1,expanded,False,True,2311
"(((5, 2), (5, 3), (5, 6), (6, 4), (6, 5)), (1, 3))","(((5, 2), (5, 3), (5, 5), (6, 4), (6, 5)), (1, 3))",9,7,16.0,9,,,pruned,,,2312
"(((5, 3), (5, 5), (6, 2), (6, 4), (6, 5)), (1, 3))","(((5, 2), (5, 3), (5, 5), (6, 4), (6, 5)), (1, 3))",9,6,15.0,9,,,pruned,,,2313
"(((5, 2), (5, 3), (5, 5), (6, 4), (6, 5)), (1, 3))","(((4, 3), (5, 2), (5, 5), (6, 4), (6, 5)), (1, 3))",8,6.0,14.0,8,3,2,expanded,False,True,2314
"(((1, 4), (2, 2), (5, 5), (6, 3), (6, 5)), (1, 3))","(((2, 2), (2, 4), (5, 5), (6, 3), (6, 5)), (1, 3))",9,7,16.0,9,,,pruned,,,2315
"(((2, 2), (2, 4), (5, 6), (6, 3), (6, 5)), (1, 3))","(((2, 2), (2, 4), (5, 5), (6, 3), (6, 5)), (1, 3))",9,7,16.0,9,,,pruned,,,2316
"(((2, 2), (2, 4), (5, 5), (6, 3), (6, 6)), (1, 3))","(((2, 2), (2, 4), (5, 5), (6, 3), (6, 5)), (1, 3))",9,7,16.0,9,,,pruned,,,2317
"(((2, 1), (2, 4), (5, 5), (6, 3), (6, 5)), (1, 3))","(((2, 2), (2, 4), (5, 5), (6, 3), (6, 5)), (1, 3))",9,7,16.0,9,,,pruned,,,2318
"(((2, 2), (2, 4), (5, 5), (6, 2), (6, 5)), (1, 3))","(((2, 2), (2, 4), (5, 5), (6, 3), (6, 5)), (1, 3))",9,7,16.0,9,,,pruned,,,2319
"(((2, 2), (2, 4), (5, 5), (6, 3), (6, 5)), (1, 3))","(((2, 2), (3, 4), (5, 5), (6, 3), (6, 5)), (1, 3))",8,6.0,14.0,8,8,5,expanded,False,True,2320
"(((4, 1), (4, 4), (5, 2), (5, 4), (5, 5)), (1, 3))","(((4, 2), (4, 4), (5, 2), (5, 4), (5, 5)), (1, 3))",9,7,16.0,9,,,pruned,,,2321
"(((4, 2), (4, 4), (5, 1), (5, 4), (5, 5)), (1, 3))","(((4, 2), (4, 4), (5, 2), (5, 4), (5, 5)), (1, 3))",9,7,16.0,9,,,pruned,,,2322
"(((4, 2), (4, 4), (5, 2), (5, 4), (5, 5)), (1, 3))","(((3, 4), (4, 2), (5, 2), (5, 4), (5, 5)), (1, 3))",8,6.0,14.0,8,4,2,expanded,False,True,2323
"(((5, 4), (5, 5), (6, 2), (6, 3), (6, 5)), (1, 3))","(((5, 2), (5, 4), (5, 5), (6, 3), (6, 5)), (1, 3))",9,6,15.0,9,,,pruned,,,2324
"(((5, 1), (5, 4), (5, 5), (6, 3), (6, 5)), (1, 3))","(((5, 2), (5, 4), (5, 5), (6, 3), (6, 5)), (1, 3))",9,7,16.0,9,,,pruned,,,2325
"(((5, 2), (5, 4), (5, 5), (6, 3), (6, 5)), (1, 3))","(((4, 4), (5, 2), (5, 5), (6, 3), (6, 5)), (1, 3))",8,6.0,14.0,8,4,2,expanded,False,True,2326
"(((3, 3), (3, 4), (4, 4), (5, 2), (6, 6)), (1, 3))","(((3, 3), (3, 4), (4, 4), (5, 2), (6, 5)), (1, 3))",10,6,16.0,10,,,pruned,,,2327
"(((3, 3), (3, 4), (4, 4), (6, 2), (6, 5)), (1, 3))","(((3, 3), (3, 4), (4, 4), (5, 2), (6, 5)), (1, 3))",10,5,15.0,10,,,pruned,,,2328
"(((3, 3), (3, 4), (4, 4), (5, 1), (6, 5)), (1, 3))","(((3, 3), (3, 4), (4, 4), (5, 2), (6, 5)), (1, 3))",10,6,16.0,10,,,pruned,,,2329
"(((3, 3), (3, 4), (4, 4), (5, 2), (6, 5)), (1, 3))","(((3, 3), (3, 4), (4, 4), (5, 3), (6, 5)), (1, 3))",9,5.0,14.0,9,8,3,expanded,False,True,2330
"(((1, 3), (2, 4), (3, 4), (4, 4), (6, 5)), (2, 1))","(((2, 3), (2, 4), (3, 4), (4, 4), (6, 5)), (2, 1))",10,6,16.0,10,,,pruned,,,2331
"(((2, 3), (2, 4), (3, 4), (4, 4), (6, 6)), (2, 1))","(((2, 3), (2, 4), (3, 4), (4, 4), (6, 5)), (2, 1))",10,6,16.0,10,,,pruned,,,2332
"(((2, 3), (2, 4), (3, 4), (4, 4), (6, 5)), (2, 1))","(((2, 3), (2, 4), (3, 4), (4, 4), (6, 4)), (2, 1))",9,5.0,14.0,9,3,2,expanded,False,True,2333
"(((1, 3), (2, 4), (3, 4), (4, 2), (6, 5)), (2, 1))","(((2, 3), (2, 4), (3, 4), (4, 2), (6, 5)), (2, 1))",10,6,16.0,10,,,pruned,,,2334
"(((2, 3), (2, 4), (3, 4), (4, 2), (6, 6)), (2, 1))","(((2, 3), (2, 4), (3, 4), (4, 2), (6, 5)), (2, 1))",10,6,16.0,10,,,pruned,,,2335
"(((2, 3), (2, 4), (3, 4), (4, 1), (6, 5)), (3, 3))","(((2, 3), (2, 4), (3, 4), (4, 2), (6, 5)), (2, 1))",10,6,16.0,10,,,pruned,,,2336
"(((2, 3), (2, 4), (3, 4), (4, 2), (6, 5)), (2, 1))","(((2, 3), (2, 4), (3, 4), (4, 2), (6, 4)), (2, 1))",9,5.0,14.0,9,5,3,expanded,False,True,2337
"(((2, 4), (3, 4), (5, 3), (5, 4), (6, 6)), (1, 3))","(((2, 4), (3, 4), (5, 3), (5, 4), (6, 5)), (1, 3))",10,6,16.0,10,,,pruned,,,2338
"(((2, 4), (3, 4), (5, 3), (5, 4), (6, 5)), (1, 3))","(((2, 4), (3, 4), (5, 3), (5, 4), (6, 4)), (1, 3))",9,5.0,14.0,9,5,1,expanded,False,True,2339
"(((2, 4), (3, 4), (4, 3), (4, 4), (6, 6)), (1, 3))","(((2, 4), (3, 4), (4, 3), (4, 4), (6, 5)), (1, 3))",10,6,16.0,10,,,pruned,,,2340
"(((2, 4), (3, 4), (4, 3), (4, 4), (6, 5)), (1, 3))","(((2, 4), (3, 4), (4, 3), (4, 4), (6, 4)), (1, 3))",9,5.0,14.0,9,4,1,expanded,False,True,2341
"(((1, 3), (2, 4), (3, 4), (6, 4), (6, 5)), (2, 1))","(((2, 3), (2, 4), (3, 4), (6, 4), (6, 5)), (2, 1))",10,6,16.0,10,,,pruned,,,2342
"(((2, 3), (2, 4), (3, 4), (6, 4), (6, 5)), (2, 1))","(((2, 3), (2, 4), (3, 4), (6, 3), (6, 5)), (2, 1))",9,5.0,14.0,9,1,1,expanded,True,True,2343
"(((2, 4), (3, 4), (4, 2), (4, 3), (6, 6)), (1, 3))","(((2, 4), (3, 4), (4, 2), (4, 3), (6, 5)), (1, 3))",10,6,16.0,10,,,pruned,,,2344
"(((2, 4), (3, 4), (4, 2), (4, 3), (6, 5)), (1, 3))","(((2, 4), (3, 4), (4, 2), (4, 3), (6, 4)), (1, 3))",9,5.0,14.0,9,4,1,expanded,False,True,2345
"(((2, 4), (3, 4), (4, 1), (4, 4), (6, 4)), (1, 3))","(((2, 4), (3, 4), (4, 2), (4, 4), (6, 4)), (1, 3))",10,6,16.0,10,,,pruned,,,2346
"(((2, 4), (3, 4), (4, 2), (4, 4), (6, 4)), (1, 3))","(((2, 4), (3, 4), (4, 2), (4, 4), (6, 3)), (1, 3))",9,5.0,14.0,9,4,1,expanded,False,True,2347
"(((2, 4), (3, 4), (4, 4), (6, 3), (6, 6)), (1, 3))","(((2, 4), (3, 4), (4, 4), (6, 3), (6, 5)), (1, 3))",10,6,16.0,10,,,pruned,,,2348
"(((2, 4), (3, 4), (4, 4), (6, 2), (6, 5)), (1, 3))","(((2, 4), (3, 4), (4, 4), (6, 3), (6, 5)), (1, 3))",10,6,16.0,10,,,pruned,,,2349
"(((2, 4), (3, 4), (4, 4), (6, 3), (6, 5)), (1, 3))","(((2, 4), (3, 4), (4, 3), (6, 3), (6, 5)), (1, 3))",9,5.0,14.0,9,4,2,expanded,False,True,2350
"(((2, 4), (3, 4), (4, 2), (6, 3), (6, 6)), (1, 3))","(((2, 4), (3, 4), (4, 2), (6, 3), (6, 5)), (1, 3))",10,6,16.0,10,,,pruned,,,2351
"(((2, 4), (3, 4), (4, 2), (6, 2), (6, 5)), (1, 3))","(((2, 4), (3, 4), (4, 2), (6, 3), (6, 5)), (1, 3))",10,6,16.0,10,,,pruned,,,2352
"(((2, 4), (3, 4), (4, 1), (6, 3), (6, 5)), (1, 3))","(((2, 4), (3, 4), (4, 2), (6, 3), (6, 5)), (1, 3))",10,6,16.0,10,,,pruned,,,2353
"(((2, 4), (3, 4), (4, 2), (6, 3), (6, 5)), (1, 3))","(((2, 4), (3, 4), (4, 3), (6, 3), (6, 5)), (1, 3))",9,5.0,14.0,9,6,3,expanded,False,True,2354
"(((2, 4), (3, 4), (4, 3), (6, 4), (6, 5)), (1, 3))","(((2, 4), (3, 4), (4, 3), (6, 3), (6, 5)), (1, 3))",9,5.0,14.0,9,4,0,expanded,False,True,2355
"(((1, 4), (4, 4), (5, 4), (6, 3), (6, 5)), (1, 3))","(((2, 4), (4, 4), (5, 4), (6, 3), (6, 5)), (1, 3))",10,6,16.0,10,,,pruned,,,2356
"(((2, 4), (4, 4), (5, 4), (6, 3), (6, 5)), (1, 3))","(((2, 4), (4, 4), (5, 3), (5, 4), (6, 5)), (1, 3))",9,5.0,14.0,9,4,1,expanded,False,True,2357
"(((2, 4), (3, 4), (5, 2), (5, 3), (6, 6)), (1, 3))","(((2, 4), (3, 4), (5, 2), (5, 3), (6, 5)), (1, 3))",10,6,16.0,10,,,pruned,,,2358
"(((2, 4), (3, 4), (5, 3), (6, 2), (6, 5)), (1, 3))","(((2, 4), (3, 4), (5, 2), (5, 3), (6, 5)), (1, 3))",10,5,15.0,10,,,pruned,,,2359
"(((2, 4), (3, 4), (5, 2), (5, 3), (6, 5)), (1, 3))","(((2, 4), (3, 4), (4, 3), (5, 2), (6, 5)), (1, 3))",9,5.0,14.0,9,6,2,expanded,False,True,2360
"(((1, 3), (2, 2), (2, 4), (5, 5), (6, 4)), (2, 1))","(((2, 2), (2, 3), (2, 4), (5, 5), (6, 4)), (2, 1))",10,6,16.0,10,,,pruned,,,2361
"(((1, 4), (2, 2), (2, 3), (5, 5), (6, 4)), (2, 1))","(((2, 2), (2, 3), (2, 4), (5, 5), (6, 4)), (2, 1))",10,6,16.0,10,,,pruned,,,2362
"(((2, 2), (2, 3), (2, 4), (5, 6), (6, 4)), (2, 1))","(((2, 2), (2, 3), (2, 4), (5, 5), (6, 4)), (2, 1))",10,6,16.0,10,,,pruned,,,2363
"(((2, 2), (2, 3), (2, 4), (5, 5), (6, 4)), (2, 1))","(((2, 2), (2, 3), (3, 4), (5, 5), (6, 4)), (2, 1))",9,5.0,14.0,9,4,3,expanded,False,True,2364
"(((2, 1), (4, 3), (4, 4), (5, 5), (6, 4)), (1, 3))","(((2, 2), (4, 3), (4, 4), (5, 5), (6, 4)), (1, 3))",10,6,16.0,10,,,pruned,,,2365
"(((2, 2), (4, 3), (4, 4), (5, 5), (6, 4)), (1, 3))","(((2, 2), (3, 4), (4, 3), (5, 5), (6, 4)), (1, 3))",9,5.0,14.0,9,3,1,expanded,False,True,2366
"(((4, 4), (5, 4), (5, 5), (6, 2), (6, 3)), (1, 3))","(((4, 4), (5, 2), (5, 4), (5, 5), (6, 3)), (1, 3))",10,5,15.0,10,,,pruned,,,2367
"(((4, 4), (5, 1), (5, 4), (5, 5), (6, 3)), (1, 3))","(((4, 4), (5, 2), (5, 4), (5, 5), (6, 3)), (1, 3))",10,6,16.0,10,,,pruned,,,2368
"(((4, 4), (5, 2), (5, 4), (5, 5), (6, 3)), (1, 3))","(((4, 4), (5, 2), (5, 3), (5, 4), (5, 5)), (1, 3))",9,5.0,14.0,9,3,2,expanded,False,True,2369
"(((1, 4), (4, 3), (4, 4), (5, 3), (6, 5)), (1, 3))","(((2, 4), (4, 3), (4, 4), (5, 3), (6, 5)), (1, 3))",11,5,16.0,11,,,pruned,,,2370
"(((2, 4), (4, 3), (4, 4), (5, 3), (6, 6)), (1, 3))","(((2, 4), (4, 3), (4, 4), (5, 3), (6, 5)), (1, 3))",11,5,16.0,11,,,pruned,,,2371
"(((2, 4), (4, 3), (4, 4), (5, 3), (6, 5)), (1, 3))","(((2, 4), (4, 3), (4, 4), (5, 3), (6, 4)), (1, 3))",10,4.0,14.0,10,8,2,expanded,False,True,2372
"(((1, 3), (2, 4), (4, 4), (5, 3), (6, 5)), (2, 1))","(((2, 3), (2, 4), (4, 4), (5, 3), (6, 5)), (2, 1))",11,5,16.0,11,,,pruned,,,2373
"(((1, 4), (2, 3), (4, 4), (5, 3), (6, 5)), (2, 1))","(((2, 3), (2, 4), (4, 4), (5, 3), (6, 5)), (2, 1))",11,5,16.0,11,,,pruned,,,2374
"(((2, 3), (2, 4), (4, 4), (5, 3), (6, 6)), (2, 1))","(((2, 3), (2, 4), (4, 4), (5, 3), (6, 5)), (2, 1))",11,5,16.0,11,,,pruned,,,2375
"(((2, 3), (2, 4), (4, 4), (5, 3), (6, 5)), (2, 1))","(((2, 3), (2, 4), (4, 4), (5, 3), (6, 4)), (2, 1))",10,4.0,14.0,10,10,3,expanded,False,True,2376
"(((2, 3), (2, 4), (3, 3), (4, 4), (6, 6)), (2, 1))","(((2, 3), (2, 4), (3, 3), (4, 4), (6, 5)), (2, 1))",11,5,16.0,11,,,pruned,,,2377
"(((2, 3), (2, 4), (3, 3), (4, 4), (6, 5)), (2, 1))","(((2, 3), (2, 4), (3, 3), (4, 4), (6, 4)), (2, 1))",10,4.0,14.0,10,3,1,expanded,False,True,2378
"(((2, 3), (3, 4), (4, 3), (4, 4), (6, 6)), (2, 1))","(((2, 3), (3, 4), (4, 3), (4, 4), (6, 5)), (2, 1))",11,5,16.0,11,,,pruned,,,2379
"(((2, 3), (3, 4), (4, 3), (4, 4), (6, 5)), (2, 1))","(((2, 3), (3, 4), (4, 3), (4, 4), (6, 4)), (2, 1))",10,4.0,14.0,10,4,1,expanded,False,True,2380
"(((2, 4), (3, 3), (4, 3), (4, 4), (6, 6)), (1, 3))","(((2, 4), (3, 3), (4, 3), (4, 4), (6, 5)), (1, 3))",11,5,16.0,11,,,pruned,,,2381
"(((2, 4), (3, 3), (4, 3), (4, 4), (6, 5)), (1, 3))","(((2, 4), (3, 3), (4, 3), (4, 4), (6, 4)), (1, 3))",10,4.0,14.0,10,4,1,expanded,False,True,2382
"(((1, 4), (4, 4), (5, 2), (6, 3), (6, 4)), (1, 3))","(((2, 4), (4, 4), (5, 2), (6, 3), (6, 4)), (1, 3))",11,5,16.0,11,,,pruned,,,2383
"(((2, 4), (4, 4), (6, 2), (6, 3), (6, 4)), (1, 3))","(((2, 4), (4, 4), (5, 2), (6, 3), (6, 4)), (1, 3))",11,4,15.0,11,,,pruned,,,2384
"(((2, 4), (4, 4), (5, 1), (6, 3), (6, 4)), (1, 3))","(((2, 4), (4, 4), (5, 2), (6, 3), (6, 4)), (1, 3))",11,5,16.0,11,,,pruned,,,2385
"(((2, 4), (4, 4), (5, 2), (6, 3), (6, 4)), (1, 3))","(((2, 4), (4, 3), (5, 2), (6, 3), (6, 4)), (1, 3))",10,4.0,14.0,10,7,3,expanded,False,True,2386
"(((1, 4), (4, 2), (5, 2), (6, 3), (6, 4)), (1, 3))","(((2, 4), (4, 2), (5, 2), (6, 3), (6, 4)), (1, 3))",11,5,16.0,11,,,pruned,,,2387
"(((2, 4), (4, 1), (5, 2), (6, 3), (6, 4)), (1, 3))","(((2, 4), (4, 2), (5, 2), (6, 3), (6, 4)), (1, 3))",11,5,16.0,11,,,pruned,,,2388
"(((2, 4), (4, 2), (5, 1), (6, 3), (6, 4)), (1, 3))","(((2, 4), (4, 2), (5, 2), (6, 3), (6, 4)), (1, 3))",11,5,16.0,11,,,pruned,,,2389
"(((2, 4), (4, 2), (5, 2), (6, 3), (6, 4)), (1, 3))","(((2, 4), (4, 3), (5, 2), (6, 3), (6, 4)), (1, 3))",10,4.0,14.0,10,6,3,expanded,False,True,2390
"(((1, 4), (4, 2), (4, 3), (5, 4), (6, 4)), (1, 3))","(((2, 4), (4, 2), (4, 3), (5, 4), (6, 4)), (1, 3))",11,5,16.0,11,,,pruned,,,2391
"(((2, 4), (4, 2), (4, 3), (5, 4), (6, 4)), (1, 3))","(((2, 4), (4, 2), (4, 3), (5, 3), (6, 4)), (1, 3))",10,4.0,14.0,10,6,1,expanded,False,True,2392
"(((1, 4), (4, 2), (4, 3), (5, 2), (6, 4)), (1, 3))","(((2, 4), (4, 2), (4, 3), (5, 2), (6, 4)), (1, 3))",11,5,16.0,11,,,pruned,,,2393
"(((2, 4), (4, 2), (4, 3), (5, 1), (6, 4)), (1, 3))","(((2, 4), (4, 2), (4, 3), (5, 2), (6, 4)), (1, 3))",11,5,16.0,11,,,pruned,,,2394
"(((2, 4), (4, 2), (4, 3), (5, 2), (6, 4)), (1, 3))","(((2, 4), (4, 2), (4, 3), (5, 3), (6, 4)), (1, 3))",10,4.0,14.0,10,8,2,expanded,False,True,2395
"(((1, 4), (4, 2), (4, 3), (5, 3), (6, 5)), (1, 3))","(((2, 4), (4, 2), (4, 3), (5, 3), (6, 5)), (1, 3))",11,5,16.0,11,,,pruned,,,2396
"(((2, 4), (4, 2), (4, 3), (5, 3), (6, 6)), (1, 3))","(((2, 4), (4, 2), (4, 3), (5, 3), (6, 5)), (1, 3))",11,5,16.0,11,,,pruned,,,2397
"(((2, 4), (4, 2), (4, 3), (5, 3), (6, 5)), (1, 3))","(((2, 4), (4, 2), (4, 3), (5, 3), (6, 4)), (1, 3))",10,4.0,14.0,10,6,2,expanded,False,True,2398
"(((3, 3), (3, 4), (4, 4), (6, 2), (6, 4)), (1, 3))","(((3, 3), (3, 4), (4, 4), (5, 2), (6, 4)), (1, 3))",11,4,15.0,11,,,pruned,,,2399
"(((3, 3), (3, 4), (4, 4), (5, 1), (6, 4)), (1, 3))","(((3, 3), (3, 4), (4, 4), (5, 2), (6, 4)), (1, 3))",11,5,16.0,11,,,pruned,,,2400
"(((3, 3), (3, 4), (4, 4), (5, 2), (6, 4)), (1, 3))","(((3, 3), (3, 4), (4, 4), (5, 3), (6, 4)), (5, 4))",10,4.0,14.0,10,8,2,expanded,False,True,2401
"(((1, 4), (4, 2), (4, 4), (5, 3), (6, 4)), (1, 3))","(((2, 4), (4, 2), (4, 4), (5, 3), (6, 4)), (1, 3))",11,5,16.0,11,,,pruned,,,2402
"(((2, 4), (4, 1), (4, 4), (5, 3), (6, 4)), (1, 3))","(((2, 4), (4, 2), (4, 4), (5, 3), (6, 4)), (1, 3))",11,5,16.0,11,,,pruned,,,2403
"(((2, 4), (4, 2), (4, 4), (5, 3), (6, 4)), (1, 3))","(((2, 4), (4, 2), (4, 4), (5, 3), (6, 3)), (1, 3))",10,4.0,14.0,10,9,2,expanded,False,True,2404
"(((1, 3), (3, 4), (4, 4), (6, 3), (6, 5)), (1, 4))","(((2, 3), (3, 4), (4, 4), (6, 3), (6, 5)), (2, 1))",11,5,16.0,11,,,pruned,,,2405
"(((2, 3), (3, 4), (4, 4), (6, 3), (6, 6)), (2, 1))","(((2, 3), (3, 4), (4, 4), (6, 3), (6, 5)), (2, 1))",11,5,16.0,11,,,pruned,,,2406
"(((2, 3), (3, 4), (4, 4), (6, 2), (6, 5)), (2, 1))","(((2, 3), (3, 4), (4, 4), (6, 3), (6, 5)), (2, 1))",11,5,16.0,11,,,pruned,,,2407
"(((2, 3), (3, 4), (4, 4), (6, 3), (6, 5)), (2, 1))","(((2, 3), (3, 4), (4, 4), (5, 3), (6, 5)), (2, 1))",10,4.0,14.0,10,6,3,expanded,False,True,2408
"(((2, 4), (3, 3), (4, 4), (6, 3), (6, 6)), (1, 3))","(((2, 4), (3, 3), (4, 4), (6, 3), (6, 5)), (1, 3))",11,5,16.0,11,,,pruned,,,2409
"(((2, 4), (3, 3), (4, 4), (6, 2), (6, 5)), (1, 3))","(((2, 4), (3, 3), (4, 4), (6, 3), (6, 5)), (1, 3))",11,5,16.0,11,,,pruned,,,2410
"(((2, 4), (3, 3), (4, 4), (6, 3), (6, 5)), (1, 3))","(((2, 4), (3, 3), (4, 4), (5, 3), (6, 5)), (1, 3))",10,4.0,14.0,10,8,2,expanded,False,True,2411
"(((3, 4), (4, 1), (5, 2), (5, 4), (6, 3)), (1, 3))","(((3, 4), (4, 2), (5, 2), (5, 4), (6, 3)), (1, 3))",11,5,16.0,11,,,pruned,,,2412
"(((3, 4), (4, 2), (5, 1), (5, 4), (6, 3)), (1, 3))","(((3, 4), (4, 2), (5, 2), (5, 4), (6, 3)), (1, 3))",11,5,16.0,11,,,pruned,,,2413
"(((3, 4), (4, 2), (5, 2), (5, 4), (6, 3)), (1, 3))","(((2, 4), (4, 2), (5, 2), (5, 4), (6, 3)), (1, 3))",10,4.0,14.0,10,8,2,expanded,False,True,2414
"(((3, 4), (4, 3), (4, 4), (6, 3), (6, 6)), (1, 3))","(((3, 4), (4, 3), (4, 4), (6, 3), (6, 5)), (1, 3))",11,5,16.0,11,,,pruned,,,2415
"(((3, 4), (4, 3), (4, 4), (6, 2), (6, 5)), (1, 3))","(((3, 4), (4, 3), (4, 4), (6, 3), (6, 5)), (1, 3))",11,5,16.0,11,,,pruned,,,2416
"(((3, 4), (4, 3), (4, 4), (6, 3), (6, 5)), (1, 3))","(((3, 3), (3, 4), (4, 4), (6, 3), (6, 5)), (1, 3))",10,4.0,14.0,10,6,2,expanded,False,True,2417
"(((1, 3), (2, 4), (4, 2), (5, 2), (6, 4)), (2, 1))","(((2, 3), (2, 4), (4, 2), (5, 2), (6, 4)), (3, 3))",11,5,16.0,11,,,pruned,,,2418
"(((1, 4), (2, 3), (4, 2), (5, 2), (6, 4)), (2, 4))","(((2, 3), (2, 4), (4, 2), (5, 2), (6, 4)), (3, 3))",11,5,16.0,11,,,pruned,,,2419
"(((2, 3), (2, 4), (4, 1), (5, 2), (6, 4)), (3, 3))","(((2, 3), (2, 4), (4, 2), (5, 2), (6, 4)), (3, 3))",11,5,16.0,11,,,pruned,,,2420
"(((2, 3), (2, 4), (4, 2), (5, 1), (6, 4)), (3, 3))","(((2, 3), (2, 4), (4, 2), (5, 2), (6, 4)), (3, 3))",11,5,16.0,11,,,pruned,,,2421
"(((2, 3), (2, 4), (4, 2), (5, 2), (6, 4)), (3, 3))","(((2, 3), (2, 4), (4, 2), (5, 2), (5, 4)), (3, 3))",10,4.0,14.0,10,6,4,expanded,False,True,2422
"(((3, 4), (4, 3), (5, 3), (5, 4), (6, 4)), (1, 3))","(((3, 4), (4, 3), (5, 3), (5, 4), (6, 3)), (1, 3))",11,3.0,14.0,11,3,0,expanded,False,True,2423
"(((1, 4), (4, 4), (5, 3), (6, 3), (6, 4)), (1, 3))","(((2, 4), (4, 4), (5, 3), (6, 3), (6, 4)), (1, 3))",12,4,16.0,12,,,pruned,,,2424
"(((2, 4), (4, 4), (5, 3), (6, 3), (6, 4)), (1, 3))","(((2, 4), (4, 3), (5, 3), (6, 3), (6, 4)), (1, 3))",11,3.0,14.0,11,4,1,expanded,False,True,2425
"(((1, 4), (4, 2), (5, 3), (6, 3), (6, 4)), (1, 3))","(((2, 4), (4, 2), (5, 3), (6, 3), (6, 4)), (1, 3))",12,4,16.0,12,,,pruned,,,2426
"(((2, 4), (4, 1), (5, 3), (6, 3), (6, 4)), (1, 3))","(((2, 4), (4, 2), (5, 3), (6, 3), (6, 4)), (1, 3))",12,4,16.0,12,,,pruned,,,2427
"(((2, 4), (4, 2), (5, 3), (6, 3), (6, 4)), (1, 3))","(((2, 4), (4, 3), (5, 3), (6, 3), (6, 4)), (1, 3))",11,3.0,14.0,11,6,2,expanded,False,True,2428
"(((1, 4), (4, 3), (5, 4), (6, 3), (6, 4)), (1, 3))","(((2, 4), (4, 3), (5, 4), (6, 3), (6, 4)), (1, 3))",12,4,16.0,12,,,pruned,,,2429
"(((2, 4), (4, 3), (5, 4), (6, 3), (6, 4)), (1, 3))","(((2, 4), (4, 3), (5, 3), (6, 3), (6, 4)), (1, 3))",11,3.0,14.0,11,7,1,expanded,False,True,2430
"(((1, 3), (2, 4), (5, 4), (6, 3), (6, 4)), (2, 1))","(((2, 3), (2, 4), (5, 4), (6, 3), (6, 4)), (2, 1))",12,4,16.0,12,,,pruned,,,2431
"(((1, 4), (2, 3), (5, 4), (6, 3), (6, 4)), (2, 1))","(((2, 3), (2, 4), (5, 4), (6, 3), (6, 4)), (2, 1))",12,4,16.0,12,,,pruned,,,2432
"(((2, 3), (2, 4), (5, 4), (6, 3), (6, 4)), (2, 1))","(((2, 3), (2, 4), (5, 3), (6, 3), (6, 4)), (2, 1))",11,3.0,14.0,11,3,2,expanded,False,True,2433
"(((1, 4), (4, 2), (4, 3), (5, 4), (6, 3)), (1, 3))","(((2, 4), (4, 2), (4, 3), (5, 4), (6, 3)), (1, 3))",12,4,16.0,12,,,pruned,,,2434
"(((2, 4), (4, 2), (4, 3), (5, 4), (6, 3)), (1, 3))","(((2, 4), (4, 2), (4, 3), (5, 3), (6, 3)), (1, 3))",11,3.0,14.0,11,7,1,expanded,False,True,2435
"(((1, 4), (4, 2), (4, 3), (5, 2), (6, 3)), (1, 3))","(((2, 4), (4, 2), (4, 3), (5, 2), (6, 3)), (1, 3))",12,4,16.0,12,,,pruned,,,2436
"(((2, 4), (4, 2), (4, 3), (5, 2), (6, 2)), (1, 3))","(((2, 4), (4, 2), (4, 3), (5, 2), (6, 3)), (1, 3))",12,4,16.0,12,,,pruned,,,2437
"(((2, 4), (4, 2), (4, 3), (5, 1), (6, 3)), (1, 3))","(((2, 4), (4, 2), (4, 3), (5, 2), (6, 3)), (1, 3))",12,4,16.0,12,,,pruned,,,2438
"(((2, 4), (4, 2), (4, 3), (5, 2), (6, 3)), (1, 3))","(((2, 4), (4, 2), (4, 3), (5, 3), (6, 3)), (1, 3))",11,3.0,14.0,11,7,3,expanded,False,True,2439
"(((3, 4), (4, 1), (5, 3), (5, 4), (6, 3)), (1, 3))","(((3, 4), (4, 2), (5, 3), (5, 4), (6, 3)), (1, 3))",12,4,16.0,12,,,pruned,,,2440
"(((3, 4), (4, 2), (5, 3), (5, 4), (6, 3)), (1, 3))","(((2, 4), (4, 2), (5, 3), (5, 4), (6, 3)), (1, 3))",11,3.0,14.0,11,6,1,expanded,False,True,2441
"(((2, 3), (2, 4), (4, 3), (5, 4), (6, 4)), (2, 1))","(((2, 3), (2, 4), (5, 3), (5, 4), (6, 4)), (2, 1))",11,3.0,14.0,11,4,0,expanded,False,True,2442
"(((4, 4), (5, 3), (5, 4), (6, 2), (6, 3)), (1, 3))","(((4, 4), (5, 2), (5, 3), (5, 4), (6, 3)), (1, 3))",12,3,15.0,12,,,pruned,,,2443
"(((4, 4), (5, 2), (5, 3), (5, 4), (6, 3)), (1, 3))","(((4, 3), (4, 4), (5, 2), (5, 4), (6, 3)), (1, 3))",11,3.0,14.0,11,1,1,expanded,True,True,2444
"(((3, 4), (5, 3), (6, 2), (6, 3), (6, 4)), (1, 3))","(((3, 4), (5, 2), (5, 3), (6, 3), (6, 4)), (1, 3))",12,3,15.0,12,,,pruned,,,2445
"(((3, 4), (5, 2), (5, 3), (6, 3), (6, 4)), (1, 3))","(((3, 4), (5, 2), (5, 3), (5, 4), (6, 3)), (1, 3))",11,3.0,14.0,11,3,1,expanded,False,True,2446
"(((4, 3), (4, 4), (6, 2), (6, 3), (6, 4)), (1, 3))","(((4, 3), (4, 4), (5, 2), (6, 3), (6, 4)), (1, 3))",12,3,15.0,12,,,pruned,,,2447
"(((4, 3), (4, 4), (5, 2), (6, 3), (6, 4)), (1, 3))","(((3, 4), (4, 3), (5, 2), (6, 3), (6, 4)), (1, 3))",11,3.0,14.0,11,4,1,expanded,False,True,2448
"(((3, 3), (3, 4), (6, 2), (6, 3), (6, 4)), (1, 3))","(((3, 3), (3, 4), (5, 2), (6, 3), (6, 4)), (1, 3))",12,3,15.0,12,,,pruned,,,2449
"(((3, 3), (3, 4), (5, 1), (6, 3), (6, 4)), (1, 3))","(((3, 3), (3, 4), (5, 2), (6, 3), (6, 4)), (1, 3))",12,4,16.0,12,,,pruned,,,2450
"(((3, 3), (3, 4), (5, 2), (6, 3), (6, 4)), (1, 3))","(((2, 4), (3, 3), (5, 2), (6, 3), (6, 4)), (1, 3))",11,3.0,14.0,11,7,2,expanded,False,True,2451
"(((4, 2), (4, 3), (4, 4), (5, 3), (6, 4)), (1, 3))","(((3, 4), (4, 2), (4, 3), (5, 3), (6, 4)), (1, 3))",11,3.0,14.0,11,3,0,expanded,False,True,2452
"(((1, 3), (2, 4), (4, 2), (5, 2), (6, 3)), (2, 1))","(((2, 3), (2, 4), (4, 2), (5, 2), (6, 3)), (3, 3))",12,4,16.0,12,,,pruned,,,2453
"(((1, 4), (2, 3), (4, 2), (5, 2), (6, 3)), (2, 4))","(((2, 3), (2, 4), (4, 2), (5, 2), (6, 3)), (3, 3))",12,4,16.0,12,,,pruned,,,2454
"(((2, 3), (2, 4), (4, 2), (5, 2), (6, 2)), (3, 3))","(((2, 3), (2, 4), (4, 2), (5, 2), (6, 3)), (3, 3))",12,4,16.0,12,,,pruned,,,2455
"(((2, 3), (2, 4), (4, 1), (5, 2), (6, 3)), (3, 3))","(((2, 3), (2, 4), (4, 2), (5, 2), (6, 3)), (3, 3))",12,4,16.0,12,,,pruned,,,2456
"(((2, 3), (2, 4), (4, 2), (5, 1), (6, 3)), (3, 3))","(((2, 3), (2, 4), (4, 2), (5, 2), (6, 3)), (3, 3))",12,4,16.0,12,,,pruned,,,2457
"(((2, 3), (2, 4), (4, 2), (5, 2), (6, 3)), (3, 3))","(((2, 3), (2, 4), (4, 2), (5, 2), (5, 3)), (3, 3))",11,3.0,14.0,11,5,5,expanded,True,True,2458
"(((1, 3), (2, 4), (4, 2), (4, 3), (5, 2)), (2, 1))","(((2, 3), (2, 4), (4, 2), (4, 3), (5, 2)), (3, 3))",12,4,16.0,12,,,pruned,,,2459
"(((1, 4), (2, 3), (4, 2), (4, 3), (5, 2)), (2, 4))","(((2, 3), (2, 4), (4, 2), (4, 3), (5, 2)), (3, 3))",12,4,16.0,12,,,pruned,,,2460
"(((2, 3), (2, 4), (4, 2), (4, 3), (5, 1)), (3, 3))","(((2, 3), (2, 4), (4, 2), (4, 3), (5, 2)), (3, 3))",12,4,16.0,12,,,pruned,,,2461
"(((2, 3), (2, 4), (4, 2), (4, 3), (5, 2)), (3, 3))","(((2, 3), (2, 4), (4, 2), (5, 2), (5, 3)), (3, 3))",11,3.0,14.0,11,5,3,expanded,False,True,2462
"(((2, 4), (4, 3), (4, 4), (5, 3), (6, 4)), (5, 4))","(((2, 4), (4, 3), (4, 4), (5, 3), (6, 5)), (1, 3))",11,3.0,14.0,11,3,0,expanded,False,True,2463
"(((2, 3), (2, 4), (4, 4), (5, 3), (6, 4)), (5, 4))","(((2, 3), (2, 4), (4, 4), (5, 3), (6, 5)), (2, 1))",11,3.0,14.0,11,3,0,expanded,False,True,2464
"(((4, 3), (4, 4), (5, 3), (6, 3), (6, 4)), (1, 3))","(((3, 4), (4, 3), (5, 3), (6, 3), (6, 4)), (1, 3))",12,2.0,14.0,12,2,0,expanded,False,True,2465
"(((4, 2), (4, 3), (4, 4), (5, 3), (6, 3)), (1, 3))","(((3, 4), (4, 2), (4, 3), (5, 3), (6, 3)), (1, 3))",12,2.0,14.0,12,3,0,expanded,False,True,2466
"(((3, 3), (3, 4), (5, 3), (6, 3), (6, 4)), (1, 3))","(((2, 4), (3, 3), (5, 3), (6, 3), (6, 4)), (1, 3))",12,2.0,14.0,12,6,0,expanded,False,True,2467
"(((4, 4), (5, 4), (5, 5), (6, 4), (6, 5)), (1, 3))","(((4, 4), (5, 3), (5, 5), (6, 4), (6, 5)), (1, 3))",8,7.0,15.0,8,0,0,expanded,False,True,2468
"(((4, 1), (5, 4), (5, 5), (6, 4), (6, 5)), (1, 3))","(((4, 2), (5, 4), (5, 5), (6, 4), (6, 5)), (1, 3))",9,8,17.0,9,,,pruned,,,2469
"(((4, 2), (5, 4), (5, 5), (6, 4), (6, 5)), (1, 3))","(((4, 2), (5, 3), (5, 5), (6, 4), (6, 5)), (1, 3))",8,7.0,15.0,8,2,1,expanded,False,True,2470
"(((4, 2), (5, 2), (5, 6), (6, 4), (6, 5)), (1, 3))","(((4, 2), (5, 2), (5, 5), (6, 4), (6, 5)), (1, 3))",9,8,17.0,9,,,pruned,,,2471
"(((4, 1), (5, 2), (5, 5), (6, 4), (6, 5)), (1, 3))","(((4, 2), (5, 2), (5, 5), (6, 4), (6, 5)), (1, 3))",9,8,17.0,9,,,pruned,,,2472
"(((4, 2), (5, 1), (5, 5), (6, 4), (6, 5)), (1, 3))","(((4, 2), (5, 2), (5, 5), (6, 4), (6, 5)), (1, 3))",9,8,17.0,9,,,pruned,,,2473
"(((4, 2), (5, 2), (5, 5), (6, 4), (6, 5)), (1, 3))","(((4, 2), (5, 3), (5, 5), (6, 4), (6, 5)), (1, 3))",8,7.0,15.0,8,5,3,expanded,False,True,2474
"(((4, 4), (5, 2), (5, 6), (6, 4), (6, 5)), (1, 3))","(((4, 4), (5, 2), (5, 5), (6, 4), (6, 5)), (1, 3))",9,8,17.0,9,,,pruned,,,2475
"(((4, 4), (5, 5), (6, 2), (6, 4), (6, 5)), (1, 3))","(((4, 4), (5, 2), (5, 5), (6, 4), (6, 5)), (1, 3))",9,7,16.0,9,,,pruned,,,2476
"(((4, 4), (5, 1), (5, 5), (6, 4), (6, 5)), (1, 3))","(((4, 4), (5, 2), (5, 5), (6, 4), (6, 5)), (1, 3))",9,8,17.0,9,,,pruned,,,2477
"(((4, 4), (5, 2), (5, 5), (6, 4), (6, 5)), (1, 3))","(((4, 3), (5, 2), (5, 5), (6, 4), (6, 5)), (1, 3))",8,7.0,15.0,8,7,3,expanded,False,True,2478
"(((1, 4), (5, 4), (5, 5), (6, 4), (6, 5)), (1, 3))","(((2, 4), (5, 4), (5, 5), (6, 4), (6, 5)), (1, 3))",9,8,17.0,9,,,pruned,,,2479
"(((2, 4), (5, 4), (5, 5), (6, 4), (6, 5)), (1, 3))","(((2, 4), (5, 4), (5, 5), (6, 3), (6, 5)), (1, 3))",8,7.0,15.0,8,2,1,expanded,False,True,2480
"(((2, 1), (5, 4), (5, 5), (6, 4), (6, 5)), (1, 3))","(((2, 2), (5, 4), (5, 5), (6, 4), (6, 5)), (1, 3))",9,8,17.0,9,,,pruned,,,2481
"(((2, 2), (5, 4), (5, 5), (6, 4), (6, 5)), (1, 3))","(((2, 2), (5, 4), (5, 5), (6, 3), (6, 5)), (1, 3))",8,7.0,15.0,8,2,1,expanded,False,True,2482
"(((1, 4), (5, 2), (5, 5), (6, 4), (6, 5)), (1, 3))","(((2, 4), (5, 2), (5, 5), (6, 4), (6, 5)), (1, 3))",9,8,17.0,9,,,pruned,,,2483
"(((2, 4), (5, 2), (5, 6), (6, 4), (6, 5)), (1, 3))","(((2, 4), (5, 2), (5, 5), (6, 4), (6, 5)), (1, 3))",9,8,17.0,9,,,pruned,,,2484
"(((2, 4), (5, 5), (6, 2), (6, 4), (6, 5)), (1, 3))","(((2, 4), (5, 2), (5, 5), (6, 4), (6, 5)), (1, 3))",9,7,16.0,9,,,pruned,,,2485
"(((2, 4), (5, 1), (5, 5), (6, 4), (6, 5)), (1, 3))","(((2, 4), (5, 2), (5, 5), (6, 4), (6, 5)), (1, 3))",9,8,17.0,9,,,pruned,,,2486
"(((2, 4), (5, 2), (5, 5), (6, 4), (6, 5)), (1, 3))","(((2, 4), (5, 3), (5, 5), (6, 4), (6, 5)), (1, 3))",8,7.0,15.0,8,7,4,expanded,False,True,2487
"(((2, 2), (5, 2), (5, 6), (6, 4), (6, 5)), (1, 3))","(((2, 2), (5, 2), (5, 5), (6, 4), (6, 5)), (1, 3))",9,8,17.0,9,,,pruned,,,2488
"(((2, 1), (5, 2), (5, 5), (6, 4), (6, 5)), (1, 3))","(((2, 2), (5, 2), (5, 5), (6, 4), (6, 5)), (1, 3))",9,8,17.0,9,,,pruned,,,2489
"(((2, 2), (5, 5), (6, 2), (6, 4), (6, 5)), (1, 3))","(((2, 2), (5, 2), (5, 5), (6, 4), (6, 5)), (1, 3))",9,7,16.0,9,,,pruned,,,2490
"(((2, 2), (5, 1), (5, 5), (6, 4), (6, 5)), (1, 3))","(((2, 2), (5, 2), (5, 5), (6, 4), (6, 5)), (1, 3))",9,8,17.0,9,,,pruned,,,2491
"(((2, 2), (5, 2), (5, 5), (6, 4), (6, 5)), (1, 3))","(((2, 2), (5, 3), (5, 5), (6, 4), (6, 5)), (1, 3))",8,7.0,15.0,8,7,4,expanded,False,True,2492
"(((2, 2), (4, 2), (5, 4), (5, 5), (6, 6)), (1, 3))","(((2, 2), (4, 2), (5, 4), (5, 5), (6, 5)), (1, 3))",9,8,17.0,9,,,pruned,,,2493
"(((2, 1), (4, 2), (5, 4), (5, 5), (6, 5)), (1, 3))","(((2, 2), (4, 2), (5, 4), (5, 5), (6, 5)), (1, 3))",9,8,17.0,9,,,pruned,,,2494
"(((2, 2), (4, 1), (5, 4), (5, 5), (6, 5)), (1, 3))","(((2, 2), (4, 2), (5, 4), (5, 5), (6, 5)), (1, 3))",9,8,17.0,9,,,pruned,,,2495
"(((2, 2), (4, 2), (5, 4), (5, 5), (6, 5)), (1, 3))","(((2, 2), (4, 2), (5, 4), (5, 5), (6, 4)), (1, 3))",8,7.0,15.0,8,7,3,expanded,False,True,2496
"(((2, 2), (3, 4), (4, 4), (5, 6), (6, 5)), (1, 3))","(((2, 2), (3, 4), (4, 4), (5, 5), (6, 5)), (1, 3))",9,8,17.0,9,,,pruned,,,2497
"(((2, 2), (3, 4), (4, 4), (5, 5), (6, 6)), (1, 3))","(((2, 2), (3, 4), (4, 4), (5, 5), (6, 5)), (1, 3))",9,8,17.0,9,,,pruned,,,2498
"(((2, 1), (3, 4), (4, 4), (5, 5), (6, 5)), (1, 3))","(((2, 2), (3, 4), (4, 4), (5, 5), (6, 5)), (1, 3))",9,8,17.0,9,,,pruned,,,2499
"(((2, 2), (3, 4), (4, 4), (5, 5), (6, 5)), (1, 3))","(((2, 2), (3, 4), (4, 4), (5, 5), (6, 4)), (1, 3))",8,7.0,15.0,8,4,3,expanded,False,True,2500
"(((2, 2), (3, 4), (4, 2), (5, 6), (6, 5)), (1, 3))","(((2, 2), (3, 4), (4, 2), (5, 5), (6, 5)), (1, 3))",9,8,17.0,9,,,pruned,,,2501
"(((2, 2), (3, 4), (4, 2), (5, 5), (6, 6)), (1, 3))","(((2, 2), (3, 4), (4, 2), (5, 5), (6, 5)), (1, 3))",9,8,17.0,9,,,pruned,,,2502
"(((2, 1), (3, 4), (4, 2), (5, 5), (6, 5)), (1, 3))","(((2, 2), (3, 4), (4, 2), (5, 5), (6, 5)), (1, 3))",9,8,17.0,9,,,pruned,,,2503
"(((2, 2), (3, 4), (4, 1), (5, 5), (6, 5)), (1, 3))","(((2, 2), (3, 4), (4, 2), (5, 5), (6, 5)), (1, 3))",9,8,17.0,9,,,pruned,,,2504
"(((2, 2), (3, 4), (4, 2), (5, 5), (6, 5)), (1, 3))","(((2, 2), (3, 4), (4, 2), (5, 5), (6, 4)), (1, 3))",8,7.0,15.0,8,8,4,expanded,False,True,2505
"(((2, 2), (3, 4), (5, 6), (6, 4), (6, 5)), (1, 3))","(((2, 2), (3, 4), (5, 5), (6, 4), (6, 5)), (1, 3))",9,8,17.0,9,,,pruned,,,2506
"(((2, 1), (3, 4), (5, 5), (6, 4), (6, 5)), (1, 3))","(((2, 2), (3, 4), (5, 5), (6, 4), (6, 5)), (1, 3))",9,8,17.0,9,,,pruned,,,2507
"(((2, 2), (3, 4), (5, 5), (6, 4), (6, 5)), (1, 3))","(((2, 2), (3, 4), (5, 5), (6, 3), (6, 5)), (1, 3))",8,7.0,15.0,8,5,2,expanded,False,True,2508
"(((3, 4), (5, 2), (5, 4), (5, 5), (6, 6)), (1, 3))","(((3, 4), (5, 2), (5, 4), (5, 5), (6, 5)), (1, 3))",9,8,17.0,9,,,pruned,,,2509
"(((3, 4), (5, 4), (5, 5), (6, 2), (6, 5)), (1, 3))","(((3, 4), (5, 2), (5, 4), (5, 5), (6, 5)), (1, 3))",9,7,16.0,9,,,pruned,,,2510
"(((3, 4), (5, 1), (5, 4), (5, 5), (6, 5)), (1, 3))","(((3, 4), (5, 2), (5, 4), (5, 5), (6, 5)), (1, 3))",9,8,17.0,9,,,pruned,,,2511
"(((3, 4), (5, 2), (5, 4), (5, 5), (6, 5)), (1, 3))","(((3, 4), (5, 2), (5, 4), (5, 5), (6, 4)), (1, 3))",8,7.0,15.0,8,9,3,expanded,False,True,2512
"(((1, 4), (2, 2), (5, 4), (5, 5), (6, 5)), (1, 3))","(((2, 2), (2, 4), (5, 4), (5, 5), (6, 5)), (1, 3))",9,8,17.0,9,,,pruned,,,2513
"(((2, 2), (2, 4), (5, 4), (5, 5), (6, 6)), (1, 3))","(((2, 2), (2, 4), (5, 4), (5, 5), (6, 5)), (1, 3))",9,8,17.0,9,,,pruned,,,2514
"(((2, 1), (2, 4), (5, 4), (5, 5), (6, 5)), (1, 3))","(((2, 2), (2, 4), (5, 4), (5, 5), (6, 5)), (1, 3))",9,8,17.0,9,,,pruned,,,2515
"(((2, 2), (2, 4), (5, 4), (5, 5), (6, 5)), (1, 3))","(((2, 2), (2, 4), (5, 3), (5, 5), (6, 5)), (1, 3))",8,7.0,15.0,8,7,3,expanded,False,True,2516
"(((1, 4), (2, 2), (5, 2), (5, 5), (6, 5)), (1, 3))","(((2, 2), (2, 4), (5, 2), (5, 5), (6, 5)), (1, 3))",9,8,17.0,9,,,pruned,,,2517
"(((2, 2), (2, 4), (5, 2), (5, 6), (6, 5)), (1, 3))","(((2, 2), (2, 4), (5, 2), (5, 5), (6, 5)), (1, 3))",9,8,17.0,9,,,pruned,,,2518
"(((2, 2), (2, 4), (5, 2), (5, 5), (6, 6)), (1, 3))","(((2, 2), (2, 4), (5, 2), (5, 5), (6, 5)), (1, 3))",9,8,17.0,9,,,pruned,,,2519
"(((2, 1), (2, 4), (5, 2), (5, 5), (6, 5)), (1, 3))","(((2, 2), (2, 4), (5, 2), (5, 5), (6, 5)), (1, 3))",9,8,17.0,9,,,pruned,,,2520
"(((2, 2), (2, 4), (5, 5), (6, 2), (6, 5)), (1, 3))","(((2, 2), (2, 4), (5, 2), (5, 5), (6, 5)), (1, 3))",9,7,16.0,9,,,pruned,,,2521
"(((2, 2), (2, 4), (5, 1), (5, 5), (6, 5)), (1, 3))","(((2, 2), (2, 4), (5, 2), (5, 5), (6, 5)), (1, 3))",9,8,17.0,9,,,pruned,,,2522
"(((2, 2), (2, 4), (5, 2), (5, 5), (6, 5)), (1, 3))","(((2, 2), (2, 4), (5, 3), (5, 5), (6, 5)), (1, 3))",8,7.0,15.0,8,10,6,expanded,False,True,2523
"(((2, 4), (3, 4), (4, 4), (5, 2), (6, 6)), (1, 3))","(((2, 4), (3, 4), (4, 4), (5, 2), (6, 5)), (1, 3))",10,7,17.0,10,,,pruned,,,2524
"(((2, 4), (3, 4), (4, 4), (6, 2), (6, 5)), (1, 3))","(((2, 4), (3, 4), (4, 4), (5, 2), (6, 5)), (1, 3))",10,6,16.0,10,,,pruned,,,2525
"(((2, 4), (3, 4), (4, 4), (5, 1), (6, 5)), (1, 3))","(((2, 4), (3, 4), (4, 4), (5, 2), (6, 5)), (1, 3))",10,7,17.0,10,,,pruned,,,2526
"(((2, 4), (3, 4), (4, 4), (5, 2), (6, 5)), (1, 3))","(((2, 4), (3, 4), (4, 4), (5, 3), (6, 5)), (1, 3))",9,6.0,15.0,9,6,3,expanded,False,True,2527
"(((2, 4), (3, 4), (4, 2), (5, 4), (6, 6)), (1, 3))","(((2, 4), (3, 4), (4, 2), (5, 4), (6, 5)), (1, 3))",10,7,17.0,10,,,pruned,,,2528
"(((2, 4), (3, 4), (4, 1), (5, 4), (6, 5)), (1, 3))","(((2, 4), (3, 4), (4, 2), (5, 4), (6, 5)), (1, 3))",10,7,17.0,10,,,pruned,,,2529
"(((2, 4), (3, 4), (4, 2), (5, 4), (6, 5)), (1, 3))","(((2, 4), (3, 4), (4, 2), (5, 3), (6, 5)), (1, 3))",9,6.0,15.0,9,6,2,expanded,False,True,2530
"(((2, 4), (3, 4), (4, 2), (5, 2), (6, 6)), (1, 3))","(((2, 4), (3, 4), (4, 2), (5, 2), (6, 5)), (1, 3))",10,7,17.0,10,,,pruned,,,2531
"(((2, 4), (3, 4), (4, 1), (5, 2), (6, 5)), (1, 3))","(((2, 4), (3, 4), (4, 2), (5, 2), (6, 5)), (1, 3))",10,7,17.0,10,,,pruned,,,2532
"(((2, 4), (3, 4), (4, 2), (5, 1), (6, 5)), (1, 3))","(((2, 4), (3, 4), (4, 2), (5, 2), (6, 5)), (1, 3))",10,7,17.0,10,,,pruned,,,2533
"(((2, 4), (3, 4), (4, 2), (5, 2), (6, 5)), (1, 3))","(((2, 4), (3, 4), (4, 2), (5, 3), (6, 5)), (1, 3))",9,6.0,15.0,9,6,3,expanded,False,True,2534
"(((3, 4), (4, 2), (4, 4), (5, 4), (6, 6)), (1, 3))","(((3, 4), (4, 2), (4, 4), (5, 4), (6, 5)), (1, 3))",10,7,17.0,10,,,pruned,,,2535
"(((3, 4), (4, 1), (4, 4), (5, 4), (6, 5)), (1, 3))","(((3, 4), (4, 2), (4, 4), (5, 4), (6, 5)), (1, 3))",10,7,17.0,10,,,pruned,,,2536
"(((3, 4), (4, 2), (4, 4), (5, 4), (6, 5)), (1, 3))","(((3, 4), (4, 2), (4, 4), (5, 4), (6, 4)), (1, 3))",9,6.0,15.0,9,4,2,expanded,False,True,2537
"(((3, 4), (4, 4), (5, 4), (6, 4), (6, 5)), (1, 3))","(((3, 4), (4, 4), (5, 4), (6, 3), (6, 5)), (1, 3))",9,6.0,15.0,9,1,0,expanded,False,True,2538
"(((1, 3), (2, 2), (5, 4), (5, 5), (6, 5)), (1, 4))","(((2, 2), (2, 3), (5, 4), (5, 5), (6, 5)), (1, 3))",10,7,17.0,10,,,pruned,,,2539
"(((2, 2), (2, 3), (5, 4), (5, 5), (6, 6)), (1, 3))","(((2, 2), (2, 3), (5, 4), (5, 5), (6, 5)), (1, 3))",10,7,17.0,10,,,pruned,,,2540
"(((2, 2), (2, 3), (5, 4), (5, 5), (6, 5)), (1, 3))","(((2, 2), (2, 3), (5, 4), (5, 5), (6, 4)), (1, 3))",9,6.0,15.0,9,5,2,expanded,False,True,2541
"(((2, 2), (3, 3), (5, 6), (6, 4), (6, 5)), (1, 3))","(((2, 2), (3, 3), (5, 5), (6, 4), (6, 5)), (1, 3))",10,7,17.0,10,,,pruned,,,2542
"(((2, 1), (3, 3), (5, 5), (6, 4), (6, 5)), (1, 3))","(((2, 2), (3, 3), (5, 5), (6, 4), (6, 5)), (1, 3))",10,7,17.0,10,,,pruned,,,2543
"(((2, 2), (3, 3), (5, 5), (6, 4), (6, 5)), (1, 3))","(((2, 3), (3, 3), (5, 5), (6, 4), (6, 5)), (1, 3))",9,6.0,15.0,9,5,2,expanded,False,True,2544
"(((5, 4), (5, 5), (6, 3), (6, 4), (6, 5)), (1, 3))","(((5, 3), (5, 5), (6, 3), (6, 4), (6, 5)), (1, 3))",9,6.0,15.0,9,0,0,expanded,False,True,2545
"(((5, 2), (5, 6), (6, 3), (6, 4), (6, 5)), (1, 3))","(((5, 2), (5, 5), (6, 3), (6, 4), (6, 5)), (1, 3))",10,7,17.0,10,,,pruned,,,2546
"(((5, 5), (6, 2), (6, 3), (6, 4), (6, 5)), (1, 3))","(((5, 2), (5, 5), (6, 3), (6, 4), (6, 5)), (1, 3))",10,6,16.0,10,,,pruned,,,2547
"(((5, 1), (5, 5), (6, 3), (6, 4), (6, 5)), (1, 3))","(((5, 2), (5, 5), (6, 3), (6, 4), (6, 5)), (1, 3))",10,7,17.0,10,,,pruned,,,2548
"(((5, 2), (5, 5), (6, 3), (6, 4), (6, 5)), (1, 3))","(((5, 3), (5, 5), (6, 3), (6, 4), (6, 5)), (1, 3))",9,6.0,15.0,9,4,3,expanded,False,True,2549
"(((1, 3), (2, 2), (3, 4), (5, 5), (6, 5)), (1, 4))","(((2, 2), (2, 3), (3, 4), (5, 5), (6, 5)), (2, 1))",10,7,17.0,10,,,pruned,,,2550
"(((2, 2), (2, 3), (3, 4), (5, 6), (6, 5)), (2, 1))","(((2, 2), (2, 3), (3, 4), (5, 5), (6, 5)), (2, 1))",10,7,17.0,10,,,pruned,,,2551
"(((2, 2), (2, 3), (3, 4), (5, 5), (6, 6)), (2, 1))","(((2, 2), (2, 3), (3, 4), (5, 5), (6, 5)), (2, 1))",10,7,17.0,10,,,pruned,,,2552
"(((2, 2), (2, 3), (3, 4), (5, 5), (6, 5)), (2, 1))","(((2, 2), (2, 3), (3, 4), (5, 5), (6, 4)), (2, 1))",9,6.0,15.0,9,4,3,expanded,False,True,2553
"(((1, 4), (2, 2), (3, 3), (5, 5), (6, 5)), (1, 3))","(((2, 2), (2, 4), (3, 3), (5, 5), (6, 5)), (2, 1))",10,7,17.0,10,,,pruned,,,2554
"(((2, 2), (2, 4), (3, 3), (5, 6), (6, 5)), (2, 1))","(((2, 2), (2, 4), (3, 3), (5, 5), (6, 5)), (2, 1))",10,7,17.0,10,,,pruned,,,2555
"(((2, 2), (2, 4), (3, 3), (5, 5), (6, 6)), (2, 1))","(((2, 2), (2, 4), (3, 3), (5, 5), (6, 5)), (2, 1))",10,7,17.0,10,,,pruned,,,2556
"(((2, 2), (2, 4), (3, 3), (5, 5), (6, 5)), (2, 1))","(((2, 2), (2, 4), (3, 3), (5, 5), (6, 4)), (2, 1))",9,6.0,15.0,9,5,3,expanded,False,True,2557
"(((1, 4), (2, 2), (5, 4), (5, 5), (6, 4)), (1, 3))","(((2, 2), (2, 4), (5, 4), (5, 5), (6, 4)), (1, 3))",10,7,17.0,10,,,pruned,,,2558
"(((2, 1), (2, 4), (5, 4), (5, 5), (6, 4)), (1, 3))","(((2, 2), (2, 4), (5, 4), (5, 5), (6, 4)), (1, 3))",10,7,17.0,10,,,pruned,,,2559
"(((2, 2), (2, 4), (5, 4), (5, 5), (6, 4)), (1, 3))","(((2, 2), (2, 4), (5, 3), (5, 5), (6, 4)), (1, 3))",9,6.0,15.0,9,5,2,expanded,False,True,2560
"(((2, 1), (4, 2), (4, 4), (5, 4), (5, 5)), (1, 3))","(((2, 2), (4, 2), (4, 4), (5, 4), (5, 5)), (1, 3))",10,7,17.0,10,,,pruned,,,2561
"(((2, 2), (4, 1), (4, 4), (5, 4), (5, 5)), (1, 3))","(((2, 2), (4, 2), (4, 4), (5, 4), (5, 5)), (1, 3))",10,7,17.0,10,,,pruned,,,2562
"(((2, 2), (4, 2), (4, 4), (5, 4), (5, 5)), (1, 3))","(((2, 3), (4, 2), (4, 4), (5, 4), (5, 5)), (1, 3))",9,6.0,15.0,9,4,2,expanded,False,True,2563
"(((2, 1), (4, 3), (5, 4), (5, 5), (6, 5)), (1, 3))","(((2, 2), (4, 3), (5, 4), (5, 5), (6, 5)), (1, 3))",10,7,17.0,10,,,pruned,,,2564
"(((2, 2), (4, 3), (5, 4), (5, 5), (6, 5)), (1, 3))","(((2, 2), (3, 3), (5, 4), (5, 5), (6, 5)), (1, 3))",9,6.0,15.0,9,4,1,expanded,False,True,2565
"(((2, 2), (2, 4), (3, 4), (5, 6), (6, 4)), (1, 3))","(((2, 2), (2, 4), (3, 4), (5, 5), (6, 4)), (1, 3))",10,7,17.0,10,,,pruned,,,2566
"(((2, 1), (2, 4), (3, 4), (5, 5), (6, 4)), (1, 3))","(((2, 2), (2, 4), (3, 4), (5, 5), (6, 4)), (1, 3))",10,7,17.0,10,,,pruned,,,2567
"(((2, 2), (2, 4), (3, 4), (5, 5), (6, 4)), (1, 3))","(((2, 2), (2, 4), (4, 4), (5, 5), (6, 4)), (1, 3))",9,6.0,15.0,9,4,2,expanded,False,True,2568
"(((2, 1), (3, 4), (4, 3), (5, 5), (6, 5)), (1, 3))","(((2, 2), (3, 4), (4, 3), (5, 5), (6, 5)), (1, 3))",10,7,17.0,10,,,pruned,,,2569
"(((2, 2), (3, 4), (4, 3), (5, 5), (6, 5)), (1, 3))","(((2, 2), (2, 4), (4, 3), (5, 5), (6, 5)), (1, 3))",9,6.0,15.0,9,3,1,expanded,False,True,2570
"(((2, 1), (3, 3), (4, 4), (5, 5), (6, 5)), (1, 3))","(((2, 2), (3, 3), (4, 4), (5, 5), (6, 5)), (1, 3))",10,7,17.0,10,,,pruned,,,2571
"(((2, 2), (3, 3), (4, 4), (5, 5), (6, 5)), (1, 3))","(((2, 2), (2, 3), (4, 4), (5, 5), (6, 5)), (1, 3))",9,6.0,15.0,9,3,1,expanded,False,True,2572
"(((3, 4), (4, 3), (4, 4), (5, 2), (6, 6)), (5, 3))","(((3, 4), (4, 3), (4, 4), (5, 2), (6, 5)), (5, 3))",11,6,17.0,11,,,pruned,,,2573
"(((3, 4), (4, 3), (4, 4), (5, 1), (6, 5)), (1, 3))","(((3, 4), (4, 3), (4, 4), (5, 2), (6, 5)), (5, 3))",11,6,17.0,11,,,pruned,,,2574
"(((3, 4), (4, 3), (4, 4), (5, 2), (6, 5)), (5, 3))","(((3, 4), (4, 3), (4, 4), (5, 3), (6, 5)), (1, 3))",10,5.0,15.0,10,5,2,expanded,False,True,2575
"(((1, 3), (3, 4), (4, 4), (5, 2), (6, 5)), (1, 4))","(((2, 3), (3, 4), (4, 4), (5, 2), (6, 5)), (2, 1))",11,6,17.0,11,,,pruned,,,2576
"(((2, 3), (3, 4), (4, 4), (5, 2), (6, 6)), (2, 1))","(((2, 3), (3, 4), (4, 4), (5, 2), (6, 5)), (2, 1))",11,6,17.0,11,,,pruned,,,2577
"(((2, 3), (3, 4), (4, 4), (6, 2), (6, 5)), (2, 1))","(((2, 3), (3, 4), (4, 4), (5, 2), (6, 5)), (2, 1))",11,5,16.0,11,,,pruned,,,2578
"(((2, 3), (3, 4), (4, 4), (5, 1), (6, 5)), (2, 1))","(((2, 3), (3, 4), (4, 4), (5, 2), (6, 5)), (2, 1))",11,6,17.0,11,,,pruned,,,2579
"(((2, 3), (3, 4), (4, 4), (5, 2), (6, 5)), (2, 1))","(((2, 3), (3, 4), (4, 4), (5, 3), (6, 5)), (2, 1))",10,5.0,15.0,10,8,4,expanded,False,True,2580
"(((2, 4), (3, 3), (4, 4), (5, 2), (6, 6)), (1, 3))","(((2, 4), (3, 3), (4, 4), (5, 2), (6, 5)), (1, 3))",11,6,17.0,11,,,pruned,,,2581
"(((2, 4), (3, 3), (4, 4), (6, 2), (6, 5)), (1, 3))","(((2, 4), (3, 3), (4, 4), (5, 2), (6, 5)), (1, 3))",11,5,16.0,11,,,pruned,,,2582
"(((2, 4), (3, 3), (4, 4), (5, 1), (6, 5)), (1, 3))","(((2, 4), (3, 3), (4, 4), (5, 2), (6, 5)), (1, 3))",11,6,17.0,11,,,pruned,,,2583
"(((2, 4), (3, 3), (4, 4), (5, 2), (6, 5)), (1, 3))","(((2, 4), (3, 3), (4, 4), (5, 3), (6, 5)), (1, 3))",10,5.0,15.0,10,10,3,expanded,False,True,2584
"(((1, 4), (4, 2), (5, 2), (5, 5), (6, 3)), (1, 3))","(((2, 4), (4, 2), (5, 2), (5, 5), (6, 3)), (1, 3))",11,6,17.0,11,,,pruned,,,2585
"(((2, 4), (4, 2), (5, 2), (5, 6), (6, 3)), (1, 3))","(((2, 4), (4, 2), (5, 2), (5, 5), (6, 3)), (1, 3))",11,6,17.0,11,,,pruned,,,2586
"(((2, 4), (4, 2), (5, 2), (5, 5), (6, 2)), (1, 3))","(((2, 4), (4, 2), (5, 2), (5, 5), (6, 3)), (1, 3))",11,6,17.0,11,,,pruned,,,2587
"(((2, 4), (4, 1), (5, 2), (5, 5), (6, 3)), (1, 3))","(((2, 4), (4, 2), (5, 2), (5, 5), (6, 3)), (1, 3))",11,6,17.0,11,,,pruned,,,2588
"(((2, 4), (4, 2), (5, 1), (5, 5), (6, 3)), (1, 3))","(((2, 4), (4, 2), (5, 2), (5, 5), (6, 3)), (1, 3))",11,6,17.0,11,,,pruned,,,2589
"(((2, 4), (4, 2), (5, 2), (5, 5), (6, 3)), (1, 3))","(((2, 4), (4, 2), (5, 2), (5, 4), (6, 3)), (1, 3))",10,5.0,15.0,10,9,5,expanded,False,True,2590
"(((3, 3), (3, 4), (4, 4), (6, 4), (6, 5)), (1, 3))","(((3, 3), (3, 4), (4, 4), (6, 3), (6, 5)), (1, 3))",10,5.0,15.0,10,2,0,expanded,False,True,2591
"(((1, 3), (2, 4), (4, 2), (5, 2), (5, 5)), (2, 1))","(((2, 3), (2, 4), (4, 2), (5, 2), (5, 5)), (3, 3))",11,6,17.0,11,,,pruned,,,2592
"(((1, 4), (2, 3), (4, 2), (5, 2), (5, 5)), (2, 4))","(((2, 3), (2, 4), (4, 2), (5, 2), (5, 5)), (3, 3))",11,6,17.0,11,,,pruned,,,2593
"(((2, 3), (2, 4), (4, 2), (5, 2), (5, 6)), (3, 3))","(((2, 3), (2, 4), (4, 2), (5, 2), (5, 5)), (3, 3))",11,6,17.0,11,,,pruned,,,2594
"(((2, 3), (2, 4), (4, 1), (5, 2), (5, 5)), (3, 3))","(((2, 3), (2, 4), (4, 2), (5, 2), (5, 5)), (3, 3))",11,6,17.0,11,,,pruned,,,2595
"(((2, 3), (2, 4), (4, 2), (5, 1), (5, 5)), (3, 3))","(((2, 3), (2, 4), (4, 2), (5, 2), (5, 5)), (3, 3))",11,6,17.0,11,,,pruned,,,2596
"(((2, 3), (2, 4), (4, 2), (5, 2), (5, 5)), (3, 3))","(((2, 3), (2, 4), (4, 2), (5, 2), (5, 4)), (3, 3))",10,5.0,15.0,10,6,5,expanded,False,True,2597
"(((2, 4), (3, 4), (5, 4), (6, 3), (6, 5)), (1, 3))","(((2, 4), (3, 4), (5, 3), (6, 3), (6, 5)), (1, 3))",10,5.0,15.0,10,3,0,expanded,False,True,2598
"(((2, 4), (3, 4), (5, 2), (6, 3), (6, 6)), (1, 3))","(((2, 4), (3, 4), (5, 2), (6, 3), (6, 5)), (1, 3))",11,6,17.0,11,,,pruned,,,2599
"(((2, 4), (3, 4), (5, 2), (6, 2), (6, 5)), (1, 3))","(((2, 4), (3, 4), (5, 2), (6, 3), (6, 5)), (1, 3))",11,6,17.0,11,,,pruned,,,2600
"(((2, 4), (3, 4), (6, 2), (6, 3), (6, 5)), (1, 3))","(((2, 4), (3, 4), (5, 2), (6, 3), (6, 5)), (1, 3))",11,5,16.0,11,,,pruned,,,2601
"(((2, 4), (3, 4), (5, 1), (6, 3), (6, 5)), (1, 3))","(((2, 4), (3, 4), (5, 2), (6, 3), (6, 5)), (1, 3))",11,6,17.0,11,,,pruned,,,2602
"(((2, 4), (3, 4), (5, 2), (6, 3), (6, 5)), (1, 3))","(((2, 4), (3, 4), (5, 3), (6, 3), (6, 5)), (1, 3))",10,5.0,15.0,10,6,4,expanded,False,True,2603
"(((2, 4), (3, 4), (5, 3), (6, 4), (6, 5)), (1, 3))","(((2, 4), (3, 4), (5, 3), (6, 3), (6, 5)), (1, 3))",10,5.0,15.0,10,4,0,expanded,False,True,2604
"(((3, 4), (4, 3), (4, 4), (6, 2), (6, 5)), (1, 3))","(((3, 4), (4, 3), (4, 4), (5, 2), (6, 5)), (1, 3))",11,5,16.0,11,,,pruned,,,2605
"(((3, 4), (4, 3), (4, 4), (5, 2), (6, 5)), (1, 3))","(((3, 3), (3, 4), (4, 4), (5, 2), (6, 5)), (1, 3))",10,5.0,15.0,10,3,1,expanded,False,True,2606
"(((3, 3), (3, 4), (4, 2), (4, 4), (6, 6)), (1, 3))","(((3, 3), (3, 4), (4, 2), (4, 4), (6, 5)), (1, 3))",11,6,17.0,11,,,pruned,,,2607
"(((3, 3), (3, 4), (4, 1), (4, 4), (6, 5)), (4, 2))","(((3, 3), (3, 4), (4, 2), (4, 4), (6, 5)), (1, 3))",11,6,17.0,11,,,pruned,,,2608
"(((3, 3), (3, 4), (4, 2), (4, 4), (6, 5)), (1, 3))","(((3, 3), (3, 4), (4, 4), (5, 2), (6, 5)), (1, 3))",10,5.0,15.0,10,6,2,expanded,False,True,2609
"(((1, 4), (4, 2), (5, 3), (5, 4), (6, 4)), (1, 3))","(((2, 4), (4, 2), (5, 3), (5, 4), (6, 4)), (1, 3))",12,5,17.0,12,,,pruned,,,2610
"(((2, 4), (4, 1), (5, 3), (5, 4), (6, 4)), (1, 3))","(((2, 4), (4, 2), (5, 3), (5, 4), (6, 4)), (1, 3))",12,5,17.0,12,,,pruned,,,2611
"(((2, 4), (4, 2), (5, 3), (5, 4), (6, 4)), (1, 3))","(((2, 4), (4, 2), (5, 3), (5, 4), (6, 3)), (1, 3))",11,4.0,15.0,11,7,2,expanded,False,True,2612
"(((1, 4), (4, 3), (5, 3), (5, 4), (6, 5)), (1, 3))","(((2, 4), (4, 3), (5, 3), (5, 4), (6, 5)), (1, 3))",12,5,17.0,12,,,pruned,,,2613
"(((2, 4), (4, 3), (5, 3), (5, 4), (6, 6)), (1, 3))","(((2, 4), (4, 3), (5, 3), (5, 4), (6, 5)), (1, 3))",12,5,17.0,12,,,pruned,,,2614
"(((2, 4), (4, 3), (5, 3), (5, 4), (6, 5)), (1, 3))","(((2, 4), (4, 3), (5, 3), (5, 4), (6, 4)), (1, 3))",11,4.0,15.0,11,7,2,expanded,False,True,2615
"(((1, 3), (2, 4), (5, 3), (5, 4), (6, 5)), (2, 1))","(((2, 3), (2, 4), (5, 3), (5, 4), (6, 5)), (2, 1))",12,5,17.0,12,,,pruned,,,2616
"(((1, 4), (2, 3), (5, 3), (5, 4), (6, 5)), (2, 1))","(((2, 3), (2, 4), (5, 3), (5, 4), (6, 5)), (2, 1))",12,5,17.0,12,,,pruned,,,2617
"(((2, 3), (2, 4), (5, 3), (5, 4), (6, 6)), (2, 1))","(((2, 3), (2, 4), (5, 3), (5, 4), (6, 5)), (2, 1))",12,5,17.0,12,,,pruned,,,2618
"(((2, 3), (2, 4), (5, 3), (5, 4), (6, 5)), (2, 1))","(((2, 3), (2, 4), (5, 3), (5, 4), (6, 4)), (2, 1))",11,4.0,15.0,11,7,3,expanded,False,True,2619
"(((2, 3), (2, 4), (4, 3), (4, 4), (6, 6)), (2, 1))","(((2, 3), (2, 4), (4, 3), (4, 4), (6, 5)), (2, 1))",12,5,17.0,12,,,pruned,,,2620
"(((2, 3), (2, 4), (4, 3), (4, 4), (6, 5)), (2, 1))","(((2, 3), (2, 4), (4, 3), (4, 4), (6, 4)), (2, 1))",11,4.0,15.0,11,4,1,expanded,False,True,2621
"(((3, 4), (4, 4), (6, 2), (6, 3), (6, 4)), (1, 3))","(((3, 4), (4, 4), (5, 2), (6, 3), (6, 4)), (1, 3))",12,4,16.0,12,,,pruned,,,2622
"(((3, 4), (4, 4), (5, 1), (6, 3), (6, 4)), (1, 3))","(((3, 4), (4, 4), (5, 2), (6, 3), (6, 4)), (1, 3))",12,5,17.0,12,,,pruned,,,2623
"(((3, 4), (4, 4), (5, 2), (6, 3), (6, 4)), (1, 3))","(((3, 4), (4, 3), (5, 2), (6, 3), (6, 4)), (1, 3))",11,4.0,15.0,11,3,2,expanded,False,True,2624
"(((3, 4), (4, 2), (4, 3), (5, 4), (6, 4)), (1, 3))","(((3, 4), (4, 2), (4, 3), (5, 3), (6, 4)), (1, 3))",11,4.0,15.0,11,5,0,expanded,False,True,2625
"(((3, 4), (4, 2), (4, 3), (5, 3), (6, 6)), (1, 3))","(((3, 4), (4, 2), (4, 3), (5, 3), (6, 5)), (1, 3))",12,5,17.0,12,,,pruned,,,2626
"(((3, 4), (4, 2), (4, 3), (5, 3), (6, 5)), (1, 3))","(((3, 4), (4, 2), (4, 3), (5, 3), (6, 4)), (1, 3))",11,4.0,15.0,11,6,1,expanded,False,True,2627
"(((3, 4), (4, 1), (4, 4), (5, 3), (6, 4)), (1, 3))","(((3, 4), (4, 2), (4, 4), (5, 3), (6, 4)), (1, 3))",12,5,17.0,12,,,pruned,,,2628
"(((3, 4), (4, 2), (4, 4), (5, 3), (6, 4)), (1, 3))","(((3, 4), (4, 2), (4, 4), (5, 3), (6, 3)), (1, 3))",11,4.0,15.0,11,6,1,expanded,False,True,2629
"(((3, 4), (4, 3), (4, 4), (5, 1), (6, 4)), (1, 3))","(((3, 4), (4, 3), (4, 4), (5, 2), (6, 4)), (5, 3))",12,5,17.0,12,,,pruned,,,2630
"(((3, 4), (4, 3), (4, 4), (5, 2), (6, 4)), (5, 3))","(((3, 4), (4, 3), (4, 4), (5, 3), (6, 4)), (5, 4))",11,4.0,15.0,11,5,1,expanded,False,True,2631
"(((1, 3), (3, 4), (4, 4), (5, 2), (6, 4)), (1, 4))","(((2, 3), (3, 4), (4, 4), (5, 2), (6, 4)), (2, 1))",12,5,17.0,12,,,pruned,,,2632
"(((2, 3), (3, 4), (4, 4), (6, 2), (6, 4)), (2, 1))","(((2, 3), (3, 4), (4, 4), (5, 2), (6, 4)), (2, 1))",12,4,16.0,12,,,pruned,,,2633
"(((2, 3), (3, 4), (4, 4), (5, 1), (6, 4)), (2, 1))","(((2, 3), (3, 4), (4, 4), (5, 2), (6, 4)), (2, 1))",12,5,17.0,12,,,pruned,,,2634
"(((2, 3), (3, 4), (4, 4), (5, 2), (6, 4)), (2, 1))","(((2, 3), (3, 4), (4, 4), (5, 3), (6, 4)), (5, 4))",11,4.0,15.0,11,8,3,expanded,False,True,2635
"(((2, 4), (3, 3), (4, 4), (6, 2), (6, 4)), (1, 3))","(((2, 4), (3, 3), (4, 4), (5, 2), (6, 4)), (1, 3))",12,4,16.0,12,,,pruned,,,2636
"(((2, 4), (3, 3), (4, 4), (5, 1), (6, 4)), (1, 3))","(((2, 4), (3, 3), (4, 4), (5, 2), (6, 4)), (1, 3))",12,5,17.0,12,,,pruned,,,2637
"(((2, 4), (3, 3), (4, 4), (5, 2), (6, 4)), (1, 3))","(((2, 4), (3, 3), (4, 4), (5, 3), (6, 4)), (5, 4))",11,4.0,15.0,11,10,2,expanded,False,True,2638
"(((1, 3), (2, 4), (4, 4), (6, 3), (6, 5)), (2, 1))","(((2, 3), (2, 4), (4, 4), (6, 3), (6, 5)), (2, 1))",12,5,17.0,12,,,pruned,,,2639
"(((1, 4), (2, 3), (4, 4), (6, 3), (6, 5)), (2, 1))","(((2, 3), (2, 4), (4, 4), (6, 3), (6, 5)), (2, 1))",12,5,17.0,12,,,pruned,,,2640
"(((2, 3), (2, 4), (4, 4), (6, 3), (6, 6)), (2, 1))","(((2, 3), (2, 4), (4, 4), (6, 3), (6, 5)), (2, 1))",12,5,17.0,12,,,pruned,,,2641
"(((2, 3), (2, 4), (4, 4), (6, 2), (6, 5)), (2, 1))","(((2, 3), (2, 4), (4, 4), (6, 3), (6, 5)), (2, 1))",12,5,17.0,12,,,pruned,,,2642
"(((2, 3), (2, 4), (4, 4), (6, 3), (6, 5)), (2, 1))","(((2, 3), (2, 4), (4, 4), (5, 3), (6, 5)), (2, 1))",11,4.0,15.0,11,8,4,expanded,False,True,2643
"(((1, 4), (5, 2), (5, 4), (6, 3), (6, 4)), (1, 3))","(((2, 4), (5, 2), (5, 4), (6, 3), (6, 4)), (1, 3))",12,5,17.0,12,,,pruned,,,2644
"(((2, 4), (5, 4), (6, 2), (6, 3), (6, 4)), (1, 3))","(((2, 4), (5, 2), (5, 4), (6, 3), (6, 4)), (1, 3))",12,4,16.0,12,,,pruned,,,2645
"(((2, 4), (5, 1), (5, 4), (6, 3), (6, 4)), (1, 3))","(((2, 4), (5, 2), (5, 4), (6, 3), (6, 4)), (1, 3))",12,5,17.0,12,,,pruned,,,2646
"(((2, 4), (5, 2), (5, 4), (6, 3), (6, 4)), (1, 3))","(((2, 4), (4, 4), (5, 2), (6, 3), (6, 4)), (1, 3))",11,4.0,15.0,11,6,3,expanded,False,True,2647
"(((3, 4), (4, 1), (5, 2), (6, 3), (6, 4)), (1, 3))","(((3, 4), (4, 2), (5, 2), (6, 3), (6, 4)), (1, 3))",12,5,17.0,12,,,pruned,,,2648
"(((3, 4), (4, 2), (5, 1), (6, 3), (6, 4)), (1, 3))","(((3, 4), (4, 2), (5, 2), (6, 3), (6, 4)), (1, 3))",12,5,17.0,12,,,pruned,,,2649
"(((3, 4), (4, 2), (5, 2), (6, 3), (6, 4)), (1, 3))","(((2, 4), (4, 2), (5, 2), (6, 3), (6, 4)), (1, 3))",11,4.0,15.0,11,6,2,expanded,False,True,2650
"(((1, 4), (3, 3), (4, 2), (5, 4), (6, 4)), (1, 3))","(((2, 4), (3, 3), (4, 2), (5, 4), (6, 4)), (1, 3))",12,5,17.0,12,,,pruned,,,2651
"(((2, 4), (3, 3), (4, 1), (5, 4), (6, 4)), (3, 4))","(((2, 4), (3, 3), (4, 2), (5, 4), (6, 4)), (1, 3))",12,5,17.0,12,,,pruned,,,2652
"(((2, 4), (3, 3), (4, 2), (5, 4), (6, 4)), (1, 3))","(((2, 4), (4, 2), (4, 3), (5, 4), (6, 4)), (1, 3))",11,4.0,15.0,11,8,2,expanded,False,True,2653
"(((3, 4), (4, 2), (4, 3), (5, 2), (6, 4)), (1, 3))","(((2, 4), (4, 2), (4, 3), (5, 2), (6, 4)), (1, 3))",11,4.0,15.0,11,3,0,expanded,False,True,2654
"(((1, 4), (4, 2), (5, 2), (5, 3), (6, 4)), (1, 3))","(((2, 4), (4, 2), (5, 2), (5, 3), (6, 4)), (1, 3))",12,5,17.0,12,,,pruned,,,2655
"(((2, 4), (4, 1), (5, 2), (5, 3), (6, 4)), (1, 3))","(((2, 4), (4, 2), (5, 2), (5, 3), (6, 4)), (1, 3))",12,5,17.0,12,,,pruned,,,2656
"(((2, 4), (4, 2), (5, 2), (5, 3), (6, 4)), (1, 3))","(((2, 4), (4, 2), (4, 3), (5, 2), (6, 4)), (1, 3))",11,4.0,15.0,11,6,2,expanded,False,True,2657
"(((1, 4), (3, 3), (4, 2), (5, 2), (6, 4)), (1, 3))","(((2, 4), (3, 3), (4, 2), (5, 2), (6, 4)), (3, 4))",12,5,17.0,12,,,pruned,,,2658
"(((2, 4), (3, 3), (4, 1), (5, 2), (6, 4)), (3, 4))","(((2, 4), (3, 3), (4, 2), (5, 2), (6, 4)), (3, 4))",12,5,17.0,12,,,pruned,,,2659
"(((2, 4), (3, 3), (4, 2), (5, 1), (6, 4)), (3, 4))","(((2, 4), (3, 3), (4, 2), (5, 2), (6, 4)), (3, 4))",12,5,17.0,12,,,pruned,,,2660
"(((2, 4), (3, 3), (4, 2), (5, 2), (6, 4)), (3, 4))","(((2, 4), (4, 2), (4, 3), (5, 2), (6, 4)), (1, 3))",11,4.0,15.0,11,6,3,expanded,False,True,2661
"(((3, 4), (4, 3), (4, 4), (6, 2), (6, 4)), (1, 3))","(((3, 4), (4, 3), (4, 4), (5, 2), (6, 4)), (1, 3))",12,4,16.0,12,,,pruned,,,2662
"(((3, 4), (4, 3), (4, 4), (5, 2), (6, 4)), (1, 3))","(((3, 3), (3, 4), (4, 4), (5, 2), (6, 4)), (1, 3))",11,4.0,15.0,11,3,1,expanded,False,True,2663
"(((3, 3), (3, 4), (4, 1), (4, 4), (6, 4)), (4, 2))","(((3, 3), (3, 4), (4, 2), (4, 4), (6, 4)), (1, 3))",12,5,17.0,12,,,pruned,,,2664
"(((3, 3), (3, 4), (4, 2), (4, 4), (6, 4)), (1, 3))","(((3, 3), (3, 4), (4, 4), (5, 2), (6, 4)), (1, 3))",11,4.0,15.0,11,6,1,expanded,False,True,2665
"(((1, 4), (4, 2), (4, 4), (6, 3), (6, 4)), (1, 3))","(((2, 4), (4, 2), (4, 4), (6, 3), (6, 4)), (1, 3))",12,5,17.0,12,,,pruned,,,2666
"(((2, 4), (4, 1), (4, 4), (6, 3), (6, 4)), (1, 3))","(((2, 4), (4, 2), (4, 4), (6, 3), (6, 4)), (1, 3))",12,5,17.0,12,,,pruned,,,2667
"(((2, 4), (4, 2), (4, 4), (6, 3), (6, 4)), (1, 3))","(((2, 4), (4, 2), (4, 4), (5, 3), (6, 4)), (1, 3))",11,4.0,15.0,11,6,2,expanded,False,True,2668
"(((1, 4), (4, 2), (4, 3), (4, 4), (6, 4)), (1, 3))","(((2, 4), (4, 2), (4, 3), (4, 4), (6, 4)), (1, 3))",12,5,17.0,12,,,pruned,,,2669
"(((2, 4), (4, 2), (4, 3), (4, 4), (6, 4)), (1, 3))","(((2, 4), (4, 2), (4, 4), (5, 3), (6, 4)), (1, 3))",11,4.0,15.0,11,8,1,expanded,False,True,2670
"(((1, 4), (4, 3), (4, 4), (6, 3), (6, 5)), (1, 3))","(((2, 4), (4, 3), (4, 4), (6, 3), (6, 5)), (1, 3))",12,5,17.0,12,,,pruned,,,2671
"(((2, 4), (4, 3), (4, 4), (6, 3), (6, 6)), (1, 3))","(((2, 4), (4, 3), (4, 4), (6, 3), (6, 5)), (1, 3))",12,5,17.0,12,,,pruned,,,2672
"(((2, 4), (4, 3), (4, 4), (6, 2), (6, 5)), (1, 3))","(((2, 4), (4, 3), (4, 4), (6, 3), (6, 5)), (1, 3))",12,5,17.0,12,,,pruned,,,2673
"(((2, 4), (4, 3), (4, 4), (6, 3), (6, 5)), (1, 3))","(((2, 4), (3, 3), (4, 4), (6, 3), (6, 5)), (1, 3))",11,4.0,15.0,11,10,3,expanded,False,True,2674
"(((4, 1), (4, 4), (5, 2), (5, 4), (6, 3)), (1, 3))","(((4, 2), (4, 4), (5, 2), (5, 4), (6, 3)), (1, 3))",12,5,17.0,12,,,pruned,,,2675
"(((4, 2), (4, 4), (5, 1), (5, 4), (6, 3)), (1, 3))","(((4, 2), (4, 4), (5, 2), (5, 4), (6, 3)), (1, 3))",12,5,17.0,12,,,pruned,,,2676
"(((4, 2), (4, 4), (5, 2), (5, 4), (6, 3)), (1, 3))","(((3, 4), (4, 2), (5, 2), (5, 4), (6, 3)), (1, 3))",11,4.0,15.0,11,5,2,expanded,False,True,2677
"(((3, 4), (4, 4), (5, 3), (6, 3), (6, 5)), (1, 3))","(((3, 4), (4, 3), (4, 4), (6, 3), (6, 5)), (1, 3))",11,4.0,15.0,11,2,0,expanded,False,True,2678
"(((2, 4), (4, 2), (5, 2), (5, 4), (6, 2)), (1, 3))","(((2, 4), (4, 2), (5, 2), (5, 4), (6, 3)), (5, 5))",12,5,17.0,12,,,pruned,,,2679
"(((2, 4), (4, 2), (5, 2), (5, 4), (6, 3)), (5, 5))","(((2, 4), (4, 2), (5, 2), (5, 5), (6, 3)), (1, 3))",11,4.0,15.0,11,3,1,expanded,False,True,2680
"(((1, 4), (4, 3), (5, 2), (5, 5), (6, 3)), (1, 3))","(((2, 4), (4, 3), (5, 2), (5, 5), (6, 3)), (1, 3))",12,5,17.0,12,,,pruned,,,2681
"(((2, 4), (4, 3), (5, 2), (5, 6), (6, 3)), (1, 3))","(((2, 4), (4, 3), (5, 2), (5, 5), (6, 3)), (1, 3))",12,5,17.0,12,,,pruned,,,2682
"(((2, 4), (4, 3), (5, 2), (5, 5), (6, 2)), (1, 3))","(((2, 4), (4, 3), (5, 2), (5, 5), (6, 3)), (1, 3))",12,5,17.0,12,,,pruned,,,2683
"(((2, 4), (4, 3), (5, 5), (6, 2), (6, 3)), (1, 3))","(((2, 4), (4, 3), (5, 2), (5, 5), (6, 3)), (1, 3))",12,4,16.0,12,,,pruned,,,2684
"(((2, 4), (4, 3), (5, 1), (5, 5), (6, 3)), (1, 3))","(((2, 4), (4, 3), (5, 2), (5, 5), (6, 3)), (1, 3))",12,5,17.0,12,,,pruned,,,2685
"(((2, 4), (4, 3), (5, 2), (5, 5), (6, 3)), (1, 3))","(((2, 4), (4, 2), (5, 2), (5, 5), (6, 3)), (1, 3))",11,4.0,15.0,11,12,5,expanded,False,True,2686
"(((1, 4), (4, 2), (5, 3), (5, 5), (6, 3)), (1, 3))","(((2, 4), (4, 2), (5, 3), (5, 5), (6, 3)), (1, 3))",12,5,17.0,12,,,pruned,,,2687
"(((2, 4), (4, 2), (5, 3), (5, 6), (6, 3)), (1, 3))","(((2, 4), (4, 2), (5, 3), (5, 5), (6, 3)), (1, 3))",12,5,17.0,12,,,pruned,,,2688
"(((2, 4), (4, 2), (5, 3), (5, 5), (6, 2)), (1, 3))","(((2, 4), (4, 2), (5, 3), (5, 5), (6, 3)), (1, 3))",12,5,17.0,12,,,pruned,,,2689
"(((2, 4), (4, 1), (5, 3), (5, 5), (6, 3)), (1, 3))","(((2, 4), (4, 2), (5, 3), (5, 5), (6, 3)), (1, 3))",12,5,17.0,12,,,pruned,,,2690
"(((2, 4), (4, 2), (5, 3), (5, 5), (6, 3)), (1, 3))","(((2, 4), (4, 2), (5, 2), (5, 5), (6, 3)), (1, 3))",11,4.0,15.0,11,10,4,expanded,False,True,2691
"(((4, 3), (4, 4), (5, 3), (5, 4), (6, 4)), (1, 3))","(((4, 3), (4, 4), (5, 3), (5, 4), (6, 3)), (1, 3))",12,3.0,15.0,12,1,0,expanded,False,True,2692
"(((3, 4), (4, 3), (5, 4), (6, 3), (6, 4)), (1, 3))","(((3, 4), (4, 3), (5, 3), (6, 3), (6, 4)), (1, 3))",12,3.0,15.0,12,5,0,expanded,False,True,2693
"(((3, 4), (4, 2), (4, 3), (5, 4), (6, 3)), (1, 3))","(((3, 4), (4, 2), (4, 3), (5, 3), (6, 3)), (1, 3))",12,3.0,15.0,12,5,0,expanded,False,True,2694
"(((1, 4), (3, 3), (5, 4), (6, 3), (6, 4)), (1, 3))","(((2, 4), (3, 3), (5, 4), (6, 3), (6, 4)), (1, 3))",13,4,17.0,13,,,pruned,,,2695
"(((2, 4), (3, 3), (5, 4), (6, 3), (6, 4)), (1, 3))","(((2, 4), (3, 3), (5, 3), (6, 3), (6, 4)), (1, 3))",12,3.0,15.0,12,5,1,expanded,False,True,2696
"(((1, 4), (5, 3), (5, 4), (6, 3), (6, 4)), (1, 3))","(((2, 4), (5, 3), (5, 4), (6, 3), (6, 4)), (1, 3))",13,4,17.0,13,,,pruned,,,2697
"(((2, 4), (5, 3), (5, 4), (6, 3), (6, 4)), (1, 3))","(((2, 4), (4, 4), (5, 3), (6, 3), (6, 4)), (1, 3))",12,3.0,15.0,12,2,1,expanded,False,True,2698
"(((3, 4), (4, 1), (5, 3), (6, 3), (6, 4)), (1, 3))","(((3, 4), (4, 2), (5, 3), (6, 3), (6, 4)), (1, 3))",13,4,17.0,13,,,pruned,,,2699
"(((3, 4), (4, 2), (5, 3), (6, 3), (6, 4)), (1, 3))","(((2, 4), (4, 2), (5, 3), (6, 3), (6, 4)), (1, 3))",12,3.0,15.0,12,6,1,expanded,False,True,2700
"(((1, 4), (3, 3), (4, 2), (5, 4), (6, 3)), (1, 3))","(((2, 4), (3, 3), (4, 2), (5, 4), (6, 3)), (1, 3))",13,4,17.0,13,,,pruned,,,2701
"(((2, 4), (3, 3), (4, 1), (5, 4), (6, 3)), (3, 4))","(((2, 4), (3, 3), (4, 2), (5, 4), (6, 3)), (1, 3))",13,4,17.0,13,,,pruned,,,2702
"(((2, 4), (3, 3), (4, 2), (5, 4), (6, 3)), (1, 3))","(((2, 4), (4, 2), (4, 3), (5, 4), (6, 3)), (1, 3))",12,3.0,15.0,12,9,2,expanded,False,True,2703
"(((1, 4), (4, 2), (4, 3), (6, 3), (6, 4)), (1, 3))","(((2, 4), (4, 2), (4, 3), (6, 3), (6, 4)), (1, 3))",13,4,17.0,13,,,pruned,,,2704
"(((2, 4), (4, 2), (4, 3), (6, 3), (6, 4)), (1, 3))","(((2, 4), (4, 2), (4, 3), (5, 4), (6, 3)), (1, 3))",12,3.0,15.0,12,4,1,expanded,False,True,2705
"(((3, 4), (4, 2), (4, 3), (5, 2), (6, 3)), (1, 3))","(((2, 4), (4, 2), (4, 3), (5, 2), (6, 3)), (1, 3))",12,3.0,15.0,12,3,0,expanded,False,True,2706
"(((1, 4), (4, 2), (5, 2), (5, 3), (6, 3)), (1, 3))","(((2, 4), (4, 2), (5, 2), (5, 3), (6, 3)), (1, 3))",13,4,17.0,13,,,pruned,,,2707
"(((2, 4), (4, 2), (5, 2), (5, 3), (6, 2)), (1, 3))","(((2, 4), (4, 2), (5, 2), (5, 3), (6, 3)), (1, 3))",13,4,17.0,13,,,pruned,,,2708
"(((2, 4), (4, 1), (5, 2), (5, 3), (6, 3)), (1, 3))","(((2, 4), (4, 2), (5, 2), (5, 3), (6, 3)), (1, 3))",13,4,17.0,13,,,pruned,,,2709
"(((2, 4), (4, 2), (5, 2), (5, 3), (6, 3)), (1, 3))","(((2, 4), (4, 2), (4, 3), (5, 2), (6, 3)), (1, 3))",12,3.0,15.0,12,5,3,expanded,False,True,2710
"(((1, 4), (3, 3), (4, 2), (5, 2), (6, 3)), (1, 3))","(((2, 4), (3, 3), (4, 2), (5, 2), (6, 3)), (3, 4))",13,4,17.0,13,,,pruned,,,2711
"(((2, 4), (3, 3), (4, 2), (5, 2), (6, 2)), (3, 4))","(((2, 4), (3, 3), (4, 2), (5, 2), (6, 3)), (3, 4))",13,4,17.0,13,,,pruned,,,2712
"(((2, 4), (3, 3), (4, 1), (5, 2), (6, 3)), (3, 4))","(((2, 4), (3, 3), (4, 2), (5, 2), (6, 3)), (3, 4))",13,4,17.0,13,,,pruned,,,2713
"(((2, 4), (3, 3), (4, 2), (5, 1), (6, 3)), (3, 4))","(((2, 4), (3, 3), (4, 2), (5, 2), (6, 3)), (3, 4))",13,4,17.0,13,,,pruned,,,2714
"(((2, 4), (3, 3), (4, 2), (5, 2), (6, 3)), (3, 4))","(((2, 4), (4, 2), (4, 3), (5, 2), (6, 3)), (1, 3))",12,3.0,15.0,12,5,4,expanded,False,True,2715
"(((4, 1), (4, 4), (5, 3), (5, 4), (6, 3)), (1, 3))","(((4, 2), (4, 4), (5, 3), (5, 4), (6, 3)), (1, 3))",13,4,17.0,13,,,pruned,,,2716
"(((4, 2), (4, 4), (5, 3), (5, 4), (6, 3)), (1, 3))","(((3, 4), (4, 2), (5, 3), (5, 4), (6, 3)), (1, 3))",12,3.0,15.0,12,3,1,expanded,False,True,2717
"(((1, 4), (2, 3), (3, 3), (5, 4), (6, 4)), (2, 1))","(((2, 3), (2, 4), (3, 3), (5, 4), (6, 4)), (2, 1))",13,4,17.0,13,,,pruned,,,2718
"(((2, 3), (2, 4), (3, 3), (5, 4), (6, 4)), (2, 1))","(((2, 3), (2, 4), (4, 3), (5, 4), (6, 4)), (2, 1))",12,3.0,15.0,12,3,1,expanded,False,True,2719
"(((4, 4), (5, 3), (6, 2), (6, 3), (6, 4)), (1, 3))","(((4, 4), (5, 2), (5, 3), (6, 3), (6, 4)), (1, 3))",13,3,16.0,13,,,pruned,,,2720
"(((4, 4), (5, 2), (5, 3), (6, 3), (6, 4)), (1, 3))","(((3, 4), (5, 2), (5, 3), (6, 3), (6, 4)), (1, 3))",12,3.0,15.0,12,2,1,expanded,False,True,2721
"(((4, 3), (5, 4), (6, 2), (6, 3), (6, 4)), (1, 3))","(((4, 3), (5, 2), (5, 4), (6, 3), (6, 4)), (1, 3))",13,3,16.0,13,,,pruned,,,2722
"(((4, 3), (5, 2), (5, 4), (6, 3), (6, 4)), (1, 3))","(((4, 3), (4, 4), (5, 2), (6, 3), (6, 4)), (1, 3))",12,3.0,15.0,12,5,1,expanded,False,True,2723
"(((1, 3), (3, 4), (5, 2), (6, 3), (6, 4)), (1, 4))","(((2, 3), (3, 4), (5, 2), (6, 3), (6, 4)), (2, 1))",13,4,17.0,13,,,pruned,,,2724
"(((2, 3), (3, 4), (6, 2), (6, 3), (6, 4)), (2, 1))","(((2, 3), (3, 4), (5, 2), (6, 3), (6, 4)), (2, 1))",13,3,16.0,13,,,pruned,,,2725
"(((2, 3), (3, 4), (5, 1), (6, 3), (6, 4)), (2, 1))","(((2, 3), (3, 4), (5, 2), (6, 3), (6, 4)), (2, 1))",13,4,17.0,13,,,pruned,,,2726
"(((2, 3), (3, 4), (5, 2), (6, 3), (6, 4)), (2, 1))","(((3, 3), (3, 4), (5, 2), (6, 3), (6, 4)), (1, 3))",12,3.0,15.0,12,6,3,expanded,False,True,2727
"(((3, 3), (4, 4), (6, 2), (6, 3), (6, 4)), (1, 3))","(((3, 3), (4, 4), (5, 2), (6, 3), (6, 4)), (1, 3))",13,3,16.0,13,,,pruned,,,2728
"(((3, 3), (4, 4), (5, 1), (6, 3), (6, 4)), (1, 3))","(((3, 3), (4, 4), (5, 2), (6, 3), (6, 4)), (1, 3))",13,4,17.0,13,,,pruned,,,2729
"(((3, 3), (4, 4), (5, 2), (6, 3), (6, 4)), (1, 3))","(((3, 3), (3, 4), (5, 2), (6, 3), (6, 4)), (1, 3))",12,3.0,15.0,12,7,2,expanded,False,True,2730
"(((4, 2), (4, 3), (5, 3), (5, 4), (6, 4)), (1, 3))","(((4, 2), (4, 3), (4, 4), (5, 3), (6, 4)), (1, 3))",12,3.0,15.0,12,1,0,expanded,False,True,2731
"(((1, 4), (2, 3), (3, 3), (4, 2), (5, 2)), (2, 4))","(((2, 3), (2, 4), (3, 3), (4, 2), (5, 2)), (3, 4))",13,4,17.0,13,,,pruned,,,2732
"(((2, 3), (2, 4), (3, 3), (4, 1), (5, 2)), (3, 4))","(((2, 3), (2, 4), (3, 3), (4, 2), (5, 2)), (3, 4))",13,4,17.0,13,,,pruned,,,2733
"(((2, 3), (2, 4), (3, 3), (4, 2), (5, 1)), (3, 4))","(((2, 3), (2, 4), (3, 3), (4, 2), (5, 2)), (3, 4))",13,4,17.0,13,,,pruned,,,2734
"(((2, 3), (2, 4), (3, 3), (4, 2), (5, 2)), (3, 4))","(((2, 3), (2, 4), (4, 2), (4, 3), (5, 2)), (3, 3))",12,3.0,15.0,12,3,3,expanded,True,True,2735
"(((3, 4), (4, 2), (4, 3), (5, 3), (6, 4)), (4, 4))","(((3, 4), (4, 2), (4, 3), (5, 3), (6, 5)), (1, 3))",12,3.0,15.0,12,3,0,expanded,False,True,2736
"(((2, 4), (3, 3), (4, 3), (5, 4), (6, 4)), (1, 3))","(((2, 4), (3, 3), (4, 2), (5, 4), (6, 4)), (1, 3))",12,3.0,15.0,12,4,0,expanded,False,True,2737
"(((1, 4), (4, 3), (5, 2), (5, 3), (6, 4)), (1, 3))","(((2, 4), (4, 3), (5, 2), (5, 3), (6, 4)), (1, 3))",13,4,17.0,13,,,pruned,,,2738
"(((2, 4), (4, 3), (5, 3), (6, 2), (6, 4)), (1, 3))","(((2, 4), (4, 3), (5, 2), (5, 3), (6, 4)), (1, 3))",13,3,16.0,13,,,pruned,,,2739
"(((2, 4), (4, 3), (5, 2), (5, 3), (6, 4)), (1, 3))","(((2, 4), (4, 2), (5, 2), (5, 3), (6, 4)), (1, 3))",12,3.0,15.0,12,6,2,expanded,False,True,2740
"(((3, 3), (3, 4), (4, 2), (4, 4), (6, 2)), (1, 3))","(((3, 3), (3, 4), (4, 2), (4, 4), (6, 3)), (1, 3))",13,4,17.0,13,,,pruned,,,2741
"(((3, 3), (3, 4), (4, 1), (4, 4), (6, 3)), (4, 2))","(((3, 3), (3, 4), (4, 2), (4, 4), (6, 3)), (1, 3))",13,4,17.0,13,,,pruned,,,2742
"(((3, 3), (3, 4), (4, 2), (4, 4), (6, 3)), (1, 3))","(((3, 3), (3, 4), (4, 2), (4, 4), (6, 4)), (1, 3))",12,3.0,15.0,12,6,2,expanded,False,True,2743
"(((1, 4), (4, 2), (4, 3), (4, 4), (6, 3)), (1, 3))","(((2, 4), (4, 2), (4, 3), (4, 4), (6, 3)), (1, 3))",13,4,17.0,13,,,pruned,,,2744
"(((2, 4), (4, 2), (4, 3), (4, 4), (6, 2)), (1, 3))","(((2, 4), (4, 2), (4, 3), (4, 4), (6, 3)), (1, 3))",13,4,17.0,13,,,pruned,,,2745
"(((2, 4), (4, 2), (4, 3), (4, 4), (6, 3)), (1, 3))","(((2, 4), (4, 2), (4, 3), (4, 4), (6, 4)), (1, 3))",12,3.0,15.0,12,8,2,expanded,False,True,2746
"(((2, 4), (4, 3), (5, 2), (5, 4), (6, 2)), (5, 3))","(((2, 4), (4, 3), (5, 2), (5, 4), (6, 3)), (5, 5))",13,4,17.0,13,,,pruned,,,2747
"(((2, 4), (4, 3), (5, 2), (5, 4), (6, 3)), (5, 5))","(((2, 4), (4, 3), (5, 2), (5, 5), (6, 3)), (1, 3))",12,3.0,15.0,12,3,1,expanded,False,True,2748
"(((1, 4), (4, 3), (5, 3), (5, 5), (6, 3)), (1, 3))","(((2, 4), (4, 3), (5, 3), (5, 5), (6, 3)), (1, 3))",13,4,17.0,13,,,pruned,,,2749
"(((2, 4), (4, 3), (5, 3), (5, 6), (6, 3)), (1, 3))","(((2, 4), (4, 3), (5, 3), (5, 5), (6, 3)), (1, 3))",13,4,17.0,13,,,pruned,,,2750
"(((2, 4), (4, 3), (5, 3), (5, 5), (6, 2)), (1, 3))","(((2, 4), (4, 3), (5, 3), (5, 5), (6, 3)), (1, 3))",13,4,17.0,13,,,pruned,,,2751
"(((2, 4), (4, 3), (5, 3), (5, 5), (6, 3)), (1, 3))","(((2, 4), (4, 3), (5, 2), (5, 5), (6, 3)), (1, 3))",12,3.0,15.0,12,10,3,expanded,False,True,2752
"(((2, 4), (4, 2), (5, 3), (5, 4), (6, 2)), (5, 5))","(((2, 4), (4, 2), (5, 3), (5, 4), (6, 3)), (5, 5))",13,4,17.0,13,,,pruned,,,2753
"(((2, 4), (4, 2), (5, 3), (5, 4), (6, 3)), (5, 5))","(((2, 4), (4, 2), (5, 3), (5, 5), (6, 3)), (1, 3))",12,3.0,15.0,12,2,1,expanded,False,True,2754
"(((4, 3), (5, 3), (5, 4), (6, 3), (6, 4)), (1, 3))","(((4, 3), (4, 4), (5, 3), (6, 3), (6, 4)), (1, 3))",13,2.0,15.0,13,2,0,expanded,False,True,2755
"(((4, 2), (4, 3), (5, 3), (5, 4), (6, 3)), (1, 3))","(((4, 2), (4, 3), (4, 4), (5, 3), (6, 3)), (1, 3))",13,2.0,15.0,13,2,0,expanded,False,True,2756
"(((1, 3), (3, 4), (5, 3), (6, 3), (6, 4)), (1, 4))","(((2, 3), (3, 4), (5, 3), (6, 3), (6, 4)), (2, 1))",14,3,17.0,14,,,pruned,,,2757
"(((2, 3), (3, 4), (5, 3), (6, 3), (6, 4)), (2, 1))","(((3, 3), (3, 4), (5, 3), (6, 3), (6, 4)), (1, 3))",13,2.0,15.0,13,5,1,expanded,False,True,2758
"(((3, 3), (4, 4), (5, 3), (6, 3), (6, 4)), (1, 3))","(((3, 3), (3, 4), (5, 3), (6, 3), (6, 4)), (1, 3))",13,2.0,15.0,13,4,0,expanded,False,True,2759
"(((2, 4), (3, 3), (4, 3), (5, 4), (6, 3)), (1, 3))","(((2, 4), (3, 3), (4, 2), (5, 4), (6, 3)), (1, 3))",13,2.0,15.0,13,4,0,expanded,False,True,2760
"(((1, 4), (4, 3), (5, 2), (5, 3), (6, 3)), (1, 3))","(((2, 4), (4, 3), (5, 2), (5, 3), (6, 3)), (1, 3))",14,3,17.0,14,,,pruned,,,2761
"(((2, 4), (4, 3), (5, 2), (5, 3), (6, 2)), (1, 3))","(((2, 4), (4, 3), (5, 2), (5, 3), (6, 3)), (1, 3))",14,3,17.0,14,,,pruned,,,2762
"(((2, 4), (4, 3), (5, 3), (6, 2), (6, 3)), (1, 3))","(((2, 4), (4, 3), (5, 2), (5, 3), (6, 3)), (1, 3))",14,2,16.0,14,,,pruned,,,2763
"(((2, 4), (4, 3), (5, 2), (5, 3), (6, 3)), (1, 3))","(((2, 4), (4, 2), (5, 2), (5, 3), (6, 3)), (1, 3))",13,2.0,15.0,13,6,3,expanded,False,True,2764
"(((3, 4), (4, 2), (4, 3), (5, 3), (6, 2)), (4, 4))","(((3, 4), (4, 2), (4, 3), (5, 3), (6, 3)), (4, 4))",14,3,17.0,14,,,pruned,,,2765
"(((3, 4), (4, 2), (4, 3), (5, 3), (6, 3)), (4, 4))","(((3, 4), (4, 2), (4, 3), (5, 3), (6, 4)), (4, 4))",13,2.0,15.0,13,3,1,expanded,False,True,2766
"(((2, 4), (4, 3), (5, 3), (5, 4), (6, 2)), (5, 5))","(((2, 4), (4, 3), (5, 3), (5, 4), (6, 3)), (5, 5))",14,3,17.0,14,,,pruned,,,2767
"(((2, 4), (4, 3), (5, 3), (5, 4), (6, 3)), (5, 5))","(((2, 4), (4, 3), (5, 3), (5, 5), (6, 3)), (1, 3))",13,2.0,15.0,13,2,1,expanded,False,True,2768
"(((2, 2), (4, 2), (5, 6), (6, 4), (6, 5)), (1, 3))","(((2, 2), (4, 2), (5, 5), (6, 4), (6, 5)), (1, 3))",10,8,18.0,10,,,pruned,,,2769
"(((2, 1), (4, 2), (5, 5), (6, 4), (6, 5)), (1, 3))","(((2, 2), (4, 2), (5, 5), (6, 4), (6, 5)), (1, 3))",10,8,18.0,10,,,pruned,,,2770
"(((2, 2), (4, 1), (5, 5), (6, 4), (6, 5)), (1, 3))","(((2, 2), (4, 2), (5, 5), (6, 4), (6, 5)), (1, 3))",10,8,18.0,10,,,pruned,,,2771
"(((2, 2), (4, 2), (5, 5), (6, 4), (6, 5)), (1, 3))","(((2, 2), (4, 3), (5, 5), (6, 4), (6, 5)), (1, 3))",9,7.0,16.0,9,5,3,expanded,False,True,2772
"(((1, 4), (2, 2), (4, 4), (5, 5), (6, 5)), (1, 3))","(((2, 2), (2, 4), (4, 4), (5, 5), (6, 5)), (1, 3))",10,8,18.0,10,,,pruned,,,2773
"(((2, 2), (2, 4), (4, 4), (5, 6), (6, 5)), (1, 3))","(((2, 2), (2, 4), (4, 4), (5, 5), (6, 5)), (1, 3))",10,8,18.0,10,,,pruned,,,2774
"(((2, 2), (2, 4), (4, 4), (5, 5), (6, 6)), (1, 3))","(((2, 2), (2, 4), (4, 4), (5, 5), (6, 5)), (1, 3))",10,8,18.0,10,,,pruned,,,2775
"(((2, 1), (2, 4), (4, 4), (5, 5), (6, 5)), (1, 3))","(((2, 2), (2, 4), (4, 4), (5, 5), (6, 5)), (1, 3))",10,8,18.0,10,,,pruned,,,2776
"(((2, 2), (2, 4), (4, 4), (5, 5), (6, 5)), (1, 3))","(((2, 2), (2, 4), (4, 4), (5, 5), (6, 4)), (1, 3))",9,7.0,16.0,9,8,4,expanded,False,True,2777
"(((1, 4), (2, 2), (4, 2), (5, 5), (6, 5)), (1, 3))","(((2, 2), (2, 4), (4, 2), (5, 5), (6, 5)), (1, 3))",10,8,18.0,10,,,pruned,,,2778
"(((2, 2), (2, 4), (4, 2), (5, 6), (6, 5)), (1, 3))","(((2, 2), (2, 4), (4, 2), (5, 5), (6, 5)), (1, 3))",10,8,18.0,10,,,pruned,,,2779
"(((2, 2), (2, 4), (4, 2), (5, 5), (6, 6)), (1, 3))","(((2, 2), (2, 4), (4, 2), (5, 5), (6, 5)), (1, 3))",10,8,18.0,10,,,pruned,,,2780
"(((2, 1), (2, 4), (4, 2), (5, 5), (6, 5)), (1, 3))","(((2, 2), (2, 4), (4, 2), (5, 5), (6, 5)), (1, 3))",10,8,18.0,10,,,pruned,,,2781
"(((2, 2), (2, 4), (4, 1), (5, 5), (6, 5)), (1, 3))","(((2, 2), (2, 4), (4, 2), (5, 5), (6, 5)), (1, 3))",10,8,18.0,10,,,pruned,,,2782
"(((2, 2), (2, 4), (4, 2), (5, 5), (6, 5)), (1, 3))","(((2, 2), (2, 4), (4, 2), (5, 5), (6, 4)), (1, 3))",9,7.0,16.0,9,8,5,expanded,False,True,2783
"(((1, 4), (2, 2), (5, 5), (6, 4), (6, 5)), (1, 3))","(((2, 2), (2, 4), (5, 5), (6, 4), (6, 5)), (1, 3))",10,8,18.0,10,,,pruned,,,2784
"(((2, 2), (2, 4), (5, 6), (6, 4), (6, 5)), (1, 3))","(((2, 2), (2, 4), (5, 5), (6, 4), (6, 5)), (1, 3))",10,8,18.0,10,,,pruned,,,2785
"(((2, 1), (2, 4), (5, 5), (6, 4), (6, 5)), (1, 3))","(((2, 2), (2, 4), (5, 5), (6, 4), (6, 5)), (1, 3))",10,8,18.0,10,,,pruned,,,2786
"(((2, 2), (2, 4), (5, 5), (6, 4), (6, 5)), (1, 3))","(((2, 2), (2, 4), (5, 5), (6, 3), (6, 5)), (1, 3))",9,7.0,16.0,9,5,3,expanded,False,True,2787
"(((5, 4), (5, 5), (6, 2), (6, 4), (6, 5)), (1, 3))","(((5, 2), (5, 4), (5, 5), (6, 4), (6, 5)), (1, 3))",10,7,17.0,10,,,pruned,,,2788
"(((5, 1), (5, 4), (5, 5), (6, 4), (6, 5)), (1, 3))","(((5, 2), (5, 4), (5, 5), (6, 4), (6, 5)), (1, 3))",10,8,18.0,10,,,pruned,,,2789
"(((5, 2), (5, 4), (5, 5), (6, 4), (6, 5)), (1, 3))","(((4, 4), (5, 2), (5, 5), (6, 4), (6, 5)), (1, 3))",9,7.0,16.0,9,4,2,expanded,False,True,2790
"(((2, 4), (3, 4), (4, 2), (4, 4), (6, 6)), (1, 3))","(((2, 4), (3, 4), (4, 2), (4, 4), (6, 5)), (1, 3))",11,7,18.0,11,,,pruned,,,2791
"(((2, 4), (3, 4), (4, 1), (4, 4), (6, 5)), (1, 3))","(((2, 4), (3, 4), (4, 2), (4, 4), (6, 5)), (1, 3))",11,7,18.0,11,,,pruned,,,2792
"(((2, 4), (3, 4), (4, 2), (4, 4), (6, 5)), (1, 3))","(((2, 4), (3, 4), (4, 2), (4, 4), (6, 4)), (1, 3))",10,6.0,16.0,10,4,2,expanded,False,True,2793
"(((2, 4), (3, 4), (4, 4), (6, 4), (6, 5)), (1, 3))","(((2, 4), (3, 4), (4, 4), (6, 3), (6, 5)), (1, 3))",10,6.0,16.0,10,0,0,expanded,False,True,2794
"(((2, 4), (3, 4), (4, 1), (6, 4), (6, 5)), (1, 3))","(((2, 4), (3, 4), (4, 2), (6, 4), (6, 5)), (1, 3))",11,7,18.0,11,,,pruned,,,2795
"(((2, 4), (3, 4), (4, 2), (6, 4), (6, 5)), (1, 3))","(((2, 4), (3, 4), (4, 2), (6, 3), (6, 5)), (1, 3))",10,6.0,16.0,10,2,1,expanded,False,True,2796
"(((1, 4), (4, 4), (5, 4), (6, 4), (6, 5)), (1, 3))","(((2, 4), (4, 4), (5, 4), (6, 4), (6, 5)), (1, 3))",11,7,18.0,11,,,pruned,,,2797
"(((2, 4), (4, 4), (5, 4), (6, 4), (6, 5)), (1, 3))","(((2, 4), (4, 4), (5, 4), (6, 3), (6, 5)), (1, 3))",10,6.0,16.0,10,3,1,expanded,False,True,2798
"(((1, 3), (2, 2), (2, 4), (5, 5), (6, 5)), (2, 1))","(((2, 2), (2, 3), (2, 4), (5, 5), (6, 5)), (2, 1))",11,7,18.0,11,,,pruned,,,2799
"(((1, 4), (2, 2), (2, 3), (5, 5), (6, 5)), (2, 1))","(((2, 2), (2, 3), (2, 4), (5, 5), (6, 5)), (2, 1))",11,7,18.0,11,,,pruned,,,2800
"(((2, 2), (2, 3), (2, 4), (5, 6), (6, 5)), (2, 1))","(((2, 2), (2, 3), (2, 4), (5, 5), (6, 5)), (2, 1))",11,7,18.0,11,,,pruned,,,2801
"(((2, 2), (2, 3), (2, 4), (5, 5), (6, 6)), (2, 1))","(((2, 2), (2, 3), (2, 4), (5, 5), (6, 5)), (2, 1))",11,7,18.0,11,,,pruned,,,2802
"(((2, 2), (2, 3), (2, 4), (5, 5), (6, 5)), (2, 1))","(((2, 2), (2, 3), (2, 4), (5, 5), (6, 4)), (2, 1))",10,6.0,16.0,10,4,4,expanded,True,True,2803
"(((1, 3), (2, 2), (5, 5), (6, 4), (6, 5)), (1, 4))","(((2, 2), (2, 3), (5, 5), (6, 4), (6, 5)), (1, 3))",11,7,18.0,11,,,pruned,,,2804
"(((2, 2), (2, 3), (5, 6), (6, 4), (6, 5)), (1, 3))","(((2, 2), (2, 3), (5, 5), (6, 4), (6, 5)), (1, 3))",11,7,18.0,11,,,pruned,,,2805
"(((2, 2), (2, 3), (5, 5), (6, 4), (6, 5)), (1, 3))","(((2, 2), (2, 3), (5, 4), (5, 5), (6, 5)), (1, 3))",10,6.0,16.0,10,3,2,expanded,False,True,2806
"(((2, 1), (4, 3), (4, 4), (5, 5), (6, 5)), (1, 3))","(((2, 2), (4, 3), (4, 4), (5, 5), (6, 5)), (1, 3))",11,7,18.0,11,,,pruned,,,2807
"(((2, 2), (4, 3), (4, 4), (5, 5), (6, 5)), (1, 3))","(((2, 2), (3, 4), (4, 3), (5, 5), (6, 5)), (1, 3))",10,6.0,16.0,10,3,1,expanded,False,True,2808
"(((2, 4), (4, 3), (4, 4), (5, 2), (6, 6)), (5, 3))","(((2, 4), (4, 3), (4, 4), (5, 2), (6, 5)), (5, 3))",12,6,18.0,12,,,pruned,,,2809
"(((2, 4), (4, 3), (4, 4), (5, 1), (6, 5)), (1, 3))","(((2, 4), (4, 3), (4, 4), (5, 2), (6, 5)), (5, 3))",12,6,18.0,12,,,pruned,,,2810
"(((2, 4), (4, 3), (4, 4), (5, 2), (6, 5)), (5, 3))","(((2, 4), (4, 3), (4, 4), (5, 3), (6, 5)), (1, 3))",11,5.0,16.0,11,6,2,expanded,False,True,2811
"(((1, 3), (2, 4), (4, 4), (5, 2), (6, 5)), (2, 1))","(((2, 3), (2, 4), (4, 4), (5, 2), (6, 5)), (2, 1))",12,6,18.0,12,,,pruned,,,2812
"(((1, 4), (2, 3), (4, 4), (5, 2), (6, 5)), (2, 1))","(((2, 3), (2, 4), (4, 4), (5, 2), (6, 5)), (2, 1))",12,6,18.0,12,,,pruned,,,2813
"(((2, 3), (2, 4), (4, 4), (5, 2), (6, 6)), (2, 1))","(((2, 3), (2, 4), (4, 4), (5, 2), (6, 5)), (2, 1))",12,6,18.0,12,,,pruned,,,2814
"(((2, 3), (2, 4), (4, 4), (6, 2), (6, 5)), (2, 1))","(((2, 3), (2, 4), (4, 4), (5, 2), (6, 5)), (2, 1))",12,5,17.0,12,,,pruned,,,2815
"(((2, 3), (2, 4), (4, 4), (5, 1), (6, 5)), (2, 1))","(((2, 3), (2, 4), (4, 4), (5, 2), (6, 5)), (2, 1))",12,6,18.0,12,,,pruned,,,2816
"(((2, 3), (2, 4), (4, 4), (5, 2), (6, 5)), (2, 1))","(((2, 3), (2, 4), (4, 4), (5, 3), (6, 5)), (2, 1))",11,5.0,16.0,11,10,5,expanded,False,True,2817
"(((1, 4), (4, 2), (4, 3), (5, 4), (6, 5)), (1, 3))","(((2, 4), (4, 2), (4, 3), (5, 4), (6, 5)), (1, 3))",12,6,18.0,12,,,pruned,,,2818
"(((2, 4), (4, 2), (4, 3), (5, 4), (6, 6)), (1, 3))","(((2, 4), (4, 2), (4, 3), (5, 4), (6, 5)), (1, 3))",12,6,18.0,12,,,pruned,,,2819
"(((2, 4), (4, 2), (4, 3), (5, 4), (6, 5)), (1, 3))","(((2, 4), (4, 2), (4, 3), (5, 4), (6, 4)), (1, 3))",11,5.0,16.0,11,8,2,expanded,False,True,2820
"(((1, 4), (4, 2), (4, 3), (5, 2), (6, 5)), (1, 3))","(((2, 4), (4, 2), (4, 3), (5, 2), (6, 5)), (1, 3))",12,6,18.0,12,,,pruned,,,2821
"(((2, 4), (4, 2), (4, 3), (5, 2), (6, 6)), (1, 3))","(((2, 4), (4, 2), (4, 3), (5, 2), (6, 5)), (1, 3))",12,6,18.0,12,,,pruned,,,2822
"(((2, 4), (4, 2), (4, 3), (5, 1), (6, 5)), (1, 3))","(((2, 4), (4, 2), (4, 3), (5, 2), (6, 5)), (1, 3))",12,6,18.0,12,,,pruned,,,2823
"(((2, 4), (4, 2), (4, 3), (5, 2), (6, 5)), (1, 3))","(((2, 4), (4, 2), (4, 3), (5, 2), (6, 4)), (1, 3))",11,5.0,16.0,11,8,3,expanded,False,True,2824
"(((1, 4), (4, 2), (4, 4), (5, 3), (6, 5)), (1, 3))","(((2, 4), (4, 2), (4, 4), (5, 3), (6, 5)), (1, 3))",12,6,18.0,12,,,pruned,,,2825
"(((2, 4), (4, 2), (4, 4), (5, 3), (6, 6)), (1, 3))","(((2, 4), (4, 2), (4, 4), (5, 3), (6, 5)), (1, 3))",12,6,18.0,12,,,pruned,,,2826
"(((2, 4), (4, 1), (4, 4), (5, 3), (6, 5)), (1, 3))","(((2, 4), (4, 2), (4, 4), (5, 3), (6, 5)), (1, 3))",12,6,18.0,12,,,pruned,,,2827
"(((2, 4), (4, 2), (4, 4), (5, 3), (6, 5)), (1, 3))","(((2, 4), (4, 2), (4, 4), (5, 3), (6, 4)), (1, 3))",11,5.0,16.0,11,12,3,expanded,False,True,2828
"(((1, 3), (3, 4), (4, 4), (6, 4), (6, 5)), (1, 4))","(((2, 3), (3, 4), (4, 4), (6, 4), (6, 5)), (2, 1))",12,6,18.0,12,,,pruned,,,2829
"(((2, 3), (3, 4), (4, 4), (6, 4), (6, 5)), (2, 1))","(((2, 3), (3, 4), (4, 4), (6, 3), (6, 5)), (2, 1))",11,5.0,16.0,11,2,1,expanded,False,True,2830
"(((2, 4), (3, 3), (4, 4), (6, 4), (6, 5)), (1, 3))","(((2, 4), (3, 3), (4, 4), (6, 3), (6, 5)), (1, 3))",11,5.0,16.0,11,4,0,expanded,False,True,2831
"(((3, 4), (4, 2), (5, 2), (5, 6), (6, 3)), (1, 3))","(((3, 4), (4, 2), (5, 2), (5, 5), (6, 3)), (1, 3))",12,6,18.0,12,,,pruned,,,2832
"(((3, 4), (4, 2), (5, 2), (5, 5), (6, 2)), (1, 3))","(((3, 4), (4, 2), (5, 2), (5, 5), (6, 3)), (1, 3))",12,6,18.0,12,,,pruned,,,2833
"(((3, 4), (4, 1), (5, 2), (5, 5), (6, 3)), (1, 3))","(((3, 4), (4, 2), (5, 2), (5, 5), (6, 3)), (1, 3))",12,6,18.0,12,,,pruned,,,2834
"(((3, 4), (4, 2), (5, 1), (5, 5), (6, 3)), (1, 3))","(((3, 4), (4, 2), (5, 2), (5, 5), (6, 3)), (1, 3))",12,6,18.0,12,,,pruned,,,2835
"(((3, 4), (4, 2), (5, 2), (5, 5), (6, 3)), (1, 3))","(((3, 4), (4, 2), (5, 2), (5, 4), (6, 3)), (1, 3))",11,5.0,16.0,11,9,4,expanded,False,True,2836
"(((3, 4), (4, 3), (4, 4), (6, 4), (6, 5)), (1, 3))","(((3, 4), (4, 3), (4, 4), (6, 3), (6, 5)), (1, 3))",11,5.0,16.0,11,2,0,expanded,False,True,2837
"(((1, 3), (2, 4), (4, 2), (5, 2), (6, 5)), (2, 1))","(((2, 3), (2, 4), (4, 2), (5, 2), (6, 5)), (3, 3))",12,6,18.0,12,,,pruned,,,2838
"(((1, 4), (2, 3), (4, 2), (5, 2), (6, 5)), (2, 4))","(((2, 3), (2, 4), (4, 2), (5, 2), (6, 5)), (3, 3))",12,6,18.0,12,,,pruned,,,2839
"(((2, 3), (2, 4), (4, 2), (5, 2), (6, 6)), (3, 3))","(((2, 3), (2, 4), (4, 2), (5, 2), (6, 5)), (3, 3))",12,6,18.0,12,,,pruned,,,2840
"(((2, 3), (2, 4), (4, 1), (5, 2), (6, 5)), (3, 3))","(((2, 3), (2, 4), (4, 2), (5, 2), (6, 5)), (3, 3))",12,6,18.0,12,,,pruned,,,2841
"(((2, 3), (2, 4), (4, 2), (5, 1), (6, 5)), (3, 3))","(((2, 3), (2, 4), (4, 2), (5, 2), (6, 5)), (3, 3))",12,6,18.0,12,,,pruned,,,2842
"(((2, 3), (2, 4), (4, 2), (5, 2), (6, 5)), (3, 3))","(((2, 3), (2, 4), (4, 2), (5, 2), (6, 4)), (3, 3))",11,5.0,16.0,11,6,5,expanded,False,True,2843
"(((3, 4), (4, 2), (4, 3), (4, 4), (6, 6)), (1, 3))","(((3, 4), (4, 2), (4, 3), (4, 4), (6, 5)), (1, 3))",12,6,18.0,12,,,pruned,,,2844
"(((3, 4), (4, 2), (4, 3), (4, 4), (6, 5)), (1, 3))","(((3, 4), (4, 3), (4, 4), (5, 2), (6, 5)), (5, 3))",11,5.0,16.0,11,4,1,expanded,False,True,2845
"(((1, 3), (3, 4), (4, 2), (4, 4), (6, 5)), (1, 4))","(((2, 3), (3, 4), (4, 2), (4, 4), (6, 5)), (2, 1))",12,6,18.0,12,,,pruned,,,2846
"(((2, 3), (3, 4), (4, 2), (4, 4), (6, 6)), (2, 1))","(((2, 3), (3, 4), (4, 2), (4, 4), (6, 5)), (2, 1))",12,6,18.0,12,,,pruned,,,2847
"(((2, 3), (3, 4), (4, 1), (4, 4), (6, 5)), (3, 3))","(((2, 3), (3, 4), (4, 2), (4, 4), (6, 5)), (2, 1))",12,6,18.0,12,,,pruned,,,2848
"(((2, 3), (3, 4), (4, 2), (4, 4), (6, 5)), (2, 1))","(((2, 3), (3, 4), (4, 4), (5, 2), (6, 5)), (2, 1))",11,5.0,16.0,11,6,3,expanded,False,True,2849
"(((1, 4), (4, 3), (4, 4), (5, 2), (6, 5)), (1, 3))","(((2, 4), (4, 3), (4, 4), (5, 2), (6, 5)), (1, 3))",12,6,18.0,12,,,pruned,,,2850
"(((2, 4), (4, 3), (4, 4), (6, 2), (6, 5)), (1, 3))","(((2, 4), (4, 3), (4, 4), (5, 2), (6, 5)), (1, 3))",12,5,17.0,12,,,pruned,,,2851
"(((2, 4), (4, 3), (4, 4), (5, 2), (6, 5)), (1, 3))","(((2, 4), (3, 3), (4, 4), (5, 2), (6, 5)), (1, 3))",11,5.0,16.0,11,6,2,expanded,False,True,2852
"(((2, 4), (3, 3), (4, 2), (4, 4), (6, 6)), (1, 3))","(((2, 4), (3, 3), (4, 2), (4, 4), (6, 5)), (1, 3))",12,6,18.0,12,,,pruned,,,2853
"(((2, 4), (3, 3), (4, 1), (4, 4), (6, 5)), (4, 2))","(((2, 4), (3, 3), (4, 2), (4, 4), (6, 5)), (1, 3))",12,6,18.0,12,,,pruned,,,2854
"(((2, 4), (3, 3), (4, 2), (4, 4), (6, 5)), (1, 3))","(((2, 4), (3, 3), (4, 4), (5, 2), (6, 5)), (1, 3))",11,5.0,16.0,11,8,2,expanded,False,True,2855
"(((2, 4), (3, 4), (6, 3), (6, 4), (6, 5)), (1, 3))","(((2, 4), (3, 4), (5, 4), (6, 3), (6, 5)), (1, 3))",11,5.0,16.0,11,0,0,expanded,False,True,2856
"(((3, 4), (4, 4), (5, 3), (6, 2), (6, 5)), (1, 3))","(((3, 4), (4, 4), (5, 2), (5, 3), (6, 5)), (1, 3))",12,5,17.0,12,,,pruned,,,2857
"(((3, 4), (4, 4), (5, 2), (5, 3), (6, 5)), (1, 3))","(((3, 4), (4, 3), (4, 4), (5, 2), (6, 5)), (1, 3))",11,5.0,16.0,11,2,1,expanded,False,True,2858
"(((3, 4), (4, 3), (5, 3), (5, 4), (6, 6)), (1, 3))","(((3, 4), (4, 3), (5, 3), (5, 4), (6, 5)), (1, 3))",13,5,18.0,13,,,pruned,,,2859
"(((3, 4), (4, 3), (5, 3), (5, 4), (6, 5)), (1, 3))","(((3, 4), (4, 3), (5, 3), (5, 4), (6, 4)), (1, 3))",12,4.0,16.0,12,4,1,expanded,False,True,2860
"(((1, 4), (4, 2), (5, 4), (6, 3), (6, 4)), (1, 3))","(((2, 4), (4, 2), (5, 4), (6, 3), (6, 4)), (1, 3))",13,5,18.0,13,,,pruned,,,2861
"(((2, 4), (4, 1), (5, 4), (6, 3), (6, 4)), (1, 3))","(((2, 4), (4, 2), (5, 4), (6, 3), (6, 4)), (1, 3))",13,5,18.0,13,,,pruned,,,2862
"(((2, 4), (4, 2), (5, 4), (6, 3), (6, 4)), (1, 3))","(((2, 4), (4, 2), (5, 3), (6, 3), (6, 4)), (1, 3))",12,4.0,16.0,12,5,2,expanded,False,True,2863
"(((1, 4), (4, 2), (4, 3), (5, 5), (6, 3)), (1, 3))","(((2, 4), (4, 2), (4, 3), (5, 5), (6, 3)), (1, 3))",13,5,18.0,13,,,pruned,,,2864
"(((2, 4), (4, 2), (4, 3), (5, 6), (6, 3)), (1, 3))","(((2, 4), (4, 2), (4, 3), (5, 5), (6, 3)), (1, 3))",13,5,18.0,13,,,pruned,,,2865
"(((2, 4), (4, 2), (4, 3), (5, 5), (6, 2)), (1, 3))","(((2, 4), (4, 2), (4, 3), (5, 5), (6, 3)), (1, 3))",13,5,18.0,13,,,pruned,,,2866
"(((2, 4), (4, 2), (4, 3), (5, 5), (6, 3)), (1, 3))","(((2, 4), (4, 2), (4, 3), (5, 4), (6, 3)), (1, 3))",12,4.0,16.0,12,8,3,expanded,False,True,2867
"(((3, 4), (4, 1), (5, 3), (5, 4), (6, 4)), (1, 3))","(((3, 4), (4, 2), (5, 3), (5, 4), (6, 4)), (1, 3))",13,5,18.0,13,,,pruned,,,2868
"(((3, 4), (4, 2), (5, 3), (5, 4), (6, 4)), (1, 3))","(((3, 4), (4, 2), (5, 3), (5, 4), (6, 3)), (1, 3))",12,4.0,16.0,12,7,1,expanded,False,True,2869
"(((2, 3), (2, 4), (4, 3), (5, 4), (6, 6)), (2, 1))","(((2, 3), (2, 4), (4, 3), (5, 4), (6, 5)), (2, 1))",13,5,18.0,13,,,pruned,,,2870
"(((2, 3), (2, 4), (4, 3), (5, 4), (6, 5)), (2, 1))","(((2, 3), (2, 4), (4, 3), (5, 4), (6, 4)), (2, 1))",12,4.0,16.0,12,5,1,expanded,False,True,2871
"(((4, 2), (4, 3), (4, 4), (5, 4), (6, 4)), (1, 3))","(((4, 2), (4, 3), (4, 4), (5, 3), (6, 4)), (1, 3))",12,4.0,16.0,12,4,0,expanded,False,True,2872
"(((4, 2), (4, 3), (4, 4), (5, 3), (6, 6)), (1, 3))","(((4, 2), (4, 3), (4, 4), (5, 3), (6, 5)), (1, 3))",13,5,18.0,13,,,pruned,,,2873
"(((4, 2), (4, 3), (4, 4), (5, 3), (6, 5)), (1, 3))","(((4, 2), (4, 3), (4, 4), (5, 3), (6, 4)), (1, 3))",12,4.0,16.0,12,6,1,expanded,False,True,2874
"(((2, 4), (4, 3), (4, 4), (5, 1), (6, 4)), (1, 3))","(((2, 4), (4, 3), (4, 4), (5, 2), (6, 4)), (5, 3))",13,5,18.0,13,,,pruned,,,2875
"(((2, 4), (4, 3), (4, 4), (5, 2), (6, 4)), (5, 3))","(((2, 4), (4, 3), (4, 4), (5, 3), (6, 4)), (5, 4))",12,4.0,16.0,12,6,1,expanded,False,True,2876
"(((1, 3), (2, 4), (4, 4), (5, 2), (6, 4)), (2, 1))","(((2, 3), (2, 4), (4, 4), (5, 2), (6, 4)), (2, 1))",13,5,18.0,13,,,pruned,,,2877
"(((1, 4), (2, 3), (4, 4), (5, 2), (6, 4)), (2, 1))","(((2, 3), (2, 4), (4, 4), (5, 2), (6, 4)), (2, 1))",13,5,18.0,13,,,pruned,,,2878
"(((2, 3), (2, 4), (4, 4), (6, 2), (6, 4)), (2, 1))","(((2, 3), (2, 4), (4, 4), (5, 2), (6, 4)), (2, 1))",13,4,17.0,13,,,pruned,,,2879
"(((2, 3), (2, 4), (4, 4), (5, 1), (6, 4)), (2, 1))","(((2, 3), (2, 4), (4, 4), (5, 2), (6, 4)), (2, 1))",13,5,18.0,13,,,pruned,,,2880
"(((2, 3), (2, 4), (4, 4), (5, 2), (6, 4)), (2, 1))","(((2, 3), (2, 4), (4, 4), (5, 3), (6, 4)), (5, 4))",12,4.0,16.0,12,10,4,expanded,False,True,2881
"(((1, 4), (4, 3), (5, 3), (6, 4), (6, 5)), (1, 3))","(((2, 4), (4, 3), (5, 3), (6, 4), (6, 5)), (1, 3))",13,5,18.0,13,,,pruned,,,2882
"(((2, 4), (4, 3), (5, 3), (6, 4), (6, 5)), (1, 3))","(((2, 4), (4, 3), (5, 3), (5, 4), (6, 5)), (1, 3))",12,4.0,16.0,12,6,1,expanded,False,True,2883
"(((1, 3), (2, 4), (5, 4), (6, 3), (6, 5)), (2, 1))","(((2, 3), (2, 4), (5, 4), (6, 3), (6, 5)), (2, 1))",13,5,18.0,13,,,pruned,,,2884
"(((1, 4), (2, 3), (5, 4), (6, 3), (6, 5)), (2, 1))","(((2, 3), (2, 4), (5, 4), (6, 3), (6, 5)), (2, 1))",13,5,18.0,13,,,pruned,,,2885
"(((2, 3), (2, 4), (5, 4), (6, 3), (6, 5)), (2, 1))","(((2, 3), (2, 4), (5, 3), (5, 4), (6, 5)), (2, 1))",12,4.0,16.0,12,5,2,expanded,False,True,2886
"(((1, 3), (2, 4), (5, 3), (6, 4), (6, 5)), (2, 1))","(((2, 3), (2, 4), (5, 3), (6, 4), (6, 5)), (2, 1))",13,5,18.0,13,,,pruned,,,2887
"(((1, 4), (2, 3), (5, 3), (6, 4), (6, 5)), (2, 1))","(((2, 3), (2, 4), (5, 3), (6, 4), (6, 5)), (2, 1))",13,5,18.0,13,,,pruned,,,2888
"(((2, 3), (2, 4), (5, 3), (6, 4), (6, 5)), (2, 1))","(((2, 3), (2, 4), (5, 3), (5, 4), (6, 5)), (2, 1))",12,4.0,16.0,12,6,2,expanded,False,True,2889
"(((3, 3), (3, 4), (4, 1), (5, 4), (6, 4)), (4, 2))","(((3, 3), (3, 4), (4, 2), (5, 4), (6, 4)), (1, 3))",13,5,18.0,13,,,pruned,,,2890
"(((3, 3), (3, 4), (4, 2), (5, 4), (6, 4)), (1, 3))","(((3, 4), (4, 2), (4, 3), (5, 4), (6, 4)), (1, 3))",12,4.0,16.0,12,8,1,expanded,False,True,2891
"(((3, 4), (4, 1), (4, 4), (6, 3), (6, 4)), (1, 3))","(((3, 4), (4, 2), (4, 4), (6, 3), (6, 4)), (1, 3))",13,5,18.0,13,,,pruned,,,2892
"(((3, 4), (4, 2), (4, 4), (6, 3), (6, 4)), (1, 3))","(((3, 4), (4, 2), (4, 4), (5, 3), (6, 4)), (1, 3))",12,4.0,16.0,12,2,1,expanded,False,True,2893
"(((3, 4), (4, 2), (4, 3), (4, 4), (6, 4)), (1, 3))","(((3, 4), (4, 2), (4, 4), (5, 3), (6, 4)), (1, 3))",12,4.0,16.0,12,4,0,expanded,False,True,2894
"(((1, 3), (3, 4), (4, 2), (4, 4), (6, 4)), (1, 4))","(((2, 3), (3, 4), (4, 2), (4, 4), (6, 4)), (2, 1))",13,5,18.0,13,,,pruned,,,2895
"(((2, 3), (3, 4), (4, 1), (4, 4), (6, 4)), (3, 3))","(((2, 3), (3, 4), (4, 2), (4, 4), (6, 4)), (2, 1))",13,5,18.0,13,,,pruned,,,2896
"(((2, 3), (3, 4), (4, 2), (4, 4), (6, 4)), (2, 1))","(((2, 3), (3, 4), (4, 4), (5, 2), (6, 4)), (2, 1))",12,4.0,16.0,12,6,2,expanded,False,True,2897
"(((1, 4), (4, 3), (4, 4), (5, 2), (6, 4)), (1, 3))","(((2, 4), (4, 3), (4, 4), (5, 2), (6, 4)), (1, 3))",13,5,18.0,13,,,pruned,,,2898
"(((2, 4), (4, 3), (4, 4), (6, 2), (6, 4)), (1, 3))","(((2, 4), (4, 3), (4, 4), (5, 2), (6, 4)), (1, 3))",13,4,17.0,13,,,pruned,,,2899
"(((2, 4), (4, 3), (4, 4), (5, 2), (6, 4)), (1, 3))","(((2, 4), (3, 3), (4, 4), (5, 2), (6, 4)), (1, 3))",12,4.0,16.0,12,6,2,expanded,False,True,2900
"(((2, 4), (3, 3), (4, 1), (4, 4), (6, 4)), (4, 2))","(((2, 4), (3, 3), (4, 2), (4, 4), (6, 4)), (1, 3))",13,5,18.0,13,,,pruned,,,2901
"(((2, 4), (3, 3), (4, 2), (4, 4), (6, 4)), (1, 3))","(((2, 4), (3, 3), (4, 4), (5, 2), (6, 4)), (1, 3))",12,4.0,16.0,12,8,1,expanded,False,True,2902
"(((3, 4), (5, 4), (6, 2), (6, 3), (6, 4)), (1, 3))","(((3, 4), (5, 2), (5, 4), (6, 3), (6, 4)), (1, 3))",13,4,17.0,13,,,pruned,,,2903
"(((3, 4), (5, 1), (5, 4), (6, 3), (6, 4)), (1, 3))","(((3, 4), (5, 2), (5, 4), (6, 3), (6, 4)), (1, 3))",13,5,18.0,13,,,pruned,,,2904
"(((3, 4), (5, 2), (5, 4), (6, 3), (6, 4)), (1, 3))","(((2, 4), (5, 2), (5, 4), (6, 3), (6, 4)), (1, 3))",12,4.0,16.0,12,6,2,expanded,False,True,2905
"(((4, 1), (4, 4), (5, 2), (6, 3), (6, 4)), (1, 3))","(((4, 2), (4, 4), (5, 2), (6, 3), (6, 4)), (1, 3))",13,5,18.0,13,,,pruned,,,2906
"(((4, 2), (4, 4), (5, 1), (6, 3), (6, 4)), (1, 3))","(((4, 2), (4, 4), (5, 2), (6, 3), (6, 4)), (1, 3))",13,5,18.0,13,,,pruned,,,2907
"(((4, 2), (4, 4), (5, 2), (6, 3), (6, 4)), (1, 3))","(((3, 4), (4, 2), (5, 2), (6, 3), (6, 4)), (1, 3))",12,4.0,16.0,12,6,2,expanded,False,True,2908
"(((1, 3), (2, 4), (4, 2), (5, 4), (6, 4)), (2, 1))","(((2, 3), (2, 4), (4, 2), (5, 4), (6, 4)), (2, 1))",13,5,18.0,13,,,pruned,,,2909
"(((1, 4), (2, 3), (4, 2), (5, 4), (6, 4)), (2, 1))","(((2, 3), (2, 4), (4, 2), (5, 4), (6, 4)), (2, 1))",13,5,18.0,13,,,pruned,,,2910
"(((2, 3), (2, 4), (4, 1), (5, 4), (6, 4)), (3, 3))","(((2, 3), (2, 4), (4, 2), (5, 4), (6, 4)), (2, 1))",13,5,18.0,13,,,pruned,,,2911
"(((2, 3), (2, 4), (4, 2), (5, 4), (6, 4)), (2, 1))","(((2, 4), (3, 3), (4, 2), (5, 4), (6, 4)), (1, 3))",12,4.0,16.0,12,6,3,expanded,False,True,2912
"(((4, 2), (4, 3), (4, 4), (5, 2), (6, 4)), (1, 3))","(((3, 4), (4, 2), (4, 3), (5, 2), (6, 4)), (1, 3))",12,4.0,16.0,12,3,0,expanded,False,True,2913
"(((3, 4), (4, 1), (5, 2), (5, 3), (6, 4)), (1, 3))","(((3, 4), (4, 2), (5, 2), (5, 3), (6, 4)), (1, 3))",13,5,18.0,13,,,pruned,,,2914
"(((3, 4), (4, 2), (5, 2), (5, 3), (6, 4)), (1, 3))","(((3, 4), (4, 2), (4, 3), (5, 2), (6, 4)), (1, 3))",12,4.0,16.0,12,6,1,expanded,False,True,2915
"(((3, 4), (4, 4), (5, 3), (6, 2), (6, 4)), (1, 3))","(((3, 4), (4, 4), (5, 2), (5, 3), (6, 4)), (1, 3))",13,4,17.0,13,,,pruned,,,2916
"(((3, 4), (4, 4), (5, 2), (5, 3), (6, 4)), (1, 3))","(((3, 4), (4, 3), (4, 4), (5, 2), (6, 4)), (1, 3))",12,4.0,16.0,12,2,1,expanded,False,True,2917
"(((1, 4), (4, 3), (5, 4), (6, 3), (6, 5)), (1, 3))","(((2, 4), (4, 3), (5, 4), (6, 3), (6, 5)), (1, 3))",13,5,18.0,13,,,pruned,,,2918
"(((2, 4), (4, 3), (5, 4), (6, 3), (6, 5)), (1, 3))","(((2, 4), (4, 3), (4, 4), (6, 3), (6, 5)), (1, 3))",12,4.0,16.0,12,9,1,expanded,False,True,2919
"(((1, 4), (4, 4), (5, 3), (6, 3), (6, 5)), (1, 3))","(((2, 4), (4, 4), (5, 3), (6, 3), (6, 5)), (1, 3))",13,5,18.0,13,,,pruned,,,2920
"(((2, 4), (4, 4), (5, 3), (6, 3), (6, 5)), (1, 3))","(((2, 4), (4, 3), (4, 4), (6, 3), (6, 5)), (1, 3))",12,4.0,16.0,12,5,1,expanded,False,True,2921
"(((3, 4), (4, 3), (5, 5), (6, 2), (6, 3)), (1, 3))","(((3, 4), (4, 3), (5, 2), (5, 5), (6, 3)), (1, 3))",13,4,17.0,13,,,pruned,,,2922
"(((3, 4), (4, 3), (5, 2), (5, 5), (6, 3)), (1, 3))","(((2, 4), (4, 3), (5, 2), (5, 5), (6, 3)), (1, 3))",12,4.0,16.0,12,5,1,expanded,False,True,2923
"(((1, 4), (5, 2), (5, 3), (5, 5), (6, 3)), (1, 3))","(((2, 4), (5, 2), (5, 3), (5, 5), (6, 3)), (1, 3))",13,5,18.0,13,,,pruned,,,2924
"(((2, 4), (5, 2), (5, 3), (5, 6), (6, 3)), (1, 3))","(((2, 4), (5, 2), (5, 3), (5, 5), (6, 3)), (1, 3))",13,5,18.0,13,,,pruned,,,2925
"(((2, 4), (5, 2), (5, 3), (5, 5), (6, 2)), (1, 3))","(((2, 4), (5, 2), (5, 3), (5, 5), (6, 3)), (1, 3))",13,5,18.0,13,,,pruned,,,2926
"(((2, 4), (5, 3), (5, 5), (6, 2), (6, 3)), (1, 3))","(((2, 4), (5, 2), (5, 3), (5, 5), (6, 3)), (1, 3))",13,4,17.0,13,,,pruned,,,2927
"(((2, 4), (5, 2), (5, 3), (5, 5), (6, 3)), (1, 3))","(((2, 4), (4, 3), (5, 2), (5, 5), (6, 3)), (1, 3))",12,4.0,16.0,12,6,4,expanded,False,True,2928
"(((1, 4), (3, 3), (5, 2), (5, 5), (6, 3)), (1, 3))","(((2, 4), (3, 3), (5, 2), (5, 5), (6, 3)), (1, 3))",13,5,18.0,13,,,pruned,,,2929
"(((2, 4), (3, 3), (5, 2), (5, 6), (6, 3)), (1, 3))","(((2, 4), (3, 3), (5, 2), (5, 5), (6, 3)), (1, 3))",13,5,18.0,13,,,pruned,,,2930
"(((2, 4), (3, 3), (5, 2), (5, 5), (6, 2)), (1, 3))","(((2, 4), (3, 3), (5, 2), (5, 5), (6, 3)), (1, 3))",13,5,18.0,13,,,pruned,,,2931
"(((2, 4), (3, 3), (5, 5), (6, 2), (6, 3)), (1, 3))","(((2, 4), (3, 3), (5, 2), (5, 5), (6, 3)), (1, 3))",13,4,17.0,13,,,pruned,,,2932
"(((2, 4), (3, 3), (5, 1), (5, 5), (6, 3)), (1, 3))","(((2, 4), (3, 3), (5, 2), (5, 5), (6, 3)), (1, 3))",13,5,18.0,13,,,pruned,,,2933
"(((2, 4), (3, 3), (5, 2), (5, 5), (6, 3)), (1, 3))","(((2, 4), (4, 3), (5, 2), (5, 5), (6, 3)), (1, 3))",12,4.0,16.0,12,10,5,expanded,False,True,2934
"(((3, 4), (4, 2), (5, 3), (5, 6), (6, 3)), (1, 3))","(((3, 4), (4, 2), (5, 3), (5, 5), (6, 3)), (1, 3))",13,5,18.0,13,,,pruned,,,2935
"(((3, 4), (4, 2), (5, 3), (5, 5), (6, 2)), (1, 3))","(((3, 4), (4, 2), (5, 3), (5, 5), (6, 3)), (1, 3))",13,5,18.0,13,,,pruned,,,2936
"(((3, 4), (4, 1), (5, 3), (5, 5), (6, 3)), (1, 3))","(((3, 4), (4, 2), (5, 3), (5, 5), (6, 3)), (1, 3))",13,5,18.0,13,,,pruned,,,2937
"(((3, 4), (4, 2), (5, 3), (5, 5), (6, 3)), (1, 3))","(((2, 4), (4, 2), (5, 3), (5, 5), (6, 3)), (1, 3))",12,4.0,16.0,12,10,3,expanded,False,True,2938
"(((2, 4), (4, 2), (4, 4), (5, 3), (6, 4)), (5, 4))","(((2, 4), (4, 2), (4, 4), (5, 3), (6, 5)), (1, 3))",12,4.0,16.0,12,3,0,expanded,False,True,2939
"(((3, 4), (4, 2), (5, 2), (5, 4), (6, 2)), (1, 3))","(((3, 4), (4, 2), (5, 2), (5, 4), (6, 3)), (5, 5))",13,5,18.0,13,,,pruned,,,2940
"(((3, 4), (4, 2), (5, 2), (5, 4), (6, 3)), (5, 5))","(((3, 4), (4, 2), (5, 2), (5, 5), (6, 3)), (1, 3))",12,4.0,16.0,12,3,1,expanded,False,True,2941
"(((4, 3), (4, 4), (5, 4), (6, 3), (6, 4)), (1, 3))","(((4, 3), (4, 4), (5, 3), (6, 3), (6, 4)), (1, 3))",13,3.0,16.0,13,3,0,expanded,False,True,2942
"(((4, 2), (4, 3), (4, 4), (5, 4), (6, 3)), (1, 3))","(((4, 2), (4, 3), (4, 4), (5, 3), (6, 3)), (1, 3))",13,3.0,16.0,13,4,0,expanded,False,True,2943
"(((3, 3), (3, 4), (5, 4), (6, 3), (6, 4)), (1, 3))","(((3, 3), (3, 4), (5, 3), (6, 3), (6, 4)), (1, 3))",13,3.0,16.0,13,5,0,expanded,False,True,2944
"(((3, 4), (5, 3), (5, 4), (6, 3), (6, 4)), (1, 3))","(((3, 4), (4, 3), (5, 4), (6, 3), (6, 4)), (1, 3))",13,3.0,16.0,13,2,0,expanded,False,True,2945
"(((3, 3), (3, 4), (4, 1), (5, 4), (6, 3)), (4, 2))","(((3, 3), (3, 4), (4, 2), (5, 4), (6, 3)), (1, 3))",14,4,18.0,14,,,pruned,,,2946
"(((3, 3), (3, 4), (4, 2), (5, 4), (6, 3)), (1, 3))","(((3, 4), (4, 2), (4, 3), (5, 4), (6, 3)), (1, 3))",13,3.0,16.0,13,9,1,expanded,False,True,2947
"(((4, 1), (4, 4), (5, 3), (6, 3), (6, 4)), (1, 3))","(((4, 2), (4, 4), (5, 3), (6, 3), (6, 4)), (1, 3))",14,4,18.0,14,,,pruned,,,2948
"(((4, 2), (4, 4), (5, 3), (6, 3), (6, 4)), (1, 3))","(((3, 4), (4, 2), (5, 3), (6, 3), (6, 4)), (1, 3))",13,3.0,16.0,13,4,1,expanded,False,True,2949
"(((1, 3), (2, 4), (4, 2), (5, 4), (6, 3)), (2, 1))","(((2, 3), (2, 4), (4, 2), (5, 4), (6, 3)), (2, 1))",14,4,18.0,14,,,pruned,,,2950
"(((1, 4), (2, 3), (4, 2), (5, 4), (6, 3)), (2, 1))","(((2, 3), (2, 4), (4, 2), (5, 4), (6, 3)), (2, 1))",14,4,18.0,14,,,pruned,,,2951
"(((2, 3), (2, 4), (4, 1), (5, 4), (6, 3)), (3, 3))","(((2, 3), (2, 4), (4, 2), (5, 4), (6, 3)), (2, 1))",14,4,18.0,14,,,pruned,,,2952
"(((2, 3), (2, 4), (4, 2), (5, 4), (6, 3)), (2, 1))","(((2, 4), (3, 3), (4, 2), (5, 4), (6, 3)), (1, 3))",13,3.0,16.0,13,7,3,expanded,False,True,2953
"(((1, 4), (3, 3), (4, 2), (6, 3), (6, 4)), (1, 3))","(((2, 4), (3, 3), (4, 2), (6, 3), (6, 4)), (1, 3))",14,4,18.0,14,,,pruned,,,2954
"(((2, 4), (3, 3), (4, 1), (6, 3), (6, 4)), (3, 4))","(((2, 4), (3, 3), (4, 2), (6, 3), (6, 4)), (1, 3))",14,4,18.0,14,,,pruned,,,2955
"(((2, 4), (3, 3), (4, 2), (6, 3), (6, 4)), (1, 3))","(((2, 4), (3, 3), (4, 2), (5, 4), (6, 3)), (1, 3))",13,3.0,16.0,13,6,2,expanded,False,True,2956
"(((3, 4), (4, 2), (4, 3), (6, 3), (6, 4)), (1, 3))","(((2, 4), (4, 2), (4, 3), (6, 3), (6, 4)), (1, 3))",13,3.0,16.0,13,4,0,expanded,False,True,2957
"(((4, 2), (4, 3), (4, 4), (5, 2), (6, 3)), (1, 3))","(((3, 4), (4, 2), (4, 3), (5, 2), (6, 3)), (1, 3))",13,3.0,16.0,13,3,0,expanded,False,True,2958
"(((3, 4), (4, 2), (5, 2), (5, 3), (6, 2)), (1, 3))","(((3, 4), (4, 2), (5, 2), (5, 3), (6, 3)), (1, 3))",14,4,18.0,14,,,pruned,,,2959
"(((3, 4), (4, 1), (5, 2), (5, 3), (6, 3)), (1, 3))","(((3, 4), (4, 2), (5, 2), (5, 3), (6, 3)), (1, 3))",14,4,18.0,14,,,pruned,,,2960
"(((3, 4), (4, 2), (5, 2), (5, 3), (6, 3)), (1, 3))","(((3, 4), (4, 2), (4, 3), (5, 2), (6, 3)), (1, 3))",13,3.0,16.0,13,5,2,expanded,False,True,2961
"(((5, 3), (5, 4), (6, 2), (6, 3), (6, 4)), (1, 3))","(((5, 2), (5, 3), (5, 4), (6, 3), (6, 4)), (1, 3))",14,3,17.0,14,,,pruned,,,2962
"(((5, 2), (5, 3), (5, 4), (6, 3), (6, 4)), (1, 3))","(((4, 4), (5, 2), (5, 3), (6, 3), (6, 4)), (1, 3))",13,3.0,16.0,13,1,1,expanded,True,True,2963
"(((3, 3), (5, 4), (6, 2), (6, 3), (6, 4)), (1, 3))","(((3, 3), (5, 2), (5, 4), (6, 3), (6, 4)), (1, 3))",14,3,17.0,14,,,pruned,,,2964
"(((3, 3), (5, 1), (5, 4), (6, 3), (6, 4)), (1, 3))","(((3, 3), (5, 2), (5, 4), (6, 3), (6, 4)), (1, 3))",14,4,18.0,14,,,pruned,,,2965
"(((3, 3), (5, 2), (5, 4), (6, 3), (6, 4)), (1, 3))","(((3, 3), (4, 4), (5, 2), (6, 3), (6, 4)), (1, 3))",13,3.0,16.0,13,6,2,expanded,False,True,2966
"(((1, 3), (4, 4), (5, 2), (6, 3), (6, 4)), (1, 4))","(((2, 3), (4, 4), (5, 2), (6, 3), (6, 4)), (1, 3))",14,4,18.0,14,,,pruned,,,2967
"(((2, 3), (4, 4), (6, 2), (6, 3), (6, 4)), (1, 3))","(((2, 3), (4, 4), (5, 2), (6, 3), (6, 4)), (1, 3))",14,3,17.0,14,,,pruned,,,2968
"(((2, 3), (4, 4), (5, 1), (6, 3), (6, 4)), (1, 3))","(((2, 3), (4, 4), (5, 2), (6, 3), (6, 4)), (1, 3))",14,4,18.0,14,,,pruned,,,2969
"(((2, 3), (4, 4), (5, 2), (6, 3), (6, 4)), (1, 3))","(((3, 3), (4, 4), (5, 2), (6, 3), (6, 4)), (1, 3))",13,3.0,16.0,13,9,3,expanded,False,True,2970
"(((3, 3), (3, 4), (4, 3), (5, 4), (6, 4)), (1, 3))","(((2, 4), (3, 3), (4, 3), (5, 4), (6, 4)), (1, 3))",13,3.0,16.0,13,4,0,expanded,False,True,2971
"(((3, 4), (4, 3), (5, 3), (6, 2), (6, 4)), (1, 3))","(((3, 4), (4, 3), (5, 2), (5, 3), (6, 4)), (1, 3))",14,3,17.0,14,,,pruned,,,2972
"(((3, 4), (4, 3), (5, 2), (5, 3), (6, 4)), (1, 3))","(((2, 4), (4, 3), (5, 2), (5, 3), (6, 4)), (1, 3))",13,3.0,16.0,13,3,1,expanded,False,True,2973
"(((3, 4), (4, 2), (4, 3), (4, 4), (6, 2)), (1, 3))","(((3, 4), (4, 2), (4, 3), (4, 4), (6, 3)), (1, 3))",14,4,18.0,14,,,pruned,,,2974
"(((3, 4), (4, 2), (4, 3), (4, 4), (6, 3)), (1, 3))","(((3, 3), (3, 4), (4, 2), (4, 4), (6, 3)), (1, 3))",13,3.0,16.0,13,4,1,expanded,False,True,2975
"(((1, 3), (3, 4), (4, 2), (4, 4), (6, 3)), (1, 4))","(((2, 3), (3, 4), (4, 2), (4, 4), (6, 3)), (2, 1))",14,4,18.0,14,,,pruned,,,2976
"(((2, 3), (3, 4), (4, 2), (4, 4), (6, 2)), (2, 1))","(((2, 3), (3, 4), (4, 2), (4, 4), (6, 3)), (2, 1))",14,4,18.0,14,,,pruned,,,2977
"(((2, 3), (3, 4), (4, 1), (4, 4), (6, 3)), (3, 3))","(((2, 3), (3, 4), (4, 2), (4, 4), (6, 3)), (2, 1))",14,4,18.0,14,,,pruned,,,2978
"(((2, 3), (3, 4), (4, 2), (4, 4), (6, 3)), (2, 1))","(((3, 3), (3, 4), (4, 2), (4, 4), (6, 3)), (1, 3))",13,3.0,16.0,13,6,3,expanded,False,True,2979
"(((2, 4), (3, 3), (4, 2), (4, 4), (6, 2)), (1, 3))","(((2, 4), (3, 3), (4, 2), (4, 4), (6, 3)), (1, 3))",14,4,18.0,14,,,pruned,,,2980
"(((2, 4), (3, 3), (4, 1), (4, 4), (6, 3)), (4, 2))","(((2, 4), (3, 3), (4, 2), (4, 4), (6, 3)), (1, 3))",14,4,18.0,14,,,pruned,,,2981
"(((2, 4), (3, 3), (4, 2), (4, 4), (6, 3)), (1, 3))","(((2, 4), (4, 2), (4, 3), (4, 4), (6, 3)), (1, 3))",13,3.0,16.0,13,8,2,expanded,False,True,2982
"(((3, 4), (4, 3), (5, 3), (5, 5), (6, 3)), (1, 3))","(((2, 4), (4, 3), (5, 3), (5, 5), (6, 3)), (1, 3))",13,3.0,16.0,13,4,0,expanded,False,True,2983
"(((2, 4), (4, 2), (4, 3), (5, 4), (6, 2)), (1, 3))","(((2, 4), (4, 2), (4, 3), (5, 4), (6, 3)), (5, 5))",14,4,18.0,14,,,pruned,,,2984
"(((2, 4), (4, 2), (4, 3), (5, 4), (6, 3)), (5, 5))","(((2, 4), (4, 2), (4, 3), (5, 5), (6, 3)), (1, 3))",13,3.0,16.0,13,3,1,expanded,False,True,2985
"(((4, 2), (4, 3), (4, 4), (5, 3), (6, 4)), (5, 4))","(((4, 2), (4, 3), (4, 4), (5, 3), (6, 5)), (1, 3))",13,3.0,16.0,13,3,0,expanded,False,True,2986
"(((2, 4), (5, 2), (5, 3), (5, 4), (6, 2)), (5, 5))","(((2, 4), (5, 2), (5, 3), (5, 4), (6, 3)), (5, 5))",14,4,18.0,14,,,pruned,,,2987
"(((2, 4), (5, 2), (5, 3), (5, 4), (6, 3)), (5, 5))","(((2, 4), (5, 2), (5, 3), (5, 5), (6, 3)), (1, 3))",13,3.0,16.0,13,2,1,expanded,False,True,2988
"(((2, 4), (3, 3), (5, 2), (5, 4), (6, 2)), (1, 3))","(((2, 4), (3, 3), (5, 2), (5, 4), (6, 3)), (5, 5))",14,4,18.0,14,,,pruned,,,2989
"(((2, 4), (3, 3), (5, 2), (5, 4), (6, 3)), (5, 5))","(((2, 4), (3, 3), (5, 2), (5, 5), (6, 3)), (1, 3))",13,3.0,16.0,13,3,1,expanded,False,True,2990
"(((1, 4), (3, 3), (5, 3), (5, 5), (6, 3)), (1, 3))","(((2, 4), (3, 3), (5, 3), (5, 5), (6, 3)), (1, 3))",14,4,18.0,14,,,pruned,,,2991
"(((2, 4), (3, 3), (5, 3), (5, 6), (6, 3)), (1, 3))","(((2, 4), (3, 3), (5, 3), (5, 5), (6, 3)), (1, 3))",14,4,18.0,14,,,pruned,,,2992
"(((2, 4), (3, 3), (5, 3), (5, 5), (6, 2)), (1, 3))","(((2, 4), (3, 3), (5, 3), (5, 5), (6, 3)), (1, 3))",14,4,18.0,14,,,pruned,,,2993
"(((2, 4), (3, 3), (5, 3), (5, 5), (6, 3)), (1, 3))","(((2, 4), (3, 3), (5, 2), (5, 5), (6, 3)), (1, 3))",13,3.0,16.0,13,10,3,expanded,False,True,2994
"(((3, 4), (4, 2), (5, 3), (5, 4), (6, 2)), (5, 5))","(((3, 4), (4, 2), (5, 3), (5, 4), (6, 3)), (5, 5))",14,4,18.0,14,,,pruned,,,2995
"(((3, 4), (4, 2), (5, 3), (5, 4), (6, 3)), (5, 5))","(((3, 4), (4, 2), (5, 3), (5, 5), (6, 3)), (1, 3))",13,3.0,16.0,13,2,1,expanded,False,True,2996
"(((4, 2), (4, 3), (5, 3), (6, 3), (6, 4)), (1, 3))","(((4, 2), (4, 3), (5, 3), (5, 4), (6, 3)), (1, 3))",14,2.0,16.0,14,2,0,expanded,False,True,2997
"(((3, 3), (5, 3), (5, 4), (6, 3), (6, 4)), (1, 3))","(((3, 3), (4, 4), (5, 3), (6, 3), (6, 4)), (1, 3))",14,2.0,16.0,14,2,0,expanded,False,True,2998
"(((1, 3), (4, 4), (5, 3), (6, 3), (6, 4)), (1, 4))","(((2, 3), (4, 4), (5, 3), (6, 3), (6, 4)), (1, 3))",15,3,18.0,15,,,pruned,,,2999
"(((2, 3), (4, 4), (5, 3), (6, 3), (6, 4)), (1, 3))","(((3, 3), (4, 4), (5, 3), (6, 3), (6, 4)), (1, 3))",14,2.0,16.0,14,6,1,expanded,False,True,3000
"(((3, 3), (3, 4), (4, 3), (5, 4), (6, 3)), (1, 3))","(((2, 4), (3, 3), (4, 3), (5, 4), (6, 3)), (1, 3))",14,2.0,16.0,14,4,0,expanded,False,True,3001
"(((3, 4), (4, 3), (5, 3), (6, 2), (6, 3)), (1, 3))","(((3, 4), (4, 3), (5, 2), (5, 3), (6, 3)), (1, 3))",15,2,17.0,15,,,pruned,,,3002
"(((3, 4), (4, 3), (5, 2), (5, 3), (6, 3)), (1, 3))","(((2, 4), (4, 3), (5, 2), (5, 3), (6, 3)), (1, 3))",14,2.0,16.0,14,3,1,expanded,False,True,3003
"(((2, 3), (2, 4), (4, 3), (5, 4), (6, 3)), (2, 1))","(((2, 3), (2, 4), (4, 2), (5, 4), (6, 3)), (2, 1))",14,2.0,16.0,14,4,0,expanded,False,True,3004
"(((1, 4), (3, 3), (4, 3), (6, 3), (6, 4)), (1, 3))","(((2, 4), (3, 3), (4, 3), (6, 3), (6, 4)), (1, 3))",15,3,18.0,15,,,pruned,,,3005
"(((2, 4), (3, 3), (4, 3), (6, 3), (6, 4)), (1, 3))","(((2, 4), (3, 3), (4, 2), (6, 3), (6, 4)), (1, 3))",14,2.0,16.0,14,4,1,expanded,False,True,3006
"(((4, 2), (4, 3), (4, 4), (5, 3), (6, 2)), (5, 4))","(((4, 2), (4, 3), (4, 4), (5, 3), (6, 3)), (5, 4))",15,3,18.0,15,,,pruned,,,3007
"(((4, 2), (4, 3), (4, 4), (5, 3), (6, 3)), (5, 4))","(((4, 2), (4, 3), (4, 4), (5, 3), (6, 4)), (5, 4))",14,2.0,16.0,14,3,1,expanded,False,True,3008
"(((1, 4), (3, 3), (5, 2), (5, 3), (6, 3)), (1, 3))","(((2, 4), (3, 3), (5, 2), (5, 3), (6, 3)), (1, 3))",15,3,18.0,15,,,pruned,,,3009
"(((2, 4), (3, 3), (5, 2), (5, 3), (6, 2)), (1, 3))","(((2, 4), (3, 3), (5, 2), (5, 3), (6, 3)), (1, 3))",15,3,18.0,15,,,pruned,,,3010
"(((2, 4), (3, 3), (5, 3), (6, 2), (6, 3)), (1, 3))","(((2, 4), (3, 3), (5, 2), (5, 3), (6, 3)), (1, 3))",15,2,17.0,15,,,pruned,,,3011
"(((2, 4), (3, 3), (5, 2), (5, 3), (6, 3)), (1, 3))","(((2, 4), (3, 3), (5, 2), (5, 4), (6, 3)), (5, 5))",14,2.0,16.0,14,6,3,expanded,False,True,3012
"(((2, 4), (3, 3), (5, 3), (5, 4), (6, 2)), (5, 5))","(((2, 4), (3, 3), (5, 3), (5, 4), (6, 3)), (5, 5))",15,3,18.0,15,,,pruned,,,3013
"(((2, 4), (3, 3), (5, 3), (5, 4), (6, 3)), (5, 5))","(((2, 4), (3, 3), (5, 3), (5, 5), (6, 3)), (1, 3))",14,2.0,16.0,14,2,1,expanded,False,True,3014
"(((2, 2), (2, 4), (3, 4), (5, 6), (6, 5)), (1, 3))","(((2, 2), (2, 4), (3, 4), (5, 5), (6, 5)), (1, 3))",11,8,19.0,11,,,pruned,,,3015
"(((2, 2), (2, 4), (3, 4), (5, 5), (6, 6)), (1, 3))","(((2, 2), (2, 4), (3, 4), (5, 5), (6, 5)), (1, 3))",11,8,19.0,11,,,pruned,,,3016
"(((2, 1), (2, 4), (3, 4), (5, 5), (6, 5)), (1, 3))","(((2, 2), (2, 4), (3, 4), (5, 5), (6, 5)), (1, 3))",11,8,19.0,11,,,pruned,,,3017
"(((2, 2), (2, 4), (3, 4), (5, 5), (6, 5)), (1, 3))","(((2, 2), (2, 4), (3, 4), (5, 5), (6, 4)), (1, 3))",10,7.0,17.0,10,4,3,expanded,False,True,3018
"(((2, 4), (3, 4), (5, 4), (6, 4), (6, 5)), (1, 3))","(((2, 4), (3, 4), (5, 4), (6, 3), (6, 5)), (1, 3))",11,6.0,17.0,11,1,0,expanded,False,True,3019
"(((2, 4), (3, 4), (6, 2), (6, 4), (6, 5)), (1, 3))","(((2, 4), (3, 4), (5, 2), (6, 4), (6, 5)), (1, 3))",12,6,18.0,12,,,pruned,,,3020
"(((2, 4), (3, 4), (5, 1), (6, 4), (6, 5)), (1, 3))","(((2, 4), (3, 4), (5, 2), (6, 4), (6, 5)), (1, 3))",12,7,19.0,12,,,pruned,,,3021
"(((2, 4), (3, 4), (5, 2), (6, 4), (6, 5)), (1, 3))","(((2, 4), (3, 4), (5, 3), (6, 4), (6, 5)), (1, 3))",11,6.0,17.0,11,4,2,expanded,False,True,3022
"(((1, 4), (4, 2), (5, 3), (5, 4), (6, 5)), (1, 3))","(((2, 4), (4, 2), (5, 3), (5, 4), (6, 5)), (1, 3))",13,6,19.0,13,,,pruned,,,3023
"(((2, 4), (4, 2), (5, 3), (5, 4), (6, 6)), (1, 3))","(((2, 4), (4, 2), (5, 3), (5, 4), (6, 5)), (1, 3))",13,6,19.0,13,,,pruned,,,3024
"(((2, 4), (4, 1), (5, 3), (5, 4), (6, 5)), (1, 3))","(((2, 4), (4, 2), (5, 3), (5, 4), (6, 5)), (1, 3))",13,6,19.0,13,,,pruned,,,3025
"(((2, 4), (4, 2), (5, 3), (5, 4), (6, 5)), (1, 3))","(((2, 4), (4, 2), (5, 3), (5, 4), (6, 4)), (1, 3))",12,5.0,17.0,12,9,3,expanded,False,True,3026
"(((3, 4), (4, 2), (4, 3), (5, 4), (6, 6)), (1, 3))","(((3, 4), (4, 2), (4, 3), (5, 4), (6, 5)), (1, 3))",13,6,19.0,13,,,pruned,,,3027
"(((3, 4), (4, 2), (4, 3), (5, 4), (6, 5)), (1, 3))","(((3, 4), (4, 2), (4, 3), (5, 4), (6, 4)), (1, 3))",12,5.0,17.0,12,6,1,expanded,False,True,3028
"(((3, 4), (4, 2), (4, 3), (5, 2), (6, 6)), (4, 4))","(((3, 4), (4, 2), (4, 3), (5, 2), (6, 5)), (4, 4))",13,6,19.0,13,,,pruned,,,3029
"(((3, 4), (4, 2), (4, 3), (5, 1), (6, 5)), (4, 4))","(((3, 4), (4, 2), (4, 3), (5, 2), (6, 5)), (4, 4))",13,6,19.0,13,,,pruned,,,3030
"(((3, 4), (4, 2), (4, 3), (5, 2), (6, 5)), (4, 4))","(((3, 4), (4, 2), (4, 3), (5, 3), (6, 5)), (1, 3))",12,5.0,17.0,12,5,2,expanded,False,True,3031
"(((3, 4), (4, 2), (4, 4), (5, 3), (6, 6)), (1, 3))","(((3, 4), (4, 2), (4, 4), (5, 3), (6, 5)), (1, 3))",13,6,19.0,13,,,pruned,,,3032
"(((3, 4), (4, 1), (4, 4), (5, 3), (6, 5)), (1, 3))","(((3, 4), (4, 2), (4, 4), (5, 3), (6, 5)), (1, 3))",13,6,19.0,13,,,pruned,,,3033
"(((3, 4), (4, 2), (4, 4), (5, 3), (6, 5)), (1, 3))","(((3, 4), (4, 2), (4, 4), (5, 3), (6, 4)), (1, 3))",12,5.0,17.0,12,8,2,expanded,False,True,3034
"(((1, 3), (2, 4), (4, 4), (6, 4), (6, 5)), (2, 1))","(((2, 3), (2, 4), (4, 4), (6, 4), (6, 5)), (2, 1))",13,6,19.0,13,,,pruned,,,3035
"(((1, 4), (2, 3), (4, 4), (6, 4), (6, 5)), (2, 1))","(((2, 3), (2, 4), (4, 4), (6, 4), (6, 5)), (2, 1))",13,6,19.0,13,,,pruned,,,3036
"(((2, 3), (2, 4), (4, 4), (6, 4), (6, 5)), (2, 1))","(((2, 3), (2, 4), (4, 4), (6, 3), (6, 5)), (2, 1))",12,5.0,17.0,12,4,2,expanded,False,True,3037
"(((1, 4), (3, 3), (4, 2), (5, 4), (6, 5)), (1, 3))","(((2, 4), (3, 3), (4, 2), (5, 4), (6, 5)), (1, 3))",13,6,19.0,13,,,pruned,,,3038
"(((2, 4), (3, 3), (4, 2), (5, 4), (6, 6)), (1, 3))","(((2, 4), (3, 3), (4, 2), (5, 4), (6, 5)), (1, 3))",13,6,19.0,13,,,pruned,,,3039
"(((2, 4), (3, 3), (4, 1), (5, 4), (6, 5)), (3, 4))","(((2, 4), (3, 3), (4, 2), (5, 4), (6, 5)), (1, 3))",13,6,19.0,13,,,pruned,,,3040
"(((2, 4), (3, 3), (4, 2), (5, 4), (6, 5)), (1, 3))","(((2, 4), (3, 3), (4, 2), (5, 4), (6, 4)), (1, 3))",12,5.0,17.0,12,10,3,expanded,False,True,3041
"(((1, 4), (3, 3), (4, 2), (5, 2), (6, 5)), (1, 3))","(((2, 4), (3, 3), (4, 2), (5, 2), (6, 5)), (3, 4))",13,6,19.0,13,,,pruned,,,3042
"(((2, 4), (3, 3), (4, 2), (5, 2), (6, 6)), (3, 4))","(((2, 4), (3, 3), (4, 2), (5, 2), (6, 5)), (3, 4))",13,6,19.0,13,,,pruned,,,3043
"(((2, 4), (3, 3), (4, 1), (5, 2), (6, 5)), (3, 4))","(((2, 4), (3, 3), (4, 2), (5, 2), (6, 5)), (3, 4))",13,6,19.0,13,,,pruned,,,3044
"(((2, 4), (3, 3), (4, 2), (5, 1), (6, 5)), (3, 4))","(((2, 4), (3, 3), (4, 2), (5, 2), (6, 5)), (3, 4))",13,6,19.0,13,,,pruned,,,3045
"(((2, 4), (3, 3), (4, 2), (5, 2), (6, 5)), (3, 4))","(((2, 4), (3, 3), (4, 2), (5, 2), (6, 4)), (3, 4))",12,5.0,17.0,12,6,4,expanded,False,True,3046
"(((1, 4), (4, 2), (4, 3), (4, 4), (6, 5)), (1, 3))","(((2, 4), (4, 2), (4, 3), (4, 4), (6, 5)), (1, 3))",13,6,19.0,13,,,pruned,,,3047
"(((2, 4), (4, 2), (4, 3), (4, 4), (6, 6)), (1, 3))","(((2, 4), (4, 2), (4, 3), (4, 4), (6, 5)), (1, 3))",13,6,19.0,13,,,pruned,,,3048
"(((2, 4), (4, 2), (4, 3), (4, 4), (6, 5)), (1, 3))","(((2, 4), (4, 2), (4, 3), (4, 4), (6, 4)), (1, 3))",12,5.0,17.0,12,8,2,expanded,False,True,3049
"(((1, 4), (4, 3), (4, 4), (6, 4), (6, 5)), (1, 3))","(((2, 4), (4, 3), (4, 4), (6, 4), (6, 5)), (1, 3))",13,6,19.0,13,,,pruned,,,3050
"(((2, 4), (4, 3), (4, 4), (6, 4), (6, 5)), (1, 3))","(((2, 4), (4, 3), (4, 4), (6, 3), (6, 5)), (1, 3))",12,5.0,17.0,12,6,1,expanded,False,True,3051
"(((4, 2), (4, 4), (5, 2), (5, 6), (6, 3)), (1, 3))","(((4, 2), (4, 4), (5, 2), (5, 5), (6, 3)), (1, 3))",13,6,19.0,13,,,pruned,,,3052
"(((4, 2), (4, 4), (5, 2), (5, 5), (6, 2)), (1, 3))","(((4, 2), (4, 4), (5, 2), (5, 5), (6, 3)), (1, 3))",13,6,19.0,13,,,pruned,,,3053
"(((4, 1), (4, 4), (5, 2), (5, 5), (6, 3)), (1, 3))","(((4, 2), (4, 4), (5, 2), (5, 5), (6, 3)), (1, 3))",13,6,19.0,13,,,pruned,,,3054
"(((4, 2), (4, 4), (5, 1), (5, 5), (6, 3)), (1, 3))","(((4, 2), (4, 4), (5, 2), (5, 5), (6, 3)), (1, 3))",13,6,19.0,13,,,pruned,,,3055
"(((4, 2), (4, 4), (5, 2), (5, 5), (6, 3)), (1, 3))","(((4, 2), (4, 4), (5, 2), (5, 4), (6, 3)), (1, 3))",12,5.0,17.0,12,9,4,expanded,False,True,3056
"(((3, 4), (4, 4), (5, 3), (6, 4), (6, 5)), (1, 3))","(((3, 4), (4, 4), (5, 3), (6, 3), (6, 5)), (1, 3))",12,5.0,17.0,12,3,0,expanded,False,True,3057
"(((1, 3), (2, 4), (5, 2), (5, 4), (6, 5)), (2, 1))","(((2, 3), (2, 4), (5, 2), (5, 4), (6, 5)), (2, 1))",13,6,19.0,13,,,pruned,,,3058
"(((1, 4), (2, 3), (5, 2), (5, 4), (6, 5)), (2, 1))","(((2, 3), (2, 4), (5, 2), (5, 4), (6, 5)), (2, 1))",13,6,19.0,13,,,pruned,,,3059
"(((2, 3), (2, 4), (5, 2), (5, 4), (6, 6)), (2, 1))","(((2, 3), (2, 4), (5, 2), (5, 4), (6, 5)), (2, 1))",13,6,19.0,13,,,pruned,,,3060
"(((2, 3), (2, 4), (5, 4), (6, 2), (6, 5)), (2, 1))","(((2, 3), (2, 4), (5, 2), (5, 4), (6, 5)), (2, 1))",13,5,18.0,13,,,pruned,,,3061
"(((2, 3), (2, 4), (5, 1), (5, 4), (6, 5)), (2, 1))","(((2, 3), (2, 4), (5, 2), (5, 4), (6, 5)), (2, 1))",13,6,19.0,13,,,pruned,,,3062
"(((2, 3), (2, 4), (5, 2), (5, 4), (6, 5)), (2, 1))","(((2, 3), (2, 4), (4, 4), (5, 2), (6, 5)), (2, 1))",12,5.0,17.0,12,10,5,expanded,False,True,3063
"(((1, 3), (2, 4), (4, 2), (4, 4), (6, 5)), (2, 1))","(((2, 3), (2, 4), (4, 2), (4, 4), (6, 5)), (2, 1))",13,6,19.0,13,,,pruned,,,3064
"(((1, 4), (2, 3), (4, 2), (4, 4), (6, 5)), (2, 1))","(((2, 3), (2, 4), (4, 2), (4, 4), (6, 5)), (2, 1))",13,6,19.0,13,,,pruned,,,3065
"(((2, 3), (2, 4), (4, 2), (4, 4), (6, 6)), (2, 1))","(((2, 3), (2, 4), (4, 2), (4, 4), (6, 5)), (2, 1))",13,6,19.0,13,,,pruned,,,3066
"(((2, 3), (2, 4), (4, 1), (4, 4), (6, 5)), (3, 3))","(((2, 3), (2, 4), (4, 2), (4, 4), (6, 5)), (2, 1))",13,6,19.0,13,,,pruned,,,3067
"(((2, 3), (2, 4), (4, 2), (4, 4), (6, 5)), (2, 1))","(((2, 3), (2, 4), (4, 4), (5, 2), (6, 5)), (2, 1))",12,5.0,17.0,12,8,4,expanded,False,True,3068
"(((1, 4), (4, 2), (4, 3), (6, 4), (6, 5)), (1, 3))","(((2, 4), (4, 2), (4, 3), (6, 4), (6, 5)), (1, 3))",13,6,19.0,13,,,pruned,,,3069
"(((2, 4), (4, 2), (4, 3), (6, 4), (6, 5)), (1, 3))","(((2, 4), (4, 2), (4, 3), (5, 4), (6, 5)), (1, 3))",12,5.0,17.0,12,4,1,expanded,False,True,3070
"(((3, 4), (4, 2), (4, 3), (5, 2), (6, 5)), (1, 3))","(((2, 4), (4, 2), (4, 3), (5, 2), (6, 5)), (1, 3))",12,5.0,17.0,12,3,0,expanded,False,True,3071
"(((1, 4), (4, 2), (5, 2), (5, 3), (6, 5)), (1, 3))","(((2, 4), (4, 2), (5, 2), (5, 3), (6, 5)), (1, 3))",13,6,19.0,13,,,pruned,,,3072
"(((2, 4), (4, 2), (5, 2), (5, 3), (6, 6)), (1, 3))","(((2, 4), (4, 2), (5, 2), (5, 3), (6, 5)), (1, 3))",13,6,19.0,13,,,pruned,,,3073
"(((2, 4), (4, 1), (5, 2), (5, 3), (6, 5)), (1, 3))","(((2, 4), (4, 2), (5, 2), (5, 3), (6, 5)), (1, 3))",13,6,19.0,13,,,pruned,,,3074
"(((2, 4), (4, 2), (5, 2), (5, 3), (6, 5)), (1, 3))","(((2, 4), (4, 2), (4, 3), (5, 2), (6, 5)), (1, 3))",12,5.0,17.0,12,8,3,expanded,False,True,3075
"(((1, 4), (4, 2), (4, 4), (6, 3), (6, 5)), (1, 3))","(((2, 4), (4, 2), (4, 4), (6, 3), (6, 5)), (1, 3))",13,6,19.0,13,,,pruned,,,3076
"(((2, 4), (4, 2), (4, 4), (6, 3), (6, 6)), (1, 3))","(((2, 4), (4, 2), (4, 4), (6, 3), (6, 5)), (1, 3))",13,6,19.0,13,,,pruned,,,3077
"(((2, 4), (4, 2), (4, 4), (6, 2), (6, 5)), (1, 3))","(((2, 4), (4, 2), (4, 4), (6, 3), (6, 5)), (1, 3))",13,6,19.0,13,,,pruned,,,3078
"(((2, 4), (4, 1), (4, 4), (6, 3), (6, 5)), (1, 3))","(((2, 4), (4, 2), (4, 4), (6, 3), (6, 5)), (1, 3))",13,6,19.0,13,,,pruned,,,3079
"(((2, 4), (4, 2), (4, 4), (6, 3), (6, 5)), (1, 3))","(((2, 4), (4, 2), (4, 4), (5, 3), (6, 5)), (1, 3))",12,5.0,17.0,12,10,4,expanded,False,True,3080
"(((1, 4), (4, 3), (5, 2), (5, 4), (6, 5)), (1, 3))","(((2, 4), (4, 3), (5, 2), (5, 4), (6, 5)), (1, 3))",13,6,19.0,13,,,pruned,,,3081
"(((2, 4), (4, 3), (5, 4), (6, 2), (6, 5)), (1, 3))","(((2, 4), (4, 3), (5, 2), (5, 4), (6, 5)), (1, 3))",13,5,18.0,13,,,pruned,,,3082
"(((2, 4), (4, 3), (5, 2), (5, 4), (6, 5)), (1, 3))","(((2, 4), (4, 3), (4, 4), (5, 2), (6, 5)), (1, 3))",12,5.0,17.0,12,8,2,expanded,False,True,3083
"(((1, 4), (4, 4), (5, 2), (5, 3), (6, 5)), (1, 3))","(((2, 4), (4, 4), (5, 2), (5, 3), (6, 5)), (1, 3))",13,6,19.0,13,,,pruned,,,3084
"(((2, 4), (4, 4), (5, 3), (6, 2), (6, 5)), (1, 3))","(((2, 4), (4, 4), (5, 2), (5, 3), (6, 5)), (1, 3))",13,5,18.0,13,,,pruned,,,3085
"(((2, 4), (4, 4), (5, 2), (5, 3), (6, 5)), (1, 3))","(((2, 4), (4, 3), (4, 4), (5, 2), (6, 5)), (1, 3))",12,5.0,17.0,12,5,2,expanded,False,True,3086
"(((3, 4), (4, 4), (5, 2), (6, 3), (6, 6)), (1, 3))","(((3, 4), (4, 4), (5, 2), (6, 3), (6, 5)), (1, 3))",13,6,19.0,13,,,pruned,,,3087
"(((3, 4), (4, 4), (5, 2), (6, 2), (6, 5)), (1, 3))","(((3, 4), (4, 4), (5, 2), (6, 3), (6, 5)), (1, 3))",13,6,19.0,13,,,pruned,,,3088
"(((3, 4), (4, 4), (6, 2), (6, 3), (6, 5)), (1, 3))","(((3, 4), (4, 4), (5, 2), (6, 3), (6, 5)), (1, 3))",13,5,18.0,13,,,pruned,,,3089
"(((3, 4), (4, 4), (5, 1), (6, 3), (6, 5)), (1, 3))","(((3, 4), (4, 4), (5, 2), (6, 3), (6, 5)), (1, 3))",13,6,19.0,13,,,pruned,,,3090
"(((3, 4), (4, 4), (5, 2), (6, 3), (6, 5)), (1, 3))","(((3, 4), (4, 4), (5, 2), (5, 3), (6, 5)), (1, 3))",12,5.0,17.0,12,6,4,expanded,False,True,3091
"(((4, 3), (4, 4), (5, 3), (5, 4), (6, 6)), (1, 3))","(((4, 3), (4, 4), (5, 3), (5, 4), (6, 5)), (1, 3))",14,5,19.0,14,,,pruned,,,3092
"(((4, 3), (4, 4), (5, 3), (5, 4), (6, 5)), (1, 3))","(((4, 3), (4, 4), (5, 3), (5, 4), (6, 4)), (1, 3))",13,4.0,17.0,13,1,1,expanded,True,True,3093
"(((3, 4), (4, 2), (4, 3), (5, 6), (6, 3)), (1, 3))","(((3, 4), (4, 2), (4, 3), (5, 5), (6, 3)), (1, 3))",14,5,19.0,14,,,pruned,,,3094
"(((3, 4), (4, 2), (4, 3), (5, 5), (6, 2)), (1, 3))","(((3, 4), (4, 2), (4, 3), (5, 5), (6, 3)), (1, 3))",14,5,19.0,14,,,pruned,,,3095
"(((3, 4), (4, 2), (4, 3), (5, 5), (6, 3)), (1, 3))","(((3, 4), (4, 2), (4, 3), (5, 4), (6, 3)), (1, 3))",13,4.0,17.0,13,8,2,expanded,False,True,3096
"(((3, 4), (4, 1), (5, 4), (6, 3), (6, 4)), (1, 3))","(((3, 4), (4, 2), (5, 4), (6, 3), (6, 4)), (1, 3))",14,5,19.0,14,,,pruned,,,3097
"(((3, 4), (4, 2), (5, 4), (6, 3), (6, 4)), (1, 3))","(((3, 4), (4, 2), (5, 3), (6, 3), (6, 4)), (1, 3))",13,4.0,17.0,13,5,1,expanded,False,True,3098
"(((1, 4), (3, 3), (4, 2), (5, 5), (6, 3)), (1, 3))","(((2, 4), (3, 3), (4, 2), (5, 5), (6, 3)), (1, 3))",14,5,19.0,14,,,pruned,,,3099
"(((2, 4), (3, 3), (4, 2), (5, 6), (6, 3)), (1, 3))","(((2, 4), (3, 3), (4, 2), (5, 5), (6, 3)), (1, 3))",14,5,19.0,14,,,pruned,,,3100
"(((2, 4), (3, 3), (4, 2), (5, 5), (6, 2)), (1, 3))","(((2, 4), (3, 3), (4, 2), (5, 5), (6, 3)), (1, 3))",14,5,19.0,14,,,pruned,,,3101
"(((2, 4), (3, 3), (4, 1), (5, 5), (6, 3)), (3, 4))","(((2, 4), (3, 3), (4, 2), (5, 5), (6, 3)), (1, 3))",14,5,19.0,14,,,pruned,,,3102
"(((2, 4), (3, 3), (4, 2), (5, 5), (6, 3)), (1, 3))","(((2, 4), (3, 3), (4, 2), (5, 4), (6, 3)), (1, 3))",13,4.0,17.0,13,10,4,expanded,False,True,3103
"(((4, 1), (4, 4), (5, 3), (5, 4), (6, 4)), (1, 3))","(((4, 2), (4, 4), (5, 3), (5, 4), (6, 4)), (1, 3))",14,5,19.0,14,,,pruned,,,3104
"(((4, 2), (4, 4), (5, 3), (5, 4), (6, 4)), (1, 3))","(((4, 2), (4, 4), (5, 3), (5, 4), (6, 3)), (1, 3))",13,4.0,17.0,13,5,1,expanded,False,True,3105
"(((1, 4), (2, 3), (3, 3), (5, 4), (6, 5)), (2, 1))","(((2, 3), (2, 4), (3, 3), (5, 4), (6, 5)), (2, 1))",14,5,19.0,14,,,pruned,,,3106
"(((2, 3), (2, 4), (3, 3), (5, 4), (6, 6)), (2, 1))","(((2, 3), (2, 4), (3, 3), (5, 4), (6, 5)), (2, 1))",14,5,19.0,14,,,pruned,,,3107
"(((2, 3), (2, 4), (3, 3), (5, 4), (6, 5)), (2, 1))","(((2, 3), (2, 4), (3, 3), (5, 4), (6, 4)), (2, 1))",13,4.0,17.0,13,5,2,expanded,False,True,3108
"(((4, 4), (5, 4), (6, 2), (6, 3), (6, 4)), (1, 3))","(((4, 4), (5, 2), (5, 4), (6, 3), (6, 4)), (1, 3))",14,4,18.0,14,,,pruned,,,3109
"(((4, 4), (5, 1), (5, 4), (6, 3), (6, 4)), (1, 3))","(((4, 4), (5, 2), (5, 4), (6, 3), (6, 4)), (1, 3))",14,5,19.0,14,,,pruned,,,3110
"(((4, 4), (5, 2), (5, 4), (6, 3), (6, 4)), (1, 3))","(((4, 3), (5, 2), (5, 4), (6, 3), (6, 4)), (1, 3))",13,4.0,17.0,13,4,2,expanded,False,True,3111
"(((4, 1), (5, 2), (5, 4), (6, 3), (6, 4)), (1, 3))","(((4, 2), (5, 2), (5, 4), (6, 3), (6, 4)), (1, 3))",14,5,19.0,14,,,pruned,,,3112
"(((4, 2), (5, 1), (5, 4), (6, 3), (6, 4)), (1, 3))","(((4, 2), (5, 2), (5, 4), (6, 3), (6, 4)), (1, 3))",14,5,19.0,14,,,pruned,,,3113
"(((4, 2), (5, 2), (5, 4), (6, 3), (6, 4)), (1, 3))","(((4, 3), (5, 2), (5, 4), (6, 3), (6, 4)), (1, 3))",13,4.0,17.0,13,5,2,expanded,False,True,3114
"(((4, 2), (4, 3), (5, 3), (5, 4), (6, 6)), (1, 3))","(((4, 2), (4, 3), (5, 3), (5, 4), (6, 5)), (1, 3))",14,5,19.0,14,,,pruned,,,3115
"(((4, 2), (4, 3), (5, 3), (5, 4), (6, 5)), (1, 3))","(((4, 2), (4, 3), (5, 3), (5, 4), (6, 4)), (1, 3))",13,4.0,17.0,13,3,1,expanded,False,True,3116
"(((3, 4), (4, 2), (4, 3), (5, 1), (6, 4)), (4, 4))","(((3, 4), (4, 2), (4, 3), (5, 2), (6, 4)), (4, 4))",14,5,19.0,14,,,pruned,,,3117
"(((3, 4), (4, 2), (4, 3), (5, 2), (6, 4)), (4, 4))","(((3, 4), (4, 2), (4, 3), (5, 3), (6, 4)), (4, 4))",13,4.0,17.0,13,5,1,expanded,False,True,3118
"(((2, 4), (3, 3), (4, 3), (5, 4), (6, 6)), (1, 3))","(((2, 4), (3, 3), (4, 3), (5, 4), (6, 5)), (1, 3))",14,5,19.0,14,,,pruned,,,3119
"(((2, 4), (3, 3), (4, 3), (5, 4), (6, 5)), (1, 3))","(((2, 4), (3, 3), (4, 3), (5, 4), (6, 4)), (1, 3))",13,4.0,17.0,13,5,1,expanded,False,True,3120
"(((1, 4), (4, 4), (5, 2), (5, 3), (6, 4)), (1, 3))","(((2, 4), (4, 4), (5, 2), (5, 3), (6, 4)), (1, 3))",14,5,19.0,14,,,pruned,,,3121
"(((2, 4), (4, 4), (5, 3), (6, 2), (6, 4)), (1, 3))","(((2, 4), (4, 4), (5, 2), (5, 3), (6, 4)), (1, 3))",14,4,18.0,14,,,pruned,,,3122
"(((2, 4), (4, 4), (5, 2), (5, 3), (6, 4)), (1, 3))","(((2, 4), (4, 3), (5, 2), (5, 3), (6, 4)), (1, 3))",13,4.0,17.0,13,5,2,expanded,False,True,3123
"(((3, 3), (4, 1), (4, 4), (5, 4), (6, 4)), (4, 2))","(((3, 3), (4, 2), (4, 4), (5, 4), (6, 4)), (1, 3))",14,5,19.0,14,,,pruned,,,3124
"(((3, 3), (4, 2), (4, 4), (5, 4), (6, 4)), (1, 3))","(((4, 2), (4, 3), (4, 4), (5, 4), (6, 4)), (1, 3))",13,4.0,17.0,13,6,1,expanded,False,True,3125
"(((1, 3), (2, 4), (5, 2), (5, 4), (6, 4)), (2, 1))","(((2, 3), (2, 4), (5, 2), (5, 4), (6, 4)), (2, 1))",14,5,19.0,14,,,pruned,,,3126
"(((1, 4), (2, 3), (5, 2), (5, 4), (6, 4)), (2, 1))","(((2, 3), (2, 4), (5, 2), (5, 4), (6, 4)), (2, 1))",14,5,19.0,14,,,pruned,,,3127
"(((2, 3), (2, 4), (5, 4), (6, 2), (6, 4)), (2, 1))","(((2, 3), (2, 4), (5, 2), (5, 4), (6, 4)), (2, 1))",14,4,18.0,14,,,pruned,,,3128
"(((2, 3), (2, 4), (5, 1), (5, 4), (6, 4)), (2, 1))","(((2, 3), (2, 4), (5, 2), (5, 4), (6, 4)), (2, 1))",14,5,19.0,14,,,pruned,,,3129
"(((2, 3), (2, 4), (5, 2), (5, 4), (6, 4)), (2, 1))","(((2, 3), (2, 4), (4, 4), (5, 2), (6, 4)), (2, 1))",13,4.0,17.0,13,8,4,expanded,False,True,3130
"(((1, 3), (2, 4), (4, 2), (4, 4), (6, 4)), (2, 1))","(((2, 3), (2, 4), (4, 2), (4, 4), (6, 4)), (2, 1))",14,5,19.0,14,,,pruned,,,3131
"(((1, 4), (2, 3), (4, 2), (4, 4), (6, 4)), (2, 1))","(((2, 3), (2, 4), (4, 2), (4, 4), (6, 4)), (2, 1))",14,5,19.0,14,,,pruned,,,3132
"(((2, 3), (2, 4), (4, 1), (4, 4), (6, 4)), (3, 3))","(((2, 3), (2, 4), (4, 2), (4, 4), (6, 4)), (2, 1))",14,5,19.0,14,,,pruned,,,3133
"(((2, 3), (2, 4), (4, 2), (4, 4), (6, 4)), (2, 1))","(((2, 3), (2, 4), (4, 4), (5, 2), (6, 4)), (2, 1))",13,4.0,17.0,13,8,3,expanded,False,True,3134
"(((3, 4), (4, 3), (5, 3), (6, 4), (6, 5)), (1, 3))","(((2, 4), (4, 3), (5, 3), (6, 4), (6, 5)), (1, 3))",13,4.0,17.0,13,3,0,expanded,False,True,3135
"(((1, 3), (2, 4), (6, 3), (6, 4), (6, 5)), (2, 1))","(((2, 3), (2, 4), (6, 3), (6, 4), (6, 5)), (2, 1))",14,5,19.0,14,,,pruned,,,3136
"(((1, 4), (2, 3), (6, 3), (6, 4), (6, 5)), (2, 1))","(((2, 3), (2, 4), (6, 3), (6, 4), (6, 5)), (2, 1))",14,5,19.0,14,,,pruned,,,3137
"(((2, 3), (2, 4), (6, 3), (6, 4), (6, 5)), (2, 1))","(((2, 3), (2, 4), (5, 4), (6, 3), (6, 5)), (2, 1))",13,4.0,17.0,13,2,2,expanded,True,True,3138
"(((1, 3), (2, 4), (4, 3), (6, 4), (6, 5)), (2, 1))","(((2, 3), (2, 4), (4, 3), (6, 4), (6, 5)), (2, 1))",14,5,19.0,14,,,pruned,,,3139
"(((1, 4), (2, 3), (4, 3), (6, 4), (6, 5)), (2, 1))","(((2, 3), (2, 4), (4, 3), (6, 4), (6, 5)), (2, 1))",14,5,19.0,14,,,pruned,,,3140
"(((2, 3), (2, 4), (4, 3), (6, 4), (6, 5)), (2, 1))","(((2, 3), (2, 4), (5, 3), (6, 4), (6, 5)), (2, 1))",13,4.0,17.0,13,6,2,expanded,False,True,3141
"(((1, 3), (3, 4), (4, 2), (5, 4), (6, 4)), (1, 4))","(((2, 3), (3, 4), (4, 2), (5, 4), (6, 4)), (2, 1))",14,5,19.0,14,,,pruned,,,3142
"(((2, 3), (3, 4), (4, 1), (5, 4), (6, 4)), (3, 3))","(((2, 3), (3, 4), (4, 2), (5, 4), (6, 4)), (2, 1))",14,5,19.0,14,,,pruned,,,3143
"(((2, 3), (3, 4), (4, 2), (5, 4), (6, 4)), (2, 1))","(((3, 3), (3, 4), (4, 2), (5, 4), (6, 4)), (1, 3))",13,4.0,17.0,13,7,2,expanded,False,True,3144
"(((1, 4), (4, 3), (5, 2), (5, 4), (6, 4)), (1, 3))","(((2, 4), (4, 3), (5, 2), (5, 4), (6, 4)), (1, 3))",14,5,19.0,14,,,pruned,,,3145
"(((2, 4), (4, 3), (5, 4), (6, 2), (6, 4)), (1, 3))","(((2, 4), (4, 3), (5, 2), (5, 4), (6, 4)), (1, 3))",14,4,18.0,14,,,pruned,,,3146
"(((2, 4), (4, 3), (5, 2), (5, 4), (6, 4)), (1, 3))","(((2, 4), (4, 3), (4, 4), (5, 2), (6, 4)), (1, 3))",13,4.0,17.0,13,7,2,expanded,False,True,3147
"(((4, 2), (4, 3), (5, 2), (5, 4), (6, 4)), (1, 3))","(((4, 2), (4, 3), (4, 4), (5, 2), (6, 4)), (1, 3))",13,4.0,17.0,13,2,0,expanded,False,True,3148
"(((4, 1), (4, 4), (5, 2), (5, 3), (6, 4)), (1, 3))","(((4, 2), (4, 4), (5, 2), (5, 3), (6, 4)), (1, 3))",14,5,19.0,14,,,pruned,,,3149
"(((4, 2), (4, 4), (5, 2), (5, 3), (6, 4)), (1, 3))","(((4, 2), (4, 3), (4, 4), (5, 2), (6, 4)), (1, 3))",13,4.0,17.0,13,4,1,expanded,False,True,3150
"(((3, 4), (4, 3), (5, 4), (6, 3), (6, 5)), (1, 3))","(((2, 4), (4, 3), (5, 4), (6, 3), (6, 5)), (1, 3))",13,4.0,17.0,13,6,0,expanded,False,True,3151
"(((1, 4), (5, 3), (5, 4), (6, 3), (6, 5)), (1, 3))","(((2, 4), (5, 3), (5, 4), (6, 3), (6, 5)), (1, 3))",14,5,19.0,14,,,pruned,,,3152
"(((2, 4), (5, 3), (5, 4), (6, 3), (6, 5)), (1, 3))","(((2, 4), (4, 3), (5, 4), (6, 3), (6, 5)), (1, 3))",13,4.0,17.0,13,4,1,expanded,False,True,3153
"(((1, 4), (3, 3), (5, 4), (6, 3), (6, 5)), (1, 3))","(((2, 4), (3, 3), (5, 4), (6, 3), (6, 5)), (1, 3))",14,5,19.0,14,,,pruned,,,3154
"(((2, 4), (3, 3), (5, 4), (6, 3), (6, 5)), (1, 3))","(((2, 4), (4, 3), (5, 4), (6, 3), (6, 5)), (1, 3))",13,4.0,17.0,13,7,1,expanded,False,True,3155
"(((1, 4), (4, 3), (6, 3), (6, 4), (6, 5)), (1, 3))","(((2, 4), (4, 3), (6, 3), (6, 4), (6, 5)), (1, 3))",14,5,19.0,14,,,pruned,,,3156
"(((2, 4), (4, 3), (6, 3), (6, 4), (6, 5)), (1, 3))","(((2, 4), (4, 3), (5, 4), (6, 3), (6, 5)), (1, 3))",13,4.0,17.0,13,6,1,expanded,False,True,3157
"(((4, 3), (4, 4), (5, 5), (6, 2), (6, 3)), (1, 3))","(((4, 3), (4, 4), (5, 2), (5, 5), (6, 3)), (1, 3))",14,4,18.0,14,,,pruned,,,3158
"(((4, 3), (4, 4), (5, 2), (5, 5), (6, 3)), (1, 3))","(((3, 4), (4, 3), (5, 2), (5, 5), (6, 3)), (1, 3))",13,4.0,17.0,13,4,1,expanded,False,True,3159
"(((3, 4), (5, 2), (5, 3), (5, 6), (6, 3)), (1, 3))","(((3, 4), (5, 2), (5, 3), (5, 5), (6, 3)), (1, 3))",14,5,19.0,14,,,pruned,,,3160
"(((3, 4), (5, 2), (5, 3), (5, 5), (6, 2)), (1, 3))","(((3, 4), (5, 2), (5, 3), (5, 5), (6, 3)), (1, 3))",14,5,19.0,14,,,pruned,,,3161
"(((3, 4), (5, 3), (5, 5), (6, 2), (6, 3)), (1, 3))","(((3, 4), (5, 2), (5, 3), (5, 5), (6, 3)), (1, 3))",14,4,18.0,14,,,pruned,,,3162
"(((3, 4), (5, 2), (5, 3), (5, 5), (6, 3)), (1, 3))","(((3, 4), (4, 3), (5, 2), (5, 5), (6, 3)), (1, 3))",13,4.0,17.0,13,6,3,expanded,False,True,3163
"(((3, 3), (3, 4), (5, 2), (5, 6), (6, 3)), (1, 3))","(((3, 3), (3, 4), (5, 2), (5, 5), (6, 3)), (1, 3))",14,5,19.0,14,,,pruned,,,3164
"(((3, 3), (3, 4), (5, 2), (5, 5), (6, 2)), (1, 3))","(((3, 3), (3, 4), (5, 2), (5, 5), (6, 3)), (1, 3))",14,5,19.0,14,,,pruned,,,3165
"(((3, 3), (3, 4), (5, 5), (6, 2), (6, 3)), (1, 3))","(((3, 3), (3, 4), (5, 2), (5, 5), (6, 3)), (1, 3))",14,4,18.0,14,,,pruned,,,3166
"(((3, 3), (3, 4), (5, 1), (5, 5), (6, 3)), (1, 3))","(((3, 3), (3, 4), (5, 2), (5, 5), (6, 3)), (1, 3))",14,5,19.0,14,,,pruned,,,3167
"(((3, 3), (3, 4), (5, 2), (5, 5), (6, 3)), (1, 3))","(((2, 4), (3, 3), (5, 2), (5, 5), (6, 3)), (1, 3))",13,4.0,17.0,13,10,4,expanded,False,True,3168
"(((4, 1), (4, 4), (5, 3), (5, 5), (6, 3)), (1, 3))","(((4, 2), (4, 4), (5, 3), (5, 5), (6, 3)), (1, 3))",14,5,19.0,14,,,pruned,,,3169
"(((4, 2), (4, 4), (5, 3), (5, 5), (6, 3)), (1, 3))","(((3, 4), (4, 2), (5, 3), (5, 5), (6, 3)), (1, 3))",13,4.0,17.0,13,5,1,expanded,False,True,3170
"(((3, 4), (4, 2), (4, 4), (5, 3), (6, 4)), (5, 4))","(((3, 4), (4, 2), (4, 4), (5, 3), (6, 5)), (1, 3))",13,4.0,17.0,13,2,0,expanded,False,True,3171
"(((4, 2), (4, 4), (5, 2), (5, 4), (6, 2)), (1, 3))","(((4, 2), (4, 4), (5, 2), (5, 4), (6, 3)), (5, 5))",14,5,19.0,14,,,pruned,,,3172
"(((4, 2), (4, 4), (5, 2), (5, 4), (6, 3)), (5, 5))","(((4, 2), (4, 4), (5, 2), (5, 5), (6, 3)), (1, 3))",13,4.0,17.0,13,2,1,expanded,False,True,3173
"(((1, 4), (4, 3), (5, 2), (5, 3), (6, 5)), (1, 3))","(((2, 4), (4, 3), (5, 2), (5, 3), (6, 5)), (1, 3))",14,5,19.0,14,,,pruned,,,3174
"(((2, 4), (4, 3), (5, 2), (5, 3), (6, 6)), (1, 3))","(((2, 4), (4, 3), (5, 2), (5, 3), (6, 5)), (1, 3))",14,5,19.0,14,,,pruned,,,3175
"(((2, 4), (4, 3), (5, 3), (6, 2), (6, 5)), (1, 3))","(((2, 4), (4, 3), (5, 2), (5, 3), (6, 5)), (1, 3))",14,4,18.0,14,,,pruned,,,3176
"(((2, 4), (4, 3), (5, 2), (5, 3), (6, 5)), (1, 3))","(((2, 4), (4, 2), (5, 2), (5, 3), (6, 5)), (1, 3))",13,4.0,17.0,13,8,3,expanded,False,True,3177
"(((4, 4), (5, 3), (5, 4), (6, 3), (6, 4)), (1, 3))","(((4, 3), (5, 3), (5, 4), (6, 3), (6, 4)), (1, 3))",14,3.0,17.0,14,0,0,expanded,False,True,3178
"(((4, 1), (5, 3), (5, 4), (6, 3), (6, 4)), (1, 3))","(((4, 2), (5, 3), (5, 4), (6, 3), (6, 4)), (1, 3))",15,4,19.0,15,,,pruned,,,3179
"(((4, 2), (5, 3), (5, 4), (6, 3), (6, 4)), (1, 3))","(((4, 3), (5, 3), (5, 4), (6, 3), (6, 4)), (1, 3))",14,3.0,17.0,14,2,1,expanded,False,True,3180
"(((1, 3), (3, 4), (5, 4), (6, 3), (6, 4)), (1, 4))","(((2, 3), (3, 4), (5, 4), (6, 3), (6, 4)), (2, 1))",15,4,19.0,15,,,pruned,,,3181
"(((2, 3), (3, 4), (5, 4), (6, 3), (6, 4)), (2, 1))","(((2, 3), (3, 4), (5, 3), (6, 3), (6, 4)), (2, 1))",14,3.0,17.0,14,4,1,expanded,False,True,3182
"(((3, 3), (4, 4), (5, 4), (6, 3), (6, 4)), (1, 3))","(((3, 3), (4, 4), (5, 3), (6, 3), (6, 4)), (1, 3))",14,3.0,17.0,14,3,0,expanded,False,True,3183
"(((1, 4), (3, 3), (4, 3), (5, 5), (6, 3)), (1, 3))","(((2, 4), (3, 3), (4, 3), (5, 5), (6, 3)), (1, 3))",15,4,19.0,15,,,pruned,,,3184
"(((2, 4), (3, 3), (4, 3), (5, 6), (6, 3)), (1, 3))","(((2, 4), (3, 3), (4, 3), (5, 5), (6, 3)), (1, 3))",15,4,19.0,15,,,pruned,,,3185
"(((2, 4), (3, 3), (4, 3), (5, 5), (6, 2)), (1, 3))","(((2, 4), (3, 3), (4, 3), (5, 5), (6, 3)), (1, 3))",15,4,19.0,15,,,pruned,,,3186
"(((2, 4), (3, 3), (4, 3), (5, 5), (6, 3)), (1, 3))","(((2, 4), (3, 3), (4, 3), (5, 4), (6, 3)), (1, 3))",14,3.0,17.0,14,8,3,expanded,False,True,3187
"(((3, 4), (4, 2), (4, 3), (5, 2), (6, 2)), (4, 4))","(((3, 4), (4, 2), (4, 3), (5, 2), (6, 3)), (4, 4))",15,4,19.0,15,,,pruned,,,3188
"(((3, 4), (4, 2), (4, 3), (5, 1), (6, 3)), (4, 4))","(((3, 4), (4, 2), (4, 3), (5, 2), (6, 3)), (4, 4))",15,4,19.0,15,,,pruned,,,3189
"(((3, 4), (4, 2), (4, 3), (5, 2), (6, 3)), (4, 4))","(((3, 4), (4, 2), (4, 3), (5, 3), (6, 3)), (4, 4))",14,3.0,17.0,14,4,2,expanded,False,True,3190
"(((3, 3), (4, 1), (4, 4), (5, 4), (6, 3)), (4, 2))","(((3, 3), (4, 2), (4, 4), (5, 4), (6, 3)), (1, 3))",15,4,19.0,15,,,pruned,,,3191
"(((3, 3), (4, 2), (4, 4), (5, 4), (6, 3)), (1, 3))","(((4, 2), (4, 3), (4, 4), (5, 4), (6, 3)), (1, 3))",14,3.0,17.0,14,6,1,expanded,False,True,3192
"(((1, 3), (3, 4), (4, 2), (5, 4), (6, 3)), (1, 4))","(((2, 3), (3, 4), (4, 2), (5, 4), (6, 3)), (2, 1))",15,4,19.0,15,,,pruned,,,3193
"(((2, 3), (3, 4), (4, 1), (5, 4), (6, 3)), (3, 3))","(((2, 3), (3, 4), (4, 2), (5, 4), (6, 3)), (2, 1))",15,4,19.0,15,,,pruned,,,3194
"(((2, 3), (3, 4), (4, 2), (5, 4), (6, 3)), (2, 1))","(((3, 3), (3, 4), (4, 2), (5, 4), (6, 3)), (1, 3))",14,3.0,17.0,14,8,2,expanded,False,True,3195
"(((3, 3), (3, 4), (4, 1), (6, 3), (6, 4)), (4, 2))","(((3, 3), (3, 4), (4, 2), (6, 3), (6, 4)), (1, 3))",15,4,19.0,15,,,pruned,,,3196
"(((3, 3), (3, 4), (4, 2), (6, 3), (6, 4)), (1, 3))","(((3, 3), (3, 4), (4, 2), (5, 4), (6, 3)), (1, 3))",14,3.0,17.0,14,6,1,expanded,False,True,3197
"(((1, 3), (2, 4), (4, 2), (6, 3), (6, 4)), (2, 1))","(((2, 3), (2, 4), (4, 2), (6, 3), (6, 4)), (2, 1))",15,4,19.0,15,,,pruned,,,3198
"(((1, 4), (2, 3), (4, 2), (6, 3), (6, 4)), (2, 1))","(((2, 3), (2, 4), (4, 2), (6, 3), (6, 4)), (2, 1))",15,4,19.0,15,,,pruned,,,3199
"(((2, 3), (2, 4), (4, 1), (6, 3), (6, 4)), (3, 3))","(((2, 3), (2, 4), (4, 2), (6, 3), (6, 4)), (2, 1))",15,4,19.0,15,,,pruned,,,3200
"(((2, 3), (2, 4), (4, 2), (6, 3), (6, 4)), (2, 1))","(((2, 3), (2, 4), (4, 2), (5, 4), (6, 3)), (2, 1))",14,3.0,17.0,14,4,3,expanded,False,True,3201
"(((4, 2), (4, 3), (4, 4), (6, 3), (6, 4)), (1, 3))","(((3, 4), (4, 2), (4, 3), (6, 3), (6, 4)), (1, 3))",14,3.0,17.0,14,4,0,expanded,False,True,3202
"(((4, 2), (4, 3), (5, 2), (5, 4), (6, 3)), (1, 3))","(((4, 2), (4, 3), (4, 4), (5, 2), (6, 3)), (1, 3))",14,3.0,17.0,14,3,0,expanded,False,True,3203
"(((4, 1), (4, 4), (5, 2), (5, 3), (6, 3)), (1, 3))","(((4, 2), (4, 4), (5, 2), (5, 3), (6, 3)), (1, 3))",15,4,19.0,15,,,pruned,,,3204
"(((4, 2), (4, 4), (5, 2), (5, 3), (6, 3)), (1, 3))","(((4, 2), (4, 3), (4, 4), (5, 2), (6, 3)), (1, 3))",14,3.0,17.0,14,3,1,expanded,False,True,3205
"(((1, 3), (5, 2), (5, 4), (6, 3), (6, 4)), (1, 4))","(((2, 3), (5, 2), (5, 4), (6, 3), (6, 4)), (1, 3))",15,4,19.0,15,,,pruned,,,3206
"(((2, 3), (5, 4), (6, 2), (6, 3), (6, 4)), (1, 3))","(((2, 3), (5, 2), (5, 4), (6, 3), (6, 4)), (1, 3))",15,3,18.0,15,,,pruned,,,3207
"(((2, 3), (5, 1), (5, 4), (6, 3), (6, 4)), (1, 3))","(((2, 3), (5, 2), (5, 4), (6, 3), (6, 4)), (1, 3))",15,4,19.0,15,,,pruned,,,3208
"(((2, 3), (5, 2), (5, 4), (6, 3), (6, 4)), (1, 3))","(((3, 3), (5, 2), (5, 4), (6, 3), (6, 4)), (1, 3))",14,3.0,17.0,14,8,3,expanded,False,True,3209
"(((3, 3), (4, 3), (4, 4), (5, 4), (6, 4)), (1, 3))","(((3, 3), (3, 4), (4, 3), (5, 4), (6, 4)), (1, 3))",14,3.0,17.0,14,2,0,expanded,False,True,3210
"(((4, 3), (4, 4), (5, 3), (6, 2), (6, 4)), (1, 3))","(((4, 3), (4, 4), (5, 2), (5, 3), (6, 4)), (1, 3))",15,3,18.0,15,,,pruned,,,3211
"(((4, 3), (4, 4), (5, 2), (5, 3), (6, 4)), (1, 3))","(((3, 4), (4, 3), (5, 2), (5, 3), (6, 4)), (1, 3))",14,3.0,17.0,14,2,1,expanded,False,True,3212
"(((1, 3), (2, 4), (4, 2), (4, 4), (6, 3)), (2, 1))","(((2, 3), (2, 4), (4, 2), (4, 4), (6, 3)), (2, 1))",15,4,19.0,15,,,pruned,,,3213
"(((1, 4), (2, 3), (4, 2), (4, 4), (6, 3)), (2, 1))","(((2, 3), (2, 4), (4, 2), (4, 4), (6, 3)), (2, 1))",15,4,19.0,15,,,pruned,,,3214
"(((2, 3), (2, 4), (4, 2), (4, 4), (6, 2)), (2, 1))","(((2, 3), (2, 4), (4, 2), (4, 4), (6, 3)), (2, 1))",15,4,19.0,15,,,pruned,,,3215
"(((2, 3), (2, 4), (4, 1), (4, 4), (6, 3)), (3, 3))","(((2, 3), (2, 4), (4, 2), (4, 4), (6, 3)), (2, 1))",15,4,19.0,15,,,pruned,,,3216
"(((2, 3), (2, 4), (4, 2), (4, 4), (6, 3)), (2, 1))","(((2, 4), (3, 3), (4, 2), (4, 4), (6, 3)), (1, 3))",14,3.0,17.0,14,8,4,expanded,False,True,3217
"(((4, 3), (4, 4), (5, 3), (5, 5), (6, 3)), (1, 3))","(((3, 4), (4, 3), (5, 3), (5, 5), (6, 3)), (1, 3))",14,3.0,17.0,14,3,0,expanded,False,True,3218
"(((3, 3), (3, 4), (5, 3), (5, 6), (6, 3)), (1, 3))","(((3, 3), (3, 4), (5, 3), (5, 5), (6, 3)), (1, 3))",15,4,19.0,15,,,pruned,,,3219
"(((3, 3), (3, 4), (5, 3), (5, 5), (6, 2)), (1, 3))","(((3, 3), (3, 4), (5, 3), (5, 5), (6, 3)), (1, 3))",15,4,19.0,15,,,pruned,,,3220
"(((3, 3), (3, 4), (5, 3), (5, 5), (6, 3)), (1, 3))","(((2, 4), (3, 3), (5, 3), (5, 5), (6, 3)), (1, 3))",14,3.0,17.0,14,10,2,expanded,False,True,3221
"(((3, 4), (4, 2), (4, 3), (5, 4), (6, 2)), (1, 3))","(((3, 4), (4, 2), (4, 3), (5, 4), (6, 3)), (5, 5))",15,4,19.0,15,,,pruned,,,3222
"(((3, 4), (4, 2), (4, 3), (5, 4), (6, 3)), (5, 5))","(((3, 4), (4, 2), (4, 3), (5, 5), (6, 3)), (1, 3))",14,3.0,17.0,14,3,1,expanded,False,True,3223
"(((2, 4), (3, 3), (4, 2), (5, 4), (6, 2)), (1, 3))","(((2, 4), (3, 3), (4, 2), (5, 4), (6, 3)), (5, 5))",15,4,19.0,15,,,pruned,,,3224
"(((2, 4), (3, 3), (4, 2), (5, 4), (6, 3)), (5, 5))","(((2, 4), (3, 3), (4, 2), (5, 5), (6, 3)), (1, 3))",14,3.0,17.0,14,3,1,expanded,False,True,3225
"(((2, 3), (3, 4), (4, 3), (5, 4), (6, 4)), (2, 1))","(((2, 3), (3, 4), (4, 2), (5, 4), (6, 4)), (2, 1))",14,3.0,17.0,14,5,0,expanded,False,True,3226
"(((3, 4), (5, 2), (5, 3), (5, 4), (6, 2)), (5, 5))","(((3, 4), (5, 2), (5, 3), (5, 4), (6, 3)), (5, 5))",15,4,19.0,15,,,pruned,,,3227
"(((3, 4), (5, 2), (5, 3), (5, 4), (6, 3)), (5, 5))","(((3, 4), (5, 2), (5, 3), (5, 5), (6, 3)), (1, 3))",14,3.0,17.0,14,2,1,expanded,False,True,3228
"(((3, 3), (3, 4), (5, 2), (5, 4), (6, 2)), (1, 3))","(((3, 3), (3, 4), (5, 2), (5, 4), (6, 3)), (5, 5))",15,4,19.0,15,,,pruned,,,3229
"(((3, 3), (3, 4), (5, 2), (5, 4), (6, 3)), (5, 5))","(((3, 3), (3, 4), (5, 2), (5, 5), (6, 3)), (1, 3))",14,3.0,17.0,14,3,1,expanded,False,True,3230
"(((4, 2), (4, 4), (5, 2), (5, 3), (6, 2)), (5, 4))","(((4, 2), (4, 4), (5, 2), (5, 3), (6, 3)), (5, 4))",15,4,19.0,15,,,pruned,,,3231
"(((4, 2), (4, 4), (5, 2), (5, 3), (6, 3)), (5, 4))","(((4, 2), (4, 4), (5, 2), (5, 4), (6, 3)), (5, 5))",14,3.0,17.0,14,2,1,expanded,False,True,3232
"(((1, 3), (5, 3), (5, 4), (6, 3), (6, 4)), (1, 4))","(((2, 3), (5, 3), (5, 4), (6, 3), (6, 4)), (1, 3))",16,3,19.0,16,,,pruned,,,3233
"(((2, 3), (5, 3), (5, 4), (6, 3), (6, 4)), (1, 3))","(((3, 3), (5, 3), (5, 4), (6, 3), (6, 4)), (1, 3))",15,2.0,17.0,15,4,1,expanded,False,True,3234
"(((3, 3), (4, 3), (4, 4), (5, 4), (6, 3)), (1, 3))","(((3, 3), (3, 4), (4, 3), (5, 4), (6, 3)), (1, 3))",15,2.0,17.0,15,2,0,expanded,False,True,3235
"(((4, 3), (4, 4), (5, 3), (6, 2), (6, 3)), (1, 3))","(((4, 3), (4, 4), (5, 2), (5, 3), (6, 3)), (1, 3))",16,2,18.0,16,,,pruned,,,3236
"(((4, 3), (4, 4), (5, 2), (5, 3), (6, 3)), (1, 3))","(((3, 4), (4, 3), (5, 2), (5, 3), (6, 3)), (1, 3))",15,2.0,17.0,15,2,1,expanded,False,True,3237
"(((1, 4), (2, 3), (3, 3), (5, 4), (6, 3)), (2, 1))","(((2, 3), (2, 4), (3, 3), (5, 4), (6, 3)), (2, 1))",16,3,19.0,16,,,pruned,,,3238
"(((2, 3), (2, 4), (3, 3), (5, 4), (6, 3)), (2, 1))","(((2, 3), (2, 4), (4, 3), (5, 4), (6, 3)), (2, 1))",15,2.0,17.0,15,4,1,expanded,False,True,3239
"(((3, 3), (3, 4), (4, 3), (6, 3), (6, 4)), (1, 3))","(((2, 4), (3, 3), (4, 3), (6, 3), (6, 4)), (1, 3))",15,2.0,17.0,15,4,0,expanded,False,True,3240
"(((3, 3), (3, 4), (5, 2), (5, 3), (6, 2)), (1, 3))","(((3, 3), (3, 4), (5, 2), (5, 3), (6, 3)), (1, 3))",16,3,19.0,16,,,pruned,,,3241
"(((3, 3), (3, 4), (5, 3), (6, 2), (6, 3)), (1, 3))","(((3, 3), (3, 4), (5, 2), (5, 3), (6, 3)), (1, 3))",16,2,18.0,16,,,pruned,,,3242
"(((3, 3), (3, 4), (5, 2), (5, 3), (6, 3)), (1, 3))","(((2, 4), (3, 3), (5, 2), (5, 3), (6, 3)), (1, 3))",15,2.0,17.0,15,6,2,expanded,False,True,3243
"(((2, 4), (3, 3), (4, 3), (5, 4), (6, 2)), (1, 3))","(((2, 4), (3, 3), (4, 3), (5, 4), (6, 3)), (5, 5))",16,3,19.0,16,,,pruned,,,3244
"(((2, 4), (3, 3), (4, 3), (5, 4), (6, 3)), (5, 5))","(((2, 4), (3, 3), (4, 3), (5, 5), (6, 3)), (1, 3))",15,2.0,17.0,15,3,1,expanded,False,True,3245
"(((2, 3), (3, 4), (4, 3), (5, 4), (6, 3)), (2, 1))","(((2, 3), (3, 4), (4, 2), (5, 4), (6, 3)), (2, 1))",15,2.0,17.0,15,5,0,expanded,False,True,3246
"(((1, 3), (2, 4), (4, 3), (6, 3), (6, 4)), (2, 1))","(((2, 3), (2, 4), (4, 3), (6, 3), (6, 4)), (2, 1))",16,3,19.0,16,,,pruned,,,3247
"(((1, 4), (2, 3), (4, 3), (6, 3), (6, 4)), (2, 1))","(((2, 3), (2, 4), (4, 3), (6, 3), (6, 4)), (2, 1))",16,3,19.0,16,,,pruned,,,3248
"(((2, 3), (2, 4), (4, 3), (6, 3), (6, 4)), (2, 1))","(((2, 3), (2, 4), (4, 2), (6, 3), (6, 4)), (2, 1))",15,2.0,17.0,15,6,2,expanded,False,True,3249
"(((3, 3), (3, 4), (5, 3), (5, 4), (6, 2)), (5, 5))","(((3, 3), (3, 4), (5, 3), (5, 4), (6, 3)), (5, 5))",16,3,19.0,16,,,pruned,,,3250
"(((3, 3), (3, 4), (5, 3), (5, 4), (6, 3)), (5, 5))","(((3, 3), (3, 4), (5, 3), (5, 5), (6, 3)), (1, 3))",15,2.0,17.0,15,2,1,expanded,False,True,3251
"(((1, 4), (3, 3), (4, 2), (5, 3), (6, 3)), (1, 3))","(((2, 4), (3, 3), (4, 2), (5, 3), (6, 3)), (3, 4))",16,3,19.0,16,,,pruned,,,3252
"(((2, 4), (3, 3), (4, 2), (5, 3), (6, 2)), (3, 4))","(((2, 4), (3, 3), (4, 2), (5, 3), (6, 3)), (3, 4))",16,3,19.0,16,,,pruned,,,3253
"(((2, 4), (3, 3), (4, 1), (5, 3), (6, 3)), (3, 4))","(((2, 4), (3, 3), (4, 2), (5, 3), (6, 3)), (3, 4))",16,3,19.0,16,,,pruned,,,3254
"(((2, 4), (3, 3), (4, 2), (5, 3), (6, 3)), (3, 4))","(((2, 4), (3, 3), (4, 2), (5, 4), (6, 3)), (5, 5))",15,2.0,17.0,15,5,3,expanded,False,True,3255
"(((1, 4), (3, 3), (4, 3), (5, 3), (6, 3)), (1, 3))","(((2, 4), (3, 3), (4, 3), (5, 3), (6, 3)), (3, 4))",17,2,19.0,17,,,pruned,,,3256
"(((2, 4), (3, 3), (4, 3), (5, 3), (6, 2)), (3, 4))","(((2, 4), (3, 3), (4, 3), (5, 3), (6, 3)), (3, 4))",17,2,19.0,17,,,pruned,,,3257
"(((2, 4), (3, 3), (4, 3), (5, 3), (6, 3)), (3, 4))","(((2, 4), (3, 3), (4, 3), (5, 4), (6, 3)), (5, 5))",16,1.0,17.0,16,4,2,expanded,False,True,3258
"(((1, 4), (4, 2), (4, 4), (5, 2), (6, 5)), (1, 3))","(((2, 4), (4, 2), (4, 4), (5, 2), (6, 5)), (1, 3))",13,7,20.0,13,,,pruned,,,3259
"(((2, 4), (4, 2), (4, 4), (5, 2), (6, 6)), (1, 3))","(((2, 4), (4, 2), (4, 4), (5, 2), (6, 5)), (1, 3))",13,7,20.0,13,,,pruned,,,3260
"(((2, 4), (4, 1), (4, 4), (5, 2), (6, 5)), (1, 3))","(((2, 4), (4, 2), (4, 4), (5, 2), (6, 5)), (1, 3))",13,7,20.0,13,,,pruned,,,3261
"(((2, 4), (4, 2), (4, 4), (5, 1), (6, 5)), (1, 3))","(((2, 4), (4, 2), (4, 4), (5, 2), (6, 5)), (1, 3))",13,7,20.0,13,,,pruned,,,3262
"(((2, 4), (4, 2), (4, 4), (5, 2), (6, 5)), (1, 3))","(((2, 4), (4, 2), (4, 4), (5, 3), (6, 5)), (1, 3))",12,6.0,18.0,12,10,4,expanded,False,True,3263
"(((3, 4), (4, 2), (5, 3), (5, 4), (6, 6)), (1, 3))","(((3, 4), (4, 2), (5, 3), (5, 4), (6, 5)), (1, 3))",14,6,20.0,14,,,pruned,,,3264
"(((3, 4), (4, 1), (5, 3), (5, 4), (6, 5)), (1, 3))","(((3, 4), (4, 2), (5, 3), (5, 4), (6, 5)), (1, 3))",14,6,20.0,14,,,pruned,,,3265
"(((3, 4), (4, 2), (5, 3), (5, 4), (6, 5)), (1, 3))","(((3, 4), (4, 2), (5, 3), (5, 4), (6, 4)), (1, 3))",13,5.0,18.0,13,9,2,expanded,False,True,3266
"(((4, 2), (4, 3), (4, 4), (5, 4), (6, 6)), (1, 3))","(((4, 2), (4, 3), (4, 4), (5, 4), (6, 5)), (1, 3))",14,6,20.0,14,,,pruned,,,3267
"(((4, 2), (4, 3), (4, 4), (5, 4), (6, 5)), (1, 3))","(((4, 2), (4, 3), (4, 4), (5, 4), (6, 4)), (1, 3))",13,5.0,18.0,13,4,1,expanded,False,True,3268
"(((4, 2), (4, 3), (4, 4), (5, 2), (6, 6)), (5, 3))","(((4, 2), (4, 3), (4, 4), (5, 2), (6, 5)), (5, 3))",14,6,20.0,14,,,pruned,,,3269
"(((4, 2), (4, 3), (4, 4), (5, 1), (6, 5)), (5, 2))","(((4, 2), (4, 3), (4, 4), (5, 2), (6, 5)), (5, 3))",14,6,20.0,14,,,pruned,,,3270
"(((4, 2), (4, 3), (4, 4), (5, 2), (6, 5)), (5, 3))","(((4, 2), (4, 3), (4, 4), (5, 3), (6, 5)), (1, 3))",13,5.0,18.0,13,5,2,expanded,False,True,3271
"(((1, 4), (4, 4), (5, 3), (6, 4), (6, 5)), (1, 3))","(((2, 4), (4, 4), (5, 3), (6, 4), (6, 5)), (1, 3))",14,6,20.0,14,,,pruned,,,3272
"(((2, 4), (4, 4), (5, 3), (6, 4), (6, 5)), (1, 3))","(((2, 4), (4, 3), (5, 3), (6, 4), (6, 5)), (1, 3))",13,5.0,18.0,13,6,1,expanded,False,True,3273
"(((1, 4), (4, 2), (5, 3), (6, 4), (6, 5)), (1, 3))","(((2, 4), (4, 2), (5, 3), (6, 4), (6, 5)), (1, 3))",14,6,20.0,14,,,pruned,,,3274
"(((2, 4), (4, 1), (5, 3), (6, 4), (6, 5)), (1, 3))","(((2, 4), (4, 2), (5, 3), (6, 4), (6, 5)), (1, 3))",14,6,20.0,14,,,pruned,,,3275
"(((2, 4), (4, 2), (5, 3), (6, 4), (6, 5)), (1, 3))","(((2, 4), (4, 3), (5, 3), (6, 4), (6, 5)), (1, 3))",13,5.0,18.0,13,8,2,expanded,False,True,3276
"(((1, 4), (4, 3), (5, 4), (6, 4), (6, 5)), (1, 3))","(((2, 4), (4, 3), (5, 4), (6, 4), (6, 5)), (1, 3))",14,6,20.0,14,,,pruned,,,3277
"(((2, 4), (4, 3), (5, 4), (6, 4), (6, 5)), (1, 3))","(((2, 4), (4, 3), (5, 3), (6, 4), (6, 5)), (1, 3))",13,5.0,18.0,13,7,1,expanded,False,True,3278
"(((1, 4), (4, 3), (5, 2), (6, 4), (6, 5)), (1, 3))","(((2, 4), (4, 3), (5, 2), (6, 4), (6, 5)), (1, 3))",14,6,20.0,14,,,pruned,,,3279
"(((2, 4), (4, 3), (6, 2), (6, 4), (6, 5)), (1, 3))","(((2, 4), (4, 3), (5, 2), (6, 4), (6, 5)), (1, 3))",14,5,19.0,14,,,pruned,,,3280
"(((2, 4), (4, 3), (5, 1), (6, 4), (6, 5)), (1, 3))","(((2, 4), (4, 3), (5, 2), (6, 4), (6, 5)), (1, 3))",14,6,20.0,14,,,pruned,,,3281
"(((2, 4), (4, 3), (5, 2), (6, 4), (6, 5)), (1, 3))","(((2, 4), (4, 3), (5, 3), (6, 4), (6, 5)), (1, 3))",13,5.0,18.0,13,10,3,expanded,False,True,3282
"(((1, 3), (2, 4), (5, 4), (6, 4), (6, 5)), (2, 1))","(((2, 3), (2, 4), (5, 4), (6, 4), (6, 5)), (2, 1))",14,6,20.0,14,,,pruned,,,3283
"(((1, 4), (2, 3), (5, 4), (6, 4), (6, 5)), (2, 1))","(((2, 3), (2, 4), (5, 4), (6, 4), (6, 5)), (2, 1))",14,6,20.0,14,,,pruned,,,3284
"(((2, 3), (2, 4), (5, 4), (6, 4), (6, 5)), (2, 1))","(((2, 3), (2, 4), (5, 4), (6, 3), (6, 5)), (2, 1))",13,5.0,18.0,13,3,2,expanded,False,True,3285
"(((1, 3), (2, 4), (5, 2), (6, 4), (6, 5)), (2, 1))","(((2, 3), (2, 4), (5, 2), (6, 4), (6, 5)), (2, 1))",14,6,20.0,14,,,pruned,,,3286
"(((1, 4), (2, 3), (5, 2), (6, 4), (6, 5)), (2, 1))","(((2, 3), (2, 4), (5, 2), (6, 4), (6, 5)), (2, 1))",14,6,20.0,14,,,pruned,,,3287
"(((2, 3), (2, 4), (6, 2), (6, 4), (6, 5)), (2, 1))","(((2, 3), (2, 4), (5, 2), (6, 4), (6, 5)), (2, 1))",14,5,19.0,14,,,pruned,,,3288
"(((2, 3), (2, 4), (5, 1), (6, 4), (6, 5)), (2, 1))","(((2, 3), (2, 4), (5, 2), (6, 4), (6, 5)), (2, 1))",14,6,20.0,14,,,pruned,,,3289
"(((2, 3), (2, 4), (5, 2), (6, 4), (6, 5)), (2, 1))","(((2, 3), (2, 4), (5, 3), (6, 4), (6, 5)), (2, 1))",13,5.0,18.0,13,6,4,expanded,False,True,3290
"(((3, 3), (3, 4), (4, 2), (5, 4), (6, 6)), (1, 3))","(((3, 3), (3, 4), (4, 2), (5, 4), (6, 5)), (1, 3))",14,6,20.0,14,,,pruned,,,3291
"(((3, 3), (3, 4), (4, 1), (5, 4), (6, 5)), (4, 2))","(((3, 3), (3, 4), (4, 2), (5, 4), (6, 5)), (1, 3))",14,6,20.0,14,,,pruned,,,3292
"(((3, 3), (3, 4), (4, 2), (5, 4), (6, 5)), (1, 3))","(((3, 3), (3, 4), (4, 2), (5, 4), (6, 4)), (1, 3))",13,5.0,18.0,13,10,2,expanded,False,True,3293
"(((1, 3), (2, 4), (4, 2), (5, 4), (6, 5)), (2, 1))","(((2, 3), (2, 4), (4, 2), (5, 4), (6, 5)), (2, 1))",14,6,20.0,14,,,pruned,,,3294
"(((1, 4), (2, 3), (4, 2), (5, 4), (6, 5)), (2, 1))","(((2, 3), (2, 4), (4, 2), (5, 4), (6, 5)), (2, 1))",14,6,20.0,14,,,pruned,,,3295
"(((2, 3), (2, 4), (4, 2), (5, 4), (6, 6)), (2, 1))","(((2, 3), (2, 4), (4, 2), (5, 4), (6, 5)), (2, 1))",14,6,20.0,14,,,pruned,,,3296
"(((2, 3), (2, 4), (4, 1), (5, 4), (6, 5)), (3, 3))","(((2, 3), (2, 4), (4, 2), (5, 4), (6, 5)), (2, 1))",14,6,20.0,14,,,pruned,,,3297
"(((2, 3), (2, 4), (4, 2), (5, 4), (6, 5)), (2, 1))","(((2, 3), (2, 4), (4, 2), (5, 4), (6, 4)), (2, 1))",13,5.0,18.0,13,8,4,expanded,False,True,3298
"(((1, 4), (4, 2), (5, 4), (6, 3), (6, 5)), (1, 3))","(((2, 4), (4, 2), (5, 4), (6, 3), (6, 5)), (1, 3))",14,6,20.0,14,,,pruned,,,3299
"(((2, 4), (4, 1), (5, 4), (6, 3), (6, 5)), (1, 3))","(((2, 4), (4, 2), (5, 4), (6, 3), (6, 5)), (1, 3))",14,6,20.0,14,,,pruned,,,3300
"(((2, 4), (4, 2), (5, 4), (6, 3), (6, 5)), (1, 3))","(((2, 4), (4, 3), (5, 4), (6, 3), (6, 5)), (1, 3))",13,5.0,18.0,13,7,2,expanded,False,True,3301
"(((1, 4), (4, 2), (4, 4), (5, 2), (6, 4)), (1, 3))","(((2, 4), (4, 2), (4, 4), (5, 2), (6, 4)), (1, 3))",14,6,20.0,14,,,pruned,,,3302
"(((2, 4), (4, 1), (4, 4), (5, 2), (6, 4)), (1, 3))","(((2, 4), (4, 2), (4, 4), (5, 2), (6, 4)), (1, 3))",14,6,20.0,14,,,pruned,,,3303
"(((2, 4), (4, 2), (4, 4), (5, 1), (6, 4)), (1, 3))","(((2, 4), (4, 2), (4, 4), (5, 2), (6, 4)), (1, 3))",14,6,20.0,14,,,pruned,,,3304
"(((2, 4), (4, 2), (4, 4), (5, 2), (6, 4)), (1, 3))","(((2, 4), (4, 2), (4, 4), (5, 3), (6, 4)), (5, 4))",13,5.0,18.0,13,10,3,expanded,False,True,3305
"(((3, 3), (3, 4), (4, 2), (5, 2), (6, 6)), (4, 3))","(((3, 3), (3, 4), (4, 2), (5, 2), (6, 5)), (4, 3))",14,6,20.0,14,,,pruned,,,3306
"(((3, 3), (3, 4), (4, 1), (5, 2), (6, 5)), (4, 2))","(((3, 3), (3, 4), (4, 2), (5, 2), (6, 5)), (4, 3))",14,6,20.0,14,,,pruned,,,3307
"(((3, 3), (3, 4), (4, 2), (5, 1), (6, 5)), (4, 3))","(((3, 3), (3, 4), (4, 2), (5, 2), (6, 5)), (4, 3))",14,6,20.0,14,,,pruned,,,3308
"(((3, 3), (3, 4), (4, 2), (5, 2), (6, 5)), (4, 3))","(((3, 4), (4, 2), (4, 3), (5, 2), (6, 5)), (4, 4))",13,5.0,18.0,13,6,3,expanded,False,True,3309
"(((3, 4), (4, 2), (4, 4), (6, 3), (6, 6)), (1, 3))","(((3, 4), (4, 2), (4, 4), (6, 3), (6, 5)), (1, 3))",14,6,20.0,14,,,pruned,,,3310
"(((3, 4), (4, 2), (4, 4), (6, 2), (6, 5)), (1, 3))","(((3, 4), (4, 2), (4, 4), (6, 3), (6, 5)), (1, 3))",14,6,20.0,14,,,pruned,,,3311
"(((3, 4), (4, 1), (4, 4), (6, 3), (6, 5)), (1, 3))","(((3, 4), (4, 2), (4, 4), (6, 3), (6, 5)), (1, 3))",14,6,20.0,14,,,pruned,,,3312
"(((3, 4), (4, 2), (4, 4), (6, 3), (6, 5)), (1, 3))","(((3, 4), (4, 2), (4, 4), (5, 3), (6, 5)), (1, 3))",13,5.0,18.0,13,6,3,expanded,False,True,3313
"(((1, 4), (3, 3), (4, 2), (6, 4), (6, 5)), (1, 3))","(((2, 4), (3, 3), (4, 2), (6, 4), (6, 5)), (1, 3))",14,6,20.0,14,,,pruned,,,3314
"(((2, 4), (3, 3), (4, 1), (6, 4), (6, 5)), (3, 4))","(((2, 4), (3, 3), (4, 2), (6, 4), (6, 5)), (1, 3))",14,6,20.0,14,,,pruned,,,3315
"(((2, 4), (3, 3), (4, 2), (6, 4), (6, 5)), (1, 3))","(((2, 4), (3, 3), (4, 2), (5, 4), (6, 5)), (1, 3))",13,5.0,18.0,13,6,2,expanded,False,True,3316
"(((4, 1), (5, 2), (5, 4), (5, 5), (6, 3)), (1, 3))","(((4, 2), (5, 2), (5, 4), (5, 5), (6, 3)), (1, 3))",14,6,20.0,14,,,pruned,,,3317
"(((4, 2), (5, 1), (5, 4), (5, 5), (6, 3)), (1, 3))","(((4, 2), (5, 2), (5, 4), (5, 5), (6, 3)), (1, 3))",14,6,20.0,14,,,pruned,,,3318
"(((4, 2), (5, 2), (5, 4), (5, 5), (6, 3)), (1, 3))","(((4, 2), (4, 4), (5, 2), (5, 5), (6, 3)), (1, 3))",13,5.0,18.0,13,5,2,expanded,False,True,3319
"(((3, 4), (4, 4), (6, 3), (6, 4), (6, 5)), (1, 3))","(((3, 4), (4, 4), (5, 3), (6, 4), (6, 5)), (1, 3))",13,5.0,18.0,13,0,0,expanded,False,True,3320
"(((3, 4), (4, 2), (4, 3), (6, 4), (6, 5)), (1, 3))","(((2, 4), (4, 2), (4, 3), (6, 4), (6, 5)), (1, 3))",13,5.0,18.0,13,4,0,expanded,False,True,3321
"(((4, 2), (4, 3), (4, 4), (5, 2), (6, 5)), (1, 3))","(((3, 4), (4, 2), (4, 3), (5, 2), (6, 5)), (1, 3))",13,5.0,18.0,13,3,0,expanded,False,True,3322
"(((3, 4), (4, 2), (5, 2), (5, 3), (6, 6)), (1, 3))","(((3, 4), (4, 2), (5, 2), (5, 3), (6, 5)), (1, 3))",14,6,20.0,14,,,pruned,,,3323
"(((3, 4), (4, 1), (5, 2), (5, 3), (6, 5)), (1, 3))","(((3, 4), (4, 2), (5, 2), (5, 3), (6, 5)), (1, 3))",14,6,20.0,14,,,pruned,,,3324
"(((3, 4), (4, 2), (5, 2), (5, 3), (6, 5)), (1, 3))","(((3, 4), (4, 2), (4, 3), (5, 2), (6, 5)), (1, 3))",13,5.0,18.0,13,8,2,expanded,False,True,3325
"(((1, 4), (4, 2), (5, 2), (6, 3), (6, 5)), (1, 3))","(((2, 4), (4, 2), (5, 2), (6, 3), (6, 5)), (1, 3))",14,6,20.0,14,,,pruned,,,3326
"(((2, 4), (4, 2), (5, 2), (6, 3), (6, 6)), (1, 3))","(((2, 4), (4, 2), (5, 2), (6, 3), (6, 5)), (1, 3))",14,6,20.0,14,,,pruned,,,3327
"(((2, 4), (4, 2), (5, 2), (6, 2), (6, 5)), (1, 3))","(((2, 4), (4, 2), (5, 2), (6, 3), (6, 5)), (1, 3))",14,6,20.0,14,,,pruned,,,3328
"(((2, 4), (4, 1), (5, 2), (6, 3), (6, 5)), (1, 3))","(((2, 4), (4, 2), (5, 2), (6, 3), (6, 5)), (1, 3))",14,6,20.0,14,,,pruned,,,3329
"(((2, 4), (4, 2), (5, 1), (6, 3), (6, 5)), (1, 3))","(((2, 4), (4, 2), (5, 2), (6, 3), (6, 5)), (1, 3))",14,6,20.0,14,,,pruned,,,3330
"(((2, 4), (4, 2), (5, 2), (6, 3), (6, 5)), (1, 3))","(((2, 4), (4, 2), (5, 2), (5, 3), (6, 5)), (1, 3))",13,5.0,18.0,13,9,5,expanded,False,True,3331
"(((3, 4), (4, 3), (5, 4), (6, 2), (6, 5)), (1, 3))","(((3, 4), (4, 3), (5, 2), (5, 4), (6, 5)), (1, 3))",14,5,19.0,14,,,pruned,,,3332
"(((3, 4), (4, 3), (5, 2), (5, 4), (6, 5)), (1, 3))","(((2, 4), (4, 3), (5, 2), (5, 4), (6, 5)), (1, 3))",13,5.0,18.0,13,5,1,expanded,False,True,3333
"(((1, 4), (5, 2), (5, 3), (5, 4), (6, 5)), (1, 3))","(((2, 4), (5, 2), (5, 3), (5, 4), (6, 5)), (1, 3))",14,6,20.0,14,,,pruned,,,3334
"(((2, 4), (5, 3), (5, 4), (6, 2), (6, 5)), (1, 3))","(((2, 4), (5, 2), (5, 3), (5, 4), (6, 5)), (1, 3))",14,5,19.0,14,,,pruned,,,3335
"(((2, 4), (5, 2), (5, 3), (5, 4), (6, 5)), (1, 3))","(((2, 4), (4, 3), (5, 2), (5, 4), (6, 5)), (1, 3))",13,5.0,18.0,13,5,2,expanded,False,True,3336
"(((1, 4), (4, 4), (5, 2), (6, 3), (6, 5)), (1, 3))","(((2, 4), (4, 4), (5, 2), (6, 3), (6, 5)), (1, 3))",14,6,20.0,14,,,pruned,,,3337
"(((2, 4), (4, 4), (5, 2), (6, 3), (6, 6)), (1, 3))","(((2, 4), (4, 4), (5, 2), (6, 3), (6, 5)), (1, 3))",14,6,20.0,14,,,pruned,,,3338
"(((2, 4), (4, 4), (5, 2), (6, 2), (6, 5)), (1, 3))","(((2, 4), (4, 4), (5, 2), (6, 3), (6, 5)), (1, 3))",14,6,20.0,14,,,pruned,,,3339
"(((2, 4), (4, 4), (6, 2), (6, 3), (6, 5)), (1, 3))","(((2, 4), (4, 4), (5, 2), (6, 3), (6, 5)), (1, 3))",14,5,19.0,14,,,pruned,,,3340
"(((2, 4), (4, 4), (5, 1), (6, 3), (6, 5)), (1, 3))","(((2, 4), (4, 4), (5, 2), (6, 3), (6, 5)), (1, 3))",14,6,20.0,14,,,pruned,,,3341
"(((2, 4), (4, 4), (5, 2), (6, 3), (6, 5)), (1, 3))","(((2, 4), (4, 4), (5, 2), (5, 3), (6, 5)), (1, 3))",13,5.0,18.0,13,10,5,expanded,False,True,3342
"(((4, 2), (4, 3), (4, 4), (5, 6), (6, 3)), (1, 3))","(((4, 2), (4, 3), (4, 4), (5, 5), (6, 3)), (1, 3))",15,5,20.0,15,,,pruned,,,3343
"(((4, 2), (4, 3), (4, 4), (5, 5), (6, 2)), (1, 3))","(((4, 2), (4, 3), (4, 4), (5, 5), (6, 3)), (1, 3))",15,5,20.0,15,,,pruned,,,3344
"(((4, 2), (4, 3), (4, 4), (5, 5), (6, 3)), (1, 3))","(((4, 2), (4, 3), (4, 4), (5, 4), (6, 3)), (1, 3))",14,4.0,18.0,14,8,2,expanded,False,True,3345
"(((3, 3), (3, 4), (4, 2), (5, 6), (6, 3)), (1, 3))","(((3, 3), (3, 4), (4, 2), (5, 5), (6, 3)), (1, 3))",15,5,20.0,15,,,pruned,,,3346
"(((3, 3), (3, 4), (4, 2), (5, 5), (6, 2)), (1, 3))","(((3, 3), (3, 4), (4, 2), (5, 5), (6, 3)), (1, 3))",15,5,20.0,15,,,pruned,,,3347
"(((3, 3), (3, 4), (4, 1), (5, 5), (6, 3)), (4, 2))","(((3, 3), (3, 4), (4, 2), (5, 5), (6, 3)), (1, 3))",15,5,20.0,15,,,pruned,,,3348
"(((3, 3), (3, 4), (4, 2), (5, 5), (6, 3)), (1, 3))","(((3, 3), (3, 4), (4, 2), (5, 4), (6, 3)), (1, 3))",14,4.0,18.0,14,10,3,expanded,False,True,3349
"(((4, 1), (4, 4), (5, 4), (6, 3), (6, 4)), (1, 3))","(((4, 2), (4, 4), (5, 4), (6, 3), (6, 4)), (1, 3))",15,5,20.0,15,,,pruned,,,3350
"(((4, 2), (4, 4), (5, 4), (6, 3), (6, 4)), (1, 3))","(((4, 2), (4, 4), (5, 3), (6, 3), (6, 4)), (1, 3))",14,4.0,18.0,14,3,1,expanded,False,True,3351
"(((1, 3), (2, 4), (4, 2), (5, 5), (6, 3)), (2, 1))","(((2, 3), (2, 4), (4, 2), (5, 5), (6, 3)), (2, 1))",15,5,20.0,15,,,pruned,,,3352
"(((1, 4), (2, 3), (4, 2), (5, 5), (6, 3)), (2, 1))","(((2, 3), (2, 4), (4, 2), (5, 5), (6, 3)), (2, 1))",15,5,20.0,15,,,pruned,,,3353
"(((2, 3), (2, 4), (4, 2), (5, 6), (6, 3)), (2, 1))","(((2, 3), (2, 4), (4, 2), (5, 5), (6, 3)), (2, 1))",15,5,20.0,15,,,pruned,,,3354
"(((2, 3), (2, 4), (4, 2), (5, 5), (6, 2)), (2, 1))","(((2, 3), (2, 4), (4, 2), (5, 5), (6, 3)), (2, 1))",15,5,20.0,15,,,pruned,,,3355
"(((2, 3), (2, 4), (4, 1), (5, 5), (6, 3)), (3, 3))","(((2, 3), (2, 4), (4, 2), (5, 5), (6, 3)), (2, 1))",15,5,20.0,15,,,pruned,,,3356
"(((2, 3), (2, 4), (4, 2), (5, 5), (6, 3)), (2, 1))","(((2, 3), (2, 4), (4, 2), (5, 4), (6, 3)), (2, 1))",14,4.0,18.0,14,8,5,expanded,False,True,3357
"(((3, 3), (5, 2), (5, 6), (6, 3), (6, 4)), (1, 3))","(((3, 3), (5, 2), (5, 5), (6, 3), (6, 4)), (1, 3))",15,5,20.0,15,,,pruned,,,3358
"(((3, 3), (5, 5), (6, 2), (6, 3), (6, 4)), (1, 3))","(((3, 3), (5, 2), (5, 5), (6, 3), (6, 4)), (1, 3))",15,4,19.0,15,,,pruned,,,3359
"(((3, 3), (5, 1), (5, 5), (6, 3), (6, 4)), (1, 3))","(((3, 3), (5, 2), (5, 5), (6, 3), (6, 4)), (1, 3))",15,5,20.0,15,,,pruned,,,3360
"(((3, 3), (5, 2), (5, 5), (6, 3), (6, 4)), (1, 3))","(((3, 3), (5, 2), (5, 4), (6, 3), (6, 4)), (1, 3))",14,4.0,18.0,14,6,3,expanded,False,True,3361
"(((2, 1), (4, 4), (5, 2), (6, 3), (6, 4)), (1, 3))","(((2, 2), (4, 4), (5, 2), (6, 3), (6, 4)), (1, 3))",15,5,20.0,15,,,pruned,,,3362
"(((2, 2), (4, 4), (6, 2), (6, 3), (6, 4)), (1, 3))","(((2, 2), (4, 4), (5, 2), (6, 3), (6, 4)), (1, 3))",15,4,19.0,15,,,pruned,,,3363
"(((2, 2), (4, 4), (5, 1), (6, 3), (6, 4)), (1, 3))","(((2, 2), (4, 4), (5, 2), (6, 3), (6, 4)), (1, 3))",15,5,20.0,15,,,pruned,,,3364
"(((2, 2), (4, 4), (5, 2), (6, 3), (6, 4)), (1, 3))","(((2, 3), (4, 4), (5, 2), (6, 3), (6, 4)), (1, 3))",14,4.0,18.0,14,7,3,expanded,False,True,3365
"(((3, 3), (3, 4), (4, 3), (5, 4), (6, 6)), (1, 3))","(((3, 3), (3, 4), (4, 3), (5, 4), (6, 5)), (1, 3))",15,5,20.0,15,,,pruned,,,3366
"(((3, 3), (3, 4), (4, 3), (5, 4), (6, 5)), (1, 3))","(((3, 3), (3, 4), (4, 3), (5, 4), (6, 4)), (1, 3))",14,4.0,18.0,14,5,1,expanded,False,True,3367
"(((4, 2), (4, 3), (4, 4), (5, 1), (6, 4)), (5, 2))","(((4, 2), (4, 3), (4, 4), (5, 2), (6, 4)), (5, 3))",15,5,20.0,15,,,pruned,,,3368
"(((4, 2), (4, 3), (4, 4), (5, 2), (6, 4)), (5, 3))","(((4, 2), (4, 3), (4, 4), (5, 3), (6, 4)), (5, 4))",14,4.0,18.0,14,5,1,expanded,False,True,3369
"(((1, 4), (2, 3), (3, 3), (6, 4), (6, 5)), (2, 1))","(((2, 3), (2, 4), (3, 3), (6, 4), (6, 5)), (2, 1))",15,5,20.0,15,,,pruned,,,3370
"(((2, 3), (2, 4), (3, 3), (6, 4), (6, 5)), (2, 1))","(((2, 3), (2, 4), (3, 3), (5, 4), (6, 5)), (2, 1))",14,4.0,18.0,14,1,1,expanded,True,True,3371
"(((4, 2), (4, 3), (5, 3), (6, 4), (6, 5)), (1, 3))","(((4, 2), (4, 3), (5, 3), (5, 4), (6, 5)), (1, 3))",14,4.0,18.0,14,2,0,expanded,False,True,3372
"(((3, 3), (3, 4), (4, 1), (5, 2), (6, 4)), (4, 2))","(((3, 3), (3, 4), (4, 2), (5, 2), (6, 4)), (4, 3))",15,5,20.0,15,,,pruned,,,3373
"(((3, 3), (3, 4), (4, 2), (5, 1), (6, 4)), (4, 3))","(((3, 3), (3, 4), (4, 2), (5, 2), (6, 4)), (4, 3))",15,5,20.0,15,,,pruned,,,3374
"(((3, 3), (3, 4), (4, 2), (5, 2), (6, 4)), (4, 3))","(((3, 4), (4, 2), (4, 3), (5, 2), (6, 4)), (4, 4))",14,4.0,18.0,14,6,2,expanded,False,True,3375
"(((1, 4), (5, 2), (5, 3), (5, 4), (6, 4)), (1, 3))","(((2, 4), (5, 2), (5, 3), (5, 4), (6, 4)), (1, 3))",15,5,20.0,15,,,pruned,,,3376
"(((2, 4), (5, 3), (5, 4), (6, 2), (6, 4)), (1, 3))","(((2, 4), (5, 2), (5, 3), (5, 4), (6, 4)), (1, 3))",15,4,19.0,15,,,pruned,,,3377
"(((2, 4), (5, 2), (5, 3), (5, 4), (6, 4)), (1, 3))","(((2, 4), (4, 4), (5, 2), (5, 3), (6, 4)), (1, 3))",14,4.0,18.0,14,4,2,expanded,False,True,3378
"(((1, 3), (4, 2), (4, 4), (5, 4), (6, 4)), (1, 4))","(((2, 3), (4, 2), (4, 4), (5, 4), (6, 4)), (1, 3))",15,5,20.0,15,,,pruned,,,3379
"(((2, 3), (4, 1), (4, 4), (5, 4), (6, 4)), (1, 3))","(((2, 3), (4, 2), (4, 4), (5, 4), (6, 4)), (1, 3))",15,5,20.0,15,,,pruned,,,3380
"(((2, 3), (4, 2), (4, 4), (5, 4), (6, 4)), (1, 3))","(((3, 3), (4, 2), (4, 4), (5, 4), (6, 4)), (1, 3))",14,4.0,18.0,14,8,2,expanded,False,True,3381
"(((4, 3), (4, 4), (5, 3), (6, 4), (6, 5)), (1, 3))","(((3, 4), (4, 3), (5, 3), (6, 4), (6, 5)), (1, 3))",14,4.0,18.0,14,2,0,expanded,False,True,3382
"(((3, 4), (4, 3), (5, 4), (6, 2), (6, 4)), (1, 3))","(((3, 4), (4, 3), (5, 2), (5, 4), (6, 4)), (1, 3))",15,4,19.0,15,,,pruned,,,3383
"(((3, 4), (4, 3), (5, 2), (5, 4), (6, 4)), (1, 3))","(((2, 4), (4, 3), (5, 2), (5, 4), (6, 4)), (1, 3))",14,4.0,18.0,14,5,1,expanded,False,True,3384
"(((4, 1), (5, 2), (5, 3), (5, 4), (6, 4)), (1, 3))","(((4, 2), (5, 2), (5, 3), (5, 4), (6, 4)), (1, 3))",15,5,20.0,15,,,pruned,,,3385
"(((4, 2), (5, 2), (5, 3), (5, 4), (6, 4)), (1, 3))","(((4, 2), (4, 3), (5, 2), (5, 4), (6, 4)), (1, 3))",14,4.0,18.0,14,3,1,expanded,False,True,3386
"(((4, 3), (4, 4), (5, 4), (6, 3), (6, 5)), (1, 3))","(((3, 4), (4, 3), (5, 4), (6, 3), (6, 5)), (1, 3))",14,4.0,18.0,14,4,0,expanded,False,True,3387
"(((3, 4), (5, 3), (5, 4), (6, 3), (6, 5)), (1, 3))","(((3, 4), (4, 3), (5, 4), (6, 3), (6, 5)), (1, 3))",14,4.0,18.0,14,4,0,expanded,False,True,3388
"(((3, 3), (3, 4), (5, 4), (6, 3), (6, 5)), (1, 3))","(((3, 4), (4, 3), (5, 4), (6, 3), (6, 5)), (1, 3))",14,4.0,18.0,14,7,0,expanded,False,True,3389
"(((1, 4), (5, 3), (6, 3), (6, 4), (6, 5)), (1, 3))","(((2, 4), (5, 3), (6, 3), (6, 4), (6, 5)), (1, 3))",15,5,20.0,15,,,pruned,,,3390
"(((2, 4), (5, 3), (6, 3), (6, 4), (6, 5)), (1, 3))","(((2, 4), (5, 3), (5, 4), (6, 3), (6, 5)), (1, 3))",14,4.0,18.0,14,4,1,expanded,False,True,3391
"(((1, 4), (3, 3), (6, 3), (6, 4), (6, 5)), (1, 3))","(((2, 4), (3, 3), (6, 3), (6, 4), (6, 5)), (1, 3))",15,5,20.0,15,,,pruned,,,3392
"(((2, 4), (3, 3), (6, 3), (6, 4), (6, 5)), (1, 3))","(((2, 4), (3, 3), (5, 4), (6, 3), (6, 5)), (1, 3))",14,4.0,18.0,14,4,1,expanded,False,True,3393
"(((3, 4), (4, 3), (6, 3), (6, 4), (6, 5)), (1, 3))","(((2, 4), (4, 3), (6, 3), (6, 4), (6, 5)), (1, 3))",14,4.0,18.0,14,6,0,expanded,False,True,3394
"(((4, 3), (5, 4), (5, 5), (6, 2), (6, 3)), (1, 3))","(((4, 3), (5, 2), (5, 4), (5, 5), (6, 3)), (1, 3))",15,4,19.0,15,,,pruned,,,3395
"(((4, 3), (5, 2), (5, 4), (5, 5), (6, 3)), (1, 3))","(((4, 3), (4, 4), (5, 2), (5, 5), (6, 3)), (1, 3))",14,4.0,18.0,14,6,1,expanded,False,True,3396
"(((4, 4), (5, 3), (5, 5), (6, 2), (6, 3)), (1, 3))","(((4, 4), (5, 2), (5, 3), (5, 5), (6, 3)), (1, 3))",15,4,19.0,15,,,pruned,,,3397
"(((4, 4), (5, 2), (5, 3), (5, 5), (6, 3)), (1, 3))","(((4, 3), (4, 4), (5, 2), (5, 5), (6, 3)), (1, 3))",14,4.0,18.0,14,2,1,expanded,False,True,3398
"(((1, 3), (3, 4), (5, 2), (5, 5), (6, 3)), (1, 4))","(((2, 3), (3, 4), (5, 2), (5, 5), (6, 3)), (2, 1))",15,5,20.0,15,,,pruned,,,3399
"(((2, 3), (3, 4), (5, 2), (5, 6), (6, 3)), (2, 1))","(((2, 3), (3, 4), (5, 2), (5, 5), (6, 3)), (2, 1))",15,5,20.0,15,,,pruned,,,3400
"(((2, 3), (3, 4), (5, 2), (5, 5), (6, 2)), (2, 1))","(((2, 3), (3, 4), (5, 2), (5, 5), (6, 3)), (2, 1))",15,5,20.0,15,,,pruned,,,3401
"(((2, 3), (3, 4), (5, 5), (6, 2), (6, 3)), (2, 1))","(((2, 3), (3, 4), (5, 2), (5, 5), (6, 3)), (2, 1))",15,4,19.0,15,,,pruned,,,3402
"(((2, 3), (3, 4), (5, 1), (5, 5), (6, 3)), (2, 1))","(((2, 3), (3, 4), (5, 2), (5, 5), (6, 3)), (2, 1))",15,5,20.0,15,,,pruned,,,3403
"(((2, 3), (3, 4), (5, 2), (5, 5), (6, 3)), (2, 1))","(((3, 3), (3, 4), (5, 2), (5, 5), (6, 3)), (1, 3))",14,4.0,18.0,14,9,5,expanded,False,True,3404
"(((3, 3), (4, 4), (5, 2), (5, 6), (6, 3)), (1, 3))","(((3, 3), (4, 4), (5, 2), (5, 5), (6, 3)), (1, 3))",15,5,20.0,15,,,pruned,,,3405
"(((3, 3), (4, 4), (5, 2), (5, 5), (6, 2)), (1, 3))","(((3, 3), (4, 4), (5, 2), (5, 5), (6, 3)), (1, 3))",15,5,20.0,15,,,pruned,,,3406
"(((3, 3), (4, 4), (5, 5), (6, 2), (6, 3)), (1, 3))","(((3, 3), (4, 4), (5, 2), (5, 5), (6, 3)), (1, 3))",15,4,19.0,15,,,pruned,,,3407
"(((3, 3), (4, 4), (5, 1), (5, 5), (6, 3)), (1, 3))","(((3, 3), (4, 4), (5, 2), (5, 5), (6, 3)), (1, 3))",15,5,20.0,15,,,pruned,,,3408
"(((3, 3), (4, 4), (5, 2), (5, 5), (6, 3)), (1, 3))","(((3, 3), (3, 4), (5, 2), (5, 5), (6, 3)), (1, 3))",14,4.0,18.0,14,10,4,expanded,False,True,3409
"(((4, 1), (5, 3), (5, 4), (5, 5), (6, 3)), (1, 3))","(((4, 2), (5, 3), (5, 4), (5, 5), (6, 3)), (1, 3))",15,5,20.0,15,,,pruned,,,3410
"(((4, 2), (5, 3), (5, 4), (5, 5), (6, 3)), (1, 3))","(((4, 2), (4, 4), (5, 3), (5, 5), (6, 3)), (1, 3))",14,4.0,18.0,14,4,1,expanded,False,True,3411
"(((3, 4), (4, 3), (5, 3), (6, 2), (6, 5)), (1, 3))","(((3, 4), (4, 3), (5, 2), (5, 3), (6, 5)), (1, 3))",15,4,19.0,15,,,pruned,,,3412
"(((3, 4), (4, 3), (5, 2), (5, 3), (6, 5)), (1, 3))","(((2, 4), (4, 3), (5, 2), (5, 3), (6, 5)), (1, 3))",14,4.0,18.0,14,3,1,expanded,False,True,3413
"(((1, 4), (3, 3), (4, 3), (6, 4), (6, 5)), (1, 3))","(((2, 4), (3, 3), (4, 3), (6, 4), (6, 5)), (1, 3))",15,5,20.0,15,,,pruned,,,3414
"(((2, 4), (3, 3), (4, 3), (6, 4), (6, 5)), (1, 3))","(((2, 4), (3, 3), (4, 2), (6, 4), (6, 5)), (1, 3))",14,4.0,18.0,14,4,1,expanded,False,True,3415
"(((1, 4), (4, 3), (5, 2), (6, 3), (6, 5)), (1, 3))","(((2, 4), (4, 3), (5, 2), (6, 3), (6, 5)), (1, 3))",15,5,20.0,15,,,pruned,,,3416
"(((2, 4), (4, 3), (5, 2), (6, 3), (6, 6)), (1, 3))","(((2, 4), (4, 3), (5, 2), (6, 3), (6, 5)), (1, 3))",15,5,20.0,15,,,pruned,,,3417
"(((2, 4), (4, 3), (5, 2), (6, 2), (6, 5)), (1, 3))","(((2, 4), (4, 3), (5, 2), (6, 3), (6, 5)), (1, 3))",15,5,20.0,15,,,pruned,,,3418
"(((2, 4), (4, 3), (6, 2), (6, 3), (6, 5)), (1, 3))","(((2, 4), (4, 3), (5, 2), (6, 3), (6, 5)), (1, 3))",15,4,19.0,15,,,pruned,,,3419
"(((2, 4), (4, 3), (5, 1), (6, 3), (6, 5)), (1, 3))","(((2, 4), (4, 3), (5, 2), (6, 3), (6, 5)), (1, 3))",15,5,20.0,15,,,pruned,,,3420
"(((2, 4), (4, 3), (5, 2), (6, 3), (6, 5)), (1, 3))","(((2, 4), (4, 2), (5, 2), (6, 3), (6, 5)), (1, 3))",14,4.0,18.0,14,12,5,expanded,False,True,3421
"(((1, 4), (4, 2), (5, 3), (6, 3), (6, 5)), (1, 3))","(((2, 4), (4, 2), (5, 3), (6, 3), (6, 5)), (1, 3))",15,5,20.0,15,,,pruned,,,3422
"(((2, 4), (4, 2), (5, 3), (6, 3), (6, 6)), (1, 3))","(((2, 4), (4, 2), (5, 3), (6, 3), (6, 5)), (1, 3))",15,5,20.0,15,,,pruned,,,3423
"(((2, 4), (4, 2), (5, 3), (6, 2), (6, 5)), (1, 3))","(((2, 4), (4, 2), (5, 3), (6, 3), (6, 5)), (1, 3))",15,5,20.0,15,,,pruned,,,3424
"(((2, 4), (4, 1), (5, 3), (6, 3), (6, 5)), (1, 3))","(((2, 4), (4, 2), (5, 3), (6, 3), (6, 5)), (1, 3))",15,5,20.0,15,,,pruned,,,3425
"(((2, 4), (4, 2), (5, 3), (6, 3), (6, 5)), (1, 3))","(((2, 4), (4, 2), (5, 2), (6, 3), (6, 5)), (1, 3))",14,4.0,18.0,14,10,4,expanded,False,True,3426
"(((4, 2), (4, 3), (5, 4), (6, 3), (6, 4)), (1, 3))","(((4, 2), (4, 3), (5, 3), (6, 3), (6, 4)), (1, 3))",15,3.0,18.0,15,3,0,expanded,False,True,3427
"(((4, 2), (4, 3), (5, 1), (6, 3), (6, 4)), (1, 3))","(((4, 2), (4, 3), (5, 2), (6, 3), (6, 4)), (1, 3))",16,4,20.0,16,,,pruned,,,3428
"(((4, 2), (4, 3), (5, 2), (6, 3), (6, 4)), (1, 3))","(((4, 2), (4, 3), (5, 3), (6, 3), (6, 4)), (1, 3))",15,3.0,18.0,15,4,1,expanded,False,True,3429
"(((2, 1), (4, 4), (5, 3), (6, 3), (6, 4)), (1, 3))","(((2, 2), (4, 4), (5, 3), (6, 3), (6, 4)), (1, 3))",16,4,20.0,16,,,pruned,,,3430
"(((2, 2), (4, 4), (5, 3), (6, 3), (6, 4)), (1, 3))","(((2, 3), (4, 4), (5, 3), (6, 3), (6, 4)), (1, 3))",15,3.0,18.0,15,4,1,expanded,False,True,3431
"(((1, 3), (4, 4), (5, 4), (6, 3), (6, 4)), (1, 4))","(((2, 3), (4, 4), (5, 4), (6, 3), (6, 4)), (1, 3))",16,4,20.0,16,,,pruned,,,3432
"(((2, 3), (4, 4), (5, 4), (6, 3), (6, 4)), (1, 3))","(((2, 3), (4, 4), (5, 3), (6, 3), (6, 4)), (1, 3))",15,3.0,18.0,15,5,1,expanded,False,True,3433
"(((3, 3), (3, 4), (4, 3), (5, 6), (6, 3)), (1, 3))","(((3, 3), (3, 4), (4, 3), (5, 5), (6, 3)), (1, 3))",16,4,20.0,16,,,pruned,,,3434
"(((3, 3), (3, 4), (4, 3), (5, 5), (6, 2)), (1, 3))","(((3, 3), (3, 4), (4, 3), (5, 5), (6, 3)), (1, 3))",16,4,20.0,16,,,pruned,,,3435
"(((3, 3), (3, 4), (4, 3), (5, 5), (6, 3)), (1, 3))","(((3, 3), (3, 4), (4, 3), (5, 4), (6, 3)), (1, 3))",15,3.0,18.0,15,8,2,expanded,False,True,3436
"(((1, 3), (2, 4), (4, 3), (5, 5), (6, 3)), (2, 1))","(((2, 3), (2, 4), (4, 3), (5, 5), (6, 3)), (2, 1))",16,4,20.0,16,,,pruned,,,3437
"(((1, 4), (2, 3), (4, 3), (5, 5), (6, 3)), (2, 1))","(((2, 3), (2, 4), (4, 3), (5, 5), (6, 3)), (2, 1))",16,4,20.0,16,,,pruned,,,3438
"(((2, 3), (2, 4), (4, 3), (5, 6), (6, 3)), (2, 1))","(((2, 3), (2, 4), (4, 3), (5, 5), (6, 3)), (2, 1))",16,4,20.0,16,,,pruned,,,3439
"(((2, 3), (2, 4), (4, 3), (5, 5), (6, 2)), (2, 1))","(((2, 3), (2, 4), (4, 3), (5, 5), (6, 3)), (2, 1))",16,4,20.0,16,,,pruned,,,3440
"(((2, 3), (2, 4), (4, 3), (5, 5), (6, 3)), (2, 1))","(((2, 3), (2, 4), (4, 3), (5, 4), (6, 3)), (2, 1))",15,3.0,18.0,15,10,4,expanded,False,True,3441
"(((4, 2), (4, 3), (4, 4), (5, 2), (6, 2)), (5, 3))","(((4, 2), (4, 3), (4, 4), (5, 2), (6, 3)), (5, 3))",16,4,20.0,16,,,pruned,,,3442
"(((4, 2), (4, 3), (4, 4), (5, 1), (6, 3)), (5, 2))","(((4, 2), (4, 3), (4, 4), (5, 2), (6, 3)), (5, 3))",16,4,20.0,16,,,pruned,,,3443
"(((4, 2), (4, 3), (4, 4), (5, 2), (6, 3)), (5, 3))","(((4, 2), (4, 3), (4, 4), (5, 3), (6, 3)), (5, 4))",15,3.0,18.0,15,4,2,expanded,False,True,3444
"(((3, 3), (3, 4), (4, 2), (5, 2), (6, 2)), (4, 3))","(((3, 3), (3, 4), (4, 2), (5, 2), (6, 3)), (4, 3))",16,4,20.0,16,,,pruned,,,3445
"(((3, 3), (3, 4), (4, 1), (5, 2), (6, 3)), (4, 2))","(((3, 3), (3, 4), (4, 2), (5, 2), (6, 3)), (4, 3))",16,4,20.0,16,,,pruned,,,3446
"(((3, 3), (3, 4), (4, 2), (5, 1), (6, 3)), (4, 3))","(((3, 3), (3, 4), (4, 2), (5, 2), (6, 3)), (4, 3))",16,4,20.0,16,,,pruned,,,3447
"(((3, 3), (3, 4), (4, 2), (5, 2), (6, 3)), (4, 3))","(((3, 4), (4, 2), (4, 3), (5, 2), (6, 3)), (4, 4))",15,3.0,18.0,15,5,3,expanded,False,True,3448
"(((1, 3), (4, 2), (4, 4), (5, 4), (6, 3)), (1, 4))","(((2, 3), (4, 2), (4, 4), (5, 4), (6, 3)), (1, 3))",16,4,20.0,16,,,pruned,,,3449
"(((2, 3), (4, 1), (4, 4), (5, 4), (6, 3)), (1, 3))","(((2, 3), (4, 2), (4, 4), (5, 4), (6, 3)), (1, 3))",16,4,20.0,16,,,pruned,,,3450
"(((2, 3), (4, 2), (4, 4), (5, 4), (6, 3)), (1, 3))","(((3, 3), (4, 2), (4, 4), (5, 4), (6, 3)), (1, 3))",15,3.0,18.0,15,8,2,expanded,False,True,3451
"(((1, 3), (3, 4), (4, 2), (6, 3), (6, 4)), (1, 4))","(((2, 3), (3, 4), (4, 2), (6, 3), (6, 4)), (2, 1))",16,4,20.0,16,,,pruned,,,3452
"(((2, 3), (3, 4), (4, 1), (6, 3), (6, 4)), (3, 3))","(((2, 3), (3, 4), (4, 2), (6, 3), (6, 4)), (2, 1))",16,4,20.0,16,,,pruned,,,3453
"(((2, 3), (3, 4), (4, 2), (6, 3), (6, 4)), (2, 1))","(((2, 3), (3, 4), (4, 2), (5, 4), (6, 3)), (2, 1))",15,3.0,18.0,15,5,2,expanded,False,True,3454
"(((3, 3), (4, 1), (4, 4), (6, 3), (6, 4)), (4, 2))","(((3, 3), (4, 2), (4, 4), (6, 3), (6, 4)), (1, 3))",16,4,20.0,16,,,pruned,,,3455
"(((3, 3), (4, 2), (4, 4), (6, 3), (6, 4)), (1, 3))","(((3, 3), (3, 4), (4, 2), (6, 3), (6, 4)), (1, 3))",15,3.0,18.0,15,6,1,expanded,False,True,3456
"(((4, 1), (5, 2), (5, 3), (5, 4), (6, 3)), (1, 3))","(((4, 2), (5, 2), (5, 3), (5, 4), (6, 3)), (1, 3))",16,4,20.0,16,,,pruned,,,3457
"(((4, 2), (5, 2), (5, 3), (5, 4), (6, 3)), (1, 3))","(((4, 2), (4, 3), (5, 2), (5, 4), (6, 3)), (1, 3))",15,3.0,18.0,15,3,1,expanded,False,True,3458
"(((4, 3), (5, 3), (5, 4), (6, 2), (6, 4)), (1, 3))","(((4, 3), (5, 2), (5, 3), (5, 4), (6, 4)), (1, 3))",16,3,19.0,16,,,pruned,,,3459
"(((4, 3), (5, 2), (5, 3), (5, 4), (6, 4)), (1, 3))","(((4, 3), (4, 4), (5, 2), (5, 3), (6, 4)), (1, 3))",15,3.0,18.0,15,3,1,expanded,False,True,3460
"(((4, 3), (5, 3), (5, 4), (5, 5), (6, 3)), (1, 3))","(((4, 3), (4, 4), (5, 3), (5, 5), (6, 3)), (1, 3))",15,3.0,18.0,15,4,0,expanded,False,True,3461
"(((1, 3), (3, 4), (5, 3), (5, 5), (6, 3)), (1, 4))","(((2, 3), (3, 4), (5, 3), (5, 5), (6, 3)), (2, 1))",16,4,20.0,16,,,pruned,,,3462
"(((2, 3), (3, 4), (5, 3), (5, 6), (6, 3)), (2, 1))","(((2, 3), (3, 4), (5, 3), (5, 5), (6, 3)), (2, 1))",16,4,20.0,16,,,pruned,,,3463
"(((2, 3), (3, 4), (5, 3), (5, 5), (6, 2)), (2, 1))","(((2, 3), (3, 4), (5, 3), (5, 5), (6, 3)), (2, 1))",16,4,20.0,16,,,pruned,,,3464
"(((2, 3), (3, 4), (5, 3), (5, 5), (6, 3)), (2, 1))","(((3, 3), (3, 4), (5, 3), (5, 5), (6, 3)), (1, 3))",15,3.0,18.0,15,9,3,expanded,False,True,3465
"(((3, 3), (4, 4), (5, 3), (5, 5), (6, 3)), (1, 3))","(((3, 3), (3, 4), (5, 3), (5, 5), (6, 3)), (1, 3))",15,3.0,18.0,15,5,0,expanded,False,True,3466
"(((2, 3), (3, 3), (3, 4), (5, 4), (6, 4)), (2, 1))","(((2, 3), (3, 4), (4, 3), (5, 4), (6, 4)), (2, 1))",15,3.0,18.0,15,4,0,expanded,False,True,3467
"(((4, 2), (4, 3), (4, 4), (5, 4), (6, 2)), (1, 3))","(((4, 2), (4, 3), (4, 4), (5, 4), (6, 3)), (5, 5))",16,4,20.0,16,,,pruned,,,3468
"(((4, 2), (4, 3), (4, 4), (5, 4), (6, 3)), (5, 5))","(((4, 2), (4, 3), (4, 4), (5, 5), (6, 3)), (1, 3))",15,3.0,18.0,15,2,1,expanded,False,True,3469
"(((3, 3), (3, 4), (4, 2), (5, 4), (6, 2)), (1, 3))","(((3, 3), (3, 4), (4, 2), (5, 4), (6, 3)), (5, 5))",16,4,20.0,16,,,pruned,,,3470
"(((3, 3), (3, 4), (4, 2), (5, 4), (6, 3)), (5, 5))","(((3, 3), (3, 4), (4, 2), (5, 5), (6, 3)), (1, 3))",15,3.0,18.0,15,3,1,expanded,False,True,3471
"(((2, 3), (2, 4), (4, 2), (5, 4), (6, 2)), (2, 1))","(((2, 3), (2, 4), (4, 2), (5, 4), (6, 3)), (5, 5))",16,4,20.0,16,,,pruned,,,3472
"(((2, 3), (2, 4), (4, 2), (5, 4), (6, 3)), (5, 5))","(((2, 3), (2, 4), (4, 2), (5, 5), (6, 3)), (2, 1))",15,3.0,18.0,15,3,1,expanded,False,True,3473
"(((3, 3), (5, 3), (5, 6), (6, 3), (6, 4)), (1, 3))","(((3, 3), (5, 3), (5, 5), (6, 3), (6, 4)), (1, 3))",16,4,20.0,16,,,pruned,,,3474
"(((3, 3), (5, 3), (5, 5), (6, 3), (6, 4)), (1, 3))","(((3, 3), (5, 2), (5, 5), (6, 3), (6, 4)), (1, 3))",15,3.0,18.0,15,5,1,expanded,False,True,3475
"(((2, 3), (4, 3), (4, 4), (5, 4), (6, 4)), (2, 1))","(((2, 3), (4, 2), (4, 4), (5, 4), (6, 4)), (1, 3))",15,3.0,18.0,15,4,0,expanded,False,True,3476
"(((2, 3), (3, 4), (5, 2), (5, 4), (6, 2)), (2, 1))","(((2, 3), (3, 4), (5, 2), (5, 4), (6, 3)), (5, 5))",16,4,20.0,16,,,pruned,,,3477
"(((2, 3), (3, 4), (5, 2), (5, 4), (6, 3)), (5, 5))","(((2, 3), (3, 4), (5, 2), (5, 5), (6, 3)), (2, 1))",15,3.0,18.0,15,3,1,expanded,False,True,3478
"(((3, 3), (4, 4), (5, 2), (5, 4), (6, 2)), (1, 3))","(((3, 3), (4, 4), (5, 2), (5, 4), (6, 3)), (5, 5))",16,4,20.0,16,,,pruned,,,3479
"(((3, 3), (4, 4), (5, 2), (5, 4), (6, 3)), (5, 5))","(((3, 3), (4, 4), (5, 2), (5, 5), (6, 3)), (1, 3))",15,3.0,18.0,15,2,1,expanded,False,True,3480
"(((1, 4), (4, 3), (5, 3), (6, 3), (6, 5)), (1, 3))","(((2, 4), (4, 3), (5, 3), (6, 3), (6, 5)), (1, 3))",16,4,20.0,16,,,pruned,,,3481
"(((2, 4), (4, 3), (5, 3), (6, 3), (6, 6)), (1, 3))","(((2, 4), (4, 3), (5, 3), (6, 3), (6, 5)), (1, 3))",16,4,20.0,16,,,pruned,,,3482
"(((2, 4), (4, 3), (5, 3), (6, 2), (6, 5)), (1, 3))","(((2, 4), (4, 3), (5, 3), (6, 3), (6, 5)), (1, 3))",16,4,20.0,16,,,pruned,,,3483
"(((2, 4), (4, 3), (5, 3), (6, 3), (6, 5)), (1, 3))","(((2, 4), (4, 3), (5, 2), (6, 3), (6, 5)), (1, 3))",15,3.0,18.0,15,10,3,expanded,False,True,3484
"(((4, 3), (5, 3), (5, 4), (6, 2), (6, 3)), (1, 3))","(((4, 3), (5, 2), (5, 3), (5, 4), (6, 3)), (1, 3))",17,2,19.0,17,,,pruned,,,3485
"(((4, 3), (5, 2), (5, 3), (5, 4), (6, 3)), (1, 3))","(((4, 3), (4, 4), (5, 2), (5, 3), (6, 3)), (1, 3))",16,2.0,18.0,16,4,1,expanded,False,True,3486
"(((1, 4), (2, 3), (3, 3), (6, 3), (6, 4)), (2, 1))","(((2, 3), (2, 4), (3, 3), (6, 3), (6, 4)), (2, 1))",17,3,20.0,17,,,pruned,,,3487
"(((2, 3), (2, 4), (3, 3), (6, 3), (6, 4)), (2, 1))","(((2, 3), (2, 4), (3, 3), (5, 4), (6, 3)), (2, 1))",16,2.0,18.0,16,1,1,expanded,True,True,3488
"(((3, 3), (4, 3), (4, 4), (6, 3), (6, 4)), (1, 3))","(((3, 3), (3, 4), (4, 3), (6, 3), (6, 4)), (1, 3))",16,2.0,18.0,16,2,0,expanded,False,True,3489
"(((1, 3), (3, 4), (5, 2), (5, 3), (6, 3)), (1, 4))","(((2, 3), (3, 4), (5, 2), (5, 3), (6, 3)), (2, 1))",17,3,20.0,17,,,pruned,,,3490
"(((2, 3), (3, 4), (5, 2), (5, 3), (6, 2)), (2, 1))","(((2, 3), (3, 4), (5, 2), (5, 3), (6, 3)), (2, 1))",17,3,20.0,17,,,pruned,,,3491
"(((2, 3), (3, 4), (5, 3), (6, 2), (6, 3)), (2, 1))","(((2, 3), (3, 4), (5, 2), (5, 3), (6, 3)), (2, 1))",17,2,19.0,17,,,pruned,,,3492
"(((2, 3), (3, 4), (5, 2), (5, 3), (6, 3)), (2, 1))","(((3, 3), (3, 4), (5, 2), (5, 3), (6, 3)), (1, 3))",16,2.0,18.0,16,5,3,expanded,False,True,3493
"(((3, 3), (4, 4), (5, 3), (6, 2), (6, 3)), (1, 3))","(((3, 3), (4, 4), (5, 2), (5, 3), (6, 3)), (1, 3))",17,2,19.0,17,,,pruned,,,3494
"(((3, 3), (4, 4), (5, 2), (5, 3), (6, 3)), (1, 3))","(((3, 3), (3, 4), (5, 2), (5, 3), (6, 3)), (1, 3))",16,2.0,18.0,16,4,1,expanded,False,True,3495
"(((2, 3), (3, 3), (3, 4), (5, 4), (6, 3)), (2, 1))","(((2, 3), (3, 4), (4, 3), (5, 4), (6, 3)), (2, 1))",16,2.0,18.0,16,5,0,expanded,False,True,3496
"(((1, 3), (2, 4), (4, 2), (5, 3), (6, 3)), (2, 1))","(((2, 3), (2, 4), (4, 2), (5, 3), (6, 3)), (3, 3))",17,3,20.0,17,,,pruned,,,3497
"(((1, 4), (2, 3), (4, 2), (5, 3), (6, 3)), (2, 4))","(((2, 3), (2, 4), (4, 2), (5, 3), (6, 3)), (3, 3))",17,3,20.0,17,,,pruned,,,3498
"(((2, 3), (2, 4), (4, 2), (5, 3), (6, 2)), (3, 3))","(((2, 3), (2, 4), (4, 2), (5, 3), (6, 3)), (3, 3))",17,3,20.0,17,,,pruned,,,3499
"(((2, 3), (2, 4), (4, 1), (5, 3), (6, 3)), (3, 3))","(((2, 3), (2, 4), (4, 2), (5, 3), (6, 3)), (3, 3))",17,3,20.0,17,,,pruned,,,3500
"(((2, 3), (2, 4), (4, 2), (5, 3), (6, 3)), (3, 3))","(((2, 4), (3, 3), (4, 2), (5, 3), (6, 3)), (3, 4))",16,2.0,18.0,16,5,4,expanded,False,True,3501
"(((3, 3), (3, 4), (4, 3), (5, 4), (6, 2)), (1, 3))","(((3, 3), (3, 4), (4, 3), (5, 4), (6, 3)), (5, 5))",17,3,20.0,17,,,pruned,,,3502
"(((3, 3), (3, 4), (4, 3), (5, 4), (6, 3)), (5, 5))","(((3, 3), (3, 4), (4, 3), (5, 5), (6, 3)), (1, 3))",16,2.0,18.0,16,3,1,expanded,False,True,3503
"(((2, 3), (2, 4), (4, 3), (5, 4), (6, 2)), (2, 1))","(((2, 3), (2, 4), (4, 3), (5, 4), (6, 3)), (5, 5))",17,3,20.0,17,,,pruned,,,3504
"(((2, 3), (2, 4), (4, 3), (5, 4), (6, 3)), (5, 5))","(((2, 3), (2, 4), (4, 3), (5, 5), (6, 3)), (2, 1))",16,2.0,18.0,16,3,1,expanded,False,True,3505
"(((2, 3), (4, 3), (4, 4), (5, 4), (6, 3)), (2, 1))","(((2, 3), (4, 2), (4, 4), (5, 4), (6, 3)), (1, 3))",16,2.0,18.0,16,4,0,expanded,False,True,3506
"(((2, 3), (3, 4), (4, 3), (6, 3), (6, 4)), (2, 1))","(((2, 3), (3, 4), (4, 2), (6, 3), (6, 4)), (2, 1))",16,2.0,18.0,16,5,0,expanded,False,True,3507
"(((2, 3), (3, 4), (5, 3), (5, 4), (6, 2)), (5, 5))","(((2, 3), (3, 4), (5, 3), (5, 4), (6, 3)), (5, 5))",17,3,20.0,17,,,pruned,,,3508
"(((2, 3), (3, 4), (5, 3), (5, 4), (6, 3)), (5, 5))","(((2, 3), (3, 4), (5, 3), (5, 5), (6, 3)), (2, 1))",16,2.0,18.0,16,2,1,expanded,False,True,3509
"(((3, 3), (3, 4), (4, 2), (5, 3), (6, 2)), (4, 3))","(((3, 3), (3, 4), (4, 2), (5, 3), (6, 3)), (4, 3))",17,3,20.0,17,,,pruned,,,3510
"(((3, 3), (3, 4), (4, 1), (5, 3), (6, 3)), (4, 2))","(((3, 3), (3, 4), (4, 2), (5, 3), (6, 3)), (4, 3))",17,3,20.0,17,,,pruned,,,3511
"(((3, 3), (3, 4), (4, 2), (5, 3), (6, 3)), (4, 3))","(((3, 3), (3, 4), (4, 2), (5, 4), (6, 3)), (5, 5))",16,2.0,18.0,16,5,2,expanded,False,True,3512
"(((3, 3), (4, 4), (5, 2), (5, 3), (6, 2)), (5, 4))","(((3, 3), (4, 4), (5, 2), (5, 3), (6, 3)), (5, 4))",17,3,20.0,17,,,pruned,,,3513
"(((3, 3), (4, 4), (5, 2), (5, 3), (6, 3)), (5, 4))","(((3, 3), (4, 4), (5, 2), (5, 4), (6, 3)), (5, 5))",16,2.0,18.0,16,2,1,expanded,False,True,3514
"(((3, 3), (3, 4), (4, 3), (5, 3), (6, 2)), (4, 4))","(((3, 3), (3, 4), (4, 3), (5, 3), (6, 3)), (4, 4))",18,2,20.0,18,,,pruned,,,3515
"(((3, 3), (3, 4), (4, 3), (5, 3), (6, 3)), (4, 4))","(((3, 3), (3, 4), (4, 3), (5, 4), (6, 3)), (5, 5))",17,1.0,18.0,17,4,1,expanded,False,True,3516
"(((1, 3), (2, 4), (4, 3), (5, 3), (6, 3)), (2, 1))","(((2, 3), (2, 4), (4, 3), (5, 3), (6, 3)), (3, 3))",18,2,20.0,18,,,pruned,,,3517
"(((1, 4), (2, 3), (4, 3), (5, 3), (6, 3)), (2, 4))","(((2, 3), (2, 4), (4, 3), (5, 3), (6, 3)), (3, 3))",18,2,20.0,18,,,pruned,,,3518
"(((2, 3), (2, 4), (4, 3), (5, 3), (6, 2)), (3, 3))","(((2, 3), (2, 4), (4, 3), (5, 3), (6, 3)), (3, 3))",18,2,20.0,18,,,pruned,,,3519
"(((2, 3), (2, 4), (4, 3), (5, 3), (6, 3)), (3, 3))","(((2, 3), (2, 4), (4, 3), (5, 4), (6, 3)), (5, 5))",17,1.0,18.0,17,5,3,expanded,False,True,3520
"(((3, 4), (4, 2), (4, 4), (5, 2), (6, 6)), (1, 3))","(((3, 4), (4, 2), (4, 4), (5, 2), (6, 5)), (1, 3))",14,7,21.0,14,,,pruned,,,3521
"(((3, 4), (4, 1), (4, 4), (5, 2), (6, 5)), (1, 3))","(((3, 4), (4, 2), (4, 4), (5, 2), (6, 5)), (1, 3))",14,7,21.0,14,,,pruned,,,3522
"(((3, 4), (4, 2), (4, 4), (5, 1), (6, 5)), (1, 3))","(((3, 4), (4, 2), (4, 4), (5, 2), (6, 5)), (1, 3))",14,7,21.0,14,,,pruned,,,3523
"(((3, 4), (4, 2), (4, 4), (5, 2), (6, 5)), (1, 3))","(((3, 4), (4, 2), (4, 4), (5, 3), (6, 5)), (1, 3))",13,6.0,19.0,13,6,3,expanded,False,True,3524
"(((1, 4), (4, 2), (4, 4), (6, 4), (6, 5)), (1, 3))","(((2, 4), (4, 2), (4, 4), (6, 4), (6, 5)), (1, 3))",14,7,21.0,14,,,pruned,,,3525
"(((2, 4), (4, 1), (4, 4), (6, 4), (6, 5)), (1, 3))","(((2, 4), (4, 2), (4, 4), (6, 4), (6, 5)), (1, 3))",14,7,21.0,14,,,pruned,,,3526
"(((2, 4), (4, 2), (4, 4), (6, 4), (6, 5)), (1, 3))","(((2, 4), (4, 2), (4, 4), (6, 3), (6, 5)), (1, 3))",13,6.0,19.0,13,6,2,expanded,False,True,3527
"(((1, 4), (4, 4), (5, 2), (5, 4), (6, 5)), (1, 3))","(((2, 4), (4, 4), (5, 2), (5, 4), (6, 5)), (1, 3))",14,7,21.0,14,,,pruned,,,3528
"(((2, 4), (4, 4), (5, 2), (5, 4), (6, 6)), (1, 3))","(((2, 4), (4, 4), (5, 2), (5, 4), (6, 5)), (1, 3))",14,7,21.0,14,,,pruned,,,3529
"(((2, 4), (4, 4), (5, 4), (6, 2), (6, 5)), (1, 3))","(((2, 4), (4, 4), (5, 2), (5, 4), (6, 5)), (1, 3))",14,6,20.0,14,,,pruned,,,3530
"(((2, 4), (4, 4), (5, 1), (5, 4), (6, 5)), (1, 3))","(((2, 4), (4, 4), (5, 2), (5, 4), (6, 5)), (1, 3))",14,7,21.0,14,,,pruned,,,3531
"(((2, 4), (4, 4), (5, 2), (5, 4), (6, 5)), (1, 3))","(((2, 4), (4, 3), (5, 2), (5, 4), (6, 5)), (1, 3))",13,6.0,19.0,13,8,4,expanded,False,True,3532
"(((1, 4), (4, 2), (5, 2), (5, 4), (6, 5)), (1, 3))","(((2, 4), (4, 2), (5, 2), (5, 4), (6, 5)), (1, 3))",14,7,21.0,14,,,pruned,,,3533
"(((2, 4), (4, 2), (5, 2), (5, 4), (6, 6)), (1, 3))","(((2, 4), (4, 2), (5, 2), (5, 4), (6, 5)), (1, 3))",14,7,21.0,14,,,pruned,,,3534
"(((2, 4), (4, 1), (5, 2), (5, 4), (6, 5)), (1, 3))","(((2, 4), (4, 2), (5, 2), (5, 4), (6, 5)), (1, 3))",14,7,21.0,14,,,pruned,,,3535
"(((2, 4), (4, 2), (5, 1), (5, 4), (6, 5)), (1, 3))","(((2, 4), (4, 2), (5, 2), (5, 4), (6, 5)), (1, 3))",14,7,21.0,14,,,pruned,,,3536
"(((2, 4), (4, 2), (5, 2), (5, 4), (6, 5)), (1, 3))","(((2, 4), (4, 3), (5, 2), (5, 4), (6, 5)), (1, 3))",13,6.0,19.0,13,10,4,expanded,False,True,3537
"(((4, 2), (4, 4), (5, 3), (5, 4), (6, 6)), (1, 3))","(((4, 2), (4, 4), (5, 3), (5, 4), (6, 5)), (1, 3))",15,6,21.0,15,,,pruned,,,3538
"(((4, 1), (4, 4), (5, 3), (5, 4), (6, 5)), (1, 3))","(((4, 2), (4, 4), (5, 3), (5, 4), (6, 5)), (1, 3))",15,6,21.0,15,,,pruned,,,3539
"(((4, 2), (4, 4), (5, 3), (5, 4), (6, 5)), (1, 3))","(((4, 2), (4, 4), (5, 3), (5, 4), (6, 4)), (1, 3))",14,5.0,19.0,14,5,2,expanded,False,True,3540
"(((4, 2), (5, 2), (5, 6), (6, 3), (6, 4)), (1, 3))","(((4, 2), (5, 2), (5, 5), (6, 3), (6, 4)), (1, 3))",15,6,21.0,15,,,pruned,,,3541
"(((4, 1), (5, 2), (5, 5), (6, 3), (6, 4)), (1, 3))","(((4, 2), (5, 2), (5, 5), (6, 3), (6, 4)), (1, 3))",15,6,21.0,15,,,pruned,,,3542
"(((4, 2), (5, 1), (5, 5), (6, 3), (6, 4)), (1, 3))","(((4, 2), (5, 2), (5, 5), (6, 3), (6, 4)), (1, 3))",15,6,21.0,15,,,pruned,,,3543
"(((4, 2), (5, 2), (5, 5), (6, 3), (6, 4)), (1, 3))","(((4, 2), (5, 2), (5, 4), (6, 3), (6, 4)), (1, 3))",14,5.0,19.0,14,5,3,expanded,False,True,3544
"(((3, 3), (4, 2), (4, 4), (5, 4), (6, 6)), (1, 3))","(((3, 3), (4, 2), (4, 4), (5, 4), (6, 5)), (1, 3))",15,6,21.0,15,,,pruned,,,3545
"(((3, 3), (4, 1), (4, 4), (5, 4), (6, 5)), (4, 2))","(((3, 3), (4, 2), (4, 4), (5, 4), (6, 5)), (1, 3))",15,6,21.0,15,,,pruned,,,3546
"(((3, 3), (4, 2), (4, 4), (5, 4), (6, 5)), (1, 3))","(((3, 3), (4, 2), (4, 4), (5, 4), (6, 4)), (1, 3))",14,5.0,19.0,14,6,2,expanded,False,True,3547
"(((3, 4), (4, 3), (5, 4), (6, 4), (6, 5)), (1, 3))","(((3, 4), (4, 3), (5, 3), (6, 4), (6, 5)), (1, 3))",14,5.0,19.0,14,5,0,expanded,False,True,3548
"(((1, 3), (2, 4), (4, 2), (6, 4), (6, 5)), (2, 1))","(((2, 3), (2, 4), (4, 2), (6, 4), (6, 5)), (2, 1))",15,6,21.0,15,,,pruned,,,3549
"(((1, 4), (2, 3), (4, 2), (6, 4), (6, 5)), (2, 1))","(((2, 3), (2, 4), (4, 2), (6, 4), (6, 5)), (2, 1))",15,6,21.0,15,,,pruned,,,3550
"(((2, 3), (2, 4), (4, 1), (6, 4), (6, 5)), (3, 3))","(((2, 3), (2, 4), (4, 2), (6, 4), (6, 5)), (2, 1))",15,6,21.0,15,,,pruned,,,3551
"(((2, 3), (2, 4), (4, 2), (6, 4), (6, 5)), (2, 1))","(((2, 3), (2, 4), (4, 3), (6, 4), (6, 5)), (2, 1))",14,5.0,19.0,14,4,3,expanded,False,True,3552
"(((1, 3), (3, 4), (4, 2), (5, 4), (6, 5)), (1, 4))","(((2, 3), (3, 4), (4, 2), (5, 4), (6, 5)), (2, 1))",15,6,21.0,15,,,pruned,,,3553
"(((2, 3), (3, 4), (4, 2), (5, 4), (6, 6)), (2, 1))","(((2, 3), (3, 4), (4, 2), (5, 4), (6, 5)), (2, 1))",15,6,21.0,15,,,pruned,,,3554
"(((2, 3), (3, 4), (4, 1), (5, 4), (6, 5)), (3, 3))","(((2, 3), (3, 4), (4, 2), (5, 4), (6, 5)), (2, 1))",15,6,21.0,15,,,pruned,,,3555
"(((2, 3), (3, 4), (4, 2), (5, 4), (6, 5)), (2, 1))","(((2, 3), (3, 4), (4, 2), (5, 4), (6, 4)), (2, 1))",14,5.0,19.0,14,9,3,expanded,False,True,3556
"(((1, 4), (4, 4), (5, 2), (5, 4), (6, 4)), (1, 3))","(((2, 4), (4, 4), (5, 2), (5, 4), (6, 4)), (1, 3))",15,6,21.0,15,,,pruned,,,3557
"(((2, 4), (4, 4), (5, 4), (6, 2), (6, 4)), (1, 3))","(((2, 4), (4, 4), (5, 2), (5, 4), (6, 4)), (1, 3))",15,5,20.0,15,,,pruned,,,3558
"(((2, 4), (4, 4), (5, 1), (5, 4), (6, 4)), (1, 3))","(((2, 4), (4, 4), (5, 2), (5, 4), (6, 4)), (1, 3))",15,6,21.0,15,,,pruned,,,3559
"(((2, 4), (4, 4), (5, 2), (5, 4), (6, 4)), (1, 3))","(((2, 4), (4, 3), (5, 2), (5, 4), (6, 4)), (1, 3))",14,5.0,19.0,14,8,3,expanded,False,True,3560
"(((1, 4), (4, 2), (5, 2), (5, 4), (6, 4)), (1, 3))","(((2, 4), (4, 2), (5, 2), (5, 4), (6, 4)), (1, 3))",15,6,21.0,15,,,pruned,,,3561
"(((2, 4), (4, 1), (5, 2), (5, 4), (6, 4)), (1, 3))","(((2, 4), (4, 2), (5, 2), (5, 4), (6, 4)), (1, 3))",15,6,21.0,15,,,pruned,,,3562
"(((2, 4), (4, 2), (5, 1), (5, 4), (6, 4)), (1, 3))","(((2, 4), (4, 2), (5, 2), (5, 4), (6, 4)), (1, 3))",15,6,21.0,15,,,pruned,,,3563
"(((2, 4), (4, 2), (5, 2), (5, 4), (6, 4)), (1, 3))","(((2, 4), (4, 3), (5, 2), (5, 4), (6, 4)), (1, 3))",14,5.0,19.0,14,8,3,expanded,False,True,3564
"(((1, 4), (5, 3), (5, 4), (6, 4), (6, 5)), (1, 3))","(((2, 4), (5, 3), (5, 4), (6, 4), (6, 5)), (1, 3))",15,6,21.0,15,,,pruned,,,3565
"(((2, 4), (5, 3), (5, 4), (6, 4), (6, 5)), (1, 3))","(((2, 4), (5, 3), (5, 4), (6, 3), (6, 5)), (1, 3))",14,5.0,19.0,14,4,1,expanded,False,True,3566
"(((1, 4), (3, 3), (5, 4), (6, 4), (6, 5)), (1, 3))","(((2, 4), (3, 3), (5, 4), (6, 4), (6, 5)), (1, 3))",15,6,21.0,15,,,pruned,,,3567
"(((2, 4), (3, 3), (5, 4), (6, 4), (6, 5)), (1, 3))","(((2, 4), (3, 3), (5, 4), (6, 3), (6, 5)), (1, 3))",14,5.0,19.0,14,5,1,expanded,False,True,3568
"(((1, 4), (4, 4), (6, 3), (6, 4), (6, 5)), (1, 3))","(((2, 4), (4, 4), (6, 3), (6, 4), (6, 5)), (1, 3))",15,6,21.0,15,,,pruned,,,3569
"(((2, 4), (4, 4), (6, 3), (6, 4), (6, 5)), (1, 3))","(((2, 4), (4, 3), (6, 3), (6, 4), (6, 5)), (1, 3))",14,5.0,19.0,14,4,1,expanded,False,True,3570
"(((1, 4), (4, 2), (6, 3), (6, 4), (6, 5)), (1, 3))","(((2, 4), (4, 2), (6, 3), (6, 4), (6, 5)), (1, 3))",15,6,21.0,15,,,pruned,,,3571
"(((2, 4), (4, 1), (6, 3), (6, 4), (6, 5)), (1, 3))","(((2, 4), (4, 2), (6, 3), (6, 4), (6, 5)), (1, 3))",15,6,21.0,15,,,pruned,,,3572
"(((2, 4), (4, 2), (6, 3), (6, 4), (6, 5)), (1, 3))","(((2, 4), (4, 3), (6, 3), (6, 4), (6, 5)), (1, 3))",14,5.0,19.0,14,4,2,expanded,False,True,3573
"(((3, 4), (4, 1), (4, 4), (5, 2), (6, 4)), (1, 3))","(((3, 4), (4, 2), (4, 4), (5, 2), (6, 4)), (1, 3))",15,6,21.0,15,,,pruned,,,3574
"(((3, 4), (4, 2), (4, 4), (5, 1), (6, 4)), (1, 3))","(((3, 4), (4, 2), (4, 4), (5, 2), (6, 4)), (1, 3))",15,6,21.0,15,,,pruned,,,3575
"(((3, 4), (4, 2), (4, 4), (5, 2), (6, 4)), (1, 3))","(((3, 4), (4, 2), (4, 4), (5, 3), (6, 4)), (5, 4))",14,5.0,19.0,14,6,2,expanded,False,True,3576
"(((3, 4), (4, 1), (5, 4), (6, 3), (6, 5)), (1, 3))","(((3, 4), (4, 2), (5, 4), (6, 3), (6, 5)), (1, 3))",15,6,21.0,15,,,pruned,,,3577
"(((3, 4), (4, 2), (5, 4), (6, 3), (6, 5)), (1, 3))","(((3, 4), (4, 2), (5, 3), (5, 4), (6, 5)), (1, 3))",14,5.0,19.0,14,7,1,expanded,False,True,3578
"(((3, 4), (4, 1), (5, 3), (6, 4), (6, 5)), (1, 3))","(((3, 4), (4, 2), (5, 3), (6, 4), (6, 5)), (1, 3))",15,6,21.0,15,,,pruned,,,3579
"(((3, 4), (4, 2), (5, 3), (6, 4), (6, 5)), (1, 3))","(((3, 4), (4, 2), (5, 3), (5, 4), (6, 5)), (1, 3))",14,5.0,19.0,14,8,1,expanded,False,True,3580
"(((3, 3), (4, 2), (4, 4), (5, 2), (6, 6)), (4, 3))","(((3, 3), (4, 2), (4, 4), (5, 2), (6, 5)), (4, 3))",15,6,21.0,15,,,pruned,,,3581
"(((3, 3), (4, 1), (4, 4), (5, 2), (6, 5)), (4, 2))","(((3, 3), (4, 2), (4, 4), (5, 2), (6, 5)), (4, 3))",15,6,21.0,15,,,pruned,,,3582
"(((3, 3), (4, 2), (4, 4), (5, 1), (6, 5)), (4, 3))","(((3, 3), (4, 2), (4, 4), (5, 2), (6, 5)), (4, 3))",15,6,21.0,15,,,pruned,,,3583
"(((3, 3), (4, 2), (4, 4), (5, 2), (6, 5)), (4, 3))","(((4, 2), (4, 3), (4, 4), (5, 2), (6, 5)), (5, 3))",14,5.0,19.0,14,6,3,expanded,False,True,3584
"(((3, 4), (4, 3), (6, 2), (6, 4), (6, 5)), (1, 3))","(((3, 4), (4, 3), (5, 2), (6, 4), (6, 5)), (1, 3))",15,5,20.0,15,,,pruned,,,3585
"(((3, 4), (4, 3), (5, 2), (6, 4), (6, 5)), (1, 3))","(((2, 4), (4, 3), (5, 2), (6, 4), (6, 5)), (1, 3))",14,5.0,19.0,14,5,1,expanded,False,True,3586
"(((1, 4), (5, 2), (5, 3), (6, 4), (6, 5)), (1, 3))","(((2, 4), (5, 2), (5, 3), (6, 4), (6, 5)), (1, 3))",15,6,21.0,15,,,pruned,,,3587
"(((2, 4), (5, 3), (6, 2), (6, 4), (6, 5)), (1, 3))","(((2, 4), (5, 2), (5, 3), (6, 4), (6, 5)), (1, 3))",15,5,20.0,15,,,pruned,,,3588
"(((2, 4), (5, 2), (5, 3), (6, 4), (6, 5)), (1, 3))","(((2, 4), (4, 3), (5, 2), (6, 4), (6, 5)), (1, 3))",14,5.0,19.0,14,4,2,expanded,False,True,3589
"(((1, 4), (3, 3), (5, 2), (6, 4), (6, 5)), (1, 3))","(((2, 4), (3, 3), (5, 2), (6, 4), (6, 5)), (1, 3))",15,6,21.0,15,,,pruned,,,3590
"(((2, 4), (3, 3), (6, 2), (6, 4), (6, 5)), (1, 3))","(((2, 4), (3, 3), (5, 2), (6, 4), (6, 5)), (1, 3))",15,5,20.0,15,,,pruned,,,3591
"(((2, 4), (3, 3), (5, 1), (6, 4), (6, 5)), (1, 3))","(((2, 4), (3, 3), (5, 2), (6, 4), (6, 5)), (1, 3))",15,6,21.0,15,,,pruned,,,3592
"(((2, 4), (3, 3), (5, 2), (6, 4), (6, 5)), (1, 3))","(((2, 4), (4, 3), (5, 2), (6, 4), (6, 5)), (1, 3))",14,5.0,19.0,14,8,3,expanded,False,True,3593
"(((3, 3), (3, 4), (4, 1), (6, 4), (6, 5)), (4, 2))","(((3, 3), (3, 4), (4, 2), (6, 4), (6, 5)), (1, 3))",15,6,21.0,15,,,pruned,,,3594
"(((3, 3), (3, 4), (4, 2), (6, 4), (6, 5)), (1, 3))","(((3, 3), (3, 4), (4, 2), (5, 4), (6, 5)), (1, 3))",14,5.0,19.0,14,6,1,expanded,False,True,3595
"(((1, 3), (3, 4), (4, 2), (5, 2), (6, 5)), (1, 4))","(((2, 3), (3, 4), (4, 2), (5, 2), (6, 5)), (3, 3))",15,6,21.0,15,,,pruned,,,3596
"(((2, 3), (3, 4), (4, 2), (5, 2), (6, 6)), (3, 3))","(((2, 3), (3, 4), (4, 2), (5, 2), (6, 5)), (3, 3))",15,6,21.0,15,,,pruned,,,3597
"(((2, 3), (3, 4), (4, 1), (5, 2), (6, 5)), (3, 3))","(((2, 3), (3, 4), (4, 2), (5, 2), (6, 5)), (3, 3))",15,6,21.0,15,,,pruned,,,3598
"(((2, 3), (3, 4), (4, 2), (5, 1), (6, 5)), (3, 3))","(((2, 3), (3, 4), (4, 2), (5, 2), (6, 5)), (3, 3))",15,6,21.0,15,,,pruned,,,3599
"(((2, 3), (3, 4), (4, 2), (5, 2), (6, 5)), (3, 3))","(((3, 3), (3, 4), (4, 2), (5, 2), (6, 5)), (4, 3))",14,5.0,19.0,14,6,4,expanded,False,True,3600
"(((4, 2), (4, 3), (4, 4), (6, 4), (6, 5)), (1, 3))","(((3, 4), (4, 2), (4, 3), (6, 4), (6, 5)), (1, 3))",14,5.0,19.0,14,4,0,expanded,False,True,3601
"(((4, 2), (4, 3), (5, 2), (5, 4), (6, 5)), (1, 3))","(((4, 2), (4, 3), (4, 4), (5, 2), (6, 5)), (1, 3))",14,5.0,19.0,14,3,0,expanded,False,True,3602
"(((4, 1), (4, 4), (5, 2), (5, 3), (6, 5)), (1, 3))","(((4, 2), (4, 4), (5, 2), (5, 3), (6, 5)), (1, 3))",15,6,21.0,15,,,pruned,,,3603
"(((4, 2), (4, 4), (5, 2), (5, 3), (6, 5)), (1, 3))","(((4, 2), (4, 3), (4, 4), (5, 2), (6, 5)), (1, 3))",14,5.0,19.0,14,4,1,expanded,False,True,3604
"(((3, 4), (4, 2), (5, 2), (6, 3), (6, 6)), (1, 3))","(((3, 4), (4, 2), (5, 2), (6, 3), (6, 5)), (1, 3))",15,6,21.0,15,,,pruned,,,3605
"(((3, 4), (4, 2), (5, 2), (6, 2), (6, 5)), (1, 3))","(((3, 4), (4, 2), (5, 2), (6, 3), (6, 5)), (1, 3))",15,6,21.0,15,,,pruned,,,3606
"(((3, 4), (4, 1), (5, 2), (6, 3), (6, 5)), (1, 3))","(((3, 4), (4, 2), (5, 2), (6, 3), (6, 5)), (1, 3))",15,6,21.0,15,,,pruned,,,3607
"(((3, 4), (4, 2), (5, 1), (6, 3), (6, 5)), (1, 3))","(((3, 4), (4, 2), (5, 2), (6, 3), (6, 5)), (1, 3))",15,6,21.0,15,,,pruned,,,3608
"(((3, 4), (4, 2), (5, 2), (6, 3), (6, 5)), (1, 3))","(((3, 4), (4, 2), (5, 2), (5, 3), (6, 5)), (1, 3))",14,5.0,19.0,14,9,4,expanded,False,True,3609
"(((4, 3), (4, 4), (5, 4), (6, 2), (6, 5)), (1, 3))","(((4, 3), (4, 4), (5, 2), (5, 4), (6, 5)), (1, 3))",15,5,20.0,15,,,pruned,,,3610
"(((4, 3), (4, 4), (5, 2), (5, 4), (6, 5)), (1, 3))","(((3, 4), (4, 3), (5, 2), (5, 4), (6, 5)), (1, 3))",14,5.0,19.0,14,3,1,expanded,False,True,3611
"(((3, 4), (5, 3), (5, 4), (6, 2), (6, 5)), (1, 3))","(((3, 4), (5, 2), (5, 3), (5, 4), (6, 5)), (1, 3))",15,5,20.0,15,,,pruned,,,3612
"(((3, 4), (5, 2), (5, 3), (5, 4), (6, 5)), (1, 3))","(((3, 4), (4, 3), (5, 2), (5, 4), (6, 5)), (1, 3))",14,5.0,19.0,14,5,1,expanded,False,True,3613
"(((1, 4), (5, 2), (5, 4), (6, 3), (6, 5)), (1, 3))","(((2, 4), (5, 2), (5, 4), (6, 3), (6, 5)), (1, 3))",15,6,21.0,15,,,pruned,,,3614
"(((2, 4), (5, 4), (6, 2), (6, 3), (6, 5)), (1, 3))","(((2, 4), (5, 2), (5, 4), (6, 3), (6, 5)), (1, 3))",15,5,20.0,15,,,pruned,,,3615
"(((2, 4), (5, 1), (5, 4), (6, 3), (6, 5)), (1, 3))","(((2, 4), (5, 2), (5, 4), (6, 3), (6, 5)), (1, 3))",15,6,21.0,15,,,pruned,,,3616
"(((2, 4), (5, 2), (5, 4), (6, 3), (6, 5)), (1, 3))","(((2, 4), (5, 2), (5, 3), (5, 4), (6, 5)), (1, 3))",14,5.0,19.0,14,7,3,expanded,False,True,3617
"(((3, 3), (4, 2), (4, 4), (5, 6), (6, 3)), (1, 3))","(((3, 3), (4, 2), (4, 4), (5, 5), (6, 3)), (1, 3))",16,5,21.0,16,,,pruned,,,3618
"(((3, 3), (4, 2), (4, 4), (5, 5), (6, 2)), (1, 3))","(((3, 3), (4, 2), (4, 4), (5, 5), (6, 3)), (1, 3))",16,5,21.0,16,,,pruned,,,3619
"(((3, 3), (4, 1), (4, 4), (5, 5), (6, 3)), (4, 2))","(((3, 3), (4, 2), (4, 4), (5, 5), (6, 3)), (1, 3))",16,5,21.0,16,,,pruned,,,3620
"(((3, 3), (4, 2), (4, 4), (5, 5), (6, 3)), (1, 3))","(((3, 3), (4, 2), (4, 4), (5, 4), (6, 3)), (1, 3))",15,4.0,19.0,15,10,3,expanded,False,True,3621
"(((1, 3), (3, 4), (4, 2), (5, 5), (6, 3)), (1, 4))","(((2, 3), (3, 4), (4, 2), (5, 5), (6, 3)), (2, 1))",16,5,21.0,16,,,pruned,,,3622
"(((2, 3), (3, 4), (4, 2), (5, 6), (6, 3)), (2, 1))","(((2, 3), (3, 4), (4, 2), (5, 5), (6, 3)), (2, 1))",16,5,21.0,16,,,pruned,,,3623
"(((2, 3), (3, 4), (4, 2), (5, 5), (6, 2)), (2, 1))","(((2, 3), (3, 4), (4, 2), (5, 5), (6, 3)), (2, 1))",16,5,21.0,16,,,pruned,,,3624
"(((2, 3), (3, 4), (4, 1), (5, 5), (6, 3)), (3, 3))","(((2, 3), (3, 4), (4, 2), (5, 5), (6, 3)), (2, 1))",16,5,21.0,16,,,pruned,,,3625
"(((2, 3), (3, 4), (4, 2), (5, 5), (6, 3)), (2, 1))","(((2, 3), (3, 4), (4, 2), (5, 4), (6, 3)), (2, 1))",15,4.0,19.0,15,9,4,expanded,False,True,3626
"(((2, 1), (5, 2), (5, 4), (6, 3), (6, 4)), (1, 3))","(((2, 2), (5, 2), (5, 4), (6, 3), (6, 4)), (1, 3))",16,5,21.0,16,,,pruned,,,3627
"(((2, 2), (5, 4), (6, 2), (6, 3), (6, 4)), (1, 3))","(((2, 2), (5, 2), (5, 4), (6, 3), (6, 4)), (1, 3))",16,4,20.0,16,,,pruned,,,3628
"(((2, 2), (5, 1), (5, 4), (6, 3), (6, 4)), (1, 3))","(((2, 2), (5, 2), (5, 4), (6, 3), (6, 4)), (1, 3))",16,5,21.0,16,,,pruned,,,3629
"(((2, 2), (5, 2), (5, 4), (6, 3), (6, 4)), (1, 3))","(((2, 3), (5, 2), (5, 4), (6, 3), (6, 4)), (1, 3))",15,4.0,19.0,15,6,3,expanded,False,True,3630
"(((1, 3), (5, 2), (5, 5), (6, 3), (6, 4)), (1, 4))","(((2, 3), (5, 2), (5, 5), (6, 3), (6, 4)), (1, 3))",16,5,21.0,16,,,pruned,,,3631
"(((2, 3), (5, 2), (5, 6), (6, 3), (6, 4)), (1, 3))","(((2, 3), (5, 2), (5, 5), (6, 3), (6, 4)), (1, 3))",16,5,21.0,16,,,pruned,,,3632
"(((2, 3), (5, 5), (6, 2), (6, 3), (6, 4)), (1, 3))","(((2, 3), (5, 2), (5, 5), (6, 3), (6, 4)), (1, 3))",16,4,20.0,16,,,pruned,,,3633
"(((2, 3), (5, 1), (5, 5), (6, 3), (6, 4)), (1, 3))","(((2, 3), (5, 2), (5, 5), (6, 3), (6, 4)), (1, 3))",16,5,21.0,16,,,pruned,,,3634
"(((2, 3), (5, 2), (5, 5), (6, 3), (6, 4)), (1, 3))","(((2, 3), (5, 2), (5, 4), (6, 3), (6, 4)), (1, 3))",15,4.0,19.0,15,8,4,expanded,False,True,3635
"(((3, 3), (4, 3), (4, 4), (5, 4), (6, 6)), (1, 3))","(((3, 3), (4, 3), (4, 4), (5, 4), (6, 5)), (1, 3))",16,5,21.0,16,,,pruned,,,3636
"(((3, 3), (4, 3), (4, 4), (5, 4), (6, 5)), (1, 3))","(((3, 3), (4, 3), (4, 4), (5, 4), (6, 4)), (1, 3))",15,4.0,19.0,15,2,1,expanded,False,True,3637
"(((2, 3), (3, 4), (4, 3), (5, 4), (6, 6)), (2, 1))","(((2, 3), (3, 4), (4, 3), (5, 4), (6, 5)), (2, 1))",16,5,21.0,16,,,pruned,,,3638
"(((2, 3), (3, 4), (4, 3), (5, 4), (6, 5)), (2, 1))","(((2, 3), (3, 4), (4, 3), (5, 4), (6, 4)), (2, 1))",15,4.0,19.0,15,6,1,expanded,False,True,3639
"(((4, 2), (4, 3), (5, 4), (5, 5), (6, 3)), (1, 3))","(((4, 2), (4, 3), (4, 4), (5, 5), (6, 3)), (1, 3))",15,4.0,19.0,15,4,0,expanded,False,True,3640
"(((4, 3), (5, 2), (5, 6), (6, 3), (6, 4)), (1, 3))","(((4, 3), (5, 2), (5, 5), (6, 3), (6, 4)), (1, 3))",16,5,21.0,16,,,pruned,,,3641
"(((4, 3), (5, 5), (6, 2), (6, 3), (6, 4)), (1, 3))","(((4, 3), (5, 2), (5, 5), (6, 3), (6, 4)), (1, 3))",16,4,20.0,16,,,pruned,,,3642
"(((4, 3), (5, 1), (5, 5), (6, 3), (6, 4)), (1, 3))","(((4, 3), (5, 2), (5, 5), (6, 3), (6, 4)), (1, 3))",16,5,21.0,16,,,pruned,,,3643
"(((4, 3), (5, 2), (5, 5), (6, 3), (6, 4)), (1, 3))","(((3, 3), (5, 2), (5, 5), (6, 3), (6, 4)), (1, 3))",15,4.0,19.0,15,8,3,expanded,False,True,3644
"(((2, 1), (3, 4), (5, 2), (6, 3), (6, 4)), (1, 3))","(((2, 2), (3, 4), (5, 2), (6, 3), (6, 4)), (1, 3))",16,5,21.0,16,,,pruned,,,3645
"(((2, 2), (3, 4), (6, 2), (6, 3), (6, 4)), (1, 3))","(((2, 2), (3, 4), (5, 2), (6, 3), (6, 4)), (1, 3))",16,4,20.0,16,,,pruned,,,3646
"(((2, 2), (3, 4), (5, 1), (6, 3), (6, 4)), (1, 3))","(((2, 2), (3, 4), (5, 2), (6, 3), (6, 4)), (1, 3))",16,5,21.0,16,,,pruned,,,3647
"(((2, 2), (3, 4), (5, 2), (6, 3), (6, 4)), (1, 3))","(((2, 2), (4, 4), (5, 2), (6, 3), (6, 4)), (1, 3))",15,4.0,19.0,15,7,3,expanded,False,True,3648
"(((3, 3), (4, 1), (4, 4), (5, 2), (6, 4)), (4, 2))","(((3, 3), (4, 2), (4, 4), (5, 2), (6, 4)), (4, 3))",16,5,21.0,16,,,pruned,,,3649
"(((3, 3), (4, 2), (4, 4), (5, 1), (6, 4)), (4, 3))","(((3, 3), (4, 2), (4, 4), (5, 2), (6, 4)), (4, 3))",16,5,21.0,16,,,pruned,,,3650
"(((3, 3), (4, 2), (4, 4), (5, 2), (6, 4)), (4, 3))","(((4, 2), (4, 3), (4, 4), (5, 2), (6, 4)), (5, 3))",15,4.0,19.0,15,6,2,expanded,False,True,3651
"(((1, 3), (3, 4), (4, 2), (5, 2), (6, 4)), (1, 4))","(((2, 3), (3, 4), (4, 2), (5, 2), (6, 4)), (3, 3))",16,5,21.0,16,,,pruned,,,3652
"(((2, 3), (3, 4), (4, 1), (5, 2), (6, 4)), (3, 3))","(((2, 3), (3, 4), (4, 2), (5, 2), (6, 4)), (3, 3))",16,5,21.0,16,,,pruned,,,3653
"(((2, 3), (3, 4), (4, 2), (5, 1), (6, 4)), (3, 3))","(((2, 3), (3, 4), (4, 2), (5, 2), (6, 4)), (3, 3))",16,5,21.0,16,,,pruned,,,3654
"(((2, 3), (3, 4), (4, 2), (5, 2), (6, 4)), (3, 3))","(((3, 3), (3, 4), (4, 2), (5, 2), (6, 4)), (4, 3))",15,4.0,19.0,15,6,3,expanded,False,True,3655
"(((3, 4), (5, 3), (5, 4), (6, 2), (6, 4)), (1, 3))","(((3, 4), (5, 2), (5, 3), (5, 4), (6, 4)), (1, 3))",16,4,20.0,16,,,pruned,,,3656
"(((3, 4), (5, 2), (5, 3), (5, 4), (6, 4)), (1, 3))","(((2, 4), (5, 2), (5, 3), (5, 4), (6, 4)), (1, 3))",15,4.0,19.0,15,4,1,expanded,False,True,3657
"(((4, 3), (5, 3), (5, 4), (6, 4), (6, 5)), (1, 3))","(((4, 3), (4, 4), (5, 3), (6, 4), (6, 5)), (1, 3))",15,4.0,19.0,15,2,0,expanded,False,True,3658
"(((4, 3), (4, 4), (5, 4), (6, 2), (6, 4)), (1, 3))","(((4, 3), (4, 4), (5, 2), (5, 4), (6, 4)), (1, 3))",16,4,20.0,16,,,pruned,,,3659
"(((4, 3), (4, 4), (5, 2), (5, 4), (6, 4)), (1, 3))","(((3, 4), (4, 3), (5, 2), (5, 4), (6, 4)), (1, 3))",15,4.0,19.0,15,3,1,expanded,False,True,3660
"(((4, 4), (5, 3), (5, 4), (6, 3), (6, 5)), (1, 3))","(((4, 3), (4, 4), (5, 4), (6, 3), (6, 5)), (1, 3))",15,4.0,19.0,15,1,0,expanded,False,True,3661
"(((3, 3), (4, 4), (5, 4), (6, 3), (6, 5)), (1, 3))","(((4, 3), (4, 4), (5, 4), (6, 3), (6, 5)), (1, 3))",15,4.0,19.0,15,4,0,expanded,False,True,3662
"(((3, 4), (5, 3), (6, 3), (6, 4), (6, 5)), (1, 3))","(((3, 4), (5, 3), (5, 4), (6, 3), (6, 5)), (1, 3))",15,4.0,19.0,15,4,0,expanded,False,True,3663
"(((1, 3), (3, 4), (5, 4), (6, 3), (6, 5)), (1, 4))","(((2, 3), (3, 4), (5, 4), (6, 3), (6, 5)), (2, 1))",16,5,21.0,16,,,pruned,,,3664
"(((2, 3), (3, 4), (5, 4), (6, 3), (6, 5)), (2, 1))","(((3, 3), (3, 4), (5, 4), (6, 3), (6, 5)), (1, 3))",15,4.0,19.0,15,6,1,expanded,False,True,3665
"(((3, 3), (3, 4), (6, 3), (6, 4), (6, 5)), (1, 3))","(((3, 3), (3, 4), (5, 4), (6, 3), (6, 5)), (1, 3))",15,4.0,19.0,15,4,0,expanded,False,True,3666
"(((4, 3), (4, 4), (6, 3), (6, 4), (6, 5)), (1, 3))","(((3, 4), (4, 3), (6, 3), (6, 4), (6, 5)), (1, 3))",15,4.0,19.0,15,4,0,expanded,False,True,3667
"(((5, 3), (5, 4), (5, 5), (6, 2), (6, 3)), (1, 3))","(((5, 2), (5, 3), (5, 4), (5, 5), (6, 3)), (1, 3))",16,4,20.0,16,,,pruned,,,3668
"(((5, 2), (5, 3), (5, 4), (5, 5), (6, 3)), (1, 3))","(((4, 3), (5, 2), (5, 4), (5, 5), (6, 3)), (1, 3))",15,4.0,19.0,15,2,1,expanded,False,True,3669
"(((3, 3), (5, 4), (5, 5), (6, 2), (6, 3)), (1, 3))","(((3, 3), (5, 2), (5, 4), (5, 5), (6, 3)), (1, 3))",16,4,20.0,16,,,pruned,,,3670
"(((3, 3), (5, 1), (5, 4), (5, 5), (6, 3)), (1, 3))","(((3, 3), (5, 2), (5, 4), (5, 5), (6, 3)), (1, 3))",16,5,21.0,16,,,pruned,,,3671
"(((3, 3), (5, 2), (5, 4), (5, 5), (6, 3)), (1, 3))","(((3, 3), (4, 4), (5, 2), (5, 5), (6, 3)), (1, 3))",15,4.0,19.0,15,6,2,expanded,False,True,3672
"(((1, 3), (4, 4), (5, 2), (5, 5), (6, 3)), (1, 4))","(((2, 3), (4, 4), (5, 2), (5, 5), (6, 3)), (1, 3))",16,5,21.0,16,,,pruned,,,3673
"(((2, 3), (4, 4), (5, 2), (5, 6), (6, 3)), (1, 3))","(((2, 3), (4, 4), (5, 2), (5, 5), (6, 3)), (1, 3))",16,5,21.0,16,,,pruned,,,3674
"(((2, 3), (4, 4), (5, 2), (5, 5), (6, 2)), (1, 3))","(((2, 3), (4, 4), (5, 2), (5, 5), (6, 3)), (1, 3))",16,5,21.0,16,,,pruned,,,3675
"(((2, 3), (4, 4), (5, 5), (6, 2), (6, 3)), (1, 3))","(((2, 3), (4, 4), (5, 2), (5, 5), (6, 3)), (1, 3))",16,4,20.0,16,,,pruned,,,3676
"(((2, 3), (4, 4), (5, 1), (5, 5), (6, 3)), (1, 3))","(((2, 3), (4, 4), (5, 2), (5, 5), (6, 3)), (1, 3))",16,5,21.0,16,,,pruned,,,3677
"(((2, 3), (4, 4), (5, 2), (5, 5), (6, 3)), (1, 3))","(((3, 3), (4, 4), (5, 2), (5, 5), (6, 3)), (1, 3))",15,4.0,19.0,15,12,5,expanded,False,True,3678
"(((4, 2), (5, 3), (5, 6), (6, 3), (6, 4)), (1, 3))","(((4, 2), (5, 3), (5, 5), (6, 3), (6, 4)), (1, 3))",16,5,21.0,16,,,pruned,,,3679
"(((4, 1), (5, 3), (5, 5), (6, 3), (6, 4)), (1, 3))","(((4, 2), (5, 3), (5, 5), (6, 3), (6, 4)), (1, 3))",16,5,21.0,16,,,pruned,,,3680
"(((4, 2), (5, 3), (5, 5), (6, 3), (6, 4)), (1, 3))","(((4, 2), (5, 3), (5, 4), (5, 5), (6, 3)), (1, 3))",15,4.0,19.0,15,5,2,expanded,False,True,3681
"(((4, 3), (4, 4), (5, 3), (6, 2), (6, 5)), (1, 3))","(((4, 3), (4, 4), (5, 2), (5, 3), (6, 5)), (1, 3))",16,4,20.0,16,,,pruned,,,3682
"(((4, 3), (4, 4), (5, 2), (5, 3), (6, 5)), (1, 3))","(((3, 4), (4, 3), (5, 2), (5, 3), (6, 5)), (1, 3))",15,4.0,19.0,15,2,1,expanded,False,True,3683
"(((3, 3), (3, 4), (4, 3), (6, 4), (6, 5)), (1, 3))","(((2, 4), (3, 3), (4, 3), (6, 4), (6, 5)), (1, 3))",15,4.0,19.0,15,4,0,expanded,False,True,3684
"(((3, 4), (4, 3), (6, 2), (6, 3), (6, 5)), (1, 3))","(((3, 4), (4, 3), (5, 2), (6, 3), (6, 5)), (1, 3))",16,4,20.0,16,,,pruned,,,3685
"(((3, 4), (4, 3), (5, 2), (6, 3), (6, 5)), (1, 3))","(((2, 4), (4, 3), (5, 2), (6, 3), (6, 5)), (1, 3))",15,4.0,19.0,15,5,1,expanded,False,True,3686
"(((1, 4), (5, 2), (5, 3), (6, 3), (6, 5)), (1, 3))","(((2, 4), (5, 2), (5, 3), (6, 3), (6, 5)), (1, 3))",16,5,21.0,16,,,pruned,,,3687
"(((2, 4), (5, 2), (5, 3), (6, 3), (6, 6)), (1, 3))","(((2, 4), (5, 2), (5, 3), (6, 3), (6, 5)), (1, 3))",16,5,21.0,16,,,pruned,,,3688
"(((2, 4), (5, 2), (5, 3), (6, 2), (6, 5)), (1, 3))","(((2, 4), (5, 2), (5, 3), (6, 3), (6, 5)), (1, 3))",16,5,21.0,16,,,pruned,,,3689
"(((2, 4), (5, 3), (6, 2), (6, 3), (6, 5)), (1, 3))","(((2, 4), (5, 2), (5, 3), (6, 3), (6, 5)), (1, 3))",16,4,20.0,16,,,pruned,,,3690
"(((2, 4), (5, 2), (5, 3), (6, 3), (6, 5)), (1, 3))","(((2, 4), (4, 3), (5, 2), (6, 3), (6, 5)), (1, 3))",15,4.0,19.0,15,6,4,expanded,False,True,3691
"(((1, 4), (3, 3), (5, 2), (6, 3), (6, 5)), (1, 3))","(((2, 4), (3, 3), (5, 2), (6, 3), (6, 5)), (1, 3))",16,5,21.0,16,,,pruned,,,3692
"(((2, 4), (3, 3), (5, 2), (6, 3), (6, 6)), (1, 3))","(((2, 4), (3, 3), (5, 2), (6, 3), (6, 5)), (1, 3))",16,5,21.0,16,,,pruned,,,3693
"(((2, 4), (3, 3), (5, 2), (6, 2), (6, 5)), (1, 3))","(((2, 4), (3, 3), (5, 2), (6, 3), (6, 5)), (1, 3))",16,5,21.0,16,,,pruned,,,3694
"(((2, 4), (3, 3), (6, 2), (6, 3), (6, 5)), (1, 3))","(((2, 4), (3, 3), (5, 2), (6, 3), (6, 5)), (1, 3))",16,4,20.0,16,,,pruned,,,3695
"(((2, 4), (3, 3), (5, 1), (6, 3), (6, 5)), (1, 3))","(((2, 4), (3, 3), (5, 2), (6, 3), (6, 5)), (1, 3))",16,5,21.0,16,,,pruned,,,3696
"(((2, 4), (3, 3), (5, 2), (6, 3), (6, 5)), (1, 3))","(((2, 4), (4, 3), (5, 2), (6, 3), (6, 5)), (1, 3))",15,4.0,19.0,15,10,5,expanded,False,True,3697
"(((3, 4), (4, 2), (5, 3), (6, 3), (6, 6)), (1, 3))","(((3, 4), (4, 2), (5, 3), (6, 3), (6, 5)), (1, 3))",16,5,21.0,16,,,pruned,,,3698
"(((3, 4), (4, 2), (5, 3), (6, 2), (6, 5)), (1, 3))","(((3, 4), (4, 2), (5, 3), (6, 3), (6, 5)), (1, 3))",16,5,21.0,16,,,pruned,,,3699
"(((3, 4), (4, 1), (5, 3), (6, 3), (6, 5)), (1, 3))","(((3, 4), (4, 2), (5, 3), (6, 3), (6, 5)), (1, 3))",16,5,21.0,16,,,pruned,,,3700
"(((3, 4), (4, 2), (5, 3), (6, 3), (6, 5)), (1, 3))","(((2, 4), (4, 2), (5, 3), (6, 3), (6, 5)), (1, 3))",15,4.0,19.0,15,10,3,expanded,False,True,3701
"(((1, 4), (3, 3), (5, 3), (6, 4), (6, 5)), (1, 3))","(((2, 4), (3, 3), (5, 3), (6, 4), (6, 5)), (1, 3))",16,5,21.0,16,,,pruned,,,3702
"(((2, 4), (3, 3), (5, 3), (6, 4), (6, 5)), (1, 3))","(((2, 4), (3, 3), (5, 2), (6, 4), (6, 5)), (1, 3))",15,4.0,19.0,15,8,1,expanded,False,True,3703
"(((2, 1), (5, 3), (5, 4), (6, 3), (6, 4)), (1, 3))","(((2, 2), (5, 3), (5, 4), (6, 3), (6, 4)), (1, 3))",17,4,21.0,17,,,pruned,,,3704
"(((2, 2), (5, 3), (5, 4), (6, 3), (6, 4)), (1, 3))","(((2, 3), (5, 3), (5, 4), (6, 3), (6, 4)), (1, 3))",16,3.0,19.0,16,2,1,expanded,False,True,3705
"(((3, 3), (4, 3), (4, 4), (5, 6), (6, 3)), (1, 3))","(((3, 3), (4, 3), (4, 4), (5, 5), (6, 3)), (1, 3))",17,4,21.0,17,,,pruned,,,3706
"(((3, 3), (4, 3), (4, 4), (5, 5), (6, 2)), (1, 3))","(((3, 3), (4, 3), (4, 4), (5, 5), (6, 3)), (1, 3))",17,4,21.0,17,,,pruned,,,3707
"(((3, 3), (4, 3), (4, 4), (5, 5), (6, 3)), (1, 3))","(((3, 3), (4, 3), (4, 4), (5, 4), (6, 3)), (1, 3))",16,3.0,19.0,16,6,2,expanded,False,True,3708
"(((1, 4), (2, 3), (3, 3), (5, 5), (6, 3)), (2, 1))","(((2, 3), (2, 4), (3, 3), (5, 5), (6, 3)), (2, 1))",17,4,21.0,17,,,pruned,,,3709
"(((2, 3), (2, 4), (3, 3), (5, 6), (6, 3)), (2, 1))","(((2, 3), (2, 4), (3, 3), (5, 5), (6, 3)), (2, 1))",17,4,21.0,17,,,pruned,,,3710
"(((2, 3), (2, 4), (3, 3), (5, 5), (6, 2)), (2, 1))","(((2, 3), (2, 4), (3, 3), (5, 5), (6, 3)), (2, 1))",17,4,21.0,17,,,pruned,,,3711
"(((2, 3), (2, 4), (3, 3), (5, 5), (6, 3)), (2, 1))","(((2, 3), (2, 4), (3, 3), (5, 4), (6, 3)), (2, 1))",16,3.0,19.0,16,5,3,expanded,False,True,3712
"(((2, 3), (3, 4), (4, 3), (5, 6), (6, 3)), (2, 1))","(((2, 3), (3, 4), (4, 3), (5, 5), (6, 3)), (2, 1))",17,4,21.0,17,,,pruned,,,3713
"(((2, 3), (3, 4), (4, 3), (5, 5), (6, 2)), (2, 1))","(((2, 3), (3, 4), (4, 3), (5, 5), (6, 3)), (2, 1))",17,4,21.0,17,,,pruned,,,3714
"(((2, 3), (3, 4), (4, 3), (5, 5), (6, 3)), (2, 1))","(((2, 3), (3, 4), (4, 3), (5, 4), (6, 3)), (2, 1))",16,3.0,19.0,16,9,2,expanded,False,True,3715
"(((3, 3), (4, 1), (5, 4), (6, 3), (6, 4)), (1, 3))","(((3, 3), (4, 2), (5, 4), (6, 3), (6, 4)), (1, 3))",17,4,21.0,17,,,pruned,,,3716
"(((3, 3), (4, 2), (5, 4), (6, 3), (6, 4)), (1, 3))","(((4, 2), (4, 3), (5, 4), (6, 3), (6, 4)), (1, 3))",16,3.0,19.0,16,5,1,expanded,False,True,3717
"(((4, 1), (5, 2), (5, 3), (6, 3), (6, 4)), (1, 3))","(((4, 2), (5, 2), (5, 3), (6, 3), (6, 4)), (1, 3))",17,4,21.0,17,,,pruned,,,3718
"(((4, 2), (5, 2), (5, 3), (6, 3), (6, 4)), (1, 3))","(((4, 2), (4, 3), (5, 2), (6, 3), (6, 4)), (1, 3))",16,3.0,19.0,16,2,1,expanded,False,True,3719
"(((3, 3), (4, 1), (5, 2), (6, 3), (6, 4)), (1, 3))","(((3, 3), (4, 2), (5, 2), (6, 3), (6, 4)), (1, 3))",17,4,21.0,17,,,pruned,,,3720
"(((3, 3), (4, 2), (5, 1), (6, 3), (6, 4)), (1, 3))","(((3, 3), (4, 2), (5, 2), (6, 3), (6, 4)), (1, 3))",17,4,21.0,17,,,pruned,,,3721
"(((3, 3), (4, 2), (5, 2), (6, 3), (6, 4)), (1, 3))","(((4, 2), (4, 3), (5, 2), (6, 3), (6, 4)), (1, 3))",16,3.0,19.0,16,6,2,expanded,False,True,3722
"(((3, 3), (4, 2), (4, 4), (5, 2), (6, 2)), (4, 3))","(((3, 3), (4, 2), (4, 4), (5, 2), (6, 3)), (4, 3))",17,4,21.0,17,,,pruned,,,3723
"(((3, 3), (4, 1), (4, 4), (5, 2), (6, 3)), (4, 2))","(((3, 3), (4, 2), (4, 4), (5, 2), (6, 3)), (4, 3))",17,4,21.0,17,,,pruned,,,3724
"(((3, 3), (4, 2), (4, 4), (5, 1), (6, 3)), (4, 3))","(((3, 3), (4, 2), (4, 4), (5, 2), (6, 3)), (4, 3))",17,4,21.0,17,,,pruned,,,3725
"(((3, 3), (4, 2), (4, 4), (5, 2), (6, 3)), (4, 3))","(((4, 2), (4, 3), (4, 4), (5, 2), (6, 3)), (5, 3))",16,3.0,19.0,16,5,3,expanded,False,True,3726
"(((1, 3), (3, 4), (4, 2), (5, 2), (6, 3)), (1, 4))","(((2, 3), (3, 4), (4, 2), (5, 2), (6, 3)), (3, 3))",17,4,21.0,17,,,pruned,,,3727
"(((2, 3), (3, 4), (4, 2), (5, 2), (6, 2)), (3, 3))","(((2, 3), (3, 4), (4, 2), (5, 2), (6, 3)), (3, 3))",17,4,21.0,17,,,pruned,,,3728
"(((2, 3), (3, 4), (4, 1), (5, 2), (6, 3)), (3, 3))","(((2, 3), (3, 4), (4, 2), (5, 2), (6, 3)), (3, 3))",17,4,21.0,17,,,pruned,,,3729
"(((2, 3), (3, 4), (4, 2), (5, 1), (6, 3)), (3, 3))","(((2, 3), (3, 4), (4, 2), (5, 2), (6, 3)), (3, 3))",17,4,21.0,17,,,pruned,,,3730
"(((2, 3), (3, 4), (4, 2), (5, 2), (6, 3)), (3, 3))","(((3, 3), (3, 4), (4, 2), (5, 2), (6, 3)), (4, 3))",16,3.0,19.0,16,5,4,expanded,False,True,3731
"(((1, 3), (4, 2), (4, 4), (6, 3), (6, 4)), (1, 4))","(((2, 3), (4, 2), (4, 4), (6, 3), (6, 4)), (1, 3))",17,4,21.0,17,,,pruned,,,3732
"(((2, 3), (4, 1), (4, 4), (6, 3), (6, 4)), (1, 3))","(((2, 3), (4, 2), (4, 4), (6, 3), (6, 4)), (1, 3))",17,4,21.0,17,,,pruned,,,3733
"(((2, 3), (4, 2), (4, 4), (6, 3), (6, 4)), (1, 3))","(((3, 3), (4, 2), (4, 4), (6, 3), (6, 4)), (1, 3))",16,3.0,19.0,16,8,2,expanded,False,True,3734
"(((4, 3), (5, 3), (5, 6), (6, 3), (6, 4)), (1, 3))","(((4, 3), (5, 3), (5, 5), (6, 3), (6, 4)), (1, 3))",17,4,21.0,17,,,pruned,,,3735
"(((4, 3), (5, 3), (5, 5), (6, 3), (6, 4)), (1, 3))","(((4, 3), (5, 3), (5, 4), (5, 5), (6, 3)), (1, 3))",16,3.0,19.0,16,5,1,expanded,False,True,3736
"(((3, 3), (5, 3), (5, 4), (5, 5), (6, 3)), (1, 3))","(((3, 3), (4, 4), (5, 3), (5, 5), (6, 3)), (1, 3))",16,3.0,19.0,16,4,0,expanded,False,True,3737
"(((1, 3), (4, 4), (5, 3), (5, 5), (6, 3)), (1, 4))","(((2, 3), (4, 4), (5, 3), (5, 5), (6, 3)), (1, 3))",17,4,21.0,17,,,pruned,,,3738
"(((2, 3), (4, 4), (5, 3), (5, 5), (6, 3)), (1, 3))","(((3, 3), (4, 4), (5, 3), (5, 5), (6, 3)), (1, 3))",16,3.0,19.0,16,7,1,expanded,False,True,3739
"(((1, 3), (5, 3), (5, 5), (6, 3), (6, 4)), (1, 4))","(((2, 3), (5, 3), (5, 5), (6, 3), (6, 4)), (1, 3))",17,4,21.0,17,,,pruned,,,3740
"(((2, 3), (5, 3), (5, 6), (6, 3), (6, 4)), (1, 3))","(((2, 3), (5, 3), (5, 5), (6, 3), (6, 4)), (1, 3))",17,4,21.0,17,,,pruned,,,3741
"(((2, 3), (5, 3), (5, 5), (6, 3), (6, 4)), (1, 3))","(((3, 3), (5, 3), (5, 5), (6, 3), (6, 4)), (1, 3))",16,3.0,19.0,16,7,2,expanded,False,True,3742
"(((2, 3), (3, 3), (4, 4), (5, 4), (6, 4)), (2, 1))","(((2, 3), (4, 3), (4, 4), (5, 4), (6, 4)), (2, 1))",16,3.0,19.0,16,3,0,expanded,False,True,3743
"(((3, 4), (4, 3), (5, 3), (6, 3), (6, 5)), (1, 3))","(((2, 4), (4, 3), (5, 3), (6, 3), (6, 5)), (1, 3))",16,3.0,19.0,16,4,0,expanded,False,True,3744
"(((3, 3), (4, 2), (4, 4), (5, 4), (6, 2)), (1, 3))","(((3, 3), (4, 2), (4, 4), (5, 4), (6, 3)), (5, 5))",17,4,21.0,17,,,pruned,,,3745
"(((3, 3), (4, 2), (4, 4), (5, 4), (6, 3)), (5, 5))","(((3, 3), (4, 2), (4, 4), (5, 5), (6, 3)), (1, 3))",16,3.0,19.0,16,2,1,expanded,False,True,3746
"(((2, 3), (3, 4), (4, 2), (5, 4), (6, 2)), (2, 1))","(((2, 3), (3, 4), (4, 2), (5, 4), (6, 3)), (5, 5))",17,4,21.0,17,,,pruned,,,3747
"(((2, 3), (3, 4), (4, 2), (5, 4), (6, 3)), (5, 5))","(((2, 3), (3, 4), (4, 2), (5, 5), (6, 3)), (2, 1))",16,3.0,19.0,16,3,1,expanded,False,True,3748
"(((2, 1), (3, 4), (5, 3), (6, 3), (6, 4)), (1, 3))","(((2, 2), (3, 4), (5, 3), (6, 3), (6, 4)), (1, 3))",17,4,21.0,17,,,pruned,,,3749
"(((2, 2), (3, 4), (5, 3), (6, 3), (6, 4)), (1, 3))","(((2, 2), (3, 4), (5, 2), (6, 3), (6, 4)), (1, 3))",16,3.0,19.0,16,6,1,expanded,False,True,3750
"(((2, 3), (4, 4), (5, 2), (5, 4), (6, 2)), (1, 3))","(((2, 3), (4, 4), (5, 2), (5, 4), (6, 3)), (5, 5))",17,4,21.0,17,,,pruned,,,3751
"(((2, 3), (4, 4), (5, 2), (5, 4), (6, 3)), (5, 5))","(((2, 3), (4, 4), (5, 2), (5, 5), (6, 3)), (1, 3))",16,3.0,19.0,16,2,1,expanded,False,True,3752
"(((1, 4), (3, 3), (5, 3), (6, 3), (6, 5)), (1, 3))","(((2, 4), (3, 3), (5, 3), (6, 3), (6, 5)), (1, 3))",17,4,21.0,17,,,pruned,,,3753
"(((2, 4), (3, 3), (5, 3), (6, 3), (6, 6)), (1, 3))","(((2, 4), (3, 3), (5, 3), (6, 3), (6, 5)), (1, 3))",17,4,21.0,17,,,pruned,,,3754
"(((2, 4), (3, 3), (5, 3), (6, 2), (6, 5)), (1, 3))","(((2, 4), (3, 3), (5, 3), (6, 3), (6, 5)), (1, 3))",17,4,21.0,17,,,pruned,,,3755
"(((2, 4), (3, 3), (5, 3), (6, 3), (6, 5)), (1, 3))","(((2, 4), (3, 3), (5, 2), (6, 3), (6, 5)), (1, 3))",16,3.0,19.0,16,10,3,expanded,False,True,3756
"(((1, 4), (3, 3), (4, 3), (5, 2), (6, 3)), (1, 3))","(((2, 4), (3, 3), (4, 3), (5, 2), (6, 3)), (3, 4))",18,3,21.0,18,,,pruned,,,3757
"(((2, 4), (3, 3), (4, 3), (5, 2), (6, 2)), (3, 4))","(((2, 4), (3, 3), (4, 3), (5, 2), (6, 3)), (3, 4))",18,3,21.0,18,,,pruned,,,3758
"(((2, 4), (3, 3), (4, 3), (5, 1), (6, 3)), (1, 3))","(((2, 4), (3, 3), (4, 3), (5, 2), (6, 3)), (3, 4))",18,3,21.0,18,,,pruned,,,3759
"(((2, 4), (3, 3), (4, 3), (5, 2), (6, 3)), (3, 4))","(((2, 4), (3, 3), (4, 3), (5, 3), (6, 3)), (3, 4))",17,2.0,19.0,17,4,3,expanded,False,True,3760
"(((4, 3), (5, 3), (6, 2), (6, 3), (6, 4)), (1, 3))","(((4, 3), (5, 2), (5, 3), (6, 3), (6, 4)), (1, 3))",18,2,20.0,18,,,pruned,,,3761
"(((4, 3), (5, 2), (5, 3), (6, 3), (6, 4)), (1, 3))","(((4, 3), (5, 2), (5, 3), (5, 4), (6, 3)), (1, 3))",17,2.0,19.0,17,3,1,expanded,False,True,3762
"(((3, 3), (4, 3), (5, 4), (6, 3), (6, 4)), (1, 3))","(((3, 3), (4, 3), (4, 4), (6, 3), (6, 4)), (1, 3))",17,2.0,19.0,17,3,0,expanded,False,True,3763
"(((3, 3), (5, 3), (5, 4), (6, 2), (6, 3)), (1, 3))","(((3, 3), (5, 2), (5, 3), (5, 4), (6, 3)), (1, 3))",18,2,20.0,18,,,pruned,,,3764
"(((3, 3), (5, 2), (5, 3), (5, 4), (6, 3)), (1, 3))","(((3, 3), (4, 4), (5, 2), (5, 3), (6, 3)), (1, 3))",17,2.0,19.0,17,4,1,expanded,False,True,3765
"(((1, 3), (4, 4), (5, 2), (5, 3), (6, 3)), (1, 4))","(((2, 3), (4, 4), (5, 2), (5, 3), (6, 3)), (1, 3))",18,3,21.0,18,,,pruned,,,3766
"(((2, 3), (4, 4), (5, 3), (6, 2), (6, 3)), (1, 3))","(((2, 3), (4, 4), (5, 2), (5, 3), (6, 3)), (1, 3))",18,2,20.0,18,,,pruned,,,3767
"(((2, 3), (4, 4), (5, 2), (5, 3), (6, 3)), (1, 3))","(((3, 3), (4, 4), (5, 2), (5, 3), (6, 3)), (1, 3))",17,2.0,19.0,17,6,2,expanded,False,True,3768
"(((2, 3), (3, 3), (3, 4), (6, 3), (6, 4)), (2, 1))","(((2, 3), (3, 3), (3, 4), (5, 4), (6, 3)), (2, 1))",17,2.0,19.0,17,2,0,expanded,False,True,3769
"(((2, 3), (3, 3), (4, 4), (5, 4), (6, 3)), (2, 1))","(((2, 3), (4, 3), (4, 4), (5, 4), (6, 3)), (2, 1))",17,2.0,19.0,17,3,0,expanded,False,True,3770
"(((1, 3), (3, 4), (4, 2), (5, 3), (6, 3)), (1, 4))","(((2, 3), (3, 4), (4, 2), (5, 3), (6, 3)), (3, 3))",18,3,21.0,18,,,pruned,,,3771
"(((2, 3), (3, 4), (4, 2), (5, 3), (6, 2)), (3, 3))","(((2, 3), (3, 4), (4, 2), (5, 3), (6, 3)), (3, 3))",18,3,21.0,18,,,pruned,,,3772
"(((2, 3), (3, 4), (4, 1), (5, 3), (6, 3)), (3, 3))","(((2, 3), (3, 4), (4, 2), (5, 3), (6, 3)), (3, 3))",18,3,21.0,18,,,pruned,,,3773
"(((2, 3), (3, 4), (4, 2), (5, 3), (6, 3)), (3, 3))","(((3, 3), (3, 4), (4, 2), (5, 3), (6, 3)), (4, 3))",17,2.0,19.0,17,5,3,expanded,False,True,3774
"(((3, 3), (4, 3), (4, 4), (5, 4), (6, 2)), (1, 3))","(((3, 3), (4, 3), (4, 4), (5, 4), (6, 3)), (5, 5))",18,3,21.0,18,,,pruned,,,3775
"(((3, 3), (4, 3), (4, 4), (5, 4), (6, 3)), (5, 5))","(((3, 3), (4, 3), (4, 4), (5, 5), (6, 3)), (1, 3))",17,2.0,19.0,17,2,1,expanded,False,True,3776
"(((2, 3), (2, 4), (3, 3), (5, 4), (6, 2)), (2, 1))","(((2, 3), (2, 4), (3, 3), (5, 4), (6, 3)), (5, 5))",18,3,21.0,18,,,pruned,,,3777
"(((2, 3), (2, 4), (3, 3), (5, 4), (6, 3)), (5, 5))","(((2, 3), (2, 4), (3, 3), (5, 5), (6, 3)), (2, 1))",17,2.0,19.0,17,3,1,expanded,False,True,3778
"(((2, 3), (3, 4), (4, 3), (5, 4), (6, 2)), (2, 1))","(((2, 3), (3, 4), (4, 3), (5, 4), (6, 3)), (5, 5))",18,3,21.0,18,,,pruned,,,3779
"(((2, 3), (3, 4), (4, 3), (5, 4), (6, 3)), (5, 5))","(((2, 3), (3, 4), (4, 3), (5, 5), (6, 3)), (2, 1))",17,2.0,19.0,17,3,1,expanded,False,True,3780
"(((3, 3), (4, 3), (6, 2), (6, 3), (6, 4)), (1, 3))","(((3, 3), (4, 3), (5, 2), (6, 3), (6, 4)), (1, 3))",18,2,20.0,18,,,pruned,,,3781
"(((3, 3), (4, 3), (5, 1), (6, 3), (6, 4)), (1, 3))","(((3, 3), (4, 3), (5, 2), (6, 3), (6, 4)), (1, 3))",18,3,21.0,18,,,pruned,,,3782
"(((3, 3), (4, 3), (5, 2), (6, 3), (6, 4)), (1, 3))","(((3, 3), (4, 2), (5, 2), (6, 3), (6, 4)), (1, 3))",17,2.0,19.0,17,5,2,expanded,False,True,3783
"(((3, 3), (4, 1), (5, 3), (6, 3), (6, 4)), (1, 3))","(((3, 3), (4, 2), (5, 3), (6, 3), (6, 4)), (1, 3))",18,3,21.0,18,,,pruned,,,3784
"(((3, 3), (4, 2), (5, 3), (6, 3), (6, 4)), (1, 3))","(((3, 3), (4, 2), (5, 2), (6, 3), (6, 4)), (1, 3))",17,2.0,19.0,17,6,1,expanded,False,True,3785
"(((2, 3), (4, 3), (4, 4), (6, 3), (6, 4)), (2, 1))","(((2, 3), (4, 2), (4, 4), (6, 3), (6, 4)), (1, 3))",17,2.0,19.0,17,3,0,expanded,False,True,3786
"(((3, 3), (4, 2), (4, 4), (5, 3), (6, 2)), (5, 4))","(((3, 3), (4, 2), (4, 4), (5, 3), (6, 3)), (5, 4))",18,3,21.0,18,,,pruned,,,3787
"(((3, 3), (4, 2), (4, 4), (5, 3), (6, 3)), (5, 4))","(((3, 3), (4, 2), (4, 4), (5, 4), (6, 3)), (5, 5))",17,2.0,19.0,17,3,1,expanded,False,True,3788
"(((2, 3), (4, 4), (5, 2), (5, 3), (6, 2)), (5, 4))","(((2, 3), (4, 4), (5, 2), (5, 3), (6, 3)), (5, 4))",18,3,21.0,18,,,pruned,,,3789
"(((2, 3), (4, 4), (5, 2), (5, 3), (6, 3)), (5, 4))","(((2, 3), (4, 4), (5, 2), (5, 4), (6, 3)), (5, 5))",17,2.0,19.0,17,2,1,expanded,False,True,3790
"(((3, 3), (4, 3), (4, 4), (5, 3), (6, 2)), (5, 4))","(((3, 3), (4, 3), (4, 4), (5, 3), (6, 3)), (5, 4))",19,2,21.0,19,,,pruned,,,3791
"(((3, 3), (4, 3), (4, 4), (5, 3), (6, 3)), (5, 4))","(((3, 3), (4, 3), (4, 4), (5, 4), (6, 3)), (5, 5))",18,1.0,19.0,18,3,1,expanded,False,True,3792
"(((1, 4), (2, 3), (3, 3), (5, 3), (6, 3)), (2, 1))","(((2, 3), (2, 4), (3, 3), (5, 3), (6, 3)), (2, 1))",19,2,21.0,19,,,pruned,,,3793
"(((2, 3), (2, 4), (3, 3), (5, 3), (6, 2)), (2, 1))","(((2, 3), (2, 4), (3, 3), (5, 3), (6, 3)), (2, 1))",19,2,21.0,19,,,pruned,,,3794
"(((2, 3), (2, 4), (3, 3), (5, 3), (6, 3)), (2, 1))","(((2, 3), (2, 4), (3, 3), (5, 4), (6, 3)), (5, 5))",18,1.0,19.0,18,5,2,expanded,False,True,3795
"(((2, 3), (3, 4), (4, 3), (5, 3), (6, 2)), (4, 4))","(((2, 3), (3, 4), (4, 3), (5, 3), (6, 3)), (4, 4))",19,2,21.0,19,,,pruned,,,3796
"(((2, 3), (3, 4), (4, 3), (5, 3), (6, 3)), (4, 4))","(((2, 3), (3, 4), (4, 3), (5, 4), (6, 3)), (5, 5))",18,1.0,19.0,18,4,1,expanded,False,True,3797
"(((3, 3), (4, 3), (5, 3), (6, 3), (6, 4)), (1, 3))","(((3, 3), (4, 3), (5, 2), (6, 3), (6, 4)), (1, 3))",18,1.0,19.0,18,4,0,expanded,False,True,3798
"(((1, 4), (4, 2), (5, 4), (6, 4), (6, 5)), (1, 3))","(((2, 4), (4, 2), (5, 4), (6, 4), (6, 5)), (1, 3))",15,7,22.0,15,,,pruned,,,3799
"(((2, 4), (4, 1), (5, 4), (6, 4), (6, 5)), (1, 3))","(((2, 4), (4, 2), (5, 4), (6, 4), (6, 5)), (1, 3))",15,7,22.0,15,,,pruned,,,3800
"(((2, 4), (4, 2), (5, 4), (6, 4), (6, 5)), (1, 3))","(((2, 4), (4, 2), (5, 3), (6, 4), (6, 5)), (1, 3))",14,6.0,20.0,14,5,2,expanded,False,True,3801
"(((1, 4), (4, 2), (5, 2), (6, 4), (6, 5)), (1, 3))","(((2, 4), (4, 2), (5, 2), (6, 4), (6, 5)), (1, 3))",15,7,22.0,15,,,pruned,,,3802
"(((2, 4), (4, 1), (5, 2), (6, 4), (6, 5)), (1, 3))","(((2, 4), (4, 2), (5, 2), (6, 4), (6, 5)), (1, 3))",15,7,22.0,15,,,pruned,,,3803
"(((2, 4), (4, 2), (5, 1), (6, 4), (6, 5)), (1, 3))","(((2, 4), (4, 2), (5, 2), (6, 4), (6, 5)), (1, 3))",15,7,22.0,15,,,pruned,,,3804
"(((2, 4), (4, 2), (5, 2), (6, 4), (6, 5)), (1, 3))","(((2, 4), (4, 2), (5, 3), (6, 4), (6, 5)), (1, 3))",14,6.0,20.0,14,6,3,expanded,False,True,3805
"(((1, 4), (4, 4), (5, 2), (6, 4), (6, 5)), (1, 3))","(((2, 4), (4, 4), (5, 2), (6, 4), (6, 5)), (1, 3))",15,7,22.0,15,,,pruned,,,3806
"(((2, 4), (4, 4), (6, 2), (6, 4), (6, 5)), (1, 3))","(((2, 4), (4, 4), (5, 2), (6, 4), (6, 5)), (1, 3))",15,6,21.0,15,,,pruned,,,3807
"(((2, 4), (4, 4), (5, 1), (6, 4), (6, 5)), (1, 3))","(((2, 4), (4, 4), (5, 2), (6, 4), (6, 5)), (1, 3))",15,7,22.0,15,,,pruned,,,3808
"(((2, 4), (4, 4), (5, 2), (6, 4), (6, 5)), (1, 3))","(((2, 4), (4, 3), (5, 2), (6, 4), (6, 5)), (1, 3))",14,6.0,20.0,14,8,3,expanded,False,True,3809
"(((3, 4), (4, 1), (4, 4), (6, 4), (6, 5)), (1, 3))","(((3, 4), (4, 2), (4, 4), (6, 4), (6, 5)), (1, 3))",15,7,22.0,15,,,pruned,,,3810
"(((3, 4), (4, 2), (4, 4), (6, 4), (6, 5)), (1, 3))","(((3, 4), (4, 2), (4, 4), (6, 3), (6, 5)), (1, 3))",14,6.0,20.0,14,2,1,expanded,False,True,3811
"(((3, 4), (4, 4), (5, 2), (5, 4), (6, 6)), (1, 3))","(((3, 4), (4, 4), (5, 2), (5, 4), (6, 5)), (1, 3))",15,7,22.0,15,,,pruned,,,3812
"(((3, 4), (4, 4), (5, 4), (6, 2), (6, 5)), (1, 3))","(((3, 4), (4, 4), (5, 2), (5, 4), (6, 5)), (1, 3))",15,6,21.0,15,,,pruned,,,3813
"(((3, 4), (4, 4), (5, 1), (5, 4), (6, 5)), (1, 3))","(((3, 4), (4, 4), (5, 2), (5, 4), (6, 5)), (1, 3))",15,7,22.0,15,,,pruned,,,3814
"(((3, 4), (4, 4), (5, 2), (5, 4), (6, 5)), (1, 3))","(((3, 4), (4, 3), (5, 2), (5, 4), (6, 5)), (1, 3))",14,6.0,20.0,14,6,3,expanded,False,True,3815
"(((3, 4), (4, 2), (5, 2), (5, 4), (6, 6)), (1, 3))","(((3, 4), (4, 2), (5, 2), (5, 4), (6, 5)), (1, 3))",15,7,22.0,15,,,pruned,,,3816
"(((3, 4), (4, 1), (5, 2), (5, 4), (6, 5)), (1, 3))","(((3, 4), (4, 2), (5, 2), (5, 4), (6, 5)), (1, 3))",15,7,22.0,15,,,pruned,,,3817
"(((3, 4), (4, 2), (5, 1), (5, 4), (6, 5)), (1, 3))","(((3, 4), (4, 2), (5, 2), (5, 4), (6, 5)), (1, 3))",15,7,22.0,15,,,pruned,,,3818
"(((3, 4), (4, 2), (5, 2), (5, 4), (6, 5)), (1, 3))","(((2, 4), (4, 2), (5, 2), (5, 4), (6, 5)), (1, 3))",14,6.0,20.0,14,10,3,expanded,False,True,3819
"(((4, 2), (4, 3), (5, 4), (6, 4), (6, 5)), (1, 3))","(((4, 2), (4, 3), (5, 3), (6, 4), (6, 5)), (1, 3))",15,5.0,20.0,15,3,0,expanded,False,True,3820
"(((4, 2), (4, 3), (5, 1), (6, 4), (6, 5)), (1, 3))","(((4, 2), (4, 3), (5, 2), (6, 4), (6, 5)), (1, 3))",16,6,22.0,16,,,pruned,,,3821
"(((4, 2), (4, 3), (5, 2), (6, 4), (6, 5)), (1, 3))","(((4, 2), (4, 3), (5, 3), (6, 4), (6, 5)), (1, 3))",15,5.0,20.0,15,4,1,expanded,False,True,3822
"(((2, 1), (4, 2), (4, 4), (5, 4), (6, 4)), (1, 3))","(((2, 2), (4, 2), (4, 4), (5, 4), (6, 4)), (1, 3))",16,6,22.0,16,,,pruned,,,3823
"(((2, 2), (4, 1), (4, 4), (5, 4), (6, 4)), (1, 3))","(((2, 2), (4, 2), (4, 4), (5, 4), (6, 4)), (1, 3))",16,6,22.0,16,,,pruned,,,3824
"(((2, 2), (4, 2), (4, 4), (5, 4), (6, 4)), (1, 3))","(((2, 3), (4, 2), (4, 4), (5, 4), (6, 4)), (1, 3))",15,5.0,20.0,15,6,2,expanded,False,True,3825
"(((1, 3), (4, 2), (4, 4), (5, 4), (6, 5)), (1, 4))","(((2, 3), (4, 2), (4, 4), (5, 4), (6, 5)), (1, 3))",16,6,22.0,16,,,pruned,,,3826
"(((2, 3), (4, 2), (4, 4), (5, 4), (6, 6)), (1, 3))","(((2, 3), (4, 2), (4, 4), (5, 4), (6, 5)), (1, 3))",16,6,22.0,16,,,pruned,,,3827
"(((2, 3), (4, 1), (4, 4), (5, 4), (6, 5)), (1, 3))","(((2, 3), (4, 2), (4, 4), (5, 4), (6, 5)), (1, 3))",16,6,22.0,16,,,pruned,,,3828
"(((2, 3), (4, 2), (4, 4), (5, 4), (6, 5)), (1, 3))","(((2, 3), (4, 2), (4, 4), (5, 4), (6, 4)), (1, 3))",15,5.0,20.0,15,8,3,expanded,False,True,3829
"(((4, 3), (4, 4), (5, 4), (6, 4), (6, 5)), (1, 3))","(((4, 3), (4, 4), (5, 3), (6, 4), (6, 5)), (1, 3))",15,5.0,20.0,15,3,0,expanded,False,True,3830
"(((3, 4), (4, 4), (5, 4), (6, 2), (6, 4)), (1, 3))","(((3, 4), (4, 4), (5, 2), (5, 4), (6, 4)), (1, 3))",16,5,21.0,16,,,pruned,,,3831
"(((3, 4), (4, 4), (5, 1), (5, 4), (6, 4)), (1, 3))","(((3, 4), (4, 4), (5, 2), (5, 4), (6, 4)), (1, 3))",16,6,22.0,16,,,pruned,,,3832
"(((3, 4), (4, 4), (5, 2), (5, 4), (6, 4)), (1, 3))","(((3, 4), (4, 3), (5, 2), (5, 4), (6, 4)), (1, 3))",15,5.0,20.0,15,6,2,expanded,False,True,3833
"(((3, 4), (5, 3), (5, 4), (6, 4), (6, 5)), (1, 3))","(((3, 4), (5, 3), (5, 4), (6, 3), (6, 5)), (1, 3))",15,5.0,20.0,15,4,0,expanded,False,True,3834
"(((3, 3), (3, 4), (5, 4), (6, 4), (6, 5)), (1, 3))","(((3, 3), (3, 4), (5, 4), (6, 3), (6, 5)), (1, 3))",15,5.0,20.0,15,5,0,expanded,False,True,3835
"(((1, 4), (5, 4), (6, 3), (6, 4), (6, 5)), (1, 3))","(((2, 4), (5, 4), (6, 3), (6, 4), (6, 5)), (1, 3))",16,6,22.0,16,,,pruned,,,3836
"(((2, 4), (5, 4), (6, 3), (6, 4), (6, 5)), (1, 3))","(((2, 4), (5, 3), (6, 3), (6, 4), (6, 5)), (1, 3))",15,5.0,20.0,15,3,1,expanded,False,True,3837
"(((1, 4), (5, 2), (6, 3), (6, 4), (6, 5)), (1, 3))","(((2, 4), (5, 2), (6, 3), (6, 4), (6, 5)), (1, 3))",16,6,22.0,16,,,pruned,,,3838
"(((2, 4), (6, 2), (6, 3), (6, 4), (6, 5)), (1, 3))","(((2, 4), (5, 2), (6, 3), (6, 4), (6, 5)), (1, 3))",16,5,21.0,16,,,pruned,,,3839
"(((2, 4), (5, 1), (6, 3), (6, 4), (6, 5)), (1, 3))","(((2, 4), (5, 2), (6, 3), (6, 4), (6, 5)), (1, 3))",16,6,22.0,16,,,pruned,,,3840
"(((2, 4), (5, 2), (6, 3), (6, 4), (6, 5)), (1, 3))","(((2, 4), (5, 3), (6, 3), (6, 4), (6, 5)), (1, 3))",15,5.0,20.0,15,5,3,expanded,False,True,3841
"(((3, 4), (4, 1), (6, 3), (6, 4), (6, 5)), (1, 3))","(((3, 4), (4, 2), (6, 3), (6, 4), (6, 5)), (1, 3))",16,6,22.0,16,,,pruned,,,3842
"(((3, 4), (4, 2), (6, 3), (6, 4), (6, 5)), (1, 3))","(((3, 4), (4, 3), (6, 3), (6, 4), (6, 5)), (1, 3))",15,5.0,20.0,15,4,1,expanded,False,True,3843
"(((4, 1), (4, 4), (5, 4), (6, 3), (6, 5)), (1, 3))","(((4, 2), (4, 4), (5, 4), (6, 3), (6, 5)), (1, 3))",16,6,22.0,16,,,pruned,,,3844
"(((4, 2), (4, 4), (5, 4), (6, 3), (6, 5)), (1, 3))","(((4, 2), (4, 4), (5, 3), (5, 4), (6, 5)), (1, 3))",15,5.0,20.0,15,4,1,expanded,False,True,3845
"(((1, 3), (3, 4), (4, 2), (6, 4), (6, 5)), (1, 4))","(((2, 3), (3, 4), (4, 2), (6, 4), (6, 5)), (2, 1))",16,6,22.0,16,,,pruned,,,3846
"(((2, 3), (3, 4), (4, 1), (6, 4), (6, 5)), (3, 3))","(((2, 3), (3, 4), (4, 2), (6, 4), (6, 5)), (2, 1))",16,6,22.0,16,,,pruned,,,3847
"(((2, 3), (3, 4), (4, 2), (6, 4), (6, 5)), (2, 1))","(((2, 3), (3, 4), (4, 2), (5, 4), (6, 5)), (2, 1))",15,5.0,20.0,15,5,2,expanded,False,True,3848
"(((3, 4), (4, 1), (5, 2), (5, 4), (6, 4)), (1, 3))","(((3, 4), (4, 2), (5, 2), (5, 4), (6, 4)), (1, 3))",16,6,22.0,16,,,pruned,,,3849
"(((3, 4), (4, 2), (5, 1), (5, 4), (6, 4)), (1, 3))","(((3, 4), (4, 2), (5, 2), (5, 4), (6, 4)), (1, 3))",16,6,22.0,16,,,pruned,,,3850
"(((3, 4), (4, 2), (5, 2), (5, 4), (6, 4)), (1, 3))","(((2, 4), (4, 2), (5, 2), (5, 4), (6, 4)), (1, 3))",15,5.0,20.0,15,8,2,expanded,False,True,3851
"(((4, 1), (4, 4), (5, 3), (6, 4), (6, 5)), (1, 3))","(((4, 2), (4, 4), (5, 3), (6, 4), (6, 5)), (1, 3))",16,6,22.0,16,,,pruned,,,3852
"(((4, 2), (4, 4), (5, 3), (6, 4), (6, 5)), (1, 3))","(((3, 4), (4, 2), (5, 3), (6, 4), (6, 5)), (1, 3))",15,5.0,20.0,15,6,1,expanded,False,True,3853
"(((1, 3), (4, 2), (4, 4), (5, 2), (6, 5)), (1, 4))","(((2, 3), (4, 2), (4, 4), (5, 2), (6, 5)), (1, 3))",16,6,22.0,16,,,pruned,,,3854
"(((2, 3), (4, 2), (4, 4), (5, 2), (6, 6)), (1, 3))","(((2, 3), (4, 2), (4, 4), (5, 2), (6, 5)), (1, 3))",16,6,22.0,16,,,pruned,,,3855
"(((2, 3), (4, 1), (4, 4), (5, 2), (6, 5)), (1, 3))","(((2, 3), (4, 2), (4, 4), (5, 2), (6, 5)), (1, 3))",16,6,22.0,16,,,pruned,,,3856
"(((2, 3), (4, 2), (4, 4), (5, 1), (6, 5)), (1, 3))","(((2, 3), (4, 2), (4, 4), (5, 2), (6, 5)), (1, 3))",16,6,22.0,16,,,pruned,,,3857
"(((2, 3), (4, 2), (4, 4), (5, 2), (6, 5)), (1, 3))","(((3, 3), (4, 2), (4, 4), (5, 2), (6, 5)), (4, 3))",15,5.0,20.0,15,9,4,expanded,False,True,3858
"(((4, 3), (4, 4), (6, 2), (6, 4), (6, 5)), (1, 3))","(((4, 3), (4, 4), (5, 2), (6, 4), (6, 5)), (1, 3))",16,5,21.0,16,,,pruned,,,3859
"(((4, 3), (4, 4), (5, 2), (6, 4), (6, 5)), (1, 3))","(((3, 4), (4, 3), (5, 2), (6, 4), (6, 5)), (1, 3))",15,5.0,20.0,15,4,1,expanded,False,True,3860
"(((3, 4), (5, 3), (6, 2), (6, 4), (6, 5)), (1, 3))","(((3, 4), (5, 2), (5, 3), (6, 4), (6, 5)), (1, 3))",16,5,21.0,16,,,pruned,,,3861
"(((3, 4), (5, 2), (5, 3), (6, 4), (6, 5)), (1, 3))","(((3, 4), (4, 3), (5, 2), (6, 4), (6, 5)), (1, 3))",15,5.0,20.0,15,4,1,expanded,False,True,3862
"(((3, 3), (3, 4), (6, 2), (6, 4), (6, 5)), (1, 3))","(((3, 3), (3, 4), (5, 2), (6, 4), (6, 5)), (1, 3))",16,5,21.0,16,,,pruned,,,3863
"(((3, 3), (3, 4), (5, 1), (6, 4), (6, 5)), (1, 3))","(((3, 3), (3, 4), (5, 2), (6, 4), (6, 5)), (1, 3))",16,6,22.0,16,,,pruned,,,3864
"(((3, 3), (3, 4), (5, 2), (6, 4), (6, 5)), (1, 3))","(((2, 4), (3, 3), (5, 2), (6, 4), (6, 5)), (1, 3))",15,5.0,20.0,15,8,2,expanded,False,True,3865
"(((3, 3), (4, 1), (4, 4), (6, 4), (6, 5)), (4, 2))","(((3, 3), (4, 2), (4, 4), (6, 4), (6, 5)), (1, 3))",16,6,22.0,16,,,pruned,,,3866
"(((3, 3), (4, 2), (4, 4), (6, 4), (6, 5)), (1, 3))","(((3, 3), (3, 4), (4, 2), (6, 4), (6, 5)), (1, 3))",15,5.0,20.0,15,6,1,expanded,False,True,3867
"(((4, 1), (5, 2), (5, 3), (5, 4), (6, 5)), (1, 3))","(((4, 2), (5, 2), (5, 3), (5, 4), (6, 5)), (1, 3))",16,6,22.0,16,,,pruned,,,3868
"(((4, 2), (5, 2), (5, 3), (5, 4), (6, 5)), (1, 3))","(((4, 2), (4, 3), (5, 2), (5, 4), (6, 5)), (1, 3))",15,5.0,20.0,15,4,1,expanded,False,True,3869
"(((4, 2), (4, 4), (5, 2), (6, 3), (6, 6)), (1, 3))","(((4, 2), (4, 4), (5, 2), (6, 3), (6, 5)), (1, 3))",16,6,22.0,16,,,pruned,,,3870
"(((4, 2), (4, 4), (5, 2), (6, 2), (6, 5)), (1, 3))","(((4, 2), (4, 4), (5, 2), (6, 3), (6, 5)), (1, 3))",16,6,22.0,16,,,pruned,,,3871
"(((4, 1), (4, 4), (5, 2), (6, 3), (6, 5)), (1, 3))","(((4, 2), (4, 4), (5, 2), (6, 3), (6, 5)), (1, 3))",16,6,22.0,16,,,pruned,,,3872
"(((4, 2), (4, 4), (5, 1), (6, 3), (6, 5)), (1, 3))","(((4, 2), (4, 4), (5, 2), (6, 3), (6, 5)), (1, 3))",16,6,22.0,16,,,pruned,,,3873
"(((4, 2), (4, 4), (5, 2), (6, 3), (6, 5)), (1, 3))","(((4, 2), (4, 4), (5, 2), (5, 3), (6, 5)), (1, 3))",15,5.0,20.0,15,9,4,expanded,False,True,3874
"(((4, 4), (5, 3), (5, 4), (6, 2), (6, 5)), (1, 3))","(((4, 4), (5, 2), (5, 3), (5, 4), (6, 5)), (1, 3))",16,5,21.0,16,,,pruned,,,3875
"(((4, 4), (5, 2), (5, 3), (5, 4), (6, 5)), (1, 3))","(((4, 3), (4, 4), (5, 2), (5, 4), (6, 5)), (1, 3))",15,5.0,20.0,15,2,1,expanded,False,True,3876
"(((3, 4), (5, 4), (6, 2), (6, 3), (6, 5)), (1, 3))","(((3, 4), (5, 2), (5, 4), (6, 3), (6, 5)), (1, 3))",16,5,21.0,16,,,pruned,,,3877
"(((3, 4), (5, 1), (5, 4), (6, 3), (6, 5)), (1, 3))","(((3, 4), (5, 2), (5, 4), (6, 3), (6, 5)), (1, 3))",16,6,22.0,16,,,pruned,,,3878
"(((3, 4), (5, 2), (5, 4), (6, 3), (6, 5)), (1, 3))","(((3, 4), (5, 2), (5, 3), (5, 4), (6, 5)), (1, 3))",15,5.0,20.0,15,7,2,expanded,False,True,3879
"(((4, 2), (4, 3), (5, 6), (6, 3), (6, 4)), (1, 3))","(((4, 2), (4, 3), (5, 5), (6, 3), (6, 4)), (1, 3))",17,5,22.0,17,,,pruned,,,3880
"(((4, 2), (4, 3), (5, 5), (6, 3), (6, 4)), (1, 3))","(((4, 2), (4, 3), (5, 4), (6, 3), (6, 4)), (1, 3))",16,4.0,20.0,16,3,1,expanded,False,True,3881
"(((2, 1), (4, 4), (5, 4), (6, 3), (6, 4)), (1, 3))","(((2, 2), (4, 4), (5, 4), (6, 3), (6, 4)), (1, 3))",17,5,22.0,17,,,pruned,,,3882
"(((2, 2), (4, 4), (5, 4), (6, 3), (6, 4)), (1, 3))","(((2, 2), (4, 4), (5, 3), (6, 3), (6, 4)), (1, 3))",16,4.0,20.0,16,3,1,expanded,False,True,3883
"(((2, 1), (4, 2), (4, 4), (5, 4), (6, 3)), (1, 3))","(((2, 2), (4, 2), (4, 4), (5, 4), (6, 3)), (1, 3))",17,5,22.0,17,,,pruned,,,3884
"(((2, 2), (4, 1), (4, 4), (5, 4), (6, 3)), (1, 3))","(((2, 2), (4, 2), (4, 4), (5, 4), (6, 3)), (1, 3))",17,5,22.0,17,,,pruned,,,3885
"(((2, 2), (4, 2), (4, 4), (5, 4), (6, 3)), (1, 3))","(((2, 3), (4, 2), (4, 4), (5, 4), (6, 3)), (1, 3))",16,4.0,20.0,16,6,2,expanded,False,True,3886
"(((1, 3), (4, 2), (4, 4), (5, 5), (6, 3)), (1, 4))","(((2, 3), (4, 2), (4, 4), (5, 5), (6, 3)), (1, 3))",17,5,22.0,17,,,pruned,,,3887
"(((2, 3), (4, 2), (4, 4), (5, 6), (6, 3)), (1, 3))","(((2, 3), (4, 2), (4, 4), (5, 5), (6, 3)), (1, 3))",17,5,22.0,17,,,pruned,,,3888
"(((2, 3), (4, 2), (4, 4), (5, 5), (6, 2)), (1, 3))","(((2, 3), (4, 2), (4, 4), (5, 5), (6, 3)), (1, 3))",17,5,22.0,17,,,pruned,,,3889
"(((2, 3), (4, 1), (4, 4), (5, 5), (6, 3)), (1, 3))","(((2, 3), (4, 2), (4, 4), (5, 5), (6, 3)), (1, 3))",17,5,22.0,17,,,pruned,,,3890
"(((2, 3), (4, 2), (4, 4), (5, 5), (6, 3)), (1, 3))","(((2, 3), (4, 2), (4, 4), (5, 4), (6, 3)), (1, 3))",16,4.0,20.0,16,12,4,expanded,False,True,3891
"(((4, 4), (5, 3), (5, 4), (6, 2), (6, 4)), (1, 3))","(((4, 4), (5, 2), (5, 3), (5, 4), (6, 4)), (1, 3))",17,4,21.0,17,,,pruned,,,3892
"(((4, 4), (5, 2), (5, 3), (5, 4), (6, 4)), (1, 3))","(((4, 3), (5, 2), (5, 3), (5, 4), (6, 4)), (1, 3))",16,4.0,20.0,16,2,1,expanded,False,True,3893
"(((2, 3), (3, 3), (3, 4), (5, 4), (6, 6)), (2, 1))","(((2, 3), (3, 3), (3, 4), (5, 4), (6, 5)), (2, 1))",17,5,22.0,17,,,pruned,,,3894
"(((2, 3), (3, 3), (3, 4), (5, 4), (6, 5)), (2, 1))","(((2, 3), (3, 3), (3, 4), (5, 4), (6, 4)), (2, 1))",16,4.0,20.0,16,6,1,expanded,False,True,3895
"(((2, 3), (4, 3), (4, 4), (5, 4), (6, 6)), (2, 1))","(((2, 3), (4, 3), (4, 4), (5, 4), (6, 5)), (2, 1))",17,5,22.0,17,,,pruned,,,3896
"(((2, 3), (4, 3), (4, 4), (5, 4), (6, 5)), (2, 1))","(((2, 3), (4, 3), (4, 4), (5, 4), (6, 4)), (2, 1))",16,4.0,20.0,16,4,1,expanded,False,True,3897
"(((3, 3), (4, 1), (5, 4), (5, 5), (6, 3)), (1, 3))","(((3, 3), (4, 2), (5, 4), (5, 5), (6, 3)), (1, 3))",17,5,22.0,17,,,pruned,,,3898
"(((3, 3), (4, 2), (5, 4), (5, 5), (6, 3)), (1, 3))","(((3, 3), (4, 2), (4, 4), (5, 5), (6, 3)), (1, 3))",16,4.0,20.0,16,6,1,expanded,False,True,3899
"(((5, 2), (5, 3), (5, 6), (6, 3), (6, 4)), (1, 3))","(((5, 2), (5, 3), (5, 5), (6, 3), (6, 4)), (1, 3))",17,5,22.0,17,,,pruned,,,3900
"(((5, 3), (5, 5), (6, 2), (6, 3), (6, 4)), (1, 3))","(((5, 2), (5, 3), (5, 5), (6, 3), (6, 4)), (1, 3))",17,4,21.0,17,,,pruned,,,3901
"(((5, 2), (5, 3), (5, 5), (6, 3), (6, 4)), (1, 3))","(((4, 3), (5, 2), (5, 5), (6, 3), (6, 4)), (1, 3))",16,4.0,20.0,16,2,2,expanded,True,True,3902
"(((1, 4), (2, 2), (5, 2), (6, 3), (6, 4)), (1, 3))","(((2, 2), (2, 4), (5, 2), (6, 3), (6, 4)), (1, 3))",17,5,22.0,17,,,pruned,,,3903
"(((2, 1), (2, 4), (5, 2), (6, 3), (6, 4)), (1, 3))","(((2, 2), (2, 4), (5, 2), (6, 3), (6, 4)), (1, 3))",17,5,22.0,17,,,pruned,,,3904
"(((2, 2), (2, 4), (6, 2), (6, 3), (6, 4)), (1, 3))","(((2, 2), (2, 4), (5, 2), (6, 3), (6, 4)), (1, 3))",17,4,21.0,17,,,pruned,,,3905
"(((2, 2), (2, 4), (5, 1), (6, 3), (6, 4)), (1, 3))","(((2, 2), (2, 4), (5, 2), (6, 3), (6, 4)), (1, 3))",17,5,22.0,17,,,pruned,,,3906
"(((2, 2), (2, 4), (5, 2), (6, 3), (6, 4)), (1, 3))","(((2, 2), (3, 4), (5, 2), (6, 3), (6, 4)), (1, 3))",16,4.0,20.0,16,7,4,expanded,False,True,3907
"(((1, 3), (4, 2), (4, 4), (5, 2), (6, 4)), (1, 4))","(((2, 3), (4, 2), (4, 4), (5, 2), (6, 4)), (1, 3))",17,5,22.0,17,,,pruned,,,3908
"(((2, 3), (4, 1), (4, 4), (5, 2), (6, 4)), (1, 3))","(((2, 3), (4, 2), (4, 4), (5, 2), (6, 4)), (1, 3))",17,5,22.0,17,,,pruned,,,3909
"(((2, 3), (4, 2), (4, 4), (5, 1), (6, 4)), (1, 3))","(((2, 3), (4, 2), (4, 4), (5, 2), (6, 4)), (1, 3))",17,5,22.0,17,,,pruned,,,3910
"(((2, 3), (4, 2), (4, 4), (5, 2), (6, 4)), (1, 3))","(((3, 3), (4, 2), (4, 4), (5, 2), (6, 4)), (4, 3))",16,4.0,20.0,16,9,3,expanded,False,True,3911
"(((1, 3), (4, 4), (5, 4), (6, 3), (6, 5)), (1, 4))","(((2, 3), (4, 4), (5, 4), (6, 3), (6, 5)), (1, 3))",17,5,22.0,17,,,pruned,,,3912
"(((2, 3), (4, 4), (5, 4), (6, 3), (6, 5)), (1, 3))","(((3, 3), (4, 4), (5, 4), (6, 3), (6, 5)), (1, 3))",16,4.0,20.0,16,6,1,expanded,False,True,3913
"(((4, 4), (5, 3), (6, 3), (6, 4), (6, 5)), (1, 3))","(((3, 4), (5, 3), (6, 3), (6, 4), (6, 5)), (1, 3))",16,4.0,20.0,16,2,0,expanded,False,True,3914
"(((1, 3), (3, 4), (6, 3), (6, 4), (6, 5)), (1, 4))","(((2, 3), (3, 4), (6, 3), (6, 4), (6, 5)), (2, 1))",17,5,22.0,17,,,pruned,,,3915
"(((2, 3), (3, 4), (6, 3), (6, 4), (6, 5)), (2, 1))","(((2, 3), (3, 4), (5, 4), (6, 3), (6, 5)), (2, 1))",16,4.0,20.0,16,3,1,expanded,False,True,3916
"(((3, 3), (4, 4), (6, 3), (6, 4), (6, 5)), (1, 3))","(((3, 3), (3, 4), (6, 3), (6, 4), (6, 5)), (1, 3))",16,4.0,20.0,16,4,0,expanded,False,True,3917
"(((4, 3), (5, 4), (6, 3), (6, 4), (6, 5)), (1, 3))","(((4, 3), (4, 4), (6, 3), (6, 4), (6, 5)), (1, 3))",16,4.0,20.0,16,5,0,expanded,False,True,3918
"(((1, 3), (5, 2), (5, 4), (5, 5), (6, 3)), (1, 4))","(((2, 3), (5, 2), (5, 4), (5, 5), (6, 3)), (1, 3))",17,5,22.0,17,,,pruned,,,3919
"(((2, 3), (5, 4), (5, 5), (6, 2), (6, 3)), (1, 3))","(((2, 3), (5, 2), (5, 4), (5, 5), (6, 3)), (1, 3))",17,4,21.0,17,,,pruned,,,3920
"(((2, 3), (5, 1), (5, 4), (5, 5), (6, 3)), (1, 3))","(((2, 3), (5, 2), (5, 4), (5, 5), (6, 3)), (1, 3))",17,5,22.0,17,,,pruned,,,3921
"(((2, 3), (5, 2), (5, 4), (5, 5), (6, 3)), (1, 3))","(((3, 3), (5, 2), (5, 4), (5, 5), (6, 3)), (1, 3))",16,4.0,20.0,16,8,3,expanded,False,True,3922
"(((4, 3), (5, 3), (5, 4), (6, 2), (6, 5)), (1, 3))","(((4, 3), (5, 2), (5, 3), (5, 4), (6, 5)), (1, 3))",17,4,21.0,17,,,pruned,,,3923
"(((4, 3), (5, 2), (5, 3), (5, 4), (6, 5)), (1, 3))","(((4, 3), (4, 4), (5, 2), (5, 3), (6, 5)), (1, 3))",16,4.0,20.0,16,4,1,expanded,False,True,3924
"(((3, 3), (4, 3), (4, 4), (6, 4), (6, 5)), (1, 3))","(((3, 3), (3, 4), (4, 3), (6, 4), (6, 5)), (1, 3))",16,4.0,20.0,16,2,0,expanded,False,True,3925
"(((4, 3), (4, 4), (6, 2), (6, 3), (6, 5)), (1, 3))","(((4, 3), (4, 4), (5, 2), (6, 3), (6, 5)), (1, 3))",17,4,21.0,17,,,pruned,,,3926
"(((4, 3), (4, 4), (5, 2), (6, 3), (6, 5)), (1, 3))","(((3, 4), (4, 3), (5, 2), (6, 3), (6, 5)), (1, 3))",16,4.0,20.0,16,4,1,expanded,False,True,3927
"(((3, 4), (5, 2), (5, 3), (6, 3), (6, 6)), (1, 3))","(((3, 4), (5, 2), (5, 3), (6, 3), (6, 5)), (1, 3))",17,5,22.0,17,,,pruned,,,3928
"(((3, 4), (5, 2), (5, 3), (6, 2), (6, 5)), (1, 3))","(((3, 4), (5, 2), (5, 3), (6, 3), (6, 5)), (1, 3))",17,5,22.0,17,,,pruned,,,3929
"(((3, 4), (5, 3), (6, 2), (6, 3), (6, 5)), (1, 3))","(((3, 4), (5, 2), (5, 3), (6, 3), (6, 5)), (1, 3))",17,4,21.0,17,,,pruned,,,3930
"(((3, 4), (5, 2), (5, 3), (6, 3), (6, 5)), (1, 3))","(((3, 4), (4, 3), (5, 2), (6, 3), (6, 5)), (1, 3))",16,4.0,20.0,16,6,3,expanded,False,True,3931
"(((3, 3), (3, 4), (5, 2), (6, 3), (6, 6)), (1, 3))","(((3, 3), (3, 4), (5, 2), (6, 3), (6, 5)), (1, 3))",17,5,22.0,17,,,pruned,,,3932
"(((3, 3), (3, 4), (5, 2), (6, 2), (6, 5)), (1, 3))","(((3, 3), (3, 4), (5, 2), (6, 3), (6, 5)), (1, 3))",17,5,22.0,17,,,pruned,,,3933
"(((3, 3), (3, 4), (6, 2), (6, 3), (6, 5)), (1, 3))","(((3, 3), (3, 4), (5, 2), (6, 3), (6, 5)), (1, 3))",17,4,21.0,17,,,pruned,,,3934
"(((3, 3), (3, 4), (5, 1), (6, 3), (6, 5)), (1, 3))","(((3, 3), (3, 4), (5, 2), (6, 3), (6, 5)), (1, 3))",17,5,22.0,17,,,pruned,,,3935
"(((3, 3), (3, 4), (5, 2), (6, 3), (6, 5)), (1, 3))","(((2, 4), (3, 3), (5, 2), (6, 3), (6, 5)), (1, 3))",16,4.0,20.0,16,10,4,expanded,False,True,3936
"(((1, 3), (2, 4), (5, 2), (6, 3), (6, 5)), (2, 1))","(((2, 3), (2, 4), (5, 2), (6, 3), (6, 5)), (2, 1))",17,5,22.0,17,,,pruned,,,3937
"(((1, 4), (2, 3), (5, 2), (6, 3), (6, 5)), (2, 1))","(((2, 3), (2, 4), (5, 2), (6, 3), (6, 5)), (2, 1))",17,5,22.0,17,,,pruned,,,3938
"(((2, 3), (2, 4), (5, 2), (6, 3), (6, 6)), (2, 1))","(((2, 3), (2, 4), (5, 2), (6, 3), (6, 5)), (2, 1))",17,5,22.0,17,,,pruned,,,3939
"(((2, 3), (2, 4), (5, 2), (6, 2), (6, 5)), (2, 1))","(((2, 3), (2, 4), (5, 2), (6, 3), (6, 5)), (2, 1))",17,5,22.0,17,,,pruned,,,3940
"(((2, 3), (2, 4), (6, 2), (6, 3), (6, 5)), (2, 1))","(((2, 3), (2, 4), (5, 2), (6, 3), (6, 5)), (2, 1))",17,4,21.0,17,,,pruned,,,3941
"(((2, 3), (2, 4), (5, 1), (6, 3), (6, 5)), (2, 1))","(((2, 3), (2, 4), (5, 2), (6, 3), (6, 5)), (2, 1))",17,5,22.0,17,,,pruned,,,3942
"(((2, 3), (2, 4), (5, 2), (6, 3), (6, 5)), (2, 1))","(((2, 4), (3, 3), (5, 2), (6, 3), (6, 5)), (1, 3))",16,4.0,20.0,16,8,6,expanded,False,True,3943
"(((4, 1), (4, 4), (5, 3), (6, 3), (6, 5)), (1, 3))","(((4, 2), (4, 4), (5, 3), (6, 3), (6, 5)), (1, 3))",17,5,22.0,17,,,pruned,,,3944
"(((4, 2), (4, 4), (5, 3), (6, 3), (6, 5)), (1, 3))","(((3, 4), (4, 2), (5, 3), (6, 3), (6, 5)), (1, 3))",16,4.0,20.0,16,5,1,expanded,False,True,3945
"(((3, 3), (3, 4), (5, 3), (6, 4), (6, 5)), (1, 3))","(((2, 4), (3, 3), (5, 3), (6, 4), (6, 5)), (1, 3))",16,4.0,20.0,16,8,0,expanded,False,True,3946
"(((2, 2), (4, 3), (4, 4), (5, 4), (6, 4)), (2, 1))","(((2, 2), (4, 2), (4, 4), (5, 4), (6, 4)), (1, 3))",16,4.0,20.0,16,4,0,expanded,False,True,3947
"(((2, 3), (3, 4), (4, 3), (6, 4), (6, 5)), (2, 1))","(((2, 3), (3, 4), (4, 2), (6, 4), (6, 5)), (2, 1))",16,4.0,20.0,16,5,0,expanded,False,True,3948
"(((2, 3), (3, 3), (3, 4), (5, 6), (6, 3)), (2, 1))","(((2, 3), (3, 3), (3, 4), (5, 5), (6, 3)), (2, 1))",18,4,22.0,18,,,pruned,,,3949
"(((2, 3), (3, 3), (3, 4), (5, 5), (6, 2)), (2, 1))","(((2, 3), (3, 3), (3, 4), (5, 5), (6, 3)), (2, 1))",18,4,22.0,18,,,pruned,,,3950
"(((2, 3), (3, 3), (3, 4), (5, 5), (6, 3)), (2, 1))","(((2, 3), (3, 3), (3, 4), (5, 4), (6, 3)), (2, 1))",17,3.0,20.0,17,6,2,expanded,False,True,3951
"(((2, 3), (4, 3), (4, 4), (5, 6), (6, 3)), (2, 1))","(((2, 3), (4, 3), (4, 4), (5, 5), (6, 3)), (2, 1))",18,4,22.0,18,,,pruned,,,3952
"(((2, 3), (4, 3), (4, 4), (5, 5), (6, 2)), (2, 1))","(((2, 3), (4, 3), (4, 4), (5, 5), (6, 3)), (2, 1))",18,4,22.0,18,,,pruned,,,3953
"(((2, 3), (4, 3), (4, 4), (5, 5), (6, 3)), (2, 1))","(((2, 3), (4, 3), (4, 4), (5, 4), (6, 3)), (2, 1))",17,3.0,20.0,17,7,2,expanded,False,True,3954
"(((3, 3), (4, 3), (5, 4), (5, 5), (6, 3)), (1, 3))","(((3, 3), (4, 3), (4, 4), (5, 5), (6, 3)), (1, 3))",17,3.0,20.0,17,4,0,expanded,False,True,3955
"(((1, 3), (4, 2), (5, 4), (6, 3), (6, 4)), (1, 4))","(((2, 3), (4, 2), (5, 4), (6, 3), (6, 4)), (1, 3))",18,4,22.0,18,,,pruned,,,3956
"(((2, 3), (4, 1), (5, 4), (6, 3), (6, 4)), (1, 3))","(((2, 3), (4, 2), (5, 4), (6, 3), (6, 4)), (1, 3))",18,4,22.0,18,,,pruned,,,3957
"(((2, 3), (4, 2), (5, 4), (6, 3), (6, 4)), (1, 3))","(((3, 3), (4, 2), (5, 4), (6, 3), (6, 4)), (1, 3))",17,3.0,20.0,17,7,2,expanded,False,True,3958
"(((1, 3), (4, 2), (5, 2), (6, 3), (6, 4)), (1, 4))","(((2, 3), (4, 2), (5, 2), (6, 3), (6, 4)), (1, 3))",18,4,22.0,18,,,pruned,,,3959
"(((2, 3), (4, 1), (5, 2), (6, 3), (6, 4)), (1, 3))","(((2, 3), (4, 2), (5, 2), (6, 3), (6, 4)), (1, 3))",18,4,22.0,18,,,pruned,,,3960
"(((2, 3), (4, 2), (5, 1), (6, 3), (6, 4)), (1, 3))","(((2, 3), (4, 2), (5, 2), (6, 3), (6, 4)), (1, 3))",18,4,22.0,18,,,pruned,,,3961
"(((2, 3), (4, 2), (5, 2), (6, 3), (6, 4)), (1, 3))","(((3, 3), (4, 2), (5, 2), (6, 3), (6, 4)), (1, 3))",17,3.0,20.0,17,5,3,expanded,False,True,3962
"(((1, 3), (4, 2), (4, 4), (5, 2), (6, 3)), (1, 4))","(((2, 3), (4, 2), (4, 4), (5, 2), (6, 3)), (1, 3))",18,4,22.0,18,,,pruned,,,3963
"(((2, 3), (4, 2), (4, 4), (5, 2), (6, 2)), (1, 3))","(((2, 3), (4, 2), (4, 4), (5, 2), (6, 3)), (1, 3))",18,4,22.0,18,,,pruned,,,3964
"(((2, 3), (4, 1), (4, 4), (5, 2), (6, 3)), (1, 3))","(((2, 3), (4, 2), (4, 4), (5, 2), (6, 3)), (1, 3))",18,4,22.0,18,,,pruned,,,3965
"(((2, 3), (4, 2), (4, 4), (5, 1), (6, 3)), (1, 3))","(((2, 3), (4, 2), (4, 4), (5, 2), (6, 3)), (1, 3))",18,4,22.0,18,,,pruned,,,3966
"(((2, 3), (4, 2), (4, 4), (5, 2), (6, 3)), (1, 3))","(((3, 3), (4, 2), (4, 4), (5, 2), (6, 3)), (4, 3))",17,3.0,20.0,17,8,4,expanded,False,True,3967
"(((1, 3), (5, 3), (5, 4), (5, 5), (6, 3)), (1, 4))","(((2, 3), (5, 3), (5, 4), (5, 5), (6, 3)), (1, 3))",18,4,22.0,18,,,pruned,,,3968
"(((2, 3), (5, 3), (5, 4), (5, 5), (6, 3)), (1, 3))","(((3, 3), (5, 3), (5, 4), (5, 5), (6, 3)), (1, 3))",17,3.0,20.0,17,6,1,expanded,False,True,3969
"(((4, 3), (4, 4), (5, 3), (6, 3), (6, 5)), (1, 3))","(((3, 4), (4, 3), (5, 3), (6, 3), (6, 5)), (1, 3))",17,3.0,20.0,17,3,0,expanded,False,True,3970
"(((1, 4), (2, 2), (5, 3), (6, 3), (6, 4)), (1, 3))","(((2, 2), (2, 4), (5, 3), (6, 3), (6, 4)), (1, 3))",18,4,22.0,18,,,pruned,,,3971
"(((2, 1), (2, 4), (5, 3), (6, 3), (6, 4)), (1, 3))","(((2, 2), (2, 4), (5, 3), (6, 3), (6, 4)), (1, 3))",18,4,22.0,18,,,pruned,,,3972
"(((2, 2), (2, 4), (5, 3), (6, 3), (6, 4)), (1, 3))","(((2, 2), (3, 4), (5, 3), (6, 3), (6, 4)), (1, 3))",17,3.0,20.0,17,6,2,expanded,False,True,3973
"(((3, 3), (3, 4), (5, 3), (6, 3), (6, 6)), (1, 3))","(((3, 3), (3, 4), (5, 3), (6, 3), (6, 5)), (1, 3))",18,4,22.0,18,,,pruned,,,3974
"(((3, 3), (3, 4), (5, 3), (6, 2), (6, 5)), (1, 3))","(((3, 3), (3, 4), (5, 3), (6, 3), (6, 5)), (1, 3))",18,4,22.0,18,,,pruned,,,3975
"(((3, 3), (3, 4), (5, 3), (6, 3), (6, 5)), (1, 3))","(((2, 4), (3, 3), (5, 3), (6, 3), (6, 5)), (1, 3))",17,3.0,20.0,17,10,2,expanded,False,True,3976
"(((1, 3), (2, 4), (5, 3), (6, 3), (6, 5)), (2, 1))","(((2, 3), (2, 4), (5, 3), (6, 3), (6, 5)), (2, 1))",18,4,22.0,18,,,pruned,,,3977
"(((1, 4), (2, 3), (5, 3), (6, 3), (6, 5)), (2, 1))","(((2, 3), (2, 4), (5, 3), (6, 3), (6, 5)), (2, 1))",18,4,22.0,18,,,pruned,,,3978
"(((2, 3), (2, 4), (5, 3), (6, 3), (6, 6)), (2, 1))","(((2, 3), (2, 4), (5, 3), (6, 3), (6, 5)), (2, 1))",18,4,22.0,18,,,pruned,,,3979
"(((2, 3), (2, 4), (5, 3), (6, 2), (6, 5)), (2, 1))","(((2, 3), (2, 4), (5, 3), (6, 3), (6, 5)), (2, 1))",18,4,22.0,18,,,pruned,,,3980
"(((2, 3), (2, 4), (5, 3), (6, 3), (6, 5)), (2, 1))","(((2, 4), (3, 3), (5, 3), (6, 3), (6, 5)), (1, 3))",17,3.0,20.0,17,8,4,expanded,False,True,3981
"(((2, 2), (4, 3), (4, 4), (5, 4), (6, 3)), (2, 1))","(((2, 2), (4, 2), (4, 4), (5, 4), (6, 3)), (1, 3))",17,3.0,20.0,17,4,0,expanded,False,True,3982
"(((2, 3), (4, 2), (4, 4), (5, 4), (6, 2)), (1, 3))","(((2, 3), (4, 2), (4, 4), (5, 4), (6, 3)), (5, 5))",18,4,22.0,18,,,pruned,,,3983
"(((2, 3), (4, 2), (4, 4), (5, 4), (6, 3)), (5, 5))","(((2, 3), (4, 2), (4, 4), (5, 5), (6, 3)), (1, 3))",17,3.0,20.0,17,2,1,expanded,False,True,3984
"(((3, 3), (3, 4), (4, 3), (5, 2), (6, 2)), (4, 4))","(((3, 3), (3, 4), (4, 3), (5, 2), (6, 3)), (4, 4))",19,3,22.0,19,,,pruned,,,3985
"(((3, 3), (3, 4), (4, 3), (5, 1), (6, 3)), (1, 3))","(((3, 3), (3, 4), (4, 3), (5, 2), (6, 3)), (4, 4))",19,3,22.0,19,,,pruned,,,3986
"(((3, 3), (3, 4), (4, 3), (5, 2), (6, 3)), (4, 4))","(((3, 3), (3, 4), (4, 3), (5, 3), (6, 3)), (4, 4))",18,2.0,20.0,18,4,2,expanded,False,True,3987
"(((1, 3), (2, 4), (4, 3), (5, 2), (6, 3)), (2, 1))","(((2, 3), (2, 4), (4, 3), (5, 2), (6, 3)), (3, 3))",19,3,22.0,19,,,pruned,,,3988
"(((1, 4), (2, 3), (4, 3), (5, 2), (6, 3)), (2, 4))","(((2, 3), (2, 4), (4, 3), (5, 2), (6, 3)), (3, 3))",19,3,22.0,19,,,pruned,,,3989
"(((2, 3), (2, 4), (4, 3), (5, 2), (6, 2)), (3, 3))","(((2, 3), (2, 4), (4, 3), (5, 2), (6, 3)), (3, 3))",19,3,22.0,19,,,pruned,,,3990
"(((2, 3), (2, 4), (4, 3), (5, 1), (6, 3)), (2, 1))","(((2, 3), (2, 4), (4, 3), (5, 2), (6, 3)), (3, 3))",19,3,22.0,19,,,pruned,,,3991
"(((2, 3), (2, 4), (4, 3), (5, 2), (6, 3)), (3, 3))","(((2, 3), (2, 4), (4, 3), (5, 3), (6, 3)), (3, 3))",18,2.0,20.0,18,7,4,expanded,False,True,3992
"(((1, 3), (5, 2), (5, 3), (5, 4), (6, 3)), (1, 4))","(((2, 3), (5, 2), (5, 3), (5, 4), (6, 3)), (1, 3))",19,3,22.0,19,,,pruned,,,3993
"(((2, 3), (5, 3), (5, 4), (6, 2), (6, 3)), (1, 3))","(((2, 3), (5, 2), (5, 3), (5, 4), (6, 3)), (1, 3))",19,2,21.0,19,,,pruned,,,3994
"(((2, 3), (5, 2), (5, 3), (5, 4), (6, 3)), (1, 3))","(((3, 3), (5, 2), (5, 3), (5, 4), (6, 3)), (1, 3))",18,2.0,20.0,18,6,2,expanded,False,True,3995
"(((3, 3), (5, 3), (6, 2), (6, 3), (6, 4)), (1, 3))","(((3, 3), (5, 2), (5, 3), (6, 3), (6, 4)), (1, 3))",19,2,21.0,19,,,pruned,,,3996
"(((3, 3), (5, 2), (5, 3), (6, 3), (6, 4)), (1, 3))","(((3, 3), (5, 2), (5, 3), (5, 4), (6, 3)), (1, 3))",18,2.0,20.0,18,3,1,expanded,False,True,3997
"(((1, 3), (4, 2), (5, 3), (6, 3), (6, 4)), (1, 4))","(((2, 3), (4, 2), (5, 3), (6, 3), (6, 4)), (1, 3))",19,3,22.0,19,,,pruned,,,3998
"(((2, 3), (4, 1), (5, 3), (6, 3), (6, 4)), (1, 3))","(((2, 3), (4, 2), (5, 3), (6, 3), (6, 4)), (1, 3))",19,3,22.0,19,,,pruned,,,3999
"(((2, 3), (4, 2), (5, 3), (6, 3), (6, 4)), (1, 3))","(((3, 3), (4, 2), (5, 3), (6, 3), (6, 4)), (1, 3))",18,2.0,20.0,18,5,2,expanded,False,True,4000
"(((2, 3), (3, 3), (4, 4), (6, 3), (6, 4)), (2, 1))","(((2, 3), (4, 3), (4, 4), (6, 3), (6, 4)), (2, 1))",18,2.0,20.0,18,2,0,expanded,False,True,4001
"(((2, 3), (3, 3), (3, 4), (5, 4), (6, 2)), (2, 1))","(((2, 3), (3, 3), (3, 4), (5, 4), (6, 3)), (5, 5))",19,3,22.0,19,,,pruned,,,4002
"(((2, 3), (3, 3), (3, 4), (5, 4), (6, 3)), (5, 5))","(((2, 3), (3, 3), (3, 4), (5, 5), (6, 3)), (2, 1))",18,2.0,20.0,18,3,1,expanded,False,True,4003
"(((2, 3), (4, 3), (4, 4), (5, 4), (6, 2)), (2, 1))","(((2, 3), (4, 3), (4, 4), (5, 4), (6, 3)), (5, 5))",19,3,22.0,19,,,pruned,,,4004
"(((2, 3), (4, 3), (4, 4), (5, 4), (6, 3)), (5, 5))","(((2, 3), (4, 3), (4, 4), (5, 5), (6, 3)), (2, 1))",18,2.0,20.0,18,2,1,expanded,False,True,4005
"(((2, 3), (4, 3), (5, 4), (6, 3), (6, 4)), (2, 1))","(((2, 3), (4, 2), (5, 4), (6, 3), (6, 4)), (1, 3))",18,2.0,20.0,18,4,0,expanded,False,True,4006
"(((2, 3), (4, 2), (4, 4), (5, 3), (6, 2)), (5, 4))","(((2, 3), (4, 2), (4, 4), (5, 3), (6, 3)), (5, 4))",19,3,22.0,19,,,pruned,,,4007
"(((2, 3), (4, 2), (4, 4), (5, 3), (6, 3)), (5, 4))","(((2, 3), (4, 2), (4, 4), (5, 4), (6, 3)), (5, 5))",18,2.0,20.0,18,3,1,expanded,False,True,4008
"(((2, 3), (3, 3), (3, 4), (5, 3), (6, 2)), (2, 1))","(((2, 3), (3, 3), (3, 4), (5, 3), (6, 3)), (2, 1))",20,2,22.0,20,,,pruned,,,4009
"(((2, 3), (3, 3), (3, 4), (5, 3), (6, 3)), (2, 1))","(((2, 3), (3, 3), (3, 4), (5, 4), (6, 3)), (5, 5))",19,1.0,20.0,19,6,1,expanded,False,True,4010
"(((2, 3), (4, 3), (4, 4), (5, 3), (6, 2)), (5, 4))","(((2, 3), (4, 3), (4, 4), (5, 3), (6, 3)), (5, 4))",20,2,22.0,20,,,pruned,,,4011
"(((2, 3), (4, 3), (4, 4), (5, 3), (6, 3)), (5, 4))","(((2, 3), (4, 3), (4, 4), (5, 4), (6, 3)), (5, 5))",19,1.0,20.0,19,3,1,expanded,False,True,4012
"(((3, 4), (4, 1), (5, 4), (6, 4), (6, 5)), (1, 3))","(((3, 4), (4, 2), (5, 4), (6, 4), (6, 5)), (1, 3))",16,7,23.0,16,,,pruned,,,4013
"(((3, 4), (4, 2), (5, 4), (6, 4), (6, 5)), (1, 3))","(((3, 4), (4, 2), (5, 4), (6, 3), (6, 5)), (1, 3))",15,6.0,21.0,15,5,1,expanded,False,True,4014
"(((3, 4), (4, 1), (5, 2), (6, 4), (6, 5)), (1, 3))","(((3, 4), (4, 2), (5, 2), (6, 4), (6, 5)), (1, 3))",16,7,23.0,16,,,pruned,,,4015
"(((3, 4), (4, 2), (5, 1), (6, 4), (6, 5)), (1, 3))","(((3, 4), (4, 2), (5, 2), (6, 4), (6, 5)), (1, 3))",16,7,23.0,16,,,pruned,,,4016
"(((3, 4), (4, 2), (5, 2), (6, 4), (6, 5)), (1, 3))","(((3, 4), (4, 2), (5, 3), (6, 4), (6, 5)), (1, 3))",15,6.0,21.0,15,6,2,expanded,False,True,4017
"(((3, 4), (4, 4), (6, 2), (6, 4), (6, 5)), (1, 3))","(((3, 4), (4, 4), (5, 2), (6, 4), (6, 5)), (1, 3))",16,6,22.0,16,,,pruned,,,4018
"(((3, 4), (4, 4), (5, 1), (6, 4), (6, 5)), (1, 3))","(((3, 4), (4, 4), (5, 2), (6, 4), (6, 5)), (1, 3))",16,7,23.0,16,,,pruned,,,4019
"(((3, 4), (4, 4), (5, 2), (6, 4), (6, 5)), (1, 3))","(((3, 4), (4, 3), (5, 2), (6, 4), (6, 5)), (1, 3))",15,6.0,21.0,15,4,2,expanded,False,True,4020
"(((1, 4), (5, 2), (5, 4), (6, 4), (6, 5)), (1, 3))","(((2, 4), (5, 2), (5, 4), (6, 4), (6, 5)), (1, 3))",16,7,23.0,16,,,pruned,,,4021
"(((2, 4), (5, 4), (6, 2), (6, 4), (6, 5)), (1, 3))","(((2, 4), (5, 2), (5, 4), (6, 4), (6, 5)), (1, 3))",16,6,22.0,16,,,pruned,,,4022
"(((2, 4), (5, 1), (5, 4), (6, 4), (6, 5)), (1, 3))","(((2, 4), (5, 2), (5, 4), (6, 4), (6, 5)), (1, 3))",16,7,23.0,16,,,pruned,,,4023
"(((2, 4), (5, 2), (5, 4), (6, 4), (6, 5)), (1, 3))","(((2, 4), (4, 4), (5, 2), (6, 4), (6, 5)), (1, 3))",15,6.0,21.0,15,7,3,expanded,False,True,4024
"(((4, 2), (4, 4), (5, 2), (5, 4), (6, 6)), (1, 3))","(((4, 2), (4, 4), (5, 2), (5, 4), (6, 5)), (1, 3))",16,7,23.0,16,,,pruned,,,4025
"(((4, 1), (4, 4), (5, 2), (5, 4), (6, 5)), (1, 3))","(((4, 2), (4, 4), (5, 2), (5, 4), (6, 5)), (1, 3))",16,7,23.0,16,,,pruned,,,4026
"(((4, 2), (4, 4), (5, 1), (5, 4), (6, 5)), (1, 3))","(((4, 2), (4, 4), (5, 2), (5, 4), (6, 5)), (1, 3))",16,7,23.0,16,,,pruned,,,4027
"(((4, 2), (4, 4), (5, 2), (5, 4), (6, 5)), (1, 3))","(((3, 4), (4, 2), (5, 2), (5, 4), (6, 5)), (1, 3))",15,6.0,21.0,15,6,3,expanded,False,True,4028
"(((2, 2), (5, 2), (5, 6), (6, 3), (6, 4)), (1, 3))","(((2, 2), (5, 2), (5, 5), (6, 3), (6, 4)), (1, 3))",17,6,23.0,17,,,pruned,,,4029
"(((2, 1), (5, 2), (5, 5), (6, 3), (6, 4)), (1, 3))","(((2, 2), (5, 2), (5, 5), (6, 3), (6, 4)), (1, 3))",17,6,23.0,17,,,pruned,,,4030
"(((2, 2), (5, 5), (6, 2), (6, 3), (6, 4)), (1, 3))","(((2, 2), (5, 2), (5, 5), (6, 3), (6, 4)), (1, 3))",17,5,22.0,17,,,pruned,,,4031
"(((2, 2), (5, 1), (5, 5), (6, 3), (6, 4)), (1, 3))","(((2, 2), (5, 2), (5, 5), (6, 3), (6, 4)), (1, 3))",17,6,23.0,17,,,pruned,,,4032
"(((2, 2), (5, 2), (5, 5), (6, 3), (6, 4)), (1, 3))","(((2, 2), (5, 2), (5, 4), (6, 3), (6, 4)), (1, 3))",16,5.0,21.0,16,6,4,expanded,False,True,4033
"(((4, 4), (5, 3), (5, 4), (6, 4), (6, 5)), (1, 3))","(((4, 3), (5, 3), (5, 4), (6, 4), (6, 5)), (1, 3))",16,5.0,21.0,16,2,0,expanded,False,True,4034
"(((4, 1), (5, 3), (5, 4), (6, 4), (6, 5)), (1, 3))","(((4, 2), (5, 3), (5, 4), (6, 4), (6, 5)), (1, 3))",17,6,23.0,17,,,pruned,,,4035
"(((4, 2), (5, 3), (5, 4), (6, 4), (6, 5)), (1, 3))","(((4, 3), (5, 3), (5, 4), (6, 4), (6, 5)), (1, 3))",16,5.0,21.0,16,4,1,expanded,False,True,4036
"(((3, 3), (4, 4), (5, 4), (6, 4), (6, 5)), (1, 3))","(((3, 3), (4, 4), (5, 4), (6, 3), (6, 5)), (1, 3))",16,5.0,21.0,16,3,0,expanded,False,True,4037
"(((3, 4), (5, 4), (6, 3), (6, 4), (6, 5)), (1, 3))","(((3, 4), (5, 3), (6, 3), (6, 4), (6, 5)), (1, 3))",16,5.0,21.0,16,3,0,expanded,False,True,4038
"(((3, 4), (6, 2), (6, 3), (6, 4), (6, 5)), (1, 3))","(((3, 4), (5, 2), (6, 3), (6, 4), (6, 5)), (1, 3))",17,5,22.0,17,,,pruned,,,4039
"(((3, 4), (5, 1), (6, 3), (6, 4), (6, 5)), (1, 3))","(((3, 4), (5, 2), (6, 3), (6, 4), (6, 5)), (1, 3))",17,6,23.0,17,,,pruned,,,4040
"(((3, 4), (5, 2), (6, 3), (6, 4), (6, 5)), (1, 3))","(((3, 4), (5, 3), (6, 3), (6, 4), (6, 5)), (1, 3))",16,5.0,21.0,16,5,2,expanded,False,True,4041
"(((1, 3), (3, 4), (5, 4), (6, 4), (6, 5)), (1, 4))","(((2, 3), (3, 4), (5, 4), (6, 4), (6, 5)), (2, 1))",17,6,23.0,17,,,pruned,,,4042
"(((2, 3), (3, 4), (5, 4), (6, 4), (6, 5)), (2, 1))","(((2, 3), (3, 4), (5, 4), (6, 3), (6, 5)), (2, 1))",16,5.0,21.0,16,4,1,expanded,False,True,4043
"(((2, 2), (4, 4), (5, 2), (5, 6), (6, 3)), (1, 3))","(((2, 2), (4, 4), (5, 2), (5, 5), (6, 3)), (1, 3))",17,6,23.0,17,,,pruned,,,4044
"(((2, 1), (4, 4), (5, 2), (5, 5), (6, 3)), (1, 3))","(((2, 2), (4, 4), (5, 2), (5, 5), (6, 3)), (1, 3))",17,6,23.0,17,,,pruned,,,4045
"(((2, 2), (4, 4), (5, 2), (5, 5), (6, 2)), (1, 3))","(((2, 2), (4, 4), (5, 2), (5, 5), (6, 3)), (1, 3))",17,6,23.0,17,,,pruned,,,4046
"(((2, 2), (4, 4), (5, 5), (6, 2), (6, 3)), (1, 3))","(((2, 2), (4, 4), (5, 2), (5, 5), (6, 3)), (1, 3))",17,5,22.0,17,,,pruned,,,4047
"(((2, 2), (4, 4), (5, 1), (5, 5), (6, 3)), (1, 3))","(((2, 2), (4, 4), (5, 2), (5, 5), (6, 3)), (1, 3))",17,6,23.0,17,,,pruned,,,4048
"(((2, 2), (4, 4), (5, 2), (5, 5), (6, 3)), (1, 3))","(((2, 3), (4, 4), (5, 2), (5, 5), (6, 3)), (1, 3))",16,5.0,21.0,16,10,5,expanded,False,True,4049
"(((3, 3), (4, 1), (5, 4), (6, 4), (6, 5)), (1, 3))","(((3, 3), (4, 2), (5, 4), (6, 4), (6, 5)), (1, 3))",17,6,23.0,17,,,pruned,,,4050
"(((3, 3), (4, 2), (5, 4), (6, 4), (6, 5)), (1, 3))","(((4, 2), (4, 3), (5, 4), (6, 4), (6, 5)), (1, 3))",16,5.0,21.0,16,5,1,expanded,False,True,4051
"(((4, 1), (5, 2), (5, 3), (6, 4), (6, 5)), (1, 3))","(((4, 2), (5, 2), (5, 3), (6, 4), (6, 5)), (1, 3))",17,6,23.0,17,,,pruned,,,4052
"(((4, 2), (5, 2), (5, 3), (6, 4), (6, 5)), (1, 3))","(((4, 2), (4, 3), (5, 2), (6, 4), (6, 5)), (1, 3))",16,5.0,21.0,16,3,1,expanded,False,True,4053
"(((3, 3), (4, 1), (5, 2), (6, 4), (6, 5)), (1, 3))","(((3, 3), (4, 2), (5, 2), (6, 4), (6, 5)), (1, 3))",17,6,23.0,17,,,pruned,,,4054
"(((3, 3), (4, 2), (5, 1), (6, 4), (6, 5)), (1, 3))","(((3, 3), (4, 2), (5, 2), (6, 4), (6, 5)), (1, 3))",17,6,23.0,17,,,pruned,,,4055
"(((3, 3), (4, 2), (5, 2), (6, 4), (6, 5)), (1, 3))","(((4, 2), (4, 3), (5, 2), (6, 4), (6, 5)), (1, 3))",16,5.0,21.0,16,6,2,expanded,False,True,4056
"(((4, 1), (4, 4), (6, 3), (6, 4), (6, 5)), (1, 3))","(((4, 2), (4, 4), (6, 3), (6, 4), (6, 5)), (1, 3))",17,6,23.0,17,,,pruned,,,4057
"(((4, 2), (4, 4), (6, 3), (6, 4), (6, 5)), (1, 3))","(((3, 4), (4, 2), (6, 3), (6, 4), (6, 5)), (1, 3))",16,5.0,21.0,16,4,1,expanded,False,True,4058
"(((4, 1), (4, 4), (5, 2), (5, 4), (6, 4)), (1, 3))","(((4, 2), (4, 4), (5, 2), (5, 4), (6, 4)), (1, 3))",17,6,23.0,17,,,pruned,,,4059
"(((4, 2), (4, 4), (5, 1), (5, 4), (6, 4)), (1, 3))","(((4, 2), (4, 4), (5, 2), (5, 4), (6, 4)), (1, 3))",17,6,23.0,17,,,pruned,,,4060
"(((4, 2), (4, 4), (5, 2), (5, 4), (6, 4)), (1, 3))","(((3, 4), (4, 2), (5, 2), (5, 4), (6, 4)), (1, 3))",16,5.0,21.0,16,6,2,expanded,False,True,4061
"(((1, 3), (4, 2), (5, 2), (5, 4), (6, 5)), (1, 4))","(((2, 3), (4, 2), (5, 2), (5, 4), (6, 5)), (1, 3))",17,6,23.0,17,,,pruned,,,4062
"(((2, 3), (4, 2), (5, 2), (5, 4), (6, 6)), (1, 3))","(((2, 3), (4, 2), (5, 2), (5, 4), (6, 5)), (1, 3))",17,6,23.0,17,,,pruned,,,4063
"(((2, 3), (4, 1), (5, 2), (5, 4), (6, 5)), (1, 3))","(((2, 3), (4, 2), (5, 2), (5, 4), (6, 5)), (1, 3))",17,6,23.0,17,,,pruned,,,4064
"(((2, 3), (4, 2), (5, 1), (5, 4), (6, 5)), (1, 3))","(((2, 3), (4, 2), (5, 2), (5, 4), (6, 5)), (1, 3))",17,6,23.0,17,,,pruned,,,4065
"(((2, 3), (4, 2), (5, 2), (5, 4), (6, 5)), (1, 3))","(((2, 3), (4, 2), (4, 4), (5, 2), (6, 5)), (1, 3))",16,5.0,21.0,16,9,4,expanded,False,True,4066
"(((3, 3), (4, 2), (4, 4), (5, 2), (6, 5)), (1, 3))","(((2, 3), (4, 2), (4, 4), (5, 2), (6, 5)), (1, 3))",16,5.0,21.0,16,4,0,expanded,False,True,4067
"(((4, 3), (5, 4), (6, 2), (6, 4), (6, 5)), (1, 3))","(((4, 3), (5, 2), (5, 4), (6, 4), (6, 5)), (1, 3))",17,5,22.0,17,,,pruned,,,4068
"(((4, 3), (5, 2), (5, 4), (6, 4), (6, 5)), (1, 3))","(((4, 3), (4, 4), (5, 2), (6, 4), (6, 5)), (1, 3))",16,5.0,21.0,16,5,1,expanded,False,True,4069
"(((4, 4), (5, 3), (6, 2), (6, 4), (6, 5)), (1, 3))","(((4, 4), (5, 2), (5, 3), (6, 4), (6, 5)), (1, 3))",17,5,22.0,17,,,pruned,,,4070
"(((4, 4), (5, 2), (5, 3), (6, 4), (6, 5)), (1, 3))","(((4, 3), (4, 4), (5, 2), (6, 4), (6, 5)), (1, 3))",16,5.0,21.0,16,3,1,expanded,False,True,4071
"(((1, 3), (3, 4), (5, 2), (6, 4), (6, 5)), (1, 4))","(((2, 3), (3, 4), (5, 2), (6, 4), (6, 5)), (2, 1))",17,6,23.0,17,,,pruned,,,4072
"(((2, 3), (3, 4), (6, 2), (6, 4), (6, 5)), (2, 1))","(((2, 3), (3, 4), (5, 2), (6, 4), (6, 5)), (2, 1))",17,5,22.0,17,,,pruned,,,4073
"(((2, 3), (3, 4), (5, 1), (6, 4), (6, 5)), (2, 1))","(((2, 3), (3, 4), (5, 2), (6, 4), (6, 5)), (2, 1))",17,6,23.0,17,,,pruned,,,4074
"(((2, 3), (3, 4), (5, 2), (6, 4), (6, 5)), (2, 1))","(((3, 3), (3, 4), (5, 2), (6, 4), (6, 5)), (1, 3))",16,5.0,21.0,16,7,3,expanded,False,True,4075
"(((3, 3), (4, 4), (6, 2), (6, 4), (6, 5)), (1, 3))","(((3, 3), (4, 4), (5, 2), (6, 4), (6, 5)), (1, 3))",17,5,22.0,17,,,pruned,,,4076
"(((3, 3), (4, 4), (5, 1), (6, 4), (6, 5)), (1, 3))","(((3, 3), (4, 4), (5, 2), (6, 4), (6, 5)), (1, 3))",17,6,23.0,17,,,pruned,,,4077
"(((3, 3), (4, 4), (5, 2), (6, 4), (6, 5)), (1, 3))","(((3, 3), (3, 4), (5, 2), (6, 4), (6, 5)), (1, 3))",16,5.0,21.0,16,8,2,expanded,False,True,4078
"(((1, 3), (4, 2), (4, 4), (6, 4), (6, 5)), (1, 4))","(((2, 3), (4, 2), (4, 4), (6, 4), (6, 5)), (1, 3))",17,6,23.0,17,,,pruned,,,4079
"(((2, 3), (4, 1), (4, 4), (6, 4), (6, 5)), (1, 3))","(((2, 3), (4, 2), (4, 4), (6, 4), (6, 5)), (1, 3))",17,6,23.0,17,,,pruned,,,4080
"(((2, 3), (4, 2), (4, 4), (6, 4), (6, 5)), (1, 3))","(((3, 3), (4, 2), (4, 4), (6, 4), (6, 5)), (1, 3))",16,5.0,21.0,16,8,2,expanded,False,True,4081
"(((4, 1), (5, 2), (5, 4), (6, 3), (6, 5)), (1, 3))","(((4, 2), (5, 2), (5, 4), (6, 3), (6, 5)), (1, 3))",17,6,23.0,17,,,pruned,,,4082
"(((4, 2), (5, 1), (5, 4), (6, 3), (6, 5)), (1, 3))","(((4, 2), (5, 2), (5, 4), (6, 3), (6, 5)), (1, 3))",17,6,23.0,17,,,pruned,,,4083
"(((4, 2), (5, 2), (5, 4), (6, 3), (6, 5)), (1, 3))","(((4, 2), (5, 2), (5, 3), (5, 4), (6, 5)), (1, 3))",16,5.0,21.0,16,6,2,expanded,False,True,4084
"(((4, 4), (5, 4), (6, 2), (6, 3), (6, 5)), (1, 3))","(((4, 4), (5, 2), (5, 4), (6, 3), (6, 5)), (1, 3))",17,5,22.0,17,,,pruned,,,4085
"(((4, 4), (5, 1), (5, 4), (6, 3), (6, 5)), (1, 3))","(((4, 4), (5, 2), (5, 4), (6, 3), (6, 5)), (1, 3))",17,6,23.0,17,,,pruned,,,4086
"(((4, 4), (5, 2), (5, 4), (6, 3), (6, 5)), (1, 3))","(((4, 4), (5, 2), (5, 3), (5, 4), (6, 5)), (1, 3))",16,5.0,21.0,16,4,2,expanded,False,True,4087
"(((3, 3), (4, 2), (5, 6), (6, 3), (6, 4)), (1, 3))","(((3, 3), (4, 2), (5, 5), (6, 3), (6, 4)), (1, 3))",18,5,23.0,18,,,pruned,,,4088
"(((3, 3), (4, 1), (5, 5), (6, 3), (6, 4)), (1, 3))","(((3, 3), (4, 2), (5, 5), (6, 3), (6, 4)), (1, 3))",18,5,23.0,18,,,pruned,,,4089
"(((3, 3), (4, 2), (5, 5), (6, 3), (6, 4)), (1, 3))","(((3, 3), (4, 2), (5, 4), (6, 3), (6, 4)), (1, 3))",17,4.0,21.0,17,5,2,expanded,False,True,4090
"(((2, 1), (4, 2), (4, 4), (6, 3), (6, 4)), (1, 3))","(((2, 2), (4, 2), (4, 4), (6, 3), (6, 4)), (1, 3))",18,5,23.0,18,,,pruned,,,4091
"(((2, 2), (4, 1), (4, 4), (6, 3), (6, 4)), (1, 3))","(((2, 2), (4, 2), (4, 4), (6, 3), (6, 4)), (1, 3))",18,5,23.0,18,,,pruned,,,4092
"(((2, 2), (4, 2), (4, 4), (6, 3), (6, 4)), (1, 3))","(((2, 3), (4, 2), (4, 4), (6, 3), (6, 4)), (1, 3))",17,4.0,21.0,17,6,2,expanded,False,True,4093
"(((2, 1), (4, 4), (5, 3), (5, 5), (6, 3)), (1, 3))","(((2, 2), (4, 4), (5, 3), (5, 5), (6, 3)), (1, 3))",18,5,23.0,18,,,pruned,,,4094
"(((2, 2), (4, 4), (5, 3), (5, 5), (6, 3)), (1, 3))","(((2, 3), (4, 4), (5, 3), (5, 5), (6, 3)), (1, 3))",17,4.0,21.0,17,5,1,expanded,False,True,4095
"(((2, 2), (5, 3), (5, 6), (6, 3), (6, 4)), (1, 3))","(((2, 2), (5, 3), (5, 5), (6, 3), (6, 4)), (1, 3))",18,5,23.0,18,,,pruned,,,4096
"(((2, 1), (5, 3), (5, 5), (6, 3), (6, 4)), (1, 3))","(((2, 2), (5, 3), (5, 5), (6, 3), (6, 4)), (1, 3))",18,5,23.0,18,,,pruned,,,4097
"(((2, 2), (5, 3), (5, 5), (6, 3), (6, 4)), (1, 3))","(((2, 3), (5, 3), (5, 5), (6, 3), (6, 4)), (1, 3))",17,4.0,21.0,17,5,2,expanded,False,True,4098
"(((2, 3), (3, 3), (4, 4), (5, 4), (6, 6)), (2, 1))","(((2, 3), (3, 3), (4, 4), (5, 4), (6, 5)), (2, 1))",18,5,23.0,18,,,pruned,,,4099
"(((2, 3), (3, 3), (4, 4), (5, 4), (6, 5)), (2, 1))","(((2, 3), (3, 3), (4, 4), (5, 4), (6, 4)), (2, 1))",17,4.0,21.0,17,3,1,expanded,False,True,4100
"(((2, 1), (3, 4), (5, 4), (6, 3), (6, 4)), (1, 3))","(((2, 2), (3, 4), (5, 4), (6, 3), (6, 4)), (1, 3))",18,5,23.0,18,,,pruned,,,4101
"(((2, 2), (3, 4), (5, 4), (6, 3), (6, 4)), (1, 3))","(((2, 2), (3, 4), (5, 3), (6, 3), (6, 4)), (1, 3))",17,4.0,21.0,17,5,1,expanded,False,True,4102
"(((1, 3), (4, 2), (5, 4), (5, 5), (6, 3)), (1, 4))","(((2, 3), (4, 2), (5, 4), (5, 5), (6, 3)), (1, 3))",18,5,23.0,18,,,pruned,,,4103
"(((2, 3), (4, 1), (5, 4), (5, 5), (6, 3)), (1, 3))","(((2, 3), (4, 2), (5, 4), (5, 5), (6, 3)), (1, 3))",18,5,23.0,18,,,pruned,,,4104
"(((2, 3), (4, 2), (5, 4), (5, 5), (6, 3)), (1, 3))","(((2, 3), (4, 2), (4, 4), (5, 5), (6, 3)), (1, 3))",17,4.0,21.0,17,8,2,expanded,False,True,4105
"(((2, 3), (3, 3), (3, 4), (6, 4), (6, 5)), (2, 1))","(((2, 3), (3, 3), (3, 4), (5, 4), (6, 5)), (2, 1))",17,4.0,21.0,17,2,0,expanded,False,True,4106
"(((1, 3), (4, 2), (5, 2), (5, 4), (6, 4)), (1, 4))","(((2, 3), (4, 2), (5, 2), (5, 4), (6, 4)), (1, 3))",18,5,23.0,18,,,pruned,,,4107
"(((2, 3), (4, 1), (5, 2), (5, 4), (6, 4)), (1, 3))","(((2, 3), (4, 2), (5, 2), (5, 4), (6, 4)), (1, 3))",18,5,23.0,18,,,pruned,,,4108
"(((2, 3), (4, 2), (5, 1), (5, 4), (6, 4)), (1, 3))","(((2, 3), (4, 2), (5, 2), (5, 4), (6, 4)), (1, 3))",18,5,23.0,18,,,pruned,,,4109
"(((2, 3), (4, 2), (5, 2), (5, 4), (6, 4)), (1, 3))","(((2, 3), (4, 2), (4, 4), (5, 2), (6, 4)), (1, 3))",17,4.0,21.0,17,7,3,expanded,False,True,4110
"(((3, 3), (4, 2), (4, 4), (5, 2), (6, 4)), (1, 3))","(((2, 3), (4, 2), (4, 4), (5, 2), (6, 4)), (1, 3))",17,4.0,21.0,17,4,0,expanded,False,True,4111
"(((5, 3), (5, 4), (6, 3), (6, 4), (6, 5)), (1, 3))","(((4, 4), (5, 3), (6, 3), (6, 4), (6, 5)), (1, 3))",17,4.0,21.0,17,0,0,expanded,False,True,4112
"(((3, 3), (5, 4), (6, 3), (6, 4), (6, 5)), (1, 3))","(((3, 3), (4, 4), (6, 3), (6, 4), (6, 5)), (1, 3))",17,4.0,21.0,17,3,0,expanded,False,True,4113
"(((1, 3), (4, 4), (6, 3), (6, 4), (6, 5)), (1, 4))","(((2, 3), (4, 4), (6, 3), (6, 4), (6, 5)), (1, 3))",18,5,23.0,18,,,pruned,,,4114
"(((2, 3), (4, 4), (6, 3), (6, 4), (6, 5)), (1, 3))","(((3, 3), (4, 4), (6, 3), (6, 4), (6, 5)), (1, 3))",17,4.0,21.0,17,6,1,expanded,False,True,4115
"(((4, 3), (5, 3), (6, 2), (6, 4), (6, 5)), (1, 3))","(((4, 3), (5, 2), (5, 3), (6, 4), (6, 5)), (1, 3))",18,4,22.0,18,,,pruned,,,4116
"(((4, 3), (5, 2), (5, 3), (6, 4), (6, 5)), (1, 3))","(((4, 3), (5, 2), (5, 3), (5, 4), (6, 5)), (1, 3))",17,4.0,21.0,17,3,1,expanded,False,True,4117
"(((3, 3), (4, 3), (5, 4), (6, 4), (6, 5)), (1, 3))","(((3, 3), (4, 3), (4, 4), (6, 4), (6, 5)), (1, 3))",17,4.0,21.0,17,3,0,expanded,False,True,4118
"(((4, 3), (5, 4), (6, 2), (6, 3), (6, 5)), (1, 3))","(((4, 3), (5, 2), (5, 4), (6, 3), (6, 5)), (1, 3))",18,4,22.0,18,,,pruned,,,4119
"(((4, 3), (5, 2), (5, 4), (6, 3), (6, 5)), (1, 3))","(((4, 3), (4, 4), (5, 2), (6, 3), (6, 5)), (1, 3))",17,4.0,21.0,17,6,1,expanded,False,True,4120
"(((4, 4), (5, 3), (6, 2), (6, 3), (6, 5)), (1, 3))","(((4, 4), (5, 2), (5, 3), (6, 3), (6, 5)), (1, 3))",18,4,22.0,18,,,pruned,,,4121
"(((4, 4), (5, 2), (5, 3), (6, 3), (6, 5)), (1, 3))","(((4, 3), (4, 4), (5, 2), (6, 3), (6, 5)), (1, 3))",17,4.0,21.0,17,2,1,expanded,False,True,4122
"(((1, 3), (3, 4), (5, 2), (6, 3), (6, 5)), (1, 4))","(((2, 3), (3, 4), (5, 2), (6, 3), (6, 5)), (2, 1))",18,5,23.0,18,,,pruned,,,4123
"(((2, 3), (3, 4), (5, 2), (6, 3), (6, 6)), (2, 1))","(((2, 3), (3, 4), (5, 2), (6, 3), (6, 5)), (2, 1))",18,5,23.0,18,,,pruned,,,4124
"(((2, 3), (3, 4), (5, 2), (6, 2), (6, 5)), (2, 1))","(((2, 3), (3, 4), (5, 2), (6, 3), (6, 5)), (2, 1))",18,5,23.0,18,,,pruned,,,4125
"(((2, 3), (3, 4), (6, 2), (6, 3), (6, 5)), (2, 1))","(((2, 3), (3, 4), (5, 2), (6, 3), (6, 5)), (2, 1))",18,4,22.0,18,,,pruned,,,4126
"(((2, 3), (3, 4), (5, 1), (6, 3), (6, 5)), (2, 1))","(((2, 3), (3, 4), (5, 2), (6, 3), (6, 5)), (2, 1))",18,5,23.0,18,,,pruned,,,4127
"(((2, 3), (3, 4), (5, 2), (6, 3), (6, 5)), (2, 1))","(((3, 3), (3, 4), (5, 2), (6, 3), (6, 5)), (1, 3))",17,4.0,21.0,17,9,5,expanded,False,True,4128
"(((3, 3), (4, 4), (5, 2), (6, 3), (6, 6)), (1, 3))","(((3, 3), (4, 4), (5, 2), (6, 3), (6, 5)), (1, 3))",18,5,23.0,18,,,pruned,,,4129
"(((3, 3), (4, 4), (5, 2), (6, 2), (6, 5)), (1, 3))","(((3, 3), (4, 4), (5, 2), (6, 3), (6, 5)), (1, 3))",18,5,23.0,18,,,pruned,,,4130
"(((3, 3), (4, 4), (6, 2), (6, 3), (6, 5)), (1, 3))","(((3, 3), (4, 4), (5, 2), (6, 3), (6, 5)), (1, 3))",18,4,22.0,18,,,pruned,,,4131
"(((3, 3), (4, 4), (5, 1), (6, 3), (6, 5)), (1, 3))","(((3, 3), (4, 4), (5, 2), (6, 3), (6, 5)), (1, 3))",18,5,23.0,18,,,pruned,,,4132
"(((3, 3), (4, 4), (5, 2), (6, 3), (6, 5)), (1, 3))","(((3, 3), (3, 4), (5, 2), (6, 3), (6, 5)), (1, 3))",17,4.0,21.0,17,10,4,expanded,False,True,4133
"(((4, 1), (5, 3), (5, 4), (6, 3), (6, 5)), (1, 3))","(((4, 2), (5, 3), (5, 4), (6, 3), (6, 5)), (1, 3))",18,5,23.0,18,,,pruned,,,4134
"(((4, 2), (5, 3), (5, 4), (6, 3), (6, 5)), (1, 3))","(((4, 2), (4, 4), (5, 3), (6, 3), (6, 5)), (1, 3))",17,4.0,21.0,17,4,1,expanded,False,True,4135
"(((1, 3), (3, 4), (5, 3), (6, 4), (6, 5)), (1, 4))","(((2, 3), (3, 4), (5, 3), (6, 4), (6, 5)), (2, 1))",18,5,23.0,18,,,pruned,,,4136
"(((2, 3), (3, 4), (5, 3), (6, 4), (6, 5)), (2, 1))","(((3, 3), (3, 4), (5, 3), (6, 4), (6, 5)), (1, 3))",17,4.0,21.0,17,7,1,expanded,False,True,4137
"(((3, 3), (4, 4), (5, 3), (6, 4), (6, 5)), (1, 3))","(((3, 3), (3, 4), (5, 3), (6, 4), (6, 5)), (1, 3))",17,4.0,21.0,17,6,0,expanded,False,True,4138
"(((2, 2), (3, 3), (4, 4), (5, 4), (6, 4)), (2, 1))","(((2, 2), (4, 3), (4, 4), (5, 4), (6, 4)), (2, 1))",17,4.0,21.0,17,4,0,expanded,False,True,4139
"(((2, 2), (4, 4), (5, 2), (5, 4), (6, 2)), (1, 3))","(((2, 2), (4, 4), (5, 2), (5, 4), (6, 3)), (5, 5))",18,5,23.0,18,,,pruned,,,4140
"(((2, 2), (4, 4), (5, 2), (5, 4), (6, 3)), (5, 5))","(((2, 2), (4, 4), (5, 2), (5, 5), (6, 3)), (1, 3))",17,4.0,21.0,17,2,1,expanded,False,True,4141
"(((3, 3), (4, 3), (6, 2), (6, 4), (6, 5)), (1, 3))","(((3, 3), (4, 3), (5, 2), (6, 4), (6, 5)), (1, 3))",18,4,22.0,18,,,pruned,,,4142
"(((3, 3), (4, 3), (5, 1), (6, 4), (6, 5)), (1, 3))","(((3, 3), (4, 3), (5, 2), (6, 4), (6, 5)), (1, 3))",18,5,23.0,18,,,pruned,,,4143
"(((3, 3), (4, 3), (5, 2), (6, 4), (6, 5)), (1, 3))","(((3, 3), (4, 2), (5, 2), (6, 4), (6, 5)), (1, 3))",17,4.0,21.0,17,6,2,expanded,False,True,4144
"(((3, 3), (4, 1), (5, 3), (6, 4), (6, 5)), (1, 3))","(((3, 3), (4, 2), (5, 3), (6, 4), (6, 5)), (1, 3))",18,5,23.0,18,,,pruned,,,4145
"(((3, 3), (4, 2), (5, 3), (6, 4), (6, 5)), (1, 3))","(((3, 3), (4, 2), (5, 2), (6, 4), (6, 5)), (1, 3))",17,4.0,21.0,17,8,1,expanded,False,True,4146
"(((3, 3), (4, 3), (4, 4), (6, 2), (6, 5)), (1, 3))","(((3, 3), (4, 3), (4, 4), (5, 2), (6, 5)), (1, 3))",18,4,22.0,18,,,pruned,,,4147
"(((3, 3), (4, 3), (4, 4), (5, 2), (6, 5)), (1, 3))","(((3, 3), (4, 2), (4, 4), (5, 2), (6, 5)), (1, 3))",17,4.0,21.0,17,3,1,expanded,False,True,4148
"(((3, 3), (4, 2), (4, 4), (5, 3), (6, 6)), (1, 3))","(((3, 3), (4, 2), (4, 4), (5, 3), (6, 5)), (1, 3))",18,5,23.0,18,,,pruned,,,4149
"(((3, 3), (4, 2), (4, 4), (5, 3), (6, 5)), (1, 3))","(((3, 3), (4, 2), (4, 4), (5, 2), (6, 5)), (1, 3))",17,4.0,21.0,17,9,1,expanded,False,True,4150
"(((2, 3), (4, 3), (4, 4), (6, 4), (6, 5)), (2, 1))","(((2, 3), (4, 2), (4, 4), (6, 4), (6, 5)), (1, 3))",17,4.0,21.0,17,3,0,expanded,False,True,4151
"(((3, 3), (4, 3), (5, 6), (6, 3), (6, 4)), (1, 3))","(((3, 3), (4, 3), (5, 5), (6, 3), (6, 4)), (1, 3))",19,4,23.0,19,,,pruned,,,4152
"(((3, 3), (4, 3), (5, 5), (6, 3), (6, 4)), (1, 3))","(((3, 3), (4, 3), (5, 4), (6, 3), (6, 4)), (1, 3))",18,3.0,21.0,18,3,1,expanded,False,True,4153
"(((2, 1), (4, 4), (5, 2), (5, 3), (6, 3)), (1, 3))","(((2, 2), (4, 4), (5, 2), (5, 3), (6, 3)), (1, 3))",19,4,23.0,19,,,pruned,,,4154
"(((2, 2), (4, 4), (5, 3), (6, 2), (6, 3)), (1, 3))","(((2, 2), (4, 4), (5, 2), (5, 3), (6, 3)), (1, 3))",19,3,22.0,19,,,pruned,,,4155
"(((2, 2), (4, 4), (5, 2), (5, 3), (6, 3)), (1, 3))","(((2, 3), (4, 4), (5, 2), (5, 3), (6, 3)), (1, 3))",18,3.0,21.0,18,4,2,expanded,False,True,4156
"(((2, 3), (3, 3), (4, 4), (5, 6), (6, 3)), (2, 1))","(((2, 3), (3, 3), (4, 4), (5, 5), (6, 3)), (2, 1))",19,4,23.0,19,,,pruned,,,4157
"(((2, 3), (3, 3), (4, 4), (5, 5), (6, 2)), (2, 1))","(((2, 3), (3, 3), (4, 4), (5, 5), (6, 3)), (2, 1))",19,4,23.0,19,,,pruned,,,4158
"(((2, 3), (3, 3), (4, 4), (5, 5), (6, 3)), (2, 1))","(((2, 3), (3, 3), (4, 4), (5, 4), (6, 3)), (2, 1))",18,3.0,21.0,18,6,2,expanded,False,True,4159
"(((1, 3), (4, 2), (5, 2), (5, 4), (6, 3)), (1, 4))","(((2, 3), (4, 2), (5, 2), (5, 4), (6, 3)), (1, 3))",19,4,23.0,19,,,pruned,,,4160
"(((2, 3), (4, 1), (5, 2), (5, 4), (6, 3)), (1, 3))","(((2, 3), (4, 2), (5, 2), (5, 4), (6, 3)), (1, 3))",19,4,23.0,19,,,pruned,,,4161
"(((2, 3), (4, 2), (5, 1), (5, 4), (6, 3)), (1, 3))","(((2, 3), (4, 2), (5, 2), (5, 4), (6, 3)), (1, 3))",19,4,23.0,19,,,pruned,,,4162
"(((2, 3), (4, 2), (5, 2), (5, 4), (6, 3)), (1, 3))","(((2, 3), (4, 2), (4, 4), (5, 2), (6, 3)), (1, 3))",18,3.0,21.0,18,7,3,expanded,False,True,4163
"(((3, 3), (4, 2), (4, 4), (5, 2), (6, 3)), (1, 3))","(((2, 3), (4, 2), (4, 4), (5, 2), (6, 3)), (1, 3))",18,3.0,21.0,18,4,0,expanded,False,True,4164
"(((4, 3), (5, 3), (5, 4), (6, 3), (6, 5)), (1, 3))","(((4, 3), (4, 4), (5, 3), (6, 3), (6, 5)), (1, 3))",18,3.0,21.0,18,4,0,expanded,False,True,4165
"(((1, 3), (3, 4), (5, 3), (6, 3), (6, 5)), (1, 4))","(((2, 3), (3, 4), (5, 3), (6, 3), (6, 5)), (2, 1))",19,4,23.0,19,,,pruned,,,4166
"(((2, 3), (3, 4), (5, 3), (6, 3), (6, 6)), (2, 1))","(((2, 3), (3, 4), (5, 3), (6, 3), (6, 5)), (2, 1))",19,4,23.0,19,,,pruned,,,4167
"(((2, 3), (3, 4), (5, 3), (6, 2), (6, 5)), (2, 1))","(((2, 3), (3, 4), (5, 3), (6, 3), (6, 5)), (2, 1))",19,4,23.0,19,,,pruned,,,4168
"(((2, 3), (3, 4), (5, 3), (6, 3), (6, 5)), (2, 1))","(((3, 3), (3, 4), (5, 3), (6, 3), (6, 5)), (1, 3))",18,3.0,21.0,18,9,3,expanded,False,True,4169
"(((3, 3), (4, 4), (5, 3), (6, 3), (6, 5)), (1, 3))","(((3, 3), (3, 4), (5, 3), (6, 3), (6, 5)), (1, 3))",18,3.0,21.0,18,5,0,expanded,False,True,4170
"(((2, 2), (3, 3), (4, 4), (5, 4), (6, 3)), (2, 1))","(((2, 2), (4, 3), (4, 4), (5, 4), (6, 3)), (2, 1))",18,3.0,21.0,18,4,0,expanded,False,True,4171
"(((2, 2), (4, 3), (4, 4), (6, 3), (6, 4)), (2, 1))","(((2, 2), (4, 2), (4, 4), (6, 3), (6, 4)), (1, 3))",18,3.0,21.0,18,3,0,expanded,False,True,4172
"(((2, 3), (4, 3), (5, 4), (5, 5), (6, 3)), (2, 1))","(((2, 3), (4, 2), (5, 4), (5, 5), (6, 3)), (1, 3))",18,3.0,21.0,18,4,0,expanded,False,True,4173
"(((3, 3), (4, 3), (4, 4), (6, 2), (6, 4)), (1, 3))","(((3, 3), (4, 3), (4, 4), (5, 2), (6, 4)), (1, 3))",19,3,22.0,19,,,pruned,,,4174
"(((3, 3), (4, 3), (4, 4), (5, 2), (6, 4)), (1, 3))","(((3, 3), (4, 2), (4, 4), (5, 2), (6, 4)), (1, 3))",18,3.0,21.0,18,3,1,expanded,False,True,4175
"(((3, 3), (4, 2), (4, 4), (5, 3), (6, 4)), (1, 3))","(((3, 3), (4, 2), (4, 4), (5, 2), (6, 4)), (1, 3))",18,3.0,21.0,18,6,0,expanded,False,True,4176
"(((2, 2), (4, 4), (5, 2), (5, 3), (6, 2)), (5, 4))","(((2, 2), (4, 4), (5, 2), (5, 3), (6, 3)), (5, 4))",19,4,23.0,19,,,pruned,,,4177
"(((2, 2), (4, 4), (5, 2), (5, 3), (6, 3)), (5, 4))","(((2, 2), (4, 4), (5, 2), (5, 4), (6, 3)), (5, 5))",18,3.0,21.0,18,2,1,expanded,False,True,4178
"(((3, 3), (4, 3), (5, 3), (6, 4), (6, 5)), (1, 3))","(((3, 3), (4, 3), (5, 2), (6, 4), (6, 5)), (1, 3))",18,3.0,21.0,18,4,0,expanded,False,True,4179
"(((3, 3), (4, 3), (4, 4), (5, 3), (6, 6)), (1, 3))","(((3, 3), (4, 3), (4, 4), (5, 3), (6, 5)), (1, 3))",19,4,23.0,19,,,pruned,,,4180
"(((3, 3), (4, 3), (4, 4), (5, 3), (6, 5)), (1, 3))","(((3, 3), (4, 3), (4, 4), (5, 2), (6, 5)), (1, 3))",18,3.0,21.0,18,6,1,expanded,False,True,4181
"(((3, 3), (4, 2), (4, 4), (5, 3), (6, 4)), (5, 4))","(((3, 3), (4, 2), (4, 4), (5, 3), (6, 5)), (1, 3))",18,3.0,21.0,18,3,0,expanded,False,True,4182
"(((3, 3), (4, 3), (4, 4), (5, 2), (6, 2)), (5, 3))","(((3, 3), (4, 3), (4, 4), (5, 2), (6, 3)), (5, 3))",20,3,23.0,20,,,pruned,,,4183
"(((3, 3), (4, 3), (4, 4), (5, 1), (6, 3)), (1, 3))","(((3, 3), (4, 3), (4, 4), (5, 2), (6, 3)), (5, 3))",20,3,23.0,20,,,pruned,,,4184
"(((3, 3), (4, 3), (4, 4), (5, 2), (6, 3)), (5, 3))","(((3, 3), (4, 3), (4, 4), (5, 3), (6, 3)), (5, 4))",19,2.0,21.0,19,3,2,expanded,False,True,4185
"(((1, 4), (2, 3), (3, 3), (5, 2), (6, 3)), (2, 1))","(((2, 3), (2, 4), (3, 3), (5, 2), (6, 3)), (2, 1))",20,3,23.0,20,,,pruned,,,4186
"(((2, 3), (2, 4), (3, 3), (5, 2), (6, 2)), (2, 1))","(((2, 3), (2, 4), (3, 3), (5, 2), (6, 3)), (2, 1))",20,3,23.0,20,,,pruned,,,4187
"(((2, 3), (2, 4), (3, 3), (6, 2), (6, 3)), (2, 1))","(((2, 3), (2, 4), (3, 3), (5, 2), (6, 3)), (2, 1))",20,2,22.0,20,,,pruned,,,4188
"(((2, 3), (2, 4), (3, 3), (5, 1), (6, 3)), (2, 1))","(((2, 3), (2, 4), (3, 3), (5, 2), (6, 3)), (2, 1))",20,3,23.0,20,,,pruned,,,4189
"(((2, 3), (2, 4), (3, 3), (5, 2), (6, 3)), (2, 1))","(((2, 3), (2, 4), (3, 3), (5, 3), (6, 3)), (2, 1))",19,2.0,21.0,19,5,4,expanded,False,True,4190
"(((1, 4), (2, 3), (3, 3), (5, 3), (6, 4)), (2, 1))","(((2, 3), (2, 4), (3, 3), (5, 3), (6, 4)), (2, 1))",20,3,23.0,20,,,pruned,,,4191
"(((2, 3), (2, 4), (3, 3), (5, 3), (6, 4)), (2, 1))","(((2, 3), (2, 4), (3, 3), (5, 3), (6, 3)), (2, 1))",19,2.0,21.0,19,7,1,expanded,False,True,4192
"(((2, 3), (3, 4), (4, 3), (5, 2), (6, 2)), (4, 4))","(((2, 3), (3, 4), (4, 3), (5, 2), (6, 3)), (4, 4))",20,3,23.0,20,,,pruned,,,4193
"(((2, 3), (3, 4), (4, 3), (5, 1), (6, 3)), (2, 1))","(((2, 3), (3, 4), (4, 3), (5, 2), (6, 3)), (4, 4))",20,3,23.0,20,,,pruned,,,4194
"(((2, 3), (3, 4), (4, 3), (5, 2), (6, 3)), (4, 4))","(((2, 3), (3, 4), (4, 3), (5, 3), (6, 3)), (4, 4))",19,2.0,21.0,19,5,2,expanded,False,True,4195
"(((1, 3), (5, 2), (5, 3), (6, 3), (6, 4)), (1, 4))","(((2, 3), (5, 2), (5, 3), (6, 3), (6, 4)), (1, 3))",20,3,23.0,20,,,pruned,,,4196
"(((2, 3), (5, 3), (6, 2), (6, 3), (6, 4)), (1, 3))","(((2, 3), (5, 2), (5, 3), (6, 3), (6, 4)), (1, 3))",20,2,22.0,20,,,pruned,,,4197
"(((2, 3), (5, 2), (5, 3), (6, 3), (6, 4)), (1, 3))","(((2, 3), (5, 2), (5, 3), (5, 4), (6, 3)), (1, 3))",19,2.0,21.0,19,5,2,expanded,False,True,4198
"(((2, 3), (3, 3), (5, 4), (6, 3), (6, 4)), (1, 3))","(((2, 3), (4, 3), (5, 4), (6, 3), (6, 4)), (2, 1))",19,2.0,21.0,19,3,0,expanded,False,True,4199
"(((2, 3), (3, 3), (4, 4), (5, 4), (6, 2)), (2, 1))","(((2, 3), (3, 3), (4, 4), (5, 4), (6, 3)), (5, 5))",20,3,23.0,20,,,pruned,,,4200
"(((2, 3), (3, 3), (4, 4), (5, 4), (6, 3)), (5, 5))","(((2, 3), (3, 3), (4, 4), (5, 5), (6, 3)), (2, 1))",19,2.0,21.0,19,2,1,expanded,False,True,4201
"(((3, 3), (4, 3), (4, 4), (6, 2), (6, 3)), (1, 3))","(((3, 3), (4, 3), (4, 4), (5, 2), (6, 3)), (1, 3))",20,2,22.0,20,,,pruned,,,4202
"(((3, 3), (4, 3), (4, 4), (5, 2), (6, 3)), (1, 3))","(((3, 3), (4, 2), (4, 4), (5, 2), (6, 3)), (1, 3))",19,2.0,21.0,19,3,1,expanded,False,True,4203
"(((3, 3), (4, 2), (4, 4), (5, 3), (6, 3)), (1, 3))","(((3, 3), (4, 2), (4, 4), (5, 2), (6, 3)), (1, 3))",19,2.0,21.0,19,5,0,expanded,False,True,4204
"(((3, 3), (4, 3), (4, 4), (5, 3), (6, 4)), (1, 3))","(((3, 3), (4, 3), (4, 4), (5, 2), (6, 4)), (1, 3))",19,2.0,21.0,19,3,0,expanded,False,True,4205
"(((3, 3), (4, 3), (4, 4), (5, 3), (6, 4)), (5, 4))","(((3, 3), (4, 3), (4, 4), (5, 3), (6, 5)), (1, 3))",19,2.0,21.0,19,3,0,expanded,False,True,4206
"(((2, 3), (3, 3), (4, 4), (5, 3), (6, 2)), (5, 4))","(((2, 3), (3, 3), (4, 4), (5, 3), (6, 3)), (5, 4))",21,2,23.0,21,,,pruned,,,4207
"(((2, 3), (3, 3), (4, 4), (5, 3), (6, 3)), (5, 4))","(((2, 3), (3, 3), (4, 4), (5, 4), (6, 3)), (5, 5))",20,1.0,21.0,20,3,1,expanded,False,True,4208
"(((3, 3), (4, 3), (4, 4), (5, 3), (6, 3)), (1, 3))","(((3, 3), (4, 3), (4, 4), (5, 2), (6, 3)), (1, 3))",20,1.0,21.0,20,3,0,expanded,False,True,4209
"(((2, 2), (4, 2), (4, 4), (5, 4), (6, 6)), (1, 3))","(((2, 2), (4, 2), (4, 4), (5, 4), (6, 5)), (1, 3))",17,7,24.0,17,,,pruned,,,4210
"(((2, 1), (4, 2), (4, 4), (5, 4), (6, 5)), (1, 3))","(((2, 2), (4, 2), (4, 4), (5, 4), (6, 5)), (1, 3))",17,7,24.0,17,,,pruned,,,4211
"(((2, 2), (4, 1), (4, 4), (5, 4), (6, 5)), (1, 3))","(((2, 2), (4, 2), (4, 4), (5, 4), (6, 5)), (1, 3))",17,7,24.0,17,,,pruned,,,4212
"(((2, 2), (4, 2), (4, 4), (5, 4), (6, 5)), (1, 3))","(((2, 2), (4, 2), (4, 4), (5, 4), (6, 4)), (1, 3))",16,6.0,22.0,16,6,3,expanded,False,True,4213
"(((4, 1), (4, 4), (5, 4), (6, 4), (6, 5)), (1, 3))","(((4, 2), (4, 4), (5, 4), (6, 4), (6, 5)), (1, 3))",17,7,24.0,17,,,pruned,,,4214
"(((4, 2), (4, 4), (5, 4), (6, 4), (6, 5)), (1, 3))","(((4, 2), (4, 4), (5, 4), (6, 3), (6, 5)), (1, 3))",16,6.0,22.0,16,3,1,expanded,False,True,4215
"(((2, 2), (4, 2), (4, 4), (5, 2), (6, 6)), (1, 3))","(((2, 2), (4, 2), (4, 4), (5, 2), (6, 5)), (1, 3))",17,7,24.0,17,,,pruned,,,4216
"(((2, 1), (4, 2), (4, 4), (5, 2), (6, 5)), (1, 3))","(((2, 2), (4, 2), (4, 4), (5, 2), (6, 5)), (1, 3))",17,7,24.0,17,,,pruned,,,4217
"(((2, 2), (4, 1), (4, 4), (5, 2), (6, 5)), (1, 3))","(((2, 2), (4, 2), (4, 4), (5, 2), (6, 5)), (1, 3))",17,7,24.0,17,,,pruned,,,4218
"(((2, 2), (4, 2), (4, 4), (5, 1), (6, 5)), (1, 3))","(((2, 2), (4, 2), (4, 4), (5, 2), (6, 5)), (1, 3))",17,7,24.0,17,,,pruned,,,4219
"(((2, 2), (4, 2), (4, 4), (5, 2), (6, 5)), (1, 3))","(((2, 3), (4, 2), (4, 4), (5, 2), (6, 5)), (1, 3))",16,6.0,22.0,16,7,4,expanded,False,True,4220
"(((4, 1), (4, 4), (5, 2), (6, 4), (6, 5)), (1, 3))","(((4, 2), (4, 4), (5, 2), (6, 4), (6, 5)), (1, 3))",17,7,24.0,17,,,pruned,,,4221
"(((4, 2), (4, 4), (5, 1), (6, 4), (6, 5)), (1, 3))","(((4, 2), (4, 4), (5, 2), (6, 4), (6, 5)), (1, 3))",17,7,24.0,17,,,pruned,,,4222
"(((4, 2), (4, 4), (5, 2), (6, 4), (6, 5)), (1, 3))","(((3, 4), (4, 2), (5, 2), (6, 4), (6, 5)), (1, 3))",16,6.0,22.0,16,6,2,expanded,False,True,4223
"(((3, 4), (5, 4), (6, 2), (6, 4), (6, 5)), (1, 3))","(((3, 4), (5, 2), (5, 4), (6, 4), (6, 5)), (1, 3))",17,6,23.0,17,,,pruned,,,4224
"(((3, 4), (5, 1), (5, 4), (6, 4), (6, 5)), (1, 3))","(((3, 4), (5, 2), (5, 4), (6, 4), (6, 5)), (1, 3))",17,7,24.0,17,,,pruned,,,4225
"(((3, 4), (5, 2), (5, 4), (6, 4), (6, 5)), (1, 3))","(((2, 4), (5, 2), (5, 4), (6, 4), (6, 5)), (1, 3))",16,6.0,22.0,16,7,2,expanded,False,True,4226
"(((2, 2), (4, 2), (4, 4), (5, 6), (6, 3)), (1, 3))","(((2, 2), (4, 2), (4, 4), (5, 5), (6, 3)), (1, 3))",18,6,24.0,18,,,pruned,,,4227
"(((2, 1), (4, 2), (4, 4), (5, 5), (6, 3)), (1, 3))","(((2, 2), (4, 2), (4, 4), (5, 5), (6, 3)), (1, 3))",18,6,24.0,18,,,pruned,,,4228
"(((2, 2), (4, 2), (4, 4), (5, 5), (6, 2)), (1, 3))","(((2, 2), (4, 2), (4, 4), (5, 5), (6, 3)), (1, 3))",18,6,24.0,18,,,pruned,,,4229
"(((2, 2), (4, 1), (4, 4), (5, 5), (6, 3)), (1, 3))","(((2, 2), (4, 2), (4, 4), (5, 5), (6, 3)), (1, 3))",18,6,24.0,18,,,pruned,,,4230
"(((2, 2), (4, 2), (4, 4), (5, 5), (6, 3)), (1, 3))","(((2, 2), (4, 2), (4, 4), (5, 4), (6, 3)), (1, 3))",17,5.0,22.0,17,10,4,expanded,False,True,4231
"(((2, 1), (4, 2), (4, 4), (5, 2), (6, 4)), (1, 3))","(((2, 2), (4, 2), (4, 4), (5, 2), (6, 4)), (1, 3))",18,6,24.0,18,,,pruned,,,4232
"(((2, 2), (4, 1), (4, 4), (5, 2), (6, 4)), (1, 3))","(((2, 2), (4, 2), (4, 4), (5, 2), (6, 4)), (1, 3))",18,6,24.0,18,,,pruned,,,4233
"(((2, 2), (4, 2), (4, 4), (5, 1), (6, 4)), (1, 3))","(((2, 2), (4, 2), (4, 4), (5, 2), (6, 4)), (1, 3))",18,6,24.0,18,,,pruned,,,4234
"(((2, 2), (4, 2), (4, 4), (5, 2), (6, 4)), (1, 3))","(((2, 3), (4, 2), (4, 4), (5, 2), (6, 4)), (1, 3))",17,5.0,22.0,17,7,3,expanded,False,True,4235
"(((2, 1), (4, 4), (5, 4), (6, 3), (6, 5)), (1, 3))","(((2, 2), (4, 4), (5, 4), (6, 3), (6, 5)), (1, 3))",18,6,24.0,18,,,pruned,,,4236
"(((2, 2), (4, 4), (5, 4), (6, 3), (6, 5)), (1, 3))","(((2, 3), (4, 4), (5, 4), (6, 3), (6, 5)), (1, 3))",17,5.0,22.0,17,4,1,expanded,False,True,4237
"(((1, 3), (4, 4), (5, 4), (6, 4), (6, 5)), (1, 4))","(((2, 3), (4, 4), (5, 4), (6, 4), (6, 5)), (1, 3))",18,6,24.0,18,,,pruned,,,4238
"(((2, 3), (4, 4), (5, 4), (6, 4), (6, 5)), (1, 3))","(((2, 3), (4, 4), (5, 4), (6, 3), (6, 5)), (1, 3))",17,5.0,22.0,17,5,1,expanded,False,True,4239
"(((4, 4), (5, 4), (6, 3), (6, 4), (6, 5)), (1, 3))","(((4, 4), (5, 3), (6, 3), (6, 4), (6, 5)), (1, 3))",17,5.0,22.0,17,1,0,expanded,False,True,4240
"(((4, 1), (5, 4), (6, 3), (6, 4), (6, 5)), (1, 3))","(((4, 2), (5, 4), (6, 3), (6, 4), (6, 5)), (1, 3))",18,6,24.0,18,,,pruned,,,4241
"(((4, 2), (5, 4), (6, 3), (6, 4), (6, 5)), (1, 3))","(((4, 3), (5, 4), (6, 3), (6, 4), (6, 5)), (1, 3))",17,5.0,22.0,17,3,1,expanded,False,True,4242
"(((2, 1), (5, 2), (5, 4), (5, 5), (6, 3)), (1, 3))","(((2, 2), (5, 2), (5, 4), (5, 5), (6, 3)), (1, 3))",18,6,24.0,18,,,pruned,,,4243
"(((2, 2), (5, 4), (5, 5), (6, 2), (6, 3)), (1, 3))","(((2, 2), (5, 2), (5, 4), (5, 5), (6, 3)), (1, 3))",18,5,23.0,18,,,pruned,,,4244
"(((2, 2), (5, 1), (5, 4), (5, 5), (6, 3)), (1, 3))","(((2, 2), (5, 2), (5, 4), (5, 5), (6, 3)), (1, 3))",18,6,24.0,18,,,pruned,,,4245
"(((2, 2), (5, 2), (5, 4), (5, 5), (6, 3)), (1, 3))","(((2, 3), (5, 2), (5, 4), (5, 5), (6, 3)), (1, 3))",17,5.0,22.0,17,6,3,expanded,False,True,4246
"(((2, 2), (4, 3), (4, 4), (5, 4), (6, 6)), (2, 1))","(((2, 2), (4, 3), (4, 4), (5, 4), (6, 5)), (2, 1))",18,6,24.0,18,,,pruned,,,4247
"(((2, 2), (4, 3), (4, 4), (5, 4), (6, 5)), (2, 1))","(((2, 2), (4, 3), (4, 4), (5, 4), (6, 4)), (2, 1))",17,5.0,22.0,17,4,1,expanded,False,True,4248
"(((4, 4), (6, 2), (6, 3), (6, 4), (6, 5)), (1, 3))","(((4, 4), (5, 2), (6, 3), (6, 4), (6, 5)), (1, 3))",18,5,23.0,18,,,pruned,,,4249
"(((4, 4), (5, 1), (6, 3), (6, 4), (6, 5)), (1, 3))","(((4, 4), (5, 2), (6, 3), (6, 4), (6, 5)), (1, 3))",18,6,24.0,18,,,pruned,,,4250
"(((4, 4), (5, 2), (6, 3), (6, 4), (6, 5)), (1, 3))","(((3, 4), (5, 2), (6, 3), (6, 4), (6, 5)), (1, 3))",17,5.0,22.0,17,5,2,expanded,False,True,4251
"(((2, 2), (3, 4), (5, 2), (5, 6), (6, 3)), (1, 3))","(((2, 2), (3, 4), (5, 2), (5, 5), (6, 3)), (1, 3))",18,6,24.0,18,,,pruned,,,4252
"(((2, 1), (3, 4), (5, 2), (5, 5), (6, 3)), (1, 3))","(((2, 2), (3, 4), (5, 2), (5, 5), (6, 3)), (1, 3))",18,6,24.0,18,,,pruned,,,4253
"(((2, 2), (3, 4), (5, 2), (5, 5), (6, 2)), (1, 3))","(((2, 2), (3, 4), (5, 2), (5, 5), (6, 3)), (1, 3))",18,6,24.0,18,,,pruned,,,4254
"(((2, 2), (3, 4), (5, 5), (6, 2), (6, 3)), (1, 3))","(((2, 2), (3, 4), (5, 2), (5, 5), (6, 3)), (1, 3))",18,5,23.0,18,,,pruned,,,4255
"(((2, 2), (3, 4), (5, 1), (5, 5), (6, 3)), (1, 3))","(((2, 2), (3, 4), (5, 2), (5, 5), (6, 3)), (1, 3))",18,6,24.0,18,,,pruned,,,4256
"(((2, 2), (3, 4), (5, 2), (5, 5), (6, 3)), (1, 3))","(((2, 2), (4, 4), (5, 2), (5, 5), (6, 3)), (1, 3))",17,5.0,22.0,17,10,5,expanded,False,True,4257
"(((1, 3), (4, 2), (5, 4), (6, 4), (6, 5)), (1, 4))","(((2, 3), (4, 2), (5, 4), (6, 4), (6, 5)), (1, 3))",18,6,24.0,18,,,pruned,,,4258
"(((2, 3), (4, 1), (5, 4), (6, 4), (6, 5)), (1, 3))","(((2, 3), (4, 2), (5, 4), (6, 4), (6, 5)), (1, 3))",18,6,24.0,18,,,pruned,,,4259
"(((2, 3), (4, 2), (5, 4), (6, 4), (6, 5)), (1, 3))","(((3, 3), (4, 2), (5, 4), (6, 4), (6, 5)), (1, 3))",17,5.0,22.0,17,7,2,expanded,False,True,4260
"(((4, 1), (5, 2), (6, 3), (6, 4), (6, 5)), (1, 3))","(((4, 2), (5, 2), (6, 3), (6, 4), (6, 5)), (1, 3))",18,6,24.0,18,,,pruned,,,4261
"(((4, 2), (5, 1), (6, 3), (6, 4), (6, 5)), (1, 3))","(((4, 2), (5, 2), (6, 3), (6, 4), (6, 5)), (1, 3))",18,6,24.0,18,,,pruned,,,4262
"(((4, 2), (5, 2), (6, 3), (6, 4), (6, 5)), (1, 3))","(((4, 2), (5, 2), (5, 3), (6, 4), (6, 5)), (1, 3))",17,5.0,22.0,17,4,2,expanded,False,True,4263
"(((1, 3), (4, 2), (5, 2), (6, 4), (6, 5)), (1, 4))","(((2, 3), (4, 2), (5, 2), (6, 4), (6, 5)), (1, 3))",18,6,24.0,18,,,pruned,,,4264
"(((2, 3), (4, 1), (5, 2), (6, 4), (6, 5)), (1, 3))","(((2, 3), (4, 2), (5, 2), (6, 4), (6, 5)), (1, 3))",18,6,24.0,18,,,pruned,,,4265
"(((2, 3), (4, 2), (5, 1), (6, 4), (6, 5)), (1, 3))","(((2, 3), (4, 2), (5, 2), (6, 4), (6, 5)), (1, 3))",18,6,24.0,18,,,pruned,,,4266
"(((2, 3), (4, 2), (5, 2), (6, 4), (6, 5)), (1, 3))","(((3, 3), (4, 2), (5, 2), (6, 4), (6, 5)), (1, 3))",17,5.0,22.0,17,5,3,expanded,False,True,4267
"(((3, 3), (4, 2), (5, 2), (5, 4), (6, 6)), (1, 3))","(((3, 3), (4, 2), (5, 2), (5, 4), (6, 5)), (1, 3))",18,6,24.0,18,,,pruned,,,4268
"(((3, 3), (4, 1), (5, 2), (5, 4), (6, 5)), (1, 3))","(((3, 3), (4, 2), (5, 2), (5, 4), (6, 5)), (1, 3))",18,6,24.0,18,,,pruned,,,4269
"(((3, 3), (4, 2), (5, 1), (5, 4), (6, 5)), (1, 3))","(((3, 3), (4, 2), (5, 2), (5, 4), (6, 5)), (1, 3))",18,6,24.0,18,,,pruned,,,4270
"(((3, 3), (4, 2), (5, 2), (5, 4), (6, 5)), (1, 3))","(((2, 3), (4, 2), (5, 2), (5, 4), (6, 5)), (1, 3))",17,5.0,22.0,17,10,3,expanded,False,True,4271
"(((5, 3), (5, 4), (6, 2), (6, 4), (6, 5)), (1, 3))","(((5, 2), (5, 3), (5, 4), (6, 4), (6, 5)), (1, 3))",18,5,23.0,18,,,pruned,,,4272
"(((5, 2), (5, 3), (5, 4), (6, 4), (6, 5)), (1, 3))","(((4, 3), (5, 2), (5, 4), (6, 4), (6, 5)), (1, 3))",17,5.0,22.0,17,2,1,expanded,False,True,4273
"(((3, 3), (5, 4), (6, 2), (6, 4), (6, 5)), (1, 3))","(((3, 3), (5, 2), (5, 4), (6, 4), (6, 5)), (1, 3))",18,5,23.0,18,,,pruned,,,4274
"(((3, 3), (5, 1), (5, 4), (6, 4), (6, 5)), (1, 3))","(((3, 3), (5, 2), (5, 4), (6, 4), (6, 5)), (1, 3))",18,6,24.0,18,,,pruned,,,4275
"(((3, 3), (5, 2), (5, 4), (6, 4), (6, 5)), (1, 3))","(((3, 3), (4, 4), (5, 2), (6, 4), (6, 5)), (1, 3))",17,5.0,22.0,17,7,2,expanded,False,True,4276
"(((1, 3), (4, 4), (5, 2), (6, 4), (6, 5)), (1, 4))","(((2, 3), (4, 4), (5, 2), (6, 4), (6, 5)), (1, 3))",18,6,24.0,18,,,pruned,,,4277
"(((2, 3), (4, 4), (6, 2), (6, 4), (6, 5)), (1, 3))","(((2, 3), (4, 4), (5, 2), (6, 4), (6, 5)), (1, 3))",18,5,23.0,18,,,pruned,,,4278
"(((2, 3), (4, 4), (5, 1), (6, 4), (6, 5)), (1, 3))","(((2, 3), (4, 4), (5, 2), (6, 4), (6, 5)), (1, 3))",18,6,24.0,18,,,pruned,,,4279
"(((2, 3), (4, 4), (5, 2), (6, 4), (6, 5)), (1, 3))","(((3, 3), (4, 4), (5, 2), (6, 4), (6, 5)), (1, 3))",17,5.0,22.0,17,10,3,expanded,False,True,4280
"(((2, 1), (4, 2), (5, 4), (6, 3), (6, 4)), (1, 3))","(((2, 2), (4, 2), (5, 4), (6, 3), (6, 4)), (1, 3))",19,5,24.0,19,,,pruned,,,4281
"(((2, 2), (4, 1), (5, 4), (6, 3), (6, 4)), (1, 3))","(((2, 2), (4, 2), (5, 4), (6, 3), (6, 4)), (1, 3))",19,5,24.0,19,,,pruned,,,4282
"(((2, 2), (4, 2), (5, 4), (6, 3), (6, 4)), (1, 3))","(((2, 3), (4, 2), (5, 4), (6, 3), (6, 4)), (1, 3))",18,4.0,22.0,18,5,2,expanded,False,True,4283
"(((1, 3), (4, 2), (5, 5), (6, 3), (6, 4)), (1, 4))","(((2, 3), (4, 2), (5, 5), (6, 3), (6, 4)), (1, 3))",19,5,24.0,19,,,pruned,,,4284
"(((2, 3), (4, 2), (5, 6), (6, 3), (6, 4)), (1, 3))","(((2, 3), (4, 2), (5, 5), (6, 3), (6, 4)), (1, 3))",19,5,24.0,19,,,pruned,,,4285
"(((2, 3), (4, 1), (5, 5), (6, 3), (6, 4)), (1, 3))","(((2, 3), (4, 2), (5, 5), (6, 3), (6, 4)), (1, 3))",19,5,24.0,19,,,pruned,,,4286
"(((2, 3), (4, 2), (5, 5), (6, 3), (6, 4)), (1, 3))","(((2, 3), (4, 2), (5, 4), (6, 3), (6, 4)), (1, 3))",18,4.0,22.0,18,7,3,expanded,False,True,4287
"(((2, 1), (4, 2), (5, 2), (6, 3), (6, 4)), (1, 3))","(((2, 2), (4, 2), (5, 2), (6, 3), (6, 4)), (1, 3))",19,5,24.0,19,,,pruned,,,4288
"(((2, 2), (4, 1), (5, 2), (6, 3), (6, 4)), (1, 3))","(((2, 2), (4, 2), (5, 2), (6, 3), (6, 4)), (1, 3))",19,5,24.0,19,,,pruned,,,4289
"(((2, 2), (4, 2), (5, 1), (6, 3), (6, 4)), (1, 3))","(((2, 2), (4, 2), (5, 2), (6, 3), (6, 4)), (1, 3))",19,5,24.0,19,,,pruned,,,4290
"(((2, 2), (4, 2), (5, 2), (6, 3), (6, 4)), (1, 3))","(((2, 3), (4, 2), (5, 2), (6, 3), (6, 4)), (1, 3))",18,4.0,22.0,18,3,3,expanded,True,True,4291
"(((2, 1), (4, 2), (4, 4), (5, 2), (6, 3)), (1, 3))","(((2, 2), (4, 2), (4, 4), (5, 2), (6, 3)), (1, 3))",19,5,24.0,19,,,pruned,,,4292
"(((2, 2), (4, 2), (4, 4), (5, 2), (6, 2)), (1, 3))","(((2, 2), (4, 2), (4, 4), (5, 2), (6, 3)), (1, 3))",19,5,24.0,19,,,pruned,,,4293
"(((2, 2), (4, 1), (4, 4), (5, 2), (6, 3)), (1, 3))","(((2, 2), (4, 2), (4, 4), (5, 2), (6, 3)), (1, 3))",19,5,24.0,19,,,pruned,,,4294
"(((2, 2), (4, 2), (4, 4), (5, 1), (6, 3)), (1, 3))","(((2, 2), (4, 2), (4, 4), (5, 2), (6, 3)), (1, 3))",19,5,24.0,19,,,pruned,,,4295
"(((2, 2), (4, 2), (4, 4), (5, 2), (6, 3)), (1, 3))","(((2, 3), (4, 2), (4, 4), (5, 2), (6, 3)), (1, 3))",18,4.0,22.0,18,6,4,expanded,False,True,4296
"(((2, 1), (5, 3), (5, 4), (5, 5), (6, 3)), (1, 3))","(((2, 2), (5, 3), (5, 4), (5, 5), (6, 3)), (1, 3))",19,5,24.0,19,,,pruned,,,4297
"(((2, 2), (5, 3), (5, 4), (5, 5), (6, 3)), (1, 3))","(((2, 3), (5, 3), (5, 4), (5, 5), (6, 3)), (1, 3))",18,4.0,22.0,18,4,1,expanded,False,True,4298
"(((1, 4), (2, 2), (5, 4), (6, 3), (6, 4)), (1, 3))","(((2, 2), (2, 4), (5, 4), (6, 3), (6, 4)), (1, 3))",19,5,24.0,19,,,pruned,,,4299
"(((2, 1), (2, 4), (5, 4), (6, 3), (6, 4)), (1, 3))","(((2, 2), (2, 4), (5, 4), (6, 3), (6, 4)), (1, 3))",19,5,24.0,19,,,pruned,,,4300
"(((2, 2), (2, 4), (5, 4), (6, 3), (6, 4)), (1, 3))","(((2, 2), (2, 4), (5, 3), (6, 3), (6, 4)), (1, 3))",18,4.0,22.0,18,5,2,expanded,False,True,4301
"(((2, 2), (4, 3), (4, 4), (5, 6), (6, 3)), (2, 1))","(((2, 2), (4, 3), (4, 4), (5, 5), (6, 3)), (2, 1))",19,5,24.0,19,,,pruned,,,4302
"(((2, 2), (4, 3), (4, 4), (5, 5), (6, 2)), (2, 1))","(((2, 2), (4, 3), (4, 4), (5, 5), (6, 3)), (2, 1))",19,5,24.0,19,,,pruned,,,4303
"(((2, 2), (4, 3), (4, 4), (5, 5), (6, 3)), (2, 1))","(((2, 2), (4, 3), (4, 4), (5, 4), (6, 3)), (2, 1))",18,4.0,22.0,18,7,2,expanded,False,True,4304
"(((2, 1), (3, 4), (4, 2), (6, 3), (6, 4)), (1, 3))","(((2, 2), (3, 4), (4, 2), (6, 3), (6, 4)), (1, 3))",19,5,24.0,19,,,pruned,,,4305
"(((2, 2), (3, 4), (4, 1), (6, 3), (6, 4)), (1, 3))","(((2, 2), (3, 4), (4, 2), (6, 3), (6, 4)), (1, 3))",19,5,24.0,19,,,pruned,,,4306
"(((2, 2), (3, 4), (4, 2), (6, 3), (6, 4)), (1, 3))","(((2, 2), (4, 2), (4, 4), (6, 3), (6, 4)), (1, 3))",18,4.0,22.0,18,6,2,expanded,False,True,4307
"(((3, 3), (4, 1), (5, 2), (5, 4), (6, 4)), (1, 3))","(((3, 3), (4, 2), (5, 2), (5, 4), (6, 4)), (1, 3))",19,5,24.0,19,,,pruned,,,4308
"(((3, 3), (4, 2), (5, 1), (5, 4), (6, 4)), (1, 3))","(((3, 3), (4, 2), (5, 2), (5, 4), (6, 4)), (1, 3))",19,5,24.0,19,,,pruned,,,4309
"(((3, 3), (4, 2), (5, 2), (5, 4), (6, 4)), (1, 3))","(((2, 3), (4, 2), (5, 2), (5, 4), (6, 4)), (1, 3))",18,4.0,22.0,18,8,2,expanded,False,True,4310
"(((1, 3), (5, 4), (6, 3), (6, 4), (6, 5)), (1, 4))","(((2, 3), (5, 4), (6, 3), (6, 4), (6, 5)), (1, 3))",19,5,24.0,19,,,pruned,,,4311
"(((2, 3), (5, 4), (6, 3), (6, 4), (6, 5)), (1, 3))","(((3, 3), (5, 4), (6, 3), (6, 4), (6, 5)), (1, 3))",18,4.0,22.0,18,5,1,expanded,False,True,4312
"(((5, 3), (5, 4), (6, 2), (6, 3), (6, 5)), (1, 3))","(((5, 2), (5, 3), (5, 4), (6, 3), (6, 5)), (1, 3))",19,4,23.0,19,,,pruned,,,4313
"(((5, 2), (5, 3), (5, 4), (6, 3), (6, 5)), (1, 3))","(((4, 3), (5, 2), (5, 4), (6, 3), (6, 5)), (1, 3))",18,4.0,22.0,18,2,1,expanded,False,True,4314
"(((4, 3), (6, 2), (6, 3), (6, 4), (6, 5)), (1, 3))","(((4, 3), (5, 2), (6, 3), (6, 4), (6, 5)), (1, 3))",19,4,23.0,19,,,pruned,,,4315
"(((4, 3), (5, 1), (6, 3), (6, 4), (6, 5)), (1, 3))","(((4, 3), (5, 2), (6, 3), (6, 4), (6, 5)), (1, 3))",19,5,24.0,19,,,pruned,,,4316
"(((4, 3), (5, 2), (6, 3), (6, 4), (6, 5)), (1, 3))","(((4, 3), (5, 2), (5, 4), (6, 3), (6, 5)), (1, 3))",18,4.0,22.0,18,7,2,expanded,False,True,4317
"(((3, 3), (5, 4), (6, 2), (6, 3), (6, 5)), (1, 3))","(((3, 3), (5, 2), (5, 4), (6, 3), (6, 5)), (1, 3))",19,4,23.0,19,,,pruned,,,4318
"(((3, 3), (5, 1), (5, 4), (6, 3), (6, 5)), (1, 3))","(((3, 3), (5, 2), (5, 4), (6, 3), (6, 5)), (1, 3))",19,5,24.0,19,,,pruned,,,4319
"(((3, 3), (5, 2), (5, 4), (6, 3), (6, 5)), (1, 3))","(((3, 3), (4, 4), (5, 2), (6, 3), (6, 5)), (1, 3))",18,4.0,22.0,18,7,2,expanded,False,True,4320
"(((1, 3), (4, 4), (5, 2), (6, 3), (6, 5)), (1, 4))","(((2, 3), (4, 4), (5, 2), (6, 3), (6, 5)), (1, 3))",19,5,24.0,19,,,pruned,,,4321
"(((2, 3), (4, 4), (5, 2), (6, 3), (6, 6)), (1, 3))","(((2, 3), (4, 4), (5, 2), (6, 3), (6, 5)), (1, 3))",19,5,24.0,19,,,pruned,,,4322
"(((2, 3), (4, 4), (5, 2), (6, 2), (6, 5)), (1, 3))","(((2, 3), (4, 4), (5, 2), (6, 3), (6, 5)), (1, 3))",19,5,24.0,19,,,pruned,,,4323
"(((2, 3), (4, 4), (6, 2), (6, 3), (6, 5)), (1, 3))","(((2, 3), (4, 4), (5, 2), (6, 3), (6, 5)), (1, 3))",19,4,23.0,19,,,pruned,,,4324
"(((2, 3), (4, 4), (5, 1), (6, 3), (6, 5)), (1, 3))","(((2, 3), (4, 4), (5, 2), (6, 3), (6, 5)), (1, 3))",19,5,24.0,19,,,pruned,,,4325
"(((2, 3), (4, 4), (5, 2), (6, 3), (6, 5)), (1, 3))","(((3, 3), (4, 4), (5, 2), (6, 3), (6, 5)), (1, 3))",18,4.0,22.0,18,12,5,expanded,False,True,4326
"(((4, 1), (5, 3), (6, 3), (6, 4), (6, 5)), (1, 3))","(((4, 2), (5, 3), (6, 3), (6, 4), (6, 5)), (1, 3))",19,5,24.0,19,,,pruned,,,4327
"(((4, 2), (5, 3), (6, 3), (6, 4), (6, 5)), (1, 3))","(((4, 2), (5, 3), (5, 4), (6, 3), (6, 5)), (1, 3))",18,4.0,22.0,18,4,1,expanded,False,True,4328
"(((3, 3), (5, 3), (5, 4), (6, 4), (6, 5)), (1, 3))","(((3, 3), (4, 4), (5, 3), (6, 4), (6, 5)), (1, 3))",18,4.0,22.0,18,4,0,expanded,False,True,4329
"(((1, 3), (4, 4), (5, 3), (6, 4), (6, 5)), (1, 4))","(((2, 3), (4, 4), (5, 3), (6, 4), (6, 5)), (1, 3))",19,5,24.0,19,,,pruned,,,4330
"(((2, 3), (4, 4), (5, 3), (6, 4), (6, 5)), (1, 3))","(((3, 3), (4, 4), (5, 3), (6, 4), (6, 5)), (1, 3))",18,4.0,22.0,18,8,1,expanded,False,True,4331
"(((1, 3), (2, 2), (4, 4), (5, 4), (6, 4)), (1, 4))","(((2, 2), (2, 3), (4, 4), (5, 4), (6, 4)), (1, 3))",19,5,24.0,19,,,pruned,,,4332
"(((2, 2), (2, 3), (4, 4), (5, 4), (6, 4)), (1, 3))","(((2, 2), (3, 3), (4, 4), (5, 4), (6, 4)), (2, 1))",18,4.0,22.0,18,4,1,expanded,False,True,4333
"(((3, 3), (4, 2), (4, 3), (6, 4), (6, 5)), (1, 3))","(((3, 3), (4, 3), (5, 2), (6, 4), (6, 5)), (1, 3))",18,4.0,22.0,18,0,0,expanded,False,True,4334
"(((1, 3), (4, 2), (5, 3), (6, 4), (6, 5)), (1, 4))","(((2, 3), (4, 2), (5, 3), (6, 4), (6, 5)), (1, 3))",19,5,24.0,19,,,pruned,,,4335
"(((2, 3), (4, 1), (5, 3), (6, 4), (6, 5)), (1, 3))","(((2, 3), (4, 2), (5, 3), (6, 4), (6, 5)), (1, 3))",19,5,24.0,19,,,pruned,,,4336
"(((2, 3), (4, 2), (5, 3), (6, 4), (6, 5)), (1, 3))","(((3, 3), (4, 2), (5, 3), (6, 4), (6, 5)), (1, 3))",18,4.0,22.0,18,6,2,expanded,False,True,4337
"(((3, 3), (4, 1), (6, 3), (6, 4), (6, 5)), (1, 3))","(((3, 3), (4, 2), (6, 3), (6, 4), (6, 5)), (1, 3))",19,5,24.0,19,,,pruned,,,4338
"(((3, 3), (4, 2), (6, 3), (6, 4), (6, 5)), (1, 3))","(((3, 3), (4, 2), (5, 3), (6, 4), (6, 5)), (1, 3))",18,4.0,22.0,18,4,1,expanded,False,True,4339
"(((3, 3), (4, 3), (5, 4), (6, 2), (6, 5)), (1, 3))","(((3, 3), (4, 3), (5, 2), (5, 4), (6, 5)), (1, 3))",19,4,23.0,19,,,pruned,,,4340
"(((3, 3), (4, 3), (5, 2), (5, 4), (6, 5)), (1, 3))","(((3, 3), (4, 3), (4, 4), (5, 2), (6, 5)), (1, 3))",18,4.0,22.0,18,5,1,expanded,False,True,4341
"(((3, 3), (4, 2), (5, 3), (5, 4), (6, 6)), (1, 3))","(((3, 3), (4, 2), (5, 3), (5, 4), (6, 5)), (1, 3))",19,5,24.0,19,,,pruned,,,4342
"(((3, 3), (4, 1), (5, 3), (5, 4), (6, 5)), (1, 3))","(((3, 3), (4, 2), (5, 3), (5, 4), (6, 5)), (1, 3))",19,5,24.0,19,,,pruned,,,4343
"(((3, 3), (4, 2), (5, 3), (5, 4), (6, 5)), (1, 3))","(((3, 3), (4, 2), (4, 4), (5, 3), (6, 5)), (1, 3))",18,4.0,22.0,18,9,2,expanded,False,True,4344
"(((3, 3), (3, 4), (4, 2), (5, 3), (6, 6)), (1, 3))","(((3, 3), (3, 4), (4, 2), (5, 3), (6, 5)), (1, 3))",19,5,24.0,19,,,pruned,,,4345
"(((3, 3), (3, 4), (4, 1), (5, 3), (6, 5)), (4, 2))","(((3, 3), (3, 4), (4, 2), (5, 3), (6, 5)), (1, 3))",19,5,24.0,19,,,pruned,,,4346
"(((3, 3), (3, 4), (4, 2), (5, 3), (6, 5)), (1, 3))","(((3, 3), (4, 2), (4, 4), (5, 3), (6, 5)), (1, 3))",18,4.0,22.0,18,12,2,expanded,False,True,4347
"(((3, 3), (4, 2), (4, 3), (4, 4), (6, 6)), (1, 3))","(((3, 3), (4, 2), (4, 3), (4, 4), (6, 5)), (1, 3))",19,5,24.0,19,,,pruned,,,4348
"(((3, 3), (4, 2), (4, 3), (4, 4), (6, 5)), (1, 3))","(((3, 3), (4, 2), (4, 4), (5, 3), (6, 5)), (1, 3))",18,4.0,22.0,18,4,1,expanded,False,True,4349
"(((2, 3), (3, 3), (4, 4), (6, 4), (6, 5)), (2, 1))","(((2, 3), (4, 3), (4, 4), (6, 4), (6, 5)), (2, 1))",18,4.0,22.0,18,2,0,expanded,False,True,4350
"(((2, 2), (4, 2), (4, 4), (5, 4), (6, 2)), (1, 3))","(((2, 2), (4, 2), (4, 4), (5, 4), (6, 3)), (5, 5))",19,5,24.0,19,,,pruned,,,4351
"(((2, 2), (4, 2), (4, 4), (5, 4), (6, 3)), (5, 5))","(((2, 2), (4, 2), (4, 4), (5, 5), (6, 3)), (1, 3))",18,4.0,22.0,18,2,1,expanded,False,True,4352
"(((2, 2), (3, 4), (5, 2), (5, 4), (6, 2)), (1, 3))","(((2, 2), (3, 4), (5, 2), (5, 4), (6, 3)), (5, 5))",19,5,24.0,19,,,pruned,,,4353
"(((2, 2), (3, 4), (5, 2), (5, 4), (6, 3)), (5, 5))","(((2, 2), (3, 4), (5, 2), (5, 5), (6, 3)), (1, 3))",18,4.0,22.0,18,3,1,expanded,False,True,4354
"(((2, 2), (3, 4), (5, 3), (5, 6), (6, 3)), (1, 3))","(((2, 2), (3, 4), (5, 3), (5, 5), (6, 3)), (1, 3))",19,5,24.0,19,,,pruned,,,4355
"(((2, 1), (3, 4), (5, 3), (5, 5), (6, 3)), (1, 3))","(((2, 2), (3, 4), (5, 3), (5, 5), (6, 3)), (1, 3))",19,5,24.0,19,,,pruned,,,4356
"(((2, 2), (3, 4), (5, 3), (5, 5), (6, 2)), (1, 3))","(((2, 2), (3, 4), (5, 3), (5, 5), (6, 3)), (1, 3))",19,5,24.0,19,,,pruned,,,4357
"(((2, 2), (3, 4), (5, 3), (5, 5), (6, 3)), (1, 3))","(((2, 2), (3, 4), (5, 2), (5, 5), (6, 3)), (1, 3))",18,4.0,22.0,18,10,3,expanded,False,True,4358
"(((2, 3), (4, 3), (5, 4), (6, 4), (6, 5)), (2, 1))","(((2, 3), (4, 2), (5, 4), (6, 4), (6, 5)), (1, 3))",18,4.0,22.0,18,4,0,expanded,False,True,4359
"(((2, 1), (5, 2), (5, 3), (5, 4), (6, 3)), (1, 3))","(((2, 2), (5, 2), (5, 3), (5, 4), (6, 3)), (1, 3))",20,4,24.0,20,,,pruned,,,4360
"(((2, 2), (5, 3), (5, 4), (6, 2), (6, 3)), (1, 3))","(((2, 2), (5, 2), (5, 3), (5, 4), (6, 3)), (1, 3))",20,3,23.0,20,,,pruned,,,4361
"(((2, 2), (5, 2), (5, 3), (5, 4), (6, 3)), (1, 3))","(((2, 3), (5, 2), (5, 3), (5, 4), (6, 3)), (1, 3))",19,3.0,22.0,19,4,2,expanded,False,True,4362
"(((2, 1), (4, 2), (5, 3), (6, 3), (6, 4)), (1, 3))","(((2, 2), (4, 2), (5, 3), (6, 3), (6, 4)), (1, 3))",20,4,24.0,20,,,pruned,,,4363
"(((2, 2), (4, 1), (5, 3), (6, 3), (6, 4)), (1, 3))","(((2, 2), (4, 2), (5, 3), (6, 3), (6, 4)), (1, 3))",20,4,24.0,20,,,pruned,,,4364
"(((2, 2), (4, 2), (5, 3), (6, 3), (6, 4)), (1, 3))","(((2, 3), (4, 2), (5, 3), (6, 3), (6, 4)), (1, 3))",19,3.0,22.0,19,3,2,expanded,False,True,4365
"(((1, 3), (4, 3), (5, 5), (6, 3), (6, 4)), (1, 4))","(((2, 3), (4, 3), (5, 5), (6, 3), (6, 4)), (1, 3))",20,4,24.0,20,,,pruned,,,4366
"(((2, 3), (4, 3), (5, 6), (6, 3), (6, 4)), (1, 3))","(((2, 3), (4, 3), (5, 5), (6, 3), (6, 4)), (1, 3))",20,4,24.0,20,,,pruned,,,4367
"(((2, 3), (4, 3), (5, 5), (6, 3), (6, 4)), (1, 3))","(((2, 3), (4, 3), (5, 4), (6, 3), (6, 4)), (2, 1))",19,3.0,22.0,19,9,2,expanded,False,True,4368
"(((3, 3), (4, 1), (5, 2), (5, 4), (6, 3)), (1, 3))","(((3, 3), (4, 2), (5, 2), (5, 4), (6, 3)), (1, 3))",20,4,24.0,20,,,pruned,,,4369
"(((3, 3), (4, 2), (5, 1), (5, 4), (6, 3)), (1, 3))","(((3, 3), (4, 2), (5, 2), (5, 4), (6, 3)), (1, 3))",20,4,24.0,20,,,pruned,,,4370
"(((3, 3), (4, 2), (5, 2), (5, 4), (6, 3)), (1, 3))","(((2, 3), (4, 2), (5, 2), (5, 4), (6, 3)), (1, 3))",19,3.0,22.0,19,8,2,expanded,False,True,4371
"(((4, 3), (5, 3), (6, 3), (6, 4), (6, 5)), (1, 3))","(((4, 3), (5, 3), (5, 4), (6, 3), (6, 5)), (1, 3))",19,3.0,22.0,19,4,0,expanded,False,True,4372
"(((3, 3), (5, 3), (5, 4), (6, 3), (6, 5)), (1, 3))","(((3, 3), (4, 4), (5, 3), (6, 3), (6, 5)), (1, 3))",19,3.0,22.0,19,4,0,expanded,False,True,4373
"(((1, 3), (4, 4), (5, 3), (6, 3), (6, 5)), (1, 4))","(((2, 3), (4, 4), (5, 3), (6, 3), (6, 5)), (1, 3))",20,4,24.0,20,,,pruned,,,4374
"(((2, 3), (4, 4), (5, 3), (6, 3), (6, 5)), (1, 3))","(((3, 3), (4, 4), (5, 3), (6, 3), (6, 5)), (1, 3))",19,3.0,22.0,19,7,1,expanded,False,True,4375
"(((1, 3), (2, 2), (4, 4), (5, 4), (6, 3)), (1, 4))","(((2, 2), (2, 3), (4, 4), (5, 4), (6, 3)), (1, 3))",20,4,24.0,20,,,pruned,,,4376
"(((2, 2), (2, 3), (4, 4), (5, 4), (6, 3)), (1, 3))","(((2, 2), (3, 3), (4, 4), (5, 4), (6, 3)), (2, 1))",19,3.0,22.0,19,4,1,expanded,False,True,4377
"(((2, 2), (3, 4), (4, 3), (6, 3), (6, 4)), (2, 1))","(((2, 2), (4, 3), (4, 4), (6, 3), (6, 4)), (2, 1))",19,3.0,22.0,19,5,0,expanded,False,True,4378
"(((2, 2), (3, 3), (4, 4), (6, 3), (6, 4)), (2, 1))","(((2, 2), (4, 3), (4, 4), (6, 3), (6, 4)), (2, 1))",19,3.0,22.0,19,3,0,expanded,False,True,4379
"(((2, 3), (3, 3), (5, 4), (5, 5), (6, 3)), (1, 3))","(((2, 3), (4, 3), (5, 4), (5, 5), (6, 3)), (2, 1))",19,3.0,22.0,19,4,0,expanded,False,True,4380
"(((3, 3), (4, 3), (5, 4), (6, 2), (6, 4)), (1, 3))","(((3, 3), (4, 3), (5, 2), (5, 4), (6, 4)), (1, 3))",20,3,23.0,20,,,pruned,,,4381
"(((3, 3), (4, 3), (5, 2), (5, 4), (6, 4)), (1, 3))","(((3, 3), (4, 3), (4, 4), (5, 2), (6, 4)), (1, 3))",19,3.0,22.0,19,4,1,expanded,False,True,4382
"(((3, 3), (4, 1), (5, 3), (5, 4), (6, 4)), (1, 3))","(((3, 3), (4, 2), (5, 3), (5, 4), (6, 4)), (1, 3))",20,4,24.0,20,,,pruned,,,4383
"(((3, 3), (4, 2), (5, 3), (5, 4), (6, 4)), (1, 3))","(((3, 3), (4, 2), (4, 4), (5, 3), (6, 4)), (1, 3))",19,3.0,22.0,19,7,1,expanded,False,True,4384
"(((3, 3), (4, 2), (4, 3), (4, 4), (6, 4)), (1, 3))","(((3, 3), (4, 2), (4, 4), (5, 3), (6, 4)), (1, 3))",19,3.0,22.0,19,4,0,expanded,False,True,4385
"(((2, 1), (3, 4), (5, 2), (5, 3), (6, 3)), (1, 3))","(((2, 2), (3, 4), (5, 2), (5, 3), (6, 3)), (1, 3))",20,4,24.0,20,,,pruned,,,4386
"(((2, 2), (3, 4), (5, 2), (5, 3), (6, 2)), (1, 3))","(((2, 2), (3, 4), (5, 2), (5, 3), (6, 3)), (1, 3))",20,4,24.0,20,,,pruned,,,4387
"(((2, 2), (3, 4), (5, 3), (6, 2), (6, 3)), (1, 3))","(((2, 2), (3, 4), (5, 2), (5, 3), (6, 3)), (1, 3))",20,3,23.0,20,,,pruned,,,4388
"(((2, 2), (3, 4), (5, 2), (5, 3), (6, 3)), (1, 3))","(((2, 2), (4, 4), (5, 2), (5, 3), (6, 3)), (5, 4))",19,3.0,22.0,19,6,3,expanded,False,True,4389
"(((3, 3), (4, 3), (5, 3), (5, 4), (6, 6)), (1, 3))","(((3, 3), (4, 3), (5, 3), (5, 4), (6, 5)), (1, 3))",20,4,24.0,20,,,pruned,,,4390
"(((3, 3), (4, 3), (5, 3), (5, 4), (6, 5)), (1, 3))","(((3, 3), (4, 3), (4, 4), (5, 3), (6, 5)), (1, 3))",19,3.0,22.0,19,5,1,expanded,False,True,4391
"(((3, 3), (3, 4), (4, 3), (5, 3), (6, 6)), (1, 3))","(((3, 3), (3, 4), (4, 3), (5, 3), (6, 5)), (1, 3))",20,4,24.0,20,,,pruned,,,4392
"(((3, 3), (3, 4), (4, 3), (5, 3), (6, 5)), (1, 3))","(((3, 3), (4, 3), (4, 4), (5, 3), (6, 5)), (1, 3))",19,3.0,22.0,19,8,1,expanded,False,True,4393
"(((3, 3), (3, 4), (4, 1), (5, 3), (6, 4)), (4, 2))","(((3, 3), (3, 4), (4, 2), (5, 3), (6, 4)), (4, 3))",20,4,24.0,20,,,pruned,,,4394
"(((3, 3), (3, 4), (4, 2), (5, 3), (6, 4)), (4, 3))","(((3, 3), (4, 2), (4, 4), (5, 3), (6, 4)), (5, 4))",19,3.0,22.0,19,6,1,expanded,False,True,4395
"(((2, 2), (4, 3), (5, 4), (6, 3), (6, 4)), (2, 1))","(((2, 2), (4, 2), (5, 4), (6, 3), (6, 4)), (1, 3))",19,3.0,22.0,19,4,0,expanded,False,True,4396
"(((2, 2), (4, 3), (4, 4), (5, 4), (6, 2)), (2, 1))","(((2, 2), (4, 3), (4, 4), (5, 4), (6, 3)), (5, 5))",20,4,24.0,20,,,pruned,,,4397
"(((2, 2), (4, 3), (4, 4), (5, 4), (6, 3)), (5, 5))","(((2, 2), (4, 3), (4, 4), (5, 5), (6, 3)), (2, 1))",19,3.0,22.0,19,2,1,expanded,False,True,4398
"(((3, 3), (4, 3), (6, 3), (6, 4), (6, 5)), (1, 3))","(((3, 3), (4, 2), (6, 3), (6, 4), (6, 5)), (1, 3))",19,3.0,22.0,19,2,0,expanded,False,True,4399
"(((2, 2), (4, 2), (4, 4), (5, 3), (6, 2)), (5, 4))","(((2, 2), (4, 2), (4, 4), (5, 3), (6, 3)), (5, 4))",20,4,24.0,20,,,pruned,,,4400
"(((2, 2), (4, 2), (4, 4), (5, 3), (6, 3)), (5, 4))","(((2, 2), (4, 2), (4, 4), (5, 4), (6, 3)), (5, 5))",19,3.0,22.0,19,3,1,expanded,False,True,4401
"(((2, 2), (3, 4), (5, 3), (5, 4), (6, 2)), (5, 5))","(((2, 2), (3, 4), (5, 3), (5, 4), (6, 3)), (5, 5))",20,4,24.0,20,,,pruned,,,4402
"(((2, 2), (3, 4), (5, 3), (5, 4), (6, 3)), (5, 5))","(((2, 2), (3, 4), (5, 3), (5, 5), (6, 3)), (1, 3))",19,3.0,22.0,19,2,1,expanded,False,True,4403
"(((2, 3), (3, 3), (3, 4), (5, 2), (6, 2)), (2, 1))","(((2, 3), (3, 3), (3, 4), (5, 2), (6, 3)), (2, 1))",21,3,24.0,21,,,pruned,,,4404
"(((2, 3), (3, 3), (3, 4), (6, 2), (6, 3)), (2, 1))","(((2, 3), (3, 3), (3, 4), (5, 2), (6, 3)), (2, 1))",21,2,23.0,21,,,pruned,,,4405
"(((2, 3), (3, 3), (3, 4), (5, 1), (6, 3)), (2, 1))","(((2, 3), (3, 3), (3, 4), (5, 2), (6, 3)), (2, 1))",21,3,24.0,21,,,pruned,,,4406
"(((2, 3), (3, 3), (3, 4), (5, 2), (6, 3)), (2, 1))","(((2, 3), (3, 3), (3, 4), (5, 3), (6, 3)), (2, 1))",20,2.0,22.0,20,6,3,expanded,False,True,4407
"(((2, 3), (3, 3), (3, 4), (5, 3), (6, 4)), (2, 1))","(((2, 3), (3, 3), (3, 4), (5, 3), (6, 3)), (2, 1))",20,2.0,22.0,20,8,0,expanded,False,True,4408
"(((2, 3), (4, 3), (4, 4), (5, 2), (6, 2)), (5, 3))","(((2, 3), (4, 3), (4, 4), (5, 2), (6, 3)), (5, 3))",21,3,24.0,21,,,pruned,,,4409
"(((2, 3), (4, 3), (4, 4), (5, 1), (6, 3)), (2, 1))","(((2, 3), (4, 3), (4, 4), (5, 2), (6, 3)), (5, 3))",21,3,24.0,21,,,pruned,,,4410
"(((2, 3), (4, 3), (4, 4), (5, 2), (6, 3)), (5, 3))","(((2, 3), (4, 3), (4, 4), (5, 3), (6, 3)), (5, 4))",20,2.0,22.0,20,4,2,expanded,False,True,4411
"(((1, 4), (2, 3), (3, 3), (4, 3), (6, 4)), (2, 1))","(((2, 3), (2, 4), (3, 3), (4, 3), (6, 4)), (2, 1))",21,3,24.0,21,,,pruned,,,4412
"(((2, 3), (2, 4), (3, 3), (4, 3), (6, 4)), (2, 1))","(((2, 3), (2, 4), (3, 3), (5, 3), (6, 4)), (2, 1))",20,2.0,22.0,20,5,1,expanded,False,True,4413
"(((3, 3), (4, 3), (5, 4), (6, 2), (6, 3)), (1, 3))","(((3, 3), (4, 3), (5, 2), (5, 4), (6, 3)), (1, 3))",21,2,23.0,21,,,pruned,,,4414
"(((3, 3), (4, 3), (5, 2), (5, 4), (6, 3)), (1, 3))","(((3, 3), (4, 3), (4, 4), (5, 2), (6, 3)), (1, 3))",20,2.0,22.0,20,5,1,expanded,False,True,4415
"(((3, 3), (4, 1), (5, 3), (5, 4), (6, 3)), (1, 3))","(((3, 3), (4, 2), (5, 3), (5, 4), (6, 3)), (1, 3))",21,3,24.0,21,,,pruned,,,4416
"(((3, 3), (4, 2), (5, 3), (5, 4), (6, 3)), (1, 3))","(((3, 3), (4, 2), (4, 4), (5, 3), (6, 3)), (1, 3))",20,2.0,22.0,20,6,1,expanded,False,True,4417
"(((3, 3), (4, 3), (5, 3), (5, 4), (6, 4)), (1, 3))","(((3, 3), (4, 3), (4, 4), (5, 3), (6, 4)), (1, 3))",20,2.0,22.0,20,3,0,expanded,False,True,4418
"(((3, 3), (3, 4), (4, 3), (5, 3), (6, 4)), (4, 4))","(((3, 3), (4, 3), (4, 4), (5, 3), (6, 4)), (5, 4))",20,2.0,22.0,20,4,0,expanded,False,True,4419
"(((3, 3), (4, 2), (4, 3), (4, 4), (6, 2)), (1, 3))","(((3, 3), (4, 2), (4, 3), (4, 4), (6, 3)), (1, 3))",21,3,24.0,21,,,pruned,,,4420
"(((3, 3), (4, 2), (4, 3), (4, 4), (6, 3)), (1, 3))","(((3, 3), (4, 2), (4, 3), (4, 4), (6, 4)), (1, 3))",20,2.0,22.0,20,4,1,expanded,False,True,4421
"(((2, 2), (4, 3), (4, 4), (5, 3), (6, 2)), (5, 4))","(((2, 2), (4, 3), (4, 4), (5, 3), (6, 3)), (5, 4))",21,3,24.0,21,,,pruned,,,4422
"(((2, 2), (4, 3), (4, 4), (5, 3), (6, 3)), (5, 4))","(((2, 2), (4, 3), (4, 4), (5, 4), (6, 3)), (5, 5))",20,2.0,22.0,20,3,1,expanded,False,True,4423
"(((3, 3), (4, 3), (5, 3), (5, 4), (6, 3)), (1, 3))","(((3, 3), (4, 3), (4, 4), (5, 3), (6, 3)), (1, 3))",21,1.0,22.0,21,4,0,expanded,False,True,4424
"(((1, 4), (2, 3), (3, 3), (4, 3), (6, 3)), (2, 1))","(((2, 3), (2, 4), (3, 3), (4, 3), (6, 3)), (2, 1))",22,2,24.0,22,,,pruned,,,4425
"(((2, 3), (2, 4), (3, 3), (4, 3), (6, 2)), (2, 1))","(((2, 3), (2, 4), (3, 3), (4, 3), (6, 3)), (2, 1))",22,2,24.0,22,,,pruned,,,4426
"(((2, 3), (2, 4), (3, 3), (4, 3), (6, 3)), (2, 1))","(((2, 3), (2, 4), (3, 3), (4, 3), (6, 4)), (2, 1))",21,1.0,22.0,21,5,2,expanded,False,True,4427
"(((2, 2), (4, 2), (5, 2), (5, 4), (6, 6)), (1, 3))","(((2, 2), (4, 2), (5, 2), (5, 4), (6, 5)), (1, 3))",18,7,25.0,18,,,pruned,,,4428
"(((2, 1), (4, 2), (5, 2), (5, 4), (6, 5)), (1, 3))","(((2, 2), (4, 2), (5, 2), (5, 4), (6, 5)), (1, 3))",18,7,25.0,18,,,pruned,,,4429
"(((2, 2), (4, 1), (5, 2), (5, 4), (6, 5)), (1, 3))","(((2, 2), (4, 2), (5, 2), (5, 4), (6, 5)), (1, 3))",18,7,25.0,18,,,pruned,,,4430
"(((2, 2), (4, 2), (5, 1), (5, 4), (6, 5)), (1, 3))","(((2, 2), (4, 2), (5, 2), (5, 4), (6, 5)), (1, 3))",18,7,25.0,18,,,pruned,,,4431
"(((2, 2), (4, 2), (5, 2), (5, 4), (6, 5)), (1, 3))","(((2, 3), (4, 2), (5, 2), (5, 4), (6, 5)), (1, 3))",17,6.0,23.0,17,7,4,expanded,False,True,4432
"(((1, 3), (4, 2), (5, 2), (5, 5), (6, 5)), (1, 4))","(((2, 3), (4, 2), (5, 2), (5, 5), (6, 5)), (1, 3))",18,7,25.0,18,,,pruned,,,4433
"(((2, 3), (4, 2), (5, 2), (5, 6), (6, 5)), (1, 3))","(((2, 3), (4, 2), (5, 2), (5, 5), (6, 5)), (1, 3))",18,7,25.0,18,,,pruned,,,4434
"(((2, 3), (4, 2), (5, 2), (5, 5), (6, 6)), (1, 3))","(((2, 3), (4, 2), (5, 2), (5, 5), (6, 5)), (1, 3))",18,7,25.0,18,,,pruned,,,4435
"(((2, 3), (4, 1), (5, 2), (5, 5), (6, 5)), (1, 3))","(((2, 3), (4, 2), (5, 2), (5, 5), (6, 5)), (1, 3))",18,7,25.0,18,,,pruned,,,4436
"(((2, 3), (4, 2), (5, 1), (5, 5), (6, 5)), (1, 3))","(((2, 3), (4, 2), (5, 2), (5, 5), (6, 5)), (1, 3))",18,7,25.0,18,,,pruned,,,4437
"(((2, 3), (4, 2), (5, 2), (5, 5), (6, 5)), (1, 3))","(((2, 3), (4, 2), (5, 2), (5, 4), (6, 5)), (1, 3))",17,6.0,23.0,17,7,5,expanded,False,True,4438
"(((4, 4), (5, 4), (6, 2), (6, 4), (6, 5)), (1, 3))","(((4, 4), (5, 2), (5, 4), (6, 4), (6, 5)), (1, 3))",18,6,24.0,18,,,pruned,,,4439
"(((4, 4), (5, 1), (5, 4), (6, 4), (6, 5)), (1, 3))","(((4, 4), (5, 2), (5, 4), (6, 4), (6, 5)), (1, 3))",18,7,25.0,18,,,pruned,,,4440
"(((4, 4), (5, 2), (5, 4), (6, 4), (6, 5)), (1, 3))","(((4, 3), (5, 2), (5, 4), (6, 4), (6, 5)), (1, 3))",17,6.0,23.0,17,5,2,expanded,False,True,4441
"(((4, 1), (5, 2), (5, 4), (6, 4), (6, 5)), (1, 3))","(((4, 2), (5, 2), (5, 4), (6, 4), (6, 5)), (1, 3))",18,7,25.0,18,,,pruned,,,4442
"(((4, 2), (5, 1), (5, 4), (6, 4), (6, 5)), (1, 3))","(((4, 2), (5, 2), (5, 4), (6, 4), (6, 5)), (1, 3))",18,7,25.0,18,,,pruned,,,4443
"(((4, 2), (5, 2), (5, 4), (6, 4), (6, 5)), (1, 3))","(((4, 3), (5, 2), (5, 4), (6, 4), (6, 5)), (1, 3))",17,6.0,23.0,17,5,2,expanded,False,True,4444
"(((2, 1), (4, 2), (4, 4), (6, 4), (6, 5)), (1, 3))","(((2, 2), (4, 2), (4, 4), (6, 4), (6, 5)), (1, 3))",18,7,25.0,18,,,pruned,,,4445
"(((2, 2), (4, 1), (4, 4), (6, 4), (6, 5)), (1, 3))","(((2, 2), (4, 2), (4, 4), (6, 4), (6, 5)), (1, 3))",18,7,25.0,18,,,pruned,,,4446
"(((2, 2), (4, 2), (4, 4), (6, 4), (6, 5)), (1, 3))","(((2, 3), (4, 2), (4, 4), (6, 4), (6, 5)), (1, 3))",17,6.0,23.0,17,6,2,expanded,False,True,4447
"(((4, 2), (5, 2), (5, 6), (6, 3), (6, 5)), (1, 3))","(((4, 2), (5, 2), (5, 5), (6, 3), (6, 5)), (1, 3))",18,7,25.0,18,,,pruned,,,4448
"(((4, 2), (5, 2), (5, 5), (6, 3), (6, 6)), (1, 3))","(((4, 2), (5, 2), (5, 5), (6, 3), (6, 5)), (1, 3))",18,7,25.0,18,,,pruned,,,4449
"(((4, 2), (5, 2), (5, 5), (6, 2), (6, 5)), (1, 3))","(((4, 2), (5, 2), (5, 5), (6, 3), (6, 5)), (1, 3))",18,7,25.0,18,,,pruned,,,4450
"(((4, 1), (5, 2), (5, 5), (6, 3), (6, 5)), (1, 3))","(((4, 2), (5, 2), (5, 5), (6, 3), (6, 5)), (1, 3))",18,7,25.0,18,,,pruned,,,4451
"(((4, 2), (5, 1), (5, 5), (6, 3), (6, 5)), (1, 3))","(((4, 2), (5, 2), (5, 5), (6, 3), (6, 5)), (1, 3))",18,7,25.0,18,,,pruned,,,4452
"(((4, 2), (5, 2), (5, 5), (6, 3), (6, 5)), (1, 3))","(((4, 2), (5, 2), (5, 4), (6, 3), (6, 5)), (1, 3))",17,6.0,23.0,17,7,5,expanded,False,True,4453
"(((2, 2), (3, 4), (4, 2), (5, 2), (6, 6)), (1, 3))","(((2, 2), (3, 4), (4, 2), (5, 2), (6, 5)), (1, 3))",18,7,25.0,18,,,pruned,,,4454
"(((2, 1), (3, 4), (4, 2), (5, 2), (6, 5)), (1, 3))","(((2, 2), (3, 4), (4, 2), (5, 2), (6, 5)), (1, 3))",18,7,25.0,18,,,pruned,,,4455
"(((2, 2), (3, 4), (4, 1), (5, 2), (6, 5)), (1, 3))","(((2, 2), (3, 4), (4, 2), (5, 2), (6, 5)), (1, 3))",18,7,25.0,18,,,pruned,,,4456
"(((2, 2), (3, 4), (4, 2), (5, 1), (6, 5)), (1, 3))","(((2, 2), (3, 4), (4, 2), (5, 2), (6, 5)), (1, 3))",18,7,25.0,18,,,pruned,,,4457
"(((2, 2), (3, 4), (4, 2), (5, 2), (6, 5)), (1, 3))","(((2, 2), (4, 2), (4, 4), (5, 2), (6, 5)), (1, 3))",17,6.0,23.0,17,7,4,expanded,False,True,4458
"(((2, 1), (4, 2), (5, 4), (5, 5), (6, 3)), (1, 3))","(((2, 2), (4, 2), (5, 4), (5, 5), (6, 3)), (1, 3))",19,6,25.0,19,,,pruned,,,4459
"(((2, 2), (4, 1), (5, 4), (5, 5), (6, 3)), (1, 3))","(((2, 2), (4, 2), (5, 4), (5, 5), (6, 3)), (1, 3))",19,6,25.0,19,,,pruned,,,4460
"(((2, 2), (4, 2), (5, 4), (5, 5), (6, 3)), (1, 3))","(((2, 3), (4, 2), (5, 4), (5, 5), (6, 3)), (1, 3))",18,5.0,23.0,18,6,2,expanded,False,True,4461
"(((2, 1), (4, 2), (5, 2), (5, 4), (6, 4)), (1, 3))","(((2, 2), (4, 2), (5, 2), (5, 4), (6, 4)), (1, 3))",19,6,25.0,19,,,pruned,,,4462
"(((2, 2), (4, 1), (5, 2), (5, 4), (6, 4)), (1, 3))","(((2, 2), (4, 2), (5, 2), (5, 4), (6, 4)), (1, 3))",19,6,25.0,19,,,pruned,,,4463
"(((2, 2), (4, 2), (5, 1), (5, 4), (6, 4)), (1, 3))","(((2, 2), (4, 2), (5, 2), (5, 4), (6, 4)), (1, 3))",19,6,25.0,19,,,pruned,,,4464
"(((2, 2), (4, 2), (5, 2), (5, 4), (6, 4)), (1, 3))","(((2, 3), (4, 2), (5, 2), (5, 4), (6, 4)), (1, 3))",18,5.0,23.0,18,5,3,expanded,False,True,4465
"(((1, 3), (4, 2), (5, 2), (5, 5), (6, 4)), (1, 4))","(((2, 3), (4, 2), (5, 2), (5, 5), (6, 4)), (1, 3))",19,6,25.0,19,,,pruned,,,4466
"(((2, 3), (4, 2), (5, 2), (5, 6), (6, 4)), (1, 3))","(((2, 3), (4, 2), (5, 2), (5, 5), (6, 4)), (1, 3))",19,6,25.0,19,,,pruned,,,4467
"(((2, 3), (4, 1), (5, 2), (5, 5), (6, 4)), (1, 3))","(((2, 3), (4, 2), (5, 2), (5, 5), (6, 4)), (1, 3))",19,6,25.0,19,,,pruned,,,4468
"(((2, 3), (4, 2), (5, 1), (5, 5), (6, 4)), (1, 3))","(((2, 3), (4, 2), (5, 2), (5, 5), (6, 4)), (1, 3))",19,6,25.0,19,,,pruned,,,4469
"(((2, 3), (4, 2), (5, 2), (5, 5), (6, 4)), (1, 3))","(((2, 3), (4, 2), (5, 2), (5, 4), (6, 4)), (1, 3))",18,5.0,23.0,18,7,4,expanded,False,True,4470
"(((2, 1), (4, 4), (6, 3), (6, 4), (6, 5)), (1, 3))","(((2, 2), (4, 4), (6, 3), (6, 4), (6, 5)), (1, 3))",19,6,25.0,19,,,pruned,,,4471
"(((2, 2), (4, 4), (6, 3), (6, 4), (6, 5)), (1, 3))","(((2, 3), (4, 4), (6, 3), (6, 4), (6, 5)), (1, 3))",18,5.0,23.0,18,4,1,expanded,False,True,4472
"(((2, 2), (3, 3), (4, 4), (5, 4), (6, 6)), (2, 1))","(((2, 2), (3, 3), (4, 4), (5, 4), (6, 5)), (2, 1))",19,6,25.0,19,,,pruned,,,4473
"(((2, 2), (3, 3), (4, 4), (5, 4), (6, 5)), (2, 1))","(((2, 2), (3, 3), (4, 4), (5, 4), (6, 4)), (2, 1))",18,5.0,23.0,18,4,1,expanded,False,True,4474
"(((2, 2), (3, 4), (4, 2), (5, 6), (6, 3)), (1, 3))","(((2, 2), (3, 4), (4, 2), (5, 5), (6, 3)), (1, 3))",19,6,25.0,19,,,pruned,,,4475
"(((2, 1), (3, 4), (4, 2), (5, 5), (6, 3)), (1, 3))","(((2, 2), (3, 4), (4, 2), (5, 5), (6, 3)), (1, 3))",19,6,25.0,19,,,pruned,,,4476
"(((2, 2), (3, 4), (4, 2), (5, 5), (6, 2)), (1, 3))","(((2, 2), (3, 4), (4, 2), (5, 5), (6, 3)), (1, 3))",19,6,25.0,19,,,pruned,,,4477
"(((2, 2), (3, 4), (4, 1), (5, 5), (6, 3)), (1, 3))","(((2, 2), (3, 4), (4, 2), (5, 5), (6, 3)), (1, 3))",19,6,25.0,19,,,pruned,,,4478
"(((2, 2), (3, 4), (4, 2), (5, 5), (6, 3)), (1, 3))","(((2, 2), (4, 2), (4, 4), (5, 5), (6, 3)), (1, 3))",18,5.0,23.0,18,10,4,expanded,False,True,4479
"(((2, 1), (3, 4), (4, 2), (5, 2), (6, 4)), (1, 3))","(((2, 2), (3, 4), (4, 2), (5, 2), (6, 4)), (1, 3))",19,6,25.0,19,,,pruned,,,4480
"(((2, 2), (3, 4), (4, 1), (5, 2), (6, 4)), (1, 3))","(((2, 2), (3, 4), (4, 2), (5, 2), (6, 4)), (1, 3))",19,6,25.0,19,,,pruned,,,4481
"(((2, 2), (3, 4), (4, 2), (5, 1), (6, 4)), (1, 3))","(((2, 2), (3, 4), (4, 2), (5, 2), (6, 4)), (1, 3))",19,6,25.0,19,,,pruned,,,4482
"(((2, 2), (3, 4), (4, 2), (5, 2), (6, 4)), (1, 3))","(((2, 2), (4, 2), (4, 4), (5, 2), (6, 4)), (1, 3))",18,5.0,23.0,18,7,3,expanded,False,True,4483
"(((5, 4), (6, 2), (6, 3), (6, 4), (6, 5)), (1, 3))","(((5, 2), (5, 4), (6, 3), (6, 4), (6, 5)), (1, 3))",19,5,24.0,19,,,pruned,,,4484
"(((5, 1), (5, 4), (6, 3), (6, 4), (6, 5)), (1, 3))","(((5, 2), (5, 4), (6, 3), (6, 4), (6, 5)), (1, 3))",19,6,25.0,19,,,pruned,,,4485
"(((5, 2), (5, 4), (6, 3), (6, 4), (6, 5)), (1, 3))","(((4, 4), (5, 2), (6, 3), (6, 4), (6, 5)), (1, 3))",18,5.0,23.0,18,4,2,expanded,False,True,4486
"(((1, 4), (2, 2), (5, 2), (5, 5), (6, 3)), (1, 3))","(((2, 2), (2, 4), (5, 2), (5, 5), (6, 3)), (1, 3))",19,6,25.0,19,,,pruned,,,4487
"(((2, 2), (2, 4), (5, 2), (5, 6), (6, 3)), (1, 3))","(((2, 2), (2, 4), (5, 2), (5, 5), (6, 3)), (1, 3))",19,6,25.0,19,,,pruned,,,4488
"(((2, 1), (2, 4), (5, 2), (5, 5), (6, 3)), (1, 3))","(((2, 2), (2, 4), (5, 2), (5, 5), (6, 3)), (1, 3))",19,6,25.0,19,,,pruned,,,4489
"(((2, 2), (2, 4), (5, 2), (5, 5), (6, 2)), (1, 3))","(((2, 2), (2, 4), (5, 2), (5, 5), (6, 3)), (1, 3))",19,6,25.0,19,,,pruned,,,4490
"(((2, 2), (2, 4), (5, 5), (6, 2), (6, 3)), (1, 3))","(((2, 2), (2, 4), (5, 2), (5, 5), (6, 3)), (1, 3))",19,5,24.0,19,,,pruned,,,4491
"(((2, 2), (2, 4), (5, 1), (5, 5), (6, 3)), (1, 3))","(((2, 2), (2, 4), (5, 2), (5, 5), (6, 3)), (1, 3))",19,6,25.0,19,,,pruned,,,4492
"(((2, 2), (2, 4), (5, 2), (5, 5), (6, 3)), (1, 3))","(((2, 2), (3, 4), (5, 2), (5, 5), (6, 3)), (1, 3))",18,5.0,23.0,18,10,6,expanded,False,True,4493
"(((1, 3), (5, 2), (5, 4), (6, 4), (6, 5)), (1, 4))","(((2, 3), (5, 2), (5, 4), (6, 4), (6, 5)), (1, 3))",19,6,25.0,19,,,pruned,,,4494
"(((2, 3), (5, 4), (6, 2), (6, 4), (6, 5)), (1, 3))","(((2, 3), (5, 2), (5, 4), (6, 4), (6, 5)), (1, 3))",19,5,24.0,19,,,pruned,,,4495
"(((2, 3), (5, 1), (5, 4), (6, 4), (6, 5)), (1, 3))","(((2, 3), (5, 2), (5, 4), (6, 4), (6, 5)), (1, 3))",19,6,25.0,19,,,pruned,,,4496
"(((2, 3), (5, 2), (5, 4), (6, 4), (6, 5)), (1, 3))","(((3, 3), (5, 2), (5, 4), (6, 4), (6, 5)), (1, 3))",18,5.0,23.0,18,9,3,expanded,False,True,4497
"(((2, 2), (4, 3), (4, 4), (6, 4), (6, 5)), (2, 1))","(((2, 2), (4, 2), (4, 4), (6, 4), (6, 5)), (1, 3))",18,5.0,23.0,18,3,0,expanded,False,True,4498
"(((4, 3), (5, 2), (5, 6), (6, 3), (6, 5)), (1, 3))","(((4, 3), (5, 2), (5, 5), (6, 3), (6, 5)), (1, 3))",19,6,25.0,19,,,pruned,,,4499
"(((4, 3), (5, 2), (5, 5), (6, 3), (6, 6)), (1, 3))","(((4, 3), (5, 2), (5, 5), (6, 3), (6, 5)), (1, 3))",19,6,25.0,19,,,pruned,,,4500
"(((4, 3), (5, 2), (5, 5), (6, 2), (6, 5)), (1, 3))","(((4, 3), (5, 2), (5, 5), (6, 3), (6, 5)), (1, 3))",19,6,25.0,19,,,pruned,,,4501
"(((4, 3), (5, 5), (6, 2), (6, 3), (6, 5)), (1, 3))","(((4, 3), (5, 2), (5, 5), (6, 3), (6, 5)), (1, 3))",19,5,24.0,19,,,pruned,,,4502
"(((4, 3), (5, 1), (5, 5), (6, 3), (6, 5)), (1, 3))","(((4, 3), (5, 2), (5, 5), (6, 3), (6, 5)), (1, 3))",19,6,25.0,19,,,pruned,,,4503
"(((4, 3), (5, 2), (5, 5), (6, 3), (6, 5)), (1, 3))","(((4, 2), (5, 2), (5, 5), (6, 3), (6, 5)), (1, 3))",18,5.0,23.0,18,10,5,expanded,False,True,4504
"(((4, 2), (5, 3), (5, 6), (6, 3), (6, 5)), (1, 3))","(((4, 2), (5, 3), (5, 5), (6, 3), (6, 5)), (1, 3))",19,6,25.0,19,,,pruned,,,4505
"(((4, 2), (5, 3), (5, 5), (6, 3), (6, 6)), (1, 3))","(((4, 2), (5, 3), (5, 5), (6, 3), (6, 5)), (1, 3))",19,6,25.0,19,,,pruned,,,4506
"(((4, 2), (5, 3), (5, 5), (6, 2), (6, 5)), (1, 3))","(((4, 2), (5, 3), (5, 5), (6, 3), (6, 5)), (1, 3))",19,6,25.0,19,,,pruned,,,4507
"(((4, 1), (5, 3), (5, 5), (6, 3), (6, 5)), (1, 3))","(((4, 2), (5, 3), (5, 5), (6, 3), (6, 5)), (1, 3))",19,6,25.0,19,,,pruned,,,4508
"(((4, 2), (5, 3), (5, 5), (6, 3), (6, 5)), (1, 3))","(((4, 2), (5, 2), (5, 5), (6, 3), (6, 5)), (1, 3))",18,5.0,23.0,18,8,4,expanded,False,True,4509
"(((2, 1), (4, 2), (5, 2), (5, 4), (6, 3)), (1, 3))","(((2, 2), (4, 2), (5, 2), (5, 4), (6, 3)), (1, 3))",20,5,25.0,20,,,pruned,,,4510
"(((2, 2), (4, 1), (5, 2), (5, 4), (6, 3)), (1, 3))","(((2, 2), (4, 2), (5, 2), (5, 4), (6, 3)), (1, 3))",20,5,25.0,20,,,pruned,,,4511
"(((2, 2), (4, 2), (5, 1), (5, 4), (6, 3)), (1, 3))","(((2, 2), (4, 2), (5, 2), (5, 4), (6, 3)), (1, 3))",20,5,25.0,20,,,pruned,,,4512
"(((2, 2), (4, 2), (5, 2), (5, 4), (6, 3)), (1, 3))","(((2, 3), (4, 2), (5, 2), (5, 4), (6, 3)), (1, 3))",19,4.0,23.0,19,5,3,expanded,False,True,4513
"(((1, 3), (4, 2), (5, 2), (5, 5), (6, 3)), (1, 4))","(((2, 3), (4, 2), (5, 2), (5, 5), (6, 3)), (1, 3))",20,5,25.0,20,,,pruned,,,4514
"(((2, 3), (4, 2), (5, 2), (5, 6), (6, 3)), (1, 3))","(((2, 3), (4, 2), (5, 2), (5, 5), (6, 3)), (1, 3))",20,5,25.0,20,,,pruned,,,4515
"(((2, 3), (4, 2), (5, 2), (5, 5), (6, 2)), (1, 3))","(((2, 3), (4, 2), (5, 2), (5, 5), (6, 3)), (1, 3))",20,5,25.0,20,,,pruned,,,4516
"(((2, 3), (4, 1), (5, 2), (5, 5), (6, 3)), (1, 3))","(((2, 3), (4, 2), (5, 2), (5, 5), (6, 3)), (1, 3))",20,5,25.0,20,,,pruned,,,4517
"(((2, 3), (4, 2), (5, 1), (5, 5), (6, 3)), (1, 3))","(((2, 3), (4, 2), (5, 2), (5, 5), (6, 3)), (1, 3))",20,5,25.0,20,,,pruned,,,4518
"(((2, 3), (4, 2), (5, 2), (5, 5), (6, 3)), (1, 3))","(((2, 3), (4, 2), (5, 2), (5, 4), (6, 3)), (1, 3))",19,4.0,23.0,19,8,5,expanded,False,True,4519
"(((2, 2), (3, 3), (4, 4), (5, 6), (6, 3)), (2, 1))","(((2, 2), (3, 3), (4, 4), (5, 5), (6, 3)), (2, 1))",20,5,25.0,20,,,pruned,,,4520
"(((2, 2), (3, 3), (4, 4), (5, 5), (6, 2)), (2, 1))","(((2, 2), (3, 3), (4, 4), (5, 5), (6, 3)), (2, 1))",20,5,25.0,20,,,pruned,,,4521
"(((2, 2), (3, 3), (4, 4), (5, 5), (6, 3)), (2, 1))","(((2, 2), (3, 3), (4, 4), (5, 4), (6, 3)), (2, 1))",19,4.0,23.0,19,7,2,expanded,False,True,4522
"(((3, 3), (4, 3), (4, 4), (5, 2), (6, 6)), (5, 3))","(((3, 3), (4, 3), (4, 4), (5, 2), (6, 5)), (5, 3))",20,5,25.0,20,,,pruned,,,4523
"(((3, 3), (4, 3), (4, 4), (5, 1), (6, 5)), (1, 3))","(((3, 3), (4, 3), (4, 4), (5, 2), (6, 5)), (5, 3))",20,5,25.0,20,,,pruned,,,4524
"(((3, 3), (4, 3), (4, 4), (5, 2), (6, 5)), (5, 3))","(((3, 3), (4, 3), (4, 4), (5, 3), (6, 5)), (1, 3))",19,4.0,23.0,19,5,2,expanded,False,True,4525
"(((2, 1), (3, 4), (4, 2), (5, 2), (6, 3)), (1, 3))","(((2, 2), (3, 4), (4, 2), (5, 2), (6, 3)), (1, 3))",20,5,25.0,20,,,pruned,,,4526
"(((2, 2), (3, 4), (4, 2), (5, 2), (6, 2)), (1, 3))","(((2, 2), (3, 4), (4, 2), (5, 2), (6, 3)), (1, 3))",20,5,25.0,20,,,pruned,,,4527
"(((2, 2), (3, 4), (4, 1), (5, 2), (6, 3)), (1, 3))","(((2, 2), (3, 4), (4, 2), (5, 2), (6, 3)), (1, 3))",20,5,25.0,20,,,pruned,,,4528
"(((2, 2), (3, 4), (4, 2), (5, 1), (6, 3)), (1, 3))","(((2, 2), (3, 4), (4, 2), (5, 2), (6, 3)), (1, 3))",20,5,25.0,20,,,pruned,,,4529
"(((2, 2), (3, 4), (4, 2), (5, 2), (6, 3)), (1, 3))","(((2, 2), (4, 2), (4, 4), (5, 2), (6, 3)), (1, 3))",19,4.0,23.0,19,6,4,expanded,False,True,4530
"(((2, 2), (3, 4), (4, 3), (5, 6), (6, 3)), (2, 1))","(((2, 2), (3, 4), (4, 3), (5, 5), (6, 3)), (2, 1))",20,5,25.0,20,,,pruned,,,4531
"(((2, 2), (3, 4), (4, 3), (5, 5), (6, 2)), (2, 1))","(((2, 2), (3, 4), (4, 3), (5, 5), (6, 3)), (2, 1))",20,5,25.0,20,,,pruned,,,4532
"(((2, 2), (3, 4), (4, 3), (5, 5), (6, 3)), (2, 1))","(((2, 2), (4, 3), (4, 4), (5, 5), (6, 3)), (2, 1))",19,4.0,23.0,19,9,2,expanded,False,True,4533
"(((1, 4), (2, 2), (4, 2), (6, 3), (6, 4)), (1, 3))","(((2, 2), (2, 4), (4, 2), (6, 3), (6, 4)), (1, 3))",20,5,25.0,20,,,pruned,,,4534
"(((2, 1), (2, 4), (4, 2), (6, 3), (6, 4)), (1, 3))","(((2, 2), (2, 4), (4, 2), (6, 3), (6, 4)), (1, 3))",20,5,25.0,20,,,pruned,,,4535
"(((2, 2), (2, 4), (4, 1), (6, 3), (6, 4)), (1, 3))","(((2, 2), (2, 4), (4, 2), (6, 3), (6, 4)), (1, 3))",20,5,25.0,20,,,pruned,,,4536
"(((2, 2), (2, 4), (4, 2), (6, 3), (6, 4)), (1, 3))","(((2, 2), (3, 4), (4, 2), (6, 3), (6, 4)), (1, 3))",19,4.0,23.0,19,6,3,expanded,False,True,4537
"(((5, 3), (6, 2), (6, 3), (6, 4), (6, 5)), (1, 3))","(((5, 2), (5, 3), (6, 3), (6, 4), (6, 5)), (1, 3))",20,4,24.0,20,,,pruned,,,4538
"(((5, 2), (5, 3), (6, 3), (6, 4), (6, 5)), (1, 3))","(((5, 2), (5, 3), (5, 4), (6, 3), (6, 5)), (1, 3))",19,4.0,23.0,19,1,1,expanded,True,True,4539
"(((3, 3), (6, 2), (6, 3), (6, 4), (6, 5)), (1, 3))","(((3, 3), (5, 2), (6, 3), (6, 4), (6, 5)), (1, 3))",20,4,24.0,20,,,pruned,,,4540
"(((3, 3), (5, 1), (6, 3), (6, 4), (6, 5)), (1, 3))","(((3, 3), (5, 2), (6, 3), (6, 4), (6, 5)), (1, 3))",20,5,25.0,20,,,pruned,,,4541
"(((3, 3), (5, 2), (6, 3), (6, 4), (6, 5)), (1, 3))","(((4, 3), (5, 2), (6, 3), (6, 4), (6, 5)), (1, 3))",19,4.0,23.0,19,5,2,expanded,False,True,4542
"(((1, 3), (5, 2), (5, 4), (6, 3), (6, 5)), (1, 4))","(((2, 3), (5, 2), (5, 4), (6, 3), (6, 5)), (1, 3))",20,5,25.0,20,,,pruned,,,4543
"(((2, 3), (5, 4), (6, 2), (6, 3), (6, 5)), (1, 3))","(((2, 3), (5, 2), (5, 4), (6, 3), (6, 5)), (1, 3))",20,4,24.0,20,,,pruned,,,4544
"(((2, 3), (5, 1), (5, 4), (6, 3), (6, 5)), (1, 3))","(((2, 3), (5, 2), (5, 4), (6, 3), (6, 5)), (1, 3))",20,5,25.0,20,,,pruned,,,4545
"(((2, 3), (5, 2), (5, 4), (6, 3), (6, 5)), (1, 3))","(((3, 3), (5, 2), (5, 4), (6, 3), (6, 5)), (1, 3))",19,4.0,23.0,19,9,3,expanded,False,True,4546
"(((1, 3), (5, 3), (5, 4), (6, 4), (6, 5)), (1, 4))","(((2, 3), (5, 3), (5, 4), (6, 4), (6, 5)), (1, 3))",20,5,25.0,20,,,pruned,,,4547
"(((2, 3), (5, 3), (5, 4), (6, 4), (6, 5)), (1, 3))","(((3, 3), (5, 3), (5, 4), (6, 4), (6, 5)), (1, 3))",19,4.0,23.0,19,6,1,expanded,False,True,4548
"(((2, 1), (3, 3), (4, 4), (5, 4), (6, 4)), (1, 3))","(((2, 2), (3, 3), (4, 4), (5, 4), (6, 4)), (1, 3))",20,5,25.0,20,,,pruned,,,4549
"(((2, 2), (3, 3), (4, 4), (5, 4), (6, 4)), (1, 3))","(((2, 2), (2, 3), (4, 4), (5, 4), (6, 4)), (1, 3))",19,4.0,23.0,19,2,1,expanded,False,True,4550
"(((1, 3), (4, 2), (6, 3), (6, 4), (6, 5)), (1, 4))","(((2, 3), (4, 2), (6, 3), (6, 4), (6, 5)), (1, 3))",20,5,25.0,20,,,pruned,,,4551
"(((2, 3), (4, 1), (6, 3), (6, 4), (6, 5)), (1, 3))","(((2, 3), (4, 2), (6, 3), (6, 4), (6, 5)), (1, 3))",20,5,25.0,20,,,pruned,,,4552
"(((2, 3), (4, 2), (6, 3), (6, 4), (6, 5)), (1, 3))","(((2, 3), (4, 2), (5, 3), (6, 4), (6, 5)), (1, 3))",19,4.0,23.0,19,6,2,expanded,False,True,4553
"(((4, 2), (4, 3), (6, 3), (6, 4), (6, 5)), (1, 3))","(((3, 3), (4, 2), (6, 3), (6, 4), (6, 5)), (1, 3))",19,4.0,23.0,19,2,0,expanded,False,True,4554
"(((1, 3), (4, 2), (5, 3), (5, 4), (6, 5)), (1, 4))","(((2, 3), (4, 2), (5, 3), (5, 4), (6, 5)), (1, 3))",20,5,25.0,20,,,pruned,,,4555
"(((2, 3), (4, 1), (5, 3), (5, 4), (6, 5)), (1, 3))","(((2, 3), (4, 2), (5, 3), (5, 4), (6, 5)), (1, 3))",20,5,25.0,20,,,pruned,,,4556
"(((2, 3), (4, 2), (5, 3), (5, 4), (6, 5)), (1, 3))","(((3, 3), (4, 2), (5, 3), (5, 4), (6, 5)), (1, 3))",19,4.0,23.0,19,6,2,expanded,False,True,4557
"(((3, 3), (4, 1), (5, 4), (6, 3), (6, 5)), (1, 3))","(((3, 3), (4, 2), (5, 4), (6, 3), (6, 5)), (1, 3))",20,5,25.0,20,,,pruned,,,4558
"(((3, 3), (4, 2), (5, 4), (6, 3), (6, 5)), (1, 3))","(((3, 3), (4, 2), (5, 3), (5, 4), (6, 5)), (1, 3))",19,4.0,23.0,19,7,1,expanded,False,True,4559
"(((3, 3), (4, 2), (4, 3), (5, 4), (6, 6)), (1, 3))","(((3, 3), (4, 2), (4, 3), (5, 4), (6, 5)), (1, 3))",20,5,25.0,20,,,pruned,,,4560
"(((3, 3), (4, 2), (4, 3), (5, 4), (6, 5)), (1, 3))","(((3, 3), (4, 2), (5, 3), (5, 4), (6, 5)), (1, 3))",19,4.0,23.0,19,4,1,expanded,False,True,4561
"(((1, 3), (3, 4), (4, 2), (5, 3), (6, 5)), (1, 4))","(((2, 3), (3, 4), (4, 2), (5, 3), (6, 5)), (2, 1))",20,5,25.0,20,,,pruned,,,4562
"(((2, 3), (3, 4), (4, 2), (5, 3), (6, 6)), (2, 1))","(((2, 3), (3, 4), (4, 2), (5, 3), (6, 5)), (2, 1))",20,5,25.0,20,,,pruned,,,4563
"(((2, 3), (3, 4), (4, 1), (5, 3), (6, 5)), (3, 3))","(((2, 3), (3, 4), (4, 2), (5, 3), (6, 5)), (2, 1))",20,5,25.0,20,,,pruned,,,4564
"(((2, 3), (3, 4), (4, 2), (5, 3), (6, 5)), (2, 1))","(((3, 3), (3, 4), (4, 2), (5, 3), (6, 5)), (1, 3))",19,4.0,23.0,19,11,3,expanded,False,True,4565
"(((1, 4), (3, 3), (4, 2), (5, 3), (6, 5)), (1, 3))","(((2, 4), (3, 3), (4, 2), (5, 3), (6, 5)), (1, 3))",20,5,25.0,20,,,pruned,,,4566
"(((2, 4), (3, 3), (4, 2), (5, 3), (6, 6)), (1, 3))","(((2, 4), (3, 3), (4, 2), (5, 3), (6, 5)), (1, 3))",20,5,25.0,20,,,pruned,,,4567
"(((2, 4), (3, 3), (4, 1), (5, 3), (6, 5)), (3, 4))","(((2, 4), (3, 3), (4, 2), (5, 3), (6, 5)), (1, 3))",20,5,25.0,20,,,pruned,,,4568
"(((2, 4), (3, 3), (4, 2), (5, 3), (6, 5)), (1, 3))","(((3, 3), (3, 4), (4, 2), (5, 3), (6, 5)), (1, 3))",19,4.0,23.0,19,12,3,expanded,False,True,4569
"(((3, 3), (3, 4), (4, 2), (6, 3), (6, 6)), (1, 3))","(((3, 3), (3, 4), (4, 2), (6, 3), (6, 5)), (1, 3))",20,5,25.0,20,,,pruned,,,4570
"(((3, 3), (3, 4), (4, 2), (6, 2), (6, 5)), (1, 3))","(((3, 3), (3, 4), (4, 2), (6, 3), (6, 5)), (1, 3))",20,5,25.0,20,,,pruned,,,4571
"(((3, 3), (3, 4), (4, 1), (6, 3), (6, 5)), (4, 2))","(((3, 3), (3, 4), (4, 2), (6, 3), (6, 5)), (1, 3))",20,5,25.0,20,,,pruned,,,4572
"(((3, 3), (3, 4), (4, 2), (6, 3), (6, 5)), (1, 3))","(((3, 3), (3, 4), (4, 2), (5, 3), (6, 5)), (1, 3))",19,4.0,23.0,19,10,3,expanded,False,True,4573
"(((3, 3), (3, 4), (4, 2), (4, 3), (6, 6)), (1, 3))","(((3, 3), (3, 4), (4, 2), (4, 3), (6, 5)), (1, 3))",20,5,25.0,20,,,pruned,,,4574
"(((3, 3), (3, 4), (4, 2), (4, 3), (6, 5)), (1, 3))","(((3, 3), (3, 4), (4, 2), (5, 3), (6, 5)), (1, 3))",19,4.0,23.0,19,4,1,expanded,False,True,4575
"(((2, 1), (3, 4), (4, 4), (5, 2), (6, 3)), (1, 3))","(((2, 2), (3, 4), (4, 4), (5, 2), (6, 3)), (1, 3))",20,5,25.0,20,,,pruned,,,4576
"(((2, 2), (3, 4), (4, 4), (5, 2), (6, 2)), (1, 3))","(((2, 2), (3, 4), (4, 4), (5, 2), (6, 3)), (1, 3))",20,5,25.0,20,,,pruned,,,4577
"(((2, 2), (3, 4), (4, 4), (6, 2), (6, 3)), (1, 3))","(((2, 2), (3, 4), (4, 4), (5, 2), (6, 3)), (1, 3))",20,4,24.0,20,,,pruned,,,4578
"(((2, 2), (3, 4), (4, 4), (5, 1), (6, 3)), (1, 3))","(((2, 2), (3, 4), (4, 4), (5, 2), (6, 3)), (1, 3))",20,5,25.0,20,,,pruned,,,4579
"(((2, 2), (3, 4), (4, 4), (5, 2), (6, 3)), (1, 3))","(((2, 2), (3, 4), (5, 2), (5, 4), (6, 3)), (5, 5))",19,4.0,23.0,19,6,4,expanded,False,True,4580
"(((1, 4), (2, 2), (5, 3), (5, 5), (6, 3)), (1, 3))","(((2, 2), (2, 4), (5, 3), (5, 5), (6, 3)), (1, 3))",20,5,25.0,20,,,pruned,,,4581
"(((2, 2), (2, 4), (5, 3), (5, 6), (6, 3)), (1, 3))","(((2, 2), (2, 4), (5, 3), (5, 5), (6, 3)), (1, 3))",20,5,25.0,20,,,pruned,,,4582
"(((2, 1), (2, 4), (5, 3), (5, 5), (6, 3)), (1, 3))","(((2, 2), (2, 4), (5, 3), (5, 5), (6, 3)), (1, 3))",20,5,25.0,20,,,pruned,,,4583
"(((2, 2), (2, 4), (5, 3), (5, 5), (6, 2)), (1, 3))","(((2, 2), (2, 4), (5, 3), (5, 5), (6, 3)), (1, 3))",20,5,25.0,20,,,pruned,,,4584
"(((2, 2), (2, 4), (5, 3), (5, 5), (6, 3)), (1, 3))","(((2, 2), (3, 4), (5, 3), (5, 5), (6, 3)), (1, 3))",19,4.0,23.0,19,10,4,expanded,False,True,4585
"(((2, 3), (3, 3), (5, 4), (6, 4), (6, 5)), (1, 3))","(((2, 3), (4, 3), (5, 4), (6, 4), (6, 5)), (2, 1))",19,4.0,23.0,19,3,0,expanded,False,True,4586
"(((2, 2), (4, 3), (5, 4), (5, 5), (6, 3)), (2, 1))","(((2, 2), (4, 2), (5, 4), (5, 5), (6, 3)), (1, 3))",19,4.0,23.0,19,4,0,expanded,False,True,4587
"(((2, 2), (3, 4), (4, 2), (5, 4), (6, 2)), (1, 3))","(((2, 2), (3, 4), (4, 2), (5, 4), (6, 3)), (5, 5))",20,5,25.0,20,,,pruned,,,4588
"(((2, 2), (3, 4), (4, 2), (5, 4), (6, 3)), (5, 5))","(((2, 2), (3, 4), (4, 2), (5, 5), (6, 3)), (1, 3))",19,4.0,23.0,19,3,1,expanded,False,True,4589
"(((2, 2), (2, 4), (5, 2), (5, 4), (6, 2)), (1, 3))","(((2, 2), (2, 4), (5, 2), (5, 4), (6, 3)), (5, 5))",20,5,25.0,20,,,pruned,,,4590
"(((2, 2), (2, 4), (5, 2), (5, 4), (6, 3)), (5, 5))","(((2, 2), (2, 4), (5, 2), (5, 5), (6, 3)), (1, 3))",19,4.0,23.0,19,3,1,expanded,False,True,4591
"(((4, 3), (5, 3), (5, 6), (6, 3), (6, 5)), (1, 3))","(((4, 3), (5, 3), (5, 5), (6, 3), (6, 5)), (1, 3))",20,5,25.0,20,,,pruned,,,4592
"(((4, 3), (5, 3), (5, 5), (6, 3), (6, 6)), (1, 3))","(((4, 3), (5, 3), (5, 5), (6, 3), (6, 5)), (1, 3))",20,5,25.0,20,,,pruned,,,4593
"(((4, 3), (5, 3), (5, 5), (6, 2), (6, 5)), (1, 3))","(((4, 3), (5, 3), (5, 5), (6, 3), (6, 5)), (1, 3))",20,5,25.0,20,,,pruned,,,4594
"(((4, 3), (5, 3), (5, 5), (6, 3), (6, 5)), (1, 3))","(((4, 3), (5, 2), (5, 5), (6, 3), (6, 5)), (1, 3))",19,4.0,23.0,19,8,3,expanded,False,True,4595
"(((1, 4), (2, 3), (3, 3), (5, 2), (6, 4)), (2, 1))","(((2, 3), (2, 4), (3, 3), (5, 2), (6, 4)), (2, 1))",21,4,25.0,21,,,pruned,,,4596
"(((2, 3), (2, 4), (3, 3), (6, 2), (6, 4)), (2, 1))","(((2, 3), (2, 4), (3, 3), (5, 2), (6, 4)), (2, 1))",21,3,24.0,21,,,pruned,,,4597
"(((2, 3), (2, 4), (3, 3), (5, 1), (6, 4)), (2, 1))","(((2, 3), (2, 4), (3, 3), (5, 2), (6, 4)), (2, 1))",21,4,25.0,21,,,pruned,,,4598
"(((2, 3), (2, 4), (3, 3), (5, 2), (6, 4)), (2, 1))","(((2, 3), (2, 4), (3, 3), (5, 3), (6, 4)), (2, 1))",20,3.0,23.0,20,7,3,expanded,False,True,4599
"(((1, 4), (2, 3), (3, 3), (5, 3), (6, 5)), (2, 1))","(((2, 3), (2, 4), (3, 3), (5, 3), (6, 5)), (2, 1))",21,4,25.0,21,,,pruned,,,4600
"(((2, 3), (2, 4), (3, 3), (5, 3), (6, 6)), (2, 1))","(((2, 3), (2, 4), (3, 3), (5, 3), (6, 5)), (2, 1))",21,4,25.0,21,,,pruned,,,4601
"(((2, 3), (2, 4), (3, 3), (5, 3), (6, 5)), (2, 1))","(((2, 3), (2, 4), (3, 3), (5, 3), (6, 4)), (2, 1))",20,3.0,23.0,20,7,2,expanded,False,True,4602
"(((2, 1), (5, 2), (5, 3), (6, 3), (6, 4)), (1, 3))","(((2, 2), (5, 2), (5, 3), (6, 3), (6, 4)), (1, 3))",21,4,25.0,21,,,pruned,,,4603
"(((2, 2), (5, 3), (6, 2), (6, 3), (6, 4)), (1, 3))","(((2, 2), (5, 2), (5, 3), (6, 3), (6, 4)), (1, 3))",21,3,24.0,21,,,pruned,,,4604
"(((2, 2), (5, 2), (5, 3), (6, 3), (6, 4)), (1, 3))","(((2, 3), (5, 2), (5, 3), (6, 3), (6, 4)), (1, 3))",20,3.0,23.0,20,3,2,expanded,False,True,4605
"(((2, 1), (3, 3), (5, 4), (6, 3), (6, 4)), (1, 3))","(((2, 2), (3, 3), (5, 4), (6, 3), (6, 4)), (1, 3))",21,4,25.0,21,,,pruned,,,4606
"(((2, 2), (3, 3), (5, 4), (6, 3), (6, 4)), (1, 3))","(((2, 3), (3, 3), (5, 4), (6, 3), (6, 4)), (1, 3))",20,3.0,23.0,20,5,1,expanded,False,True,4607
"(((2, 3), (3, 3), (5, 6), (6, 3), (6, 4)), (1, 3))","(((2, 3), (3, 3), (5, 5), (6, 3), (6, 4)), (1, 3))",21,4,25.0,21,,,pruned,,,4608
"(((2, 3), (3, 3), (5, 5), (6, 3), (6, 4)), (1, 3))","(((2, 3), (3, 3), (5, 4), (6, 3), (6, 4)), (1, 3))",20,3.0,23.0,20,3,1,expanded,False,True,4609
"(((3, 3), (4, 3), (4, 4), (5, 1), (6, 4)), (1, 3))","(((3, 3), (4, 3), (4, 4), (5, 2), (6, 4)), (5, 3))",21,4,25.0,21,,,pruned,,,4610
"(((3, 3), (4, 3), (4, 4), (5, 2), (6, 4)), (5, 3))","(((3, 3), (4, 3), (4, 4), (5, 3), (6, 4)), (5, 4))",20,3.0,23.0,20,5,1,expanded,False,True,4611
"(((1, 3), (5, 3), (5, 4), (6, 3), (6, 5)), (1, 4))","(((2, 3), (5, 3), (5, 4), (6, 3), (6, 5)), (1, 3))",21,4,25.0,21,,,pruned,,,4612
"(((2, 3), (5, 3), (5, 4), (6, 3), (6, 5)), (1, 3))","(((3, 3), (5, 3), (5, 4), (6, 3), (6, 5)), (1, 3))",20,3.0,23.0,20,6,1,expanded,False,True,4613
"(((3, 3), (5, 3), (6, 3), (6, 4), (6, 5)), (1, 3))","(((3, 3), (5, 3), (5, 4), (6, 3), (6, 5)), (1, 3))",20,3.0,23.0,20,4,0,expanded,False,True,4614
"(((2, 1), (3, 3), (4, 4), (5, 4), (6, 3)), (1, 3))","(((2, 2), (3, 3), (4, 4), (5, 4), (6, 3)), (1, 3))",21,4,25.0,21,,,pruned,,,4615
"(((2, 2), (3, 3), (4, 4), (5, 4), (6, 3)), (1, 3))","(((2, 2), (2, 3), (4, 4), (5, 4), (6, 3)), (1, 3))",20,3.0,23.0,20,2,1,expanded,False,True,4616
"(((2, 2), (3, 3), (3, 4), (6, 3), (6, 4)), (2, 1))","(((2, 2), (3, 4), (4, 3), (6, 3), (6, 4)), (2, 1))",20,3.0,23.0,20,3,0,expanded,False,True,4617
"(((1, 4), (2, 2), (4, 3), (6, 3), (6, 4)), (1, 3))","(((2, 2), (2, 4), (4, 3), (6, 3), (6, 4)), (1, 3))",21,4,25.0,21,,,pruned,,,4618
"(((2, 1), (2, 4), (4, 3), (6, 3), (6, 4)), (1, 3))","(((2, 2), (2, 4), (4, 3), (6, 3), (6, 4)), (1, 3))",21,4,25.0,21,,,pruned,,,4619
"(((2, 2), (2, 4), (4, 3), (6, 3), (6, 4)), (1, 3))","(((2, 2), (3, 4), (4, 3), (6, 3), (6, 4)), (2, 1))",20,3.0,23.0,20,8,2,expanded,False,True,4620
"(((1, 3), (2, 2), (4, 4), (6, 3), (6, 4)), (1, 4))","(((2, 2), (2, 3), (4, 4), (6, 3), (6, 4)), (1, 3))",21,4,25.0,21,,,pruned,,,4621
"(((2, 2), (2, 3), (4, 4), (6, 3), (6, 4)), (1, 3))","(((2, 2), (3, 3), (4, 4), (6, 3), (6, 4)), (2, 1))",20,3.0,23.0,20,4,1,expanded,False,True,4622
"(((1, 3), (4, 2), (5, 3), (5, 4), (6, 4)), (1, 4))","(((2, 3), (4, 2), (5, 3), (5, 4), (6, 4)), (1, 3))",21,4,25.0,21,,,pruned,,,4623
"(((2, 3), (4, 1), (5, 3), (5, 4), (6, 4)), (1, 3))","(((2, 3), (4, 2), (5, 3), (5, 4), (6, 4)), (1, 3))",21,4,25.0,21,,,pruned,,,4624
"(((2, 3), (4, 2), (5, 3), (5, 4), (6, 4)), (1, 3))","(((3, 3), (4, 2), (5, 3), (5, 4), (6, 4)), (1, 3))",20,3.0,23.0,20,5,2,expanded,False,True,4625
"(((3, 3), (4, 2), (4, 3), (5, 4), (6, 4)), (1, 3))","(((3, 3), (4, 2), (5, 3), (5, 4), (6, 4)), (1, 3))",20,3.0,23.0,20,2,0,expanded,False,True,4626
"(((3, 3), (3, 4), (4, 2), (4, 3), (6, 4)), (1, 3))","(((3, 3), (4, 2), (4, 3), (4, 4), (6, 4)), (1, 3))",20,3.0,23.0,20,4,0,expanded,False,True,4627
"(((1, 4), (2, 2), (5, 2), (5, 3), (6, 3)), (1, 3))","(((2, 2), (2, 4), (5, 2), (5, 3), (6, 3)), (1, 3))",21,4,25.0,21,,,pruned,,,4628
"(((2, 1), (2, 4), (5, 2), (5, 3), (6, 3)), (1, 3))","(((2, 2), (2, 4), (5, 2), (5, 3), (6, 3)), (1, 3))",21,4,25.0,21,,,pruned,,,4629
"(((2, 2), (2, 4), (5, 2), (5, 3), (6, 2)), (1, 3))","(((2, 2), (2, 4), (5, 2), (5, 3), (6, 3)), (1, 3))",21,4,25.0,21,,,pruned,,,4630
"(((2, 2), (2, 4), (5, 3), (6, 2), (6, 3)), (1, 3))","(((2, 2), (2, 4), (5, 2), (5, 3), (6, 3)), (1, 3))",21,3,24.0,21,,,pruned,,,4631
"(((2, 2), (2, 4), (5, 2), (5, 3), (6, 3)), (1, 3))","(((2, 2), (3, 4), (5, 2), (5, 3), (6, 3)), (1, 3))",20,3.0,23.0,20,6,4,expanded,False,True,4632
"(((1, 4), (3, 3), (4, 3), (5, 3), (6, 5)), (1, 3))","(((2, 4), (3, 3), (4, 3), (5, 3), (6, 5)), (1, 3))",21,4,25.0,21,,,pruned,,,4633
"(((2, 4), (3, 3), (4, 3), (5, 3), (6, 6)), (1, 3))","(((2, 4), (3, 3), (4, 3), (5, 3), (6, 5)), (1, 3))",21,4,25.0,21,,,pruned,,,4634
"(((2, 4), (3, 3), (4, 3), (5, 3), (6, 5)), (1, 3))","(((3, 3), (3, 4), (4, 3), (5, 3), (6, 5)), (1, 3))",20,3.0,23.0,20,8,2,expanded,False,True,4635
"(((1, 3), (3, 4), (4, 2), (5, 3), (6, 4)), (1, 4))","(((2, 3), (3, 4), (4, 2), (5, 3), (6, 4)), (3, 3))",21,4,25.0,21,,,pruned,,,4636
"(((2, 3), (3, 4), (4, 1), (5, 3), (6, 4)), (3, 3))","(((2, 3), (3, 4), (4, 2), (5, 3), (6, 4)), (3, 3))",21,4,25.0,21,,,pruned,,,4637
"(((2, 3), (3, 4), (4, 2), (5, 3), (6, 4)), (3, 3))","(((3, 3), (3, 4), (4, 2), (5, 3), (6, 4)), (4, 3))",20,3.0,23.0,20,6,2,expanded,False,True,4638
"(((1, 4), (3, 3), (4, 2), (5, 3), (6, 4)), (1, 3))","(((2, 4), (3, 3), (4, 2), (5, 3), (6, 4)), (3, 4))",21,4,25.0,21,,,pruned,,,4639
"(((2, 4), (3, 3), (4, 1), (5, 3), (6, 4)), (3, 4))","(((2, 4), (3, 3), (4, 2), (5, 3), (6, 4)), (3, 4))",21,4,25.0,21,,,pruned,,,4640
"(((2, 4), (3, 3), (4, 2), (5, 3), (6, 4)), (3, 4))","(((3, 3), (3, 4), (4, 2), (5, 3), (6, 4)), (4, 3))",20,3.0,23.0,20,6,2,expanded,False,True,4641
"(((2, 1), (3, 4), (4, 2), (5, 3), (6, 3)), (1, 3))","(((2, 2), (3, 4), (4, 2), (5, 3), (6, 3)), (1, 3))",21,4,25.0,21,,,pruned,,,4642
"(((2, 2), (3, 4), (4, 2), (5, 3), (6, 2)), (1, 3))","(((2, 2), (3, 4), (4, 2), (5, 3), (6, 3)), (1, 3))",21,4,25.0,21,,,pruned,,,4643
"(((2, 2), (3, 4), (4, 1), (5, 3), (6, 3)), (1, 3))","(((2, 2), (3, 4), (4, 2), (5, 3), (6, 3)), (1, 3))",21,4,25.0,21,,,pruned,,,4644
"(((2, 2), (3, 4), (4, 2), (5, 3), (6, 3)), (1, 3))","(((2, 2), (4, 2), (4, 4), (5, 3), (6, 3)), (5, 4))",20,3.0,23.0,20,6,3,expanded,False,True,4645
"(((2, 2), (3, 4), (4, 4), (5, 3), (6, 2)), (5, 4))","(((2, 2), (3, 4), (4, 4), (5, 3), (6, 3)), (5, 4))",21,4,25.0,21,,,pruned,,,4646
"(((2, 2), (3, 4), (4, 4), (5, 3), (6, 3)), (5, 4))","(((2, 2), (3, 4), (5, 3), (5, 4), (6, 3)), (5, 5))",20,3.0,23.0,20,2,1,expanded,False,True,4647
"(((2, 3), (4, 2), (5, 2), (5, 4), (6, 2)), (1, 3))","(((2, 3), (4, 2), (5, 2), (5, 4), (6, 3)), (5, 5))",21,4,25.0,21,,,pruned,,,4648
"(((2, 3), (4, 2), (5, 2), (5, 4), (6, 3)), (5, 5))","(((2, 3), (4, 2), (5, 2), (5, 5), (6, 3)), (1, 3))",20,3.0,23.0,20,3,1,expanded,False,True,4649
"(((2, 2), (3, 3), (4, 4), (5, 4), (6, 2)), (2, 1))","(((2, 2), (3, 3), (4, 4), (5, 4), (6, 3)), (5, 5))",21,4,25.0,21,,,pruned,,,4650
"(((2, 2), (3, 3), (4, 4), (5, 4), (6, 3)), (5, 5))","(((2, 2), (3, 3), (4, 4), (5, 5), (6, 3)), (2, 1))",20,3.0,23.0,20,2,1,expanded,False,True,4651
"(((2, 2), (3, 4), (4, 3), (5, 4), (6, 2)), (2, 1))","(((2, 2), (3, 4), (4, 3), (5, 4), (6, 3)), (5, 5))",21,4,25.0,21,,,pruned,,,4652
"(((2, 2), (3, 4), (4, 3), (5, 4), (6, 3)), (5, 5))","(((2, 2), (3, 4), (4, 3), (5, 5), (6, 3)), (2, 1))",20,3.0,23.0,20,3,1,expanded,False,True,4653
"(((1, 3), (4, 3), (6, 3), (6, 4), (6, 5)), (1, 4))","(((2, 3), (4, 3), (6, 3), (6, 4), (6, 5)), (1, 3))",21,4,25.0,21,,,pruned,,,4654
"(((2, 3), (4, 3), (6, 3), (6, 4), (6, 5)), (1, 3))","(((2, 3), (4, 2), (6, 3), (6, 4), (6, 5)), (1, 3))",20,3.0,23.0,20,8,1,expanded,False,True,4655
"(((3, 3), (4, 3), (5, 4), (6, 3), (6, 5)), (1, 3))","(((3, 3), (4, 2), (5, 4), (6, 3), (6, 5)), (1, 3))",20,3.0,23.0,20,5,0,expanded,False,True,4656
"(((2, 3), (3, 4), (4, 3), (5, 3), (6, 6)), (2, 1))","(((2, 3), (3, 4), (4, 3), (5, 3), (6, 5)), (2, 1))",21,4,25.0,21,,,pruned,,,4657
"(((2, 3), (3, 4), (4, 3), (5, 3), (6, 5)), (2, 1))","(((2, 3), (3, 4), (4, 2), (5, 3), (6, 5)), (2, 1))",20,3.0,23.0,20,8,1,expanded,False,True,4658
"(((3, 3), (3, 4), (4, 3), (6, 3), (6, 6)), (1, 3))","(((3, 3), (3, 4), (4, 3), (6, 3), (6, 5)), (1, 3))",21,4,25.0,21,,,pruned,,,4659
"(((3, 3), (3, 4), (4, 3), (6, 2), (6, 5)), (1, 3))","(((3, 3), (3, 4), (4, 3), (6, 3), (6, 5)), (1, 3))",21,4,25.0,21,,,pruned,,,4660
"(((3, 3), (3, 4), (4, 3), (6, 3), (6, 5)), (1, 3))","(((3, 3), (3, 4), (4, 2), (6, 3), (6, 5)), (1, 3))",20,3.0,23.0,20,8,2,expanded,False,True,4661
"(((2, 1), (3, 4), (4, 4), (5, 3), (6, 3)), (1, 3))","(((2, 2), (3, 4), (4, 4), (5, 3), (6, 3)), (1, 3))",21,4,25.0,21,,,pruned,,,4662
"(((2, 2), (3, 4), (4, 4), (5, 3), (6, 3)), (1, 3))","(((2, 2), (3, 4), (4, 4), (5, 2), (6, 3)), (1, 3))",20,3.0,23.0,20,4,1,expanded,False,True,4663
"(((2, 2), (2, 4), (5, 3), (5, 4), (6, 2)), (5, 5))","(((2, 2), (2, 4), (5, 3), (5, 4), (6, 3)), (5, 5))",21,4,25.0,21,,,pruned,,,4664
"(((2, 2), (2, 4), (5, 3), (5, 4), (6, 3)), (5, 5))","(((2, 2), (2, 4), (5, 3), (5, 5), (6, 3)), (1, 3))",20,3.0,23.0,20,2,1,expanded,False,True,4665
"(((2, 3), (3, 3), (4, 4), (5, 2), (6, 2)), (2, 1))","(((2, 3), (3, 3), (4, 4), (5, 2), (6, 3)), (2, 1))",22,3,25.0,22,,,pruned,,,4666
"(((2, 3), (3, 3), (4, 4), (6, 2), (6, 3)), (2, 1))","(((2, 3), (3, 3), (4, 4), (5, 2), (6, 3)), (2, 1))",22,2,24.0,22,,,pruned,,,4667
"(((2, 3), (3, 3), (4, 4), (5, 1), (6, 3)), (2, 1))","(((2, 3), (3, 3), (4, 4), (5, 2), (6, 3)), (2, 1))",22,3,25.0,22,,,pruned,,,4668
"(((2, 3), (3, 3), (4, 4), (5, 2), (6, 3)), (2, 1))","(((2, 3), (3, 3), (4, 4), (5, 3), (6, 3)), (5, 4))",21,2.0,23.0,21,6,3,expanded,False,True,4669
"(((2, 3), (3, 3), (3, 4), (4, 3), (6, 4)), (2, 1))","(((2, 3), (3, 3), (3, 4), (5, 3), (6, 4)), (2, 1))",21,2.0,23.0,21,6,0,expanded,False,True,4670
"(((1, 3), (4, 2), (5, 3), (5, 4), (6, 3)), (1, 4))","(((2, 3), (4, 2), (5, 3), (5, 4), (6, 3)), (1, 3))",22,3,25.0,22,,,pruned,,,4671
"(((2, 3), (4, 1), (5, 3), (5, 4), (6, 3)), (1, 3))","(((2, 3), (4, 2), (5, 3), (5, 4), (6, 3)), (1, 3))",22,3,25.0,22,,,pruned,,,4672
"(((2, 3), (4, 2), (5, 3), (5, 4), (6, 3)), (1, 3))","(((3, 3), (4, 2), (5, 3), (5, 4), (6, 3)), (1, 3))",21,2.0,23.0,21,5,2,expanded,False,True,4673
"(((1, 4), (3, 3), (4, 3), (5, 3), (6, 4)), (1, 3))","(((2, 4), (3, 3), (4, 3), (5, 3), (6, 4)), (3, 4))",22,3,25.0,22,,,pruned,,,4674
"(((2, 4), (3, 3), (4, 3), (5, 3), (6, 4)), (3, 4))","(((3, 3), (3, 4), (4, 3), (5, 3), (6, 4)), (4, 4))",21,2.0,23.0,21,4,1,expanded,False,True,4675
"(((3, 3), (4, 2), (4, 3), (5, 4), (6, 3)), (1, 3))","(((3, 3), (4, 2), (4, 3), (4, 4), (6, 3)), (1, 3))",21,2.0,23.0,21,3,0,expanded,False,True,4676
"(((3, 3), (3, 4), (4, 2), (4, 3), (6, 2)), (1, 3))","(((3, 3), (3, 4), (4, 2), (4, 3), (6, 3)), (1, 3))",22,3,25.0,22,,,pruned,,,4677
"(((3, 3), (3, 4), (4, 2), (4, 3), (6, 3)), (1, 3))","(((3, 3), (4, 2), (4, 3), (4, 4), (6, 3)), (1, 3))",21,2.0,23.0,21,4,1,expanded,False,True,4678
"(((2, 2), (3, 4), (4, 3), (5, 3), (6, 2)), (4, 4))","(((2, 2), (3, 4), (4, 3), (5, 3), (6, 3)), (4, 4))",22,3,25.0,22,,,pruned,,,4679
"(((2, 2), (3, 4), (4, 3), (5, 3), (6, 3)), (4, 4))","(((2, 2), (4, 3), (4, 4), (5, 3), (6, 3)), (5, 4))",21,2.0,23.0,21,4,1,expanded,False,True,4680
"(((1, 3), (4, 2), (5, 2), (5, 3), (6, 3)), (1, 4))","(((2, 3), (4, 2), (5, 2), (5, 3), (6, 3)), (1, 3))",22,3,25.0,22,,,pruned,,,4681
"(((2, 3), (4, 2), (5, 2), (5, 3), (6, 2)), (1, 3))","(((2, 3), (4, 2), (5, 2), (5, 3), (6, 3)), (1, 3))",22,3,25.0,22,,,pruned,,,4682
"(((2, 3), (4, 1), (5, 2), (5, 3), (6, 3)), (1, 3))","(((2, 3), (4, 2), (5, 2), (5, 3), (6, 3)), (1, 3))",22,3,25.0,22,,,pruned,,,4683
"(((2, 3), (4, 2), (5, 2), (5, 3), (6, 3)), (1, 3))","(((2, 3), (4, 2), (5, 2), (5, 4), (6, 3)), (5, 5))",21,2.0,23.0,21,5,3,expanded,False,True,4684
"(((2, 2), (3, 3), (4, 4), (5, 3), (6, 2)), (5, 4))","(((2, 2), (3, 3), (4, 4), (5, 3), (6, 3)), (5, 4))",22,3,25.0,22,,,pruned,,,4685
"(((2, 2), (3, 3), (4, 4), (5, 3), (6, 3)), (5, 4))","(((2, 2), (3, 3), (4, 4), (5, 4), (6, 3)), (5, 5))",21,2.0,23.0,21,3,1,expanded,False,True,4686
"(((2, 3), (3, 4), (4, 3), (5, 3), (6, 4)), (4, 4))","(((2, 3), (3, 4), (4, 3), (5, 3), (6, 5)), (2, 1))",21,2.0,23.0,21,4,0,expanded,False,True,4687
"(((2, 3), (3, 3), (4, 4), (5, 3), (6, 3)), (2, 1))","(((2, 3), (3, 3), (4, 4), (5, 2), (6, 3)), (2, 1))",22,1.0,23.0,22,3,0,expanded,False,True,4688
"(((2, 3), (3, 3), (3, 4), (4, 3), (6, 2)), (2, 1))","(((2, 3), (3, 3), (3, 4), (4, 3), (6, 3)), (2, 1))",23,2,25.0,23,,,pruned,,,4689
"(((2, 3), (3, 3), (3, 4), (4, 3), (6, 3)), (2, 1))","(((2, 3), (3, 3), (3, 4), (4, 3), (6, 4)), (2, 1))",22,1.0,23.0,22,6,1,expanded,False,True,4690
"(((2, 1), (4, 4), (5, 4), (6, 4), (6, 5)), (1, 3))","(((2, 2), (4, 4), (5, 4), (6, 4), (6, 5)), (1, 3))",19,7,26.0,19,,,pruned,,,4691
"(((2, 2), (4, 4), (5, 4), (6, 4), (6, 5)), (1, 3))","(((2, 2), (4, 4), (5, 4), (6, 3), (6, 5)), (1, 3))",18,6.0,24.0,18,3,1,expanded,False,True,4692
"(((2, 1), (4, 2), (5, 4), (6, 4), (6, 5)), (1, 3))","(((2, 2), (4, 2), (5, 4), (6, 4), (6, 5)), (1, 3))",19,7,26.0,19,,,pruned,,,4693
"(((2, 2), (4, 1), (5, 4), (6, 4), (6, 5)), (1, 3))","(((2, 2), (4, 2), (5, 4), (6, 4), (6, 5)), (1, 3))",19,7,26.0,19,,,pruned,,,4694
"(((2, 2), (4, 2), (5, 4), (6, 4), (6, 5)), (1, 3))","(((2, 3), (4, 2), (5, 4), (6, 4), (6, 5)), (1, 3))",18,6.0,24.0,18,5,2,expanded,False,True,4695
"(((2, 1), (4, 2), (5, 2), (6, 4), (6, 5)), (1, 3))","(((2, 2), (4, 2), (5, 2), (6, 4), (6, 5)), (1, 3))",19,7,26.0,19,,,pruned,,,4696
"(((2, 2), (4, 1), (5, 2), (6, 4), (6, 5)), (1, 3))","(((2, 2), (4, 2), (5, 2), (6, 4), (6, 5)), (1, 3))",19,7,26.0,19,,,pruned,,,4697
"(((2, 2), (4, 2), (5, 1), (6, 4), (6, 5)), (1, 3))","(((2, 2), (4, 2), (5, 2), (6, 4), (6, 5)), (1, 3))",19,7,26.0,19,,,pruned,,,4698
"(((2, 2), (4, 2), (5, 2), (6, 4), (6, 5)), (1, 3))","(((2, 3), (4, 2), (5, 2), (6, 4), (6, 5)), (1, 3))",18,6.0,24.0,18,3,3,expanded,True,True,4699
"(((3, 3), (4, 2), (5, 2), (5, 6), (6, 5)), (1, 3))","(((3, 3), (4, 2), (5, 2), (5, 5), (6, 5)), (1, 3))",19,7,26.0,19,,,pruned,,,4700
"(((3, 3), (4, 2), (5, 2), (5, 5), (6, 6)), (1, 3))","(((3, 3), (4, 2), (5, 2), (5, 5), (6, 5)), (1, 3))",19,7,26.0,19,,,pruned,,,4701
"(((3, 3), (4, 1), (5, 2), (5, 5), (6, 5)), (1, 3))","(((3, 3), (4, 2), (5, 2), (5, 5), (6, 5)), (1, 3))",19,7,26.0,19,,,pruned,,,4702
"(((3, 3), (4, 2), (5, 1), (5, 5), (6, 5)), (1, 3))","(((3, 3), (4, 2), (5, 2), (5, 5), (6, 5)), (1, 3))",19,7,26.0,19,,,pruned,,,4703
"(((3, 3), (4, 2), (5, 2), (5, 5), (6, 5)), (1, 3))","(((3, 3), (4, 2), (5, 2), (5, 4), (6, 5)), (1, 3))",18,6.0,24.0,18,8,4,expanded,False,True,4704
"(((2, 1), (4, 4), (5, 2), (6, 4), (6, 5)), (1, 3))","(((2, 2), (4, 4), (5, 2), (6, 4), (6, 5)), (1, 3))",19,7,26.0,19,,,pruned,,,4705
"(((2, 2), (4, 4), (6, 2), (6, 4), (6, 5)), (1, 3))","(((2, 2), (4, 4), (5, 2), (6, 4), (6, 5)), (1, 3))",19,6,25.0,19,,,pruned,,,4706
"(((2, 2), (4, 4), (5, 1), (6, 4), (6, 5)), (1, 3))","(((2, 2), (4, 4), (5, 2), (6, 4), (6, 5)), (1, 3))",19,7,26.0,19,,,pruned,,,4707
"(((2, 2), (4, 4), (5, 2), (6, 4), (6, 5)), (1, 3))","(((2, 3), (4, 4), (5, 2), (6, 4), (6, 5)), (1, 3))",18,6.0,24.0,18,8,3,expanded,False,True,4708
"(((2, 1), (3, 4), (4, 2), (6, 4), (6, 5)), (1, 3))","(((2, 2), (3, 4), (4, 2), (6, 4), (6, 5)), (1, 3))",19,7,26.0,19,,,pruned,,,4709
"(((2, 2), (3, 4), (4, 1), (6, 4), (6, 5)), (1, 3))","(((2, 2), (3, 4), (4, 2), (6, 4), (6, 5)), (1, 3))",19,7,26.0,19,,,pruned,,,4710
"(((2, 2), (3, 4), (4, 2), (6, 4), (6, 5)), (1, 3))","(((2, 2), (4, 2), (4, 4), (6, 4), (6, 5)), (1, 3))",18,6.0,24.0,18,6,2,expanded,False,True,4711
"(((1, 4), (2, 2), (4, 2), (5, 2), (6, 5)), (1, 3))","(((2, 2), (2, 4), (4, 2), (5, 2), (6, 5)), (1, 3))",19,7,26.0,19,,,pruned,,,4712
"(((2, 2), (2, 4), (4, 2), (5, 2), (6, 6)), (1, 3))","(((2, 2), (2, 4), (4, 2), (5, 2), (6, 5)), (1, 3))",19,7,26.0,19,,,pruned,,,4713
"(((2, 1), (2, 4), (4, 2), (5, 2), (6, 5)), (1, 3))","(((2, 2), (2, 4), (4, 2), (5, 2), (6, 5)), (1, 3))",19,7,26.0,19,,,pruned,,,4714
"(((2, 2), (2, 4), (4, 1), (5, 2), (6, 5)), (1, 3))","(((2, 2), (2, 4), (4, 2), (5, 2), (6, 5)), (1, 3))",19,7,26.0,19,,,pruned,,,4715
"(((2, 2), (2, 4), (4, 2), (5, 1), (6, 5)), (1, 3))","(((2, 2), (2, 4), (4, 2), (5, 2), (6, 5)), (1, 3))",19,7,26.0,19,,,pruned,,,4716
"(((2, 2), (2, 4), (4, 2), (5, 2), (6, 5)), (1, 3))","(((2, 2), (3, 4), (4, 2), (5, 2), (6, 5)), (1, 3))",18,6.0,24.0,18,7,5,expanded,False,True,4717
"(((2, 2), (4, 2), (5, 6), (6, 3), (6, 4)), (1, 3))","(((2, 2), (4, 2), (5, 5), (6, 3), (6, 4)), (1, 3))",20,6,26.0,20,,,pruned,,,4718
"(((2, 1), (4, 2), (5, 5), (6, 3), (6, 4)), (1, 3))","(((2, 2), (4, 2), (5, 5), (6, 3), (6, 4)), (1, 3))",20,6,26.0,20,,,pruned,,,4719
"(((2, 2), (4, 1), (5, 5), (6, 3), (6, 4)), (1, 3))","(((2, 2), (4, 2), (5, 5), (6, 3), (6, 4)), (1, 3))",20,6,26.0,20,,,pruned,,,4720
"(((2, 2), (4, 2), (5, 5), (6, 3), (6, 4)), (1, 3))","(((2, 2), (4, 2), (5, 4), (6, 3), (6, 4)), (1, 3))",19,5.0,24.0,19,5,3,expanded,False,True,4721
"(((3, 3), (4, 2), (5, 2), (5, 6), (6, 4)), (1, 3))","(((3, 3), (4, 2), (5, 2), (5, 5), (6, 4)), (1, 3))",20,6,26.0,20,,,pruned,,,4722
"(((3, 3), (4, 1), (5, 2), (5, 5), (6, 4)), (1, 3))","(((3, 3), (4, 2), (5, 2), (5, 5), (6, 4)), (1, 3))",20,6,26.0,20,,,pruned,,,4723
"(((3, 3), (4, 2), (5, 1), (5, 5), (6, 4)), (1, 3))","(((3, 3), (4, 2), (5, 2), (5, 5), (6, 4)), (1, 3))",20,6,26.0,20,,,pruned,,,4724
"(((3, 3), (4, 2), (5, 2), (5, 5), (6, 4)), (1, 3))","(((3, 3), (4, 2), (5, 2), (5, 4), (6, 4)), (1, 3))",19,5.0,24.0,19,8,3,expanded,False,True,4725
"(((2, 1), (5, 4), (6, 3), (6, 4), (6, 5)), (1, 3))","(((2, 2), (5, 4), (6, 3), (6, 4), (6, 5)), (1, 3))",20,6,26.0,20,,,pruned,,,4726
"(((2, 2), (5, 4), (6, 3), (6, 4), (6, 5)), (1, 3))","(((2, 3), (5, 4), (6, 3), (6, 4), (6, 5)), (1, 3))",19,5.0,24.0,19,3,1,expanded,False,True,4727
"(((3, 3), (5, 2), (5, 6), (6, 3), (6, 5)), (1, 3))","(((3, 3), (5, 2), (5, 5), (6, 3), (6, 5)), (1, 3))",20,6,26.0,20,,,pruned,,,4728
"(((3, 3), (5, 2), (5, 5), (6, 3), (6, 6)), (1, 3))","(((3, 3), (5, 2), (5, 5), (6, 3), (6, 5)), (1, 3))",20,6,26.0,20,,,pruned,,,4729
"(((3, 3), (5, 2), (5, 5), (6, 2), (6, 5)), (1, 3))","(((3, 3), (5, 2), (5, 5), (6, 3), (6, 5)), (1, 3))",20,6,26.0,20,,,pruned,,,4730
"(((3, 3), (5, 5), (6, 2), (6, 3), (6, 5)), (1, 3))","(((3, 3), (5, 2), (5, 5), (6, 3), (6, 5)), (1, 3))",20,5,25.0,20,,,pruned,,,4731
"(((3, 3), (5, 1), (5, 5), (6, 3), (6, 5)), (1, 3))","(((3, 3), (5, 2), (5, 5), (6, 3), (6, 5)), (1, 3))",20,6,26.0,20,,,pruned,,,4732
"(((3, 3), (5, 2), (5, 5), (6, 3), (6, 5)), (1, 3))","(((3, 3), (5, 2), (5, 4), (6, 3), (6, 5)), (1, 3))",19,5.0,24.0,19,8,5,expanded,False,True,4733
"(((2, 2), (4, 4), (5, 2), (6, 3), (6, 6)), (1, 3))","(((2, 2), (4, 4), (5, 2), (6, 3), (6, 5)), (1, 3))",20,6,26.0,20,,,pruned,,,4734
"(((2, 1), (4, 4), (5, 2), (6, 3), (6, 5)), (1, 3))","(((2, 2), (4, 4), (5, 2), (6, 3), (6, 5)), (1, 3))",20,6,26.0,20,,,pruned,,,4735
"(((2, 2), (4, 4), (5, 2), (6, 2), (6, 5)), (1, 3))","(((2, 2), (4, 4), (5, 2), (6, 3), (6, 5)), (1, 3))",20,6,26.0,20,,,pruned,,,4736
"(((2, 2), (4, 4), (6, 2), (6, 3), (6, 5)), (1, 3))","(((2, 2), (4, 4), (5, 2), (6, 3), (6, 5)), (1, 3))",20,5,25.0,20,,,pruned,,,4737
"(((2, 2), (4, 4), (5, 1), (6, 3), (6, 5)), (1, 3))","(((2, 2), (4, 4), (5, 2), (6, 3), (6, 5)), (1, 3))",20,6,26.0,20,,,pruned,,,4738
"(((2, 2), (4, 4), (5, 2), (6, 3), (6, 5)), (1, 3))","(((2, 3), (4, 4), (5, 2), (6, 3), (6, 5)), (1, 3))",19,5.0,24.0,19,10,5,expanded,False,True,4739
"(((2, 1), (4, 4), (5, 3), (6, 4), (6, 5)), (1, 3))","(((2, 2), (4, 4), (5, 3), (6, 4), (6, 5)), (1, 3))",20,6,26.0,20,,,pruned,,,4740
"(((2, 2), (4, 4), (5, 3), (6, 4), (6, 5)), (1, 3))","(((2, 3), (4, 4), (5, 3), (6, 4), (6, 5)), (1, 3))",19,5.0,24.0,19,6,1,expanded,False,True,4741
"(((1, 3), (2, 2), (4, 4), (5, 4), (6, 5)), (1, 4))","(((2, 2), (2, 3), (4, 4), (5, 4), (6, 5)), (1, 3))",20,6,26.0,20,,,pruned,,,4742
"(((2, 2), (2, 3), (4, 4), (5, 4), (6, 6)), (1, 3))","(((2, 2), (2, 3), (4, 4), (5, 4), (6, 5)), (1, 3))",20,6,26.0,20,,,pruned,,,4743
"(((2, 2), (2, 3), (4, 4), (5, 4), (6, 5)), (1, 3))","(((2, 2), (2, 3), (4, 4), (5, 4), (6, 4)), (1, 3))",19,5.0,24.0,19,4,2,expanded,False,True,4744
"(((2, 1), (4, 2), (5, 3), (6, 4), (6, 5)), (1, 3))","(((2, 2), (4, 2), (5, 3), (6, 4), (6, 5)), (1, 3))",20,6,26.0,20,,,pruned,,,4745
"(((2, 2), (4, 1), (5, 3), (6, 4), (6, 5)), (1, 3))","(((2, 2), (4, 2), (5, 3), (6, 4), (6, 5)), (1, 3))",20,6,26.0,20,,,pruned,,,4746
"(((2, 2), (4, 2), (5, 3), (6, 4), (6, 5)), (1, 3))","(((2, 3), (4, 2), (5, 3), (6, 4), (6, 5)), (1, 3))",19,5.0,24.0,19,4,2,expanded,False,True,4747
"(((3, 3), (4, 4), (5, 2), (5, 4), (6, 6)), (1, 3))","(((3, 3), (4, 4), (5, 2), (5, 4), (6, 5)), (1, 3))",20,6,26.0,20,,,pruned,,,4748
"(((3, 3), (4, 4), (5, 4), (6, 2), (6, 5)), (1, 3))","(((3, 3), (4, 4), (5, 2), (5, 4), (6, 5)), (1, 3))",20,5,25.0,20,,,pruned,,,4749
"(((3, 3), (4, 4), (5, 1), (5, 4), (6, 5)), (1, 3))","(((3, 3), (4, 4), (5, 2), (5, 4), (6, 5)), (1, 3))",20,6,26.0,20,,,pruned,,,4750
"(((3, 3), (4, 4), (5, 2), (5, 4), (6, 5)), (1, 3))","(((3, 3), (4, 3), (5, 2), (5, 4), (6, 5)), (1, 3))",19,5.0,24.0,19,8,3,expanded,False,True,4751
"(((2, 1), (3, 4), (5, 4), (5, 5), (6, 3)), (1, 3))","(((2, 2), (3, 4), (5, 4), (5, 5), (6, 3)), (1, 3))",20,6,26.0,20,,,pruned,,,4752
"(((2, 2), (3, 4), (5, 4), (5, 5), (6, 3)), (1, 3))","(((2, 2), (3, 4), (5, 3), (5, 5), (6, 3)), (1, 3))",19,5.0,24.0,19,6,1,expanded,False,True,4753
"(((2, 1), (3, 4), (6, 3), (6, 4), (6, 5)), (1, 3))","(((2, 2), (3, 4), (6, 3), (6, 4), (6, 5)), (1, 3))",20,6,26.0,20,,,pruned,,,4754
"(((2, 2), (3, 4), (6, 3), (6, 4), (6, 5)), (1, 3))","(((2, 2), (4, 4), (6, 3), (6, 4), (6, 5)), (1, 3))",19,5.0,24.0,19,4,1,expanded,False,True,4755
"(((1, 4), (2, 2), (4, 2), (5, 5), (6, 3)), (1, 3))","(((2, 2), (2, 4), (4, 2), (5, 5), (6, 3)), (1, 3))",20,6,26.0,20,,,pruned,,,4756
"(((2, 2), (2, 4), (4, 2), (5, 6), (6, 3)), (1, 3))","(((2, 2), (2, 4), (4, 2), (5, 5), (6, 3)), (1, 3))",20,6,26.0,20,,,pruned,,,4757
"(((2, 1), (2, 4), (4, 2), (5, 5), (6, 3)), (1, 3))","(((2, 2), (2, 4), (4, 2), (5, 5), (6, 3)), (1, 3))",20,6,26.0,20,,,pruned,,,4758
"(((2, 2), (2, 4), (4, 2), (5, 5), (6, 2)), (1, 3))","(((2, 2), (2, 4), (4, 2), (5, 5), (6, 3)), (1, 3))",20,6,26.0,20,,,pruned,,,4759
"(((2, 2), (2, 4), (4, 1), (5, 5), (6, 3)), (1, 3))","(((2, 2), (2, 4), (4, 2), (5, 5), (6, 3)), (1, 3))",20,6,26.0,20,,,pruned,,,4760
"(((2, 2), (2, 4), (4, 2), (5, 5), (6, 3)), (1, 3))","(((2, 2), (3, 4), (4, 2), (5, 5), (6, 3)), (1, 3))",19,5.0,24.0,19,10,5,expanded,False,True,4761
"(((1, 4), (2, 2), (4, 2), (5, 2), (6, 4)), (1, 3))","(((2, 2), (2, 4), (4, 2), (5, 2), (6, 4)), (1, 3))",20,6,26.0,20,,,pruned,,,4762
"(((2, 1), (2, 4), (4, 2), (5, 2), (6, 4)), (1, 3))","(((2, 2), (2, 4), (4, 2), (5, 2), (6, 4)), (1, 3))",20,6,26.0,20,,,pruned,,,4763
"(((2, 2), (2, 4), (4, 1), (5, 2), (6, 4)), (1, 3))","(((2, 2), (2, 4), (4, 2), (5, 2), (6, 4)), (1, 3))",20,6,26.0,20,,,pruned,,,4764
"(((2, 2), (2, 4), (4, 2), (5, 1), (6, 4)), (1, 3))","(((2, 2), (2, 4), (4, 2), (5, 2), (6, 4)), (1, 3))",20,6,26.0,20,,,pruned,,,4765
"(((2, 2), (2, 4), (4, 2), (5, 2), (6, 4)), (1, 3))","(((2, 2), (3, 4), (4, 2), (5, 2), (6, 4)), (1, 3))",19,5.0,24.0,19,7,4,expanded,False,True,4766
"(((2, 2), (3, 4), (4, 3), (6, 4), (6, 5)), (2, 1))","(((2, 2), (4, 3), (4, 4), (6, 4), (6, 5)), (2, 1))",19,5.0,24.0,19,5,0,expanded,False,True,4767
"(((2, 2), (3, 3), (4, 4), (6, 4), (6, 5)), (2, 1))","(((2, 2), (4, 3), (4, 4), (6, 4), (6, 5)), (2, 1))",19,5.0,24.0,19,3,0,expanded,False,True,4768
"(((5, 2), (5, 3), (5, 6), (6, 3), (6, 5)), (1, 3))","(((5, 2), (5, 3), (5, 5), (6, 3), (6, 5)), (1, 3))",20,6,26.0,20,,,pruned,,,4769
"(((5, 2), (5, 3), (5, 5), (6, 3), (6, 6)), (1, 3))","(((5, 2), (5, 3), (5, 5), (6, 3), (6, 5)), (1, 3))",20,6,26.0,20,,,pruned,,,4770
"(((5, 2), (5, 3), (5, 5), (6, 2), (6, 5)), (1, 3))","(((5, 2), (5, 3), (5, 5), (6, 3), (6, 5)), (1, 3))",20,6,26.0,20,,,pruned,,,4771
"(((5, 3), (5, 5), (6, 2), (6, 3), (6, 5)), (1, 3))","(((5, 2), (5, 3), (5, 5), (6, 3), (6, 5)), (1, 3))",20,5,25.0,20,,,pruned,,,4772
"(((5, 2), (5, 3), (5, 5), (6, 3), (6, 5)), (1, 3))","(((4, 3), (5, 2), (5, 5), (6, 3), (6, 5)), (1, 3))",19,5.0,24.0,19,4,4,expanded,True,True,4773
"(((2, 2), (4, 3), (5, 4), (6, 4), (6, 5)), (2, 1))","(((2, 2), (4, 2), (5, 4), (6, 4), (6, 5)), (1, 3))",19,5.0,24.0,19,4,0,expanded,False,True,4774
"(((3, 3), (4, 3), (5, 2), (5, 6), (6, 5)), (1, 3))","(((3, 3), (4, 3), (5, 2), (5, 5), (6, 5)), (1, 3))",20,6,26.0,20,,,pruned,,,4775
"(((3, 3), (4, 3), (5, 2), (5, 5), (6, 6)), (1, 3))","(((3, 3), (4, 3), (5, 2), (5, 5), (6, 5)), (1, 3))",20,6,26.0,20,,,pruned,,,4776
"(((3, 3), (4, 3), (5, 5), (6, 2), (6, 5)), (1, 3))","(((3, 3), (4, 3), (5, 2), (5, 5), (6, 5)), (1, 3))",20,5,25.0,20,,,pruned,,,4777
"(((3, 3), (4, 3), (5, 1), (5, 5), (6, 5)), (1, 3))","(((3, 3), (4, 3), (5, 2), (5, 5), (6, 5)), (1, 3))",20,6,26.0,20,,,pruned,,,4778
"(((3, 3), (4, 3), (5, 2), (5, 5), (6, 5)), (1, 3))","(((3, 3), (4, 2), (5, 2), (5, 5), (6, 5)), (1, 3))",19,5.0,24.0,19,8,4,expanded,False,True,4779
"(((3, 3), (4, 2), (5, 3), (5, 6), (6, 5)), (1, 3))","(((3, 3), (4, 2), (5, 3), (5, 5), (6, 5)), (1, 3))",20,6,26.0,20,,,pruned,,,4780
"(((3, 3), (4, 2), (5, 3), (5, 5), (6, 6)), (1, 3))","(((3, 3), (4, 2), (5, 3), (5, 5), (6, 5)), (1, 3))",20,6,26.0,20,,,pruned,,,4781
"(((3, 3), (4, 1), (5, 3), (5, 5), (6, 5)), (1, 3))","(((3, 3), (4, 2), (5, 3), (5, 5), (6, 5)), (1, 3))",20,6,26.0,20,,,pruned,,,4782
"(((3, 3), (4, 2), (5, 3), (5, 5), (6, 5)), (1, 3))","(((3, 3), (4, 2), (5, 2), (5, 5), (6, 5)), (1, 3))",19,5.0,24.0,19,10,3,expanded,False,True,4783
"(((2, 2), (4, 3), (5, 6), (6, 3), (6, 4)), (1, 3))","(((2, 2), (4, 3), (5, 5), (6, 3), (6, 4)), (1, 3))",21,5,26.0,21,,,pruned,,,4784
"(((2, 1), (4, 3), (5, 5), (6, 3), (6, 4)), (1, 3))","(((2, 2), (4, 3), (5, 5), (6, 3), (6, 4)), (1, 3))",21,5,26.0,21,,,pruned,,,4785
"(((2, 2), (4, 3), (5, 5), (6, 3), (6, 4)), (1, 3))","(((2, 3), (4, 3), (5, 5), (6, 3), (6, 4)), (1, 3))",20,4.0,24.0,20,7,2,expanded,False,True,4786
"(((3, 3), (4, 2), (5, 2), (5, 6), (6, 3)), (1, 3))","(((3, 3), (4, 2), (5, 2), (5, 5), (6, 3)), (1, 3))",21,5,26.0,21,,,pruned,,,4787
"(((3, 3), (4, 2), (5, 2), (5, 5), (6, 2)), (1, 3))","(((3, 3), (4, 2), (5, 2), (5, 5), (6, 3)), (1, 3))",21,5,26.0,21,,,pruned,,,4788
"(((3, 3), (4, 1), (5, 2), (5, 5), (6, 3)), (1, 3))","(((3, 3), (4, 2), (5, 2), (5, 5), (6, 3)), (1, 3))",21,5,26.0,21,,,pruned,,,4789
"(((3, 3), (4, 2), (5, 1), (5, 5), (6, 3)), (1, 3))","(((3, 3), (4, 2), (5, 2), (5, 5), (6, 3)), (1, 3))",21,5,26.0,21,,,pruned,,,4790
"(((3, 3), (4, 2), (5, 2), (5, 5), (6, 3)), (1, 3))","(((3, 3), (4, 2), (5, 2), (5, 4), (6, 3)), (1, 3))",20,4.0,24.0,20,9,4,expanded,False,True,4791
"(((2, 1), (4, 4), (5, 3), (6, 3), (6, 5)), (1, 3))","(((2, 2), (4, 4), (5, 3), (6, 3), (6, 5)), (1, 3))",21,5,26.0,21,,,pruned,,,4792
"(((2, 2), (4, 4), (5, 3), (6, 3), (6, 5)), (1, 3))","(((2, 3), (4, 4), (5, 3), (6, 3), (6, 5)), (1, 3))",20,4.0,24.0,20,5,1,expanded,False,True,4793
"(((1, 3), (2, 2), (4, 4), (5, 5), (6, 3)), (1, 4))","(((2, 2), (2, 3), (4, 4), (5, 5), (6, 3)), (1, 3))",21,5,26.0,21,,,pruned,,,4794
"(((2, 2), (2, 3), (4, 4), (5, 6), (6, 3)), (1, 3))","(((2, 2), (2, 3), (4, 4), (5, 5), (6, 3)), (1, 3))",21,5,26.0,21,,,pruned,,,4795
"(((2, 2), (2, 3), (4, 4), (5, 5), (6, 2)), (1, 3))","(((2, 2), (2, 3), (4, 4), (5, 5), (6, 3)), (1, 3))",21,5,26.0,21,,,pruned,,,4796
"(((2, 2), (2, 3), (4, 4), (5, 5), (6, 3)), (1, 3))","(((2, 2), (2, 3), (4, 4), (5, 4), (6, 3)), (1, 3))",20,4.0,24.0,20,8,3,expanded,False,True,4797
"(((2, 1), (3, 4), (4, 4), (6, 3), (6, 4)), (1, 3))","(((2, 2), (3, 4), (4, 4), (6, 3), (6, 4)), (1, 3))",21,5,26.0,21,,,pruned,,,4798
"(((2, 2), (3, 4), (4, 4), (6, 3), (6, 4)), (1, 3))","(((2, 2), (3, 4), (4, 3), (6, 3), (6, 4)), (2, 1))",20,4.0,24.0,20,2,1,expanded,False,True,4799
"(((2, 1), (3, 3), (5, 4), (5, 5), (6, 3)), (1, 3))","(((2, 2), (3, 3), (5, 4), (5, 5), (6, 3)), (1, 3))",21,5,26.0,21,,,pruned,,,4800
"(((2, 2), (3, 3), (5, 4), (5, 5), (6, 3)), (1, 3))","(((2, 3), (3, 3), (5, 4), (5, 5), (6, 3)), (1, 3))",20,4.0,24.0,20,6,1,expanded,False,True,4801
"(((3, 3), (4, 4), (5, 4), (6, 2), (6, 4)), (1, 3))","(((3, 3), (4, 4), (5, 2), (5, 4), (6, 4)), (1, 3))",21,4,25.0,21,,,pruned,,,4802
"(((3, 3), (4, 4), (5, 1), (5, 4), (6, 4)), (1, 3))","(((3, 3), (4, 4), (5, 2), (5, 4), (6, 4)), (1, 3))",21,5,26.0,21,,,pruned,,,4803
"(((3, 3), (4, 4), (5, 2), (5, 4), (6, 4)), (1, 3))","(((3, 3), (4, 3), (5, 2), (5, 4), (6, 4)), (1, 3))",20,4.0,24.0,20,8,2,expanded,False,True,4804
"(((3, 3), (4, 4), (5, 3), (5, 4), (6, 6)), (1, 3))","(((3, 3), (4, 4), (5, 3), (5, 4), (6, 5)), (1, 3))",21,5,26.0,21,,,pruned,,,4805
"(((3, 3), (4, 4), (5, 3), (5, 4), (6, 5)), (1, 3))","(((3, 3), (4, 3), (5, 3), (5, 4), (6, 5)), (1, 3))",20,4.0,24.0,20,5,1,expanded,False,True,4806
"(((3, 3), (3, 4), (4, 3), (5, 2), (6, 6)), (4, 4))","(((3, 3), (3, 4), (4, 3), (5, 2), (6, 5)), (4, 4))",21,5,26.0,21,,,pruned,,,4807
"(((3, 3), (3, 4), (4, 3), (5, 1), (6, 5)), (1, 3))","(((3, 3), (3, 4), (4, 3), (5, 2), (6, 5)), (4, 4))",21,5,26.0,21,,,pruned,,,4808
"(((3, 3), (3, 4), (4, 3), (5, 2), (6, 5)), (4, 4))","(((3, 3), (3, 4), (4, 3), (5, 3), (6, 5)), (1, 3))",20,4.0,24.0,20,6,2,expanded,False,True,4809
"(((2, 2), (3, 3), (3, 4), (5, 6), (6, 3)), (2, 1))","(((2, 2), (3, 3), (3, 4), (5, 5), (6, 3)), (2, 1))",21,5,26.0,21,,,pruned,,,4810
"(((2, 2), (3, 3), (3, 4), (5, 5), (6, 2)), (2, 1))","(((2, 2), (3, 3), (3, 4), (5, 5), (6, 3)), (2, 1))",21,5,26.0,21,,,pruned,,,4811
"(((2, 2), (3, 3), (3, 4), (5, 5), (6, 3)), (2, 1))","(((2, 2), (3, 3), (4, 4), (5, 5), (6, 3)), (2, 1))",20,4.0,24.0,20,7,2,expanded,False,True,4812
"(((1, 4), (2, 2), (4, 2), (5, 2), (6, 3)), (1, 3))","(((2, 2), (2, 4), (4, 2), (5, 2), (6, 3)), (1, 3))",21,5,26.0,21,,,pruned,,,4813
"(((2, 1), (2, 4), (4, 2), (5, 2), (6, 3)), (1, 3))","(((2, 2), (2, 4), (4, 2), (5, 2), (6, 3)), (1, 3))",21,5,26.0,21,,,pruned,,,4814
"(((2, 2), (2, 4), (4, 2), (5, 2), (6, 2)), (1, 3))","(((2, 2), (2, 4), (4, 2), (5, 2), (6, 3)), (1, 3))",21,5,26.0,21,,,pruned,,,4815
"(((2, 2), (2, 4), (4, 1), (5, 2), (6, 3)), (1, 3))","(((2, 2), (2, 4), (4, 2), (5, 2), (6, 3)), (1, 3))",21,5,26.0,21,,,pruned,,,4816
"(((2, 2), (2, 4), (4, 2), (5, 1), (6, 3)), (1, 3))","(((2, 2), (2, 4), (4, 2), (5, 2), (6, 3)), (1, 3))",21,5,26.0,21,,,pruned,,,4817
"(((2, 2), (2, 4), (4, 2), (5, 2), (6, 3)), (1, 3))","(((2, 2), (3, 4), (4, 2), (5, 2), (6, 3)), (1, 3))",20,4.0,24.0,20,6,5,expanded,False,True,4818
"(((1, 4), (2, 2), (4, 3), (5, 5), (6, 3)), (1, 3))","(((2, 2), (2, 4), (4, 3), (5, 5), (6, 3)), (1, 3))",21,5,26.0,21,,,pruned,,,4819
"(((2, 2), (2, 4), (4, 3), (5, 6), (6, 3)), (1, 3))","(((2, 2), (2, 4), (4, 3), (5, 5), (6, 3)), (1, 3))",21,5,26.0,21,,,pruned,,,4820
"(((2, 1), (2, 4), (4, 3), (5, 5), (6, 3)), (1, 3))","(((2, 2), (2, 4), (4, 3), (5, 5), (6, 3)), (1, 3))",21,5,26.0,21,,,pruned,,,4821
"(((2, 2), (2, 4), (4, 3), (5, 5), (6, 2)), (1, 3))","(((2, 2), (2, 4), (4, 3), (5, 5), (6, 3)), (1, 3))",21,5,26.0,21,,,pruned,,,4822
"(((2, 2), (2, 4), (4, 3), (5, 5), (6, 3)), (1, 3))","(((2, 2), (3, 4), (4, 3), (5, 5), (6, 3)), (2, 1))",20,4.0,24.0,20,12,4,expanded,False,True,4823
"(((1, 3), (5, 2), (6, 3), (6, 4), (6, 5)), (1, 4))","(((2, 3), (5, 2), (6, 3), (6, 4), (6, 5)), (1, 3))",21,5,26.0,21,,,pruned,,,4824
"(((2, 3), (6, 2), (6, 3), (6, 4), (6, 5)), (1, 3))","(((2, 3), (5, 2), (6, 3), (6, 4), (6, 5)), (1, 3))",21,4,25.0,21,,,pruned,,,4825
"(((2, 3), (5, 1), (6, 3), (6, 4), (6, 5)), (1, 3))","(((2, 3), (5, 2), (6, 3), (6, 4), (6, 5)), (1, 3))",21,5,26.0,21,,,pruned,,,4826
"(((2, 3), (5, 2), (6, 3), (6, 4), (6, 5)), (1, 3))","(((3, 3), (5, 2), (6, 3), (6, 4), (6, 5)), (1, 3))",20,4.0,24.0,20,7,3,expanded,False,True,4827
"(((2, 1), (4, 3), (4, 4), (5, 4), (6, 4)), (1, 3))","(((2, 2), (4, 3), (4, 4), (5, 4), (6, 4)), (1, 3))",21,5,26.0,21,,,pruned,,,4828
"(((2, 2), (4, 3), (4, 4), (5, 4), (6, 4)), (1, 3))","(((2, 2), (3, 3), (4, 4), (5, 4), (6, 4)), (1, 3))",20,4.0,24.0,20,2,1,expanded,False,True,4829
"(((1, 3), (4, 2), (5, 4), (6, 3), (6, 5)), (1, 4))","(((2, 3), (4, 2), (5, 4), (6, 3), (6, 5)), (1, 3))",21,5,26.0,21,,,pruned,,,4830
"(((2, 3), (4, 1), (5, 4), (6, 3), (6, 5)), (1, 3))","(((2, 3), (4, 2), (5, 4), (6, 3), (6, 5)), (1, 3))",21,5,26.0,21,,,pruned,,,4831
"(((2, 3), (4, 2), (5, 4), (6, 3), (6, 5)), (1, 3))","(((2, 3), (4, 2), (5, 3), (5, 4), (6, 5)), (1, 3))",20,4.0,24.0,20,9,2,expanded,False,True,4832
"(((4, 2), (4, 3), (5, 4), (6, 3), (6, 5)), (1, 3))","(((3, 3), (4, 2), (5, 4), (6, 3), (6, 5)), (1, 3))",20,4.0,24.0,20,5,0,expanded,False,True,4833
"(((1, 3), (2, 4), (4, 2), (5, 3), (6, 5)), (2, 1))","(((2, 3), (2, 4), (4, 2), (5, 3), (6, 5)), (2, 1))",21,5,26.0,21,,,pruned,,,4834
"(((1, 4), (2, 3), (4, 2), (5, 3), (6, 5)), (2, 1))","(((2, 3), (2, 4), (4, 2), (5, 3), (6, 5)), (2, 1))",21,5,26.0,21,,,pruned,,,4835
"(((2, 3), (2, 4), (4, 2), (5, 3), (6, 6)), (2, 1))","(((2, 3), (2, 4), (4, 2), (5, 3), (6, 5)), (2, 1))",21,5,26.0,21,,,pruned,,,4836
"(((2, 3), (2, 4), (4, 1), (5, 3), (6, 5)), (3, 3))","(((2, 3), (2, 4), (4, 2), (5, 3), (6, 5)), (2, 1))",21,5,26.0,21,,,pruned,,,4837
"(((2, 3), (2, 4), (4, 2), (5, 3), (6, 5)), (2, 1))","(((2, 3), (3, 4), (4, 2), (5, 3), (6, 5)), (2, 1))",20,4.0,24.0,20,10,4,expanded,False,True,4838
"(((1, 3), (3, 4), (4, 2), (6, 3), (6, 5)), (1, 4))","(((2, 3), (3, 4), (4, 2), (6, 3), (6, 5)), (2, 1))",21,5,26.0,21,,,pruned,,,4839
"(((2, 3), (3, 4), (4, 2), (6, 3), (6, 6)), (2, 1))","(((2, 3), (3, 4), (4, 2), (6, 3), (6, 5)), (2, 1))",21,5,26.0,21,,,pruned,,,4840
"(((2, 3), (3, 4), (4, 2), (6, 2), (6, 5)), (2, 1))","(((2, 3), (3, 4), (4, 2), (6, 3), (6, 5)), (2, 1))",21,5,26.0,21,,,pruned,,,4841
"(((2, 3), (3, 4), (4, 1), (6, 3), (6, 5)), (3, 3))","(((2, 3), (3, 4), (4, 2), (6, 3), (6, 5)), (2, 1))",21,5,26.0,21,,,pruned,,,4842
"(((2, 3), (3, 4), (4, 2), (6, 3), (6, 5)), (2, 1))","(((2, 3), (3, 4), (4, 2), (5, 3), (6, 5)), (2, 1))",20,4.0,24.0,20,9,4,expanded,False,True,4843
"(((2, 3), (3, 4), (4, 2), (4, 3), (6, 6)), (2, 1))","(((2, 3), (3, 4), (4, 2), (4, 3), (6, 5)), (2, 1))",21,5,26.0,21,,,pruned,,,4844
"(((2, 3), (3, 4), (4, 2), (4, 3), (6, 5)), (2, 1))","(((2, 3), (3, 4), (4, 2), (5, 3), (6, 5)), (2, 1))",20,4.0,24.0,20,5,1,expanded,False,True,4845
"(((1, 4), (3, 3), (4, 2), (6, 3), (6, 5)), (1, 3))","(((2, 4), (3, 3), (4, 2), (6, 3), (6, 5)), (1, 3))",21,5,26.0,21,,,pruned,,,4846
"(((2, 4), (3, 3), (4, 2), (6, 3), (6, 6)), (1, 3))","(((2, 4), (3, 3), (4, 2), (6, 3), (6, 5)), (1, 3))",21,5,26.0,21,,,pruned,,,4847
"(((2, 4), (3, 3), (4, 2), (6, 2), (6, 5)), (1, 3))","(((2, 4), (3, 3), (4, 2), (6, 3), (6, 5)), (1, 3))",21,5,26.0,21,,,pruned,,,4848
"(((2, 4), (3, 3), (4, 1), (6, 3), (6, 5)), (3, 4))","(((2, 4), (3, 3), (4, 2), (6, 3), (6, 5)), (1, 3))",21,5,26.0,21,,,pruned,,,4849
"(((2, 4), (3, 3), (4, 2), (6, 3), (6, 5)), (1, 3))","(((2, 4), (3, 3), (4, 2), (5, 3), (6, 5)), (1, 3))",20,4.0,24.0,20,10,4,expanded,False,True,4850
"(((1, 4), (3, 3), (4, 2), (4, 3), (6, 5)), (1, 3))","(((2, 4), (3, 3), (4, 2), (4, 3), (6, 5)), (1, 3))",21,5,26.0,21,,,pruned,,,4851
"(((2, 4), (3, 3), (4, 2), (4, 3), (6, 6)), (1, 3))","(((2, 4), (3, 3), (4, 2), (4, 3), (6, 5)), (1, 3))",21,5,26.0,21,,,pruned,,,4852
"(((2, 4), (3, 3), (4, 2), (4, 3), (6, 5)), (1, 3))","(((2, 4), (3, 3), (4, 2), (5, 3), (6, 5)), (1, 3))",20,4.0,24.0,20,4,2,expanded,False,True,4853
"(((3, 4), (4, 2), (4, 3), (6, 3), (6, 6)), (1, 3))","(((3, 4), (4, 2), (4, 3), (6, 3), (6, 5)), (1, 3))",21,5,26.0,21,,,pruned,,,4854
"(((3, 4), (4, 2), (4, 3), (6, 2), (6, 5)), (1, 3))","(((3, 4), (4, 2), (4, 3), (6, 3), (6, 5)), (1, 3))",21,5,26.0,21,,,pruned,,,4855
"(((3, 4), (4, 2), (4, 3), (6, 3), (6, 5)), (1, 3))","(((3, 3), (3, 4), (4, 2), (6, 3), (6, 5)), (1, 3))",20,4.0,24.0,20,8,2,expanded,False,True,4856
"(((3, 3), (4, 2), (4, 4), (6, 3), (6, 6)), (1, 3))","(((3, 3), (4, 2), (4, 4), (6, 3), (6, 5)), (1, 3))",21,5,26.0,21,,,pruned,,,4857
"(((3, 3), (4, 2), (4, 4), (6, 2), (6, 5)), (1, 3))","(((3, 3), (4, 2), (4, 4), (6, 3), (6, 5)), (1, 3))",21,5,26.0,21,,,pruned,,,4858
"(((3, 3), (4, 1), (4, 4), (6, 3), (6, 5)), (4, 2))","(((3, 3), (4, 2), (4, 4), (6, 3), (6, 5)), (1, 3))",21,5,26.0,21,,,pruned,,,4859
"(((3, 3), (4, 2), (4, 4), (6, 3), (6, 5)), (1, 3))","(((3, 3), (3, 4), (4, 2), (6, 3), (6, 5)), (1, 3))",20,4.0,24.0,20,10,3,expanded,False,True,4860
"(((2, 1), (3, 4), (4, 2), (4, 4), (6, 3)), (1, 3))","(((2, 2), (3, 4), (4, 2), (4, 4), (6, 3)), (1, 3))",21,5,26.0,21,,,pruned,,,4861
"(((2, 2), (3, 4), (4, 2), (4, 4), (6, 2)), (1, 3))","(((2, 2), (3, 4), (4, 2), (4, 4), (6, 3)), (1, 3))",21,5,26.0,21,,,pruned,,,4862
"(((2, 2), (3, 4), (4, 1), (4, 4), (6, 3)), (1, 3))","(((2, 2), (3, 4), (4, 2), (4, 4), (6, 3)), (1, 3))",21,5,26.0,21,,,pruned,,,4863
"(((2, 2), (3, 4), (4, 2), (4, 4), (6, 3)), (1, 3))","(((2, 2), (3, 4), (4, 2), (5, 4), (6, 3)), (5, 5))",20,4.0,24.0,20,6,3,expanded,False,True,4864
"(((1, 4), (2, 2), (4, 4), (5, 2), (6, 3)), (1, 3))","(((2, 2), (2, 4), (4, 4), (5, 2), (6, 3)), (1, 3))",21,5,26.0,21,,,pruned,,,4865
"(((2, 1), (2, 4), (4, 4), (5, 2), (6, 3)), (1, 3))","(((2, 2), (2, 4), (4, 4), (5, 2), (6, 3)), (1, 3))",21,5,26.0,21,,,pruned,,,4866
"(((2, 2), (2, 4), (4, 4), (5, 2), (6, 2)), (1, 3))","(((2, 2), (2, 4), (4, 4), (5, 2), (6, 3)), (1, 3))",21,5,26.0,21,,,pruned,,,4867
"(((2, 2), (2, 4), (4, 4), (6, 2), (6, 3)), (1, 3))","(((2, 2), (2, 4), (4, 4), (5, 2), (6, 3)), (1, 3))",21,4,25.0,21,,,pruned,,,4868
"(((2, 2), (2, 4), (4, 4), (5, 1), (6, 3)), (1, 3))","(((2, 2), (2, 4), (4, 4), (5, 2), (6, 3)), (1, 3))",21,5,26.0,21,,,pruned,,,4869
"(((2, 2), (2, 4), (4, 4), (5, 2), (6, 3)), (1, 3))","(((2, 2), (2, 4), (5, 2), (5, 4), (6, 3)), (5, 5))",20,4.0,24.0,20,10,5,expanded,False,True,4870
"(((3, 3), (4, 3), (5, 2), (5, 6), (6, 4)), (1, 3))","(((3, 3), (4, 3), (5, 2), (5, 5), (6, 4)), (1, 3))",21,5,26.0,21,,,pruned,,,4871
"(((3, 3), (4, 3), (5, 5), (6, 2), (6, 4)), (1, 3))","(((3, 3), (4, 3), (5, 2), (5, 5), (6, 4)), (1, 3))",21,4,25.0,21,,,pruned,,,4872
"(((3, 3), (4, 3), (5, 1), (5, 5), (6, 4)), (1, 3))","(((3, 3), (4, 3), (5, 2), (5, 5), (6, 4)), (1, 3))",21,5,26.0,21,,,pruned,,,4873
"(((3, 3), (4, 3), (5, 2), (5, 5), (6, 4)), (1, 3))","(((3, 3), (4, 2), (5, 2), (5, 5), (6, 4)), (1, 3))",20,4.0,24.0,20,8,3,expanded,False,True,4874
"(((3, 3), (4, 2), (5, 3), (5, 6), (6, 4)), (1, 3))","(((3, 3), (4, 2), (5, 3), (5, 5), (6, 4)), (1, 3))",21,5,26.0,21,,,pruned,,,4875
"(((3, 3), (4, 1), (5, 3), (5, 5), (6, 4)), (1, 3))","(((3, 3), (4, 2), (5, 3), (5, 5), (6, 4)), (1, 3))",21,5,26.0,21,,,pruned,,,4876
"(((3, 3), (4, 2), (5, 3), (5, 5), (6, 4)), (1, 3))","(((3, 3), (4, 2), (5, 2), (5, 5), (6, 4)), (1, 3))",20,4.0,24.0,20,10,2,expanded,False,True,4877
"(((3, 3), (5, 3), (5, 6), (6, 3), (6, 5)), (1, 3))","(((3, 3), (5, 3), (5, 5), (6, 3), (6, 5)), (1, 3))",21,5,26.0,21,,,pruned,,,4878
"(((3, 3), (5, 3), (5, 5), (6, 3), (6, 6)), (1, 3))","(((3, 3), (5, 3), (5, 5), (6, 3), (6, 5)), (1, 3))",21,5,26.0,21,,,pruned,,,4879
"(((3, 3), (5, 3), (5, 5), (6, 2), (6, 5)), (1, 3))","(((3, 3), (5, 3), (5, 5), (6, 3), (6, 5)), (1, 3))",21,5,26.0,21,,,pruned,,,4880
"(((3, 3), (5, 3), (5, 5), (6, 3), (6, 5)), (1, 3))","(((3, 3), (5, 2), (5, 5), (6, 3), (6, 5)), (1, 3))",20,4.0,24.0,20,8,3,expanded,False,True,4881
"(((2, 2), (2, 4), (4, 2), (5, 4), (6, 2)), (1, 3))","(((2, 2), (2, 4), (4, 2), (5, 4), (6, 3)), (5, 5))",21,5,26.0,21,,,pruned,,,4882
"(((2, 2), (2, 4), (4, 2), (5, 4), (6, 3)), (5, 5))","(((2, 2), (2, 4), (4, 2), (5, 5), (6, 3)), (1, 3))",20,4.0,24.0,20,3,1,expanded,False,True,4883
"(((3, 3), (4, 3), (5, 3), (5, 6), (6, 5)), (1, 3))","(((3, 3), (4, 3), (5, 3), (5, 5), (6, 5)), (1, 3))",21,5,26.0,21,,,pruned,,,4884
"(((3, 3), (4, 3), (5, 3), (5, 5), (6, 6)), (1, 3))","(((3, 3), (4, 3), (5, 3), (5, 5), (6, 5)), (1, 3))",21,5,26.0,21,,,pruned,,,4885
"(((3, 3), (4, 3), (5, 3), (5, 5), (6, 5)), (1, 3))","(((3, 3), (4, 3), (5, 2), (5, 5), (6, 5)), (1, 3))",20,4.0,24.0,20,6,2,expanded,False,True,4886
"(((2, 3), (3, 3), (3, 4), (6, 2), (6, 4)), (2, 1))","(((2, 3), (3, 3), (3, 4), (5, 2), (6, 4)), (2, 1))",22,3,25.0,22,,,pruned,,,4887
"(((2, 3), (3, 3), (3, 4), (5, 1), (6, 4)), (2, 1))","(((2, 3), (3, 3), (3, 4), (5, 2), (6, 4)), (2, 1))",22,4,26.0,22,,,pruned,,,4888
"(((2, 3), (3, 3), (3, 4), (5, 2), (6, 4)), (2, 1))","(((2, 3), (3, 3), (3, 4), (5, 3), (6, 4)), (2, 1))",21,3.0,24.0,21,8,2,expanded,False,True,4889
"(((2, 3), (3, 3), (3, 4), (5, 3), (6, 6)), (2, 1))","(((2, 3), (3, 3), (3, 4), (5, 3), (6, 5)), (2, 1))",22,4,26.0,22,,,pruned,,,4890
"(((2, 3), (3, 3), (3, 4), (5, 3), (6, 5)), (2, 1))","(((2, 3), (3, 3), (3, 4), (5, 3), (6, 4)), (2, 1))",21,3.0,24.0,21,8,1,expanded,False,True,4891
"(((1, 4), (2, 3), (3, 3), (4, 2), (6, 4)), (2, 1))","(((2, 3), (2, 4), (3, 3), (4, 2), (6, 4)), (2, 1))",22,4,26.0,22,,,pruned,,,4892
"(((2, 3), (2, 4), (3, 3), (4, 1), (6, 4)), (3, 4))","(((2, 3), (2, 4), (3, 3), (4, 2), (6, 4)), (2, 1))",22,4,26.0,22,,,pruned,,,4893
"(((2, 3), (2, 4), (3, 3), (4, 2), (6, 4)), (2, 1))","(((2, 3), (2, 4), (3, 3), (4, 3), (6, 4)), (2, 1))",21,3.0,24.0,21,5,2,expanded,False,True,4894
"(((1, 4), (2, 3), (3, 3), (4, 3), (6, 5)), (2, 1))","(((2, 3), (2, 4), (3, 3), (4, 3), (6, 5)), (2, 1))",22,4,26.0,22,,,pruned,,,4895
"(((2, 3), (2, 4), (3, 3), (4, 3), (6, 6)), (2, 1))","(((2, 3), (2, 4), (3, 3), (4, 3), (6, 5)), (2, 1))",22,4,26.0,22,,,pruned,,,4896
"(((2, 3), (2, 4), (3, 3), (4, 3), (6, 5)), (2, 1))","(((2, 3), (2, 4), (3, 3), (4, 3), (6, 4)), (2, 1))",21,3.0,24.0,21,5,2,expanded,False,True,4897
"(((3, 3), (4, 4), (5, 4), (6, 2), (6, 3)), (1, 3))","(((3, 3), (4, 4), (5, 2), (5, 4), (6, 3)), (1, 3))",22,3,25.0,22,,,pruned,,,4898
"(((3, 3), (4, 4), (5, 1), (5, 4), (6, 3)), (1, 3))","(((3, 3), (4, 4), (5, 2), (5, 4), (6, 3)), (1, 3))",22,4,26.0,22,,,pruned,,,4899
"(((3, 3), (4, 4), (5, 2), (5, 4), (6, 3)), (1, 3))","(((3, 3), (4, 3), (5, 2), (5, 4), (6, 3)), (1, 3))",21,3.0,24.0,21,6,2,expanded,False,True,4900
"(((3, 3), (4, 4), (5, 3), (5, 4), (6, 4)), (1, 3))","(((3, 3), (4, 3), (5, 3), (5, 4), (6, 4)), (1, 3))",21,3.0,24.0,21,5,0,expanded,False,True,4901
"(((3, 3), (3, 4), (4, 3), (5, 1), (6, 4)), (1, 3))","(((3, 3), (3, 4), (4, 3), (5, 2), (6, 4)), (4, 4))",22,4,26.0,22,,,pruned,,,4902
"(((3, 3), (3, 4), (4, 3), (5, 2), (6, 4)), (4, 4))","(((3, 3), (3, 4), (4, 3), (5, 3), (6, 4)), (4, 4))",21,3.0,24.0,21,6,1,expanded,False,True,4903
"(((2, 2), (4, 3), (4, 4), (5, 2), (6, 2)), (5, 3))","(((2, 2), (4, 3), (4, 4), (5, 2), (6, 3)), (5, 3))",22,4,26.0,22,,,pruned,,,4904
"(((2, 2), (4, 3), (4, 4), (5, 1), (6, 3)), (2, 1))","(((2, 2), (4, 3), (4, 4), (5, 2), (6, 3)), (5, 3))",22,4,26.0,22,,,pruned,,,4905
"(((2, 2), (4, 3), (4, 4), (5, 2), (6, 3)), (5, 3))","(((2, 2), (4, 3), (4, 4), (5, 3), (6, 3)), (5, 4))",21,3.0,24.0,21,4,2,expanded,False,True,4906
"(((1, 4), (2, 3), (3, 3), (6, 3), (6, 5)), (2, 1))","(((2, 3), (2, 4), (3, 3), (6, 3), (6, 5)), (2, 1))",22,4,26.0,22,,,pruned,,,4907
"(((2, 3), (2, 4), (3, 3), (6, 3), (6, 6)), (2, 1))","(((2, 3), (2, 4), (3, 3), (6, 3), (6, 5)), (2, 1))",22,4,26.0,22,,,pruned,,,4908
"(((2, 3), (2, 4), (3, 3), (6, 2), (6, 5)), (2, 1))","(((2, 3), (2, 4), (3, 3), (6, 3), (6, 5)), (2, 1))",22,4,26.0,22,,,pruned,,,4909
"(((2, 3), (2, 4), (3, 3), (6, 3), (6, 5)), (2, 1))","(((2, 3), (2, 4), (3, 3), (5, 3), (6, 5)), (2, 1))",21,3.0,24.0,21,5,3,expanded,False,True,4910
"(((2, 1), (4, 3), (5, 4), (6, 3), (6, 4)), (1, 3))","(((2, 2), (4, 3), (5, 4), (6, 3), (6, 4)), (1, 3))",22,4,26.0,22,,,pruned,,,4911
"(((2, 2), (4, 3), (5, 4), (6, 3), (6, 4)), (1, 3))","(((2, 2), (3, 3), (5, 4), (6, 3), (6, 4)), (1, 3))",21,3.0,24.0,21,3,1,expanded,False,True,4912
"(((1, 3), (2, 2), (5, 4), (6, 3), (6, 4)), (1, 4))","(((2, 2), (2, 3), (5, 4), (6, 3), (6, 4)), (1, 3))",22,4,26.0,22,,,pruned,,,4913
"(((2, 2), (2, 3), (5, 4), (6, 3), (6, 4)), (1, 3))","(((2, 2), (3, 3), (5, 4), (6, 3), (6, 4)), (1, 3))",21,3.0,24.0,21,3,1,expanded,False,True,4914
"(((1, 3), (5, 3), (6, 3), (6, 4), (6, 5)), (1, 4))","(((2, 3), (5, 3), (6, 3), (6, 4), (6, 5)), (1, 3))",22,4,26.0,22,,,pruned,,,4915
"(((2, 3), (5, 3), (6, 3), (6, 4), (6, 5)), (1, 3))","(((2, 3), (5, 3), (5, 4), (6, 3), (6, 5)), (1, 3))",21,3.0,24.0,21,6,1,expanded,False,True,4916
"(((2, 1), (4, 3), (4, 4), (5, 4), (6, 3)), (1, 3))","(((2, 2), (4, 3), (4, 4), (5, 4), (6, 3)), (1, 3))",22,4,26.0,22,,,pruned,,,4917
"(((2, 2), (4, 3), (4, 4), (5, 4), (6, 3)), (1, 3))","(((2, 2), (3, 3), (4, 4), (5, 4), (6, 3)), (1, 3))",21,3.0,24.0,21,2,1,expanded,False,True,4918
"(((1, 3), (2, 2), (3, 4), (6, 3), (6, 4)), (1, 4))","(((2, 2), (2, 3), (3, 4), (6, 3), (6, 4)), (2, 1))",22,4,26.0,22,,,pruned,,,4919
"(((2, 2), (2, 3), (3, 4), (6, 3), (6, 4)), (2, 1))","(((2, 2), (3, 3), (3, 4), (6, 3), (6, 4)), (2, 1))",21,3.0,24.0,21,2,1,expanded,False,True,4920
"(((1, 4), (2, 2), (3, 3), (6, 3), (6, 4)), (1, 3))","(((2, 2), (2, 4), (3, 3), (6, 3), (6, 4)), (2, 1))",22,4,26.0,22,,,pruned,,,4921
"(((2, 2), (2, 4), (3, 3), (6, 3), (6, 4)), (2, 1))","(((2, 2), (3, 3), (3, 4), (6, 3), (6, 4)), (2, 1))",21,3.0,24.0,21,3,1,expanded,False,True,4922
"(((2, 1), (3, 4), (4, 3), (6, 3), (6, 4)), (1, 3))","(((2, 2), (3, 4), (4, 3), (6, 3), (6, 4)), (1, 3))",22,4,26.0,22,,,pruned,,,4923
"(((2, 2), (3, 4), (4, 3), (6, 3), (6, 4)), (1, 3))","(((2, 2), (2, 4), (4, 3), (6, 3), (6, 4)), (1, 3))",21,3.0,24.0,21,3,1,expanded,False,True,4924
"(((2, 1), (3, 3), (4, 4), (6, 3), (6, 4)), (1, 3))","(((2, 2), (3, 3), (4, 4), (6, 3), (6, 4)), (1, 3))",22,4,26.0,22,,,pruned,,,4925
"(((2, 2), (3, 3), (4, 4), (6, 3), (6, 4)), (1, 3))","(((2, 2), (2, 3), (4, 4), (6, 3), (6, 4)), (1, 3))",21,3.0,24.0,21,3,1,expanded,False,True,4926
"(((1, 4), (3, 3), (4, 2), (4, 3), (6, 4)), (1, 3))","(((2, 4), (3, 3), (4, 2), (4, 3), (6, 4)), (1, 3))",22,4,26.0,22,,,pruned,,,4927
"(((2, 4), (3, 3), (4, 2), (4, 3), (6, 4)), (1, 3))","(((3, 3), (3, 4), (4, 2), (4, 3), (6, 4)), (1, 3))",21,3.0,24.0,21,4,1,expanded,False,True,4928
"(((1, 3), (2, 4), (4, 2), (5, 3), (6, 4)), (2, 1))","(((2, 3), (2, 4), (4, 2), (5, 3), (6, 4)), (3, 3))",22,4,26.0,22,,,pruned,,,4929
"(((1, 4), (2, 3), (4, 2), (5, 3), (6, 4)), (2, 4))","(((2, 3), (2, 4), (4, 2), (5, 3), (6, 4)), (3, 3))",22,4,26.0,22,,,pruned,,,4930
"(((2, 3), (2, 4), (4, 1), (5, 3), (6, 4)), (3, 3))","(((2, 3), (2, 4), (4, 2), (5, 3), (6, 4)), (3, 3))",22,4,26.0,22,,,pruned,,,4931
"(((2, 3), (2, 4), (4, 2), (5, 3), (6, 4)), (3, 3))","(((2, 3), (3, 4), (4, 2), (5, 3), (6, 4)), (3, 3))",21,3.0,24.0,21,6,3,expanded,False,True,4932
"(((2, 1), (4, 2), (4, 4), (5, 3), (6, 3)), (1, 3))","(((2, 2), (4, 2), (4, 4), (5, 3), (6, 3)), (1, 3))",22,4,26.0,22,,,pruned,,,4933
"(((2, 2), (4, 1), (4, 4), (5, 3), (6, 3)), (1, 3))","(((2, 2), (4, 2), (4, 4), (5, 3), (6, 3)), (1, 3))",22,4,26.0,22,,,pruned,,,4934
"(((2, 2), (4, 2), (4, 4), (5, 3), (6, 3)), (1, 3))","(((2, 2), (3, 4), (4, 2), (5, 3), (6, 3)), (1, 3))",21,3.0,24.0,21,3,2,expanded,False,True,4935
"(((1, 4), (2, 2), (4, 2), (5, 3), (6, 3)), (1, 3))","(((2, 2), (2, 4), (4, 2), (5, 3), (6, 3)), (1, 3))",22,4,26.0,22,,,pruned,,,4936
"(((2, 1), (2, 4), (4, 2), (5, 3), (6, 3)), (1, 3))","(((2, 2), (2, 4), (4, 2), (5, 3), (6, 3)), (1, 3))",22,4,26.0,22,,,pruned,,,4937
"(((2, 2), (2, 4), (4, 2), (5, 3), (6, 2)), (1, 3))","(((2, 2), (2, 4), (4, 2), (5, 3), (6, 3)), (1, 3))",22,4,26.0,22,,,pruned,,,4938
"(((2, 2), (2, 4), (4, 1), (5, 3), (6, 3)), (1, 3))","(((2, 2), (2, 4), (4, 2), (5, 3), (6, 3)), (1, 3))",22,4,26.0,22,,,pruned,,,4939
"(((2, 2), (2, 4), (4, 2), (5, 3), (6, 3)), (1, 3))","(((2, 2), (3, 4), (4, 2), (5, 3), (6, 3)), (1, 3))",21,3.0,24.0,21,6,4,expanded,False,True,4940
"(((2, 2), (3, 4), (4, 3), (4, 4), (6, 2)), (2, 1))","(((2, 2), (3, 4), (4, 3), (4, 4), (6, 3)), (2, 1))",22,4,26.0,22,,,pruned,,,4941
"(((2, 2), (3, 4), (4, 3), (4, 4), (6, 3)), (2, 1))","(((2, 2), (3, 4), (4, 3), (5, 4), (6, 3)), (5, 5))",21,3.0,24.0,21,4,1,expanded,False,True,4942
"(((2, 3), (3, 3), (6, 3), (6, 4), (6, 5)), (1, 3))","(((2, 3), (4, 3), (6, 3), (6, 4), (6, 5)), (1, 3))",21,3.0,24.0,21,2,0,expanded,False,True,4943
"(((1, 3), (2, 4), (4, 3), (5, 3), (6, 5)), (2, 1))","(((2, 3), (2, 4), (4, 3), (5, 3), (6, 5)), (2, 1))",22,4,26.0,22,,,pruned,,,4944
"(((1, 4), (2, 3), (4, 3), (5, 3), (6, 5)), (2, 1))","(((2, 3), (2, 4), (4, 3), (5, 3), (6, 5)), (2, 1))",22,4,26.0,22,,,pruned,,,4945
"(((2, 3), (2, 4), (4, 3), (5, 3), (6, 6)), (2, 1))","(((2, 3), (2, 4), (4, 3), (5, 3), (6, 5)), (2, 1))",22,4,26.0,22,,,pruned,,,4946
"(((2, 3), (2, 4), (4, 3), (5, 3), (6, 5)), (2, 1))","(((2, 3), (3, 4), (4, 3), (5, 3), (6, 5)), (2, 1))",21,3.0,24.0,21,8,3,expanded,False,True,4947
"(((3, 3), (4, 3), (4, 4), (6, 3), (6, 6)), (1, 3))","(((3, 3), (4, 3), (4, 4), (6, 3), (6, 5)), (1, 3))",22,4,26.0,22,,,pruned,,,4948
"(((3, 3), (4, 3), (4, 4), (6, 2), (6, 5)), (1, 3))","(((3, 3), (4, 3), (4, 4), (6, 3), (6, 5)), (1, 3))",22,4,26.0,22,,,pruned,,,4949
"(((3, 3), (4, 3), (4, 4), (6, 3), (6, 5)), (1, 3))","(((3, 3), (3, 4), (4, 3), (6, 3), (6, 5)), (1, 3))",21,3.0,24.0,21,6,2,expanded,False,True,4950
"(((1, 4), (3, 3), (4, 3), (6, 3), (6, 5)), (1, 3))","(((2, 4), (3, 3), (4, 3), (6, 3), (6, 5)), (1, 3))",22,4,26.0,22,,,pruned,,,4951
"(((2, 4), (3, 3), (4, 3), (6, 3), (6, 6)), (1, 3))","(((2, 4), (3, 3), (4, 3), (6, 3), (6, 5)), (1, 3))",22,4,26.0,22,,,pruned,,,4952
"(((2, 4), (3, 3), (4, 3), (6, 2), (6, 5)), (1, 3))","(((2, 4), (3, 3), (4, 3), (6, 3), (6, 5)), (1, 3))",22,4,26.0,22,,,pruned,,,4953
"(((2, 4), (3, 3), (4, 3), (6, 3), (6, 5)), (1, 3))","(((3, 3), (3, 4), (4, 3), (6, 3), (6, 5)), (1, 3))",21,3.0,24.0,21,8,3,expanded,False,True,4954
"(((2, 2), (2, 4), (4, 4), (5, 3), (6, 2)), (5, 4))","(((2, 2), (2, 4), (4, 4), (5, 3), (6, 3)), (5, 4))",22,4,26.0,22,,,pruned,,,4955
"(((2, 2), (2, 4), (4, 4), (5, 3), (6, 3)), (5, 4))","(((2, 2), (2, 4), (5, 3), (5, 4), (6, 3)), (5, 5))",21,3.0,24.0,21,3,1,expanded,False,True,4956
"(((3, 3), (4, 2), (5, 2), (5, 4), (6, 2)), (1, 3))","(((3, 3), (4, 2), (5, 2), (5, 4), (6, 3)), (5, 5))",22,4,26.0,22,,,pruned,,,4957
"(((3, 3), (4, 2), (5, 2), (5, 4), (6, 3)), (5, 5))","(((3, 3), (4, 2), (5, 2), (5, 5), (6, 3)), (1, 3))",21,3.0,24.0,21,3,1,expanded,False,True,4958
"(((3, 3), (4, 3), (5, 2), (5, 6), (6, 3)), (1, 3))","(((3, 3), (4, 3), (5, 2), (5, 5), (6, 3)), (1, 3))",22,4,26.0,22,,,pruned,,,4959
"(((3, 3), (4, 3), (5, 2), (5, 5), (6, 2)), (1, 3))","(((3, 3), (4, 3), (5, 2), (5, 5), (6, 3)), (1, 3))",22,4,26.0,22,,,pruned,,,4960
"(((3, 3), (4, 3), (5, 5), (6, 2), (6, 3)), (1, 3))","(((3, 3), (4, 3), (5, 2), (5, 5), (6, 3)), (1, 3))",22,3,25.0,22,,,pruned,,,4961
"(((3, 3), (4, 3), (5, 1), (5, 5), (6, 3)), (1, 3))","(((3, 3), (4, 3), (5, 2), (5, 5), (6, 3)), (1, 3))",22,4,26.0,22,,,pruned,,,4962
"(((3, 3), (4, 3), (5, 2), (5, 5), (6, 3)), (1, 3))","(((3, 3), (4, 2), (5, 2), (5, 5), (6, 3)), (1, 3))",21,3.0,24.0,21,8,4,expanded,False,True,4963
"(((3, 3), (4, 2), (5, 3), (5, 6), (6, 3)), (1, 3))","(((3, 3), (4, 2), (5, 3), (5, 5), (6, 3)), (1, 3))",22,4,26.0,22,,,pruned,,,4964
"(((3, 3), (4, 2), (5, 3), (5, 5), (6, 2)), (1, 3))","(((3, 3), (4, 2), (5, 3), (5, 5), (6, 3)), (1, 3))",22,4,26.0,22,,,pruned,,,4965
"(((3, 3), (4, 1), (5, 3), (5, 5), (6, 3)), (1, 3))","(((3, 3), (4, 2), (5, 3), (5, 5), (6, 3)), (1, 3))",22,4,26.0,22,,,pruned,,,4966
"(((3, 3), (4, 2), (5, 3), (5, 5), (6, 3)), (1, 3))","(((3, 3), (4, 2), (5, 2), (5, 5), (6, 3)), (1, 3))",21,3.0,24.0,21,10,3,expanded,False,True,4967
"(((2, 2), (2, 3), (4, 4), (5, 4), (6, 2)), (1, 3))","(((2, 2), (2, 3), (4, 4), (5, 4), (6, 3)), (5, 5))",22,4,26.0,22,,,pruned,,,4968
"(((2, 2), (2, 3), (4, 4), (5, 4), (6, 3)), (5, 5))","(((2, 2), (2, 3), (4, 4), (5, 5), (6, 3)), (1, 3))",21,3.0,24.0,21,2,1,expanded,False,True,4969
"(((2, 2), (3, 3), (3, 4), (5, 4), (6, 2)), (2, 1))","(((2, 2), (3, 3), (3, 4), (5, 4), (6, 3)), (5, 5))",22,4,26.0,22,,,pruned,,,4970
"(((2, 2), (3, 3), (3, 4), (5, 4), (6, 3)), (5, 5))","(((2, 2), (3, 3), (3, 4), (5, 5), (6, 3)), (2, 1))",21,3.0,24.0,21,3,1,expanded,False,True,4971
"(((2, 2), (2, 4), (4, 3), (5, 4), (6, 2)), (2, 1))","(((2, 2), (2, 4), (4, 3), (5, 4), (6, 3)), (5, 5))",22,4,26.0,22,,,pruned,,,4972
"(((2, 2), (2, 4), (4, 3), (5, 4), (6, 3)), (5, 5))","(((2, 2), (2, 4), (4, 3), (5, 5), (6, 3)), (1, 3))",21,3.0,24.0,21,3,1,expanded,False,True,4973
"(((2, 3), (4, 3), (5, 4), (6, 3), (6, 5)), (2, 1))","(((2, 3), (4, 2), (5, 4), (6, 3), (6, 5)), (1, 3))",21,3.0,24.0,21,5,0,expanded,False,True,4974
"(((2, 3), (3, 4), (4, 3), (6, 3), (6, 6)), (2, 1))","(((2, 3), (3, 4), (4, 3), (6, 3), (6, 5)), (2, 1))",22,4,26.0,22,,,pruned,,,4975
"(((2, 3), (3, 4), (4, 3), (6, 2), (6, 5)), (2, 1))","(((2, 3), (3, 4), (4, 3), (6, 3), (6, 5)), (2, 1))",22,4,26.0,22,,,pruned,,,4976
"(((2, 3), (3, 4), (4, 3), (6, 3), (6, 5)), (2, 1))","(((2, 3), (3, 4), (4, 2), (6, 3), (6, 5)), (2, 1))",21,3.0,24.0,21,9,2,expanded,False,True,4977
"(((2, 3), (3, 4), (4, 2), (4, 3), (6, 4)), (2, 1))","(((2, 3), (3, 4), (4, 2), (4, 3), (6, 5)), (2, 1))",21,3.0,24.0,21,5,0,expanded,False,True,4978
"(((1, 4), (2, 2), (4, 4), (5, 3), (6, 3)), (1, 3))","(((2, 2), (2, 4), (4, 4), (5, 3), (6, 3)), (1, 3))",22,4,26.0,22,,,pruned,,,4979
"(((2, 1), (2, 4), (4, 4), (5, 3), (6, 3)), (1, 3))","(((2, 2), (2, 4), (4, 4), (5, 3), (6, 3)), (1, 3))",22,4,26.0,22,,,pruned,,,4980
"(((2, 2), (2, 4), (4, 4), (5, 3), (6, 3)), (1, 3))","(((2, 2), (2, 4), (4, 4), (5, 2), (6, 3)), (1, 3))",21,3.0,24.0,21,7,2,expanded,False,True,4981
"(((3, 3), (4, 3), (5, 3), (5, 6), (6, 4)), (1, 3))","(((3, 3), (4, 3), (5, 3), (5, 5), (6, 4)), (1, 3))",22,4,26.0,22,,,pruned,,,4982
"(((3, 3), (4, 3), (5, 3), (5, 5), (6, 4)), (1, 3))","(((3, 3), (4, 3), (5, 2), (5, 5), (6, 4)), (1, 3))",21,3.0,24.0,21,6,1,expanded,False,True,4983
"(((3, 3), (4, 4), (5, 3), (5, 4), (6, 3)), (1, 3))","(((3, 3), (4, 3), (5, 3), (5, 4), (6, 3)), (1, 3))",22,2.0,24.0,22,3,0,expanded,False,True,4984
"(((1, 4), (2, 3), (3, 3), (4, 2), (6, 3)), (2, 1))","(((2, 3), (2, 4), (3, 3), (4, 2), (6, 3)), (2, 1))",23,3,26.0,23,,,pruned,,,4985
"(((2, 3), (2, 4), (3, 3), (4, 2), (6, 2)), (2, 1))","(((2, 3), (2, 4), (3, 3), (4, 2), (6, 3)), (2, 1))",23,3,26.0,23,,,pruned,,,4986
"(((2, 3), (2, 4), (3, 3), (4, 1), (6, 3)), (3, 4))","(((2, 3), (2, 4), (3, 3), (4, 2), (6, 3)), (2, 1))",23,3,26.0,23,,,pruned,,,4987
"(((2, 3), (2, 4), (3, 3), (4, 2), (6, 3)), (2, 1))","(((2, 3), (2, 4), (3, 3), (4, 3), (6, 3)), (2, 1))",22,2.0,24.0,22,5,3,expanded,False,True,4988
"(((3, 3), (4, 2), (4, 3), (6, 3), (6, 4)), (1, 3))","(((3, 3), (4, 2), (4, 3), (5, 4), (6, 3)), (1, 3))",22,2.0,24.0,22,0,0,expanded,False,True,4989
"(((1, 4), (3, 3), (4, 2), (4, 3), (6, 3)), (1, 3))","(((2, 4), (3, 3), (4, 2), (4, 3), (6, 3)), (1, 3))",23,3,26.0,23,,,pruned,,,4990
"(((2, 4), (3, 3), (4, 2), (4, 3), (6, 2)), (1, 3))","(((2, 4), (3, 3), (4, 2), (4, 3), (6, 3)), (1, 3))",23,3,26.0,23,,,pruned,,,4991
"(((2, 4), (3, 3), (4, 2), (4, 3), (6, 3)), (1, 3))","(((3, 3), (3, 4), (4, 2), (4, 3), (6, 3)), (1, 3))",22,2.0,24.0,22,4,2,expanded,False,True,4992
"(((1, 4), (2, 2), (4, 3), (5, 3), (6, 3)), (1, 3))","(((2, 2), (2, 4), (4, 3), (5, 3), (6, 3)), (1, 3))",23,3,26.0,23,,,pruned,,,4993
"(((2, 1), (2, 4), (4, 3), (5, 3), (6, 3)), (1, 3))","(((2, 2), (2, 4), (4, 3), (5, 3), (6, 3)), (1, 3))",23,3,26.0,23,,,pruned,,,4994
"(((2, 2), (2, 4), (4, 3), (5, 3), (6, 2)), (1, 3))","(((2, 2), (2, 4), (4, 3), (5, 3), (6, 3)), (1, 3))",23,3,26.0,23,,,pruned,,,4995
"(((2, 2), (2, 4), (4, 3), (5, 3), (6, 3)), (1, 3))","(((2, 2), (3, 4), (4, 3), (5, 3), (6, 3)), (4, 4))",22,2.0,24.0,22,6,3,expanded,False,True,4996
"(((3, 3), (4, 2), (5, 2), (5, 3), (6, 2)), (1, 3))","(((3, 3), (4, 2), (5, 2), (5, 3), (6, 3)), (1, 3))",23,3,26.0,23,,,pruned,,,4997
"(((3, 3), (4, 1), (5, 2), (5, 3), (6, 3)), (1, 3))","(((3, 3), (4, 2), (5, 2), (5, 3), (6, 3)), (1, 3))",23,3,26.0,23,,,pruned,,,4998
"(((3, 3), (4, 2), (5, 2), (5, 3), (6, 3)), (1, 3))","(((2, 3), (4, 2), (5, 2), (5, 3), (6, 3)), (1, 3))",22,2.0,24.0,22,5,2,expanded,False,True,4999
"(((2, 2), (3, 3), (3, 4), (5, 3), (6, 2)), (2, 1))","(((2, 2), (3, 3), (3, 4), (5, 3), (6, 3)), (2, 1))",23,3,26.0,23,,,pruned,,,5000
"(((2, 2), (3, 3), (3, 4), (5, 3), (6, 3)), (2, 1))","(((2, 2), (3, 3), (4, 4), (5, 3), (6, 3)), (5, 4))",22,2.0,24.0,22,7,1,expanded,False,True,5001
"(((1, 3), (2, 4), (4, 3), (5, 3), (6, 4)), (2, 1))","(((2, 3), (2, 4), (4, 3), (5, 3), (6, 4)), (3, 3))",23,3,26.0,23,,,pruned,,,5002
"(((1, 4), (2, 3), (4, 3), (5, 3), (6, 4)), (2, 4))","(((2, 3), (2, 4), (4, 3), (5, 3), (6, 4)), (3, 3))",23,3,26.0,23,,,pruned,,,5003
"(((2, 3), (2, 4), (4, 3), (5, 3), (6, 4)), (3, 3))","(((2, 3), (3, 4), (4, 3), (5, 3), (6, 4)), (4, 4))",22,2.0,24.0,22,5,2,expanded,False,True,5004
"(((3, 3), (4, 3), (5, 2), (5, 4), (6, 2)), (5, 3))","(((3, 3), (4, 3), (5, 2), (5, 4), (6, 3)), (5, 5))",23,3,26.0,23,,,pruned,,,5005
"(((3, 3), (4, 3), (5, 2), (5, 4), (6, 3)), (5, 5))","(((3, 3), (4, 3), (5, 2), (5, 5), (6, 3)), (1, 3))",22,2.0,24.0,22,3,1,expanded,False,True,5006
"(((3, 3), (4, 3), (5, 3), (5, 6), (6, 3)), (1, 3))","(((3, 3), (4, 3), (5, 3), (5, 5), (6, 3)), (1, 3))",23,3,26.0,23,,,pruned,,,5007
"(((3, 3), (4, 3), (5, 3), (5, 5), (6, 2)), (1, 3))","(((3, 3), (4, 3), (5, 3), (5, 5), (6, 3)), (1, 3))",23,3,26.0,23,,,pruned,,,5008
"(((3, 3), (4, 3), (5, 3), (5, 5), (6, 3)), (1, 3))","(((3, 3), (4, 3), (5, 2), (5, 5), (6, 3)), (1, 3))",22,2.0,24.0,22,8,2,expanded,False,True,5009
"(((3, 3), (4, 2), (5, 3), (5, 4), (6, 2)), (5, 5))","(((3, 3), (4, 2), (5, 3), (5, 4), (6, 3)), (5, 5))",23,3,26.0,23,,,pruned,,,5010
"(((3, 3), (4, 2), (5, 3), (5, 4), (6, 3)), (5, 5))","(((3, 3), (4, 2), (5, 3), (5, 5), (6, 3)), (1, 3))",22,2.0,24.0,22,2,1,expanded,False,True,5011
"(((2, 2), (2, 3), (4, 4), (5, 3), (6, 2)), (5, 4))","(((2, 2), (2, 3), (4, 4), (5, 3), (6, 3)), (5, 4))",23,3,26.0,23,,,pruned,,,5012
"(((2, 2), (2, 3), (4, 4), (5, 3), (6, 3)), (5, 4))","(((2, 2), (2, 3), (4, 4), (5, 4), (6, 3)), (5, 5))",22,2.0,24.0,22,3,1,expanded,False,True,5013
"(((2, 3), (3, 4), (4, 2), (4, 3), (6, 2)), (2, 1))","(((2, 3), (3, 4), (4, 2), (4, 3), (6, 3)), (2, 1))",23,3,26.0,23,,,pruned,,,5014
"(((2, 3), (3, 4), (4, 2), (4, 3), (6, 3)), (2, 1))","(((2, 3), (3, 4), (4, 2), (4, 3), (6, 4)), (2, 1))",22,2.0,24.0,22,5,1,expanded,False,True,5015
"(((3, 3), (4, 3), (5, 2), (5, 3), (6, 2)), (1, 3))","(((3, 3), (4, 3), (5, 2), (5, 3), (6, 3)), (1, 3))",24,2,26.0,24,,,pruned,,,5016
"(((3, 3), (4, 3), (5, 3), (6, 2), (6, 3)), (1, 3))","(((3, 3), (4, 3), (5, 2), (5, 3), (6, 3)), (1, 3))",24,1,25.0,24,,,pruned,,,5017
"(((3, 3), (4, 3), (5, 2), (5, 3), (6, 3)), (1, 3))","(((3, 3), (4, 2), (5, 2), (5, 3), (6, 3)), (1, 3))",23,1.0,24.0,23,4,2,expanded,False,True,5018
"(((3, 3), (4, 3), (5, 3), (5, 4), (6, 2)), (5, 5))","(((3, 3), (4, 3), (5, 3), (5, 4), (6, 3)), (5, 5))",24,2,26.0,24,,,pruned,,,5019
"(((3, 3), (4, 3), (5, 3), (5, 4), (6, 3)), (5, 5))","(((3, 3), (4, 3), (5, 3), (5, 5), (6, 3)), (1, 3))",23,1.0,24.0,23,2,1,expanded,False,True,5020
"(((2, 2), (4, 2), (5, 2), (5, 6), (6, 5)), (1, 3))","(((2, 2), (4, 2), (5, 2), (5, 5), (6, 5)), (1, 3))",19,8,27.0,19,,,pruned,,,5021
"(((2, 2), (4, 2), (5, 2), (5, 5), (6, 6)), (1, 3))","(((2, 2), (4, 2), (5, 2), (5, 5), (6, 5)), (1, 3))",19,8,27.0,19,,,pruned,,,5022
"(((2, 1), (4, 2), (5, 2), (5, 5), (6, 5)), (1, 3))","(((2, 2), (4, 2), (5, 2), (5, 5), (6, 5)), (1, 3))",19,8,27.0,19,,,pruned,,,5023
"(((2, 2), (4, 1), (5, 2), (5, 5), (6, 5)), (1, 3))","(((2, 2), (4, 2), (5, 2), (5, 5), (6, 5)), (1, 3))",19,8,27.0,19,,,pruned,,,5024
"(((2, 2), (4, 2), (5, 1), (5, 5), (6, 5)), (1, 3))","(((2, 2), (4, 2), (5, 2), (5, 5), (6, 5)), (1, 3))",19,8,27.0,19,,,pruned,,,5025
"(((2, 2), (4, 2), (5, 2), (5, 5), (6, 5)), (1, 3))","(((2, 2), (4, 2), (5, 2), (5, 4), (6, 5)), (1, 3))",18,7.0,25.0,18,5,5,expanded,True,True,5026
"(((2, 2), (4, 2), (5, 2), (5, 6), (6, 4)), (1, 3))","(((2, 2), (4, 2), (5, 2), (5, 5), (6, 4)), (1, 3))",20,7,27.0,20,,,pruned,,,5027
"(((2, 1), (4, 2), (5, 2), (5, 5), (6, 4)), (1, 3))","(((2, 2), (4, 2), (5, 2), (5, 5), (6, 4)), (1, 3))",20,7,27.0,20,,,pruned,,,5028
"(((2, 2), (4, 1), (5, 2), (5, 5), (6, 4)), (1, 3))","(((2, 2), (4, 2), (5, 2), (5, 5), (6, 4)), (1, 3))",20,7,27.0,20,,,pruned,,,5029
"(((2, 2), (4, 2), (5, 1), (5, 5), (6, 4)), (1, 3))","(((2, 2), (4, 2), (5, 2), (5, 5), (6, 4)), (1, 3))",20,7,27.0,20,,,pruned,,,5030
"(((2, 2), (4, 2), (5, 2), (5, 5), (6, 4)), (1, 3))","(((2, 2), (4, 2), (5, 2), (5, 4), (6, 4)), (1, 3))",19,6.0,25.0,19,5,4,expanded,False,True,5031
"(((2, 1), (5, 2), (5, 4), (6, 4), (6, 5)), (1, 3))","(((2, 2), (5, 2), (5, 4), (6, 4), (6, 5)), (1, 3))",20,7,27.0,20,,,pruned,,,5032
"(((2, 2), (5, 4), (6, 2), (6, 4), (6, 5)), (1, 3))","(((2, 2), (5, 2), (5, 4), (6, 4), (6, 5)), (1, 3))",20,6,26.0,20,,,pruned,,,5033
"(((2, 2), (5, 1), (5, 4), (6, 4), (6, 5)), (1, 3))","(((2, 2), (5, 2), (5, 4), (6, 4), (6, 5)), (1, 3))",20,7,27.0,20,,,pruned,,,5034
"(((2, 2), (5, 2), (5, 4), (6, 4), (6, 5)), (1, 3))","(((2, 3), (5, 2), (5, 4), (6, 4), (6, 5)), (1, 3))",19,6.0,25.0,19,7,3,expanded,False,True,5035
"(((4, 2), (4, 3), (5, 2), (5, 6), (6, 5)), (1, 3))","(((4, 2), (4, 3), (5, 2), (5, 5), (6, 5)), (1, 3))",20,7,27.0,20,,,pruned,,,5036
"(((4, 2), (4, 3), (5, 2), (5, 5), (6, 6)), (1, 3))","(((4, 2), (4, 3), (5, 2), (5, 5), (6, 5)), (1, 3))",20,7,27.0,20,,,pruned,,,5037
"(((4, 2), (4, 3), (5, 1), (5, 5), (6, 5)), (1, 3))","(((4, 2), (4, 3), (5, 2), (5, 5), (6, 5)), (1, 3))",20,7,27.0,20,,,pruned,,,5038
"(((4, 2), (4, 3), (5, 2), (5, 5), (6, 5)), (1, 3))","(((3, 3), (4, 2), (5, 2), (5, 5), (6, 5)), (1, 3))",19,6.0,25.0,19,6,3,expanded,False,True,5039
"(((2, 1), (3, 4), (5, 2), (6, 4), (6, 5)), (1, 3))","(((2, 2), (3, 4), (5, 2), (6, 4), (6, 5)), (1, 3))",20,7,27.0,20,,,pruned,,,5040
"(((2, 2), (3, 4), (6, 2), (6, 4), (6, 5)), (1, 3))","(((2, 2), (3, 4), (5, 2), (6, 4), (6, 5)), (1, 3))",20,6,26.0,20,,,pruned,,,5041
"(((2, 2), (3, 4), (5, 1), (6, 4), (6, 5)), (1, 3))","(((2, 2), (3, 4), (5, 2), (6, 4), (6, 5)), (1, 3))",20,7,27.0,20,,,pruned,,,5042
"(((2, 2), (3, 4), (5, 2), (6, 4), (6, 5)), (1, 3))","(((2, 2), (4, 4), (5, 2), (6, 4), (6, 5)), (1, 3))",19,6.0,25.0,19,8,3,expanded,False,True,5043
"(((1, 4), (2, 2), (4, 2), (6, 4), (6, 5)), (1, 3))","(((2, 2), (2, 4), (4, 2), (6, 4), (6, 5)), (1, 3))",20,7,27.0,20,,,pruned,,,5044
"(((2, 1), (2, 4), (4, 2), (6, 4), (6, 5)), (1, 3))","(((2, 2), (2, 4), (4, 2), (6, 4), (6, 5)), (1, 3))",20,7,27.0,20,,,pruned,,,5045
"(((2, 2), (2, 4), (4, 1), (6, 4), (6, 5)), (1, 3))","(((2, 2), (2, 4), (4, 2), (6, 4), (6, 5)), (1, 3))",20,7,27.0,20,,,pruned,,,5046
"(((2, 2), (2, 4), (4, 2), (6, 4), (6, 5)), (1, 3))","(((2, 2), (3, 4), (4, 2), (6, 4), (6, 5)), (1, 3))",19,6.0,25.0,19,6,3,expanded,False,True,5047
"(((2, 2), (4, 2), (5, 2), (5, 6), (6, 3)), (1, 3))","(((2, 2), (4, 2), (5, 2), (5, 5), (6, 3)), (1, 3))",21,6,27.0,21,,,pruned,,,5048
"(((2, 1), (4, 2), (5, 2), (5, 5), (6, 3)), (1, 3))","(((2, 2), (4, 2), (5, 2), (5, 5), (6, 3)), (1, 3))",21,6,27.0,21,,,pruned,,,5049
"(((2, 2), (4, 2), (5, 2), (5, 5), (6, 2)), (1, 3))","(((2, 2), (4, 2), (5, 2), (5, 5), (6, 3)), (1, 3))",21,6,27.0,21,,,pruned,,,5050
"(((2, 2), (4, 1), (5, 2), (5, 5), (6, 3)), (1, 3))","(((2, 2), (4, 2), (5, 2), (5, 5), (6, 3)), (1, 3))",21,6,27.0,21,,,pruned,,,5051
"(((2, 2), (4, 2), (5, 1), (5, 5), (6, 3)), (1, 3))","(((2, 2), (4, 2), (5, 2), (5, 5), (6, 3)), (1, 3))",21,6,27.0,21,,,pruned,,,5052
"(((2, 2), (4, 2), (5, 2), (5, 5), (6, 3)), (1, 3))","(((2, 2), (4, 2), (5, 2), (5, 4), (6, 3)), (1, 3))",20,5.0,25.0,20,6,5,expanded,False,True,5053
"(((2, 2), (3, 4), (4, 4), (5, 6), (6, 3)), (1, 3))","(((2, 2), (3, 4), (4, 4), (5, 5), (6, 3)), (1, 3))",21,6,27.0,21,,,pruned,,,5054
"(((2, 1), (3, 4), (4, 4), (5, 5), (6, 3)), (1, 3))","(((2, 2), (3, 4), (4, 4), (5, 5), (6, 3)), (1, 3))",21,6,27.0,21,,,pruned,,,5055
"(((2, 2), (3, 4), (4, 4), (5, 5), (6, 2)), (1, 3))","(((2, 2), (3, 4), (4, 4), (5, 5), (6, 3)), (1, 3))",21,6,27.0,21,,,pruned,,,5056
"(((2, 2), (3, 4), (4, 4), (5, 5), (6, 3)), (1, 3))","(((2, 2), (3, 4), (4, 3), (5, 5), (6, 3)), (2, 1))",20,5.0,25.0,20,6,3,expanded,False,True,5057
"(((2, 1), (5, 2), (5, 4), (6, 3), (6, 5)), (1, 3))","(((2, 2), (5, 2), (5, 4), (6, 3), (6, 5)), (1, 3))",21,6,27.0,21,,,pruned,,,5058
"(((2, 2), (5, 4), (6, 2), (6, 3), (6, 5)), (1, 3))","(((2, 2), (5, 2), (5, 4), (6, 3), (6, 5)), (1, 3))",21,5,26.0,21,,,pruned,,,5059
"(((2, 2), (5, 1), (5, 4), (6, 3), (6, 5)), (1, 3))","(((2, 2), (5, 2), (5, 4), (6, 3), (6, 5)), (1, 3))",21,6,27.0,21,,,pruned,,,5060
"(((2, 2), (5, 2), (5, 4), (6, 3), (6, 5)), (1, 3))","(((2, 3), (5, 2), (5, 4), (6, 3), (6, 5)), (1, 3))",20,5.0,25.0,20,7,3,expanded,False,True,5061
"(((1, 3), (5, 2), (5, 5), (6, 3), (6, 5)), (1, 4))","(((2, 3), (5, 2), (5, 5), (6, 3), (6, 5)), (1, 3))",21,6,27.0,21,,,pruned,,,5062
"(((2, 3), (5, 2), (5, 6), (6, 3), (6, 5)), (1, 3))","(((2, 3), (5, 2), (5, 5), (6, 3), (6, 5)), (1, 3))",21,6,27.0,21,,,pruned,,,5063
"(((2, 3), (5, 2), (5, 5), (6, 3), (6, 6)), (1, 3))","(((2, 3), (5, 2), (5, 5), (6, 3), (6, 5)), (1, 3))",21,6,27.0,21,,,pruned,,,5064
"(((2, 3), (5, 2), (5, 5), (6, 2), (6, 5)), (1, 3))","(((2, 3), (5, 2), (5, 5), (6, 3), (6, 5)), (1, 3))",21,6,27.0,21,,,pruned,,,5065
"(((2, 3), (5, 5), (6, 2), (6, 3), (6, 5)), (1, 3))","(((2, 3), (5, 2), (5, 5), (6, 3), (6, 5)), (1, 3))",21,5,26.0,21,,,pruned,,,5066
"(((2, 3), (5, 1), (5, 5), (6, 3), (6, 5)), (1, 3))","(((2, 3), (5, 2), (5, 5), (6, 3), (6, 5)), (1, 3))",21,6,27.0,21,,,pruned,,,5067
"(((2, 3), (5, 2), (5, 5), (6, 3), (6, 5)), (1, 3))","(((2, 3), (5, 2), (5, 4), (6, 3), (6, 5)), (1, 3))",20,5.0,25.0,20,10,6,expanded,False,True,5068
"(((2, 1), (5, 3), (5, 4), (6, 4), (6, 5)), (1, 3))","(((2, 2), (5, 3), (5, 4), (6, 4), (6, 5)), (1, 3))",21,6,27.0,21,,,pruned,,,5069
"(((2, 2), (5, 3), (5, 4), (6, 4), (6, 5)), (1, 3))","(((2, 3), (5, 3), (5, 4), (6, 4), (6, 5)), (1, 3))",20,5.0,25.0,20,4,1,expanded,False,True,5070
"(((2, 1), (4, 2), (6, 3), (6, 4), (6, 5)), (1, 3))","(((2, 2), (4, 2), (6, 3), (6, 4), (6, 5)), (1, 3))",21,6,27.0,21,,,pruned,,,5071
"(((2, 2), (4, 1), (6, 3), (6, 4), (6, 5)), (1, 3))","(((2, 2), (4, 2), (6, 3), (6, 4), (6, 5)), (1, 3))",21,6,27.0,21,,,pruned,,,5072
"(((2, 2), (4, 2), (6, 3), (6, 4), (6, 5)), (1, 3))","(((2, 3), (4, 2), (6, 3), (6, 4), (6, 5)), (1, 3))",20,5.0,25.0,20,4,2,expanded,False,True,5073
"(((2, 1), (4, 2), (5, 3), (5, 4), (6, 5)), (1, 3))","(((2, 2), (4, 2), (5, 3), (5, 4), (6, 5)), (1, 3))",21,6,27.0,21,,,pruned,,,5074
"(((2, 2), (4, 1), (5, 3), (5, 4), (6, 5)), (1, 3))","(((2, 2), (4, 2), (5, 3), (5, 4), (6, 5)), (1, 3))",21,6,27.0,21,,,pruned,,,5075
"(((2, 2), (4, 2), (5, 3), (5, 4), (6, 5)), (1, 3))","(((2, 3), (4, 2), (5, 3), (5, 4), (6, 5)), (1, 3))",20,5.0,25.0,20,4,2,expanded,False,True,5076
"(((3, 3), (4, 2), (5, 6), (6, 3), (6, 5)), (1, 3))","(((3, 3), (4, 2), (5, 5), (6, 3), (6, 5)), (1, 3))",21,6,27.0,21,,,pruned,,,5077
"(((3, 3), (4, 2), (5, 5), (6, 3), (6, 6)), (1, 3))","(((3, 3), (4, 2), (5, 5), (6, 3), (6, 5)), (1, 3))",21,6,27.0,21,,,pruned,,,5078
"(((3, 3), (4, 2), (5, 5), (6, 2), (6, 5)), (1, 3))","(((3, 3), (4, 2), (5, 5), (6, 3), (6, 5)), (1, 3))",21,6,27.0,21,,,pruned,,,5079
"(((3, 3), (4, 1), (5, 5), (6, 3), (6, 5)), (1, 3))","(((3, 3), (4, 2), (5, 5), (6, 3), (6, 5)), (1, 3))",21,6,27.0,21,,,pruned,,,5080
"(((3, 3), (4, 2), (5, 5), (6, 3), (6, 5)), (1, 3))","(((3, 3), (4, 2), (5, 4), (6, 3), (6, 5)), (1, 3))",20,5.0,25.0,20,8,4,expanded,False,True,5081
"(((3, 3), (4, 2), (4, 3), (5, 6), (6, 5)), (1, 3))","(((3, 3), (4, 2), (4, 3), (5, 5), (6, 5)), (1, 3))",21,6,27.0,21,,,pruned,,,5082
"(((3, 3), (4, 2), (4, 3), (5, 5), (6, 6)), (1, 3))","(((3, 3), (4, 2), (4, 3), (5, 5), (6, 5)), (1, 3))",21,6,27.0,21,,,pruned,,,5083
"(((3, 3), (4, 2), (4, 3), (5, 5), (6, 5)), (1, 3))","(((3, 3), (4, 2), (4, 3), (5, 4), (6, 5)), (1, 3))",20,5.0,25.0,20,2,2,expanded,True,True,5084
"(((1, 4), (2, 2), (5, 4), (5, 5), (6, 3)), (1, 3))","(((2, 2), (2, 4), (5, 4), (5, 5), (6, 3)), (1, 3))",21,6,27.0,21,,,pruned,,,5085
"(((2, 1), (2, 4), (5, 4), (5, 5), (6, 3)), (1, 3))","(((2, 2), (2, 4), (5, 4), (5, 5), (6, 3)), (1, 3))",21,6,27.0,21,,,pruned,,,5086
"(((2, 2), (2, 4), (5, 4), (5, 5), (6, 3)), (1, 3))","(((2, 2), (2, 4), (5, 3), (5, 5), (6, 3)), (1, 3))",20,5.0,25.0,20,6,2,expanded,False,True,5087
"(((2, 1), (3, 3), (5, 4), (6, 4), (6, 5)), (1, 3))","(((2, 2), (3, 3), (5, 4), (6, 4), (6, 5)), (1, 3))",21,6,27.0,21,,,pruned,,,5088
"(((2, 2), (3, 3), (5, 4), (6, 4), (6, 5)), (1, 3))","(((2, 3), (3, 3), (5, 4), (6, 4), (6, 5)), (1, 3))",20,5.0,25.0,20,5,1,expanded,False,True,5089
"(((4, 2), (4, 3), (5, 2), (5, 6), (6, 4)), (1, 3))","(((4, 2), (4, 3), (5, 2), (5, 5), (6, 4)), (1, 3))",21,6,27.0,21,,,pruned,,,5090
"(((4, 2), (4, 3), (5, 1), (5, 5), (6, 4)), (1, 3))","(((4, 2), (4, 3), (5, 2), (5, 5), (6, 4)), (1, 3))",21,6,27.0,21,,,pruned,,,5091
"(((4, 2), (4, 3), (5, 2), (5, 5), (6, 4)), (1, 3))","(((3, 3), (4, 2), (5, 2), (5, 5), (6, 4)), (1, 3))",20,5.0,25.0,20,6,2,expanded,False,True,5092
"(((2, 2), (3, 4), (5, 2), (6, 3), (6, 6)), (1, 3))","(((2, 2), (3, 4), (5, 2), (6, 3), (6, 5)), (1, 3))",21,6,27.0,21,,,pruned,,,5093
"(((2, 1), (3, 4), (5, 2), (6, 3), (6, 5)), (1, 3))","(((2, 2), (3, 4), (5, 2), (6, 3), (6, 5)), (1, 3))",21,6,27.0,21,,,pruned,,,5094
"(((2, 2), (3, 4), (5, 2), (6, 2), (6, 5)), (1, 3))","(((2, 2), (3, 4), (5, 2), (6, 3), (6, 5)), (1, 3))",21,6,27.0,21,,,pruned,,,5095
"(((2, 2), (3, 4), (6, 2), (6, 3), (6, 5)), (1, 3))","(((2, 2), (3, 4), (5, 2), (6, 3), (6, 5)), (1, 3))",21,5,26.0,21,,,pruned,,,5096
"(((2, 2), (3, 4), (5, 1), (6, 3), (6, 5)), (1, 3))","(((2, 2), (3, 4), (5, 2), (6, 3), (6, 5)), (1, 3))",21,6,27.0,21,,,pruned,,,5097
"(((2, 2), (3, 4), (5, 2), (6, 3), (6, 5)), (1, 3))","(((2, 2), (4, 4), (5, 2), (6, 3), (6, 5)), (1, 3))",20,5.0,25.0,20,10,5,expanded,False,True,5098
"(((2, 1), (3, 3), (4, 4), (5, 4), (6, 5)), (1, 3))","(((2, 2), (3, 3), (4, 4), (5, 4), (6, 5)), (1, 3))",21,6,27.0,21,,,pruned,,,5099
"(((2, 2), (3, 3), (4, 4), (5, 4), (6, 5)), (1, 3))","(((2, 2), (2, 3), (4, 4), (5, 4), (6, 5)), (1, 3))",20,5.0,25.0,20,2,1,expanded,False,True,5100
"(((1, 3), (4, 4), (5, 2), (5, 4), (6, 5)), (1, 4))","(((2, 3), (4, 4), (5, 2), (5, 4), (6, 5)), (1, 3))",21,6,27.0,21,,,pruned,,,5101
"(((2, 3), (4, 4), (5, 2), (5, 4), (6, 6)), (1, 3))","(((2, 3), (4, 4), (5, 2), (5, 4), (6, 5)), (1, 3))",21,6,27.0,21,,,pruned,,,5102
"(((2, 3), (4, 4), (5, 4), (6, 2), (6, 5)), (1, 3))","(((2, 3), (4, 4), (5, 2), (5, 4), (6, 5)), (1, 3))",21,5,26.0,21,,,pruned,,,5103
"(((2, 3), (4, 4), (5, 1), (5, 4), (6, 5)), (1, 3))","(((2, 3), (4, 4), (5, 2), (5, 4), (6, 5)), (1, 3))",21,6,27.0,21,,,pruned,,,5104
"(((2, 3), (4, 4), (5, 2), (5, 4), (6, 5)), (1, 3))","(((3, 3), (4, 4), (5, 2), (5, 4), (6, 5)), (1, 3))",20,5.0,25.0,20,10,4,expanded,False,True,5105
"(((1, 4), (2, 2), (6, 3), (6, 4), (6, 5)), (1, 3))","(((2, 2), (2, 4), (6, 3), (6, 4), (6, 5)), (1, 3))",21,6,27.0,21,,,pruned,,,5106
"(((2, 1), (2, 4), (6, 3), (6, 4), (6, 5)), (1, 3))","(((2, 2), (2, 4), (6, 3), (6, 4), (6, 5)), (1, 3))",21,6,27.0,21,,,pruned,,,5107
"(((2, 2), (2, 4), (6, 3), (6, 4), (6, 5)), (1, 3))","(((2, 2), (3, 4), (6, 3), (6, 4), (6, 5)), (1, 3))",20,5.0,25.0,20,4,2,expanded,False,True,5108
"(((2, 2), (3, 3), (3, 4), (6, 4), (6, 5)), (2, 1))","(((2, 2), (3, 4), (4, 3), (6, 4), (6, 5)), (2, 1))",20,5.0,25.0,20,3,0,expanded,False,True,5109
"(((1, 4), (2, 2), (4, 3), (6, 4), (6, 5)), (1, 3))","(((2, 2), (2, 4), (4, 3), (6, 4), (6, 5)), (1, 3))",21,6,27.0,21,,,pruned,,,5110
"(((2, 1), (2, 4), (4, 3), (6, 4), (6, 5)), (1, 3))","(((2, 2), (2, 4), (4, 3), (6, 4), (6, 5)), (1, 3))",21,6,27.0,21,,,pruned,,,5111
"(((2, 2), (2, 4), (4, 3), (6, 4), (6, 5)), (1, 3))","(((2, 2), (3, 4), (4, 3), (6, 4), (6, 5)), (2, 1))",20,5.0,25.0,20,8,2,expanded,False,True,5112
"(((1, 3), (2, 2), (4, 4), (6, 4), (6, 5)), (1, 4))","(((2, 2), (2, 3), (4, 4), (6, 4), (6, 5)), (1, 3))",21,6,27.0,21,,,pruned,,,5113
"(((2, 2), (2, 3), (4, 4), (6, 4), (6, 5)), (1, 3))","(((2, 2), (3, 3), (4, 4), (6, 4), (6, 5)), (2, 1))",20,5.0,25.0,20,4,1,expanded,False,True,5114
"(((4, 2), (4, 3), (5, 3), (5, 6), (6, 5)), (1, 3))","(((4, 2), (4, 3), (5, 3), (5, 5), (6, 5)), (1, 3))",21,6,27.0,21,,,pruned,,,5115
"(((4, 2), (4, 3), (5, 3), (5, 5), (6, 6)), (1, 3))","(((4, 2), (4, 3), (5, 3), (5, 5), (6, 5)), (1, 3))",21,6,27.0,21,,,pruned,,,5116
"(((4, 2), (4, 3), (5, 3), (5, 5), (6, 5)), (1, 3))","(((3, 3), (4, 2), (5, 3), (5, 5), (6, 5)), (1, 3))",20,5.0,25.0,20,4,2,expanded,False,True,5117
"(((1, 3), (4, 2), (5, 3), (5, 5), (6, 5)), (1, 4))","(((2, 3), (4, 2), (5, 3), (5, 5), (6, 5)), (1, 3))",21,6,27.0,21,,,pruned,,,5118
"(((2, 3), (4, 2), (5, 3), (5, 6), (6, 5)), (1, 3))","(((2, 3), (4, 2), (5, 3), (5, 5), (6, 5)), (1, 3))",21,6,27.0,21,,,pruned,,,5119
"(((2, 3), (4, 2), (5, 3), (5, 5), (6, 6)), (1, 3))","(((2, 3), (4, 2), (5, 3), (5, 5), (6, 5)), (1, 3))",21,6,27.0,21,,,pruned,,,5120
"(((2, 3), (4, 1), (5, 3), (5, 5), (6, 5)), (1, 3))","(((2, 3), (4, 2), (5, 3), (5, 5), (6, 5)), (1, 3))",21,6,27.0,21,,,pruned,,,5121
"(((2, 3), (4, 2), (5, 3), (5, 5), (6, 5)), (1, 3))","(((3, 3), (4, 2), (5, 3), (5, 5), (6, 5)), (1, 3))",20,5.0,25.0,20,12,4,expanded,False,True,5122
"(((2, 1), (3, 4), (5, 3), (6, 4), (6, 5)), (1, 3))","(((2, 2), (3, 4), (5, 3), (6, 4), (6, 5)), (1, 3))",21,6,27.0,21,,,pruned,,,5123
"(((2, 2), (3, 4), (5, 3), (6, 4), (6, 5)), (1, 3))","(((2, 2), (3, 4), (5, 2), (6, 4), (6, 5)), (1, 3))",20,5.0,25.0,20,8,1,expanded,False,True,5124
"(((1, 4), (2, 3), (3, 3), (5, 2), (6, 5)), (2, 1))","(((2, 3), (2, 4), (3, 3), (5, 2), (6, 5)), (2, 1))",22,5,27.0,22,,,pruned,,,5125
"(((2, 3), (2, 4), (3, 3), (5, 2), (6, 6)), (2, 1))","(((2, 3), (2, 4), (3, 3), (5, 2), (6, 5)), (2, 1))",22,5,27.0,22,,,pruned,,,5126
"(((2, 3), (2, 4), (3, 3), (6, 2), (6, 5)), (2, 1))","(((2, 3), (2, 4), (3, 3), (5, 2), (6, 5)), (2, 1))",22,4,26.0,22,,,pruned,,,5127
"(((2, 3), (2, 4), (3, 3), (5, 1), (6, 5)), (2, 1))","(((2, 3), (2, 4), (3, 3), (5, 2), (6, 5)), (2, 1))",22,5,27.0,22,,,pruned,,,5128
"(((2, 3), (2, 4), (3, 3), (5, 2), (6, 5)), (2, 1))","(((2, 3), (2, 4), (3, 3), (5, 2), (6, 4)), (2, 1))",21,4.0,25.0,21,7,4,expanded,False,True,5129
"(((2, 2), (3, 3), (5, 6), (6, 3), (6, 4)), (1, 3))","(((2, 2), (3, 3), (5, 5), (6, 3), (6, 4)), (1, 3))",22,5,27.0,22,,,pruned,,,5130
"(((2, 1), (3, 3), (5, 5), (6, 3), (6, 4)), (1, 3))","(((2, 2), (3, 3), (5, 5), (6, 3), (6, 4)), (1, 3))",22,5,27.0,22,,,pruned,,,5131
"(((2, 2), (3, 3), (5, 5), (6, 3), (6, 4)), (1, 3))","(((2, 2), (3, 3), (5, 4), (6, 3), (6, 4)), (1, 3))",21,4.0,25.0,21,5,2,expanded,False,True,5132
"(((2, 1), (5, 3), (5, 4), (6, 3), (6, 5)), (1, 3))","(((2, 2), (5, 3), (5, 4), (6, 3), (6, 5)), (1, 3))",22,5,27.0,22,,,pruned,,,5133
"(((2, 2), (5, 3), (5, 4), (6, 3), (6, 5)), (1, 3))","(((2, 3), (5, 3), (5, 4), (6, 3), (6, 5)), (1, 3))",21,4.0,25.0,21,4,1,expanded,False,True,5134
"(((1, 4), (2, 2), (4, 4), (6, 3), (6, 4)), (1, 3))","(((2, 2), (2, 4), (4, 4), (6, 3), (6, 4)), (1, 3))",22,5,27.0,22,,,pruned,,,5135
"(((2, 1), (2, 4), (4, 4), (6, 3), (6, 4)), (1, 3))","(((2, 2), (2, 4), (4, 4), (6, 3), (6, 4)), (1, 3))",22,5,27.0,22,,,pruned,,,5136
"(((2, 2), (2, 4), (4, 4), (6, 3), (6, 4)), (1, 3))","(((2, 2), (2, 4), (4, 3), (6, 3), (6, 4)), (1, 3))",21,4.0,25.0,21,6,2,expanded,False,True,5137
"(((2, 1), (4, 2), (5, 3), (5, 4), (6, 4)), (1, 3))","(((2, 2), (4, 2), (5, 3), (5, 4), (6, 4)), (1, 3))",22,5,27.0,22,,,pruned,,,5138
"(((2, 2), (4, 1), (5, 3), (5, 4), (6, 4)), (1, 3))","(((2, 2), (4, 2), (5, 3), (5, 4), (6, 4)), (1, 3))",22,5,27.0,22,,,pruned,,,5139
"(((2, 2), (4, 2), (5, 3), (5, 4), (6, 4)), (1, 3))","(((2, 3), (4, 2), (5, 3), (5, 4), (6, 4)), (1, 3))",21,4.0,25.0,21,3,2,expanded,False,True,5140
"(((3, 3), (4, 2), (4, 3), (5, 6), (6, 4)), (1, 3))","(((3, 3), (4, 2), (4, 3), (5, 5), (6, 4)), (1, 3))",22,5,27.0,22,,,pruned,,,5141
"(((3, 3), (4, 2), (4, 3), (5, 5), (6, 4)), (1, 3))","(((3, 3), (4, 2), (4, 3), (5, 4), (6, 4)), (1, 3))",21,4.0,25.0,21,2,1,expanded,False,True,5142
"(((1, 4), (3, 3), (4, 3), (5, 2), (6, 5)), (1, 3))","(((2, 4), (3, 3), (4, 3), (5, 2), (6, 5)), (3, 4))",22,5,27.0,22,,,pruned,,,5143
"(((2, 4), (3, 3), (4, 3), (5, 2), (6, 6)), (3, 4))","(((2, 4), (3, 3), (4, 3), (5, 2), (6, 5)), (3, 4))",22,5,27.0,22,,,pruned,,,5144
"(((2, 4), (3, 3), (4, 3), (5, 1), (6, 5)), (1, 3))","(((2, 4), (3, 3), (4, 3), (5, 2), (6, 5)), (3, 4))",22,5,27.0,22,,,pruned,,,5145
"(((2, 4), (3, 3), (4, 3), (5, 2), (6, 5)), (3, 4))","(((2, 4), (3, 3), (4, 3), (5, 3), (6, 5)), (1, 3))",21,4.0,25.0,21,6,3,expanded,False,True,5146
"(((2, 1), (4, 3), (6, 3), (6, 4), (6, 5)), (1, 3))","(((2, 2), (4, 3), (6, 3), (6, 4), (6, 5)), (1, 3))",22,5,27.0,22,,,pruned,,,5147
"(((2, 2), (4, 3), (6, 3), (6, 4), (6, 5)), (1, 3))","(((2, 3), (4, 3), (6, 3), (6, 4), (6, 5)), (1, 3))",21,4.0,25.0,21,6,1,expanded,False,True,5148
"(((3, 3), (4, 3), (5, 6), (6, 3), (6, 5)), (1, 3))","(((3, 3), (4, 3), (5, 5), (6, 3), (6, 5)), (1, 3))",22,5,27.0,22,,,pruned,,,5149
"(((3, 3), (4, 3), (5, 5), (6, 3), (6, 6)), (1, 3))","(((3, 3), (4, 3), (5, 5), (6, 3), (6, 5)), (1, 3))",22,5,27.0,22,,,pruned,,,5150
"(((3, 3), (4, 3), (5, 5), (6, 2), (6, 5)), (1, 3))","(((3, 3), (4, 3), (5, 5), (6, 3), (6, 5)), (1, 3))",22,5,27.0,22,,,pruned,,,5151
"(((3, 3), (4, 3), (5, 5), (6, 3), (6, 5)), (1, 3))","(((3, 3), (4, 3), (5, 4), (6, 3), (6, 5)), (1, 3))",21,4.0,25.0,21,6,3,expanded,False,True,5152
"(((2, 3), (3, 4), (4, 3), (5, 2), (6, 6)), (4, 4))","(((2, 3), (3, 4), (4, 3), (5, 2), (6, 5)), (4, 4))",22,5,27.0,22,,,pruned,,,5153
"(((2, 3), (3, 4), (4, 3), (5, 1), (6, 5)), (2, 1))","(((2, 3), (3, 4), (4, 3), (5, 2), (6, 5)), (4, 4))",22,5,27.0,22,,,pruned,,,5154
"(((2, 3), (3, 4), (4, 3), (5, 2), (6, 5)), (4, 4))","(((2, 3), (3, 4), (4, 3), (5, 3), (6, 5)), (2, 1))",21,4.0,25.0,21,7,2,expanded,False,True,5155
"(((2, 1), (3, 4), (4, 4), (5, 4), (6, 3)), (1, 3))","(((2, 2), (3, 4), (4, 4), (5, 4), (6, 3)), (1, 3))",22,5,27.0,22,,,pruned,,,5156
"(((2, 2), (3, 4), (4, 4), (5, 4), (6, 3)), (1, 3))","(((2, 2), (3, 4), (4, 4), (5, 3), (6, 3)), (1, 3))",21,4.0,25.0,21,4,1,expanded,False,True,5157
"(((2, 1), (3, 4), (4, 4), (5, 3), (6, 4)), (1, 3))","(((2, 2), (3, 4), (4, 4), (5, 3), (6, 4)), (1, 3))",22,5,27.0,22,,,pruned,,,5158
"(((2, 2), (3, 4), (4, 4), (5, 3), (6, 4)), (1, 3))","(((2, 2), (3, 4), (4, 4), (5, 3), (6, 3)), (1, 3))",21,4.0,25.0,21,6,1,expanded,False,True,5159
"(((4, 2), (4, 3), (5, 2), (5, 6), (6, 3)), (1, 3))","(((4, 2), (4, 3), (5, 2), (5, 5), (6, 3)), (1, 3))",22,5,27.0,22,,,pruned,,,5160
"(((4, 2), (4, 3), (5, 2), (5, 5), (6, 2)), (1, 3))","(((4, 2), (4, 3), (5, 2), (5, 5), (6, 3)), (1, 3))",22,5,27.0,22,,,pruned,,,5161
"(((4, 2), (4, 3), (5, 1), (5, 5), (6, 3)), (1, 3))","(((4, 2), (4, 3), (5, 2), (5, 5), (6, 3)), (1, 3))",22,5,27.0,22,,,pruned,,,5162
"(((4, 2), (4, 3), (5, 2), (5, 5), (6, 3)), (1, 3))","(((3, 3), (4, 2), (5, 2), (5, 5), (6, 3)), (1, 3))",21,4.0,25.0,21,7,3,expanded,False,True,5163
"(((1, 3), (2, 2), (5, 4), (5, 5), (6, 3)), (1, 4))","(((2, 2), (2, 3), (5, 4), (5, 5), (6, 3)), (1, 3))",22,5,27.0,22,,,pruned,,,5164
"(((2, 2), (2, 3), (5, 4), (5, 5), (6, 3)), (1, 3))","(((2, 2), (2, 3), (4, 4), (5, 5), (6, 3)), (1, 3))",21,4.0,25.0,21,4,1,expanded,False,True,5165
"(((1, 3), (2, 2), (3, 4), (5, 5), (6, 3)), (1, 4))","(((2, 2), (2, 3), (3, 4), (5, 5), (6, 3)), (2, 1))",22,5,27.0,22,,,pruned,,,5166
"(((2, 2), (2, 3), (3, 4), (5, 6), (6, 3)), (2, 1))","(((2, 2), (2, 3), (3, 4), (5, 5), (6, 3)), (2, 1))",22,5,27.0,22,,,pruned,,,5167
"(((2, 2), (2, 3), (3, 4), (5, 5), (6, 2)), (2, 1))","(((2, 2), (2, 3), (3, 4), (5, 5), (6, 3)), (2, 1))",22,5,27.0,22,,,pruned,,,5168
"(((2, 2), (2, 3), (3, 4), (5, 5), (6, 3)), (2, 1))","(((2, 2), (2, 3), (4, 4), (5, 5), (6, 3)), (1, 3))",21,4.0,25.0,21,6,3,expanded,False,True,5169
"(((2, 1), (3, 3), (4, 4), (5, 5), (6, 3)), (1, 3))","(((2, 2), (3, 3), (4, 4), (5, 5), (6, 3)), (1, 3))",22,5,27.0,22,,,pruned,,,5170
"(((2, 2), (3, 3), (4, 4), (5, 5), (6, 3)), (1, 3))","(((2, 2), (2, 3), (4, 4), (5, 5), (6, 3)), (1, 3))",21,4.0,25.0,21,3,1,expanded,False,True,5171
"(((2, 1), (4, 3), (5, 4), (5, 5), (6, 3)), (1, 3))","(((2, 2), (4, 3), (5, 4), (5, 5), (6, 3)), (1, 3))",22,5,27.0,22,,,pruned,,,5172
"(((2, 2), (4, 3), (5, 4), (5, 5), (6, 3)), (1, 3))","(((2, 2), (3, 3), (5, 4), (5, 5), (6, 3)), (1, 3))",21,4.0,25.0,21,4,1,expanded,False,True,5173
"(((1, 3), (4, 4), (5, 2), (5, 4), (6, 4)), (1, 4))","(((2, 3), (4, 4), (5, 2), (5, 4), (6, 4)), (1, 3))",22,5,27.0,22,,,pruned,,,5174
"(((2, 3), (4, 4), (5, 4), (6, 2), (6, 4)), (1, 3))","(((2, 3), (4, 4), (5, 2), (5, 4), (6, 4)), (1, 3))",22,4,26.0,22,,,pruned,,,5175
"(((2, 3), (4, 4), (5, 1), (5, 4), (6, 4)), (1, 3))","(((2, 3), (4, 4), (5, 2), (5, 4), (6, 4)), (1, 3))",22,5,27.0,22,,,pruned,,,5176
"(((2, 3), (4, 4), (5, 2), (5, 4), (6, 4)), (1, 3))","(((3, 3), (4, 4), (5, 2), (5, 4), (6, 4)), (1, 3))",21,4.0,25.0,21,10,3,expanded,False,True,5177
"(((1, 3), (4, 4), (5, 3), (5, 4), (6, 5)), (1, 4))","(((2, 3), (4, 4), (5, 3), (5, 4), (6, 5)), (1, 3))",22,5,27.0,22,,,pruned,,,5178
"(((2, 3), (4, 4), (5, 3), (5, 4), (6, 6)), (1, 3))","(((2, 3), (4, 4), (5, 3), (5, 4), (6, 5)), (1, 3))",22,5,27.0,22,,,pruned,,,5179
"(((2, 3), (4, 4), (5, 3), (5, 4), (6, 5)), (1, 3))","(((3, 3), (4, 4), (5, 3), (5, 4), (6, 5)), (1, 3))",21,4.0,25.0,21,7,2,expanded,False,True,5180
"(((1, 4), (2, 2), (3, 3), (5, 5), (6, 3)), (1, 3))","(((2, 2), (2, 4), (3, 3), (5, 5), (6, 3)), (2, 1))",22,5,27.0,22,,,pruned,,,5181
"(((2, 2), (2, 4), (3, 3), (5, 6), (6, 3)), (2, 1))","(((2, 2), (2, 4), (3, 3), (5, 5), (6, 3)), (2, 1))",22,5,27.0,22,,,pruned,,,5182
"(((2, 2), (2, 4), (3, 3), (5, 5), (6, 2)), (2, 1))","(((2, 2), (2, 4), (3, 3), (5, 5), (6, 3)), (2, 1))",22,5,27.0,22,,,pruned,,,5183
"(((2, 2), (2, 4), (3, 3), (5, 5), (6, 3)), (2, 1))","(((2, 2), (3, 3), (3, 4), (5, 5), (6, 3)), (2, 1))",21,4.0,25.0,21,7,3,expanded,False,True,5184
"(((2, 1), (3, 4), (4, 3), (5, 5), (6, 3)), (1, 3))","(((2, 2), (3, 4), (4, 3), (5, 5), (6, 3)), (1, 3))",22,5,27.0,22,,,pruned,,,5185
"(((2, 2), (3, 4), (4, 3), (5, 5), (6, 3)), (1, 3))","(((2, 2), (2, 4), (4, 3), (5, 5), (6, 3)), (1, 3))",21,4.0,25.0,21,3,1,expanded,False,True,5186
"(((2, 1), (4, 4), (5, 3), (5, 4), (6, 4)), (1, 3))","(((2, 2), (4, 4), (5, 3), (5, 4), (6, 4)), (1, 3))",22,5,27.0,22,,,pruned,,,5187
"(((2, 2), (4, 4), (5, 3), (5, 4), (6, 4)), (1, 3))","(((2, 2), (4, 3), (4, 4), (5, 4), (6, 4)), (1, 3))",21,4.0,25.0,21,5,1,expanded,False,True,5188
"(((1, 3), (2, 4), (4, 2), (6, 3), (6, 5)), (2, 1))","(((2, 3), (2, 4), (4, 2), (6, 3), (6, 5)), (2, 1))",22,5,27.0,22,,,pruned,,,5189
"(((1, 4), (2, 3), (4, 2), (6, 3), (6, 5)), (2, 1))","(((2, 3), (2, 4), (4, 2), (6, 3), (6, 5)), (2, 1))",22,5,27.0,22,,,pruned,,,5190
"(((2, 3), (2, 4), (4, 2), (6, 3), (6, 6)), (2, 1))","(((2, 3), (2, 4), (4, 2), (6, 3), (6, 5)), (2, 1))",22,5,27.0,22,,,pruned,,,5191
"(((2, 3), (2, 4), (4, 2), (6, 2), (6, 5)), (2, 1))","(((2, 3), (2, 4), (4, 2), (6, 3), (6, 5)), (2, 1))",22,5,27.0,22,,,pruned,,,5192
"(((2, 3), (2, 4), (4, 1), (6, 3), (6, 5)), (3, 3))","(((2, 3), (2, 4), (4, 2), (6, 3), (6, 5)), (2, 1))",22,5,27.0,22,,,pruned,,,5193
"(((2, 3), (2, 4), (4, 2), (6, 3), (6, 5)), (2, 1))","(((2, 3), (2, 4), (4, 2), (5, 3), (6, 5)), (2, 1))",21,4.0,25.0,21,8,5,expanded,False,True,5194
"(((1, 3), (2, 4), (4, 2), (4, 3), (6, 5)), (2, 1))","(((2, 3), (2, 4), (4, 2), (4, 3), (6, 5)), (2, 1))",22,5,27.0,22,,,pruned,,,5195
"(((1, 4), (2, 3), (4, 2), (4, 3), (6, 5)), (2, 1))","(((2, 3), (2, 4), (4, 2), (4, 3), (6, 5)), (2, 1))",22,5,27.0,22,,,pruned,,,5196
"(((2, 3), (2, 4), (4, 2), (4, 3), (6, 6)), (2, 1))","(((2, 3), (2, 4), (4, 2), (4, 3), (6, 5)), (2, 1))",22,5,27.0,22,,,pruned,,,5197
"(((2, 3), (2, 4), (4, 2), (4, 3), (6, 5)), (2, 1))","(((2, 3), (2, 4), (4, 2), (5, 3), (6, 5)), (2, 1))",21,4.0,25.0,21,6,3,expanded,False,True,5198
"(((2, 3), (3, 3), (3, 4), (4, 2), (6, 6)), (2, 1))","(((2, 3), (3, 3), (3, 4), (4, 2), (6, 5)), (2, 1))",22,5,27.0,22,,,pruned,,,5199
"(((2, 3), (3, 3), (3, 4), (4, 1), (6, 5)), (4, 2))","(((2, 3), (3, 3), (3, 4), (4, 2), (6, 5)), (2, 1))",22,5,27.0,22,,,pruned,,,5200
"(((2, 3), (3, 3), (3, 4), (4, 2), (6, 5)), (2, 1))","(((2, 3), (3, 4), (4, 2), (4, 3), (6, 5)), (2, 1))",21,4.0,25.0,21,6,2,expanded,False,True,5201
"(((1, 4), (4, 2), (4, 3), (6, 3), (6, 5)), (1, 3))","(((2, 4), (4, 2), (4, 3), (6, 3), (6, 5)), (1, 3))",22,5,27.0,22,,,pruned,,,5202
"(((2, 4), (4, 2), (4, 3), (6, 3), (6, 6)), (1, 3))","(((2, 4), (4, 2), (4, 3), (6, 3), (6, 5)), (1, 3))",22,5,27.0,22,,,pruned,,,5203
"(((2, 4), (4, 2), (4, 3), (6, 2), (6, 5)), (1, 3))","(((2, 4), (4, 2), (4, 3), (6, 3), (6, 5)), (1, 3))",22,5,27.0,22,,,pruned,,,5204
"(((2, 4), (4, 2), (4, 3), (6, 3), (6, 5)), (1, 3))","(((2, 4), (3, 3), (4, 2), (6, 3), (6, 5)), (1, 3))",21,4.0,25.0,21,8,3,expanded,False,True,5205
"(((4, 2), (4, 3), (4, 4), (6, 3), (6, 6)), (1, 3))","(((4, 2), (4, 3), (4, 4), (6, 3), (6, 5)), (1, 3))",22,5,27.0,22,,,pruned,,,5206
"(((4, 2), (4, 3), (4, 4), (6, 2), (6, 5)), (1, 3))","(((4, 2), (4, 3), (4, 4), (6, 3), (6, 5)), (1, 3))",22,5,27.0,22,,,pruned,,,5207
"(((4, 2), (4, 3), (4, 4), (6, 3), (6, 5)), (1, 3))","(((3, 4), (4, 2), (4, 3), (6, 3), (6, 5)), (1, 3))",21,4.0,25.0,21,8,2,expanded,False,True,5208
"(((1, 3), (4, 2), (4, 4), (6, 3), (6, 5)), (1, 4))","(((2, 3), (4, 2), (4, 4), (6, 3), (6, 5)), (1, 3))",22,5,27.0,22,,,pruned,,,5209
"(((2, 3), (4, 2), (4, 4), (6, 3), (6, 6)), (1, 3))","(((2, 3), (4, 2), (4, 4), (6, 3), (6, 5)), (1, 3))",22,5,27.0,22,,,pruned,,,5210
"(((2, 3), (4, 2), (4, 4), (6, 2), (6, 5)), (1, 3))","(((2, 3), (4, 2), (4, 4), (6, 3), (6, 5)), (1, 3))",22,5,27.0,22,,,pruned,,,5211
"(((2, 3), (4, 1), (4, 4), (6, 3), (6, 5)), (1, 3))","(((2, 3), (4, 2), (4, 4), (6, 3), (6, 5)), (1, 3))",22,5,27.0,22,,,pruned,,,5212
"(((2, 3), (4, 2), (4, 4), (6, 3), (6, 5)), (1, 3))","(((3, 3), (4, 2), (4, 4), (6, 3), (6, 5)), (1, 3))",21,4.0,25.0,21,12,4,expanded,False,True,5213
"(((1, 4), (2, 2), (5, 2), (5, 4), (6, 3)), (1, 3))","(((2, 2), (2, 4), (5, 2), (5, 4), (6, 3)), (1, 3))",22,5,27.0,22,,,pruned,,,5214
"(((2, 1), (2, 4), (5, 2), (5, 4), (6, 3)), (1, 3))","(((2, 2), (2, 4), (5, 2), (5, 4), (6, 3)), (1, 3))",22,5,27.0,22,,,pruned,,,5215
"(((2, 2), (2, 4), (5, 4), (6, 2), (6, 3)), (1, 3))","(((2, 2), (2, 4), (5, 2), (5, 4), (6, 3)), (1, 3))",22,4,26.0,22,,,pruned,,,5216
"(((2, 2), (2, 4), (5, 1), (5, 4), (6, 3)), (1, 3))","(((2, 2), (2, 4), (5, 2), (5, 4), (6, 3)), (1, 3))",22,5,27.0,22,,,pruned,,,5217
"(((2, 2), (2, 4), (5, 2), (5, 4), (6, 3)), (1, 3))","(((2, 2), (2, 4), (4, 4), (5, 2), (6, 3)), (1, 3))",21,4.0,25.0,21,9,4,expanded,False,True,5218
"(((2, 1), (2, 4), (3, 4), (5, 2), (6, 3)), (1, 3))","(((2, 2), (2, 4), (3, 4), (5, 2), (6, 3)), (1, 3))",22,5,27.0,22,,,pruned,,,5219
"(((2, 2), (2, 4), (3, 4), (5, 2), (6, 2)), (1, 3))","(((2, 2), (2, 4), (3, 4), (5, 2), (6, 3)), (1, 3))",22,5,27.0,22,,,pruned,,,5220
"(((2, 2), (2, 4), (3, 4), (6, 2), (6, 3)), (1, 3))","(((2, 2), (2, 4), (3, 4), (5, 2), (6, 3)), (1, 3))",22,4,26.0,22,,,pruned,,,5221
"(((2, 2), (2, 4), (3, 4), (5, 1), (6, 3)), (1, 3))","(((2, 2), (2, 4), (3, 4), (5, 2), (6, 3)), (1, 3))",22,5,27.0,22,,,pruned,,,5222
"(((2, 2), (2, 4), (3, 4), (5, 2), (6, 3)), (1, 3))","(((2, 2), (2, 4), (4, 4), (5, 2), (6, 3)), (1, 3))",21,4.0,25.0,21,6,4,expanded,False,True,5223
"(((4, 2), (4, 3), (5, 3), (5, 6), (6, 4)), (1, 3))","(((4, 2), (4, 3), (5, 3), (5, 5), (6, 4)), (1, 3))",22,5,27.0,22,,,pruned,,,5224
"(((4, 2), (4, 3), (5, 3), (5, 5), (6, 4)), (1, 3))","(((3, 3), (4, 2), (5, 3), (5, 5), (6, 4)), (1, 3))",21,4.0,25.0,21,4,1,expanded,False,True,5225
"(((1, 3), (4, 2), (5, 3), (5, 5), (6, 4)), (1, 4))","(((2, 3), (4, 2), (5, 3), (5, 5), (6, 4)), (1, 3))",22,5,27.0,22,,,pruned,,,5226
"(((2, 3), (4, 2), (5, 3), (5, 6), (6, 4)), (1, 3))","(((2, 3), (4, 2), (5, 3), (5, 5), (6, 4)), (1, 3))",22,5,27.0,22,,,pruned,,,5227
"(((2, 3), (4, 1), (5, 3), (5, 5), (6, 4)), (1, 3))","(((2, 3), (4, 2), (5, 3), (5, 5), (6, 4)), (1, 3))",22,5,27.0,22,,,pruned,,,5228
"(((2, 3), (4, 2), (5, 3), (5, 5), (6, 4)), (1, 3))","(((3, 3), (4, 2), (5, 3), (5, 5), (6, 4)), (1, 3))",21,4.0,25.0,21,7,3,expanded,False,True,5229
"(((1, 3), (5, 3), (5, 5), (6, 3), (6, 5)), (1, 4))","(((2, 3), (5, 3), (5, 5), (6, 3), (6, 5)), (1, 3))",22,5,27.0,22,,,pruned,,,5230
"(((2, 3), (5, 3), (5, 6), (6, 3), (6, 5)), (1, 3))","(((2, 3), (5, 3), (5, 5), (6, 3), (6, 5)), (1, 3))",22,5,27.0,22,,,pruned,,,5231
"(((2, 3), (5, 3), (5, 5), (6, 3), (6, 6)), (1, 3))","(((2, 3), (5, 3), (5, 5), (6, 3), (6, 5)), (1, 3))",22,5,27.0,22,,,pruned,,,5232
"(((2, 3), (5, 3), (5, 5), (6, 2), (6, 5)), (1, 3))","(((2, 3), (5, 3), (5, 5), (6, 3), (6, 5)), (1, 3))",22,5,27.0,22,,,pruned,,,5233
"(((2, 3), (5, 3), (5, 5), (6, 3), (6, 5)), (1, 3))","(((3, 3), (5, 3), (5, 5), (6, 3), (6, 5)), (1, 3))",21,4.0,25.0,21,10,4,expanded,False,True,5234
"(((1, 4), (2, 2), (4, 2), (4, 4), (6, 3)), (1, 3))","(((2, 2), (2, 4), (4, 2), (4, 4), (6, 3)), (1, 3))",22,5,27.0,22,,,pruned,,,5235
"(((2, 1), (2, 4), (4, 2), (4, 4), (6, 3)), (1, 3))","(((2, 2), (2, 4), (4, 2), (4, 4), (6, 3)), (1, 3))",22,5,27.0,22,,,pruned,,,5236
"(((2, 2), (2, 4), (4, 2), (4, 4), (6, 2)), (1, 3))","(((2, 2), (2, 4), (4, 2), (4, 4), (6, 3)), (1, 3))",22,5,27.0,22,,,pruned,,,5237
"(((2, 2), (2, 4), (4, 1), (4, 4), (6, 3)), (1, 3))","(((2, 2), (2, 4), (4, 2), (4, 4), (6, 3)), (1, 3))",22,5,27.0,22,,,pruned,,,5238
"(((2, 2), (2, 4), (4, 2), (4, 4), (6, 3)), (1, 3))","(((2, 2), (2, 4), (4, 2), (5, 4), (6, 3)), (5, 5))",21,4.0,25.0,21,10,4,expanded,False,True,5239
"(((2, 2), (4, 2), (5, 2), (5, 4), (6, 2)), (1, 3))","(((2, 2), (4, 2), (5, 2), (5, 4), (6, 3)), (5, 5))",22,5,27.0,22,,,pruned,,,5240
"(((2, 2), (4, 2), (5, 2), (5, 4), (6, 3)), (5, 5))","(((2, 2), (4, 2), (5, 2), (5, 5), (6, 3)), (1, 3))",21,4.0,25.0,21,3,1,expanded,False,True,5241
"(((2, 2), (3, 4), (4, 4), (5, 4), (6, 2)), (1, 3))","(((2, 2), (3, 4), (4, 4), (5, 4), (6, 3)), (5, 5))",22,5,27.0,22,,,pruned,,,5242
"(((2, 2), (3, 4), (4, 4), (5, 4), (6, 3)), (5, 5))","(((2, 2), (3, 4), (4, 4), (5, 5), (6, 3)), (1, 3))",21,4.0,25.0,21,2,1,expanded,False,True,5243
"(((2, 2), (3, 4), (5, 3), (6, 3), (6, 6)), (1, 3))","(((2, 2), (3, 4), (5, 3), (6, 3), (6, 5)), (1, 3))",22,5,27.0,22,,,pruned,,,5244
"(((2, 1), (3, 4), (5, 3), (6, 3), (6, 5)), (1, 3))","(((2, 2), (3, 4), (5, 3), (6, 3), (6, 5)), (1, 3))",22,5,27.0,22,,,pruned,,,5245
"(((2, 2), (3, 4), (5, 3), (6, 2), (6, 5)), (1, 3))","(((2, 2), (3, 4), (5, 3), (6, 3), (6, 5)), (1, 3))",22,5,27.0,22,,,pruned,,,5246
"(((2, 2), (3, 4), (5, 3), (6, 3), (6, 5)), (1, 3))","(((2, 2), (3, 4), (5, 2), (6, 3), (6, 5)), (1, 3))",21,4.0,25.0,21,10,3,expanded,False,True,5247
"(((1, 3), (4, 3), (5, 3), (5, 5), (6, 5)), (1, 4))","(((2, 3), (4, 3), (5, 3), (5, 5), (6, 5)), (1, 3))",22,5,27.0,22,,,pruned,,,5248
"(((2, 3), (4, 3), (5, 3), (5, 6), (6, 5)), (1, 3))","(((2, 3), (4, 3), (5, 3), (5, 5), (6, 5)), (1, 3))",22,5,27.0,22,,,pruned,,,5249
"(((2, 3), (4, 3), (5, 3), (5, 5), (6, 6)), (1, 3))","(((2, 3), (4, 3), (5, 3), (5, 5), (6, 5)), (1, 3))",22,5,27.0,22,,,pruned,,,5250
"(((2, 3), (4, 3), (5, 3), (5, 5), (6, 5)), (1, 3))","(((2, 3), (4, 2), (5, 3), (5, 5), (6, 5)), (1, 3))",21,4.0,25.0,21,10,3,expanded,False,True,5251
"(((2, 3), (3, 3), (3, 4), (4, 1), (6, 4)), (4, 2))","(((2, 3), (3, 3), (3, 4), (4, 2), (6, 4)), (2, 1))",23,4,27.0,23,,,pruned,,,5252
"(((2, 3), (3, 3), (3, 4), (4, 2), (6, 4)), (2, 1))","(((2, 3), (3, 3), (3, 4), (4, 3), (6, 4)), (2, 1))",22,3.0,25.0,22,6,1,expanded,False,True,5253
"(((2, 3), (3, 3), (3, 4), (4, 3), (6, 6)), (2, 1))","(((2, 3), (3, 3), (3, 4), (4, 3), (6, 5)), (2, 1))",23,4,27.0,23,,,pruned,,,5254
"(((2, 3), (3, 3), (3, 4), (4, 3), (6, 5)), (2, 1))","(((2, 3), (3, 3), (3, 4), (4, 3), (6, 4)), (2, 1))",22,3.0,25.0,22,6,1,expanded,False,True,5255
"(((2, 1), (4, 2), (5, 3), (5, 4), (6, 3)), (1, 3))","(((2, 2), (4, 2), (5, 3), (5, 4), (6, 3)), (1, 3))",23,4,27.0,23,,,pruned,,,5256
"(((2, 2), (4, 1), (5, 3), (5, 4), (6, 3)), (1, 3))","(((2, 2), (4, 2), (5, 3), (5, 4), (6, 3)), (1, 3))",23,4,27.0,23,,,pruned,,,5257
"(((2, 2), (4, 2), (5, 3), (5, 4), (6, 3)), (1, 3))","(((2, 3), (4, 2), (5, 3), (5, 4), (6, 3)), (1, 3))",22,3.0,25.0,22,3,2,expanded,False,True,5258
"(((1, 4), (3, 3), (4, 3), (5, 2), (6, 4)), (1, 3))","(((2, 4), (3, 3), (4, 3), (5, 2), (6, 4)), (3, 4))",23,4,27.0,23,,,pruned,,,5259
"(((2, 4), (3, 3), (4, 3), (5, 1), (6, 4)), (1, 3))","(((2, 4), (3, 3), (4, 3), (5, 2), (6, 4)), (3, 4))",23,4,27.0,23,,,pruned,,,5260
"(((2, 4), (3, 3), (4, 3), (5, 2), (6, 4)), (3, 4))","(((2, 4), (3, 3), (4, 3), (5, 3), (6, 4)), (3, 4))",22,3.0,25.0,22,6,2,expanded,False,True,5261
"(((3, 3), (4, 2), (4, 3), (5, 6), (6, 3)), (1, 3))","(((3, 3), (4, 2), (4, 3), (5, 5), (6, 3)), (1, 3))",23,4,27.0,23,,,pruned,,,5262
"(((3, 3), (4, 2), (4, 3), (5, 5), (6, 2)), (1, 3))","(((3, 3), (4, 2), (4, 3), (5, 5), (6, 3)), (1, 3))",23,4,27.0,23,,,pruned,,,5263
"(((3, 3), (4, 2), (4, 3), (5, 5), (6, 3)), (1, 3))","(((3, 3), (4, 2), (4, 3), (5, 4), (6, 3)), (1, 3))",22,3.0,25.0,22,4,2,expanded,False,True,5264
"(((2, 2), (3, 4), (4, 3), (5, 2), (6, 2)), (4, 4))","(((2, 2), (3, 4), (4, 3), (5, 2), (6, 3)), (4, 4))",23,4,27.0,23,,,pruned,,,5265
"(((2, 2), (3, 4), (4, 3), (5, 1), (6, 3)), (2, 1))","(((2, 2), (3, 4), (4, 3), (5, 2), (6, 3)), (4, 4))",23,4,27.0,23,,,pruned,,,5266
"(((2, 2), (3, 4), (4, 3), (5, 2), (6, 3)), (4, 4))","(((2, 2), (3, 4), (4, 3), (5, 3), (6, 3)), (4, 4))",22,3.0,25.0,22,5,2,expanded,False,True,5267
"(((2, 1), (4, 2), (5, 2), (5, 3), (6, 3)), (1, 3))","(((2, 2), (4, 2), (5, 2), (5, 3), (6, 3)), (1, 3))",23,4,27.0,23,,,pruned,,,5268
"(((2, 2), (4, 2), (5, 2), (5, 3), (6, 2)), (1, 3))","(((2, 2), (4, 2), (5, 2), (5, 3), (6, 3)), (1, 3))",23,4,27.0,23,,,pruned,,,5269
"(((2, 2), (4, 1), (5, 2), (5, 3), (6, 3)), (1, 3))","(((2, 2), (4, 2), (5, 2), (5, 3), (6, 3)), (1, 3))",23,4,27.0,23,,,pruned,,,5270
"(((2, 2), (4, 2), (5, 2), (5, 3), (6, 3)), (1, 3))","(((2, 3), (4, 2), (5, 2), (5, 3), (6, 3)), (1, 3))",22,3.0,25.0,22,3,3,expanded,True,True,5271
"(((2, 2), (3, 3), (4, 4), (5, 2), (6, 2)), (2, 1))","(((2, 2), (3, 3), (4, 4), (5, 2), (6, 3)), (2, 1))",23,4,27.0,23,,,pruned,,,5272
"(((2, 2), (3, 3), (4, 4), (6, 2), (6, 3)), (2, 1))","(((2, 2), (3, 3), (4, 4), (5, 2), (6, 3)), (2, 1))",23,3,26.0,23,,,pruned,,,5273
"(((2, 2), (3, 3), (4, 4), (5, 1), (6, 3)), (2, 1))","(((2, 2), (3, 3), (4, 4), (5, 2), (6, 3)), (2, 1))",23,4,27.0,23,,,pruned,,,5274
"(((2, 2), (3, 3), (4, 4), (5, 2), (6, 3)), (2, 1))","(((2, 2), (3, 3), (4, 4), (5, 3), (6, 3)), (5, 4))",22,3.0,25.0,22,7,3,expanded,False,True,5275
"(((2, 3), (3, 4), (4, 3), (5, 1), (6, 4)), (2, 1))","(((2, 3), (3, 4), (4, 3), (5, 2), (6, 4)), (4, 4))",23,4,27.0,23,,,pruned,,,5276
"(((2, 3), (3, 4), (4, 3), (5, 2), (6, 4)), (4, 4))","(((2, 3), (3, 4), (4, 3), (5, 3), (6, 4)), (4, 4))",22,3.0,25.0,22,7,1,expanded,False,True,5277
"(((2, 3), (3, 3), (3, 4), (6, 3), (6, 6)), (2, 1))","(((2, 3), (3, 3), (3, 4), (6, 3), (6, 5)), (2, 1))",23,4,27.0,23,,,pruned,,,5278
"(((2, 3), (3, 3), (3, 4), (6, 2), (6, 5)), (2, 1))","(((2, 3), (3, 3), (3, 4), (6, 3), (6, 5)), (2, 1))",23,4,27.0,23,,,pruned,,,5279
"(((2, 3), (3, 3), (3, 4), (6, 3), (6, 5)), (2, 1))","(((2, 3), (3, 3), (3, 4), (5, 3), (6, 5)), (2, 1))",22,3.0,25.0,22,6,2,expanded,False,True,5280
"(((1, 3), (4, 4), (5, 2), (5, 4), (6, 3)), (1, 4))","(((2, 3), (4, 4), (5, 2), (5, 4), (6, 3)), (1, 3))",23,4,27.0,23,,,pruned,,,5281
"(((2, 3), (4, 4), (5, 4), (6, 2), (6, 3)), (1, 3))","(((2, 3), (4, 4), (5, 2), (5, 4), (6, 3)), (1, 3))",23,3,26.0,23,,,pruned,,,5282
"(((2, 3), (4, 4), (5, 1), (5, 4), (6, 3)), (1, 3))","(((2, 3), (4, 4), (5, 2), (5, 4), (6, 3)), (1, 3))",23,4,27.0,23,,,pruned,,,5283
"(((2, 3), (4, 4), (5, 2), (5, 4), (6, 3)), (1, 3))","(((3, 3), (4, 4), (5, 2), (5, 4), (6, 3)), (1, 3))",22,3.0,25.0,22,8,3,expanded,False,True,5284
"(((1, 3), (4, 4), (5, 3), (5, 4), (6, 4)), (1, 4))","(((2, 3), (4, 4), (5, 3), (5, 4), (6, 4)), (1, 3))",23,4,27.0,23,,,pruned,,,5285
"(((2, 3), (4, 4), (5, 3), (5, 4), (6, 4)), (1, 3))","(((3, 3), (4, 4), (5, 3), (5, 4), (6, 4)), (1, 3))",22,3.0,25.0,22,7,1,expanded,False,True,5286
"(((2, 1), (4, 4), (5, 3), (5, 4), (6, 3)), (1, 3))","(((2, 2), (4, 4), (5, 3), (5, 4), (6, 3)), (1, 3))",23,4,27.0,23,,,pruned,,,5287
"(((2, 2), (4, 4), (5, 3), (5, 4), (6, 3)), (1, 3))","(((2, 2), (4, 3), (4, 4), (5, 4), (6, 3)), (1, 3))",22,3.0,25.0,22,3,1,expanded,False,True,5288
"(((1, 3), (2, 2), (2, 4), (6, 3), (6, 4)), (2, 1))","(((2, 2), (2, 3), (2, 4), (6, 3), (6, 4)), (2, 1))",23,4,27.0,23,,,pruned,,,5289
"(((1, 4), (2, 2), (2, 3), (6, 3), (6, 4)), (2, 1))","(((2, 2), (2, 3), (2, 4), (6, 3), (6, 4)), (2, 1))",23,4,27.0,23,,,pruned,,,5290
"(((2, 2), (2, 3), (2, 4), (6, 3), (6, 4)), (2, 1))","(((2, 2), (2, 3), (3, 4), (6, 3), (6, 4)), (2, 1))",22,3.0,25.0,22,2,2,expanded,True,True,5291
"(((2, 1), (4, 3), (4, 4), (6, 3), (6, 4)), (1, 3))","(((2, 2), (4, 3), (4, 4), (6, 3), (6, 4)), (1, 3))",23,4,27.0,23,,,pruned,,,5292
"(((2, 2), (4, 3), (4, 4), (6, 3), (6, 4)), (1, 3))","(((2, 2), (3, 4), (4, 3), (6, 3), (6, 4)), (1, 3))",22,3.0,25.0,22,3,1,expanded,False,True,5293
"(((2, 2), (3, 3), (3, 4), (4, 4), (6, 2)), (2, 1))","(((2, 2), (3, 3), (3, 4), (4, 4), (6, 3)), (2, 1))",23,4,27.0,23,,,pruned,,,5294
"(((2, 2), (3, 3), (3, 4), (4, 4), (6, 3)), (2, 1))","(((2, 2), (3, 4), (4, 3), (4, 4), (6, 3)), (2, 1))",22,3.0,25.0,22,4,1,expanded,False,True,5295
"(((2, 1), (2, 4), (3, 4), (5, 3), (6, 3)), (1, 3))","(((2, 2), (2, 4), (3, 4), (5, 3), (6, 3)), (1, 3))",23,4,27.0,23,,,pruned,,,5296
"(((2, 2), (2, 4), (3, 4), (5, 3), (6, 2)), (1, 3))","(((2, 2), (2, 4), (3, 4), (5, 3), (6, 3)), (1, 3))",23,4,27.0,23,,,pruned,,,5297
"(((2, 2), (2, 4), (3, 4), (5, 3), (6, 3)), (1, 3))","(((2, 2), (2, 4), (4, 4), (5, 3), (6, 3)), (5, 4))",22,3.0,25.0,22,6,2,expanded,False,True,5298
"(((4, 2), (4, 3), (5, 3), (5, 6), (6, 3)), (1, 3))","(((4, 2), (4, 3), (5, 3), (5, 5), (6, 3)), (1, 3))",23,4,27.0,23,,,pruned,,,5299
"(((4, 2), (4, 3), (5, 3), (5, 5), (6, 2)), (1, 3))","(((4, 2), (4, 3), (5, 3), (5, 5), (6, 3)), (1, 3))",23,4,27.0,23,,,pruned,,,5300
"(((4, 2), (4, 3), (5, 3), (5, 5), (6, 3)), (1, 3))","(((3, 3), (4, 2), (5, 3), (5, 5), (6, 3)), (1, 3))",22,3.0,25.0,22,6,2,expanded,False,True,5301
"(((1, 3), (4, 2), (5, 3), (5, 5), (6, 3)), (1, 4))","(((2, 3), (4, 2), (5, 3), (5, 5), (6, 3)), (1, 3))",23,4,27.0,23,,,pruned,,,5302
"(((2, 3), (4, 2), (5, 3), (5, 6), (6, 3)), (1, 3))","(((2, 3), (4, 2), (5, 3), (5, 5), (6, 3)), (1, 3))",23,4,27.0,23,,,pruned,,,5303
"(((2, 3), (4, 2), (5, 3), (5, 5), (6, 2)), (1, 3))","(((2, 3), (4, 2), (5, 3), (5, 5), (6, 3)), (1, 3))",23,4,27.0,23,,,pruned,,,5304
"(((2, 3), (4, 1), (5, 3), (5, 5), (6, 3)), (1, 3))","(((2, 3), (4, 2), (5, 3), (5, 5), (6, 3)), (1, 3))",23,4,27.0,23,,,pruned,,,5305
"(((2, 3), (4, 2), (5, 3), (5, 5), (6, 3)), (1, 3))","(((3, 3), (4, 2), (5, 3), (5, 5), (6, 3)), (1, 3))",22,3.0,25.0,22,8,4,expanded,False,True,5306
"(((2, 2), (2, 4), (4, 3), (4, 4), (6, 2)), (2, 1))","(((2, 2), (2, 4), (4, 3), (4, 4), (6, 3)), (2, 1))",23,4,27.0,23,,,pruned,,,5307
"(((2, 2), (2, 4), (4, 3), (4, 4), (6, 3)), (2, 1))","(((2, 2), (2, 4), (4, 3), (5, 4), (6, 3)), (5, 5))",22,3.0,25.0,22,5,1,expanded,False,True,5308
"(((2, 3), (3, 3), (5, 4), (6, 3), (6, 5)), (1, 3))","(((2, 3), (4, 3), (5, 4), (6, 3), (6, 5)), (2, 1))",22,3.0,25.0,22,5,0,expanded,False,True,5309
"(((1, 3), (2, 4), (4, 3), (6, 3), (6, 5)), (2, 1))","(((2, 3), (2, 4), (4, 3), (6, 3), (6, 5)), (2, 1))",23,4,27.0,23,,,pruned,,,5310
"(((1, 4), (2, 3), (4, 3), (6, 3), (6, 5)), (2, 1))","(((2, 3), (2, 4), (4, 3), (6, 3), (6, 5)), (2, 1))",23,4,27.0,23,,,pruned,,,5311
"(((2, 3), (2, 4), (4, 3), (6, 3), (6, 6)), (2, 1))","(((2, 3), (2, 4), (4, 3), (6, 3), (6, 5)), (2, 1))",23,4,27.0,23,,,pruned,,,5312
"(((2, 3), (2, 4), (4, 3), (6, 2), (6, 5)), (2, 1))","(((2, 3), (2, 4), (4, 3), (6, 3), (6, 5)), (2, 1))",23,4,27.0,23,,,pruned,,,5313
"(((2, 3), (2, 4), (4, 3), (6, 3), (6, 5)), (2, 1))","(((2, 3), (3, 4), (4, 3), (6, 3), (6, 5)), (2, 1))",22,3.0,25.0,22,10,4,expanded,False,True,5314
"(((1, 3), (2, 4), (4, 2), (4, 3), (6, 4)), (2, 1))","(((2, 3), (2, 4), (4, 2), (4, 3), (6, 4)), (2, 1))",23,4,27.0,23,,,pruned,,,5315
"(((1, 4), (2, 3), (4, 2), (4, 3), (6, 4)), (2, 1))","(((2, 3), (2, 4), (4, 2), (4, 3), (6, 4)), (2, 1))",23,4,27.0,23,,,pruned,,,5316
"(((2, 3), (2, 4), (4, 2), (4, 3), (6, 4)), (2, 1))","(((2, 3), (3, 4), (4, 2), (4, 3), (6, 4)), (2, 1))",22,3.0,25.0,22,6,2,expanded,False,True,5317
"(((1, 4), (2, 2), (5, 3), (5, 4), (6, 3)), (1, 3))","(((2, 2), (2, 4), (5, 3), (5, 4), (6, 3)), (1, 3))",23,4,27.0,23,,,pruned,,,5318
"(((2, 1), (2, 4), (5, 3), (5, 4), (6, 3)), (1, 3))","(((2, 2), (2, 4), (5, 3), (5, 4), (6, 3)), (1, 3))",23,4,27.0,23,,,pruned,,,5319
"(((2, 2), (2, 4), (5, 3), (5, 4), (6, 3)), (1, 3))","(((2, 2), (2, 4), (4, 4), (5, 3), (6, 3)), (1, 3))",22,3.0,25.0,22,6,2,expanded,False,True,5320
"(((4, 2), (4, 3), (5, 2), (5, 4), (6, 2)), (5, 3))","(((4, 2), (4, 3), (5, 2), (5, 4), (6, 3)), (5, 5))",23,4,27.0,23,,,pruned,,,5321
"(((4, 2), (4, 3), (5, 2), (5, 4), (6, 3)), (5, 5))","(((4, 2), (4, 3), (5, 2), (5, 5), (6, 3)), (1, 3))",22,3.0,25.0,22,3,1,expanded,False,True,5322
"(((2, 2), (2, 3), (3, 4), (5, 4), (6, 2)), (2, 1))","(((2, 2), (2, 3), (3, 4), (5, 4), (6, 3)), (5, 5))",23,4,27.0,23,,,pruned,,,5323
"(((2, 2), (2, 3), (3, 4), (5, 4), (6, 3)), (5, 5))","(((2, 2), (2, 3), (3, 4), (5, 5), (6, 3)), (2, 1))",22,3.0,25.0,22,3,1,expanded,False,True,5324
"(((2, 2), (2, 4), (3, 3), (5, 4), (6, 2)), (2, 1))","(((2, 2), (2, 4), (3, 3), (5, 4), (6, 3)), (5, 5))",23,4,27.0,23,,,pruned,,,5325
"(((2, 2), (2, 4), (3, 3), (5, 4), (6, 3)), (5, 5))","(((2, 2), (2, 4), (3, 3), (5, 5), (6, 3)), (2, 1))",22,3.0,25.0,22,3,1,expanded,False,True,5326
"(((2, 3), (4, 3), (4, 4), (6, 3), (6, 6)), (2, 1))","(((2, 3), (4, 3), (4, 4), (6, 3), (6, 5)), (2, 1))",23,4,27.0,23,,,pruned,,,5327
"(((2, 3), (4, 3), (4, 4), (6, 2), (6, 5)), (2, 1))","(((2, 3), (4, 3), (4, 4), (6, 3), (6, 5)), (2, 1))",23,4,27.0,23,,,pruned,,,5328
"(((2, 3), (4, 3), (4, 4), (6, 3), (6, 5)), (2, 1))","(((2, 3), (4, 2), (4, 4), (6, 3), (6, 5)), (1, 3))",22,3.0,25.0,22,7,2,expanded,False,True,5329
"(((2, 3), (3, 3), (4, 4), (5, 3), (6, 4)), (2, 1))","(((2, 3), (3, 3), (4, 4), (5, 3), (6, 3)), (2, 1))",23,2.0,25.0,23,5,0,expanded,False,True,5330
"(((2, 3), (3, 3), (3, 4), (4, 2), (6, 2)), (2, 1))","(((2, 3), (3, 3), (3, 4), (4, 2), (6, 3)), (2, 1))",24,3,27.0,24,,,pruned,,,5331
"(((2, 3), (3, 3), (3, 4), (4, 1), (6, 3)), (4, 2))","(((2, 3), (3, 3), (3, 4), (4, 2), (6, 3)), (2, 1))",24,3,27.0,24,,,pruned,,,5332
"(((2, 3), (3, 3), (3, 4), (4, 2), (6, 3)), (2, 1))","(((2, 3), (3, 3), (3, 4), (4, 3), (6, 3)), (2, 1))",23,2.0,25.0,23,6,2,expanded,False,True,5333
"(((1, 3), (4, 4), (5, 3), (5, 4), (6, 3)), (1, 4))","(((2, 3), (4, 4), (5, 3), (5, 4), (6, 3)), (1, 3))",24,3,27.0,24,,,pruned,,,5334
"(((2, 3), (4, 4), (5, 3), (5, 4), (6, 3)), (1, 3))","(((3, 3), (4, 4), (5, 3), (5, 4), (6, 3)), (1, 3))",23,2.0,25.0,23,5,1,expanded,False,True,5335
"(((2, 1), (3, 4), (4, 3), (5, 3), (6, 3)), (1, 3))","(((2, 2), (3, 4), (4, 3), (5, 3), (6, 3)), (1, 3))",24,3,27.0,24,,,pruned,,,5336
"(((2, 2), (3, 4), (4, 3), (5, 3), (6, 3)), (1, 3))","(((2, 2), (2, 4), (4, 3), (5, 3), (6, 3)), (1, 3))",23,2.0,25.0,23,2,1,expanded,False,True,5337
"(((4, 2), (4, 3), (5, 2), (5, 3), (6, 2)), (1, 3))","(((4, 2), (4, 3), (5, 2), (5, 3), (6, 3)), (1, 3))",24,3,27.0,24,,,pruned,,,5338
"(((4, 2), (4, 3), (5, 2), (5, 3), (6, 3)), (1, 3))","(((3, 3), (4, 2), (5, 2), (5, 3), (6, 3)), (1, 3))",23,2.0,25.0,23,1,1,expanded,True,True,5339
"(((1, 3), (2, 2), (3, 4), (5, 3), (6, 3)), (1, 4))","(((2, 2), (2, 3), (3, 4), (5, 3), (6, 3)), (2, 1))",24,3,27.0,24,,,pruned,,,5340
"(((2, 2), (2, 3), (3, 4), (5, 3), (6, 2)), (2, 1))","(((2, 2), (2, 3), (3, 4), (5, 3), (6, 3)), (2, 1))",24,3,27.0,24,,,pruned,,,5341
"(((2, 2), (2, 3), (3, 4), (5, 3), (6, 3)), (2, 1))","(((2, 2), (3, 3), (3, 4), (5, 3), (6, 3)), (2, 1))",23,2.0,25.0,23,6,2,expanded,False,True,5342
"(((1, 4), (2, 2), (3, 3), (5, 3), (6, 3)), (1, 3))","(((2, 2), (2, 4), (3, 3), (5, 3), (6, 3)), (2, 1))",24,3,27.0,24,,,pruned,,,5343
"(((2, 2), (2, 4), (3, 3), (5, 3), (6, 2)), (2, 1))","(((2, 2), (2, 4), (3, 3), (5, 3), (6, 3)), (2, 1))",24,3,27.0,24,,,pruned,,,5344
"(((2, 2), (2, 4), (3, 3), (5, 3), (6, 3)), (2, 1))","(((2, 2), (3, 3), (3, 4), (5, 3), (6, 3)), (2, 1))",23,2.0,25.0,23,7,2,expanded,False,True,5345
"(((1, 3), (2, 4), (4, 2), (4, 3), (6, 3)), (2, 1))","(((2, 3), (2, 4), (4, 2), (4, 3), (6, 3)), (2, 1))",24,3,27.0,24,,,pruned,,,5346
"(((1, 4), (2, 3), (4, 2), (4, 3), (6, 3)), (2, 1))","(((2, 3), (2, 4), (4, 2), (4, 3), (6, 3)), (2, 1))",24,3,27.0,24,,,pruned,,,5347
"(((2, 3), (2, 4), (4, 2), (4, 3), (6, 2)), (2, 1))","(((2, 3), (2, 4), (4, 2), (4, 3), (6, 3)), (2, 1))",24,3,27.0,24,,,pruned,,,5348
"(((2, 3), (2, 4), (4, 2), (4, 3), (6, 3)), (2, 1))","(((2, 3), (3, 4), (4, 2), (4, 3), (6, 3)), (2, 1))",23,2.0,25.0,23,6,3,expanded,False,True,5349
"(((3, 3), (4, 2), (4, 3), (5, 4), (6, 2)), (1, 3))","(((3, 3), (4, 2), (4, 3), (5, 4), (6, 3)), (5, 5))",24,3,27.0,24,,,pruned,,,5350
"(((3, 3), (4, 2), (4, 3), (5, 4), (6, 3)), (5, 5))","(((3, 3), (4, 2), (4, 3), (5, 5), (6, 3)), (1, 3))",23,2.0,25.0,23,3,1,expanded,False,True,5351
"(((2, 2), (3, 3), (4, 4), (5, 3), (6, 3)), (2, 1))","(((2, 2), (3, 3), (4, 4), (5, 2), (6, 3)), (2, 1))",23,2.0,25.0,23,4,0,expanded,False,True,5352
"(((4, 2), (4, 3), (5, 3), (5, 4), (6, 2)), (5, 5))","(((4, 2), (4, 3), (5, 3), (5, 4), (6, 3)), (5, 5))",24,3,27.0,24,,,pruned,,,5353
"(((4, 2), (4, 3), (5, 3), (5, 4), (6, 3)), (5, 5))","(((4, 2), (4, 3), (5, 3), (5, 5), (6, 3)), (1, 3))",23,2.0,25.0,23,2,1,expanded,False,True,5354
"(((2, 3), (4, 2), (5, 3), (5, 4), (6, 2)), (5, 5))","(((2, 3), (4, 2), (5, 3), (5, 4), (6, 3)), (5, 5))",24,3,27.0,24,,,pruned,,,5355
"(((2, 3), (4, 2), (5, 3), (5, 4), (6, 3)), (5, 5))","(((2, 3), (4, 2), (5, 3), (5, 5), (6, 3)), (1, 3))",23,2.0,25.0,23,2,1,expanded,False,True,5356
"(((3, 3), (4, 2), (4, 3), (5, 3), (6, 2)), (1, 3))","(((3, 3), (4, 2), (4, 3), (5, 3), (6, 3)), (1, 3))",25,2,27.0,25,,,pruned,,,5357
"(((3, 3), (4, 2), (4, 3), (5, 3), (6, 3)), (1, 3))","(((3, 3), (4, 2), (4, 3), (5, 4), (6, 3)), (5, 5))",24,1.0,25.0,24,4,1,expanded,False,True,5358
"(((2, 1), (3, 4), (4, 4), (6, 4), (6, 5)), (1, 3))","(((2, 2), (3, 4), (4, 4), (6, 4), (6, 5)), (1, 3))",21,7,28.0,21,,,pruned,,,5359
"(((2, 2), (3, 4), (4, 4), (6, 4), (6, 5)), (1, 3))","(((2, 2), (3, 4), (4, 3), (6, 4), (6, 5)), (2, 1))",20,6.0,26.0,20,2,1,expanded,False,True,5360
"(((4, 2), (5, 2), (5, 3), (5, 6), (6, 5)), (1, 3))","(((4, 2), (5, 2), (5, 3), (5, 5), (6, 5)), (1, 3))",21,7,28.0,21,,,pruned,,,5361
"(((4, 2), (5, 2), (5, 3), (5, 5), (6, 6)), (1, 3))","(((4, 2), (5, 2), (5, 3), (5, 5), (6, 5)), (1, 3))",21,7,28.0,21,,,pruned,,,5362
"(((4, 1), (5, 2), (5, 3), (5, 5), (6, 5)), (1, 3))","(((4, 2), (5, 2), (5, 3), (5, 5), (6, 5)), (1, 3))",21,7,28.0,21,,,pruned,,,5363
"(((4, 2), (5, 2), (5, 3), (5, 5), (6, 5)), (1, 3))","(((4, 2), (4, 3), (5, 2), (5, 5), (6, 5)), (1, 3))",20,6.0,26.0,20,6,3,expanded,False,True,5364
"(((1, 4), (2, 2), (5, 2), (6, 4), (6, 5)), (1, 3))","(((2, 2), (2, 4), (5, 2), (6, 4), (6, 5)), (1, 3))",21,7,28.0,21,,,pruned,,,5365
"(((2, 1), (2, 4), (5, 2), (6, 4), (6, 5)), (1, 3))","(((2, 2), (2, 4), (5, 2), (6, 4), (6, 5)), (1, 3))",21,7,28.0,21,,,pruned,,,5366
"(((2, 2), (2, 4), (6, 2), (6, 4), (6, 5)), (1, 3))","(((2, 2), (2, 4), (5, 2), (6, 4), (6, 5)), (1, 3))",21,6,27.0,21,,,pruned,,,5367
"(((2, 2), (2, 4), (5, 1), (6, 4), (6, 5)), (1, 3))","(((2, 2), (2, 4), (5, 2), (6, 4), (6, 5)), (1, 3))",21,7,28.0,21,,,pruned,,,5368
"(((2, 2), (2, 4), (5, 2), (6, 4), (6, 5)), (1, 3))","(((2, 2), (3, 4), (5, 2), (6, 4), (6, 5)), (1, 3))",20,6.0,26.0,20,8,4,expanded,False,True,5369
"(((1, 4), (2, 2), (4, 4), (5, 5), (6, 3)), (1, 3))","(((2, 2), (2, 4), (4, 4), (5, 5), (6, 3)), (1, 3))",22,6,28.0,22,,,pruned,,,5370
"(((2, 2), (2, 4), (4, 4), (5, 6), (6, 3)), (1, 3))","(((2, 2), (2, 4), (4, 4), (5, 5), (6, 3)), (1, 3))",22,6,28.0,22,,,pruned,,,5371
"(((2, 1), (2, 4), (4, 4), (5, 5), (6, 3)), (1, 3))","(((2, 2), (2, 4), (4, 4), (5, 5), (6, 3)), (1, 3))",22,6,28.0,22,,,pruned,,,5372
"(((2, 2), (2, 4), (4, 4), (5, 5), (6, 2)), (1, 3))","(((2, 2), (2, 4), (4, 4), (5, 5), (6, 3)), (1, 3))",22,6,28.0,22,,,pruned,,,5373
"(((2, 2), (2, 4), (4, 4), (5, 5), (6, 3)), (1, 3))","(((2, 2), (2, 4), (4, 3), (5, 5), (6, 3)), (1, 3))",21,5.0,26.0,21,10,4,expanded,False,True,5374
"(((2, 1), (5, 2), (6, 3), (6, 4), (6, 5)), (1, 3))","(((2, 2), (5, 2), (6, 3), (6, 4), (6, 5)), (1, 3))",22,6,28.0,22,,,pruned,,,5375
"(((2, 2), (6, 2), (6, 3), (6, 4), (6, 5)), (1, 3))","(((2, 2), (5, 2), (6, 3), (6, 4), (6, 5)), (1, 3))",22,5,27.0,22,,,pruned,,,5376
"(((2, 2), (5, 1), (6, 3), (6, 4), (6, 5)), (1, 3))","(((2, 2), (5, 2), (6, 3), (6, 4), (6, 5)), (1, 3))",22,6,28.0,22,,,pruned,,,5377
"(((2, 2), (5, 2), (6, 3), (6, 4), (6, 5)), (1, 3))","(((2, 3), (5, 2), (6, 3), (6, 4), (6, 5)), (1, 3))",21,5.0,26.0,21,5,3,expanded,False,True,5378
"(((2, 1), (4, 2), (5, 4), (6, 3), (6, 5)), (1, 3))","(((2, 2), (4, 2), (5, 4), (6, 3), (6, 5)), (1, 3))",22,6,28.0,22,,,pruned,,,5379
"(((2, 2), (4, 1), (5, 4), (6, 3), (6, 5)), (1, 3))","(((2, 2), (4, 2), (5, 4), (6, 3), (6, 5)), (1, 3))",22,6,28.0,22,,,pruned,,,5380
"(((2, 2), (4, 2), (5, 4), (6, 3), (6, 5)), (1, 3))","(((2, 3), (4, 2), (5, 4), (6, 3), (6, 5)), (1, 3))",21,5.0,26.0,21,7,2,expanded,False,True,5381
"(((1, 3), (4, 2), (5, 5), (6, 3), (6, 5)), (1, 4))","(((2, 3), (4, 2), (5, 5), (6, 3), (6, 5)), (1, 3))",22,6,28.0,22,,,pruned,,,5382
"(((2, 3), (4, 2), (5, 6), (6, 3), (6, 5)), (1, 3))","(((2, 3), (4, 2), (5, 5), (6, 3), (6, 5)), (1, 3))",22,6,28.0,22,,,pruned,,,5383
"(((2, 3), (4, 2), (5, 5), (6, 3), (6, 6)), (1, 3))","(((2, 3), (4, 2), (5, 5), (6, 3), (6, 5)), (1, 3))",22,6,28.0,22,,,pruned,,,5384
"(((2, 3), (4, 2), (5, 5), (6, 2), (6, 5)), (1, 3))","(((2, 3), (4, 2), (5, 5), (6, 3), (6, 5)), (1, 3))",22,6,28.0,22,,,pruned,,,5385
"(((2, 3), (4, 1), (5, 5), (6, 3), (6, 5)), (1, 3))","(((2, 3), (4, 2), (5, 5), (6, 3), (6, 5)), (1, 3))",22,6,28.0,22,,,pruned,,,5386
"(((2, 3), (4, 2), (5, 5), (6, 3), (6, 5)), (1, 3))","(((2, 3), (4, 2), (5, 4), (6, 3), (6, 5)), (1, 3))",21,5.0,26.0,21,10,5,expanded,False,True,5387
"(((4, 2), (4, 3), (5, 6), (6, 3), (6, 5)), (1, 3))","(((4, 2), (4, 3), (5, 5), (6, 3), (6, 5)), (1, 3))",22,6,28.0,22,,,pruned,,,5388
"(((4, 2), (4, 3), (5, 5), (6, 3), (6, 6)), (1, 3))","(((4, 2), (4, 3), (5, 5), (6, 3), (6, 5)), (1, 3))",22,6,28.0,22,,,pruned,,,5389
"(((4, 2), (4, 3), (5, 5), (6, 2), (6, 5)), (1, 3))","(((4, 2), (4, 3), (5, 5), (6, 3), (6, 5)), (1, 3))",22,6,28.0,22,,,pruned,,,5390
"(((4, 2), (4, 3), (5, 5), (6, 3), (6, 5)), (1, 3))","(((4, 2), (4, 3), (5, 4), (6, 3), (6, 5)), (1, 3))",21,5.0,26.0,21,6,3,expanded,False,True,5391
"(((2, 1), (3, 4), (4, 2), (4, 4), (6, 4)), (1, 3))","(((2, 2), (3, 4), (4, 2), (4, 4), (6, 4)), (1, 3))",22,6,28.0,22,,,pruned,,,5392
"(((2, 2), (3, 4), (4, 1), (4, 4), (6, 4)), (1, 3))","(((2, 2), (3, 4), (4, 2), (4, 4), (6, 4)), (1, 3))",22,6,28.0,22,,,pruned,,,5393
"(((2, 2), (3, 4), (4, 2), (4, 4), (6, 4)), (1, 3))","(((2, 2), (3, 4), (4, 2), (4, 4), (6, 3)), (1, 3))",21,5.0,26.0,21,6,2,expanded,False,True,5394
"(((2, 1), (4, 3), (5, 4), (6, 4), (6, 5)), (1, 3))","(((2, 2), (4, 3), (5, 4), (6, 4), (6, 5)), (1, 3))",22,6,28.0,22,,,pruned,,,5395
"(((2, 2), (4, 3), (5, 4), (6, 4), (6, 5)), (1, 3))","(((2, 2), (3, 3), (5, 4), (6, 4), (6, 5)), (1, 3))",21,5.0,26.0,21,3,1,expanded,False,True,5396
"(((1, 3), (2, 2), (5, 4), (6, 4), (6, 5)), (1, 4))","(((2, 2), (2, 3), (5, 4), (6, 4), (6, 5)), (1, 3))",22,6,28.0,22,,,pruned,,,5397
"(((2, 2), (2, 3), (5, 4), (6, 4), (6, 5)), (1, 3))","(((2, 2), (3, 3), (5, 4), (6, 4), (6, 5)), (1, 3))",21,5.0,26.0,21,3,1,expanded,False,True,5398
"(((4, 2), (5, 2), (5, 3), (5, 6), (6, 4)), (1, 3))","(((4, 2), (5, 2), (5, 3), (5, 5), (6, 4)), (1, 3))",22,6,28.0,22,,,pruned,,,5399
"(((4, 1), (5, 2), (5, 3), (5, 5), (6, 4)), (1, 3))","(((4, 2), (5, 2), (5, 3), (5, 5), (6, 4)), (1, 3))",22,6,28.0,22,,,pruned,,,5400
"(((4, 2), (5, 2), (5, 3), (5, 5), (6, 4)), (1, 3))","(((4, 2), (4, 3), (5, 2), (5, 5), (6, 4)), (1, 3))",21,5.0,26.0,21,4,2,expanded,False,True,5401
"(((1, 4), (2, 2), (5, 2), (6, 3), (6, 5)), (1, 3))","(((2, 2), (2, 4), (5, 2), (6, 3), (6, 5)), (1, 3))",22,6,28.0,22,,,pruned,,,5402
"(((2, 2), (2, 4), (5, 2), (6, 3), (6, 6)), (1, 3))","(((2, 2), (2, 4), (5, 2), (6, 3), (6, 5)), (1, 3))",22,6,28.0,22,,,pruned,,,5403
"(((2, 1), (2, 4), (5, 2), (6, 3), (6, 5)), (1, 3))","(((2, 2), (2, 4), (5, 2), (6, 3), (6, 5)), (1, 3))",22,6,28.0,22,,,pruned,,,5404
"(((2, 2), (2, 4), (5, 2), (6, 2), (6, 5)), (1, 3))","(((2, 2), (2, 4), (5, 2), (6, 3), (6, 5)), (1, 3))",22,6,28.0,22,,,pruned,,,5405
"(((2, 2), (2, 4), (6, 2), (6, 3), (6, 5)), (1, 3))","(((2, 2), (2, 4), (5, 2), (6, 3), (6, 5)), (1, 3))",22,5,27.0,22,,,pruned,,,5406
"(((2, 2), (2, 4), (5, 1), (6, 3), (6, 5)), (1, 3))","(((2, 2), (2, 4), (5, 2), (6, 3), (6, 5)), (1, 3))",22,6,28.0,22,,,pruned,,,5407
"(((2, 2), (2, 4), (5, 2), (6, 3), (6, 5)), (1, 3))","(((2, 2), (3, 4), (5, 2), (6, 3), (6, 5)), (1, 3))",21,5.0,26.0,21,10,6,expanded,False,True,5408
"(((2, 1), (4, 3), (4, 4), (5, 4), (6, 5)), (1, 3))","(((2, 2), (4, 3), (4, 4), (5, 4), (6, 5)), (1, 3))",22,6,28.0,22,,,pruned,,,5409
"(((2, 2), (4, 3), (4, 4), (5, 4), (6, 5)), (1, 3))","(((2, 2), (3, 3), (4, 4), (5, 4), (6, 5)), (1, 3))",21,5.0,26.0,21,2,1,expanded,False,True,5410
"(((1, 3), (2, 2), (3, 4), (6, 4), (6, 5)), (1, 4))","(((2, 2), (2, 3), (3, 4), (6, 4), (6, 5)), (2, 1))",22,6,28.0,22,,,pruned,,,5411
"(((2, 2), (2, 3), (3, 4), (6, 4), (6, 5)), (2, 1))","(((2, 2), (3, 3), (3, 4), (6, 4), (6, 5)), (2, 1))",21,5.0,26.0,21,2,1,expanded,False,True,5412
"(((1, 4), (2, 2), (3, 3), (6, 4), (6, 5)), (1, 3))","(((2, 2), (2, 4), (3, 3), (6, 4), (6, 5)), (2, 1))",22,6,28.0,22,,,pruned,,,5413
"(((2, 2), (2, 4), (3, 3), (6, 4), (6, 5)), (2, 1))","(((2, 2), (3, 3), (3, 4), (6, 4), (6, 5)), (2, 1))",21,5.0,26.0,21,3,1,expanded,False,True,5414
"(((1, 4), (2, 2), (5, 3), (6, 4), (6, 5)), (1, 3))","(((2, 2), (2, 4), (5, 3), (6, 4), (6, 5)), (1, 3))",22,6,28.0,22,,,pruned,,,5415
"(((2, 1), (2, 4), (5, 3), (6, 4), (6, 5)), (1, 3))","(((2, 2), (2, 4), (5, 3), (6, 4), (6, 5)), (1, 3))",22,6,28.0,22,,,pruned,,,5416
"(((2, 2), (2, 4), (5, 3), (6, 4), (6, 5)), (1, 3))","(((2, 2), (2, 4), (4, 3), (6, 4), (6, 5)), (1, 3))",21,5.0,26.0,21,8,2,expanded,False,True,5417
"(((2, 1), (3, 4), (4, 3), (6, 4), (6, 5)), (1, 3))","(((2, 2), (3, 4), (4, 3), (6, 4), (6, 5)), (1, 3))",22,6,28.0,22,,,pruned,,,5418
"(((2, 2), (3, 4), (4, 3), (6, 4), (6, 5)), (1, 3))","(((2, 2), (2, 4), (4, 3), (6, 4), (6, 5)), (1, 3))",21,5.0,26.0,21,3,1,expanded,False,True,5419
"(((2, 1), (3, 3), (4, 4), (6, 4), (6, 5)), (1, 3))","(((2, 2), (3, 3), (4, 4), (6, 4), (6, 5)), (1, 3))",22,6,28.0,22,,,pruned,,,5420
"(((2, 2), (3, 3), (4, 4), (6, 4), (6, 5)), (1, 3))","(((2, 2), (2, 3), (4, 4), (6, 4), (6, 5)), (1, 3))",21,5.0,26.0,21,3,1,expanded,False,True,5421
"(((1, 3), (4, 2), (4, 3), (5, 5), (6, 5)), (1, 4))","(((2, 3), (4, 2), (4, 3), (5, 5), (6, 5)), (1, 3))",22,6,28.0,22,,,pruned,,,5422
"(((2, 3), (4, 2), (4, 3), (5, 6), (6, 5)), (1, 3))","(((2, 3), (4, 2), (4, 3), (5, 5), (6, 5)), (1, 3))",22,6,28.0,22,,,pruned,,,5423
"(((2, 3), (4, 2), (4, 3), (5, 5), (6, 6)), (1, 3))","(((2, 3), (4, 2), (4, 3), (5, 5), (6, 5)), (1, 3))",22,6,28.0,22,,,pruned,,,5424
"(((2, 3), (4, 2), (4, 3), (5, 5), (6, 5)), (1, 3))","(((2, 3), (4, 2), (5, 3), (5, 5), (6, 5)), (1, 3))",21,5.0,26.0,21,8,3,expanded,False,True,5425
"(((4, 3), (5, 2), (5, 3), (5, 6), (6, 5)), (1, 3))","(((4, 3), (5, 2), (5, 3), (5, 5), (6, 5)), (1, 3))",22,6,28.0,22,,,pruned,,,5426
"(((4, 3), (5, 2), (5, 3), (5, 5), (6, 6)), (1, 3))","(((4, 3), (5, 2), (5, 3), (5, 5), (6, 5)), (1, 3))",22,6,28.0,22,,,pruned,,,5427
"(((4, 3), (5, 3), (5, 5), (6, 2), (6, 5)), (1, 3))","(((4, 3), (5, 2), (5, 3), (5, 5), (6, 5)), (1, 3))",22,5,27.0,22,,,pruned,,,5428
"(((4, 3), (5, 2), (5, 3), (5, 5), (6, 5)), (1, 3))","(((4, 2), (5, 2), (5, 3), (5, 5), (6, 5)), (1, 3))",21,5.0,26.0,21,6,3,expanded,False,True,5429
"(((2, 3), (3, 3), (3, 4), (5, 2), (6, 6)), (2, 1))","(((2, 3), (3, 3), (3, 4), (5, 2), (6, 5)), (2, 1))",23,5,28.0,23,,,pruned,,,5430
"(((2, 3), (3, 3), (3, 4), (6, 2), (6, 5)), (2, 1))","(((2, 3), (3, 3), (3, 4), (5, 2), (6, 5)), (2, 1))",23,4,27.0,23,,,pruned,,,5431
"(((2, 3), (3, 3), (3, 4), (5, 1), (6, 5)), (2, 1))","(((2, 3), (3, 3), (3, 4), (5, 2), (6, 5)), (2, 1))",23,5,28.0,23,,,pruned,,,5432
"(((2, 3), (3, 3), (3, 4), (5, 2), (6, 5)), (2, 1))","(((2, 3), (3, 3), (3, 4), (5, 2), (6, 4)), (2, 1))",22,4.0,26.0,22,8,3,expanded,False,True,5433
"(((1, 4), (2, 3), (3, 3), (4, 2), (6, 5)), (2, 1))","(((2, 3), (2, 4), (3, 3), (4, 2), (6, 5)), (2, 1))",23,5,28.0,23,,,pruned,,,5434
"(((2, 3), (2, 4), (3, 3), (4, 2), (6, 6)), (2, 1))","(((2, 3), (2, 4), (3, 3), (4, 2), (6, 5)), (2, 1))",23,5,28.0,23,,,pruned,,,5435
"(((2, 3), (2, 4), (3, 3), (4, 1), (6, 5)), (3, 4))","(((2, 3), (2, 4), (3, 3), (4, 2), (6, 5)), (2, 1))",23,5,28.0,23,,,pruned,,,5436
"(((2, 3), (2, 4), (3, 3), (4, 2), (6, 5)), (2, 1))","(((2, 3), (2, 4), (3, 3), (4, 2), (6, 4)), (2, 1))",22,4.0,26.0,22,5,3,expanded,False,True,5437
"(((1, 3), (2, 2), (5, 5), (6, 3), (6, 4)), (1, 4))","(((2, 2), (2, 3), (5, 5), (6, 3), (6, 4)), (1, 3))",23,5,28.0,23,,,pruned,,,5438
"(((2, 2), (2, 3), (5, 6), (6, 3), (6, 4)), (1, 3))","(((2, 2), (2, 3), (5, 5), (6, 3), (6, 4)), (1, 3))",23,5,28.0,23,,,pruned,,,5439
"(((2, 2), (2, 3), (5, 5), (6, 3), (6, 4)), (1, 3))","(((2, 2), (2, 3), (5, 4), (6, 3), (6, 4)), (1, 3))",22,4.0,26.0,22,3,2,expanded,False,True,5440
"(((2, 1), (5, 3), (6, 3), (6, 4), (6, 5)), (1, 3))","(((2, 2), (5, 3), (6, 3), (6, 4), (6, 5)), (1, 3))",23,5,28.0,23,,,pruned,,,5441
"(((2, 2), (5, 3), (6, 3), (6, 4), (6, 5)), (1, 3))","(((2, 3), (5, 3), (6, 3), (6, 4), (6, 5)), (1, 3))",22,4.0,26.0,22,4,1,expanded,False,True,5442
"(((2, 2), (3, 4), (4, 3), (4, 4), (6, 4)), (2, 1))","(((2, 2), (3, 4), (4, 3), (4, 4), (6, 3)), (2, 1))",22,4.0,26.0,22,4,0,expanded,False,True,5443
"(((2, 1), (3, 3), (6, 3), (6, 4), (6, 5)), (1, 3))","(((2, 2), (3, 3), (6, 3), (6, 4), (6, 5)), (1, 3))",23,5,28.0,23,,,pruned,,,5444
"(((2, 2), (3, 3), (6, 3), (6, 4), (6, 5)), (1, 3))","(((2, 3), (3, 3), (6, 3), (6, 4), (6, 5)), (1, 3))",22,4.0,26.0,22,4,1,expanded,False,True,5445
"(((1, 3), (2, 4), (4, 3), (5, 2), (6, 5)), (2, 1))","(((2, 3), (2, 4), (4, 3), (5, 2), (6, 5)), (3, 3))",23,5,28.0,23,,,pruned,,,5446
"(((1, 4), (2, 3), (4, 3), (5, 2), (6, 5)), (2, 4))","(((2, 3), (2, 4), (4, 3), (5, 2), (6, 5)), (3, 3))",23,5,28.0,23,,,pruned,,,5447
"(((2, 3), (2, 4), (4, 3), (5, 2), (6, 6)), (3, 3))","(((2, 3), (2, 4), (4, 3), (5, 2), (6, 5)), (3, 3))",23,5,28.0,23,,,pruned,,,5448
"(((2, 3), (2, 4), (4, 3), (5, 1), (6, 5)), (2, 1))","(((2, 3), (2, 4), (4, 3), (5, 2), (6, 5)), (3, 3))",23,5,28.0,23,,,pruned,,,5449
"(((2, 3), (2, 4), (4, 3), (5, 2), (6, 5)), (3, 3))","(((2, 3), (2, 4), (4, 3), (5, 3), (6, 5)), (2, 1))",22,4.0,26.0,22,9,4,expanded,False,True,5450
"(((1, 3), (4, 3), (5, 5), (6, 3), (6, 5)), (1, 4))","(((2, 3), (4, 3), (5, 5), (6, 3), (6, 5)), (1, 3))",23,5,28.0,23,,,pruned,,,5451
"(((2, 3), (4, 3), (5, 6), (6, 3), (6, 5)), (1, 3))","(((2, 3), (4, 3), (5, 5), (6, 3), (6, 5)), (1, 3))",23,5,28.0,23,,,pruned,,,5452
"(((2, 3), (4, 3), (5, 5), (6, 3), (6, 6)), (1, 3))","(((2, 3), (4, 3), (5, 5), (6, 3), (6, 5)), (1, 3))",23,5,28.0,23,,,pruned,,,5453
"(((2, 3), (4, 3), (5, 5), (6, 2), (6, 5)), (1, 3))","(((2, 3), (4, 3), (5, 5), (6, 3), (6, 5)), (1, 3))",23,5,28.0,23,,,pruned,,,5454
"(((2, 3), (4, 3), (5, 5), (6, 3), (6, 5)), (1, 3))","(((2, 3), (4, 3), (5, 4), (6, 3), (6, 5)), (2, 1))",22,4.0,26.0,22,12,4,expanded,False,True,5455
"(((1, 4), (2, 2), (4, 4), (5, 4), (6, 3)), (1, 3))","(((2, 2), (2, 4), (4, 4), (5, 4), (6, 3)), (1, 3))",23,5,28.0,23,,,pruned,,,5456
"(((2, 1), (2, 4), (4, 4), (5, 4), (6, 3)), (1, 3))","(((2, 2), (2, 4), (4, 4), (5, 4), (6, 3)), (1, 3))",23,5,28.0,23,,,pruned,,,5457
"(((2, 2), (2, 4), (4, 4), (5, 4), (6, 3)), (1, 3))","(((2, 2), (2, 4), (4, 4), (5, 3), (6, 3)), (1, 3))",22,4.0,26.0,22,6,2,expanded,False,True,5458
"(((1, 4), (2, 2), (4, 4), (5, 3), (6, 4)), (1, 3))","(((2, 2), (2, 4), (4, 4), (5, 3), (6, 4)), (1, 3))",23,5,28.0,23,,,pruned,,,5459
"(((2, 1), (2, 4), (4, 4), (5, 3), (6, 4)), (1, 3))","(((2, 2), (2, 4), (4, 4), (5, 3), (6, 4)), (1, 3))",23,5,28.0,23,,,pruned,,,5460
"(((2, 2), (2, 4), (4, 4), (5, 3), (6, 4)), (1, 3))","(((2, 2), (2, 4), (4, 4), (5, 3), (6, 3)), (1, 3))",22,4.0,26.0,22,9,2,expanded,False,True,5461
"(((2, 1), (2, 4), (3, 4), (6, 3), (6, 4)), (1, 3))","(((2, 2), (2, 4), (3, 4), (6, 3), (6, 4)), (1, 3))",23,5,28.0,23,,,pruned,,,5462
"(((2, 2), (2, 4), (3, 4), (6, 3), (6, 4)), (1, 3))","(((2, 2), (2, 4), (4, 4), (6, 3), (6, 4)), (1, 3))",22,4.0,26.0,22,2,1,expanded,False,True,5463
"(((4, 2), (5, 2), (5, 3), (5, 6), (6, 3)), (1, 3))","(((4, 2), (5, 2), (5, 3), (5, 5), (6, 3)), (1, 3))",23,5,28.0,23,,,pruned,,,5464
"(((4, 2), (5, 2), (5, 3), (5, 5), (6, 2)), (1, 3))","(((4, 2), (5, 2), (5, 3), (5, 5), (6, 3)), (1, 3))",23,5,28.0,23,,,pruned,,,5465
"(((4, 1), (5, 2), (5, 3), (5, 5), (6, 3)), (1, 3))","(((4, 2), (5, 2), (5, 3), (5, 5), (6, 3)), (1, 3))",23,5,28.0,23,,,pruned,,,5466
"(((4, 2), (5, 2), (5, 3), (5, 5), (6, 3)), (1, 3))","(((4, 2), (4, 3), (5, 2), (5, 5), (6, 3)), (1, 3))",22,4.0,26.0,22,5,3,expanded,False,True,5467
"(((1, 3), (2, 2), (2, 4), (5, 5), (6, 3)), (2, 1))","(((2, 2), (2, 3), (2, 4), (5, 5), (6, 3)), (2, 1))",23,5,28.0,23,,,pruned,,,5468
"(((1, 4), (2, 2), (2, 3), (5, 5), (6, 3)), (2, 1))","(((2, 2), (2, 3), (2, 4), (5, 5), (6, 3)), (2, 1))",23,5,28.0,23,,,pruned,,,5469
"(((2, 2), (2, 3), (2, 4), (5, 6), (6, 3)), (2, 1))","(((2, 2), (2, 3), (2, 4), (5, 5), (6, 3)), (2, 1))",23,5,28.0,23,,,pruned,,,5470
"(((2, 2), (2, 3), (2, 4), (5, 5), (6, 2)), (2, 1))","(((2, 2), (2, 3), (2, 4), (5, 5), (6, 3)), (2, 1))",23,5,28.0,23,,,pruned,,,5471
"(((2, 2), (2, 3), (2, 4), (5, 5), (6, 3)), (2, 1))","(((2, 2), (2, 3), (3, 4), (5, 5), (6, 3)), (2, 1))",22,4.0,26.0,22,6,4,expanded,False,True,5472
"(((2, 1), (4, 3), (4, 4), (5, 5), (6, 3)), (1, 3))","(((2, 2), (4, 3), (4, 4), (5, 5), (6, 3)), (1, 3))",23,5,28.0,23,,,pruned,,,5473
"(((2, 2), (4, 3), (4, 4), (5, 5), (6, 3)), (1, 3))","(((2, 2), (3, 3), (4, 4), (5, 5), (6, 3)), (1, 3))",22,4.0,26.0,22,3,1,expanded,False,True,5474
"(((2, 1), (3, 4), (5, 2), (5, 4), (6, 3)), (1, 3))","(((2, 2), (3, 4), (5, 2), (5, 4), (6, 3)), (1, 3))",23,5,28.0,23,,,pruned,,,5475
"(((2, 2), (3, 4), (5, 4), (6, 2), (6, 3)), (1, 3))","(((2, 2), (3, 4), (5, 2), (5, 4), (6, 3)), (1, 3))",23,4,27.0,23,,,pruned,,,5476
"(((2, 2), (3, 4), (5, 1), (5, 4), (6, 3)), (1, 3))","(((2, 2), (3, 4), (5, 2), (5, 4), (6, 3)), (1, 3))",23,5,28.0,23,,,pruned,,,5477
"(((2, 2), (3, 4), (5, 2), (5, 4), (6, 3)), (1, 3))","(((2, 2), (2, 4), (5, 2), (5, 4), (6, 3)), (1, 3))",22,4.0,26.0,22,9,3,expanded,False,True,5478
"(((1, 4), (2, 2), (4, 2), (5, 4), (6, 3)), (1, 3))","(((2, 2), (2, 4), (4, 2), (5, 4), (6, 3)), (1, 3))",23,5,28.0,23,,,pruned,,,5479
"(((2, 1), (2, 4), (4, 2), (5, 4), (6, 3)), (1, 3))","(((2, 2), (2, 4), (4, 2), (5, 4), (6, 3)), (1, 3))",23,5,28.0,23,,,pruned,,,5480
"(((2, 2), (2, 4), (4, 1), (5, 4), (6, 3)), (1, 3))","(((2, 2), (2, 4), (4, 2), (5, 4), (6, 3)), (1, 3))",23,5,28.0,23,,,pruned,,,5481
"(((2, 2), (2, 4), (4, 2), (5, 4), (6, 3)), (1, 3))","(((2, 2), (2, 4), (4, 2), (4, 4), (6, 3)), (1, 3))",22,4.0,26.0,22,9,3,expanded,False,True,5482
"(((2, 1), (2, 4), (3, 4), (4, 2), (6, 3)), (1, 3))","(((2, 2), (2, 4), (3, 4), (4, 2), (6, 3)), (1, 3))",23,5,28.0,23,,,pruned,,,5483
"(((2, 2), (2, 4), (3, 4), (4, 2), (6, 2)), (1, 3))","(((2, 2), (2, 4), (3, 4), (4, 2), (6, 3)), (1, 3))",23,5,28.0,23,,,pruned,,,5484
"(((2, 2), (2, 4), (3, 4), (4, 1), (6, 3)), (1, 3))","(((2, 2), (2, 4), (3, 4), (4, 2), (6, 3)), (1, 3))",23,5,28.0,23,,,pruned,,,5485
"(((2, 2), (2, 4), (3, 4), (4, 2), (6, 3)), (1, 3))","(((2, 2), (2, 4), (4, 2), (4, 4), (6, 3)), (1, 3))",22,4.0,26.0,22,6,3,expanded,False,True,5486
"(((1, 4), (2, 2), (5, 3), (6, 3), (6, 5)), (1, 3))","(((2, 2), (2, 4), (5, 3), (6, 3), (6, 5)), (1, 3))",23,5,28.0,23,,,pruned,,,5487
"(((2, 2), (2, 4), (5, 3), (6, 3), (6, 6)), (1, 3))","(((2, 2), (2, 4), (5, 3), (6, 3), (6, 5)), (1, 3))",23,5,28.0,23,,,pruned,,,5488
"(((2, 1), (2, 4), (5, 3), (6, 3), (6, 5)), (1, 3))","(((2, 2), (2, 4), (5, 3), (6, 3), (6, 5)), (1, 3))",23,5,28.0,23,,,pruned,,,5489
"(((2, 2), (2, 4), (5, 3), (6, 2), (6, 5)), (1, 3))","(((2, 2), (2, 4), (5, 3), (6, 3), (6, 5)), (1, 3))",23,5,28.0,23,,,pruned,,,5490
"(((2, 2), (2, 4), (5, 3), (6, 3), (6, 5)), (1, 3))","(((2, 2), (3, 4), (5, 3), (6, 3), (6, 5)), (1, 3))",22,4.0,26.0,22,10,4,expanded,False,True,5491
"(((2, 2), (2, 4), (4, 4), (5, 4), (6, 2)), (1, 3))","(((2, 2), (2, 4), (4, 4), (5, 4), (6, 3)), (5, 5))",23,5,28.0,23,,,pruned,,,5492
"(((2, 2), (2, 4), (4, 4), (5, 4), (6, 3)), (5, 5))","(((2, 2), (2, 4), (4, 4), (5, 5), (6, 3)), (1, 3))",22,4.0,26.0,22,2,1,expanded,False,True,5493
"(((2, 2), (4, 3), (5, 4), (6, 3), (6, 5)), (2, 1))","(((2, 2), (4, 2), (5, 4), (6, 3), (6, 5)), (1, 3))",22,4.0,26.0,22,5,0,expanded,False,True,5494
"(((4, 3), (5, 2), (5, 3), (5, 6), (6, 4)), (1, 3))","(((4, 3), (5, 2), (5, 3), (5, 5), (6, 4)), (1, 3))",23,5,28.0,23,,,pruned,,,5495
"(((4, 3), (5, 3), (5, 5), (6, 2), (6, 4)), (1, 3))","(((4, 3), (5, 2), (5, 3), (5, 5), (6, 4)), (1, 3))",23,4,27.0,23,,,pruned,,,5496
"(((4, 3), (5, 2), (5, 3), (5, 5), (6, 4)), (1, 3))","(((4, 2), (5, 2), (5, 3), (5, 5), (6, 4)), (1, 3))",22,4.0,26.0,22,4,2,expanded,False,True,5497
"(((1, 4), (2, 2), (4, 3), (5, 2), (6, 3)), (1, 3))","(((2, 2), (2, 4), (4, 3), (5, 2), (6, 3)), (1, 3))",24,4,28.0,24,,,pruned,,,5498
"(((2, 1), (2, 4), (4, 3), (5, 2), (6, 3)), (1, 3))","(((2, 2), (2, 4), (4, 3), (5, 2), (6, 3)), (1, 3))",24,4,28.0,24,,,pruned,,,5499
"(((2, 2), (2, 4), (4, 3), (5, 2), (6, 2)), (1, 3))","(((2, 2), (2, 4), (4, 3), (5, 2), (6, 3)), (1, 3))",24,4,28.0,24,,,pruned,,,5500
"(((2, 2), (2, 4), (4, 3), (5, 1), (6, 3)), (1, 3))","(((2, 2), (2, 4), (4, 3), (5, 2), (6, 3)), (1, 3))",24,4,28.0,24,,,pruned,,,5501
"(((2, 2), (2, 4), (4, 3), (5, 2), (6, 3)), (1, 3))","(((2, 2), (2, 4), (4, 3), (5, 3), (6, 3)), (1, 3))",23,3.0,26.0,23,8,4,expanded,False,True,5502
"(((2, 2), (3, 3), (3, 4), (5, 4), (6, 3)), (2, 1))","(((2, 2), (3, 3), (3, 4), (5, 3), (6, 3)), (2, 1))",23,3.0,26.0,23,6,0,expanded,False,True,5503
"(((2, 2), (3, 3), (3, 4), (5, 2), (6, 2)), (2, 1))","(((2, 2), (3, 3), (3, 4), (5, 2), (6, 3)), (2, 1))",24,4,28.0,24,,,pruned,,,5504
"(((2, 2), (3, 3), (3, 4), (6, 2), (6, 3)), (2, 1))","(((2, 2), (3, 3), (3, 4), (5, 2), (6, 3)), (2, 1))",24,3,27.0,24,,,pruned,,,5505
"(((2, 2), (3, 3), (3, 4), (5, 1), (6, 3)), (2, 1))","(((2, 2), (3, 3), (3, 4), (5, 2), (6, 3)), (2, 1))",24,4,28.0,24,,,pruned,,,5506
"(((2, 2), (3, 3), (3, 4), (5, 2), (6, 3)), (2, 1))","(((2, 2), (3, 3), (3, 4), (5, 3), (6, 3)), (2, 1))",23,3.0,26.0,23,7,3,expanded,False,True,5507
"(((2, 2), (3, 3), (3, 4), (5, 3), (6, 4)), (2, 1))","(((2, 2), (3, 3), (3, 4), (5, 3), (6, 3)), (2, 1))",23,3.0,26.0,23,9,0,expanded,False,True,5508
"(((1, 3), (2, 4), (4, 3), (5, 2), (6, 4)), (2, 1))","(((2, 3), (2, 4), (4, 3), (5, 2), (6, 4)), (3, 3))",24,4,28.0,24,,,pruned,,,5509
"(((1, 4), (2, 3), (4, 3), (5, 2), (6, 4)), (2, 4))","(((2, 3), (2, 4), (4, 3), (5, 2), (6, 4)), (3, 3))",24,4,28.0,24,,,pruned,,,5510
"(((2, 3), (2, 4), (4, 3), (5, 1), (6, 4)), (2, 1))","(((2, 3), (2, 4), (4, 3), (5, 2), (6, 4)), (3, 3))",24,4,28.0,24,,,pruned,,,5511
"(((2, 3), (2, 4), (4, 3), (5, 2), (6, 4)), (3, 3))","(((2, 3), (2, 4), (4, 3), (5, 3), (6, 4)), (3, 3))",23,3.0,26.0,23,9,3,expanded,False,True,5512
"(((1, 3), (2, 2), (4, 4), (5, 2), (6, 3)), (1, 4))","(((2, 2), (2, 3), (4, 4), (5, 2), (6, 3)), (1, 3))",24,4,28.0,24,,,pruned,,,5513
"(((2, 2), (2, 3), (4, 4), (5, 2), (6, 2)), (1, 3))","(((2, 2), (2, 3), (4, 4), (5, 2), (6, 3)), (1, 3))",24,4,28.0,24,,,pruned,,,5514
"(((2, 2), (2, 3), (4, 4), (6, 2), (6, 3)), (1, 3))","(((2, 2), (2, 3), (4, 4), (5, 2), (6, 3)), (1, 3))",24,3,27.0,24,,,pruned,,,5515
"(((2, 2), (2, 3), (4, 4), (5, 1), (6, 3)), (1, 3))","(((2, 2), (2, 3), (4, 4), (5, 2), (6, 3)), (1, 3))",24,4,28.0,24,,,pruned,,,5516
"(((2, 2), (2, 3), (4, 4), (5, 2), (6, 3)), (1, 3))","(((2, 2), (2, 3), (4, 4), (5, 3), (6, 3)), (5, 4))",23,3.0,26.0,23,8,4,expanded,False,True,5517
"(((1, 3), (2, 2), (3, 4), (4, 4), (6, 3)), (1, 4))","(((2, 2), (2, 3), (3, 4), (4, 4), (6, 3)), (2, 1))",24,4,28.0,24,,,pruned,,,5518
"(((2, 2), (2, 3), (3, 4), (4, 4), (6, 2)), (2, 1))","(((2, 2), (2, 3), (3, 4), (4, 4), (6, 3)), (2, 1))",24,4,28.0,24,,,pruned,,,5519
"(((2, 2), (2, 3), (3, 4), (4, 4), (6, 3)), (2, 1))","(((2, 2), (3, 3), (3, 4), (4, 4), (6, 3)), (2, 1))",23,3.0,26.0,23,3,2,expanded,False,True,5520
"(((2, 2), (2, 4), (3, 3), (4, 4), (6, 2)), (2, 1))","(((2, 2), (2, 4), (3, 3), (4, 4), (6, 3)), (2, 1))",24,4,28.0,24,,,pruned,,,5521
"(((2, 2), (2, 4), (3, 3), (4, 4), (6, 3)), (2, 1))","(((2, 2), (2, 4), (4, 3), (4, 4), (6, 3)), (2, 1))",23,3.0,26.0,23,5,1,expanded,False,True,5522
"(((2, 2), (2, 4), (3, 4), (4, 3), (6, 2)), (2, 1))","(((2, 2), (2, 4), (3, 4), (4, 3), (6, 3)), (2, 1))",24,4,28.0,24,,,pruned,,,5523
"(((2, 2), (2, 4), (3, 4), (4, 3), (6, 3)), (2, 1))","(((2, 2), (2, 4), (4, 3), (4, 4), (6, 3)), (2, 1))",23,3.0,26.0,23,6,1,expanded,False,True,5524
"(((2, 1), (3, 4), (5, 3), (5, 4), (6, 3)), (1, 3))","(((2, 2), (3, 4), (5, 3), (5, 4), (6, 3)), (1, 3))",24,4,28.0,24,,,pruned,,,5525
"(((2, 2), (3, 4), (5, 3), (5, 4), (6, 3)), (1, 3))","(((2, 2), (2, 4), (5, 3), (5, 4), (6, 3)), (1, 3))",23,3.0,26.0,23,6,1,expanded,False,True,5526
"(((2, 3), (3, 3), (4, 4), (6, 3), (6, 6)), (2, 1))","(((2, 3), (3, 3), (4, 4), (6, 3), (6, 5)), (2, 1))",24,4,28.0,24,,,pruned,,,5527
"(((2, 3), (3, 3), (4, 4), (6, 2), (6, 5)), (2, 1))","(((2, 3), (3, 3), (4, 4), (6, 3), (6, 5)), (2, 1))",24,4,28.0,24,,,pruned,,,5528
"(((2, 3), (3, 3), (4, 4), (6, 3), (6, 5)), (2, 1))","(((2, 3), (4, 3), (4, 4), (6, 3), (6, 5)), (2, 1))",23,3.0,26.0,23,6,2,expanded,False,True,5529
"(((4, 2), (5, 2), (5, 3), (5, 4), (6, 2)), (5, 5))","(((4, 2), (5, 2), (5, 3), (5, 4), (6, 3)), (5, 5))",24,4,28.0,24,,,pruned,,,5530
"(((4, 2), (5, 2), (5, 3), (5, 4), (6, 3)), (5, 5))","(((4, 2), (5, 2), (5, 3), (5, 5), (6, 3)), (1, 3))",23,3.0,26.0,23,2,1,expanded,False,True,5531
"(((4, 3), (5, 2), (5, 3), (5, 6), (6, 3)), (1, 3))","(((4, 3), (5, 2), (5, 3), (5, 5), (6, 3)), (1, 3))",24,4,28.0,24,,,pruned,,,5532
"(((4, 3), (5, 2), (5, 3), (5, 5), (6, 2)), (1, 3))","(((4, 3), (5, 2), (5, 3), (5, 5), (6, 3)), (1, 3))",24,4,28.0,24,,,pruned,,,5533
"(((4, 3), (5, 3), (5, 5), (6, 2), (6, 3)), (1, 3))","(((4, 3), (5, 2), (5, 3), (5, 5), (6, 3)), (1, 3))",24,3,27.0,24,,,pruned,,,5534
"(((4, 3), (5, 2), (5, 3), (5, 5), (6, 3)), (1, 3))","(((4, 2), (5, 2), (5, 3), (5, 5), (6, 3)), (1, 3))",23,3.0,26.0,23,6,3,expanded,False,True,5535
"(((2, 2), (2, 3), (2, 4), (5, 4), (6, 2)), (2, 1))","(((2, 2), (2, 3), (2, 4), (5, 4), (6, 3)), (5, 5))",24,4,28.0,24,,,pruned,,,5536
"(((2, 2), (2, 3), (2, 4), (5, 4), (6, 3)), (5, 5))","(((2, 2), (2, 3), (2, 4), (5, 5), (6, 3)), (2, 1))",23,3.0,26.0,23,3,1,expanded,False,True,5537
"(((1, 3), (3, 4), (5, 2), (5, 4), (6, 3)), (1, 4))","(((2, 3), (3, 4), (5, 2), (5, 4), (6, 3)), (2, 1))",24,4,28.0,24,,,pruned,,,5538
"(((2, 3), (3, 4), (5, 4), (6, 2), (6, 3)), (2, 1))","(((2, 3), (3, 4), (5, 2), (5, 4), (6, 3)), (2, 1))",24,3,27.0,24,,,pruned,,,5539
"(((2, 3), (3, 4), (5, 1), (5, 4), (6, 3)), (2, 1))","(((2, 3), (3, 4), (5, 2), (5, 4), (6, 3)), (2, 1))",24,4,28.0,24,,,pruned,,,5540
"(((2, 3), (3, 4), (5, 2), (5, 4), (6, 3)), (2, 1))","(((2, 2), (3, 4), (5, 2), (5, 4), (6, 3)), (1, 3))",23,3.0,26.0,23,8,3,expanded,False,True,5541
"(((2, 2), (2, 4), (4, 3), (5, 4), (6, 3)), (2, 1))","(((2, 2), (2, 4), (4, 2), (5, 4), (6, 3)), (1, 3))",23,3.0,26.0,23,5,0,expanded,False,True,5542
"(((2, 3), (3, 3), (4, 3), (4, 4), (6, 4)), (2, 1))","(((2, 3), (3, 3), (4, 4), (5, 3), (6, 4)), (2, 1))",24,2.0,26.0,24,4,0,expanded,False,True,5543
"(((2, 1), (4, 3), (4, 4), (5, 3), (6, 3)), (1, 3))","(((2, 2), (4, 3), (4, 4), (5, 3), (6, 3)), (1, 3))",25,3,28.0,25,,,pruned,,,5544
"(((2, 2), (4, 3), (4, 4), (5, 3), (6, 3)), (1, 3))","(((2, 2), (3, 4), (4, 3), (5, 3), (6, 3)), (1, 3))",24,2.0,26.0,24,2,1,expanded,False,True,5545
"(((1, 3), (2, 2), (2, 4), (5, 3), (6, 3)), (2, 1))","(((2, 2), (2, 3), (2, 4), (5, 3), (6, 3)), (2, 1))",25,3,28.0,25,,,pruned,,,5546
"(((1, 4), (2, 2), (2, 3), (5, 3), (6, 3)), (2, 1))","(((2, 2), (2, 3), (2, 4), (5, 3), (6, 3)), (2, 1))",25,3,28.0,25,,,pruned,,,5547
"(((2, 2), (2, 3), (2, 4), (5, 3), (6, 2)), (2, 1))","(((2, 2), (2, 3), (2, 4), (5, 3), (6, 3)), (2, 1))",25,3,28.0,25,,,pruned,,,5548
"(((2, 2), (2, 3), (2, 4), (5, 3), (6, 3)), (2, 1))","(((2, 2), (2, 3), (3, 4), (5, 3), (6, 3)), (2, 1))",24,2.0,26.0,24,6,3,expanded,False,True,5549
"(((1, 3), (2, 2), (4, 4), (5, 3), (6, 3)), (1, 4))","(((2, 2), (2, 3), (4, 4), (5, 3), (6, 3)), (1, 3))",25,3,28.0,25,,,pruned,,,5550
"(((2, 2), (2, 3), (4, 4), (5, 3), (6, 3)), (1, 3))","(((2, 2), (3, 3), (4, 4), (5, 3), (6, 3)), (2, 1))",24,2.0,26.0,24,5,1,expanded,False,True,5551
"(((1, 3), (3, 4), (5, 3), (5, 4), (6, 3)), (1, 4))","(((2, 3), (3, 4), (5, 3), (5, 4), (6, 3)), (2, 1))",25,3,28.0,25,,,pruned,,,5552
"(((2, 3), (3, 4), (5, 3), (5, 4), (6, 3)), (2, 1))","(((2, 2), (3, 4), (5, 3), (5, 4), (6, 3)), (1, 3))",24,2.0,26.0,24,5,1,expanded,False,True,5553
"(((4, 3), (5, 2), (5, 3), (5, 4), (6, 2)), (5, 5))","(((4, 3), (5, 2), (5, 3), (5, 4), (6, 3)), (5, 5))",25,3,28.0,25,,,pruned,,,5554
"(((4, 3), (5, 2), (5, 3), (5, 4), (6, 3)), (5, 5))","(((4, 3), (5, 2), (5, 3), (5, 5), (6, 3)), (1, 3))",24,2.0,26.0,24,2,1,expanded,False,True,5555
"(((2, 3), (3, 3), (4, 3), (4, 4), (6, 2)), (2, 1))","(((2, 3), (3, 3), (4, 3), (4, 4), (6, 3)), (2, 1))",26,2,28.0,26,,,pruned,,,5556
"(((2, 3), (3, 3), (4, 3), (4, 4), (6, 3)), (2, 1))","(((2, 3), (3, 3), (4, 3), (4, 4), (6, 4)), (2, 1))",25,1.0,26.0,25,4,1,expanded,False,True,5557
"(((2, 2), (5, 2), (5, 6), (6, 3), (6, 5)), (1, 3))","(((2, 2), (5, 2), (5, 5), (6, 3), (6, 5)), (1, 3))",22,7,29.0,22,,,pruned,,,5558
"(((2, 2), (5, 2), (5, 5), (6, 3), (6, 6)), (1, 3))","(((2, 2), (5, 2), (5, 5), (6, 3), (6, 5)), (1, 3))",22,7,29.0,22,,,pruned,,,5559
"(((2, 1), (5, 2), (5, 5), (6, 3), (6, 5)), (1, 3))","(((2, 2), (5, 2), (5, 5), (6, 3), (6, 5)), (1, 3))",22,7,29.0,22,,,pruned,,,5560
"(((2, 2), (5, 2), (5, 5), (6, 2), (6, 5)), (1, 3))","(((2, 2), (5, 2), (5, 5), (6, 3), (6, 5)), (1, 3))",22,7,29.0,22,,,pruned,,,5561
"(((2, 2), (5, 5), (6, 2), (6, 3), (6, 5)), (1, 3))","(((2, 2), (5, 2), (5, 5), (6, 3), (6, 5)), (1, 3))",22,6,28.0,22,,,pruned,,,5562
"(((2, 2), (5, 1), (5, 5), (6, 3), (6, 5)), (1, 3))","(((2, 2), (5, 2), (5, 5), (6, 3), (6, 5)), (1, 3))",22,7,29.0,22,,,pruned,,,5563
"(((2, 2), (5, 2), (5, 5), (6, 3), (6, 5)), (1, 3))","(((2, 2), (5, 2), (5, 4), (6, 3), (6, 5)), (1, 3))",21,6.0,27.0,21,8,6,expanded,False,True,5564
"(((2, 2), (4, 4), (5, 2), (5, 4), (6, 6)), (1, 3))","(((2, 2), (4, 4), (5, 2), (5, 4), (6, 5)), (1, 3))",22,7,29.0,22,,,pruned,,,5565
"(((2, 1), (4, 4), (5, 2), (5, 4), (6, 5)), (1, 3))","(((2, 2), (4, 4), (5, 2), (5, 4), (6, 5)), (1, 3))",22,7,29.0,22,,,pruned,,,5566
"(((2, 2), (4, 4), (5, 4), (6, 2), (6, 5)), (1, 3))","(((2, 2), (4, 4), (5, 2), (5, 4), (6, 5)), (1, 3))",22,6,28.0,22,,,pruned,,,5567
"(((2, 2), (4, 4), (5, 1), (5, 4), (6, 5)), (1, 3))","(((2, 2), (4, 4), (5, 2), (5, 4), (6, 5)), (1, 3))",22,7,29.0,22,,,pruned,,,5568
"(((2, 2), (4, 4), (5, 2), (5, 4), (6, 5)), (1, 3))","(((2, 3), (4, 4), (5, 2), (5, 4), (6, 5)), (1, 3))",21,6.0,27.0,21,8,4,expanded,False,True,5569
"(((1, 4), (2, 2), (4, 4), (6, 4), (6, 5)), (1, 3))","(((2, 2), (2, 4), (4, 4), (6, 4), (6, 5)), (1, 3))",22,7,29.0,22,,,pruned,,,5570
"(((2, 1), (2, 4), (4, 4), (6, 4), (6, 5)), (1, 3))","(((2, 2), (2, 4), (4, 4), (6, 4), (6, 5)), (1, 3))",22,7,29.0,22,,,pruned,,,5571
"(((2, 2), (2, 4), (4, 4), (6, 4), (6, 5)), (1, 3))","(((2, 2), (2, 4), (4, 3), (6, 4), (6, 5)), (1, 3))",21,6.0,27.0,21,6,2,expanded,False,True,5572
"(((2, 2), (4, 2), (5, 3), (5, 6), (6, 5)), (1, 3))","(((2, 2), (4, 2), (5, 3), (5, 5), (6, 5)), (1, 3))",22,7,29.0,22,,,pruned,,,5573
"(((2, 2), (4, 2), (5, 3), (5, 5), (6, 6)), (1, 3))","(((2, 2), (4, 2), (5, 3), (5, 5), (6, 5)), (1, 3))",22,7,29.0,22,,,pruned,,,5574
"(((2, 1), (4, 2), (5, 3), (5, 5), (6, 5)), (1, 3))","(((2, 2), (4, 2), (5, 3), (5, 5), (6, 5)), (1, 3))",22,7,29.0,22,,,pruned,,,5575
"(((2, 2), (4, 1), (5, 3), (5, 5), (6, 5)), (1, 3))","(((2, 2), (4, 2), (5, 3), (5, 5), (6, 5)), (1, 3))",22,7,29.0,22,,,pruned,,,5576
"(((2, 2), (4, 2), (5, 3), (5, 5), (6, 5)), (1, 3))","(((2, 3), (4, 2), (5, 3), (5, 5), (6, 5)), (1, 3))",21,6.0,27.0,21,10,4,expanded,False,True,5577
"(((2, 1), (3, 4), (5, 4), (6, 4), (6, 5)), (1, 3))","(((2, 2), (3, 4), (5, 4), (6, 4), (6, 5)), (1, 3))",22,7,29.0,22,,,pruned,,,5578
"(((2, 2), (3, 4), (5, 4), (6, 4), (6, 5)), (1, 3))","(((2, 2), (3, 4), (5, 3), (6, 4), (6, 5)), (1, 3))",21,6.0,27.0,21,5,1,expanded,False,True,5579
"(((2, 1), (3, 4), (4, 4), (5, 4), (6, 4)), (1, 3))","(((2, 2), (3, 4), (4, 4), (5, 4), (6, 4)), (1, 3))",23,6,29.0,23,,,pruned,,,5580
"(((2, 2), (3, 4), (4, 4), (5, 4), (6, 4)), (1, 3))","(((2, 2), (3, 4), (4, 4), (5, 4), (6, 3)), (1, 3))",22,5.0,27.0,22,4,1,expanded,False,True,5581
"(((2, 2), (3, 4), (4, 4), (5, 3), (6, 6)), (1, 3))","(((2, 2), (3, 4), (4, 4), (5, 3), (6, 5)), (1, 3))",23,6,29.0,23,,,pruned,,,5582
"(((2, 1), (3, 4), (4, 4), (5, 3), (6, 5)), (1, 3))","(((2, 2), (3, 4), (4, 4), (5, 3), (6, 5)), (1, 3))",23,6,29.0,23,,,pruned,,,5583
"(((2, 2), (3, 4), (4, 4), (5, 3), (6, 5)), (1, 3))","(((2, 2), (3, 4), (4, 4), (5, 3), (6, 4)), (1, 3))",22,5.0,27.0,22,8,2,expanded,False,True,5584
"(((2, 1), (4, 4), (5, 2), (5, 4), (6, 4)), (1, 3))","(((2, 2), (4, 4), (5, 2), (5, 4), (6, 4)), (1, 3))",23,6,29.0,23,,,pruned,,,5585
"(((2, 2), (4, 4), (5, 4), (6, 2), (6, 4)), (1, 3))","(((2, 2), (4, 4), (5, 2), (5, 4), (6, 4)), (1, 3))",23,5,28.0,23,,,pruned,,,5586
"(((2, 2), (4, 4), (5, 1), (5, 4), (6, 4)), (1, 3))","(((2, 2), (4, 4), (5, 2), (5, 4), (6, 4)), (1, 3))",23,6,29.0,23,,,pruned,,,5587
"(((2, 2), (4, 4), (5, 2), (5, 4), (6, 4)), (1, 3))","(((2, 3), (4, 4), (5, 2), (5, 4), (6, 4)), (1, 3))",22,5.0,27.0,22,8,3,expanded,False,True,5588
"(((2, 2), (4, 4), (5, 3), (5, 4), (6, 6)), (1, 3))","(((2, 2), (4, 4), (5, 3), (5, 4), (6, 5)), (1, 3))",23,6,29.0,23,,,pruned,,,5589
"(((2, 1), (4, 4), (5, 3), (5, 4), (6, 5)), (1, 3))","(((2, 2), (4, 4), (5, 3), (5, 4), (6, 5)), (1, 3))",23,6,29.0,23,,,pruned,,,5590
"(((2, 2), (4, 4), (5, 3), (5, 4), (6, 5)), (1, 3))","(((2, 3), (4, 4), (5, 3), (5, 4), (6, 5)), (1, 3))",22,5.0,27.0,22,5,2,expanded,False,True,5591
"(((2, 2), (4, 2), (4, 4), (6, 3), (6, 6)), (1, 3))","(((2, 2), (4, 2), (4, 4), (6, 3), (6, 5)), (1, 3))",23,6,29.0,23,,,pruned,,,5592
"(((2, 1), (4, 2), (4, 4), (6, 3), (6, 5)), (1, 3))","(((2, 2), (4, 2), (4, 4), (6, 3), (6, 5)), (1, 3))",23,6,29.0,23,,,pruned,,,5593
"(((2, 2), (4, 2), (4, 4), (6, 2), (6, 5)), (1, 3))","(((2, 2), (4, 2), (4, 4), (6, 3), (6, 5)), (1, 3))",23,6,29.0,23,,,pruned,,,5594
"(((2, 2), (4, 1), (4, 4), (6, 3), (6, 5)), (1, 3))","(((2, 2), (4, 2), (4, 4), (6, 3), (6, 5)), (1, 3))",23,6,29.0,23,,,pruned,,,5595
"(((2, 2), (4, 2), (4, 4), (6, 3), (6, 5)), (1, 3))","(((2, 3), (4, 2), (4, 4), (6, 3), (6, 5)), (1, 3))",22,5.0,27.0,22,10,4,expanded,False,True,5596
"(((2, 2), (4, 2), (5, 3), (5, 6), (6, 4)), (1, 3))","(((2, 2), (4, 2), (5, 3), (5, 5), (6, 4)), (1, 3))",23,6,29.0,23,,,pruned,,,5597
"(((2, 1), (4, 2), (5, 3), (5, 5), (6, 4)), (1, 3))","(((2, 2), (4, 2), (5, 3), (5, 5), (6, 4)), (1, 3))",23,6,29.0,23,,,pruned,,,5598
"(((2, 2), (4, 1), (5, 3), (5, 5), (6, 4)), (1, 3))","(((2, 2), (4, 2), (5, 3), (5, 5), (6, 4)), (1, 3))",23,6,29.0,23,,,pruned,,,5599
"(((2, 2), (4, 2), (5, 3), (5, 5), (6, 4)), (1, 3))","(((2, 3), (4, 2), (5, 3), (5, 5), (6, 4)), (1, 3))",22,5.0,27.0,22,5,3,expanded,False,True,5600
"(((2, 2), (5, 3), (5, 6), (6, 3), (6, 5)), (1, 3))","(((2, 2), (5, 3), (5, 5), (6, 3), (6, 5)), (1, 3))",23,6,29.0,23,,,pruned,,,5601
"(((2, 2), (5, 3), (5, 5), (6, 3), (6, 6)), (1, 3))","(((2, 2), (5, 3), (5, 5), (6, 3), (6, 5)), (1, 3))",23,6,29.0,23,,,pruned,,,5602
"(((2, 1), (5, 3), (5, 5), (6, 3), (6, 5)), (1, 3))","(((2, 2), (5, 3), (5, 5), (6, 3), (6, 5)), (1, 3))",23,6,29.0,23,,,pruned,,,5603
"(((2, 2), (5, 3), (5, 5), (6, 2), (6, 5)), (1, 3))","(((2, 2), (5, 3), (5, 5), (6, 3), (6, 5)), (1, 3))",23,6,29.0,23,,,pruned,,,5604
"(((2, 2), (5, 3), (5, 5), (6, 3), (6, 5)), (1, 3))","(((2, 3), (5, 3), (5, 5), (6, 3), (6, 5)), (1, 3))",22,5.0,27.0,22,8,4,expanded,False,True,5605
"(((1, 4), (2, 2), (4, 2), (4, 4), (6, 4)), (1, 3))","(((2, 2), (2, 4), (4, 2), (4, 4), (6, 4)), (1, 3))",23,6,29.0,23,,,pruned,,,5606
"(((2, 1), (2, 4), (4, 2), (4, 4), (6, 4)), (1, 3))","(((2, 2), (2, 4), (4, 2), (4, 4), (6, 4)), (1, 3))",23,6,29.0,23,,,pruned,,,5607
"(((2, 2), (2, 4), (4, 1), (4, 4), (6, 4)), (1, 3))","(((2, 2), (2, 4), (4, 2), (4, 4), (6, 4)), (1, 3))",23,6,29.0,23,,,pruned,,,5608
"(((2, 2), (2, 4), (4, 2), (4, 4), (6, 4)), (1, 3))","(((2, 2), (2, 4), (4, 2), (4, 4), (6, 3)), (1, 3))",22,5.0,27.0,22,10,3,expanded,False,True,5609
"(((2, 1), (3, 4), (5, 4), (6, 3), (6, 5)), (1, 3))","(((2, 2), (3, 4), (5, 4), (6, 3), (6, 5)), (1, 3))",23,6,29.0,23,,,pruned,,,5610
"(((2, 2), (3, 4), (5, 4), (6, 3), (6, 5)), (1, 3))","(((2, 2), (3, 4), (5, 3), (6, 3), (6, 5)), (1, 3))",22,5.0,27.0,22,7,1,expanded,False,True,5611
"(((2, 2), (4, 3), (5, 3), (5, 6), (6, 5)), (1, 3))","(((2, 2), (4, 3), (5, 3), (5, 5), (6, 5)), (1, 3))",23,6,29.0,23,,,pruned,,,5612
"(((2, 1), (4, 3), (5, 3), (5, 5), (6, 5)), (1, 3))","(((2, 2), (4, 3), (5, 3), (5, 5), (6, 5)), (1, 3))",23,6,29.0,23,,,pruned,,,5613
"(((2, 2), (4, 3), (5, 3), (5, 5), (6, 6)), (1, 3))","(((2, 2), (4, 3), (5, 3), (5, 5), (6, 5)), (1, 3))",23,6,29.0,23,,,pruned,,,5614
"(((2, 2), (4, 3), (5, 3), (5, 5), (6, 5)), (1, 3))","(((2, 3), (4, 3), (5, 3), (5, 5), (6, 5)), (1, 3))",22,5.0,27.0,22,8,3,expanded,False,True,5615
"(((1, 3), (4, 3), (5, 2), (5, 5), (6, 5)), (1, 4))","(((2, 3), (4, 3), (5, 2), (5, 5), (6, 5)), (1, 3))",23,6,29.0,23,,,pruned,,,5616
"(((2, 3), (4, 3), (5, 2), (5, 6), (6, 5)), (1, 3))","(((2, 3), (4, 3), (5, 2), (5, 5), (6, 5)), (1, 3))",23,6,29.0,23,,,pruned,,,5617
"(((2, 3), (4, 3), (5, 2), (5, 5), (6, 6)), (1, 3))","(((2, 3), (4, 3), (5, 2), (5, 5), (6, 5)), (1, 3))",23,6,29.0,23,,,pruned,,,5618
"(((2, 3), (4, 3), (5, 1), (5, 5), (6, 5)), (1, 3))","(((2, 3), (4, 3), (5, 2), (5, 5), (6, 5)), (1, 3))",23,6,29.0,23,,,pruned,,,5619
"(((2, 3), (4, 3), (5, 2), (5, 5), (6, 5)), (1, 3))","(((2, 3), (4, 3), (5, 3), (5, 5), (6, 5)), (1, 3))",22,5.0,27.0,22,10,4,expanded,False,True,5620
"(((2, 2), (2, 4), (3, 4), (5, 6), (6, 3)), (1, 3))","(((2, 2), (2, 4), (3, 4), (5, 5), (6, 3)), (1, 3))",23,6,29.0,23,,,pruned,,,5621
"(((2, 1), (2, 4), (3, 4), (5, 5), (6, 3)), (1, 3))","(((2, 2), (2, 4), (3, 4), (5, 5), (6, 3)), (1, 3))",23,6,29.0,23,,,pruned,,,5622
"(((2, 2), (2, 4), (3, 4), (5, 5), (6, 2)), (1, 3))","(((2, 2), (2, 4), (3, 4), (5, 5), (6, 3)), (1, 3))",23,6,29.0,23,,,pruned,,,5623
"(((2, 2), (2, 4), (3, 4), (5, 5), (6, 3)), (1, 3))","(((2, 2), (2, 4), (4, 4), (5, 5), (6, 3)), (1, 3))",22,5.0,27.0,22,6,3,expanded,False,True,5624
"(((1, 3), (2, 2), (2, 4), (6, 4), (6, 5)), (2, 1))","(((2, 2), (2, 3), (2, 4), (6, 4), (6, 5)), (2, 1))",23,6,29.0,23,,,pruned,,,5625
"(((1, 4), (2, 2), (2, 3), (6, 4), (6, 5)), (2, 1))","(((2, 2), (2, 3), (2, 4), (6, 4), (6, 5)), (2, 1))",23,6,29.0,23,,,pruned,,,5626
"(((2, 2), (2, 3), (2, 4), (6, 4), (6, 5)), (2, 1))","(((2, 2), (2, 3), (3, 4), (6, 4), (6, 5)), (2, 1))",22,5.0,27.0,22,2,2,expanded,True,True,5627
"(((2, 1), (4, 3), (4, 4), (6, 4), (6, 5)), (1, 3))","(((2, 2), (4, 3), (4, 4), (6, 4), (6, 5)), (1, 3))",23,6,29.0,23,,,pruned,,,5628
"(((2, 2), (4, 3), (4, 4), (6, 4), (6, 5)), (1, 3))","(((2, 2), (3, 4), (4, 3), (6, 4), (6, 5)), (1, 3))",22,5.0,27.0,22,3,1,expanded,False,True,5629
"(((2, 3), (3, 3), (4, 2), (5, 6), (6, 5)), (1, 3))","(((2, 3), (3, 3), (4, 2), (5, 5), (6, 5)), (1, 3))",23,6,29.0,23,,,pruned,,,5630
"(((2, 3), (3, 3), (4, 2), (5, 5), (6, 6)), (1, 3))","(((2, 3), (3, 3), (4, 2), (5, 5), (6, 5)), (1, 3))",23,6,29.0,23,,,pruned,,,5631
"(((2, 3), (3, 3), (4, 1), (5, 5), (6, 5)), (1, 3))","(((2, 3), (3, 3), (4, 2), (5, 5), (6, 5)), (1, 3))",23,6,29.0,23,,,pruned,,,5632
"(((2, 3), (3, 3), (4, 2), (5, 5), (6, 5)), (1, 3))","(((2, 3), (4, 2), (4, 3), (5, 5), (6, 5)), (1, 3))",22,5.0,27.0,22,6,3,expanded,False,True,5633
"(((2, 1), (4, 4), (5, 2), (5, 4), (6, 3)), (1, 3))","(((2, 2), (4, 4), (5, 2), (5, 4), (6, 3)), (1, 3))",24,5,29.0,24,,,pruned,,,5634
"(((2, 2), (4, 4), (5, 4), (6, 2), (6, 3)), (1, 3))","(((2, 2), (4, 4), (5, 2), (5, 4), (6, 3)), (1, 3))",24,4,28.0,24,,,pruned,,,5635
"(((2, 2), (4, 4), (5, 1), (5, 4), (6, 3)), (1, 3))","(((2, 2), (4, 4), (5, 2), (5, 4), (6, 3)), (1, 3))",24,5,29.0,24,,,pruned,,,5636
"(((2, 2), (4, 4), (5, 2), (5, 4), (6, 3)), (1, 3))","(((2, 3), (4, 4), (5, 2), (5, 4), (6, 3)), (1, 3))",23,4.0,27.0,23,6,3,expanded,False,True,5637
"(((2, 2), (3, 3), (3, 4), (4, 4), (6, 4)), (2, 1))","(((2, 2), (3, 3), (3, 4), (4, 4), (6, 3)), (2, 1))",23,4.0,27.0,23,4,0,expanded,False,True,5638
"(((2, 1), (2, 4), (3, 4), (5, 4), (6, 3)), (1, 3))","(((2, 2), (2, 4), (3, 4), (5, 4), (6, 3)), (1, 3))",24,5,29.0,24,,,pruned,,,5639
"(((2, 2), (2, 4), (3, 4), (5, 4), (6, 3)), (1, 3))","(((2, 2), (2, 4), (3, 4), (5, 3), (6, 3)), (1, 3))",23,4.0,27.0,23,5,1,expanded,False,True,5640
"(((2, 1), (2, 4), (3, 4), (5, 3), (6, 4)), (1, 3))","(((2, 2), (2, 4), (3, 4), (5, 3), (6, 4)), (1, 3))",24,5,29.0,24,,,pruned,,,5641
"(((2, 2), (2, 4), (3, 4), (5, 3), (6, 4)), (1, 3))","(((2, 2), (2, 4), (3, 4), (5, 3), (6, 3)), (1, 3))",23,4.0,27.0,23,8,1,expanded,False,True,5642
"(((2, 2), (4, 2), (5, 3), (5, 6), (6, 3)), (1, 3))","(((2, 2), (4, 2), (5, 3), (5, 5), (6, 3)), (1, 3))",24,5,29.0,24,,,pruned,,,5643
"(((2, 1), (4, 2), (5, 3), (5, 5), (6, 3)), (1, 3))","(((2, 2), (4, 2), (5, 3), (5, 5), (6, 3)), (1, 3))",24,5,29.0,24,,,pruned,,,5644
"(((2, 2), (4, 2), (5, 3), (5, 5), (6, 2)), (1, 3))","(((2, 2), (4, 2), (5, 3), (5, 5), (6, 3)), (1, 3))",24,5,29.0,24,,,pruned,,,5645
"(((2, 2), (4, 1), (5, 3), (5, 5), (6, 3)), (1, 3))","(((2, 2), (4, 2), (5, 3), (5, 5), (6, 3)), (1, 3))",24,5,29.0,24,,,pruned,,,5646
"(((2, 2), (4, 2), (5, 3), (5, 5), (6, 3)), (1, 3))","(((2, 3), (4, 2), (5, 3), (5, 5), (6, 3)), (1, 3))",23,4.0,27.0,23,6,4,expanded,False,True,5647
"(((2, 2), (2, 4), (4, 3), (4, 4), (6, 4)), (2, 1))","(((2, 2), (2, 4), (4, 3), (4, 4), (6, 3)), (2, 1))",23,4.0,27.0,23,5,0,expanded,False,True,5648
"(((2, 1), (3, 3), (5, 4), (6, 3), (6, 5)), (1, 3))","(((2, 2), (3, 3), (5, 4), (6, 3), (6, 5)), (1, 3))",24,5,29.0,24,,,pruned,,,5649
"(((2, 2), (3, 3), (5, 4), (6, 3), (6, 5)), (1, 3))","(((2, 3), (3, 3), (5, 4), (6, 3), (6, 5)), (1, 3))",23,4.0,27.0,23,7,1,expanded,False,True,5650
"(((2, 3), (3, 3), (5, 6), (6, 3), (6, 5)), (1, 3))","(((2, 3), (3, 3), (5, 5), (6, 3), (6, 5)), (1, 3))",24,5,29.0,24,,,pruned,,,5651
"(((2, 3), (3, 3), (5, 5), (6, 3), (6, 6)), (1, 3))","(((2, 3), (3, 3), (5, 5), (6, 3), (6, 5)), (1, 3))",24,5,29.0,24,,,pruned,,,5652
"(((2, 3), (3, 3), (5, 5), (6, 2), (6, 5)), (1, 3))","(((2, 3), (3, 3), (5, 5), (6, 3), (6, 5)), (1, 3))",24,5,29.0,24,,,pruned,,,5653
"(((2, 3), (3, 3), (5, 5), (6, 3), (6, 5)), (1, 3))","(((2, 3), (3, 3), (5, 4), (6, 3), (6, 5)), (1, 3))",23,4.0,27.0,23,6,3,expanded,False,True,5654
"(((1, 4), (2, 2), (5, 3), (5, 4), (6, 4)), (1, 3))","(((2, 2), (2, 4), (5, 3), (5, 4), (6, 4)), (1, 3))",24,5,29.0,24,,,pruned,,,5655
"(((2, 1), (2, 4), (5, 3), (5, 4), (6, 4)), (1, 3))","(((2, 2), (2, 4), (5, 3), (5, 4), (6, 4)), (1, 3))",24,5,29.0,24,,,pruned,,,5656
"(((2, 2), (2, 4), (5, 3), (5, 4), (6, 4)), (1, 3))","(((2, 2), (2, 4), (5, 3), (5, 4), (6, 3)), (1, 3))",23,4.0,27.0,23,7,2,expanded,False,True,5657
"(((1, 3), (2, 2), (6, 3), (6, 4), (6, 5)), (1, 4))","(((2, 2), (2, 3), (6, 3), (6, 4), (6, 5)), (1, 3))",24,5,29.0,24,,,pruned,,,5658
"(((2, 2), (2, 3), (6, 3), (6, 4), (6, 5)), (1, 3))","(((2, 2), (3, 3), (6, 3), (6, 4), (6, 5)), (1, 3))",23,4.0,27.0,23,2,1,expanded,False,True,5659
"(((1, 3), (2, 4), (5, 2), (5, 3), (6, 5)), (2, 1))","(((2, 3), (2, 4), (5, 2), (5, 3), (6, 5)), (2, 1))",24,5,29.0,24,,,pruned,,,5660
"(((1, 4), (2, 3), (5, 2), (5, 3), (6, 5)), (2, 1))","(((2, 3), (2, 4), (5, 2), (5, 3), (6, 5)), (2, 1))",24,5,29.0,24,,,pruned,,,5661
"(((2, 3), (2, 4), (5, 2), (5, 3), (6, 6)), (2, 1))","(((2, 3), (2, 4), (5, 2), (5, 3), (6, 5)), (2, 1))",24,5,29.0,24,,,pruned,,,5662
"(((2, 3), (2, 4), (5, 3), (6, 2), (6, 5)), (2, 1))","(((2, 3), (2, 4), (5, 2), (5, 3), (6, 5)), (2, 1))",24,4,28.0,24,,,pruned,,,5663
"(((2, 3), (2, 4), (5, 2), (5, 3), (6, 5)), (2, 1))","(((2, 3), (2, 4), (4, 3), (5, 2), (6, 5)), (3, 3))",23,4.0,27.0,23,8,4,expanded,False,True,5664
"(((2, 1), (3, 4), (4, 2), (5, 4), (6, 3)), (1, 3))","(((2, 2), (3, 4), (4, 2), (5, 4), (6, 3)), (1, 3))",24,5,29.0,24,,,pruned,,,5665
"(((2, 2), (3, 4), (4, 1), (5, 4), (6, 3)), (1, 3))","(((2, 2), (3, 4), (4, 2), (5, 4), (6, 3)), (1, 3))",24,5,29.0,24,,,pruned,,,5666
"(((2, 2), (3, 4), (4, 2), (5, 4), (6, 3)), (1, 3))","(((2, 2), (2, 4), (4, 2), (5, 4), (6, 3)), (1, 3))",23,4.0,27.0,23,9,2,expanded,False,True,5667
"(((2, 2), (3, 4), (4, 4), (5, 3), (6, 4)), (5, 4))","(((2, 2), (3, 4), (4, 4), (5, 3), (6, 5)), (1, 3))",23,4.0,27.0,23,2,0,expanded,False,True,5668
"(((2, 2), (4, 3), (4, 4), (6, 3), (6, 6)), (2, 1))","(((2, 2), (4, 3), (4, 4), (6, 3), (6, 5)), (2, 1))",24,5,29.0,24,,,pruned,,,5669
"(((2, 2), (4, 3), (4, 4), (6, 2), (6, 5)), (2, 1))","(((2, 2), (4, 3), (4, 4), (6, 3), (6, 5)), (2, 1))",24,5,29.0,24,,,pruned,,,5670
"(((2, 2), (4, 3), (4, 4), (6, 3), (6, 5)), (2, 1))","(((2, 2), (4, 2), (4, 4), (6, 3), (6, 5)), (1, 3))",23,4.0,27.0,23,7,2,expanded,False,True,5671
"(((2, 2), (2, 4), (3, 4), (5, 4), (6, 2)), (1, 3))","(((2, 2), (2, 4), (3, 4), (5, 4), (6, 3)), (5, 5))",24,5,29.0,24,,,pruned,,,5672
"(((2, 2), (2, 4), (3, 4), (5, 4), (6, 3)), (5, 5))","(((2, 2), (2, 4), (3, 4), (5, 5), (6, 3)), (1, 3))",23,4.0,27.0,23,3,1,expanded,False,True,5673
"(((2, 3), (3, 3), (4, 3), (5, 6), (6, 5)), (1, 3))","(((2, 3), (3, 3), (4, 3), (5, 5), (6, 5)), (1, 3))",24,5,29.0,24,,,pruned,,,5674
"(((2, 3), (3, 3), (4, 3), (5, 5), (6, 6)), (1, 3))","(((2, 3), (3, 3), (4, 3), (5, 5), (6, 5)), (1, 3))",24,5,29.0,24,,,pruned,,,5675
"(((2, 3), (3, 3), (4, 3), (5, 5), (6, 5)), (1, 3))","(((2, 3), (3, 3), (4, 2), (5, 5), (6, 5)), (1, 3))",23,4.0,27.0,23,6,2,expanded,False,True,5676
"(((2, 3), (3, 3), (4, 4), (5, 3), (6, 6)), (2, 1))","(((2, 3), (3, 3), (4, 4), (5, 3), (6, 5)), (2, 1))",25,4,29.0,25,,,pruned,,,5677
"(((2, 3), (3, 3), (4, 4), (5, 3), (6, 5)), (2, 1))","(((2, 3), (3, 3), (4, 4), (5, 3), (6, 4)), (2, 1))",24,3.0,27.0,24,8,1,expanded,False,True,5678
"(((1, 3), (2, 2), (3, 4), (5, 4), (6, 3)), (1, 4))","(((2, 2), (2, 3), (3, 4), (5, 4), (6, 3)), (2, 1))",25,4,29.0,25,,,pruned,,,5679
"(((2, 2), (2, 3), (3, 4), (5, 4), (6, 3)), (2, 1))","(((2, 2), (2, 3), (3, 4), (5, 3), (6, 3)), (2, 1))",24,3.0,27.0,24,5,1,expanded,False,True,5680
"(((1, 3), (2, 2), (3, 4), (5, 2), (6, 3)), (1, 4))","(((2, 2), (2, 3), (3, 4), (5, 2), (6, 3)), (2, 1))",25,4,29.0,25,,,pruned,,,5681
"(((2, 2), (2, 3), (3, 4), (5, 2), (6, 2)), (2, 1))","(((2, 2), (2, 3), (3, 4), (5, 2), (6, 3)), (2, 1))",25,4,29.0,25,,,pruned,,,5682
"(((2, 2), (2, 3), (3, 4), (6, 2), (6, 3)), (2, 1))","(((2, 2), (2, 3), (3, 4), (5, 2), (6, 3)), (2, 1))",25,3,28.0,25,,,pruned,,,5683
"(((2, 2), (2, 3), (3, 4), (5, 1), (6, 3)), (2, 1))","(((2, 2), (2, 3), (3, 4), (5, 2), (6, 3)), (2, 1))",25,4,29.0,25,,,pruned,,,5684
"(((2, 2), (2, 3), (3, 4), (5, 2), (6, 3)), (2, 1))","(((2, 2), (2, 3), (3, 4), (5, 3), (6, 3)), (2, 1))",24,3.0,27.0,24,6,4,expanded,False,True,5685
"(((1, 3), (2, 2), (3, 4), (5, 3), (6, 4)), (1, 4))","(((2, 2), (2, 3), (3, 4), (5, 3), (6, 4)), (2, 1))",25,4,29.0,25,,,pruned,,,5686
"(((2, 2), (2, 3), (3, 4), (5, 3), (6, 4)), (2, 1))","(((2, 2), (2, 3), (3, 4), (5, 3), (6, 3)), (2, 1))",24,3.0,27.0,24,8,1,expanded,False,True,5687
"(((1, 4), (2, 2), (3, 3), (5, 4), (6, 3)), (1, 3))","(((2, 2), (2, 4), (3, 3), (5, 4), (6, 3)), (2, 1))",25,4,29.0,25,,,pruned,,,5688
"(((2, 2), (2, 4), (3, 3), (5, 4), (6, 3)), (2, 1))","(((2, 2), (2, 4), (3, 3), (5, 3), (6, 3)), (2, 1))",24,3.0,27.0,24,6,1,expanded,False,True,5689
"(((1, 4), (2, 2), (3, 3), (5, 2), (6, 3)), (1, 3))","(((2, 2), (2, 4), (3, 3), (5, 2), (6, 3)), (2, 1))",25,4,29.0,25,,,pruned,,,5690
"(((2, 2), (2, 4), (3, 3), (5, 2), (6, 2)), (2, 1))","(((2, 2), (2, 4), (3, 3), (5, 2), (6, 3)), (2, 1))",25,4,29.0,25,,,pruned,,,5691
"(((2, 2), (2, 4), (3, 3), (6, 2), (6, 3)), (2, 1))","(((2, 2), (2, 4), (3, 3), (5, 2), (6, 3)), (2, 1))",25,3,28.0,25,,,pruned,,,5692
"(((2, 2), (2, 4), (3, 3), (5, 1), (6, 3)), (2, 1))","(((2, 2), (2, 4), (3, 3), (5, 2), (6, 3)), (2, 1))",25,4,29.0,25,,,pruned,,,5693
"(((2, 2), (2, 4), (3, 3), (5, 2), (6, 3)), (2, 1))","(((2, 2), (2, 4), (3, 3), (5, 3), (6, 3)), (2, 1))",24,3.0,27.0,24,7,4,expanded,False,True,5694
"(((1, 4), (2, 2), (3, 3), (5, 3), (6, 4)), (1, 3))","(((2, 2), (2, 4), (3, 3), (5, 3), (6, 4)), (2, 1))",25,4,29.0,25,,,pruned,,,5695
"(((2, 2), (2, 4), (3, 3), (5, 3), (6, 4)), (2, 1))","(((2, 2), (2, 4), (3, 3), (5, 3), (6, 3)), (2, 1))",24,3.0,27.0,24,9,1,expanded,False,True,5696
"(((2, 2), (3, 3), (4, 4), (5, 3), (6, 4)), (2, 1))","(((2, 2), (3, 3), (4, 4), (5, 3), (6, 3)), (2, 1))",24,3.0,27.0,24,6,0,expanded,False,True,5697
"(((2, 1), (3, 4), (4, 3), (5, 2), (6, 3)), (1, 3))","(((2, 2), (3, 4), (4, 3), (5, 2), (6, 3)), (1, 3))",25,4,29.0,25,,,pruned,,,5698
"(((2, 2), (3, 4), (4, 3), (5, 2), (6, 3)), (1, 3))","(((2, 2), (2, 4), (4, 3), (5, 2), (6, 3)), (1, 3))",24,3.0,27.0,24,3,1,expanded,False,True,5699
"(((2, 2), (3, 3), (3, 4), (4, 3), (6, 4)), (2, 1))","(((2, 2), (3, 3), (3, 4), (5, 3), (6, 4)), (2, 1))",24,3.0,27.0,24,6,0,expanded,False,True,5700
"(((1, 3), (2, 4), (5, 2), (5, 3), (6, 4)), (2, 1))","(((2, 3), (2, 4), (5, 2), (5, 3), (6, 4)), (2, 1))",25,4,29.0,25,,,pruned,,,5701
"(((1, 4), (2, 3), (5, 2), (5, 3), (6, 4)), (2, 1))","(((2, 3), (2, 4), (5, 2), (5, 3), (6, 4)), (2, 1))",25,4,29.0,25,,,pruned,,,5702
"(((2, 3), (2, 4), (5, 3), (6, 2), (6, 4)), (2, 1))","(((2, 3), (2, 4), (5, 2), (5, 3), (6, 4)), (2, 1))",25,3,28.0,25,,,pruned,,,5703
"(((2, 3), (2, 4), (5, 2), (5, 3), (6, 4)), (2, 1))","(((2, 3), (2, 4), (4, 3), (5, 2), (6, 4)), (3, 3))",24,3.0,27.0,24,5,3,expanded,False,True,5704
"(((1, 3), (2, 2), (5, 2), (5, 4), (6, 3)), (1, 4))","(((2, 2), (2, 3), (5, 2), (5, 4), (6, 3)), (1, 3))",25,4,29.0,25,,,pruned,,,5705
"(((2, 2), (2, 3), (5, 4), (6, 2), (6, 3)), (1, 3))","(((2, 2), (2, 3), (5, 2), (5, 4), (6, 3)), (1, 3))",25,3,28.0,25,,,pruned,,,5706
"(((2, 2), (2, 3), (5, 1), (5, 4), (6, 3)), (1, 3))","(((2, 2), (2, 3), (5, 2), (5, 4), (6, 3)), (1, 3))",25,4,29.0,25,,,pruned,,,5707
"(((2, 2), (2, 3), (5, 2), (5, 4), (6, 3)), (1, 3))","(((2, 2), (2, 3), (4, 4), (5, 2), (6, 3)), (1, 3))",24,3.0,27.0,24,7,3,expanded,False,True,5708
"(((2, 1), (3, 3), (4, 4), (5, 2), (6, 3)), (1, 3))","(((2, 2), (3, 3), (4, 4), (5, 2), (6, 3)), (1, 3))",25,4,29.0,25,,,pruned,,,5709
"(((2, 2), (3, 3), (4, 4), (5, 2), (6, 3)), (1, 3))","(((2, 2), (2, 3), (4, 4), (5, 2), (6, 3)), (1, 3))",24,3.0,27.0,24,3,1,expanded,False,True,5710
"(((2, 2), (2, 4), (3, 3), (3, 4), (6, 2)), (2, 1))","(((2, 2), (2, 4), (3, 3), (3, 4), (6, 3)), (2, 1))",25,4,29.0,25,,,pruned,,,5711
"(((2, 2), (2, 4), (3, 3), (3, 4), (6, 3)), (2, 1))","(((2, 2), (2, 4), (3, 3), (4, 4), (6, 3)), (2, 1))",24,3.0,27.0,24,4,1,expanded,False,True,5712
"(((1, 3), (2, 2), (2, 4), (4, 4), (6, 3)), (2, 1))","(((2, 2), (2, 3), (2, 4), (4, 4), (6, 3)), (2, 1))",25,4,29.0,25,,,pruned,,,5713
"(((1, 4), (2, 2), (2, 3), (4, 4), (6, 3)), (2, 1))","(((2, 2), (2, 3), (2, 4), (4, 4), (6, 3)), (2, 1))",25,4,29.0,25,,,pruned,,,5714
"(((2, 2), (2, 3), (2, 4), (4, 4), (6, 2)), (2, 1))","(((2, 2), (2, 3), (2, 4), (4, 4), (6, 3)), (2, 1))",25,4,29.0,25,,,pruned,,,5715
"(((2, 2), (2, 3), (2, 4), (4, 4), (6, 3)), (2, 1))","(((2, 2), (2, 4), (3, 3), (4, 4), (6, 3)), (2, 1))",24,3.0,27.0,24,6,3,expanded,False,True,5716
"(((2, 2), (4, 2), (5, 3), (5, 4), (6, 2)), (5, 5))","(((2, 2), (4, 2), (5, 3), (5, 4), (6, 3)), (5, 5))",25,4,29.0,25,,,pruned,,,5717
"(((2, 2), (4, 2), (5, 3), (5, 4), (6, 3)), (5, 5))","(((2, 2), (4, 2), (5, 3), (5, 5), (6, 3)), (1, 3))",24,3.0,27.0,24,2,1,expanded,False,True,5718
"(((2, 2), (3, 4), (4, 3), (5, 4), (6, 3)), (2, 1))","(((2, 2), (3, 4), (4, 2), (5, 4), (6, 3)), (1, 3))",24,3.0,27.0,24,5,0,expanded,False,True,5719
"(((3, 3), (4, 2), (4, 3), (5, 2), (6, 2)), (1, 3))","(((3, 3), (4, 2), (4, 3), (5, 2), (6, 3)), (1, 3))",26,3,29.0,26,,,pruned,,,5720
"(((3, 3), (4, 2), (4, 3), (5, 1), (6, 3)), (1, 3))","(((3, 3), (4, 2), (4, 3), (5, 2), (6, 3)), (1, 3))",26,3,29.0,26,,,pruned,,,5721
"(((3, 3), (4, 2), (4, 3), (5, 2), (6, 3)), (1, 3))","(((3, 3), (4, 2), (4, 3), (5, 3), (6, 3)), (1, 3))",25,2.0,27.0,25,3,2,expanded,False,True,5722
"(((3, 3), (4, 2), (4, 3), (5, 3), (6, 4)), (1, 3))","(((3, 3), (4, 2), (4, 3), (5, 3), (6, 3)), (1, 3))",25,2.0,27.0,25,4,0,expanded,False,True,5723
"(((2, 1), (4, 3), (5, 3), (5, 4), (6, 3)), (1, 3))","(((2, 2), (4, 3), (5, 3), (5, 4), (6, 3)), (1, 3))",26,3,29.0,26,,,pruned,,,5724
"(((2, 2), (4, 3), (5, 3), (5, 4), (6, 3)), (1, 3))","(((2, 2), (4, 3), (4, 4), (5, 3), (6, 3)), (1, 3))",25,2.0,27.0,25,3,1,expanded,False,True,5725
"(((1, 3), (2, 2), (5, 3), (5, 4), (6, 3)), (1, 4))","(((2, 2), (2, 3), (5, 3), (5, 4), (6, 3)), (1, 3))",26,3,29.0,26,,,pruned,,,5726
"(((2, 2), (2, 3), (5, 3), (5, 4), (6, 3)), (1, 3))","(((2, 2), (2, 3), (4, 4), (5, 3), (6, 3)), (1, 3))",25,2.0,27.0,25,4,1,expanded,False,True,5727
"(((2, 1), (3, 3), (4, 4), (5, 3), (6, 3)), (1, 3))","(((2, 2), (3, 3), (4, 4), (5, 3), (6, 3)), (1, 3))",26,3,29.0,26,,,pruned,,,5728
"(((2, 2), (3, 3), (4, 4), (5, 3), (6, 3)), (1, 3))","(((2, 2), (2, 3), (4, 4), (5, 3), (6, 3)), (1, 3))",25,2.0,27.0,25,3,1,expanded,False,True,5729
"(((4, 3), (4, 4), (5, 2), (5, 3), (6, 2)), (5, 4))","(((4, 3), (4, 4), (5, 2), (5, 3), (6, 3)), (5, 4))",26,3,29.0,26,,,pruned,,,5730
"(((4, 3), (4, 4), (5, 2), (5, 3), (6, 3)), (5, 4))","(((4, 3), (5, 2), (5, 3), (5, 4), (6, 3)), (5, 5))",25,2.0,27.0,25,2,1,expanded,False,True,5731
"(((2, 3), (3, 3), (4, 4), (5, 3), (6, 4)), (5, 4))","(((2, 3), (3, 3), (4, 4), (5, 3), (6, 5)), (2, 1))",25,2.0,27.0,25,3,0,expanded,False,True,5732
"(((2, 2), (3, 3), (3, 4), (4, 3), (6, 2)), (2, 1))","(((2, 2), (3, 3), (3, 4), (4, 3), (6, 3)), (2, 1))",26,3,29.0,26,,,pruned,,,5733
"(((2, 2), (3, 3), (3, 4), (4, 3), (6, 3)), (2, 1))","(((2, 2), (3, 3), (3, 4), (4, 3), (6, 4)), (2, 1))",25,2.0,27.0,25,6,1,expanded,False,True,5734
"(((2, 2), (4, 2), (5, 6), (6, 3), (6, 5)), (1, 3))","(((2, 2), (4, 2), (5, 5), (6, 3), (6, 5)), (1, 3))",23,7,30.0,23,,,pruned,,,5735
"(((2, 2), (4, 2), (5, 5), (6, 3), (6, 6)), (1, 3))","(((2, 2), (4, 2), (5, 5), (6, 3), (6, 5)), (1, 3))",23,7,30.0,23,,,pruned,,,5736
"(((2, 1), (4, 2), (5, 5), (6, 3), (6, 5)), (1, 3))","(((2, 2), (4, 2), (5, 5), (6, 3), (6, 5)), (1, 3))",23,7,30.0,23,,,pruned,,,5737
"(((2, 2), (4, 2), (5, 5), (6, 2), (6, 5)), (1, 3))","(((2, 2), (4, 2), (5, 5), (6, 3), (6, 5)), (1, 3))",23,7,30.0,23,,,pruned,,,5738
"(((2, 2), (4, 1), (5, 5), (6, 3), (6, 5)), (1, 3))","(((2, 2), (4, 2), (5, 5), (6, 3), (6, 5)), (1, 3))",23,7,30.0,23,,,pruned,,,5739
"(((2, 2), (4, 2), (5, 5), (6, 3), (6, 5)), (1, 3))","(((2, 2), (4, 2), (5, 4), (6, 3), (6, 5)), (1, 3))",22,6.0,28.0,22,8,5,expanded,False,True,5740
"(((2, 2), (3, 4), (4, 2), (4, 4), (6, 6)), (1, 3))","(((2, 2), (3, 4), (4, 2), (4, 4), (6, 5)), (1, 3))",23,7,30.0,23,,,pruned,,,5741
"(((2, 1), (3, 4), (4, 2), (4, 4), (6, 5)), (1, 3))","(((2, 2), (3, 4), (4, 2), (4, 4), (6, 5)), (1, 3))",23,7,30.0,23,,,pruned,,,5742
"(((2, 2), (3, 4), (4, 1), (4, 4), (6, 5)), (1, 3))","(((2, 2), (3, 4), (4, 2), (4, 4), (6, 5)), (1, 3))",23,7,30.0,23,,,pruned,,,5743
"(((2, 2), (3, 4), (4, 2), (4, 4), (6, 5)), (1, 3))","(((2, 2), (3, 4), (4, 2), (4, 4), (6, 4)), (1, 3))",22,6.0,28.0,22,6,3,expanded,False,True,5744
"(((1, 4), (2, 2), (5, 4), (6, 4), (6, 5)), (1, 3))","(((2, 2), (2, 4), (5, 4), (6, 4), (6, 5)), (1, 3))",23,7,30.0,23,,,pruned,,,5745
"(((2, 1), (2, 4), (5, 4), (6, 4), (6, 5)), (1, 3))","(((2, 2), (2, 4), (5, 4), (6, 4), (6, 5)), (1, 3))",23,7,30.0,23,,,pruned,,,5746
"(((2, 2), (2, 4), (5, 4), (6, 4), (6, 5)), (1, 3))","(((2, 2), (2, 4), (5, 3), (6, 4), (6, 5)), (1, 3))",22,6.0,28.0,22,5,2,expanded,False,True,5747
"(((2, 2), (4, 2), (4, 3), (5, 6), (6, 5)), (1, 3))","(((2, 2), (4, 2), (4, 3), (5, 5), (6, 5)), (1, 3))",23,7,30.0,23,,,pruned,,,5748
"(((2, 1), (4, 2), (4, 3), (5, 5), (6, 5)), (1, 3))","(((2, 2), (4, 2), (4, 3), (5, 5), (6, 5)), (1, 3))",23,7,30.0,23,,,pruned,,,5749
"(((2, 2), (4, 2), (4, 3), (5, 5), (6, 6)), (1, 3))","(((2, 2), (4, 2), (4, 3), (5, 5), (6, 5)), (1, 3))",23,7,30.0,23,,,pruned,,,5750
"(((2, 2), (4, 2), (4, 3), (5, 5), (6, 5)), (1, 3))","(((2, 3), (4, 2), (4, 3), (5, 5), (6, 5)), (1, 3))",22,6.0,28.0,22,6,3,expanded,False,True,5751
"(((2, 1), (2, 4), (3, 4), (6, 4), (6, 5)), (1, 3))","(((2, 2), (2, 4), (3, 4), (6, 4), (6, 5)), (1, 3))",23,7,30.0,23,,,pruned,,,5752
"(((2, 2), (2, 4), (3, 4), (6, 4), (6, 5)), (1, 3))","(((2, 2), (2, 4), (4, 4), (6, 4), (6, 5)), (1, 3))",22,6.0,28.0,22,2,1,expanded,False,True,5753
"(((2, 2), (3, 4), (4, 3), (4, 4), (6, 6)), (2, 1))","(((2, 2), (3, 4), (4, 3), (4, 4), (6, 5)), (2, 1))",24,6,30.0,24,,,pruned,,,5754
"(((2, 2), (3, 4), (4, 3), (4, 4), (6, 5)), (2, 1))","(((2, 2), (3, 4), (4, 3), (4, 4), (6, 4)), (2, 1))",23,5.0,28.0,23,4,1,expanded,False,True,5755
"(((2, 2), (4, 3), (5, 6), (6, 3), (6, 5)), (1, 3))","(((2, 2), (4, 3), (5, 5), (6, 3), (6, 5)), (1, 3))",24,6,30.0,24,,,pruned,,,5756
"(((2, 1), (4, 3), (5, 5), (6, 3), (6, 5)), (1, 3))","(((2, 2), (4, 3), (5, 5), (6, 3), (6, 5)), (1, 3))",24,6,30.0,24,,,pruned,,,5757
"(((2, 2), (4, 3), (5, 5), (6, 3), (6, 6)), (1, 3))","(((2, 2), (4, 3), (5, 5), (6, 3), (6, 5)), (1, 3))",24,6,30.0,24,,,pruned,,,5758
"(((2, 2), (4, 3), (5, 5), (6, 2), (6, 5)), (1, 3))","(((2, 2), (4, 3), (5, 5), (6, 3), (6, 5)), (1, 3))",24,6,30.0,24,,,pruned,,,5759
"(((2, 2), (4, 3), (5, 5), (6, 3), (6, 5)), (1, 3))","(((2, 3), (4, 3), (5, 5), (6, 3), (6, 5)), (1, 3))",23,5.0,28.0,23,10,4,expanded,False,True,5760
"(((1, 4), (2, 2), (4, 4), (5, 4), (6, 4)), (1, 3))","(((2, 2), (2, 4), (4, 4), (5, 4), (6, 4)), (1, 3))",24,6,30.0,24,,,pruned,,,5761
"(((2, 1), (2, 4), (4, 4), (5, 4), (6, 4)), (1, 3))","(((2, 2), (2, 4), (4, 4), (5, 4), (6, 4)), (1, 3))",24,6,30.0,24,,,pruned,,,5762
"(((2, 2), (2, 4), (4, 4), (5, 4), (6, 4)), (1, 3))","(((2, 2), (2, 4), (4, 4), (5, 4), (6, 3)), (1, 3))",23,5.0,28.0,23,6,2,expanded,False,True,5763
"(((1, 4), (2, 2), (4, 4), (5, 3), (6, 5)), (1, 3))","(((2, 2), (2, 4), (4, 4), (5, 3), (6, 5)), (1, 3))",24,6,30.0,24,,,pruned,,,5764
"(((2, 2), (2, 4), (4, 4), (5, 3), (6, 6)), (1, 3))","(((2, 2), (2, 4), (4, 4), (5, 3), (6, 5)), (1, 3))",24,6,30.0,24,,,pruned,,,5765
"(((2, 1), (2, 4), (4, 4), (5, 3), (6, 5)), (1, 3))","(((2, 2), (2, 4), (4, 4), (5, 3), (6, 5)), (1, 3))",24,6,30.0,24,,,pruned,,,5766
"(((2, 2), (2, 4), (4, 4), (5, 3), (6, 5)), (1, 3))","(((2, 2), (2, 4), (4, 4), (5, 3), (6, 4)), (1, 3))",23,5.0,28.0,23,12,3,expanded,False,True,5767
"(((1, 4), (2, 2), (4, 2), (5, 4), (6, 4)), (1, 3))","(((2, 2), (2, 4), (4, 2), (5, 4), (6, 4)), (1, 3))",24,6,30.0,24,,,pruned,,,5768
"(((2, 1), (2, 4), (4, 2), (5, 4), (6, 4)), (1, 3))","(((2, 2), (2, 4), (4, 2), (5, 4), (6, 4)), (1, 3))",24,6,30.0,24,,,pruned,,,5769
"(((2, 2), (2, 4), (4, 1), (5, 4), (6, 4)), (1, 3))","(((2, 2), (2, 4), (4, 2), (5, 4), (6, 4)), (1, 3))",24,6,30.0,24,,,pruned,,,5770
"(((2, 2), (2, 4), (4, 2), (5, 4), (6, 4)), (1, 3))","(((2, 2), (2, 4), (4, 2), (5, 4), (6, 3)), (1, 3))",23,5.0,28.0,23,8,3,expanded,False,True,5771
"(((2, 1), (2, 4), (3, 4), (4, 2), (6, 4)), (1, 3))","(((2, 2), (2, 4), (3, 4), (4, 2), (6, 4)), (1, 3))",24,6,30.0,24,,,pruned,,,5772
"(((2, 2), (2, 4), (3, 4), (4, 1), (6, 4)), (1, 3))","(((2, 2), (2, 4), (3, 4), (4, 2), (6, 4)), (1, 3))",24,6,30.0,24,,,pruned,,,5773
"(((2, 2), (2, 4), (3, 4), (4, 2), (6, 4)), (1, 3))","(((2, 2), (2, 4), (3, 4), (4, 2), (6, 3)), (1, 3))",23,5.0,28.0,23,6,2,expanded,False,True,5774
"(((1, 4), (2, 2), (5, 4), (6, 3), (6, 5)), (1, 3))","(((2, 2), (2, 4), (5, 4), (6, 3), (6, 5)), (1, 3))",24,6,30.0,24,,,pruned,,,5775
"(((2, 1), (2, 4), (5, 4), (6, 3), (6, 5)), (1, 3))","(((2, 2), (2, 4), (5, 4), (6, 3), (6, 5)), (1, 3))",24,6,30.0,24,,,pruned,,,5776
"(((2, 2), (2, 4), (5, 4), (6, 3), (6, 5)), (1, 3))","(((2, 2), (2, 4), (5, 3), (6, 3), (6, 5)), (1, 3))",23,5.0,28.0,23,7,2,expanded,False,True,5777
"(((2, 2), (3, 4), (4, 4), (6, 3), (6, 6)), (1, 3))","(((2, 2), (3, 4), (4, 4), (6, 3), (6, 5)), (1, 3))",24,6,30.0,24,,,pruned,,,5778
"(((2, 1), (3, 4), (4, 4), (6, 3), (6, 5)), (1, 3))","(((2, 2), (3, 4), (4, 4), (6, 3), (6, 5)), (1, 3))",24,6,30.0,24,,,pruned,,,5779
"(((2, 2), (3, 4), (4, 4), (6, 2), (6, 5)), (1, 3))","(((2, 2), (3, 4), (4, 4), (6, 3), (6, 5)), (1, 3))",24,6,30.0,24,,,pruned,,,5780
"(((2, 2), (3, 4), (4, 4), (6, 3), (6, 5)), (1, 3))","(((2, 2), (3, 4), (4, 4), (5, 3), (6, 5)), (1, 3))",23,5.0,28.0,23,6,3,expanded,False,True,5781
"(((2, 2), (3, 4), (4, 2), (6, 3), (6, 6)), (1, 3))","(((2, 2), (3, 4), (4, 2), (6, 3), (6, 5)), (1, 3))",24,6,30.0,24,,,pruned,,,5782
"(((2, 1), (3, 4), (4, 2), (6, 3), (6, 5)), (1, 3))","(((2, 2), (3, 4), (4, 2), (6, 3), (6, 5)), (1, 3))",24,6,30.0,24,,,pruned,,,5783
"(((2, 2), (3, 4), (4, 2), (6, 2), (6, 5)), (1, 3))","(((2, 2), (3, 4), (4, 2), (6, 3), (6, 5)), (1, 3))",24,6,30.0,24,,,pruned,,,5784
"(((2, 2), (3, 4), (4, 1), (6, 3), (6, 5)), (1, 3))","(((2, 2), (3, 4), (4, 2), (6, 3), (6, 5)), (1, 3))",24,6,30.0,24,,,pruned,,,5785
"(((2, 2), (3, 4), (4, 2), (6, 3), (6, 5)), (1, 3))","(((2, 2), (4, 2), (4, 4), (6, 3), (6, 5)), (1, 3))",23,5.0,28.0,23,10,4,expanded,False,True,5786
"(((1, 3), (5, 2), (5, 3), (5, 5), (6, 5)), (1, 4))","(((2, 3), (5, 2), (5, 3), (5, 5), (6, 5)), (1, 3))",24,6,30.0,24,,,pruned,,,5787
"(((2, 3), (5, 2), (5, 3), (5, 6), (6, 5)), (1, 3))","(((2, 3), (5, 2), (5, 3), (5, 5), (6, 5)), (1, 3))",24,6,30.0,24,,,pruned,,,5788
"(((2, 3), (5, 2), (5, 3), (5, 5), (6, 6)), (1, 3))","(((2, 3), (5, 2), (5, 3), (5, 5), (6, 5)), (1, 3))",24,6,30.0,24,,,pruned,,,5789
"(((2, 3), (5, 3), (5, 5), (6, 2), (6, 5)), (1, 3))","(((2, 3), (5, 2), (5, 3), (5, 5), (6, 5)), (1, 3))",24,5,29.0,24,,,pruned,,,5790
"(((2, 3), (5, 2), (5, 3), (5, 5), (6, 5)), (1, 3))","(((2, 3), (4, 3), (5, 2), (5, 5), (6, 5)), (1, 3))",23,5.0,28.0,23,10,4,expanded,False,True,5791
"(((2, 3), (3, 3), (5, 2), (5, 6), (6, 5)), (1, 3))","(((2, 3), (3, 3), (5, 2), (5, 5), (6, 5)), (1, 3))",24,6,30.0,24,,,pruned,,,5792
"(((2, 3), (3, 3), (5, 2), (5, 5), (6, 6)), (1, 3))","(((2, 3), (3, 3), (5, 2), (5, 5), (6, 5)), (1, 3))",24,6,30.0,24,,,pruned,,,5793
"(((2, 3), (3, 3), (5, 5), (6, 2), (6, 5)), (1, 3))","(((2, 3), (3, 3), (5, 2), (5, 5), (6, 5)), (1, 3))",24,5,29.0,24,,,pruned,,,5794
"(((2, 3), (3, 3), (5, 1), (5, 5), (6, 5)), (1, 3))","(((2, 3), (3, 3), (5, 2), (5, 5), (6, 5)), (1, 3))",24,6,30.0,24,,,pruned,,,5795
"(((2, 3), (3, 3), (5, 2), (5, 5), (6, 5)), (1, 3))","(((2, 3), (4, 3), (5, 2), (5, 5), (6, 5)), (1, 3))",23,5.0,28.0,23,8,4,expanded,False,True,5796
"(((2, 2), (3, 3), (3, 4), (5, 4), (6, 4)), (2, 1))","(((2, 2), (3, 3), (3, 4), (5, 4), (6, 3)), (2, 1))",24,4.0,28.0,24,5,0,expanded,False,True,5797
"(((2, 2), (3, 3), (3, 4), (6, 2), (6, 4)), (2, 1))","(((2, 2), (3, 3), (3, 4), (5, 2), (6, 4)), (2, 1))",25,4,29.0,25,,,pruned,,,5798
"(((2, 2), (3, 3), (3, 4), (5, 1), (6, 4)), (2, 1))","(((2, 2), (3, 3), (3, 4), (5, 2), (6, 4)), (2, 1))",25,5,30.0,25,,,pruned,,,5799
"(((2, 2), (3, 3), (3, 4), (5, 2), (6, 4)), (2, 1))","(((2, 2), (3, 3), (3, 4), (5, 3), (6, 4)), (2, 1))",24,4.0,28.0,24,9,2,expanded,False,True,5800
"(((2, 2), (3, 3), (3, 4), (5, 3), (6, 6)), (2, 1))","(((2, 2), (3, 3), (3, 4), (5, 3), (6, 5)), (2, 1))",25,5,30.0,25,,,pruned,,,5801
"(((2, 2), (3, 3), (3, 4), (5, 3), (6, 5)), (2, 1))","(((2, 2), (3, 3), (3, 4), (5, 3), (6, 4)), (2, 1))",24,4.0,28.0,24,9,1,expanded,False,True,5802
"(((1, 3), (2, 2), (3, 4), (4, 4), (6, 4)), (1, 4))","(((2, 2), (2, 3), (3, 4), (4, 4), (6, 4)), (2, 1))",25,5,30.0,25,,,pruned,,,5803
"(((2, 2), (2, 3), (3, 4), (4, 4), (6, 4)), (2, 1))","(((2, 2), (2, 3), (3, 4), (4, 4), (6, 3)), (2, 1))",24,4.0,28.0,24,3,1,expanded,False,True,5804
"(((2, 2), (2, 4), (3, 3), (4, 4), (6, 4)), (2, 1))","(((2, 2), (2, 4), (3, 3), (4, 4), (6, 3)), (2, 1))",24,4.0,28.0,24,5,0,expanded,False,True,5805
"(((2, 1), (2, 4), (3, 4), (4, 4), (6, 3)), (1, 3))","(((2, 2), (2, 4), (3, 4), (4, 4), (6, 3)), (1, 3))",25,5,30.0,25,,,pruned,,,5806
"(((2, 2), (2, 4), (3, 4), (4, 4), (6, 2)), (1, 3))","(((2, 2), (2, 4), (3, 4), (4, 4), (6, 3)), (1, 3))",25,5,30.0,25,,,pruned,,,5807
"(((2, 2), (2, 4), (3, 4), (4, 4), (6, 3)), (1, 3))","(((2, 2), (2, 4), (3, 4), (4, 3), (6, 3)), (2, 1))",24,4.0,28.0,24,4,2,expanded,False,True,5808
"(((2, 2), (2, 4), (3, 4), (4, 3), (6, 4)), (2, 1))","(((2, 2), (2, 4), (3, 4), (4, 3), (6, 3)), (2, 1))",24,4.0,28.0,24,6,0,expanded,False,True,5809
"(((2, 1), (3, 4), (5, 3), (5, 4), (6, 4)), (1, 3))","(((2, 2), (3, 4), (5, 3), (5, 4), (6, 4)), (1, 3))",25,5,30.0,25,,,pruned,,,5810
"(((2, 2), (3, 4), (5, 3), (5, 4), (6, 4)), (1, 3))","(((2, 2), (3, 4), (5, 3), (5, 4), (6, 3)), (1, 3))",24,4.0,28.0,24,7,1,expanded,False,True,5811
"(((2, 2), (2, 4), (4, 3), (5, 4), (6, 4)), (2, 1))","(((2, 2), (2, 4), (4, 3), (5, 4), (6, 3)), (2, 1))",24,4.0,28.0,24,5,0,expanded,False,True,5812
"(((2, 1), (4, 3), (5, 4), (6, 3), (6, 5)), (1, 3))","(((2, 2), (4, 3), (5, 4), (6, 3), (6, 5)), (1, 3))",25,5,30.0,25,,,pruned,,,5813
"(((2, 2), (4, 3), (5, 4), (6, 3), (6, 5)), (1, 3))","(((2, 2), (3, 3), (5, 4), (6, 3), (6, 5)), (1, 3))",24,4.0,28.0,24,4,1,expanded,False,True,5814
"(((1, 3), (2, 2), (5, 4), (6, 3), (6, 5)), (1, 4))","(((2, 2), (2, 3), (5, 4), (6, 3), (6, 5)), (1, 3))",25,5,30.0,25,,,pruned,,,5815
"(((2, 2), (2, 3), (5, 4), (6, 3), (6, 5)), (1, 3))","(((2, 2), (3, 3), (5, 4), (6, 3), (6, 5)), (1, 3))",24,4.0,28.0,24,5,1,expanded,False,True,5816
"(((2, 2), (3, 4), (4, 3), (6, 3), (6, 6)), (2, 1))","(((2, 2), (3, 4), (4, 3), (6, 3), (6, 5)), (2, 1))",25,5,30.0,25,,,pruned,,,5817
"(((2, 2), (3, 4), (4, 3), (6, 2), (6, 5)), (2, 1))","(((2, 2), (3, 4), (4, 3), (6, 3), (6, 5)), (2, 1))",25,5,30.0,25,,,pruned,,,5818
"(((2, 2), (3, 4), (4, 3), (6, 3), (6, 5)), (2, 1))","(((2, 2), (4, 3), (4, 4), (6, 3), (6, 5)), (2, 1))",24,4.0,28.0,24,9,2,expanded,False,True,5819
"(((2, 2), (3, 3), (4, 4), (6, 3), (6, 6)), (2, 1))","(((2, 2), (3, 3), (4, 4), (6, 3), (6, 5)), (2, 1))",25,5,30.0,25,,,pruned,,,5820
"(((2, 2), (3, 3), (4, 4), (6, 2), (6, 5)), (2, 1))","(((2, 2), (3, 3), (4, 4), (6, 3), (6, 5)), (2, 1))",25,5,30.0,25,,,pruned,,,5821
"(((2, 2), (3, 3), (4, 4), (6, 3), (6, 5)), (2, 1))","(((2, 2), (4, 3), (4, 4), (6, 3), (6, 5)), (2, 1))",24,4.0,28.0,24,7,2,expanded,False,True,5822
"(((2, 2), (2, 4), (4, 4), (5, 3), (6, 4)), (5, 4))","(((2, 2), (2, 4), (4, 4), (5, 3), (6, 5)), (1, 3))",24,4.0,28.0,24,3,0,expanded,False,True,5823
"(((2, 3), (3, 3), (5, 3), (5, 6), (6, 5)), (1, 3))","(((2, 3), (3, 3), (5, 3), (5, 5), (6, 5)), (1, 3))",25,5,30.0,25,,,pruned,,,5824
"(((2, 3), (3, 3), (5, 3), (5, 5), (6, 6)), (1, 3))","(((2, 3), (3, 3), (5, 3), (5, 5), (6, 5)), (1, 3))",25,5,30.0,25,,,pruned,,,5825
"(((2, 3), (3, 3), (5, 3), (5, 5), (6, 5)), (1, 3))","(((2, 3), (3, 3), (5, 2), (5, 5), (6, 5)), (1, 3))",24,4.0,28.0,24,8,2,expanded,False,True,5826
"(((2, 3), (3, 3), (4, 3), (4, 4), (6, 6)), (2, 1))","(((2, 3), (3, 3), (4, 3), (4, 4), (6, 5)), (2, 1))",26,4,30.0,26,,,pruned,,,5827
"(((2, 3), (3, 3), (4, 3), (4, 4), (6, 5)), (2, 1))","(((2, 3), (3, 3), (4, 3), (4, 4), (6, 4)), (2, 1))",25,3.0,28.0,25,4,1,expanded,False,True,5828
"(((1, 3), (2, 2), (2, 4), (5, 4), (6, 3)), (2, 1))","(((2, 2), (2, 3), (2, 4), (5, 4), (6, 3)), (2, 1))",26,4,30.0,26,,,pruned,,,5829
"(((1, 4), (2, 2), (2, 3), (5, 4), (6, 3)), (2, 1))","(((2, 2), (2, 3), (2, 4), (5, 4), (6, 3)), (2, 1))",26,4,30.0,26,,,pruned,,,5830
"(((2, 2), (2, 3), (2, 4), (5, 4), (6, 3)), (2, 1))","(((2, 2), (2, 3), (2, 4), (5, 3), (6, 3)), (2, 1))",25,3.0,28.0,25,5,2,expanded,False,True,5831
"(((1, 3), (2, 2), (2, 4), (5, 2), (6, 3)), (2, 1))","(((2, 2), (2, 3), (2, 4), (5, 2), (6, 3)), (2, 1))",26,4,30.0,26,,,pruned,,,5832
"(((1, 4), (2, 2), (2, 3), (5, 2), (6, 3)), (2, 1))","(((2, 2), (2, 3), (2, 4), (5, 2), (6, 3)), (2, 1))",26,4,30.0,26,,,pruned,,,5833
"(((2, 2), (2, 3), (2, 4), (5, 2), (6, 2)), (2, 1))","(((2, 2), (2, 3), (2, 4), (5, 2), (6, 3)), (2, 1))",26,4,30.0,26,,,pruned,,,5834
"(((2, 2), (2, 3), (2, 4), (6, 2), (6, 3)), (2, 1))","(((2, 2), (2, 3), (2, 4), (5, 2), (6, 3)), (2, 1))",26,3,29.0,26,,,pruned,,,5835
"(((2, 2), (2, 3), (2, 4), (5, 1), (6, 3)), (2, 1))","(((2, 2), (2, 3), (2, 4), (5, 2), (6, 3)), (2, 1))",26,4,30.0,26,,,pruned,,,5836
"(((2, 2), (2, 3), (2, 4), (5, 2), (6, 3)), (2, 1))","(((2, 2), (2, 3), (2, 4), (5, 3), (6, 3)), (2, 1))",25,3.0,28.0,25,6,5,expanded,False,True,5837
"(((1, 3), (2, 2), (2, 4), (5, 3), (6, 4)), (2, 1))","(((2, 2), (2, 3), (2, 4), (5, 3), (6, 4)), (2, 1))",26,4,30.0,26,,,pruned,,,5838
"(((1, 4), (2, 2), (2, 3), (5, 3), (6, 4)), (2, 1))","(((2, 2), (2, 3), (2, 4), (5, 3), (6, 4)), (2, 1))",26,4,30.0,26,,,pruned,,,5839
"(((2, 2), (2, 3), (2, 4), (5, 3), (6, 4)), (2, 1))","(((2, 2), (2, 3), (2, 4), (5, 3), (6, 3)), (2, 1))",25,3.0,28.0,25,8,2,expanded,False,True,5840
"(((1, 3), (2, 2), (4, 4), (5, 3), (6, 4)), (1, 4))","(((2, 2), (2, 3), (4, 4), (5, 3), (6, 4)), (1, 3))",26,4,30.0,26,,,pruned,,,5841
"(((2, 2), (2, 3), (4, 4), (5, 3), (6, 4)), (1, 3))","(((2, 2), (2, 3), (4, 4), (5, 3), (6, 3)), (1, 3))",25,3.0,28.0,25,7,1,expanded,False,True,5842
"(((1, 3), (3, 4), (5, 3), (5, 4), (6, 4)), (1, 4))","(((2, 3), (3, 4), (5, 3), (5, 4), (6, 4)), (2, 1))",26,4,30.0,26,,,pruned,,,5843
"(((2, 3), (3, 4), (5, 3), (5, 4), (6, 4)), (2, 1))","(((2, 3), (3, 4), (5, 3), (5, 4), (6, 3)), (2, 1))",25,3.0,28.0,25,6,1,expanded,False,True,5844
"(((2, 2), (2, 3), (3, 4), (4, 3), (6, 4)), (2, 1))","(((2, 2), (2, 3), (3, 4), (5, 3), (6, 4)), (2, 1))",25,3.0,28.0,25,6,0,expanded,False,True,5845
"(((1, 4), (2, 2), (3, 3), (4, 3), (6, 4)), (1, 3))","(((2, 2), (2, 4), (3, 3), (4, 3), (6, 4)), (2, 1))",26,4,30.0,26,,,pruned,,,5846
"(((2, 2), (2, 4), (3, 3), (4, 3), (6, 4)), (2, 1))","(((2, 2), (2, 4), (3, 3), (5, 3), (6, 4)), (2, 1))",25,3.0,28.0,25,6,1,expanded,False,True,5847
"(((2, 2), (3, 3), (4, 3), (4, 4), (6, 4)), (2, 1))","(((2, 2), (3, 3), (4, 4), (5, 3), (6, 4)), (2, 1))",25,3.0,28.0,25,4,0,expanded,False,True,5848
"(((2, 1), (4, 3), (4, 4), (5, 2), (6, 3)), (1, 3))","(((2, 2), (4, 3), (4, 4), (5, 2), (6, 3)), (1, 3))",26,4,30.0,26,,,pruned,,,5849
"(((2, 2), (4, 3), (4, 4), (5, 2), (6, 3)), (1, 3))","(((2, 2), (3, 4), (4, 3), (5, 2), (6, 3)), (1, 3))",25,3.0,28.0,25,3,1,expanded,False,True,5850
"(((2, 1), (3, 3), (5, 2), (5, 4), (6, 3)), (1, 3))","(((2, 2), (3, 3), (5, 2), (5, 4), (6, 3)), (1, 3))",26,4,30.0,26,,,pruned,,,5851
"(((2, 2), (3, 3), (5, 4), (6, 2), (6, 3)), (1, 3))","(((2, 2), (3, 3), (5, 2), (5, 4), (6, 3)), (1, 3))",26,3,29.0,26,,,pruned,,,5852
"(((2, 2), (3, 3), (5, 1), (5, 4), (6, 3)), (1, 3))","(((2, 2), (3, 3), (5, 2), (5, 4), (6, 3)), (1, 3))",26,4,30.0,26,,,pruned,,,5853
"(((2, 2), (3, 3), (5, 2), (5, 4), (6, 3)), (1, 3))","(((2, 2), (2, 3), (5, 2), (5, 4), (6, 3)), (1, 3))",25,3.0,28.0,25,9,3,expanded,False,True,5854
"(((1, 3), (2, 2), (5, 2), (6, 3), (6, 4)), (1, 4))","(((2, 2), (2, 3), (5, 2), (6, 3), (6, 4)), (1, 3))",26,4,30.0,26,,,pruned,,,5855
"(((2, 2), (2, 3), (6, 2), (6, 3), (6, 4)), (1, 3))","(((2, 2), (2, 3), (5, 2), (6, 3), (6, 4)), (1, 3))",26,3,29.0,26,,,pruned,,,5856
"(((2, 2), (2, 3), (5, 1), (6, 3), (6, 4)), (1, 3))","(((2, 2), (2, 3), (5, 2), (6, 3), (6, 4)), (1, 3))",26,4,30.0,26,,,pruned,,,5857
"(((2, 2), (2, 3), (5, 2), (6, 3), (6, 4)), (1, 3))","(((2, 2), (2, 3), (5, 2), (5, 4), (6, 3)), (1, 3))",25,3.0,28.0,25,5,3,expanded,False,True,5858
"(((1, 3), (2, 2), (2, 4), (3, 4), (6, 3)), (2, 1))","(((2, 2), (2, 3), (2, 4), (3, 4), (6, 3)), (2, 1))",26,4,30.0,26,,,pruned,,,5859
"(((2, 2), (2, 3), (2, 4), (3, 4), (6, 2)), (2, 1))","(((2, 2), (2, 3), (2, 4), (3, 4), (6, 3)), (2, 1))",26,4,30.0,26,,,pruned,,,5860
"(((2, 2), (2, 3), (2, 4), (3, 4), (6, 3)), (2, 1))","(((2, 2), (2, 4), (3, 3), (3, 4), (6, 3)), (2, 1))",25,3.0,28.0,25,3,2,expanded,False,True,5861
"(((2, 1), (4, 3), (5, 3), (6, 3), (6, 4)), (1, 3))","(((2, 2), (4, 3), (5, 3), (6, 3), (6, 4)), (1, 3))",27,3,30.0,27,,,pruned,,,5862
"(((2, 2), (4, 3), (5, 3), (6, 3), (6, 4)), (1, 3))","(((2, 2), (4, 3), (5, 3), (5, 4), (6, 3)), (1, 3))",26,2.0,28.0,26,3,1,expanded,False,True,5863
"(((2, 1), (3, 3), (5, 3), (5, 4), (6, 3)), (1, 3))","(((2, 2), (3, 3), (5, 3), (5, 4), (6, 3)), (1, 3))",27,3,30.0,27,,,pruned,,,5864
"(((2, 2), (3, 3), (5, 3), (5, 4), (6, 3)), (1, 3))","(((2, 2), (2, 3), (5, 3), (5, 4), (6, 3)), (1, 3))",26,2.0,28.0,26,6,1,expanded,False,True,5865
"(((1, 3), (2, 2), (5, 3), (6, 3), (6, 4)), (1, 4))","(((2, 2), (2, 3), (5, 3), (6, 3), (6, 4)), (1, 3))",27,3,30.0,27,,,pruned,,,5866
"(((2, 2), (2, 3), (5, 3), (6, 3), (6, 4)), (1, 3))","(((2, 2), (2, 3), (5, 3), (5, 4), (6, 3)), (1, 3))",26,2.0,28.0,26,4,1,expanded,False,True,5867
"(((3, 4), (4, 3), (5, 2), (5, 3), (6, 2)), (4, 4))","(((3, 4), (4, 3), (5, 2), (5, 3), (6, 3)), (4, 4))",27,3,30.0,27,,,pruned,,,5868
"(((3, 4), (4, 3), (5, 2), (5, 3), (6, 3)), (4, 4))","(((4, 3), (4, 4), (5, 2), (5, 3), (6, 3)), (5, 4))",26,2.0,28.0,26,3,1,expanded,False,True,5869
"(((1, 4), (2, 2), (3, 3), (4, 3), (6, 3)), (1, 3))","(((2, 2), (2, 4), (3, 3), (4, 3), (6, 3)), (2, 1))",27,3,30.0,27,,,pruned,,,5870
"(((2, 2), (2, 4), (3, 3), (4, 3), (6, 2)), (2, 1))","(((2, 2), (2, 4), (3, 3), (4, 3), (6, 3)), (2, 1))",27,3,30.0,27,,,pruned,,,5871
"(((2, 2), (2, 4), (3, 3), (4, 3), (6, 3)), (2, 1))","(((2, 2), (3, 3), (3, 4), (4, 3), (6, 3)), (2, 1))",26,2.0,28.0,26,6,2,expanded,False,True,5872
"(((2, 2), (2, 3), (3, 4), (4, 3), (6, 2)), (2, 1))","(((2, 2), (2, 3), (3, 4), (4, 3), (6, 3)), (2, 1))",27,3,30.0,27,,,pruned,,,5873
"(((2, 2), (2, 3), (3, 4), (4, 3), (6, 3)), (2, 1))","(((2, 2), (2, 3), (3, 4), (4, 3), (6, 4)), (2, 1))",26,2.0,28.0,26,6,1,expanded,False,True,5874
"(((2, 2), (3, 3), (4, 3), (4, 4), (6, 2)), (2, 1))","(((2, 2), (3, 3), (4, 3), (4, 4), (6, 3)), (2, 1))",27,3,30.0,27,,,pruned,,,5875
"(((2, 2), (3, 3), (4, 3), (4, 4), (6, 3)), (2, 1))","(((2, 2), (3, 3), (4, 3), (4, 4), (6, 4)), (2, 1))",26,2.0,28.0,26,4,1,expanded,False,True,5876
"(((2, 3), (3, 3), (5, 4), (6, 2), (6, 3)), (1, 3))","(((2, 3), (3, 3), (5, 2), (5, 4), (6, 3)), (1, 3))",27,2,29.0,27,,,pruned,,,5877
"(((2, 3), (3, 3), (5, 1), (5, 4), (6, 3)), (1, 3))","(((2, 3), (3, 3), (5, 2), (5, 4), (6, 3)), (1, 3))",27,3,30.0,27,,,pruned,,,5878
"(((2, 3), (3, 3), (5, 2), (5, 4), (6, 3)), (1, 3))","(((2, 2), (3, 3), (5, 2), (5, 4), (6, 3)), (1, 3))",26,2.0,28.0,26,7,2,expanded,False,True,5879
"(((2, 3), (3, 3), (5, 3), (5, 4), (6, 3)), (1, 3))","(((2, 2), (3, 3), (5, 3), (5, 4), (6, 3)), (1, 3))",27,1.0,28.0,27,4,0,expanded,False,True,5880
"(((2, 2), (3, 4), (4, 4), (5, 4), (6, 6)), (1, 3))","(((2, 2), (3, 4), (4, 4), (5, 4), (6, 5)), (1, 3))",24,7,31.0,24,,,pruned,,,5881
"(((2, 1), (3, 4), (4, 4), (5, 4), (6, 5)), (1, 3))","(((2, 2), (3, 4), (4, 4), (5, 4), (6, 5)), (1, 3))",24,7,31.0,24,,,pruned,,,5882
"(((2, 2), (3, 4), (4, 4), (5, 4), (6, 5)), (1, 3))","(((2, 2), (3, 4), (4, 4), (5, 4), (6, 4)), (1, 3))",23,6.0,29.0,23,4,2,expanded,False,True,5883
"(((2, 2), (3, 4), (4, 4), (5, 2), (6, 6)), (1, 3))","(((2, 2), (3, 4), (4, 4), (5, 2), (6, 5)), (1, 3))",24,7,31.0,24,,,pruned,,,5884
"(((2, 1), (3, 4), (4, 4), (5, 2), (6, 5)), (1, 3))","(((2, 2), (3, 4), (4, 4), (5, 2), (6, 5)), (1, 3))",24,7,31.0,24,,,pruned,,,5885
"(((2, 2), (3, 4), (4, 4), (6, 2), (6, 5)), (1, 3))","(((2, 2), (3, 4), (4, 4), (5, 2), (6, 5)), (1, 3))",24,6,30.0,24,,,pruned,,,5886
"(((2, 2), (3, 4), (4, 4), (5, 1), (6, 5)), (1, 3))","(((2, 2), (3, 4), (4, 4), (5, 2), (6, 5)), (1, 3))",24,7,31.0,24,,,pruned,,,5887
"(((2, 2), (3, 4), (4, 4), (5, 2), (6, 5)), (1, 3))","(((2, 2), (3, 4), (4, 4), (5, 3), (6, 5)), (1, 3))",23,6.0,29.0,23,8,4,expanded,False,True,5888
"(((1, 4), (2, 2), (4, 2), (4, 4), (6, 5)), (1, 3))","(((2, 2), (2, 4), (4, 2), (4, 4), (6, 5)), (1, 3))",24,7,31.0,24,,,pruned,,,5889
"(((2, 2), (2, 4), (4, 2), (4, 4), (6, 6)), (1, 3))","(((2, 2), (2, 4), (4, 2), (4, 4), (6, 5)), (1, 3))",24,7,31.0,24,,,pruned,,,5890
"(((2, 1), (2, 4), (4, 2), (4, 4), (6, 5)), (1, 3))","(((2, 2), (2, 4), (4, 2), (4, 4), (6, 5)), (1, 3))",24,7,31.0,24,,,pruned,,,5891
"(((2, 2), (2, 4), (4, 1), (4, 4), (6, 5)), (1, 3))","(((2, 2), (2, 4), (4, 2), (4, 4), (6, 5)), (1, 3))",24,7,31.0,24,,,pruned,,,5892
"(((2, 2), (2, 4), (4, 2), (4, 4), (6, 5)), (1, 3))","(((2, 2), (2, 4), (4, 2), (4, 4), (6, 4)), (1, 3))",23,6.0,29.0,23,10,4,expanded,False,True,5893
"(((2, 2), (4, 3), (5, 2), (5, 6), (6, 5)), (1, 3))","(((2, 2), (4, 3), (5, 2), (5, 5), (6, 5)), (1, 3))",24,7,31.0,24,,,pruned,,,5894
"(((2, 1), (4, 3), (5, 2), (5, 5), (6, 5)), (1, 3))","(((2, 2), (4, 3), (5, 2), (5, 5), (6, 5)), (1, 3))",24,7,31.0,24,,,pruned,,,5895
"(((2, 2), (4, 3), (5, 2), (5, 5), (6, 6)), (1, 3))","(((2, 2), (4, 3), (5, 2), (5, 5), (6, 5)), (1, 3))",24,7,31.0,24,,,pruned,,,5896
"(((2, 2), (4, 3), (5, 1), (5, 5), (6, 5)), (1, 3))","(((2, 2), (4, 3), (5, 2), (5, 5), (6, 5)), (1, 3))",24,7,31.0,24,,,pruned,,,5897
"(((2, 2), (4, 3), (5, 2), (5, 5), (6, 5)), (1, 3))","(((2, 2), (4, 3), (5, 3), (5, 5), (6, 5)), (1, 3))",23,6.0,29.0,23,8,4,expanded,False,True,5898
"(((2, 2), (3, 3), (4, 2), (5, 6), (6, 5)), (1, 3))","(((2, 2), (3, 3), (4, 2), (5, 5), (6, 5)), (1, 3))",24,7,31.0,24,,,pruned,,,5899
"(((2, 2), (3, 3), (4, 2), (5, 5), (6, 6)), (1, 3))","(((2, 2), (3, 3), (4, 2), (5, 5), (6, 5)), (1, 3))",24,7,31.0,24,,,pruned,,,5900
"(((2, 1), (3, 3), (4, 2), (5, 5), (6, 5)), (1, 3))","(((2, 2), (3, 3), (4, 2), (5, 5), (6, 5)), (1, 3))",24,7,31.0,24,,,pruned,,,5901
"(((2, 2), (3, 3), (4, 1), (5, 5), (6, 5)), (1, 3))","(((2, 2), (3, 3), (4, 2), (5, 5), (6, 5)), (1, 3))",24,7,31.0,24,,,pruned,,,5902
"(((2, 2), (3, 3), (4, 2), (5, 5), (6, 5)), (1, 3))","(((2, 3), (3, 3), (4, 2), (5, 5), (6, 5)), (1, 3))",23,6.0,29.0,23,8,4,expanded,False,True,5903
"(((2, 2), (3, 3), (3, 4), (4, 4), (6, 6)), (2, 1))","(((2, 2), (3, 3), (3, 4), (4, 4), (6, 5)), (2, 1))",25,6,31.0,25,,,pruned,,,5904
"(((2, 2), (3, 3), (3, 4), (4, 4), (6, 5)), (2, 1))","(((2, 2), (3, 3), (3, 4), (4, 4), (6, 4)), (2, 1))",24,5.0,29.0,24,4,1,expanded,False,True,5905
"(((2, 1), (2, 4), (3, 4), (5, 4), (6, 4)), (1, 3))","(((2, 2), (2, 4), (3, 4), (5, 4), (6, 4)), (1, 3))",25,6,31.0,25,,,pruned,,,5906
"(((2, 2), (2, 4), (3, 4), (5, 4), (6, 4)), (1, 3))","(((2, 2), (2, 4), (3, 4), (5, 4), (6, 3)), (1, 3))",24,5.0,29.0,24,4,1,expanded,False,True,5907
"(((2, 1), (2, 4), (3, 4), (5, 2), (6, 4)), (1, 3))","(((2, 2), (2, 4), (3, 4), (5, 2), (6, 4)), (1, 3))",25,6,31.0,25,,,pruned,,,5908
"(((2, 2), (2, 4), (3, 4), (6, 2), (6, 4)), (1, 3))","(((2, 2), (2, 4), (3, 4), (5, 2), (6, 4)), (1, 3))",25,5,30.0,25,,,pruned,,,5909
"(((2, 2), (2, 4), (3, 4), (5, 1), (6, 4)), (1, 3))","(((2, 2), (2, 4), (3, 4), (5, 2), (6, 4)), (1, 3))",25,6,31.0,25,,,pruned,,,5910
"(((2, 2), (2, 4), (3, 4), (5, 2), (6, 4)), (1, 3))","(((2, 2), (2, 4), (3, 4), (5, 3), (6, 4)), (1, 3))",24,5.0,29.0,24,8,3,expanded,False,True,5911
"(((2, 2), (2, 4), (3, 4), (5, 3), (6, 6)), (1, 3))","(((2, 2), (2, 4), (3, 4), (5, 3), (6, 5)), (1, 3))",25,6,31.0,25,,,pruned,,,5912
"(((2, 1), (2, 4), (3, 4), (5, 3), (6, 5)), (1, 3))","(((2, 2), (2, 4), (3, 4), (5, 3), (6, 5)), (1, 3))",25,6,31.0,25,,,pruned,,,5913
"(((2, 2), (2, 4), (3, 4), (5, 3), (6, 5)), (1, 3))","(((2, 2), (2, 4), (3, 4), (5, 3), (6, 4)), (1, 3))",24,5.0,29.0,24,8,2,expanded,False,True,5914
"(((2, 2), (2, 4), (4, 3), (4, 4), (6, 6)), (2, 1))","(((2, 2), (2, 4), (4, 3), (4, 4), (6, 5)), (2, 1))",25,6,31.0,25,,,pruned,,,5915
"(((2, 2), (2, 4), (4, 3), (4, 4), (6, 5)), (2, 1))","(((2, 2), (2, 4), (4, 3), (4, 4), (6, 4)), (2, 1))",24,5.0,29.0,24,5,1,expanded,False,True,5916
"(((2, 2), (3, 3), (5, 6), (6, 3), (6, 5)), (1, 3))","(((2, 2), (3, 3), (5, 5), (6, 3), (6, 5)), (1, 3))",25,6,31.0,25,,,pruned,,,5917
"(((2, 2), (3, 3), (5, 5), (6, 3), (6, 6)), (1, 3))","(((2, 2), (3, 3), (5, 5), (6, 3), (6, 5)), (1, 3))",25,6,31.0,25,,,pruned,,,5918
"(((2, 1), (3, 3), (5, 5), (6, 3), (6, 5)), (1, 3))","(((2, 2), (3, 3), (5, 5), (6, 3), (6, 5)), (1, 3))",25,6,31.0,25,,,pruned,,,5919
"(((2, 2), (3, 3), (5, 5), (6, 2), (6, 5)), (1, 3))","(((2, 2), (3, 3), (5, 5), (6, 3), (6, 5)), (1, 3))",25,6,31.0,25,,,pruned,,,5920
"(((2, 2), (3, 3), (5, 5), (6, 3), (6, 5)), (1, 3))","(((2, 2), (3, 3), (5, 4), (6, 3), (6, 5)), (1, 3))",24,5.0,29.0,24,8,4,expanded,False,True,5921
"(((1, 4), (2, 2), (5, 3), (5, 4), (6, 5)), (1, 3))","(((2, 2), (2, 4), (5, 3), (5, 4), (6, 5)), (1, 3))",25,6,31.0,25,,,pruned,,,5922
"(((2, 2), (2, 4), (5, 3), (5, 4), (6, 6)), (1, 3))","(((2, 2), (2, 4), (5, 3), (5, 4), (6, 5)), (1, 3))",25,6,31.0,25,,,pruned,,,5923
"(((2, 1), (2, 4), (5, 3), (5, 4), (6, 5)), (1, 3))","(((2, 2), (2, 4), (5, 3), (5, 4), (6, 5)), (1, 3))",25,6,31.0,25,,,pruned,,,5924
"(((2, 2), (2, 4), (5, 3), (5, 4), (6, 5)), (1, 3))","(((2, 2), (2, 4), (5, 3), (5, 4), (6, 4)), (1, 3))",24,5.0,29.0,24,9,3,expanded,False,True,5925
"(((2, 1), (3, 4), (4, 2), (5, 4), (6, 4)), (1, 3))","(((2, 2), (3, 4), (4, 2), (5, 4), (6, 4)), (1, 3))",25,6,31.0,25,,,pruned,,,5926
"(((2, 2), (3, 4), (4, 1), (5, 4), (6, 4)), (1, 3))","(((2, 2), (3, 4), (4, 2), (5, 4), (6, 4)), (1, 3))",25,6,31.0,25,,,pruned,,,5927
"(((2, 2), (3, 4), (4, 2), (5, 4), (6, 4)), (1, 3))","(((2, 2), (3, 4), (4, 2), (5, 4), (6, 3)), (1, 3))",24,5.0,29.0,24,8,2,expanded,False,True,5928
"(((2, 1), (3, 4), (4, 4), (5, 2), (6, 4)), (1, 3))","(((2, 2), (3, 4), (4, 4), (5, 2), (6, 4)), (1, 3))",25,6,31.0,25,,,pruned,,,5929
"(((2, 2), (3, 4), (4, 4), (6, 2), (6, 4)), (1, 3))","(((2, 2), (3, 4), (4, 4), (5, 2), (6, 4)), (1, 3))",25,5,30.0,25,,,pruned,,,5930
"(((2, 2), (3, 4), (4, 4), (5, 1), (6, 4)), (1, 3))","(((2, 2), (3, 4), (4, 4), (5, 2), (6, 4)), (1, 3))",25,6,31.0,25,,,pruned,,,5931
"(((2, 2), (3, 4), (4, 4), (5, 2), (6, 4)), (1, 3))","(((2, 2), (3, 4), (4, 4), (5, 3), (6, 4)), (5, 4))",24,5.0,29.0,24,8,3,expanded,False,True,5932
"(((2, 2), (3, 3), (4, 3), (5, 6), (6, 5)), (1, 3))","(((2, 2), (3, 3), (4, 3), (5, 5), (6, 5)), (1, 3))",25,6,31.0,25,,,pruned,,,5933
"(((2, 1), (3, 3), (4, 3), (5, 5), (6, 5)), (1, 3))","(((2, 2), (3, 3), (4, 3), (5, 5), (6, 5)), (1, 3))",25,6,31.0,25,,,pruned,,,5934
"(((2, 2), (3, 3), (4, 3), (5, 5), (6, 6)), (1, 3))","(((2, 2), (3, 3), (4, 3), (5, 5), (6, 5)), (1, 3))",25,6,31.0,25,,,pruned,,,5935
"(((2, 2), (3, 3), (4, 3), (5, 5), (6, 5)), (1, 3))","(((2, 3), (3, 3), (4, 3), (5, 5), (6, 5)), (1, 3))",24,5.0,29.0,24,6,3,expanded,False,True,5936
"(((1, 4), (2, 2), (4, 4), (6, 3), (6, 5)), (1, 3))","(((2, 2), (2, 4), (4, 4), (6, 3), (6, 5)), (1, 3))",25,6,31.0,25,,,pruned,,,5937
"(((2, 2), (2, 4), (4, 4), (6, 3), (6, 6)), (1, 3))","(((2, 2), (2, 4), (4, 4), (6, 3), (6, 5)), (1, 3))",25,6,31.0,25,,,pruned,,,5938
"(((2, 1), (2, 4), (4, 4), (6, 3), (6, 5)), (1, 3))","(((2, 2), (2, 4), (4, 4), (6, 3), (6, 5)), (1, 3))",25,6,31.0,25,,,pruned,,,5939
"(((2, 2), (2, 4), (4, 4), (6, 2), (6, 5)), (1, 3))","(((2, 2), (2, 4), (4, 4), (6, 3), (6, 5)), (1, 3))",25,6,31.0,25,,,pruned,,,5940
"(((2, 2), (2, 4), (4, 4), (6, 3), (6, 5)), (1, 3))","(((2, 2), (2, 4), (4, 4), (5, 3), (6, 5)), (1, 3))",24,5.0,29.0,24,10,4,expanded,False,True,5941
"(((1, 4), (2, 2), (4, 2), (6, 3), (6, 5)), (1, 3))","(((2, 2), (2, 4), (4, 2), (6, 3), (6, 5)), (1, 3))",25,6,31.0,25,,,pruned,,,5942
"(((2, 2), (2, 4), (4, 2), (6, 3), (6, 6)), (1, 3))","(((2, 2), (2, 4), (4, 2), (6, 3), (6, 5)), (1, 3))",25,6,31.0,25,,,pruned,,,5943
"(((2, 1), (2, 4), (4, 2), (6, 3), (6, 5)), (1, 3))","(((2, 2), (2, 4), (4, 2), (6, 3), (6, 5)), (1, 3))",25,6,31.0,25,,,pruned,,,5944
"(((2, 2), (2, 4), (4, 2), (6, 2), (6, 5)), (1, 3))","(((2, 2), (2, 4), (4, 2), (6, 3), (6, 5)), (1, 3))",25,6,31.0,25,,,pruned,,,5945
"(((2, 2), (2, 4), (4, 1), (6, 3), (6, 5)), (1, 3))","(((2, 2), (2, 4), (4, 2), (6, 3), (6, 5)), (1, 3))",25,6,31.0,25,,,pruned,,,5946
"(((2, 2), (2, 4), (4, 2), (6, 3), (6, 5)), (1, 3))","(((2, 2), (3, 4), (4, 2), (6, 3), (6, 5)), (1, 3))",24,5.0,29.0,24,10,5,expanded,False,True,5947
"(((3, 3), (5, 2), (5, 3), (5, 6), (6, 5)), (1, 3))","(((3, 3), (5, 2), (5, 3), (5, 5), (6, 5)), (1, 3))",25,6,31.0,25,,,pruned,,,5948
"(((3, 3), (5, 2), (5, 3), (5, 5), (6, 6)), (1, 3))","(((3, 3), (5, 2), (5, 3), (5, 5), (6, 5)), (1, 3))",25,6,31.0,25,,,pruned,,,5949
"(((3, 3), (5, 3), (5, 5), (6, 2), (6, 5)), (1, 3))","(((3, 3), (5, 2), (5, 3), (5, 5), (6, 5)), (1, 3))",25,5,30.0,25,,,pruned,,,5950
"(((3, 3), (5, 2), (5, 3), (5, 5), (6, 5)), (1, 3))","(((2, 3), (5, 2), (5, 3), (5, 5), (6, 5)), (1, 3))",24,5.0,29.0,24,8,3,expanded,False,True,5951
"(((2, 3), (3, 3), (4, 4), (5, 2), (6, 6)), (2, 1))","(((2, 3), (3, 3), (4, 4), (5, 2), (6, 5)), (2, 1))",26,5,31.0,26,,,pruned,,,5952
"(((2, 3), (3, 3), (4, 4), (6, 2), (6, 5)), (2, 1))","(((2, 3), (3, 3), (4, 4), (5, 2), (6, 5)), (2, 1))",26,4,30.0,26,,,pruned,,,5953
"(((2, 3), (3, 3), (4, 4), (5, 1), (6, 5)), (2, 1))","(((2, 3), (3, 3), (4, 4), (5, 2), (6, 5)), (2, 1))",26,5,31.0,26,,,pruned,,,5954
"(((2, 3), (3, 3), (4, 4), (5, 2), (6, 5)), (2, 1))","(((2, 3), (3, 3), (4, 4), (5, 3), (6, 5)), (2, 1))",25,4.0,29.0,25,8,3,expanded,False,True,5955
"(((1, 3), (2, 2), (3, 4), (5, 4), (6, 4)), (1, 4))","(((2, 2), (2, 3), (3, 4), (5, 4), (6, 4)), (2, 1))",26,5,31.0,26,,,pruned,,,5956
"(((2, 2), (2, 3), (3, 4), (5, 4), (6, 4)), (2, 1))","(((2, 2), (2, 3), (3, 4), (5, 4), (6, 3)), (2, 1))",25,4.0,29.0,25,4,1,expanded,False,True,5957
"(((1, 3), (2, 2), (3, 4), (5, 2), (6, 4)), (1, 4))","(((2, 2), (2, 3), (3, 4), (5, 2), (6, 4)), (2, 1))",26,5,31.0,26,,,pruned,,,5958
"(((2, 2), (2, 3), (3, 4), (6, 2), (6, 4)), (2, 1))","(((2, 2), (2, 3), (3, 4), (5, 2), (6, 4)), (2, 1))",26,4,30.0,26,,,pruned,,,5959
"(((2, 2), (2, 3), (3, 4), (5, 1), (6, 4)), (2, 1))","(((2, 2), (2, 3), (3, 4), (5, 2), (6, 4)), (2, 1))",26,5,31.0,26,,,pruned,,,5960
"(((2, 2), (2, 3), (3, 4), (5, 2), (6, 4)), (2, 1))","(((2, 2), (2, 3), (3, 4), (5, 3), (6, 4)), (2, 1))",25,4.0,29.0,25,8,3,expanded,False,True,5961
"(((1, 3), (2, 2), (3, 4), (5, 3), (6, 5)), (1, 4))","(((2, 2), (2, 3), (3, 4), (5, 3), (6, 5)), (2, 1))",26,5,31.0,26,,,pruned,,,5962
"(((2, 2), (2, 3), (3, 4), (5, 3), (6, 6)), (2, 1))","(((2, 2), (2, 3), (3, 4), (5, 3), (6, 5)), (2, 1))",26,5,31.0,26,,,pruned,,,5963
"(((2, 2), (2, 3), (3, 4), (5, 3), (6, 5)), (2, 1))","(((2, 2), (2, 3), (3, 4), (5, 3), (6, 4)), (2, 1))",25,4.0,29.0,25,8,2,expanded,False,True,5964
"(((1, 4), (2, 2), (3, 3), (5, 4), (6, 4)), (1, 3))","(((2, 2), (2, 4), (3, 3), (5, 4), (6, 4)), (2, 1))",26,5,31.0,26,,,pruned,,,5965
"(((2, 2), (2, 4), (3, 3), (5, 4), (6, 4)), (2, 1))","(((2, 2), (2, 4), (3, 3), (5, 4), (6, 3)), (2, 1))",25,4.0,29.0,25,5,1,expanded,False,True,5966
"(((1, 4), (2, 2), (3, 3), (5, 2), (6, 4)), (1, 3))","(((2, 2), (2, 4), (3, 3), (5, 2), (6, 4)), (2, 1))",26,5,31.0,26,,,pruned,,,5967
"(((2, 2), (2, 4), (3, 3), (6, 2), (6, 4)), (2, 1))","(((2, 2), (2, 4), (3, 3), (5, 2), (6, 4)), (2, 1))",26,4,30.0,26,,,pruned,,,5968
"(((2, 2), (2, 4), (3, 3), (5, 1), (6, 4)), (2, 1))","(((2, 2), (2, 4), (3, 3), (5, 2), (6, 4)), (2, 1))",26,5,31.0,26,,,pruned,,,5969
"(((2, 2), (2, 4), (3, 3), (5, 2), (6, 4)), (2, 1))","(((2, 2), (2, 4), (3, 3), (5, 3), (6, 4)), (2, 1))",25,4.0,29.0,25,9,3,expanded,False,True,5970
"(((1, 4), (2, 2), (3, 3), (5, 3), (6, 5)), (1, 3))","(((2, 2), (2, 4), (3, 3), (5, 3), (6, 5)), (2, 1))",26,5,31.0,26,,,pruned,,,5971
"(((2, 2), (2, 4), (3, 3), (5, 3), (6, 6)), (2, 1))","(((2, 2), (2, 4), (3, 3), (5, 3), (6, 5)), (2, 1))",26,5,31.0,26,,,pruned,,,5972
"(((2, 2), (2, 4), (3, 3), (5, 3), (6, 5)), (2, 1))","(((2, 2), (2, 4), (3, 3), (5, 3), (6, 4)), (2, 1))",25,4.0,29.0,25,9,2,expanded,False,True,5973
"(((2, 2), (3, 3), (4, 4), (5, 3), (6, 6)), (2, 1))","(((2, 2), (3, 3), (4, 4), (5, 3), (6, 5)), (2, 1))",26,5,31.0,26,,,pruned,,,5974
"(((2, 2), (3, 3), (4, 4), (5, 3), (6, 5)), (2, 1))","(((2, 2), (3, 3), (4, 4), (5, 3), (6, 4)), (2, 1))",25,4.0,29.0,25,9,1,expanded,False,True,5975
"(((2, 2), (3, 3), (3, 4), (4, 1), (6, 4)), (4, 2))","(((2, 2), (3, 3), (3, 4), (4, 2), (6, 4)), (2, 1))",26,5,31.0,26,,,pruned,,,5976
"(((2, 2), (3, 3), (3, 4), (4, 2), (6, 4)), (2, 1))","(((2, 2), (3, 3), (3, 4), (4, 3), (6, 4)), (2, 1))",25,4.0,29.0,25,7,1,expanded,False,True,5977
"(((2, 2), (3, 3), (3, 4), (4, 3), (6, 6)), (2, 1))","(((2, 2), (3, 3), (3, 4), (4, 3), (6, 5)), (2, 1))",26,5,31.0,26,,,pruned,,,5978
"(((2, 2), (3, 3), (3, 4), (4, 3), (6, 5)), (2, 1))","(((2, 2), (3, 3), (3, 4), (4, 3), (6, 4)), (2, 1))",25,4.0,29.0,25,6,1,expanded,False,True,5979
"(((1, 3), (2, 2), (5, 2), (5, 5), (6, 3)), (1, 4))","(((2, 2), (2, 3), (5, 2), (5, 5), (6, 3)), (1, 3))",26,5,31.0,26,,,pruned,,,5980
"(((2, 2), (2, 3), (5, 2), (5, 6), (6, 3)), (1, 3))","(((2, 2), (2, 3), (5, 2), (5, 5), (6, 3)), (1, 3))",26,5,31.0,26,,,pruned,,,5981
"(((2, 2), (2, 3), (5, 2), (5, 5), (6, 2)), (1, 3))","(((2, 2), (2, 3), (5, 2), (5, 5), (6, 3)), (1, 3))",26,5,31.0,26,,,pruned,,,5982
"(((2, 2), (2, 3), (5, 5), (6, 2), (6, 3)), (1, 3))","(((2, 2), (2, 3), (5, 2), (5, 5), (6, 3)), (1, 3))",26,4,30.0,26,,,pruned,,,5983
"(((2, 2), (2, 3), (5, 1), (5, 5), (6, 3)), (1, 3))","(((2, 2), (2, 3), (5, 2), (5, 5), (6, 3)), (1, 3))",26,5,31.0,26,,,pruned,,,5984
"(((2, 2), (2, 3), (5, 2), (5, 5), (6, 3)), (1, 3))","(((2, 2), (2, 3), (5, 2), (5, 4), (6, 3)), (1, 3))",25,4.0,29.0,25,8,5,expanded,False,True,5985
"(((2, 2), (2, 4), (3, 3), (3, 4), (6, 4)), (2, 1))","(((2, 2), (2, 4), (3, 3), (3, 4), (6, 3)), (2, 1))",25,4.0,29.0,25,4,0,expanded,False,True,5986
"(((1, 3), (2, 2), (2, 4), (4, 4), (6, 4)), (2, 1))","(((2, 2), (2, 3), (2, 4), (4, 4), (6, 4)), (2, 1))",26,5,31.0,26,,,pruned,,,5987
"(((1, 4), (2, 2), (2, 3), (4, 4), (6, 4)), (2, 1))","(((2, 2), (2, 3), (2, 4), (4, 4), (6, 4)), (2, 1))",26,5,31.0,26,,,pruned,,,5988
"(((2, 2), (2, 3), (2, 4), (4, 4), (6, 4)), (2, 1))","(((2, 2), (2, 3), (2, 4), (4, 4), (6, 3)), (2, 1))",25,4.0,29.0,25,6,2,expanded,False,True,5989
"(((2, 2), (3, 4), (4, 3), (5, 4), (6, 4)), (2, 1))","(((2, 2), (3, 4), (4, 3), (5, 4), (6, 3)), (2, 1))",25,4.0,29.0,25,5,0,expanded,False,True,5990
"(((2, 2), (3, 3), (3, 4), (6, 3), (6, 6)), (2, 1))","(((2, 2), (3, 3), (3, 4), (6, 3), (6, 5)), (2, 1))",26,5,31.0,26,,,pruned,,,5991
"(((2, 2), (3, 3), (3, 4), (6, 2), (6, 5)), (2, 1))","(((2, 2), (3, 3), (3, 4), (6, 3), (6, 5)), (2, 1))",26,5,31.0,26,,,pruned,,,5992
"(((2, 2), (3, 3), (3, 4), (6, 3), (6, 5)), (2, 1))","(((2, 2), (3, 3), (3, 4), (5, 3), (6, 5)), (2, 1))",25,4.0,29.0,25,7,2,expanded,False,True,5993
"(((1, 4), (2, 2), (4, 3), (6, 3), (6, 5)), (1, 3))","(((2, 2), (2, 4), (4, 3), (6, 3), (6, 5)), (1, 3))",26,5,31.0,26,,,pruned,,,5994
"(((2, 2), (2, 4), (4, 3), (6, 3), (6, 6)), (1, 3))","(((2, 2), (2, 4), (4, 3), (6, 3), (6, 5)), (1, 3))",26,5,31.0,26,,,pruned,,,5995
"(((2, 1), (2, 4), (4, 3), (6, 3), (6, 5)), (1, 3))","(((2, 2), (2, 4), (4, 3), (6, 3), (6, 5)), (1, 3))",26,5,31.0,26,,,pruned,,,5996
"(((2, 2), (2, 4), (4, 3), (6, 2), (6, 5)), (1, 3))","(((2, 2), (2, 4), (4, 3), (6, 3), (6, 5)), (1, 3))",26,5,31.0,26,,,pruned,,,5997
"(((2, 2), (2, 4), (4, 3), (6, 3), (6, 5)), (1, 3))","(((2, 2), (3, 4), (4, 3), (6, 3), (6, 5)), (2, 1))",25,4.0,29.0,25,12,4,expanded,False,True,5998
"(((1, 3), (2, 2), (4, 4), (6, 3), (6, 5)), (1, 4))","(((2, 2), (2, 3), (4, 4), (6, 3), (6, 5)), (1, 3))",26,5,31.0,26,,,pruned,,,5999
"(((2, 2), (2, 3), (4, 4), (6, 3), (6, 6)), (1, 3))","(((2, 2), (2, 3), (4, 4), (6, 3), (6, 5)), (1, 3))",26,5,31.0,26,,,pruned,,,6000
"(((2, 2), (2, 3), (4, 4), (6, 2), (6, 5)), (1, 3))","(((2, 2), (2, 3), (4, 4), (6, 3), (6, 5)), (1, 3))",26,5,31.0,26,,,pruned,,,6001
"(((2, 2), (2, 3), (4, 4), (6, 3), (6, 5)), (1, 3))","(((2, 2), (3, 3), (4, 4), (6, 3), (6, 5)), (2, 1))",25,4.0,29.0,25,8,3,expanded,False,True,6002
"(((3, 3), (4, 2), (4, 3), (5, 1), (6, 4)), (1, 3))","(((3, 3), (4, 2), (4, 3), (5, 2), (6, 4)), (1, 3))",27,4,31.0,27,,,pruned,,,6003
"(((3, 3), (4, 2), (4, 3), (5, 2), (6, 4)), (1, 3))","(((3, 3), (4, 2), (4, 3), (5, 3), (6, 4)), (1, 3))",26,3.0,29.0,26,4,1,expanded,False,True,6004
"(((3, 3), (4, 2), (4, 3), (5, 3), (6, 6)), (1, 3))","(((3, 3), (4, 2), (4, 3), (5, 3), (6, 5)), (1, 3))",27,4,31.0,27,,,pruned,,,6005
"(((3, 3), (4, 2), (4, 3), (5, 3), (6, 5)), (1, 3))","(((3, 3), (4, 2), (4, 3), (5, 3), (6, 4)), (1, 3))",26,3.0,29.0,26,4,1,expanded,False,True,6006
"(((1, 3), (2, 2), (5, 3), (5, 4), (6, 4)), (1, 4))","(((2, 2), (2, 3), (5, 3), (5, 4), (6, 4)), (1, 3))",27,4,31.0,27,,,pruned,,,6007
"(((2, 2), (2, 3), (5, 3), (5, 4), (6, 4)), (1, 3))","(((2, 2), (2, 3), (5, 3), (5, 4), (6, 3)), (1, 3))",26,3.0,29.0,26,5,1,expanded,False,True,6008
"(((2, 3), (3, 3), (4, 4), (6, 2), (6, 4)), (2, 1))","(((2, 3), (3, 3), (4, 4), (5, 2), (6, 4)), (2, 1))",27,3,30.0,27,,,pruned,,,6009
"(((2, 3), (3, 3), (4, 4), (5, 1), (6, 4)), (2, 1))","(((2, 3), (3, 3), (4, 4), (5, 2), (6, 4)), (2, 1))",27,4,31.0,27,,,pruned,,,6010
"(((2, 3), (3, 3), (4, 4), (5, 2), (6, 4)), (2, 1))","(((2, 3), (3, 3), (4, 4), (5, 3), (6, 4)), (5, 4))",26,3.0,29.0,26,8,2,expanded,False,True,6011
"(((2, 2), (3, 3), (3, 4), (4, 2), (6, 2)), (2, 1))","(((2, 2), (3, 3), (3, 4), (4, 2), (6, 3)), (2, 1))",27,4,31.0,27,,,pruned,,,6012
"(((2, 2), (3, 3), (3, 4), (4, 1), (6, 3)), (4, 2))","(((2, 2), (3, 3), (3, 4), (4, 2), (6, 3)), (2, 1))",27,4,31.0,27,,,pruned,,,6013
"(((2, 2), (3, 3), (3, 4), (4, 2), (6, 3)), (2, 1))","(((2, 2), (3, 3), (3, 4), (4, 3), (6, 3)), (2, 1))",26,3.0,29.0,26,7,2,expanded,False,True,6014
"(((1, 3), (2, 2), (2, 4), (4, 3), (6, 4)), (2, 1))","(((2, 2), (2, 3), (2, 4), (4, 3), (6, 4)), (2, 1))",27,4,31.0,27,,,pruned,,,6015
"(((1, 4), (2, 2), (2, 3), (4, 3), (6, 4)), (2, 1))","(((2, 2), (2, 3), (2, 4), (4, 3), (6, 4)), (2, 1))",27,4,31.0,27,,,pruned,,,6016
"(((2, 2), (2, 3), (2, 4), (4, 3), (6, 4)), (2, 1))","(((2, 2), (2, 3), (2, 4), (5, 3), (6, 4)), (2, 1))",26,3.0,29.0,26,8,2,expanded,False,True,6017
"(((2, 1), (3, 3), (4, 4), (5, 3), (6, 4)), (1, 3))","(((2, 2), (3, 3), (4, 4), (5, 3), (6, 4)), (1, 3))",27,4,31.0,27,,,pruned,,,6018
"(((2, 2), (3, 3), (4, 4), (5, 3), (6, 4)), (1, 3))","(((2, 2), (2, 3), (4, 4), (5, 3), (6, 4)), (1, 3))",26,3.0,29.0,26,3,1,expanded,False,True,6019
"(((2, 2), (2, 3), (4, 3), (4, 4), (6, 4)), (2, 1))","(((2, 2), (2, 3), (4, 4), (5, 3), (6, 4)), (1, 3))",26,3.0,29.0,26,4,0,expanded,False,True,6020
"(((2, 2), (2, 3), (3, 3), (3, 4), (6, 4)), (2, 1))","(((2, 2), (2, 3), (3, 4), (4, 3), (6, 4)), (2, 1))",26,3.0,29.0,26,3,0,expanded,False,True,6021
"(((2, 1), (4, 3), (5, 2), (5, 4), (6, 3)), (1, 3))","(((2, 2), (4, 3), (5, 2), (5, 4), (6, 3)), (1, 3))",27,4,31.0,27,,,pruned,,,6022
"(((2, 2), (4, 3), (5, 2), (5, 4), (6, 3)), (1, 3))","(((2, 2), (4, 3), (4, 4), (5, 2), (6, 3)), (1, 3))",26,3.0,29.0,26,4,1,expanded,False,True,6023
"(((2, 1), (3, 3), (5, 2), (6, 3), (6, 4)), (1, 3))","(((2, 2), (3, 3), (5, 2), (6, 3), (6, 4)), (1, 3))",27,4,31.0,27,,,pruned,,,6024
"(((2, 2), (3, 3), (6, 2), (6, 3), (6, 4)), (1, 3))","(((2, 2), (3, 3), (5, 2), (6, 3), (6, 4)), (1, 3))",27,3,30.0,27,,,pruned,,,6025
"(((2, 2), (3, 3), (5, 1), (6, 3), (6, 4)), (1, 3))","(((2, 2), (3, 3), (5, 2), (6, 3), (6, 4)), (1, 3))",27,4,31.0,27,,,pruned,,,6026
"(((2, 2), (3, 3), (5, 2), (6, 3), (6, 4)), (1, 3))","(((2, 2), (3, 3), (5, 2), (5, 4), (6, 3)), (1, 3))",26,3.0,29.0,26,7,3,expanded,False,True,6027
"(((2, 2), (3, 3), (4, 4), (5, 3), (6, 4)), (5, 4))","(((2, 2), (3, 3), (4, 4), (5, 3), (6, 5)), (2, 1))",26,3.0,29.0,26,3,0,expanded,False,True,6028
"(((2, 2), (2, 3), (5, 2), (5, 4), (6, 2)), (1, 3))","(((2, 2), (2, 3), (5, 2), (5, 4), (6, 3)), (5, 5))",27,4,31.0,27,,,pruned,,,6029
"(((2, 2), (2, 3), (5, 2), (5, 4), (6, 3)), (5, 5))","(((2, 2), (2, 3), (5, 2), (5, 5), (6, 3)), (1, 3))",26,3.0,29.0,26,3,1,expanded,False,True,6030
"(((1, 3), (2, 2), (5, 3), (5, 5), (6, 3)), (1, 4))","(((2, 2), (2, 3), (5, 3), (5, 5), (6, 3)), (1, 3))",27,4,31.0,27,,,pruned,,,6031
"(((2, 2), (2, 3), (5, 3), (5, 6), (6, 3)), (1, 3))","(((2, 2), (2, 3), (5, 3), (5, 5), (6, 3)), (1, 3))",27,4,31.0,27,,,pruned,,,6032
"(((2, 2), (2, 3), (5, 3), (5, 5), (6, 2)), (1, 3))","(((2, 2), (2, 3), (5, 3), (5, 5), (6, 3)), (1, 3))",27,4,31.0,27,,,pruned,,,6033
"(((2, 2), (2, 3), (5, 3), (5, 5), (6, 3)), (1, 3))","(((2, 2), (2, 3), (5, 2), (5, 5), (6, 3)), (1, 3))",26,3.0,29.0,26,8,3,expanded,False,True,6034
"(((2, 1), (3, 3), (5, 3), (6, 3), (6, 4)), (1, 3))","(((2, 2), (3, 3), (5, 3), (6, 3), (6, 4)), (1, 3))",28,3,31.0,28,,,pruned,,,6035
"(((2, 2), (3, 3), (5, 3), (6, 3), (6, 4)), (1, 3))","(((2, 2), (3, 3), (5, 3), (5, 4), (6, 3)), (1, 3))",27,2.0,29.0,27,6,1,expanded,False,True,6036
"(((2, 2), (2, 3), (3, 3), (3, 4), (6, 2)), (2, 1))","(((2, 2), (2, 3), (3, 3), (3, 4), (6, 3)), (2, 1))",28,3,31.0,28,,,pruned,,,6037
"(((2, 2), (2, 3), (3, 3), (3, 4), (6, 3)), (2, 1))","(((2, 2), (2, 3), (3, 4), (4, 3), (6, 3)), (2, 1))",27,2.0,29.0,27,3,1,expanded,False,True,6038
"(((1, 3), (2, 2), (2, 4), (4, 3), (6, 3)), (2, 1))","(((2, 2), (2, 3), (2, 4), (4, 3), (6, 3)), (2, 1))",28,3,31.0,28,,,pruned,,,6039
"(((1, 4), (2, 2), (2, 3), (4, 3), (6, 3)), (2, 1))","(((2, 2), (2, 3), (2, 4), (4, 3), (6, 3)), (2, 1))",28,3,31.0,28,,,pruned,,,6040
"(((2, 2), (2, 3), (2, 4), (4, 3), (6, 2)), (2, 1))","(((2, 2), (2, 3), (2, 4), (4, 3), (6, 3)), (2, 1))",28,3,31.0,28,,,pruned,,,6041
"(((2, 2), (2, 3), (2, 4), (4, 3), (6, 3)), (2, 1))","(((2, 2), (2, 3), (3, 4), (4, 3), (6, 3)), (2, 1))",27,2.0,29.0,27,8,3,expanded,False,True,6042
"(((2, 3), (3, 3), (6, 2), (6, 3), (6, 4)), (1, 3))","(((2, 3), (3, 3), (5, 2), (6, 3), (6, 4)), (1, 3))",28,2,30.0,28,,,pruned,,,6043
"(((2, 3), (3, 3), (5, 1), (6, 3), (6, 4)), (1, 3))","(((2, 3), (3, 3), (5, 2), (6, 3), (6, 4)), (1, 3))",28,3,31.0,28,,,pruned,,,6044
"(((2, 3), (3, 3), (5, 2), (6, 3), (6, 4)), (1, 3))","(((2, 3), (3, 3), (5, 2), (5, 4), (6, 3)), (1, 3))",27,2.0,29.0,27,5,2,expanded,False,True,6045
"(((2, 2), (2, 3), (4, 3), (4, 4), (6, 2)), (2, 1))","(((2, 2), (2, 3), (4, 3), (4, 4), (6, 3)), (2, 1))",28,3,31.0,28,,,pruned,,,6046
"(((2, 2), (2, 3), (4, 3), (4, 4), (6, 3)), (2, 1))","(((2, 2), (2, 3), (4, 3), (4, 4), (6, 4)), (2, 1))",27,2.0,29.0,27,4,1,expanded,False,True,6047
"(((1, 3), (2, 2), (5, 2), (5, 3), (6, 3)), (1, 4))","(((2, 2), (2, 3), (5, 2), (5, 3), (6, 3)), (1, 3))",28,3,31.0,28,,,pruned,,,6048
"(((2, 2), (2, 3), (5, 2), (5, 3), (6, 2)), (1, 3))","(((2, 2), (2, 3), (5, 2), (5, 3), (6, 3)), (1, 3))",28,3,31.0,28,,,pruned,,,6049
"(((2, 2), (2, 3), (5, 3), (6, 2), (6, 3)), (1, 3))","(((2, 2), (2, 3), (5, 2), (5, 3), (6, 3)), (1, 3))",28,2,30.0,28,,,pruned,,,6050
"(((2, 2), (2, 3), (5, 2), (5, 3), (6, 3)), (1, 3))","(((2, 2), (2, 3), (5, 2), (5, 4), (6, 3)), (5, 5))",27,2.0,29.0,27,4,3,expanded,False,True,6051
"(((2, 2), (2, 3), (5, 3), (5, 4), (6, 2)), (5, 5))","(((2, 2), (2, 3), (5, 3), (5, 4), (6, 3)), (5, 5))",28,3,31.0,28,,,pruned,,,6052
"(((2, 2), (2, 3), (5, 3), (5, 4), (6, 3)), (5, 5))","(((2, 2), (2, 3), (5, 3), (5, 5), (6, 3)), (1, 3))",27,2.0,29.0,27,2,1,expanded,False,True,6053
"(((2, 3), (3, 3), (5, 3), (6, 3), (6, 4)), (1, 3))","(((2, 3), (3, 3), (5, 3), (5, 4), (6, 3)), (1, 3))",28,1.0,29.0,28,4,0,expanded,False,True,6054
"(((1, 4), (2, 2), (4, 4), (5, 4), (6, 5)), (1, 3))","(((2, 2), (2, 4), (4, 4), (5, 4), (6, 5)), (1, 3))",25,7,32.0,25,,,pruned,,,6055
"(((2, 2), (2, 4), (4, 4), (5, 4), (6, 6)), (1, 3))","(((2, 2), (2, 4), (4, 4), (5, 4), (6, 5)), (1, 3))",25,7,32.0,25,,,pruned,,,6056
"(((2, 1), (2, 4), (4, 4), (5, 4), (6, 5)), (1, 3))","(((2, 2), (2, 4), (4, 4), (5, 4), (6, 5)), (1, 3))",25,7,32.0,25,,,pruned,,,6057
"(((2, 2), (2, 4), (4, 4), (5, 4), (6, 5)), (1, 3))","(((2, 2), (2, 4), (4, 4), (5, 4), (6, 4)), (1, 3))",24,6.0,30.0,24,6,3,expanded,False,True,6058
"(((1, 4), (2, 2), (4, 4), (5, 2), (6, 5)), (1, 3))","(((2, 2), (2, 4), (4, 4), (5, 2), (6, 5)), (1, 3))",25,7,32.0,25,,,pruned,,,6059
"(((2, 2), (2, 4), (4, 4), (5, 2), (6, 6)), (1, 3))","(((2, 2), (2, 4), (4, 4), (5, 2), (6, 5)), (1, 3))",25,7,32.0,25,,,pruned,,,6060
"(((2, 1), (2, 4), (4, 4), (5, 2), (6, 5)), (1, 3))","(((2, 2), (2, 4), (4, 4), (5, 2), (6, 5)), (1, 3))",25,7,32.0,25,,,pruned,,,6061
"(((2, 2), (2, 4), (4, 4), (6, 2), (6, 5)), (1, 3))","(((2, 2), (2, 4), (4, 4), (5, 2), (6, 5)), (1, 3))",25,6,31.0,25,,,pruned,,,6062
"(((2, 2), (2, 4), (4, 4), (5, 1), (6, 5)), (1, 3))","(((2, 2), (2, 4), (4, 4), (5, 2), (6, 5)), (1, 3))",25,7,32.0,25,,,pruned,,,6063
"(((2, 2), (2, 4), (4, 4), (5, 2), (6, 5)), (1, 3))","(((2, 2), (2, 4), (4, 4), (5, 3), (6, 5)), (1, 3))",24,6.0,30.0,24,12,5,expanded,False,True,6064
"(((1, 4), (2, 2), (4, 2), (5, 4), (6, 5)), (1, 3))","(((2, 2), (2, 4), (4, 2), (5, 4), (6, 5)), (1, 3))",25,7,32.0,25,,,pruned,,,6065
"(((2, 2), (2, 4), (4, 2), (5, 4), (6, 6)), (1, 3))","(((2, 2), (2, 4), (4, 2), (5, 4), (6, 5)), (1, 3))",25,7,32.0,25,,,pruned,,,6066
"(((2, 1), (2, 4), (4, 2), (5, 4), (6, 5)), (1, 3))","(((2, 2), (2, 4), (4, 2), (5, 4), (6, 5)), (1, 3))",25,7,32.0,25,,,pruned,,,6067
"(((2, 2), (2, 4), (4, 1), (5, 4), (6, 5)), (1, 3))","(((2, 2), (2, 4), (4, 2), (5, 4), (6, 5)), (1, 3))",25,7,32.0,25,,,pruned,,,6068
"(((2, 2), (2, 4), (4, 2), (5, 4), (6, 5)), (1, 3))","(((2, 2), (2, 4), (4, 2), (5, 4), (6, 4)), (1, 3))",24,6.0,30.0,24,10,4,expanded,False,True,6069
"(((2, 2), (2, 4), (3, 4), (4, 2), (6, 6)), (1, 3))","(((2, 2), (2, 4), (3, 4), (4, 2), (6, 5)), (1, 3))",25,7,32.0,25,,,pruned,,,6070
"(((2, 1), (2, 4), (3, 4), (4, 2), (6, 5)), (1, 3))","(((2, 2), (2, 4), (3, 4), (4, 2), (6, 5)), (1, 3))",25,7,32.0,25,,,pruned,,,6071
"(((2, 2), (2, 4), (3, 4), (4, 1), (6, 5)), (1, 3))","(((2, 2), (2, 4), (3, 4), (4, 2), (6, 5)), (1, 3))",25,7,32.0,25,,,pruned,,,6072
"(((2, 2), (2, 4), (3, 4), (4, 2), (6, 5)), (1, 3))","(((2, 2), (2, 4), (3, 4), (4, 2), (6, 4)), (1, 3))",24,6.0,30.0,24,6,3,expanded,False,True,6073
"(((2, 2), (5, 2), (5, 3), (5, 6), (6, 5)), (1, 3))","(((2, 2), (5, 2), (5, 3), (5, 5), (6, 5)), (1, 3))",25,7,32.0,25,,,pruned,,,6074
"(((2, 2), (5, 2), (5, 3), (5, 5), (6, 6)), (1, 3))","(((2, 2), (5, 2), (5, 3), (5, 5), (6, 5)), (1, 3))",25,7,32.0,25,,,pruned,,,6075
"(((2, 1), (5, 2), (5, 3), (5, 5), (6, 5)), (1, 3))","(((2, 2), (5, 2), (5, 3), (5, 5), (6, 5)), (1, 3))",25,7,32.0,25,,,pruned,,,6076
"(((2, 2), (5, 3), (5, 5), (6, 2), (6, 5)), (1, 3))","(((2, 2), (5, 2), (5, 3), (5, 5), (6, 5)), (1, 3))",25,6,31.0,25,,,pruned,,,6077
"(((2, 2), (5, 2), (5, 3), (5, 5), (6, 5)), (1, 3))","(((2, 3), (5, 2), (5, 3), (5, 5), (6, 5)), (1, 3))",24,6.0,30.0,24,8,4,expanded,False,True,6078
"(((2, 2), (3, 3), (5, 2), (5, 6), (6, 5)), (1, 3))","(((2, 2), (3, 3), (5, 2), (5, 5), (6, 5)), (1, 3))",25,7,32.0,25,,,pruned,,,6079
"(((2, 2), (3, 3), (5, 2), (5, 5), (6, 6)), (1, 3))","(((2, 2), (3, 3), (5, 2), (5, 5), (6, 5)), (1, 3))",25,7,32.0,25,,,pruned,,,6080
"(((2, 1), (3, 3), (5, 2), (5, 5), (6, 5)), (1, 3))","(((2, 2), (3, 3), (5, 2), (5, 5), (6, 5)), (1, 3))",25,7,32.0,25,,,pruned,,,6081
"(((2, 2), (3, 3), (5, 5), (6, 2), (6, 5)), (1, 3))","(((2, 2), (3, 3), (5, 2), (5, 5), (6, 5)), (1, 3))",25,6,31.0,25,,,pruned,,,6082
"(((2, 2), (3, 3), (5, 1), (5, 5), (6, 5)), (1, 3))","(((2, 2), (3, 3), (5, 2), (5, 5), (6, 5)), (1, 3))",25,7,32.0,25,,,pruned,,,6083
"(((2, 2), (3, 3), (5, 2), (5, 5), (6, 5)), (1, 3))","(((2, 3), (3, 3), (5, 2), (5, 5), (6, 5)), (1, 3))",24,6.0,30.0,24,10,5,expanded,False,True,6084
"(((1, 3), (2, 2), (4, 2), (5, 5), (6, 5)), (1, 4))","(((2, 2), (2, 3), (4, 2), (5, 5), (6, 5)), (1, 3))",25,7,32.0,25,,,pruned,,,6085
"(((2, 2), (2, 3), (4, 2), (5, 6), (6, 5)), (1, 3))","(((2, 2), (2, 3), (4, 2), (5, 5), (6, 5)), (1, 3))",25,7,32.0,25,,,pruned,,,6086
"(((2, 2), (2, 3), (4, 2), (5, 5), (6, 6)), (1, 3))","(((2, 2), (2, 3), (4, 2), (5, 5), (6, 5)), (1, 3))",25,7,32.0,25,,,pruned,,,6087
"(((2, 2), (2, 3), (4, 1), (5, 5), (6, 5)), (1, 3))","(((2, 2), (2, 3), (4, 2), (5, 5), (6, 5)), (1, 3))",25,7,32.0,25,,,pruned,,,6088
"(((2, 2), (2, 3), (4, 2), (5, 5), (6, 5)), (1, 3))","(((2, 2), (3, 3), (4, 2), (5, 5), (6, 5)), (1, 3))",24,6.0,30.0,24,6,4,expanded,False,True,6089
"(((2, 2), (3, 3), (3, 4), (5, 4), (6, 6)), (2, 1))","(((2, 2), (3, 3), (3, 4), (5, 4), (6, 5)), (2, 1))",26,6,32.0,26,,,pruned,,,6090
"(((2, 2), (3, 3), (3, 4), (5, 4), (6, 5)), (2, 1))","(((2, 2), (3, 3), (3, 4), (5, 4), (6, 4)), (2, 1))",25,5.0,30.0,25,7,1,expanded,False,True,6091
"(((2, 2), (3, 3), (3, 4), (5, 2), (6, 6)), (2, 1))","(((2, 2), (3, 3), (3, 4), (5, 2), (6, 5)), (2, 1))",26,6,32.0,26,,,pruned,,,6092
"(((2, 2), (3, 3), (3, 4), (6, 2), (6, 5)), (2, 1))","(((2, 2), (3, 3), (3, 4), (5, 2), (6, 5)), (2, 1))",26,5,31.0,26,,,pruned,,,6093
"(((2, 2), (3, 3), (3, 4), (5, 1), (6, 5)), (2, 1))","(((2, 2), (3, 3), (3, 4), (5, 2), (6, 5)), (2, 1))",26,6,32.0,26,,,pruned,,,6094
"(((2, 2), (3, 3), (3, 4), (5, 2), (6, 5)), (2, 1))","(((2, 2), (3, 3), (3, 4), (5, 2), (6, 4)), (2, 1))",25,5.0,30.0,25,9,3,expanded,False,True,6095
"(((1, 3), (2, 2), (3, 4), (4, 4), (6, 5)), (1, 4))","(((2, 2), (2, 3), (3, 4), (4, 4), (6, 5)), (2, 1))",26,6,32.0,26,,,pruned,,,6096
"(((2, 2), (2, 3), (3, 4), (4, 4), (6, 6)), (2, 1))","(((2, 2), (2, 3), (3, 4), (4, 4), (6, 5)), (2, 1))",26,6,32.0,26,,,pruned,,,6097
"(((2, 2), (2, 3), (3, 4), (4, 4), (6, 5)), (2, 1))","(((2, 2), (2, 3), (3, 4), (4, 4), (6, 4)), (2, 1))",25,5.0,30.0,25,3,2,expanded,False,True,6098
"(((2, 2), (2, 4), (3, 3), (4, 4), (6, 6)), (2, 1))","(((2, 2), (2, 4), (3, 3), (4, 4), (6, 5)), (2, 1))",26,6,32.0,26,,,pruned,,,6099
"(((2, 2), (2, 4), (3, 3), (4, 4), (6, 5)), (2, 1))","(((2, 2), (2, 4), (3, 3), (4, 4), (6, 4)), (2, 1))",25,5.0,30.0,25,5,1,expanded,False,True,6100
"(((2, 1), (2, 4), (3, 4), (4, 4), (6, 4)), (1, 3))","(((2, 2), (2, 4), (3, 4), (4, 4), (6, 4)), (1, 3))",26,6,32.0,26,,,pruned,,,6101
"(((2, 2), (2, 4), (3, 4), (4, 4), (6, 4)), (1, 3))","(((2, 2), (2, 4), (3, 4), (4, 4), (6, 3)), (1, 3))",25,5.0,30.0,25,4,1,expanded,False,True,6102
"(((2, 2), (2, 4), (3, 4), (4, 3), (6, 6)), (2, 1))","(((2, 2), (2, 4), (3, 4), (4, 3), (6, 5)), (2, 1))",26,6,32.0,26,,,pruned,,,6103
"(((2, 2), (2, 4), (3, 4), (4, 3), (6, 5)), (2, 1))","(((2, 2), (2, 4), (3, 4), (4, 3), (6, 4)), (2, 1))",25,5.0,30.0,25,6,1,expanded,False,True,6104
"(((2, 2), (3, 4), (5, 3), (5, 4), (6, 6)), (1, 3))","(((2, 2), (3, 4), (5, 3), (5, 4), (6, 5)), (1, 3))",26,6,32.0,26,,,pruned,,,6105
"(((2, 1), (3, 4), (5, 3), (5, 4), (6, 5)), (1, 3))","(((2, 2), (3, 4), (5, 3), (5, 4), (6, 5)), (1, 3))",26,6,32.0,26,,,pruned,,,6106
"(((2, 2), (3, 4), (5, 3), (5, 4), (6, 5)), (1, 3))","(((2, 2), (3, 4), (5, 3), (5, 4), (6, 4)), (1, 3))",25,5.0,30.0,25,9,2,expanded,False,True,6107
"(((2, 2), (2, 4), (4, 3), (5, 4), (6, 6)), (2, 1))","(((2, 2), (2, 4), (4, 3), (5, 4), (6, 5)), (2, 1))",26,6,32.0,26,,,pruned,,,6108
"(((2, 2), (2, 4), (4, 3), (5, 4), (6, 5)), (2, 1))","(((2, 2), (2, 4), (4, 3), (5, 4), (6, 4)), (2, 1))",25,5.0,30.0,25,6,1,expanded,False,True,6109
"(((1, 3), (2, 2), (5, 5), (6, 3), (6, 5)), (1, 4))","(((2, 2), (2, 3), (5, 5), (6, 3), (6, 5)), (1, 3))",26,6,32.0,26,,,pruned,,,6110
"(((2, 2), (2, 3), (5, 6), (6, 3), (6, 5)), (1, 3))","(((2, 2), (2, 3), (5, 5), (6, 3), (6, 5)), (1, 3))",26,6,32.0,26,,,pruned,,,6111
"(((2, 2), (2, 3), (5, 5), (6, 3), (6, 6)), (1, 3))","(((2, 2), (2, 3), (5, 5), (6, 3), (6, 5)), (1, 3))",26,6,32.0,26,,,pruned,,,6112
"(((2, 2), (2, 3), (5, 5), (6, 2), (6, 5)), (1, 3))","(((2, 2), (2, 3), (5, 5), (6, 3), (6, 5)), (1, 3))",26,6,32.0,26,,,pruned,,,6113
"(((2, 2), (2, 3), (5, 5), (6, 3), (6, 5)), (1, 3))","(((2, 2), (2, 3), (5, 4), (6, 3), (6, 5)), (1, 3))",25,5.0,30.0,25,6,4,expanded,False,True,6114
"(((1, 4), (2, 2), (4, 4), (5, 2), (6, 4)), (1, 3))","(((2, 2), (2, 4), (4, 4), (5, 2), (6, 4)), (1, 3))",26,6,32.0,26,,,pruned,,,6115
"(((2, 1), (2, 4), (4, 4), (5, 2), (6, 4)), (1, 3))","(((2, 2), (2, 4), (4, 4), (5, 2), (6, 4)), (1, 3))",26,6,32.0,26,,,pruned,,,6116
"(((2, 2), (2, 4), (4, 4), (6, 2), (6, 4)), (1, 3))","(((2, 2), (2, 4), (4, 4), (5, 2), (6, 4)), (1, 3))",26,5,31.0,26,,,pruned,,,6117
"(((2, 2), (2, 4), (4, 4), (5, 1), (6, 4)), (1, 3))","(((2, 2), (2, 4), (4, 4), (5, 2), (6, 4)), (1, 3))",26,6,32.0,26,,,pruned,,,6118
"(((2, 2), (2, 4), (4, 4), (5, 2), (6, 4)), (1, 3))","(((2, 2), (2, 4), (4, 4), (5, 3), (6, 4)), (5, 4))",25,5.0,30.0,25,12,4,expanded,False,True,6119
"(((2, 2), (3, 3), (5, 3), (5, 6), (6, 5)), (1, 3))","(((2, 2), (3, 3), (5, 3), (5, 5), (6, 5)), (1, 3))",26,6,32.0,26,,,pruned,,,6120
"(((2, 2), (3, 3), (5, 3), (5, 5), (6, 6)), (1, 3))","(((2, 2), (3, 3), (5, 3), (5, 5), (6, 5)), (1, 3))",26,6,32.0,26,,,pruned,,,6121
"(((2, 1), (3, 3), (5, 3), (5, 5), (6, 5)), (1, 3))","(((2, 2), (3, 3), (5, 3), (5, 5), (6, 5)), (1, 3))",26,6,32.0,26,,,pruned,,,6122
"(((2, 2), (3, 3), (5, 3), (5, 5), (6, 5)), (1, 3))","(((2, 3), (3, 3), (5, 3), (5, 5), (6, 5)), (1, 3))",25,5.0,30.0,25,10,3,expanded,False,True,6123
"(((2, 2), (2, 4), (3, 4), (6, 3), (6, 6)), (1, 3))","(((2, 2), (2, 4), (3, 4), (6, 3), (6, 5)), (1, 3))",26,6,32.0,26,,,pruned,,,6124
"(((2, 1), (2, 4), (3, 4), (6, 3), (6, 5)), (1, 3))","(((2, 2), (2, 4), (3, 4), (6, 3), (6, 5)), (1, 3))",26,6,32.0,26,,,pruned,,,6125
"(((2, 2), (2, 4), (3, 4), (6, 2), (6, 5)), (1, 3))","(((2, 2), (2, 4), (3, 4), (6, 3), (6, 5)), (1, 3))",26,6,32.0,26,,,pruned,,,6126
"(((2, 2), (2, 4), (3, 4), (6, 3), (6, 5)), (1, 3))","(((2, 2), (2, 4), (3, 4), (5, 3), (6, 5)), (1, 3))",25,5.0,30.0,25,6,3,expanded,False,True,6127
"(((1, 3), (2, 2), (4, 3), (5, 5), (6, 5)), (1, 4))","(((2, 2), (2, 3), (4, 3), (5, 5), (6, 5)), (1, 3))",26,6,32.0,26,,,pruned,,,6128
"(((2, 2), (2, 3), (4, 3), (5, 6), (6, 5)), (1, 3))","(((2, 2), (2, 3), (4, 3), (5, 5), (6, 5)), (1, 3))",26,6,32.0,26,,,pruned,,,6129
"(((2, 2), (2, 3), (4, 3), (5, 5), (6, 6)), (1, 3))","(((2, 2), (2, 3), (4, 3), (5, 5), (6, 5)), (1, 3))",26,6,32.0,26,,,pruned,,,6130
"(((2, 2), (2, 3), (4, 3), (5, 5), (6, 5)), (1, 3))","(((2, 2), (2, 3), (4, 2), (5, 5), (6, 5)), (1, 3))",25,5.0,30.0,25,8,3,expanded,False,True,6131
"(((1, 3), (2, 2), (2, 4), (5, 4), (6, 4)), (2, 1))","(((2, 2), (2, 3), (2, 4), (5, 4), (6, 4)), (2, 1))",27,5,32.0,27,,,pruned,,,6132
"(((1, 4), (2, 2), (2, 3), (5, 4), (6, 4)), (2, 1))","(((2, 2), (2, 3), (2, 4), (5, 4), (6, 4)), (2, 1))",27,5,32.0,27,,,pruned,,,6133
"(((2, 2), (2, 3), (2, 4), (5, 4), (6, 4)), (2, 1))","(((2, 2), (2, 3), (2, 4), (5, 4), (6, 3)), (2, 1))",26,4.0,30.0,26,4,2,expanded,False,True,6134
"(((1, 3), (2, 2), (2, 4), (5, 2), (6, 4)), (2, 1))","(((2, 2), (2, 3), (2, 4), (5, 2), (6, 4)), (2, 1))",27,5,32.0,27,,,pruned,,,6135
"(((1, 4), (2, 2), (2, 3), (5, 2), (6, 4)), (2, 1))","(((2, 2), (2, 3), (2, 4), (5, 2), (6, 4)), (2, 1))",27,5,32.0,27,,,pruned,,,6136
"(((2, 2), (2, 3), (2, 4), (6, 2), (6, 4)), (2, 1))","(((2, 2), (2, 3), (2, 4), (5, 2), (6, 4)), (2, 1))",27,4,31.0,27,,,pruned,,,6137
"(((2, 2), (2, 3), (2, 4), (5, 1), (6, 4)), (2, 1))","(((2, 2), (2, 3), (2, 4), (5, 2), (6, 4)), (2, 1))",27,5,32.0,27,,,pruned,,,6138
"(((2, 2), (2, 3), (2, 4), (5, 2), (6, 4)), (2, 1))","(((2, 2), (2, 3), (2, 4), (5, 3), (6, 4)), (2, 1))",26,4.0,30.0,26,8,4,expanded,False,True,6139
"(((1, 3), (2, 2), (2, 4), (5, 3), (6, 5)), (2, 1))","(((2, 2), (2, 3), (2, 4), (5, 3), (6, 5)), (2, 1))",27,5,32.0,27,,,pruned,,,6140
"(((1, 4), (2, 2), (2, 3), (5, 3), (6, 5)), (2, 1))","(((2, 2), (2, 3), (2, 4), (5, 3), (6, 5)), (2, 1))",27,5,32.0,27,,,pruned,,,6141
"(((2, 2), (2, 3), (2, 4), (5, 3), (6, 6)), (2, 1))","(((2, 2), (2, 3), (2, 4), (5, 3), (6, 5)), (2, 1))",27,5,32.0,27,,,pruned,,,6142
"(((2, 2), (2, 3), (2, 4), (5, 3), (6, 5)), (2, 1))","(((2, 2), (2, 3), (2, 4), (5, 3), (6, 4)), (2, 1))",26,4.0,30.0,26,8,3,expanded,False,True,6143
"(((1, 3), (2, 2), (4, 4), (5, 3), (6, 5)), (1, 4))","(((2, 2), (2, 3), (4, 4), (5, 3), (6, 5)), (1, 3))",27,5,32.0,27,,,pruned,,,6144
"(((2, 2), (2, 3), (4, 4), (5, 3), (6, 6)), (1, 3))","(((2, 2), (2, 3), (4, 4), (5, 3), (6, 5)), (1, 3))",27,5,32.0,27,,,pruned,,,6145
"(((2, 2), (2, 3), (4, 4), (5, 3), (6, 5)), (1, 3))","(((2, 2), (2, 3), (4, 4), (5, 3), (6, 4)), (1, 3))",26,4.0,30.0,26,10,2,expanded,False,True,6146
"(((1, 3), (3, 4), (5, 3), (5, 4), (6, 5)), (1, 4))","(((2, 3), (3, 4), (5, 3), (5, 4), (6, 5)), (2, 1))",27,5,32.0,27,,,pruned,,,6147
"(((2, 3), (3, 4), (5, 3), (5, 4), (6, 6)), (2, 1))","(((2, 3), (3, 4), (5, 3), (5, 4), (6, 5)), (2, 1))",27,5,32.0,27,,,pruned,,,6148
"(((2, 3), (3, 4), (5, 3), (5, 4), (6, 5)), (2, 1))","(((2, 3), (3, 4), (5, 3), (5, 4), (6, 4)), (2, 1))",26,4.0,30.0,26,8,2,expanded,False,True,6149
"(((1, 3), (2, 2), (3, 4), (4, 2), (6, 4)), (1, 4))","(((2, 2), (2, 3), (3, 4), (4, 2), (6, 4)), (2, 1))",27,5,32.0,27,,,pruned,,,6150
"(((2, 2), (2, 3), (3, 4), (4, 1), (6, 4)), (3, 3))","(((2, 2), (2, 3), (3, 4), (4, 2), (6, 4)), (2, 1))",27,5,32.0,27,,,pruned,,,6151
"(((2, 2), (2, 3), (3, 4), (4, 2), (6, 4)), (2, 1))","(((2, 2), (2, 3), (3, 4), (4, 3), (6, 4)), (2, 1))",26,4.0,30.0,26,6,2,expanded,False,True,6152
"(((2, 2), (2, 3), (3, 4), (4, 3), (6, 6)), (2, 1))","(((2, 2), (2, 3), (3, 4), (4, 3), (6, 5)), (2, 1))",27,5,32.0,27,,,pruned,,,6153
"(((2, 2), (2, 3), (3, 4), (4, 3), (6, 5)), (2, 1))","(((2, 2), (2, 3), (3, 4), (4, 3), (6, 4)), (2, 1))",26,4.0,30.0,26,6,1,expanded,False,True,6154
"(((1, 4), (2, 2), (3, 3), (4, 2), (6, 4)), (1, 3))","(((2, 2), (2, 4), (3, 3), (4, 2), (6, 4)), (2, 1))",27,5,32.0,27,,,pruned,,,6155
"(((2, 2), (2, 4), (3, 3), (4, 1), (6, 4)), (3, 4))","(((2, 2), (2, 4), (3, 3), (4, 2), (6, 4)), (2, 1))",27,5,32.0,27,,,pruned,,,6156
"(((2, 2), (2, 4), (3, 3), (4, 2), (6, 4)), (2, 1))","(((2, 2), (2, 4), (3, 3), (4, 3), (6, 4)), (2, 1))",26,4.0,30.0,26,7,2,expanded,False,True,6157
"(((1, 4), (2, 2), (3, 3), (4, 3), (6, 5)), (1, 3))","(((2, 2), (2, 4), (3, 3), (4, 3), (6, 5)), (2, 1))",27,5,32.0,27,,,pruned,,,6158
"(((2, 2), (2, 4), (3, 3), (4, 3), (6, 6)), (2, 1))","(((2, 2), (2, 4), (3, 3), (4, 3), (6, 5)), (2, 1))",27,5,32.0,27,,,pruned,,,6159
"(((2, 2), (2, 4), (3, 3), (4, 3), (6, 5)), (2, 1))","(((2, 2), (2, 4), (3, 3), (4, 3), (6, 4)), (2, 1))",26,4.0,30.0,26,6,2,expanded,False,True,6160
"(((2, 2), (3, 3), (4, 3), (4, 4), (6, 6)), (2, 1))","(((2, 2), (3, 3), (4, 3), (4, 4), (6, 5)), (2, 1))",27,5,32.0,27,,,pruned,,,6161
"(((2, 2), (3, 3), (4, 3), (4, 4), (6, 5)), (2, 1))","(((2, 2), (3, 3), (4, 3), (4, 4), (6, 4)), (2, 1))",26,4.0,30.0,26,4,1,expanded,False,True,6162
"(((2, 2), (3, 3), (5, 2), (5, 6), (6, 3)), (1, 3))","(((2, 2), (3, 3), (5, 2), (5, 5), (6, 3)), (1, 3))",27,5,32.0,27,,,pruned,,,6163
"(((2, 1), (3, 3), (5, 2), (5, 5), (6, 3)), (1, 3))","(((2, 2), (3, 3), (5, 2), (5, 5), (6, 3)), (1, 3))",27,5,32.0,27,,,pruned,,,6164
"(((2, 2), (3, 3), (5, 2), (5, 5), (6, 2)), (1, 3))","(((2, 2), (3, 3), (5, 2), (5, 5), (6, 3)), (1, 3))",27,5,32.0,27,,,pruned,,,6165
"(((2, 2), (3, 3), (5, 5), (6, 2), (6, 3)), (1, 3))","(((2, 2), (3, 3), (5, 2), (5, 5), (6, 3)), (1, 3))",27,4,31.0,27,,,pruned,,,6166
"(((2, 2), (3, 3), (5, 1), (5, 5), (6, 3)), (1, 3))","(((2, 2), (3, 3), (5, 2), (5, 5), (6, 3)), (1, 3))",27,5,32.0,27,,,pruned,,,6167
"(((2, 2), (3, 3), (5, 2), (5, 5), (6, 3)), (1, 3))","(((2, 2), (3, 3), (5, 2), (5, 4), (6, 3)), (1, 3))",26,4.0,30.0,26,10,5,expanded,False,True,6168
"(((1, 3), (2, 2), (2, 4), (3, 4), (6, 4)), (2, 1))","(((2, 2), (2, 3), (2, 4), (3, 4), (6, 4)), (2, 1))",27,5,32.0,27,,,pruned,,,6169
"(((2, 2), (2, 3), (2, 4), (3, 4), (6, 4)), (2, 1))","(((2, 2), (2, 3), (2, 4), (3, 4), (6, 3)), (2, 1))",26,4.0,30.0,26,3,1,expanded,False,True,6170
"(((2, 3), (3, 3), (4, 2), (4, 4), (6, 6)), (2, 1))","(((2, 3), (3, 3), (4, 2), (4, 4), (6, 5)), (2, 1))",27,5,32.0,27,,,pruned,,,6171
"(((2, 3), (3, 3), (4, 1), (4, 4), (6, 5)), (4, 2))","(((2, 3), (3, 3), (4, 2), (4, 4), (6, 5)), (2, 1))",27,5,32.0,27,,,pruned,,,6172
"(((2, 3), (3, 3), (4, 2), (4, 4), (6, 5)), (2, 1))","(((2, 3), (3, 3), (4, 4), (5, 2), (6, 5)), (2, 1))",26,4.0,30.0,26,6,2,expanded,False,True,6173
"(((1, 3), (2, 2), (3, 4), (6, 3), (6, 5)), (1, 4))","(((2, 2), (2, 3), (3, 4), (6, 3), (6, 5)), (2, 1))",27,5,32.0,27,,,pruned,,,6174
"(((2, 2), (2, 3), (3, 4), (6, 3), (6, 6)), (2, 1))","(((2, 2), (2, 3), (3, 4), (6, 3), (6, 5)), (2, 1))",27,5,32.0,27,,,pruned,,,6175
"(((2, 2), (2, 3), (3, 4), (6, 2), (6, 5)), (2, 1))","(((2, 2), (2, 3), (3, 4), (6, 3), (6, 5)), (2, 1))",27,5,32.0,27,,,pruned,,,6176
"(((2, 2), (2, 3), (3, 4), (6, 3), (6, 5)), (2, 1))","(((2, 2), (2, 3), (3, 4), (5, 3), (6, 5)), (2, 1))",26,4.0,30.0,26,6,3,expanded,False,True,6177
"(((1, 4), (2, 2), (3, 3), (6, 3), (6, 5)), (1, 3))","(((2, 2), (2, 4), (3, 3), (6, 3), (6, 5)), (2, 1))",27,5,32.0,27,,,pruned,,,6178
"(((2, 2), (2, 4), (3, 3), (6, 3), (6, 6)), (2, 1))","(((2, 2), (2, 4), (3, 3), (6, 3), (6, 5)), (2, 1))",27,5,32.0,27,,,pruned,,,6179
"(((2, 2), (2, 4), (3, 3), (6, 2), (6, 5)), (2, 1))","(((2, 2), (2, 4), (3, 3), (6, 3), (6, 5)), (2, 1))",27,5,32.0,27,,,pruned,,,6180
"(((2, 2), (2, 4), (3, 3), (6, 3), (6, 5)), (2, 1))","(((2, 2), (2, 4), (3, 3), (5, 3), (6, 5)), (2, 1))",26,4.0,30.0,26,7,3,expanded,False,True,6181
"(((2, 1), (3, 4), (4, 3), (6, 3), (6, 5)), (1, 3))","(((2, 2), (3, 4), (4, 3), (6, 3), (6, 5)), (1, 3))",27,5,32.0,27,,,pruned,,,6182
"(((2, 2), (3, 4), (4, 3), (6, 3), (6, 5)), (1, 3))","(((2, 2), (2, 4), (4, 3), (6, 3), (6, 5)), (1, 3))",26,4.0,30.0,26,3,1,expanded,False,True,6183
"(((2, 1), (3, 3), (4, 4), (6, 3), (6, 5)), (1, 3))","(((2, 2), (3, 3), (4, 4), (6, 3), (6, 5)), (1, 3))",27,5,32.0,27,,,pruned,,,6184
"(((2, 2), (3, 3), (4, 4), (6, 3), (6, 5)), (1, 3))","(((2, 2), (2, 3), (4, 4), (6, 3), (6, 5)), (1, 3))",26,4.0,30.0,26,3,1,expanded,False,True,6185
"(((2, 1), (4, 3), (5, 2), (6, 3), (6, 4)), (1, 3))","(((2, 2), (4, 3), (5, 2), (6, 3), (6, 4)), (1, 3))",28,4,32.0,28,,,pruned,,,6186
"(((2, 2), (4, 3), (5, 1), (6, 3), (6, 4)), (1, 3))","(((2, 2), (4, 3), (5, 2), (6, 3), (6, 4)), (1, 3))",28,4,32.0,28,,,pruned,,,6187
"(((2, 2), (4, 3), (5, 2), (6, 3), (6, 4)), (1, 3))","(((2, 2), (4, 3), (5, 3), (6, 3), (6, 4)), (1, 3))",27,3.0,30.0,27,5,2,expanded,False,True,6188
"(((2, 1), (3, 3), (5, 3), (5, 4), (6, 4)), (1, 3))","(((2, 2), (3, 3), (5, 3), (5, 4), (6, 4)), (1, 3))",28,4,32.0,28,,,pruned,,,6189
"(((2, 2), (3, 3), (5, 3), (5, 4), (6, 4)), (1, 3))","(((2, 2), (3, 3), (5, 3), (5, 4), (6, 3)), (1, 3))",27,3.0,30.0,27,7,1,expanded,False,True,6190
"(((1, 4), (2, 2), (3, 3), (4, 2), (6, 3)), (1, 3))","(((2, 2), (2, 4), (3, 3), (4, 2), (6, 3)), (2, 1))",28,4,32.0,28,,,pruned,,,6191
"(((2, 2), (2, 4), (3, 3), (4, 2), (6, 2)), (2, 1))","(((2, 2), (2, 4), (3, 3), (4, 2), (6, 3)), (2, 1))",28,4,32.0,28,,,pruned,,,6192
"(((2, 2), (2, 4), (3, 3), (4, 1), (6, 3)), (3, 4))","(((2, 2), (2, 4), (3, 3), (4, 2), (6, 3)), (2, 1))",28,4,32.0,28,,,pruned,,,6193
"(((2, 2), (2, 4), (3, 3), (4, 2), (6, 3)), (2, 1))","(((2, 2), (2, 4), (3, 3), (4, 3), (6, 3)), (2, 1))",27,3.0,30.0,27,7,3,expanded,False,True,6194
"(((1, 3), (2, 2), (3, 4), (4, 2), (6, 3)), (1, 4))","(((2, 2), (2, 3), (3, 4), (4, 2), (6, 3)), (2, 1))",28,4,32.0,28,,,pruned,,,6195
"(((2, 2), (2, 3), (3, 4), (4, 2), (6, 2)), (2, 1))","(((2, 2), (2, 3), (3, 4), (4, 2), (6, 3)), (2, 1))",28,4,32.0,28,,,pruned,,,6196
"(((2, 2), (2, 3), (3, 4), (4, 1), (6, 3)), (3, 3))","(((2, 2), (2, 3), (3, 4), (4, 2), (6, 3)), (2, 1))",28,4,32.0,28,,,pruned,,,6197
"(((2, 2), (2, 3), (3, 4), (4, 2), (6, 3)), (2, 1))","(((2, 2), (2, 3), (3, 4), (4, 3), (6, 3)), (2, 1))",27,3.0,30.0,27,6,3,expanded,False,True,6198
"(((1, 4), (3, 3), (5, 2), (5, 4), (6, 3)), (1, 3))","(((2, 4), (3, 3), (5, 2), (5, 4), (6, 3)), (1, 3))",28,4,32.0,28,,,pruned,,,6199
"(((2, 4), (3, 3), (5, 4), (6, 2), (6, 3)), (1, 3))","(((2, 4), (3, 3), (5, 2), (5, 4), (6, 3)), (1, 3))",28,3,31.0,28,,,pruned,,,6200
"(((2, 4), (3, 3), (5, 1), (5, 4), (6, 3)), (1, 3))","(((2, 4), (3, 3), (5, 2), (5, 4), (6, 3)), (1, 3))",28,4,32.0,28,,,pruned,,,6201
"(((2, 4), (3, 3), (5, 2), (5, 4), (6, 3)), (1, 3))","(((2, 3), (3, 3), (5, 2), (5, 4), (6, 3)), (1, 3))",27,3.0,30.0,27,9,3,expanded,False,True,6202
"(((2, 3), (3, 3), (5, 2), (5, 6), (6, 3)), (1, 3))","(((2, 3), (3, 3), (5, 2), (5, 5), (6, 3)), (1, 3))",28,4,32.0,28,,,pruned,,,6203
"(((2, 3), (3, 3), (5, 2), (5, 5), (6, 2)), (1, 3))","(((2, 3), (3, 3), (5, 2), (5, 5), (6, 3)), (1, 3))",28,4,32.0,28,,,pruned,,,6204
"(((2, 3), (3, 3), (5, 5), (6, 2), (6, 3)), (1, 3))","(((2, 3), (3, 3), (5, 2), (5, 5), (6, 3)), (1, 3))",28,3,31.0,28,,,pruned,,,6205
"(((2, 3), (3, 3), (5, 1), (5, 5), (6, 3)), (1, 3))","(((2, 3), (3, 3), (5, 2), (5, 5), (6, 3)), (1, 3))",28,4,32.0,28,,,pruned,,,6206
"(((2, 3), (3, 3), (5, 2), (5, 5), (6, 3)), (1, 3))","(((2, 3), (3, 3), (5, 2), (5, 4), (6, 3)), (1, 3))",27,3.0,30.0,27,8,4,expanded,False,True,6207
"(((2, 2), (2, 3), (4, 3), (5, 4), (6, 4)), (2, 1))","(((2, 2), (2, 3), (5, 3), (5, 4), (6, 4)), (1, 3))",27,3.0,30.0,27,4,0,expanded,False,True,6208
"(((2, 3), (3, 3), (4, 1), (4, 4), (6, 4)), (4, 2))","(((2, 3), (3, 3), (4, 2), (4, 4), (6, 4)), (2, 1))",28,4,32.0,28,,,pruned,,,6209
"(((2, 3), (3, 3), (4, 2), (4, 4), (6, 4)), (2, 1))","(((2, 3), (3, 3), (4, 4), (5, 2), (6, 4)), (2, 1))",27,3.0,30.0,27,6,1,expanded,False,True,6210
"(((1, 4), (2, 2), (2, 3), (3, 3), (6, 4)), (2, 1))","(((2, 2), (2, 3), (2, 4), (3, 3), (6, 4)), (2, 1))",28,4,32.0,28,,,pruned,,,6211
"(((2, 2), (2, 3), (2, 4), (3, 3), (6, 4)), (2, 1))","(((2, 2), (2, 3), (2, 4), (4, 3), (6, 4)), (2, 1))",27,3.0,30.0,27,3,1,expanded,False,True,6212
"(((2, 1), (4, 3), (4, 4), (5, 3), (6, 4)), (1, 3))","(((2, 2), (4, 3), (4, 4), (5, 3), (6, 4)), (1, 3))",28,4,32.0,28,,,pruned,,,6213
"(((2, 2), (4, 3), (4, 4), (5, 3), (6, 4)), (1, 3))","(((2, 2), (3, 3), (4, 4), (5, 3), (6, 4)), (1, 3))",27,3.0,30.0,27,2,1,expanded,False,True,6214
"(((2, 2), (2, 3), (3, 3), (4, 4), (6, 4)), (2, 1))","(((2, 2), (2, 3), (4, 3), (4, 4), (6, 4)), (2, 1))",27,3.0,30.0,27,3,0,expanded,False,True,6215
"(((2, 2), (3, 3), (5, 3), (5, 6), (6, 3)), (1, 3))","(((2, 2), (3, 3), (5, 3), (5, 5), (6, 3)), (1, 3))",28,4,32.0,28,,,pruned,,,6216
"(((2, 1), (3, 3), (5, 3), (5, 5), (6, 3)), (1, 3))","(((2, 2), (3, 3), (5, 3), (5, 5), (6, 3)), (1, 3))",28,4,32.0,28,,,pruned,,,6217
"(((2, 2), (3, 3), (5, 3), (5, 5), (6, 2)), (1, 3))","(((2, 2), (3, 3), (5, 3), (5, 5), (6, 3)), (1, 3))",28,4,32.0,28,,,pruned,,,6218
"(((2, 2), (3, 3), (5, 3), (5, 5), (6, 3)), (1, 3))","(((2, 2), (2, 3), (5, 3), (5, 5), (6, 3)), (1, 3))",27,3.0,30.0,27,10,3,expanded,False,True,6219
"(((2, 2), (2, 3), (4, 4), (5, 3), (6, 4)), (5, 4))","(((2, 2), (2, 3), (4, 4), (5, 3), (6, 5)), (1, 3))",27,3.0,30.0,27,3,0,expanded,False,True,6220
"(((2, 2), (3, 3), (5, 2), (5, 4), (6, 2)), (1, 3))","(((2, 2), (3, 3), (5, 2), (5, 4), (6, 3)), (5, 5))",28,4,32.0,28,,,pruned,,,6221
"(((2, 2), (3, 3), (5, 2), (5, 4), (6, 3)), (5, 5))","(((2, 2), (3, 3), (5, 2), (5, 5), (6, 3)), (1, 3))",27,3.0,30.0,27,3,1,expanded,False,True,6222
"(((1, 4), (3, 3), (5, 3), (5, 4), (6, 3)), (1, 3))","(((2, 4), (3, 3), (5, 3), (5, 4), (6, 3)), (1, 3))",29,3,32.0,29,,,pruned,,,6223
"(((2, 4), (3, 3), (5, 3), (5, 4), (6, 3)), (1, 3))","(((2, 3), (3, 3), (5, 3), (5, 4), (6, 3)), (1, 3))",28,2.0,30.0,28,6,1,expanded,False,True,6224
"(((2, 3), (3, 3), (5, 3), (5, 4), (6, 4)), (1, 3))","(((2, 3), (3, 3), (5, 3), (5, 4), (6, 3)), (1, 3))",28,2.0,30.0,28,5,0,expanded,False,True,6225
"(((1, 4), (2, 2), (2, 3), (3, 3), (6, 3)), (2, 1))","(((2, 2), (2, 3), (2, 4), (3, 3), (6, 3)), (2, 1))",29,3,32.0,29,,,pruned,,,6226
"(((2, 2), (2, 3), (2, 4), (3, 3), (6, 2)), (2, 1))","(((2, 2), (2, 3), (2, 4), (3, 3), (6, 3)), (2, 1))",29,3,32.0,29,,,pruned,,,6227
"(((2, 2), (2, 3), (2, 4), (3, 3), (6, 3)), (2, 1))","(((2, 2), (2, 3), (3, 3), (3, 4), (6, 3)), (2, 1))",28,2.0,30.0,28,3,2,expanded,False,True,6228
"(((2, 2), (2, 3), (3, 3), (4, 4), (6, 2)), (2, 1))","(((2, 2), (2, 3), (3, 3), (4, 4), (6, 3)), (2, 1))",29,3,32.0,29,,,pruned,,,6229
"(((2, 2), (2, 3), (3, 3), (4, 4), (6, 3)), (2, 1))","(((2, 2), (2, 3), (4, 3), (4, 4), (6, 3)), (2, 1))",28,2.0,30.0,28,3,1,expanded,False,True,6230
"(((2, 1), (3, 3), (5, 2), (5, 3), (6, 3)), (1, 3))","(((2, 2), (3, 3), (5, 2), (5, 3), (6, 3)), (1, 3))",29,3,32.0,29,,,pruned,,,6231
"(((2, 2), (3, 3), (5, 2), (5, 3), (6, 2)), (1, 3))","(((2, 2), (3, 3), (5, 2), (5, 3), (6, 3)), (1, 3))",29,3,32.0,29,,,pruned,,,6232
"(((2, 2), (3, 3), (5, 3), (6, 2), (6, 3)), (1, 3))","(((2, 2), (3, 3), (5, 2), (5, 3), (6, 3)), (1, 3))",29,2,31.0,29,,,pruned,,,6233
"(((2, 2), (3, 3), (5, 2), (5, 3), (6, 3)), (1, 3))","(((2, 2), (2, 3), (5, 2), (5, 3), (6, 3)), (1, 3))",28,2.0,30.0,28,6,3,expanded,False,True,6234
"(((2, 3), (3, 3), (5, 2), (5, 4), (6, 2)), (1, 3))","(((2, 3), (3, 3), (5, 2), (5, 4), (6, 3)), (5, 5))",29,3,32.0,29,,,pruned,,,6235
"(((2, 3), (3, 3), (5, 2), (5, 4), (6, 3)), (5, 5))","(((2, 3), (3, 3), (5, 2), (5, 5), (6, 3)), (1, 3))",28,2.0,30.0,28,3,1,expanded,False,True,6236
"(((2, 3), (3, 3), (5, 3), (5, 6), (6, 3)), (1, 3))","(((2, 3), (3, 3), (5, 3), (5, 5), (6, 3)), (1, 3))",29,3,32.0,29,,,pruned,,,6237
"(((2, 3), (3, 3), (5, 3), (5, 5), (6, 2)), (1, 3))","(((2, 3), (3, 3), (5, 3), (5, 5), (6, 3)), (1, 3))",29,3,32.0,29,,,pruned,,,6238
"(((2, 3), (3, 3), (5, 3), (5, 5), (6, 3)), (1, 3))","(((2, 3), (3, 3), (5, 2), (5, 5), (6, 3)), (1, 3))",28,2.0,30.0,28,8,2,expanded,False,True,6239
"(((2, 3), (3, 3), (4, 2), (4, 4), (6, 2)), (2, 1))","(((2, 3), (3, 3), (4, 2), (4, 4), (6, 3)), (2, 1))",29,3,32.0,29,,,pruned,,,6240
"(((2, 3), (3, 3), (4, 1), (4, 4), (6, 3)), (4, 2))","(((2, 3), (3, 3), (4, 2), (4, 4), (6, 3)), (2, 1))",29,3,32.0,29,,,pruned,,,6241
"(((2, 3), (3, 3), (4, 2), (4, 4), (6, 3)), (2, 1))","(((2, 3), (3, 3), (4, 2), (4, 4), (6, 4)), (2, 1))",28,2.0,30.0,28,6,2,expanded,False,True,6242
"(((2, 2), (3, 3), (5, 3), (5, 4), (6, 2)), (5, 5))","(((2, 2), (3, 3), (5, 3), (5, 4), (6, 3)), (5, 5))",29,3,32.0,29,,,pruned,,,6243
"(((2, 2), (3, 3), (5, 3), (5, 4), (6, 3)), (5, 5))","(((2, 2), (3, 3), (5, 3), (5, 5), (6, 3)), (1, 3))",28,2.0,30.0,28,2,1,expanded,False,True,6244
"(((2, 3), (3, 3), (5, 2), (5, 3), (6, 2)), (1, 3))","(((2, 3), (3, 3), (5, 2), (5, 3), (6, 3)), (1, 3))",30,2,32.0,30,,,pruned,,,6245
"(((2, 3), (3, 3), (5, 3), (6, 2), (6, 3)), (1, 3))","(((2, 3), (3, 3), (5, 2), (5, 3), (6, 3)), (1, 3))",30,1,31.0,30,,,pruned,,,6246
"(((2, 3), (3, 3), (5, 2), (5, 3), (6, 3)), (1, 3))","(((2, 2), (3, 3), (5, 2), (5, 3), (6, 3)), (1, 3))",29,1.0,30.0,29,4,2,expanded,False,True,6247
"(((2, 3), (3, 3), (5, 3), (5, 4), (6, 2)), (5, 5))","(((2, 3), (3, 3), (5, 3), (5, 4), (6, 3)), (5, 5))",30,2,32.0,30,,,pruned,,,6248
"(((2, 3), (3, 3), (5, 3), (5, 4), (6, 3)), (5, 5))","(((2, 3), (3, 3), (5, 3), (5, 5), (6, 3)), (1, 3))",29,1.0,30.0,29,2,1,expanded,False,True,6249
"(((2, 2), (2, 4), (3, 4), (5, 4), (6, 6)), (1, 3))","(((2, 2), (2, 4), (3, 4), (5, 4), (6, 5)), (1, 3))",26,7,33.0,26,,,pruned,,,6250
"(((2, 1), (2, 4), (3, 4), (5, 4), (6, 5)), (1, 3))","(((2, 2), (2, 4), (3, 4), (5, 4), (6, 5)), (1, 3))",26,7,33.0,26,,,pruned,,,6251
"(((2, 2), (2, 4), (3, 4), (5, 4), (6, 5)), (1, 3))","(((2, 2), (2, 4), (3, 4), (5, 4), (6, 4)), (1, 3))",25,6.0,31.0,25,6,2,expanded,False,True,6252
"(((2, 2), (2, 4), (3, 4), (5, 2), (6, 6)), (1, 3))","(((2, 2), (2, 4), (3, 4), (5, 2), (6, 5)), (1, 3))",26,7,33.0,26,,,pruned,,,6253
"(((2, 1), (2, 4), (3, 4), (5, 2), (6, 5)), (1, 3))","(((2, 2), (2, 4), (3, 4), (5, 2), (6, 5)), (1, 3))",26,7,33.0,26,,,pruned,,,6254
"(((2, 2), (2, 4), (3, 4), (6, 2), (6, 5)), (1, 3))","(((2, 2), (2, 4), (3, 4), (5, 2), (6, 5)), (1, 3))",26,6,32.0,26,,,pruned,,,6255
"(((2, 2), (2, 4), (3, 4), (5, 1), (6, 5)), (1, 3))","(((2, 2), (2, 4), (3, 4), (5, 2), (6, 5)), (1, 3))",26,7,33.0,26,,,pruned,,,6256
"(((2, 2), (2, 4), (3, 4), (5, 2), (6, 5)), (1, 3))","(((2, 2), (2, 4), (3, 4), (5, 2), (6, 4)), (1, 3))",25,6.0,31.0,25,8,4,expanded,False,True,6257
"(((2, 2), (3, 4), (4, 2), (5, 4), (6, 6)), (1, 3))","(((2, 2), (3, 4), (4, 2), (5, 4), (6, 5)), (1, 3))",26,7,33.0,26,,,pruned,,,6258
"(((2, 1), (3, 4), (4, 2), (5, 4), (6, 5)), (1, 3))","(((2, 2), (3, 4), (4, 2), (5, 4), (6, 5)), (1, 3))",26,7,33.0,26,,,pruned,,,6259
"(((2, 2), (3, 4), (4, 1), (5, 4), (6, 5)), (1, 3))","(((2, 2), (3, 4), (4, 2), (5, 4), (6, 5)), (1, 3))",26,7,33.0,26,,,pruned,,,6260
"(((2, 2), (3, 4), (4, 2), (5, 4), (6, 5)), (1, 3))","(((2, 2), (3, 4), (4, 2), (5, 4), (6, 4)), (1, 3))",25,6.0,31.0,25,10,3,expanded,False,True,6261
"(((1, 4), (2, 2), (5, 2), (5, 4), (6, 5)), (1, 3))","(((2, 2), (2, 4), (5, 2), (5, 4), (6, 5)), (1, 3))",26,7,33.0,26,,,pruned,,,6262
"(((2, 2), (2, 4), (5, 2), (5, 4), (6, 6)), (1, 3))","(((2, 2), (2, 4), (5, 2), (5, 4), (6, 5)), (1, 3))",26,7,33.0,26,,,pruned,,,6263
"(((2, 1), (2, 4), (5, 2), (5, 4), (6, 5)), (1, 3))","(((2, 2), (2, 4), (5, 2), (5, 4), (6, 5)), (1, 3))",26,7,33.0,26,,,pruned,,,6264
"(((2, 2), (2, 4), (5, 4), (6, 2), (6, 5)), (1, 3))","(((2, 2), (2, 4), (5, 2), (5, 4), (6, 5)), (1, 3))",26,6,32.0,26,,,pruned,,,6265
"(((2, 2), (2, 4), (5, 1), (5, 4), (6, 5)), (1, 3))","(((2, 2), (2, 4), (5, 2), (5, 4), (6, 5)), (1, 3))",26,7,33.0,26,,,pruned,,,6266
"(((2, 2), (2, 4), (5, 2), (5, 4), (6, 5)), (1, 3))","(((2, 2), (2, 4), (4, 4), (5, 2), (6, 5)), (1, 3))",25,6.0,31.0,25,12,5,expanded,False,True,6267
"(((1, 3), (2, 2), (5, 2), (5, 5), (6, 5)), (1, 4))","(((2, 2), (2, 3), (5, 2), (5, 5), (6, 5)), (1, 3))",26,7,33.0,26,,,pruned,,,6268
"(((2, 2), (2, 3), (5, 2), (5, 6), (6, 5)), (1, 3))","(((2, 2), (2, 3), (5, 2), (5, 5), (6, 5)), (1, 3))",26,7,33.0,26,,,pruned,,,6269
"(((2, 2), (2, 3), (5, 2), (5, 5), (6, 6)), (1, 3))","(((2, 2), (2, 3), (5, 2), (5, 5), (6, 5)), (1, 3))",26,7,33.0,26,,,pruned,,,6270
"(((2, 2), (2, 3), (5, 5), (6, 2), (6, 5)), (1, 3))","(((2, 2), (2, 3), (5, 2), (5, 5), (6, 5)), (1, 3))",26,6,32.0,26,,,pruned,,,6271
"(((2, 2), (2, 3), (5, 1), (5, 5), (6, 5)), (1, 3))","(((2, 2), (2, 3), (5, 2), (5, 5), (6, 5)), (1, 3))",26,7,33.0,26,,,pruned,,,6272
"(((2, 2), (2, 3), (5, 2), (5, 5), (6, 5)), (1, 3))","(((2, 2), (3, 3), (5, 2), (5, 5), (6, 5)), (1, 3))",25,6.0,31.0,25,8,5,expanded,False,True,6273
"(((1, 3), (2, 2), (3, 4), (5, 4), (6, 5)), (1, 4))","(((2, 2), (2, 3), (3, 4), (5, 4), (6, 5)), (2, 1))",27,6,33.0,27,,,pruned,,,6274
"(((2, 2), (2, 3), (3, 4), (5, 4), (6, 6)), (2, 1))","(((2, 2), (2, 3), (3, 4), (5, 4), (6, 5)), (2, 1))",27,6,33.0,27,,,pruned,,,6275
"(((2, 2), (2, 3), (3, 4), (5, 4), (6, 5)), (2, 1))","(((2, 2), (2, 3), (3, 4), (5, 4), (6, 4)), (2, 1))",26,5.0,31.0,26,6,2,expanded,False,True,6276
"(((1, 3), (2, 2), (3, 4), (5, 2), (6, 5)), (1, 4))","(((2, 2), (2, 3), (3, 4), (5, 2), (6, 5)), (2, 1))",27,6,33.0,27,,,pruned,,,6277
"(((2, 2), (2, 3), (3, 4), (5, 2), (6, 6)), (2, 1))","(((2, 2), (2, 3), (3, 4), (5, 2), (6, 5)), (2, 1))",27,6,33.0,27,,,pruned,,,6278
"(((2, 2), (2, 3), (3, 4), (6, 2), (6, 5)), (2, 1))","(((2, 2), (2, 3), (3, 4), (5, 2), (6, 5)), (2, 1))",27,5,32.0,27,,,pruned,,,6279
"(((2, 2), (2, 3), (3, 4), (5, 1), (6, 5)), (2, 1))","(((2, 2), (2, 3), (3, 4), (5, 2), (6, 5)), (2, 1))",27,6,33.0,27,,,pruned,,,6280
"(((2, 2), (2, 3), (3, 4), (5, 2), (6, 5)), (2, 1))","(((2, 2), (2, 3), (3, 4), (5, 2), (6, 4)), (2, 1))",26,5.0,31.0,26,8,4,expanded,False,True,6281
"(((1, 4), (2, 2), (3, 3), (5, 4), (6, 5)), (1, 3))","(((2, 2), (2, 4), (3, 3), (5, 4), (6, 5)), (2, 1))",27,6,33.0,27,,,pruned,,,6282
"(((2, 2), (2, 4), (3, 3), (5, 4), (6, 6)), (2, 1))","(((2, 2), (2, 4), (3, 3), (5, 4), (6, 5)), (2, 1))",27,6,33.0,27,,,pruned,,,6283
"(((2, 2), (2, 4), (3, 3), (5, 4), (6, 5)), (2, 1))","(((2, 2), (2, 4), (3, 3), (5, 4), (6, 4)), (2, 1))",26,5.0,31.0,26,7,2,expanded,False,True,6284
"(((1, 4), (2, 2), (3, 3), (5, 2), (6, 5)), (1, 3))","(((2, 2), (2, 4), (3, 3), (5, 2), (6, 5)), (2, 1))",27,6,33.0,27,,,pruned,,,6285
"(((2, 2), (2, 4), (3, 3), (5, 2), (6, 6)), (2, 1))","(((2, 2), (2, 4), (3, 3), (5, 2), (6, 5)), (2, 1))",27,6,33.0,27,,,pruned,,,6286
"(((2, 2), (2, 4), (3, 3), (6, 2), (6, 5)), (2, 1))","(((2, 2), (2, 4), (3, 3), (5, 2), (6, 5)), (2, 1))",27,5,32.0,27,,,pruned,,,6287
"(((2, 2), (2, 4), (3, 3), (5, 1), (6, 5)), (2, 1))","(((2, 2), (2, 4), (3, 3), (5, 2), (6, 5)), (2, 1))",27,6,33.0,27,,,pruned,,,6288
"(((2, 2), (2, 4), (3, 3), (5, 2), (6, 5)), (2, 1))","(((2, 2), (2, 4), (3, 3), (5, 2), (6, 4)), (2, 1))",26,5.0,31.0,26,9,4,expanded,False,True,6289
"(((2, 2), (3, 3), (4, 4), (5, 2), (6, 6)), (2, 1))","(((2, 2), (3, 3), (4, 4), (5, 2), (6, 5)), (2, 1))",27,6,33.0,27,,,pruned,,,6290
"(((2, 2), (3, 3), (4, 4), (6, 2), (6, 5)), (2, 1))","(((2, 2), (3, 3), (4, 4), (5, 2), (6, 5)), (2, 1))",27,5,32.0,27,,,pruned,,,6291
"(((2, 2), (3, 3), (4, 4), (5, 1), (6, 5)), (2, 1))","(((2, 2), (3, 3), (4, 4), (5, 2), (6, 5)), (2, 1))",27,6,33.0,27,,,pruned,,,6292
"(((2, 2), (3, 3), (4, 4), (5, 2), (6, 5)), (2, 1))","(((2, 2), (3, 3), (4, 4), (5, 3), (6, 5)), (2, 1))",26,5.0,31.0,26,9,3,expanded,False,True,6293
"(((2, 2), (3, 3), (3, 4), (4, 2), (6, 6)), (2, 1))","(((2, 2), (3, 3), (3, 4), (4, 2), (6, 5)), (2, 1))",27,6,33.0,27,,,pruned,,,6294
"(((2, 2), (3, 3), (3, 4), (4, 1), (6, 5)), (4, 2))","(((2, 2), (3, 3), (3, 4), (4, 2), (6, 5)), (2, 1))",27,6,33.0,27,,,pruned,,,6295
"(((2, 2), (3, 3), (3, 4), (4, 2), (6, 5)), (2, 1))","(((2, 2), (3, 3), (3, 4), (4, 2), (6, 4)), (2, 1))",26,5.0,31.0,26,7,2,expanded,False,True,6296
"(((2, 2), (2, 4), (3, 3), (3, 4), (6, 6)), (2, 1))","(((2, 2), (2, 4), (3, 3), (3, 4), (6, 5)), (2, 1))",27,6,33.0,27,,,pruned,,,6297
"(((2, 2), (2, 4), (3, 3), (3, 4), (6, 5)), (2, 1))","(((2, 2), (2, 4), (3, 3), (3, 4), (6, 4)), (2, 1))",26,5.0,31.0,26,4,1,expanded,False,True,6298
"(((1, 3), (2, 2), (2, 4), (4, 4), (6, 5)), (2, 1))","(((2, 2), (2, 3), (2, 4), (4, 4), (6, 5)), (2, 1))",27,6,33.0,27,,,pruned,,,6299
"(((1, 4), (2, 2), (2, 3), (4, 4), (6, 5)), (2, 1))","(((2, 2), (2, 3), (2, 4), (4, 4), (6, 5)), (2, 1))",27,6,33.0,27,,,pruned,,,6300
"(((2, 2), (2, 3), (2, 4), (4, 4), (6, 6)), (2, 1))","(((2, 2), (2, 3), (2, 4), (4, 4), (6, 5)), (2, 1))",27,6,33.0,27,,,pruned,,,6301
"(((2, 2), (2, 3), (2, 4), (4, 4), (6, 5)), (2, 1))","(((2, 2), (2, 3), (2, 4), (4, 4), (6, 4)), (2, 1))",26,5.0,31.0,26,6,3,expanded,False,True,6302
"(((2, 2), (3, 4), (4, 3), (5, 4), (6, 6)), (2, 1))","(((2, 2), (3, 4), (4, 3), (5, 4), (6, 5)), (2, 1))",27,6,33.0,27,,,pruned,,,6303
"(((2, 2), (3, 4), (4, 3), (5, 4), (6, 5)), (2, 1))","(((2, 2), (3, 4), (4, 3), (5, 4), (6, 4)), (2, 1))",26,5.0,31.0,26,6,1,expanded,False,True,6304
"(((1, 4), (2, 2), (5, 2), (5, 4), (6, 4)), (1, 3))","(((2, 2), (2, 4), (5, 2), (5, 4), (6, 4)), (1, 3))",27,6,33.0,27,,,pruned,,,6305
"(((2, 1), (2, 4), (5, 2), (5, 4), (6, 4)), (1, 3))","(((2, 2), (2, 4), (5, 2), (5, 4), (6, 4)), (1, 3))",27,6,33.0,27,,,pruned,,,6306
"(((2, 2), (2, 4), (5, 4), (6, 2), (6, 4)), (1, 3))","(((2, 2), (2, 4), (5, 2), (5, 4), (6, 4)), (1, 3))",27,5,32.0,27,,,pruned,,,6307
"(((2, 2), (2, 4), (5, 1), (5, 4), (6, 4)), (1, 3))","(((2, 2), (2, 4), (5, 2), (5, 4), (6, 4)), (1, 3))",27,6,33.0,27,,,pruned,,,6308
"(((2, 2), (2, 4), (5, 2), (5, 4), (6, 4)), (1, 3))","(((2, 2), (2, 4), (4, 4), (5, 2), (6, 4)), (1, 3))",26,5.0,31.0,26,10,4,expanded,False,True,6309
"(((1, 3), (2, 2), (5, 3), (5, 5), (6, 5)), (1, 4))","(((2, 2), (2, 3), (5, 3), (5, 5), (6, 5)), (1, 3))",27,6,33.0,27,,,pruned,,,6310
"(((2, 2), (2, 3), (5, 3), (5, 6), (6, 5)), (1, 3))","(((2, 2), (2, 3), (5, 3), (5, 5), (6, 5)), (1, 3))",27,6,33.0,27,,,pruned,,,6311
"(((2, 2), (2, 3), (5, 3), (5, 5), (6, 6)), (1, 3))","(((2, 2), (2, 3), (5, 3), (5, 5), (6, 5)), (1, 3))",27,6,33.0,27,,,pruned,,,6312
"(((2, 2), (2, 3), (5, 3), (5, 5), (6, 5)), (1, 3))","(((2, 2), (3, 3), (5, 3), (5, 5), (6, 5)), (1, 3))",26,5.0,31.0,26,8,3,expanded,False,True,6313
"(((2, 2), (2, 3), (3, 3), (5, 6), (6, 5)), (1, 3))","(((2, 2), (2, 3), (3, 3), (5, 5), (6, 5)), (1, 3))",27,6,33.0,27,,,pruned,,,6314
"(((2, 2), (2, 3), (3, 3), (5, 5), (6, 6)), (1, 3))","(((2, 2), (2, 3), (3, 3), (5, 5), (6, 5)), (1, 3))",27,6,33.0,27,,,pruned,,,6315
"(((2, 2), (2, 3), (3, 3), (5, 5), (6, 5)), (1, 3))","(((2, 2), (2, 3), (4, 3), (5, 5), (6, 5)), (1, 3))",26,5.0,31.0,26,2,2,expanded,True,True,6316
"(((3, 3), (4, 2), (4, 3), (5, 2), (6, 6)), (1, 3))","(((3, 3), (4, 2), (4, 3), (5, 2), (6, 5)), (1, 3))",28,5,33.0,28,,,pruned,,,6317
"(((3, 3), (4, 2), (4, 3), (5, 1), (6, 5)), (1, 3))","(((3, 3), (4, 2), (4, 3), (5, 2), (6, 5)), (1, 3))",28,5,33.0,28,,,pruned,,,6318
"(((3, 3), (4, 2), (4, 3), (5, 2), (6, 5)), (1, 3))","(((3, 3), (4, 2), (4, 3), (5, 2), (6, 4)), (1, 3))",27,4.0,31.0,27,4,2,expanded,False,True,6319
"(((1, 3), (2, 2), (5, 3), (5, 4), (6, 5)), (1, 4))","(((2, 2), (2, 3), (5, 3), (5, 4), (6, 5)), (1, 3))",28,5,33.0,28,,,pruned,,,6320
"(((2, 2), (2, 3), (5, 3), (5, 4), (6, 6)), (1, 3))","(((2, 2), (2, 3), (5, 3), (5, 4), (6, 5)), (1, 3))",28,5,33.0,28,,,pruned,,,6321
"(((2, 2), (2, 3), (5, 3), (5, 4), (6, 5)), (1, 3))","(((2, 2), (2, 3), (5, 3), (5, 4), (6, 4)), (1, 3))",27,4.0,31.0,27,7,2,expanded,False,True,6322
"(((1, 3), (2, 2), (2, 4), (4, 2), (6, 4)), (2, 1))","(((2, 2), (2, 3), (2, 4), (4, 2), (6, 4)), (2, 1))",28,5,33.0,28,,,pruned,,,6323
"(((1, 4), (2, 2), (2, 3), (4, 2), (6, 4)), (2, 1))","(((2, 2), (2, 3), (2, 4), (4, 2), (6, 4)), (2, 1))",28,5,33.0,28,,,pruned,,,6324
"(((2, 2), (2, 3), (2, 4), (4, 1), (6, 4)), (3, 3))","(((2, 2), (2, 3), (2, 4), (4, 2), (6, 4)), (2, 1))",28,5,33.0,28,,,pruned,,,6325
"(((2, 2), (2, 3), (2, 4), (4, 2), (6, 4)), (2, 1))","(((2, 2), (2, 3), (2, 4), (4, 3), (6, 4)), (2, 1))",27,4.0,31.0,27,6,3,expanded,False,True,6326
"(((1, 3), (2, 2), (2, 4), (4, 3), (6, 5)), (2, 1))","(((2, 2), (2, 3), (2, 4), (4, 3), (6, 5)), (2, 1))",28,5,33.0,28,,,pruned,,,6327
"(((1, 4), (2, 2), (2, 3), (4, 3), (6, 5)), (2, 1))","(((2, 2), (2, 3), (2, 4), (4, 3), (6, 5)), (2, 1))",28,5,33.0,28,,,pruned,,,6328
"(((2, 2), (2, 3), (2, 4), (4, 3), (6, 6)), (2, 1))","(((2, 2), (2, 3), (2, 4), (4, 3), (6, 5)), (2, 1))",28,5,33.0,28,,,pruned,,,6329
"(((2, 2), (2, 3), (2, 4), (4, 3), (6, 5)), (2, 1))","(((2, 2), (2, 3), (2, 4), (4, 3), (6, 4)), (2, 1))",27,4.0,31.0,27,8,3,expanded,False,True,6330
"(((2, 2), (2, 3), (4, 3), (4, 4), (6, 6)), (2, 1))","(((2, 2), (2, 3), (4, 3), (4, 4), (6, 5)), (2, 1))",28,5,33.0,28,,,pruned,,,6331
"(((2, 2), (2, 3), (4, 3), (4, 4), (6, 5)), (2, 1))","(((2, 2), (2, 3), (4, 3), (4, 4), (6, 4)), (2, 1))",27,4.0,31.0,27,4,1,expanded,False,True,6332
"(((2, 2), (2, 3), (3, 3), (3, 4), (6, 6)), (2, 1))","(((2, 2), (2, 3), (3, 3), (3, 4), (6, 5)), (2, 1))",28,5,33.0,28,,,pruned,,,6333
"(((2, 2), (2, 3), (3, 3), (3, 4), (6, 5)), (2, 1))","(((2, 2), (2, 3), (3, 3), (3, 4), (6, 4)), (2, 1))",27,4.0,31.0,27,3,1,expanded,False,True,6334
"(((2, 2), (3, 3), (4, 4), (6, 2), (6, 4)), (2, 1))","(((2, 2), (3, 3), (4, 4), (5, 2), (6, 4)), (2, 1))",28,4,32.0,28,,,pruned,,,6335
"(((2, 2), (3, 3), (4, 4), (5, 1), (6, 4)), (2, 1))","(((2, 2), (3, 3), (4, 4), (5, 2), (6, 4)), (2, 1))",28,5,33.0,28,,,pruned,,,6336
"(((2, 2), (3, 3), (4, 4), (5, 2), (6, 4)), (2, 1))","(((2, 2), (3, 3), (4, 4), (5, 3), (6, 4)), (5, 4))",27,4.0,31.0,27,9,2,expanded,False,True,6337
"(((1, 3), (2, 2), (5, 3), (5, 5), (6, 4)), (1, 4))","(((2, 2), (2, 3), (5, 3), (5, 5), (6, 4)), (1, 3))",28,5,33.0,28,,,pruned,,,6338
"(((2, 2), (2, 3), (5, 3), (5, 6), (6, 4)), (1, 3))","(((2, 2), (2, 3), (5, 3), (5, 5), (6, 4)), (1, 3))",28,5,33.0,28,,,pruned,,,6339
"(((2, 2), (2, 3), (5, 3), (5, 5), (6, 4)), (1, 3))","(((2, 2), (2, 3), (5, 3), (5, 5), (6, 3)), (1, 3))",27,4.0,31.0,27,8,2,expanded,False,True,6340
"(((1, 3), (2, 2), (2, 4), (6, 3), (6, 5)), (2, 1))","(((2, 2), (2, 3), (2, 4), (6, 3), (6, 5)), (2, 1))",28,5,33.0,28,,,pruned,,,6341
"(((1, 4), (2, 2), (2, 3), (6, 3), (6, 5)), (2, 1))","(((2, 2), (2, 3), (2, 4), (6, 3), (6, 5)), (2, 1))",28,5,33.0,28,,,pruned,,,6342
"(((2, 2), (2, 3), (2, 4), (6, 3), (6, 6)), (2, 1))","(((2, 2), (2, 3), (2, 4), (6, 3), (6, 5)), (2, 1))",28,5,33.0,28,,,pruned,,,6343
"(((2, 2), (2, 3), (2, 4), (6, 2), (6, 5)), (2, 1))","(((2, 2), (2, 3), (2, 4), (6, 3), (6, 5)), (2, 1))",28,5,33.0,28,,,pruned,,,6344
"(((2, 2), (2, 3), (2, 4), (6, 3), (6, 5)), (2, 1))","(((2, 2), (2, 3), (2, 4), (5, 3), (6, 5)), (2, 1))",27,4.0,31.0,27,6,4,expanded,False,True,6345
"(((2, 1), (3, 3), (4, 4), (5, 3), (6, 5)), (1, 3))","(((2, 2), (3, 3), (4, 4), (5, 3), (6, 5)), (1, 3))",28,5,33.0,28,,,pruned,,,6346
"(((2, 2), (3, 3), (4, 4), (5, 3), (6, 5)), (1, 3))","(((2, 2), (2, 3), (4, 4), (5, 3), (6, 5)), (1, 3))",27,4.0,31.0,27,3,1,expanded,False,True,6347
"(((2, 2), (4, 3), (5, 2), (5, 6), (6, 3)), (1, 3))","(((2, 2), (4, 3), (5, 2), (5, 5), (6, 3)), (1, 3))",28,5,33.0,28,,,pruned,,,6348
"(((2, 1), (4, 3), (5, 2), (5, 5), (6, 3)), (1, 3))","(((2, 2), (4, 3), (5, 2), (5, 5), (6, 3)), (1, 3))",28,5,33.0,28,,,pruned,,,6349
"(((2, 2), (4, 3), (5, 2), (5, 5), (6, 2)), (1, 3))","(((2, 2), (4, 3), (5, 2), (5, 5), (6, 3)), (1, 3))",28,5,33.0,28,,,pruned,,,6350
"(((2, 2), (4, 3), (5, 1), (5, 5), (6, 3)), (1, 3))","(((2, 2), (4, 3), (5, 2), (5, 5), (6, 3)), (1, 3))",28,5,33.0,28,,,pruned,,,6351
"(((2, 2), (4, 3), (5, 2), (5, 5), (6, 3)), (1, 3))","(((2, 2), (3, 3), (5, 2), (5, 5), (6, 3)), (1, 3))",27,4.0,31.0,27,8,4,expanded,False,True,6352
"(((2, 1), (4, 3), (4, 4), (6, 3), (6, 5)), (1, 3))","(((2, 2), (4, 3), (4, 4), (6, 3), (6, 5)), (1, 3))",28,5,33.0,28,,,pruned,,,6353
"(((2, 2), (4, 3), (4, 4), (6, 3), (6, 5)), (1, 3))","(((2, 2), (3, 4), (4, 3), (6, 3), (6, 5)), (1, 3))",27,4.0,31.0,27,3,1,expanded,False,True,6354
"(((1, 3), (2, 2), (2, 4), (4, 2), (6, 3)), (2, 1))","(((2, 2), (2, 3), (2, 4), (4, 2), (6, 3)), (2, 1))",29,4,33.0,29,,,pruned,,,6355
"(((1, 4), (2, 2), (2, 3), (4, 2), (6, 3)), (2, 1))","(((2, 2), (2, 3), (2, 4), (4, 2), (6, 3)), (2, 1))",29,4,33.0,29,,,pruned,,,6356
"(((2, 2), (2, 3), (2, 4), (4, 2), (6, 2)), (2, 1))","(((2, 2), (2, 3), (2, 4), (4, 2), (6, 3)), (2, 1))",29,4,33.0,29,,,pruned,,,6357
"(((2, 2), (2, 3), (2, 4), (4, 1), (6, 3)), (3, 3))","(((2, 2), (2, 3), (2, 4), (4, 2), (6, 3)), (2, 1))",29,4,33.0,29,,,pruned,,,6358
"(((2, 2), (2, 3), (2, 4), (4, 2), (6, 3)), (2, 1))","(((2, 2), (2, 3), (2, 4), (4, 3), (6, 3)), (2, 1))",28,3.0,31.0,28,6,4,expanded,False,True,6359
"(((2, 1), (4, 3), (5, 3), (5, 4), (6, 4)), (1, 3))","(((2, 2), (4, 3), (5, 3), (5, 4), (6, 4)), (1, 3))",29,4,33.0,29,,,pruned,,,6360
"(((2, 2), (4, 3), (5, 3), (5, 4), (6, 4)), (1, 3))","(((2, 2), (3, 3), (5, 3), (5, 4), (6, 4)), (1, 3))",28,3.0,31.0,28,2,1,expanded,False,True,6361
"(((2, 2), (3, 3), (4, 3), (5, 4), (6, 4)), (2, 1))","(((2, 2), (3, 3), (5, 3), (5, 4), (6, 4)), (1, 3))",28,3.0,31.0,28,4,0,expanded,False,True,6362
"(((3, 3), (3, 4), (5, 4), (6, 2), (6, 3)), (1, 3))","(((3, 3), (3, 4), (5, 2), (5, 4), (6, 3)), (1, 3))",29,3,32.0,29,,,pruned,,,6363
"(((3, 3), (3, 4), (5, 1), (5, 4), (6, 3)), (1, 3))","(((3, 3), (3, 4), (5, 2), (5, 4), (6, 3)), (1, 3))",29,4,33.0,29,,,pruned,,,6364
"(((3, 3), (3, 4), (5, 2), (5, 4), (6, 3)), (1, 3))","(((2, 4), (3, 3), (5, 2), (5, 4), (6, 3)), (1, 3))",28,3.0,31.0,28,9,2,expanded,False,True,6365
"(((2, 2), (2, 3), (3, 3), (5, 4), (6, 4)), (1, 3))","(((2, 2), (2, 3), (4, 3), (5, 4), (6, 4)), (2, 1))",28,3.0,31.0,28,2,0,expanded,False,True,6366
"(((2, 2), (4, 3), (5, 3), (5, 6), (6, 3)), (1, 3))","(((2, 2), (4, 3), (5, 3), (5, 5), (6, 3)), (1, 3))",29,4,33.0,29,,,pruned,,,6367
"(((2, 1), (4, 3), (5, 3), (5, 5), (6, 3)), (1, 3))","(((2, 2), (4, 3), (5, 3), (5, 5), (6, 3)), (1, 3))",29,4,33.0,29,,,pruned,,,6368
"(((2, 2), (4, 3), (5, 3), (5, 5), (6, 2)), (1, 3))","(((2, 2), (4, 3), (5, 3), (5, 5), (6, 3)), (1, 3))",29,4,33.0,29,,,pruned,,,6369
"(((2, 2), (4, 3), (5, 3), (5, 5), (6, 3)), (1, 3))","(((2, 2), (3, 3), (5, 3), (5, 5), (6, 3)), (1, 3))",28,3.0,31.0,28,6,3,expanded,False,True,6370
"(((2, 2), (4, 3), (5, 2), (5, 4), (6, 2)), (5, 3))","(((2, 2), (4, 3), (5, 2), (5, 4), (6, 3)), (5, 5))",29,4,33.0,29,,,pruned,,,6371
"(((2, 2), (4, 3), (5, 2), (5, 4), (6, 3)), (5, 5))","(((2, 2), (4, 3), (5, 2), (5, 5), (6, 3)), (1, 3))",28,3.0,31.0,28,3,1,expanded,False,True,6372
"(((3, 3), (3, 4), (5, 3), (5, 4), (6, 3)), (1, 3))","(((2, 4), (3, 3), (5, 3), (5, 4), (6, 3)), (1, 3))",29,2.0,31.0,29,6,0,expanded,False,True,6373
"(((2, 3), (3, 3), (4, 3), (5, 4), (6, 4)), (2, 1))","(((2, 3), (3, 3), (5, 3), (5, 4), (6, 4)), (1, 3))",29,2.0,31.0,29,4,0,expanded,False,True,6374
"(((2, 1), (4, 3), (5, 2), (5, 3), (6, 3)), (1, 3))","(((2, 2), (4, 3), (5, 2), (5, 3), (6, 3)), (1, 3))",30,3,33.0,30,,,pruned,,,6375
"(((2, 2), (4, 3), (5, 2), (5, 3), (6, 2)), (1, 3))","(((2, 2), (4, 3), (5, 2), (5, 3), (6, 3)), (1, 3))",30,3,33.0,30,,,pruned,,,6376
"(((2, 2), (4, 3), (5, 2), (5, 3), (6, 3)), (1, 3))","(((2, 2), (3, 3), (5, 2), (5, 3), (6, 3)), (1, 3))",29,2.0,31.0,29,3,2,expanded,False,True,6377
"(((2, 2), (4, 3), (5, 3), (5, 4), (6, 2)), (5, 5))","(((2, 2), (4, 3), (5, 3), (5, 4), (6, 3)), (5, 5))",30,3,33.0,30,,,pruned,,,6378
"(((2, 2), (4, 3), (5, 3), (5, 4), (6, 3)), (5, 5))","(((2, 2), (4, 3), (5, 3), (5, 5), (6, 3)), (1, 3))",29,2.0,31.0,29,2,1,expanded,False,True,6379
"(((2, 2), (2, 4), (3, 4), (4, 4), (6, 6)), (1, 3))","(((2, 2), (2, 4), (3, 4), (4, 4), (6, 5)), (1, 3))",27,7,34.0,27,,,pruned,,,6380
"(((2, 1), (2, 4), (3, 4), (4, 4), (6, 5)), (1, 3))","(((2, 2), (2, 4), (3, 4), (4, 4), (6, 5)), (1, 3))",27,7,34.0,27,,,pruned,,,6381
"(((2, 2), (2, 4), (3, 4), (4, 4), (6, 5)), (1, 3))","(((2, 2), (2, 4), (3, 4), (4, 4), (6, 4)), (1, 3))",26,6.0,32.0,26,4,2,expanded,False,True,6382
"(((2, 2), (3, 4), (5, 2), (5, 4), (6, 6)), (1, 3))","(((2, 2), (3, 4), (5, 2), (5, 4), (6, 5)), (1, 3))",27,7,34.0,27,,,pruned,,,6383
"(((2, 1), (3, 4), (5, 2), (5, 4), (6, 5)), (1, 3))","(((2, 2), (3, 4), (5, 2), (5, 4), (6, 5)), (1, 3))",27,7,34.0,27,,,pruned,,,6384
"(((2, 2), (3, 4), (5, 4), (6, 2), (6, 5)), (1, 3))","(((2, 2), (3, 4), (5, 2), (5, 4), (6, 5)), (1, 3))",27,6,33.0,27,,,pruned,,,6385
"(((2, 2), (3, 4), (5, 1), (5, 4), (6, 5)), (1, 3))","(((2, 2), (3, 4), (5, 2), (5, 4), (6, 5)), (1, 3))",27,7,34.0,27,,,pruned,,,6386
"(((2, 2), (3, 4), (5, 2), (5, 4), (6, 5)), (1, 3))","(((2, 2), (2, 4), (5, 2), (5, 4), (6, 5)), (1, 3))",26,6.0,32.0,26,12,4,expanded,False,True,6387
"(((1, 3), (2, 2), (2, 4), (5, 4), (6, 5)), (2, 1))","(((2, 2), (2, 3), (2, 4), (5, 4), (6, 5)), (2, 1))",28,6,34.0,28,,,pruned,,,6388
"(((1, 4), (2, 2), (2, 3), (5, 4), (6, 5)), (2, 1))","(((2, 2), (2, 3), (2, 4), (5, 4), (6, 5)), (2, 1))",28,6,34.0,28,,,pruned,,,6389
"(((2, 2), (2, 3), (2, 4), (5, 4), (6, 6)), (2, 1))","(((2, 2), (2, 3), (2, 4), (5, 4), (6, 5)), (2, 1))",28,6,34.0,28,,,pruned,,,6390
"(((2, 2), (2, 3), (2, 4), (5, 4), (6, 5)), (2, 1))","(((2, 2), (2, 3), (2, 4), (5, 4), (6, 4)), (2, 1))",27,5.0,32.0,27,6,3,expanded,False,True,6391
"(((1, 3), (2, 2), (2, 4), (5, 2), (6, 5)), (2, 1))","(((2, 2), (2, 3), (2, 4), (5, 2), (6, 5)), (2, 1))",28,6,34.0,28,,,pruned,,,6392
"(((1, 4), (2, 2), (2, 3), (5, 2), (6, 5)), (2, 1))","(((2, 2), (2, 3), (2, 4), (5, 2), (6, 5)), (2, 1))",28,6,34.0,28,,,pruned,,,6393
"(((2, 2), (2, 3), (2, 4), (5, 2), (6, 6)), (2, 1))","(((2, 2), (2, 3), (2, 4), (5, 2), (6, 5)), (2, 1))",28,6,34.0,28,,,pruned,,,6394
"(((2, 2), (2, 3), (2, 4), (6, 2), (6, 5)), (2, 1))","(((2, 2), (2, 3), (2, 4), (5, 2), (6, 5)), (2, 1))",28,5,33.0,28,,,pruned,,,6395
"(((2, 2), (2, 3), (2, 4), (5, 1), (6, 5)), (2, 1))","(((2, 2), (2, 3), (2, 4), (5, 2), (6, 5)), (2, 1))",28,6,34.0,28,,,pruned,,,6396
"(((2, 2), (2, 3), (2, 4), (5, 2), (6, 5)), (2, 1))","(((2, 2), (2, 3), (2, 4), (5, 2), (6, 4)), (2, 1))",27,5.0,32.0,27,8,5,expanded,False,True,6397
"(((1, 3), (2, 2), (4, 4), (5, 2), (6, 5)), (1, 4))","(((2, 2), (2, 3), (4, 4), (5, 2), (6, 5)), (1, 3))",28,6,34.0,28,,,pruned,,,6398
"(((2, 2), (2, 3), (4, 4), (5, 2), (6, 6)), (1, 3))","(((2, 2), (2, 3), (4, 4), (5, 2), (6, 5)), (1, 3))",28,6,34.0,28,,,pruned,,,6399
"(((2, 2), (2, 3), (4, 4), (6, 2), (6, 5)), (1, 3))","(((2, 2), (2, 3), (4, 4), (5, 2), (6, 5)), (1, 3))",28,5,33.0,28,,,pruned,,,6400
"(((2, 2), (2, 3), (4, 4), (5, 1), (6, 5)), (1, 3))","(((2, 2), (2, 3), (4, 4), (5, 2), (6, 5)), (1, 3))",28,6,34.0,28,,,pruned,,,6401
"(((2, 2), (2, 3), (4, 4), (5, 2), (6, 5)), (1, 3))","(((2, 2), (2, 3), (4, 4), (5, 3), (6, 5)), (1, 3))",27,5.0,32.0,27,10,4,expanded,False,True,6402
"(((1, 3), (2, 2), (3, 4), (4, 2), (6, 5)), (1, 4))","(((2, 2), (2, 3), (3, 4), (4, 2), (6, 5)), (2, 1))",28,6,34.0,28,,,pruned,,,6403
"(((2, 2), (2, 3), (3, 4), (4, 2), (6, 6)), (2, 1))","(((2, 2), (2, 3), (3, 4), (4, 2), (6, 5)), (2, 1))",28,6,34.0,28,,,pruned,,,6404
"(((2, 2), (2, 3), (3, 4), (4, 1), (6, 5)), (3, 3))","(((2, 2), (2, 3), (3, 4), (4, 2), (6, 5)), (2, 1))",28,6,34.0,28,,,pruned,,,6405
"(((2, 2), (2, 3), (3, 4), (4, 2), (6, 5)), (2, 1))","(((2, 2), (2, 3), (3, 4), (4, 2), (6, 4)), (2, 1))",27,5.0,32.0,27,6,3,expanded,False,True,6406
"(((1, 4), (2, 2), (3, 3), (4, 2), (6, 5)), (1, 3))","(((2, 2), (2, 4), (3, 3), (4, 2), (6, 5)), (2, 1))",28,6,34.0,28,,,pruned,,,6407
"(((2, 2), (2, 4), (3, 3), (4, 2), (6, 6)), (2, 1))","(((2, 2), (2, 4), (3, 3), (4, 2), (6, 5)), (2, 1))",28,6,34.0,28,,,pruned,,,6408
"(((2, 2), (2, 4), (3, 3), (4, 1), (6, 5)), (3, 4))","(((2, 2), (2, 4), (3, 3), (4, 2), (6, 5)), (2, 1))",28,6,34.0,28,,,pruned,,,6409
"(((2, 2), (2, 4), (3, 3), (4, 2), (6, 5)), (2, 1))","(((2, 2), (2, 4), (3, 3), (4, 2), (6, 4)), (2, 1))",27,5.0,32.0,27,7,3,expanded,False,True,6410
"(((1, 3), (2, 2), (2, 4), (3, 4), (6, 5)), (2, 1))","(((2, 2), (2, 3), (2, 4), (3, 4), (6, 5)), (2, 1))",28,6,34.0,28,,,pruned,,,6411
"(((2, 2), (2, 3), (2, 4), (3, 4), (6, 6)), (2, 1))","(((2, 2), (2, 3), (2, 4), (3, 4), (6, 5)), (2, 1))",28,6,34.0,28,,,pruned,,,6412
"(((2, 2), (2, 3), (2, 4), (3, 4), (6, 5)), (2, 1))","(((2, 2), (2, 3), (2, 4), (3, 4), (6, 4)), (2, 1))",27,5.0,32.0,27,3,2,expanded,False,True,6413
"(((2, 2), (3, 3), (4, 2), (4, 4), (6, 6)), (2, 1))","(((2, 2), (3, 3), (4, 2), (4, 4), (6, 5)), (2, 1))",28,6,34.0,28,,,pruned,,,6414
"(((2, 2), (3, 3), (4, 1), (4, 4), (6, 5)), (4, 2))","(((2, 2), (3, 3), (4, 2), (4, 4), (6, 5)), (2, 1))",28,6,34.0,28,,,pruned,,,6415
"(((2, 2), (3, 3), (4, 2), (4, 4), (6, 5)), (2, 1))","(((2, 2), (3, 3), (4, 4), (5, 2), (6, 5)), (2, 1))",27,5.0,32.0,27,7,2,expanded,False,True,6416
"(((2, 1), (3, 4), (5, 2), (5, 4), (6, 4)), (1, 3))","(((2, 2), (3, 4), (5, 2), (5, 4), (6, 4)), (1, 3))",28,6,34.0,28,,,pruned,,,6417
"(((2, 2), (3, 4), (5, 4), (6, 2), (6, 4)), (1, 3))","(((2, 2), (3, 4), (5, 2), (5, 4), (6, 4)), (1, 3))",28,5,33.0,28,,,pruned,,,6418
"(((2, 2), (3, 4), (5, 1), (5, 4), (6, 4)), (1, 3))","(((2, 2), (3, 4), (5, 2), (5, 4), (6, 4)), (1, 3))",28,6,34.0,28,,,pruned,,,6419
"(((2, 2), (3, 4), (5, 2), (5, 4), (6, 4)), (1, 3))","(((2, 2), (2, 4), (5, 2), (5, 4), (6, 4)), (1, 3))",27,5.0,32.0,27,10,3,expanded,False,True,6420
"(((1, 3), (3, 4), (5, 2), (5, 4), (6, 5)), (1, 4))","(((2, 3), (3, 4), (5, 2), (5, 4), (6, 5)), (2, 1))",28,6,34.0,28,,,pruned,,,6421
"(((2, 3), (3, 4), (5, 2), (5, 4), (6, 6)), (2, 1))","(((2, 3), (3, 4), (5, 2), (5, 4), (6, 5)), (2, 1))",28,6,34.0,28,,,pruned,,,6422
"(((2, 3), (3, 4), (5, 4), (6, 2), (6, 5)), (2, 1))","(((2, 3), (3, 4), (5, 2), (5, 4), (6, 5)), (2, 1))",28,5,33.0,28,,,pruned,,,6423
"(((2, 3), (3, 4), (5, 1), (5, 4), (6, 5)), (2, 1))","(((2, 3), (3, 4), (5, 2), (5, 4), (6, 5)), (2, 1))",28,6,34.0,28,,,pruned,,,6424
"(((2, 3), (3, 4), (5, 2), (5, 4), (6, 5)), (2, 1))","(((2, 2), (3, 4), (5, 2), (5, 4), (6, 5)), (1, 3))",27,5.0,32.0,27,11,4,expanded,False,True,6425
"(((2, 2), (3, 3), (5, 3), (5, 4), (6, 6)), (1, 3))","(((2, 2), (3, 3), (5, 3), (5, 4), (6, 5)), (1, 3))",29,5,34.0,29,,,pruned,,,6426
"(((2, 1), (3, 3), (5, 3), (5, 4), (6, 5)), (1, 3))","(((2, 2), (3, 3), (5, 3), (5, 4), (6, 5)), (1, 3))",29,5,34.0,29,,,pruned,,,6427
"(((2, 2), (3, 3), (5, 3), (5, 4), (6, 5)), (1, 3))","(((2, 2), (3, 3), (5, 3), (5, 4), (6, 4)), (1, 3))",28,4.0,32.0,28,9,2,expanded,False,True,6428
"(((1, 3), (2, 2), (4, 3), (5, 5), (6, 4)), (1, 4))","(((2, 2), (2, 3), (4, 3), (5, 5), (6, 4)), (1, 3))",29,5,34.0,29,,,pruned,,,6429
"(((2, 2), (2, 3), (4, 3), (5, 6), (6, 4)), (1, 3))","(((2, 2), (2, 3), (4, 3), (5, 5), (6, 4)), (1, 3))",29,5,34.0,29,,,pruned,,,6430
"(((2, 2), (2, 3), (4, 3), (5, 5), (6, 4)), (1, 3))","(((2, 2), (2, 3), (4, 3), (5, 4), (6, 4)), (2, 1))",28,4.0,32.0,28,8,2,expanded,False,True,6431
"(((2, 2), (2, 3), (4, 3), (5, 4), (6, 6)), (2, 1))","(((2, 2), (2, 3), (4, 3), (5, 4), (6, 5)), (2, 1))",29,5,34.0,29,,,pruned,,,6432
"(((2, 2), (2, 3), (4, 3), (5, 4), (6, 5)), (2, 1))","(((2, 2), (2, 3), (4, 3), (5, 4), (6, 4)), (2, 1))",28,4.0,32.0,28,5,1,expanded,False,True,6433
"(((1, 4), (2, 2), (2, 3), (3, 3), (6, 5)), (2, 1))","(((2, 2), (2, 3), (2, 4), (3, 3), (6, 5)), (2, 1))",29,5,34.0,29,,,pruned,,,6434
"(((2, 2), (2, 3), (2, 4), (3, 3), (6, 6)), (2, 1))","(((2, 2), (2, 3), (2, 4), (3, 3), (6, 5)), (2, 1))",29,5,34.0,29,,,pruned,,,6435
"(((2, 2), (2, 3), (2, 4), (3, 3), (6, 5)), (2, 1))","(((2, 2), (2, 3), (2, 4), (3, 3), (6, 4)), (2, 1))",28,4.0,32.0,28,3,2,expanded,False,True,6436
"(((2, 2), (2, 3), (3, 3), (4, 4), (6, 6)), (2, 1))","(((2, 2), (2, 3), (3, 3), (4, 4), (6, 5)), (2, 1))",29,5,34.0,29,,,pruned,,,6437
"(((2, 2), (2, 3), (3, 3), (4, 4), (6, 5)), (2, 1))","(((2, 2), (2, 3), (3, 3), (4, 4), (6, 4)), (2, 1))",28,4.0,32.0,28,3,1,expanded,False,True,6438
"(((2, 2), (3, 3), (5, 3), (5, 6), (6, 4)), (1, 3))","(((2, 2), (3, 3), (5, 3), (5, 5), (6, 4)), (1, 3))",29,5,34.0,29,,,pruned,,,6439
"(((2, 1), (3, 3), (5, 3), (5, 5), (6, 4)), (1, 3))","(((2, 2), (3, 3), (5, 3), (5, 5), (6, 4)), (1, 3))",29,5,34.0,29,,,pruned,,,6440
"(((2, 2), (3, 3), (5, 3), (5, 5), (6, 4)), (1, 3))","(((2, 2), (3, 3), (5, 3), (5, 5), (6, 3)), (1, 3))",28,4.0,32.0,28,10,2,expanded,False,True,6441
"(((1, 3), (2, 2), (4, 4), (5, 2), (6, 4)), (1, 4))","(((2, 2), (2, 3), (4, 4), (5, 2), (6, 4)), (1, 3))",29,5,34.0,29,,,pruned,,,6442
"(((2, 2), (2, 3), (4, 4), (6, 2), (6, 4)), (1, 3))","(((2, 2), (2, 3), (4, 4), (5, 2), (6, 4)), (1, 3))",29,4,33.0,29,,,pruned,,,6443
"(((2, 2), (2, 3), (4, 4), (5, 1), (6, 4)), (1, 3))","(((2, 2), (2, 3), (4, 4), (5, 2), (6, 4)), (1, 3))",29,5,34.0,29,,,pruned,,,6444
"(((2, 2), (2, 3), (4, 4), (5, 2), (6, 4)), (1, 3))","(((2, 2), (2, 3), (4, 4), (5, 3), (6, 4)), (5, 4))",28,4.0,32.0,28,10,3,expanded,False,True,6445
"(((1, 3), (2, 2), (5, 3), (6, 4), (6, 5)), (1, 4))","(((2, 2), (2, 3), (5, 3), (6, 4), (6, 5)), (1, 3))",29,5,34.0,29,,,pruned,,,6446
"(((2, 2), (2, 3), (5, 3), (6, 4), (6, 5)), (1, 3))","(((2, 2), (2, 3), (5, 3), (5, 4), (6, 5)), (1, 3))",28,4.0,32.0,28,6,1,expanded,False,True,6447
"(((2, 2), (3, 3), (4, 1), (4, 4), (6, 4)), (4, 2))","(((2, 2), (3, 3), (4, 2), (4, 4), (6, 4)), (2, 1))",29,5,34.0,29,,,pruned,,,6448
"(((2, 2), (3, 3), (4, 2), (4, 4), (6, 4)), (2, 1))","(((2, 2), (3, 3), (4, 4), (5, 2), (6, 4)), (2, 1))",28,4.0,32.0,28,7,1,expanded,False,True,6449
"(((2, 1), (4, 3), (4, 4), (5, 3), (6, 5)), (1, 3))","(((2, 2), (4, 3), (4, 4), (5, 3), (6, 5)), (1, 3))",29,5,34.0,29,,,pruned,,,6450
"(((2, 2), (4, 3), (4, 4), (5, 3), (6, 5)), (1, 3))","(((2, 2), (3, 3), (4, 4), (5, 3), (6, 5)), (1, 3))",28,4.0,32.0,28,2,1,expanded,False,True,6451
"(((2, 2), (5, 2), (5, 3), (5, 6), (6, 3)), (1, 3))","(((2, 2), (5, 2), (5, 3), (5, 5), (6, 3)), (1, 3))",29,5,34.0,29,,,pruned,,,6452
"(((2, 1), (5, 2), (5, 3), (5, 5), (6, 3)), (1, 3))","(((2, 2), (5, 2), (5, 3), (5, 5), (6, 3)), (1, 3))",29,5,34.0,29,,,pruned,,,6453
"(((2, 2), (5, 2), (5, 3), (5, 5), (6, 2)), (1, 3))","(((2, 2), (5, 2), (5, 3), (5, 5), (6, 3)), (1, 3))",29,5,34.0,29,,,pruned,,,6454
"(((2, 2), (5, 3), (5, 5), (6, 2), (6, 3)), (1, 3))","(((2, 2), (5, 2), (5, 3), (5, 5), (6, 3)), (1, 3))",29,4,33.0,29,,,pruned,,,6455
"(((2, 2), (5, 2), (5, 3), (5, 5), (6, 3)), (1, 3))","(((2, 2), (4, 3), (5, 2), (5, 5), (6, 3)), (1, 3))",28,4.0,32.0,28,6,4,expanded,False,True,6456
"(((1, 3), (3, 4), (5, 2), (5, 4), (6, 4)), (1, 4))","(((2, 3), (3, 4), (5, 2), (5, 4), (6, 4)), (2, 1))",29,5,34.0,29,,,pruned,,,6457
"(((2, 3), (3, 4), (5, 4), (6, 2), (6, 4)), (2, 1))","(((2, 3), (3, 4), (5, 2), (5, 4), (6, 4)), (2, 1))",29,4,33.0,29,,,pruned,,,6458
"(((2, 3), (3, 4), (5, 1), (5, 4), (6, 4)), (2, 1))","(((2, 3), (3, 4), (5, 2), (5, 4), (6, 4)), (2, 1))",29,5,34.0,29,,,pruned,,,6459
"(((2, 3), (3, 4), (5, 2), (5, 4), (6, 4)), (2, 1))","(((2, 2), (3, 4), (5, 2), (5, 4), (6, 4)), (1, 3))",28,4.0,32.0,28,9,3,expanded,False,True,6460
"(((1, 4), (3, 3), (5, 3), (5, 4), (6, 4)), (1, 3))","(((2, 4), (3, 3), (5, 3), (5, 4), (6, 4)), (1, 3))",30,4,34.0,30,,,pruned,,,6461
"(((2, 4), (3, 3), (5, 3), (5, 4), (6, 4)), (1, 3))","(((2, 4), (3, 3), (5, 3), (5, 4), (6, 3)), (1, 3))",29,3.0,32.0,29,7,1,expanded,False,True,6462
"(((2, 3), (3, 3), (5, 3), (5, 4), (6, 6)), (1, 3))","(((2, 3), (3, 3), (5, 3), (5, 4), (6, 5)), (1, 3))",30,4,34.0,30,,,pruned,,,6463
"(((2, 3), (3, 3), (5, 3), (5, 4), (6, 5)), (1, 3))","(((2, 3), (3, 3), (5, 3), (5, 4), (6, 4)), (1, 3))",29,3.0,32.0,29,7,1,expanded,False,True,6464
"(((2, 3), (3, 3), (5, 3), (5, 6), (6, 4)), (1, 3))","(((2, 3), (3, 3), (5, 3), (5, 5), (6, 4)), (1, 3))",30,4,34.0,30,,,pruned,,,6465
"(((2, 3), (3, 3), (5, 3), (5, 5), (6, 4)), (1, 3))","(((2, 3), (3, 3), (5, 3), (5, 5), (6, 3)), (1, 3))",29,3.0,32.0,29,8,1,expanded,False,True,6466
"(((2, 2), (3, 3), (4, 2), (4, 4), (6, 2)), (2, 1))","(((2, 2), (3, 3), (4, 2), (4, 4), (6, 3)), (2, 1))",30,4,34.0,30,,,pruned,,,6467
"(((2, 2), (3, 3), (4, 1), (4, 4), (6, 3)), (4, 2))","(((2, 2), (3, 3), (4, 2), (4, 4), (6, 3)), (2, 1))",30,4,34.0,30,,,pruned,,,6468
"(((2, 2), (3, 3), (4, 2), (4, 4), (6, 3)), (2, 1))","(((2, 2), (3, 3), (4, 2), (4, 4), (6, 4)), (2, 1))",29,3.0,32.0,29,7,2,expanded,False,True,6469
"(((2, 2), (5, 2), (5, 3), (5, 4), (6, 2)), (5, 5))","(((2, 2), (5, 2), (5, 3), (5, 4), (6, 3)), (5, 5))",30,4,34.0,30,,,pruned,,,6470
"(((2, 2), (5, 2), (5, 3), (5, 4), (6, 3)), (5, 5))","(((2, 2), (5, 2), (5, 3), (5, 5), (6, 3)), (1, 3))",29,3.0,32.0,29,2,1,expanded,False,True,6471
"(((1, 3), (5, 2), (5, 3), (5, 5), (6, 3)), (1, 4))","(((2, 3), (5, 2), (5, 3), (5, 5), (6, 3)), (1, 3))",30,4,34.0,30,,,pruned,,,6472
"(((2, 3), (5, 2), (5, 3), (5, 6), (6, 3)), (1, 3))","(((2, 3), (5, 2), (5, 3), (5, 5), (6, 3)), (1, 3))",30,4,34.0,30,,,pruned,,,6473
"(((2, 3), (5, 2), (5, 3), (5, 5), (6, 2)), (1, 3))","(((2, 3), (5, 2), (5, 3), (5, 5), (6, 3)), (1, 3))",30,4,34.0,30,,,pruned,,,6474
"(((2, 3), (5, 3), (5, 5), (6, 2), (6, 3)), (1, 3))","(((2, 3), (5, 2), (5, 3), (5, 5), (6, 3)), (1, 3))",30,3,33.0,30,,,pruned,,,6475
"(((2, 3), (5, 2), (5, 3), (5, 5), (6, 3)), (1, 3))","(((2, 2), (5, 2), (5, 3), (5, 5), (6, 3)), (1, 3))",29,3.0,32.0,29,8,4,expanded,False,True,6476
"(((2, 3), (5, 2), (5, 3), (5, 4), (6, 2)), (5, 5))","(((2, 3), (5, 2), (5, 3), (5, 4), (6, 3)), (5, 5))",31,3,34.0,31,,,pruned,,,6477
"(((2, 3), (5, 2), (5, 3), (5, 4), (6, 3)), (5, 5))","(((2, 3), (5, 2), (5, 3), (5, 5), (6, 3)), (1, 3))",30,2.0,32.0,30,2,1,expanded,False,True,6478
"(((1, 3), (2, 2), (2, 4), (4, 2), (6, 5)), (2, 1))","(((2, 2), (2, 3), (2, 4), (4, 2), (6, 5)), (2, 1))",29,6,35.0,29,,,pruned,,,6479
"(((1, 4), (2, 2), (2, 3), (4, 2), (6, 5)), (2, 1))","(((2, 2), (2, 3), (2, 4), (4, 2), (6, 5)), (2, 1))",29,6,35.0,29,,,pruned,,,6480
"(((2, 2), (2, 3), (2, 4), (4, 2), (6, 6)), (2, 1))","(((2, 2), (2, 3), (2, 4), (4, 2), (6, 5)), (2, 1))",29,6,35.0,29,,,pruned,,,6481
"(((2, 2), (2, 3), (2, 4), (4, 1), (6, 5)), (3, 3))","(((2, 2), (2, 3), (2, 4), (4, 2), (6, 5)), (2, 1))",29,6,35.0,29,,,pruned,,,6482
"(((2, 2), (2, 3), (2, 4), (4, 2), (6, 5)), (2, 1))","(((2, 2), (2, 3), (2, 4), (4, 2), (6, 4)), (2, 1))",28,5.0,33.0,28,6,4,expanded,False,True,6483
"(((1, 3), (2, 2), (5, 2), (5, 5), (6, 4)), (1, 4))","(((2, 2), (2, 3), (5, 2), (5, 5), (6, 4)), (1, 3))",29,6,35.0,29,,,pruned,,,6484
"(((2, 2), (2, 3), (5, 2), (5, 6), (6, 4)), (1, 3))","(((2, 2), (2, 3), (5, 2), (5, 5), (6, 4)), (1, 3))",29,6,35.0,29,,,pruned,,,6485
"(((2, 2), (2, 3), (5, 5), (6, 2), (6, 4)), (1, 3))","(((2, 2), (2, 3), (5, 2), (5, 5), (6, 4)), (1, 3))",29,5,34.0,29,,,pruned,,,6486
"(((2, 2), (2, 3), (5, 1), (5, 5), (6, 4)), (1, 3))","(((2, 2), (2, 3), (5, 2), (5, 5), (6, 4)), (1, 3))",29,6,35.0,29,,,pruned,,,6487
"(((2, 2), (2, 3), (5, 2), (5, 5), (6, 4)), (1, 3))","(((2, 2), (2, 3), (5, 3), (5, 5), (6, 4)), (1, 3))",28,5.0,33.0,28,8,4,expanded,False,True,6488
"(((1, 3), (2, 2), (5, 2), (5, 4), (6, 5)), (1, 4))","(((2, 2), (2, 3), (5, 2), (5, 4), (6, 5)), (1, 3))",29,6,35.0,29,,,pruned,,,6489
"(((2, 2), (2, 3), (5, 2), (5, 4), (6, 6)), (1, 3))","(((2, 2), (2, 3), (5, 2), (5, 4), (6, 5)), (1, 3))",29,6,35.0,29,,,pruned,,,6490
"(((2, 2), (2, 3), (5, 4), (6, 2), (6, 5)), (1, 3))","(((2, 2), (2, 3), (5, 2), (5, 4), (6, 5)), (1, 3))",29,5,34.0,29,,,pruned,,,6491
"(((2, 2), (2, 3), (5, 1), (5, 4), (6, 5)), (1, 3))","(((2, 2), (2, 3), (5, 2), (5, 4), (6, 5)), (1, 3))",29,6,35.0,29,,,pruned,,,6492
"(((2, 2), (2, 3), (5, 2), (5, 4), (6, 5)), (1, 3))","(((2, 2), (2, 3), (4, 4), (5, 2), (6, 5)), (1, 3))",28,5.0,33.0,28,10,4,expanded,False,True,6493
"(((2, 1), (3, 3), (4, 4), (5, 2), (6, 5)), (1, 3))","(((2, 2), (3, 3), (4, 4), (5, 2), (6, 5)), (1, 3))",29,6,35.0,29,,,pruned,,,6494
"(((2, 2), (3, 3), (4, 4), (5, 2), (6, 5)), (1, 3))","(((2, 2), (2, 3), (4, 4), (5, 2), (6, 5)), (1, 3))",28,5.0,33.0,28,3,1,expanded,False,True,6495
"(((1, 3), (2, 2), (4, 2), (4, 4), (6, 5)), (1, 4))","(((2, 2), (2, 3), (4, 2), (4, 4), (6, 5)), (1, 3))",29,6,35.0,29,,,pruned,,,6496
"(((2, 2), (2, 3), (4, 2), (4, 4), (6, 6)), (1, 3))","(((2, 2), (2, 3), (4, 2), (4, 4), (6, 5)), (1, 3))",29,6,35.0,29,,,pruned,,,6497
"(((2, 2), (2, 3), (4, 1), (4, 4), (6, 5)), (1, 3))","(((2, 2), (2, 3), (4, 2), (4, 4), (6, 5)), (1, 3))",29,6,35.0,29,,,pruned,,,6498
"(((2, 2), (2, 3), (4, 2), (4, 4), (6, 5)), (1, 3))","(((2, 2), (2, 3), (4, 4), (5, 2), (6, 5)), (1, 3))",28,5.0,33.0,28,8,3,expanded,False,True,6499
"(((2, 2), (3, 3), (4, 3), (5, 6), (6, 4)), (1, 3))","(((2, 2), (3, 3), (4, 3), (5, 5), (6, 4)), (1, 3))",30,5,35.0,30,,,pruned,,,6500
"(((2, 1), (3, 3), (4, 3), (5, 5), (6, 4)), (1, 3))","(((2, 2), (3, 3), (4, 3), (5, 5), (6, 4)), (1, 3))",30,5,35.0,30,,,pruned,,,6501
"(((2, 2), (3, 3), (4, 3), (5, 5), (6, 4)), (1, 3))","(((2, 2), (3, 3), (4, 3), (5, 4), (6, 4)), (2, 1))",29,4.0,33.0,29,6,2,expanded,False,True,6502
"(((2, 2), (3, 3), (4, 3), (5, 4), (6, 6)), (2, 1))","(((2, 2), (3, 3), (4, 3), (5, 4), (6, 5)), (2, 1))",30,5,35.0,30,,,pruned,,,6503
"(((2, 2), (3, 3), (4, 3), (5, 4), (6, 5)), (2, 1))","(((2, 2), (3, 3), (4, 3), (5, 4), (6, 4)), (2, 1))",29,4.0,33.0,29,5,1,expanded,False,True,6504
"(((2, 2), (2, 3), (3, 3), (5, 6), (6, 4)), (1, 3))","(((2, 2), (2, 3), (3, 3), (5, 5), (6, 4)), (1, 3))",30,5,35.0,30,,,pruned,,,6505
"(((2, 2), (2, 3), (3, 3), (5, 5), (6, 4)), (1, 3))","(((2, 2), (2, 3), (3, 3), (5, 4), (6, 4)), (1, 3))",29,4.0,33.0,29,2,1,expanded,False,True,6506
"(((2, 2), (2, 3), (3, 3), (5, 4), (6, 6)), (1, 3))","(((2, 2), (2, 3), (3, 3), (5, 4), (6, 5)), (1, 3))",30,5,35.0,30,,,pruned,,,6507
"(((2, 2), (2, 3), (3, 3), (5, 4), (6, 5)), (1, 3))","(((2, 2), (2, 3), (3, 3), (5, 4), (6, 4)), (1, 3))",29,4.0,33.0,29,4,1,expanded,False,True,6508
"(((2, 1), (4, 3), (5, 3), (5, 4), (6, 5)), (1, 3))","(((2, 2), (4, 3), (5, 3), (5, 4), (6, 5)), (1, 3))",30,5,35.0,30,,,pruned,,,6509
"(((2, 2), (4, 3), (5, 3), (5, 4), (6, 5)), (1, 3))","(((2, 2), (3, 3), (5, 3), (5, 4), (6, 5)), (1, 3))",29,4.0,33.0,29,3,1,expanded,False,True,6510
"(((2, 1), (3, 3), (5, 3), (6, 4), (6, 5)), (1, 3))","(((2, 2), (3, 3), (5, 3), (6, 4), (6, 5)), (1, 3))",30,5,35.0,30,,,pruned,,,6511
"(((2, 2), (3, 3), (5, 3), (6, 4), (6, 5)), (1, 3))","(((2, 2), (3, 3), (5, 3), (5, 4), (6, 5)), (1, 3))",29,4.0,33.0,29,8,1,expanded,False,True,6512
"(((2, 2), (4, 3), (5, 3), (5, 6), (6, 4)), (1, 3))","(((2, 2), (4, 3), (5, 3), (5, 5), (6, 4)), (1, 3))",30,5,35.0,30,,,pruned,,,6513
"(((2, 1), (4, 3), (5, 3), (5, 5), (6, 4)), (1, 3))","(((2, 2), (4, 3), (5, 3), (5, 5), (6, 4)), (1, 3))",30,5,35.0,30,,,pruned,,,6514
"(((2, 2), (4, 3), (5, 3), (5, 5), (6, 4)), (1, 3))","(((2, 2), (3, 3), (5, 3), (5, 5), (6, 4)), (1, 3))",29,4.0,33.0,29,4,2,expanded,False,True,6515
"(((1, 3), (2, 2), (5, 2), (5, 4), (6, 4)), (1, 4))","(((2, 2), (2, 3), (5, 2), (5, 4), (6, 4)), (1, 3))",30,5,35.0,30,,,pruned,,,6516
"(((2, 2), (2, 3), (5, 4), (6, 2), (6, 4)), (1, 3))","(((2, 2), (2, 3), (5, 2), (5, 4), (6, 4)), (1, 3))",30,4,34.0,30,,,pruned,,,6517
"(((2, 2), (2, 3), (5, 1), (5, 4), (6, 4)), (1, 3))","(((2, 2), (2, 3), (5, 2), (5, 4), (6, 4)), (1, 3))",30,5,35.0,30,,,pruned,,,6518
"(((2, 2), (2, 3), (5, 2), (5, 4), (6, 4)), (1, 3))","(((2, 2), (2, 3), (4, 4), (5, 2), (6, 4)), (1, 3))",29,4.0,33.0,29,8,3,expanded,False,True,6519
"(((2, 1), (3, 3), (4, 4), (5, 2), (6, 4)), (1, 3))","(((2, 2), (3, 3), (4, 4), (5, 2), (6, 4)), (1, 3))",30,5,35.0,30,,,pruned,,,6520
"(((2, 2), (3, 3), (4, 4), (5, 2), (6, 4)), (1, 3))","(((2, 2), (2, 3), (4, 4), (5, 2), (6, 4)), (1, 3))",29,4.0,33.0,29,3,1,expanded,False,True,6521
"(((1, 3), (2, 2), (4, 2), (4, 4), (6, 4)), (1, 4))","(((2, 2), (2, 3), (4, 2), (4, 4), (6, 4)), (1, 3))",30,5,35.0,30,,,pruned,,,6522
"(((2, 2), (2, 3), (4, 1), (4, 4), (6, 4)), (1, 3))","(((2, 2), (2, 3), (4, 2), (4, 4), (6, 4)), (1, 3))",30,5,35.0,30,,,pruned,,,6523
"(((2, 2), (2, 3), (4, 2), (4, 4), (6, 4)), (1, 3))","(((2, 2), (2, 3), (4, 4), (5, 2), (6, 4)), (1, 3))",29,4.0,33.0,29,8,2,expanded,False,True,6524
"(((1, 3), (2, 2), (4, 3), (6, 4), (6, 5)), (1, 4))","(((2, 2), (2, 3), (4, 3), (6, 4), (6, 5)), (1, 3))",30,5,35.0,30,,,pruned,,,6525
"(((2, 2), (2, 3), (4, 3), (6, 4), (6, 5)), (1, 3))","(((2, 2), (2, 3), (5, 3), (6, 4), (6, 5)), (1, 3))",29,4.0,33.0,29,6,1,expanded,False,True,6526
"(((3, 3), (3, 4), (5, 3), (5, 4), (6, 4)), (1, 3))","(((3, 3), (3, 4), (5, 3), (5, 4), (6, 3)), (1, 3))",30,3.0,33.0,30,7,0,expanded,False,True,6527
"(((2, 3), (3, 3), (4, 3), (5, 6), (6, 4)), (1, 3))","(((2, 3), (3, 3), (4, 3), (5, 5), (6, 4)), (1, 3))",31,4,35.0,31,,,pruned,,,6528
"(((2, 3), (3, 3), (4, 3), (5, 5), (6, 4)), (1, 3))","(((2, 3), (3, 3), (4, 3), (5, 4), (6, 4)), (2, 1))",30,3.0,33.0,30,6,1,expanded,False,True,6529
"(((2, 3), (3, 3), (4, 3), (5, 4), (6, 6)), (2, 1))","(((2, 3), (3, 3), (4, 3), (5, 4), (6, 5)), (2, 1))",31,4,35.0,31,,,pruned,,,6530
"(((2, 3), (3, 3), (4, 3), (5, 4), (6, 5)), (2, 1))","(((2, 3), (3, 3), (4, 3), (5, 4), (6, 4)), (2, 1))",30,3.0,33.0,30,5,1,expanded,False,True,6531
"(((2, 3), (3, 3), (5, 3), (6, 4), (6, 5)), (1, 3))","(((2, 3), (3, 3), (5, 3), (5, 4), (6, 5)), (1, 3))",30,3.0,33.0,30,6,0,expanded,False,True,6532
"(((1, 3), (2, 2), (4, 2), (4, 4), (6, 3)), (1, 4))","(((2, 2), (2, 3), (4, 2), (4, 4), (6, 3)), (1, 3))",31,4,35.0,31,,,pruned,,,6533
"(((2, 2), (2, 3), (4, 2), (4, 4), (6, 2)), (1, 3))","(((2, 2), (2, 3), (4, 2), (4, 4), (6, 3)), (1, 3))",31,4,35.0,31,,,pruned,,,6534
"(((2, 2), (2, 3), (4, 1), (4, 4), (6, 3)), (1, 3))","(((2, 2), (2, 3), (4, 2), (4, 4), (6, 3)), (1, 3))",31,4,35.0,31,,,pruned,,,6535
"(((2, 2), (2, 3), (4, 2), (4, 4), (6, 3)), (1, 3))","(((2, 2), (3, 3), (4, 2), (4, 4), (6, 3)), (2, 1))",30,3.0,33.0,30,8,3,expanded,False,True,6536
"(((3, 3), (5, 2), (5, 3), (5, 6), (6, 3)), (1, 3))","(((3, 3), (5, 2), (5, 3), (5, 5), (6, 3)), (1, 3))",31,4,35.0,31,,,pruned,,,6537
"(((3, 3), (5, 2), (5, 3), (5, 5), (6, 2)), (1, 3))","(((3, 3), (5, 2), (5, 3), (5, 5), (6, 3)), (1, 3))",31,4,35.0,31,,,pruned,,,6538
"(((3, 3), (5, 3), (5, 5), (6, 2), (6, 3)), (1, 3))","(((3, 3), (5, 2), (5, 3), (5, 5), (6, 3)), (1, 3))",31,3,34.0,31,,,pruned,,,6539
"(((3, 3), (5, 2), (5, 3), (5, 5), (6, 3)), (1, 3))","(((2, 3), (5, 2), (5, 3), (5, 5), (6, 3)), (1, 3))",30,3.0,33.0,30,6,3,expanded,False,True,6540
"(((3, 3), (5, 2), (5, 3), (5, 4), (6, 2)), (5, 5))","(((3, 3), (5, 2), (5, 3), (5, 4), (6, 3)), (5, 5))",32,3,35.0,32,,,pruned,,,6541
"(((3, 3), (5, 2), (5, 3), (5, 4), (6, 3)), (5, 5))","(((3, 3), (5, 2), (5, 3), (5, 5), (6, 3)), (1, 3))",31,2.0,33.0,31,2,1,expanded,False,True,6542
"(((2, 4), (3, 4), (5, 2), (5, 4), (6, 6)), (1, 3))","(((2, 4), (3, 4), (5, 2), (5, 4), (6, 5)), (1, 3))",29,7,36.0,29,,,pruned,,,6543
"(((2, 4), (3, 4), (5, 4), (6, 2), (6, 5)), (1, 3))","(((2, 4), (3, 4), (5, 2), (5, 4), (6, 5)), (1, 3))",29,6,35.0,29,,,pruned,,,6544
"(((2, 4), (3, 4), (5, 1), (5, 4), (6, 5)), (1, 3))","(((2, 4), (3, 4), (5, 2), (5, 4), (6, 5)), (1, 3))",29,7,36.0,29,,,pruned,,,6545
"(((2, 4), (3, 4), (5, 2), (5, 4), (6, 5)), (1, 3))","(((2, 3), (3, 4), (5, 2), (5, 4), (6, 5)), (2, 1))",28,6.0,34.0,28,8,3,expanded,False,True,6546
"(((1, 3), (2, 2), (4, 2), (5, 5), (6, 4)), (1, 4))","(((2, 2), (2, 3), (4, 2), (5, 5), (6, 4)), (1, 3))",30,6,36.0,30,,,pruned,,,6547
"(((2, 2), (2, 3), (4, 2), (5, 6), (6, 4)), (1, 3))","(((2, 2), (2, 3), (4, 2), (5, 5), (6, 4)), (1, 3))",30,6,36.0,30,,,pruned,,,6548
"(((2, 2), (2, 3), (4, 1), (5, 5), (6, 4)), (1, 3))","(((2, 2), (2, 3), (4, 2), (5, 5), (6, 4)), (1, 3))",30,6,36.0,30,,,pruned,,,6549
"(((2, 2), (2, 3), (4, 2), (5, 5), (6, 4)), (1, 3))","(((2, 2), (2, 3), (4, 3), (5, 5), (6, 4)), (1, 3))",29,5.0,34.0,29,6,3,expanded,False,True,6550
"(((2, 2), (3, 3), (5, 2), (5, 6), (6, 4)), (1, 3))","(((2, 2), (3, 3), (5, 2), (5, 5), (6, 4)), (1, 3))",30,6,36.0,30,,,pruned,,,6551
"(((2, 1), (3, 3), (5, 2), (5, 5), (6, 4)), (1, 3))","(((2, 2), (3, 3), (5, 2), (5, 5), (6, 4)), (1, 3))",30,6,36.0,30,,,pruned,,,6552
"(((2, 2), (3, 3), (5, 5), (6, 2), (6, 4)), (1, 3))","(((2, 2), (3, 3), (5, 2), (5, 5), (6, 4)), (1, 3))",30,5,35.0,30,,,pruned,,,6553
"(((2, 2), (3, 3), (5, 1), (5, 5), (6, 4)), (1, 3))","(((2, 2), (3, 3), (5, 2), (5, 5), (6, 4)), (1, 3))",30,6,36.0,30,,,pruned,,,6554
"(((2, 2), (3, 3), (5, 2), (5, 5), (6, 4)), (1, 3))","(((2, 2), (3, 3), (5, 3), (5, 5), (6, 4)), (1, 3))",29,5.0,34.0,29,10,4,expanded,False,True,6555
"(((1, 3), (2, 2), (5, 2), (6, 4), (6, 5)), (1, 4))","(((2, 2), (2, 3), (5, 2), (6, 4), (6, 5)), (1, 3))",30,6,36.0,30,,,pruned,,,6556
"(((2, 2), (2, 3), (6, 2), (6, 4), (6, 5)), (1, 3))","(((2, 2), (2, 3), (5, 2), (6, 4), (6, 5)), (1, 3))",30,5,35.0,30,,,pruned,,,6557
"(((2, 2), (2, 3), (5, 1), (6, 4), (6, 5)), (1, 3))","(((2, 2), (2, 3), (5, 2), (6, 4), (6, 5)), (1, 3))",30,6,36.0,30,,,pruned,,,6558
"(((2, 2), (2, 3), (5, 2), (6, 4), (6, 5)), (1, 3))","(((2, 2), (2, 3), (5, 3), (6, 4), (6, 5)), (1, 3))",29,5.0,34.0,29,6,3,expanded,False,True,6559
"(((2, 4), (3, 4), (5, 4), (6, 2), (6, 4)), (1, 3))","(((2, 4), (3, 4), (5, 2), (5, 4), (6, 4)), (1, 3))",30,5,35.0,30,,,pruned,,,6560
"(((2, 4), (3, 4), (5, 1), (5, 4), (6, 4)), (1, 3))","(((2, 4), (3, 4), (5, 2), (5, 4), (6, 4)), (1, 3))",30,6,36.0,30,,,pruned,,,6561
"(((2, 4), (3, 4), (5, 2), (5, 4), (6, 4)), (1, 3))","(((2, 3), (3, 4), (5, 2), (5, 4), (6, 4)), (2, 1))",29,5.0,34.0,29,6,2,expanded,False,True,6562
"(((2, 2), (3, 3), (5, 2), (5, 4), (6, 6)), (1, 3))","(((2, 2), (3, 3), (5, 2), (5, 4), (6, 5)), (1, 3))",30,6,36.0,30,,,pruned,,,6563
"(((2, 1), (3, 3), (5, 2), (5, 4), (6, 5)), (1, 3))","(((2, 2), (3, 3), (5, 2), (5, 4), (6, 5)), (1, 3))",30,6,36.0,30,,,pruned,,,6564
"(((2, 2), (3, 3), (5, 4), (6, 2), (6, 5)), (1, 3))","(((2, 2), (3, 3), (5, 2), (5, 4), (6, 5)), (1, 3))",30,5,35.0,30,,,pruned,,,6565
"(((2, 2), (3, 3), (5, 1), (5, 4), (6, 5)), (1, 3))","(((2, 2), (3, 3), (5, 2), (5, 4), (6, 5)), (1, 3))",30,6,36.0,30,,,pruned,,,6566
"(((2, 2), (3, 3), (5, 2), (5, 4), (6, 5)), (1, 3))","(((2, 2), (2, 3), (5, 2), (5, 4), (6, 5)), (1, 3))",29,5.0,34.0,29,12,4,expanded,False,True,6567
"(((1, 3), (2, 2), (4, 2), (5, 4), (6, 5)), (1, 4))","(((2, 2), (2, 3), (4, 2), (5, 4), (6, 5)), (1, 3))",30,6,36.0,30,,,pruned,,,6568
"(((2, 2), (2, 3), (4, 2), (5, 4), (6, 6)), (1, 3))","(((2, 2), (2, 3), (4, 2), (5, 4), (6, 5)), (1, 3))",30,6,36.0,30,,,pruned,,,6569
"(((2, 2), (2, 3), (4, 1), (5, 4), (6, 5)), (1, 3))","(((2, 2), (2, 3), (4, 2), (5, 4), (6, 5)), (1, 3))",30,6,36.0,30,,,pruned,,,6570
"(((2, 2), (2, 3), (4, 2), (5, 4), (6, 5)), (1, 3))","(((2, 2), (2, 3), (5, 2), (5, 4), (6, 5)), (1, 3))",29,5.0,34.0,29,8,3,expanded,False,True,6571
"(((2, 1), (4, 3), (4, 4), (5, 2), (6, 5)), (1, 3))","(((2, 2), (4, 3), (4, 4), (5, 2), (6, 5)), (1, 3))",30,6,36.0,30,,,pruned,,,6572
"(((2, 2), (4, 3), (4, 4), (5, 2), (6, 5)), (1, 3))","(((2, 2), (3, 3), (4, 4), (5, 2), (6, 5)), (1, 3))",29,5.0,34.0,29,3,1,expanded,False,True,6573
"(((2, 1), (3, 3), (4, 2), (4, 4), (6, 5)), (1, 3))","(((2, 2), (3, 3), (4, 2), (4, 4), (6, 5)), (1, 3))",30,6,36.0,30,,,pruned,,,6574
"(((2, 2), (3, 3), (4, 2), (4, 4), (6, 5)), (1, 3))","(((2, 2), (2, 3), (4, 2), (4, 4), (6, 5)), (1, 3))",29,5.0,34.0,29,3,1,expanded,False,True,6575
"(((1, 4), (3, 3), (5, 3), (5, 4), (6, 5)), (1, 3))","(((2, 4), (3, 3), (5, 3), (5, 4), (6, 5)), (1, 3))",31,5,36.0,31,,,pruned,,,6576
"(((2, 4), (3, 3), (5, 3), (5, 4), (6, 6)), (1, 3))","(((2, 4), (3, 3), (5, 3), (5, 4), (6, 5)), (1, 3))",31,5,36.0,31,,,pruned,,,6577
"(((2, 4), (3, 3), (5, 3), (5, 4), (6, 5)), (1, 3))","(((2, 4), (3, 3), (5, 3), (5, 4), (6, 4)), (1, 3))",30,4.0,34.0,30,9,2,expanded,False,True,6578
"(((2, 3), (3, 3), (5, 2), (5, 6), (6, 4)), (1, 3))","(((2, 3), (3, 3), (5, 2), (5, 5), (6, 4)), (1, 3))",31,5,36.0,31,,,pruned,,,6579
"(((2, 3), (3, 3), (5, 5), (6, 2), (6, 4)), (1, 3))","(((2, 3), (3, 3), (5, 2), (5, 5), (6, 4)), (1, 3))",31,4,35.0,31,,,pruned,,,6580
"(((2, 3), (3, 3), (5, 1), (5, 5), (6, 4)), (1, 3))","(((2, 3), (3, 3), (5, 2), (5, 5), (6, 4)), (1, 3))",31,5,36.0,31,,,pruned,,,6581
"(((2, 3), (3, 3), (5, 2), (5, 5), (6, 4)), (1, 3))","(((2, 3), (3, 3), (5, 3), (5, 5), (6, 4)), (1, 3))",30,4.0,34.0,30,8,3,expanded,False,True,6582
"(((2, 2), (2, 3), (3, 3), (6, 4), (6, 5)), (1, 3))","(((2, 2), (2, 3), (3, 3), (5, 4), (6, 5)), (1, 3))",30,4.0,34.0,30,0,0,expanded,False,True,6583
"(((2, 1), (4, 3), (5, 3), (6, 4), (6, 5)), (1, 3))","(((2, 2), (4, 3), (5, 3), (6, 4), (6, 5)), (1, 3))",31,5,36.0,31,,,pruned,,,6584
"(((2, 2), (4, 3), (5, 3), (6, 4), (6, 5)), (1, 3))","(((2, 2), (4, 3), (5, 3), (5, 4), (6, 5)), (1, 3))",30,4.0,34.0,30,3,1,expanded,False,True,6585
"(((2, 1), (3, 3), (4, 3), (6, 4), (6, 5)), (1, 3))","(((2, 2), (3, 3), (4, 3), (6, 4), (6, 5)), (1, 3))",31,5,36.0,31,,,pruned,,,6586
"(((2, 2), (3, 3), (4, 3), (6, 4), (6, 5)), (1, 3))","(((2, 2), (3, 3), (5, 3), (6, 4), (6, 5)), (1, 3))",30,4.0,34.0,30,4,1,expanded,False,True,6587
"(((2, 1), (3, 3), (5, 2), (5, 4), (6, 4)), (1, 3))","(((2, 2), (3, 3), (5, 2), (5, 4), (6, 4)), (1, 3))",31,5,36.0,31,,,pruned,,,6588
"(((2, 2), (3, 3), (5, 4), (6, 2), (6, 4)), (1, 3))","(((2, 2), (3, 3), (5, 2), (5, 4), (6, 4)), (1, 3))",31,4,35.0,31,,,pruned,,,6589
"(((2, 2), (3, 3), (5, 1), (5, 4), (6, 4)), (1, 3))","(((2, 2), (3, 3), (5, 2), (5, 4), (6, 4)), (1, 3))",31,5,36.0,31,,,pruned,,,6590
"(((2, 2), (3, 3), (5, 2), (5, 4), (6, 4)), (1, 3))","(((2, 2), (2, 3), (5, 2), (5, 4), (6, 4)), (1, 3))",30,4.0,34.0,30,10,3,expanded,False,True,6591
"(((1, 3), (2, 2), (4, 2), (5, 4), (6, 4)), (1, 4))","(((2, 2), (2, 3), (4, 2), (5, 4), (6, 4)), (1, 3))",31,5,36.0,31,,,pruned,,,6592
"(((2, 2), (2, 3), (4, 1), (5, 4), (6, 4)), (1, 3))","(((2, 2), (2, 3), (4, 2), (5, 4), (6, 4)), (1, 3))",31,5,36.0,31,,,pruned,,,6593
"(((2, 2), (2, 3), (4, 2), (5, 4), (6, 4)), (1, 3))","(((2, 2), (2, 3), (5, 2), (5, 4), (6, 4)), (1, 3))",30,4.0,34.0,30,6,2,expanded,False,True,6594
"(((2, 1), (4, 3), (4, 4), (5, 2), (6, 4)), (1, 3))","(((2, 2), (4, 3), (4, 4), (5, 2), (6, 4)), (1, 3))",31,5,36.0,31,,,pruned,,,6595
"(((2, 2), (4, 3), (4, 4), (5, 2), (6, 4)), (1, 3))","(((2, 2), (3, 3), (4, 4), (5, 2), (6, 4)), (1, 3))",30,4.0,34.0,30,3,1,expanded,False,True,6596
"(((2, 1), (3, 3), (4, 2), (4, 4), (6, 4)), (1, 3))","(((2, 2), (3, 3), (4, 2), (4, 4), (6, 4)), (1, 3))",31,5,36.0,31,,,pruned,,,6597
"(((2, 2), (3, 3), (4, 2), (4, 4), (6, 4)), (1, 3))","(((2, 2), (2, 3), (4, 2), (4, 4), (6, 4)), (1, 3))",30,4.0,34.0,30,3,1,expanded,False,True,6598
"(((2, 3), (3, 3), (5, 2), (5, 4), (6, 6)), (1, 3))","(((2, 3), (3, 3), (5, 2), (5, 4), (6, 5)), (1, 3))",31,5,36.0,31,,,pruned,,,6599
"(((2, 3), (3, 3), (5, 4), (6, 2), (6, 5)), (1, 3))","(((2, 3), (3, 3), (5, 2), (5, 4), (6, 5)), (1, 3))",31,4,35.0,31,,,pruned,,,6600
"(((2, 3), (3, 3), (5, 1), (5, 4), (6, 5)), (1, 3))","(((2, 3), (3, 3), (5, 2), (5, 4), (6, 5)), (1, 3))",31,5,36.0,31,,,pruned,,,6601
"(((2, 3), (3, 3), (5, 2), (5, 4), (6, 5)), (1, 3))","(((2, 2), (3, 3), (5, 2), (5, 4), (6, 5)), (1, 3))",30,4.0,34.0,30,10,3,expanded,False,True,6602
"(((2, 3), (3, 3), (4, 3), (6, 4), (6, 5)), (1, 3))","(((2, 3), (3, 3), (5, 3), (6, 4), (6, 5)), (1, 3))",31,3.0,34.0,31,4,0,expanded,False,True,6603
"(((1, 3), (2, 2), (4, 2), (5, 4), (6, 3)), (1, 4))","(((2, 2), (2, 3), (4, 2), (5, 4), (6, 3)), (1, 3))",32,4,36.0,32,,,pruned,,,6604
"(((2, 2), (2, 3), (4, 1), (5, 4), (6, 3)), (1, 3))","(((2, 2), (2, 3), (4, 2), (5, 4), (6, 3)), (1, 3))",32,4,36.0,32,,,pruned,,,6605
"(((2, 2), (2, 3), (4, 2), (5, 4), (6, 3)), (1, 3))","(((2, 2), (2, 3), (4, 2), (4, 4), (6, 3)), (1, 3))",31,3.0,34.0,31,7,2,expanded,False,True,6606
"(((2, 1), (3, 3), (4, 2), (4, 4), (6, 3)), (1, 3))","(((2, 2), (3, 3), (4, 2), (4, 4), (6, 3)), (1, 3))",32,4,36.0,32,,,pruned,,,6607
"(((2, 2), (3, 3), (4, 2), (4, 4), (6, 3)), (1, 3))","(((2, 2), (2, 3), (4, 2), (4, 4), (6, 3)), (1, 3))",31,3.0,34.0,31,3,1,expanded,False,True,6608
"(((2, 3), (3, 3), (5, 4), (6, 2), (6, 4)), (1, 3))","(((2, 3), (3, 3), (5, 2), (5, 4), (6, 4)), (1, 3))",32,3,35.0,32,,,pruned,,,6609
"(((2, 3), (3, 3), (5, 1), (5, 4), (6, 4)), (1, 3))","(((2, 3), (3, 3), (5, 2), (5, 4), (6, 4)), (1, 3))",32,4,36.0,32,,,pruned,,,6610
"(((2, 3), (3, 3), (5, 2), (5, 4), (6, 4)), (1, 3))","(((2, 2), (3, 3), (5, 2), (5, 4), (6, 4)), (1, 3))",31,3.0,34.0,31,8,2,expanded,False,True,6611
"(((2, 2), (2, 3), (4, 3), (5, 4), (6, 3)), (2, 1))","(((2, 2), (2, 3), (4, 2), (5, 4), (6, 3)), (1, 3))",32,2.0,34.0,32,4,0,expanded,False,True,6612
"(((2, 2), (3, 3), (4, 2), (5, 6), (6, 4)), (1, 3))","(((2, 2), (3, 3), (4, 2), (5, 5), (6, 4)), (1, 3))",31,6,37.0,31,,,pruned,,,6613
"(((2, 1), (3, 3), (4, 2), (5, 5), (6, 4)), (1, 3))","(((2, 2), (3, 3), (4, 2), (5, 5), (6, 4)), (1, 3))",31,6,37.0,31,,,pruned,,,6614
"(((2, 2), (3, 3), (4, 1), (5, 5), (6, 4)), (1, 3))","(((2, 2), (3, 3), (4, 2), (5, 5), (6, 4)), (1, 3))",31,6,37.0,31,,,pruned,,,6615
"(((2, 2), (3, 3), (4, 2), (5, 5), (6, 4)), (1, 3))","(((2, 2), (3, 3), (4, 3), (5, 5), (6, 4)), (1, 3))",30,5.0,35.0,30,8,3,expanded,False,True,6616
"(((2, 1), (3, 3), (5, 2), (6, 4), (6, 5)), (1, 3))","(((2, 2), (3, 3), (5, 2), (6, 4), (6, 5)), (1, 3))",31,6,37.0,31,,,pruned,,,6617
"(((2, 2), (3, 3), (6, 2), (6, 4), (6, 5)), (1, 3))","(((2, 2), (3, 3), (5, 2), (6, 4), (6, 5)), (1, 3))",31,5,36.0,31,,,pruned,,,6618
"(((2, 2), (3, 3), (5, 1), (6, 4), (6, 5)), (1, 3))","(((2, 2), (3, 3), (5, 2), (6, 4), (6, 5)), (1, 3))",31,6,37.0,31,,,pruned,,,6619
"(((2, 2), (3, 3), (5, 2), (6, 4), (6, 5)), (1, 3))","(((2, 2), (3, 3), (5, 3), (6, 4), (6, 5)), (1, 3))",30,5.0,35.0,30,8,3,expanded,False,True,6620
"(((2, 2), (4, 3), (5, 2), (5, 6), (6, 4)), (1, 3))","(((2, 2), (4, 3), (5, 2), (5, 5), (6, 4)), (1, 3))",31,6,37.0,31,,,pruned,,,6621
"(((2, 1), (4, 3), (5, 2), (5, 5), (6, 4)), (1, 3))","(((2, 2), (4, 3), (5, 2), (5, 5), (6, 4)), (1, 3))",31,6,37.0,31,,,pruned,,,6622
"(((2, 2), (4, 3), (5, 1), (5, 5), (6, 4)), (1, 3))","(((2, 2), (4, 3), (5, 2), (5, 5), (6, 4)), (1, 3))",31,6,37.0,31,,,pruned,,,6623
"(((2, 2), (4, 3), (5, 2), (5, 5), (6, 4)), (1, 3))","(((2, 2), (4, 3), (5, 3), (5, 5), (6, 4)), (1, 3))",30,5.0,35.0,30,8,3,expanded,False,True,6624
"(((1, 3), (2, 2), (4, 2), (6, 4), (6, 5)), (1, 4))","(((2, 2), (2, 3), (4, 2), (6, 4), (6, 5)), (1, 3))",31,6,37.0,31,,,pruned,,,6625
"(((2, 2), (2, 3), (4, 1), (6, 4), (6, 5)), (1, 3))","(((2, 2), (2, 3), (4, 2), (6, 4), (6, 5)), (1, 3))",31,6,37.0,31,,,pruned,,,6626
"(((2, 2), (2, 3), (4, 2), (6, 4), (6, 5)), (1, 3))","(((2, 2), (2, 3), (4, 3), (6, 4), (6, 5)), (1, 3))",30,5.0,35.0,30,4,2,expanded,False,True,6627
"(((2, 1), (4, 3), (5, 2), (5, 4), (6, 5)), (1, 3))","(((2, 2), (4, 3), (5, 2), (5, 4), (6, 5)), (1, 3))",31,6,37.0,31,,,pruned,,,6628
"(((2, 2), (4, 3), (5, 2), (5, 4), (6, 5)), (1, 3))","(((2, 2), (3, 3), (5, 2), (5, 4), (6, 5)), (1, 3))",30,5.0,35.0,30,4,1,expanded,False,True,6629
"(((2, 2), (3, 3), (4, 2), (5, 4), (6, 6)), (1, 3))","(((2, 2), (3, 3), (4, 2), (5, 4), (6, 5)), (1, 3))",31,6,37.0,31,,,pruned,,,6630
"(((2, 1), (3, 3), (4, 2), (5, 4), (6, 5)), (1, 3))","(((2, 2), (3, 3), (4, 2), (5, 4), (6, 5)), (1, 3))",31,6,37.0,31,,,pruned,,,6631
"(((2, 2), (3, 3), (4, 1), (5, 4), (6, 5)), (1, 3))","(((2, 2), (3, 3), (4, 2), (5, 4), (6, 5)), (1, 3))",31,6,37.0,31,,,pruned,,,6632
"(((2, 2), (3, 3), (4, 2), (5, 4), (6, 5)), (1, 3))","(((2, 2), (3, 3), (5, 2), (5, 4), (6, 5)), (1, 3))",30,5.0,35.0,30,10,3,expanded,False,True,6633
"(((2, 1), (4, 4), (5, 2), (5, 3), (6, 5)), (1, 3))","(((2, 2), (4, 4), (5, 2), (5, 3), (6, 5)), (1, 3))",31,6,37.0,31,,,pruned,,,6634
"(((2, 2), (4, 4), (5, 3), (6, 2), (6, 5)), (1, 3))","(((2, 2), (4, 4), (5, 2), (5, 3), (6, 5)), (1, 3))",31,5,36.0,31,,,pruned,,,6635
"(((2, 2), (4, 4), (5, 2), (5, 3), (6, 5)), (1, 3))","(((2, 2), (4, 3), (4, 4), (5, 2), (6, 5)), (1, 3))",30,5.0,35.0,30,5,2,expanded,False,True,6636
"(((2, 1), (4, 2), (4, 3), (4, 4), (6, 5)), (1, 3))","(((2, 2), (4, 2), (4, 3), (4, 4), (6, 5)), (1, 3))",31,6,37.0,31,,,pruned,,,6637
"(((2, 2), (4, 2), (4, 3), (4, 4), (6, 5)), (1, 3))","(((2, 2), (3, 3), (4, 2), (4, 4), (6, 5)), (1, 3))",30,5.0,35.0,30,3,1,expanded,False,True,6638
"(((3, 3), (3, 4), (5, 3), (5, 4), (6, 6)), (1, 3))","(((3, 3), (3, 4), (5, 3), (5, 4), (6, 5)), (1, 3))",32,5,37.0,32,,,pruned,,,6639
"(((3, 3), (3, 4), (5, 3), (5, 4), (6, 5)), (1, 3))","(((3, 3), (3, 4), (5, 3), (5, 4), (6, 4)), (1, 3))",31,4.0,35.0,31,9,1,expanded,False,True,6640
"(((2, 3), (3, 3), (4, 2), (5, 6), (6, 4)), (1, 3))","(((2, 3), (3, 3), (4, 2), (5, 5), (6, 4)), (1, 3))",32,5,37.0,32,,,pruned,,,6641
"(((2, 3), (3, 3), (4, 1), (5, 5), (6, 4)), (1, 3))","(((2, 3), (3, 3), (4, 2), (5, 5), (6, 4)), (1, 3))",32,5,37.0,32,,,pruned,,,6642
"(((2, 3), (3, 3), (4, 2), (5, 5), (6, 4)), (1, 3))","(((2, 3), (3, 3), (4, 3), (5, 5), (6, 4)), (1, 3))",31,4.0,35.0,31,6,2,expanded,False,True,6643
"(((2, 3), (3, 3), (6, 2), (6, 4), (6, 5)), (1, 3))","(((2, 3), (3, 3), (5, 2), (6, 4), (6, 5)), (1, 3))",32,4,36.0,32,,,pruned,,,6644
"(((2, 3), (3, 3), (5, 1), (6, 4), (6, 5)), (1, 3))","(((2, 3), (3, 3), (5, 2), (6, 4), (6, 5)), (1, 3))",32,5,37.0,32,,,pruned,,,6645
"(((2, 3), (3, 3), (5, 2), (6, 4), (6, 5)), (1, 3))","(((2, 3), (3, 3), (5, 3), (6, 4), (6, 5)), (1, 3))",31,4.0,35.0,31,6,2,expanded,False,True,6646
"(((2, 1), (4, 3), (5, 2), (5, 4), (6, 4)), (1, 3))","(((2, 2), (4, 3), (5, 2), (5, 4), (6, 4)), (1, 3))",32,5,37.0,32,,,pruned,,,6647
"(((2, 2), (4, 3), (5, 2), (5, 4), (6, 4)), (1, 3))","(((2, 2), (3, 3), (5, 2), (5, 4), (6, 4)), (1, 3))",31,4.0,35.0,31,3,1,expanded,False,True,6648
"(((2, 1), (3, 3), (4, 2), (5, 4), (6, 4)), (1, 3))","(((2, 2), (3, 3), (4, 2), (5, 4), (6, 4)), (1, 3))",32,5,37.0,32,,,pruned,,,6649
"(((2, 2), (3, 3), (4, 1), (5, 4), (6, 4)), (1, 3))","(((2, 2), (3, 3), (4, 2), (5, 4), (6, 4)), (1, 3))",32,5,37.0,32,,,pruned,,,6650
"(((2, 2), (3, 3), (4, 2), (5, 4), (6, 4)), (1, 3))","(((2, 2), (3, 3), (5, 2), (5, 4), (6, 4)), (1, 3))",31,4.0,35.0,31,8,2,expanded,False,True,6651
"(((2, 1), (4, 4), (5, 2), (5, 3), (6, 4)), (1, 3))","(((2, 2), (4, 4), (5, 2), (5, 3), (6, 4)), (1, 3))",32,5,37.0,32,,,pruned,,,6652
"(((2, 2), (4, 4), (5, 3), (6, 2), (6, 4)), (1, 3))","(((2, 2), (4, 4), (5, 2), (5, 3), (6, 4)), (1, 3))",32,4,36.0,32,,,pruned,,,6653
"(((2, 2), (4, 4), (5, 2), (5, 3), (6, 4)), (1, 3))","(((2, 2), (4, 3), (4, 4), (5, 2), (6, 4)), (1, 3))",31,4.0,35.0,31,5,2,expanded,False,True,6654
"(((2, 1), (4, 2), (4, 3), (4, 4), (6, 4)), (1, 3))","(((2, 2), (4, 2), (4, 3), (4, 4), (6, 4)), (1, 3))",32,5,37.0,32,,,pruned,,,6655
"(((2, 2), (4, 2), (4, 3), (4, 4), (6, 4)), (1, 3))","(((2, 2), (3, 3), (4, 2), (4, 4), (6, 4)), (1, 3))",31,4.0,35.0,31,3,1,expanded,False,True,6656
"(((2, 3), (3, 3), (4, 2), (5, 4), (6, 6)), (1, 3))","(((2, 3), (3, 3), (4, 2), (5, 4), (6, 5)), (1, 3))",32,5,37.0,32,,,pruned,,,6657
"(((2, 3), (3, 3), (4, 1), (5, 4), (6, 5)), (1, 3))","(((2, 3), (3, 3), (4, 2), (5, 4), (6, 5)), (1, 3))",32,5,37.0,32,,,pruned,,,6658
"(((2, 3), (3, 3), (4, 2), (5, 4), (6, 5)), (1, 3))","(((2, 3), (3, 3), (5, 2), (5, 4), (6, 5)), (1, 3))",31,4.0,35.0,31,8,2,expanded,False,True,6659
"(((1, 3), (4, 4), (5, 2), (5, 3), (6, 5)), (1, 4))","(((2, 3), (4, 4), (5, 2), (5, 3), (6, 5)), (1, 3))",32,5,37.0,32,,,pruned,,,6660
"(((2, 3), (4, 4), (5, 3), (6, 2), (6, 5)), (1, 3))","(((2, 3), (4, 4), (5, 2), (5, 3), (6, 5)), (1, 3))",32,4,36.0,32,,,pruned,,,6661
"(((2, 3), (4, 4), (5, 2), (5, 3), (6, 5)), (1, 3))","(((2, 2), (4, 4), (5, 2), (5, 3), (6, 5)), (1, 3))",31,4.0,35.0,31,7,2,expanded,False,True,6662
"(((2, 1), (3, 3), (4, 2), (5, 4), (6, 3)), (1, 3))","(((2, 2), (3, 3), (4, 2), (5, 4), (6, 3)), (1, 3))",33,4,37.0,33,,,pruned,,,6663
"(((2, 2), (3, 3), (4, 1), (5, 4), (6, 3)), (1, 3))","(((2, 2), (3, 3), (4, 2), (5, 4), (6, 3)), (1, 3))",33,4,37.0,33,,,pruned,,,6664
"(((2, 2), (3, 3), (4, 2), (5, 4), (6, 3)), (1, 3))","(((2, 2), (2, 3), (4, 2), (5, 4), (6, 3)), (1, 3))",32,3.0,35.0,32,9,2,expanded,False,True,6665
"(((1, 3), (2, 2), (4, 2), (6, 3), (6, 4)), (1, 4))","(((2, 2), (2, 3), (4, 2), (6, 3), (6, 4)), (1, 3))",33,4,37.0,33,,,pruned,,,6666
"(((2, 2), (2, 3), (4, 1), (6, 3), (6, 4)), (1, 3))","(((2, 2), (2, 3), (4, 2), (6, 3), (6, 4)), (1, 3))",33,4,37.0,33,,,pruned,,,6667
"(((2, 2), (2, 3), (4, 2), (6, 3), (6, 4)), (1, 3))","(((2, 2), (2, 3), (4, 2), (5, 4), (6, 3)), (1, 3))",32,3.0,35.0,32,4,2,expanded,False,True,6668
"(((2, 1), (4, 2), (4, 3), (4, 4), (6, 3)), (1, 3))","(((2, 2), (4, 2), (4, 3), (4, 4), (6, 3)), (1, 3))",33,4,37.0,33,,,pruned,,,6669
"(((2, 2), (4, 2), (4, 3), (4, 4), (6, 3)), (1, 3))","(((2, 2), (3, 3), (4, 2), (4, 4), (6, 3)), (1, 3))",32,3.0,35.0,32,3,1,expanded,False,True,6670
"(((2, 3), (3, 3), (4, 1), (5, 4), (6, 4)), (1, 3))","(((2, 3), (3, 3), (4, 2), (5, 4), (6, 4)), (1, 3))",33,4,37.0,33,,,pruned,,,6671
"(((2, 3), (3, 3), (4, 2), (5, 4), (6, 4)), (1, 3))","(((2, 3), (3, 3), (5, 2), (5, 4), (6, 4)), (1, 3))",32,3.0,35.0,32,6,1,expanded,False,True,6672
"(((1, 3), (4, 4), (5, 2), (5, 3), (6, 4)), (1, 4))","(((2, 3), (4, 4), (5, 2), (5, 3), (6, 4)), (1, 3))",33,4,37.0,33,,,pruned,,,6673
"(((2, 3), (4, 4), (5, 3), (6, 2), (6, 4)), (1, 3))","(((2, 3), (4, 4), (5, 2), (5, 3), (6, 4)), (1, 3))",33,3,36.0,33,,,pruned,,,6674
"(((2, 3), (4, 4), (5, 2), (5, 3), (6, 4)), (1, 3))","(((2, 2), (4, 4), (5, 2), (5, 3), (6, 4)), (1, 3))",32,3.0,35.0,32,7,2,expanded,False,True,6675
"(((2, 2), (2, 3), (3, 3), (5, 4), (6, 3)), (1, 3))","(((2, 2), (2, 3), (4, 3), (5, 4), (6, 3)), (2, 1))",33,2.0,35.0,33,3,0,expanded,False,True,6676
"(((2, 3), (3, 3), (4, 1), (5, 4), (6, 3)), (1, 3))","(((2, 3), (3, 3), (4, 2), (5, 4), (6, 3)), (1, 3))",34,3,37.0,34,,,pruned,,,6677
"(((2, 3), (3, 3), (4, 2), (5, 4), (6, 3)), (1, 3))","(((2, 2), (3, 3), (4, 2), (5, 4), (6, 3)), (1, 3))",33,2.0,35.0,33,7,1,expanded,False,True,6678
"(((2, 2), (3, 3), (4, 3), (5, 4), (6, 3)), (2, 1))","(((2, 2), (3, 3), (4, 2), (5, 4), (6, 3)), (1, 3))",33,2.0,35.0,33,4,0,expanded,False,True,6679
"(((1, 3), (2, 2), (4, 3), (6, 3), (6, 4)), (1, 4))","(((2, 2), (2, 3), (4, 3), (6, 3), (6, 4)), (1, 3))",34,3,37.0,34,,,pruned,,,6680
"(((2, 2), (2, 3), (4, 3), (6, 3), (6, 4)), (1, 3))","(((2, 2), (2, 3), (4, 2), (6, 3), (6, 4)), (1, 3))",33,2.0,35.0,33,6,1,expanded,False,True,6681
"(((2, 3), (3, 3), (4, 3), (5, 4), (6, 3)), (2, 1))","(((2, 3), (3, 3), (4, 2), (5, 4), (6, 3)), (1, 3))",34,1.0,35.0,34,4,0,expanded,False,True,6682
"(((2, 1), (4, 3), (5, 2), (6, 4), (6, 5)), (1, 3))","(((2, 2), (4, 3), (5, 2), (6, 4), (6, 5)), (1, 3))",32,6,38.0,32,,,pruned,,,6683
"(((2, 2), (4, 3), (5, 1), (6, 4), (6, 5)), (1, 3))","(((2, 2), (4, 3), (5, 2), (6, 4), (6, 5)), (1, 3))",32,6,38.0,32,,,pruned,,,6684
"(((2, 2), (4, 3), (5, 2), (6, 4), (6, 5)), (1, 3))","(((2, 2), (4, 3), (5, 3), (6, 4), (6, 5)), (1, 3))",31,5.0,36.0,31,6,2,expanded,False,True,6685
"(((2, 1), (3, 3), (4, 2), (6, 4), (6, 5)), (1, 3))","(((2, 2), (3, 3), (4, 2), (6, 4), (6, 5)), (1, 3))",32,6,38.0,32,,,pruned,,,6686
"(((2, 2), (3, 3), (4, 1), (6, 4), (6, 5)), (1, 3))","(((2, 2), (3, 3), (4, 2), (6, 4), (6, 5)), (1, 3))",32,6,38.0,32,,,pruned,,,6687
"(((2, 2), (3, 3), (4, 2), (6, 4), (6, 5)), (1, 3))","(((2, 2), (3, 3), (4, 3), (6, 4), (6, 5)), (1, 3))",31,5.0,36.0,31,6,2,expanded,False,True,6688
"(((1, 4), (3, 3), (5, 2), (5, 4), (6, 5)), (1, 3))","(((2, 4), (3, 3), (5, 2), (5, 4), (6, 5)), (1, 3))",32,6,38.0,32,,,pruned,,,6689
"(((2, 4), (3, 3), (5, 2), (5, 4), (6, 6)), (1, 3))","(((2, 4), (3, 3), (5, 2), (5, 4), (6, 5)), (1, 3))",32,6,38.0,32,,,pruned,,,6690
"(((2, 4), (3, 3), (5, 4), (6, 2), (6, 5)), (1, 3))","(((2, 4), (3, 3), (5, 2), (5, 4), (6, 5)), (1, 3))",32,5,37.0,32,,,pruned,,,6691
"(((2, 4), (3, 3), (5, 1), (5, 4), (6, 5)), (1, 3))","(((2, 4), (3, 3), (5, 2), (5, 4), (6, 5)), (1, 3))",32,6,38.0,32,,,pruned,,,6692
"(((2, 4), (3, 3), (5, 2), (5, 4), (6, 5)), (1, 3))","(((2, 3), (3, 3), (5, 2), (5, 4), (6, 5)), (1, 3))",31,5.0,36.0,31,12,4,expanded,False,True,6693
"(((2, 2), (4, 2), (4, 3), (5, 6), (6, 4)), (1, 3))","(((2, 2), (4, 2), (4, 3), (5, 5), (6, 4)), (1, 3))",32,6,38.0,32,,,pruned,,,6694
"(((2, 1), (4, 2), (4, 3), (5, 5), (6, 4)), (1, 3))","(((2, 2), (4, 2), (4, 3), (5, 5), (6, 4)), (1, 3))",32,6,38.0,32,,,pruned,,,6695
"(((2, 2), (4, 2), (4, 3), (5, 5), (6, 4)), (1, 3))","(((2, 2), (3, 3), (4, 2), (5, 5), (6, 4)), (1, 3))",31,5.0,36.0,31,6,2,expanded,False,True,6696
"(((2, 2), (5, 2), (5, 3), (5, 6), (6, 4)), (1, 3))","(((2, 2), (5, 2), (5, 3), (5, 5), (6, 4)), (1, 3))",32,6,38.0,32,,,pruned,,,6697
"(((2, 1), (5, 2), (5, 3), (5, 5), (6, 4)), (1, 3))","(((2, 2), (5, 2), (5, 3), (5, 5), (6, 4)), (1, 3))",32,6,38.0,32,,,pruned,,,6698
"(((2, 2), (5, 3), (5, 5), (6, 2), (6, 4)), (1, 3))","(((2, 2), (5, 2), (5, 3), (5, 5), (6, 4)), (1, 3))",32,5,37.0,32,,,pruned,,,6699
"(((2, 2), (5, 2), (5, 3), (5, 5), (6, 4)), (1, 3))","(((2, 2), (4, 3), (5, 2), (5, 5), (6, 4)), (1, 3))",31,5.0,36.0,31,5,3,expanded,False,True,6700
"(((2, 1), (5, 2), (5, 3), (5, 4), (6, 5)), (1, 3))","(((2, 2), (5, 2), (5, 3), (5, 4), (6, 5)), (1, 3))",32,6,38.0,32,,,pruned,,,6701
"(((2, 2), (5, 3), (5, 4), (6, 2), (6, 5)), (1, 3))","(((2, 2), (5, 2), (5, 3), (5, 4), (6, 5)), (1, 3))",32,5,37.0,32,,,pruned,,,6702
"(((2, 2), (5, 2), (5, 3), (5, 4), (6, 5)), (1, 3))","(((2, 2), (4, 3), (5, 2), (5, 4), (6, 5)), (1, 3))",31,5.0,36.0,31,5,2,expanded,False,True,6703
"(((2, 1), (4, 2), (4, 3), (5, 4), (6, 5)), (1, 3))","(((2, 2), (4, 2), (4, 3), (5, 4), (6, 5)), (1, 3))",32,6,38.0,32,,,pruned,,,6704
"(((2, 2), (4, 2), (4, 3), (5, 4), (6, 5)), (1, 3))","(((2, 2), (3, 3), (4, 2), (5, 4), (6, 5)), (1, 3))",31,5.0,36.0,31,3,1,expanded,False,True,6705
"(((2, 1), (4, 2), (4, 4), (5, 3), (6, 5)), (1, 3))","(((2, 2), (4, 2), (4, 4), (5, 3), (6, 5)), (1, 3))",32,6,38.0,32,,,pruned,,,6706
"(((2, 2), (4, 1), (4, 4), (5, 3), (6, 5)), (1, 3))","(((2, 2), (4, 2), (4, 4), (5, 3), (6, 5)), (1, 3))",32,6,38.0,32,,,pruned,,,6707
"(((2, 2), (4, 2), (4, 4), (5, 3), (6, 5)), (1, 3))","(((2, 2), (4, 2), (4, 3), (4, 4), (6, 5)), (1, 3))",31,5.0,36.0,31,4,2,expanded,False,True,6708
"(((2, 3), (3, 3), (4, 1), (6, 4), (6, 5)), (1, 3))","(((2, 3), (3, 3), (4, 2), (6, 4), (6, 5)), (1, 3))",33,5,38.0,33,,,pruned,,,6709
"(((2, 3), (3, 3), (4, 2), (6, 4), (6, 5)), (1, 3))","(((2, 3), (3, 3), (4, 3), (6, 4), (6, 5)), (1, 3))",32,4.0,36.0,32,4,1,expanded,False,True,6710
"(((1, 3), (2, 2), (4, 2), (5, 5), (6, 3)), (1, 4))","(((2, 2), (2, 3), (4, 2), (5, 5), (6, 3)), (1, 3))",33,5,38.0,33,,,pruned,,,6711
"(((2, 2), (2, 3), (4, 2), (5, 6), (6, 3)), (1, 3))","(((2, 2), (2, 3), (4, 2), (5, 5), (6, 3)), (1, 3))",33,5,38.0,33,,,pruned,,,6712
"(((2, 2), (2, 3), (4, 2), (5, 5), (6, 2)), (1, 3))","(((2, 2), (2, 3), (4, 2), (5, 5), (6, 3)), (1, 3))",33,5,38.0,33,,,pruned,,,6713
"(((2, 2), (2, 3), (4, 1), (5, 5), (6, 3)), (1, 3))","(((2, 2), (2, 3), (4, 2), (5, 5), (6, 3)), (1, 3))",33,5,38.0,33,,,pruned,,,6714
"(((2, 2), (2, 3), (4, 2), (5, 5), (6, 3)), (1, 3))","(((2, 2), (2, 3), (4, 2), (5, 4), (6, 3)), (1, 3))",32,4.0,36.0,32,8,4,expanded,False,True,6715
"(((1, 4), (3, 3), (5, 2), (5, 4), (6, 4)), (1, 3))","(((2, 4), (3, 3), (5, 2), (5, 4), (6, 4)), (1, 3))",33,5,38.0,33,,,pruned,,,6716
"(((2, 4), (3, 3), (5, 4), (6, 2), (6, 4)), (1, 3))","(((2, 4), (3, 3), (5, 2), (5, 4), (6, 4)), (1, 3))",33,4,37.0,33,,,pruned,,,6717
"(((2, 4), (3, 3), (5, 1), (5, 4), (6, 4)), (1, 3))","(((2, 4), (3, 3), (5, 2), (5, 4), (6, 4)), (1, 3))",33,5,38.0,33,,,pruned,,,6718
"(((2, 4), (3, 3), (5, 2), (5, 4), (6, 4)), (1, 3))","(((2, 3), (3, 3), (5, 2), (5, 4), (6, 4)), (1, 3))",32,4.0,36.0,32,10,3,expanded,False,True,6719
"(((2, 1), (5, 2), (5, 3), (5, 4), (6, 4)), (1, 3))","(((2, 2), (5, 2), (5, 3), (5, 4), (6, 4)), (1, 3))",33,5,38.0,33,,,pruned,,,6720
"(((2, 2), (5, 3), (5, 4), (6, 2), (6, 4)), (1, 3))","(((2, 2), (5, 2), (5, 3), (5, 4), (6, 4)), (1, 3))",33,4,37.0,33,,,pruned,,,6721
"(((2, 2), (5, 2), (5, 3), (5, 4), (6, 4)), (1, 3))","(((2, 2), (4, 3), (5, 2), (5, 4), (6, 4)), (1, 3))",32,4.0,36.0,32,4,2,expanded,False,True,6722
"(((2, 1), (4, 2), (4, 3), (5, 4), (6, 4)), (1, 3))","(((2, 2), (4, 2), (4, 3), (5, 4), (6, 4)), (1, 3))",33,5,38.0,33,,,pruned,,,6723
"(((2, 2), (4, 2), (4, 3), (5, 4), (6, 4)), (1, 3))","(((2, 2), (3, 3), (4, 2), (5, 4), (6, 4)), (1, 3))",32,4.0,36.0,32,2,1,expanded,False,True,6724
"(((2, 1), (4, 2), (4, 4), (5, 3), (6, 4)), (1, 3))","(((2, 2), (4, 2), (4, 4), (5, 3), (6, 4)), (1, 3))",33,5,38.0,33,,,pruned,,,6725
"(((2, 2), (4, 1), (4, 4), (5, 3), (6, 4)), (1, 3))","(((2, 2), (4, 2), (4, 4), (5, 3), (6, 4)), (1, 3))",33,5,38.0,33,,,pruned,,,6726
"(((2, 2), (4, 2), (4, 4), (5, 3), (6, 4)), (1, 3))","(((2, 2), (4, 2), (4, 3), (4, 4), (6, 4)), (1, 3))",32,4.0,36.0,32,4,2,expanded,False,True,6727
"(((1, 3), (5, 2), (5, 3), (5, 4), (6, 5)), (1, 4))","(((2, 3), (5, 2), (5, 3), (5, 4), (6, 5)), (1, 3))",33,5,38.0,33,,,pruned,,,6728
"(((2, 3), (5, 3), (5, 4), (6, 2), (6, 5)), (1, 3))","(((2, 3), (5, 2), (5, 3), (5, 4), (6, 5)), (1, 3))",33,4,37.0,33,,,pruned,,,6729
"(((2, 3), (5, 2), (5, 3), (5, 4), (6, 5)), (1, 3))","(((2, 3), (4, 4), (5, 2), (5, 3), (6, 5)), (1, 3))",32,4.0,36.0,32,7,2,expanded,False,True,6730
"(((3, 3), (4, 4), (5, 3), (6, 2), (6, 5)), (1, 3))","(((3, 3), (4, 4), (5, 2), (5, 3), (6, 5)), (1, 3))",33,4,37.0,33,,,pruned,,,6731
"(((3, 3), (4, 4), (5, 2), (5, 3), (6, 5)), (1, 3))","(((2, 3), (4, 4), (5, 2), (5, 3), (6, 5)), (1, 3))",32,4.0,36.0,32,5,1,expanded,False,True,6732
"(((1, 3), (4, 2), (4, 3), (5, 5), (6, 4)), (1, 4))","(((2, 3), (4, 2), (4, 3), (5, 5), (6, 4)), (1, 3))",33,5,38.0,33,,,pruned,,,6733
"(((2, 3), (4, 2), (4, 3), (5, 6), (6, 4)), (1, 3))","(((2, 3), (4, 2), (4, 3), (5, 5), (6, 4)), (1, 3))",33,5,38.0,33,,,pruned,,,6734
"(((2, 3), (4, 2), (4, 3), (5, 5), (6, 4)), (1, 3))","(((2, 2), (4, 2), (4, 3), (5, 5), (6, 4)), (1, 3))",32,4.0,36.0,32,8,2,expanded,False,True,6735
"(((1, 3), (5, 2), (5, 3), (5, 5), (6, 4)), (1, 4))","(((2, 3), (5, 2), (5, 3), (5, 5), (6, 4)), (1, 3))",33,5,38.0,33,,,pruned,,,6736
"(((2, 3), (5, 2), (5, 3), (5, 6), (6, 4)), (1, 3))","(((2, 3), (5, 2), (5, 3), (5, 5), (6, 4)), (1, 3))",33,5,38.0,33,,,pruned,,,6737
"(((2, 3), (5, 3), (5, 5), (6, 2), (6, 4)), (1, 3))","(((2, 3), (5, 2), (5, 3), (5, 5), (6, 4)), (1, 3))",33,4,37.0,33,,,pruned,,,6738
"(((2, 3), (5, 2), (5, 3), (5, 5), (6, 4)), (1, 3))","(((2, 2), (5, 2), (5, 3), (5, 5), (6, 4)), (1, 3))",32,4.0,36.0,32,7,3,expanded,False,True,6739
"(((1, 3), (2, 2), (4, 3), (5, 5), (6, 3)), (1, 4))","(((2, 2), (2, 3), (4, 3), (5, 5), (6, 3)), (1, 3))",34,4,38.0,34,,,pruned,,,6740
"(((2, 2), (2, 3), (4, 3), (5, 6), (6, 3)), (1, 3))","(((2, 2), (2, 3), (4, 3), (5, 5), (6, 3)), (1, 3))",34,4,38.0,34,,,pruned,,,6741
"(((2, 2), (2, 3), (4, 3), (5, 5), (6, 2)), (1, 3))","(((2, 2), (2, 3), (4, 3), (5, 5), (6, 3)), (1, 3))",34,4,38.0,34,,,pruned,,,6742
"(((2, 2), (2, 3), (4, 3), (5, 5), (6, 3)), (1, 3))","(((2, 2), (2, 3), (4, 3), (5, 4), (6, 3)), (2, 1))",33,3.0,36.0,33,10,3,expanded,False,True,6743
"(((2, 1), (4, 2), (4, 3), (5, 4), (6, 3)), (1, 3))","(((2, 2), (4, 2), (4, 3), (5, 4), (6, 3)), (1, 3))",34,4,38.0,34,,,pruned,,,6744
"(((2, 2), (4, 2), (4, 3), (5, 4), (6, 3)), (1, 3))","(((2, 2), (3, 3), (4, 2), (5, 4), (6, 3)), (1, 3))",33,3.0,36.0,33,3,1,expanded,False,True,6745
"(((2, 1), (3, 3), (4, 2), (6, 3), (6, 4)), (1, 3))","(((2, 2), (3, 3), (4, 2), (6, 3), (6, 4)), (1, 3))",34,4,38.0,34,,,pruned,,,6746
"(((2, 2), (3, 3), (4, 1), (6, 3), (6, 4)), (1, 3))","(((2, 2), (3, 3), (4, 2), (6, 3), (6, 4)), (1, 3))",34,4,38.0,34,,,pruned,,,6747
"(((2, 2), (3, 3), (4, 2), (6, 3), (6, 4)), (1, 3))","(((2, 2), (3, 3), (4, 2), (5, 4), (6, 3)), (1, 3))",33,3.0,36.0,33,6,2,expanded,False,True,6748
"(((1, 3), (5, 2), (5, 3), (5, 4), (6, 4)), (1, 4))","(((2, 3), (5, 2), (5, 3), (5, 4), (6, 4)), (1, 3))",34,4,38.0,34,,,pruned,,,6749
"(((2, 3), (5, 3), (5, 4), (6, 2), (6, 4)), (1, 3))","(((2, 3), (5, 2), (5, 3), (5, 4), (6, 4)), (1, 3))",34,3,37.0,34,,,pruned,,,6750
"(((2, 3), (5, 2), (5, 3), (5, 4), (6, 4)), (1, 3))","(((2, 3), (4, 4), (5, 2), (5, 3), (6, 4)), (1, 3))",33,3.0,36.0,33,6,2,expanded,False,True,6751
"(((3, 3), (4, 4), (5, 3), (6, 2), (6, 4)), (1, 3))","(((3, 3), (4, 4), (5, 2), (5, 3), (6, 4)), (1, 3))",34,3,37.0,34,,,pruned,,,6752
"(((3, 3), (4, 4), (5, 2), (5, 3), (6, 4)), (1, 3))","(((2, 3), (4, 4), (5, 2), (5, 3), (6, 4)), (1, 3))",33,3.0,36.0,33,5,1,expanded,False,True,6753
"(((2, 2), (2, 3), (4, 2), (5, 4), (6, 2)), (1, 3))","(((2, 2), (2, 3), (4, 2), (5, 4), (6, 3)), (5, 5))",34,4,38.0,34,,,pruned,,,6754
"(((2, 2), (2, 3), (4, 2), (5, 4), (6, 3)), (5, 5))","(((2, 2), (2, 3), (4, 2), (5, 5), (6, 3)), (1, 3))",33,3.0,36.0,33,3,1,expanded,False,True,6755
"(((2, 2), (2, 3), (3, 3), (6, 3), (6, 4)), (1, 3))","(((2, 2), (2, 3), (3, 3), (5, 4), (6, 3)), (1, 3))",34,2.0,36.0,34,0,0,expanded,False,True,6756
"(((2, 3), (3, 3), (4, 1), (6, 3), (6, 4)), (1, 3))","(((2, 3), (3, 3), (4, 2), (6, 3), (6, 4)), (1, 3))",35,3,38.0,35,,,pruned,,,6757
"(((2, 3), (3, 3), (4, 2), (6, 3), (6, 4)), (1, 3))","(((2, 3), (3, 3), (4, 2), (5, 4), (6, 3)), (1, 3))",34,2.0,36.0,34,4,1,expanded,False,True,6758
"(((2, 1), (3, 3), (4, 3), (6, 3), (6, 4)), (1, 3))","(((2, 2), (3, 3), (4, 3), (6, 3), (6, 4)), (1, 3))",35,3,38.0,35,,,pruned,,,6759
"(((2, 2), (3, 3), (4, 3), (6, 3), (6, 4)), (1, 3))","(((2, 2), (2, 3), (4, 3), (6, 3), (6, 4)), (1, 3))",34,2.0,36.0,34,4,1,expanded,False,True,6760
"(((2, 2), (2, 3), (4, 3), (5, 4), (6, 2)), (2, 1))","(((2, 2), (2, 3), (4, 3), (5, 4), (6, 3)), (5, 5))",35,3,38.0,35,,,pruned,,,6761
"(((2, 2), (2, 3), (4, 3), (5, 4), (6, 3)), (5, 5))","(((2, 2), (2, 3), (4, 3), (5, 5), (6, 3)), (1, 3))",34,2.0,36.0,34,3,1,expanded,False,True,6762
"(((1, 3), (2, 2), (4, 2), (5, 3), (6, 3)), (1, 4))","(((2, 2), (2, 3), (4, 2), (5, 3), (6, 3)), (1, 3))",35,3,38.0,35,,,pruned,,,6763
"(((2, 2), (2, 3), (4, 2), (5, 3), (6, 2)), (1, 3))","(((2, 2), (2, 3), (4, 2), (5, 3), (6, 3)), (1, 3))",35,3,38.0,35,,,pruned,,,6764
"(((2, 2), (2, 3), (4, 1), (5, 3), (6, 3)), (1, 3))","(((2, 2), (2, 3), (4, 2), (5, 3), (6, 3)), (1, 3))",35,3,38.0,35,,,pruned,,,6765
"(((2, 2), (2, 3), (4, 2), (5, 3), (6, 3)), (1, 3))","(((2, 2), (2, 3), (4, 2), (5, 4), (6, 3)), (5, 5))",34,2.0,36.0,34,5,3,expanded,False,True,6766
"(((2, 3), (3, 3), (4, 3), (6, 3), (6, 4)), (1, 3))","(((2, 3), (3, 3), (4, 2), (6, 3), (6, 4)), (1, 3))",35,1.0,36.0,35,4,0,expanded,False,True,6767
"(((1, 3), (2, 2), (4, 3), (5, 3), (6, 3)), (1, 4))","(((2, 2), (2, 3), (4, 3), (5, 3), (6, 3)), (1, 3))",36,2,38.0,36,,,pruned,,,6768
"(((2, 2), (2, 3), (4, 3), (5, 3), (6, 2)), (1, 3))","(((2, 2), (2, 3), (4, 3), (5, 3), (6, 3)), (1, 3))",36,2,38.0,36,,,pruned,,,6769
"(((2, 2), (2, 3), (4, 3), (5, 3), (6, 3)), (1, 3))","(((2, 2), (2, 3), (4, 3), (5, 4), (6, 3)), (5, 5))",35,1.0,36.0,35,5,2,expanded,False,True,6770
"(((2, 1), (5, 2), (5, 3), (6, 4), (6, 5)), (1, 3))","(((2, 2), (5, 2), (5, 3), (6, 4), (6, 5)), (1, 3))",33,6,39.0,33,,,pruned,,,6771
"(((2, 2), (5, 3), (6, 2), (6, 4), (6, 5)), (1, 3))","(((2, 2), (5, 2), (5, 3), (6, 4), (6, 5)), (1, 3))",33,5,38.0,33,,,pruned,,,6772
"(((2, 2), (5, 2), (5, 3), (6, 4), (6, 5)), (1, 3))","(((2, 2), (4, 3), (5, 2), (6, 4), (6, 5)), (1, 3))",32,5.0,37.0,32,4,2,expanded,False,True,6773
"(((2, 1), (4, 2), (4, 3), (6, 4), (6, 5)), (1, 3))","(((2, 2), (4, 2), (4, 3), (6, 4), (6, 5)), (1, 3))",33,6,39.0,33,,,pruned,,,6774
"(((2, 2), (4, 2), (4, 3), (6, 4), (6, 5)), (1, 3))","(((2, 2), (4, 3), (5, 2), (6, 4), (6, 5)), (1, 3))",32,5.0,37.0,32,4,1,expanded,False,True,6775
"(((3, 3), (3, 4), (5, 2), (5, 4), (6, 6)), (1, 3))","(((3, 3), (3, 4), (5, 2), (5, 4), (6, 5)), (1, 3))",33,6,39.0,33,,,pruned,,,6776
"(((3, 3), (3, 4), (5, 4), (6, 2), (6, 5)), (1, 3))","(((3, 3), (3, 4), (5, 2), (5, 4), (6, 5)), (1, 3))",33,5,38.0,33,,,pruned,,,6777
"(((3, 3), (3, 4), (5, 1), (5, 4), (6, 5)), (1, 3))","(((3, 3), (3, 4), (5, 2), (5, 4), (6, 5)), (1, 3))",33,6,39.0,33,,,pruned,,,6778
"(((3, 3), (3, 4), (5, 2), (5, 4), (6, 5)), (1, 3))","(((2, 4), (3, 3), (5, 2), (5, 4), (6, 5)), (1, 3))",32,5.0,37.0,32,12,3,expanded,False,True,6779
"(((2, 2), (3, 3), (4, 2), (5, 6), (6, 3)), (1, 3))","(((2, 2), (3, 3), (4, 2), (5, 5), (6, 3)), (1, 3))",34,5,39.0,34,,,pruned,,,6780
"(((2, 1), (3, 3), (4, 2), (5, 5), (6, 3)), (1, 3))","(((2, 2), (3, 3), (4, 2), (5, 5), (6, 3)), (1, 3))",34,5,39.0,34,,,pruned,,,6781
"(((2, 2), (3, 3), (4, 2), (5, 5), (6, 2)), (1, 3))","(((2, 2), (3, 3), (4, 2), (5, 5), (6, 3)), (1, 3))",34,5,39.0,34,,,pruned,,,6782
"(((2, 2), (3, 3), (4, 1), (5, 5), (6, 3)), (1, 3))","(((2, 2), (3, 3), (4, 2), (5, 5), (6, 3)), (1, 3))",34,5,39.0,34,,,pruned,,,6783
"(((2, 2), (3, 3), (4, 2), (5, 5), (6, 3)), (1, 3))","(((2, 2), (3, 3), (4, 2), (5, 4), (6, 3)), (1, 3))",33,4.0,37.0,33,10,4,expanded,False,True,6784
"(((3, 3), (3, 4), (5, 4), (6, 2), (6, 4)), (1, 3))","(((3, 3), (3, 4), (5, 2), (5, 4), (6, 4)), (1, 3))",34,4,38.0,34,,,pruned,,,6785
"(((3, 3), (3, 4), (5, 1), (5, 4), (6, 4)), (1, 3))","(((3, 3), (3, 4), (5, 2), (5, 4), (6, 4)), (1, 3))",34,5,39.0,34,,,pruned,,,6786
"(((3, 3), (3, 4), (5, 2), (5, 4), (6, 4)), (1, 3))","(((2, 4), (3, 3), (5, 2), (5, 4), (6, 4)), (1, 3))",33,4.0,37.0,33,10,2,expanded,False,True,6787
"(((3, 3), (5, 3), (5, 4), (6, 2), (6, 5)), (1, 3))","(((3, 3), (5, 2), (5, 3), (5, 4), (6, 5)), (1, 3))",34,4,38.0,34,,,pruned,,,6788
"(((3, 3), (5, 2), (5, 3), (5, 4), (6, 5)), (1, 3))","(((2, 3), (5, 2), (5, 3), (5, 4), (6, 5)), (1, 3))",33,4.0,37.0,33,5,1,expanded,False,True,6789
"(((1, 3), (5, 2), (5, 3), (6, 4), (6, 5)), (1, 4))","(((2, 3), (5, 2), (5, 3), (6, 4), (6, 5)), (1, 3))",34,5,39.0,34,,,pruned,,,6790
"(((2, 3), (5, 3), (6, 2), (6, 4), (6, 5)), (1, 3))","(((2, 3), (5, 2), (5, 3), (6, 4), (6, 5)), (1, 3))",34,4,38.0,34,,,pruned,,,6791
"(((2, 3), (5, 2), (5, 3), (6, 4), (6, 5)), (1, 3))","(((2, 3), (5, 2), (5, 3), (5, 4), (6, 5)), (1, 3))",33,4.0,37.0,33,6,2,expanded,False,True,6792
"(((3, 3), (5, 2), (5, 3), (5, 6), (6, 4)), (1, 3))","(((3, 3), (5, 2), (5, 3), (5, 5), (6, 4)), (1, 3))",34,5,39.0,34,,,pruned,,,6793
"(((3, 3), (5, 3), (5, 5), (6, 2), (6, 4)), (1, 3))","(((3, 3), (5, 2), (5, 3), (5, 5), (6, 4)), (1, 3))",34,4,38.0,34,,,pruned,,,6794
"(((3, 3), (5, 2), (5, 3), (5, 5), (6, 4)), (1, 3))","(((2, 3), (5, 2), (5, 3), (5, 5), (6, 4)), (1, 3))",33,4.0,37.0,33,5,2,expanded,False,True,6795
"(((1, 3), (4, 2), (4, 3), (6, 4), (6, 5)), (1, 4))","(((2, 3), (4, 2), (4, 3), (6, 4), (6, 5)), (1, 3))",34,5,39.0,34,,,pruned,,,6796
"(((2, 3), (4, 2), (4, 3), (6, 4), (6, 5)), (1, 3))","(((2, 2), (4, 2), (4, 3), (6, 4), (6, 5)), (1, 3))",33,4.0,37.0,33,6,1,expanded,False,True,6797
"(((2, 2), (2, 3), (3, 3), (5, 6), (6, 3)), (1, 3))","(((2, 2), (2, 3), (3, 3), (5, 5), (6, 3)), (1, 3))",35,4,39.0,35,,,pruned,,,6798
"(((2, 2), (2, 3), (3, 3), (5, 5), (6, 2)), (1, 3))","(((2, 2), (2, 3), (3, 3), (5, 5), (6, 3)), (1, 3))",35,4,39.0,35,,,pruned,,,6799
"(((2, 2), (2, 3), (3, 3), (5, 5), (6, 3)), (1, 3))","(((2, 2), (2, 3), (3, 3), (5, 4), (6, 3)), (1, 3))",34,3.0,37.0,34,4,2,expanded,False,True,6800
"(((2, 3), (3, 3), (4, 2), (5, 6), (6, 3)), (1, 3))","(((2, 3), (3, 3), (4, 2), (5, 5), (6, 3)), (1, 3))",35,4,39.0,35,,,pruned,,,6801
"(((2, 3), (3, 3), (4, 2), (5, 5), (6, 2)), (1, 3))","(((2, 3), (3, 3), (4, 2), (5, 5), (6, 3)), (1, 3))",35,4,39.0,35,,,pruned,,,6802
"(((2, 3), (3, 3), (4, 1), (5, 5), (6, 3)), (1, 3))","(((2, 3), (3, 3), (4, 2), (5, 5), (6, 3)), (1, 3))",35,4,39.0,35,,,pruned,,,6803
"(((2, 3), (3, 3), (4, 2), (5, 5), (6, 3)), (1, 3))","(((2, 3), (3, 3), (4, 2), (5, 4), (6, 3)), (1, 3))",34,3.0,37.0,34,8,3,expanded,False,True,6804
"(((2, 2), (3, 3), (4, 3), (5, 6), (6, 3)), (1, 3))","(((2, 2), (3, 3), (4, 3), (5, 5), (6, 3)), (1, 3))",35,4,39.0,35,,,pruned,,,6805
"(((2, 1), (3, 3), (4, 3), (5, 5), (6, 3)), (1, 3))","(((2, 2), (3, 3), (4, 3), (5, 5), (6, 3)), (1, 3))",35,4,39.0,35,,,pruned,,,6806
"(((2, 2), (3, 3), (4, 3), (5, 5), (6, 2)), (1, 3))","(((2, 2), (3, 3), (4, 3), (5, 5), (6, 3)), (1, 3))",35,4,39.0,35,,,pruned,,,6807
"(((2, 2), (3, 3), (4, 3), (5, 5), (6, 3)), (1, 3))","(((2, 2), (3, 3), (4, 3), (5, 4), (6, 3)), (2, 1))",34,3.0,37.0,34,8,3,expanded,False,True,6808
"(((2, 1), (4, 2), (4, 3), (6, 3), (6, 4)), (1, 3))","(((2, 2), (4, 2), (4, 3), (6, 3), (6, 4)), (1, 3))",35,4,39.0,35,,,pruned,,,6809
"(((2, 2), (4, 2), (4, 3), (6, 3), (6, 4)), (1, 3))","(((2, 2), (4, 2), (4, 3), (5, 4), (6, 3)), (1, 3))",34,3.0,37.0,34,4,1,expanded,False,True,6810
"(((3, 3), (5, 3), (5, 4), (6, 2), (6, 4)), (1, 3))","(((3, 3), (5, 2), (5, 3), (5, 4), (6, 4)), (1, 3))",35,3,38.0,35,,,pruned,,,6811
"(((3, 3), (5, 2), (5, 3), (5, 4), (6, 4)), (1, 3))","(((2, 3), (5, 2), (5, 3), (5, 4), (6, 4)), (1, 3))",34,3.0,37.0,34,4,1,expanded,False,True,6812
"(((2, 2), (3, 3), (4, 2), (5, 4), (6, 2)), (1, 3))","(((2, 2), (3, 3), (4, 2), (5, 4), (6, 3)), (5, 5))",35,4,39.0,35,,,pruned,,,6813
"(((2, 2), (3, 3), (4, 2), (5, 4), (6, 3)), (5, 5))","(((2, 2), (3, 3), (4, 2), (5, 5), (6, 3)), (1, 3))",34,3.0,37.0,34,3,1,expanded,False,True,6814
"(((2, 3), (3, 3), (4, 3), (5, 6), (6, 3)), (1, 3))","(((2, 3), (3, 3), (4, 3), (5, 5), (6, 3)), (1, 3))",36,3,39.0,36,,,pruned,,,6815
"(((2, 3), (3, 3), (4, 3), (5, 5), (6, 2)), (1, 3))","(((2, 3), (3, 3), (4, 3), (5, 5), (6, 3)), (1, 3))",36,3,39.0,36,,,pruned,,,6816
"(((2, 3), (3, 3), (4, 3), (5, 5), (6, 3)), (1, 3))","(((2, 3), (3, 3), (4, 3), (5, 4), (6, 3)), (2, 1))",35,2.0,37.0,35,8,2,expanded,False,True,6817
"(((2, 1), (3, 3), (4, 2), (5, 3), (6, 3)), (1, 3))","(((2, 2), (3, 3), (4, 2), (5, 3), (6, 3)), (1, 3))",36,3,39.0,36,,,pruned,,,6818
"(((2, 2), (3, 3), (4, 2), (5, 3), (6, 2)), (1, 3))","(((2, 2), (3, 3), (4, 2), (5, 3), (6, 3)), (1, 3))",36,3,39.0,36,,,pruned,,,6819
"(((2, 2), (3, 3), (4, 1), (5, 3), (6, 3)), (1, 3))","(((2, 2), (3, 3), (4, 2), (5, 3), (6, 3)), (1, 3))",36,3,39.0,36,,,pruned,,,6820
"(((2, 2), (3, 3), (4, 2), (5, 3), (6, 3)), (1, 3))","(((2, 2), (2, 3), (4, 2), (5, 3), (6, 3)), (1, 3))",35,2.0,37.0,35,6,3,expanded,False,True,6821
"(((2, 2), (2, 3), (3, 3), (5, 4), (6, 2)), (1, 3))","(((2, 2), (2, 3), (3, 3), (5, 4), (6, 3)), (5, 5))",36,3,39.0,36,,,pruned,,,6822
"(((2, 2), (2, 3), (3, 3), (5, 4), (6, 3)), (5, 5))","(((2, 2), (2, 3), (3, 3), (5, 5), (6, 3)), (1, 3))",35,2.0,37.0,35,3,1,expanded,False,True,6823
"(((2, 3), (3, 3), (4, 2), (5, 4), (6, 2)), (1, 3))","(((2, 3), (3, 3), (4, 2), (5, 4), (6, 3)), (5, 5))",36,3,39.0,36,,,pruned,,,6824
"(((2, 3), (3, 3), (4, 2), (5, 4), (6, 3)), (5, 5))","(((2, 3), (3, 3), (4, 2), (5, 5), (6, 3)), (1, 3))",35,2.0,37.0,35,3,1,expanded,False,True,6825
"(((2, 2), (3, 3), (4, 3), (5, 4), (6, 2)), (2, 1))","(((2, 2), (3, 3), (4, 3), (5, 4), (6, 3)), (5, 5))",36,3,39.0,36,,,pruned,,,6826
"(((2, 2), (3, 3), (4, 3), (5, 4), (6, 3)), (5, 5))","(((2, 2), (3, 3), (4, 3), (5, 5), (6, 3)), (1, 3))",35,2.0,37.0,35,3,1,expanded,False,True,6827
"(((1, 3), (4, 2), (4, 3), (6, 3), (6, 4)), (1, 4))","(((2, 3), (4, 2), (4, 3), (6, 3), (6, 4)), (1, 3))",36,3,39.0,36,,,pruned,,,6828
"(((2, 3), (4, 2), (4, 3), (6, 3), (6, 4)), (1, 3))","(((2, 2), (4, 2), (4, 3), (6, 3), (6, 4)), (1, 3))",35,2.0,37.0,35,6,1,expanded,False,True,6829
"(((2, 1), (3, 3), (4, 3), (5, 3), (6, 3)), (1, 3))","(((2, 2), (3, 3), (4, 3), (5, 3), (6, 3)), (1, 3))",37,2,39.0,37,,,pruned,,,6830
"(((2, 2), (3, 3), (4, 3), (5, 3), (6, 2)), (1, 3))","(((2, 2), (3, 3), (4, 3), (5, 3), (6, 3)), (1, 3))",37,2,39.0,37,,,pruned,,,6831
"(((2, 2), (3, 3), (4, 3), (5, 3), (6, 3)), (1, 3))","(((2, 2), (2, 3), (4, 3), (5, 3), (6, 3)), (1, 3))",36,1.0,37.0,36,4,2,expanded,False,True,6832
"(((2, 3), (3, 3), (4, 3), (5, 4), (6, 2)), (2, 1))","(((2, 3), (3, 3), (4, 3), (5, 4), (6, 3)), (5, 5))",37,2,39.0,37,,,pruned,,,6833
"(((2, 3), (3, 3), (4, 3), (5, 4), (6, 3)), (5, 5))","(((2, 3), (3, 3), (4, 3), (5, 5), (6, 3)), (1, 3))",36,1.0,37.0,36,3,1,expanded,False,True,6834
"(((2, 2), (2, 3), (3, 3), (5, 3), (6, 2)), (1, 3))","(((2, 2), (2, 3), (3, 3), (5, 3), (6, 3)), (1, 3))",37,2,39.0,37,,,pruned,,,6835
"(((2, 2), (2, 3), (3, 3), (5, 3), (6, 3)), (1, 3))","(((2, 2), (2, 3), (3, 3), (5, 4), (6, 3)), (5, 5))",36,1.0,37.0,36,4,1,expanded,False,True,6836
"(((2, 3), (3, 3), (4, 2), (5, 3), (6, 2)), (1, 3))","(((2, 3), (3, 3), (4, 2), (5, 3), (6, 3)), (1, 3))",37,2,39.0,37,,,pruned,,,6837
"(((2, 3), (3, 3), (4, 1), (5, 3), (6, 3)), (1, 3))","(((2, 3), (3, 3), (4, 2), (5, 3), (6, 3)), (1, 3))",37,2,39.0,37,,,pruned,,,6838
"(((2, 3), (3, 3), (4, 2), (5, 3), (6, 3)), (1, 3))","(((2, 3), (3, 3), (4, 2), (5, 4), (6, 3)), (5, 5))",36,1.0,37.0,36,4,2,expanded,False,True,6839
"(((2, 3), (3, 3), (4, 3), (5, 3), (6, 3)), (1, 3))","(((2, 3), (3, 3), (4, 3), (5, 4), (6, 3)), (5, 5))",37,0.0,37.0,37,0,0,goal,False,False,6840
