node_id,parent_id,g,h,f,depth,n_legal_successors,n_pruned,status,all_pruned,is_new_best,timestamp_order
"((0, 0), (1, 0), (2, 0), (3, 0), (4, 0), (5, 0), (6, 0), (7, 0), (8, 0), (9, 0), (10, 0))","((0, 0), (1, 0), (2, 0), (3, 0), (4, 0), (5, 0), (6, 0), (7, 0), (8, 0), (9, 0))",0,2,2,10,,,goal,,True,0
"((0, 0), (1, 0), (2, 0), (3, 0), (4, 0), (5, 0), (6, 0), (7, 0), (8, 0), (9, 0), (9, 1))","((0, 0), (1, 0), (2, 0), (3, 0), (4, 0), (5, 0), (6, 0), (7, 0), (8, 0), (9, 0))",0,2,2,10,,,goal,,False,1
"((0, 0), (1, 0), (2, 0), (3, 0), (4, 0), (5, 0), (6, 0), (7, 0), (8, 0), (9, 0), (9, -1))","((0, 0), (1, 0), (2, 0), (3, 0), (4, 0), (5, 0), (6, 0), (7, 0), (8, 0), (9, 0))",0,2,2,10,,,goal,,False,2
"((0, 0), (1, 0), (2, 0), (3, 0), (4, 0), (5, 0), (6, 0), (7, 0), (8, 0), (9, 0))","((0, 0), (1, 0), (2, 0), (3, 0), (4, 0), (5, 0), (6, 0), (7, 0), (8, 0))",0,2,2,9,3,0,expanded,False,,3
"((0, 0), (1, 0), (2, 0), (3, 0), (4, 0), (5, 0), (6, 0), (7, 0), (8, 0), (8, 1), (7, 1))","((0, 0), (1, 0), (2, 0), (3, 0), (4, 0), (5, 0), (6, 0), (7, 0), (8, 0), (8, 1))",0,1,1,10,,,goal,,False,4
"((0, 0), (1, 0), (2, 0), (3, 0), (4, 0), (5, 0), (6, 0), (7, 0), (8, 0), (8, 1), (9, 1))","((0, 0), (1, 0), (2, 0), (3, 0), (4, 0), (5, 0), (6, 0), (7, 0), (8, 0), (8, 1))",0,2,2,10,,,goal,,False,5
"((0, 0), (1, 0), (2, 0), (3, 0), (4, 0), (5, 0), (6, 0), (7, 0), (8, 0), (8, 1), (8, 2))","((0, 0), (1, 0), (2, 0), (3, 0), (4, 0), (5, 0), (6, 0), (7, 0), (8, 0), (8, 1))",0,2,2,10,,,goal,,False,6
"((0, 0), (1, 0), (2, 0), (3, 0), (4, 0), (5, 0), (6, 0), (7, 0), (8, 0), (8, 1))","((0, 0), (1, 0), (2, 0), (3, 0), (4, 0), (5, 0), (6, 0), (7, 0), (8, 0))",0,2,2,9,3,0,expanded,False,,7
"((0, 0), (1, 0), (2, 0), (3, 0), (4, 0), (5, 0), (6, 0), (7, 0), (8, 0), (8, -1), (7, -1))","((0, 0), (1, 0), (2, 0), (3, 0), (4, 0), (5, 0), (6, 0), (7, 0), (8, 0), (8, -1))",0,1,1,10,,,goal,,False,8
"((0, 0), (1, 0), (2, 0), (3, 0), (4, 0), (5, 0), (6, 0), (7, 0), (8, 0), (8, -1), (9, -1))","((0, 0), (1, 0), (2, 0), (3, 0), (4, 0), (5, 0), (6, 0), (7, 0), (8, 0), (8, -1))",0,2,2,10,,,goal,,False,9
"((0, 0), (1, 0), (2, 0), (3, 0), (4, 0), (5, 0), (6, 0), (7, 0), (8, 0), (8, -1), (8, -2))","((0, 0), (1, 0), (2, 0), (3, 0), (4, 0), (5, 0), (6, 0), (7, 0), (8, 0), (8, -1))",0,2,2,10,,,goal,,False,10
"((0, 0), (1, 0), (2, 0), (3, 0), (4, 0), (5, 0), (6, 0), (7, 0), (8, 0), (8, -1))","((0, 0), (1, 0), (2, 0), (3, 0), (4, 0), (5, 0), (6, 0), (7, 0), (8, 0))",0,2,2,9,3,0,expanded,False,,11
"((0, 0), (1, 0), (2, 0), (3, 0), (4, 0), (5, 0), (6, 0), (7, 0), (8, 0))","((0, 0), (1, 0), (2, 0), (3, 0), (4, 0), (5, 0), (6, 0), (7, 0))",0,2,2,8,3,0,expanded,False,,12
"((0, 0), (1, 0), (2, 0), (3, 0), (4, 0), (5, 0), (6, 0), (7, 0), (7, 1), (6, 1), (5, 1))","((0, 0), (1, 0), (2, 0), (3, 0), (4, 0), (5, 0), (6, 0), (7, 0), (7, 1), (6, 1))",0,2,2,10,,,goal,,False,13
"((0, 0), (1, 0), (2, 0), (3, 0), (4, 0), (5, 0), (6, 0), (7, 0), (7, 1), (6, 1), (6, 2))","((0, 0), (1, 0), (2, 0), (3, 0), (4, 0), (5, 0), (6, 0), (7, 0), (7, 1), (6, 1))",0,2,2,10,,,goal,,False,14
"((0, 0), (1, 0), (2, 0), (3, 0), (4, 0), (5, 0), (6, 0), (7, 0), (7, 1), (6, 1))","((0, 0), (1, 0), (2, 0), (3, 0), (4, 0), (5, 0), (6, 0), (7, 0), (7, 1))",0,2,2,9,2,0,expanded,False,,15
"((0, 0), (1, 0), (2, 0), (3, 0), (4, 0), (5, 0), (6, 0), (7, 0), (7, 1), (8, 1), (8, 0))","((0, 0), (1, 0), (2, 0), (3, 0), (4, 0), (5, 0), (6, 0), (7, 0), (7, 1), (8, 1))",0,1,1,10,,,goal,,False,16
"((0, 0), (1, 0), (2, 0), (3, 0), (4, 0), (5, 0), (6, 0), (7, 0), (7, 1), (8, 1), (9, 1))","((0, 0), (1, 0), (2, 0), (3, 0), (4, 0), (5, 0), (6, 0), (7, 0), (7, 1), (8, 1))",0,2,2,10,,,goal,,False,17
"((0, 0), (1, 0), (2, 0), (3, 0), (4, 0), (5, 0), (6, 0), (7, 0), (7, 1), (8, 1), (8, 2))","((0, 0), (1, 0), (2, 0), (3, 0), (4, 0), (5, 0), (6, 0), (7, 0), (7, 1), (8, 1))",0,2,2,10,,,goal,,False,18
"((0, 0), (1, 0), (2, 0), (3, 0), (4, 0), (5, 0), (6, 0), (7, 0), (7, 1), (8, 1))","((0, 0), (1, 0), (2, 0), (3, 0), (4, 0), (5, 0), (6, 0), (7, 0), (7, 1))",0,2,2,9,3,0,expanded,False,,19
"((0, 0), (1, 0), (2, 0), (3, 0), (4, 0), (5, 0), (6, 0), (7, 0), (7, 1), (7, 2), (8, 2))","((0, 0), (1, 0), (2, 0), (3, 0), (4, 0), (5, 0), (6, 0), (7, 0), (7, 1), (7, 2))",0,2,2,10,,,goal,,False,20
"((0, 0), (1, 0), (2, 0), (3, 0), (4, 0), (5, 0), (6, 0), (7, 0), (7, 1), (7, 2), (6, 2))","((0, 0), (1, 0), (2, 0), (3, 0), (4, 0), (5, 0), (6, 0), (7, 0), (7, 1), (7, 2))",0,2,2,10,,,goal,,False,21
"((0, 0), (1, 0), (2, 0), (3, 0), (4, 0), (5, 0), (6, 0), (7, 0), (7, 1), (7, 2), (7, 3))","((0, 0), (1, 0), (2, 0), (3, 0), (4, 0), (5, 0), (6, 0), (7, 0), (7, 1), (7, 2))",0,2,2,10,,,goal,,False,22
"((0, 0), (1, 0), (2, 0), (3, 0), (4, 0), (5, 0), (6, 0), (7, 0), (7, 1), (7, 2))","((0, 0), (1, 0), (2, 0), (3, 0), (4, 0), (5, 0), (6, 0), (7, 0), (7, 1))",0,2,2,9,3,0,expanded,False,,23
"((0, 0), (1, 0), (2, 0), (3, 0), (4, 0), (5, 0), (6, 0), (7, 0), (7, 1))","((0, 0), (1, 0), (2, 0), (3, 0), (4, 0), (5, 0), (6, 0), (7, 0))",0,2,2,8,3,0,expanded,False,,24
"((0, 0), (1, 0), (2, 0), (3, 0), (4, 0), (5, 0), (6, 0), (7, 0), (7, -1), (6, -1), (5, -1))","((0, 0), (1, 0), (2, 0), (3, 0), (4, 0), (5, 0), (6, 0), (7, 0), (7, -1), (6, -1))",0,2,2,10,,,goal,,False,25
"((0, 0), (1, 0), (2, 0), (3, 0), (4, 0), (5, 0), (6, 0), (7, 0), (7, -1), (6, -1), (6, -2))","((0, 0), (1, 0), (2, 0), (3, 0), (4, 0), (5, 0), (6, 0), (7, 0), (7, -1), (6, -1))",0,2,2,10,,,goal,,False,26
"((0, 0), (1, 0), (2, 0), (3, 0), (4, 0), (5, 0), (6, 0), (7, 0), (7, -1), (6, -1))","((0, 0), (1, 0), (2, 0), (3, 0), (4, 0), (5, 0), (6, 0), (7, 0), (7, -1))",0,2,2,9,2,0,expanded,False,,27
"((0, 0), (1, 0), (2, 0), (3, 0), (4, 0), (5, 0), (6, 0), (7, 0), (7, -1), (8, -1), (8, 0))","((0, 0), (1, 0), (2, 0), (3, 0), (4, 0), (5, 0), (6, 0), (7, 0), (7, -1), (8, -1))",0,1,1,10,,,goal,,False,28
"((0, 0), (1, 0), (2, 0), (3, 0), (4, 0), (5, 0), (6, 0), (7, 0), (7, -1), (8, -1), (9, -1))","((0, 0), (1, 0), (2, 0), (3, 0), (4, 0), (5, 0), (6, 0), (7, 0), (7, -1), (8, -1))",0,2,2,10,,,goal,,False,29
"((0, 0), (1, 0), (2, 0), (3, 0), (4, 0), (5, 0), (6, 0), (7, 0), (7, -1), (8, -1), (8, -2))","((0, 0), (1, 0), (2, 0), (3, 0), (4, 0), (5, 0), (6, 0), (7, 0), (7, -1), (8, -1))",0,2,2,10,,,goal,,False,30
"((0, 0), (1, 0), (2, 0), (3, 0), (4, 0), (5, 0), (6, 0), (7, 0), (7, -1), (8, -1))","((0, 0), (1, 0), (2, 0), (3, 0), (4, 0), (5, 0), (6, 0), (7, 0), (7, -1))",0,2,2,9,3,0,expanded,False,,31
"((0, 0), (1, 0), (2, 0), (3, 0), (4, 0), (5, 0), (6, 0), (7, 0), (7, -1), (7, -2), (8, -2))","((0, 0), (1, 0), (2, 0), (3, 0), (4, 0), (5, 0), (6, 0), (7, 0), (7, -1), (7, -2))",0,2,2,10,,,goal,,False,32
"((0, 0), (1, 0), (2, 0), (3, 0), (4, 0), (5, 0), (6, 0), (7, 0), (7, -1), (7, -2), (6, -2))","((0, 0), (1, 0), (2, 0), (3, 0), (4, 0), (5, 0), (6, 0), (7, 0), (7, -1), (7, -2))",0,2,2,10,,,goal,,False,33
"((0, 0), (1, 0), (2, 0), (3, 0), (4, 0), (5, 0), (6, 0), (7, 0), (7, -1), (7, -2), (7, -3))","((0, 0), (1, 0), (2, 0), (3, 0), (4, 0), (5, 0), (6, 0), (7, 0), (7, -1), (7, -2))",0,2,2,10,,,goal,,False,34
"((0, 0), (1, 0), (2, 0), (3, 0), (4, 0), (5, 0), (6, 0), (7, 0), (7, -1), (7, -2))","((0, 0), (1, 0), (2, 0), (3, 0), (4, 0), (5, 0), (6, 0), (7, 0), (7, -1))",0,2,2,9,3,0,expanded,False,,35
"((0, 0), (1, 0), (2, 0), (3, 0), (4, 0), (5, 0), (6, 0), (7, 0), (7, -1))","((0, 0), (1, 0), (2, 0), (3, 0), (4, 0), (5, 0), (6, 0), (7, 0))",0,2,2,8,3,0,expanded,False,,36
"((0, 0), (1, 0), (2, 0), (3, 0), (4, 0), (5, 0), (6, 0), (7, 0))","((0, 0), (1, 0), (2, 0), (3, 0), (4, 0), (5, 0), (6, 0))",0,3,3,7,3,0,expanded,False,,37
"((0, 0), (1, 0), (2, 0), (3, 0), (4, 0), (5, 0), (6, 0), (6, 1), (7, 1), (7, 0), (8, 0))","((0, 0), (1, 0), (2, 0), (3, 0), (4, 0), (5, 0), (6, 0), (6, 1), (7, 1), (7, 0))",0,2,2,10,,,goal,,False,38
"((0, 0), (1, 0), (2, 0), (3, 0), (4, 0), (5, 0), (6, 0), (6, 1), (7, 1), (7, 0), (7, -1))","((0, 0), (1, 0), (2, 0), (3, 0), (4, 0), (5, 0), (6, 0), (6, 1), (7, 1), (7, 0))",0,2,2,10,,,goal,,False,39
"((0, 0), (1, 0), (2, 0), (3, 0), (4, 0), (5, 0), (6, 0), (6, 1), (7, 1), (7, 0))","((0, 0), (1, 0), (2, 0), (3, 0), (4, 0), (5, 0), (6, 0), (6, 1), (7, 1))",0,2,2,9,2,0,expanded,False,,40
"((0, 0), (1, 0), (2, 0), (3, 0), (4, 0), (5, 0), (6, 0), (6, 1), (7, 1), (8, 1), (9, 1))","((0, 0), (1, 0), (2, 0), (3, 0), (4, 0), (5, 0), (6, 0), (6, 1), (7, 1), (8, 1))",0,2,2,10,,,goal,,False,41
"((0, 0), (1, 0), (2, 0), (3, 0), (4, 0), (5, 0), (6, 0), (6, 1), (7, 1), (8, 1), (8, 2))","((0, 0), (1, 0), (2, 0), (3, 0), (4, 0), (5, 0), (6, 0), (6, 1), (7, 1), (8, 1))",0,2,2,10,,,goal,,False,42
"((0, 0), (1, 0), (2, 0), (3, 0), (4, 0), (5, 0), (6, 0), (6, 1), (7, 1), (8, 1), (8, 0))","((0, 0), (1, 0), (2, 0), (3, 0), (4, 0), (5, 0), (6, 0), (6, 1), (7, 1), (8, 1))",0,2,2,10,,,goal,,False,43
"((0, 0), (1, 0), (2, 0), (3, 0), (4, 0), (5, 0), (6, 0), (6, 1), (7, 1), (8, 1))","((0, 0), (1, 0), (2, 0), (3, 0), (4, 0), (5, 0), (6, 0), (6, 1), (7, 1))",0,2,2,9,3,0,expanded,False,,44
"((0, 0), (1, 0), (2, 0), (3, 0), (4, 0), (5, 0), (6, 0), (6, 1), (7, 1), (7, 2), (6, 2))","((0, 0), (1, 0), (2, 0), (3, 0), (4, 0), (5, 0), (6, 0), (6, 1), (7, 1), (7, 2))",0,1,1,10,,,goal,,False,45
"((0, 0), (1, 0), (2, 0), (3, 0), (4, 0), (5, 0), (6, 0), (6, 1), (7, 1), (7, 2), (8, 2))","((0, 0), (1, 0), (2, 0), (3, 0), (4, 0), (5, 0), (6, 0), (6, 1), (7, 1), (7, 2))",0,2,2,10,,,goal,,False,46
"((0, 0), (1, 0), (2, 0), (3, 0), (4, 0), (5, 0), (6, 0), (6, 1), (7, 1), (7, 2), (7, 3))","((0, 0), (1, 0), (2, 0), (3, 0), (4, 0), (5, 0), (6, 0), (6, 1), (7, 1), (7, 2))",0,2,2,10,,,goal,,False,47
"((0, 0), (1, 0), (2, 0), (3, 0), (4, 0), (5, 0), (6, 0), (6, 1), (7, 1), (7, 2))","((0, 0), (1, 0), (2, 0), (3, 0), (4, 0), (5, 0), (6, 0), (6, 1), (7, 1))",0,2,2,9,3,0,expanded,False,,48
"((0, 0), (1, 0), (2, 0), (3, 0), (4, 0), (5, 0), (6, 0), (6, 1), (7, 1))","((0, 0), (1, 0), (2, 0), (3, 0), (4, 0), (5, 0), (6, 0), (6, 1))",0,2,2,8,3,0,expanded,False,,49
"((0, 0), (1, 0), (2, 0), (3, 0), (4, 0), (5, 0), (6, 0), (6, 1), (5, 1), (4, 1), (3, 1))","((0, 0), (1, 0), (2, 0), (3, 0), (4, 0), (5, 0), (6, 0), (6, 1), (5, 1), (4, 1))",0,2,2,10,,,goal,,False,50
"((0, 0), (1, 0), (2, 0), (3, 0), (4, 0), (5, 0), (6, 0), (6, 1), (5, 1), (4, 1), (4, 2))","((0, 0), (1, 0), (2, 0), (3, 0), (4, 0), (5, 0), (6, 0), (6, 1), (5, 1), (4, 1))",0,2,2,10,,,goal,,False,51
"((0, 0), (1, 0), (2, 0), (3, 0), (4, 0), (5, 0), (6, 0), (6, 1), (5, 1), (4, 1))","((0, 0), (1, 0), (2, 0), (3, 0), (4, 0), (5, 0), (6, 0), (6, 1), (5, 1))",0,2,2,9,2,0,expanded,False,,52
"((0, 0), (1, 0), (2, 0), (3, 0), (4, 0), (5, 0), (6, 0), (6, 1), (5, 1), (5, 2), (6, 2))","((0, 0), (1, 0), (2, 0), (3, 0), (4, 0), (5, 0), (6, 0), (6, 1), (5, 1), (5, 2))",0,1,1,10,,,goal,,False,53
"((0, 0), (1, 0), (2, 0), (3, 0), (4, 0), (5, 0), (6, 0), (6, 1), (5, 1), (5, 2), (4, 2))","((0, 0), (1, 0), (2, 0), (3, 0), (4, 0), (5, 0), (6, 0), (6, 1), (5, 1), (5, 2))",0,2,2,10,,,goal,,False,54
"((0, 0), (1, 0), (2, 0), (3, 0), (4, 0), (5, 0), (6, 0), (6, 1), (5, 1), (5, 2), (5, 3))","((0, 0), (1, 0), (2, 0), (3, 0), (4, 0), (5, 0), (6, 0), (6, 1), (5, 1), (5, 2))",0,2,2,10,,,goal,,False,55
"((0, 0), (1, 0), (2, 0), (3, 0), (4, 0), (5, 0), (6, 0), (6, 1), (5, 1), (5, 2))","((0, 0), (1, 0), (2, 0), (3, 0), (4, 0), (5, 0), (6, 0), (6, 1), (5, 1))",0,2,2,9,3,0,expanded,False,,56
"((0, 0), (1, 0), (2, 0), (3, 0), (4, 0), (5, 0), (6, 0), (6, 1), (5, 1))","((0, 0), (1, 0), (2, 0), (3, 0), (4, 0), (5, 0), (6, 0), (6, 1))",0,2,2,8,2,0,expanded,False,,57
"((0, 0), (1, 0), (2, 0), (3, 0), (4, 0), (5, 0), (6, 0), (6, 1), (6, 2), (7, 2), (7, 1))","((0, 0), (1, 0), (2, 0), (3, 0), (4, 0), (5, 0), (6, 0), (6, 1), (6, 2), (7, 2))",0,1,1,10,,,goal,,False,58
"((0, 0), (1, 0), (2, 0), (3, 0), (4, 0), (5, 0), (6, 0), (6, 1), (6, 2), (7, 2), (8, 2))","((0, 0), (1, 0), (2, 0), (3, 0), (4, 0), (5, 0), (6, 0), (6, 1), (6, 2), (7, 2))",0,2,2,10,,,goal,,False,59
"((0, 0), (1, 0), (2, 0), (3, 0), (4, 0), (5, 0), (6, 0), (6, 1), (6, 2), (7, 2), (7, 3))","((0, 0), (1, 0), (2, 0), (3, 0), (4, 0), (5, 0), (6, 0), (6, 1), (6, 2), (7, 2))",0,2,2,10,,,goal,,False,60
"((0, 0), (1, 0), (2, 0), (3, 0), (4, 0), (5, 0), (6, 0), (6, 1), (6, 2), (7, 2))","((0, 0), (1, 0), (2, 0), (3, 0), (4, 0), (5, 0), (6, 0), (6, 1), (6, 2))",0,2,2,9,3,0,expanded,False,,61
"((0, 0), (1, 0), (2, 0), (3, 0), (4, 0), (5, 0), (6, 0), (6, 1), (6, 2), (5, 2), (5, 1))","((0, 0), (1, 0), (2, 0), (3, 0), (4, 0), (5, 0), (6, 0), (6, 1), (6, 2), (5, 2))",0,1,1,10,,,goal,,False,62
"((0, 0), (1, 0), (2, 0), (3, 0), (4, 0), (5, 0), (6, 0), (6, 1), (6, 2), (5, 2), (4, 2))","((0, 0), (1, 0), (2, 0), (3, 0), (4, 0), (5, 0), (6, 0), (6, 1), (6, 2), (5, 2))",0,2,2,10,,,goal,,False,63
"((0, 0), (1, 0), (2, 0), (3, 0), (4, 0), (5, 0), (6, 0), (6, 1), (6, 2), (5, 2), (5, 3))","((0, 0), (1, 0), (2, 0), (3, 0), (4, 0), (5, 0), (6, 0), (6, 1), (6, 2), (5, 2))",0,2,2,10,,,goal,,False,64
"((0, 0), (1, 0), (2, 0), (3, 0), (4, 0), (5, 0), (6, 0), (6, 1), (6, 2), (5, 2))","((0, 0), (1, 0), (2, 0), (3, 0), (4, 0), (5, 0), (6, 0), (6, 1), (6, 2))",0,2,2,9,3,0,expanded,False,,65
"((0, 0), (1, 0), (2, 0), (3, 0), (4, 0), (5, 0), (6, 0), (6, 1), (6, 2), (6, 3), (7, 3))","((0, 0), (1, 0), (2, 0), (3, 0), (4, 0), (5, 0), (6, 0), (6, 1), (6, 2), (6, 3))",0,2,2,10,,,goal,,False,66
"((0, 0), (1, 0), (2, 0), (3, 0), (4, 0), (5, 0), (6, 0), (6, 1), (6, 2), (6, 3), (5, 3))","((0, 0), (1, 0), (2, 0), (3, 0), (4, 0), (5, 0), (6, 0), (6, 1), (6, 2), (6, 3))",0,2,2,10,,,goal,,False,67
"((0, 0), (1, 0), (2, 0), (3, 0), (4, 0), (5, 0), (6, 0), (6, 1), (6, 2), (6, 3), (6, 4))","((0, 0), (1, 0), (2, 0), (3, 0), (4, 0), (5, 0), (6, 0), (6, 1), (6, 2), (6, 3))",0,2,2,10,,,goal,,False,68
"((0, 0), (1, 0), (2, 0), (3, 0), (4, 0), (5, 0), (6, 0), (6, 1), (6, 2), (6, 3))","((0, 0), (1, 0), (2, 0), (3, 0), (4, 0), (5, 0), (6, 0), (6, 1), (6, 2))",0,2,2,9,3,0,expanded,False,,69
"((0, 0), (1, 0), (2, 0), (3, 0), (4, 0), (5, 0), (6, 0), (6, 1), (6, 2))","((0, 0), (1, 0), (2, 0), (3, 0), (4, 0), (5, 0), (6, 0), (6, 1))",0,2,2,8,3,0,expanded,False,,70
"((0, 0), (1, 0), (2, 0), (3, 0), (4, 0), (5, 0), (6, 0), (6, 1))","((0, 0), (1, 0), (2, 0), (3, 0), (4, 0), (5, 0), (6, 0))",0,3,3,7,3,0,expanded,False,,71
"((0, 0), (1, 0), (2, 0), (3, 0), (4, 0), (5, 0), (6, 0), (6, -1), (7, -1), (7, 0), (8, 0))","((0, 0), (1, 0), (2, 0), (3, 0), (4, 0), (5, 0), (6, 0), (6, -1), (7, -1), (7, 0))",0,2,2,10,,,goal,,False,72
"((0, 0), (1, 0), (2, 0), (3, 0), (4, 0), (5, 0), (6, 0), (6, -1), (7, -1), (7, 0), (7, 1))","((0, 0), (1, 0), (2, 0), (3, 0), (4, 0), (5, 0), (6, 0), (6, -1), (7, -1), (7, 0))",0,2,2,10,,,goal,,False,73
"((0, 0), (1, 0), (2, 0), (3, 0), (4, 0), (5, 0), (6, 0), (6, -1), (7, -1), (7, 0))","((0, 0), (1, 0), (2, 0), (3, 0), (4, 0), (5, 0), (6, 0), (6, -1), (7, -1))",0,2,2,9,2,0,expanded,False,,74
"((0, 0), (1, 0), (2, 0), (3, 0), (4, 0), (5, 0), (6, 0), (6, -1), (7, -1), (8, -1), (9, -1))","((0, 0), (1, 0), (2, 0), (3, 0), (4, 0), (5, 0), (6, 0), (6, -1), (7, -1), (8, -1))",0,2,2,10,,,goal,,False,75
"((0, 0), (1, 0), (2, 0), (3, 0), (4, 0), (5, 0), (6, 0), (6, -1), (7, -1), (8, -1), (8, 0))","((0, 0), (1, 0), (2, 0), (3, 0), (4, 0), (5, 0), (6, 0), (6, -1), (7, -1), (8, -1))",0,2,2,10,,,goal,,False,76
"((0, 0), (1, 0), (2, 0), (3, 0), (4, 0), (5, 0), (6, 0), (6, -1), (7, -1), (8, -1), (8, -2))","((0, 0), (1, 0), (2, 0), (3, 0), (4, 0), (5, 0), (6, 0), (6, -1), (7, -1), (8, -1))",0,2,2,10,,,goal,,False,77
"((0, 0), (1, 0), (2, 0), (3, 0), (4, 0), (5, 0), (6, 0), (6, -1), (7, -1), (8, -1))","((0, 0), (1, 0), (2, 0), (3, 0), (4, 0), (5, 0), (6, 0), (6, -1), (7, -1))",0,2,2,9,3,0,expanded,False,,78
"((0, 0), (1, 0), (2, 0), (3, 0), (4, 0), (5, 0), (6, 0), (6, -1), (7, -1), (7, -2), (6, -2))","((0, 0), (1, 0), (2, 0), (3, 0), (4, 0), (5, 0), (6, 0), (6, -1), (7, -1), (7, -2))",0,1,1,10,,,goal,,False,79
"((0, 0), (1, 0), (2, 0), (3, 0), (4, 0), (5, 0), (6, 0), (6, -1), (7, -1), (7, -2), (8, -2))","((0, 0), (1, 0), (2, 0), (3, 0), (4, 0), (5, 0), (6, 0), (6, -1), (7, -1), (7, -2))",0,2,2,10,,,goal,,False,80
"((0, 0), (1, 0), (2, 0), (3, 0), (4, 0), (5, 0), (6, 0), (6, -1), (7, -1), (7, -2), (7, -3))","((0, 0), (1, 0), (2, 0), (3, 0), (4, 0), (5, 0), (6, 0), (6, -1), (7, -1), (7, -2))",0,2,2,10,,,goal,,False,81
"((0, 0), (1, 0), (2, 0), (3, 0), (4, 0), (5, 0), (6, 0), (6, -1), (7, -1), (7, -2))","((0, 0), (1, 0), (2, 0), (3, 0), (4, 0), (5, 0), (6, 0), (6, -1), (7, -1))",0,2,2,9,3,0,expanded,False,,82
"((0, 0), (1, 0), (2, 0), (3, 0), (4, 0), (5, 0), (6, 0), (6, -1), (7, -1))","((0, 0), (1, 0), (2, 0), (3, 0), (4, 0), (5, 0), (6, 0), (6, -1))",0,2,2,8,3,0,expanded,False,,83
"((0, 0), (1, 0), (2, 0), (3, 0), (4, 0), (5, 0), (6, 0), (6, -1), (5, -1), (4, -1), (3, -1))","((0, 0), (1, 0), (2, 0), (3, 0), (4, 0), (5, 0), (6, 0), (6, -1), (5, -1), (4, -1))",0,2,2,10,,,goal,,False,84
"((0, 0), (1, 0), (2, 0), (3, 0), (4, 0), (5, 0), (6, 0), (6, -1), (5, -1), (4, -1), (4, -2))","((0, 0), (1, 0), (2, 0), (3, 0), (4, 0), (5, 0), (6, 0), (6, -1), (5, -1), (4, -1))",0,2,2,10,,,goal,,False,85
"((0, 0), (1, 0), (2, 0), (3, 0), (4, 0), (5, 0), (6, 0), (6, -1), (5, -1), (4, -1))","((0, 0), (1, 0), (2, 0), (3, 0), (4, 0), (5, 0), (6, 0), (6, -1), (5, -1))",0,2,2,9,2,0,expanded,False,,86
"((0, 0), (1, 0), (2, 0), (3, 0), (4, 0), (5, 0), (6, 0), (6, -1), (5, -1), (5, -2), (6, -2))","((0, 0), (1, 0), (2, 0), (3, 0), (4, 0), (5, 0), (6, 0), (6, -1), (5, -1), (5, -2))",0,1,1,10,,,goal,,False,87
"((0, 0), (1, 0), (2, 0), (3, 0), (4, 0), (5, 0), (6, 0), (6, -1), (5, -1), (5, -2), (4, -2))","((0, 0), (1, 0), (2, 0), (3, 0), (4, 0), (5, 0), (6, 0), (6, -1), (5, -1), (5, -2))",0,2,2,10,,,goal,,False,88
"((0, 0), (1, 0), (2, 0), (3, 0), (4, 0), (5, 0), (6, 0), (6, -1), (5, -1), (5, -2), (5, -3))","((0, 0), (1, 0), (2, 0), (3, 0), (4, 0), (5, 0), (6, 0), (6, -1), (5, -1), (5, -2))",0,2,2,10,,,goal,,False,89
"((0, 0), (1, 0), (2, 0), (3, 0), (4, 0), (5, 0), (6, 0), (6, -1), (5, -1), (5, -2))","((0, 0), (1, 0), (2, 0), (3, 0), (4, 0), (5, 0), (6, 0), (6, -1), (5, -1))",0,2,2,9,3,0,expanded,False,,90
"((0, 0), (1, 0), (2, 0), (3, 0), (4, 0), (5, 0), (6, 0), (6, -1), (5, -1))","((0, 0), (1, 0), (2, 0), (3, 0), (4, 0), (5, 0), (6, 0), (6, -1))",0,2,2,8,2,0,expanded,False,,91
"((0, 0), (1, 0), (2, 0), (3, 0), (4, 0), (5, 0), (6, 0), (6, -1), (6, -2), (7, -2), (7, -1))","((0, 0), (1, 0), (2, 0), (3, 0), (4, 0), (5, 0), (6, 0), (6, -1), (6, -2), (7, -2))",0,1,1,10,,,goal,,False,92
"((0, 0), (1, 0), (2, 0), (3, 0), (4, 0), (5, 0), (6, 0), (6, -1), (6, -2), (7, -2), (8, -2))","((0, 0), (1, 0), (2, 0), (3, 0), (4, 0), (5, 0), (6, 0), (6, -1), (6, -2), (7, -2))",0,2,2,10,,,goal,,False,93
"((0, 0), (1, 0), (2, 0), (3, 0), (4, 0), (5, 0), (6, 0), (6, -1), (6, -2), (7, -2), (7, -3))","((0, 0), (1, 0), (2, 0), (3, 0), (4, 0), (5, 0), (6, 0), (6, -1), (6, -2), (7, -2))",0,2,2,10,,,goal,,False,94
"((0, 0), (1, 0), (2, 0), (3, 0), (4, 0), (5, 0), (6, 0), (6, -1), (6, -2), (7, -2))","((0, 0), (1, 0), (2, 0), (3, 0), (4, 0), (5, 0), (6, 0), (6, -1), (6, -2))",0,2,2,9,3,0,expanded,False,,95
"((0, 0), (1, 0), (2, 0), (3, 0), (4, 0), (5, 0), (6, 0), (6, -1), (6, -2), (5, -2), (5, -1))","((0, 0), (1, 0), (2, 0), (3, 0), (4, 0), (5, 0), (6, 0), (6, -1), (6, -2), (5, -2))",0,1,1,10,,,goal,,False,96
"((0, 0), (1, 0), (2, 0), (3, 0), (4, 0), (5, 0), (6, 0), (6, -1), (6, -2), (5, -2), (4, -2))","((0, 0), (1, 0), (2, 0), (3, 0), (4, 0), (5, 0), (6, 0), (6, -1), (6, -2), (5, -2))",0,2,2,10,,,goal,,False,97
"((0, 0), (1, 0), (2, 0), (3, 0), (4, 0), (5, 0), (6, 0), (6, -1), (6, -2), (5, -2), (5, -3))","((0, 0), (1, 0), (2, 0), (3, 0), (4, 0), (5, 0), (6, 0), (6, -1), (6, -2), (5, -2))",0,2,2,10,,,goal,,False,98
"((0, 0), (1, 0), (2, 0), (3, 0), (4, 0), (5, 0), (6, 0), (6, -1), (6, -2), (5, -2))","((0, 0), (1, 0), (2, 0), (3, 0), (4, 0), (5, 0), (6, 0), (6, -1), (6, -2))",0,2,2,9,3,0,expanded,False,,99
"((0, 0), (1, 0), (2, 0), (3, 0), (4, 0), (5, 0), (6, 0), (6, -1), (6, -2), (6, -3), (7, -3))","((0, 0), (1, 0), (2, 0), (3, 0), (4, 0), (5, 0), (6, 0), (6, -1), (6, -2), (6, -3))",0,2,2,10,,,goal,,False,100
"((0, 0), (1, 0), (2, 0), (3, 0), (4, 0), (5, 0), (6, 0), (6, -1), (6, -2), (6, -3), (5, -3))","((0, 0), (1, 0), (2, 0), (3, 0), (4, 0), (5, 0), (6, 0), (6, -1), (6, -2), (6, -3))",0,2,2,10,,,goal,,False,101
"((0, 0), (1, 0), (2, 0), (3, 0), (4, 0), (5, 0), (6, 0), (6, -1), (6, -2), (6, -3), (6, -4))","((0, 0), (1, 0), (2, 0), (3, 0), (4, 0), (5, 0), (6, 0), (6, -1), (6, -2), (6, -3))",0,2,2,10,,,goal,,False,102
"((0, 0), (1, 0), (2, 0), (3, 0), (4, 0), (5, 0), (6, 0), (6, -1), (6, -2), (6, -3))","((0, 0), (1, 0), (2, 0), (3, 0), (4, 0), (5, 0), (6, 0), (6, -1), (6, -2))",0,2,2,9,3,0,expanded,False,,103
"((0, 0), (1, 0), (2, 0), (3, 0), (4, 0), (5, 0), (6, 0), (6, -1), (6, -2))","((0, 0), (1, 0), (2, 0), (3, 0), (4, 0), (5, 0), (6, 0), (6, -1))",0,2,2,8,3,0,expanded,False,,104
"((0, 0), (1, 0), (2, 0), (3, 0), (4, 0), (5, 0), (6, 0), (6, -1))","((0, 0), (1, 0), (2, 0), (3, 0), (4, 0), (5, 0), (6, 0))",0,3,3,7,3,0,expanded,False,,105
"((0, 0), (1, 0), (2, 0), (3, 0), (4, 0), (5, 0), (6, 0))","((0, 0), (1, 0), (2, 0), (3, 0), (4, 0), (5, 0))",0,2,2,6,3,0,expanded,False,,106
"((0, 0), (1, 0), (2, 0), (3, 0), (4, 0), (5, 0), (5, 1), (4, 1), (3, 1), (2, 1), (1, 1))","((0, 0), (1, 0), (2, 0), (3, 0), (4, 0), (5, 0), (5, 1), (4, 1), (3, 1), (2, 1))",1,1,2,10,,,goal,,True,107
"((0, 0), (1, 0), (2, 0), (3, 0), (4, 0), (5, 0), (5, 1), (4, 1), (3, 1), (2, 1), (2, 2))","((0, 0), (1, 0), (2, 0), (3, 0), (4, 0), (5, 0), (5, 1), (4, 1), (3, 1), (2, 1))",1,1,2,10,,,goal,,False,108
"((0, 0), (1, 0), (2, 0), (3, 0), (4, 0), (5, 0), (5, 1), (4, 1), (3, 1), (2, 1))","((0, 0), (1, 0), (2, 0), (3, 0), (4, 0), (5, 0), (5, 1), (4, 1), (3, 1))",1,1,2,9,2,0,expanded,False,,109
"((0, 0), (1, 0), (2, 0), (3, 0), (4, 0), (5, 0), (5, 1), (4, 1), (3, 1), (3, 2), (4, 2))","((0, 0), (1, 0), (2, 0), (3, 0), (4, 0), (5, 0), (5, 1), (4, 1), (3, 1), (3, 2))",1,0,1,10,,,pruned,,,110
"((0, 0), (1, 0), (2, 0), (3, 0), (4, 0), (5, 0), (5, 1), (4, 1), (3, 1), (3, 2), (2, 2))","((0, 0), (1, 0), (2, 0), (3, 0), (4, 0), (5, 0), (5, 1), (4, 1), (3, 1), (3, 2))",1,1,2,10,,,goal,,False,111
"((0, 0), (1, 0), (2, 0), (3, 0), (4, 0), (5, 0), (5, 1), (4, 1), (3, 1), (3, 2), (3, 3))","((0, 0), (1, 0), (2, 0), (3, 0), (4, 0), (5, 0), (5, 1), (4, 1), (3, 1), (3, 2))",1,1,2,10,,,goal,,False,112
"((0, 0), (1, 0), (2, 0), (3, 0), (4, 0), (5, 0), (5, 1), (4, 1), (3, 1), (3, 2))","((0, 0), (1, 0), (2, 0), (3, 0), (4, 0), (5, 0), (5, 1), (4, 1), (3, 1))",1,1,2,9,3,1,expanded,False,,113
"((0, 0), (1, 0), (2, 0), (3, 0), (4, 0), (5, 0), (5, 1), (4, 1), (3, 1))","((0, 0), (1, 0), (2, 0), (3, 0), (4, 0), (5, 0), (5, 1), (4, 1))",1,1,2,8,2,0,expanded,False,,114
"((0, 0), (1, 0), (2, 0), (3, 0), (4, 0), (5, 0), (5, 1), (4, 1), (4, 2), (5, 2), (6, 2))","((0, 0), (1, 0), (2, 0), (3, 0), (4, 0), (5, 0), (5, 1), (4, 1), (4, 2), (5, 2))",1,1,2,10,,,goal,,False,115
"((0, 0), (1, 0), (2, 0), (3, 0), (4, 0), (5, 0), (5, 1), (4, 1), (4, 2), (5, 2), (5, 3))","((0, 0), (1, 0), (2, 0), (3, 0), (4, 0), (5, 0), (5, 1), (4, 1), (4, 2), (5, 2))",1,1,2,10,,,goal,,False,116
"((0, 0), (1, 0), (2, 0), (3, 0), (4, 0), (5, 0), (5, 1), (4, 1), (4, 2), (5, 2))","((0, 0), (1, 0), (2, 0), (3, 0), (4, 0), (5, 0), (5, 1), (4, 1), (4, 2))",1,1,2,9,2,0,expanded,False,,117
"((0, 0), (1, 0), (2, 0), (3, 0), (4, 0), (5, 0), (5, 1), (4, 1), (4, 2), (3, 2), (3, 1))","((0, 0), (1, 0), (2, 0), (3, 0), (4, 0), (5, 0), (5, 1), (4, 1), (4, 2), (3, 2))",1,0,1,10,,,pruned,,,118
"((0, 0), (1, 0), (2, 0), (3, 0), (4, 0), (5, 0), (5, 1), (4, 1), (4, 2), (3, 2), (2, 2))","((0, 0), (1, 0), (2, 0), (3, 0), (4, 0), (5, 0), (5, 1), (4, 1), (4, 2), (3, 2))",1,1,2,10,,,goal,,False,119
"((0, 0), (1, 0), (2, 0), (3, 0), (4, 0), (5, 0), (5, 1), (4, 1), (4, 2), (3, 2), (3, 3))","((0, 0), (1, 0), (2, 0), (3, 0), (4, 0), (5, 0), (5, 1), (4, 1), (4, 2), (3, 2))",1,1,2,10,,,goal,,False,120
"((0, 0), (1, 0), (2, 0), (3, 0), (4, 0), (5, 0), (5, 1), (4, 1), (4, 2), (3, 2))","((0, 0), (1, 0), (2, 0), (3, 0), (4, 0), (5, 0), (5, 1), (4, 1), (4, 2))",1,1,2,9,3,1,expanded,False,,121
"((0, 0), (1, 0), (2, 0), (3, 0), (4, 0), (5, 0), (5, 1), (4, 1), (4, 2), (4, 3), (5, 3))","((0, 0), (1, 0), (2, 0), (3, 0), (4, 0), (5, 0), (5, 1), (4, 1), (4, 2), (4, 3))",1,1,2,10,,,goal,,False,122
"((0, 0), (1, 0), (2, 0), (3, 0), (4, 0), (5, 0), (5, 1), (4, 1), (4, 2), (4, 3), (3, 3))","((0, 0), (1, 0), (2, 0), (3, 0), (4, 0), (5, 0), (5, 1), (4, 1), (4, 2), (4, 3))",1,1,2,10,,,goal,,False,123
"((0, 0), (1, 0), (2, 0), (3, 0), (4, 0), (5, 0), (5, 1), (4, 1), (4, 2), (4, 3), (4, 4))","((0, 0), (1, 0), (2, 0), (3, 0), (4, 0), (5, 0), (5, 1), (4, 1), (4, 2), (4, 3))",1,1,2,10,,,goal,,False,124
"((0, 0), (1, 0), (2, 0), (3, 0), (4, 0), (5, 0), (5, 1), (4, 1), (4, 2), (4, 3))","((0, 0), (1, 0), (2, 0), (3, 0), (4, 0), (5, 0), (5, 1), (4, 1), (4, 2))",1,1,2,9,3,0,expanded,False,,125
"((0, 0), (1, 0), (2, 0), (3, 0), (4, 0), (5, 0), (5, 1), (4, 1), (4, 2))","((0, 0), (1, 0), (2, 0), (3, 0), (4, 0), (5, 0), (5, 1), (4, 1))",1,1,2,8,3,0,expanded,False,,126
"((0, 0), (1, 0), (2, 0), (3, 0), (4, 0), (5, 0), (5, 1), (4, 1))","((0, 0), (1, 0), (2, 0), (3, 0), (4, 0), (5, 0), (5, 1))",1,2,3,7,2,0,expanded,False,,127
"((0, 0), (1, 0), (2, 0), (3, 0), (4, 0), (5, 0), (5, 1), (6, 1), (7, 1), (8, 1), (9, 1))","((0, 0), (1, 0), (2, 0), (3, 0), (4, 0), (5, 0), (5, 1), (6, 1), (7, 1), (8, 1))",0,2,2,10,,,goal,,False,128
"((0, 0), (1, 0), (2, 0), (3, 0), (4, 0), (5, 0), (5, 1), (6, 1), (7, 1), (8, 1), (8, 2))","((0, 0), (1, 0), (2, 0), (3, 0), (4, 0), (5, 0), (5, 1), (6, 1), (7, 1), (8, 1))",0,2,2,10,,,goal,,False,129
"((0, 0), (1, 0), (2, 0), (3, 0), (4, 0), (5, 0), (5, 1), (6, 1), (7, 1), (8, 1), (8, 0))","((0, 0), (1, 0), (2, 0), (3, 0), (4, 0), (5, 0), (5, 1), (6, 1), (7, 1), (8, 1))",0,2,2,10,,,goal,,False,130
"((0, 0), (1, 0), (2, 0), (3, 0), (4, 0), (5, 0), (5, 1), (6, 1), (7, 1), (8, 1))","((0, 0), (1, 0), (2, 0), (3, 0), (4, 0), (5, 0), (5, 1), (6, 1), (7, 1))",0,2,2,9,3,0,expanded,False,,131
"((0, 0), (1, 0), (2, 0), (3, 0), (4, 0), (5, 0), (5, 1), (6, 1), (7, 1), (7, 2), (6, 2))","((0, 0), (1, 0), (2, 0), (3, 0), (4, 0), (5, 0), (5, 1), (6, 1), (7, 1), (7, 2))",0,1,1,10,,,pruned,,,132
"((0, 0), (1, 0), (2, 0), (3, 0), (4, 0), (5, 0), (5, 1), (6, 1), (7, 1), (7, 2), (8, 2))","((0, 0), (1, 0), (2, 0), (3, 0), (4, 0), (5, 0), (5, 1), (6, 1), (7, 1), (7, 2))",0,2,2,10,,,goal,,False,133
"((0, 0), (1, 0), (2, 0), (3, 0), (4, 0), (5, 0), (5, 1), (6, 1), (7, 1), (7, 2), (7, 3))","((0, 0), (1, 0), (2, 0), (3, 0), (4, 0), (5, 0), (5, 1), (6, 1), (7, 1), (7, 2))",0,2,2,10,,,goal,,False,134
"((0, 0), (1, 0), (2, 0), (3, 0), (4, 0), (5, 0), (5, 1), (6, 1), (7, 1), (7, 2))","((0, 0), (1, 0), (2, 0), (3, 0), (4, 0), (5, 0), (5, 1), (6, 1), (7, 1))",0,2,2,9,3,1,expanded,False,,135
"((0, 0), (1, 0), (2, 0), (3, 0), (4, 0), (5, 0), (5, 1), (6, 1), (7, 1), (7, 0), (6, 0))","((0, 0), (1, 0), (2, 0), (3, 0), (4, 0), (5, 0), (5, 1), (6, 1), (7, 1), (7, 0))",0,1,1,10,,,pruned,,,136
"((0, 0), (1, 0), (2, 0), (3, 0), (4, 0), (5, 0), (5, 1), (6, 1), (7, 1), (7, 0), (8, 0))","((0, 0), (1, 0), (2, 0), (3, 0), (4, 0), (5, 0), (5, 1), (6, 1), (7, 1), (7, 0))",0,2,2,10,,,goal,,False,137
"((0, 0), (1, 0), (2, 0), (3, 0), (4, 0), (5, 0), (5, 1), (6, 1), (7, 1), (7, 0), (7, -1))","((0, 0), (1, 0), (2, 0), (3, 0), (4, 0), (5, 0), (5, 1), (6, 1), (7, 1), (7, 0))",0,2,2,10,,,goal,,False,138
"((0, 0), (1, 0), (2, 0), (3, 0), (4, 0), (5, 0), (5, 1), (6, 1), (7, 1), (7, 0))","((0, 0), (1, 0), (2, 0), (3, 0), (4, 0), (5, 0), (5, 1), (6, 1), (7, 1))",0,2,2,9,3,1,expanded,False,,139
"((0, 0), (1, 0), (2, 0), (3, 0), (4, 0), (5, 0), (5, 1), (6, 1), (7, 1))","((0, 0), (1, 0), (2, 0), (3, 0), (4, 0), (5, 0), (5, 1), (6, 1))",0,2,2,8,3,0,expanded,False,,140
"((0, 0), (1, 0), (2, 0), (3, 0), (4, 0), (5, 0), (5, 1), (6, 1), (6, 2), (5, 2), (4, 2))","((0, 0), (1, 0), (2, 0), (3, 0), (4, 0), (5, 0), (5, 1), (6, 1), (6, 2), (5, 2))",0,2,2,10,,,goal,,False,141
"((0, 0), (1, 0), (2, 0), (3, 0), (4, 0), (5, 0), (5, 1), (6, 1), (6, 2), (5, 2), (5, 3))","((0, 0), (1, 0), (2, 0), (3, 0), (4, 0), (5, 0), (5, 1), (6, 1), (6, 2), (5, 2))",0,2,2,10,,,goal,,False,142
"((0, 0), (1, 0), (2, 0), (3, 0), (4, 0), (5, 0), (5, 1), (6, 1), (6, 2), (5, 2))","((0, 0), (1, 0), (2, 0), (3, 0), (4, 0), (5, 0), (5, 1), (6, 1), (6, 2))",0,2,2,9,2,0,expanded,False,,143
"((0, 0), (1, 0), (2, 0), (3, 0), (4, 0), (5, 0), (5, 1), (6, 1), (6, 2), (7, 2), (7, 1))","((0, 0), (1, 0), (2, 0), (3, 0), (4, 0), (5, 0), (5, 1), (6, 1), (6, 2), (7, 2))",0,1,1,10,,,pruned,,,144
"((0, 0), (1, 0), (2, 0), (3, 0), (4, 0), (5, 0), (5, 1), (6, 1), (6, 2), (7, 2), (8, 2))","((0, 0), (1, 0), (2, 0), (3, 0), (4, 0), (5, 0), (5, 1), (6, 1), (6, 2), (7, 2))",0,2,2,10,,,goal,,False,145
"((0, 0), (1, 0), (2, 0), (3, 0), (4, 0), (5, 0), (5, 1), (6, 1), (6, 2), (7, 2), (7, 3))","((0, 0), (1, 0), (2, 0), (3, 0), (4, 0), (5, 0), (5, 1), (6, 1), (6, 2), (7, 2))",0,2,2,10,,,goal,,False,146
"((0, 0), (1, 0), (2, 0), (3, 0), (4, 0), (5, 0), (5, 1), (6, 1), (6, 2), (7, 2))","((0, 0), (1, 0), (2, 0), (3, 0), (4, 0), (5, 0), (5, 1), (6, 1), (6, 2))",0,2,2,9,3,1,expanded,False,,147
"((0, 0), (1, 0), (2, 0), (3, 0), (4, 0), (5, 0), (5, 1), (6, 1), (6, 2), (6, 3), (7, 3))","((0, 0), (1, 0), (2, 0), (3, 0), (4, 0), (5, 0), (5, 1), (6, 1), (6, 2), (6, 3))",0,2,2,10,,,goal,,False,148
"((0, 0), (1, 0), (2, 0), (3, 0), (4, 0), (5, 0), (5, 1), (6, 1), (6, 2), (6, 3), (5, 3))","((0, 0), (1, 0), (2, 0), (3, 0), (4, 0), (5, 0), (5, 1), (6, 1), (6, 2), (6, 3))",0,2,2,10,,,goal,,False,149
"((0, 0), (1, 0), (2, 0), (3, 0), (4, 0), (5, 0), (5, 1), (6, 1), (6, 2), (6, 3), (6, 4))","((0, 0), (1, 0), (2, 0), (3, 0), (4, 0), (5, 0), (5, 1), (6, 1), (6, 2), (6, 3))",0,2,2,10,,,goal,,False,150
"((0, 0), (1, 0), (2, 0), (3, 0), (4, 0), (5, 0), (5, 1), (6, 1), (6, 2), (6, 3))","((0, 0), (1, 0), (2, 0), (3, 0), (4, 0), (5, 0), (5, 1), (6, 1), (6, 2))",0,2,2,9,3,0,expanded,False,,151
"((0, 0), (1, 0), (2, 0), (3, 0), (4, 0), (5, 0), (5, 1), (6, 1), (6, 2))","((0, 0), (1, 0), (2, 0), (3, 0), (4, 0), (5, 0), (5, 1), (6, 1))",0,2,2,8,3,0,expanded,False,,152
"((0, 0), (1, 0), (2, 0), (3, 0), (4, 0), (5, 0), (5, 1), (6, 1), (6, 0), (7, 0), (7, 1))","((0, 0), (1, 0), (2, 0), (3, 0), (4, 0), (5, 0), (5, 1), (6, 1), (6, 0), (7, 0))",0,1,1,10,,,pruned,,,153
"((0, 0), (1, 0), (2, 0), (3, 0), (4, 0), (5, 0), (5, 1), (6, 1), (6, 0), (7, 0), (8, 0))","((0, 0), (1, 0), (2, 0), (3, 0), (4, 0), (5, 0), (5, 1), (6, 1), (6, 0), (7, 0))",0,2,2,10,,,goal,,False,154
"((0, 0), (1, 0), (2, 0), (3, 0), (4, 0), (5, 0), (5, 1), (6, 1), (6, 0), (7, 0), (7, -1))","((0, 0), (1, 0), (2, 0), (3, 0), (4, 0), (5, 0), (5, 1), (6, 1), (6, 0), (7, 0))",0,2,2,10,,,goal,,False,155
"((0, 0), (1, 0), (2, 0), (3, 0), (4, 0), (5, 0), (5, 1), (6, 1), (6, 0), (7, 0))","((0, 0), (1, 0), (2, 0), (3, 0), (4, 0), (5, 0), (5, 1), (6, 1), (6, 0))",0,2,2,9,3,1,expanded,False,,156
"((0, 0), (1, 0), (2, 0), (3, 0), (4, 0), (5, 0), (5, 1), (6, 1), (6, 0), (6, -1), (7, -1))","((0, 0), (1, 0), (2, 0), (3, 0), (4, 0), (5, 0), (5, 1), (6, 1), (6, 0), (6, -1))",0,2,2,10,,,goal,,False,157
"((0, 0), (1, 0), (2, 0), (3, 0), (4, 0), (5, 0), (5, 1), (6, 1), (6, 0), (6, -1), (5, -1))","((0, 0), (1, 0), (2, 0), (3, 0), (4, 0), (5, 0), (5, 1), (6, 1), (6, 0), (6, -1))",0,2,2,10,,,goal,,False,158
"((0, 0), (1, 0), (2, 0), (3, 0), (4, 0), (5, 0), (5, 1), (6, 1), (6, 0), (6, -1), (6, -2))","((0, 0), (1, 0), (2, 0), (3, 0), (4, 0), (5, 0), (5, 1), (6, 1), (6, 0), (6, -1))",0,2,2,10,,,goal,,False,159
"((0, 0), (1, 0), (2, 0), (3, 0), (4, 0), (5, 0), (5, 1), (6, 1), (6, 0), (6, -1))","((0, 0), (1, 0), (2, 0), (3, 0), (4, 0), (5, 0), (5, 1), (6, 1), (6, 0))",0,2,2,9,3,0,expanded,False,,160
"((0, 0), (1, 0), (2, 0), (3, 0), (4, 0), (5, 0), (5, 1), (6, 1), (6, 0))","((0, 0), (1, 0), (2, 0), (3, 0), (4, 0), (5, 0), (5, 1), (6, 1))",0,2,2,8,2,0,expanded,False,,161
"((0, 0), (1, 0), (2, 0), (3, 0), (4, 0), (5, 0), (5, 1), (6, 1))","((0, 0), (1, 0), (2, 0), (3, 0), (4, 0), (5, 0), (5, 1))",0,3,3,7,3,0,expanded,False,,162
"((0, 0), (1, 0), (2, 0), (3, 0), (4, 0), (5, 0), (5, 1), (5, 2), (6, 2), (6, 1), (7, 1))","((0, 0), (1, 0), (2, 0), (3, 0), (4, 0), (5, 0), (5, 1), (5, 2), (6, 2), (6, 1))",0,2,2,10,,,goal,,False,163
"((0, 0), (1, 0), (2, 0), (3, 0), (4, 0), (5, 0), (5, 1), (5, 2), (6, 2), (6, 1), (6, 0))","((0, 0), (1, 0), (2, 0), (3, 0), (4, 0), (5, 0), (5, 1), (5, 2), (6, 2), (6, 1))",0,2,2,10,,,goal,,False,164
"((0, 0), (1, 0), (2, 0), (3, 0), (4, 0), (5, 0), (5, 1), (5, 2), (6, 2), (6, 1))","((0, 0), (1, 0), (2, 0), (3, 0), (4, 0), (5, 0), (5, 1), (5, 2), (6, 2))",0,2,2,9,2,0,expanded,False,,165
"((0, 0), (1, 0), (2, 0), (3, 0), (4, 0), (5, 0), (5, 1), (5, 2), (6, 2), (7, 2), (8, 2))","((0, 0), (1, 0), (2, 0), (3, 0), (4, 0), (5, 0), (5, 1), (5, 2), (6, 2), (7, 2))",0,2,2,10,,,goal,,False,166
"((0, 0), (1, 0), (2, 0), (3, 0), (4, 0), (5, 0), (5, 1), (5, 2), (6, 2), (7, 2), (7, 3))","((0, 0), (1, 0), (2, 0), (3, 0), (4, 0), (5, 0), (5, 1), (5, 2), (6, 2), (7, 2))",0,2,2,10,,,goal,,False,167
"((0, 0), (1, 0), (2, 0), (3, 0), (4, 0), (5, 0), (5, 1), (5, 2), (6, 2), (7, 2), (7, 1))","((0, 0), (1, 0), (2, 0), (3, 0), (4, 0), (5, 0), (5, 1), (5, 2), (6, 2), (7, 2))",0,2,2,10,,,goal,,False,168
"((0, 0), (1, 0), (2, 0), (3, 0), (4, 0), (5, 0), (5, 1), (5, 2), (6, 2), (7, 2))","((0, 0), (1, 0), (2, 0), (3, 0), (4, 0), (5, 0), (5, 1), (5, 2), (6, 2))",0,2,2,9,3,0,expanded,False,,169
"((0, 0), (1, 0), (2, 0), (3, 0), (4, 0), (5, 0), (5, 1), (5, 2), (6, 2), (6, 3), (5, 3))","((0, 0), (1, 0), (2, 0), (3, 0), (4, 0), (5, 0), (5, 1), (5, 2), (6, 2), (6, 3))",0,1,1,10,,,pruned,,,170
"((0, 0), (1, 0), (2, 0), (3, 0), (4, 0), (5, 0), (5, 1), (5, 2), (6, 2), (6, 3), (7, 3))","((0, 0), (1, 0), (2, 0), (3, 0), (4, 0), (5, 0), (5, 1), (5, 2), (6, 2), (6, 3))",0,2,2,10,,,goal,,False,171
"((0, 0), (1, 0), (2, 0), (3, 0), (4, 0), (5, 0), (5, 1), (5, 2), (6, 2), (6, 3), (6, 4))","((0, 0), (1, 0), (2, 0), (3, 0), (4, 0), (5, 0), (5, 1), (5, 2), (6, 2), (6, 3))",0,2,2,10,,,goal,,False,172
"((0, 0), (1, 0), (2, 0), (3, 0), (4, 0), (5, 0), (5, 1), (5, 2), (6, 2), (6, 3))","((0, 0), (1, 0), (2, 0), (3, 0), (4, 0), (5, 0), (5, 1), (5, 2), (6, 2))",0,2,2,9,3,1,expanded,False,,173
"((0, 0), (1, 0), (2, 0), (3, 0), (4, 0), (5, 0), (5, 1), (5, 2), (6, 2))","((0, 0), (1, 0), (2, 0), (3, 0), (4, 0), (5, 0), (5, 1), (5, 2))",0,2,2,8,3,0,expanded,False,,174
"((0, 0), (1, 0), (2, 0), (3, 0), (4, 0), (5, 0), (5, 1), (5, 2), (4, 2), (4, 1), (3, 1))","((0, 0), (1, 0), (2, 0), (3, 0), (4, 0), (5, 0), (5, 1), (5, 2), (4, 2), (4, 1))",0,2,2,10,,,goal,,False,175
"((0, 0), (1, 0), (2, 0), (3, 0), (4, 0), (5, 0), (5, 1), (5, 2), (4, 2), (4, 1))","((0, 0), (1, 0), (2, 0), (3, 0), (4, 0), (5, 0), (5, 1), (5, 2), (4, 2))",0,2,2,9,1,0,expanded,False,,176
"((0, 0), (1, 0), (2, 0), (3, 0), (4, 0), (5, 0), (5, 1), (5, 2), (4, 2), (3, 2), (2, 2))","((0, 0), (1, 0), (2, 0), (3, 0), (4, 0), (5, 0), (5, 1), (5, 2), (4, 2), (3, 2))",0,2,2,10,,,goal,,False,177
"((0, 0), (1, 0), (2, 0), (3, 0), (4, 0), (5, 0), (5, 1), (5, 2), (4, 2), (3, 2), (3, 3))","((0, 0), (1, 0), (2, 0), (3, 0), (4, 0), (5, 0), (5, 1), (5, 2), (4, 2), (3, 2))",0,2,2,10,,,goal,,False,178
"((0, 0), (1, 0), (2, 0), (3, 0), (4, 0), (5, 0), (5, 1), (5, 2), (4, 2), (3, 2), (3, 1))","((0, 0), (1, 0), (2, 0), (3, 0), (4, 0), (5, 0), (5, 1), (5, 2), (4, 2), (3, 2))",0,2,2,10,,,goal,,False,179
"((0, 0), (1, 0), (2, 0), (3, 0), (4, 0), (5, 0), (5, 1), (5, 2), (4, 2), (3, 2))","((0, 0), (1, 0), (2, 0), (3, 0), (4, 0), (5, 0), (5, 1), (5, 2), (4, 2))",0,2,2,9,3,0,expanded,False,,180
"((0, 0), (1, 0), (2, 0), (3, 0), (4, 0), (5, 0), (5, 1), (5, 2), (4, 2), (4, 3), (5, 3))","((0, 0), (1, 0), (2, 0), (3, 0), (4, 0), (5, 0), (5, 1), (5, 2), (4, 2), (4, 3))",0,1,1,10,,,pruned,,,181
"((0, 0), (1, 0), (2, 0), (3, 0), (4, 0), (5, 0), (5, 1), (5, 2), (4, 2), (4, 3), (3, 3))","((0, 0), (1, 0), (2, 0), (3, 0), (4, 0), (5, 0), (5, 1), (5, 2), (4, 2), (4, 3))",0,2,2,10,,,goal,,False,182
"((0, 0), (1, 0), (2, 0), (3, 0), (4, 0), (5, 0), (5, 1), (5, 2), (4, 2), (4, 3), (4, 4))","((0, 0), (1, 0), (2, 0), (3, 0), (4, 0), (5, 0), (5, 1), (5, 2), (4, 2), (4, 3))",0,2,2,10,,,goal,,False,183
"((0, 0), (1, 0), (2, 0), (3, 0), (4, 0), (5, 0), (5, 1), (5, 2), (4, 2), (4, 3))","((0, 0), (1, 0), (2, 0), (3, 0), (4, 0), (5, 0), (5, 1), (5, 2), (4, 2))",0,2,2,9,3,1,expanded,False,,184
"((0, 0), (1, 0), (2, 0), (3, 0), (4, 0), (5, 0), (5, 1), (5, 2), (4, 2))","((0, 0), (1, 0), (2, 0), (3, 0), (4, 0), (5, 0), (5, 1), (5, 2))",0,2,2,8,3,0,expanded,False,,185
"((0, 0), (1, 0), (2, 0), (3, 0), (4, 0), (5, 0), (5, 1), (5, 2), (5, 3), (6, 3), (6, 2))","((0, 0), (1, 0), (2, 0), (3, 0), (4, 0), (5, 0), (5, 1), (5, 2), (5, 3), (6, 3))",0,1,1,10,,,pruned,,,186
"((0, 0), (1, 0), (2, 0), (3, 0), (4, 0), (5, 0), (5, 1), (5, 2), (5, 3), (6, 3), (7, 3))","((0, 0), (1, 0), (2, 0), (3, 0), (4, 0), (5, 0), (5, 1), (5, 2), (5, 3), (6, 3))",0,2,2,10,,,goal,,False,187
"((0, 0), (1, 0), (2, 0), (3, 0), (4, 0), (5, 0), (5, 1), (5, 2), (5, 3), (6, 3), (6, 4))","((0, 0), (1, 0), (2, 0), (3, 0), (4, 0), (5, 0), (5, 1), (5, 2), (5, 3), (6, 3))",0,2,2,10,,,goal,,False,188
"((0, 0), (1, 0), (2, 0), (3, 0), (4, 0), (5, 0), (5, 1), (5, 2), (5, 3), (6, 3))","((0, 0), (1, 0), (2, 0), (3, 0), (4, 0), (5, 0), (5, 1), (5, 2), (5, 3))",0,2,2,9,3,1,expanded,False,,189
"((0, 0), (1, 0), (2, 0), (3, 0), (4, 0), (5, 0), (5, 1), (5, 2), (5, 3), (4, 3), (4, 2))","((0, 0), (1, 0), (2, 0), (3, 0), (4, 0), (5, 0), (5, 1), (5, 2), (5, 3), (4, 3))",0,1,1,10,,,pruned,,,190
"((0, 0), (1, 0), (2, 0), (3, 0), (4, 0), (5, 0), (5, 1), (5, 2), (5, 3), (4, 3), (3, 3))","((0, 0), (1, 0), (2, 0), (3, 0), (4, 0), (5, 0), (5, 1), (5, 2), (5, 3), (4, 3))",0,2,2,10,,,goal,,False,191
"((0, 0), (1, 0), (2, 0), (3, 0), (4, 0), (5, 0), (5, 1), (5, 2), (5, 3), (4, 3), (4, 4))","((0, 0), (1, 0), (2, 0), (3, 0), (4, 0), (5, 0), (5, 1), (5, 2), (5, 3), (4, 3))",0,2,2,10,,,goal,,False,192
"((0, 0), (1, 0), (2, 0), (3, 0), (4, 0), (5, 0), (5, 1), (5, 2), (5, 3), (4, 3))","((0, 0), (1, 0), (2, 0), (3, 0), (4, 0), (5, 0), (5, 1), (5, 2), (5, 3))",0,2,2,9,3,1,expanded,False,,193
"((0, 0), (1, 0), (2, 0), (3, 0), (4, 0), (5, 0), (5, 1), (5, 2), (5, 3), (5, 4), (6, 4))","((0, 0), (1, 0), (2, 0), (3, 0), (4, 0), (5, 0), (5, 1), (5, 2), (5, 3), (5, 4))",0,2,2,10,,,goal,,False,194
"((0, 0), (1, 0), (2, 0), (3, 0), (4, 0), (5, 0), (5, 1), (5, 2), (5, 3), (5, 4), (4, 4))","((0, 0), (1, 0), (2, 0), (3, 0), (4, 0), (5, 0), (5, 1), (5, 2), (5, 3), (5, 4))",0,2,2,10,,,goal,,False,195
"((0, 0), (1, 0), (2, 0), (3, 0), (4, 0), (5, 0), (5, 1), (5, 2), (5, 3), (5, 4), (5, 5))","((0, 0), (1, 0), (2, 0), (3, 0), (4, 0), (5, 0), (5, 1), (5, 2), (5, 3), (5, 4))",0,2,2,10,,,goal,,False,196
"((0, 0), (1, 0), (2, 0), (3, 0), (4, 0), (5, 0), (5, 1), (5, 2), (5, 3), (5, 4))","((0, 0), (1, 0), (2, 0), (3, 0), (4, 0), (5, 0), (5, 1), (5, 2), (5, 3))",0,2,2,9,3,0,expanded,False,,197
"((0, 0), (1, 0), (2, 0), (3, 0), (4, 0), (5, 0), (5, 1), (5, 2), (5, 3))","((0, 0), (1, 0), (2, 0), (3, 0), (4, 0), (5, 0), (5, 1), (5, 2))",0,2,2,8,3,0,expanded,False,,198
"((0, 0), (1, 0), (2, 0), (3, 0), (4, 0), (5, 0), (5, 1), (5, 2))","((0, 0), (1, 0), (2, 0), (3, 0), (4, 0), (5, 0), (5, 1))",0,3,3,7,3,0,expanded,False,,199
"((0, 0), (1, 0), (2, 0), (3, 0), (4, 0), (5, 0), (5, 1))","((0, 0), (1, 0), (2, 0), (3, 0), (4, 0), (5, 0))",0,2,2,6,3,0,expanded,False,,200
"((0, 0), (1, 0), (2, 0), (3, 0), (4, 0), (5, 0), (5, -1), (4, -1), (3, -1), (2, -1), (1, -1))","((0, 0), (1, 0), (2, 0), (3, 0), (4, 0), (5, 0), (5, -1), (4, -1), (3, -1), (2, -1))",1,1,2,10,,,goal,,False,201
"((0, 0), (1, 0), (2, 0), (3, 0), (4, 0), (5, 0), (5, -1), (4, -1), (3, -1), (2, -1), (2, -2))","((0, 0), (1, 0), (2, 0), (3, 0), (4, 0), (5, 0), (5, -1), (4, -1), (3, -1), (2, -1))",1,1,2,10,,,goal,,False,202
"((0, 0), (1, 0), (2, 0), (3, 0), (4, 0), (5, 0), (5, -1), (4, -1), (3, -1), (2, -1))","((0, 0), (1, 0), (2, 0), (3, 0), (4, 0), (5, 0), (5, -1), (4, -1), (3, -1))",1,1,2,9,2,0,expanded,False,,203
"((0, 0), (1, 0), (2, 0), (3, 0), (4, 0), (5, 0), (5, -1), (4, -1), (3, -1), (3, -2), (4, -2))","((0, 0), (1, 0), (2, 0), (3, 0), (4, 0), (5, 0), (5, -1), (4, -1), (3, -1), (3, -2))",1,0,1,10,,,pruned,,,204
"((0, 0), (1, 0), (2, 0), (3, 0), (4, 0), (5, 0), (5, -1), (4, -1), (3, -1), (3, -2), (2, -2))","((0, 0), (1, 0), (2, 0), (3, 0), (4, 0), (5, 0), (5, -1), (4, -1), (3, -1), (3, -2))",1,1,2,10,,,goal,,False,205
"((0, 0), (1, 0), (2, 0), (3, 0), (4, 0), (5, 0), (5, -1), (4, -1), (3, -1), (3, -2), (3, -3))","((0, 0), (1, 0), (2, 0), (3, 0), (4, 0), (5, 0), (5, -1), (4, -1), (3, -1), (3, -2))",1,1,2,10,,,goal,,False,206
"((0, 0), (1, 0), (2, 0), (3, 0), (4, 0), (5, 0), (5, -1), (4, -1), (3, -1), (3, -2))","((0, 0), (1, 0), (2, 0), (3, 0), (4, 0), (5, 0), (5, -1), (4, -1), (3, -1))",1,1,2,9,3,1,expanded,False,,207
"((0, 0), (1, 0), (2, 0), (3, 0), (4, 0), (5, 0), (5, -1), (4, -1), (3, -1))","((0, 0), (1, 0), (2, 0), (3, 0), (4, 0), (5, 0), (5, -1), (4, -1))",1,1,2,8,2,0,expanded,False,,208
"((0, 0), (1, 0), (2, 0), (3, 0), (4, 0), (5, 0), (5, -1), (4, -1), (4, -2), (5, -2), (6, -2))","((0, 0), (1, 0), (2, 0), (3, 0), (4, 0), (5, 0), (5, -1), (4, -1), (4, -2), (5, -2))",1,1,2,10,,,goal,,False,209
"((0, 0), (1, 0), (2, 0), (3, 0), (4, 0), (5, 0), (5, -1), (4, -1), (4, -2), (5, -2), (5, -3))","((0, 0), (1, 0), (2, 0), (3, 0), (4, 0), (5, 0), (5, -1), (4, -1), (4, -2), (5, -2))",1,1,2,10,,,goal,,False,210
"((0, 0), (1, 0), (2, 0), (3, 0), (4, 0), (5, 0), (5, -1), (4, -1), (4, -2), (5, -2))","((0, 0), (1, 0), (2, 0), (3, 0), (4, 0), (5, 0), (5, -1), (4, -1), (4, -2))",1,1,2,9,2,0,expanded,False,,211
"((0, 0), (1, 0), (2, 0), (3, 0), (4, 0), (5, 0), (5, -1), (4, -1), (4, -2), (3, -2), (3, -1))","((0, 0), (1, 0), (2, 0), (3, 0), (4, 0), (5, 0), (5, -1), (4, -1), (4, -2), (3, -2))",1,0,1,10,,,pruned,,,212
"((0, 0), (1, 0), (2, 0), (3, 0), (4, 0), (5, 0), (5, -1), (4, -1), (4, -2), (3, -2), (2, -2))","((0, 0), (1, 0), (2, 0), (3, 0), (4, 0), (5, 0), (5, -1), (4, -1), (4, -2), (3, -2))",1,1,2,10,,,goal,,False,213
"((0, 0), (1, 0), (2, 0), (3, 0), (4, 0), (5, 0), (5, -1), (4, -1), (4, -2), (3, -2), (3, -3))","((0, 0), (1, 0), (2, 0), (3, 0), (4, 0), (5, 0), (5, -1), (4, -1), (4, -2), (3, -2))",1,1,2,10,,,goal,,False,214
"((0, 0), (1, 0), (2, 0), (3, 0), (4, 0), (5, 0), (5, -1), (4, -1), (4, -2), (3, -2))","((0, 0), (1, 0), (2, 0), (3, 0), (4, 0), (5, 0), (5, -1), (4, -1), (4, -2))",1,1,2,9,3,1,expanded,False,,215
"((0, 0), (1, 0), (2, 0), (3, 0), (4, 0), (5, 0), (5, -1), (4, -1), (4, -2), (4, -3), (5, -3))","((0, 0), (1, 0), (2, 0), (3, 0), (4, 0), (5, 0), (5, -1), (4, -1), (4, -2), (4, -3))",1,1,2,10,,,goal,,False,216
"((0, 0), (1, 0), (2, 0), (3, 0), (4, 0), (5, 0), (5, -1), (4, -1), (4, -2), (4, -3), (3, -3))","((0, 0), (1, 0), (2, 0), (3, 0), (4, 0), (5, 0), (5, -1), (4, -1), (4, -2), (4, -3))",1,1,2,10,,,goal,,False,217
"((0, 0), (1, 0), (2, 0), (3, 0), (4, 0), (5, 0), (5, -1), (4, -1), (4, -2), (4, -3), (4, -4))","((0, 0), (1, 0), (2, 0), (3, 0), (4, 0), (5, 0), (5, -1), (4, -1), (4, -2), (4, -3))",1,1,2,10,,,goal,,False,218
"((0, 0), (1, 0), (2, 0), (3, 0), (4, 0), (5, 0), (5, -1), (4, -1), (4, -2), (4, -3))","((0, 0), (1, 0), (2, 0), (3, 0), (4, 0), (5, 0), (5, -1), (4, -1), (4, -2))",1,1,2,9,3,0,expanded,False,,219
"((0, 0), (1, 0), (2, 0), (3, 0), (4, 0), (5, 0), (5, -1), (4, -1), (4, -2))","((0, 0), (1, 0), (2, 0), (3, 0), (4, 0), (5, 0), (5, -1), (4, -1))",1,1,2,8,3,0,expanded,False,,220
"((0, 0), (1, 0), (2, 0), (3, 0), (4, 0), (5, 0), (5, -1), (4, -1))","((0, 0), (1, 0), (2, 0), (3, 0), (4, 0), (5, 0), (5, -1))",1,2,3,7,2,0,expanded,False,,221
"((0, 0), (1, 0), (2, 0), (3, 0), (4, 0), (5, 0), (5, -1), (6, -1), (7, -1), (8, -1), (9, -1))","((0, 0), (1, 0), (2, 0), (3, 0), (4, 0), (5, 0), (5, -1), (6, -1), (7, -1), (8, -1))",0,2,2,10,,,goal,,False,222
"((0, 0), (1, 0), (2, 0), (3, 0), (4, 0), (5, 0), (5, -1), (6, -1), (7, -1), (8, -1), (8, 0))","((0, 0), (1, 0), (2, 0), (3, 0), (4, 0), (5, 0), (5, -1), (6, -1), (7, -1), (8, -1))",0,2,2,10,,,goal,,False,223
"((0, 0), (1, 0), (2, 0), (3, 0), (4, 0), (5, 0), (5, -1), (6, -1), (7, -1), (8, -1), (8, -2))","((0, 0), (1, 0), (2, 0), (3, 0), (4, 0), (5, 0), (5, -1), (6, -1), (7, -1), (8, -1))",0,2,2,10,,,goal,,False,224
"((0, 0), (1, 0), (2, 0), (3, 0), (4, 0), (5, 0), (5, -1), (6, -1), (7, -1), (8, -1))","((0, 0), (1, 0), (2, 0), (3, 0), (4, 0), (5, 0), (5, -1), (6, -1), (7, -1))",0,2,2,9,3,0,expanded,False,,225
"((0, 0), (1, 0), (2, 0), (3, 0), (4, 0), (5, 0), (5, -1), (6, -1), (7, -1), (7, 0), (6, 0))","((0, 0), (1, 0), (2, 0), (3, 0), (4, 0), (5, 0), (5, -1), (6, -1), (7, -1), (7, 0))",0,1,1,10,,,pruned,,,226
"((0, 0), (1, 0), (2, 0), (3, 0), (4, 0), (5, 0), (5, -1), (6, -1), (7, -1), (7, 0), (8, 0))","((0, 0), (1, 0), (2, 0), (3, 0), (4, 0), (5, 0), (5, -1), (6, -1), (7, -1), (7, 0))",0,2,2,10,,,goal,,False,227
"((0, 0), (1, 0), (2, 0), (3, 0), (4, 0), (5, 0), (5, -1), (6, -1), (7, -1), (7, 0), (7, 1))","((0, 0), (1, 0), (2, 0), (3, 0), (4, 0), (5, 0), (5, -1), (6, -1), (7, -1), (7, 0))",0,2,2,10,,,goal,,False,228
"((0, 0), (1, 0), (2, 0), (3, 0), (4, 0), (5, 0), (5, -1), (6, -1), (7, -1), (7, 0))","((0, 0), (1, 0), (2, 0), (3, 0), (4, 0), (5, 0), (5, -1), (6, -1), (7, -1))",0,2,2,9,3,1,expanded,False,,229
"((0, 0), (1, 0), (2, 0), (3, 0), (4, 0), (5, 0), (5, -1), (6, -1), (7, -1), (7, -2), (6, -2))","((0, 0), (1, 0), (2, 0), (3, 0), (4, 0), (5, 0), (5, -1), (6, -1), (7, -1), (7, -2))",0,1,1,10,,,pruned,,,230
"((0, 0), (1, 0), (2, 0), (3, 0), (4, 0), (5, 0), (5, -1), (6, -1), (7, -1), (7, -2), (8, -2))","((0, 0), (1, 0), (2, 0), (3, 0), (4, 0), (5, 0), (5, -1), (6, -1), (7, -1), (7, -2))",0,2,2,10,,,goal,,False,231
"((0, 0), (1, 0), (2, 0), (3, 0), (4, 0), (5, 0), (5, -1), (6, -1), (7, -1), (7, -2), (7, -3))","((0, 0), (1, 0), (2, 0), (3, 0), (4, 0), (5, 0), (5, -1), (6, -1), (7, -1), (7, -2))",0,2,2,10,,,goal,,False,232
"((0, 0), (1, 0), (2, 0), (3, 0), (4, 0), (5, 0), (5, -1), (6, -1), (7, -1), (7, -2))","((0, 0), (1, 0), (2, 0), (3, 0), (4, 0), (5, 0), (5, -1), (6, -1), (7, -1))",0,2,2,9,3,1,expanded,False,,233
"((0, 0), (1, 0), (2, 0), (3, 0), (4, 0), (5, 0), (5, -1), (6, -1), (7, -1))","((0, 0), (1, 0), (2, 0), (3, 0), (4, 0), (5, 0), (5, -1), (6, -1))",0,2,2,8,3,0,expanded,False,,234
"((0, 0), (1, 0), (2, 0), (3, 0), (4, 0), (5, 0), (5, -1), (6, -1), (6, 0), (7, 0), (7, -1))","((0, 0), (1, 0), (2, 0), (3, 0), (4, 0), (5, 0), (5, -1), (6, -1), (6, 0), (7, 0))",0,1,1,10,,,pruned,,,235
"((0, 0), (1, 0), (2, 0), (3, 0), (4, 0), (5, 0), (5, -1), (6, -1), (6, 0), (7, 0), (8, 0))","((0, 0), (1, 0), (2, 0), (3, 0), (4, 0), (5, 0), (5, -1), (6, -1), (6, 0), (7, 0))",0,2,2,10,,,goal,,False,236
"((0, 0), (1, 0), (2, 0), (3, 0), (4, 0), (5, 0), (5, -1), (6, -1), (6, 0), (7, 0), (7, 1))","((0, 0), (1, 0), (2, 0), (3, 0), (4, 0), (5, 0), (5, -1), (6, -1), (6, 0), (7, 0))",0,2,2,10,,,goal,,False,237
"((0, 0), (1, 0), (2, 0), (3, 0), (4, 0), (5, 0), (5, -1), (6, -1), (6, 0), (7, 0))","((0, 0), (1, 0), (2, 0), (3, 0), (4, 0), (5, 0), (5, -1), (6, -1), (6, 0))",0,2,2,9,3,1,expanded,False,,238
"((0, 0), (1, 0), (2, 0), (3, 0), (4, 0), (5, 0), (5, -1), (6, -1), (6, 0), (6, 1), (7, 1))","((0, 0), (1, 0), (2, 0), (3, 0), (4, 0), (5, 0), (5, -1), (6, -1), (6, 0), (6, 1))",0,2,2,10,,,goal,,False,239
"((0, 0), (1, 0), (2, 0), (3, 0), (4, 0), (5, 0), (5, -1), (6, -1), (6, 0), (6, 1), (5, 1))","((0, 0), (1, 0), (2, 0), (3, 0), (4, 0), (5, 0), (5, -1), (6, -1), (6, 0), (6, 1))",0,2,2,10,,,goal,,False,240
"((0, 0), (1, 0), (2, 0), (3, 0), (4, 0), (5, 0), (5, -1), (6, -1), (6, 0), (6, 1), (6, 2))","((0, 0), (1, 0), (2, 0), (3, 0), (4, 0), (5, 0), (5, -1), (6, -1), (6, 0), (6, 1))",0,2,2,10,,,goal,,False,241
"((0, 0), (1, 0), (2, 0), (3, 0), (4, 0), (5, 0), (5, -1), (6, -1), (6, 0), (6, 1))","((0, 0), (1, 0), (2, 0), (3, 0), (4, 0), (5, 0), (5, -1), (6, -1), (6, 0))",0,2,2,9,3,0,expanded,False,,242
"((0, 0), (1, 0), (2, 0), (3, 0), (4, 0), (5, 0), (5, -1), (6, -1), (6, 0))","((0, 0), (1, 0), (2, 0), (3, 0), (4, 0), (5, 0), (5, -1), (6, -1))",0,2,2,8,2,0,expanded,False,,243
"((0, 0), (1, 0), (2, 0), (3, 0), (4, 0), (5, 0), (5, -1), (6, -1), (6, -2), (5, -2), (4, -2))","((0, 0), (1, 0), (2, 0), (3, 0), (4, 0), (5, 0), (5, -1), (6, -1), (6, -2), (5, -2))",0,2,2,10,,,goal,,False,244
"((0, 0), (1, 0), (2, 0), (3, 0), (4, 0), (5, 0), (5, -1), (6, -1), (6, -2), (5, -2), (5, -3))","((0, 0), (1, 0), (2, 0), (3, 0), (4, 0), (5, 0), (5, -1), (6, -1), (6, -2), (5, -2))",0,2,2,10,,,goal,,False,245
"((0, 0), (1, 0), (2, 0), (3, 0), (4, 0), (5, 0), (5, -1), (6, -1), (6, -2), (5, -2))","((0, 0), (1, 0), (2, 0), (3, 0), (4, 0), (5, 0), (5, -1), (6, -1), (6, -2))",0,2,2,9,2,0,expanded,False,,246
"((0, 0), (1, 0), (2, 0), (3, 0), (4, 0), (5, 0), (5, -1), (6, -1), (6, -2), (7, -2), (7, -1))","((0, 0), (1, 0), (2, 0), (3, 0), (4, 0), (5, 0), (5, -1), (6, -1), (6, -2), (7, -2))",0,1,1,10,,,pruned,,,247
"((0, 0), (1, 0), (2, 0), (3, 0), (4, 0), (5, 0), (5, -1), (6, -1), (6, -2), (7, -2), (8, -2))","((0, 0), (1, 0), (2, 0), (3, 0), (4, 0), (5, 0), (5, -1), (6, -1), (6, -2), (7, -2))",0,2,2,10,,,goal,,False,248
"((0, 0), (1, 0), (2, 0), (3, 0), (4, 0), (5, 0), (5, -1), (6, -1), (6, -2), (7, -2), (7, -3))","((0, 0), (1, 0), (2, 0), (3, 0), (4, 0), (5, 0), (5, -1), (6, -1), (6, -2), (7, -2))",0,2,2,10,,,goal,,False,249
"((0, 0), (1, 0), (2, 0), (3, 0), (4, 0), (5, 0), (5, -1), (6, -1), (6, -2), (7, -2))","((0, 0), (1, 0), (2, 0), (3, 0), (4, 0), (5, 0), (5, -1), (6, -1), (6, -2))",0,2,2,9,3,1,expanded,False,,250
"((0, 0), (1, 0), (2, 0), (3, 0), (4, 0), (5, 0), (5, -1), (6, -1), (6, -2), (6, -3), (7, -3))","((0, 0), (1, 0), (2, 0), (3, 0), (4, 0), (5, 0), (5, -1), (6, -1), (6, -2), (6, -3))",0,2,2,10,,,goal,,False,251
"((0, 0), (1, 0), (2, 0), (3, 0), (4, 0), (5, 0), (5, -1), (6, -1), (6, -2), (6, -3), (5, -3))","((0, 0), (1, 0), (2, 0), (3, 0), (4, 0), (5, 0), (5, -1), (6, -1), (6, -2), (6, -3))",0,2,2,10,,,goal,,False,252
"((0, 0), (1, 0), (2, 0), (3, 0), (4, 0), (5, 0), (5, -1), (6, -1), (6, -2), (6, -3), (6, -4))","((0, 0), (1, 0), (2, 0), (3, 0), (4, 0), (5, 0), (5, -1), (6, -1), (6, -2), (6, -3))",0,2,2,10,,,goal,,False,253
"((0, 0), (1, 0), (2, 0), (3, 0), (4, 0), (5, 0), (5, -1), (6, -1), (6, -2), (6, -3))","((0, 0), (1, 0), (2, 0), (3, 0), (4, 0), (5, 0), (5, -1), (6, -1), (6, -2))",0,2,2,9,3,0,expanded,False,,254
"((0, 0), (1, 0), (2, 0), (3, 0), (4, 0), (5, 0), (5, -1), (6, -1), (6, -2))","((0, 0), (1, 0), (2, 0), (3, 0), (4, 0), (5, 0), (5, -1), (6, -1))",0,2,2,8,3,0,expanded,False,,255
"((0, 0), (1, 0), (2, 0), (3, 0), (4, 0), (5, 0), (5, -1), (6, -1))","((0, 0), (1, 0), (2, 0), (3, 0), (4, 0), (5, 0), (5, -1))",0,3,3,7,3,0,expanded,False,,256
"((0, 0), (1, 0), (2, 0), (3, 0), (4, 0), (5, 0), (5, -1), (5, -2), (6, -2), (6, -1), (7, -1))","((0, 0), (1, 0), (2, 0), (3, 0), (4, 0), (5, 0), (5, -1), (5, -2), (6, -2), (6, -1))",0,2,2,10,,,goal,,False,257
"((0, 0), (1, 0), (2, 0), (3, 0), (4, 0), (5, 0), (5, -1), (5, -2), (6, -2), (6, -1), (6, 0))","((0, 0), (1, 0), (2, 0), (3, 0), (4, 0), (5, 0), (5, -1), (5, -2), (6, -2), (6, -1))",0,2,2,10,,,goal,,False,258
"((0, 0), (1, 0), (2, 0), (3, 0), (4, 0), (5, 0), (5, -1), (5, -2), (6, -2), (6, -1))","((0, 0), (1, 0), (2, 0), (3, 0), (4, 0), (5, 0), (5, -1), (5, -2), (6, -2))",0,2,2,9,2,0,expanded,False,,259
"((0, 0), (1, 0), (2, 0), (3, 0), (4, 0), (5, 0), (5, -1), (5, -2), (6, -2), (7, -2), (8, -2))","((0, 0), (1, 0), (2, 0), (3, 0), (4, 0), (5, 0), (5, -1), (5, -2), (6, -2), (7, -2))",0,2,2,10,,,goal,,False,260
"((0, 0), (1, 0), (2, 0), (3, 0), (4, 0), (5, 0), (5, -1), (5, -2), (6, -2), (7, -2), (7, -1))","((0, 0), (1, 0), (2, 0), (3, 0), (4, 0), (5, 0), (5, -1), (5, -2), (6, -2), (7, -2))",0,2,2,10,,,goal,,False,261
"((0, 0), (1, 0), (2, 0), (3, 0), (4, 0), (5, 0), (5, -1), (5, -2), (6, -2), (7, -2), (7, -3))","((0, 0), (1, 0), (2, 0), (3, 0), (4, 0), (5, 0), (5, -1), (5, -2), (6, -2), (7, -2))",0,2,2,10,,,goal,,False,262
"((0, 0), (1, 0), (2, 0), (3, 0), (4, 0), (5, 0), (5, -1), (5, -2), (6, -2), (7, -2))","((0, 0), (1, 0), (2, 0), (3, 0), (4, 0), (5, 0), (5, -1), (5, -2), (6, -2))",0,2,2,9,3,0,expanded,False,,263
"((0, 0), (1, 0), (2, 0), (3, 0), (4, 0), (5, 0), (5, -1), (5, -2), (6, -2), (6, -3), (5, -3))","((0, 0), (1, 0), (2, 0), (3, 0), (4, 0), (5, 0), (5, -1), (5, -2), (6, -2), (6, -3))",0,1,1,10,,,pruned,,,264
"((0, 0), (1, 0), (2, 0), (3, 0), (4, 0), (5, 0), (5, -1), (5, -2), (6, -2), (6, -3), (7, -3))","((0, 0), (1, 0), (2, 0), (3, 0), (4, 0), (5, 0), (5, -1), (5, -2), (6, -2), (6, -3))",0,2,2,10,,,goal,,False,265
"((0, 0), (1, 0), (2, 0), (3, 0), (4, 0), (5, 0), (5, -1), (5, -2), (6, -2), (6, -3), (6, -4))","((0, 0), (1, 0), (2, 0), (3, 0), (4, 0), (5, 0), (5, -1), (5, -2), (6, -2), (6, -3))",0,2,2,10,,,goal,,False,266
"((0, 0), (1, 0), (2, 0), (3, 0), (4, 0), (5, 0), (5, -1), (5, -2), (6, -2), (6, -3))","((0, 0), (1, 0), (2, 0), (3, 0), (4, 0), (5, 0), (5, -1), (5, -2), (6, -2))",0,2,2,9,3,1,expanded,False,,267
"((0, 0), (1, 0), (2, 0), (3, 0), (4, 0), (5, 0), (5, -1), (5, -2), (6, -2))","((0, 0), (1, 0), (2, 0), (3, 0), (4, 0), (5, 0), (5, -1), (5, -2))",0,2,2,8,3,0,expanded,False,,268
"((0, 0), (1, 0), (2, 0), (3, 0), (4, 0), (5, 0), (5, -1), (5, -2), (4, -2), (4, -1), (3, -1))","((0, 0), (1, 0), (2, 0), (3, 0), (4, 0), (5, 0), (5, -1), (5, -2), (4, -2), (4, -1))",0,2,2,10,,,goal,,False,269
"((0, 0), (1, 0), (2, 0), (3, 0), (4, 0), (5, 0), (5, -1), (5, -2), (4, -2), (4, -1))","((0, 0), (1, 0), (2, 0), (3, 0), (4, 0), (5, 0), (5, -1), (5, -2), (4, -2))",0,2,2,9,1,0,expanded,False,,270
"((0, 0), (1, 0), (2, 0), (3, 0), (4, 0), (5, 0), (5, -1), (5, -2), (4, -2), (3, -2), (2, -2))","((0, 0), (1, 0), (2, 0), (3, 0), (4, 0), (5, 0), (5, -1), (5, -2), (4, -2), (3, -2))",0,2,2,10,,,goal,,False,271
"((0, 0), (1, 0), (2, 0), (3, 0), (4, 0), (5, 0), (5, -1), (5, -2), (4, -2), (3, -2), (3, -1))","((0, 0), (1, 0), (2, 0), (3, 0), (4, 0), (5, 0), (5, -1), (5, -2), (4, -2), (3, -2))",0,2,2,10,,,goal,,False,272
"((0, 0), (1, 0), (2, 0), (3, 0), (4, 0), (5, 0), (5, -1), (5, -2), (4, -2), (3, -2), (3, -3))","((0, 0), (1, 0), (2, 0), (3, 0), (4, 0), (5, 0), (5, -1), (5, -2), (4, -2), (3, -2))",0,2,2,10,,,goal,,False,273
"((0, 0), (1, 0), (2, 0), (3, 0), (4, 0), (5, 0), (5, -1), (5, -2), (4, -2), (3, -2))","((0, 0), (1, 0), (2, 0), (3, 0), (4, 0), (5, 0), (5, -1), (5, -2), (4, -2))",0,2,2,9,3,0,expanded,False,,274
"((0, 0), (1, 0), (2, 0), (3, 0), (4, 0), (5, 0), (5, -1), (5, -2), (4, -2), (4, -3), (5, -3))","((0, 0), (1, 0), (2, 0), (3, 0), (4, 0), (5, 0), (5, -1), (5, -2), (4, -2), (4, -3))",0,1,1,10,,,pruned,,,275
"((0, 0), (1, 0), (2, 0), (3, 0), (4, 0), (5, 0), (5, -1), (5, -2), (4, -2), (4, -3), (3, -3))","((0, 0), (1, 0), (2, 0), (3, 0), (4, 0), (5, 0), (5, -1), (5, -2), (4, -2), (4, -3))",0,2,2,10,,,goal,,False,276
"((0, 0), (1, 0), (2, 0), (3, 0), (4, 0), (5, 0), (5, -1), (5, -2), (4, -2), (4, -3), (4, -4))","((0, 0), (1, 0), (2, 0), (3, 0), (4, 0), (5, 0), (5, -1), (5, -2), (4, -2), (4, -3))",0,2,2,10,,,goal,,False,277
"((0, 0), (1, 0), (2, 0), (3, 0), (4, 0), (5, 0), (5, -1), (5, -2), (4, -2), (4, -3))","((0, 0), (1, 0), (2, 0), (3, 0), (4, 0), (5, 0), (5, -1), (5, -2), (4, -2))",0,2,2,9,3,1,expanded,False,,278
"((0, 0), (1, 0), (2, 0), (3, 0), (4, 0), (5, 0), (5, -1), (5, -2), (4, -2))","((0, 0), (1, 0), (2, 0), (3, 0), (4, 0), (5, 0), (5, -1), (5, -2))",0,2,2,8,3,0,expanded,False,,279
"((0, 0), (1, 0), (2, 0), (3, 0), (4, 0), (5, 0), (5, -1), (5, -2), (5, -3), (6, -3), (6, -2))","((0, 0), (1, 0), (2, 0), (3, 0), (4, 0), (5, 0), (5, -1), (5, -2), (5, -3), (6, -3))",0,1,1,10,,,pruned,,,280
"((0, 0), (1, 0), (2, 0), (3, 0), (4, 0), (5, 0), (5, -1), (5, -2), (5, -3), (6, -3), (7, -3))","((0, 0), (1, 0), (2, 0), (3, 0), (4, 0), (5, 0), (5, -1), (5, -2), (5, -3), (6, -3))",0,2,2,10,,,goal,,False,281
"((0, 0), (1, 0), (2, 0), (3, 0), (4, 0), (5, 0), (5, -1), (5, -2), (5, -3), (6, -3), (6, -4))","((0, 0), (1, 0), (2, 0), (3, 0), (4, 0), (5, 0), (5, -1), (5, -2), (5, -3), (6, -3))",0,2,2,10,,,goal,,False,282
"((0, 0), (1, 0), (2, 0), (3, 0), (4, 0), (5, 0), (5, -1), (5, -2), (5, -3), (6, -3))","((0, 0), (1, 0), (2, 0), (3, 0), (4, 0), (5, 0), (5, -1), (5, -2), (5, -3))",0,2,2,9,3,1,expanded,False,,283
"((0, 0), (1, 0), (2, 0), (3, 0), (4, 0), (5, 0), (5, -1), (5, -2), (5, -3), (4, -3), (4, -2))","((0, 0), (1, 0), (2, 0), (3, 0), (4, 0), (5, 0), (5, -1), (5, -2), (5, -3), (4, -3))",0,1,1,10,,,pruned,,,284
"((0, 0), (1, 0), (2, 0), (3, 0), (4, 0), (5, 0), (5, -1), (5, -2), (5, -3), (4, -3), (3, -3))","((0, 0), (1, 0), (2, 0), (3, 0), (4, 0), (5, 0), (5, -1), (5, -2), (5, -3), (4, -3))",0,2,2,10,,,goal,,False,285
"((0, 0), (1, 0), (2, 0), (3, 0), (4, 0), (5, 0), (5, -1), (5, -2), (5, -3), (4, -3), (4, -4))","((0, 0), (1, 0), (2, 0), (3, 0), (4, 0), (5, 0), (5, -1), (5, -2), (5, -3), (4, -3))",0,2,2,10,,,goal,,False,286
"((0, 0), (1, 0), (2, 0), (3, 0), (4, 0), (5, 0), (5, -1), (5, -2), (5, -3), (4, -3))","((0, 0), (1, 0), (2, 0), (3, 0), (4, 0), (5, 0), (5, -1), (5, -2), (5, -3))",0,2,2,9,3,1,expanded,False,,287
"((0, 0), (1, 0), (2, 0), (3, 0), (4, 0), (5, 0), (5, -1), (5, -2), (5, -3), (5, -4), (6, -4))","((0, 0), (1, 0), (2, 0), (3, 0), (4, 0), (5, 0), (5, -1), (5, -2), (5, -3), (5, -4))",0,2,2,10,,,goal,,False,288
"((0, 0), (1, 0), (2, 0), (3, 0), (4, 0), (5, 0), (5, -1), (5, -2), (5, -3), (5, -4), (4, -4))","((0, 0), (1, 0), (2, 0), (3, 0), (4, 0), (5, 0), (5, -1), (5, -2), (5, -3), (5, -4))",0,2,2,10,,,goal,,False,289
"((0, 0), (1, 0), (2, 0), (3, 0), (4, 0), (5, 0), (5, -1), (5, -2), (5, -3), (5, -4), (5, -5))","((0, 0), (1, 0), (2, 0), (3, 0), (4, 0), (5, 0), (5, -1), (5, -2), (5, -3), (5, -4))",0,2,2,10,,,goal,,False,290
"((0, 0), (1, 0), (2, 0), (3, 0), (4, 0), (5, 0), (5, -1), (5, -2), (5, -3), (5, -4))","((0, 0), (1, 0), (2, 0), (3, 0), (4, 0), (5, 0), (5, -1), (5, -2), (5, -3))",0,2,2,9,3,0,expanded,False,,291
"((0, 0), (1, 0), (2, 0), (3, 0), (4, 0), (5, 0), (5, -1), (5, -2), (5, -3))","((0, 0), (1, 0), (2, 0), (3, 0), (4, 0), (5, 0), (5, -1), (5, -2))",0,2,2,8,3,0,expanded,False,,292
"((0, 0), (1, 0), (2, 0), (3, 0), (4, 0), (5, 0), (5, -1), (5, -2))","((0, 0), (1, 0), (2, 0), (3, 0), (4, 0), (5, 0), (5, -1))",0,3,3,7,3,0,expanded,False,,293
"((0, 0), (1, 0), (2, 0), (3, 0), (4, 0), (5, 0), (5, -1))","((0, 0), (1, 0), (2, 0), (3, 0), (4, 0), (5, 0))",0,2,2,6,3,0,expanded,False,,294
"((0, 0), (1, 0), (2, 0), (3, 0), (4, 0), (5, 0))","((0, 0), (1, 0), (2, 0), (3, 0), (4, 0))",0,2,2,5,3,0,expanded,False,,295
"((0, 0), (1, 0), (2, 0), (3, 0), (4, 0), (4, 1), (5, 1), (5, 0), (6, 0), (6, 1), (7, 1))","((0, 0), (1, 0), (2, 0), (3, 0), (4, 0), (4, 1), (5, 1), (5, 0), (6, 0), (6, 1))",1,1,2,10,,,goal,,False,296
"((0, 0), (1, 0), (2, 0), (3, 0), (4, 0), (4, 1), (5, 1), (5, 0), (6, 0), (6, 1), (6, 2))","((0, 0), (1, 0), (2, 0), (3, 0), (4, 0), (4, 1), (5, 1), (5, 0), (6, 0), (6, 1))",1,1,2,10,,,goal,,False,297
"((0, 0), (1, 0), (2, 0), (3, 0), (4, 0), (4, 1), (5, 1), (5, 0), (6, 0), (6, 1))","((0, 0), (1, 0), (2, 0), (3, 0), (4, 0), (4, 1), (5, 1), (5, 0), (6, 0))",1,1,2,9,2,0,expanded,False,,298
"((0, 0), (1, 0), (2, 0), (3, 0), (4, 0), (4, 1), (5, 1), (5, 0), (6, 0), (7, 0), (8, 0))","((0, 0), (1, 0), (2, 0), (3, 0), (4, 0), (4, 1), (5, 1), (5, 0), (6, 0), (7, 0))",1,1,2,10,,,goal,,False,299
"((0, 0), (1, 0), (2, 0), (3, 0), (4, 0), (4, 1), (5, 1), (5, 0), (6, 0), (7, 0), (7, 1))","((0, 0), (1, 0), (2, 0), (3, 0), (4, 0), (4, 1), (5, 1), (5, 0), (6, 0), (7, 0))",1,1,2,10,,,goal,,False,300
"((0, 0), (1, 0), (2, 0), (3, 0), (4, 0), (4, 1), (5, 1), (5, 0), (6, 0), (7, 0), (7, -1))","((0, 0), (1, 0), (2, 0), (3, 0), (4, 0), (4, 1), (5, 1), (5, 0), (6, 0), (7, 0))",1,1,2,10,,,goal,,False,301
"((0, 0), (1, 0), (2, 0), (3, 0), (4, 0), (4, 1), (5, 1), (5, 0), (6, 0), (7, 0))","((0, 0), (1, 0), (2, 0), (3, 0), (4, 0), (4, 1), (5, 1), (5, 0), (6, 0))",1,1,2,9,3,0,expanded,False,,302
"((0, 0), (1, 0), (2, 0), (3, 0), (4, 0), (4, 1), (5, 1), (5, 0), (6, 0), (6, -1), (5, -1))","((0, 0), (1, 0), (2, 0), (3, 0), (4, 0), (4, 1), (5, 1), (5, 0), (6, 0), (6, -1))",1,0,1,10,,,pruned,,,303
"((0, 0), (1, 0), (2, 0), (3, 0), (4, 0), (4, 1), (5, 1), (5, 0), (6, 0), (6, -1), (7, -1))","((0, 0), (1, 0), (2, 0), (3, 0), (4, 0), (4, 1), (5, 1), (5, 0), (6, 0), (6, -1))",1,1,2,10,,,goal,,False,304
"((0, 0), (1, 0), (2, 0), (3, 0), (4, 0), (4, 1), (5, 1), (5, 0), (6, 0), (6, -1), (6, -2))","((0, 0), (1, 0), (2, 0), (3, 0), (4, 0), (4, 1), (5, 1), (5, 0), (6, 0), (6, -1))",1,1,2,10,,,goal,,False,305
"((0, 0), (1, 0), (2, 0), (3, 0), (4, 0), (4, 1), (5, 1), (5, 0), (6, 0), (6, -1))","((0, 0), (1, 0), (2, 0), (3, 0), (4, 0), (4, 1), (5, 1), (5, 0), (6, 0))",1,1,2,9,3,1,expanded,False,,306
"((0, 0), (1, 0), (2, 0), (3, 0), (4, 0), (4, 1), (5, 1), (5, 0), (6, 0))","((0, 0), (1, 0), (2, 0), (3, 0), (4, 0), (4, 1), (5, 1), (5, 0))",1,1,2,8,3,0,expanded,False,,307
"((0, 0), (1, 0), (2, 0), (3, 0), (4, 0), (4, 1), (5, 1), (5, 0), (5, -1), (4, -1), (3, -1))","((0, 0), (1, 0), (2, 0), (3, 0), (4, 0), (4, 1), (5, 1), (5, 0), (5, -1), (4, -1))",1,1,2,10,,,goal,,False,308
"((0, 0), (1, 0), (2, 0), (3, 0), (4, 0), (4, 1), (5, 1), (5, 0), (5, -1), (4, -1), (4, -2))","((0, 0), (1, 0), (2, 0), (3, 0), (4, 0), (4, 1), (5, 1), (5, 0), (5, -1), (4, -1))",1,1,2,10,,,goal,,False,309
"((0, 0), (1, 0), (2, 0), (3, 0), (4, 0), (4, 1), (5, 1), (5, 0), (5, -1), (4, -1))","((0, 0), (1, 0), (2, 0), (3, 0), (4, 0), (4, 1), (5, 1), (5, 0), (5, -1))",1,1,2,9,2,0,expanded,False,,310
"((0, 0), (1, 0), (2, 0), (3, 0), (4, 0), (4, 1), (5, 1), (5, 0), (5, -1), (6, -1), (6, 0))","((0, 0), (1, 0), (2, 0), (3, 0), (4, 0), (4, 1), (5, 1), (5, 0), (5, -1), (6, -1))",1,0,1,10,,,pruned,,,311
"((0, 0), (1, 0), (2, 0), (3, 0), (4, 0), (4, 1), (5, 1), (5, 0), (5, -1), (6, -1), (7, -1))","((0, 0), (1, 0), (2, 0), (3, 0), (4, 0), (4, 1), (5, 1), (5, 0), (5, -1), (6, -1))",1,1,2,10,,,goal,,False,312
"((0, 0), (1, 0), (2, 0), (3, 0), (4, 0), (4, 1), (5, 1), (5, 0), (5, -1), (6, -1), (6, -2))","((0, 0), (1, 0), (2, 0), (3, 0), (4, 0), (4, 1), (5, 1), (5, 0), (5, -1), (6, -1))",1,1,2,10,,,goal,,False,313
"((0, 0), (1, 0), (2, 0), (3, 0), (4, 0), (4, 1), (5, 1), (5, 0), (5, -1), (6, -1))","((0, 0), (1, 0), (2, 0), (3, 0), (4, 0), (4, 1), (5, 1), (5, 0), (5, -1))",1,1,2,9,3,1,expanded,False,,314
"((0, 0), (1, 0), (2, 0), (3, 0), (4, 0), (4, 1), (5, 1), (5, 0), (5, -1), (5, -2), (6, -2))","((0, 0), (1, 0), (2, 0), (3, 0), (4, 0), (4, 1), (5, 1), (5, 0), (5, -1), (5, -2))",1,1,2,10,,,goal,,False,315
"((0, 0), (1, 0), (2, 0), (3, 0), (4, 0), (4, 1), (5, 1), (5, 0), (5, -1), (5, -2), (4, -2))","((0, 0), (1, 0), (2, 0), (3, 0), (4, 0), (4, 1), (5, 1), (5, 0), (5, -1), (5, -2))",1,1,2,10,,,goal,,False,316
"((0, 0), (1, 0), (2, 0), (3, 0), (4, 0), (4, 1), (5, 1), (5, 0), (5, -1), (5, -2), (5, -3))","((0, 0), (1, 0), (2, 0), (3, 0), (4, 0), (4, 1), (5, 1), (5, 0), (5, -1), (5, -2))",1,1,2,10,,,goal,,False,317
"((0, 0), (1, 0), (2, 0), (3, 0), (4, 0), (4, 1), (5, 1), (5, 0), (5, -1), (5, -2))","((0, 0), (1, 0), (2, 0), (3, 0), (4, 0), (4, 1), (5, 1), (5, 0), (5, -1))",1,1,2,9,3,0,expanded,False,,318
"((0, 0), (1, 0), (2, 0), (3, 0), (4, 0), (4, 1), (5, 1), (5, 0), (5, -1))","((0, 0), (1, 0), (2, 0), (3, 0), (4, 0), (4, 1), (5, 1), (5, 0))",1,1,2,8,3,0,expanded,False,,319
"((0, 0), (1, 0), (2, 0), (3, 0), (4, 0), (4, 1), (5, 1), (5, 0))","((0, 0), (1, 0), (2, 0), (3, 0), (4, 0), (4, 1), (5, 1))",1,2,3,7,2,0,expanded,False,,320
"((0, 0), (1, 0), (2, 0), (3, 0), (4, 0), (4, 1), (5, 1), (6, 1), (7, 1), (8, 1), (9, 1))","((0, 0), (1, 0), (2, 0), (3, 0), (4, 0), (4, 1), (5, 1), (6, 1), (7, 1), (8, 1))",0,2,2,10,,,goal,,False,321
"((0, 0), (1, 0), (2, 0), (3, 0), (4, 0), (4, 1), (5, 1), (6, 1), (7, 1), (8, 1), (8, 2))","((0, 0), (1, 0), (2, 0), (3, 0), (4, 0), (4, 1), (5, 1), (6, 1), (7, 1), (8, 1))",0,2,2,10,,,goal,,False,322
"((0, 0), (1, 0), (2, 0), (3, 0), (4, 0), (4, 1), (5, 1), (6, 1), (7, 1), (8, 1), (8, 0))","((0, 0), (1, 0), (2, 0), (3, 0), (4, 0), (4, 1), (5, 1), (6, 1), (7, 1), (8, 1))",0,2,2,10,,,goal,,False,323
"((0, 0), (1, 0), (2, 0), (3, 0), (4, 0), (4, 1), (5, 1), (6, 1), (7, 1), (8, 1))","((0, 0), (1, 0), (2, 0), (3, 0), (4, 0), (4, 1), (5, 1), (6, 1), (7, 1))",0,2,2,9,3,0,expanded,False,,324
"((0, 0), (1, 0), (2, 0), (3, 0), (4, 0), (4, 1), (5, 1), (6, 1), (7, 1), (7, 2), (6, 2))","((0, 0), (1, 0), (2, 0), (3, 0), (4, 0), (4, 1), (5, 1), (6, 1), (7, 1), (7, 2))",0,1,1,10,,,pruned,,,325
"((0, 0), (1, 0), (2, 0), (3, 0), (4, 0), (4, 1), (5, 1), (6, 1), (7, 1), (7, 2), (8, 2))","((0, 0), (1, 0), (2, 0), (3, 0), (4, 0), (4, 1), (5, 1), (6, 1), (7, 1), (7, 2))",0,2,2,10,,,goal,,False,326
"((0, 0), (1, 0), (2, 0), (3, 0), (4, 0), (4, 1), (5, 1), (6, 1), (7, 1), (7, 2), (7, 3))","((0, 0), (1, 0), (2, 0), (3, 0), (4, 0), (4, 1), (5, 1), (6, 1), (7, 1), (7, 2))",0,2,2,10,,,goal,,False,327
"((0, 0), (1, 0), (2, 0), (3, 0), (4, 0), (4, 1), (5, 1), (6, 1), (7, 1), (7, 2))","((0, 0), (1, 0), (2, 0), (3, 0), (4, 0), (4, 1), (5, 1), (6, 1), (7, 1))",0,2,2,9,3,1,expanded,False,,328
"((0, 0), (1, 0), (2, 0), (3, 0), (4, 0), (4, 1), (5, 1), (6, 1), (7, 1), (7, 0), (6, 0))","((0, 0), (1, 0), (2, 0), (3, 0), (4, 0), (4, 1), (5, 1), (6, 1), (7, 1), (7, 0))",0,1,1,10,,,pruned,,,329
"((0, 0), (1, 0), (2, 0), (3, 0), (4, 0), (4, 1), (5, 1), (6, 1), (7, 1), (7, 0), (8, 0))","((0, 0), (1, 0), (2, 0), (3, 0), (4, 0), (4, 1), (5, 1), (6, 1), (7, 1), (7, 0))",0,2,2,10,,,goal,,False,330
"((0, 0), (1, 0), (2, 0), (3, 0), (4, 0), (4, 1), (5, 1), (6, 1), (7, 1), (7, 0), (7, -1))","((0, 0), (1, 0), (2, 0), (3, 0), (4, 0), (4, 1), (5, 1), (6, 1), (7, 1), (7, 0))",0,2,2,10,,,goal,,False,331
"((0, 0), (1, 0), (2, 0), (3, 0), (4, 0), (4, 1), (5, 1), (6, 1), (7, 1), (7, 0))","((0, 0), (1, 0), (2, 0), (3, 0), (4, 0), (4, 1), (5, 1), (6, 1), (7, 1))",0,2,2,9,3,1,expanded,False,,332
"((0, 0), (1, 0), (2, 0), (3, 0), (4, 0), (4, 1), (5, 1), (6, 1), (7, 1))","((0, 0), (1, 0), (2, 0), (3, 0), (4, 0), (4, 1), (5, 1), (6, 1))",0,2,2,8,3,0,expanded,False,,333
"((0, 0), (1, 0), (2, 0), (3, 0), (4, 0), (4, 1), (5, 1), (6, 1), (6, 2), (5, 2), (4, 2))","((0, 0), (1, 0), (2, 0), (3, 0), (4, 0), (4, 1), (5, 1), (6, 1), (6, 2), (5, 2))",0,2,2,10,,,goal,,False,334
"((0, 0), (1, 0), (2, 0), (3, 0), (4, 0), (4, 1), (5, 1), (6, 1), (6, 2), (5, 2), (5, 3))","((0, 0), (1, 0), (2, 0), (3, 0), (4, 0), (4, 1), (5, 1), (6, 1), (6, 2), (5, 2))",0,2,2,10,,,goal,,False,335
"((0, 0), (1, 0), (2, 0), (3, 0), (4, 0), (4, 1), (5, 1), (6, 1), (6, 2), (5, 2))","((0, 0), (1, 0), (2, 0), (3, 0), (4, 0), (4, 1), (5, 1), (6, 1), (6, 2))",0,2,2,9,2,0,expanded,False,,336
"((0, 0), (1, 0), (2, 0), (3, 0), (4, 0), (4, 1), (5, 1), (6, 1), (6, 2), (7, 2), (7, 1))","((0, 0), (1, 0), (2, 0), (3, 0), (4, 0), (4, 1), (5, 1), (6, 1), (6, 2), (7, 2))",0,1,1,10,,,pruned,,,337
"((0, 0), (1, 0), (2, 0), (3, 0), (4, 0), (4, 1), (5, 1), (6, 1), (6, 2), (7, 2), (8, 2))","((0, 0), (1, 0), (2, 0), (3, 0), (4, 0), (4, 1), (5, 1), (6, 1), (6, 2), (7, 2))",0,2,2,10,,,goal,,False,338
"((0, 0), (1, 0), (2, 0), (3, 0), (4, 0), (4, 1), (5, 1), (6, 1), (6, 2), (7, 2), (7, 3))","((0, 0), (1, 0), (2, 0), (3, 0), (4, 0), (4, 1), (5, 1), (6, 1), (6, 2), (7, 2))",0,2,2,10,,,goal,,False,339
"((0, 0), (1, 0), (2, 0), (3, 0), (4, 0), (4, 1), (5, 1), (6, 1), (6, 2), (7, 2))","((0, 0), (1, 0), (2, 0), (3, 0), (4, 0), (4, 1), (5, 1), (6, 1), (6, 2))",0,2,2,9,3,1,expanded,False,,340
"((0, 0), (1, 0), (2, 0), (3, 0), (4, 0), (4, 1), (5, 1), (6, 1), (6, 2), (6, 3), (7, 3))","((0, 0), (1, 0), (2, 0), (3, 0), (4, 0), (4, 1), (5, 1), (6, 1), (6, 2), (6, 3))",0,2,2,10,,,goal,,False,341
"((0, 0), (1, 0), (2, 0), (3, 0), (4, 0), (4, 1), (5, 1), (6, 1), (6, 2), (6, 3), (5, 3))","((0, 0), (1, 0), (2, 0), (3, 0), (4, 0), (4, 1), (5, 1), (6, 1), (6, 2), (6, 3))",0,2,2,10,,,goal,,False,342
"((0, 0), (1, 0), (2, 0), (3, 0), (4, 0), (4, 1), (5, 1), (6, 1), (6, 2), (6, 3), (6, 4))","((0, 0), (1, 0), (2, 0), (3, 0), (4, 0), (4, 1), (5, 1), (6, 1), (6, 2), (6, 3))",0,2,2,10,,,goal,,False,343
"((0, 0), (1, 0), (2, 0), (3, 0), (4, 0), (4, 1), (5, 1), (6, 1), (6, 2), (6, 3))","((0, 0), (1, 0), (2, 0), (3, 0), (4, 0), (4, 1), (5, 1), (6, 1), (6, 2))",0,2,2,9,3,0,expanded,False,,344
"((0, 0), (1, 0), (2, 0), (3, 0), (4, 0), (4, 1), (5, 1), (6, 1), (6, 2))","((0, 0), (1, 0), (2, 0), (3, 0), (4, 0), (4, 1), (5, 1), (6, 1))",0,2,2,8,3,0,expanded,False,,345
"((0, 0), (1, 0), (2, 0), (3, 0), (4, 0), (4, 1), (5, 1), (6, 1), (6, 0), (5, 0), (5, -1))","((0, 0), (1, 0), (2, 0), (3, 0), (4, 0), (4, 1), (5, 1), (6, 1), (6, 0), (5, 0))",0,2,2,10,,,goal,,False,346
"((0, 0), (1, 0), (2, 0), (3, 0), (4, 0), (4, 1), (5, 1), (6, 1), (6, 0), (5, 0))","((0, 0), (1, 0), (2, 0), (3, 0), (4, 0), (4, 1), (5, 1), (6, 1), (6, 0))",0,2,2,9,1,0,expanded,False,,347
"((0, 0), (1, 0), (2, 0), (3, 0), (4, 0), (4, 1), (5, 1), (6, 1), (6, 0), (7, 0), (7, 1))","((0, 0), (1, 0), (2, 0), (3, 0), (4, 0), (4, 1), (5, 1), (6, 1), (6, 0), (7, 0))",0,1,1,10,,,pruned,,,348
"((0, 0), (1, 0), (2, 0), (3, 0), (4, 0), (4, 1), (5, 1), (6, 1), (6, 0), (7, 0), (8, 0))","((0, 0), (1, 0), (2, 0), (3, 0), (4, 0), (4, 1), (5, 1), (6, 1), (6, 0), (7, 0))",0,2,2,10,,,goal,,False,349
"((0, 0), (1, 0), (2, 0), (3, 0), (4, 0), (4, 1), (5, 1), (6, 1), (6, 0), (7, 0), (7, -1))","((0, 0), (1, 0), (2, 0), (3, 0), (4, 0), (4, 1), (5, 1), (6, 1), (6, 0), (7, 0))",0,2,2,10,,,goal,,False,350
"((0, 0), (1, 0), (2, 0), (3, 0), (4, 0), (4, 1), (5, 1), (6, 1), (6, 0), (7, 0))","((0, 0), (1, 0), (2, 0), (3, 0), (4, 0), (4, 1), (5, 1), (6, 1), (6, 0))",0,2,2,9,3,1,expanded,False,,351
"((0, 0), (1, 0), (2, 0), (3, 0), (4, 0), (4, 1), (5, 1), (6, 1), (6, 0), (6, -1), (7, -1))","((0, 0), (1, 0), (2, 0), (3, 0), (4, 0), (4, 1), (5, 1), (6, 1), (6, 0), (6, -1))",0,2,2,10,,,goal,,False,352
"((0, 0), (1, 0), (2, 0), (3, 0), (4, 0), (4, 1), (5, 1), (6, 1), (6, 0), (6, -1), (5, -1))","((0, 0), (1, 0), (2, 0), (3, 0), (4, 0), (4, 1), (5, 1), (6, 1), (6, 0), (6, -1))",0,2,2,10,,,goal,,False,353
"((0, 0), (1, 0), (2, 0), (3, 0), (4, 0), (4, 1), (5, 1), (6, 1), (6, 0), (6, -1), (6, -2))","((0, 0), (1, 0), (2, 0), (3, 0), (4, 0), (4, 1), (5, 1), (6, 1), (6, 0), (6, -1))",0,2,2,10,,,goal,,False,354
"((0, 0), (1, 0), (2, 0), (3, 0), (4, 0), (4, 1), (5, 1), (6, 1), (6, 0), (6, -1))","((0, 0), (1, 0), (2, 0), (3, 0), (4, 0), (4, 1), (5, 1), (6, 1), (6, 0))",0,2,2,9,3,0,expanded,False,,355
"((0, 0), (1, 0), (2, 0), (3, 0), (4, 0), (4, 1), (5, 1), (6, 1), (6, 0))","((0, 0), (1, 0), (2, 0), (3, 0), (4, 0), (4, 1), (5, 1), (6, 1))",0,2,2,8,3,0,expanded,False,,356
"((0, 0), (1, 0), (2, 0), (3, 0), (4, 0), (4, 1), (5, 1), (6, 1))","((0, 0), (1, 0), (2, 0), (3, 0), (4, 0), (4, 1), (5, 1))",0,3,3,7,3,0,expanded,False,,357
"((0, 0), (1, 0), (2, 0), (3, 0), (4, 0), (4, 1), (5, 1), (5, 2), (6, 2), (6, 1), (7, 1))","((0, 0), (1, 0), (2, 0), (3, 0), (4, 0), (4, 1), (5, 1), (5, 2), (6, 2), (6, 1))",0,2,2,10,,,goal,,False,358
"((0, 0), (1, 0), (2, 0), (3, 0), (4, 0), (4, 1), (5, 1), (5, 2), (6, 2), (6, 1), (6, 0))","((0, 0), (1, 0), (2, 0), (3, 0), (4, 0), (4, 1), (5, 1), (5, 2), (6, 2), (6, 1))",0,2,2,10,,,goal,,False,359
"((0, 0), (1, 0), (2, 0), (3, 0), (4, 0), (4, 1), (5, 1), (5, 2), (6, 2), (6, 1))","((0, 0), (1, 0), (2, 0), (3, 0), (4, 0), (4, 1), (5, 1), (5, 2), (6, 2))",0,2,2,9,2,0,expanded,False,,360
"((0, 0), (1, 0), (2, 0), (3, 0), (4, 0), (4, 1), (5, 1), (5, 2), (6, 2), (7, 2), (8, 2))","((0, 0), (1, 0), (2, 0), (3, 0), (4, 0), (4, 1), (5, 1), (5, 2), (6, 2), (7, 2))",0,2,2,10,,,goal,,False,361
"((0, 0), (1, 0), (2, 0), (3, 0), (4, 0), (4, 1), (5, 1), (5, 2), (6, 2), (7, 2), (7, 3))","((0, 0), (1, 0), (2, 0), (3, 0), (4, 0), (4, 1), (5, 1), (5, 2), (6, 2), (7, 2))",0,2,2,10,,,goal,,False,362
"((0, 0), (1, 0), (2, 0), (3, 0), (4, 0), (4, 1), (5, 1), (5, 2), (6, 2), (7, 2), (7, 1))","((0, 0), (1, 0), (2, 0), (3, 0), (4, 0), (4, 1), (5, 1), (5, 2), (6, 2), (7, 2))",0,2,2,10,,,goal,,False,363
"((0, 0), (1, 0), (2, 0), (3, 0), (4, 0), (4, 1), (5, 1), (5, 2), (6, 2), (7, 2))","((0, 0), (1, 0), (2, 0), (3, 0), (4, 0), (4, 1), (5, 1), (5, 2), (6, 2))",0,2,2,9,3,0,expanded,False,,364
"((0, 0), (1, 0), (2, 0), (3, 0), (4, 0), (4, 1), (5, 1), (5, 2), (6, 2), (6, 3), (5, 3))","((0, 0), (1, 0), (2, 0), (3, 0), (4, 0), (4, 1), (5, 1), (5, 2), (6, 2), (6, 3))",0,1,1,10,,,pruned,,,365
"((0, 0), (1, 0), (2, 0), (3, 0), (4, 0), (4, 1), (5, 1), (5, 2), (6, 2), (6, 3), (7, 3))","((0, 0), (1, 0), (2, 0), (3, 0), (4, 0), (4, 1), (5, 1), (5, 2), (6, 2), (6, 3))",0,2,2,10,,,goal,,False,366
"((0, 0), (1, 0), (2, 0), (3, 0), (4, 0), (4, 1), (5, 1), (5, 2), (6, 2), (6, 3), (6, 4))","((0, 0), (1, 0), (2, 0), (3, 0), (4, 0), (4, 1), (5, 1), (5, 2), (6, 2), (6, 3))",0,2,2,10,,,goal,,False,367
"((0, 0), (1, 0), (2, 0), (3, 0), (4, 0), (4, 1), (5, 1), (5, 2), (6, 2), (6, 3))","((0, 0), (1, 0), (2, 0), (3, 0), (4, 0), (4, 1), (5, 1), (5, 2), (6, 2))",0,2,2,9,3,1,expanded,False,,368
"((0, 0), (1, 0), (2, 0), (3, 0), (4, 0), (4, 1), (5, 1), (5, 2), (6, 2))","((0, 0), (1, 0), (2, 0), (3, 0), (4, 0), (4, 1), (5, 1), (5, 2))",0,2,2,8,3,0,expanded,False,,369
"((0, 0), (1, 0), (2, 0), (3, 0), (4, 0), (4, 1), (5, 1), (5, 2), (4, 2), (3, 2), (2, 2))","((0, 0), (1, 0), (2, 0), (3, 0), (4, 0), (4, 1), (5, 1), (5, 2), (4, 2), (3, 2))",0,2,2,10,,,goal,,False,370
"((0, 0), (1, 0), (2, 0), (3, 0), (4, 0), (4, 1), (5, 1), (5, 2), (4, 2), (3, 2), (3, 3))","((0, 0), (1, 0), (2, 0), (3, 0), (4, 0), (4, 1), (5, 1), (5, 2), (4, 2), (3, 2))",0,2,2,10,,,goal,,False,371
"((0, 0), (1, 0), (2, 0), (3, 0), (4, 0), (4, 1), (5, 1), (5, 2), (4, 2), (3, 2), (3, 1))","((0, 0), (1, 0), (2, 0), (3, 0), (4, 0), (4, 1), (5, 1), (5, 2), (4, 2), (3, 2))",0,2,2,10,,,goal,,False,372
"((0, 0), (1, 0), (2, 0), (3, 0), (4, 0), (4, 1), (5, 1), (5, 2), (4, 2), (3, 2))","((0, 0), (1, 0), (2, 0), (3, 0), (4, 0), (4, 1), (5, 1), (5, 2), (4, 2))",0,2,2,9,3,0,expanded,False,,373
"((0, 0), (1, 0), (2, 0), (3, 0), (4, 0), (4, 1), (5, 1), (5, 2), (4, 2), (4, 3), (5, 3))","((0, 0), (1, 0), (2, 0), (3, 0), (4, 0), (4, 1), (5, 1), (5, 2), (4, 2), (4, 3))",0,1,1,10,,,pruned,,,374
"((0, 0), (1, 0), (2, 0), (3, 0), (4, 0), (4, 1), (5, 1), (5, 2), (4, 2), (4, 3), (3, 3))","((0, 0), (1, 0), (2, 0), (3, 0), (4, 0), (4, 1), (5, 1), (5, 2), (4, 2), (4, 3))",0,2,2,10,,,goal,,False,375
"((0, 0), (1, 0), (2, 0), (3, 0), (4, 0), (4, 1), (5, 1), (5, 2), (4, 2), (4, 3), (4, 4))","((0, 0), (1, 0), (2, 0), (3, 0), (4, 0), (4, 1), (5, 1), (5, 2), (4, 2), (4, 3))",0,2,2,10,,,goal,,False,376
"((0, 0), (1, 0), (2, 0), (3, 0), (4, 0), (4, 1), (5, 1), (5, 2), (4, 2), (4, 3))","((0, 0), (1, 0), (2, 0), (3, 0), (4, 0), (4, 1), (5, 1), (5, 2), (4, 2))",0,2,2,9,3,1,expanded,False,,377
"((0, 0), (1, 0), (2, 0), (3, 0), (4, 0), (4, 1), (5, 1), (5, 2), (4, 2))","((0, 0), (1, 0), (2, 0), (3, 0), (4, 0), (4, 1), (5, 1), (5, 2))",0,2,2,8,2,0,expanded,False,,378
"((0, 0), (1, 0), (2, 0), (3, 0), (4, 0), (4, 1), (5, 1), (5, 2), (5, 3), (6, 3), (6, 2))","((0, 0), (1, 0), (2, 0), (3, 0), (4, 0), (4, 1), (5, 1), (5, 2), (5, 3), (6, 3))",0,1,1,10,,,pruned,,,379
"((0, 0), (1, 0), (2, 0), (3, 0), (4, 0), (4, 1), (5, 1), (5, 2), (5, 3), (6, 3), (7, 3))","((0, 0), (1, 0), (2, 0), (3, 0), (4, 0), (4, 1), (5, 1), (5, 2), (5, 3), (6, 3))",0,2,2,10,,,goal,,False,380
"((0, 0), (1, 0), (2, 0), (3, 0), (4, 0), (4, 1), (5, 1), (5, 2), (5, 3), (6, 3), (6, 4))","((0, 0), (1, 0), (2, 0), (3, 0), (4, 0), (4, 1), (5, 1), (5, 2), (5, 3), (6, 3))",0,2,2,10,,,goal,,False,381
"((0, 0), (1, 0), (2, 0), (3, 0), (4, 0), (4, 1), (5, 1), (5, 2), (5, 3), (6, 3))","((0, 0), (1, 0), (2, 0), (3, 0), (4, 0), (4, 1), (5, 1), (5, 2), (5, 3))",0,2,2,9,3,1,expanded,False,,382
"((0, 0), (1, 0), (2, 0), (3, 0), (4, 0), (4, 1), (5, 1), (5, 2), (5, 3), (4, 3), (4, 2))","((0, 0), (1, 0), (2, 0), (3, 0), (4, 0), (4, 1), (5, 1), (5, 2), (5, 3), (4, 3))",0,1,1,10,,,pruned,,,383
"((0, 0), (1, 0), (2, 0), (3, 0), (4, 0), (4, 1), (5, 1), (5, 2), (5, 3), (4, 3), (3, 3))","((0, 0), (1, 0), (2, 0), (3, 0), (4, 0), (4, 1), (5, 1), (5, 2), (5, 3), (4, 3))",0,2,2,10,,,goal,,False,384
"((0, 0), (1, 0), (2, 0), (3, 0), (4, 0), (4, 1), (5, 1), (5, 2), (5, 3), (4, 3), (4, 4))","((0, 0), (1, 0), (2, 0), (3, 0), (4, 0), (4, 1), (5, 1), (5, 2), (5, 3), (4, 3))",0,2,2,10,,,goal,,False,385
"((0, 0), (1, 0), (2, 0), (3, 0), (4, 0), (4, 1), (5, 1), (5, 2), (5, 3), (4, 3))","((0, 0), (1, 0), (2, 0), (3, 0), (4, 0), (4, 1), (5, 1), (5, 2), (5, 3))",0,2,2,9,3,1,expanded,False,,386
"((0, 0), (1, 0), (2, 0), (3, 0), (4, 0), (4, 1), (5, 1), (5, 2), (5, 3), (5, 4), (6, 4))","((0, 0), (1, 0), (2, 0), (3, 0), (4, 0), (4, 1), (5, 1), (5, 2), (5, 3), (5, 4))",0,2,2,10,,,goal,,False,387
"((0, 0), (1, 0), (2, 0), (3, 0), (4, 0), (4, 1), (5, 1), (5, 2), (5, 3), (5, 4), (4, 4))","((0, 0), (1, 0), (2, 0), (3, 0), (4, 0), (4, 1), (5, 1), (5, 2), (5, 3), (5, 4))",0,2,2,10,,,goal,,False,388
"((0, 0), (1, 0), (2, 0), (3, 0), (4, 0), (4, 1), (5, 1), (5, 2), (5, 3), (5, 4), (5, 5))","((0, 0), (1, 0), (2, 0), (3, 0), (4, 0), (4, 1), (5, 1), (5, 2), (5, 3), (5, 4))",0,2,2,10,,,goal,,False,389
"((0, 0), (1, 0), (2, 0), (3, 0), (4, 0), (4, 1), (5, 1), (5, 2), (5, 3), (5, 4))","((0, 0), (1, 0), (2, 0), (3, 0), (4, 0), (4, 1), (5, 1), (5, 2), (5, 3))",0,2,2,9,3,0,expanded,False,,390
"((0, 0), (1, 0), (2, 0), (3, 0), (4, 0), (4, 1), (5, 1), (5, 2), (5, 3))","((0, 0), (1, 0), (2, 0), (3, 0), (4, 0), (4, 1), (5, 1), (5, 2))",0,2,2,8,3,0,expanded,False,,391
"((0, 0), (1, 0), (2, 0), (3, 0), (4, 0), (4, 1), (5, 1), (5, 2))","((0, 0), (1, 0), (2, 0), (3, 0), (4, 0), (4, 1), (5, 1))",0,3,3,7,3,0,expanded,False,,392
"((0, 0), (1, 0), (2, 0), (3, 0), (4, 0), (4, 1), (5, 1))","((0, 0), (1, 0), (2, 0), (3, 0), (4, 0), (4, 1))",0,2,2,6,3,0,expanded,False,,393
"((0, 0), (1, 0), (2, 0), (3, 0), (4, 0), (4, 1), (3, 1), (2, 1), (1, 1))","((0, 0), (1, 0), (2, 0), (3, 0), (4, 0), (4, 1), (3, 1), (2, 1))",0,1,1,8,,,pruned,,,394
"((0, 0), (1, 0), (2, 0), (3, 0), (4, 0), (4, 1), (3, 1), (2, 1), (2, 2))","((0, 0), (1, 0), (2, 0), (3, 0), (4, 0), (4, 1), (3, 1), (2, 1))",0,1,1,8,,,pruned,,,395
"((0, 0), (1, 0), (2, 0), (3, 0), (4, 0), (4, 1), (3, 1), (2, 1))","((0, 0), (1, 0), (2, 0), (3, 0), (4, 0), (4, 1), (3, 1))",0,2,2,7,2,2,expanded,True,,396
"((0, 0), (1, 0), (2, 0), (3, 0), (4, 0), (4, 1), (3, 1), (3, 2), (4, 2), (5, 2), (6, 2))","((0, 0), (1, 0), (2, 0), (3, 0), (4, 0), (4, 1), (3, 1), (3, 2), (4, 2), (5, 2))",0,2,2,10,,,goal,,False,397
"((0, 0), (1, 0), (2, 0), (3, 0), (4, 0), (4, 1), (3, 1), (3, 2), (4, 2), (5, 2), (5, 3))","((0, 0), (1, 0), (2, 0), (3, 0), (4, 0), (4, 1), (3, 1), (3, 2), (4, 2), (5, 2))",0,2,2,10,,,goal,,False,398
"((0, 0), (1, 0), (2, 0), (3, 0), (4, 0), (4, 1), (3, 1), (3, 2), (4, 2), (5, 2), (5, 1))","((0, 0), (1, 0), (2, 0), (3, 0), (4, 0), (4, 1), (3, 1), (3, 2), (4, 2), (5, 2))",0,2,2,10,,,goal,,False,399
"((0, 0), (1, 0), (2, 0), (3, 0), (4, 0), (4, 1), (3, 1), (3, 2), (4, 2), (5, 2))","((0, 0), (1, 0), (2, 0), (3, 0), (4, 0), (4, 1), (3, 1), (3, 2), (4, 2))",0,2,2,9,3,0,expanded,False,,400
"((0, 0), (1, 0), (2, 0), (3, 0), (4, 0), (4, 1), (3, 1), (3, 2), (4, 2), (4, 3), (3, 3))","((0, 0), (1, 0), (2, 0), (3, 0), (4, 0), (4, 1), (3, 1), (3, 2), (4, 2), (4, 3))",0,1,1,10,,,pruned,,,401
"((0, 0), (1, 0), (2, 0), (3, 0), (4, 0), (4, 1), (3, 1), (3, 2), (4, 2), (4, 3), (5, 3))","((0, 0), (1, 0), (2, 0), (3, 0), (4, 0), (4, 1), (3, 1), (3, 2), (4, 2), (4, 3))",0,2,2,10,,,goal,,False,402
"((0, 0), (1, 0), (2, 0), (3, 0), (4, 0), (4, 1), (3, 1), (3, 2), (4, 2), (4, 3), (4, 4))","((0, 0), (1, 0), (2, 0), (3, 0), (4, 0), (4, 1), (3, 1), (3, 2), (4, 2), (4, 3))",0,2,2,10,,,goal,,False,403
"((0, 0), (1, 0), (2, 0), (3, 0), (4, 0), (4, 1), (3, 1), (3, 2), (4, 2), (4, 3))","((0, 0), (1, 0), (2, 0), (3, 0), (4, 0), (4, 1), (3, 1), (3, 2), (4, 2))",0,2,2,9,3,1,expanded,False,,404
"((0, 0), (1, 0), (2, 0), (3, 0), (4, 0), (4, 1), (3, 1), (3, 2), (4, 2))","((0, 0), (1, 0), (2, 0), (3, 0), (4, 0), (4, 1), (3, 1), (3, 2))",0,2,2,8,2,0,expanded,False,,405
"((0, 0), (1, 0), (2, 0), (3, 0), (4, 0), (4, 1), (3, 1), (3, 2), (2, 2), (2, 1), (1, 1))","((0, 0), (1, 0), (2, 0), (3, 0), (4, 0), (4, 1), (3, 1), (3, 2), (2, 2), (2, 1))",0,2,2,10,,,goal,,False,406
"((0, 0), (1, 0), (2, 0), (3, 0), (4, 0), (4, 1), (3, 1), (3, 2), (2, 2), (2, 1))","((0, 0), (1, 0), (2, 0), (3, 0), (4, 0), (4, 1), (3, 1), (3, 2), (2, 2))",0,2,2,9,1,0,expanded,False,,407
"((0, 0), (1, 0), (2, 0), (3, 0), (4, 0), (4, 1), (3, 1), (3, 2), (2, 2), (1, 2), (0, 2))","((0, 0), (1, 0), (2, 0), (3, 0), (4, 0), (4, 1), (3, 1), (3, 2), (2, 2), (1, 2))",0,2,2,10,,,goal,,False,408
"((0, 0), (1, 0), (2, 0), (3, 0), (4, 0), (4, 1), (3, 1), (3, 2), (2, 2), (1, 2), (1, 3))","((0, 0), (1, 0), (2, 0), (3, 0), (4, 0), (4, 1), (3, 1), (3, 2), (2, 2), (1, 2))",0,2,2,10,,,goal,,False,409
"((0, 0), (1, 0), (2, 0), (3, 0), (4, 0), (4, 1), (3, 1), (3, 2), (2, 2), (1, 2), (1, 1))","((0, 0), (1, 0), (2, 0), (3, 0), (4, 0), (4, 1), (3, 1), (3, 2), (2, 2), (1, 2))",0,2,2,10,,,goal,,False,410
"((0, 0), (1, 0), (2, 0), (3, 0), (4, 0), (4, 1), (3, 1), (3, 2), (2, 2), (1, 2))","((0, 0), (1, 0), (2, 0), (3, 0), (4, 0), (4, 1), (3, 1), (3, 2), (2, 2))",0,2,2,9,3,0,expanded,False,,411
"((0, 0), (1, 0), (2, 0), (3, 0), (4, 0), (4, 1), (3, 1), (3, 2), (2, 2), (2, 3), (3, 3))","((0, 0), (1, 0), (2, 0), (3, 0), (4, 0), (4, 1), (3, 1), (3, 2), (2, 2), (2, 3))",0,1,1,10,,,pruned,,,412
"((0, 0), (1, 0), (2, 0), (3, 0), (4, 0), (4, 1), (3, 1), (3, 2), (2, 2), (2, 3), (1, 3))","((0, 0), (1, 0), (2, 0), (3, 0), (4, 0), (4, 1), (3, 1), (3, 2), (2, 2), (2, 3))",0,2,2,10,,,goal,,False,413
"((0, 0), (1, 0), (2, 0), (3, 0), (4, 0), (4, 1), (3, 1), (3, 2), (2, 2), (2, 3), (2, 4))","((0, 0), (1, 0), (2, 0), (3, 0), (4, 0), (4, 1), (3, 1), (3, 2), (2, 2), (2, 3))",0,2,2,10,,,goal,,False,414
"((0, 0), (1, 0), (2, 0), (3, 0), (4, 0), (4, 1), (3, 1), (3, 2), (2, 2), (2, 3))","((0, 0), (1, 0), (2, 0), (3, 0), (4, 0), (4, 1), (3, 1), (3, 2), (2, 2))",0,2,2,9,3,1,expanded,False,,415
"((0, 0), (1, 0), (2, 0), (3, 0), (4, 0), (4, 1), (3, 1), (3, 2), (2, 2))","((0, 0), (1, 0), (2, 0), (3, 0), (4, 0), (4, 1), (3, 1), (3, 2))",0,2,2,8,3,0,expanded,False,,416
"((0, 0), (1, 0), (2, 0), (3, 0), (4, 0), (4, 1), (3, 1), (3, 2), (3, 3), (4, 3), (4, 2))","((0, 0), (1, 0), (2, 0), (3, 0), (4, 0), (4, 1), (3, 1), (3, 2), (3, 3), (4, 3))",0,1,1,10,,,pruned,,,417
"((0, 0), (1, 0), (2, 0), (3, 0), (4, 0), (4, 1), (3, 1), (3, 2), (3, 3), (4, 3), (5, 3))","((0, 0), (1, 0), (2, 0), (3, 0), (4, 0), (4, 1), (3, 1), (3, 2), (3, 3), (4, 3))",0,2,2,10,,,goal,,False,418
"((0, 0), (1, 0), (2, 0), (3, 0), (4, 0), (4, 1), (3, 1), (3, 2), (3, 3), (4, 3), (4, 4))","((0, 0), (1, 0), (2, 0), (3, 0), (4, 0), (4, 1), (3, 1), (3, 2), (3, 3), (4, 3))",0,2,2,10,,,goal,,False,419
"((0, 0), (1, 0), (2, 0), (3, 0), (4, 0), (4, 1), (3, 1), (3, 2), (3, 3), (4, 3))","((0, 0), (1, 0), (2, 0), (3, 0), (4, 0), (4, 1), (3, 1), (3, 2), (3, 3))",0,2,2,9,3,1,expanded,False,,420
"((0, 0), (1, 0), (2, 0), (3, 0), (4, 0), (4, 1), (3, 1), (3, 2), (3, 3), (2, 3), (2, 2))","((0, 0), (1, 0), (2, 0), (3, 0), (4, 0), (4, 1), (3, 1), (3, 2), (3, 3), (2, 3))",0,1,1,10,,,pruned,,,421
"((0, 0), (1, 0), (2, 0), (3, 0), (4, 0), (4, 1), (3, 1), (3, 2), (3, 3), (2, 3), (1, 3))","((0, 0), (1, 0), (2, 0), (3, 0), (4, 0), (4, 1), (3, 1), (3, 2), (3, 3), (2, 3))",0,2,2,10,,,goal,,False,422
"((0, 0), (1, 0), (2, 0), (3, 0), (4, 0), (4, 1), (3, 1), (3, 2), (3, 3), (2, 3), (2, 4))","((0, 0), (1, 0), (2, 0), (3, 0), (4, 0), (4, 1), (3, 1), (3, 2), (3, 3), (2, 3))",0,2,2,10,,,goal,,False,423
"((0, 0), (1, 0), (2, 0), (3, 0), (4, 0), (4, 1), (3, 1), (3, 2), (3, 3), (2, 3))","((0, 0), (1, 0), (2, 0), (3, 0), (4, 0), (4, 1), (3, 1), (3, 2), (3, 3))",0,2,2,9,3,1,expanded,False,,424
"((0, 0), (1, 0), (2, 0), (3, 0), (4, 0), (4, 1), (3, 1), (3, 2), (3, 3), (3, 4), (4, 4))","((0, 0), (1, 0), (2, 0), (3, 0), (4, 0), (4, 1), (3, 1), (3, 2), (3, 3), (3, 4))",0,2,2,10,,,goal,,False,425
"((0, 0), (1, 0), (2, 0), (3, 0), (4, 0), (4, 1), (3, 1), (3, 2), (3, 3), (3, 4), (2, 4))","((0, 0), (1, 0), (2, 0), (3, 0), (4, 0), (4, 1), (3, 1), (3, 2), (3, 3), (3, 4))",0,2,2,10,,,goal,,False,426
"((0, 0), (1, 0), (2, 0), (3, 0), (4, 0), (4, 1), (3, 1), (3, 2), (3, 3), (3, 4), (3, 5))","((0, 0), (1, 0), (2, 0), (3, 0), (4, 0), (4, 1), (3, 1), (3, 2), (3, 3), (3, 4))",0,2,2,10,,,goal,,False,427
"((0, 0), (1, 0), (2, 0), (3, 0), (4, 0), (4, 1), (3, 1), (3, 2), (3, 3), (3, 4))","((0, 0), (1, 0), (2, 0), (3, 0), (4, 0), (4, 1), (3, 1), (3, 2), (3, 3))",0,2,2,9,3,0,expanded,False,,428
"((0, 0), (1, 0), (2, 0), (3, 0), (4, 0), (4, 1), (3, 1), (3, 2), (3, 3))","((0, 0), (1, 0), (2, 0), (3, 0), (4, 0), (4, 1), (3, 1), (3, 2))",0,2,2,8,3,0,expanded,False,,429
"((0, 0), (1, 0), (2, 0), (3, 0), (4, 0), (4, 1), (3, 1), (3, 2))","((0, 0), (1, 0), (2, 0), (3, 0), (4, 0), (4, 1), (3, 1))",0,3,3,7,3,0,expanded,False,,430
"((0, 0), (1, 0), (2, 0), (3, 0), (4, 0), (4, 1), (3, 1))","((0, 0), (1, 0), (2, 0), (3, 0), (4, 0), (4, 1))",0,2,2,6,2,0,expanded,False,,431
"((0, 0), (1, 0), (2, 0), (3, 0), (4, 0), (4, 1), (4, 2), (5, 2), (6, 2), (7, 2), (8, 2))","((0, 0), (1, 0), (2, 0), (3, 0), (4, 0), (4, 1), (4, 2), (5, 2), (6, 2), (7, 2))",0,2,2,10,,,goal,,False,432
"((0, 0), (1, 0), (2, 0), (3, 0), (4, 0), (4, 1), (4, 2), (5, 2), (6, 2), (7, 2), (7, 3))","((0, 0), (1, 0), (2, 0), (3, 0), (4, 0), (4, 1), (4, 2), (5, 2), (6, 2), (7, 2))",0,2,2,10,,,goal,,False,433
"((0, 0), (1, 0), (2, 0), (3, 0), (4, 0), (4, 1), (4, 2), (5, 2), (6, 2), (7, 2), (7, 1))","((0, 0), (1, 0), (2, 0), (3, 0), (4, 0), (4, 1), (4, 2), (5, 2), (6, 2), (7, 2))",0,2,2,10,,,goal,,False,434
"((0, 0), (1, 0), (2, 0), (3, 0), (4, 0), (4, 1), (4, 2), (5, 2), (6, 2), (7, 2))","((0, 0), (1, 0), (2, 0), (3, 0), (4, 0), (4, 1), (4, 2), (5, 2), (6, 2))",0,2,2,9,3,0,expanded,False,,435
"((0, 0), (1, 0), (2, 0), (3, 0), (4, 0), (4, 1), (4, 2), (5, 2), (6, 2), (6, 3), (5, 3))","((0, 0), (1, 0), (2, 0), (3, 0), (4, 0), (4, 1), (4, 2), (5, 2), (6, 2), (6, 3))",0,1,1,10,,,pruned,,,436
"((0, 0), (1, 0), (2, 0), (3, 0), (4, 0), (4, 1), (4, 2), (5, 2), (6, 2), (6, 3), (7, 3))","((0, 0), (1, 0), (2, 0), (3, 0), (4, 0), (4, 1), (4, 2), (5, 2), (6, 2), (6, 3))",0,2,2,10,,,goal,,False,437
"((0, 0), (1, 0), (2, 0), (3, 0), (4, 0), (4, 1), (4, 2), (5, 2), (6, 2), (6, 3), (6, 4))","((0, 0), (1, 0), (2, 0), (3, 0), (4, 0), (4, 1), (4, 2), (5, 2), (6, 2), (6, 3))",0,2,2,10,,,goal,,False,438
"((0, 0), (1, 0), (2, 0), (3, 0), (4, 0), (4, 1), (4, 2), (5, 2), (6, 2), (6, 3))","((0, 0), (1, 0), (2, 0), (3, 0), (4, 0), (4, 1), (4, 2), (5, 2), (6, 2))",0,2,2,9,3,1,expanded,False,,439
"((0, 0), (1, 0), (2, 0), (3, 0), (4, 0), (4, 1), (4, 2), (5, 2), (6, 2), (6, 1), (5, 1))","((0, 0), (1, 0), (2, 0), (3, 0), (4, 0), (4, 1), (4, 2), (5, 2), (6, 2), (6, 1))",0,1,1,10,,,pruned,,,440
"((0, 0), (1, 0), (2, 0), (3, 0), (4, 0), (4, 1), (4, 2), (5, 2), (6, 2), (6, 1), (7, 1))","((0, 0), (1, 0), (2, 0), (3, 0), (4, 0), (4, 1), (4, 2), (5, 2), (6, 2), (6, 1))",0,2,2,10,,,goal,,False,441
"((0, 0), (1, 0), (2, 0), (3, 0), (4, 0), (4, 1), (4, 2), (5, 2), (6, 2), (6, 1), (6, 0))","((0, 0), (1, 0), (2, 0), (3, 0), (4, 0), (4, 1), (4, 2), (5, 2), (6, 2), (6, 1))",0,2,2,10,,,goal,,False,442
"((0, 0), (1, 0), (2, 0), (3, 0), (4, 0), (4, 1), (4, 2), (5, 2), (6, 2), (6, 1))","((0, 0), (1, 0), (2, 0), (3, 0), (4, 0), (4, 1), (4, 2), (5, 2), (6, 2))",0,2,2,9,3,1,expanded,False,,443
"((0, 0), (1, 0), (2, 0), (3, 0), (4, 0), (4, 1), (4, 2), (5, 2), (6, 2))","((0, 0), (1, 0), (2, 0), (3, 0), (4, 0), (4, 1), (4, 2), (5, 2))",0,2,2,8,3,0,expanded,False,,444
"((0, 0), (1, 0), (2, 0), (3, 0), (4, 0), (4, 1), (4, 2), (5, 2), (5, 3), (4, 3), (3, 3))","((0, 0), (1, 0), (2, 0), (3, 0), (4, 0), (4, 1), (4, 2), (5, 2), (5, 3), (4, 3))",0,2,2,10,,,goal,,False,445
"((0, 0), (1, 0), (2, 0), (3, 0), (4, 0), (4, 1), (4, 2), (5, 2), (5, 3), (4, 3), (4, 4))","((0, 0), (1, 0), (2, 0), (3, 0), (4, 0), (4, 1), (4, 2), (5, 2), (5, 3), (4, 3))",0,2,2,10,,,goal,,False,446
"((0, 0), (1, 0), (2, 0), (3, 0), (4, 0), (4, 1), (4, 2), (5, 2), (5, 3), (4, 3))","((0, 0), (1, 0), (2, 0), (3, 0), (4, 0), (4, 1), (4, 2), (5, 2), (5, 3))",0,2,2,9,2,0,expanded,False,,447
"((0, 0), (1, 0), (2, 0), (3, 0), (4, 0), (4, 1), (4, 2), (5, 2), (5, 3), (6, 3), (6, 2))","((0, 0), (1, 0), (2, 0), (3, 0), (4, 0), (4, 1), (4, 2), (5, 2), (5, 3), (6, 3))",0,1,1,10,,,pruned,,,448
"((0, 0), (1, 0), (2, 0), (3, 0), (4, 0), (4, 1), (4, 2), (5, 2), (5, 3), (6, 3), (7, 3))","((0, 0), (1, 0), (2, 0), (3, 0), (4, 0), (4, 1), (4, 2), (5, 2), (5, 3), (6, 3))",0,2,2,10,,,goal,,False,449
"((0, 0), (1, 0), (2, 0), (3, 0), (4, 0), (4, 1), (4, 2), (5, 2), (5, 3), (6, 3), (6, 4))","((0, 0), (1, 0), (2, 0), (3, 0), (4, 0), (4, 1), (4, 2), (5, 2), (5, 3), (6, 3))",0,2,2,10,,,goal,,False,450
"((0, 0), (1, 0), (2, 0), (3, 0), (4, 0), (4, 1), (4, 2), (5, 2), (5, 3), (6, 3))","((0, 0), (1, 0), (2, 0), (3, 0), (4, 0), (4, 1), (4, 2), (5, 2), (5, 3))",0,2,2,9,3,1,expanded,False,,451
"((0, 0), (1, 0), (2, 0), (3, 0), (4, 0), (4, 1), (4, 2), (5, 2), (5, 3), (5, 4), (6, 4))","((0, 0), (1, 0), (2, 0), (3, 0), (4, 0), (4, 1), (4, 2), (5, 2), (5, 3), (5, 4))",0,2,2,10,,,goal,,False,452
"((0, 0), (1, 0), (2, 0), (3, 0), (4, 0), (4, 1), (4, 2), (5, 2), (5, 3), (5, 4), (4, 4))","((0, 0), (1, 0), (2, 0), (3, 0), (4, 0), (4, 1), (4, 2), (5, 2), (5, 3), (5, 4))",0,2,2,10,,,goal,,False,453
"((0, 0), (1, 0), (2, 0), (3, 0), (4, 0), (4, 1), (4, 2), (5, 2), (5, 3), (5, 4), (5, 5))","((0, 0), (1, 0), (2, 0), (3, 0), (4, 0), (4, 1), (4, 2), (5, 2), (5, 3), (5, 4))",0,2,2,10,,,goal,,False,454
"((0, 0), (1, 0), (2, 0), (3, 0), (4, 0), (4, 1), (4, 2), (5, 2), (5, 3), (5, 4))","((0, 0), (1, 0), (2, 0), (3, 0), (4, 0), (4, 1), (4, 2), (5, 2), (5, 3))",0,2,2,9,3,0,expanded,False,,455
"((0, 0), (1, 0), (2, 0), (3, 0), (4, 0), (4, 1), (4, 2), (5, 2), (5, 3))","((0, 0), (1, 0), (2, 0), (3, 0), (4, 0), (4, 1), (4, 2), (5, 2))",0,2,2,8,3,0,expanded,False,,456
"((0, 0), (1, 0), (2, 0), (3, 0), (4, 0), (4, 1), (4, 2), (5, 2), (5, 1), (5, 0), (6, 0))","((0, 0), (1, 0), (2, 0), (3, 0), (4, 0), (4, 1), (4, 2), (5, 2), (5, 1), (5, 0))",0,2,2,10,,,goal,,False,457
"((0, 0), (1, 0), (2, 0), (3, 0), (4, 0), (4, 1), (4, 2), (5, 2), (5, 1), (5, 0), (5, -1))","((0, 0), (1, 0), (2, 0), (3, 0), (4, 0), (4, 1), (4, 2), (5, 2), (5, 1), (5, 0))",0,2,2,10,,,goal,,False,458
"((0, 0), (1, 0), (2, 0), (3, 0), (4, 0), (4, 1), (4, 2), (5, 2), (5, 1), (5, 0))","((0, 0), (1, 0), (2, 0), (3, 0), (4, 0), (4, 1), (4, 2), (5, 2), (5, 1))",0,2,2,9,2,0,expanded,False,,459
"((0, 0), (1, 0), (2, 0), (3, 0), (4, 0), (4, 1), (4, 2), (5, 2), (5, 1), (6, 1), (6, 2))","((0, 0), (1, 0), (2, 0), (3, 0), (4, 0), (4, 1), (4, 2), (5, 2), (5, 1), (6, 1))",0,1,1,10,,,pruned,,,460
"((0, 0), (1, 0), (2, 0), (3, 0), (4, 0), (4, 1), (4, 2), (5, 2), (5, 1), (6, 1), (7, 1))","((0, 0), (1, 0), (2, 0), (3, 0), (4, 0), (4, 1), (4, 2), (5, 2), (5, 1), (6, 1))",0,2,2,10,,,goal,,False,461
"((0, 0), (1, 0), (2, 0), (3, 0), (4, 0), (4, 1), (4, 2), (5, 2), (5, 1), (6, 1), (6, 0))","((0, 0), (1, 0), (2, 0), (3, 0), (4, 0), (4, 1), (4, 2), (5, 2), (5, 1), (6, 1))",0,2,2,10,,,goal,,False,462
"((0, 0), (1, 0), (2, 0), (3, 0), (4, 0), (4, 1), (4, 2), (5, 2), (5, 1), (6, 1))","((0, 0), (1, 0), (2, 0), (3, 0), (4, 0), (4, 1), (4, 2), (5, 2), (5, 1))",0,2,2,9,3,1,expanded,False,,463
"((0, 0), (1, 0), (2, 0), (3, 0), (4, 0), (4, 1), (4, 2), (5, 2), (5, 1))","((0, 0), (1, 0), (2, 0), (3, 0), (4, 0), (4, 1), (4, 2), (5, 2))",0,2,2,8,2,0,expanded,False,,464
"((0, 0), (1, 0), (2, 0), (3, 0), (4, 0), (4, 1), (4, 2), (5, 2))","((0, 0), (1, 0), (2, 0), (3, 0), (4, 0), (4, 1), (4, 2))",0,3,3,7,3,0,expanded,False,,465
"((0, 0), (1, 0), (2, 0), (3, 0), (4, 0), (4, 1), (4, 2), (3, 2), (2, 2), (1, 2), (0, 2))","((0, 0), (1, 0), (2, 0), (3, 0), (4, 0), (4, 1), (4, 2), (3, 2), (2, 2), (1, 2))",0,2,2,10,,,goal,,False,466
"((0, 0), (1, 0), (2, 0), (3, 0), (4, 0), (4, 1), (4, 2), (3, 2), (2, 2), (1, 2), (1, 3))","((0, 0), (1, 0), (2, 0), (3, 0), (4, 0), (4, 1), (4, 2), (3, 2), (2, 2), (1, 2))",0,2,2,10,,,goal,,False,467
"((0, 0), (1, 0), (2, 0), (3, 0), (4, 0), (4, 1), (4, 2), (3, 2), (2, 2), (1, 2), (1, 1))","((0, 0), (1, 0), (2, 0), (3, 0), (4, 0), (4, 1), (4, 2), (3, 2), (2, 2), (1, 2))",0,2,2,10,,,goal,,False,468
"((0, 0), (1, 0), (2, 0), (3, 0), (4, 0), (4, 1), (4, 2), (3, 2), (2, 2), (1, 2))","((0, 0), (1, 0), (2, 0), (3, 0), (4, 0), (4, 1), (4, 2), (3, 2), (2, 2))",0,2,2,9,3,0,expanded,False,,469
"((0, 0), (1, 0), (2, 0), (3, 0), (4, 0), (4, 1), (4, 2), (3, 2), (2, 2), (2, 3), (3, 3))","((0, 0), (1, 0), (2, 0), (3, 0), (4, 0), (4, 1), (4, 2), (3, 2), (2, 2), (2, 3))",0,1,1,10,,,pruned,,,470
"((0, 0), (1, 0), (2, 0), (3, 0), (4, 0), (4, 1), (4, 2), (3, 2), (2, 2), (2, 3), (1, 3))","((0, 0), (1, 0), (2, 0), (3, 0), (4, 0), (4, 1), (4, 2), (3, 2), (2, 2), (2, 3))",0,2,2,10,,,goal,,False,471
"((0, 0), (1, 0), (2, 0), (3, 0), (4, 0), (4, 1), (4, 2), (3, 2), (2, 2), (2, 3), (2, 4))","((0, 0), (1, 0), (2, 0), (3, 0), (4, 0), (4, 1), (4, 2), (3, 2), (2, 2), (2, 3))",0,2,2,10,,,goal,,False,472
"((0, 0), (1, 0), (2, 0), (3, 0), (4, 0), (4, 1), (4, 2), (3, 2), (2, 2), (2, 3))","((0, 0), (1, 0), (2, 0), (3, 0), (4, 0), (4, 1), (4, 2), (3, 2), (2, 2))",0,2,2,9,3,1,expanded,False,,473
"((0, 0), (1, 0), (2, 0), (3, 0), (4, 0), (4, 1), (4, 2), (3, 2), (2, 2), (2, 1), (3, 1))","((0, 0), (1, 0), (2, 0), (3, 0), (4, 0), (4, 1), (4, 2), (3, 2), (2, 2), (2, 1))",0,1,1,10,,,pruned,,,474
"((0, 0), (1, 0), (2, 0), (3, 0), (4, 0), (4, 1), (4, 2), (3, 2), (2, 2), (2, 1), (1, 1))","((0, 0), (1, 0), (2, 0), (3, 0), (4, 0), (4, 1), (4, 2), (3, 2), (2, 2), (2, 1))",0,2,2,10,,,goal,,False,475
"((0, 0), (1, 0), (2, 0), (3, 0), (4, 0), (4, 1), (4, 2), (3, 2), (2, 2), (2, 1))","((0, 0), (1, 0), (2, 0), (3, 0), (4, 0), (4, 1), (4, 2), (3, 2), (2, 2))",0,2,2,9,2,1,expanded,False,,476
"((0, 0), (1, 0), (2, 0), (3, 0), (4, 0), (4, 1), (4, 2), (3, 2), (2, 2))","((0, 0), (1, 0), (2, 0), (3, 0), (4, 0), (4, 1), (4, 2), (3, 2))",0,2,2,8,3,0,expanded,False,,477
"((0, 0), (1, 0), (2, 0), (3, 0), (4, 0), (4, 1), (4, 2), (3, 2), (3, 3), (4, 3), (5, 3))","((0, 0), (1, 0), (2, 0), (3, 0), (4, 0), (4, 1), (4, 2), (3, 2), (3, 3), (4, 3))",0,2,2,10,,,goal,,False,478
"((0, 0), (1, 0), (2, 0), (3, 0), (4, 0), (4, 1), (4, 2), (3, 2), (3, 3), (4, 3), (4, 4))","((0, 0), (1, 0), (2, 0), (3, 0), (4, 0), (4, 1), (4, 2), (3, 2), (3, 3), (4, 3))",0,2,2,10,,,goal,,False,479
"((0, 0), (1, 0), (2, 0), (3, 0), (4, 0), (4, 1), (4, 2), (3, 2), (3, 3), (4, 3))","((0, 0), (1, 0), (2, 0), (3, 0), (4, 0), (4, 1), (4, 2), (3, 2), (3, 3))",0,2,2,9,2,0,expanded,False,,480
"((0, 0), (1, 0), (2, 0), (3, 0), (4, 0), (4, 1), (4, 2), (3, 2), (3, 3), (2, 3), (2, 2))","((0, 0), (1, 0), (2, 0), (3, 0), (4, 0), (4, 1), (4, 2), (3, 2), (3, 3), (2, 3))",0,1,1,10,,,pruned,,,481
"((0, 0), (1, 0), (2, 0), (3, 0), (4, 0), (4, 1), (4, 2), (3, 2), (3, 3), (2, 3), (1, 3))","((0, 0), (1, 0), (2, 0), (3, 0), (4, 0), (4, 1), (4, 2), (3, 2), (3, 3), (2, 3))",0,2,2,10,,,goal,,False,482
"((0, 0), (1, 0), (2, 0), (3, 0), (4, 0), (4, 1), (4, 2), (3, 2), (3, 3), (2, 3), (2, 4))","((0, 0), (1, 0), (2, 0), (3, 0), (4, 0), (4, 1), (4, 2), (3, 2), (3, 3), (2, 3))",0,2,2,10,,,goal,,False,483
"((0, 0), (1, 0), (2, 0), (3, 0), (4, 0), (4, 1), (4, 2), (3, 2), (3, 3), (2, 3))","((0, 0), (1, 0), (2, 0), (3, 0), (4, 0), (4, 1), (4, 2), (3, 2), (3, 3))",0,2,2,9,3,1,expanded,False,,484
"((0, 0), (1, 0), (2, 0), (3, 0), (4, 0), (4, 1), (4, 2), (3, 2), (3, 3), (3, 4), (4, 4))","((0, 0), (1, 0), (2, 0), (3, 0), (4, 0), (4, 1), (4, 2), (3, 2), (3, 3), (3, 4))",0,2,2,10,,,goal,,False,485
"((0, 0), (1, 0), (2, 0), (3, 0), (4, 0), (4, 1), (4, 2), (3, 2), (3, 3), (3, 4), (2, 4))","((0, 0), (1, 0), (2, 0), (3, 0), (4, 0), (4, 1), (4, 2), (3, 2), (3, 3), (3, 4))",0,2,2,10,,,goal,,False,486
"((0, 0), (1, 0), (2, 0), (3, 0), (4, 0), (4, 1), (4, 2), (3, 2), (3, 3), (3, 4), (3, 5))","((0, 0), (1, 0), (2, 0), (3, 0), (4, 0), (4, 1), (4, 2), (3, 2), (3, 3), (3, 4))",0,2,2,10,,,goal,,False,487
"((0, 0), (1, 0), (2, 0), (3, 0), (4, 0), (4, 1), (4, 2), (3, 2), (3, 3), (3, 4))","((0, 0), (1, 0), (2, 0), (3, 0), (4, 0), (4, 1), (4, 2), (3, 2), (3, 3))",0,2,2,9,3,0,expanded,False,,488
"((0, 0), (1, 0), (2, 0), (3, 0), (4, 0), (4, 1), (4, 2), (3, 2), (3, 3))","((0, 0), (1, 0), (2, 0), (3, 0), (4, 0), (4, 1), (4, 2), (3, 2))",0,2,2,8,3,0,expanded,False,,489
"((0, 0), (1, 0), (2, 0), (3, 0), (4, 0), (4, 1), (4, 2), (3, 2), (3, 1), (2, 1), (2, 2))","((0, 0), (1, 0), (2, 0), (3, 0), (4, 0), (4, 1), (4, 2), (3, 2), (3, 1), (2, 1))",0,1,1,10,,,pruned,,,490
"((0, 0), (1, 0), (2, 0), (3, 0), (4, 0), (4, 1), (4, 2), (3, 2), (3, 1), (2, 1), (1, 1))","((0, 0), (1, 0), (2, 0), (3, 0), (4, 0), (4, 1), (4, 2), (3, 2), (3, 1), (2, 1))",0,2,2,10,,,goal,,False,491
"((0, 0), (1, 0), (2, 0), (3, 0), (4, 0), (4, 1), (4, 2), (3, 2), (3, 1), (2, 1))","((0, 0), (1, 0), (2, 0), (3, 0), (4, 0), (4, 1), (4, 2), (3, 2), (3, 1))",0,2,2,9,2,1,expanded,False,,492
"((0, 0), (1, 0), (2, 0), (3, 0), (4, 0), (4, 1), (4, 2), (3, 2), (3, 1))","((0, 0), (1, 0), (2, 0), (3, 0), (4, 0), (4, 1), (4, 2), (3, 2))",0,2,2,8,1,0,expanded,False,,493
"((0, 0), (1, 0), (2, 0), (3, 0), (4, 0), (4, 1), (4, 2), (3, 2))","((0, 0), (1, 0), (2, 0), (3, 0), (4, 0), (4, 1), (4, 2))",0,3,3,7,3,0,expanded,False,,494
"((0, 0), (1, 0), (2, 0), (3, 0), (4, 0), (4, 1), (4, 2), (4, 3), (5, 3), (5, 2), (6, 2))","((0, 0), (1, 0), (2, 0), (3, 0), (4, 0), (4, 1), (4, 2), (4, 3), (5, 3), (5, 2))",0,2,2,10,,,goal,,False,495
"((0, 0), (1, 0), (2, 0), (3, 0), (4, 0), (4, 1), (4, 2), (4, 3), (5, 3), (5, 2), (5, 1))","((0, 0), (1, 0), (2, 0), (3, 0), (4, 0), (4, 1), (4, 2), (4, 3), (5, 3), (5, 2))",0,2,2,10,,,goal,,False,496
"((0, 0), (1, 0), (2, 0), (3, 0), (4, 0), (4, 1), (4, 2), (4, 3), (5, 3), (5, 2))","((0, 0), (1, 0), (2, 0), (3, 0), (4, 0), (4, 1), (4, 2), (4, 3), (5, 3))",0,2,2,9,2,0,expanded,False,,497
"((0, 0), (1, 0), (2, 0), (3, 0), (4, 0), (4, 1), (4, 2), (4, 3), (5, 3), (6, 3), (7, 3))","((0, 0), (1, 0), (2, 0), (3, 0), (4, 0), (4, 1), (4, 2), (4, 3), (5, 3), (6, 3))",0,2,2,10,,,goal,,False,498
"((0, 0), (1, 0), (2, 0), (3, 0), (4, 0), (4, 1), (4, 2), (4, 3), (5, 3), (6, 3), (6, 4))","((0, 0), (1, 0), (2, 0), (3, 0), (4, 0), (4, 1), (4, 2), (4, 3), (5, 3), (6, 3))",0,2,2,10,,,goal,,False,499
"((0, 0), (1, 0), (2, 0), (3, 0), (4, 0), (4, 1), (4, 2), (4, 3), (5, 3), (6, 3), (6, 2))","((0, 0), (1, 0), (2, 0), (3, 0), (4, 0), (4, 1), (4, 2), (4, 3), (5, 3), (6, 3))",0,2,2,10,,,goal,,False,500
"((0, 0), (1, 0), (2, 0), (3, 0), (4, 0), (4, 1), (4, 2), (4, 3), (5, 3), (6, 3))","((0, 0), (1, 0), (2, 0), (3, 0), (4, 0), (4, 1), (4, 2), (4, 3), (5, 3))",0,2,2,9,3,0,expanded,False,,501
"((0, 0), (1, 0), (2, 0), (3, 0), (4, 0), (4, 1), (4, 2), (4, 3), (5, 3), (5, 4), (4, 4))","((0, 0), (1, 0), (2, 0), (3, 0), (4, 0), (4, 1), (4, 2), (4, 3), (5, 3), (5, 4))",0,1,1,10,,,pruned,,,502
"((0, 0), (1, 0), (2, 0), (3, 0), (4, 0), (4, 1), (4, 2), (4, 3), (5, 3), (5, 4), (6, 4))","((0, 0), (1, 0), (2, 0), (3, 0), (4, 0), (4, 1), (4, 2), (4, 3), (5, 3), (5, 4))",0,2,2,10,,,goal,,False,503
"((0, 0), (1, 0), (2, 0), (3, 0), (4, 0), (4, 1), (4, 2), (4, 3), (5, 3), (5, 4), (5, 5))","((0, 0), (1, 0), (2, 0), (3, 0), (4, 0), (4, 1), (4, 2), (4, 3), (5, 3), (5, 4))",0,2,2,10,,,goal,,False,504
"((0, 0), (1, 0), (2, 0), (3, 0), (4, 0), (4, 1), (4, 2), (4, 3), (5, 3), (5, 4))","((0, 0), (1, 0), (2, 0), (3, 0), (4, 0), (4, 1), (4, 2), (4, 3), (5, 3))",0,2,2,9,3,1,expanded,False,,505
"((0, 0), (1, 0), (2, 0), (3, 0), (4, 0), (4, 1), (4, 2), (4, 3), (5, 3))","((0, 0), (1, 0), (2, 0), (3, 0), (4, 0), (4, 1), (4, 2), (4, 3))",0,2,2,8,3,0,expanded,False,,506
"((0, 0), (1, 0), (2, 0), (3, 0), (4, 0), (4, 1), (4, 2), (4, 3), (3, 3), (3, 2), (2, 2))","((0, 0), (1, 0), (2, 0), (3, 0), (4, 0), (4, 1), (4, 2), (4, 3), (3, 3), (3, 2))",0,2,2,10,,,goal,,False,507
"((0, 0), (1, 0), (2, 0), (3, 0), (4, 0), (4, 1), (4, 2), (4, 3), (3, 3), (3, 2), (3, 1))","((0, 0), (1, 0), (2, 0), (3, 0), (4, 0), (4, 1), (4, 2), (4, 3), (3, 3), (3, 2))",0,2,2,10,,,goal,,False,508
"((0, 0), (1, 0), (2, 0), (3, 0), (4, 0), (4, 1), (4, 2), (4, 3), (3, 3), (3, 2))","((0, 0), (1, 0), (2, 0), (3, 0), (4, 0), (4, 1), (4, 2), (4, 3), (3, 3))",0,2,2,9,2,0,expanded,False,,509
"((0, 0), (1, 0), (2, 0), (3, 0), (4, 0), (4, 1), (4, 2), (4, 3), (3, 3), (2, 3), (1, 3))","((0, 0), (1, 0), (2, 0), (3, 0), (4, 0), (4, 1), (4, 2), (4, 3), (3, 3), (2, 3))",0,2,2,10,,,goal,,False,510
"((0, 0), (1, 0), (2, 0), (3, 0), (4, 0), (4, 1), (4, 2), (4, 3), (3, 3), (2, 3), (2, 4))","((0, 0), (1, 0), (2, 0), (3, 0), (4, 0), (4, 1), (4, 2), (4, 3), (3, 3), (2, 3))",0,2,2,10,,,goal,,False,511
"((0, 0), (1, 0), (2, 0), (3, 0), (4, 0), (4, 1), (4, 2), (4, 3), (3, 3), (2, 3), (2, 2))","((0, 0), (1, 0), (2, 0), (3, 0), (4, 0), (4, 1), (4, 2), (4, 3), (3, 3), (2, 3))",0,2,2,10,,,goal,,False,512
"((0, 0), (1, 0), (2, 0), (3, 0), (4, 0), (4, 1), (4, 2), (4, 3), (3, 3), (2, 3))","((0, 0), (1, 0), (2, 0), (3, 0), (4, 0), (4, 1), (4, 2), (4, 3), (3, 3))",0,2,2,9,3,0,expanded,False,,513
"((0, 0), (1, 0), (2, 0), (3, 0), (4, 0), (4, 1), (4, 2), (4, 3), (3, 3), (3, 4), (4, 4))","((0, 0), (1, 0), (2, 0), (3, 0), (4, 0), (4, 1), (4, 2), (4, 3), (3, 3), (3, 4))",0,1,1,10,,,pruned,,,514
"((0, 0), (1, 0), (2, 0), (3, 0), (4, 0), (4, 1), (4, 2), (4, 3), (3, 3), (3, 4), (2, 4))","((0, 0), (1, 0), (2, 0), (3, 0), (4, 0), (4, 1), (4, 2), (4, 3), (3, 3), (3, 4))",0,2,2,10,,,goal,,False,515
"((0, 0), (1, 0), (2, 0), (3, 0), (4, 0), (4, 1), (4, 2), (4, 3), (3, 3), (3, 4), (3, 5))","((0, 0), (1, 0), (2, 0), (3, 0), (4, 0), (4, 1), (4, 2), (4, 3), (3, 3), (3, 4))",0,2,2,10,,,goal,,False,516
"((0, 0), (1, 0), (2, 0), (3, 0), (4, 0), (4, 1), (4, 2), (4, 3), (3, 3), (3, 4))","((0, 0), (1, 0), (2, 0), (3, 0), (4, 0), (4, 1), (4, 2), (4, 3), (3, 3))",0,2,2,9,3,1,expanded,False,,517
"((0, 0), (1, 0), (2, 0), (3, 0), (4, 0), (4, 1), (4, 2), (4, 3), (3, 3))","((0, 0), (1, 0), (2, 0), (3, 0), (4, 0), (4, 1), (4, 2), (4, 3))",0,2,2,8,3,0,expanded,False,,518
"((0, 0), (1, 0), (2, 0), (3, 0), (4, 0), (4, 1), (4, 2), (4, 3), (4, 4), (5, 4), (5, 3))","((0, 0), (1, 0), (2, 0), (3, 0), (4, 0), (4, 1), (4, 2), (4, 3), (4, 4), (5, 4))",0,1,1,10,,,pruned,,,519
"((0, 0), (1, 0), (2, 0), (3, 0), (4, 0), (4, 1), (4, 2), (4, 3), (4, 4), (5, 4), (6, 4))","((0, 0), (1, 0), (2, 0), (3, 0), (4, 0), (4, 1), (4, 2), (4, 3), (4, 4), (5, 4))",0,2,2,10,,,goal,,False,520
"((0, 0), (1, 0), (2, 0), (3, 0), (4, 0), (4, 1), (4, 2), (4, 3), (4, 4), (5, 4), (5, 5))","((0, 0), (1, 0), (2, 0), (3, 0), (4, 0), (4, 1), (4, 2), (4, 3), (4, 4), (5, 4))",0,2,2,10,,,goal,,False,521
"((0, 0), (1, 0), (2, 0), (3, 0), (4, 0), (4, 1), (4, 2), (4, 3), (4, 4), (5, 4))","((0, 0), (1, 0), (2, 0), (3, 0), (4, 0), (4, 1), (4, 2), (4, 3), (4, 4))",0,2,2,9,3,1,expanded,False,,522
"((0, 0), (1, 0), (2, 0), (3, 0), (4, 0), (4, 1), (4, 2), (4, 3), (4, 4), (3, 4), (3, 3))","((0, 0), (1, 0), (2, 0), (3, 0), (4, 0), (4, 1), (4, 2), (4, 3), (4, 4), (3, 4))",0,1,1,10,,,pruned,,,523
"((0, 0), (1, 0), (2, 0), (3, 0), (4, 0), (4, 1), (4, 2), (4, 3), (4, 4), (3, 4), (2, 4))","((0, 0), (1, 0), (2, 0), (3, 0), (4, 0), (4, 1), (4, 2), (4, 3), (4, 4), (3, 4))",0,2,2,10,,,goal,,False,524
"((0, 0), (1, 0), (2, 0), (3, 0), (4, 0), (4, 1), (4, 2), (4, 3), (4, 4), (3, 4), (3, 5))","((0, 0), (1, 0), (2, 0), (3, 0), (4, 0), (4, 1), (4, 2), (4, 3), (4, 4), (3, 4))",0,2,2,10,,,goal,,False,525
"((0, 0), (1, 0), (2, 0), (3, 0), (4, 0), (4, 1), (4, 2), (4, 3), (4, 4), (3, 4))","((0, 0), (1, 0), (2, 0), (3, 0), (4, 0), (4, 1), (4, 2), (4, 3), (4, 4))",0,2,2,9,3,1,expanded,False,,526
"((0, 0), (1, 0), (2, 0), (3, 0), (4, 0), (4, 1), (4, 2), (4, 3), (4, 4), (4, 5), (5, 5))","((0, 0), (1, 0), (2, 0), (3, 0), (4, 0), (4, 1), (4, 2), (4, 3), (4, 4), (4, 5))",0,2,2,10,,,goal,,False,527
"((0, 0), (1, 0), (2, 0), (3, 0), (4, 0), (4, 1), (4, 2), (4, 3), (4, 4), (4, 5), (3, 5))","((0, 0), (1, 0), (2, 0), (3, 0), (4, 0), (4, 1), (4, 2), (4, 3), (4, 4), (4, 5))",0,2,2,10,,,goal,,False,528
"((0, 0), (1, 0), (2, 0), (3, 0), (4, 0), (4, 1), (4, 2), (4, 3), (4, 4), (4, 5), (4, 6))","((0, 0), (1, 0), (2, 0), (3, 0), (4, 0), (4, 1), (4, 2), (4, 3), (4, 4), (4, 5))",0,2,2,10,,,goal,,False,529
"((0, 0), (1, 0), (2, 0), (3, 0), (4, 0), (4, 1), (4, 2), (4, 3), (4, 4), (4, 5))","((0, 0), (1, 0), (2, 0), (3, 0), (4, 0), (4, 1), (4, 2), (4, 3), (4, 4))",0,2,2,9,3,0,expanded,False,,530
"((0, 0), (1, 0), (2, 0), (3, 0), (4, 0), (4, 1), (4, 2), (4, 3), (4, 4))","((0, 0), (1, 0), (2, 0), (3, 0), (4, 0), (4, 1), (4, 2), (4, 3))",0,2,2,8,3,0,expanded,False,,531
"((0, 0), (1, 0), (2, 0), (3, 0), (4, 0), (4, 1), (4, 2), (4, 3))","((0, 0), (1, 0), (2, 0), (3, 0), (4, 0), (4, 1), (4, 2))",0,3,3,7,3,0,expanded,False,,532
"((0, 0), (1, 0), (2, 0), (3, 0), (4, 0), (4, 1), (4, 2))","((0, 0), (1, 0), (2, 0), (3, 0), (4, 0), (4, 1))",0,2,2,6,3,0,expanded,False,,533
"((0, 0), (1, 0), (2, 0), (3, 0), (4, 0), (4, 1))","((0, 0), (1, 0), (2, 0), (3, 0), (4, 0))",0,2,2,5,3,0,expanded,False,,534
"((0, 0), (1, 0), (2, 0), (3, 0), (4, 0), (4, -1), (5, -1), (5, 0), (6, 0), (6, -1), (7, -1))","((0, 0), (1, 0), (2, 0), (3, 0), (4, 0), (4, -1), (5, -1), (5, 0), (6, 0), (6, -1))",1,1,2,10,,,goal,,False,535
"((0, 0), (1, 0), (2, 0), (3, 0), (4, 0), (4, -1), (5, -1), (5, 0), (6, 0), (6, -1), (6, -2))","((0, 0), (1, 0), (2, 0), (3, 0), (4, 0), (4, -1), (5, -1), (5, 0), (6, 0), (6, -1))",1,1,2,10,,,goal,,False,536
"((0, 0), (1, 0), (2, 0), (3, 0), (4, 0), (4, -1), (5, -1), (5, 0), (6, 0), (6, -1))","((0, 0), (1, 0), (2, 0), (3, 0), (4, 0), (4, -1), (5, -1), (5, 0), (6, 0))",1,1,2,9,2,0,expanded,False,,537
"((0, 0), (1, 0), (2, 0), (3, 0), (4, 0), (4, -1), (5, -1), (5, 0), (6, 0), (7, 0), (8, 0))","((0, 0), (1, 0), (2, 0), (3, 0), (4, 0), (4, -1), (5, -1), (5, 0), (6, 0), (7, 0))",1,1,2,10,,,goal,,False,538
"((0, 0), (1, 0), (2, 0), (3, 0), (4, 0), (4, -1), (5, -1), (5, 0), (6, 0), (7, 0), (7, 1))","((0, 0), (1, 0), (2, 0), (3, 0), (4, 0), (4, -1), (5, -1), (5, 0), (6, 0), (7, 0))",1,1,2,10,,,goal,,False,539
"((0, 0), (1, 0), (2, 0), (3, 0), (4, 0), (4, -1), (5, -1), (5, 0), (6, 0), (7, 0), (7, -1))","((0, 0), (1, 0), (2, 0), (3, 0), (4, 0), (4, -1), (5, -1), (5, 0), (6, 0), (7, 0))",1,1,2,10,,,goal,,False,540
"((0, 0), (1, 0), (2, 0), (3, 0), (4, 0), (4, -1), (5, -1), (5, 0), (6, 0), (7, 0))","((0, 0), (1, 0), (2, 0), (3, 0), (4, 0), (4, -1), (5, -1), (5, 0), (6, 0))",1,1,2,9,3,0,expanded,False,,541
"((0, 0), (1, 0), (2, 0), (3, 0), (4, 0), (4, -1), (5, -1), (5, 0), (6, 0), (6, 1), (5, 1))","((0, 0), (1, 0), (2, 0), (3, 0), (4, 0), (4, -1), (5, -1), (5, 0), (6, 0), (6, 1))",1,0,1,10,,,pruned,,,542
"((0, 0), (1, 0), (2, 0), (3, 0), (4, 0), (4, -1), (5, -1), (5, 0), (6, 0), (6, 1), (7, 1))","((0, 0), (1, 0), (2, 0), (3, 0), (4, 0), (4, -1), (5, -1), (5, 0), (6, 0), (6, 1))",1,1,2,10,,,goal,,False,543
"((0, 0), (1, 0), (2, 0), (3, 0), (4, 0), (4, -1), (5, -1), (5, 0), (6, 0), (6, 1), (6, 2))","((0, 0), (1, 0), (2, 0), (3, 0), (4, 0), (4, -1), (5, -1), (5, 0), (6, 0), (6, 1))",1,1,2,10,,,goal,,False,544
"((0, 0), (1, 0), (2, 0), (3, 0), (4, 0), (4, -1), (5, -1), (5, 0), (6, 0), (6, 1))","((0, 0), (1, 0), (2, 0), (3, 0), (4, 0), (4, -1), (5, -1), (5, 0), (6, 0))",1,1,2,9,3,1,expanded,False,,545
"((0, 0), (1, 0), (2, 0), (3, 0), (4, 0), (4, -1), (5, -1), (5, 0), (6, 0))","((0, 0), (1, 0), (2, 0), (3, 0), (4, 0), (4, -1), (5, -1), (5, 0))",1,1,2,8,3,0,expanded,False,,546
"((0, 0), (1, 0), (2, 0), (3, 0), (4, 0), (4, -1), (5, -1), (5, 0), (5, 1), (4, 1), (3, 1))","((0, 0), (1, 0), (2, 0), (3, 0), (4, 0), (4, -1), (5, -1), (5, 0), (5, 1), (4, 1))",1,1,2,10,,,goal,,False,547
"((0, 0), (1, 0), (2, 0), (3, 0), (4, 0), (4, -1), (5, -1), (5, 0), (5, 1), (4, 1), (4, 2))","((0, 0), (1, 0), (2, 0), (3, 0), (4, 0), (4, -1), (5, -1), (5, 0), (5, 1), (4, 1))",1,1,2,10,,,goal,,False,548
"((0, 0), (1, 0), (2, 0), (3, 0), (4, 0), (4, -1), (5, -1), (5, 0), (5, 1), (4, 1))","((0, 0), (1, 0), (2, 0), (3, 0), (4, 0), (4, -1), (5, -1), (5, 0), (5, 1))",1,1,2,9,2,0,expanded,False,,549
"((0, 0), (1, 0), (2, 0), (3, 0), (4, 0), (4, -1), (5, -1), (5, 0), (5, 1), (6, 1), (6, 0))","((0, 0), (1, 0), (2, 0), (3, 0), (4, 0), (4, -1), (5, -1), (5, 0), (5, 1), (6, 1))",1,0,1,10,,,pruned,,,550
"((0, 0), (1, 0), (2, 0), (3, 0), (4, 0), (4, -1), (5, -1), (5, 0), (5, 1), (6, 1), (7, 1))","((0, 0), (1, 0), (2, 0), (3, 0), (4, 0), (4, -1), (5, -1), (5, 0), (5, 1), (6, 1))",1,1,2,10,,,goal,,False,551
"((0, 0), (1, 0), (2, 0), (3, 0), (4, 0), (4, -1), (5, -1), (5, 0), (5, 1), (6, 1), (6, 2))","((0, 0), (1, 0), (2, 0), (3, 0), (4, 0), (4, -1), (5, -1), (5, 0), (5, 1), (6, 1))",1,1,2,10,,,goal,,False,552
"((0, 0), (1, 0), (2, 0), (3, 0), (4, 0), (4, -1), (5, -1), (5, 0), (5, 1), (6, 1))","((0, 0), (1, 0), (2, 0), (3, 0), (4, 0), (4, -1), (5, -1), (5, 0), (5, 1))",1,1,2,9,3,1,expanded,False,,553
"((0, 0), (1, 0), (2, 0), (3, 0), (4, 0), (4, -1), (5, -1), (5, 0), (5, 1), (5, 2), (6, 2))","((0, 0), (1, 0), (2, 0), (3, 0), (4, 0), (4, -1), (5, -1), (5, 0), (5, 1), (5, 2))",1,1,2,10,,,goal,,False,554
"((0, 0), (1, 0), (2, 0), (3, 0), (4, 0), (4, -1), (5, -1), (5, 0), (5, 1), (5, 2), (4, 2))","((0, 0), (1, 0), (2, 0), (3, 0), (4, 0), (4, -1), (5, -1), (5, 0), (5, 1), (5, 2))",1,1,2,10,,,goal,,False,555
"((0, 0), (1, 0), (2, 0), (3, 0), (4, 0), (4, -1), (5, -1), (5, 0), (5, 1), (5, 2), (5, 3))","((0, 0), (1, 0), (2, 0), (3, 0), (4, 0), (4, -1), (5, -1), (5, 0), (5, 1), (5, 2))",1,1,2,10,,,goal,,False,556
"((0, 0), (1, 0), (2, 0), (3, 0), (4, 0), (4, -1), (5, -1), (5, 0), (5, 1), (5, 2))","((0, 0), (1, 0), (2, 0), (3, 0), (4, 0), (4, -1), (5, -1), (5, 0), (5, 1))",1,1,2,9,3,0,expanded,False,,557
"((0, 0), (1, 0), (2, 0), (3, 0), (4, 0), (4, -1), (5, -1), (5, 0), (5, 1))","((0, 0), (1, 0), (2, 0), (3, 0), (4, 0), (4, -1), (5, -1), (5, 0))",1,1,2,8,3,0,expanded,False,,558
"((0, 0), (1, 0), (2, 0), (3, 0), (4, 0), (4, -1), (5, -1), (5, 0))","((0, 0), (1, 0), (2, 0), (3, 0), (4, 0), (4, -1), (5, -1))",1,2,3,7,2,0,expanded,False,,559
"((0, 0), (1, 0), (2, 0), (3, 0), (4, 0), (4, -1), (5, -1), (6, -1), (7, -1), (8, -1), (9, -1))","((0, 0), (1, 0), (2, 0), (3, 0), (4, 0), (4, -1), (5, -1), (6, -1), (7, -1), (8, -1))",0,2,2,10,,,goal,,False,560
"((0, 0), (1, 0), (2, 0), (3, 0), (4, 0), (4, -1), (5, -1), (6, -1), (7, -1), (8, -1), (8, 0))","((0, 0), (1, 0), (2, 0), (3, 0), (4, 0), (4, -1), (5, -1), (6, -1), (7, -1), (8, -1))",0,2,2,10,,,goal,,False,561
"((0, 0), (1, 0), (2, 0), (3, 0), (4, 0), (4, -1), (5, -1), (6, -1), (7, -1), (8, -1), (8, -2))","((0, 0), (1, 0), (2, 0), (3, 0), (4, 0), (4, -1), (5, -1), (6, -1), (7, -1), (8, -1))",0,2,2,10,,,goal,,False,562
"((0, 0), (1, 0), (2, 0), (3, 0), (4, 0), (4, -1), (5, -1), (6, -1), (7, -1), (8, -1))","((0, 0), (1, 0), (2, 0), (3, 0), (4, 0), (4, -1), (5, -1), (6, -1), (7, -1))",0,2,2,9,3,0,expanded,False,,563
"((0, 0), (1, 0), (2, 0), (3, 0), (4, 0), (4, -1), (5, -1), (6, -1), (7, -1), (7, 0), (6, 0))","((0, 0), (1, 0), (2, 0), (3, 0), (4, 0), (4, -1), (5, -1), (6, -1), (7, -1), (7, 0))",0,1,1,10,,,pruned,,,564
"((0, 0), (1, 0), (2, 0), (3, 0), (4, 0), (4, -1), (5, -1), (6, -1), (7, -1), (7, 0), (8, 0))","((0, 0), (1, 0), (2, 0), (3, 0), (4, 0), (4, -1), (5, -1), (6, -1), (7, -1), (7, 0))",0,2,2,10,,,goal,,False,565
"((0, 0), (1, 0), (2, 0), (3, 0), (4, 0), (4, -1), (5, -1), (6, -1), (7, -1), (7, 0), (7, 1))","((0, 0), (1, 0), (2, 0), (3, 0), (4, 0), (4, -1), (5, -1), (6, -1), (7, -1), (7, 0))",0,2,2,10,,,goal,,False,566
"((0, 0), (1, 0), (2, 0), (3, 0), (4, 0), (4, -1), (5, -1), (6, -1), (7, -1), (7, 0))","((0, 0), (1, 0), (2, 0), (3, 0), (4, 0), (4, -1), (5, -1), (6, -1), (7, -1))",0,2,2,9,3,1,expanded,False,,567
"((0, 0), (1, 0), (2, 0), (3, 0), (4, 0), (4, -1), (5, -1), (6, -1), (7, -1), (7, -2), (6, -2))","((0, 0), (1, 0), (2, 0), (3, 0), (4, 0), (4, -1), (5, -1), (6, -1), (7, -1), (7, -2))",0,1,1,10,,,pruned,,,568
"((0, 0), (1, 0), (2, 0), (3, 0), (4, 0), (4, -1), (5, -1), (6, -1), (7, -1), (7, -2), (8, -2))","((0, 0), (1, 0), (2, 0), (3, 0), (4, 0), (4, -1), (5, -1), (6, -1), (7, -1), (7, -2))",0,2,2,10,,,goal,,False,569
"((0, 0), (1, 0), (2, 0), (3, 0), (4, 0), (4, -1), (5, -1), (6, -1), (7, -1), (7, -2), (7, -3))","((0, 0), (1, 0), (2, 0), (3, 0), (4, 0), (4, -1), (5, -1), (6, -1), (7, -1), (7, -2))",0,2,2,10,,,goal,,False,570
"((0, 0), (1, 0), (2, 0), (3, 0), (4, 0), (4, -1), (5, -1), (6, -1), (7, -1), (7, -2))","((0, 0), (1, 0), (2, 0), (3, 0), (4, 0), (4, -1), (5, -1), (6, -1), (7, -1))",0,2,2,9,3,1,expanded,False,,571
"((0, 0), (1, 0), (2, 0), (3, 0), (4, 0), (4, -1), (5, -1), (6, -1), (7, -1))","((0, 0), (1, 0), (2, 0), (3, 0), (4, 0), (4, -1), (5, -1), (6, -1))",0,2,2,8,3,0,expanded,False,,572
"((0, 0), (1, 0), (2, 0), (3, 0), (4, 0), (4, -1), (5, -1), (6, -1), (6, 0), (5, 0), (5, 1))","((0, 0), (1, 0), (2, 0), (3, 0), (4, 0), (4, -1), (5, -1), (6, -1), (6, 0), (5, 0))",0,2,2,10,,,goal,,False,573
"((0, 0), (1, 0), (2, 0), (3, 0), (4, 0), (4, -1), (5, -1), (6, -1), (6, 0), (5, 0))","((0, 0), (1, 0), (2, 0), (3, 0), (4, 0), (4, -1), (5, -1), (6, -1), (6, 0))",0,2,2,9,1,0,expanded,False,,574
"((0, 0), (1, 0), (2, 0), (3, 0), (4, 0), (4, -1), (5, -1), (6, -1), (6, 0), (7, 0), (7, -1))","((0, 0), (1, 0), (2, 0), (3, 0), (4, 0), (4, -1), (5, -1), (6, -1), (6, 0), (7, 0))",0,1,1,10,,,pruned,,,575
"((0, 0), (1, 0), (2, 0), (3, 0), (4, 0), (4, -1), (5, -1), (6, -1), (6, 0), (7, 0), (8, 0))","((0, 0), (1, 0), (2, 0), (3, 0), (4, 0), (4, -1), (5, -1), (6, -1), (6, 0), (7, 0))",0,2,2,10,,,goal,,False,576
"((0, 0), (1, 0), (2, 0), (3, 0), (4, 0), (4, -1), (5, -1), (6, -1), (6, 0), (7, 0), (7, 1))","((0, 0), (1, 0), (2, 0), (3, 0), (4, 0), (4, -1), (5, -1), (6, -1), (6, 0), (7, 0))",0,2,2,10,,,goal,,False,577
"((0, 0), (1, 0), (2, 0), (3, 0), (4, 0), (4, -1), (5, -1), (6, -1), (6, 0), (7, 0))","((0, 0), (1, 0), (2, 0), (3, 0), (4, 0), (4, -1), (5, -1), (6, -1), (6, 0))",0,2,2,9,3,1,expanded,False,,578
"((0, 0), (1, 0), (2, 0), (3, 0), (4, 0), (4, -1), (5, -1), (6, -1), (6, 0), (6, 1), (7, 1))","((0, 0), (1, 0), (2, 0), (3, 0), (4, 0), (4, -1), (5, -1), (6, -1), (6, 0), (6, 1))",0,2,2,10,,,goal,,False,579
"((0, 0), (1, 0), (2, 0), (3, 0), (4, 0), (4, -1), (5, -1), (6, -1), (6, 0), (6, 1), (5, 1))","((0, 0), (1, 0), (2, 0), (3, 0), (4, 0), (4, -1), (5, -1), (6, -1), (6, 0), (6, 1))",0,2,2,10,,,goal,,False,580
"((0, 0), (1, 0), (2, 0), (3, 0), (4, 0), (4, -1), (5, -1), (6, -1), (6, 0), (6, 1), (6, 2))","((0, 0), (1, 0), (2, 0), (3, 0), (4, 0), (4, -1), (5, -1), (6, -1), (6, 0), (6, 1))",0,2,2,10,,,goal,,False,581
"((0, 0), (1, 0), (2, 0), (3, 0), (4, 0), (4, -1), (5, -1), (6, -1), (6, 0), (6, 1))","((0, 0), (1, 0), (2, 0), (3, 0), (4, 0), (4, -1), (5, -1), (6, -1), (6, 0))",0,2,2,9,3,0,expanded,False,,582
"((0, 0), (1, 0), (2, 0), (3, 0), (4, 0), (4, -1), (5, -1), (6, -1), (6, 0))","((0, 0), (1, 0), (2, 0), (3, 0), (4, 0), (4, -1), (5, -1), (6, -1))",0,2,2,8,3,0,expanded,False,,583
"((0, 0), (1, 0), (2, 0), (3, 0), (4, 0), (4, -1), (5, -1), (6, -1), (6, -2), (5, -2), (4, -2))","((0, 0), (1, 0), (2, 0), (3, 0), (4, 0), (4, -1), (5, -1), (6, -1), (6, -2), (5, -2))",0,2,2,10,,,goal,,False,584
"((0, 0), (1, 0), (2, 0), (3, 0), (4, 0), (4, -1), (5, -1), (6, -1), (6, -2), (5, -2), (5, -3))","((0, 0), (1, 0), (2, 0), (3, 0), (4, 0), (4, -1), (5, -1), (6, -1), (6, -2), (5, -2))",0,2,2,10,,,goal,,False,585
"((0, 0), (1, 0), (2, 0), (3, 0), (4, 0), (4, -1), (5, -1), (6, -1), (6, -2), (5, -2))","((0, 0), (1, 0), (2, 0), (3, 0), (4, 0), (4, -1), (5, -1), (6, -1), (6, -2))",0,2,2,9,2,0,expanded,False,,586
"((0, 0), (1, 0), (2, 0), (3, 0), (4, 0), (4, -1), (5, -1), (6, -1), (6, -2), (7, -2), (7, -1))","((0, 0), (1, 0), (2, 0), (3, 0), (4, 0), (4, -1), (5, -1), (6, -1), (6, -2), (7, -2))",0,1,1,10,,,pruned,,,587
"((0, 0), (1, 0), (2, 0), (3, 0), (4, 0), (4, -1), (5, -1), (6, -1), (6, -2), (7, -2), (8, -2))","((0, 0), (1, 0), (2, 0), (3, 0), (4, 0), (4, -1), (5, -1), (6, -1), (6, -2), (7, -2))",0,2,2,10,,,goal,,False,588
"((0, 0), (1, 0), (2, 0), (3, 0), (4, 0), (4, -1), (5, -1), (6, -1), (6, -2), (7, -2), (7, -3))","((0, 0), (1, 0), (2, 0), (3, 0), (4, 0), (4, -1), (5, -1), (6, -1), (6, -2), (7, -2))",0,2,2,10,,,goal,,False,589
"((0, 0), (1, 0), (2, 0), (3, 0), (4, 0), (4, -1), (5, -1), (6, -1), (6, -2), (7, -2))","((0, 0), (1, 0), (2, 0), (3, 0), (4, 0), (4, -1), (5, -1), (6, -1), (6, -2))",0,2,2,9,3,1,expanded,False,,590
"((0, 0), (1, 0), (2, 0), (3, 0), (4, 0), (4, -1), (5, -1), (6, -1), (6, -2), (6, -3), (7, -3))","((0, 0), (1, 0), (2, 0), (3, 0), (4, 0), (4, -1), (5, -1), (6, -1), (6, -2), (6, -3))",0,2,2,10,,,goal,,False,591
"((0, 0), (1, 0), (2, 0), (3, 0), (4, 0), (4, -1), (5, -1), (6, -1), (6, -2), (6, -3), (5, -3))","((0, 0), (1, 0), (2, 0), (3, 0), (4, 0), (4, -1), (5, -1), (6, -1), (6, -2), (6, -3))",0,2,2,10,,,goal,,False,592
"((0, 0), (1, 0), (2, 0), (3, 0), (4, 0), (4, -1), (5, -1), (6, -1), (6, -2), (6, -3), (6, -4))","((0, 0), (1, 0), (2, 0), (3, 0), (4, 0), (4, -1), (5, -1), (6, -1), (6, -2), (6, -3))",0,2,2,10,,,goal,,False,593
"((0, 0), (1, 0), (2, 0), (3, 0), (4, 0), (4, -1), (5, -1), (6, -1), (6, -2), (6, -3))","((0, 0), (1, 0), (2, 0), (3, 0), (4, 0), (4, -1), (5, -1), (6, -1), (6, -2))",0,2,2,9,3,0,expanded,False,,594
"((0, 0), (1, 0), (2, 0), (3, 0), (4, 0), (4, -1), (5, -1), (6, -1), (6, -2))","((0, 0), (1, 0), (2, 0), (3, 0), (4, 0), (4, -1), (5, -1), (6, -1))",0,2,2,8,3,0,expanded,False,,595
"((0, 0), (1, 0), (2, 0), (3, 0), (4, 0), (4, -1), (5, -1), (6, -1))","((0, 0), (1, 0), (2, 0), (3, 0), (4, 0), (4, -1), (5, -1))",0,3,3,7,3,0,expanded,False,,596
"((0, 0), (1, 0), (2, 0), (3, 0), (4, 0), (4, -1), (5, -1), (5, -2), (6, -2), (6, -1), (7, -1))","((0, 0), (1, 0), (2, 0), (3, 0), (4, 0), (4, -1), (5, -1), (5, -2), (6, -2), (6, -1))",0,2,2,10,,,goal,,False,597
"((0, 0), (1, 0), (2, 0), (3, 0), (4, 0), (4, -1), (5, -1), (5, -2), (6, -2), (6, -1), (6, 0))","((0, 0), (1, 0), (2, 0), (3, 0), (4, 0), (4, -1), (5, -1), (5, -2), (6, -2), (6, -1))",0,2,2,10,,,goal,,False,598
"((0, 0), (1, 0), (2, 0), (3, 0), (4, 0), (4, -1), (5, -1), (5, -2), (6, -2), (6, -1))","((0, 0), (1, 0), (2, 0), (3, 0), (4, 0), (4, -1), (5, -1), (5, -2), (6, -2))",0,2,2,9,2,0,expanded,False,,599
"((0, 0), (1, 0), (2, 0), (3, 0), (4, 0), (4, -1), (5, -1), (5, -2), (6, -2), (7, -2), (8, -2))","((0, 0), (1, 0), (2, 0), (3, 0), (4, 0), (4, -1), (5, -1), (5, -2), (6, -2), (7, -2))",0,2,2,10,,,goal,,False,600
"((0, 0), (1, 0), (2, 0), (3, 0), (4, 0), (4, -1), (5, -1), (5, -2), (6, -2), (7, -2), (7, -1))","((0, 0), (1, 0), (2, 0), (3, 0), (4, 0), (4, -1), (5, -1), (5, -2), (6, -2), (7, -2))",0,2,2,10,,,goal,,False,601
"((0, 0), (1, 0), (2, 0), (3, 0), (4, 0), (4, -1), (5, -1), (5, -2), (6, -2), (7, -2), (7, -3))","((0, 0), (1, 0), (2, 0), (3, 0), (4, 0), (4, -1), (5, -1), (5, -2), (6, -2), (7, -2))",0,2,2,10,,,goal,,False,602
"((0, 0), (1, 0), (2, 0), (3, 0), (4, 0), (4, -1), (5, -1), (5, -2), (6, -2), (7, -2))","((0, 0), (1, 0), (2, 0), (3, 0), (4, 0), (4, -1), (5, -1), (5, -2), (6, -2))",0,2,2,9,3,0,expanded,False,,603
"((0, 0), (1, 0), (2, 0), (3, 0), (4, 0), (4, -1), (5, -1), (5, -2), (6, -2), (6, -3), (5, -3))","((0, 0), (1, 0), (2, 0), (3, 0), (4, 0), (4, -1), (5, -1), (5, -2), (6, -2), (6, -3))",0,1,1,10,,,pruned,,,604
"((0, 0), (1, 0), (2, 0), (3, 0), (4, 0), (4, -1), (5, -1), (5, -2), (6, -2), (6, -3), (7, -3))","((0, 0), (1, 0), (2, 0), (3, 0), (4, 0), (4, -1), (5, -1), (5, -2), (6, -2), (6, -3))",0,2,2,10,,,goal,,False,605
"((0, 0), (1, 0), (2, 0), (3, 0), (4, 0), (4, -1), (5, -1), (5, -2), (6, -2), (6, -3), (6, -4))","((0, 0), (1, 0), (2, 0), (3, 0), (4, 0), (4, -1), (5, -1), (5, -2), (6, -2), (6, -3))",0,2,2,10,,,goal,,False,606
"((0, 0), (1, 0), (2, 0), (3, 0), (4, 0), (4, -1), (5, -1), (5, -2), (6, -2), (6, -3))","((0, 0), (1, 0), (2, 0), (3, 0), (4, 0), (4, -1), (5, -1), (5, -2), (6, -2))",0,2,2,9,3,1,expanded,False,,607
"((0, 0), (1, 0), (2, 0), (3, 0), (4, 0), (4, -1), (5, -1), (5, -2), (6, -2))","((0, 0), (1, 0), (2, 0), (3, 0), (4, 0), (4, -1), (5, -1), (5, -2))",0,2,2,8,3,0,expanded,False,,608
"((0, 0), (1, 0), (2, 0), (3, 0), (4, 0), (4, -1), (5, -1), (5, -2), (4, -2), (3, -2), (2, -2))","((0, 0), (1, 0), (2, 0), (3, 0), (4, 0), (4, -1), (5, -1), (5, -2), (4, -2), (3, -2))",0,2,2,10,,,goal,,False,609
"((0, 0), (1, 0), (2, 0), (3, 0), (4, 0), (4, -1), (5, -1), (5, -2), (4, -2), (3, -2), (3, -1))","((0, 0), (1, 0), (2, 0), (3, 0), (4, 0), (4, -1), (5, -1), (5, -2), (4, -2), (3, -2))",0,2,2,10,,,goal,,False,610
"((0, 0), (1, 0), (2, 0), (3, 0), (4, 0), (4, -1), (5, -1), (5, -2), (4, -2), (3, -2), (3, -3))","((0, 0), (1, 0), (2, 0), (3, 0), (4, 0), (4, -1), (5, -1), (5, -2), (4, -2), (3, -2))",0,2,2,10,,,goal,,False,611
"((0, 0), (1, 0), (2, 0), (3, 0), (4, 0), (4, -1), (5, -1), (5, -2), (4, -2), (3, -2))","((0, 0), (1, 0), (2, 0), (3, 0), (4, 0), (4, -1), (5, -1), (5, -2), (4, -2))",0,2,2,9,3,0,expanded,False,,612
"((0, 0), (1, 0), (2, 0), (3, 0), (4, 0), (4, -1), (5, -1), (5, -2), (4, -2), (4, -3), (5, -3))","((0, 0), (1, 0), (2, 0), (3, 0), (4, 0), (4, -1), (5, -1), (5, -2), (4, -2), (4, -3))",0,1,1,10,,,pruned,,,613
"((0, 0), (1, 0), (2, 0), (3, 0), (4, 0), (4, -1), (5, -1), (5, -2), (4, -2), (4, -3), (3, -3))","((0, 0), (1, 0), (2, 0), (3, 0), (4, 0), (4, -1), (5, -1), (5, -2), (4, -2), (4, -3))",0,2,2,10,,,goal,,False,614
"((0, 0), (1, 0), (2, 0), (3, 0), (4, 0), (4, -1), (5, -1), (5, -2), (4, -2), (4, -3), (4, -4))","((0, 0), (1, 0), (2, 0), (3, 0), (4, 0), (4, -1), (5, -1), (5, -2), (4, -2), (4, -3))",0,2,2,10,,,goal,,False,615
"((0, 0), (1, 0), (2, 0), (3, 0), (4, 0), (4, -1), (5, -1), (5, -2), (4, -2), (4, -3))","((0, 0), (1, 0), (2, 0), (3, 0), (4, 0), (4, -1), (5, -1), (5, -2), (4, -2))",0,2,2,9,3,1,expanded,False,,616
"((0, 0), (1, 0), (2, 0), (3, 0), (4, 0), (4, -1), (5, -1), (5, -2), (4, -2))","((0, 0), (1, 0), (2, 0), (3, 0), (4, 0), (4, -1), (5, -1), (5, -2))",0,2,2,8,2,0,expanded,False,,617
"((0, 0), (1, 0), (2, 0), (3, 0), (4, 0), (4, -1), (5, -1), (5, -2), (5, -3), (6, -3), (6, -2))","((0, 0), (1, 0), (2, 0), (3, 0), (4, 0), (4, -1), (5, -1), (5, -2), (5, -3), (6, -3))",0,1,1,10,,,pruned,,,618
"((0, 0), (1, 0), (2, 0), (3, 0), (4, 0), (4, -1), (5, -1), (5, -2), (5, -3), (6, -3), (7, -3))","((0, 0), (1, 0), (2, 0), (3, 0), (4, 0), (4, -1), (5, -1), (5, -2), (5, -3), (6, -3))",0,2,2,10,,,goal,,False,619
"((0, 0), (1, 0), (2, 0), (3, 0), (4, 0), (4, -1), (5, -1), (5, -2), (5, -3), (6, -3), (6, -4))","((0, 0), (1, 0), (2, 0), (3, 0), (4, 0), (4, -1), (5, -1), (5, -2), (5, -3), (6, -3))",0,2,2,10,,,goal,,False,620
"((0, 0), (1, 0), (2, 0), (3, 0), (4, 0), (4, -1), (5, -1), (5, -2), (5, -3), (6, -3))","((0, 0), (1, 0), (2, 0), (3, 0), (4, 0), (4, -1), (5, -1), (5, -2), (5, -3))",0,2,2,9,3,1,expanded,False,,621
"((0, 0), (1, 0), (2, 0), (3, 0), (4, 0), (4, -1), (5, -1), (5, -2), (5, -3), (4, -3), (4, -2))","((0, 0), (1, 0), (2, 0), (3, 0), (4, 0), (4, -1), (5, -1), (5, -2), (5, -3), (4, -3))",0,1,1,10,,,pruned,,,622
"((0, 0), (1, 0), (2, 0), (3, 0), (4, 0), (4, -1), (5, -1), (5, -2), (5, -3), (4, -3), (3, -3))","((0, 0), (1, 0), (2, 0), (3, 0), (4, 0), (4, -1), (5, -1), (5, -2), (5, -3), (4, -3))",0,2,2,10,,,goal,,False,623
"((0, 0), (1, 0), (2, 0), (3, 0), (4, 0), (4, -1), (5, -1), (5, -2), (5, -3), (4, -3), (4, -4))","((0, 0), (1, 0), (2, 0), (3, 0), (4, 0), (4, -1), (5, -1), (5, -2), (5, -3), (4, -3))",0,2,2,10,,,goal,,False,624
"((0, 0), (1, 0), (2, 0), (3, 0), (4, 0), (4, -1), (5, -1), (5, -2), (5, -3), (4, -3))","((0, 0), (1, 0), (2, 0), (3, 0), (4, 0), (4, -1), (5, -1), (5, -2), (5, -3))",0,2,2,9,3,1,expanded,False,,625
"((0, 0), (1, 0), (2, 0), (3, 0), (4, 0), (4, -1), (5, -1), (5, -2), (5, -3), (5, -4), (6, -4))","((0, 0), (1, 0), (2, 0), (3, 0), (4, 0), (4, -1), (5, -1), (5, -2), (5, -3), (5, -4))",0,2,2,10,,,goal,,False,626
"((0, 0), (1, 0), (2, 0), (3, 0), (4, 0), (4, -1), (5, -1), (5, -2), (5, -3), (5, -4), (4, -4))","((0, 0), (1, 0), (2, 0), (3, 0), (4, 0), (4, -1), (5, -1), (5, -2), (5, -3), (5, -4))",0,2,2,10,,,goal,,False,627
"((0, 0), (1, 0), (2, 0), (3, 0), (4, 0), (4, -1), (5, -1), (5, -2), (5, -3), (5, -4), (5, -5))","((0, 0), (1, 0), (2, 0), (3, 0), (4, 0), (4, -1), (5, -1), (5, -2), (5, -3), (5, -4))",0,2,2,10,,,goal,,False,628
"((0, 0), (1, 0), (2, 0), (3, 0), (4, 0), (4, -1), (5, -1), (5, -2), (5, -3), (5, -4))","((0, 0), (1, 0), (2, 0), (3, 0), (4, 0), (4, -1), (5, -1), (5, -2), (5, -3))",0,2,2,9,3,0,expanded,False,,629
"((0, 0), (1, 0), (2, 0), (3, 0), (4, 0), (4, -1), (5, -1), (5, -2), (5, -3))","((0, 0), (1, 0), (2, 0), (3, 0), (4, 0), (4, -1), (5, -1), (5, -2))",0,2,2,8,3,0,expanded,False,,630
"((0, 0), (1, 0), (2, 0), (3, 0), (4, 0), (4, -1), (5, -1), (5, -2))","((0, 0), (1, 0), (2, 0), (3, 0), (4, 0), (4, -1), (5, -1))",0,3,3,7,3,0,expanded,False,,631
"((0, 0), (1, 0), (2, 0), (3, 0), (4, 0), (4, -1), (5, -1))","((0, 0), (1, 0), (2, 0), (3, 0), (4, 0), (4, -1))",0,2,2,6,3,0,expanded,False,,632
"((0, 0), (1, 0), (2, 0), (3, 0), (4, 0), (4, -1), (3, -1), (2, -1), (1, -1))","((0, 0), (1, 0), (2, 0), (3, 0), (4, 0), (4, -1), (3, -1), (2, -1))",0,1,1,8,,,pruned,,,633
"((0, 0), (1, 0), (2, 0), (3, 0), (4, 0), (4, -1), (3, -1), (2, -1), (2, -2))","((0, 0), (1, 0), (2, 0), (3, 0), (4, 0), (4, -1), (3, -1), (2, -1))",0,1,1,8,,,pruned,,,634
"((0, 0), (1, 0), (2, 0), (3, 0), (4, 0), (4, -1), (3, -1), (2, -1))","((0, 0), (1, 0), (2, 0), (3, 0), (4, 0), (4, -1), (3, -1))",0,2,2,7,2,2,expanded,True,,635
"((0, 0), (1, 0), (2, 0), (3, 0), (4, 0), (4, -1), (3, -1), (3, -2), (4, -2), (5, -2), (6, -2))","((0, 0), (1, 0), (2, 0), (3, 0), (4, 0), (4, -1), (3, -1), (3, -2), (4, -2), (5, -2))",0,2,2,10,,,goal,,False,636
"((0, 0), (1, 0), (2, 0), (3, 0), (4, 0), (4, -1), (3, -1), (3, -2), (4, -2), (5, -2), (5, -1))","((0, 0), (1, 0), (2, 0), (3, 0), (4, 0), (4, -1), (3, -1), (3, -2), (4, -2), (5, -2))",0,2,2,10,,,goal,,False,637
"((0, 0), (1, 0), (2, 0), (3, 0), (4, 0), (4, -1), (3, -1), (3, -2), (4, -2), (5, -2), (5, -3))","((0, 0), (1, 0), (2, 0), (3, 0), (4, 0), (4, -1), (3, -1), (3, -2), (4, -2), (5, -2))",0,2,2,10,,,goal,,False,638
"((0, 0), (1, 0), (2, 0), (3, 0), (4, 0), (4, -1), (3, -1), (3, -2), (4, -2), (5, -2))","((0, 0), (1, 0), (2, 0), (3, 0), (4, 0), (4, -1), (3, -1), (3, -2), (4, -2))",0,2,2,9,3,0,expanded,False,,639
"((0, 0), (1, 0), (2, 0), (3, 0), (4, 0), (4, -1), (3, -1), (3, -2), (4, -2), (4, -3), (3, -3))","((0, 0), (1, 0), (2, 0), (3, 0), (4, 0), (4, -1), (3, -1), (3, -2), (4, -2), (4, -3))",0,1,1,10,,,pruned,,,640
"((0, 0), (1, 0), (2, 0), (3, 0), (4, 0), (4, -1), (3, -1), (3, -2), (4, -2), (4, -3), (5, -3))","((0, 0), (1, 0), (2, 0), (3, 0), (4, 0), (4, -1), (3, -1), (3, -2), (4, -2), (4, -3))",0,2,2,10,,,goal,,False,641
"((0, 0), (1, 0), (2, 0), (3, 0), (4, 0), (4, -1), (3, -1), (3, -2), (4, -2), (4, -3), (4, -4))","((0, 0), (1, 0), (2, 0), (3, 0), (4, 0), (4, -1), (3, -1), (3, -2), (4, -2), (4, -3))",0,2,2,10,,,goal,,False,642
"((0, 0), (1, 0), (2, 0), (3, 0), (4, 0), (4, -1), (3, -1), (3, -2), (4, -2), (4, -3))","((0, 0), (1, 0), (2, 0), (3, 0), (4, 0), (4, -1), (3, -1), (3, -2), (4, -2))",0,2,2,9,3,1,expanded,False,,643
"((0, 0), (1, 0), (2, 0), (3, 0), (4, 0), (4, -1), (3, -1), (3, -2), (4, -2))","((0, 0), (1, 0), (2, 0), (3, 0), (4, 0), (4, -1), (3, -1), (3, -2))",0,2,2,8,2,0,expanded,False,,644
"((0, 0), (1, 0), (2, 0), (3, 0), (4, 0), (4, -1), (3, -1), (3, -2), (2, -2), (2, -1), (1, -1))","((0, 0), (1, 0), (2, 0), (3, 0), (4, 0), (4, -1), (3, -1), (3, -2), (2, -2), (2, -1))",0,2,2,10,,,goal,,False,645
"((0, 0), (1, 0), (2, 0), (3, 0), (4, 0), (4, -1), (3, -1), (3, -2), (2, -2), (2, -1))","((0, 0), (1, 0), (2, 0), (3, 0), (4, 0), (4, -1), (3, -1), (3, -2), (2, -2))",0,2,2,9,1,0,expanded,False,,646
"((0, 0), (1, 0), (2, 0), (3, 0), (4, 0), (4, -1), (3, -1), (3, -2), (2, -2), (1, -2), (0, -2))","((0, 0), (1, 0), (2, 0), (3, 0), (4, 0), (4, -1), (3, -1), (3, -2), (2, -2), (1, -2))",0,2,2,10,,,goal,,False,647
"((0, 0), (1, 0), (2, 0), (3, 0), (4, 0), (4, -1), (3, -1), (3, -2), (2, -2), (1, -2), (1, -1))","((0, 0), (1, 0), (2, 0), (3, 0), (4, 0), (4, -1), (3, -1), (3, -2), (2, -2), (1, -2))",0,2,2,10,,,goal,,False,648
"((0, 0), (1, 0), (2, 0), (3, 0), (4, 0), (4, -1), (3, -1), (3, -2), (2, -2), (1, -2), (1, -3))","((0, 0), (1, 0), (2, 0), (3, 0), (4, 0), (4, -1), (3, -1), (3, -2), (2, -2), (1, -2))",0,2,2,10,,,goal,,False,649
"((0, 0), (1, 0), (2, 0), (3, 0), (4, 0), (4, -1), (3, -1), (3, -2), (2, -2), (1, -2))","((0, 0), (1, 0), (2, 0), (3, 0), (4, 0), (4, -1), (3, -1), (3, -2), (2, -2))",0,2,2,9,3,0,expanded,False,,650
"((0, 0), (1, 0), (2, 0), (3, 0), (4, 0), (4, -1), (3, -1), (3, -2), (2, -2), (2, -3), (3, -3))","((0, 0), (1, 0), (2, 0), (3, 0), (4, 0), (4, -1), (3, -1), (3, -2), (2, -2), (2, -3))",0,1,1,10,,,pruned,,,651
"((0, 0), (1, 0), (2, 0), (3, 0), (4, 0), (4, -1), (3, -1), (3, -2), (2, -2), (2, -3), (1, -3))","((0, 0), (1, 0), (2, 0), (3, 0), (4, 0), (4, -1), (3, -1), (3, -2), (2, -2), (2, -3))",0,2,2,10,,,goal,,False,652
"((0, 0), (1, 0), (2, 0), (3, 0), (4, 0), (4, -1), (3, -1), (3, -2), (2, -2), (2, -3), (2, -4))","((0, 0), (1, 0), (2, 0), (3, 0), (4, 0), (4, -1), (3, -1), (3, -2), (2, -2), (2, -3))",0,2,2,10,,,goal,,False,653
"((0, 0), (1, 0), (2, 0), (3, 0), (4, 0), (4, -1), (3, -1), (3, -2), (2, -2), (2, -3))","((0, 0), (1, 0), (2, 0), (3, 0), (4, 0), (4, -1), (3, -1), (3, -2), (2, -2))",0,2,2,9,3,1,expanded,False,,654
"((0, 0), (1, 0), (2, 0), (3, 0), (4, 0), (4, -1), (3, -1), (3, -2), (2, -2))","((0, 0), (1, 0), (2, 0), (3, 0), (4, 0), (4, -1), (3, -1), (3, -2))",0,2,2,8,3,0,expanded,False,,655
"((0, 0), (1, 0), (2, 0), (3, 0), (4, 0), (4, -1), (3, -1), (3, -2), (3, -3), (4, -3), (4, -2))","((0, 0), (1, 0), (2, 0), (3, 0), (4, 0), (4, -1), (3, -1), (3, -2), (3, -3), (4, -3))",0,1,1,10,,,pruned,,,656
"((0, 0), (1, 0), (2, 0), (3, 0), (4, 0), (4, -1), (3, -1), (3, -2), (3, -3), (4, -3), (5, -3))","((0, 0), (1, 0), (2, 0), (3, 0), (4, 0), (4, -1), (3, -1), (3, -2), (3, -3), (4, -3))",0,2,2,10,,,goal,,False,657
"((0, 0), (1, 0), (2, 0), (3, 0), (4, 0), (4, -1), (3, -1), (3, -2), (3, -3), (4, -3), (4, -4))","((0, 0), (1, 0), (2, 0), (3, 0), (4, 0), (4, -1), (3, -1), (3, -2), (3, -3), (4, -3))",0,2,2,10,,,goal,,False,658
"((0, 0), (1, 0), (2, 0), (3, 0), (4, 0), (4, -1), (3, -1), (3, -2), (3, -3), (4, -3))","((0, 0), (1, 0), (2, 0), (3, 0), (4, 0), (4, -1), (3, -1), (3, -2), (3, -3))",0,2,2,9,3,1,expanded,False,,659
"((0, 0), (1, 0), (2, 0), (3, 0), (4, 0), (4, -1), (3, -1), (3, -2), (3, -3), (2, -3), (2, -2))","((0, 0), (1, 0), (2, 0), (3, 0), (4, 0), (4, -1), (3, -1), (3, -2), (3, -3), (2, -3))",0,1,1,10,,,pruned,,,660
"((0, 0), (1, 0), (2, 0), (3, 0), (4, 0), (4, -1), (3, -1), (3, -2), (3, -3), (2, -3), (1, -3))","((0, 0), (1, 0), (2, 0), (3, 0), (4, 0), (4, -1), (3, -1), (3, -2), (3, -3), (2, -3))",0,2,2,10,,,goal,,False,661
"((0, 0), (1, 0), (2, 0), (3, 0), (4, 0), (4, -1), (3, -1), (3, -2), (3, -3), (2, -3), (2, -4))","((0, 0), (1, 0), (2, 0), (3, 0), (4, 0), (4, -1), (3, -1), (3, -2), (3, -3), (2, -3))",0,2,2,10,,,goal,,False,662
"((0, 0), (1, 0), (2, 0), (3, 0), (4, 0), (4, -1), (3, -1), (3, -2), (3, -3), (2, -3))","((0, 0), (1, 0), (2, 0), (3, 0), (4, 0), (4, -1), (3, -1), (3, -2), (3, -3))",0,2,2,9,3,1,expanded,False,,663
"((0, 0), (1, 0), (2, 0), (3, 0), (4, 0), (4, -1), (3, -1), (3, -2), (3, -3), (3, -4), (4, -4))","((0, 0), (1, 0), (2, 0), (3, 0), (4, 0), (4, -1), (3, -1), (3, -2), (3, -3), (3, -4))",0,2,2,10,,,goal,,False,664
"((0, 0), (1, 0), (2, 0), (3, 0), (4, 0), (4, -1), (3, -1), (3, -2), (3, -3), (3, -4), (2, -4))","((0, 0), (1, 0), (2, 0), (3, 0), (4, 0), (4, -1), (3, -1), (3, -2), (3, -3), (3, -4))",0,2,2,10,,,goal,,False,665
"((0, 0), (1, 0), (2, 0), (3, 0), (4, 0), (4, -1), (3, -1), (3, -2), (3, -3), (3, -4), (3, -5))","((0, 0), (1, 0), (2, 0), (3, 0), (4, 0), (4, -1), (3, -1), (3, -2), (3, -3), (3, -4))",0,2,2,10,,,goal,,False,666
"((0, 0), (1, 0), (2, 0), (3, 0), (4, 0), (4, -1), (3, -1), (3, -2), (3, -3), (3, -4))","((0, 0), (1, 0), (2, 0), (3, 0), (4, 0), (4, -1), (3, -1), (3, -2), (3, -3))",0,2,2,9,3,0,expanded,False,,667
"((0, 0), (1, 0), (2, 0), (3, 0), (4, 0), (4, -1), (3, -1), (3, -2), (3, -3))","((0, 0), (1, 0), (2, 0), (3, 0), (4, 0), (4, -1), (3, -1), (3, -2))",0,2,2,8,3,0,expanded,False,,668
"((0, 0), (1, 0), (2, 0), (3, 0), (4, 0), (4, -1), (3, -1), (3, -2))","((0, 0), (1, 0), (2, 0), (3, 0), (4, 0), (4, -1), (3, -1))",0,3,3,7,3,0,expanded,False,,669
"((0, 0), (1, 0), (2, 0), (3, 0), (4, 0), (4, -1), (3, -1))","((0, 0), (1, 0), (2, 0), (3, 0), (4, 0), (4, -1))",0,2,2,6,2,0,expanded,False,,670
"((0, 0), (1, 0), (2, 0), (3, 0), (4, 0), (4, -1), (4, -2), (5, -2), (6, -2), (7, -2), (8, -2))","((0, 0), (1, 0), (2, 0), (3, 0), (4, 0), (4, -1), (4, -2), (5, -2), (6, -2), (7, -2))",0,2,2,10,,,goal,,False,671
"((0, 0), (1, 0), (2, 0), (3, 0), (4, 0), (4, -1), (4, -2), (5, -2), (6, -2), (7, -2), (7, -1))","((0, 0), (1, 0), (2, 0), (3, 0), (4, 0), (4, -1), (4, -2), (5, -2), (6, -2), (7, -2))",0,2,2,10,,,goal,,False,672
"((0, 0), (1, 0), (2, 0), (3, 0), (4, 0), (4, -1), (4, -2), (5, -2), (6, -2), (7, -2), (7, -3))","((0, 0), (1, 0), (2, 0), (3, 0), (4, 0), (4, -1), (4, -2), (5, -2), (6, -2), (7, -2))",0,2,2,10,,,goal,,False,673
"((0, 0), (1, 0), (2, 0), (3, 0), (4, 0), (4, -1), (4, -2), (5, -2), (6, -2), (7, -2))","((0, 0), (1, 0), (2, 0), (3, 0), (4, 0), (4, -1), (4, -2), (5, -2), (6, -2))",0,2,2,9,3,0,expanded,False,,674
"((0, 0), (1, 0), (2, 0), (3, 0), (4, 0), (4, -1), (4, -2), (5, -2), (6, -2), (6, -1), (5, -1))","((0, 0), (1, 0), (2, 0), (3, 0), (4, 0), (4, -1), (4, -2), (5, -2), (6, -2), (6, -1))",0,1,1,10,,,pruned,,,675
"((0, 0), (1, 0), (2, 0), (3, 0), (4, 0), (4, -1), (4, -2), (5, -2), (6, -2), (6, -1), (7, -1))","((0, 0), (1, 0), (2, 0), (3, 0), (4, 0), (4, -1), (4, -2), (5, -2), (6, -2), (6, -1))",0,2,2,10,,,goal,,False,676
"((0, 0), (1, 0), (2, 0), (3, 0), (4, 0), (4, -1), (4, -2), (5, -2), (6, -2), (6, -1), (6, 0))","((0, 0), (1, 0), (2, 0), (3, 0), (4, 0), (4, -1), (4, -2), (5, -2), (6, -2), (6, -1))",0,2,2,10,,,goal,,False,677
"((0, 0), (1, 0), (2, 0), (3, 0), (4, 0), (4, -1), (4, -2), (5, -2), (6, -2), (6, -1))","((0, 0), (1, 0), (2, 0), (3, 0), (4, 0), (4, -1), (4, -2), (5, -2), (6, -2))",0,2,2,9,3,1,expanded,False,,678
"((0, 0), (1, 0), (2, 0), (3, 0), (4, 0), (4, -1), (4, -2), (5, -2), (6, -2), (6, -3), (5, -3))","((0, 0), (1, 0), (2, 0), (3, 0), (4, 0), (4, -1), (4, -2), (5, -2), (6, -2), (6, -3))",0,1,1,10,,,pruned,,,679
"((0, 0), (1, 0), (2, 0), (3, 0), (4, 0), (4, -1), (4, -2), (5, -2), (6, -2), (6, -3), (7, -3))","((0, 0), (1, 0), (2, 0), (3, 0), (4, 0), (4, -1), (4, -2), (5, -2), (6, -2), (6, -3))",0,2,2,10,,,goal,,False,680
"((0, 0), (1, 0), (2, 0), (3, 0), (4, 0), (4, -1), (4, -2), (5, -2), (6, -2), (6, -3), (6, -4))","((0, 0), (1, 0), (2, 0), (3, 0), (4, 0), (4, -1), (4, -2), (5, -2), (6, -2), (6, -3))",0,2,2,10,,,goal,,False,681
"((0, 0), (1, 0), (2, 0), (3, 0), (4, 0), (4, -1), (4, -2), (5, -2), (6, -2), (6, -3))","((0, 0), (1, 0), (2, 0), (3, 0), (4, 0), (4, -1), (4, -2), (5, -2), (6, -2))",0,2,2,9,3,1,expanded,False,,682
"((0, 0), (1, 0), (2, 0), (3, 0), (4, 0), (4, -1), (4, -2), (5, -2), (6, -2))","((0, 0), (1, 0), (2, 0), (3, 0), (4, 0), (4, -1), (4, -2), (5, -2))",0,2,2,8,3,0,expanded,False,,683
"((0, 0), (1, 0), (2, 0), (3, 0), (4, 0), (4, -1), (4, -2), (5, -2), (5, -1), (5, 0), (6, 0))","((0, 0), (1, 0), (2, 0), (3, 0), (4, 0), (4, -1), (4, -2), (5, -2), (5, -1), (5, 0))",0,2,2,10,,,goal,,False,684
"((0, 0), (1, 0), (2, 0), (3, 0), (4, 0), (4, -1), (4, -2), (5, -2), (5, -1), (5, 0), (5, 1))","((0, 0), (1, 0), (2, 0), (3, 0), (4, 0), (4, -1), (4, -2), (5, -2), (5, -1), (5, 0))",0,2,2,10,,,goal,,False,685
"((0, 0), (1, 0), (2, 0), (3, 0), (4, 0), (4, -1), (4, -2), (5, -2), (5, -1), (5, 0))","((0, 0), (1, 0), (2, 0), (3, 0), (4, 0), (4, -1), (4, -2), (5, -2), (5, -1))",0,2,2,9,2,0,expanded,False,,686
"((0, 0), (1, 0), (2, 0), (3, 0), (4, 0), (4, -1), (4, -2), (5, -2), (5, -1), (6, -1), (6, -2))","((0, 0), (1, 0), (2, 0), (3, 0), (4, 0), (4, -1), (4, -2), (5, -2), (5, -1), (6, -1))",0,1,1,10,,,pruned,,,687
"((0, 0), (1, 0), (2, 0), (3, 0), (4, 0), (4, -1), (4, -2), (5, -2), (5, -1), (6, -1), (7, -1))","((0, 0), (1, 0), (2, 0), (3, 0), (4, 0), (4, -1), (4, -2), (5, -2), (5, -1), (6, -1))",0,2,2,10,,,goal,,False,688
"((0, 0), (1, 0), (2, 0), (3, 0), (4, 0), (4, -1), (4, -2), (5, -2), (5, -1), (6, -1), (6, 0))","((0, 0), (1, 0), (2, 0), (3, 0), (4, 0), (4, -1), (4, -2), (5, -2), (5, -1), (6, -1))",0,2,2,10,,,goal,,False,689
"((0, 0), (1, 0), (2, 0), (3, 0), (4, 0), (4, -1), (4, -2), (5, -2), (5, -1), (6, -1))","((0, 0), (1, 0), (2, 0), (3, 0), (4, 0), (4, -1), (4, -2), (5, -2), (5, -1))",0,2,2,9,3,1,expanded,False,,690
"((0, 0), (1, 0), (2, 0), (3, 0), (4, 0), (4, -1), (4, -2), (5, -2), (5, -1))","((0, 0), (1, 0), (2, 0), (3, 0), (4, 0), (4, -1), (4, -2), (5, -2))",0,2,2,8,2,0,expanded,False,,691
"((0, 0), (1, 0), (2, 0), (3, 0), (4, 0), (4, -1), (4, -2), (5, -2), (5, -3), (4, -3), (3, -3))","((0, 0), (1, 0), (2, 0), (3, 0), (4, 0), (4, -1), (4, -2), (5, -2), (5, -3), (4, -3))",0,2,2,10,,,goal,,False,692
"((0, 0), (1, 0), (2, 0), (3, 0), (4, 0), (4, -1), (4, -2), (5, -2), (5, -3), (4, -3), (4, -4))","((0, 0), (1, 0), (2, 0), (3, 0), (4, 0), (4, -1), (4, -2), (5, -2), (5, -3), (4, -3))",0,2,2,10,,,goal,,False,693
"((0, 0), (1, 0), (2, 0), (3, 0), (4, 0), (4, -1), (4, -2), (5, -2), (5, -3), (4, -3))","((0, 0), (1, 0), (2, 0), (3, 0), (4, 0), (4, -1), (4, -2), (5, -2), (5, -3))",0,2,2,9,2,0,expanded,False,,694
"((0, 0), (1, 0), (2, 0), (3, 0), (4, 0), (4, -1), (4, -2), (5, -2), (5, -3), (6, -3), (6, -2))","((0, 0), (1, 0), (2, 0), (3, 0), (4, 0), (4, -1), (4, -2), (5, -2), (5, -3), (6, -3))",0,1,1,10,,,pruned,,,695
"((0, 0), (1, 0), (2, 0), (3, 0), (4, 0), (4, -1), (4, -2), (5, -2), (5, -3), (6, -3), (7, -3))","((0, 0), (1, 0), (2, 0), (3, 0), (4, 0), (4, -1), (4, -2), (5, -2), (5, -3), (6, -3))",0,2,2,10,,,goal,,False,696
"((0, 0), (1, 0), (2, 0), (3, 0), (4, 0), (4, -1), (4, -2), (5, -2), (5, -3), (6, -3), (6, -4))","((0, 0), (1, 0), (2, 0), (3, 0), (4, 0), (4, -1), (4, -2), (5, -2), (5, -3), (6, -3))",0,2,2,10,,,goal,,False,697
"((0, 0), (1, 0), (2, 0), (3, 0), (4, 0), (4, -1), (4, -2), (5, -2), (5, -3), (6, -3))","((0, 0), (1, 0), (2, 0), (3, 0), (4, 0), (4, -1), (4, -2), (5, -2), (5, -3))",0,2,2,9,3,1,expanded,False,,698
"((0, 0), (1, 0), (2, 0), (3, 0), (4, 0), (4, -1), (4, -2), (5, -2), (5, -3), (5, -4), (6, -4))","((0, 0), (1, 0), (2, 0), (3, 0), (4, 0), (4, -1), (4, -2), (5, -2), (5, -3), (5, -4))",0,2,2,10,,,goal,,False,699
"((0, 0), (1, 0), (2, 0), (3, 0), (4, 0), (4, -1), (4, -2), (5, -2), (5, -3), (5, -4), (4, -4))","((0, 0), (1, 0), (2, 0), (3, 0), (4, 0), (4, -1), (4, -2), (5, -2), (5, -3), (5, -4))",0,2,2,10,,,goal,,False,700
"((0, 0), (1, 0), (2, 0), (3, 0), (4, 0), (4, -1), (4, -2), (5, -2), (5, -3), (5, -4), (5, -5))","((0, 0), (1, 0), (2, 0), (3, 0), (4, 0), (4, -1), (4, -2), (5, -2), (5, -3), (5, -4))",0,2,2,10,,,goal,,False,701
"((0, 0), (1, 0), (2, 0), (3, 0), (4, 0), (4, -1), (4, -2), (5, -2), (5, -3), (5, -4))","((0, 0), (1, 0), (2, 0), (3, 0), (4, 0), (4, -1), (4, -2), (5, -2), (5, -3))",0,2,2,9,3,0,expanded,False,,702
"((0, 0), (1, 0), (2, 0), (3, 0), (4, 0), (4, -1), (4, -2), (5, -2), (5, -3))","((0, 0), (1, 0), (2, 0), (3, 0), (4, 0), (4, -1), (4, -2), (5, -2))",0,2,2,8,3,0,expanded,False,,703
"((0, 0), (1, 0), (2, 0), (3, 0), (4, 0), (4, -1), (4, -2), (5, -2))","((0, 0), (1, 0), (2, 0), (3, 0), (4, 0), (4, -1), (4, -2))",0,3,3,7,3,0,expanded,False,,704
"((0, 0), (1, 0), (2, 0), (3, 0), (4, 0), (4, -1), (4, -2), (3, -2), (2, -2), (1, -2), (0, -2))","((0, 0), (1, 0), (2, 0), (3, 0), (4, 0), (4, -1), (4, -2), (3, -2), (2, -2), (1, -2))",0,2,2,10,,,goal,,False,705
"((0, 0), (1, 0), (2, 0), (3, 0), (4, 0), (4, -1), (4, -2), (3, -2), (2, -2), (1, -2), (1, -1))","((0, 0), (1, 0), (2, 0), (3, 0), (4, 0), (4, -1), (4, -2), (3, -2), (2, -2), (1, -2))",0,2,2,10,,,goal,,False,706
"((0, 0), (1, 0), (2, 0), (3, 0), (4, 0), (4, -1), (4, -2), (3, -2), (2, -2), (1, -2), (1, -3))","((0, 0), (1, 0), (2, 0), (3, 0), (4, 0), (4, -1), (4, -2), (3, -2), (2, -2), (1, -2))",0,2,2,10,,,goal,,False,707
"((0, 0), (1, 0), (2, 0), (3, 0), (4, 0), (4, -1), (4, -2), (3, -2), (2, -2), (1, -2))","((0, 0), (1, 0), (2, 0), (3, 0), (4, 0), (4, -1), (4, -2), (3, -2), (2, -2))",0,2,2,9,3,0,expanded,False,,708
"((0, 0), (1, 0), (2, 0), (3, 0), (4, 0), (4, -1), (4, -2), (3, -2), (2, -2), (2, -1), (3, -1))","((0, 0), (1, 0), (2, 0), (3, 0), (4, 0), (4, -1), (4, -2), (3, -2), (2, -2), (2, -1))",0,1,1,10,,,pruned,,,709
"((0, 0), (1, 0), (2, 0), (3, 0), (4, 0), (4, -1), (4, -2), (3, -2), (2, -2), (2, -1), (1, -1))","((0, 0), (1, 0), (2, 0), (3, 0), (4, 0), (4, -1), (4, -2), (3, -2), (2, -2), (2, -1))",0,2,2,10,,,goal,,False,710
"((0, 0), (1, 0), (2, 0), (3, 0), (4, 0), (4, -1), (4, -2), (3, -2), (2, -2), (2, -1))","((0, 0), (1, 0), (2, 0), (3, 0), (4, 0), (4, -1), (4, -2), (3, -2), (2, -2))",0,2,2,9,2,1,expanded,False,,711
"((0, 0), (1, 0), (2, 0), (3, 0), (4, 0), (4, -1), (4, -2), (3, -2), (2, -2), (2, -3), (3, -3))","((0, 0), (1, 0), (2, 0), (3, 0), (4, 0), (4, -1), (4, -2), (3, -2), (2, -2), (2, -3))",0,1,1,10,,,pruned,,,712
"((0, 0), (1, 0), (2, 0), (3, 0), (4, 0), (4, -1), (4, -2), (3, -2), (2, -2), (2, -3), (1, -3))","((0, 0), (1, 0), (2, 0), (3, 0), (4, 0), (4, -1), (4, -2), (3, -2), (2, -2), (2, -3))",0,2,2,10,,,goal,,False,713
"((0, 0), (1, 0), (2, 0), (3, 0), (4, 0), (4, -1), (4, -2), (3, -2), (2, -2), (2, -3), (2, -4))","((0, 0), (1, 0), (2, 0), (3, 0), (4, 0), (4, -1), (4, -2), (3, -2), (2, -2), (2, -3))",0,2,2,10,,,goal,,False,714
"((0, 0), (1, 0), (2, 0), (3, 0), (4, 0), (4, -1), (4, -2), (3, -2), (2, -2), (2, -3))","((0, 0), (1, 0), (2, 0), (3, 0), (4, 0), (4, -1), (4, -2), (3, -2), (2, -2))",0,2,2,9,3,1,expanded,False,,715
"((0, 0), (1, 0), (2, 0), (3, 0), (4, 0), (4, -1), (4, -2), (3, -2), (2, -2))","((0, 0), (1, 0), (2, 0), (3, 0), (4, 0), (4, -1), (4, -2), (3, -2))",0,2,2,8,3,0,expanded,False,,716
"((0, 0), (1, 0), (2, 0), (3, 0), (4, 0), (4, -1), (4, -2), (3, -2), (3, -1), (2, -1), (2, -2))","((0, 0), (1, 0), (2, 0), (3, 0), (4, 0), (4, -1), (4, -2), (3, -2), (3, -1), (2, -1))",0,1,1,10,,,pruned,,,717
"((0, 0), (1, 0), (2, 0), (3, 0), (4, 0), (4, -1), (4, -2), (3, -2), (3, -1), (2, -1), (1, -1))","((0, 0), (1, 0), (2, 0), (3, 0), (4, 0), (4, -1), (4, -2), (3, -2), (3, -1), (2, -1))",0,2,2,10,,,goal,,False,718
"((0, 0), (1, 0), (2, 0), (3, 0), (4, 0), (4, -1), (4, -2), (3, -2), (3, -1), (2, -1))","((0, 0), (1, 0), (2, 0), (3, 0), (4, 0), (4, -1), (4, -2), (3, -2), (3, -1))",0,2,2,9,2,1,expanded,False,,719
"((0, 0), (1, 0), (2, 0), (3, 0), (4, 0), (4, -1), (4, -2), (3, -2), (3, -1))","((0, 0), (1, 0), (2, 0), (3, 0), (4, 0), (4, -1), (4, -2), (3, -2))",0,2,2,8,1,0,expanded,False,,720
"((0, 0), (1, 0), (2, 0), (3, 0), (4, 0), (4, -1), (4, -2), (3, -2), (3, -3), (4, -3), (5, -3))","((0, 0), (1, 0), (2, 0), (3, 0), (4, 0), (4, -1), (4, -2), (3, -2), (3, -3), (4, -3))",0,2,2,10,,,goal,,False,721
"((0, 0), (1, 0), (2, 0), (3, 0), (4, 0), (4, -1), (4, -2), (3, -2), (3, -3), (4, -3), (4, -4))","((0, 0), (1, 0), (2, 0), (3, 0), (4, 0), (4, -1), (4, -2), (3, -2), (3, -3), (4, -3))",0,2,2,10,,,goal,,False,722
"((0, 0), (1, 0), (2, 0), (3, 0), (4, 0), (4, -1), (4, -2), (3, -2), (3, -3), (4, -3))","((0, 0), (1, 0), (2, 0), (3, 0), (4, 0), (4, -1), (4, -2), (3, -2), (3, -3))",0,2,2,9,2,0,expanded,False,,723
"((0, 0), (1, 0), (2, 0), (3, 0), (4, 0), (4, -1), (4, -2), (3, -2), (3, -3), (2, -3), (2, -2))","((0, 0), (1, 0), (2, 0), (3, 0), (4, 0), (4, -1), (4, -2), (3, -2), (3, -3), (2, -3))",0,1,1,10,,,pruned,,,724
"((0, 0), (1, 0), (2, 0), (3, 0), (4, 0), (4, -1), (4, -2), (3, -2), (3, -3), (2, -3), (1, -3))","((0, 0), (1, 0), (2, 0), (3, 0), (4, 0), (4, -1), (4, -2), (3, -2), (3, -3), (2, -3))",0,2,2,10,,,goal,,False,725
"((0, 0), (1, 0), (2, 0), (3, 0), (4, 0), (4, -1), (4, -2), (3, -2), (3, -3), (2, -3), (2, -4))","((0, 0), (1, 0), (2, 0), (3, 0), (4, 0), (4, -1), (4, -2), (3, -2), (3, -3), (2, -3))",0,2,2,10,,,goal,,False,726
"((0, 0), (1, 0), (2, 0), (3, 0), (4, 0), (4, -1), (4, -2), (3, -2), (3, -3), (2, -3))","((0, 0), (1, 0), (2, 0), (3, 0), (4, 0), (4, -1), (4, -2), (3, -2), (3, -3))",0,2,2,9,3,1,expanded,False,,727
"((0, 0), (1, 0), (2, 0), (3, 0), (4, 0), (4, -1), (4, -2), (3, -2), (3, -3), (3, -4), (4, -4))","((0, 0), (1, 0), (2, 0), (3, 0), (4, 0), (4, -1), (4, -2), (3, -2), (3, -3), (3, -4))",0,2,2,10,,,goal,,False,728
"((0, 0), (1, 0), (2, 0), (3, 0), (4, 0), (4, -1), (4, -2), (3, -2), (3, -3), (3, -4), (2, -4))","((0, 0), (1, 0), (2, 0), (3, 0), (4, 0), (4, -1), (4, -2), (3, -2), (3, -3), (3, -4))",0,2,2,10,,,goal,,False,729
"((0, 0), (1, 0), (2, 0), (3, 0), (4, 0), (4, -1), (4, -2), (3, -2), (3, -3), (3, -4), (3, -5))","((0, 0), (1, 0), (2, 0), (3, 0), (4, 0), (4, -1), (4, -2), (3, -2), (3, -3), (3, -4))",0,2,2,10,,,goal,,False,730
"((0, 0), (1, 0), (2, 0), (3, 0), (4, 0), (4, -1), (4, -2), (3, -2), (3, -3), (3, -4))","((0, 0), (1, 0), (2, 0), (3, 0), (4, 0), (4, -1), (4, -2), (3, -2), (3, -3))",0,2,2,9,3,0,expanded,False,,731
"((0, 0), (1, 0), (2, 0), (3, 0), (4, 0), (4, -1), (4, -2), (3, -2), (3, -3))","((0, 0), (1, 0), (2, 0), (3, 0), (4, 0), (4, -1), (4, -2), (3, -2))",0,2,2,8,3,0,expanded,False,,732
"((0, 0), (1, 0), (2, 0), (3, 0), (4, 0), (4, -1), (4, -2), (3, -2))","((0, 0), (1, 0), (2, 0), (3, 0), (4, 0), (4, -1), (4, -2))",0,3,3,7,3,0,expanded,False,,733
"((0, 0), (1, 0), (2, 0), (3, 0), (4, 0), (4, -1), (4, -2), (4, -3), (5, -3), (5, -2), (6, -2))","((0, 0), (1, 0), (2, 0), (3, 0), (4, 0), (4, -1), (4, -2), (4, -3), (5, -3), (5, -2))",0,2,2,10,,,goal,,False,734
"((0, 0), (1, 0), (2, 0), (3, 0), (4, 0), (4, -1), (4, -2), (4, -3), (5, -3), (5, -2), (5, -1))","((0, 0), (1, 0), (2, 0), (3, 0), (4, 0), (4, -1), (4, -2), (4, -3), (5, -3), (5, -2))",0,2,2,10,,,goal,,False,735
"((0, 0), (1, 0), (2, 0), (3, 0), (4, 0), (4, -1), (4, -2), (4, -3), (5, -3), (5, -2))","((0, 0), (1, 0), (2, 0), (3, 0), (4, 0), (4, -1), (4, -2), (4, -3), (5, -3))",0,2,2,9,2,0,expanded,False,,736
"((0, 0), (1, 0), (2, 0), (3, 0), (4, 0), (4, -1), (4, -2), (4, -3), (5, -3), (6, -3), (7, -3))","((0, 0), (1, 0), (2, 0), (3, 0), (4, 0), (4, -1), (4, -2), (4, -3), (5, -3), (6, -3))",0,2,2,10,,,goal,,False,737
"((0, 0), (1, 0), (2, 0), (3, 0), (4, 0), (4, -1), (4, -2), (4, -3), (5, -3), (6, -3), (6, -2))","((0, 0), (1, 0), (2, 0), (3, 0), (4, 0), (4, -1), (4, -2), (4, -3), (5, -3), (6, -3))",0,2,2,10,,,goal,,False,738
"((0, 0), (1, 0), (2, 0), (3, 0), (4, 0), (4, -1), (4, -2), (4, -3), (5, -3), (6, -3), (6, -4))","((0, 0), (1, 0), (2, 0), (3, 0), (4, 0), (4, -1), (4, -2), (4, -3), (5, -3), (6, -3))",0,2,2,10,,,goal,,False,739
"((0, 0), (1, 0), (2, 0), (3, 0), (4, 0), (4, -1), (4, -2), (4, -3), (5, -3), (6, -3))","((0, 0), (1, 0), (2, 0), (3, 0), (4, 0), (4, -1), (4, -2), (4, -3), (5, -3))",0,2,2,9,3,0,expanded,False,,740
"((0, 0), (1, 0), (2, 0), (3, 0), (4, 0), (4, -1), (4, -2), (4, -3), (5, -3), (5, -4), (4, -4))","((0, 0), (1, 0), (2, 0), (3, 0), (4, 0), (4, -1), (4, -2), (4, -3), (5, -3), (5, -4))",0,1,1,10,,,pruned,,,741
"((0, 0), (1, 0), (2, 0), (3, 0), (4, 0), (4, -1), (4, -2), (4, -3), (5, -3), (5, -4), (6, -4))","((0, 0), (1, 0), (2, 0), (3, 0), (4, 0), (4, -1), (4, -2), (4, -3), (5, -3), (5, -4))",0,2,2,10,,,goal,,False,742
"((0, 0), (1, 0), (2, 0), (3, 0), (4, 0), (4, -1), (4, -2), (4, -3), (5, -3), (5, -4), (5, -5))","((0, 0), (1, 0), (2, 0), (3, 0), (4, 0), (4, -1), (4, -2), (4, -3), (5, -3), (5, -4))",0,2,2,10,,,goal,,False,743
"((0, 0), (1, 0), (2, 0), (3, 0), (4, 0), (4, -1), (4, -2), (4, -3), (5, -3), (5, -4))","((0, 0), (1, 0), (2, 0), (3, 0), (4, 0), (4, -1), (4, -2), (4, -3), (5, -3))",0,2,2,9,3,1,expanded,False,,744
"((0, 0), (1, 0), (2, 0), (3, 0), (4, 0), (4, -1), (4, -2), (4, -3), (5, -3))","((0, 0), (1, 0), (2, 0), (3, 0), (4, 0), (4, -1), (4, -2), (4, -3))",0,2,2,8,3,0,expanded,False,,745
"((0, 0), (1, 0), (2, 0), (3, 0), (4, 0), (4, -1), (4, -2), (4, -3), (3, -3), (3, -2), (2, -2))","((0, 0), (1, 0), (2, 0), (3, 0), (4, 0), (4, -1), (4, -2), (4, -3), (3, -3), (3, -2))",0,2,2,10,,,goal,,False,746
"((0, 0), (1, 0), (2, 0), (3, 0), (4, 0), (4, -1), (4, -2), (4, -3), (3, -3), (3, -2), (3, -1))","((0, 0), (1, 0), (2, 0), (3, 0), (4, 0), (4, -1), (4, -2), (4, -3), (3, -3), (3, -2))",0,2,2,10,,,goal,,False,747
"((0, 0), (1, 0), (2, 0), (3, 0), (4, 0), (4, -1), (4, -2), (4, -3), (3, -3), (3, -2))","((0, 0), (1, 0), (2, 0), (3, 0), (4, 0), (4, -1), (4, -2), (4, -3), (3, -3))",0,2,2,9,2,0,expanded,False,,748
"((0, 0), (1, 0), (2, 0), (3, 0), (4, 0), (4, -1), (4, -2), (4, -3), (3, -3), (2, -3), (1, -3))","((0, 0), (1, 0), (2, 0), (3, 0), (4, 0), (4, -1), (4, -2), (4, -3), (3, -3), (2, -3))",0,2,2,10,,,goal,,False,749
"((0, 0), (1, 0), (2, 0), (3, 0), (4, 0), (4, -1), (4, -2), (4, -3), (3, -3), (2, -3), (2, -2))","((0, 0), (1, 0), (2, 0), (3, 0), (4, 0), (4, -1), (4, -2), (4, -3), (3, -3), (2, -3))",0,2,2,10,,,goal,,False,750
"((0, 0), (1, 0), (2, 0), (3, 0), (4, 0), (4, -1), (4, -2), (4, -3), (3, -3), (2, -3), (2, -4))","((0, 0), (1, 0), (2, 0), (3, 0), (4, 0), (4, -1), (4, -2), (4, -3), (3, -3), (2, -3))",0,2,2,10,,,goal,,False,751
"((0, 0), (1, 0), (2, 0), (3, 0), (4, 0), (4, -1), (4, -2), (4, -3), (3, -3), (2, -3))","((0, 0), (1, 0), (2, 0), (3, 0), (4, 0), (4, -1), (4, -2), (4, -3), (3, -3))",0,2,2,9,3,0,expanded,False,,752
"((0, 0), (1, 0), (2, 0), (3, 0), (4, 0), (4, -1), (4, -2), (4, -3), (3, -3), (3, -4), (4, -4))","((0, 0), (1, 0), (2, 0), (3, 0), (4, 0), (4, -1), (4, -2), (4, -3), (3, -3), (3, -4))",0,1,1,10,,,pruned,,,753
"((0, 0), (1, 0), (2, 0), (3, 0), (4, 0), (4, -1), (4, -2), (4, -3), (3, -3), (3, -4), (2, -4))","((0, 0), (1, 0), (2, 0), (3, 0), (4, 0), (4, -1), (4, -2), (4, -3), (3, -3), (3, -4))",0,2,2,10,,,goal,,False,754
"((0, 0), (1, 0), (2, 0), (3, 0), (4, 0), (4, -1), (4, -2), (4, -3), (3, -3), (3, -4), (3, -5))","((0, 0), (1, 0), (2, 0), (3, 0), (4, 0), (4, -1), (4, -2), (4, -3), (3, -3), (3, -4))",0,2,2,10,,,goal,,False,755
"((0, 0), (1, 0), (2, 0), (3, 0), (4, 0), (4, -1), (4, -2), (4, -3), (3, -3), (3, -4))","((0, 0), (1, 0), (2, 0), (3, 0), (4, 0), (4, -1), (4, -2), (4, -3), (3, -3))",0,2,2,9,3,1,expanded,False,,756
"((0, 0), (1, 0), (2, 0), (3, 0), (4, 0), (4, -1), (4, -2), (4, -3), (3, -3))","((0, 0), (1, 0), (2, 0), (3, 0), (4, 0), (4, -1), (4, -2), (4, -3))",0,2,2,8,3,0,expanded,False,,757
"((0, 0), (1, 0), (2, 0), (3, 0), (4, 0), (4, -1), (4, -2), (4, -3), (4, -4), (5, -4), (5, -3))","((0, 0), (1, 0), (2, 0), (3, 0), (4, 0), (4, -1), (4, -2), (4, -3), (4, -4), (5, -4))",0,1,1,10,,,pruned,,,758
"((0, 0), (1, 0), (2, 0), (3, 0), (4, 0), (4, -1), (4, -2), (4, -3), (4, -4), (5, -4), (6, -4))","((0, 0), (1, 0), (2, 0), (3, 0), (4, 0), (4, -1), (4, -2), (4, -3), (4, -4), (5, -4))",0,2,2,10,,,goal,,False,759
"((0, 0), (1, 0), (2, 0), (3, 0), (4, 0), (4, -1), (4, -2), (4, -3), (4, -4), (5, -4), (5, -5))","((0, 0), (1, 0), (2, 0), (3, 0), (4, 0), (4, -1), (4, -2), (4, -3), (4, -4), (5, -4))",0,2,2,10,,,goal,,False,760
"((0, 0), (1, 0), (2, 0), (3, 0), (4, 0), (4, -1), (4, -2), (4, -3), (4, -4), (5, -4))","((0, 0), (1, 0), (2, 0), (3, 0), (4, 0), (4, -1), (4, -2), (4, -3), (4, -4))",0,2,2,9,3,1,expanded,False,,761
"((0, 0), (1, 0), (2, 0), (3, 0), (4, 0), (4, -1), (4, -2), (4, -3), (4, -4), (3, -4), (3, -3))","((0, 0), (1, 0), (2, 0), (3, 0), (4, 0), (4, -1), (4, -2), (4, -3), (4, -4), (3, -4))",0,1,1,10,,,pruned,,,762
"((0, 0), (1, 0), (2, 0), (3, 0), (4, 0), (4, -1), (4, -2), (4, -3), (4, -4), (3, -4), (2, -4))","((0, 0), (1, 0), (2, 0), (3, 0), (4, 0), (4, -1), (4, -2), (4, -3), (4, -4), (3, -4))",0,2,2,10,,,goal,,False,763
"((0, 0), (1, 0), (2, 0), (3, 0), (4, 0), (4, -1), (4, -2), (4, -3), (4, -4), (3, -4), (3, -5))","((0, 0), (1, 0), (2, 0), (3, 0), (4, 0), (4, -1), (4, -2), (4, -3), (4, -4), (3, -4))",0,2,2,10,,,goal,,False,764
"((0, 0), (1, 0), (2, 0), (3, 0), (4, 0), (4, -1), (4, -2), (4, -3), (4, -4), (3, -4))","((0, 0), (1, 0), (2, 0), (3, 0), (4, 0), (4, -1), (4, -2), (4, -3), (4, -4))",0,2,2,9,3,1,expanded,False,,765
"((0, 0), (1, 0), (2, 0), (3, 0), (4, 0), (4, -1), (4, -2), (4, -3), (4, -4), (4, -5), (5, -5))","((0, 0), (1, 0), (2, 0), (3, 0), (4, 0), (4, -1), (4, -2), (4, -3), (4, -4), (4, -5))",0,2,2,10,,,goal,,False,766
"((0, 0), (1, 0), (2, 0), (3, 0), (4, 0), (4, -1), (4, -2), (4, -3), (4, -4), (4, -5), (3, -5))","((0, 0), (1, 0), (2, 0), (3, 0), (4, 0), (4, -1), (4, -2), (4, -3), (4, -4), (4, -5))",0,2,2,10,,,goal,,False,767
"((0, 0), (1, 0), (2, 0), (3, 0), (4, 0), (4, -1), (4, -2), (4, -3), (4, -4), (4, -5), (4, -6))","((0, 0), (1, 0), (2, 0), (3, 0), (4, 0), (4, -1), (4, -2), (4, -3), (4, -4), (4, -5))",0,2,2,10,,,goal,,False,768
"((0, 0), (1, 0), (2, 0), (3, 0), (4, 0), (4, -1), (4, -2), (4, -3), (4, -4), (4, -5))","((0, 0), (1, 0), (2, 0), (3, 0), (4, 0), (4, -1), (4, -2), (4, -3), (4, -4))",0,2,2,9,3,0,expanded,False,,769
"((0, 0), (1, 0), (2, 0), (3, 0), (4, 0), (4, -1), (4, -2), (4, -3), (4, -4))","((0, 0), (1, 0), (2, 0), (3, 0), (4, 0), (4, -1), (4, -2), (4, -3))",0,2,2,8,3,0,expanded,False,,770
"((0, 0), (1, 0), (2, 0), (3, 0), (4, 0), (4, -1), (4, -2), (4, -3))","((0, 0), (1, 0), (2, 0), (3, 0), (4, 0), (4, -1), (4, -2))",0,3,3,7,3,0,expanded,False,,771
"((0, 0), (1, 0), (2, 0), (3, 0), (4, 0), (4, -1), (4, -2))","((0, 0), (1, 0), (2, 0), (3, 0), (4, 0), (4, -1))",0,2,2,6,3,0,expanded,False,,772
"((0, 0), (1, 0), (2, 0), (3, 0), (4, 0), (4, -1))","((0, 0), (1, 0), (2, 0), (3, 0), (4, 0))",0,2,2,5,3,0,expanded,False,,773
"((0, 0), (1, 0), (2, 0), (3, 0), (4, 0))","((0, 0), (1, 0), (2, 0), (3, 0))",0,2,2,4,3,0,expanded,False,,774
"((0, 0), (1, 0), (2, 0), (3, 0), (3, 1), (4, 1), (5, 1), (6, 1), (7, 1), (8, 1), (9, 1))","((0, 0), (1, 0), (2, 0), (3, 0), (3, 1), (4, 1), (5, 1), (6, 1), (7, 1), (8, 1))",0,2,2,10,,,goal,,False,775
"((0, 0), (1, 0), (2, 0), (3, 0), (3, 1), (4, 1), (5, 1), (6, 1), (7, 1), (8, 1), (8, 2))","((0, 0), (1, 0), (2, 0), (3, 0), (3, 1), (4, 1), (5, 1), (6, 1), (7, 1), (8, 1))",0,2,2,10,,,goal,,False,776
"((0, 0), (1, 0), (2, 0), (3, 0), (3, 1), (4, 1), (5, 1), (6, 1), (7, 1), (8, 1), (8, 0))","((0, 0), (1, 0), (2, 0), (3, 0), (3, 1), (4, 1), (5, 1), (6, 1), (7, 1), (8, 1))",0,2,2,10,,,goal,,False,777
"((0, 0), (1, 0), (2, 0), (3, 0), (3, 1), (4, 1), (5, 1), (6, 1), (7, 1), (8, 1))","((0, 0), (1, 0), (2, 0), (3, 0), (3, 1), (4, 1), (5, 1), (6, 1), (7, 1))",0,2,2,9,3,0,expanded,False,,778
"((0, 0), (1, 0), (2, 0), (3, 0), (3, 1), (4, 1), (5, 1), (6, 1), (7, 1), (7, 2), (6, 2))","((0, 0), (1, 0), (2, 0), (3, 0), (3, 1), (4, 1), (5, 1), (6, 1), (7, 1), (7, 2))",0,1,1,10,,,pruned,,,779
"((0, 0), (1, 0), (2, 0), (3, 0), (3, 1), (4, 1), (5, 1), (6, 1), (7, 1), (7, 2), (8, 2))","((0, 0), (1, 0), (2, 0), (3, 0), (3, 1), (4, 1), (5, 1), (6, 1), (7, 1), (7, 2))",0,2,2,10,,,goal,,False,780
"((0, 0), (1, 0), (2, 0), (3, 0), (3, 1), (4, 1), (5, 1), (6, 1), (7, 1), (7, 2), (7, 3))","((0, 0), (1, 0), (2, 0), (3, 0), (3, 1), (4, 1), (5, 1), (6, 1), (7, 1), (7, 2))",0,2,2,10,,,goal,,False,781
"((0, 0), (1, 0), (2, 0), (3, 0), (3, 1), (4, 1), (5, 1), (6, 1), (7, 1), (7, 2))","((0, 0), (1, 0), (2, 0), (3, 0), (3, 1), (4, 1), (5, 1), (6, 1), (7, 1))",0,2,2,9,3,1,expanded,False,,782
"((0, 0), (1, 0), (2, 0), (3, 0), (3, 1), (4, 1), (5, 1), (6, 1), (7, 1), (7, 0), (6, 0))","((0, 0), (1, 0), (2, 0), (3, 0), (3, 1), (4, 1), (5, 1), (6, 1), (7, 1), (7, 0))",0,1,1,10,,,pruned,,,783
"((0, 0), (1, 0), (2, 0), (3, 0), (3, 1), (4, 1), (5, 1), (6, 1), (7, 1), (7, 0), (8, 0))","((0, 0), (1, 0), (2, 0), (3, 0), (3, 1), (4, 1), (5, 1), (6, 1), (7, 1), (7, 0))",0,2,2,10,,,goal,,False,784
"((0, 0), (1, 0), (2, 0), (3, 0), (3, 1), (4, 1), (5, 1), (6, 1), (7, 1), (7, 0), (7, -1))","((0, 0), (1, 0), (2, 0), (3, 0), (3, 1), (4, 1), (5, 1), (6, 1), (7, 1), (7, 0))",0,2,2,10,,,goal,,False,785
"((0, 0), (1, 0), (2, 0), (3, 0), (3, 1), (4, 1), (5, 1), (6, 1), (7, 1), (7, 0))","((0, 0), (1, 0), (2, 0), (3, 0), (3, 1), (4, 1), (5, 1), (6, 1), (7, 1))",0,2,2,9,3,1,expanded,False,,786
"((0, 0), (1, 0), (2, 0), (3, 0), (3, 1), (4, 1), (5, 1), (6, 1), (7, 1))","((0, 0), (1, 0), (2, 0), (3, 0), (3, 1), (4, 1), (5, 1), (6, 1))",0,2,2,8,3,0,expanded,False,,787
"((0, 0), (1, 0), (2, 0), (3, 0), (3, 1), (4, 1), (5, 1), (6, 1), (6, 2), (5, 2), (4, 2))","((0, 0), (1, 0), (2, 0), (3, 0), (3, 1), (4, 1), (5, 1), (6, 1), (6, 2), (5, 2))",0,2,2,10,,,goal,,False,788
"((0, 0), (1, 0), (2, 0), (3, 0), (3, 1), (4, 1), (5, 1), (6, 1), (6, 2), (5, 2), (5, 3))","((0, 0), (1, 0), (2, 0), (3, 0), (3, 1), (4, 1), (5, 1), (6, 1), (6, 2), (5, 2))",0,2,2,10,,,goal,,False,789
"((0, 0), (1, 0), (2, 0), (3, 0), (3, 1), (4, 1), (5, 1), (6, 1), (6, 2), (5, 2))","((0, 0), (1, 0), (2, 0), (3, 0), (3, 1), (4, 1), (5, 1), (6, 1), (6, 2))",0,2,2,9,2,0,expanded,False,,790
"((0, 0), (1, 0), (2, 0), (3, 0), (3, 1), (4, 1), (5, 1), (6, 1), (6, 2), (7, 2), (7, 1))","((0, 0), (1, 0), (2, 0), (3, 0), (3, 1), (4, 1), (5, 1), (6, 1), (6, 2), (7, 2))",0,1,1,10,,,pruned,,,791
"((0, 0), (1, 0), (2, 0), (3, 0), (3, 1), (4, 1), (5, 1), (6, 1), (6, 2), (7, 2), (8, 2))","((0, 0), (1, 0), (2, 0), (3, 0), (3, 1), (4, 1), (5, 1), (6, 1), (6, 2), (7, 2))",0,2,2,10,,,goal,,False,792
"((0, 0), (1, 0), (2, 0), (3, 0), (3, 1), (4, 1), (5, 1), (6, 1), (6, 2), (7, 2), (7, 3))","((0, 0), (1, 0), (2, 0), (3, 0), (3, 1), (4, 1), (5, 1), (6, 1), (6, 2), (7, 2))",0,2,2,10,,,goal,,False,793
"((0, 0), (1, 0), (2, 0), (3, 0), (3, 1), (4, 1), (5, 1), (6, 1), (6, 2), (7, 2))","((0, 0), (1, 0), (2, 0), (3, 0), (3, 1), (4, 1), (5, 1), (6, 1), (6, 2))",0,2,2,9,3,1,expanded,False,,794
"((0, 0), (1, 0), (2, 0), (3, 0), (3, 1), (4, 1), (5, 1), (6, 1), (6, 2), (6, 3), (7, 3))","((0, 0), (1, 0), (2, 0), (3, 0), (3, 1), (4, 1), (5, 1), (6, 1), (6, 2), (6, 3))",0,2,2,10,,,goal,,False,795
"((0, 0), (1, 0), (2, 0), (3, 0), (3, 1), (4, 1), (5, 1), (6, 1), (6, 2), (6, 3), (5, 3))","((0, 0), (1, 0), (2, 0), (3, 0), (3, 1), (4, 1), (5, 1), (6, 1), (6, 2), (6, 3))",0,2,2,10,,,goal,,False,796
"((0, 0), (1, 0), (2, 0), (3, 0), (3, 1), (4, 1), (5, 1), (6, 1), (6, 2), (6, 3), (6, 4))","((0, 0), (1, 0), (2, 0), (3, 0), (3, 1), (4, 1), (5, 1), (6, 1), (6, 2), (6, 3))",0,2,2,10,,,goal,,False,797
"((0, 0), (1, 0), (2, 0), (3, 0), (3, 1), (4, 1), (5, 1), (6, 1), (6, 2), (6, 3))","((0, 0), (1, 0), (2, 0), (3, 0), (3, 1), (4, 1), (5, 1), (6, 1), (6, 2))",0,2,2,9,3,0,expanded,False,,798
"((0, 0), (1, 0), (2, 0), (3, 0), (3, 1), (4, 1), (5, 1), (6, 1), (6, 2))","((0, 0), (1, 0), (2, 0), (3, 0), (3, 1), (4, 1), (5, 1), (6, 1))",0,2,2,8,3,0,expanded,False,,799
"((0, 0), (1, 0), (2, 0), (3, 0), (3, 1), (4, 1), (5, 1), (6, 1), (6, 0), (5, 0), (4, 0))","((0, 0), (1, 0), (2, 0), (3, 0), (3, 1), (4, 1), (5, 1), (6, 1), (6, 0), (5, 0))",0,2,2,10,,,goal,,False,800
"((0, 0), (1, 0), (2, 0), (3, 0), (3, 1), (4, 1), (5, 1), (6, 1), (6, 0), (5, 0), (5, -1))","((0, 0), (1, 0), (2, 0), (3, 0), (3, 1), (4, 1), (5, 1), (6, 1), (6, 0), (5, 0))",0,2,2,10,,,goal,,False,801
"((0, 0), (1, 0), (2, 0), (3, 0), (3, 1), (4, 1), (5, 1), (6, 1), (6, 0), (5, 0))","((0, 0), (1, 0), (2, 0), (3, 0), (3, 1), (4, 1), (5, 1), (6, 1), (6, 0))",0,2,2,9,2,0,expanded,False,,802
"((0, 0), (1, 0), (2, 0), (3, 0), (3, 1), (4, 1), (5, 1), (6, 1), (6, 0), (7, 0), (7, 1))","((0, 0), (1, 0), (2, 0), (3, 0), (3, 1), (4, 1), (5, 1), (6, 1), (6, 0), (7, 0))",0,1,1,10,,,pruned,,,803
"((0, 0), (1, 0), (2, 0), (3, 0), (3, 1), (4, 1), (5, 1), (6, 1), (6, 0), (7, 0), (8, 0))","((0, 0), (1, 0), (2, 0), (3, 0), (3, 1), (4, 1), (5, 1), (6, 1), (6, 0), (7, 0))",0,2,2,10,,,goal,,False,804
"((0, 0), (1, 0), (2, 0), (3, 0), (3, 1), (4, 1), (5, 1), (6, 1), (6, 0), (7, 0), (7, -1))","((0, 0), (1, 0), (2, 0), (3, 0), (3, 1), (4, 1), (5, 1), (6, 1), (6, 0), (7, 0))",0,2,2,10,,,goal,,False,805
"((0, 0), (1, 0), (2, 0), (3, 0), (3, 1), (4, 1), (5, 1), (6, 1), (6, 0), (7, 0))","((0, 0), (1, 0), (2, 0), (3, 0), (3, 1), (4, 1), (5, 1), (6, 1), (6, 0))",0,2,2,9,3,1,expanded,False,,806
"((0, 0), (1, 0), (2, 0), (3, 0), (3, 1), (4, 1), (5, 1), (6, 1), (6, 0), (6, -1), (7, -1))","((0, 0), (1, 0), (2, 0), (3, 0), (3, 1), (4, 1), (5, 1), (6, 1), (6, 0), (6, -1))",0,2,2,10,,,goal,,False,807
"((0, 0), (1, 0), (2, 0), (3, 0), (3, 1), (4, 1), (5, 1), (6, 1), (6, 0), (6, -1), (5, -1))","((0, 0), (1, 0), (2, 0), (3, 0), (3, 1), (4, 1), (5, 1), (6, 1), (6, 0), (6, -1))",0,2,2,10,,,goal,,False,808
"((0, 0), (1, 0), (2, 0), (3, 0), (3, 1), (4, 1), (5, 1), (6, 1), (6, 0), (6, -1), (6, -2))","((0, 0), (1, 0), (2, 0), (3, 0), (3, 1), (4, 1), (5, 1), (6, 1), (6, 0), (6, -1))",0,2,2,10,,,goal,,False,809
"((0, 0), (1, 0), (2, 0), (3, 0), (3, 1), (4, 1), (5, 1), (6, 1), (6, 0), (6, -1))","((0, 0), (1, 0), (2, 0), (3, 0), (3, 1), (4, 1), (5, 1), (6, 1), (6, 0))",0,2,2,9,3,0,expanded,False,,810
"((0, 0), (1, 0), (2, 0), (3, 0), (3, 1), (4, 1), (5, 1), (6, 1), (6, 0))","((0, 0), (1, 0), (2, 0), (3, 0), (3, 1), (4, 1), (5, 1), (6, 1))",0,2,2,8,3,0,expanded,False,,811
"((0, 0), (1, 0), (2, 0), (3, 0), (3, 1), (4, 1), (5, 1), (6, 1))","((0, 0), (1, 0), (2, 0), (3, 0), (3, 1), (4, 1), (5, 1))",0,3,3,7,3,0,expanded,False,,812
"((0, 0), (1, 0), (2, 0), (3, 0), (3, 1), (4, 1), (5, 1), (5, 2), (6, 2), (6, 1), (7, 1))","((0, 0), (1, 0), (2, 0), (3, 0), (3, 1), (4, 1), (5, 1), (5, 2), (6, 2), (6, 1))",0,2,2,10,,,goal,,False,813
"((0, 0), (1, 0), (2, 0), (3, 0), (3, 1), (4, 1), (5, 1), (5, 2), (6, 2), (6, 1), (6, 0))","((0, 0), (1, 0), (2, 0), (3, 0), (3, 1), (4, 1), (5, 1), (5, 2), (6, 2), (6, 1))",0,2,2,10,,,goal,,False,814
"((0, 0), (1, 0), (2, 0), (3, 0), (3, 1), (4, 1), (5, 1), (5, 2), (6, 2), (6, 1))","((0, 0), (1, 0), (2, 0), (3, 0), (3, 1), (4, 1), (5, 1), (5, 2), (6, 2))",0,2,2,9,2,0,expanded,False,,815
"((0, 0), (1, 0), (2, 0), (3, 0), (3, 1), (4, 1), (5, 1), (5, 2), (6, 2), (7, 2), (8, 2))","((0, 0), (1, 0), (2, 0), (3, 0), (3, 1), (4, 1), (5, 1), (5, 2), (6, 2), (7, 2))",0,2,2,10,,,goal,,False,816
"((0, 0), (1, 0), (2, 0), (3, 0), (3, 1), (4, 1), (5, 1), (5, 2), (6, 2), (7, 2), (7, 3))","((0, 0), (1, 0), (2, 0), (3, 0), (3, 1), (4, 1), (5, 1), (5, 2), (6, 2), (7, 2))",0,2,2,10,,,goal,,False,817
"((0, 0), (1, 0), (2, 0), (3, 0), (3, 1), (4, 1), (5, 1), (5, 2), (6, 2), (7, 2), (7, 1))","((0, 0), (1, 0), (2, 0), (3, 0), (3, 1), (4, 1), (5, 1), (5, 2), (6, 2), (7, 2))",0,2,2,10,,,goal,,False,818
"((0, 0), (1, 0), (2, 0), (3, 0), (3, 1), (4, 1), (5, 1), (5, 2), (6, 2), (7, 2))","((0, 0), (1, 0), (2, 0), (3, 0), (3, 1), (4, 1), (5, 1), (5, 2), (6, 2))",0,2,2,9,3,0,expanded,False,,819
"((0, 0), (1, 0), (2, 0), (3, 0), (3, 1), (4, 1), (5, 1), (5, 2), (6, 2), (6, 3), (5, 3))","((0, 0), (1, 0), (2, 0), (3, 0), (3, 1), (4, 1), (5, 1), (5, 2), (6, 2), (6, 3))",0,1,1,10,,,pruned,,,820
"((0, 0), (1, 0), (2, 0), (3, 0), (3, 1), (4, 1), (5, 1), (5, 2), (6, 2), (6, 3), (7, 3))","((0, 0), (1, 0), (2, 0), (3, 0), (3, 1), (4, 1), (5, 1), (5, 2), (6, 2), (6, 3))",0,2,2,10,,,goal,,False,821
"((0, 0), (1, 0), (2, 0), (3, 0), (3, 1), (4, 1), (5, 1), (5, 2), (6, 2), (6, 3), (6, 4))","((0, 0), (1, 0), (2, 0), (3, 0), (3, 1), (4, 1), (5, 1), (5, 2), (6, 2), (6, 3))",0,2,2,10,,,goal,,False,822
"((0, 0), (1, 0), (2, 0), (3, 0), (3, 1), (4, 1), (5, 1), (5, 2), (6, 2), (6, 3))","((0, 0), (1, 0), (2, 0), (3, 0), (3, 1), (4, 1), (5, 1), (5, 2), (6, 2))",0,2,2,9,3,1,expanded,False,,823
"((0, 0), (1, 0), (2, 0), (3, 0), (3, 1), (4, 1), (5, 1), (5, 2), (6, 2))","((0, 0), (1, 0), (2, 0), (3, 0), (3, 1), (4, 1), (5, 1), (5, 2))",0,2,2,8,3,0,expanded,False,,824
"((0, 0), (1, 0), (2, 0), (3, 0), (3, 1), (4, 1), (5, 1), (5, 2), (4, 2), (3, 2), (2, 2))","((0, 0), (1, 0), (2, 0), (3, 0), (3, 1), (4, 1), (5, 1), (5, 2), (4, 2), (3, 2))",0,2,2,10,,,goal,,False,825
"((0, 0), (1, 0), (2, 0), (3, 0), (3, 1), (4, 1), (5, 1), (5, 2), (4, 2), (3, 2), (3, 3))","((0, 0), (1, 0), (2, 0), (3, 0), (3, 1), (4, 1), (5, 1), (5, 2), (4, 2), (3, 2))",0,2,2,10,,,goal,,False,826
"((0, 0), (1, 0), (2, 0), (3, 0), (3, 1), (4, 1), (5, 1), (5, 2), (4, 2), (3, 2))","((0, 0), (1, 0), (2, 0), (3, 0), (3, 1), (4, 1), (5, 1), (5, 2), (4, 2))",0,2,2,9,2,0,expanded,False,,827
"((0, 0), (1, 0), (2, 0), (3, 0), (3, 1), (4, 1), (5, 1), (5, 2), (4, 2), (4, 3), (5, 3))","((0, 0), (1, 0), (2, 0), (3, 0), (3, 1), (4, 1), (5, 1), (5, 2), (4, 2), (4, 3))",0,1,1,10,,,pruned,,,828
"((0, 0), (1, 0), (2, 0), (3, 0), (3, 1), (4, 1), (5, 1), (5, 2), (4, 2), (4, 3), (3, 3))","((0, 0), (1, 0), (2, 0), (3, 0), (3, 1), (4, 1), (5, 1), (5, 2), (4, 2), (4, 3))",0,2,2,10,,,goal,,False,829
"((0, 0), (1, 0), (2, 0), (3, 0), (3, 1), (4, 1), (5, 1), (5, 2), (4, 2), (4, 3), (4, 4))","((0, 0), (1, 0), (2, 0), (3, 0), (3, 1), (4, 1), (5, 1), (5, 2), (4, 2), (4, 3))",0,2,2,10,,,goal,,False,830
"((0, 0), (1, 0), (2, 0), (3, 0), (3, 1), (4, 1), (5, 1), (5, 2), (4, 2), (4, 3))","((0, 0), (1, 0), (2, 0), (3, 0), (3, 1), (4, 1), (5, 1), (5, 2), (4, 2))",0,2,2,9,3,1,expanded,False,,831
"((0, 0), (1, 0), (2, 0), (3, 0), (3, 1), (4, 1), (5, 1), (5, 2), (4, 2))","((0, 0), (1, 0), (2, 0), (3, 0), (3, 1), (4, 1), (5, 1), (5, 2))",0,2,2,8,2,0,expanded,False,,832
"((0, 0), (1, 0), (2, 0), (3, 0), (3, 1), (4, 1), (5, 1), (5, 2), (5, 3), (6, 3), (6, 2))","((0, 0), (1, 0), (2, 0), (3, 0), (3, 1), (4, 1), (5, 1), (5, 2), (5, 3), (6, 3))",0,1,1,10,,,pruned,,,833
"((0, 0), (1, 0), (2, 0), (3, 0), (3, 1), (4, 1), (5, 1), (5, 2), (5, 3), (6, 3), (7, 3))","((0, 0), (1, 0), (2, 0), (3, 0), (3, 1), (4, 1), (5, 1), (5, 2), (5, 3), (6, 3))",0,2,2,10,,,goal,,False,834
"((0, 0), (1, 0), (2, 0), (3, 0), (3, 1), (4, 1), (5, 1), (5, 2), (5, 3), (6, 3), (6, 4))","((0, 0), (1, 0), (2, 0), (3, 0), (3, 1), (4, 1), (5, 1), (5, 2), (5, 3), (6, 3))",0,2,2,10,,,goal,,False,835
"((0, 0), (1, 0), (2, 0), (3, 0), (3, 1), (4, 1), (5, 1), (5, 2), (5, 3), (6, 3))","((0, 0), (1, 0), (2, 0), (3, 0), (3, 1), (4, 1), (5, 1), (5, 2), (5, 3))",0,2,2,9,3,1,expanded,False,,836
"((0, 0), (1, 0), (2, 0), (3, 0), (3, 1), (4, 1), (5, 1), (5, 2), (5, 3), (4, 3), (4, 2))","((0, 0), (1, 0), (2, 0), (3, 0), (3, 1), (4, 1), (5, 1), (5, 2), (5, 3), (4, 3))",0,1,1,10,,,pruned,,,837
"((0, 0), (1, 0), (2, 0), (3, 0), (3, 1), (4, 1), (5, 1), (5, 2), (5, 3), (4, 3), (3, 3))","((0, 0), (1, 0), (2, 0), (3, 0), (3, 1), (4, 1), (5, 1), (5, 2), (5, 3), (4, 3))",0,2,2,10,,,goal,,False,838
"((0, 0), (1, 0), (2, 0), (3, 0), (3, 1), (4, 1), (5, 1), (5, 2), (5, 3), (4, 3), (4, 4))","((0, 0), (1, 0), (2, 0), (3, 0), (3, 1), (4, 1), (5, 1), (5, 2), (5, 3), (4, 3))",0,2,2,10,,,goal,,False,839
"((0, 0), (1, 0), (2, 0), (3, 0), (3, 1), (4, 1), (5, 1), (5, 2), (5, 3), (4, 3))","((0, 0), (1, 0), (2, 0), (3, 0), (3, 1), (4, 1), (5, 1), (5, 2), (5, 3))",0,2,2,9,3,1,expanded,False,,840
"((0, 0), (1, 0), (2, 0), (3, 0), (3, 1), (4, 1), (5, 1), (5, 2), (5, 3), (5, 4), (6, 4))","((0, 0), (1, 0), (2, 0), (3, 0), (3, 1), (4, 1), (5, 1), (5, 2), (5, 3), (5, 4))",0,2,2,10,,,goal,,False,841
"((0, 0), (1, 0), (2, 0), (3, 0), (3, 1), (4, 1), (5, 1), (5, 2), (5, 3), (5, 4), (4, 4))","((0, 0), (1, 0), (2, 0), (3, 0), (3, 1), (4, 1), (5, 1), (5, 2), (5, 3), (5, 4))",0,2,2,10,,,goal,,False,842
"((0, 0), (1, 0), (2, 0), (3, 0), (3, 1), (4, 1), (5, 1), (5, 2), (5, 3), (5, 4), (5, 5))","((0, 0), (1, 0), (2, 0), (3, 0), (3, 1), (4, 1), (5, 1), (5, 2), (5, 3), (5, 4))",0,2,2,10,,,goal,,False,843
"((0, 0), (1, 0), (2, 0), (3, 0), (3, 1), (4, 1), (5, 1), (5, 2), (5, 3), (5, 4))","((0, 0), (1, 0), (2, 0), (3, 0), (3, 1), (4, 1), (5, 1), (5, 2), (5, 3))",0,2,2,9,3,0,expanded,False,,844
"((0, 0), (1, 0), (2, 0), (3, 0), (3, 1), (4, 1), (5, 1), (5, 2), (5, 3))","((0, 0), (1, 0), (2, 0), (3, 0), (3, 1), (4, 1), (5, 1), (5, 2))",0,2,2,8,3,0,expanded,False,,845
"((0, 0), (1, 0), (2, 0), (3, 0), (3, 1), (4, 1), (5, 1), (5, 2))","((0, 0), (1, 0), (2, 0), (3, 0), (3, 1), (4, 1), (5, 1))",0,3,3,7,3,0,expanded,False,,846
"((0, 0), (1, 0), (2, 0), (3, 0), (3, 1), (4, 1), (5, 1), (5, 0), (6, 0), (6, 1), (7, 1))","((0, 0), (1, 0), (2, 0), (3, 0), (3, 1), (4, 1), (5, 1), (5, 0), (6, 0), (6, 1))",0,2,2,10,,,goal,,False,847
"((0, 0), (1, 0), (2, 0), (3, 0), (3, 1), (4, 1), (5, 1), (5, 0), (6, 0), (6, 1), (6, 2))","((0, 0), (1, 0), (2, 0), (3, 0), (3, 1), (4, 1), (5, 1), (5, 0), (6, 0), (6, 1))",0,2,2,10,,,goal,,False,848
"((0, 0), (1, 0), (2, 0), (3, 0), (3, 1), (4, 1), (5, 1), (5, 0), (6, 0), (6, 1))","((0, 0), (1, 0), (2, 0), (3, 0), (3, 1), (4, 1), (5, 1), (5, 0), (6, 0))",0,2,2,9,2,0,expanded,False,,849
"((0, 0), (1, 0), (2, 0), (3, 0), (3, 1), (4, 1), (5, 1), (5, 0), (6, 0), (7, 0), (8, 0))","((0, 0), (1, 0), (2, 0), (3, 0), (3, 1), (4, 1), (5, 1), (5, 0), (6, 0), (7, 0))",0,2,2,10,,,goal,,False,850
"((0, 0), (1, 0), (2, 0), (3, 0), (3, 1), (4, 1), (5, 1), (5, 0), (6, 0), (7, 0), (7, 1))","((0, 0), (1, 0), (2, 0), (3, 0), (3, 1), (4, 1), (5, 1), (5, 0), (6, 0), (7, 0))",0,2,2,10,,,goal,,False,851
"((0, 0), (1, 0), (2, 0), (3, 0), (3, 1), (4, 1), (5, 1), (5, 0), (6, 0), (7, 0), (7, -1))","((0, 0), (1, 0), (2, 0), (3, 0), (3, 1), (4, 1), (5, 1), (5, 0), (6, 0), (7, 0))",0,2,2,10,,,goal,,False,852
"((0, 0), (1, 0), (2, 0), (3, 0), (3, 1), (4, 1), (5, 1), (5, 0), (6, 0), (7, 0))","((0, 0), (1, 0), (2, 0), (3, 0), (3, 1), (4, 1), (5, 1), (5, 0), (6, 0))",0,2,2,9,3,0,expanded,False,,853
"((0, 0), (1, 0), (2, 0), (3, 0), (3, 1), (4, 1), (5, 1), (5, 0), (6, 0), (6, -1), (5, -1))","((0, 0), (1, 0), (2, 0), (3, 0), (3, 1), (4, 1), (5, 1), (5, 0), (6, 0), (6, -1))",0,1,1,10,,,pruned,,,854
"((0, 0), (1, 0), (2, 0), (3, 0), (3, 1), (4, 1), (5, 1), (5, 0), (6, 0), (6, -1), (7, -1))","((0, 0), (1, 0), (2, 0), (3, 0), (3, 1), (4, 1), (5, 1), (5, 0), (6, 0), (6, -1))",0,2,2,10,,,goal,,False,855
"((0, 0), (1, 0), (2, 0), (3, 0), (3, 1), (4, 1), (5, 1), (5, 0), (6, 0), (6, -1), (6, -2))","((0, 0), (1, 0), (2, 0), (3, 0), (3, 1), (4, 1), (5, 1), (5, 0), (6, 0), (6, -1))",0,2,2,10,,,goal,,False,856
"((0, 0), (1, 0), (2, 0), (3, 0), (3, 1), (4, 1), (5, 1), (5, 0), (6, 0), (6, -1))","((0, 0), (1, 0), (2, 0), (3, 0), (3, 1), (4, 1), (5, 1), (5, 0), (6, 0))",0,2,2,9,3,1,expanded,False,,857
"((0, 0), (1, 0), (2, 0), (3, 0), (3, 1), (4, 1), (5, 1), (5, 0), (6, 0))","((0, 0), (1, 0), (2, 0), (3, 0), (3, 1), (4, 1), (5, 1), (5, 0))",0,2,2,8,3,0,expanded,False,,858
"((0, 0), (1, 0), (2, 0), (3, 0), (3, 1), (4, 1), (5, 1), (5, 0), (4, 0), (4, -1), (5, -1))","((0, 0), (1, 0), (2, 0), (3, 0), (3, 1), (4, 1), (5, 1), (5, 0), (4, 0), (4, -1))",0,1,1,10,,,pruned,,,859
"((0, 0), (1, 0), (2, 0), (3, 0), (3, 1), (4, 1), (5, 1), (5, 0), (4, 0), (4, -1), (3, -1))","((0, 0), (1, 0), (2, 0), (3, 0), (3, 1), (4, 1), (5, 1), (5, 0), (4, 0), (4, -1))",0,2,2,10,,,goal,,False,860
"((0, 0), (1, 0), (2, 0), (3, 0), (3, 1), (4, 1), (5, 1), (5, 0), (4, 0), (4, -1), (4, -2))","((0, 0), (1, 0), (2, 0), (3, 0), (3, 1), (4, 1), (5, 1), (5, 0), (4, 0), (4, -1))",0,2,2,10,,,goal,,False,861
"((0, 0), (1, 0), (2, 0), (3, 0), (3, 1), (4, 1), (5, 1), (5, 0), (4, 0), (4, -1))","((0, 0), (1, 0), (2, 0), (3, 0), (3, 1), (4, 1), (5, 1), (5, 0), (4, 0))",0,2,2,9,3,1,expanded,False,,862
"((0, 0), (1, 0), (2, 0), (3, 0), (3, 1), (4, 1), (5, 1), (5, 0), (4, 0))","((0, 0), (1, 0), (2, 0), (3, 0), (3, 1), (4, 1), (5, 1), (5, 0))",0,2,2,8,1,0,expanded,False,,863
"((0, 0), (1, 0), (2, 0), (3, 0), (3, 1), (4, 1), (5, 1), (5, 0), (5, -1), (6, -1), (6, 0))","((0, 0), (1, 0), (2, 0), (3, 0), (3, 1), (4, 1), (5, 1), (5, 0), (5, -1), (6, -1))",0,1,1,10,,,pruned,,,864
"((0, 0), (1, 0), (2, 0), (3, 0), (3, 1), (4, 1), (5, 1), (5, 0), (5, -1), (6, -1), (7, -1))","((0, 0), (1, 0), (2, 0), (3, 0), (3, 1), (4, 1), (5, 1), (5, 0), (5, -1), (6, -1))",0,2,2,10,,,goal,,False,865
"((0, 0), (1, 0), (2, 0), (3, 0), (3, 1), (4, 1), (5, 1), (5, 0), (5, -1), (6, -1), (6, -2))","((0, 0), (1, 0), (2, 0), (3, 0), (3, 1), (4, 1), (5, 1), (5, 0), (5, -1), (6, -1))",0,2,2,10,,,goal,,False,866
"((0, 0), (1, 0), (2, 0), (3, 0), (3, 1), (4, 1), (5, 1), (5, 0), (5, -1), (6, -1))","((0, 0), (1, 0), (2, 0), (3, 0), (3, 1), (4, 1), (5, 1), (5, 0), (5, -1))",0,2,2,9,3,1,expanded,False,,867
"((0, 0), (1, 0), (2, 0), (3, 0), (3, 1), (4, 1), (5, 1), (5, 0), (5, -1), (4, -1), (4, 0))","((0, 0), (1, 0), (2, 0), (3, 0), (3, 1), (4, 1), (5, 1), (5, 0), (5, -1), (4, -1))",0,1,1,10,,,pruned,,,868
"((0, 0), (1, 0), (2, 0), (3, 0), (3, 1), (4, 1), (5, 1), (5, 0), (5, -1), (4, -1), (3, -1))","((0, 0), (1, 0), (2, 0), (3, 0), (3, 1), (4, 1), (5, 1), (5, 0), (5, -1), (4, -1))",0,2,2,10,,,goal,,False,869
"((0, 0), (1, 0), (2, 0), (3, 0), (3, 1), (4, 1), (5, 1), (5, 0), (5, -1), (4, -1), (4, -2))","((0, 0), (1, 0), (2, 0), (3, 0), (3, 1), (4, 1), (5, 1), (5, 0), (5, -1), (4, -1))",0,2,2,10,,,goal,,False,870
"((0, 0), (1, 0), (2, 0), (3, 0), (3, 1), (4, 1), (5, 1), (5, 0), (5, -1), (4, -1))","((0, 0), (1, 0), (2, 0), (3, 0), (3, 1), (4, 1), (5, 1), (5, 0), (5, -1))",0,2,2,9,3,1,expanded,False,,871
"((0, 0), (1, 0), (2, 0), (3, 0), (3, 1), (4, 1), (5, 1), (5, 0), (5, -1), (5, -2), (6, -2))","((0, 0), (1, 0), (2, 0), (3, 0), (3, 1), (4, 1), (5, 1), (5, 0), (5, -1), (5, -2))",0,2,2,10,,,goal,,False,872
"((0, 0), (1, 0), (2, 0), (3, 0), (3, 1), (4, 1), (5, 1), (5, 0), (5, -1), (5, -2), (4, -2))","((0, 0), (1, 0), (2, 0), (3, 0), (3, 1), (4, 1), (5, 1), (5, 0), (5, -1), (5, -2))",0,2,2,10,,,goal,,False,873
"((0, 0), (1, 0), (2, 0), (3, 0), (3, 1), (4, 1), (5, 1), (5, 0), (5, -1), (5, -2), (5, -3))","((0, 0), (1, 0), (2, 0), (3, 0), (3, 1), (4, 1), (5, 1), (5, 0), (5, -1), (5, -2))",0,2,2,10,,,goal,,False,874
"((0, 0), (1, 0), (2, 0), (3, 0), (3, 1), (4, 1), (5, 1), (5, 0), (5, -1), (5, -2))","((0, 0), (1, 0), (2, 0), (3, 0), (3, 1), (4, 1), (5, 1), (5, 0), (5, -1))",0,2,2,9,3,0,expanded,False,,875
"((0, 0), (1, 0), (2, 0), (3, 0), (3, 1), (4, 1), (5, 1), (5, 0), (5, -1))","((0, 0), (1, 0), (2, 0), (3, 0), (3, 1), (4, 1), (5, 1), (5, 0))",0,2,2,8,3,0,expanded,False,,876
"((0, 0), (1, 0), (2, 0), (3, 0), (3, 1), (4, 1), (5, 1), (5, 0))","((0, 0), (1, 0), (2, 0), (3, 0), (3, 1), (4, 1), (5, 1))",0,3,3,7,3,0,expanded,False,,877
"((0, 0), (1, 0), (2, 0), (3, 0), (3, 1), (4, 1), (5, 1))","((0, 0), (1, 0), (2, 0), (3, 0), (3, 1), (4, 1))",0,2,2,6,3,0,expanded,False,,878
"((0, 0), (1, 0), (2, 0), (3, 0), (3, 1), (4, 1), (4, 2), (3, 2), (2, 2), (2, 1), (1, 1))","((0, 0), (1, 0), (2, 0), (3, 0), (3, 1), (4, 1), (4, 2), (3, 2), (2, 2), (2, 1))",1,1,2,10,,,goal,,False,879
"((0, 0), (1, 0), (2, 0), (3, 0), (3, 1), (4, 1), (4, 2), (3, 2), (2, 2), (2, 1))","((0, 0), (1, 0), (2, 0), (3, 0), (3, 1), (4, 1), (4, 2), (3, 2), (2, 2))",1,1,2,9,1,0,expanded,False,,880
"((0, 0), (1, 0), (2, 0), (3, 0), (3, 1), (4, 1), (4, 2), (3, 2), (2, 2), (1, 2), (0, 2))","((0, 0), (1, 0), (2, 0), (3, 0), (3, 1), (4, 1), (4, 2), (3, 2), (2, 2), (1, 2))",1,1,2,10,,,goal,,False,881
"((0, 0), (1, 0), (2, 0), (3, 0), (3, 1), (4, 1), (4, 2), (3, 2), (2, 2), (1, 2), (1, 3))","((0, 0), (1, 0), (2, 0), (3, 0), (3, 1), (4, 1), (4, 2), (3, 2), (2, 2), (1, 2))",1,1,2,10,,,goal,,False,882
"((0, 0), (1, 0), (2, 0), (3, 0), (3, 1), (4, 1), (4, 2), (3, 2), (2, 2), (1, 2), (1, 1))","((0, 0), (1, 0), (2, 0), (3, 0), (3, 1), (4, 1), (4, 2), (3, 2), (2, 2), (1, 2))",1,1,2,10,,,goal,,False,883
"((0, 0), (1, 0), (2, 0), (3, 0), (3, 1), (4, 1), (4, 2), (3, 2), (2, 2), (1, 2))","((0, 0), (1, 0), (2, 0), (3, 0), (3, 1), (4, 1), (4, 2), (3, 2), (2, 2))",1,1,2,9,3,0,expanded,False,,884
"((0, 0), (1, 0), (2, 0), (3, 0), (3, 1), (4, 1), (4, 2), (3, 2), (2, 2), (2, 3), (3, 3))","((0, 0), (1, 0), (2, 0), (3, 0), (3, 1), (4, 1), (4, 2), (3, 2), (2, 2), (2, 3))",1,0,1,10,,,pruned,,,885
"((0, 0), (1, 0), (2, 0), (3, 0), (3, 1), (4, 1), (4, 2), (3, 2), (2, 2), (2, 3), (1, 3))","((0, 0), (1, 0), (2, 0), (3, 0), (3, 1), (4, 1), (4, 2), (3, 2), (2, 2), (2, 3))",1,1,2,10,,,goal,,False,886
"((0, 0), (1, 0), (2, 0), (3, 0), (3, 1), (4, 1), (4, 2), (3, 2), (2, 2), (2, 3), (2, 4))","((0, 0), (1, 0), (2, 0), (3, 0), (3, 1), (4, 1), (4, 2), (3, 2), (2, 2), (2, 3))",1,1,2,10,,,goal,,False,887
"((0, 0), (1, 0), (2, 0), (3, 0), (3, 1), (4, 1), (4, 2), (3, 2), (2, 2), (2, 3))","((0, 0), (1, 0), (2, 0), (3, 0), (3, 1), (4, 1), (4, 2), (3, 2), (2, 2))",1,1,2,9,3,1,expanded,False,,888
"((0, 0), (1, 0), (2, 0), (3, 0), (3, 1), (4, 1), (4, 2), (3, 2), (2, 2))","((0, 0), (1, 0), (2, 0), (3, 0), (3, 1), (4, 1), (4, 2), (3, 2))",1,1,2,8,3,0,expanded,False,,889
"((0, 0), (1, 0), (2, 0), (3, 0), (3, 1), (4, 1), (4, 2), (3, 2), (3, 3), (4, 3), (5, 3))","((0, 0), (1, 0), (2, 0), (3, 0), (3, 1), (4, 1), (4, 2), (3, 2), (3, 3), (4, 3))",1,1,2,10,,,goal,,False,890
"((0, 0), (1, 0), (2, 0), (3, 0), (3, 1), (4, 1), (4, 2), (3, 2), (3, 3), (4, 3), (4, 4))","((0, 0), (1, 0), (2, 0), (3, 0), (3, 1), (4, 1), (4, 2), (3, 2), (3, 3), (4, 3))",1,1,2,10,,,goal,,False,891
"((0, 0), (1, 0), (2, 0), (3, 0), (3, 1), (4, 1), (4, 2), (3, 2), (3, 3), (4, 3))","((0, 0), (1, 0), (2, 0), (3, 0), (3, 1), (4, 1), (4, 2), (3, 2), (3, 3))",1,1,2,9,2,0,expanded,False,,892
"((0, 0), (1, 0), (2, 0), (3, 0), (3, 1), (4, 1), (4, 2), (3, 2), (3, 3), (2, 3), (2, 2))","((0, 0), (1, 0), (2, 0), (3, 0), (3, 1), (4, 1), (4, 2), (3, 2), (3, 3), (2, 3))",1,0,1,10,,,pruned,,,893
"((0, 0), (1, 0), (2, 0), (3, 0), (3, 1), (4, 1), (4, 2), (3, 2), (3, 3), (2, 3), (1, 3))","((0, 0), (1, 0), (2, 0), (3, 0), (3, 1), (4, 1), (4, 2), (3, 2), (3, 3), (2, 3))",1,1,2,10,,,goal,,False,894
"((0, 0), (1, 0), (2, 0), (3, 0), (3, 1), (4, 1), (4, 2), (3, 2), (3, 3), (2, 3), (2, 4))","((0, 0), (1, 0), (2, 0), (3, 0), (3, 1), (4, 1), (4, 2), (3, 2), (3, 3), (2, 3))",1,1,2,10,,,goal,,False,895
"((0, 0), (1, 0), (2, 0), (3, 0), (3, 1), (4, 1), (4, 2), (3, 2), (3, 3), (2, 3))","((0, 0), (1, 0), (2, 0), (3, 0), (3, 1), (4, 1), (4, 2), (3, 2), (3, 3))",1,1,2,9,3,1,expanded,False,,896
"((0, 0), (1, 0), (2, 0), (3, 0), (3, 1), (4, 1), (4, 2), (3, 2), (3, 3), (3, 4), (4, 4))","((0, 0), (1, 0), (2, 0), (3, 0), (3, 1), (4, 1), (4, 2), (3, 2), (3, 3), (3, 4))",1,1,2,10,,,goal,,False,897
"((0, 0), (1, 0), (2, 0), (3, 0), (3, 1), (4, 1), (4, 2), (3, 2), (3, 3), (3, 4), (2, 4))","((0, 0), (1, 0), (2, 0), (3, 0), (3, 1), (4, 1), (4, 2), (3, 2), (3, 3), (3, 4))",1,1,2,10,,,goal,,False,898
"((0, 0), (1, 0), (2, 0), (3, 0), (3, 1), (4, 1), (4, 2), (3, 2), (3, 3), (3, 4), (3, 5))","((0, 0), (1, 0), (2, 0), (3, 0), (3, 1), (4, 1), (4, 2), (3, 2), (3, 3), (3, 4))",1,1,2,10,,,goal,,False,899
"((0, 0), (1, 0), (2, 0), (3, 0), (3, 1), (4, 1), (4, 2), (3, 2), (3, 3), (3, 4))","((0, 0), (1, 0), (2, 0), (3, 0), (3, 1), (4, 1), (4, 2), (3, 2), (3, 3))",1,1,2,9,3,0,expanded,False,,900
"((0, 0), (1, 0), (2, 0), (3, 0), (3, 1), (4, 1), (4, 2), (3, 2), (3, 3))","((0, 0), (1, 0), (2, 0), (3, 0), (3, 1), (4, 1), (4, 2), (3, 2))",1,1,2,8,3,0,expanded,False,,901
"((0, 0), (1, 0), (2, 0), (3, 0), (3, 1), (4, 1), (4, 2), (3, 2))","((0, 0), (1, 0), (2, 0), (3, 0), (3, 1), (4, 1), (4, 2))",1,2,3,7,2,0,expanded,False,,902
"((0, 0), (1, 0), (2, 0), (3, 0), (3, 1), (4, 1), (4, 2), (5, 2), (6, 2), (7, 2), (8, 2))","((0, 0), (1, 0), (2, 0), (3, 0), (3, 1), (4, 1), (4, 2), (5, 2), (6, 2), (7, 2))",0,2,2,10,,,goal,,False,903
"((0, 0), (1, 0), (2, 0), (3, 0), (3, 1), (4, 1), (4, 2), (5, 2), (6, 2), (7, 2), (7, 3))","((0, 0), (1, 0), (2, 0), (3, 0), (3, 1), (4, 1), (4, 2), (5, 2), (6, 2), (7, 2))",0,2,2,10,,,goal,,False,904
"((0, 0), (1, 0), (2, 0), (3, 0), (3, 1), (4, 1), (4, 2), (5, 2), (6, 2), (7, 2), (7, 1))","((0, 0), (1, 0), (2, 0), (3, 0), (3, 1), (4, 1), (4, 2), (5, 2), (6, 2), (7, 2))",0,2,2,10,,,goal,,False,905
"((0, 0), (1, 0), (2, 0), (3, 0), (3, 1), (4, 1), (4, 2), (5, 2), (6, 2), (7, 2))","((0, 0), (1, 0), (2, 0), (3, 0), (3, 1), (4, 1), (4, 2), (5, 2), (6, 2))",0,2,2,9,3,0,expanded,False,,906
"((0, 0), (1, 0), (2, 0), (3, 0), (3, 1), (4, 1), (4, 2), (5, 2), (6, 2), (6, 3), (5, 3))","((0, 0), (1, 0), (2, 0), (3, 0), (3, 1), (4, 1), (4, 2), (5, 2), (6, 2), (6, 3))",0,1,1,10,,,pruned,,,907
"((0, 0), (1, 0), (2, 0), (3, 0), (3, 1), (4, 1), (4, 2), (5, 2), (6, 2), (6, 3), (7, 3))","((0, 0), (1, 0), (2, 0), (3, 0), (3, 1), (4, 1), (4, 2), (5, 2), (6, 2), (6, 3))",0,2,2,10,,,goal,,False,908
"((0, 0), (1, 0), (2, 0), (3, 0), (3, 1), (4, 1), (4, 2), (5, 2), (6, 2), (6, 3), (6, 4))","((0, 0), (1, 0), (2, 0), (3, 0), (3, 1), (4, 1), (4, 2), (5, 2), (6, 2), (6, 3))",0,2,2,10,,,goal,,False,909
"((0, 0), (1, 0), (2, 0), (3, 0), (3, 1), (4, 1), (4, 2), (5, 2), (6, 2), (6, 3))","((0, 0), (1, 0), (2, 0), (3, 0), (3, 1), (4, 1), (4, 2), (5, 2), (6, 2))",0,2,2,9,3,1,expanded,False,,910
"((0, 0), (1, 0), (2, 0), (3, 0), (3, 1), (4, 1), (4, 2), (5, 2), (6, 2), (6, 1), (5, 1))","((0, 0), (1, 0), (2, 0), (3, 0), (3, 1), (4, 1), (4, 2), (5, 2), (6, 2), (6, 1))",0,1,1,10,,,pruned,,,911
"((0, 0), (1, 0), (2, 0), (3, 0), (3, 1), (4, 1), (4, 2), (5, 2), (6, 2), (6, 1), (7, 1))","((0, 0), (1, 0), (2, 0), (3, 0), (3, 1), (4, 1), (4, 2), (5, 2), (6, 2), (6, 1))",0,2,2,10,,,goal,,False,912
"((0, 0), (1, 0), (2, 0), (3, 0), (3, 1), (4, 1), (4, 2), (5, 2), (6, 2), (6, 1), (6, 0))","((0, 0), (1, 0), (2, 0), (3, 0), (3, 1), (4, 1), (4, 2), (5, 2), (6, 2), (6, 1))",0,2,2,10,,,goal,,False,913
"((0, 0), (1, 0), (2, 0), (3, 0), (3, 1), (4, 1), (4, 2), (5, 2), (6, 2), (6, 1))","((0, 0), (1, 0), (2, 0), (3, 0), (3, 1), (4, 1), (4, 2), (5, 2), (6, 2))",0,2,2,9,3,1,expanded,False,,914
"((0, 0), (1, 0), (2, 0), (3, 0), (3, 1), (4, 1), (4, 2), (5, 2), (6, 2))","((0, 0), (1, 0), (2, 0), (3, 0), (3, 1), (4, 1), (4, 2), (5, 2))",0,2,2,8,3,0,expanded,False,,915
"((0, 0), (1, 0), (2, 0), (3, 0), (3, 1), (4, 1), (4, 2), (5, 2), (5, 3), (4, 3), (3, 3))","((0, 0), (1, 0), (2, 0), (3, 0), (3, 1), (4, 1), (4, 2), (5, 2), (5, 3), (4, 3))",0,2,2,10,,,goal,,False,916
"((0, 0), (1, 0), (2, 0), (3, 0), (3, 1), (4, 1), (4, 2), (5, 2), (5, 3), (4, 3), (4, 4))","((0, 0), (1, 0), (2, 0), (3, 0), (3, 1), (4, 1), (4, 2), (5, 2), (5, 3), (4, 3))",0,2,2,10,,,goal,,False,917
"((0, 0), (1, 0), (2, 0), (3, 0), (3, 1), (4, 1), (4, 2), (5, 2), (5, 3), (4, 3))","((0, 0), (1, 0), (2, 0), (3, 0), (3, 1), (4, 1), (4, 2), (5, 2), (5, 3))",0,2,2,9,2,0,expanded,False,,918
"((0, 0), (1, 0), (2, 0), (3, 0), (3, 1), (4, 1), (4, 2), (5, 2), (5, 3), (6, 3), (6, 2))","((0, 0), (1, 0), (2, 0), (3, 0), (3, 1), (4, 1), (4, 2), (5, 2), (5, 3), (6, 3))",0,1,1,10,,,pruned,,,919
"((0, 0), (1, 0), (2, 0), (3, 0), (3, 1), (4, 1), (4, 2), (5, 2), (5, 3), (6, 3), (7, 3))","((0, 0), (1, 0), (2, 0), (3, 0), (3, 1), (4, 1), (4, 2), (5, 2), (5, 3), (6, 3))",0,2,2,10,,,goal,,False,920
"((0, 0), (1, 0), (2, 0), (3, 0), (3, 1), (4, 1), (4, 2), (5, 2), (5, 3), (6, 3), (6, 4))","((0, 0), (1, 0), (2, 0), (3, 0), (3, 1), (4, 1), (4, 2), (5, 2), (5, 3), (6, 3))",0,2,2,10,,,goal,,False,921
"((0, 0), (1, 0), (2, 0), (3, 0), (3, 1), (4, 1), (4, 2), (5, 2), (5, 3), (6, 3))","((0, 0), (1, 0), (2, 0), (3, 0), (3, 1), (4, 1), (4, 2), (5, 2), (5, 3))",0,2,2,9,3,1,expanded,False,,922
"((0, 0), (1, 0), (2, 0), (3, 0), (3, 1), (4, 1), (4, 2), (5, 2), (5, 3), (5, 4), (6, 4))","((0, 0), (1, 0), (2, 0), (3, 0), (3, 1), (4, 1), (4, 2), (5, 2), (5, 3), (5, 4))",0,2,2,10,,,goal,,False,923
"((0, 0), (1, 0), (2, 0), (3, 0), (3, 1), (4, 1), (4, 2), (5, 2), (5, 3), (5, 4), (4, 4))","((0, 0), (1, 0), (2, 0), (3, 0), (3, 1), (4, 1), (4, 2), (5, 2), (5, 3), (5, 4))",0,2,2,10,,,goal,,False,924
"((0, 0), (1, 0), (2, 0), (3, 0), (3, 1), (4, 1), (4, 2), (5, 2), (5, 3), (5, 4), (5, 5))","((0, 0), (1, 0), (2, 0), (3, 0), (3, 1), (4, 1), (4, 2), (5, 2), (5, 3), (5, 4))",0,2,2,10,,,goal,,False,925
"((0, 0), (1, 0), (2, 0), (3, 0), (3, 1), (4, 1), (4, 2), (5, 2), (5, 3), (5, 4))","((0, 0), (1, 0), (2, 0), (3, 0), (3, 1), (4, 1), (4, 2), (5, 2), (5, 3))",0,2,2,9,3,0,expanded,False,,926
"((0, 0), (1, 0), (2, 0), (3, 0), (3, 1), (4, 1), (4, 2), (5, 2), (5, 3))","((0, 0), (1, 0), (2, 0), (3, 0), (3, 1), (4, 1), (4, 2), (5, 2))",0,2,2,8,3,0,expanded,False,,927
"((0, 0), (1, 0), (2, 0), (3, 0), (3, 1), (4, 1), (4, 2), (5, 2), (5, 1), (6, 1), (6, 2))","((0, 0), (1, 0), (2, 0), (3, 0), (3, 1), (4, 1), (4, 2), (5, 2), (5, 1), (6, 1))",0,1,1,10,,,pruned,,,928
"((0, 0), (1, 0), (2, 0), (3, 0), (3, 1), (4, 1), (4, 2), (5, 2), (5, 1), (6, 1), (7, 1))","((0, 0), (1, 0), (2, 0), (3, 0), (3, 1), (4, 1), (4, 2), (5, 2), (5, 1), (6, 1))",0,2,2,10,,,goal,,False,929
"((0, 0), (1, 0), (2, 0), (3, 0), (3, 1), (4, 1), (4, 2), (5, 2), (5, 1), (6, 1), (6, 0))","((0, 0), (1, 0), (2, 0), (3, 0), (3, 1), (4, 1), (4, 2), (5, 2), (5, 1), (6, 1))",0,2,2,10,,,goal,,False,930
"((0, 0), (1, 0), (2, 0), (3, 0), (3, 1), (4, 1), (4, 2), (5, 2), (5, 1), (6, 1))","((0, 0), (1, 0), (2, 0), (3, 0), (3, 1), (4, 1), (4, 2), (5, 2), (5, 1))",0,2,2,9,3,1,expanded,False,,931
"((0, 0), (1, 0), (2, 0), (3, 0), (3, 1), (4, 1), (4, 2), (5, 2), (5, 1), (5, 0), (6, 0))","((0, 0), (1, 0), (2, 0), (3, 0), (3, 1), (4, 1), (4, 2), (5, 2), (5, 1), (5, 0))",0,2,2,10,,,goal,,False,932
"((0, 0), (1, 0), (2, 0), (3, 0), (3, 1), (4, 1), (4, 2), (5, 2), (5, 1), (5, 0), (4, 0))","((0, 0), (1, 0), (2, 0), (3, 0), (3, 1), (4, 1), (4, 2), (5, 2), (5, 1), (5, 0))",0,2,2,10,,,goal,,False,933
"((0, 0), (1, 0), (2, 0), (3, 0), (3, 1), (4, 1), (4, 2), (5, 2), (5, 1), (5, 0), (5, -1))","((0, 0), (1, 0), (2, 0), (3, 0), (3, 1), (4, 1), (4, 2), (5, 2), (5, 1), (5, 0))",0,2,2,10,,,goal,,False,934
"((0, 0), (1, 0), (2, 0), (3, 0), (3, 1), (4, 1), (4, 2), (5, 2), (5, 1), (5, 0))","((0, 0), (1, 0), (2, 0), (3, 0), (3, 1), (4, 1), (4, 2), (5, 2), (5, 1))",0,2,2,9,3,0,expanded,False,,935
"((0, 0), (1, 0), (2, 0), (3, 0), (3, 1), (4, 1), (4, 2), (5, 2), (5, 1))","((0, 0), (1, 0), (2, 0), (3, 0), (3, 1), (4, 1), (4, 2), (5, 2))",0,2,2,8,2,0,expanded,False,,936
"((0, 0), (1, 0), (2, 0), (3, 0), (3, 1), (4, 1), (4, 2), (5, 2))","((0, 0), (1, 0), (2, 0), (3, 0), (3, 1), (4, 1), (4, 2))",0,3,3,7,3,0,expanded,False,,937
"((0, 0), (1, 0), (2, 0), (3, 0), (3, 1), (4, 1), (4, 2), (4, 3), (5, 3), (5, 2), (6, 2))","((0, 0), (1, 0), (2, 0), (3, 0), (3, 1), (4, 1), (4, 2), (4, 3), (5, 3), (5, 2))",0,2,2,10,,,goal,,False,938
"((0, 0), (1, 0), (2, 0), (3, 0), (3, 1), (4, 1), (4, 2), (4, 3), (5, 3), (5, 2), (5, 1))","((0, 0), (1, 0), (2, 0), (3, 0), (3, 1), (4, 1), (4, 2), (4, 3), (5, 3), (5, 2))",0,2,2,10,,,goal,,False,939
"((0, 0), (1, 0), (2, 0), (3, 0), (3, 1), (4, 1), (4, 2), (4, 3), (5, 3), (5, 2))","((0, 0), (1, 0), (2, 0), (3, 0), (3, 1), (4, 1), (4, 2), (4, 3), (5, 3))",0,2,2,9,2,0,expanded,False,,940
"((0, 0), (1, 0), (2, 0), (3, 0), (3, 1), (4, 1), (4, 2), (4, 3), (5, 3), (6, 3), (7, 3))","((0, 0), (1, 0), (2, 0), (3, 0), (3, 1), (4, 1), (4, 2), (4, 3), (5, 3), (6, 3))",0,2,2,10,,,goal,,False,941
"((0, 0), (1, 0), (2, 0), (3, 0), (3, 1), (4, 1), (4, 2), (4, 3), (5, 3), (6, 3), (6, 4))","((0, 0), (1, 0), (2, 0), (3, 0), (3, 1), (4, 1), (4, 2), (4, 3), (5, 3), (6, 3))",0,2,2,10,,,goal,,False,942
"((0, 0), (1, 0), (2, 0), (3, 0), (3, 1), (4, 1), (4, 2), (4, 3), (5, 3), (6, 3), (6, 2))","((0, 0), (1, 0), (2, 0), (3, 0), (3, 1), (4, 1), (4, 2), (4, 3), (5, 3), (6, 3))",0,2,2,10,,,goal,,False,943
"((0, 0), (1, 0), (2, 0), (3, 0), (3, 1), (4, 1), (4, 2), (4, 3), (5, 3), (6, 3))","((0, 0), (1, 0), (2, 0), (3, 0), (3, 1), (4, 1), (4, 2), (4, 3), (5, 3))",0,2,2,9,3,0,expanded,False,,944
"((0, 0), (1, 0), (2, 0), (3, 0), (3, 1), (4, 1), (4, 2), (4, 3), (5, 3), (5, 4), (4, 4))","((0, 0), (1, 0), (2, 0), (3, 0), (3, 1), (4, 1), (4, 2), (4, 3), (5, 3), (5, 4))",0,1,1,10,,,pruned,,,945
"((0, 0), (1, 0), (2, 0), (3, 0), (3, 1), (4, 1), (4, 2), (4, 3), (5, 3), (5, 4), (6, 4))","((0, 0), (1, 0), (2, 0), (3, 0), (3, 1), (4, 1), (4, 2), (4, 3), (5, 3), (5, 4))",0,2,2,10,,,goal,,False,946
"((0, 0), (1, 0), (2, 0), (3, 0), (3, 1), (4, 1), (4, 2), (4, 3), (5, 3), (5, 4), (5, 5))","((0, 0), (1, 0), (2, 0), (3, 0), (3, 1), (4, 1), (4, 2), (4, 3), (5, 3), (5, 4))",0,2,2,10,,,goal,,False,947
"((0, 0), (1, 0), (2, 0), (3, 0), (3, 1), (4, 1), (4, 2), (4, 3), (5, 3), (5, 4))","((0, 0), (1, 0), (2, 0), (3, 0), (3, 1), (4, 1), (4, 2), (4, 3), (5, 3))",0,2,2,9,3,1,expanded,False,,948
"((0, 0), (1, 0), (2, 0), (3, 0), (3, 1), (4, 1), (4, 2), (4, 3), (5, 3))","((0, 0), (1, 0), (2, 0), (3, 0), (3, 1), (4, 1), (4, 2), (4, 3))",0,2,2,8,3,0,expanded,False,,949
"((0, 0), (1, 0), (2, 0), (3, 0), (3, 1), (4, 1), (4, 2), (4, 3), (3, 3), (3, 2), (2, 2))","((0, 0), (1, 0), (2, 0), (3, 0), (3, 1), (4, 1), (4, 2), (4, 3), (3, 3), (3, 2))",0,2,2,10,,,goal,,False,950
"((0, 0), (1, 0), (2, 0), (3, 0), (3, 1), (4, 1), (4, 2), (4, 3), (3, 3), (3, 2))","((0, 0), (1, 0), (2, 0), (3, 0), (3, 1), (4, 1), (4, 2), (4, 3), (3, 3))",0,2,2,9,1,0,expanded,False,,951
"((0, 0), (1, 0), (2, 0), (3, 0), (3, 1), (4, 1), (4, 2), (4, 3), (3, 3), (2, 3), (1, 3))","((0, 0), (1, 0), (2, 0), (3, 0), (3, 1), (4, 1), (4, 2), (4, 3), (3, 3), (2, 3))",0,2,2,10,,,goal,,False,952
"((0, 0), (1, 0), (2, 0), (3, 0), (3, 1), (4, 1), (4, 2), (4, 3), (3, 3), (2, 3), (2, 4))","((0, 0), (1, 0), (2, 0), (3, 0), (3, 1), (4, 1), (4, 2), (4, 3), (3, 3), (2, 3))",0,2,2,10,,,goal,,False,953
"((0, 0), (1, 0), (2, 0), (3, 0), (3, 1), (4, 1), (4, 2), (4, 3), (3, 3), (2, 3), (2, 2))","((0, 0), (1, 0), (2, 0), (3, 0), (3, 1), (4, 1), (4, 2), (4, 3), (3, 3), (2, 3))",0,2,2,10,,,goal,,False,954
"((0, 0), (1, 0), (2, 0), (3, 0), (3, 1), (4, 1), (4, 2), (4, 3), (3, 3), (2, 3))","((0, 0), (1, 0), (2, 0), (3, 0), (3, 1), (4, 1), (4, 2), (4, 3), (3, 3))",0,2,2,9,3,0,expanded,False,,955
"((0, 0), (1, 0), (2, 0), (3, 0), (3, 1), (4, 1), (4, 2), (4, 3), (3, 3), (3, 4), (4, 4))","((0, 0), (1, 0), (2, 0), (3, 0), (3, 1), (4, 1), (4, 2), (4, 3), (3, 3), (3, 4))",0,1,1,10,,,pruned,,,956
"((0, 0), (1, 0), (2, 0), (3, 0), (3, 1), (4, 1), (4, 2), (4, 3), (3, 3), (3, 4), (2, 4))","((0, 0), (1, 0), (2, 0), (3, 0), (3, 1), (4, 1), (4, 2), (4, 3), (3, 3), (3, 4))",0,2,2,10,,,goal,,False,957
"((0, 0), (1, 0), (2, 0), (3, 0), (3, 1), (4, 1), (4, 2), (4, 3), (3, 3), (3, 4), (3, 5))","((0, 0), (1, 0), (2, 0), (3, 0), (3, 1), (4, 1), (4, 2), (4, 3), (3, 3), (3, 4))",0,2,2,10,,,goal,,False,958
"((0, 0), (1, 0), (2, 0), (3, 0), (3, 1), (4, 1), (4, 2), (4, 3), (3, 3), (3, 4))","((0, 0), (1, 0), (2, 0), (3, 0), (3, 1), (4, 1), (4, 2), (4, 3), (3, 3))",0,2,2,9,3,1,expanded,False,,959
"((0, 0), (1, 0), (2, 0), (3, 0), (3, 1), (4, 1), (4, 2), (4, 3), (3, 3))","((0, 0), (1, 0), (2, 0), (3, 0), (3, 1), (4, 1), (4, 2), (4, 3))",0,2,2,8,3,0,expanded,False,,960
"((0, 0), (1, 0), (2, 0), (3, 0), (3, 1), (4, 1), (4, 2), (4, 3), (4, 4), (5, 4), (5, 3))","((0, 0), (1, 0), (2, 0), (3, 0), (3, 1), (4, 1), (4, 2), (4, 3), (4, 4), (5, 4))",0,1,1,10,,,pruned,,,961
"((0, 0), (1, 0), (2, 0), (3, 0), (3, 1), (4, 1), (4, 2), (4, 3), (4, 4), (5, 4), (6, 4))","((0, 0), (1, 0), (2, 0), (3, 0), (3, 1), (4, 1), (4, 2), (4, 3), (4, 4), (5, 4))",0,2,2,10,,,goal,,False,962
"((0, 0), (1, 0), (2, 0), (3, 0), (3, 1), (4, 1), (4, 2), (4, 3), (4, 4), (5, 4), (5, 5))","((0, 0), (1, 0), (2, 0), (3, 0), (3, 1), (4, 1), (4, 2), (4, 3), (4, 4), (5, 4))",0,2,2,10,,,goal,,False,963
"((0, 0), (1, 0), (2, 0), (3, 0), (3, 1), (4, 1), (4, 2), (4, 3), (4, 4), (5, 4))","((0, 0), (1, 0), (2, 0), (3, 0), (3, 1), (4, 1), (4, 2), (4, 3), (4, 4))",0,2,2,9,3,1,expanded,False,,964
"((0, 0), (1, 0), (2, 0), (3, 0), (3, 1), (4, 1), (4, 2), (4, 3), (4, 4), (3, 4), (3, 3))","((0, 0), (1, 0), (2, 0), (3, 0), (3, 1), (4, 1), (4, 2), (4, 3), (4, 4), (3, 4))",0,1,1,10,,,pruned,,,965
"((0, 0), (1, 0), (2, 0), (3, 0), (3, 1), (4, 1), (4, 2), (4, 3), (4, 4), (3, 4), (2, 4))","((0, 0), (1, 0), (2, 0), (3, 0), (3, 1), (4, 1), (4, 2), (4, 3), (4, 4), (3, 4))",0,2,2,10,,,goal,,False,966
"((0, 0), (1, 0), (2, 0), (3, 0), (3, 1), (4, 1), (4, 2), (4, 3), (4, 4), (3, 4), (3, 5))","((0, 0), (1, 0), (2, 0), (3, 0), (3, 1), (4, 1), (4, 2), (4, 3), (4, 4), (3, 4))",0,2,2,10,,,goal,,False,967
"((0, 0), (1, 0), (2, 0), (3, 0), (3, 1), (4, 1), (4, 2), (4, 3), (4, 4), (3, 4))","((0, 0), (1, 0), (2, 0), (3, 0), (3, 1), (4, 1), (4, 2), (4, 3), (4, 4))",0,2,2,9,3,1,expanded,False,,968
"((0, 0), (1, 0), (2, 0), (3, 0), (3, 1), (4, 1), (4, 2), (4, 3), (4, 4), (4, 5), (5, 5))","((0, 0), (1, 0), (2, 0), (3, 0), (3, 1), (4, 1), (4, 2), (4, 3), (4, 4), (4, 5))",0,2,2,10,,,goal,,False,969
"((0, 0), (1, 0), (2, 0), (3, 0), (3, 1), (4, 1), (4, 2), (4, 3), (4, 4), (4, 5), (3, 5))","((0, 0), (1, 0), (2, 0), (3, 0), (3, 1), (4, 1), (4, 2), (4, 3), (4, 4), (4, 5))",0,2,2,10,,,goal,,False,970
"((0, 0), (1, 0), (2, 0), (3, 0), (3, 1), (4, 1), (4, 2), (4, 3), (4, 4), (4, 5), (4, 6))","((0, 0), (1, 0), (2, 0), (3, 0), (3, 1), (4, 1), (4, 2), (4, 3), (4, 4), (4, 5))",0,2,2,10,,,goal,,False,971
"((0, 0), (1, 0), (2, 0), (3, 0), (3, 1), (4, 1), (4, 2), (4, 3), (4, 4), (4, 5))","((0, 0), (1, 0), (2, 0), (3, 0), (3, 1), (4, 1), (4, 2), (4, 3), (4, 4))",0,2,2,9,3,0,expanded,False,,972
"((0, 0), (1, 0), (2, 0), (3, 0), (3, 1), (4, 1), (4, 2), (4, 3), (4, 4))","((0, 0), (1, 0), (2, 0), (3, 0), (3, 1), (4, 1), (4, 2), (4, 3))",0,2,2,8,3,0,expanded,False,,973
"((0, 0), (1, 0), (2, 0), (3, 0), (3, 1), (4, 1), (4, 2), (4, 3))","((0, 0), (1, 0), (2, 0), (3, 0), (3, 1), (4, 1), (4, 2))",0,3,3,7,3,0,expanded,False,,974
"((0, 0), (1, 0), (2, 0), (3, 0), (3, 1), (4, 1), (4, 2))","((0, 0), (1, 0), (2, 0), (3, 0), (3, 1), (4, 1))",0,2,2,6,3,0,expanded,False,,975
"((0, 0), (1, 0), (2, 0), (3, 0), (3, 1), (4, 1), (4, 0), (5, 0), (6, 0), (7, 0), (8, 0))","((0, 0), (1, 0), (2, 0), (3, 0), (3, 1), (4, 1), (4, 0), (5, 0), (6, 0), (7, 0))",0,2,2,10,,,goal,,False,976
"((0, 0), (1, 0), (2, 0), (3, 0), (3, 1), (4, 1), (4, 0), (5, 0), (6, 0), (7, 0), (7, 1))","((0, 0), (1, 0), (2, 0), (3, 0), (3, 1), (4, 1), (4, 0), (5, 0), (6, 0), (7, 0))",0,2,2,10,,,goal,,False,977
"((0, 0), (1, 0), (2, 0), (3, 0), (3, 1), (4, 1), (4, 0), (5, 0), (6, 0), (7, 0), (7, -1))","((0, 0), (1, 0), (2, 0), (3, 0), (3, 1), (4, 1), (4, 0), (5, 0), (6, 0), (7, 0))",0,2,2,10,,,goal,,False,978
"((0, 0), (1, 0), (2, 0), (3, 0), (3, 1), (4, 1), (4, 0), (5, 0), (6, 0), (7, 0))","((0, 0), (1, 0), (2, 0), (3, 0), (3, 1), (4, 1), (4, 0), (5, 0), (6, 0))",0,2,2,9,3,0,expanded,False,,979
"((0, 0), (1, 0), (2, 0), (3, 0), (3, 1), (4, 1), (4, 0), (5, 0), (6, 0), (6, 1), (5, 1))","((0, 0), (1, 0), (2, 0), (3, 0), (3, 1), (4, 1), (4, 0), (5, 0), (6, 0), (6, 1))",0,1,1,10,,,pruned,,,980
"((0, 0), (1, 0), (2, 0), (3, 0), (3, 1), (4, 1), (4, 0), (5, 0), (6, 0), (6, 1), (7, 1))","((0, 0), (1, 0), (2, 0), (3, 0), (3, 1), (4, 1), (4, 0), (5, 0), (6, 0), (6, 1))",0,2,2,10,,,goal,,False,981
"((0, 0), (1, 0), (2, 0), (3, 0), (3, 1), (4, 1), (4, 0), (5, 0), (6, 0), (6, 1), (6, 2))","((0, 0), (1, 0), (2, 0), (3, 0), (3, 1), (4, 1), (4, 0), (5, 0), (6, 0), (6, 1))",0,2,2,10,,,goal,,False,982
"((0, 0), (1, 0), (2, 0), (3, 0), (3, 1), (4, 1), (4, 0), (5, 0), (6, 0), (6, 1))","((0, 0), (1, 0), (2, 0), (3, 0), (3, 1), (4, 1), (4, 0), (5, 0), (6, 0))",0,2,2,9,3,1,expanded,False,,983
"((0, 0), (1, 0), (2, 0), (3, 0), (3, 1), (4, 1), (4, 0), (5, 0), (6, 0), (6, -1), (5, -1))","((0, 0), (1, 0), (2, 0), (3, 0), (3, 1), (4, 1), (4, 0), (5, 0), (6, 0), (6, -1))",0,1,1,10,,,pruned,,,984
"((0, 0), (1, 0), (2, 0), (3, 0), (3, 1), (4, 1), (4, 0), (5, 0), (6, 0), (6, -1), (7, -1))","((0, 0), (1, 0), (2, 0), (3, 0), (3, 1), (4, 1), (4, 0), (5, 0), (6, 0), (6, -1))",0,2,2,10,,,goal,,False,985
"((0, 0), (1, 0), (2, 0), (3, 0), (3, 1), (4, 1), (4, 0), (5, 0), (6, 0), (6, -1), (6, -2))","((0, 0), (1, 0), (2, 0), (3, 0), (3, 1), (4, 1), (4, 0), (5, 0), (6, 0), (6, -1))",0,2,2,10,,,goal,,False,986
"((0, 0), (1, 0), (2, 0), (3, 0), (3, 1), (4, 1), (4, 0), (5, 0), (6, 0), (6, -1))","((0, 0), (1, 0), (2, 0), (3, 0), (3, 1), (4, 1), (4, 0), (5, 0), (6, 0))",0,2,2,9,3,1,expanded,False,,987
"((0, 0), (1, 0), (2, 0), (3, 0), (3, 1), (4, 1), (4, 0), (5, 0), (6, 0))","((0, 0), (1, 0), (2, 0), (3, 0), (3, 1), (4, 1), (4, 0), (5, 0))",0,2,2,8,3,0,expanded,False,,988
"((0, 0), (1, 0), (2, 0), (3, 0), (3, 1), (4, 1), (4, 0), (5, 0), (5, 1), (6, 1), (6, 0))","((0, 0), (1, 0), (2, 0), (3, 0), (3, 1), (4, 1), (4, 0), (5, 0), (5, 1), (6, 1))",0,1,1,10,,,pruned,,,989
"((0, 0), (1, 0), (2, 0), (3, 0), (3, 1), (4, 1), (4, 0), (5, 0), (5, 1), (6, 1), (7, 1))","((0, 0), (1, 0), (2, 0), (3, 0), (3, 1), (4, 1), (4, 0), (5, 0), (5, 1), (6, 1))",0,2,2,10,,,goal,,False,990
"((0, 0), (1, 0), (2, 0), (3, 0), (3, 1), (4, 1), (4, 0), (5, 0), (5, 1), (6, 1), (6, 2))","((0, 0), (1, 0), (2, 0), (3, 0), (3, 1), (4, 1), (4, 0), (5, 0), (5, 1), (6, 1))",0,2,2,10,,,goal,,False,991
"((0, 0), (1, 0), (2, 0), (3, 0), (3, 1), (4, 1), (4, 0), (5, 0), (5, 1), (6, 1))","((0, 0), (1, 0), (2, 0), (3, 0), (3, 1), (4, 1), (4, 0), (5, 0), (5, 1))",0,2,2,9,3,1,expanded,False,,992
"((0, 0), (1, 0), (2, 0), (3, 0), (3, 1), (4, 1), (4, 0), (5, 0), (5, 1), (5, 2), (6, 2))","((0, 0), (1, 0), (2, 0), (3, 0), (3, 1), (4, 1), (4, 0), (5, 0), (5, 1), (5, 2))",0,2,2,10,,,goal,,False,993
"((0, 0), (1, 0), (2, 0), (3, 0), (3, 1), (4, 1), (4, 0), (5, 0), (5, 1), (5, 2), (4, 2))","((0, 0), (1, 0), (2, 0), (3, 0), (3, 1), (4, 1), (4, 0), (5, 0), (5, 1), (5, 2))",0,2,2,10,,,goal,,False,994
"((0, 0), (1, 0), (2, 0), (3, 0), (3, 1), (4, 1), (4, 0), (5, 0), (5, 1), (5, 2), (5, 3))","((0, 0), (1, 0), (2, 0), (3, 0), (3, 1), (4, 1), (4, 0), (5, 0), (5, 1), (5, 2))",0,2,2,10,,,goal,,False,995
"((0, 0), (1, 0), (2, 0), (3, 0), (3, 1), (4, 1), (4, 0), (5, 0), (5, 1), (5, 2))","((0, 0), (1, 0), (2, 0), (3, 0), (3, 1), (4, 1), (4, 0), (5, 0), (5, 1))",0,2,2,9,3,0,expanded,False,,996
"((0, 0), (1, 0), (2, 0), (3, 0), (3, 1), (4, 1), (4, 0), (5, 0), (5, 1))","((0, 0), (1, 0), (2, 0), (3, 0), (3, 1), (4, 1), (4, 0), (5, 0))",0,2,2,8,2,0,expanded,False,,997
"((0, 0), (1, 0), (2, 0), (3, 0), (3, 1), (4, 1), (4, 0), (5, 0), (5, -1), (4, -1), (3, -1))","((0, 0), (1, 0), (2, 0), (3, 0), (3, 1), (4, 1), (4, 0), (5, 0), (5, -1), (4, -1))",0,2,2,10,,,goal,,False,998
"((0, 0), (1, 0), (2, 0), (3, 0), (3, 1), (4, 1), (4, 0), (5, 0), (5, -1), (4, -1), (4, -2))","((0, 0), (1, 0), (2, 0), (3, 0), (3, 1), (4, 1), (4, 0), (5, 0), (5, -1), (4, -1))",0,2,2,10,,,goal,,False,999
"((0, 0), (1, 0), (2, 0), (3, 0), (3, 1), (4, 1), (4, 0), (5, 0), (5, -1), (4, -1))","((0, 0), (1, 0), (2, 0), (3, 0), (3, 1), (4, 1), (4, 0), (5, 0), (5, -1))",0,2,2,9,2,0,expanded,False,,1000
"((0, 0), (1, 0), (2, 0), (3, 0), (3, 1), (4, 1), (4, 0), (5, 0), (5, -1), (6, -1), (6, 0))","((0, 0), (1, 0), (2, 0), (3, 0), (3, 1), (4, 1), (4, 0), (5, 0), (5, -1), (6, -1))",0,1,1,10,,,pruned,,,1001
"((0, 0), (1, 0), (2, 0), (3, 0), (3, 1), (4, 1), (4, 0), (5, 0), (5, -1), (6, -1), (7, -1))","((0, 0), (1, 0), (2, 0), (3, 0), (3, 1), (4, 1), (4, 0), (5, 0), (5, -1), (6, -1))",0,2,2,10,,,goal,,False,1002
"((0, 0), (1, 0), (2, 0), (3, 0), (3, 1), (4, 1), (4, 0), (5, 0), (5, -1), (6, -1), (6, -2))","((0, 0), (1, 0), (2, 0), (3, 0), (3, 1), (4, 1), (4, 0), (5, 0), (5, -1), (6, -1))",0,2,2,10,,,goal,,False,1003
"((0, 0), (1, 0), (2, 0), (3, 0), (3, 1), (4, 1), (4, 0), (5, 0), (5, -1), (6, -1))","((0, 0), (1, 0), (2, 0), (3, 0), (3, 1), (4, 1), (4, 0), (5, 0), (5, -1))",0,2,2,9,3,1,expanded,False,,1004
"((0, 0), (1, 0), (2, 0), (3, 0), (3, 1), (4, 1), (4, 0), (5, 0), (5, -1), (5, -2), (6, -2))","((0, 0), (1, 0), (2, 0), (3, 0), (3, 1), (4, 1), (4, 0), (5, 0), (5, -1), (5, -2))",0,2,2,10,,,goal,,False,1005
"((0, 0), (1, 0), (2, 0), (3, 0), (3, 1), (4, 1), (4, 0), (5, 0), (5, -1), (5, -2), (4, -2))","((0, 0), (1, 0), (2, 0), (3, 0), (3, 1), (4, 1), (4, 0), (5, 0), (5, -1), (5, -2))",0,2,2,10,,,goal,,False,1006
"((0, 0), (1, 0), (2, 0), (3, 0), (3, 1), (4, 1), (4, 0), (5, 0), (5, -1), (5, -2), (5, -3))","((0, 0), (1, 0), (2, 0), (3, 0), (3, 1), (4, 1), (4, 0), (5, 0), (5, -1), (5, -2))",0,2,2,10,,,goal,,False,1007
"((0, 0), (1, 0), (2, 0), (3, 0), (3, 1), (4, 1), (4, 0), (5, 0), (5, -1), (5, -2))","((0, 0), (1, 0), (2, 0), (3, 0), (3, 1), (4, 1), (4, 0), (5, 0), (5, -1))",0,2,2,9,3,0,expanded,False,,1008
"((0, 0), (1, 0), (2, 0), (3, 0), (3, 1), (4, 1), (4, 0), (5, 0), (5, -1))","((0, 0), (1, 0), (2, 0), (3, 0), (3, 1), (4, 1), (4, 0), (5, 0))",0,2,2,8,3,0,expanded,False,,1009
"((0, 0), (1, 0), (2, 0), (3, 0), (3, 1), (4, 1), (4, 0), (5, 0))","((0, 0), (1, 0), (2, 0), (3, 0), (3, 1), (4, 1), (4, 0))",0,3,3,7,3,0,expanded,False,,1010
"((0, 0), (1, 0), (2, 0), (3, 0), (3, 1), (4, 1), (4, 0), (4, -1), (5, -1), (5, 0), (6, 0))","((0, 0), (1, 0), (2, 0), (3, 0), (3, 1), (4, 1), (4, 0), (4, -1), (5, -1), (5, 0))",0,2,2,10,,,goal,,False,1011
"((0, 0), (1, 0), (2, 0), (3, 0), (3, 1), (4, 1), (4, 0), (4, -1), (5, -1), (5, 0), (5, 1))","((0, 0), (1, 0), (2, 0), (3, 0), (3, 1), (4, 1), (4, 0), (4, -1), (5, -1), (5, 0))",0,2,2,10,,,goal,,False,1012
"((0, 0), (1, 0), (2, 0), (3, 0), (3, 1), (4, 1), (4, 0), (4, -1), (5, -1), (5, 0))","((0, 0), (1, 0), (2, 0), (3, 0), (3, 1), (4, 1), (4, 0), (4, -1), (5, -1))",0,2,2,9,2,0,expanded,False,,1013
"((0, 0), (1, 0), (2, 0), (3, 0), (3, 1), (4, 1), (4, 0), (4, -1), (5, -1), (6, -1), (7, -1))","((0, 0), (1, 0), (2, 0), (3, 0), (3, 1), (4, 1), (4, 0), (4, -1), (5, -1), (6, -1))",0,2,2,10,,,goal,,False,1014
"((0, 0), (1, 0), (2, 0), (3, 0), (3, 1), (4, 1), (4, 0), (4, -1), (5, -1), (6, -1), (6, 0))","((0, 0), (1, 0), (2, 0), (3, 0), (3, 1), (4, 1), (4, 0), (4, -1), (5, -1), (6, -1))",0,2,2,10,,,goal,,False,1015
"((0, 0), (1, 0), (2, 0), (3, 0), (3, 1), (4, 1), (4, 0), (4, -1), (5, -1), (6, -1), (6, -2))","((0, 0), (1, 0), (2, 0), (3, 0), (3, 1), (4, 1), (4, 0), (4, -1), (5, -1), (6, -1))",0,2,2,10,,,goal,,False,1016
"((0, 0), (1, 0), (2, 0), (3, 0), (3, 1), (4, 1), (4, 0), (4, -1), (5, -1), (6, -1))","((0, 0), (1, 0), (2, 0), (3, 0), (3, 1), (4, 1), (4, 0), (4, -1), (5, -1))",0,2,2,9,3,0,expanded,False,,1017
"((0, 0), (1, 0), (2, 0), (3, 0), (3, 1), (4, 1), (4, 0), (4, -1), (5, -1), (5, -2), (4, -2))","((0, 0), (1, 0), (2, 0), (3, 0), (3, 1), (4, 1), (4, 0), (4, -1), (5, -1), (5, -2))",0,1,1,10,,,pruned,,,1018
"((0, 0), (1, 0), (2, 0), (3, 0), (3, 1), (4, 1), (4, 0), (4, -1), (5, -1), (5, -2), (6, -2))","((0, 0), (1, 0), (2, 0), (3, 0), (3, 1), (4, 1), (4, 0), (4, -1), (5, -1), (5, -2))",0,2,2,10,,,goal,,False,1019
"((0, 0), (1, 0), (2, 0), (3, 0), (3, 1), (4, 1), (4, 0), (4, -1), (5, -1), (5, -2), (5, -3))","((0, 0), (1, 0), (2, 0), (3, 0), (3, 1), (4, 1), (4, 0), (4, -1), (5, -1), (5, -2))",0,2,2,10,,,goal,,False,1020
"((0, 0), (1, 0), (2, 0), (3, 0), (3, 1), (4, 1), (4, 0), (4, -1), (5, -1), (5, -2))","((0, 0), (1, 0), (2, 0), (3, 0), (3, 1), (4, 1), (4, 0), (4, -1), (5, -1))",0,2,2,9,3,1,expanded,False,,1021
"((0, 0), (1, 0), (2, 0), (3, 0), (3, 1), (4, 1), (4, 0), (4, -1), (5, -1))","((0, 0), (1, 0), (2, 0), (3, 0), (3, 1), (4, 1), (4, 0), (4, -1))",0,2,2,8,3,0,expanded,False,,1022
"((0, 0), (1, 0), (2, 0), (3, 0), (3, 1), (4, 1), (4, 0), (4, -1), (3, -1), (2, -1), (1, -1))","((0, 0), (1, 0), (2, 0), (3, 0), (3, 1), (4, 1), (4, 0), (4, -1), (3, -1), (2, -1))",0,2,2,10,,,goal,,False,1023
"((0, 0), (1, 0), (2, 0), (3, 0), (3, 1), (4, 1), (4, 0), (4, -1), (3, -1), (2, -1), (2, -2))","((0, 0), (1, 0), (2, 0), (3, 0), (3, 1), (4, 1), (4, 0), (4, -1), (3, -1), (2, -1))",0,2,2,10,,,goal,,False,1024
"((0, 0), (1, 0), (2, 0), (3, 0), (3, 1), (4, 1), (4, 0), (4, -1), (3, -1), (2, -1))","((0, 0), (1, 0), (2, 0), (3, 0), (3, 1), (4, 1), (4, 0), (4, -1), (3, -1))",0,2,2,9,2,0,expanded,False,,1025
"((0, 0), (1, 0), (2, 0), (3, 0), (3, 1), (4, 1), (4, 0), (4, -1), (3, -1), (3, -2), (4, -2))","((0, 0), (1, 0), (2, 0), (3, 0), (3, 1), (4, 1), (4, 0), (4, -1), (3, -1), (3, -2))",0,1,1,10,,,pruned,,,1026
"((0, 0), (1, 0), (2, 0), (3, 0), (3, 1), (4, 1), (4, 0), (4, -1), (3, -1), (3, -2), (2, -2))","((0, 0), (1, 0), (2, 0), (3, 0), (3, 1), (4, 1), (4, 0), (4, -1), (3, -1), (3, -2))",0,2,2,10,,,goal,,False,1027
"((0, 0), (1, 0), (2, 0), (3, 0), (3, 1), (4, 1), (4, 0), (4, -1), (3, -1), (3, -2), (3, -3))","((0, 0), (1, 0), (2, 0), (3, 0), (3, 1), (4, 1), (4, 0), (4, -1), (3, -1), (3, -2))",0,2,2,10,,,goal,,False,1028
"((0, 0), (1, 0), (2, 0), (3, 0), (3, 1), (4, 1), (4, 0), (4, -1), (3, -1), (3, -2))","((0, 0), (1, 0), (2, 0), (3, 0), (3, 1), (4, 1), (4, 0), (4, -1), (3, -1))",0,2,2,9,3,1,expanded,False,,1029
"((0, 0), (1, 0), (2, 0), (3, 0), (3, 1), (4, 1), (4, 0), (4, -1), (3, -1))","((0, 0), (1, 0), (2, 0), (3, 0), (3, 1), (4, 1), (4, 0), (4, -1))",0,2,2,8,2,0,expanded,False,,1030
"((0, 0), (1, 0), (2, 0), (3, 0), (3, 1), (4, 1), (4, 0), (4, -1), (4, -2), (5, -2), (5, -1))","((0, 0), (1, 0), (2, 0), (3, 0), (3, 1), (4, 1), (4, 0), (4, -1), (4, -2), (5, -2))",0,1,1,10,,,pruned,,,1031
"((0, 0), (1, 0), (2, 0), (3, 0), (3, 1), (4, 1), (4, 0), (4, -1), (4, -2), (5, -2), (6, -2))","((0, 0), (1, 0), (2, 0), (3, 0), (3, 1), (4, 1), (4, 0), (4, -1), (4, -2), (5, -2))",0,2,2,10,,,goal,,False,1032
"((0, 0), (1, 0), (2, 0), (3, 0), (3, 1), (4, 1), (4, 0), (4, -1), (4, -2), (5, -2), (5, -3))","((0, 0), (1, 0), (2, 0), (3, 0), (3, 1), (4, 1), (4, 0), (4, -1), (4, -2), (5, -2))",0,2,2,10,,,goal,,False,1033
"((0, 0), (1, 0), (2, 0), (3, 0), (3, 1), (4, 1), (4, 0), (4, -1), (4, -2), (5, -2))","((0, 0), (1, 0), (2, 0), (3, 0), (3, 1), (4, 1), (4, 0), (4, -1), (4, -2))",0,2,2,9,3,1,expanded,False,,1034
"((0, 0), (1, 0), (2, 0), (3, 0), (3, 1), (4, 1), (4, 0), (4, -1), (4, -2), (3, -2), (3, -1))","((0, 0), (1, 0), (2, 0), (3, 0), (3, 1), (4, 1), (4, 0), (4, -1), (4, -2), (3, -2))",0,1,1,10,,,pruned,,,1035
"((0, 0), (1, 0), (2, 0), (3, 0), (3, 1), (4, 1), (4, 0), (4, -1), (4, -2), (3, -2), (2, -2))","((0, 0), (1, 0), (2, 0), (3, 0), (3, 1), (4, 1), (4, 0), (4, -1), (4, -2), (3, -2))",0,2,2,10,,,goal,,False,1036
"((0, 0), (1, 0), (2, 0), (3, 0), (3, 1), (4, 1), (4, 0), (4, -1), (4, -2), (3, -2), (3, -3))","((0, 0), (1, 0), (2, 0), (3, 0), (3, 1), (4, 1), (4, 0), (4, -1), (4, -2), (3, -2))",0,2,2,10,,,goal,,False,1037
"((0, 0), (1, 0), (2, 0), (3, 0), (3, 1), (4, 1), (4, 0), (4, -1), (4, -2), (3, -2))","((0, 0), (1, 0), (2, 0), (3, 0), (3, 1), (4, 1), (4, 0), (4, -1), (4, -2))",0,2,2,9,3,1,expanded,False,,1038
"((0, 0), (1, 0), (2, 0), (3, 0), (3, 1), (4, 1), (4, 0), (4, -1), (4, -2), (4, -3), (5, -3))","((0, 0), (1, 0), (2, 0), (3, 0), (3, 1), (4, 1), (4, 0), (4, -1), (4, -2), (4, -3))",0,2,2,10,,,goal,,False,1039
"((0, 0), (1, 0), (2, 0), (3, 0), (3, 1), (4, 1), (4, 0), (4, -1), (4, -2), (4, -3), (3, -3))","((0, 0), (1, 0), (2, 0), (3, 0), (3, 1), (4, 1), (4, 0), (4, -1), (4, -2), (4, -3))",0,2,2,10,,,goal,,False,1040
"((0, 0), (1, 0), (2, 0), (3, 0), (3, 1), (4, 1), (4, 0), (4, -1), (4, -2), (4, -3), (4, -4))","((0, 0), (1, 0), (2, 0), (3, 0), (3, 1), (4, 1), (4, 0), (4, -1), (4, -2), (4, -3))",0,2,2,10,,,goal,,False,1041
"((0, 0), (1, 0), (2, 0), (3, 0), (3, 1), (4, 1), (4, 0), (4, -1), (4, -2), (4, -3))","((0, 0), (1, 0), (2, 0), (3, 0), (3, 1), (4, 1), (4, 0), (4, -1), (4, -2))",0,2,2,9,3,0,expanded,False,,1042
"((0, 0), (1, 0), (2, 0), (3, 0), (3, 1), (4, 1), (4, 0), (4, -1), (4, -2))","((0, 0), (1, 0), (2, 0), (3, 0), (3, 1), (4, 1), (4, 0), (4, -1))",0,2,2,8,3,0,expanded,False,,1043
"((0, 0), (1, 0), (2, 0), (3, 0), (3, 1), (4, 1), (4, 0), (4, -1))","((0, 0), (1, 0), (2, 0), (3, 0), (3, 1), (4, 1), (4, 0))",0,3,3,7,3,0,expanded,False,,1044
"((0, 0), (1, 0), (2, 0), (3, 0), (3, 1), (4, 1), (4, 0))","((0, 0), (1, 0), (2, 0), (3, 0), (3, 1), (4, 1))",0,2,2,6,2,0,expanded,False,,1045
"((0, 0), (1, 0), (2, 0), (3, 0), (3, 1), (4, 1))","((0, 0), (1, 0), (2, 0), (3, 0), (3, 1))",0,2,2,5,3,0,expanded,False,,1046
"((0, 0), (1, 0), (2, 0), (3, 0), (3, 1), (2, 1), (1, 1), (0, 1), (-1, 1), (-1, 0), (-2, 0))","((0, 0), (1, 0), (2, 0), (3, 0), (3, 1), (2, 1), (1, 1), (0, 1), (-1, 1), (-1, 0))",1,1,2,10,,,goal,,False,1047
"((0, 0), (1, 0), (2, 0), (3, 0), (3, 1), (2, 1), (1, 1), (0, 1), (-1, 1), (-1, 0), (-1, -1))","((0, 0), (1, 0), (2, 0), (3, 0), (3, 1), (2, 1), (1, 1), (0, 1), (-1, 1), (-1, 0))",1,1,2,10,,,goal,,False,1048
"((0, 0), (1, 0), (2, 0), (3, 0), (3, 1), (2, 1), (1, 1), (0, 1), (-1, 1), (-1, 0))","((0, 0), (1, 0), (2, 0), (3, 0), (3, 1), (2, 1), (1, 1), (0, 1), (-1, 1))",1,1,2,9,2,0,expanded,False,,1049
"((0, 0), (1, 0), (2, 0), (3, 0), (3, 1), (2, 1), (1, 1), (0, 1), (-1, 1), (-2, 1), (-3, 1))","((0, 0), (1, 0), (2, 0), (3, 0), (3, 1), (2, 1), (1, 1), (0, 1), (-1, 1), (-2, 1))",1,1,2,10,,,goal,,False,1050
"((0, 0), (1, 0), (2, 0), (3, 0), (3, 1), (2, 1), (1, 1), (0, 1), (-1, 1), (-2, 1), (-2, 2))","((0, 0), (1, 0), (2, 0), (3, 0), (3, 1), (2, 1), (1, 1), (0, 1), (-1, 1), (-2, 1))",1,1,2,10,,,goal,,False,1051
"((0, 0), (1, 0), (2, 0), (3, 0), (3, 1), (2, 1), (1, 1), (0, 1), (-1, 1), (-2, 1), (-2, 0))","((0, 0), (1, 0), (2, 0), (3, 0), (3, 1), (2, 1), (1, 1), (0, 1), (-1, 1), (-2, 1))",1,1,2,10,,,goal,,False,1052
"((0, 0), (1, 0), (2, 0), (3, 0), (3, 1), (2, 1), (1, 1), (0, 1), (-1, 1), (-2, 1))","((0, 0), (1, 0), (2, 0), (3, 0), (3, 1), (2, 1), (1, 1), (0, 1), (-1, 1))",1,1,2,9,3,0,expanded,False,,1053
"((0, 0), (1, 0), (2, 0), (3, 0), (3, 1), (2, 1), (1, 1), (0, 1), (-1, 1), (-1, 2), (0, 2))","((0, 0), (1, 0), (2, 0), (3, 0), (3, 1), (2, 1), (1, 1), (0, 1), (-1, 1), (-1, 2))",1,0,1,10,,,pruned,,,1054
"((0, 0), (1, 0), (2, 0), (3, 0), (3, 1), (2, 1), (1, 1), (0, 1), (-1, 1), (-1, 2), (-2, 2))","((0, 0), (1, 0), (2, 0), (3, 0), (3, 1), (2, 1), (1, 1), (0, 1), (-1, 1), (-1, 2))",1,1,2,10,,,goal,,False,1055
"((0, 0), (1, 0), (2, 0), (3, 0), (3, 1), (2, 1), (1, 1), (0, 1), (-1, 1), (-1, 2), (-1, 3))","((0, 0), (1, 0), (2, 0), (3, 0), (3, 1), (2, 1), (1, 1), (0, 1), (-1, 1), (-1, 2))",1,1,2,10,,,goal,,False,1056
"((0, 0), (1, 0), (2, 0), (3, 0), (3, 1), (2, 1), (1, 1), (0, 1), (-1, 1), (-1, 2))","((0, 0), (1, 0), (2, 0), (3, 0), (3, 1), (2, 1), (1, 1), (0, 1), (-1, 1))",1,1,2,9,3,1,expanded,False,,1057
"((0, 0), (1, 0), (2, 0), (3, 0), (3, 1), (2, 1), (1, 1), (0, 1), (-1, 1))","((0, 0), (1, 0), (2, 0), (3, 0), (3, 1), (2, 1), (1, 1), (0, 1))",1,1,2,8,3,0,expanded,False,,1058
"((0, 0), (1, 0), (2, 0), (3, 0), (3, 1), (2, 1), (1, 1), (0, 1), (0, 2), (1, 2), (2, 2))","((0, 0), (1, 0), (2, 0), (3, 0), (3, 1), (2, 1), (1, 1), (0, 1), (0, 2), (1, 2))",1,1,2,10,,,goal,,False,1059
"((0, 0), (1, 0), (2, 0), (3, 0), (3, 1), (2, 1), (1, 1), (0, 1), (0, 2), (1, 2), (1, 3))","((0, 0), (1, 0), (2, 0), (3, 0), (3, 1), (2, 1), (1, 1), (0, 1), (0, 2), (1, 2))",1,1,2,10,,,goal,,False,1060
"((0, 0), (1, 0), (2, 0), (3, 0), (3, 1), (2, 1), (1, 1), (0, 1), (0, 2), (1, 2))","((0, 0), (1, 0), (2, 0), (3, 0), (3, 1), (2, 1), (1, 1), (0, 1), (0, 2))",1,1,2,9,2,0,expanded,False,,1061
"((0, 0), (1, 0), (2, 0), (3, 0), (3, 1), (2, 1), (1, 1), (0, 1), (0, 2), (-1, 2), (-1, 1))","((0, 0), (1, 0), (2, 0), (3, 0), (3, 1), (2, 1), (1, 1), (0, 1), (0, 2), (-1, 2))",1,0,1,10,,,pruned,,,1062
"((0, 0), (1, 0), (2, 0), (3, 0), (3, 1), (2, 1), (1, 1), (0, 1), (0, 2), (-1, 2), (-2, 2))","((0, 0), (1, 0), (2, 0), (3, 0), (3, 1), (2, 1), (1, 1), (0, 1), (0, 2), (-1, 2))",1,1,2,10,,,goal,,False,1063
"((0, 0), (1, 0), (2, 0), (3, 0), (3, 1), (2, 1), (1, 1), (0, 1), (0, 2), (-1, 2), (-1, 3))","((0, 0), (1, 0), (2, 0), (3, 0), (3, 1), (2, 1), (1, 1), (0, 1), (0, 2), (-1, 2))",1,1,2,10,,,goal,,False,1064
"((0, 0), (1, 0), (2, 0), (3, 0), (3, 1), (2, 1), (1, 1), (0, 1), (0, 2), (-1, 2))","((0, 0), (1, 0), (2, 0), (3, 0), (3, 1), (2, 1), (1, 1), (0, 1), (0, 2))",1,1,2,9,3,1,expanded,False,,1065
"((0, 0), (1, 0), (2, 0), (3, 0), (3, 1), (2, 1), (1, 1), (0, 1), (0, 2), (0, 3), (1, 3))","((0, 0), (1, 0), (2, 0), (3, 0), (3, 1), (2, 1), (1, 1), (0, 1), (0, 2), (0, 3))",1,1,2,10,,,goal,,False,1066
"((0, 0), (1, 0), (2, 0), (3, 0), (3, 1), (2, 1), (1, 1), (0, 1), (0, 2), (0, 3), (-1, 3))","((0, 0), (1, 0), (2, 0), (3, 0), (3, 1), (2, 1), (1, 1), (0, 1), (0, 2), (0, 3))",1,1,2,10,,,goal,,False,1067
"((0, 0), (1, 0), (2, 0), (3, 0), (3, 1), (2, 1), (1, 1), (0, 1), (0, 2), (0, 3), (0, 4))","((0, 0), (1, 0), (2, 0), (3, 0), (3, 1), (2, 1), (1, 1), (0, 1), (0, 2), (0, 3))",1,1,2,10,,,goal,,False,1068
"((0, 0), (1, 0), (2, 0), (3, 0), (3, 1), (2, 1), (1, 1), (0, 1), (0, 2), (0, 3))","((0, 0), (1, 0), (2, 0), (3, 0), (3, 1), (2, 1), (1, 1), (0, 1), (0, 2))",1,1,2,9,3,0,expanded,False,,1069
"((0, 0), (1, 0), (2, 0), (3, 0), (3, 1), (2, 1), (1, 1), (0, 1), (0, 2))","((0, 0), (1, 0), (2, 0), (3, 0), (3, 1), (2, 1), (1, 1), (0, 1))",1,1,2,8,3,0,expanded,False,,1070
"((0, 0), (1, 0), (2, 0), (3, 0), (3, 1), (2, 1), (1, 1), (0, 1))","((0, 0), (1, 0), (2, 0), (3, 0), (3, 1), (2, 1), (1, 1))",1,2,3,7,2,0,expanded,False,,1071
"((0, 0), (1, 0), (2, 0), (3, 0), (3, 1), (2, 1), (1, 1), (1, 2), (2, 2), (3, 2), (4, 2))","((0, 0), (1, 0), (2, 0), (3, 0), (3, 1), (2, 1), (1, 1), (1, 2), (2, 2), (3, 2))",0,2,2,10,,,goal,,False,1072
"((0, 0), (1, 0), (2, 0), (3, 0), (3, 1), (2, 1), (1, 1), (1, 2), (2, 2), (3, 2), (3, 3))","((0, 0), (1, 0), (2, 0), (3, 0), (3, 1), (2, 1), (1, 1), (1, 2), (2, 2), (3, 2))",0,2,2,10,,,goal,,False,1073
"((0, 0), (1, 0), (2, 0), (3, 0), (3, 1), (2, 1), (1, 1), (1, 2), (2, 2), (3, 2))","((0, 0), (1, 0), (2, 0), (3, 0), (3, 1), (2, 1), (1, 1), (1, 2), (2, 2))",0,2,2,9,2,0,expanded,False,,1074
"((0, 0), (1, 0), (2, 0), (3, 0), (3, 1), (2, 1), (1, 1), (1, 2), (2, 2), (2, 3), (1, 3))","((0, 0), (1, 0), (2, 0), (3, 0), (3, 1), (2, 1), (1, 1), (1, 2), (2, 2), (2, 3))",0,1,1,10,,,pruned,,,1075
"((0, 0), (1, 0), (2, 0), (3, 0), (3, 1), (2, 1), (1, 1), (1, 2), (2, 2), (2, 3), (3, 3))","((0, 0), (1, 0), (2, 0), (3, 0), (3, 1), (2, 1), (1, 1), (1, 2), (2, 2), (2, 3))",0,2,2,10,,,goal,,False,1076
"((0, 0), (1, 0), (2, 0), (3, 0), (3, 1), (2, 1), (1, 1), (1, 2), (2, 2), (2, 3), (2, 4))","((0, 0), (1, 0), (2, 0), (3, 0), (3, 1), (2, 1), (1, 1), (1, 2), (2, 2), (2, 3))",0,2,2,10,,,goal,,False,1077
"((0, 0), (1, 0), (2, 0), (3, 0), (3, 1), (2, 1), (1, 1), (1, 2), (2, 2), (2, 3))","((0, 0), (1, 0), (2, 0), (3, 0), (3, 1), (2, 1), (1, 1), (1, 2), (2, 2))",0,2,2,9,3,1,expanded,False,,1078
"((0, 0), (1, 0), (2, 0), (3, 0), (3, 1), (2, 1), (1, 1), (1, 2), (2, 2))","((0, 0), (1, 0), (2, 0), (3, 0), (3, 1), (2, 1), (1, 1), (1, 2))",0,2,2,8,2,0,expanded,False,,1079
"((0, 0), (1, 0), (2, 0), (3, 0), (3, 1), (2, 1), (1, 1), (1, 2), (0, 2), (0, 1), (-1, 1))","((0, 0), (1, 0), (2, 0), (3, 0), (3, 1), (2, 1), (1, 1), (1, 2), (0, 2), (0, 1))",0,2,2,10,,,goal,,False,1080
"((0, 0), (1, 0), (2, 0), (3, 0), (3, 1), (2, 1), (1, 1), (1, 2), (0, 2), (0, 1))","((0, 0), (1, 0), (2, 0), (3, 0), (3, 1), (2, 1), (1, 1), (1, 2), (0, 2))",0,2,2,9,1,0,expanded,False,,1081
"((0, 0), (1, 0), (2, 0), (3, 0), (3, 1), (2, 1), (1, 1), (1, 2), (0, 2), (-1, 2), (-2, 2))","((0, 0), (1, 0), (2, 0), (3, 0), (3, 1), (2, 1), (1, 1), (1, 2), (0, 2), (-1, 2))",0,2,2,10,,,goal,,False,1082
"((0, 0), (1, 0), (2, 0), (3, 0), (3, 1), (2, 1), (1, 1), (1, 2), (0, 2), (-1, 2), (-1, 3))","((0, 0), (1, 0), (2, 0), (3, 0), (3, 1), (2, 1), (1, 1), (1, 2), (0, 2), (-1, 2))",0,2,2,10,,,goal,,False,1083
"((0, 0), (1, 0), (2, 0), (3, 0), (3, 1), (2, 1), (1, 1), (1, 2), (0, 2), (-1, 2), (-1, 1))","((0, 0), (1, 0), (2, 0), (3, 0), (3, 1), (2, 1), (1, 1), (1, 2), (0, 2), (-1, 2))",0,2,2,10,,,goal,,False,1084
"((0, 0), (1, 0), (2, 0), (3, 0), (3, 1), (2, 1), (1, 1), (1, 2), (0, 2), (-1, 2))","((0, 0), (1, 0), (2, 0), (3, 0), (3, 1), (2, 1), (1, 1), (1, 2), (0, 2))",0,2,2,9,3,0,expanded,False,,1085
"((0, 0), (1, 0), (2, 0), (3, 0), (3, 1), (2, 1), (1, 1), (1, 2), (0, 2), (0, 3), (1, 3))","((0, 0), (1, 0), (2, 0), (3, 0), (3, 1), (2, 1), (1, 1), (1, 2), (0, 2), (0, 3))",0,1,1,10,,,pruned,,,1086
"((0, 0), (1, 0), (2, 0), (3, 0), (3, 1), (2, 1), (1, 1), (1, 2), (0, 2), (0, 3), (-1, 3))","((0, 0), (1, 0), (2, 0), (3, 0), (3, 1), (2, 1), (1, 1), (1, 2), (0, 2), (0, 3))",0,2,2,10,,,goal,,False,1087
"((0, 0), (1, 0), (2, 0), (3, 0), (3, 1), (2, 1), (1, 1), (1, 2), (0, 2), (0, 3), (0, 4))","((0, 0), (1, 0), (2, 0), (3, 0), (3, 1), (2, 1), (1, 1), (1, 2), (0, 2), (0, 3))",0,2,2,10,,,goal,,False,1088
"((0, 0), (1, 0), (2, 0), (3, 0), (3, 1), (2, 1), (1, 1), (1, 2), (0, 2), (0, 3))","((0, 0), (1, 0), (2, 0), (3, 0), (3, 1), (2, 1), (1, 1), (1, 2), (0, 2))",0,2,2,9,3,1,expanded,False,,1089
"((0, 0), (1, 0), (2, 0), (3, 0), (3, 1), (2, 1), (1, 1), (1, 2), (0, 2))","((0, 0), (1, 0), (2, 0), (3, 0), (3, 1), (2, 1), (1, 1), (1, 2))",0,2,2,8,3,0,expanded,False,,1090
"((0, 0), (1, 0), (2, 0), (3, 0), (3, 1), (2, 1), (1, 1), (1, 2), (1, 3), (2, 3), (2, 2))","((0, 0), (1, 0), (2, 0), (3, 0), (3, 1), (2, 1), (1, 1), (1, 2), (1, 3), (2, 3))",0,1,1,10,,,pruned,,,1091
"((0, 0), (1, 0), (2, 0), (3, 0), (3, 1), (2, 1), (1, 1), (1, 2), (1, 3), (2, 3), (3, 3))","((0, 0), (1, 0), (2, 0), (3, 0), (3, 1), (2, 1), (1, 1), (1, 2), (1, 3), (2, 3))",0,2,2,10,,,goal,,False,1092
"((0, 0), (1, 0), (2, 0), (3, 0), (3, 1), (2, 1), (1, 1), (1, 2), (1, 3), (2, 3), (2, 4))","((0, 0), (1, 0), (2, 0), (3, 0), (3, 1), (2, 1), (1, 1), (1, 2), (1, 3), (2, 3))",0,2,2,10,,,goal,,False,1093
"((0, 0), (1, 0), (2, 0), (3, 0), (3, 1), (2, 1), (1, 1), (1, 2), (1, 3), (2, 3))","((0, 0), (1, 0), (2, 0), (3, 0), (3, 1), (2, 1), (1, 1), (1, 2), (1, 3))",0,2,2,9,3,1,expanded,False,,1094
"((0, 0), (1, 0), (2, 0), (3, 0), (3, 1), (2, 1), (1, 1), (1, 2), (1, 3), (0, 3), (0, 2))","((0, 0), (1, 0), (2, 0), (3, 0), (3, 1), (2, 1), (1, 1), (1, 2), (1, 3), (0, 3))",0,1,1,10,,,pruned,,,1095
"((0, 0), (1, 0), (2, 0), (3, 0), (3, 1), (2, 1), (1, 1), (1, 2), (1, 3), (0, 3), (-1, 3))","((0, 0), (1, 0), (2, 0), (3, 0), (3, 1), (2, 1), (1, 1), (1, 2), (1, 3), (0, 3))",0,2,2,10,,,goal,,False,1096
"((0, 0), (1, 0), (2, 0), (3, 0), (3, 1), (2, 1), (1, 1), (1, 2), (1, 3), (0, 3), (0, 4))","((0, 0), (1, 0), (2, 0), (3, 0), (3, 1), (2, 1), (1, 1), (1, 2), (1, 3), (0, 3))",0,2,2,10,,,goal,,False,1097
"((0, 0), (1, 0), (2, 0), (3, 0), (3, 1), (2, 1), (1, 1), (1, 2), (1, 3), (0, 3))","((0, 0), (1, 0), (2, 0), (3, 0), (3, 1), (2, 1), (1, 1), (1, 2), (1, 3))",0,2,2,9,3,1,expanded,False,,1098
"((0, 0), (1, 0), (2, 0), (3, 0), (3, 1), (2, 1), (1, 1), (1, 2), (1, 3), (1, 4), (2, 4))","((0, 0), (1, 0), (2, 0), (3, 0), (3, 1), (2, 1), (1, 1), (1, 2), (1, 3), (1, 4))",0,2,2,10,,,goal,,False,1099
"((0, 0), (1, 0), (2, 0), (3, 0), (3, 1), (2, 1), (1, 1), (1, 2), (1, 3), (1, 4), (0, 4))","((0, 0), (1, 0), (2, 0), (3, 0), (3, 1), (2, 1), (1, 1), (1, 2), (1, 3), (1, 4))",0,2,2,10,,,goal,,False,1100
"((0, 0), (1, 0), (2, 0), (3, 0), (3, 1), (2, 1), (1, 1), (1, 2), (1, 3), (1, 4), (1, 5))","((0, 0), (1, 0), (2, 0), (3, 0), (3, 1), (2, 1), (1, 1), (1, 2), (1, 3), (1, 4))",0,2,2,10,,,goal,,False,1101
"((0, 0), (1, 0), (2, 0), (3, 0), (3, 1), (2, 1), (1, 1), (1, 2), (1, 3), (1, 4))","((0, 0), (1, 0), (2, 0), (3, 0), (3, 1), (2, 1), (1, 1), (1, 2), (1, 3))",0,2,2,9,3,0,expanded,False,,1102
"((0, 0), (1, 0), (2, 0), (3, 0), (3, 1), (2, 1), (1, 1), (1, 2), (1, 3))","((0, 0), (1, 0), (2, 0), (3, 0), (3, 1), (2, 1), (1, 1), (1, 2))",0,2,2,8,3,0,expanded,False,,1103
"((0, 0), (1, 0), (2, 0), (3, 0), (3, 1), (2, 1), (1, 1), (1, 2))","((0, 0), (1, 0), (2, 0), (3, 0), (3, 1), (2, 1), (1, 1))",0,3,3,7,3,0,expanded,False,,1104
"((0, 0), (1, 0), (2, 0), (3, 0), (3, 1), (2, 1), (1, 1))","((0, 0), (1, 0), (2, 0), (3, 0), (3, 1), (2, 1))",0,2,2,6,2,0,expanded,False,,1105
"((0, 0), (1, 0), (2, 0), (3, 0), (3, 1), (2, 1), (2, 2), (3, 2), (4, 2), (4, 1), (5, 1))","((0, 0), (1, 0), (2, 0), (3, 0), (3, 1), (2, 1), (2, 2), (3, 2), (4, 2), (4, 1))",1,1,2,10,,,goal,,False,1106
"((0, 0), (1, 0), (2, 0), (3, 0), (3, 1), (2, 1), (2, 2), (3, 2), (4, 2), (4, 1), (4, 0))","((0, 0), (1, 0), (2, 0), (3, 0), (3, 1), (2, 1), (2, 2), (3, 2), (4, 2), (4, 1))",1,1,2,10,,,goal,,False,1107
"((0, 0), (1, 0), (2, 0), (3, 0), (3, 1), (2, 1), (2, 2), (3, 2), (4, 2), (4, 1))","((0, 0), (1, 0), (2, 0), (3, 0), (3, 1), (2, 1), (2, 2), (3, 2), (4, 2))",1,1,2,9,2,0,expanded,False,,1108
"((0, 0), (1, 0), (2, 0), (3, 0), (3, 1), (2, 1), (2, 2), (3, 2), (4, 2), (5, 2), (6, 2))","((0, 0), (1, 0), (2, 0), (3, 0), (3, 1), (2, 1), (2, 2), (3, 2), (4, 2), (5, 2))",1,1,2,10,,,goal,,False,1109
"((0, 0), (1, 0), (2, 0), (3, 0), (3, 1), (2, 1), (2, 2), (3, 2), (4, 2), (5, 2), (5, 3))","((0, 0), (1, 0), (2, 0), (3, 0), (3, 1), (2, 1), (2, 2), (3, 2), (4, 2), (5, 2))",1,1,2,10,,,goal,,False,1110
"((0, 0), (1, 0), (2, 0), (3, 0), (3, 1), (2, 1), (2, 2), (3, 2), (4, 2), (5, 2), (5, 1))","((0, 0), (1, 0), (2, 0), (3, 0), (3, 1), (2, 1), (2, 2), (3, 2), (4, 2), (5, 2))",1,1,2,10,,,goal,,False,1111
"((0, 0), (1, 0), (2, 0), (3, 0), (3, 1), (2, 1), (2, 2), (3, 2), (4, 2), (5, 2))","((0, 0), (1, 0), (2, 0), (3, 0), (3, 1), (2, 1), (2, 2), (3, 2), (4, 2))",1,1,2,9,3,0,expanded,False,,1112
"((0, 0), (1, 0), (2, 0), (3, 0), (3, 1), (2, 1), (2, 2), (3, 2), (4, 2), (4, 3), (3, 3))","((0, 0), (1, 0), (2, 0), (3, 0), (3, 1), (2, 1), (2, 2), (3, 2), (4, 2), (4, 3))",1,0,1,10,,,pruned,,,1113
"((0, 0), (1, 0), (2, 0), (3, 0), (3, 1), (2, 1), (2, 2), (3, 2), (4, 2), (4, 3), (5, 3))","((0, 0), (1, 0), (2, 0), (3, 0), (3, 1), (2, 1), (2, 2), (3, 2), (4, 2), (4, 3))",1,1,2,10,,,goal,,False,1114
"((0, 0), (1, 0), (2, 0), (3, 0), (3, 1), (2, 1), (2, 2), (3, 2), (4, 2), (4, 3), (4, 4))","((0, 0), (1, 0), (2, 0), (3, 0), (3, 1), (2, 1), (2, 2), (3, 2), (4, 2), (4, 3))",1,1,2,10,,,goal,,False,1115
"((0, 0), (1, 0), (2, 0), (3, 0), (3, 1), (2, 1), (2, 2), (3, 2), (4, 2), (4, 3))","((0, 0), (1, 0), (2, 0), (3, 0), (3, 1), (2, 1), (2, 2), (3, 2), (4, 2))",1,1,2,9,3,1,expanded,False,,1116
"((0, 0), (1, 0), (2, 0), (3, 0), (3, 1), (2, 1), (2, 2), (3, 2), (4, 2))","((0, 0), (1, 0), (2, 0), (3, 0), (3, 1), (2, 1), (2, 2), (3, 2))",1,1,2,8,3,0,expanded,False,,1117
"((0, 0), (1, 0), (2, 0), (3, 0), (3, 1), (2, 1), (2, 2), (3, 2), (3, 3), (2, 3), (1, 3))","((0, 0), (1, 0), (2, 0), (3, 0), (3, 1), (2, 1), (2, 2), (3, 2), (3, 3), (2, 3))",1,1,2,10,,,goal,,False,1118
"((0, 0), (1, 0), (2, 0), (3, 0), (3, 1), (2, 1), (2, 2), (3, 2), (3, 3), (2, 3), (2, 4))","((0, 0), (1, 0), (2, 0), (3, 0), (3, 1), (2, 1), (2, 2), (3, 2), (3, 3), (2, 3))",1,1,2,10,,,goal,,False,1119
"((0, 0), (1, 0), (2, 0), (3, 0), (3, 1), (2, 1), (2, 2), (3, 2), (3, 3), (2, 3))","((0, 0), (1, 0), (2, 0), (3, 0), (3, 1), (2, 1), (2, 2), (3, 2), (3, 3))",1,1,2,9,2,0,expanded,False,,1120
"((0, 0), (1, 0), (2, 0), (3, 0), (3, 1), (2, 1), (2, 2), (3, 2), (3, 3), (4, 3), (4, 2))","((0, 0), (1, 0), (2, 0), (3, 0), (3, 1), (2, 1), (2, 2), (3, 2), (3, 3), (4, 3))",1,0,1,10,,,pruned,,,1121
"((0, 0), (1, 0), (2, 0), (3, 0), (3, 1), (2, 1), (2, 2), (3, 2), (3, 3), (4, 3), (5, 3))","((0, 0), (1, 0), (2, 0), (3, 0), (3, 1), (2, 1), (2, 2), (3, 2), (3, 3), (4, 3))",1,1,2,10,,,goal,,False,1122
"((0, 0), (1, 0), (2, 0), (3, 0), (3, 1), (2, 1), (2, 2), (3, 2), (3, 3), (4, 3), (4, 4))","((0, 0), (1, 0), (2, 0), (3, 0), (3, 1), (2, 1), (2, 2), (3, 2), (3, 3), (4, 3))",1,1,2,10,,,goal,,False,1123
"((0, 0), (1, 0), (2, 0), (3, 0), (3, 1), (2, 1), (2, 2), (3, 2), (3, 3), (4, 3))","((0, 0), (1, 0), (2, 0), (3, 0), (3, 1), (2, 1), (2, 2), (3, 2), (3, 3))",1,1,2,9,3,1,expanded,False,,1124
"((0, 0), (1, 0), (2, 0), (3, 0), (3, 1), (2, 1), (2, 2), (3, 2), (3, 3), (3, 4), (4, 4))","((0, 0), (1, 0), (2, 0), (3, 0), (3, 1), (2, 1), (2, 2), (3, 2), (3, 3), (3, 4))",1,1,2,10,,,goal,,False,1125
"((0, 0), (1, 0), (2, 0), (3, 0), (3, 1), (2, 1), (2, 2), (3, 2), (3, 3), (3, 4), (2, 4))","((0, 0), (1, 0), (2, 0), (3, 0), (3, 1), (2, 1), (2, 2), (3, 2), (3, 3), (3, 4))",1,1,2,10,,,goal,,False,1126
"((0, 0), (1, 0), (2, 0), (3, 0), (3, 1), (2, 1), (2, 2), (3, 2), (3, 3), (3, 4), (3, 5))","((0, 0), (1, 0), (2, 0), (3, 0), (3, 1), (2, 1), (2, 2), (3, 2), (3, 3), (3, 4))",1,1,2,10,,,goal,,False,1127
"((0, 0), (1, 0), (2, 0), (3, 0), (3, 1), (2, 1), (2, 2), (3, 2), (3, 3), (3, 4))","((0, 0), (1, 0), (2, 0), (3, 0), (3, 1), (2, 1), (2, 2), (3, 2), (3, 3))",1,1,2,9,3,0,expanded,False,,1128
"((0, 0), (1, 0), (2, 0), (3, 0), (3, 1), (2, 1), (2, 2), (3, 2), (3, 3))","((0, 0), (1, 0), (2, 0), (3, 0), (3, 1), (2, 1), (2, 2), (3, 2))",1,1,2,8,3,0,expanded,False,,1129
"((0, 0), (1, 0), (2, 0), (3, 0), (3, 1), (2, 1), (2, 2), (3, 2))","((0, 0), (1, 0), (2, 0), (3, 0), (3, 1), (2, 1), (2, 2))",1,2,3,7,2,0,expanded,False,,1130
"((0, 0), (1, 0), (2, 0), (3, 0), (3, 1), (2, 1), (2, 2), (1, 2), (0, 2), (0, 1), (1, 1))","((0, 0), (1, 0), (2, 0), (3, 0), (3, 1), (2, 1), (2, 2), (1, 2), (0, 2), (0, 1))",0,1,1,10,,,pruned,,,1131
"((0, 0), (1, 0), (2, 0), (3, 0), (3, 1), (2, 1), (2, 2), (1, 2), (0, 2), (0, 1), (-1, 1))","((0, 0), (1, 0), (2, 0), (3, 0), (3, 1), (2, 1), (2, 2), (1, 2), (0, 2), (0, 1))",0,2,2,10,,,goal,,False,1132
"((0, 0), (1, 0), (2, 0), (3, 0), (3, 1), (2, 1), (2, 2), (1, 2), (0, 2), (0, 1))","((0, 0), (1, 0), (2, 0), (3, 0), (3, 1), (2, 1), (2, 2), (1, 2), (0, 2))",0,2,2,9,2,1,expanded,False,,1133
"((0, 0), (1, 0), (2, 0), (3, 0), (3, 1), (2, 1), (2, 2), (1, 2), (0, 2), (-1, 2), (-2, 2))","((0, 0), (1, 0), (2, 0), (3, 0), (3, 1), (2, 1), (2, 2), (1, 2), (0, 2), (-1, 2))",0,2,2,10,,,goal,,False,1134
"((0, 0), (1, 0), (2, 0), (3, 0), (3, 1), (2, 1), (2, 2), (1, 2), (0, 2), (-1, 2), (-1, 3))","((0, 0), (1, 0), (2, 0), (3, 0), (3, 1), (2, 1), (2, 2), (1, 2), (0, 2), (-1, 2))",0,2,2,10,,,goal,,False,1135
"((0, 0), (1, 0), (2, 0), (3, 0), (3, 1), (2, 1), (2, 2), (1, 2), (0, 2), (-1, 2), (-1, 1))","((0, 0), (1, 0), (2, 0), (3, 0), (3, 1), (2, 1), (2, 2), (1, 2), (0, 2), (-1, 2))",0,2,2,10,,,goal,,False,1136
"((0, 0), (1, 0), (2, 0), (3, 0), (3, 1), (2, 1), (2, 2), (1, 2), (0, 2), (-1, 2))","((0, 0), (1, 0), (2, 0), (3, 0), (3, 1), (2, 1), (2, 2), (1, 2), (0, 2))",0,2,2,9,3,0,expanded,False,,1137
"((0, 0), (1, 0), (2, 0), (3, 0), (3, 1), (2, 1), (2, 2), (1, 2), (0, 2), (0, 3), (1, 3))","((0, 0), (1, 0), (2, 0), (3, 0), (3, 1), (2, 1), (2, 2), (1, 2), (0, 2), (0, 3))",0,1,1,10,,,pruned,,,1138
"((0, 0), (1, 0), (2, 0), (3, 0), (3, 1), (2, 1), (2, 2), (1, 2), (0, 2), (0, 3), (-1, 3))","((0, 0), (1, 0), (2, 0), (3, 0), (3, 1), (2, 1), (2, 2), (1, 2), (0, 2), (0, 3))",0,2,2,10,,,goal,,False,1139
"((0, 0), (1, 0), (2, 0), (3, 0), (3, 1), (2, 1), (2, 2), (1, 2), (0, 2), (0, 3), (0, 4))","((0, 0), (1, 0), (2, 0), (3, 0), (3, 1), (2, 1), (2, 2), (1, 2), (0, 2), (0, 3))",0,2,2,10,,,goal,,False,1140
"((0, 0), (1, 0), (2, 0), (3, 0), (3, 1), (2, 1), (2, 2), (1, 2), (0, 2), (0, 3))","((0, 0), (1, 0), (2, 0), (3, 0), (3, 1), (2, 1), (2, 2), (1, 2), (0, 2))",0,2,2,9,3,1,expanded,False,,1141
"((0, 0), (1, 0), (2, 0), (3, 0), (3, 1), (2, 1), (2, 2), (1, 2), (0, 2))","((0, 0), (1, 0), (2, 0), (3, 0), (3, 1), (2, 1), (2, 2), (1, 2))",0,2,2,8,3,0,expanded,False,,1142
"((0, 0), (1, 0), (2, 0), (3, 0), (3, 1), (2, 1), (2, 2), (1, 2), (1, 3), (2, 3), (3, 3))","((0, 0), (1, 0), (2, 0), (3, 0), (3, 1), (2, 1), (2, 2), (1, 2), (1, 3), (2, 3))",0,2,2,10,,,goal,,False,1143
"((0, 0), (1, 0), (2, 0), (3, 0), (3, 1), (2, 1), (2, 2), (1, 2), (1, 3), (2, 3), (2, 4))","((0, 0), (1, 0), (2, 0), (3, 0), (3, 1), (2, 1), (2, 2), (1, 2), (1, 3), (2, 3))",0,2,2,10,,,goal,,False,1144
"((0, 0), (1, 0), (2, 0), (3, 0), (3, 1), (2, 1), (2, 2), (1, 2), (1, 3), (2, 3))","((0, 0), (1, 0), (2, 0), (3, 0), (3, 1), (2, 1), (2, 2), (1, 2), (1, 3))",0,2,2,9,2,0,expanded,False,,1145
"((0, 0), (1, 0), (2, 0), (3, 0), (3, 1), (2, 1), (2, 2), (1, 2), (1, 3), (0, 3), (0, 2))","((0, 0), (1, 0), (2, 0), (3, 0), (3, 1), (2, 1), (2, 2), (1, 2), (1, 3), (0, 3))",0,1,1,10,,,pruned,,,1146
"((0, 0), (1, 0), (2, 0), (3, 0), (3, 1), (2, 1), (2, 2), (1, 2), (1, 3), (0, 3), (-1, 3))","((0, 0), (1, 0), (2, 0), (3, 0), (3, 1), (2, 1), (2, 2), (1, 2), (1, 3), (0, 3))",0,2,2,10,,,goal,,False,1147
"((0, 0), (1, 0), (2, 0), (3, 0), (3, 1), (2, 1), (2, 2), (1, 2), (1, 3), (0, 3), (0, 4))","((0, 0), (1, 0), (2, 0), (3, 0), (3, 1), (2, 1), (2, 2), (1, 2), (1, 3), (0, 3))",0,2,2,10,,,goal,,False,1148
"((0, 0), (1, 0), (2, 0), (3, 0), (3, 1), (2, 1), (2, 2), (1, 2), (1, 3), (0, 3))","((0, 0), (1, 0), (2, 0), (3, 0), (3, 1), (2, 1), (2, 2), (1, 2), (1, 3))",0,2,2,9,3,1,expanded,False,,1149
"((0, 0), (1, 0), (2, 0), (3, 0), (3, 1), (2, 1), (2, 2), (1, 2), (1, 3), (1, 4), (2, 4))","((0, 0), (1, 0), (2, 0), (3, 0), (3, 1), (2, 1), (2, 2), (1, 2), (1, 3), (1, 4))",0,2,2,10,,,goal,,False,1150
"((0, 0), (1, 0), (2, 0), (3, 0), (3, 1), (2, 1), (2, 2), (1, 2), (1, 3), (1, 4), (0, 4))","((0, 0), (1, 0), (2, 0), (3, 0), (3, 1), (2, 1), (2, 2), (1, 2), (1, 3), (1, 4))",0,2,2,10,,,goal,,False,1151
"((0, 0), (1, 0), (2, 0), (3, 0), (3, 1), (2, 1), (2, 2), (1, 2), (1, 3), (1, 4), (1, 5))","((0, 0), (1, 0), (2, 0), (3, 0), (3, 1), (2, 1), (2, 2), (1, 2), (1, 3), (1, 4))",0,2,2,10,,,goal,,False,1152
"((0, 0), (1, 0), (2, 0), (3, 0), (3, 1), (2, 1), (2, 2), (1, 2), (1, 3), (1, 4))","((0, 0), (1, 0), (2, 0), (3, 0), (3, 1), (2, 1), (2, 2), (1, 2), (1, 3))",0,2,2,9,3,0,expanded,False,,1153
"((0, 0), (1, 0), (2, 0), (3, 0), (3, 1), (2, 1), (2, 2), (1, 2), (1, 3))","((0, 0), (1, 0), (2, 0), (3, 0), (3, 1), (2, 1), (2, 2), (1, 2))",0,2,2,8,3,0,expanded,False,,1154
"((0, 0), (1, 0), (2, 0), (3, 0), (3, 1), (2, 1), (2, 2), (1, 2), (1, 1), (0, 1), (0, 2))","((0, 0), (1, 0), (2, 0), (3, 0), (3, 1), (2, 1), (2, 2), (1, 2), (1, 1), (0, 1))",0,1,1,10,,,pruned,,,1155
"((0, 0), (1, 0), (2, 0), (3, 0), (3, 1), (2, 1), (2, 2), (1, 2), (1, 1), (0, 1), (-1, 1))","((0, 0), (1, 0), (2, 0), (3, 0), (3, 1), (2, 1), (2, 2), (1, 2), (1, 1), (0, 1))",0,2,2,10,,,goal,,False,1156
"((0, 0), (1, 0), (2, 0), (3, 0), (3, 1), (2, 1), (2, 2), (1, 2), (1, 1), (0, 1))","((0, 0), (1, 0), (2, 0), (3, 0), (3, 1), (2, 1), (2, 2), (1, 2), (1, 1))",0,2,2,9,2,1,expanded,False,,1157
"((0, 0), (1, 0), (2, 0), (3, 0), (3, 1), (2, 1), (2, 2), (1, 2), (1, 1))","((0, 0), (1, 0), (2, 0), (3, 0), (3, 1), (2, 1), (2, 2), (1, 2))",0,2,2,8,1,0,expanded,False,,1158
"((0, 0), (1, 0), (2, 0), (3, 0), (3, 1), (2, 1), (2, 2), (1, 2))","((0, 0), (1, 0), (2, 0), (3, 0), (3, 1), (2, 1), (2, 2))",0,3,3,7,3,0,expanded,False,,1159
"((0, 0), (1, 0), (2, 0), (3, 0), (3, 1), (2, 1), (2, 2), (2, 3), (3, 3), (3, 2), (4, 2))","((0, 0), (1, 0), (2, 0), (3, 0), (3, 1), (2, 1), (2, 2), (2, 3), (3, 3), (3, 2))",0,2,2,10,,,goal,,False,1160
"((0, 0), (1, 0), (2, 0), (3, 0), (3, 1), (2, 1), (2, 2), (2, 3), (3, 3), (3, 2))","((0, 0), (1, 0), (2, 0), (3, 0), (3, 1), (2, 1), (2, 2), (2, 3), (3, 3))",0,2,2,9,1,0,expanded,False,,1161
"((0, 0), (1, 0), (2, 0), (3, 0), (3, 1), (2, 1), (2, 2), (2, 3), (3, 3), (4, 3), (5, 3))","((0, 0), (1, 0), (2, 0), (3, 0), (3, 1), (2, 1), (2, 2), (2, 3), (3, 3), (4, 3))",0,2,2,10,,,goal,,False,1162
"((0, 0), (1, 0), (2, 0), (3, 0), (3, 1), (2, 1), (2, 2), (2, 3), (3, 3), (4, 3), (4, 4))","((0, 0), (1, 0), (2, 0), (3, 0), (3, 1), (2, 1), (2, 2), (2, 3), (3, 3), (4, 3))",0,2,2,10,,,goal,,False,1163
"((0, 0), (1, 0), (2, 0), (3, 0), (3, 1), (2, 1), (2, 2), (2, 3), (3, 3), (4, 3), (4, 2))","((0, 0), (1, 0), (2, 0), (3, 0), (3, 1), (2, 1), (2, 2), (2, 3), (3, 3), (4, 3))",0,2,2,10,,,goal,,False,1164
"((0, 0), (1, 0), (2, 0), (3, 0), (3, 1), (2, 1), (2, 2), (2, 3), (3, 3), (4, 3))","((0, 0), (1, 0), (2, 0), (3, 0), (3, 1), (2, 1), (2, 2), (2, 3), (3, 3))",0,2,2,9,3,0,expanded,False,,1165
"((0, 0), (1, 0), (2, 0), (3, 0), (3, 1), (2, 1), (2, 2), (2, 3), (3, 3), (3, 4), (2, 4))","((0, 0), (1, 0), (2, 0), (3, 0), (3, 1), (2, 1), (2, 2), (2, 3), (3, 3), (3, 4))",0,1,1,10,,,pruned,,,1166
"((0, 0), (1, 0), (2, 0), (3, 0), (3, 1), (2, 1), (2, 2), (2, 3), (3, 3), (3, 4), (4, 4))","((0, 0), (1, 0), (2, 0), (3, 0), (3, 1), (2, 1), (2, 2), (2, 3), (3, 3), (3, 4))",0,2,2,10,,,goal,,False,1167
"((0, 0), (1, 0), (2, 0), (3, 0), (3, 1), (2, 1), (2, 2), (2, 3), (3, 3), (3, 4), (3, 5))","((0, 0), (1, 0), (2, 0), (3, 0), (3, 1), (2, 1), (2, 2), (2, 3), (3, 3), (3, 4))",0,2,2,10,,,goal,,False,1168
"((0, 0), (1, 0), (2, 0), (3, 0), (3, 1), (2, 1), (2, 2), (2, 3), (3, 3), (3, 4))","((0, 0), (1, 0), (2, 0), (3, 0), (3, 1), (2, 1), (2, 2), (2, 3), (3, 3))",0,2,2,9,3,1,expanded,False,,1169
"((0, 0), (1, 0), (2, 0), (3, 0), (3, 1), (2, 1), (2, 2), (2, 3), (3, 3))","((0, 0), (1, 0), (2, 0), (3, 0), (3, 1), (2, 1), (2, 2), (2, 3))",0,2,2,8,3,0,expanded,False,,1170
"((0, 0), (1, 0), (2, 0), (3, 0), (3, 1), (2, 1), (2, 2), (2, 3), (1, 3), (1, 2), (0, 2))","((0, 0), (1, 0), (2, 0), (3, 0), (3, 1), (2, 1), (2, 2), (2, 3), (1, 3), (1, 2))",0,2,2,10,,,goal,,False,1171
"((0, 0), (1, 0), (2, 0), (3, 0), (3, 1), (2, 1), (2, 2), (2, 3), (1, 3), (1, 2), (1, 1))","((0, 0), (1, 0), (2, 0), (3, 0), (3, 1), (2, 1), (2, 2), (2, 3), (1, 3), (1, 2))",0,2,2,10,,,goal,,False,1172
"((0, 0), (1, 0), (2, 0), (3, 0), (3, 1), (2, 1), (2, 2), (2, 3), (1, 3), (1, 2))","((0, 0), (1, 0), (2, 0), (3, 0), (3, 1), (2, 1), (2, 2), (2, 3), (1, 3))",0,2,2,9,2,0,expanded,False,,1173
"((0, 0), (1, 0), (2, 0), (3, 0), (3, 1), (2, 1), (2, 2), (2, 3), (1, 3), (0, 3), (-1, 3))","((0, 0), (1, 0), (2, 0), (3, 0), (3, 1), (2, 1), (2, 2), (2, 3), (1, 3), (0, 3))",0,2,2,10,,,goal,,False,1174
"((0, 0), (1, 0), (2, 0), (3, 0), (3, 1), (2, 1), (2, 2), (2, 3), (1, 3), (0, 3), (0, 4))","((0, 0), (1, 0), (2, 0), (3, 0), (3, 1), (2, 1), (2, 2), (2, 3), (1, 3), (0, 3))",0,2,2,10,,,goal,,False,1175
"((0, 0), (1, 0), (2, 0), (3, 0), (3, 1), (2, 1), (2, 2), (2, 3), (1, 3), (0, 3), (0, 2))","((0, 0), (1, 0), (2, 0), (3, 0), (3, 1), (2, 1), (2, 2), (2, 3), (1, 3), (0, 3))",0,2,2,10,,,goal,,False,1176
"((0, 0), (1, 0), (2, 0), (3, 0), (3, 1), (2, 1), (2, 2), (2, 3), (1, 3), (0, 3))","((0, 0), (1, 0), (2, 0), (3, 0), (3, 1), (2, 1), (2, 2), (2, 3), (1, 3))",0,2,2,9,3,0,expanded,False,,1177
"((0, 0), (1, 0), (2, 0), (3, 0), (3, 1), (2, 1), (2, 2), (2, 3), (1, 3), (1, 4), (2, 4))","((0, 0), (1, 0), (2, 0), (3, 0), (3, 1), (2, 1), (2, 2), (2, 3), (1, 3), (1, 4))",0,1,1,10,,,pruned,,,1178
"((0, 0), (1, 0), (2, 0), (3, 0), (3, 1), (2, 1), (2, 2), (2, 3), (1, 3), (1, 4), (0, 4))","((0, 0), (1, 0), (2, 0), (3, 0), (3, 1), (2, 1), (2, 2), (2, 3), (1, 3), (1, 4))",0,2,2,10,,,goal,,False,1179
"((0, 0), (1, 0), (2, 0), (3, 0), (3, 1), (2, 1), (2, 2), (2, 3), (1, 3), (1, 4), (1, 5))","((0, 0), (1, 0), (2, 0), (3, 0), (3, 1), (2, 1), (2, 2), (2, 3), (1, 3), (1, 4))",0,2,2,10,,,goal,,False,1180
"((0, 0), (1, 0), (2, 0), (3, 0), (3, 1), (2, 1), (2, 2), (2, 3), (1, 3), (1, 4))","((0, 0), (1, 0), (2, 0), (3, 0), (3, 1), (2, 1), (2, 2), (2, 3), (1, 3))",0,2,2,9,3,1,expanded,False,,1181
"((0, 0), (1, 0), (2, 0), (3, 0), (3, 1), (2, 1), (2, 2), (2, 3), (1, 3))","((0, 0), (1, 0), (2, 0), (3, 0), (3, 1), (2, 1), (2, 2), (2, 3))",0,2,2,8,3,0,expanded,False,,1182
"((0, 0), (1, 0), (2, 0), (3, 0), (3, 1), (2, 1), (2, 2), (2, 3), (2, 4), (3, 4), (3, 3))","((0, 0), (1, 0), (2, 0), (3, 0), (3, 1), (2, 1), (2, 2), (2, 3), (2, 4), (3, 4))",0,1,1,10,,,pruned,,,1183
"((0, 0), (1, 0), (2, 0), (3, 0), (3, 1), (2, 1), (2, 2), (2, 3), (2, 4), (3, 4), (4, 4))","((0, 0), (1, 0), (2, 0), (3, 0), (3, 1), (2, 1), (2, 2), (2, 3), (2, 4), (3, 4))",0,2,2,10,,,goal,,False,1184
"((0, 0), (1, 0), (2, 0), (3, 0), (3, 1), (2, 1), (2, 2), (2, 3), (2, 4), (3, 4), (3, 5))","((0, 0), (1, 0), (2, 0), (3, 0), (3, 1), (2, 1), (2, 2), (2, 3), (2, 4), (3, 4))",0,2,2,10,,,goal,,False,1185
"((0, 0), (1, 0), (2, 0), (3, 0), (3, 1), (2, 1), (2, 2), (2, 3), (2, 4), (3, 4))","((0, 0), (1, 0), (2, 0), (3, 0), (3, 1), (2, 1), (2, 2), (2, 3), (2, 4))",0,2,2,9,3,1,expanded,False,,1186
"((0, 0), (1, 0), (2, 0), (3, 0), (3, 1), (2, 1), (2, 2), (2, 3), (2, 4), (1, 4), (1, 3))","((0, 0), (1, 0), (2, 0), (3, 0), (3, 1), (2, 1), (2, 2), (2, 3), (2, 4), (1, 4))",0,1,1,10,,,pruned,,,1187
"((0, 0), (1, 0), (2, 0), (3, 0), (3, 1), (2, 1), (2, 2), (2, 3), (2, 4), (1, 4), (0, 4))","((0, 0), (1, 0), (2, 0), (3, 0), (3, 1), (2, 1), (2, 2), (2, 3), (2, 4), (1, 4))",0,2,2,10,,,goal,,False,1188
"((0, 0), (1, 0), (2, 0), (3, 0), (3, 1), (2, 1), (2, 2), (2, 3), (2, 4), (1, 4), (1, 5))","((0, 0), (1, 0), (2, 0), (3, 0), (3, 1), (2, 1), (2, 2), (2, 3), (2, 4), (1, 4))",0,2,2,10,,,goal,,False,1189
"((0, 0), (1, 0), (2, 0), (3, 0), (3, 1), (2, 1), (2, 2), (2, 3), (2, 4), (1, 4))","((0, 0), (1, 0), (2, 0), (3, 0), (3, 1), (2, 1), (2, 2), (2, 3), (2, 4))",0,2,2,9,3,1,expanded,False,,1190
"((0, 0), (1, 0), (2, 0), (3, 0), (3, 1), (2, 1), (2, 2), (2, 3), (2, 4), (2, 5), (3, 5))","((0, 0), (1, 0), (2, 0), (3, 0), (3, 1), (2, 1), (2, 2), (2, 3), (2, 4), (2, 5))",0,2,2,10,,,goal,,False,1191
"((0, 0), (1, 0), (2, 0), (3, 0), (3, 1), (2, 1), (2, 2), (2, 3), (2, 4), (2, 5), (1, 5))","((0, 0), (1, 0), (2, 0), (3, 0), (3, 1), (2, 1), (2, 2), (2, 3), (2, 4), (2, 5))",0,2,2,10,,,goal,,False,1192
"((0, 0), (1, 0), (2, 0), (3, 0), (3, 1), (2, 1), (2, 2), (2, 3), (2, 4), (2, 5), (2, 6))","((0, 0), (1, 0), (2, 0), (3, 0), (3, 1), (2, 1), (2, 2), (2, 3), (2, 4), (2, 5))",0,2,2,10,,,goal,,False,1193
"((0, 0), (1, 0), (2, 0), (3, 0), (3, 1), (2, 1), (2, 2), (2, 3), (2, 4), (2, 5))","((0, 0), (1, 0), (2, 0), (3, 0), (3, 1), (2, 1), (2, 2), (2, 3), (2, 4))",0,2,2,9,3,0,expanded,False,,1194
"((0, 0), (1, 0), (2, 0), (3, 0), (3, 1), (2, 1), (2, 2), (2, 3), (2, 4))","((0, 0), (1, 0), (2, 0), (3, 0), (3, 1), (2, 1), (2, 2), (2, 3))",0,2,2,8,3,0,expanded,False,,1195
"((0, 0), (1, 0), (2, 0), (3, 0), (3, 1), (2, 1), (2, 2), (2, 3))","((0, 0), (1, 0), (2, 0), (3, 0), (3, 1), (2, 1), (2, 2))",0,3,3,7,3,0,expanded,False,,1196
"((0, 0), (1, 0), (2, 0), (3, 0), (3, 1), (2, 1), (2, 2))","((0, 0), (1, 0), (2, 0), (3, 0), (3, 1), (2, 1))",0,2,2,6,3,0,expanded,False,,1197
"((0, 0), (1, 0), (2, 0), (3, 0), (3, 1), (2, 1))","((0, 0), (1, 0), (2, 0), (3, 0), (3, 1))",0,2,2,5,2,0,expanded,False,,1198
"((0, 0), (1, 0), (2, 0), (3, 0), (3, 1), (3, 2), (4, 2), (4, 1), (5, 1), (5, 2), (6, 2))","((0, 0), (1, 0), (2, 0), (3, 0), (3, 1), (3, 2), (4, 2), (4, 1), (5, 1), (5, 2))",1,1,2,10,,,goal,,False,1199
"((0, 0), (1, 0), (2, 0), (3, 0), (3, 1), (3, 2), (4, 2), (4, 1), (5, 1), (5, 2), (5, 3))","((0, 0), (1, 0), (2, 0), (3, 0), (3, 1), (3, 2), (4, 2), (4, 1), (5, 1), (5, 2))",1,1,2,10,,,goal,,False,1200
"((0, 0), (1, 0), (2, 0), (3, 0), (3, 1), (3, 2), (4, 2), (4, 1), (5, 1), (5, 2))","((0, 0), (1, 0), (2, 0), (3, 0), (3, 1), (3, 2), (4, 2), (4, 1), (5, 1))",1,1,2,9,2,0,expanded,False,,1201
"((0, 0), (1, 0), (2, 0), (3, 0), (3, 1), (3, 2), (4, 2), (4, 1), (5, 1), (6, 1), (7, 1))","((0, 0), (1, 0), (2, 0), (3, 0), (3, 1), (3, 2), (4, 2), (4, 1), (5, 1), (6, 1))",1,1,2,10,,,goal,,False,1202
"((0, 0), (1, 0), (2, 0), (3, 0), (3, 1), (3, 2), (4, 2), (4, 1), (5, 1), (6, 1), (6, 2))","((0, 0), (1, 0), (2, 0), (3, 0), (3, 1), (3, 2), (4, 2), (4, 1), (5, 1), (6, 1))",1,1,2,10,,,goal,,False,1203
"((0, 0), (1, 0), (2, 0), (3, 0), (3, 1), (3, 2), (4, 2), (4, 1), (5, 1), (6, 1), (6, 0))","((0, 0), (1, 0), (2, 0), (3, 0), (3, 1), (3, 2), (4, 2), (4, 1), (5, 1), (6, 1))",1,1,2,10,,,goal,,False,1204
"((0, 0), (1, 0), (2, 0), (3, 0), (3, 1), (3, 2), (4, 2), (4, 1), (5, 1), (6, 1))","((0, 0), (1, 0), (2, 0), (3, 0), (3, 1), (3, 2), (4, 2), (4, 1), (5, 1))",1,1,2,9,3,0,expanded,False,,1205
"((0, 0), (1, 0), (2, 0), (3, 0), (3, 1), (3, 2), (4, 2), (4, 1), (5, 1), (5, 0), (4, 0))","((0, 0), (1, 0), (2, 0), (3, 0), (3, 1), (3, 2), (4, 2), (4, 1), (5, 1), (5, 0))",1,0,1,10,,,pruned,,,1206
"((0, 0), (1, 0), (2, 0), (3, 0), (3, 1), (3, 2), (4, 2), (4, 1), (5, 1), (5, 0), (6, 0))","((0, 0), (1, 0), (2, 0), (3, 0), (3, 1), (3, 2), (4, 2), (4, 1), (5, 1), (5, 0))",1,1,2,10,,,goal,,False,1207
"((0, 0), (1, 0), (2, 0), (3, 0), (3, 1), (3, 2), (4, 2), (4, 1), (5, 1), (5, 0), (5, -1))","((0, 0), (1, 0), (2, 0), (3, 0), (3, 1), (3, 2), (4, 2), (4, 1), (5, 1), (5, 0))",1,1,2,10,,,goal,,False,1208
"((0, 0), (1, 0), (2, 0), (3, 0), (3, 1), (3, 2), (4, 2), (4, 1), (5, 1), (5, 0))","((0, 0), (1, 0), (2, 0), (3, 0), (3, 1), (3, 2), (4, 2), (4, 1), (5, 1))",1,1,2,9,3,1,expanded,False,,1209
"((0, 0), (1, 0), (2, 0), (3, 0), (3, 1), (3, 2), (4, 2), (4, 1), (5, 1))","((0, 0), (1, 0), (2, 0), (3, 0), (3, 1), (3, 2), (4, 2), (4, 1))",1,1,2,8,3,0,expanded,False,,1210
"((0, 0), (1, 0), (2, 0), (3, 0), (3, 1), (3, 2), (4, 2), (4, 1), (4, 0), (5, 0), (5, 1))","((0, 0), (1, 0), (2, 0), (3, 0), (3, 1), (3, 2), (4, 2), (4, 1), (4, 0), (5, 0))",1,0,1,10,,,pruned,,,1211
"((0, 0), (1, 0), (2, 0), (3, 0), (3, 1), (3, 2), (4, 2), (4, 1), (4, 0), (5, 0), (6, 0))","((0, 0), (1, 0), (2, 0), (3, 0), (3, 1), (3, 2), (4, 2), (4, 1), (4, 0), (5, 0))",1,1,2,10,,,goal,,False,1212
"((0, 0), (1, 0), (2, 0), (3, 0), (3, 1), (3, 2), (4, 2), (4, 1), (4, 0), (5, 0), (5, -1))","((0, 0), (1, 0), (2, 0), (3, 0), (3, 1), (3, 2), (4, 2), (4, 1), (4, 0), (5, 0))",1,1,2,10,,,goal,,False,1213
"((0, 0), (1, 0), (2, 0), (3, 0), (3, 1), (3, 2), (4, 2), (4, 1), (4, 0), (5, 0))","((0, 0), (1, 0), (2, 0), (3, 0), (3, 1), (3, 2), (4, 2), (4, 1), (4, 0))",1,1,2,9,3,1,expanded,False,,1214
"((0, 0), (1, 0), (2, 0), (3, 0), (3, 1), (3, 2), (4, 2), (4, 1), (4, 0), (4, -1), (5, -1))","((0, 0), (1, 0), (2, 0), (3, 0), (3, 1), (3, 2), (4, 2), (4, 1), (4, 0), (4, -1))",1,1,2,10,,,goal,,False,1215
"((0, 0), (1, 0), (2, 0), (3, 0), (3, 1), (3, 2), (4, 2), (4, 1), (4, 0), (4, -1), (3, -1))","((0, 0), (1, 0), (2, 0), (3, 0), (3, 1), (3, 2), (4, 2), (4, 1), (4, 0), (4, -1))",1,1,2,10,,,goal,,False,1216
"((0, 0), (1, 0), (2, 0), (3, 0), (3, 1), (3, 2), (4, 2), (4, 1), (4, 0), (4, -1), (4, -2))","((0, 0), (1, 0), (2, 0), (3, 0), (3, 1), (3, 2), (4, 2), (4, 1), (4, 0), (4, -1))",1,1,2,10,,,goal,,False,1217
"((0, 0), (1, 0), (2, 0), (3, 0), (3, 1), (3, 2), (4, 2), (4, 1), (4, 0), (4, -1))","((0, 0), (1, 0), (2, 0), (3, 0), (3, 1), (3, 2), (4, 2), (4, 1), (4, 0))",1,1,2,9,3,0,expanded,False,,1218
"((0, 0), (1, 0), (2, 0), (3, 0), (3, 1), (3, 2), (4, 2), (4, 1), (4, 0))","((0, 0), (1, 0), (2, 0), (3, 0), (3, 1), (3, 2), (4, 2), (4, 1))",1,1,2,8,2,0,expanded,False,,1219
"((0, 0), (1, 0), (2, 0), (3, 0), (3, 1), (3, 2), (4, 2), (4, 1))","((0, 0), (1, 0), (2, 0), (3, 0), (3, 1), (3, 2), (4, 2))",1,2,3,7,2,0,expanded,False,,1220
"((0, 0), (1, 0), (2, 0), (3, 0), (3, 1), (3, 2), (4, 2), (5, 2), (6, 2), (7, 2), (8, 2))","((0, 0), (1, 0), (2, 0), (3, 0), (3, 1), (3, 2), (4, 2), (5, 2), (6, 2), (7, 2))",0,2,2,10,,,goal,,False,1221
"((0, 0), (1, 0), (2, 0), (3, 0), (3, 1), (3, 2), (4, 2), (5, 2), (6, 2), (7, 2), (7, 3))","((0, 0), (1, 0), (2, 0), (3, 0), (3, 1), (3, 2), (4, 2), (5, 2), (6, 2), (7, 2))",0,2,2,10,,,goal,,False,1222
"((0, 0), (1, 0), (2, 0), (3, 0), (3, 1), (3, 2), (4, 2), (5, 2), (6, 2), (7, 2), (7, 1))","((0, 0), (1, 0), (2, 0), (3, 0), (3, 1), (3, 2), (4, 2), (5, 2), (6, 2), (7, 2))",0,2,2,10,,,goal,,False,1223
"((0, 0), (1, 0), (2, 0), (3, 0), (3, 1), (3, 2), (4, 2), (5, 2), (6, 2), (7, 2))","((0, 0), (1, 0), (2, 0), (3, 0), (3, 1), (3, 2), (4, 2), (5, 2), (6, 2))",0,2,2,9,3,0,expanded,False,,1224
"((0, 0), (1, 0), (2, 0), (3, 0), (3, 1), (3, 2), (4, 2), (5, 2), (6, 2), (6, 3), (5, 3))","((0, 0), (1, 0), (2, 0), (3, 0), (3, 1), (3, 2), (4, 2), (5, 2), (6, 2), (6, 3))",0,1,1,10,,,pruned,,,1225
"((0, 0), (1, 0), (2, 0), (3, 0), (3, 1), (3, 2), (4, 2), (5, 2), (6, 2), (6, 3), (7, 3))","((0, 0), (1, 0), (2, 0), (3, 0), (3, 1), (3, 2), (4, 2), (5, 2), (6, 2), (6, 3))",0,2,2,10,,,goal,,False,1226
"((0, 0), (1, 0), (2, 0), (3, 0), (3, 1), (3, 2), (4, 2), (5, 2), (6, 2), (6, 3), (6, 4))","((0, 0), (1, 0), (2, 0), (3, 0), (3, 1), (3, 2), (4, 2), (5, 2), (6, 2), (6, 3))",0,2,2,10,,,goal,,False,1227
"((0, 0), (1, 0), (2, 0), (3, 0), (3, 1), (3, 2), (4, 2), (5, 2), (6, 2), (6, 3))","((0, 0), (1, 0), (2, 0), (3, 0), (3, 1), (3, 2), (4, 2), (5, 2), (6, 2))",0,2,2,9,3,1,expanded,False,,1228
"((0, 0), (1, 0), (2, 0), (3, 0), (3, 1), (3, 2), (4, 2), (5, 2), (6, 2), (6, 1), (5, 1))","((0, 0), (1, 0), (2, 0), (3, 0), (3, 1), (3, 2), (4, 2), (5, 2), (6, 2), (6, 1))",0,1,1,10,,,pruned,,,1229
"((0, 0), (1, 0), (2, 0), (3, 0), (3, 1), (3, 2), (4, 2), (5, 2), (6, 2), (6, 1), (7, 1))","((0, 0), (1, 0), (2, 0), (3, 0), (3, 1), (3, 2), (4, 2), (5, 2), (6, 2), (6, 1))",0,2,2,10,,,goal,,False,1230
"((0, 0), (1, 0), (2, 0), (3, 0), (3, 1), (3, 2), (4, 2), (5, 2), (6, 2), (6, 1), (6, 0))","((0, 0), (1, 0), (2, 0), (3, 0), (3, 1), (3, 2), (4, 2), (5, 2), (6, 2), (6, 1))",0,2,2,10,,,goal,,False,1231
"((0, 0), (1, 0), (2, 0), (3, 0), (3, 1), (3, 2), (4, 2), (5, 2), (6, 2), (6, 1))","((0, 0), (1, 0), (2, 0), (3, 0), (3, 1), (3, 2), (4, 2), (5, 2), (6, 2))",0,2,2,9,3,1,expanded,False,,1232
"((0, 0), (1, 0), (2, 0), (3, 0), (3, 1), (3, 2), (4, 2), (5, 2), (6, 2))","((0, 0), (1, 0), (2, 0), (3, 0), (3, 1), (3, 2), (4, 2), (5, 2))",0,2,2,8,3,0,expanded,False,,1233
"((0, 0), (1, 0), (2, 0), (3, 0), (3, 1), (3, 2), (4, 2), (5, 2), (5, 3), (4, 3), (3, 3))","((0, 0), (1, 0), (2, 0), (3, 0), (3, 1), (3, 2), (4, 2), (5, 2), (5, 3), (4, 3))",0,2,2,10,,,goal,,False,1234
"((0, 0), (1, 0), (2, 0), (3, 0), (3, 1), (3, 2), (4, 2), (5, 2), (5, 3), (4, 3), (4, 4))","((0, 0), (1, 0), (2, 0), (3, 0), (3, 1), (3, 2), (4, 2), (5, 2), (5, 3), (4, 3))",0,2,2,10,,,goal,,False,1235
"((0, 0), (1, 0), (2, 0), (3, 0), (3, 1), (3, 2), (4, 2), (5, 2), (5, 3), (4, 3))","((0, 0), (1, 0), (2, 0), (3, 0), (3, 1), (3, 2), (4, 2), (5, 2), (5, 3))",0,2,2,9,2,0,expanded,False,,1236
"((0, 0), (1, 0), (2, 0), (3, 0), (3, 1), (3, 2), (4, 2), (5, 2), (5, 3), (6, 3), (6, 2))","((0, 0), (1, 0), (2, 0), (3, 0), (3, 1), (3, 2), (4, 2), (5, 2), (5, 3), (6, 3))",0,1,1,10,,,pruned,,,1237
"((0, 0), (1, 0), (2, 0), (3, 0), (3, 1), (3, 2), (4, 2), (5, 2), (5, 3), (6, 3), (7, 3))","((0, 0), (1, 0), (2, 0), (3, 0), (3, 1), (3, 2), (4, 2), (5, 2), (5, 3), (6, 3))",0,2,2,10,,,goal,,False,1238
"((0, 0), (1, 0), (2, 0), (3, 0), (3, 1), (3, 2), (4, 2), (5, 2), (5, 3), (6, 3), (6, 4))","((0, 0), (1, 0), (2, 0), (3, 0), (3, 1), (3, 2), (4, 2), (5, 2), (5, 3), (6, 3))",0,2,2,10,,,goal,,False,1239
"((0, 0), (1, 0), (2, 0), (3, 0), (3, 1), (3, 2), (4, 2), (5, 2), (5, 3), (6, 3))","((0, 0), (1, 0), (2, 0), (3, 0), (3, 1), (3, 2), (4, 2), (5, 2), (5, 3))",0,2,2,9,3,1,expanded,False,,1240
"((0, 0), (1, 0), (2, 0), (3, 0), (3, 1), (3, 2), (4, 2), (5, 2), (5, 3), (5, 4), (6, 4))","((0, 0), (1, 0), (2, 0), (3, 0), (3, 1), (3, 2), (4, 2), (5, 2), (5, 3), (5, 4))",0,2,2,10,,,goal,,False,1241
"((0, 0), (1, 0), (2, 0), (3, 0), (3, 1), (3, 2), (4, 2), (5, 2), (5, 3), (5, 4), (4, 4))","((0, 0), (1, 0), (2, 0), (3, 0), (3, 1), (3, 2), (4, 2), (5, 2), (5, 3), (5, 4))",0,2,2,10,,,goal,,False,1242
"((0, 0), (1, 0), (2, 0), (3, 0), (3, 1), (3, 2), (4, 2), (5, 2), (5, 3), (5, 4), (5, 5))","((0, 0), (1, 0), (2, 0), (3, 0), (3, 1), (3, 2), (4, 2), (5, 2), (5, 3), (5, 4))",0,2,2,10,,,goal,,False,1243
"((0, 0), (1, 0), (2, 0), (3, 0), (3, 1), (3, 2), (4, 2), (5, 2), (5, 3), (5, 4))","((0, 0), (1, 0), (2, 0), (3, 0), (3, 1), (3, 2), (4, 2), (5, 2), (5, 3))",0,2,2,9,3,0,expanded,False,,1244
"((0, 0), (1, 0), (2, 0), (3, 0), (3, 1), (3, 2), (4, 2), (5, 2), (5, 3))","((0, 0), (1, 0), (2, 0), (3, 0), (3, 1), (3, 2), (4, 2), (5, 2))",0,2,2,8,3,0,expanded,False,,1245
"((0, 0), (1, 0), (2, 0), (3, 0), (3, 1), (3, 2), (4, 2), (5, 2), (5, 1), (4, 1), (4, 0))","((0, 0), (1, 0), (2, 0), (3, 0), (3, 1), (3, 2), (4, 2), (5, 2), (5, 1), (4, 1))",0,2,2,10,,,goal,,False,1246
"((0, 0), (1, 0), (2, 0), (3, 0), (3, 1), (3, 2), (4, 2), (5, 2), (5, 1), (4, 1))","((0, 0), (1, 0), (2, 0), (3, 0), (3, 1), (3, 2), (4, 2), (5, 2), (5, 1))",0,2,2,9,1,0,expanded,False,,1247
"((0, 0), (1, 0), (2, 0), (3, 0), (3, 1), (3, 2), (4, 2), (5, 2), (5, 1), (6, 1), (6, 2))","((0, 0), (1, 0), (2, 0), (3, 0), (3, 1), (3, 2), (4, 2), (5, 2), (5, 1), (6, 1))",0,1,1,10,,,pruned,,,1248
"((0, 0), (1, 0), (2, 0), (3, 0), (3, 1), (3, 2), (4, 2), (5, 2), (5, 1), (6, 1), (7, 1))","((0, 0), (1, 0), (2, 0), (3, 0), (3, 1), (3, 2), (4, 2), (5, 2), (5, 1), (6, 1))",0,2,2,10,,,goal,,False,1249
"((0, 0), (1, 0), (2, 0), (3, 0), (3, 1), (3, 2), (4, 2), (5, 2), (5, 1), (6, 1), (6, 0))","((0, 0), (1, 0), (2, 0), (3, 0), (3, 1), (3, 2), (4, 2), (5, 2), (5, 1), (6, 1))",0,2,2,10,,,goal,,False,1250
"((0, 0), (1, 0), (2, 0), (3, 0), (3, 1), (3, 2), (4, 2), (5, 2), (5, 1), (6, 1))","((0, 0), (1, 0), (2, 0), (3, 0), (3, 1), (3, 2), (4, 2), (5, 2), (5, 1))",0,2,2,9,3,1,expanded,False,,1251
"((0, 0), (1, 0), (2, 0), (3, 0), (3, 1), (3, 2), (4, 2), (5, 2), (5, 1), (5, 0), (6, 0))","((0, 0), (1, 0), (2, 0), (3, 0), (3, 1), (3, 2), (4, 2), (5, 2), (5, 1), (5, 0))",0,2,2,10,,,goal,,False,1252
"((0, 0), (1, 0), (2, 0), (3, 0), (3, 1), (3, 2), (4, 2), (5, 2), (5, 1), (5, 0), (4, 0))","((0, 0), (1, 0), (2, 0), (3, 0), (3, 1), (3, 2), (4, 2), (5, 2), (5, 1), (5, 0))",0,2,2,10,,,goal,,False,1253
"((0, 0), (1, 0), (2, 0), (3, 0), (3, 1), (3, 2), (4, 2), (5, 2), (5, 1), (5, 0), (5, -1))","((0, 0), (1, 0), (2, 0), (3, 0), (3, 1), (3, 2), (4, 2), (5, 2), (5, 1), (5, 0))",0,2,2,10,,,goal,,False,1254
"((0, 0), (1, 0), (2, 0), (3, 0), (3, 1), (3, 2), (4, 2), (5, 2), (5, 1), (5, 0))","((0, 0), (1, 0), (2, 0), (3, 0), (3, 1), (3, 2), (4, 2), (5, 2), (5, 1))",0,2,2,9,3,0,expanded,False,,1255
"((0, 0), (1, 0), (2, 0), (3, 0), (3, 1), (3, 2), (4, 2), (5, 2), (5, 1))","((0, 0), (1, 0), (2, 0), (3, 0), (3, 1), (3, 2), (4, 2), (5, 2))",0,2,2,8,3,0,expanded,False,,1256
"((0, 0), (1, 0), (2, 0), (3, 0), (3, 1), (3, 2), (4, 2), (5, 2))","((0, 0), (1, 0), (2, 0), (3, 0), (3, 1), (3, 2), (4, 2))",0,3,3,7,3,0,expanded,False,,1257
"((0, 0), (1, 0), (2, 0), (3, 0), (3, 1), (3, 2), (4, 2), (4, 3), (5, 3), (5, 2), (6, 2))","((0, 0), (1, 0), (2, 0), (3, 0), (3, 1), (3, 2), (4, 2), (4, 3), (5, 3), (5, 2))",0,2,2,10,,,goal,,False,1258
"((0, 0), (1, 0), (2, 0), (3, 0), (3, 1), (3, 2), (4, 2), (4, 3), (5, 3), (5, 2), (5, 1))","((0, 0), (1, 0), (2, 0), (3, 0), (3, 1), (3, 2), (4, 2), (4, 3), (5, 3), (5, 2))",0,2,2,10,,,goal,,False,1259
"((0, 0), (1, 0), (2, 0), (3, 0), (3, 1), (3, 2), (4, 2), (4, 3), (5, 3), (5, 2))","((0, 0), (1, 0), (2, 0), (3, 0), (3, 1), (3, 2), (4, 2), (4, 3), (5, 3))",0,2,2,9,2,0,expanded,False,,1260
"((0, 0), (1, 0), (2, 0), (3, 0), (3, 1), (3, 2), (4, 2), (4, 3), (5, 3), (6, 3), (7, 3))","((0, 0), (1, 0), (2, 0), (3, 0), (3, 1), (3, 2), (4, 2), (4, 3), (5, 3), (6, 3))",0,2,2,10,,,goal,,False,1261
"((0, 0), (1, 0), (2, 0), (3, 0), (3, 1), (3, 2), (4, 2), (4, 3), (5, 3), (6, 3), (6, 4))","((0, 0), (1, 0), (2, 0), (3, 0), (3, 1), (3, 2), (4, 2), (4, 3), (5, 3), (6, 3))",0,2,2,10,,,goal,,False,1262
"((0, 0), (1, 0), (2, 0), (3, 0), (3, 1), (3, 2), (4, 2), (4, 3), (5, 3), (6, 3), (6, 2))","((0, 0), (1, 0), (2, 0), (3, 0), (3, 1), (3, 2), (4, 2), (4, 3), (5, 3), (6, 3))",0,2,2,10,,,goal,,False,1263
"((0, 0), (1, 0), (2, 0), (3, 0), (3, 1), (3, 2), (4, 2), (4, 3), (5, 3), (6, 3))","((0, 0), (1, 0), (2, 0), (3, 0), (3, 1), (3, 2), (4, 2), (4, 3), (5, 3))",0,2,2,9,3,0,expanded,False,,1264
"((0, 0), (1, 0), (2, 0), (3, 0), (3, 1), (3, 2), (4, 2), (4, 3), (5, 3), (5, 4), (4, 4))","((0, 0), (1, 0), (2, 0), (3, 0), (3, 1), (3, 2), (4, 2), (4, 3), (5, 3), (5, 4))",0,1,1,10,,,pruned,,,1265
"((0, 0), (1, 0), (2, 0), (3, 0), (3, 1), (3, 2), (4, 2), (4, 3), (5, 3), (5, 4), (6, 4))","((0, 0), (1, 0), (2, 0), (3, 0), (3, 1), (3, 2), (4, 2), (4, 3), (5, 3), (5, 4))",0,2,2,10,,,goal,,False,1266
"((0, 0), (1, 0), (2, 0), (3, 0), (3, 1), (3, 2), (4, 2), (4, 3), (5, 3), (5, 4), (5, 5))","((0, 0), (1, 0), (2, 0), (3, 0), (3, 1), (3, 2), (4, 2), (4, 3), (5, 3), (5, 4))",0,2,2,10,,,goal,,False,1267
"((0, 0), (1, 0), (2, 0), (3, 0), (3, 1), (3, 2), (4, 2), (4, 3), (5, 3), (5, 4))","((0, 0), (1, 0), (2, 0), (3, 0), (3, 1), (3, 2), (4, 2), (4, 3), (5, 3))",0,2,2,9,3,1,expanded,False,,1268
"((0, 0), (1, 0), (2, 0), (3, 0), (3, 1), (3, 2), (4, 2), (4, 3), (5, 3))","((0, 0), (1, 0), (2, 0), (3, 0), (3, 1), (3, 2), (4, 2), (4, 3))",0,2,2,8,3,0,expanded,False,,1269
"((0, 0), (1, 0), (2, 0), (3, 0), (3, 1), (3, 2), (4, 2), (4, 3), (3, 3), (2, 3), (1, 3))","((0, 0), (1, 0), (2, 0), (3, 0), (3, 1), (3, 2), (4, 2), (4, 3), (3, 3), (2, 3))",0,2,2,10,,,goal,,False,1270
"((0, 0), (1, 0), (2, 0), (3, 0), (3, 1), (3, 2), (4, 2), (4, 3), (3, 3), (2, 3), (2, 4))","((0, 0), (1, 0), (2, 0), (3, 0), (3, 1), (3, 2), (4, 2), (4, 3), (3, 3), (2, 3))",0,2,2,10,,,goal,,False,1271
"((0, 0), (1, 0), (2, 0), (3, 0), (3, 1), (3, 2), (4, 2), (4, 3), (3, 3), (2, 3), (2, 2))","((0, 0), (1, 0), (2, 0), (3, 0), (3, 1), (3, 2), (4, 2), (4, 3), (3, 3), (2, 3))",0,2,2,10,,,goal,,False,1272
"((0, 0), (1, 0), (2, 0), (3, 0), (3, 1), (3, 2), (4, 2), (4, 3), (3, 3), (2, 3))","((0, 0), (1, 0), (2, 0), (3, 0), (3, 1), (3, 2), (4, 2), (4, 3), (3, 3))",0,2,2,9,3,0,expanded,False,,1273
"((0, 0), (1, 0), (2, 0), (3, 0), (3, 1), (3, 2), (4, 2), (4, 3), (3, 3), (3, 4), (4, 4))","((0, 0), (1, 0), (2, 0), (3, 0), (3, 1), (3, 2), (4, 2), (4, 3), (3, 3), (3, 4))",0,1,1,10,,,pruned,,,1274
"((0, 0), (1, 0), (2, 0), (3, 0), (3, 1), (3, 2), (4, 2), (4, 3), (3, 3), (3, 4), (2, 4))","((0, 0), (1, 0), (2, 0), (3, 0), (3, 1), (3, 2), (4, 2), (4, 3), (3, 3), (3, 4))",0,2,2,10,,,goal,,False,1275
"((0, 0), (1, 0), (2, 0), (3, 0), (3, 1), (3, 2), (4, 2), (4, 3), (3, 3), (3, 4), (3, 5))","((0, 0), (1, 0), (2, 0), (3, 0), (3, 1), (3, 2), (4, 2), (4, 3), (3, 3), (3, 4))",0,2,2,10,,,goal,,False,1276
"((0, 0), (1, 0), (2, 0), (3, 0), (3, 1), (3, 2), (4, 2), (4, 3), (3, 3), (3, 4))","((0, 0), (1, 0), (2, 0), (3, 0), (3, 1), (3, 2), (4, 2), (4, 3), (3, 3))",0,2,2,9,3,1,expanded,False,,1277
"((0, 0), (1, 0), (2, 0), (3, 0), (3, 1), (3, 2), (4, 2), (4, 3), (3, 3))","((0, 0), (1, 0), (2, 0), (3, 0), (3, 1), (3, 2), (4, 2), (4, 3))",0,2,2,8,2,0,expanded,False,,1278
"((0, 0), (1, 0), (2, 0), (3, 0), (3, 1), (3, 2), (4, 2), (4, 3), (4, 4), (5, 4), (5, 3))","((0, 0), (1, 0), (2, 0), (3, 0), (3, 1), (3, 2), (4, 2), (4, 3), (4, 4), (5, 4))",0,1,1,10,,,pruned,,,1279
"((0, 0), (1, 0), (2, 0), (3, 0), (3, 1), (3, 2), (4, 2), (4, 3), (4, 4), (5, 4), (6, 4))","((0, 0), (1, 0), (2, 0), (3, 0), (3, 1), (3, 2), (4, 2), (4, 3), (4, 4), (5, 4))",0,2,2,10,,,goal,,False,1280
"((0, 0), (1, 0), (2, 0), (3, 0), (3, 1), (3, 2), (4, 2), (4, 3), (4, 4), (5, 4), (5, 5))","((0, 0), (1, 0), (2, 0), (3, 0), (3, 1), (3, 2), (4, 2), (4, 3), (4, 4), (5, 4))",0,2,2,10,,,goal,,False,1281
"((0, 0), (1, 0), (2, 0), (3, 0), (3, 1), (3, 2), (4, 2), (4, 3), (4, 4), (5, 4))","((0, 0), (1, 0), (2, 0), (3, 0), (3, 1), (3, 2), (4, 2), (4, 3), (4, 4))",0,2,2,9,3,1,expanded,False,,1282
"((0, 0), (1, 0), (2, 0), (3, 0), (3, 1), (3, 2), (4, 2), (4, 3), (4, 4), (3, 4), (3, 3))","((0, 0), (1, 0), (2, 0), (3, 0), (3, 1), (3, 2), (4, 2), (4, 3), (4, 4), (3, 4))",0,1,1,10,,,pruned,,,1283
"((0, 0), (1, 0), (2, 0), (3, 0), (3, 1), (3, 2), (4, 2), (4, 3), (4, 4), (3, 4), (2, 4))","((0, 0), (1, 0), (2, 0), (3, 0), (3, 1), (3, 2), (4, 2), (4, 3), (4, 4), (3, 4))",0,2,2,10,,,goal,,False,1284
"((0, 0), (1, 0), (2, 0), (3, 0), (3, 1), (3, 2), (4, 2), (4, 3), (4, 4), (3, 4), (3, 5))","((0, 0), (1, 0), (2, 0), (3, 0), (3, 1), (3, 2), (4, 2), (4, 3), (4, 4), (3, 4))",0,2,2,10,,,goal,,False,1285
"((0, 0), (1, 0), (2, 0), (3, 0), (3, 1), (3, 2), (4, 2), (4, 3), (4, 4), (3, 4))","((0, 0), (1, 0), (2, 0), (3, 0), (3, 1), (3, 2), (4, 2), (4, 3), (4, 4))",0,2,2,9,3,1,expanded,False,,1286
"((0, 0), (1, 0), (2, 0), (3, 0), (3, 1), (3, 2), (4, 2), (4, 3), (4, 4), (4, 5), (5, 5))","((0, 0), (1, 0), (2, 0), (3, 0), (3, 1), (3, 2), (4, 2), (4, 3), (4, 4), (4, 5))",0,2,2,10,,,goal,,False,1287
"((0, 0), (1, 0), (2, 0), (3, 0), (3, 1), (3, 2), (4, 2), (4, 3), (4, 4), (4, 5), (3, 5))","((0, 0), (1, 0), (2, 0), (3, 0), (3, 1), (3, 2), (4, 2), (4, 3), (4, 4), (4, 5))",0,2,2,10,,,goal,,False,1288
"((0, 0), (1, 0), (2, 0), (3, 0), (3, 1), (3, 2), (4, 2), (4, 3), (4, 4), (4, 5), (4, 6))","((0, 0), (1, 0), (2, 0), (3, 0), (3, 1), (3, 2), (4, 2), (4, 3), (4, 4), (4, 5))",0,2,2,10,,,goal,,False,1289
"((0, 0), (1, 0), (2, 0), (3, 0), (3, 1), (3, 2), (4, 2), (4, 3), (4, 4), (4, 5))","((0, 0), (1, 0), (2, 0), (3, 0), (3, 1), (3, 2), (4, 2), (4, 3), (4, 4))",0,2,2,9,3,0,expanded,False,,1290
"((0, 0), (1, 0), (2, 0), (3, 0), (3, 1), (3, 2), (4, 2), (4, 3), (4, 4))","((0, 0), (1, 0), (2, 0), (3, 0), (3, 1), (3, 2), (4, 2), (4, 3))",0,2,2,8,3,0,expanded,False,,1291
"((0, 0), (1, 0), (2, 0), (3, 0), (3, 1), (3, 2), (4, 2), (4, 3))","((0, 0), (1, 0), (2, 0), (3, 0), (3, 1), (3, 2), (4, 2))",0,3,3,7,3,0,expanded,False,,1292
"((0, 0), (1, 0), (2, 0), (3, 0), (3, 1), (3, 2), (4, 2))","((0, 0), (1, 0), (2, 0), (3, 0), (3, 1), (3, 2))",0,2,2,6,3,0,expanded,False,,1293
"((0, 0), (1, 0), (2, 0), (3, 0), (3, 1), (3, 2), (2, 2), (2, 1), (1, 1))","((0, 0), (1, 0), (2, 0), (3, 0), (3, 1), (3, 2), (2, 2), (2, 1))",1,0,1,8,,,pruned,,,1294
"((0, 0), (1, 0), (2, 0), (3, 0), (3, 1), (3, 2), (2, 2), (2, 1))","((0, 0), (1, 0), (2, 0), (3, 0), (3, 1), (3, 2), (2, 2))",1,1,2,7,1,1,expanded,True,,1295
"((0, 0), (1, 0), (2, 0), (3, 0), (3, 1), (3, 2), (2, 2), (1, 2), (0, 2), (0, 1), (1, 1))","((0, 0), (1, 0), (2, 0), (3, 0), (3, 1), (3, 2), (2, 2), (1, 2), (0, 2), (0, 1))",0,1,1,10,,,pruned,,,1296
"((0, 0), (1, 0), (2, 0), (3, 0), (3, 1), (3, 2), (2, 2), (1, 2), (0, 2), (0, 1), (-1, 1))","((0, 0), (1, 0), (2, 0), (3, 0), (3, 1), (3, 2), (2, 2), (1, 2), (0, 2), (0, 1))",0,2,2,10,,,goal,,False,1297
"((0, 0), (1, 0), (2, 0), (3, 0), (3, 1), (3, 2), (2, 2), (1, 2), (0, 2), (0, 1))","((0, 0), (1, 0), (2, 0), (3, 0), (3, 1), (3, 2), (2, 2), (1, 2), (0, 2))",0,2,2,9,2,1,expanded,False,,1298
"((0, 0), (1, 0), (2, 0), (3, 0), (3, 1), (3, 2), (2, 2), (1, 2), (0, 2), (-1, 2), (-2, 2))","((0, 0), (1, 0), (2, 0), (3, 0), (3, 1), (3, 2), (2, 2), (1, 2), (0, 2), (-1, 2))",0,2,2,10,,,goal,,False,1299
"((0, 0), (1, 0), (2, 0), (3, 0), (3, 1), (3, 2), (2, 2), (1, 2), (0, 2), (-1, 2), (-1, 3))","((0, 0), (1, 0), (2, 0), (3, 0), (3, 1), (3, 2), (2, 2), (1, 2), (0, 2), (-1, 2))",0,2,2,10,,,goal,,False,1300
"((0, 0), (1, 0), (2, 0), (3, 0), (3, 1), (3, 2), (2, 2), (1, 2), (0, 2), (-1, 2), (-1, 1))","((0, 0), (1, 0), (2, 0), (3, 0), (3, 1), (3, 2), (2, 2), (1, 2), (0, 2), (-1, 2))",0,2,2,10,,,goal,,False,1301
"((0, 0), (1, 0), (2, 0), (3, 0), (3, 1), (3, 2), (2, 2), (1, 2), (0, 2), (-1, 2))","((0, 0), (1, 0), (2, 0), (3, 0), (3, 1), (3, 2), (2, 2), (1, 2), (0, 2))",0,2,2,9,3,0,expanded,False,,1302
"((0, 0), (1, 0), (2, 0), (3, 0), (3, 1), (3, 2), (2, 2), (1, 2), (0, 2), (0, 3), (1, 3))","((0, 0), (1, 0), (2, 0), (3, 0), (3, 1), (3, 2), (2, 2), (1, 2), (0, 2), (0, 3))",0,1,1,10,,,pruned,,,1303
"((0, 0), (1, 0), (2, 0), (3, 0), (3, 1), (3, 2), (2, 2), (1, 2), (0, 2), (0, 3), (-1, 3))","((0, 0), (1, 0), (2, 0), (3, 0), (3, 1), (3, 2), (2, 2), (1, 2), (0, 2), (0, 3))",0,2,2,10,,,goal,,False,1304
"((0, 0), (1, 0), (2, 0), (3, 0), (3, 1), (3, 2), (2, 2), (1, 2), (0, 2), (0, 3), (0, 4))","((0, 0), (1, 0), (2, 0), (3, 0), (3, 1), (3, 2), (2, 2), (1, 2), (0, 2), (0, 3))",0,2,2,10,,,goal,,False,1305
"((0, 0), (1, 0), (2, 0), (3, 0), (3, 1), (3, 2), (2, 2), (1, 2), (0, 2), (0, 3))","((0, 0), (1, 0), (2, 0), (3, 0), (3, 1), (3, 2), (2, 2), (1, 2), (0, 2))",0,2,2,9,3,1,expanded,False,,1306
"((0, 0), (1, 0), (2, 0), (3, 0), (3, 1), (3, 2), (2, 2), (1, 2), (0, 2))","((0, 0), (1, 0), (2, 0), (3, 0), (3, 1), (3, 2), (2, 2), (1, 2))",0,2,2,8,3,0,expanded,False,,1307
"((0, 0), (1, 0), (2, 0), (3, 0), (3, 1), (3, 2), (2, 2), (1, 2), (1, 3), (2, 3), (3, 3))","((0, 0), (1, 0), (2, 0), (3, 0), (3, 1), (3, 2), (2, 2), (1, 2), (1, 3), (2, 3))",0,2,2,10,,,goal,,False,1308
"((0, 0), (1, 0), (2, 0), (3, 0), (3, 1), (3, 2), (2, 2), (1, 2), (1, 3), (2, 3), (2, 4))","((0, 0), (1, 0), (2, 0), (3, 0), (3, 1), (3, 2), (2, 2), (1, 2), (1, 3), (2, 3))",0,2,2,10,,,goal,,False,1309
"((0, 0), (1, 0), (2, 0), (3, 0), (3, 1), (3, 2), (2, 2), (1, 2), (1, 3), (2, 3))","((0, 0), (1, 0), (2, 0), (3, 0), (3, 1), (3, 2), (2, 2), (1, 2), (1, 3))",0,2,2,9,2,0,expanded,False,,1310
"((0, 0), (1, 0), (2, 0), (3, 0), (3, 1), (3, 2), (2, 2), (1, 2), (1, 3), (0, 3), (0, 2))","((0, 0), (1, 0), (2, 0), (3, 0), (3, 1), (3, 2), (2, 2), (1, 2), (1, 3), (0, 3))",0,1,1,10,,,pruned,,,1311
"((0, 0), (1, 0), (2, 0), (3, 0), (3, 1), (3, 2), (2, 2), (1, 2), (1, 3), (0, 3), (-1, 3))","((0, 0), (1, 0), (2, 0), (3, 0), (3, 1), (3, 2), (2, 2), (1, 2), (1, 3), (0, 3))",0,2,2,10,,,goal,,False,1312
"((0, 0), (1, 0), (2, 0), (3, 0), (3, 1), (3, 2), (2, 2), (1, 2), (1, 3), (0, 3), (0, 4))","((0, 0), (1, 0), (2, 0), (3, 0), (3, 1), (3, 2), (2, 2), (1, 2), (1, 3), (0, 3))",0,2,2,10,,,goal,,False,1313
"((0, 0), (1, 0), (2, 0), (3, 0), (3, 1), (3, 2), (2, 2), (1, 2), (1, 3), (0, 3))","((0, 0), (1, 0), (2, 0), (3, 0), (3, 1), (3, 2), (2, 2), (1, 2), (1, 3))",0,2,2,9,3,1,expanded,False,,1314
"((0, 0), (1, 0), (2, 0), (3, 0), (3, 1), (3, 2), (2, 2), (1, 2), (1, 3), (1, 4), (2, 4))","((0, 0), (1, 0), (2, 0), (3, 0), (3, 1), (3, 2), (2, 2), (1, 2), (1, 3), (1, 4))",0,2,2,10,,,goal,,False,1315
"((0, 0), (1, 0), (2, 0), (3, 0), (3, 1), (3, 2), (2, 2), (1, 2), (1, 3), (1, 4), (0, 4))","((0, 0), (1, 0), (2, 0), (3, 0), (3, 1), (3, 2), (2, 2), (1, 2), (1, 3), (1, 4))",0,2,2,10,,,goal,,False,1316
"((0, 0), (1, 0), (2, 0), (3, 0), (3, 1), (3, 2), (2, 2), (1, 2), (1, 3), (1, 4), (1, 5))","((0, 0), (1, 0), (2, 0), (3, 0), (3, 1), (3, 2), (2, 2), (1, 2), (1, 3), (1, 4))",0,2,2,10,,,goal,,False,1317
"((0, 0), (1, 0), (2, 0), (3, 0), (3, 1), (3, 2), (2, 2), (1, 2), (1, 3), (1, 4))","((0, 0), (1, 0), (2, 0), (3, 0), (3, 1), (3, 2), (2, 2), (1, 2), (1, 3))",0,2,2,9,3,0,expanded,False,,1318
"((0, 0), (1, 0), (2, 0), (3, 0), (3, 1), (3, 2), (2, 2), (1, 2), (1, 3))","((0, 0), (1, 0), (2, 0), (3, 0), (3, 1), (3, 2), (2, 2), (1, 2))",0,2,2,8,3,0,expanded,False,,1319
"((0, 0), (1, 0), (2, 0), (3, 0), (3, 1), (3, 2), (2, 2), (1, 2), (1, 1), (2, 1))","((0, 0), (1, 0), (2, 0), (3, 0), (3, 1), (3, 2), (2, 2), (1, 2), (1, 1))",0,2,2,9,0,0,expanded,True,,1320
"((0, 0), (1, 0), (2, 0), (3, 0), (3, 1), (3, 2), (2, 2), (1, 2), (1, 1), (0, 1), (0, 2))","((0, 0), (1, 0), (2, 0), (3, 0), (3, 1), (3, 2), (2, 2), (1, 2), (1, 1), (0, 1))",0,1,1,10,,,pruned,,,1321
"((0, 0), (1, 0), (2, 0), (3, 0), (3, 1), (3, 2), (2, 2), (1, 2), (1, 1), (0, 1), (-1, 1))","((0, 0), (1, 0), (2, 0), (3, 0), (3, 1), (3, 2), (2, 2), (1, 2), (1, 1), (0, 1))",0,2,2,10,,,goal,,False,1322
"((0, 0), (1, 0), (2, 0), (3, 0), (3, 1), (3, 2), (2, 2), (1, 2), (1, 1), (0, 1))","((0, 0), (1, 0), (2, 0), (3, 0), (3, 1), (3, 2), (2, 2), (1, 2), (1, 1))",0,2,2,9,2,1,expanded,False,,1323
"((0, 0), (1, 0), (2, 0), (3, 0), (3, 1), (3, 2), (2, 2), (1, 2), (1, 1))","((0, 0), (1, 0), (2, 0), (3, 0), (3, 1), (3, 2), (2, 2), (1, 2))",0,2,2,8,2,0,expanded,False,,1324
"((0, 0), (1, 0), (2, 0), (3, 0), (3, 1), (3, 2), (2, 2), (1, 2))","((0, 0), (1, 0), (2, 0), (3, 0), (3, 1), (3, 2), (2, 2))",0,3,3,7,3,0,expanded,False,,1325
"((0, 0), (1, 0), (2, 0), (3, 0), (3, 1), (3, 2), (2, 2), (2, 3), (3, 3), (4, 3), (5, 3))","((0, 0), (1, 0), (2, 0), (3, 0), (3, 1), (3, 2), (2, 2), (2, 3), (3, 3), (4, 3))",0,2,2,10,,,goal,,False,1326
"((0, 0), (1, 0), (2, 0), (3, 0), (3, 1), (3, 2), (2, 2), (2, 3), (3, 3), (4, 3), (4, 4))","((0, 0), (1, 0), (2, 0), (3, 0), (3, 1), (3, 2), (2, 2), (2, 3), (3, 3), (4, 3))",0,2,2,10,,,goal,,False,1327
"((0, 0), (1, 0), (2, 0), (3, 0), (3, 1), (3, 2), (2, 2), (2, 3), (3, 3), (4, 3), (4, 2))","((0, 0), (1, 0), (2, 0), (3, 0), (3, 1), (3, 2), (2, 2), (2, 3), (3, 3), (4, 3))",0,2,2,10,,,goal,,False,1328
"((0, 0), (1, 0), (2, 0), (3, 0), (3, 1), (3, 2), (2, 2), (2, 3), (3, 3), (4, 3))","((0, 0), (1, 0), (2, 0), (3, 0), (3, 1), (3, 2), (2, 2), (2, 3), (3, 3))",0,2,2,9,3,0,expanded,False,,1329
"((0, 0), (1, 0), (2, 0), (3, 0), (3, 1), (3, 2), (2, 2), (2, 3), (3, 3), (3, 4), (2, 4))","((0, 0), (1, 0), (2, 0), (3, 0), (3, 1), (3, 2), (2, 2), (2, 3), (3, 3), (3, 4))",0,1,1,10,,,pruned,,,1330
"((0, 0), (1, 0), (2, 0), (3, 0), (3, 1), (3, 2), (2, 2), (2, 3), (3, 3), (3, 4), (4, 4))","((0, 0), (1, 0), (2, 0), (3, 0), (3, 1), (3, 2), (2, 2), (2, 3), (3, 3), (3, 4))",0,2,2,10,,,goal,,False,1331
"((0, 0), (1, 0), (2, 0), (3, 0), (3, 1), (3, 2), (2, 2), (2, 3), (3, 3), (3, 4), (3, 5))","((0, 0), (1, 0), (2, 0), (3, 0), (3, 1), (3, 2), (2, 2), (2, 3), (3, 3), (3, 4))",0,2,2,10,,,goal,,False,1332
"((0, 0), (1, 0), (2, 0), (3, 0), (3, 1), (3, 2), (2, 2), (2, 3), (3, 3), (3, 4))","((0, 0), (1, 0), (2, 0), (3, 0), (3, 1), (3, 2), (2, 2), (2, 3), (3, 3))",0,2,2,9,3,1,expanded,False,,1333
"((0, 0), (1, 0), (2, 0), (3, 0), (3, 1), (3, 2), (2, 2), (2, 3), (3, 3))","((0, 0), (1, 0), (2, 0), (3, 0), (3, 1), (3, 2), (2, 2), (2, 3))",0,2,2,8,2,0,expanded,False,,1334
"((0, 0), (1, 0), (2, 0), (3, 0), (3, 1), (3, 2), (2, 2), (2, 3), (1, 3), (1, 2), (0, 2))","((0, 0), (1, 0), (2, 0), (3, 0), (3, 1), (3, 2), (2, 2), (2, 3), (1, 3), (1, 2))",0,2,2,10,,,goal,,False,1335
"((0, 0), (1, 0), (2, 0), (3, 0), (3, 1), (3, 2), (2, 2), (2, 3), (1, 3), (1, 2), (1, 1))","((0, 0), (1, 0), (2, 0), (3, 0), (3, 1), (3, 2), (2, 2), (2, 3), (1, 3), (1, 2))",0,2,2,10,,,goal,,False,1336
"((0, 0), (1, 0), (2, 0), (3, 0), (3, 1), (3, 2), (2, 2), (2, 3), (1, 3), (1, 2))","((0, 0), (1, 0), (2, 0), (3, 0), (3, 1), (3, 2), (2, 2), (2, 3), (1, 3))",0,2,2,9,2,0,expanded,False,,1337
"((0, 0), (1, 0), (2, 0), (3, 0), (3, 1), (3, 2), (2, 2), (2, 3), (1, 3), (0, 3), (-1, 3))","((0, 0), (1, 0), (2, 0), (3, 0), (3, 1), (3, 2), (2, 2), (2, 3), (1, 3), (0, 3))",0,2,2,10,,,goal,,False,1338
"((0, 0), (1, 0), (2, 0), (3, 0), (3, 1), (3, 2), (2, 2), (2, 3), (1, 3), (0, 3), (0, 4))","((0, 0), (1, 0), (2, 0), (3, 0), (3, 1), (3, 2), (2, 2), (2, 3), (1, 3), (0, 3))",0,2,2,10,,,goal,,False,1339
"((0, 0), (1, 0), (2, 0), (3, 0), (3, 1), (3, 2), (2, 2), (2, 3), (1, 3), (0, 3), (0, 2))","((0, 0), (1, 0), (2, 0), (3, 0), (3, 1), (3, 2), (2, 2), (2, 3), (1, 3), (0, 3))",0,2,2,10,,,goal,,False,1340
"((0, 0), (1, 0), (2, 0), (3, 0), (3, 1), (3, 2), (2, 2), (2, 3), (1, 3), (0, 3))","((0, 0), (1, 0), (2, 0), (3, 0), (3, 1), (3, 2), (2, 2), (2, 3), (1, 3))",0,2,2,9,3,0,expanded,False,,1341
"((0, 0), (1, 0), (2, 0), (3, 0), (3, 1), (3, 2), (2, 2), (2, 3), (1, 3), (1, 4), (2, 4))","((0, 0), (1, 0), (2, 0), (3, 0), (3, 1), (3, 2), (2, 2), (2, 3), (1, 3), (1, 4))",0,1,1,10,,,pruned,,,1342
"((0, 0), (1, 0), (2, 0), (3, 0), (3, 1), (3, 2), (2, 2), (2, 3), (1, 3), (1, 4), (0, 4))","((0, 0), (1, 0), (2, 0), (3, 0), (3, 1), (3, 2), (2, 2), (2, 3), (1, 3), (1, 4))",0,2,2,10,,,goal,,False,1343
"((0, 0), (1, 0), (2, 0), (3, 0), (3, 1), (3, 2), (2, 2), (2, 3), (1, 3), (1, 4), (1, 5))","((0, 0), (1, 0), (2, 0), (3, 0), (3, 1), (3, 2), (2, 2), (2, 3), (1, 3), (1, 4))",0,2,2,10,,,goal,,False,1344
"((0, 0), (1, 0), (2, 0), (3, 0), (3, 1), (3, 2), (2, 2), (2, 3), (1, 3), (1, 4))","((0, 0), (1, 0), (2, 0), (3, 0), (3, 1), (3, 2), (2, 2), (2, 3), (1, 3))",0,2,2,9,3,1,expanded,False,,1345
"((0, 0), (1, 0), (2, 0), (3, 0), (3, 1), (3, 2), (2, 2), (2, 3), (1, 3))","((0, 0), (1, 0), (2, 0), (3, 0), (3, 1), (3, 2), (2, 2), (2, 3))",0,2,2,8,3,0,expanded,False,,1346
"((0, 0), (1, 0), (2, 0), (3, 0), (3, 1), (3, 2), (2, 2), (2, 3), (2, 4), (3, 4), (3, 3))","((0, 0), (1, 0), (2, 0), (3, 0), (3, 1), (3, 2), (2, 2), (2, 3), (2, 4), (3, 4))",0,1,1,10,,,pruned,,,1347
"((0, 0), (1, 0), (2, 0), (3, 0), (3, 1), (3, 2), (2, 2), (2, 3), (2, 4), (3, 4), (4, 4))","((0, 0), (1, 0), (2, 0), (3, 0), (3, 1), (3, 2), (2, 2), (2, 3), (2, 4), (3, 4))",0,2,2,10,,,goal,,False,1348
"((0, 0), (1, 0), (2, 0), (3, 0), (3, 1), (3, 2), (2, 2), (2, 3), (2, 4), (3, 4), (3, 5))","((0, 0), (1, 0), (2, 0), (3, 0), (3, 1), (3, 2), (2, 2), (2, 3), (2, 4), (3, 4))",0,2,2,10,,,goal,,False,1349
"((0, 0), (1, 0), (2, 0), (3, 0), (3, 1), (3, 2), (2, 2), (2, 3), (2, 4), (3, 4))","((0, 0), (1, 0), (2, 0), (3, 0), (3, 1), (3, 2), (2, 2), (2, 3), (2, 4))",0,2,2,9,3,1,expanded,False,,1350
"((0, 0), (1, 0), (2, 0), (3, 0), (3, 1), (3, 2), (2, 2), (2, 3), (2, 4), (1, 4), (1, 3))","((0, 0), (1, 0), (2, 0), (3, 0), (3, 1), (3, 2), (2, 2), (2, 3), (2, 4), (1, 4))",0,1,1,10,,,pruned,,,1351
"((0, 0), (1, 0), (2, 0), (3, 0), (3, 1), (3, 2), (2, 2), (2, 3), (2, 4), (1, 4), (0, 4))","((0, 0), (1, 0), (2, 0), (3, 0), (3, 1), (3, 2), (2, 2), (2, 3), (2, 4), (1, 4))",0,2,2,10,,,goal,,False,1352
"((0, 0), (1, 0), (2, 0), (3, 0), (3, 1), (3, 2), (2, 2), (2, 3), (2, 4), (1, 4), (1, 5))","((0, 0), (1, 0), (2, 0), (3, 0), (3, 1), (3, 2), (2, 2), (2, 3), (2, 4), (1, 4))",0,2,2,10,,,goal,,False,1353
"((0, 0), (1, 0), (2, 0), (3, 0), (3, 1), (3, 2), (2, 2), (2, 3), (2, 4), (1, 4))","((0, 0), (1, 0), (2, 0), (3, 0), (3, 1), (3, 2), (2, 2), (2, 3), (2, 4))",0,2,2,9,3,1,expanded,False,,1354
"((0, 0), (1, 0), (2, 0), (3, 0), (3, 1), (3, 2), (2, 2), (2, 3), (2, 4), (2, 5), (3, 5))","((0, 0), (1, 0), (2, 0), (3, 0), (3, 1), (3, 2), (2, 2), (2, 3), (2, 4), (2, 5))",0,2,2,10,,,goal,,False,1355
"((0, 0), (1, 0), (2, 0), (3, 0), (3, 1), (3, 2), (2, 2), (2, 3), (2, 4), (2, 5), (1, 5))","((0, 0), (1, 0), (2, 0), (3, 0), (3, 1), (3, 2), (2, 2), (2, 3), (2, 4), (2, 5))",0,2,2,10,,,goal,,False,1356
"((0, 0), (1, 0), (2, 0), (3, 0), (3, 1), (3, 2), (2, 2), (2, 3), (2, 4), (2, 5), (2, 6))","((0, 0), (1, 0), (2, 0), (3, 0), (3, 1), (3, 2), (2, 2), (2, 3), (2, 4), (2, 5))",0,2,2,10,,,goal,,False,1357
"((0, 0), (1, 0), (2, 0), (3, 0), (3, 1), (3, 2), (2, 2), (2, 3), (2, 4), (2, 5))","((0, 0), (1, 0), (2, 0), (3, 0), (3, 1), (3, 2), (2, 2), (2, 3), (2, 4))",0,2,2,9,3,0,expanded,False,,1358
"((0, 0), (1, 0), (2, 0), (3, 0), (3, 1), (3, 2), (2, 2), (2, 3), (2, 4))","((0, 0), (1, 0), (2, 0), (3, 0), (3, 1), (3, 2), (2, 2), (2, 3))",0,2,2,8,3,0,expanded,False,,1359
"((0, 0), (1, 0), (2, 0), (3, 0), (3, 1), (3, 2), (2, 2), (2, 3))","((0, 0), (1, 0), (2, 0), (3, 0), (3, 1), (3, 2), (2, 2))",0,3,3,7,3,0,expanded,False,,1360
"((0, 0), (1, 0), (2, 0), (3, 0), (3, 1), (3, 2), (2, 2))","((0, 0), (1, 0), (2, 0), (3, 0), (3, 1), (3, 2))",0,2,2,6,3,0,expanded,False,,1361
"((0, 0), (1, 0), (2, 0), (3, 0), (3, 1), (3, 2), (3, 3), (4, 3), (5, 3), (6, 3), (7, 3))","((0, 0), (1, 0), (2, 0), (3, 0), (3, 1), (3, 2), (3, 3), (4, 3), (5, 3), (6, 3))",0,2,2,10,,,goal,,False,1362
"((0, 0), (1, 0), (2, 0), (3, 0), (3, 1), (3, 2), (3, 3), (4, 3), (5, 3), (6, 3), (6, 4))","((0, 0), (1, 0), (2, 0), (3, 0), (3, 1), (3, 2), (3, 3), (4, 3), (5, 3), (6, 3))",0,2,2,10,,,goal,,False,1363
"((0, 0), (1, 0), (2, 0), (3, 0), (3, 1), (3, 2), (3, 3), (4, 3), (5, 3), (6, 3), (6, 2))","((0, 0), (1, 0), (2, 0), (3, 0), (3, 1), (3, 2), (3, 3), (4, 3), (5, 3), (6, 3))",0,2,2,10,,,goal,,False,1364
"((0, 0), (1, 0), (2, 0), (3, 0), (3, 1), (3, 2), (3, 3), (4, 3), (5, 3), (6, 3))","((0, 0), (1, 0), (2, 0), (3, 0), (3, 1), (3, 2), (3, 3), (4, 3), (5, 3))",0,2,2,9,3,0,expanded,False,,1365
"((0, 0), (1, 0), (2, 0), (3, 0), (3, 1), (3, 2), (3, 3), (4, 3), (5, 3), (5, 4), (4, 4))","((0, 0), (1, 0), (2, 0), (3, 0), (3, 1), (3, 2), (3, 3), (4, 3), (5, 3), (5, 4))",0,1,1,10,,,pruned,,,1366
"((0, 0), (1, 0), (2, 0), (3, 0), (3, 1), (3, 2), (3, 3), (4, 3), (5, 3), (5, 4), (6, 4))","((0, 0), (1, 0), (2, 0), (3, 0), (3, 1), (3, 2), (3, 3), (4, 3), (5, 3), (5, 4))",0,2,2,10,,,goal,,False,1367
"((0, 0), (1, 0), (2, 0), (3, 0), (3, 1), (3, 2), (3, 3), (4, 3), (5, 3), (5, 4), (5, 5))","((0, 0), (1, 0), (2, 0), (3, 0), (3, 1), (3, 2), (3, 3), (4, 3), (5, 3), (5, 4))",0,2,2,10,,,goal,,False,1368
"((0, 0), (1, 0), (2, 0), (3, 0), (3, 1), (3, 2), (3, 3), (4, 3), (5, 3), (5, 4))","((0, 0), (1, 0), (2, 0), (3, 0), (3, 1), (3, 2), (3, 3), (4, 3), (5, 3))",0,2,2,9,3,1,expanded,False,,1369
"((0, 0), (1, 0), (2, 0), (3, 0), (3, 1), (3, 2), (3, 3), (4, 3), (5, 3), (5, 2), (4, 2))","((0, 0), (1, 0), (2, 0), (3, 0), (3, 1), (3, 2), (3, 3), (4, 3), (5, 3), (5, 2))",0,1,1,10,,,pruned,,,1370
"((0, 0), (1, 0), (2, 0), (3, 0), (3, 1), (3, 2), (3, 3), (4, 3), (5, 3), (5, 2), (6, 2))","((0, 0), (1, 0), (2, 0), (3, 0), (3, 1), (3, 2), (3, 3), (4, 3), (5, 3), (5, 2))",0,2,2,10,,,goal,,False,1371
"((0, 0), (1, 0), (2, 0), (3, 0), (3, 1), (3, 2), (3, 3), (4, 3), (5, 3), (5, 2), (5, 1))","((0, 0), (1, 0), (2, 0), (3, 0), (3, 1), (3, 2), (3, 3), (4, 3), (5, 3), (5, 2))",0,2,2,10,,,goal,,False,1372
"((0, 0), (1, 0), (2, 0), (3, 0), (3, 1), (3, 2), (3, 3), (4, 3), (5, 3), (5, 2))","((0, 0), (1, 0), (2, 0), (3, 0), (3, 1), (3, 2), (3, 3), (4, 3), (5, 3))",0,2,2,9,3,1,expanded,False,,1373
"((0, 0), (1, 0), (2, 0), (3, 0), (3, 1), (3, 2), (3, 3), (4, 3), (5, 3))","((0, 0), (1, 0), (2, 0), (3, 0), (3, 1), (3, 2), (3, 3), (4, 3))",0,2,2,8,3,0,expanded,False,,1374
"((0, 0), (1, 0), (2, 0), (3, 0), (3, 1), (3, 2), (3, 3), (4, 3), (4, 4), (3, 4), (2, 4))","((0, 0), (1, 0), (2, 0), (3, 0), (3, 1), (3, 2), (3, 3), (4, 3), (4, 4), (3, 4))",0,2,2,10,,,goal,,False,1375
"((0, 0), (1, 0), (2, 0), (3, 0), (3, 1), (3, 2), (3, 3), (4, 3), (4, 4), (3, 4), (3, 5))","((0, 0), (1, 0), (2, 0), (3, 0), (3, 1), (3, 2), (3, 3), (4, 3), (4, 4), (3, 4))",0,2,2,10,,,goal,,False,1376
"((0, 0), (1, 0), (2, 0), (3, 0), (3, 1), (3, 2), (3, 3), (4, 3), (4, 4), (3, 4))","((0, 0), (1, 0), (2, 0), (3, 0), (3, 1), (3, 2), (3, 3), (4, 3), (4, 4))",0,2,2,9,2,0,expanded,False,,1377
"((0, 0), (1, 0), (2, 0), (3, 0), (3, 1), (3, 2), (3, 3), (4, 3), (4, 4), (5, 4), (5, 3))","((0, 0), (1, 0), (2, 0), (3, 0), (3, 1), (3, 2), (3, 3), (4, 3), (4, 4), (5, 4))",0,1,1,10,,,pruned,,,1378
"((0, 0), (1, 0), (2, 0), (3, 0), (3, 1), (3, 2), (3, 3), (4, 3), (4, 4), (5, 4), (6, 4))","((0, 0), (1, 0), (2, 0), (3, 0), (3, 1), (3, 2), (3, 3), (4, 3), (4, 4), (5, 4))",0,2,2,10,,,goal,,False,1379
"((0, 0), (1, 0), (2, 0), (3, 0), (3, 1), (3, 2), (3, 3), (4, 3), (4, 4), (5, 4), (5, 5))","((0, 0), (1, 0), (2, 0), (3, 0), (3, 1), (3, 2), (3, 3), (4, 3), (4, 4), (5, 4))",0,2,2,10,,,goal,,False,1380
"((0, 0), (1, 0), (2, 0), (3, 0), (3, 1), (3, 2), (3, 3), (4, 3), (4, 4), (5, 4))","((0, 0), (1, 0), (2, 0), (3, 0), (3, 1), (3, 2), (3, 3), (4, 3), (4, 4))",0,2,2,9,3,1,expanded,False,,1381
"((0, 0), (1, 0), (2, 0), (3, 0), (3, 1), (3, 2), (3, 3), (4, 3), (4, 4), (4, 5), (5, 5))","((0, 0), (1, 0), (2, 0), (3, 0), (3, 1), (3, 2), (3, 3), (4, 3), (4, 4), (4, 5))",0,2,2,10,,,goal,,False,1382
"((0, 0), (1, 0), (2, 0), (3, 0), (3, 1), (3, 2), (3, 3), (4, 3), (4, 4), (4, 5), (3, 5))","((0, 0), (1, 0), (2, 0), (3, 0), (3, 1), (3, 2), (3, 3), (4, 3), (4, 4), (4, 5))",0,2,2,10,,,goal,,False,1383
"((0, 0), (1, 0), (2, 0), (3, 0), (3, 1), (3, 2), (3, 3), (4, 3), (4, 4), (4, 5), (4, 6))","((0, 0), (1, 0), (2, 0), (3, 0), (3, 1), (3, 2), (3, 3), (4, 3), (4, 4), (4, 5))",0,2,2,10,,,goal,,False,1384
"((0, 0), (1, 0), (2, 0), (3, 0), (3, 1), (3, 2), (3, 3), (4, 3), (4, 4), (4, 5))","((0, 0), (1, 0), (2, 0), (3, 0), (3, 1), (3, 2), (3, 3), (4, 3), (4, 4))",0,2,2,9,3,0,expanded,False,,1385
"((0, 0), (1, 0), (2, 0), (3, 0), (3, 1), (3, 2), (3, 3), (4, 3), (4, 4))","((0, 0), (1, 0), (2, 0), (3, 0), (3, 1), (3, 2), (3, 3), (4, 3))",0,2,2,8,3,0,expanded,False,,1386
"((0, 0), (1, 0), (2, 0), (3, 0), (3, 1), (3, 2), (3, 3), (4, 3), (4, 2), (4, 1), (5, 1))","((0, 0), (1, 0), (2, 0), (3, 0), (3, 1), (3, 2), (3, 3), (4, 3), (4, 2), (4, 1))",0,2,2,10,,,goal,,False,1387
"((0, 0), (1, 0), (2, 0), (3, 0), (3, 1), (3, 2), (3, 3), (4, 3), (4, 2), (4, 1), (4, 0))","((0, 0), (1, 0), (2, 0), (3, 0), (3, 1), (3, 2), (3, 3), (4, 3), (4, 2), (4, 1))",0,2,2,10,,,goal,,False,1388
"((0, 0), (1, 0), (2, 0), (3, 0), (3, 1), (3, 2), (3, 3), (4, 3), (4, 2), (4, 1))","((0, 0), (1, 0), (2, 0), (3, 0), (3, 1), (3, 2), (3, 3), (4, 3), (4, 2))",0,2,2,9,2,0,expanded,False,,1389
"((0, 0), (1, 0), (2, 0), (3, 0), (3, 1), (3, 2), (3, 3), (4, 3), (4, 2), (5, 2), (5, 3))","((0, 0), (1, 0), (2, 0), (3, 0), (3, 1), (3, 2), (3, 3), (4, 3), (4, 2), (5, 2))",0,1,1,10,,,pruned,,,1390
"((0, 0), (1, 0), (2, 0), (3, 0), (3, 1), (3, 2), (3, 3), (4, 3), (4, 2), (5, 2), (6, 2))","((0, 0), (1, 0), (2, 0), (3, 0), (3, 1), (3, 2), (3, 3), (4, 3), (4, 2), (5, 2))",0,2,2,10,,,goal,,False,1391
"((0, 0), (1, 0), (2, 0), (3, 0), (3, 1), (3, 2), (3, 3), (4, 3), (4, 2), (5, 2), (5, 1))","((0, 0), (1, 0), (2, 0), (3, 0), (3, 1), (3, 2), (3, 3), (4, 3), (4, 2), (5, 2))",0,2,2,10,,,goal,,False,1392
"((0, 0), (1, 0), (2, 0), (3, 0), (3, 1), (3, 2), (3, 3), (4, 3), (4, 2), (5, 2))","((0, 0), (1, 0), (2, 0), (3, 0), (3, 1), (3, 2), (3, 3), (4, 3), (4, 2))",0,2,2,9,3,1,expanded,False,,1393
"((0, 0), (1, 0), (2, 0), (3, 0), (3, 1), (3, 2), (3, 3), (4, 3), (4, 2))","((0, 0), (1, 0), (2, 0), (3, 0), (3, 1), (3, 2), (3, 3), (4, 3))",0,2,2,8,2,0,expanded,False,,1394
"((0, 0), (1, 0), (2, 0), (3, 0), (3, 1), (3, 2), (3, 3), (4, 3))","((0, 0), (1, 0), (2, 0), (3, 0), (3, 1), (3, 2), (3, 3))",0,3,3,7,3,0,expanded,False,,1395
"((0, 0), (1, 0), (2, 0), (3, 0), (3, 1), (3, 2), (3, 3), (2, 3), (1, 3), (0, 3), (-1, 3))","((0, 0), (1, 0), (2, 0), (3, 0), (3, 1), (3, 2), (3, 3), (2, 3), (1, 3), (0, 3))",0,2,2,10,,,goal,,False,1396
"((0, 0), (1, 0), (2, 0), (3, 0), (3, 1), (3, 2), (3, 3), (2, 3), (1, 3), (0, 3), (0, 4))","((0, 0), (1, 0), (2, 0), (3, 0), (3, 1), (3, 2), (3, 3), (2, 3), (1, 3), (0, 3))",0,2,2,10,,,goal,,False,1397
"((0, 0), (1, 0), (2, 0), (3, 0), (3, 1), (3, 2), (3, 3), (2, 3), (1, 3), (0, 3), (0, 2))","((0, 0), (1, 0), (2, 0), (3, 0), (3, 1), (3, 2), (3, 3), (2, 3), (1, 3), (0, 3))",0,2,2,10,,,goal,,False,1398
"((0, 0), (1, 0), (2, 0), (3, 0), (3, 1), (3, 2), (3, 3), (2, 3), (1, 3), (0, 3))","((0, 0), (1, 0), (2, 0), (3, 0), (3, 1), (3, 2), (3, 3), (2, 3), (1, 3))",0,2,2,9,3,0,expanded,False,,1399
"((0, 0), (1, 0), (2, 0), (3, 0), (3, 1), (3, 2), (3, 3), (2, 3), (1, 3), (1, 4), (2, 4))","((0, 0), (1, 0), (2, 0), (3, 0), (3, 1), (3, 2), (3, 3), (2, 3), (1, 3), (1, 4))",0,1,1,10,,,pruned,,,1400
"((0, 0), (1, 0), (2, 0), (3, 0), (3, 1), (3, 2), (3, 3), (2, 3), (1, 3), (1, 4), (0, 4))","((0, 0), (1, 0), (2, 0), (3, 0), (3, 1), (3, 2), (3, 3), (2, 3), (1, 3), (1, 4))",0,2,2,10,,,goal,,False,1401
"((0, 0), (1, 0), (2, 0), (3, 0), (3, 1), (3, 2), (3, 3), (2, 3), (1, 3), (1, 4), (1, 5))","((0, 0), (1, 0), (2, 0), (3, 0), (3, 1), (3, 2), (3, 3), (2, 3), (1, 3), (1, 4))",0,2,2,10,,,goal,,False,1402
"((0, 0), (1, 0), (2, 0), (3, 0), (3, 1), (3, 2), (3, 3), (2, 3), (1, 3), (1, 4))","((0, 0), (1, 0), (2, 0), (3, 0), (3, 1), (3, 2), (3, 3), (2, 3), (1, 3))",0,2,2,9,3,1,expanded,False,,1403
"((0, 0), (1, 0), (2, 0), (3, 0), (3, 1), (3, 2), (3, 3), (2, 3), (1, 3), (1, 2), (2, 2))","((0, 0), (1, 0), (2, 0), (3, 0), (3, 1), (3, 2), (3, 3), (2, 3), (1, 3), (1, 2))",0,1,1,10,,,pruned,,,1404
"((0, 0), (1, 0), (2, 0), (3, 0), (3, 1), (3, 2), (3, 3), (2, 3), (1, 3), (1, 2), (0, 2))","((0, 0), (1, 0), (2, 0), (3, 0), (3, 1), (3, 2), (3, 3), (2, 3), (1, 3), (1, 2))",0,2,2,10,,,goal,,False,1405
"((0, 0), (1, 0), (2, 0), (3, 0), (3, 1), (3, 2), (3, 3), (2, 3), (1, 3), (1, 2), (1, 1))","((0, 0), (1, 0), (2, 0), (3, 0), (3, 1), (3, 2), (3, 3), (2, 3), (1, 3), (1, 2))",0,2,2,10,,,goal,,False,1406
"((0, 0), (1, 0), (2, 0), (3, 0), (3, 1), (3, 2), (3, 3), (2, 3), (1, 3), (1, 2))","((0, 0), (1, 0), (2, 0), (3, 0), (3, 1), (3, 2), (3, 3), (2, 3), (1, 3))",0,2,2,9,3,1,expanded,False,,1407
"((0, 0), (1, 0), (2, 0), (3, 0), (3, 1), (3, 2), (3, 3), (2, 3), (1, 3))","((0, 0), (1, 0), (2, 0), (3, 0), (3, 1), (3, 2), (3, 3), (2, 3))",0,2,2,8,3,0,expanded,False,,1408
"((0, 0), (1, 0), (2, 0), (3, 0), (3, 1), (3, 2), (3, 3), (2, 3), (2, 4), (3, 4), (4, 4))","((0, 0), (1, 0), (2, 0), (3, 0), (3, 1), (3, 2), (3, 3), (2, 3), (2, 4), (3, 4))",0,2,2,10,,,goal,,False,1409
"((0, 0), (1, 0), (2, 0), (3, 0), (3, 1), (3, 2), (3, 3), (2, 3), (2, 4), (3, 4), (3, 5))","((0, 0), (1, 0), (2, 0), (3, 0), (3, 1), (3, 2), (3, 3), (2, 3), (2, 4), (3, 4))",0,2,2,10,,,goal,,False,1410
"((0, 0), (1, 0), (2, 0), (3, 0), (3, 1), (3, 2), (3, 3), (2, 3), (2, 4), (3, 4))","((0, 0), (1, 0), (2, 0), (3, 0), (3, 1), (3, 2), (3, 3), (2, 3), (2, 4))",0,2,2,9,2,0,expanded,False,,1411
"((0, 0), (1, 0), (2, 0), (3, 0), (3, 1), (3, 2), (3, 3), (2, 3), (2, 4), (1, 4), (1, 3))","((0, 0), (1, 0), (2, 0), (3, 0), (3, 1), (3, 2), (3, 3), (2, 3), (2, 4), (1, 4))",0,1,1,10,,,pruned,,,1412
"((0, 0), (1, 0), (2, 0), (3, 0), (3, 1), (3, 2), (3, 3), (2, 3), (2, 4), (1, 4), (0, 4))","((0, 0), (1, 0), (2, 0), (3, 0), (3, 1), (3, 2), (3, 3), (2, 3), (2, 4), (1, 4))",0,2,2,10,,,goal,,False,1413
"((0, 0), (1, 0), (2, 0), (3, 0), (3, 1), (3, 2), (3, 3), (2, 3), (2, 4), (1, 4), (1, 5))","((0, 0), (1, 0), (2, 0), (3, 0), (3, 1), (3, 2), (3, 3), (2, 3), (2, 4), (1, 4))",0,2,2,10,,,goal,,False,1414
"((0, 0), (1, 0), (2, 0), (3, 0), (3, 1), (3, 2), (3, 3), (2, 3), (2, 4), (1, 4))","((0, 0), (1, 0), (2, 0), (3, 0), (3, 1), (3, 2), (3, 3), (2, 3), (2, 4))",0,2,2,9,3,1,expanded,False,,1415
"((0, 0), (1, 0), (2, 0), (3, 0), (3, 1), (3, 2), (3, 3), (2, 3), (2, 4), (2, 5), (3, 5))","((0, 0), (1, 0), (2, 0), (3, 0), (3, 1), (3, 2), (3, 3), (2, 3), (2, 4), (2, 5))",0,2,2,10,,,goal,,False,1416
"((0, 0), (1, 0), (2, 0), (3, 0), (3, 1), (3, 2), (3, 3), (2, 3), (2, 4), (2, 5), (1, 5))","((0, 0), (1, 0), (2, 0), (3, 0), (3, 1), (3, 2), (3, 3), (2, 3), (2, 4), (2, 5))",0,2,2,10,,,goal,,False,1417
"((0, 0), (1, 0), (2, 0), (3, 0), (3, 1), (3, 2), (3, 3), (2, 3), (2, 4), (2, 5), (2, 6))","((0, 0), (1, 0), (2, 0), (3, 0), (3, 1), (3, 2), (3, 3), (2, 3), (2, 4), (2, 5))",0,2,2,10,,,goal,,False,1418
"((0, 0), (1, 0), (2, 0), (3, 0), (3, 1), (3, 2), (3, 3), (2, 3), (2, 4), (2, 5))","((0, 0), (1, 0), (2, 0), (3, 0), (3, 1), (3, 2), (3, 3), (2, 3), (2, 4))",0,2,2,9,3,0,expanded,False,,1419
"((0, 0), (1, 0), (2, 0), (3, 0), (3, 1), (3, 2), (3, 3), (2, 3), (2, 4))","((0, 0), (1, 0), (2, 0), (3, 0), (3, 1), (3, 2), (3, 3), (2, 3))",0,2,2,8,3,0,expanded,False,,1420
"((0, 0), (1, 0), (2, 0), (3, 0), (3, 1), (3, 2), (3, 3), (2, 3), (2, 2), (2, 1), (1, 1))","((0, 0), (1, 0), (2, 0), (3, 0), (3, 1), (3, 2), (3, 3), (2, 3), (2, 2), (2, 1))",0,2,2,10,,,goal,,False,1421
"((0, 0), (1, 0), (2, 0), (3, 0), (3, 1), (3, 2), (3, 3), (2, 3), (2, 2), (2, 1))","((0, 0), (1, 0), (2, 0), (3, 0), (3, 1), (3, 2), (3, 3), (2, 3), (2, 2))",0,2,2,9,1,0,expanded,False,,1422
"((0, 0), (1, 0), (2, 0), (3, 0), (3, 1), (3, 2), (3, 3), (2, 3), (2, 2), (1, 2), (1, 3))","((0, 0), (1, 0), (2, 0), (3, 0), (3, 1), (3, 2), (3, 3), (2, 3), (2, 2), (1, 2))",0,1,1,10,,,pruned,,,1423
"((0, 0), (1, 0), (2, 0), (3, 0), (3, 1), (3, 2), (3, 3), (2, 3), (2, 2), (1, 2), (0, 2))","((0, 0), (1, 0), (2, 0), (3, 0), (3, 1), (3, 2), (3, 3), (2, 3), (2, 2), (1, 2))",0,2,2,10,,,goal,,False,1424
"((0, 0), (1, 0), (2, 0), (3, 0), (3, 1), (3, 2), (3, 3), (2, 3), (2, 2), (1, 2), (1, 1))","((0, 0), (1, 0), (2, 0), (3, 0), (3, 1), (3, 2), (3, 3), (2, 3), (2, 2), (1, 2))",0,2,2,10,,,goal,,False,1425
"((0, 0), (1, 0), (2, 0), (3, 0), (3, 1), (3, 2), (3, 3), (2, 3), (2, 2), (1, 2))","((0, 0), (1, 0), (2, 0), (3, 0), (3, 1), (3, 2), (3, 3), (2, 3), (2, 2))",0,2,2,9,3,1,expanded,False,,1426
"((0, 0), (1, 0), (2, 0), (3, 0), (3, 1), (3, 2), (3, 3), (2, 3), (2, 2))","((0, 0), (1, 0), (2, 0), (3, 0), (3, 1), (3, 2), (3, 3), (2, 3))",0,2,2,8,2,0,expanded,False,,1427
"((0, 0), (1, 0), (2, 0), (3, 0), (3, 1), (3, 2), (3, 3), (2, 3))","((0, 0), (1, 0), (2, 0), (3, 0), (3, 1), (3, 2), (3, 3))",0,3,3,7,3,0,expanded,False,,1428
"((0, 0), (1, 0), (2, 0), (3, 0), (3, 1), (3, 2), (3, 3), (3, 4), (4, 4), (4, 3), (5, 3))","((0, 0), (1, 0), (2, 0), (3, 0), (3, 1), (3, 2), (3, 3), (3, 4), (4, 4), (4, 3))",0,2,2,10,,,goal,,False,1429
"((0, 0), (1, 0), (2, 0), (3, 0), (3, 1), (3, 2), (3, 3), (3, 4), (4, 4), (4, 3), (4, 2))","((0, 0), (1, 0), (2, 0), (3, 0), (3, 1), (3, 2), (3, 3), (3, 4), (4, 4), (4, 3))",0,2,2,10,,,goal,,False,1430
"((0, 0), (1, 0), (2, 0), (3, 0), (3, 1), (3, 2), (3, 3), (3, 4), (4, 4), (4, 3))","((0, 0), (1, 0), (2, 0), (3, 0), (3, 1), (3, 2), (3, 3), (3, 4), (4, 4))",0,2,2,9,2,0,expanded,False,,1431
"((0, 0), (1, 0), (2, 0), (3, 0), (3, 1), (3, 2), (3, 3), (3, 4), (4, 4), (5, 4), (6, 4))","((0, 0), (1, 0), (2, 0), (3, 0), (3, 1), (3, 2), (3, 3), (3, 4), (4, 4), (5, 4))",0,2,2,10,,,goal,,False,1432
"((0, 0), (1, 0), (2, 0), (3, 0), (3, 1), (3, 2), (3, 3), (3, 4), (4, 4), (5, 4), (5, 5))","((0, 0), (1, 0), (2, 0), (3, 0), (3, 1), (3, 2), (3, 3), (3, 4), (4, 4), (5, 4))",0,2,2,10,,,goal,,False,1433
"((0, 0), (1, 0), (2, 0), (3, 0), (3, 1), (3, 2), (3, 3), (3, 4), (4, 4), (5, 4), (5, 3))","((0, 0), (1, 0), (2, 0), (3, 0), (3, 1), (3, 2), (3, 3), (3, 4), (4, 4), (5, 4))",0,2,2,10,,,goal,,False,1434
"((0, 0), (1, 0), (2, 0), (3, 0), (3, 1), (3, 2), (3, 3), (3, 4), (4, 4), (5, 4))","((0, 0), (1, 0), (2, 0), (3, 0), (3, 1), (3, 2), (3, 3), (3, 4), (4, 4))",0,2,2,9,3,0,expanded,False,,1435
"((0, 0), (1, 0), (2, 0), (3, 0), (3, 1), (3, 2), (3, 3), (3, 4), (4, 4), (4, 5), (3, 5))","((0, 0), (1, 0), (2, 0), (3, 0), (3, 1), (3, 2), (3, 3), (3, 4), (4, 4), (4, 5))",0,1,1,10,,,pruned,,,1436
"((0, 0), (1, 0), (2, 0), (3, 0), (3, 1), (3, 2), (3, 3), (3, 4), (4, 4), (4, 5), (5, 5))","((0, 0), (1, 0), (2, 0), (3, 0), (3, 1), (3, 2), (3, 3), (3, 4), (4, 4), (4, 5))",0,2,2,10,,,goal,,False,1437
"((0, 0), (1, 0), (2, 0), (3, 0), (3, 1), (3, 2), (3, 3), (3, 4), (4, 4), (4, 5), (4, 6))","((0, 0), (1, 0), (2, 0), (3, 0), (3, 1), (3, 2), (3, 3), (3, 4), (4, 4), (4, 5))",0,2,2,10,,,goal,,False,1438
"((0, 0), (1, 0), (2, 0), (3, 0), (3, 1), (3, 2), (3, 3), (3, 4), (4, 4), (4, 5))","((0, 0), (1, 0), (2, 0), (3, 0), (3, 1), (3, 2), (3, 3), (3, 4), (4, 4))",0,2,2,9,3,1,expanded,False,,1439
"((0, 0), (1, 0), (2, 0), (3, 0), (3, 1), (3, 2), (3, 3), (3, 4), (4, 4))","((0, 0), (1, 0), (2, 0), (3, 0), (3, 1), (3, 2), (3, 3), (3, 4))",0,2,2,8,3,0,expanded,False,,1440
"((0, 0), (1, 0), (2, 0), (3, 0), (3, 1), (3, 2), (3, 3), (3, 4), (2, 4), (2, 3), (1, 3))","((0, 0), (1, 0), (2, 0), (3, 0), (3, 1), (3, 2), (3, 3), (3, 4), (2, 4), (2, 3))",0,2,2,10,,,goal,,False,1441
"((0, 0), (1, 0), (2, 0), (3, 0), (3, 1), (3, 2), (3, 3), (3, 4), (2, 4), (2, 3), (2, 2))","((0, 0), (1, 0), (2, 0), (3, 0), (3, 1), (3, 2), (3, 3), (3, 4), (2, 4), (2, 3))",0,2,2,10,,,goal,,False,1442
"((0, 0), (1, 0), (2, 0), (3, 0), (3, 1), (3, 2), (3, 3), (3, 4), (2, 4), (2, 3))","((0, 0), (1, 0), (2, 0), (3, 0), (3, 1), (3, 2), (3, 3), (3, 4), (2, 4))",0,2,2,9,2,0,expanded,False,,1443
"((0, 0), (1, 0), (2, 0), (3, 0), (3, 1), (3, 2), (3, 3), (3, 4), (2, 4), (1, 4), (0, 4))","((0, 0), (1, 0), (2, 0), (3, 0), (3, 1), (3, 2), (3, 3), (3, 4), (2, 4), (1, 4))",0,2,2,10,,,goal,,False,1444
"((0, 0), (1, 0), (2, 0), (3, 0), (3, 1), (3, 2), (3, 3), (3, 4), (2, 4), (1, 4), (1, 5))","((0, 0), (1, 0), (2, 0), (3, 0), (3, 1), (3, 2), (3, 3), (3, 4), (2, 4), (1, 4))",0,2,2,10,,,goal,,False,1445
"((0, 0), (1, 0), (2, 0), (3, 0), (3, 1), (3, 2), (3, 3), (3, 4), (2, 4), (1, 4), (1, 3))","((0, 0), (1, 0), (2, 0), (3, 0), (3, 1), (3, 2), (3, 3), (3, 4), (2, 4), (1, 4))",0,2,2,10,,,goal,,False,1446
"((0, 0), (1, 0), (2, 0), (3, 0), (3, 1), (3, 2), (3, 3), (3, 4), (2, 4), (1, 4))","((0, 0), (1, 0), (2, 0), (3, 0), (3, 1), (3, 2), (3, 3), (3, 4), (2, 4))",0,2,2,9,3,0,expanded,False,,1447
"((0, 0), (1, 0), (2, 0), (3, 0), (3, 1), (3, 2), (3, 3), (3, 4), (2, 4), (2, 5), (3, 5))","((0, 0), (1, 0), (2, 0), (3, 0), (3, 1), (3, 2), (3, 3), (3, 4), (2, 4), (2, 5))",0,1,1,10,,,pruned,,,1448
"((0, 0), (1, 0), (2, 0), (3, 0), (3, 1), (3, 2), (3, 3), (3, 4), (2, 4), (2, 5), (1, 5))","((0, 0), (1, 0), (2, 0), (3, 0), (3, 1), (3, 2), (3, 3), (3, 4), (2, 4), (2, 5))",0,2,2,10,,,goal,,False,1449
"((0, 0), (1, 0), (2, 0), (3, 0), (3, 1), (3, 2), (3, 3), (3, 4), (2, 4), (2, 5), (2, 6))","((0, 0), (1, 0), (2, 0), (3, 0), (3, 1), (3, 2), (3, 3), (3, 4), (2, 4), (2, 5))",0,2,2,10,,,goal,,False,1450
"((0, 0), (1, 0), (2, 0), (3, 0), (3, 1), (3, 2), (3, 3), (3, 4), (2, 4), (2, 5))","((0, 0), (1, 0), (2, 0), (3, 0), (3, 1), (3, 2), (3, 3), (3, 4), (2, 4))",0,2,2,9,3,1,expanded,False,,1451
"((0, 0), (1, 0), (2, 0), (3, 0), (3, 1), (3, 2), (3, 3), (3, 4), (2, 4))","((0, 0), (1, 0), (2, 0), (3, 0), (3, 1), (3, 2), (3, 3), (3, 4))",0,2,2,8,3,0,expanded,False,,1452
"((0, 0), (1, 0), (2, 0), (3, 0), (3, 1), (3, 2), (3, 3), (3, 4), (3, 5), (4, 5), (4, 4))","((0, 0), (1, 0), (2, 0), (3, 0), (3, 1), (3, 2), (3, 3), (3, 4), (3, 5), (4, 5))",0,1,1,10,,,pruned,,,1453
"((0, 0), (1, 0), (2, 0), (3, 0), (3, 1), (3, 2), (3, 3), (3, 4), (3, 5), (4, 5), (5, 5))","((0, 0), (1, 0), (2, 0), (3, 0), (3, 1), (3, 2), (3, 3), (3, 4), (3, 5), (4, 5))",0,2,2,10,,,goal,,False,1454
"((0, 0), (1, 0), (2, 0), (3, 0), (3, 1), (3, 2), (3, 3), (3, 4), (3, 5), (4, 5), (4, 6))","((0, 0), (1, 0), (2, 0), (3, 0), (3, 1), (3, 2), (3, 3), (3, 4), (3, 5), (4, 5))",0,2,2,10,,,goal,,False,1455
"((0, 0), (1, 0), (2, 0), (3, 0), (3, 1), (3, 2), (3, 3), (3, 4), (3, 5), (4, 5))","((0, 0), (1, 0), (2, 0), (3, 0), (3, 1), (3, 2), (3, 3), (3, 4), (3, 5))",0,2,2,9,3,1,expanded,False,,1456
"((0, 0), (1, 0), (2, 0), (3, 0), (3, 1), (3, 2), (3, 3), (3, 4), (3, 5), (2, 5), (2, 4))","((0, 0), (1, 0), (2, 0), (3, 0), (3, 1), (3, 2), (3, 3), (3, 4), (3, 5), (2, 5))",0,1,1,10,,,pruned,,,1457
"((0, 0), (1, 0), (2, 0), (3, 0), (3, 1), (3, 2), (3, 3), (3, 4), (3, 5), (2, 5), (1, 5))","((0, 0), (1, 0), (2, 0), (3, 0), (3, 1), (3, 2), (3, 3), (3, 4), (3, 5), (2, 5))",0,2,2,10,,,goal,,False,1458
"((0, 0), (1, 0), (2, 0), (3, 0), (3, 1), (3, 2), (3, 3), (3, 4), (3, 5), (2, 5), (2, 6))","((0, 0), (1, 0), (2, 0), (3, 0), (3, 1), (3, 2), (3, 3), (3, 4), (3, 5), (2, 5))",0,2,2,10,,,goal,,False,1459
"((0, 0), (1, 0), (2, 0), (3, 0), (3, 1), (3, 2), (3, 3), (3, 4), (3, 5), (2, 5))","((0, 0), (1, 0), (2, 0), (3, 0), (3, 1), (3, 2), (3, 3), (3, 4), (3, 5))",0,2,2,9,3,1,expanded,False,,1460
"((0, 0), (1, 0), (2, 0), (3, 0), (3, 1), (3, 2), (3, 3), (3, 4), (3, 5), (3, 6), (4, 6))","((0, 0), (1, 0), (2, 0), (3, 0), (3, 1), (3, 2), (3, 3), (3, 4), (3, 5), (3, 6))",0,2,2,10,,,goal,,False,1461
"((0, 0), (1, 0), (2, 0), (3, 0), (3, 1), (3, 2), (3, 3), (3, 4), (3, 5), (3, 6), (2, 6))","((0, 0), (1, 0), (2, 0), (3, 0), (3, 1), (3, 2), (3, 3), (3, 4), (3, 5), (3, 6))",0,2,2,10,,,goal,,False,1462
"((0, 0), (1, 0), (2, 0), (3, 0), (3, 1), (3, 2), (3, 3), (3, 4), (3, 5), (3, 6), (3, 7))","((0, 0), (1, 0), (2, 0), (3, 0), (3, 1), (3, 2), (3, 3), (3, 4), (3, 5), (3, 6))",0,2,2,10,,,goal,,False,1463
"((0, 0), (1, 0), (2, 0), (3, 0), (3, 1), (3, 2), (3, 3), (3, 4), (3, 5), (3, 6))","((0, 0), (1, 0), (2, 0), (3, 0), (3, 1), (3, 2), (3, 3), (3, 4), (3, 5))",0,2,2,9,3,0,expanded,False,,1464
"((0, 0), (1, 0), (2, 0), (3, 0), (3, 1), (3, 2), (3, 3), (3, 4), (3, 5))","((0, 0), (1, 0), (2, 0), (3, 0), (3, 1), (3, 2), (3, 3), (3, 4))",0,2,2,8,3,0,expanded,False,,1465
"((0, 0), (1, 0), (2, 0), (3, 0), (3, 1), (3, 2), (3, 3), (3, 4))","((0, 0), (1, 0), (2, 0), (3, 0), (3, 1), (3, 2), (3, 3))",0,3,3,7,3,0,expanded,False,,1466
"((0, 0), (1, 0), (2, 0), (3, 0), (3, 1), (3, 2), (3, 3))","((0, 0), (1, 0), (2, 0), (3, 0), (3, 1), (3, 2))",0,2,2,6,3,0,expanded,False,,1467
"((0, 0), (1, 0), (2, 0), (3, 0), (3, 1), (3, 2))","((0, 0), (1, 0), (2, 0), (3, 0), (3, 1))",0,2,2,5,3,0,expanded,False,,1468
"((0, 0), (1, 0), (2, 0), (3, 0), (3, 1))","((0, 0), (1, 0), (2, 0), (3, 0))",0,2,2,4,3,0,expanded,False,,1469
"((0, 0), (1, 0), (2, 0), (3, 0), (3, -1), (4, -1), (5, -1), (6, -1), (7, -1), (8, -1), (9, -1))","((0, 0), (1, 0), (2, 0), (3, 0), (3, -1), (4, -1), (5, -1), (6, -1), (7, -1), (8, -1))",0,2,2,10,,,goal,,False,1470
"((0, 0), (1, 0), (2, 0), (3, 0), (3, -1), (4, -1), (5, -1), (6, -1), (7, -1), (8, -1), (8, 0))","((0, 0), (1, 0), (2, 0), (3, 0), (3, -1), (4, -1), (5, -1), (6, -1), (7, -1), (8, -1))",0,2,2,10,,,goal,,False,1471
"((0, 0), (1, 0), (2, 0), (3, 0), (3, -1), (4, -1), (5, -1), (6, -1), (7, -1), (8, -1), (8, -2))","((0, 0), (1, 0), (2, 0), (3, 0), (3, -1), (4, -1), (5, -1), (6, -1), (7, -1), (8, -1))",0,2,2,10,,,goal,,False,1472
"((0, 0), (1, 0), (2, 0), (3, 0), (3, -1), (4, -1), (5, -1), (6, -1), (7, -1), (8, -1))","((0, 0), (1, 0), (2, 0), (3, 0), (3, -1), (4, -1), (5, -1), (6, -1), (7, -1))",0,2,2,9,3,0,expanded,False,,1473
"((0, 0), (1, 0), (2, 0), (3, 0), (3, -1), (4, -1), (5, -1), (6, -1), (7, -1), (7, 0), (6, 0))","((0, 0), (1, 0), (2, 0), (3, 0), (3, -1), (4, -1), (5, -1), (6, -1), (7, -1), (7, 0))",0,1,1,10,,,pruned,,,1474
"((0, 0), (1, 0), (2, 0), (3, 0), (3, -1), (4, -1), (5, -1), (6, -1), (7, -1), (7, 0), (8, 0))","((0, 0), (1, 0), (2, 0), (3, 0), (3, -1), (4, -1), (5, -1), (6, -1), (7, -1), (7, 0))",0,2,2,10,,,goal,,False,1475
"((0, 0), (1, 0), (2, 0), (3, 0), (3, -1), (4, -1), (5, -1), (6, -1), (7, -1), (7, 0), (7, 1))","((0, 0), (1, 0), (2, 0), (3, 0), (3, -1), (4, -1), (5, -1), (6, -1), (7, -1), (7, 0))",0,2,2,10,,,goal,,False,1476
"((0, 0), (1, 0), (2, 0), (3, 0), (3, -1), (4, -1), (5, -1), (6, -1), (7, -1), (7, 0))","((0, 0), (1, 0), (2, 0), (3, 0), (3, -1), (4, -1), (5, -1), (6, -1), (7, -1))",0,2,2,9,3,1,expanded,False,,1477
"((0, 0), (1, 0), (2, 0), (3, 0), (3, -1), (4, -1), (5, -1), (6, -1), (7, -1), (7, -2), (6, -2))","((0, 0), (1, 0), (2, 0), (3, 0), (3, -1), (4, -1), (5, -1), (6, -1), (7, -1), (7, -2))",0,1,1,10,,,pruned,,,1478
"((0, 0), (1, 0), (2, 0), (3, 0), (3, -1), (4, -1), (5, -1), (6, -1), (7, -1), (7, -2), (8, -2))","((0, 0), (1, 0), (2, 0), (3, 0), (3, -1), (4, -1), (5, -1), (6, -1), (7, -1), (7, -2))",0,2,2,10,,,goal,,False,1479
"((0, 0), (1, 0), (2, 0), (3, 0), (3, -1), (4, -1), (5, -1), (6, -1), (7, -1), (7, -2), (7, -3))","((0, 0), (1, 0), (2, 0), (3, 0), (3, -1), (4, -1), (5, -1), (6, -1), (7, -1), (7, -2))",0,2,2,10,,,goal,,False,1480
"((0, 0), (1, 0), (2, 0), (3, 0), (3, -1), (4, -1), (5, -1), (6, -1), (7, -1), (7, -2))","((0, 0), (1, 0), (2, 0), (3, 0), (3, -1), (4, -1), (5, -1), (6, -1), (7, -1))",0,2,2,9,3,1,expanded,False,,1481
"((0, 0), (1, 0), (2, 0), (3, 0), (3, -1), (4, -1), (5, -1), (6, -1), (7, -1))","((0, 0), (1, 0), (2, 0), (3, 0), (3, -1), (4, -1), (5, -1), (6, -1))",0,2,2,8,3,0,expanded,False,,1482
"((0, 0), (1, 0), (2, 0), (3, 0), (3, -1), (4, -1), (5, -1), (6, -1), (6, 0), (5, 0), (4, 0))","((0, 0), (1, 0), (2, 0), (3, 0), (3, -1), (4, -1), (5, -1), (6, -1), (6, 0), (5, 0))",0,2,2,10,,,goal,,False,1483
"((0, 0), (1, 0), (2, 0), (3, 0), (3, -1), (4, -1), (5, -1), (6, -1), (6, 0), (5, 0), (5, 1))","((0, 0), (1, 0), (2, 0), (3, 0), (3, -1), (4, -1), (5, -1), (6, -1), (6, 0), (5, 0))",0,2,2,10,,,goal,,False,1484
"((0, 0), (1, 0), (2, 0), (3, 0), (3, -1), (4, -1), (5, -1), (6, -1), (6, 0), (5, 0))","((0, 0), (1, 0), (2, 0), (3, 0), (3, -1), (4, -1), (5, -1), (6, -1), (6, 0))",0,2,2,9,2,0,expanded,False,,1485
"((0, 0), (1, 0), (2, 0), (3, 0), (3, -1), (4, -1), (5, -1), (6, -1), (6, 0), (7, 0), (7, -1))","((0, 0), (1, 0), (2, 0), (3, 0), (3, -1), (4, -1), (5, -1), (6, -1), (6, 0), (7, 0))",0,1,1,10,,,pruned,,,1486
"((0, 0), (1, 0), (2, 0), (3, 0), (3, -1), (4, -1), (5, -1), (6, -1), (6, 0), (7, 0), (8, 0))","((0, 0), (1, 0), (2, 0), (3, 0), (3, -1), (4, -1), (5, -1), (6, -1), (6, 0), (7, 0))",0,2,2,10,,,goal,,False,1487
"((0, 0), (1, 0), (2, 0), (3, 0), (3, -1), (4, -1), (5, -1), (6, -1), (6, 0), (7, 0), (7, 1))","((0, 0), (1, 0), (2, 0), (3, 0), (3, -1), (4, -1), (5, -1), (6, -1), (6, 0), (7, 0))",0,2,2,10,,,goal,,False,1488
"((0, 0), (1, 0), (2, 0), (3, 0), (3, -1), (4, -1), (5, -1), (6, -1), (6, 0), (7, 0))","((0, 0), (1, 0), (2, 0), (3, 0), (3, -1), (4, -1), (5, -1), (6, -1), (6, 0))",0,2,2,9,3,1,expanded,False,,1489
"((0, 0), (1, 0), (2, 0), (3, 0), (3, -1), (4, -1), (5, -1), (6, -1), (6, 0), (6, 1), (7, 1))","((0, 0), (1, 0), (2, 0), (3, 0), (3, -1), (4, -1), (5, -1), (6, -1), (6, 0), (6, 1))",0,2,2,10,,,goal,,False,1490
"((0, 0), (1, 0), (2, 0), (3, 0), (3, -1), (4, -1), (5, -1), (6, -1), (6, 0), (6, 1), (5, 1))","((0, 0), (1, 0), (2, 0), (3, 0), (3, -1), (4, -1), (5, -1), (6, -1), (6, 0), (6, 1))",0,2,2,10,,,goal,,False,1491
"((0, 0), (1, 0), (2, 0), (3, 0), (3, -1), (4, -1), (5, -1), (6, -1), (6, 0), (6, 1), (6, 2))","((0, 0), (1, 0), (2, 0), (3, 0), (3, -1), (4, -1), (5, -1), (6, -1), (6, 0), (6, 1))",0,2,2,10,,,goal,,False,1492
"((0, 0), (1, 0), (2, 0), (3, 0), (3, -1), (4, -1), (5, -1), (6, -1), (6, 0), (6, 1))","((0, 0), (1, 0), (2, 0), (3, 0), (3, -1), (4, -1), (5, -1), (6, -1), (6, 0))",0,2,2,9,3,0,expanded,False,,1493
"((0, 0), (1, 0), (2, 0), (3, 0), (3, -1), (4, -1), (5, -1), (6, -1), (6, 0))","((0, 0), (1, 0), (2, 0), (3, 0), (3, -1), (4, -1), (5, -1), (6, -1))",0,2,2,8,3,0,expanded,False,,1494
"((0, 0), (1, 0), (2, 0), (3, 0), (3, -1), (4, -1), (5, -1), (6, -1), (6, -2), (5, -2), (4, -2))","((0, 0), (1, 0), (2, 0), (3, 0), (3, -1), (4, -1), (5, -1), (6, -1), (6, -2), (5, -2))",0,2,2,10,,,goal,,False,1495
"((0, 0), (1, 0), (2, 0), (3, 0), (3, -1), (4, -1), (5, -1), (6, -1), (6, -2), (5, -2), (5, -3))","((0, 0), (1, 0), (2, 0), (3, 0), (3, -1), (4, -1), (5, -1), (6, -1), (6, -2), (5, -2))",0,2,2,10,,,goal,,False,1496
"((0, 0), (1, 0), (2, 0), (3, 0), (3, -1), (4, -1), (5, -1), (6, -1), (6, -2), (5, -2))","((0, 0), (1, 0), (2, 0), (3, 0), (3, -1), (4, -1), (5, -1), (6, -1), (6, -2))",0,2,2,9,2,0,expanded,False,,1497
"((0, 0), (1, 0), (2, 0), (3, 0), (3, -1), (4, -1), (5, -1), (6, -1), (6, -2), (7, -2), (7, -1))","((0, 0), (1, 0), (2, 0), (3, 0), (3, -1), (4, -1), (5, -1), (6, -1), (6, -2), (7, -2))",0,1,1,10,,,pruned,,,1498
"((0, 0), (1, 0), (2, 0), (3, 0), (3, -1), (4, -1), (5, -1), (6, -1), (6, -2), (7, -2), (8, -2))","((0, 0), (1, 0), (2, 0), (3, 0), (3, -1), (4, -1), (5, -1), (6, -1), (6, -2), (7, -2))",0,2,2,10,,,goal,,False,1499
"((0, 0), (1, 0), (2, 0), (3, 0), (3, -1), (4, -1), (5, -1), (6, -1), (6, -2), (7, -2), (7, -3))","((0, 0), (1, 0), (2, 0), (3, 0), (3, -1), (4, -1), (5, -1), (6, -1), (6, -2), (7, -2))",0,2,2,10,,,goal,,False,1500
"((0, 0), (1, 0), (2, 0), (3, 0), (3, -1), (4, -1), (5, -1), (6, -1), (6, -2), (7, -2))","((0, 0), (1, 0), (2, 0), (3, 0), (3, -1), (4, -1), (5, -1), (6, -1), (6, -2))",0,2,2,9,3,1,expanded,False,,1501
"((0, 0), (1, 0), (2, 0), (3, 0), (3, -1), (4, -1), (5, -1), (6, -1), (6, -2), (6, -3), (7, -3))","((0, 0), (1, 0), (2, 0), (3, 0), (3, -1), (4, -1), (5, -1), (6, -1), (6, -2), (6, -3))",0,2,2,10,,,goal,,False,1502
"((0, 0), (1, 0), (2, 0), (3, 0), (3, -1), (4, -1), (5, -1), (6, -1), (6, -2), (6, -3), (5, -3))","((0, 0), (1, 0), (2, 0), (3, 0), (3, -1), (4, -1), (5, -1), (6, -1), (6, -2), (6, -3))",0,2,2,10,,,goal,,False,1503
"((0, 0), (1, 0), (2, 0), (3, 0), (3, -1), (4, -1), (5, -1), (6, -1), (6, -2), (6, -3), (6, -4))","((0, 0), (1, 0), (2, 0), (3, 0), (3, -1), (4, -1), (5, -1), (6, -1), (6, -2), (6, -3))",0,2,2,10,,,goal,,False,1504
"((0, 0), (1, 0), (2, 0), (3, 0), (3, -1), (4, -1), (5, -1), (6, -1), (6, -2), (6, -3))","((0, 0), (1, 0), (2, 0), (3, 0), (3, -1), (4, -1), (5, -1), (6, -1), (6, -2))",0,2,2,9,3,0,expanded,False,,1505
"((0, 0), (1, 0), (2, 0), (3, 0), (3, -1), (4, -1), (5, -1), (6, -1), (6, -2))","((0, 0), (1, 0), (2, 0), (3, 0), (3, -1), (4, -1), (5, -1), (6, -1))",0,2,2,8,3,0,expanded,False,,1506
"((0, 0), (1, 0), (2, 0), (3, 0), (3, -1), (4, -1), (5, -1), (6, -1))","((0, 0), (1, 0), (2, 0), (3, 0), (3, -1), (4, -1), (5, -1))",0,3,3,7,3,0,expanded,False,,1507
"((0, 0), (1, 0), (2, 0), (3, 0), (3, -1), (4, -1), (5, -1), (5, 0), (6, 0), (6, -1), (7, -1))","((0, 0), (1, 0), (2, 0), (3, 0), (3, -1), (4, -1), (5, -1), (5, 0), (6, 0), (6, -1))",0,2,2,10,,,goal,,False,1508
"((0, 0), (1, 0), (2, 0), (3, 0), (3, -1), (4, -1), (5, -1), (5, 0), (6, 0), (6, -1), (6, -2))","((0, 0), (1, 0), (2, 0), (3, 0), (3, -1), (4, -1), (5, -1), (5, 0), (6, 0), (6, -1))",0,2,2,10,,,goal,,False,1509
"((0, 0), (1, 0), (2, 0), (3, 0), (3, -1), (4, -1), (5, -1), (5, 0), (6, 0), (6, -1))","((0, 0), (1, 0), (2, 0), (3, 0), (3, -1), (4, -1), (5, -1), (5, 0), (6, 0))",0,2,2,9,2,0,expanded,False,,1510
"((0, 0), (1, 0), (2, 0), (3, 0), (3, -1), (4, -1), (5, -1), (5, 0), (6, 0), (7, 0), (8, 0))","((0, 0), (1, 0), (2, 0), (3, 0), (3, -1), (4, -1), (5, -1), (5, 0), (6, 0), (7, 0))",0,2,2,10,,,goal,,False,1511
"((0, 0), (1, 0), (2, 0), (3, 0), (3, -1), (4, -1), (5, -1), (5, 0), (6, 0), (7, 0), (7, 1))","((0, 0), (1, 0), (2, 0), (3, 0), (3, -1), (4, -1), (5, -1), (5, 0), (6, 0), (7, 0))",0,2,2,10,,,goal,,False,1512
"((0, 0), (1, 0), (2, 0), (3, 0), (3, -1), (4, -1), (5, -1), (5, 0), (6, 0), (7, 0), (7, -1))","((0, 0), (1, 0), (2, 0), (3, 0), (3, -1), (4, -1), (5, -1), (5, 0), (6, 0), (7, 0))",0,2,2,10,,,goal,,False,1513
"((0, 0), (1, 0), (2, 0), (3, 0), (3, -1), (4, -1), (5, -1), (5, 0), (6, 0), (7, 0))","((0, 0), (1, 0), (2, 0), (3, 0), (3, -1), (4, -1), (5, -1), (5, 0), (6, 0))",0,2,2,9,3,0,expanded,False,,1514
"((0, 0), (1, 0), (2, 0), (3, 0), (3, -1), (4, -1), (5, -1), (5, 0), (6, 0), (6, 1), (5, 1))","((0, 0), (1, 0), (2, 0), (3, 0), (3, -1), (4, -1), (5, -1), (5, 0), (6, 0), (6, 1))",0,1,1,10,,,pruned,,,1515
"((0, 0), (1, 0), (2, 0), (3, 0), (3, -1), (4, -1), (5, -1), (5, 0), (6, 0), (6, 1), (7, 1))","((0, 0), (1, 0), (2, 0), (3, 0), (3, -1), (4, -1), (5, -1), (5, 0), (6, 0), (6, 1))",0,2,2,10,,,goal,,False,1516
"((0, 0), (1, 0), (2, 0), (3, 0), (3, -1), (4, -1), (5, -1), (5, 0), (6, 0), (6, 1), (6, 2))","((0, 0), (1, 0), (2, 0), (3, 0), (3, -1), (4, -1), (5, -1), (5, 0), (6, 0), (6, 1))",0,2,2,10,,,goal,,False,1517
"((0, 0), (1, 0), (2, 0), (3, 0), (3, -1), (4, -1), (5, -1), (5, 0), (6, 0), (6, 1))","((0, 0), (1, 0), (2, 0), (3, 0), (3, -1), (4, -1), (5, -1), (5, 0), (6, 0))",0,2,2,9,3,1,expanded,False,,1518
"((0, 0), (1, 0), (2, 0), (3, 0), (3, -1), (4, -1), (5, -1), (5, 0), (6, 0))","((0, 0), (1, 0), (2, 0), (3, 0), (3, -1), (4, -1), (5, -1), (5, 0))",0,2,2,8,3,0,expanded,False,,1519
"((0, 0), (1, 0), (2, 0), (3, 0), (3, -1), (4, -1), (5, -1), (5, 0), (4, 0), (4, 1), (5, 1))","((0, 0), (1, 0), (2, 0), (3, 0), (3, -1), (4, -1), (5, -1), (5, 0), (4, 0), (4, 1))",0,1,1,10,,,pruned,,,1520
"((0, 0), (1, 0), (2, 0), (3, 0), (3, -1), (4, -1), (5, -1), (5, 0), (4, 0), (4, 1), (3, 1))","((0, 0), (1, 0), (2, 0), (3, 0), (3, -1), (4, -1), (5, -1), (5, 0), (4, 0), (4, 1))",0,2,2,10,,,goal,,False,1521
"((0, 0), (1, 0), (2, 0), (3, 0), (3, -1), (4, -1), (5, -1), (5, 0), (4, 0), (4, 1), (4, 2))","((0, 0), (1, 0), (2, 0), (3, 0), (3, -1), (4, -1), (5, -1), (5, 0), (4, 0), (4, 1))",0,2,2,10,,,goal,,False,1522
"((0, 0), (1, 0), (2, 0), (3, 0), (3, -1), (4, -1), (5, -1), (5, 0), (4, 0), (4, 1))","((0, 0), (1, 0), (2, 0), (3, 0), (3, -1), (4, -1), (5, -1), (5, 0), (4, 0))",0,2,2,9,3,1,expanded,False,,1523
"((0, 0), (1, 0), (2, 0), (3, 0), (3, -1), (4, -1), (5, -1), (5, 0), (4, 0))","((0, 0), (1, 0), (2, 0), (3, 0), (3, -1), (4, -1), (5, -1), (5, 0))",0,2,2,8,1,0,expanded,False,,1524
"((0, 0), (1, 0), (2, 0), (3, 0), (3, -1), (4, -1), (5, -1), (5, 0), (5, 1), (6, 1), (6, 0))","((0, 0), (1, 0), (2, 0), (3, 0), (3, -1), (4, -1), (5, -1), (5, 0), (5, 1), (6, 1))",0,1,1,10,,,pruned,,,1525
"((0, 0), (1, 0), (2, 0), (3, 0), (3, -1), (4, -1), (5, -1), (5, 0), (5, 1), (6, 1), (7, 1))","((0, 0), (1, 0), (2, 0), (3, 0), (3, -1), (4, -1), (5, -1), (5, 0), (5, 1), (6, 1))",0,2,2,10,,,goal,,False,1526
"((0, 0), (1, 0), (2, 0), (3, 0), (3, -1), (4, -1), (5, -1), (5, 0), (5, 1), (6, 1), (6, 2))","((0, 0), (1, 0), (2, 0), (3, 0), (3, -1), (4, -1), (5, -1), (5, 0), (5, 1), (6, 1))",0,2,2,10,,,goal,,False,1527
"((0, 0), (1, 0), (2, 0), (3, 0), (3, -1), (4, -1), (5, -1), (5, 0), (5, 1), (6, 1))","((0, 0), (1, 0), (2, 0), (3, 0), (3, -1), (4, -1), (5, -1), (5, 0), (5, 1))",0,2,2,9,3,1,expanded,False,,1528
"((0, 0), (1, 0), (2, 0), (3, 0), (3, -1), (4, -1), (5, -1), (5, 0), (5, 1), (4, 1), (4, 0))","((0, 0), (1, 0), (2, 0), (3, 0), (3, -1), (4, -1), (5, -1), (5, 0), (5, 1), (4, 1))",0,1,1,10,,,pruned,,,1529
"((0, 0), (1, 0), (2, 0), (3, 0), (3, -1), (4, -1), (5, -1), (5, 0), (5, 1), (4, 1), (3, 1))","((0, 0), (1, 0), (2, 0), (3, 0), (3, -1), (4, -1), (5, -1), (5, 0), (5, 1), (4, 1))",0,2,2,10,,,goal,,False,1530
"((0, 0), (1, 0), (2, 0), (3, 0), (3, -1), (4, -1), (5, -1), (5, 0), (5, 1), (4, 1), (4, 2))","((0, 0), (1, 0), (2, 0), (3, 0), (3, -1), (4, -1), (5, -1), (5, 0), (5, 1), (4, 1))",0,2,2,10,,,goal,,False,1531
"((0, 0), (1, 0), (2, 0), (3, 0), (3, -1), (4, -1), (5, -1), (5, 0), (5, 1), (4, 1))","((0, 0), (1, 0), (2, 0), (3, 0), (3, -1), (4, -1), (5, -1), (5, 0), (5, 1))",0,2,2,9,3,1,expanded,False,,1532
"((0, 0), (1, 0), (2, 0), (3, 0), (3, -1), (4, -1), (5, -1), (5, 0), (5, 1), (5, 2), (6, 2))","((0, 0), (1, 0), (2, 0), (3, 0), (3, -1), (4, -1), (5, -1), (5, 0), (5, 1), (5, 2))",0,2,2,10,,,goal,,False,1533
"((0, 0), (1, 0), (2, 0), (3, 0), (3, -1), (4, -1), (5, -1), (5, 0), (5, 1), (5, 2), (4, 2))","((0, 0), (1, 0), (2, 0), (3, 0), (3, -1), (4, -1), (5, -1), (5, 0), (5, 1), (5, 2))",0,2,2,10,,,goal,,False,1534
"((0, 0), (1, 0), (2, 0), (3, 0), (3, -1), (4, -1), (5, -1), (5, 0), (5, 1), (5, 2), (5, 3))","((0, 0), (1, 0), (2, 0), (3, 0), (3, -1), (4, -1), (5, -1), (5, 0), (5, 1), (5, 2))",0,2,2,10,,,goal,,False,1535
"((0, 0), (1, 0), (2, 0), (3, 0), (3, -1), (4, -1), (5, -1), (5, 0), (5, 1), (5, 2))","((0, 0), (1, 0), (2, 0), (3, 0), (3, -1), (4, -1), (5, -1), (5, 0), (5, 1))",0,2,2,9,3,0,expanded,False,,1536
"((0, 0), (1, 0), (2, 0), (3, 0), (3, -1), (4, -1), (5, -1), (5, 0), (5, 1))","((0, 0), (1, 0), (2, 0), (3, 0), (3, -1), (4, -1), (5, -1), (5, 0))",0,2,2,8,3,0,expanded,False,,1537
"((0, 0), (1, 0), (2, 0), (3, 0), (3, -1), (4, -1), (5, -1), (5, 0))","((0, 0), (1, 0), (2, 0), (3, 0), (3, -1), (4, -1), (5, -1))",0,3,3,7,3,0,expanded,False,,1538
"((0, 0), (1, 0), (2, 0), (3, 0), (3, -1), (4, -1), (5, -1), (5, -2), (6, -2), (6, -1), (7, -1))","((0, 0), (1, 0), (2, 0), (3, 0), (3, -1), (4, -1), (5, -1), (5, -2), (6, -2), (6, -1))",0,2,2,10,,,goal,,False,1539
"((0, 0), (1, 0), (2, 0), (3, 0), (3, -1), (4, -1), (5, -1), (5, -2), (6, -2), (6, -1), (6, 0))","((0, 0), (1, 0), (2, 0), (3, 0), (3, -1), (4, -1), (5, -1), (5, -2), (6, -2), (6, -1))",0,2,2,10,,,goal,,False,1540
"((0, 0), (1, 0), (2, 0), (3, 0), (3, -1), (4, -1), (5, -1), (5, -2), (6, -2), (6, -1))","((0, 0), (1, 0), (2, 0), (3, 0), (3, -1), (4, -1), (5, -1), (5, -2), (6, -2))",0,2,2,9,2,0,expanded,False,,1541
"((0, 0), (1, 0), (2, 0), (3, 0), (3, -1), (4, -1), (5, -1), (5, -2), (6, -2), (7, -2), (8, -2))","((0, 0), (1, 0), (2, 0), (3, 0), (3, -1), (4, -1), (5, -1), (5, -2), (6, -2), (7, -2))",0,2,2,10,,,goal,,False,1542
"((0, 0), (1, 0), (2, 0), (3, 0), (3, -1), (4, -1), (5, -1), (5, -2), (6, -2), (7, -2), (7, -1))","((0, 0), (1, 0), (2, 0), (3, 0), (3, -1), (4, -1), (5, -1), (5, -2), (6, -2), (7, -2))",0,2,2,10,,,goal,,False,1543
"((0, 0), (1, 0), (2, 0), (3, 0), (3, -1), (4, -1), (5, -1), (5, -2), (6, -2), (7, -2), (7, -3))","((0, 0), (1, 0), (2, 0), (3, 0), (3, -1), (4, -1), (5, -1), (5, -2), (6, -2), (7, -2))",0,2,2,10,,,goal,,False,1544
"((0, 0), (1, 0), (2, 0), (3, 0), (3, -1), (4, -1), (5, -1), (5, -2), (6, -2), (7, -2))","((0, 0), (1, 0), (2, 0), (3, 0), (3, -1), (4, -1), (5, -1), (5, -2), (6, -2))",0,2,2,9,3,0,expanded,False,,1545
"((0, 0), (1, 0), (2, 0), (3, 0), (3, -1), (4, -1), (5, -1), (5, -2), (6, -2), (6, -3), (5, -3))","((0, 0), (1, 0), (2, 0), (3, 0), (3, -1), (4, -1), (5, -1), (5, -2), (6, -2), (6, -3))",0,1,1,10,,,pruned,,,1546
"((0, 0), (1, 0), (2, 0), (3, 0), (3, -1), (4, -1), (5, -1), (5, -2), (6, -2), (6, -3), (7, -3))","((0, 0), (1, 0), (2, 0), (3, 0), (3, -1), (4, -1), (5, -1), (5, -2), (6, -2), (6, -3))",0,2,2,10,,,goal,,False,1547
"((0, 0), (1, 0), (2, 0), (3, 0), (3, -1), (4, -1), (5, -1), (5, -2), (6, -2), (6, -3), (6, -4))","((0, 0), (1, 0), (2, 0), (3, 0), (3, -1), (4, -1), (5, -1), (5, -2), (6, -2), (6, -3))",0,2,2,10,,,goal,,False,1548
"((0, 0), (1, 0), (2, 0), (3, 0), (3, -1), (4, -1), (5, -1), (5, -2), (6, -2), (6, -3))","((0, 0), (1, 0), (2, 0), (3, 0), (3, -1), (4, -1), (5, -1), (5, -2), (6, -2))",0,2,2,9,3,1,expanded,False,,1549
"((0, 0), (1, 0), (2, 0), (3, 0), (3, -1), (4, -1), (5, -1), (5, -2), (6, -2))","((0, 0), (1, 0), (2, 0), (3, 0), (3, -1), (4, -1), (5, -1), (5, -2))",0,2,2,8,3,0,expanded,False,,1550
"((0, 0), (1, 0), (2, 0), (3, 0), (3, -1), (4, -1), (5, -1), (5, -2), (4, -2), (3, -2), (2, -2))","((0, 0), (1, 0), (2, 0), (3, 0), (3, -1), (4, -1), (5, -1), (5, -2), (4, -2), (3, -2))",0,2,2,10,,,goal,,False,1551
"((0, 0), (1, 0), (2, 0), (3, 0), (3, -1), (4, -1), (5, -1), (5, -2), (4, -2), (3, -2), (3, -3))","((0, 0), (1, 0), (2, 0), (3, 0), (3, -1), (4, -1), (5, -1), (5, -2), (4, -2), (3, -2))",0,2,2,10,,,goal,,False,1552
"((0, 0), (1, 0), (2, 0), (3, 0), (3, -1), (4, -1), (5, -1), (5, -2), (4, -2), (3, -2))","((0, 0), (1, 0), (2, 0), (3, 0), (3, -1), (4, -1), (5, -1), (5, -2), (4, -2))",0,2,2,9,2,0,expanded,False,,1553
"((0, 0), (1, 0), (2, 0), (3, 0), (3, -1), (4, -1), (5, -1), (5, -2), (4, -2), (4, -3), (5, -3))","((0, 0), (1, 0), (2, 0), (3, 0), (3, -1), (4, -1), (5, -1), (5, -2), (4, -2), (4, -3))",0,1,1,10,,,pruned,,,1554
"((0, 0), (1, 0), (2, 0), (3, 0), (3, -1), (4, -1), (5, -1), (5, -2), (4, -2), (4, -3), (3, -3))","((0, 0), (1, 0), (2, 0), (3, 0), (3, -1), (4, -1), (5, -1), (5, -2), (4, -2), (4, -3))",0,2,2,10,,,goal,,False,1555
"((0, 0), (1, 0), (2, 0), (3, 0), (3, -1), (4, -1), (5, -1), (5, -2), (4, -2), (4, -3), (4, -4))","((0, 0), (1, 0), (2, 0), (3, 0), (3, -1), (4, -1), (5, -1), (5, -2), (4, -2), (4, -3))",0,2,2,10,,,goal,,False,1556
"((0, 0), (1, 0), (2, 0), (3, 0), (3, -1), (4, -1), (5, -1), (5, -2), (4, -2), (4, -3))","((0, 0), (1, 0), (2, 0), (3, 0), (3, -1), (4, -1), (5, -1), (5, -2), (4, -2))",0,2,2,9,3,1,expanded,False,,1557
"((0, 0), (1, 0), (2, 0), (3, 0), (3, -1), (4, -1), (5, -1), (5, -2), (4, -2))","((0, 0), (1, 0), (2, 0), (3, 0), (3, -1), (4, -1), (5, -1), (5, -2))",0,2,2,8,2,0,expanded,False,,1558
"((0, 0), (1, 0), (2, 0), (3, 0), (3, -1), (4, -1), (5, -1), (5, -2), (5, -3), (6, -3), (6, -2))","((0, 0), (1, 0), (2, 0), (3, 0), (3, -1), (4, -1), (5, -1), (5, -2), (5, -3), (6, -3))",0,1,1,10,,,pruned,,,1559
"((0, 0), (1, 0), (2, 0), (3, 0), (3, -1), (4, -1), (5, -1), (5, -2), (5, -3), (6, -3), (7, -3))","((0, 0), (1, 0), (2, 0), (3, 0), (3, -1), (4, -1), (5, -1), (5, -2), (5, -3), (6, -3))",0,2,2,10,,,goal,,False,1560
"((0, 0), (1, 0), (2, 0), (3, 0), (3, -1), (4, -1), (5, -1), (5, -2), (5, -3), (6, -3), (6, -4))","((0, 0), (1, 0), (2, 0), (3, 0), (3, -1), (4, -1), (5, -1), (5, -2), (5, -3), (6, -3))",0,2,2,10,,,goal,,False,1561
"((0, 0), (1, 0), (2, 0), (3, 0), (3, -1), (4, -1), (5, -1), (5, -2), (5, -3), (6, -3))","((0, 0), (1, 0), (2, 0), (3, 0), (3, -1), (4, -1), (5, -1), (5, -2), (5, -3))",0,2,2,9,3,1,expanded,False,,1562
"((0, 0), (1, 0), (2, 0), (3, 0), (3, -1), (4, -1), (5, -1), (5, -2), (5, -3), (4, -3), (4, -2))","((0, 0), (1, 0), (2, 0), (3, 0), (3, -1), (4, -1), (5, -1), (5, -2), (5, -3), (4, -3))",0,1,1,10,,,pruned,,,1563
"((0, 0), (1, 0), (2, 0), (3, 0), (3, -1), (4, -1), (5, -1), (5, -2), (5, -3), (4, -3), (3, -3))","((0, 0), (1, 0), (2, 0), (3, 0), (3, -1), (4, -1), (5, -1), (5, -2), (5, -3), (4, -3))",0,2,2,10,,,goal,,False,1564
"((0, 0), (1, 0), (2, 0), (3, 0), (3, -1), (4, -1), (5, -1), (5, -2), (5, -3), (4, -3), (4, -4))","((0, 0), (1, 0), (2, 0), (3, 0), (3, -1), (4, -1), (5, -1), (5, -2), (5, -3), (4, -3))",0,2,2,10,,,goal,,False,1565
"((0, 0), (1, 0), (2, 0), (3, 0), (3, -1), (4, -1), (5, -1), (5, -2), (5, -3), (4, -3))","((0, 0), (1, 0), (2, 0), (3, 0), (3, -1), (4, -1), (5, -1), (5, -2), (5, -3))",0,2,2,9,3,1,expanded,False,,1566
"((0, 0), (1, 0), (2, 0), (3, 0), (3, -1), (4, -1), (5, -1), (5, -2), (5, -3), (5, -4), (6, -4))","((0, 0), (1, 0), (2, 0), (3, 0), (3, -1), (4, -1), (5, -1), (5, -2), (5, -3), (5, -4))",0,2,2,10,,,goal,,False,1567
"((0, 0), (1, 0), (2, 0), (3, 0), (3, -1), (4, -1), (5, -1), (5, -2), (5, -3), (5, -4), (4, -4))","((0, 0), (1, 0), (2, 0), (3, 0), (3, -1), (4, -1), (5, -1), (5, -2), (5, -3), (5, -4))",0,2,2,10,,,goal,,False,1568
"((0, 0), (1, 0), (2, 0), (3, 0), (3, -1), (4, -1), (5, -1), (5, -2), (5, -3), (5, -4), (5, -5))","((0, 0), (1, 0), (2, 0), (3, 0), (3, -1), (4, -1), (5, -1), (5, -2), (5, -3), (5, -4))",0,2,2,10,,,goal,,False,1569
"((0, 0), (1, 0), (2, 0), (3, 0), (3, -1), (4, -1), (5, -1), (5, -2), (5, -3), (5, -4))","((0, 0), (1, 0), (2, 0), (3, 0), (3, -1), (4, -1), (5, -1), (5, -2), (5, -3))",0,2,2,9,3,0,expanded,False,,1570
"((0, 0), (1, 0), (2, 0), (3, 0), (3, -1), (4, -1), (5, -1), (5, -2), (5, -3))","((0, 0), (1, 0), (2, 0), (3, 0), (3, -1), (4, -1), (5, -1), (5, -2))",0,2,2,8,3,0,expanded,False,,1571
"((0, 0), (1, 0), (2, 0), (3, 0), (3, -1), (4, -1), (5, -1), (5, -2))","((0, 0), (1, 0), (2, 0), (3, 0), (3, -1), (4, -1), (5, -1))",0,3,3,7,3,0,expanded,False,,1572
"((0, 0), (1, 0), (2, 0), (3, 0), (3, -1), (4, -1), (5, -1))","((0, 0), (1, 0), (2, 0), (3, 0), (3, -1), (4, -1))",0,2,2,6,3,0,expanded,False,,1573
"((0, 0), (1, 0), (2, 0), (3, 0), (3, -1), (4, -1), (4, 0), (5, 0), (6, 0), (7, 0), (8, 0))","((0, 0), (1, 0), (2, 0), (3, 0), (3, -1), (4, -1), (4, 0), (5, 0), (6, 0), (7, 0))",0,2,2,10,,,goal,,False,1574
"((0, 0), (1, 0), (2, 0), (3, 0), (3, -1), (4, -1), (4, 0), (5, 0), (6, 0), (7, 0), (7, 1))","((0, 0), (1, 0), (2, 0), (3, 0), (3, -1), (4, -1), (4, 0), (5, 0), (6, 0), (7, 0))",0,2,2,10,,,goal,,False,1575
"((0, 0), (1, 0), (2, 0), (3, 0), (3, -1), (4, -1), (4, 0), (5, 0), (6, 0), (7, 0), (7, -1))","((0, 0), (1, 0), (2, 0), (3, 0), (3, -1), (4, -1), (4, 0), (5, 0), (6, 0), (7, 0))",0,2,2,10,,,goal,,False,1576
"((0, 0), (1, 0), (2, 0), (3, 0), (3, -1), (4, -1), (4, 0), (5, 0), (6, 0), (7, 0))","((0, 0), (1, 0), (2, 0), (3, 0), (3, -1), (4, -1), (4, 0), (5, 0), (6, 0))",0,2,2,9,3,0,expanded,False,,1577
"((0, 0), (1, 0), (2, 0), (3, 0), (3, -1), (4, -1), (4, 0), (5, 0), (6, 0), (6, 1), (5, 1))","((0, 0), (1, 0), (2, 0), (3, 0), (3, -1), (4, -1), (4, 0), (5, 0), (6, 0), (6, 1))",0,1,1,10,,,pruned,,,1578
"((0, 0), (1, 0), (2, 0), (3, 0), (3, -1), (4, -1), (4, 0), (5, 0), (6, 0), (6, 1), (7, 1))","((0, 0), (1, 0), (2, 0), (3, 0), (3, -1), (4, -1), (4, 0), (5, 0), (6, 0), (6, 1))",0,2,2,10,,,goal,,False,1579
"((0, 0), (1, 0), (2, 0), (3, 0), (3, -1), (4, -1), (4, 0), (5, 0), (6, 0), (6, 1), (6, 2))","((0, 0), (1, 0), (2, 0), (3, 0), (3, -1), (4, -1), (4, 0), (5, 0), (6, 0), (6, 1))",0,2,2,10,,,goal,,False,1580
"((0, 0), (1, 0), (2, 0), (3, 0), (3, -1), (4, -1), (4, 0), (5, 0), (6, 0), (6, 1))","((0, 0), (1, 0), (2, 0), (3, 0), (3, -1), (4, -1), (4, 0), (5, 0), (6, 0))",0,2,2,9,3,1,expanded,False,,1581
"((0, 0), (1, 0), (2, 0), (3, 0), (3, -1), (4, -1), (4, 0), (5, 0), (6, 0), (6, -1), (5, -1))","((0, 0), (1, 0), (2, 0), (3, 0), (3, -1), (4, -1), (4, 0), (5, 0), (6, 0), (6, -1))",0,1,1,10,,,pruned,,,1582
"((0, 0), (1, 0), (2, 0), (3, 0), (3, -1), (4, -1), (4, 0), (5, 0), (6, 0), (6, -1), (7, -1))","((0, 0), (1, 0), (2, 0), (3, 0), (3, -1), (4, -1), (4, 0), (5, 0), (6, 0), (6, -1))",0,2,2,10,,,goal,,False,1583
"((0, 0), (1, 0), (2, 0), (3, 0), (3, -1), (4, -1), (4, 0), (5, 0), (6, 0), (6, -1), (6, -2))","((0, 0), (1, 0), (2, 0), (3, 0), (3, -1), (4, -1), (4, 0), (5, 0), (6, 0), (6, -1))",0,2,2,10,,,goal,,False,1584
"((0, 0), (1, 0), (2, 0), (3, 0), (3, -1), (4, -1), (4, 0), (5, 0), (6, 0), (6, -1))","((0, 0), (1, 0), (2, 0), (3, 0), (3, -1), (4, -1), (4, 0), (5, 0), (6, 0))",0,2,2,9,3,1,expanded,False,,1585
"((0, 0), (1, 0), (2, 0), (3, 0), (3, -1), (4, -1), (4, 0), (5, 0), (6, 0))","((0, 0), (1, 0), (2, 0), (3, 0), (3, -1), (4, -1), (4, 0), (5, 0))",0,2,2,8,3,0,expanded,False,,1586
"((0, 0), (1, 0), (2, 0), (3, 0), (3, -1), (4, -1), (4, 0), (5, 0), (5, 1), (4, 1), (3, 1))","((0, 0), (1, 0), (2, 0), (3, 0), (3, -1), (4, -1), (4, 0), (5, 0), (5, 1), (4, 1))",0,2,2,10,,,goal,,False,1587
"((0, 0), (1, 0), (2, 0), (3, 0), (3, -1), (4, -1), (4, 0), (5, 0), (5, 1), (4, 1), (4, 2))","((0, 0), (1, 0), (2, 0), (3, 0), (3, -1), (4, -1), (4, 0), (5, 0), (5, 1), (4, 1))",0,2,2,10,,,goal,,False,1588
"((0, 0), (1, 0), (2, 0), (3, 0), (3, -1), (4, -1), (4, 0), (5, 0), (5, 1), (4, 1))","((0, 0), (1, 0), (2, 0), (3, 0), (3, -1), (4, -1), (4, 0), (5, 0), (5, 1))",0,2,2,9,2,0,expanded,False,,1589
"((0, 0), (1, 0), (2, 0), (3, 0), (3, -1), (4, -1), (4, 0), (5, 0), (5, 1), (6, 1), (6, 0))","((0, 0), (1, 0), (2, 0), (3, 0), (3, -1), (4, -1), (4, 0), (5, 0), (5, 1), (6, 1))",0,1,1,10,,,pruned,,,1590
"((0, 0), (1, 0), (2, 0), (3, 0), (3, -1), (4, -1), (4, 0), (5, 0), (5, 1), (6, 1), (7, 1))","((0, 0), (1, 0), (2, 0), (3, 0), (3, -1), (4, -1), (4, 0), (5, 0), (5, 1), (6, 1))",0,2,2,10,,,goal,,False,1591
"((0, 0), (1, 0), (2, 0), (3, 0), (3, -1), (4, -1), (4, 0), (5, 0), (5, 1), (6, 1), (6, 2))","((0, 0), (1, 0), (2, 0), (3, 0), (3, -1), (4, -1), (4, 0), (5, 0), (5, 1), (6, 1))",0,2,2,10,,,goal,,False,1592
"((0, 0), (1, 0), (2, 0), (3, 0), (3, -1), (4, -1), (4, 0), (5, 0), (5, 1), (6, 1))","((0, 0), (1, 0), (2, 0), (3, 0), (3, -1), (4, -1), (4, 0), (5, 0), (5, 1))",0,2,2,9,3,1,expanded,False,,1593
"((0, 0), (1, 0), (2, 0), (3, 0), (3, -1), (4, -1), (4, 0), (5, 0), (5, 1), (5, 2), (6, 2))","((0, 0), (1, 0), (2, 0), (3, 0), (3, -1), (4, -1), (4, 0), (5, 0), (5, 1), (5, 2))",0,2,2,10,,,goal,,False,1594
"((0, 0), (1, 0), (2, 0), (3, 0), (3, -1), (4, -1), (4, 0), (5, 0), (5, 1), (5, 2), (4, 2))","((0, 0), (1, 0), (2, 0), (3, 0), (3, -1), (4, -1), (4, 0), (5, 0), (5, 1), (5, 2))",0,2,2,10,,,goal,,False,1595
"((0, 0), (1, 0), (2, 0), (3, 0), (3, -1), (4, -1), (4, 0), (5, 0), (5, 1), (5, 2), (5, 3))","((0, 0), (1, 0), (2, 0), (3, 0), (3, -1), (4, -1), (4, 0), (5, 0), (5, 1), (5, 2))",0,2,2,10,,,goal,,False,1596
"((0, 0), (1, 0), (2, 0), (3, 0), (3, -1), (4, -1), (4, 0), (5, 0), (5, 1), (5, 2))","((0, 0), (1, 0), (2, 0), (3, 0), (3, -1), (4, -1), (4, 0), (5, 0), (5, 1))",0,2,2,9,3,0,expanded,False,,1597
"((0, 0), (1, 0), (2, 0), (3, 0), (3, -1), (4, -1), (4, 0), (5, 0), (5, 1))","((0, 0), (1, 0), (2, 0), (3, 0), (3, -1), (4, -1), (4, 0), (5, 0))",0,2,2,8,3,0,expanded,False,,1598
"((0, 0), (1, 0), (2, 0), (3, 0), (3, -1), (4, -1), (4, 0), (5, 0), (5, -1), (6, -1), (6, 0))","((0, 0), (1, 0), (2, 0), (3, 0), (3, -1), (4, -1), (4, 0), (5, 0), (5, -1), (6, -1))",0,1,1,10,,,pruned,,,1599
"((0, 0), (1, 0), (2, 0), (3, 0), (3, -1), (4, -1), (4, 0), (5, 0), (5, -1), (6, -1), (7, -1))","((0, 0), (1, 0), (2, 0), (3, 0), (3, -1), (4, -1), (4, 0), (5, 0), (5, -1), (6, -1))",0,2,2,10,,,goal,,False,1600
"((0, 0), (1, 0), (2, 0), (3, 0), (3, -1), (4, -1), (4, 0), (5, 0), (5, -1), (6, -1), (6, -2))","((0, 0), (1, 0), (2, 0), (3, 0), (3, -1), (4, -1), (4, 0), (5, 0), (5, -1), (6, -1))",0,2,2,10,,,goal,,False,1601
"((0, 0), (1, 0), (2, 0), (3, 0), (3, -1), (4, -1), (4, 0), (5, 0), (5, -1), (6, -1))","((0, 0), (1, 0), (2, 0), (3, 0), (3, -1), (4, -1), (4, 0), (5, 0), (5, -1))",0,2,2,9,3,1,expanded,False,,1602
"((0, 0), (1, 0), (2, 0), (3, 0), (3, -1), (4, -1), (4, 0), (5, 0), (5, -1), (5, -2), (6, -2))","((0, 0), (1, 0), (2, 0), (3, 0), (3, -1), (4, -1), (4, 0), (5, 0), (5, -1), (5, -2))",0,2,2,10,,,goal,,False,1603
"((0, 0), (1, 0), (2, 0), (3, 0), (3, -1), (4, -1), (4, 0), (5, 0), (5, -1), (5, -2), (4, -2))","((0, 0), (1, 0), (2, 0), (3, 0), (3, -1), (4, -1), (4, 0), (5, 0), (5, -1), (5, -2))",0,2,2,10,,,goal,,False,1604
"((0, 0), (1, 0), (2, 0), (3, 0), (3, -1), (4, -1), (4, 0), (5, 0), (5, -1), (5, -2), (5, -3))","((0, 0), (1, 0), (2, 0), (3, 0), (3, -1), (4, -1), (4, 0), (5, 0), (5, -1), (5, -2))",0,2,2,10,,,goal,,False,1605
"((0, 0), (1, 0), (2, 0), (3, 0), (3, -1), (4, -1), (4, 0), (5, 0), (5, -1), (5, -2))","((0, 0), (1, 0), (2, 0), (3, 0), (3, -1), (4, -1), (4, 0), (5, 0), (5, -1))",0,2,2,9,3,0,expanded,False,,1606
"((0, 0), (1, 0), (2, 0), (3, 0), (3, -1), (4, -1), (4, 0), (5, 0), (5, -1))","((0, 0), (1, 0), (2, 0), (3, 0), (3, -1), (4, -1), (4, 0), (5, 0))",0,2,2,8,2,0,expanded,False,,1607
"((0, 0), (1, 0), (2, 0), (3, 0), (3, -1), (4, -1), (4, 0), (5, 0))","((0, 0), (1, 0), (2, 0), (3, 0), (3, -1), (4, -1), (4, 0))",0,3,3,7,3,0,expanded,False,,1608
"((0, 0), (1, 0), (2, 0), (3, 0), (3, -1), (4, -1), (4, 0), (4, 1), (5, 1), (5, 0), (6, 0))","((0, 0), (1, 0), (2, 0), (3, 0), (3, -1), (4, -1), (4, 0), (4, 1), (5, 1), (5, 0))",0,2,2,10,,,goal,,False,1609
"((0, 0), (1, 0), (2, 0), (3, 0), (3, -1), (4, -1), (4, 0), (4, 1), (5, 1), (5, 0), (5, -1))","((0, 0), (1, 0), (2, 0), (3, 0), (3, -1), (4, -1), (4, 0), (4, 1), (5, 1), (5, 0))",0,2,2,10,,,goal,,False,1610
"((0, 0), (1, 0), (2, 0), (3, 0), (3, -1), (4, -1), (4, 0), (4, 1), (5, 1), (5, 0))","((0, 0), (1, 0), (2, 0), (3, 0), (3, -1), (4, -1), (4, 0), (4, 1), (5, 1))",0,2,2,9,2,0,expanded,False,,1611
"((0, 0), (1, 0), (2, 0), (3, 0), (3, -1), (4, -1), (4, 0), (4, 1), (5, 1), (6, 1), (7, 1))","((0, 0), (1, 0), (2, 0), (3, 0), (3, -1), (4, -1), (4, 0), (4, 1), (5, 1), (6, 1))",0,2,2,10,,,goal,,False,1612
"((0, 0), (1, 0), (2, 0), (3, 0), (3, -1), (4, -1), (4, 0), (4, 1), (5, 1), (6, 1), (6, 2))","((0, 0), (1, 0), (2, 0), (3, 0), (3, -1), (4, -1), (4, 0), (4, 1), (5, 1), (6, 1))",0,2,2,10,,,goal,,False,1613
"((0, 0), (1, 0), (2, 0), (3, 0), (3, -1), (4, -1), (4, 0), (4, 1), (5, 1), (6, 1), (6, 0))","((0, 0), (1, 0), (2, 0), (3, 0), (3, -1), (4, -1), (4, 0), (4, 1), (5, 1), (6, 1))",0,2,2,10,,,goal,,False,1614
"((0, 0), (1, 0), (2, 0), (3, 0), (3, -1), (4, -1), (4, 0), (4, 1), (5, 1), (6, 1))","((0, 0), (1, 0), (2, 0), (3, 0), (3, -1), (4, -1), (4, 0), (4, 1), (5, 1))",0,2,2,9,3,0,expanded,False,,1615
"((0, 0), (1, 0), (2, 0), (3, 0), (3, -1), (4, -1), (4, 0), (4, 1), (5, 1), (5, 2), (4, 2))","((0, 0), (1, 0), (2, 0), (3, 0), (3, -1), (4, -1), (4, 0), (4, 1), (5, 1), (5, 2))",0,1,1,10,,,pruned,,,1616
"((0, 0), (1, 0), (2, 0), (3, 0), (3, -1), (4, -1), (4, 0), (4, 1), (5, 1), (5, 2), (6, 2))","((0, 0), (1, 0), (2, 0), (3, 0), (3, -1), (4, -1), (4, 0), (4, 1), (5, 1), (5, 2))",0,2,2,10,,,goal,,False,1617
"((0, 0), (1, 0), (2, 0), (3, 0), (3, -1), (4, -1), (4, 0), (4, 1), (5, 1), (5, 2), (5, 3))","((0, 0), (1, 0), (2, 0), (3, 0), (3, -1), (4, -1), (4, 0), (4, 1), (5, 1), (5, 2))",0,2,2,10,,,goal,,False,1618
"((0, 0), (1, 0), (2, 0), (3, 0), (3, -1), (4, -1), (4, 0), (4, 1), (5, 1), (5, 2))","((0, 0), (1, 0), (2, 0), (3, 0), (3, -1), (4, -1), (4, 0), (4, 1), (5, 1))",0,2,2,9,3,1,expanded,False,,1619
"((0, 0), (1, 0), (2, 0), (3, 0), (3, -1), (4, -1), (4, 0), (4, 1), (5, 1))","((0, 0), (1, 0), (2, 0), (3, 0), (3, -1), (4, -1), (4, 0), (4, 1))",0,2,2,8,3,0,expanded,False,,1620
"((0, 0), (1, 0), (2, 0), (3, 0), (3, -1), (4, -1), (4, 0), (4, 1), (3, 1), (2, 1), (1, 1))","((0, 0), (1, 0), (2, 0), (3, 0), (3, -1), (4, -1), (4, 0), (4, 1), (3, 1), (2, 1))",0,2,2,10,,,goal,,False,1621
"((0, 0), (1, 0), (2, 0), (3, 0), (3, -1), (4, -1), (4, 0), (4, 1), (3, 1), (2, 1), (2, 2))","((0, 0), (1, 0), (2, 0), (3, 0), (3, -1), (4, -1), (4, 0), (4, 1), (3, 1), (2, 1))",0,2,2,10,,,goal,,False,1622
"((0, 0), (1, 0), (2, 0), (3, 0), (3, -1), (4, -1), (4, 0), (4, 1), (3, 1), (2, 1))","((0, 0), (1, 0), (2, 0), (3, 0), (3, -1), (4, -1), (4, 0), (4, 1), (3, 1))",0,2,2,9,2,0,expanded,False,,1623
"((0, 0), (1, 0), (2, 0), (3, 0), (3, -1), (4, -1), (4, 0), (4, 1), (3, 1), (3, 2), (4, 2))","((0, 0), (1, 0), (2, 0), (3, 0), (3, -1), (4, -1), (4, 0), (4, 1), (3, 1), (3, 2))",0,1,1,10,,,pruned,,,1624
"((0, 0), (1, 0), (2, 0), (3, 0), (3, -1), (4, -1), (4, 0), (4, 1), (3, 1), (3, 2), (2, 2))","((0, 0), (1, 0), (2, 0), (3, 0), (3, -1), (4, -1), (4, 0), (4, 1), (3, 1), (3, 2))",0,2,2,10,,,goal,,False,1625
"((0, 0), (1, 0), (2, 0), (3, 0), (3, -1), (4, -1), (4, 0), (4, 1), (3, 1), (3, 2), (3, 3))","((0, 0), (1, 0), (2, 0), (3, 0), (3, -1), (4, -1), (4, 0), (4, 1), (3, 1), (3, 2))",0,2,2,10,,,goal,,False,1626
"((0, 0), (1, 0), (2, 0), (3, 0), (3, -1), (4, -1), (4, 0), (4, 1), (3, 1), (3, 2))","((0, 0), (1, 0), (2, 0), (3, 0), (3, -1), (4, -1), (4, 0), (4, 1), (3, 1))",0,2,2,9,3,1,expanded,False,,1627
"((0, 0), (1, 0), (2, 0), (3, 0), (3, -1), (4, -1), (4, 0), (4, 1), (3, 1))","((0, 0), (1, 0), (2, 0), (3, 0), (3, -1), (4, -1), (4, 0), (4, 1))",0,2,2,8,2,0,expanded,False,,1628
"((0, 0), (1, 0), (2, 0), (3, 0), (3, -1), (4, -1), (4, 0), (4, 1), (4, 2), (5, 2), (5, 1))","((0, 0), (1, 0), (2, 0), (3, 0), (3, -1), (4, -1), (4, 0), (4, 1), (4, 2), (5, 2))",0,1,1,10,,,pruned,,,1629
"((0, 0), (1, 0), (2, 0), (3, 0), (3, -1), (4, -1), (4, 0), (4, 1), (4, 2), (5, 2), (6, 2))","((0, 0), (1, 0), (2, 0), (3, 0), (3, -1), (4, -1), (4, 0), (4, 1), (4, 2), (5, 2))",0,2,2,10,,,goal,,False,1630
"((0, 0), (1, 0), (2, 0), (3, 0), (3, -1), (4, -1), (4, 0), (4, 1), (4, 2), (5, 2), (5, 3))","((0, 0), (1, 0), (2, 0), (3, 0), (3, -1), (4, -1), (4, 0), (4, 1), (4, 2), (5, 2))",0,2,2,10,,,goal,,False,1631
"((0, 0), (1, 0), (2, 0), (3, 0), (3, -1), (4, -1), (4, 0), (4, 1), (4, 2), (5, 2))","((0, 0), (1, 0), (2, 0), (3, 0), (3, -1), (4, -1), (4, 0), (4, 1), (4, 2))",0,2,2,9,3,1,expanded,False,,1632
"((0, 0), (1, 0), (2, 0), (3, 0), (3, -1), (4, -1), (4, 0), (4, 1), (4, 2), (3, 2), (3, 1))","((0, 0), (1, 0), (2, 0), (3, 0), (3, -1), (4, -1), (4, 0), (4, 1), (4, 2), (3, 2))",0,1,1,10,,,pruned,,,1633
"((0, 0), (1, 0), (2, 0), (3, 0), (3, -1), (4, -1), (4, 0), (4, 1), (4, 2), (3, 2), (2, 2))","((0, 0), (1, 0), (2, 0), (3, 0), (3, -1), (4, -1), (4, 0), (4, 1), (4, 2), (3, 2))",0,2,2,10,,,goal,,False,1634
"((0, 0), (1, 0), (2, 0), (3, 0), (3, -1), (4, -1), (4, 0), (4, 1), (4, 2), (3, 2), (3, 3))","((0, 0), (1, 0), (2, 0), (3, 0), (3, -1), (4, -1), (4, 0), (4, 1), (4, 2), (3, 2))",0,2,2,10,,,goal,,False,1635
"((0, 0), (1, 0), (2, 0), (3, 0), (3, -1), (4, -1), (4, 0), (4, 1), (4, 2), (3, 2))","((0, 0), (1, 0), (2, 0), (3, 0), (3, -1), (4, -1), (4, 0), (4, 1), (4, 2))",0,2,2,9,3,1,expanded,False,,1636
"((0, 0), (1, 0), (2, 0), (3, 0), (3, -1), (4, -1), (4, 0), (4, 1), (4, 2), (4, 3), (5, 3))","((0, 0), (1, 0), (2, 0), (3, 0), (3, -1), (4, -1), (4, 0), (4, 1), (4, 2), (4, 3))",0,2,2,10,,,goal,,False,1637
"((0, 0), (1, 0), (2, 0), (3, 0), (3, -1), (4, -1), (4, 0), (4, 1), (4, 2), (4, 3), (3, 3))","((0, 0), (1, 0), (2, 0), (3, 0), (3, -1), (4, -1), (4, 0), (4, 1), (4, 2), (4, 3))",0,2,2,10,,,goal,,False,1638
"((0, 0), (1, 0), (2, 0), (3, 0), (3, -1), (4, -1), (4, 0), (4, 1), (4, 2), (4, 3), (4, 4))","((0, 0), (1, 0), (2, 0), (3, 0), (3, -1), (4, -1), (4, 0), (4, 1), (4, 2), (4, 3))",0,2,2,10,,,goal,,False,1639
"((0, 0), (1, 0), (2, 0), (3, 0), (3, -1), (4, -1), (4, 0), (4, 1), (4, 2), (4, 3))","((0, 0), (1, 0), (2, 0), (3, 0), (3, -1), (4, -1), (4, 0), (4, 1), (4, 2))",0,2,2,9,3,0,expanded,False,,1640
"((0, 0), (1, 0), (2, 0), (3, 0), (3, -1), (4, -1), (4, 0), (4, 1), (4, 2))","((0, 0), (1, 0), (2, 0), (3, 0), (3, -1), (4, -1), (4, 0), (4, 1))",0,2,2,8,3,0,expanded,False,,1641
"((0, 0), (1, 0), (2, 0), (3, 0), (3, -1), (4, -1), (4, 0), (4, 1))","((0, 0), (1, 0), (2, 0), (3, 0), (3, -1), (4, -1), (4, 0))",0,3,3,7,3,0,expanded,False,,1642
"((0, 0), (1, 0), (2, 0), (3, 0), (3, -1), (4, -1), (4, 0))","((0, 0), (1, 0), (2, 0), (3, 0), (3, -1), (4, -1))",0,2,2,6,2,0,expanded,False,,1643
"((0, 0), (1, 0), (2, 0), (3, 0), (3, -1), (4, -1), (4, -2), (3, -2), (2, -2), (2, -1), (1, -1))","((0, 0), (1, 0), (2, 0), (3, 0), (3, -1), (4, -1), (4, -2), (3, -2), (2, -2), (2, -1))",1,1,2,10,,,goal,,False,1644
"((0, 0), (1, 0), (2, 0), (3, 0), (3, -1), (4, -1), (4, -2), (3, -2), (2, -2), (2, -1))","((0, 0), (1, 0), (2, 0), (3, 0), (3, -1), (4, -1), (4, -2), (3, -2), (2, -2))",1,1,2,9,1,0,expanded,False,,1645
"((0, 0), (1, 0), (2, 0), (3, 0), (3, -1), (4, -1), (4, -2), (3, -2), (2, -2), (1, -2), (0, -2))","((0, 0), (1, 0), (2, 0), (3, 0), (3, -1), (4, -1), (4, -2), (3, -2), (2, -2), (1, -2))",1,1,2,10,,,goal,,False,1646
"((0, 0), (1, 0), (2, 0), (3, 0), (3, -1), (4, -1), (4, -2), (3, -2), (2, -2), (1, -2), (1, -1))","((0, 0), (1, 0), (2, 0), (3, 0), (3, -1), (4, -1), (4, -2), (3, -2), (2, -2), (1, -2))",1,1,2,10,,,goal,,False,1647
"((0, 0), (1, 0), (2, 0), (3, 0), (3, -1), (4, -1), (4, -2), (3, -2), (2, -2), (1, -2), (1, -3))","((0, 0), (1, 0), (2, 0), (3, 0), (3, -1), (4, -1), (4, -2), (3, -2), (2, -2), (1, -2))",1,1,2,10,,,goal,,False,1648
"((0, 0), (1, 0), (2, 0), (3, 0), (3, -1), (4, -1), (4, -2), (3, -2), (2, -2), (1, -2))","((0, 0), (1, 0), (2, 0), (3, 0), (3, -1), (4, -1), (4, -2), (3, -2), (2, -2))",1,1,2,9,3,0,expanded,False,,1649
"((0, 0), (1, 0), (2, 0), (3, 0), (3, -1), (4, -1), (4, -2), (3, -2), (2, -2), (2, -3), (3, -3))","((0, 0), (1, 0), (2, 0), (3, 0), (3, -1), (4, -1), (4, -2), (3, -2), (2, -2), (2, -3))",1,0,1,10,,,pruned,,,1650
"((0, 0), (1, 0), (2, 0), (3, 0), (3, -1), (4, -1), (4, -2), (3, -2), (2, -2), (2, -3), (1, -3))","((0, 0), (1, 0), (2, 0), (3, 0), (3, -1), (4, -1), (4, -2), (3, -2), (2, -2), (2, -3))",1,1,2,10,,,goal,,False,1651
"((0, 0), (1, 0), (2, 0), (3, 0), (3, -1), (4, -1), (4, -2), (3, -2), (2, -2), (2, -3), (2, -4))","((0, 0), (1, 0), (2, 0), (3, 0), (3, -1), (4, -1), (4, -2), (3, -2), (2, -2), (2, -3))",1,1,2,10,,,goal,,False,1652
"((0, 0), (1, 0), (2, 0), (3, 0), (3, -1), (4, -1), (4, -2), (3, -2), (2, -2), (2, -3))","((0, 0), (1, 0), (2, 0), (3, 0), (3, -1), (4, -1), (4, -2), (3, -2), (2, -2))",1,1,2,9,3,1,expanded,False,,1653
"((0, 0), (1, 0), (2, 0), (3, 0), (3, -1), (4, -1), (4, -2), (3, -2), (2, -2))","((0, 0), (1, 0), (2, 0), (3, 0), (3, -1), (4, -1), (4, -2), (3, -2))",1,1,2,8,3,0,expanded,False,,1654
"((0, 0), (1, 0), (2, 0), (3, 0), (3, -1), (4, -1), (4, -2), (3, -2), (3, -3), (4, -3), (5, -3))","((0, 0), (1, 0), (2, 0), (3, 0), (3, -1), (4, -1), (4, -2), (3, -2), (3, -3), (4, -3))",1,1,2,10,,,goal,,False,1655
"((0, 0), (1, 0), (2, 0), (3, 0), (3, -1), (4, -1), (4, -2), (3, -2), (3, -3), (4, -3), (4, -4))","((0, 0), (1, 0), (2, 0), (3, 0), (3, -1), (4, -1), (4, -2), (3, -2), (3, -3), (4, -3))",1,1,2,10,,,goal,,False,1656
"((0, 0), (1, 0), (2, 0), (3, 0), (3, -1), (4, -1), (4, -2), (3, -2), (3, -3), (4, -3))","((0, 0), (1, 0), (2, 0), (3, 0), (3, -1), (4, -1), (4, -2), (3, -2), (3, -3))",1,1,2,9,2,0,expanded,False,,1657
"((0, 0), (1, 0), (2, 0), (3, 0), (3, -1), (4, -1), (4, -2), (3, -2), (3, -3), (2, -3), (2, -2))","((0, 0), (1, 0), (2, 0), (3, 0), (3, -1), (4, -1), (4, -2), (3, -2), (3, -3), (2, -3))",1,0,1,10,,,pruned,,,1658
"((0, 0), (1, 0), (2, 0), (3, 0), (3, -1), (4, -1), (4, -2), (3, -2), (3, -3), (2, -3), (1, -3))","((0, 0), (1, 0), (2, 0), (3, 0), (3, -1), (4, -1), (4, -2), (3, -2), (3, -3), (2, -3))",1,1,2,10,,,goal,,False,1659
"((0, 0), (1, 0), (2, 0), (3, 0), (3, -1), (4, -1), (4, -2), (3, -2), (3, -3), (2, -3), (2, -4))","((0, 0), (1, 0), (2, 0), (3, 0), (3, -1), (4, -1), (4, -2), (3, -2), (3, -3), (2, -3))",1,1,2,10,,,goal,,False,1660
"((0, 0), (1, 0), (2, 0), (3, 0), (3, -1), (4, -1), (4, -2), (3, -2), (3, -3), (2, -3))","((0, 0), (1, 0), (2, 0), (3, 0), (3, -1), (4, -1), (4, -2), (3, -2), (3, -3))",1,1,2,9,3,1,expanded,False,,1661
"((0, 0), (1, 0), (2, 0), (3, 0), (3, -1), (4, -1), (4, -2), (3, -2), (3, -3), (3, -4), (4, -4))","((0, 0), (1, 0), (2, 0), (3, 0), (3, -1), (4, -1), (4, -2), (3, -2), (3, -3), (3, -4))",1,1,2,10,,,goal,,False,1662
"((0, 0), (1, 0), (2, 0), (3, 0), (3, -1), (4, -1), (4, -2), (3, -2), (3, -3), (3, -4), (2, -4))","((0, 0), (1, 0), (2, 0), (3, 0), (3, -1), (4, -1), (4, -2), (3, -2), (3, -3), (3, -4))",1,1,2,10,,,goal,,False,1663
"((0, 0), (1, 0), (2, 0), (3, 0), (3, -1), (4, -1), (4, -2), (3, -2), (3, -3), (3, -4), (3, -5))","((0, 0), (1, 0), (2, 0), (3, 0), (3, -1), (4, -1), (4, -2), (3, -2), (3, -3), (3, -4))",1,1,2,10,,,goal,,False,1664
"((0, 0), (1, 0), (2, 0), (3, 0), (3, -1), (4, -1), (4, -2), (3, -2), (3, -3), (3, -4))","((0, 0), (1, 0), (2, 0), (3, 0), (3, -1), (4, -1), (4, -2), (3, -2), (3, -3))",1,1,2,9,3,0,expanded,False,,1665
"((0, 0), (1, 0), (2, 0), (3, 0), (3, -1), (4, -1), (4, -2), (3, -2), (3, -3))","((0, 0), (1, 0), (2, 0), (3, 0), (3, -1), (4, -1), (4, -2), (3, -2))",1,1,2,8,3,0,expanded,False,,1666
"((0, 0), (1, 0), (2, 0), (3, 0), (3, -1), (4, -1), (4, -2), (3, -2))","((0, 0), (1, 0), (2, 0), (3, 0), (3, -1), (4, -1), (4, -2))",1,2,3,7,2,0,expanded,False,,1667
"((0, 0), (1, 0), (2, 0), (3, 0), (3, -1), (4, -1), (4, -2), (5, -2), (6, -2), (7, -2), (8, -2))","((0, 0), (1, 0), (2, 0), (3, 0), (3, -1), (4, -1), (4, -2), (5, -2), (6, -2), (7, -2))",0,2,2,10,,,goal,,False,1668
"((0, 0), (1, 0), (2, 0), (3, 0), (3, -1), (4, -1), (4, -2), (5, -2), (6, -2), (7, -2), (7, -1))","((0, 0), (1, 0), (2, 0), (3, 0), (3, -1), (4, -1), (4, -2), (5, -2), (6, -2), (7, -2))",0,2,2,10,,,goal,,False,1669
"((0, 0), (1, 0), (2, 0), (3, 0), (3, -1), (4, -1), (4, -2), (5, -2), (6, -2), (7, -2), (7, -3))","((0, 0), (1, 0), (2, 0), (3, 0), (3, -1), (4, -1), (4, -2), (5, -2), (6, -2), (7, -2))",0,2,2,10,,,goal,,False,1670
"((0, 0), (1, 0), (2, 0), (3, 0), (3, -1), (4, -1), (4, -2), (5, -2), (6, -2), (7, -2))","((0, 0), (1, 0), (2, 0), (3, 0), (3, -1), (4, -1), (4, -2), (5, -2), (6, -2))",0,2,2,9,3,0,expanded,False,,1671
"((0, 0), (1, 0), (2, 0), (3, 0), (3, -1), (4, -1), (4, -2), (5, -2), (6, -2), (6, -1), (5, -1))","((0, 0), (1, 0), (2, 0), (3, 0), (3, -1), (4, -1), (4, -2), (5, -2), (6, -2), (6, -1))",0,1,1,10,,,pruned,,,1672
"((0, 0), (1, 0), (2, 0), (3, 0), (3, -1), (4, -1), (4, -2), (5, -2), (6, -2), (6, -1), (7, -1))","((0, 0), (1, 0), (2, 0), (3, 0), (3, -1), (4, -1), (4, -2), (5, -2), (6, -2), (6, -1))",0,2,2,10,,,goal,,False,1673
"((0, 0), (1, 0), (2, 0), (3, 0), (3, -1), (4, -1), (4, -2), (5, -2), (6, -2), (6, -1), (6, 0))","((0, 0), (1, 0), (2, 0), (3, 0), (3, -1), (4, -1), (4, -2), (5, -2), (6, -2), (6, -1))",0,2,2,10,,,goal,,False,1674
"((0, 0), (1, 0), (2, 0), (3, 0), (3, -1), (4, -1), (4, -2), (5, -2), (6, -2), (6, -1))","((0, 0), (1, 0), (2, 0), (3, 0), (3, -1), (4, -1), (4, -2), (5, -2), (6, -2))",0,2,2,9,3,1,expanded,False,,1675
"((0, 0), (1, 0), (2, 0), (3, 0), (3, -1), (4, -1), (4, -2), (5, -2), (6, -2), (6, -3), (5, -3))","((0, 0), (1, 0), (2, 0), (3, 0), (3, -1), (4, -1), (4, -2), (5, -2), (6, -2), (6, -3))",0,1,1,10,,,pruned,,,1676
"((0, 0), (1, 0), (2, 0), (3, 0), (3, -1), (4, -1), (4, -2), (5, -2), (6, -2), (6, -3), (7, -3))","((0, 0), (1, 0), (2, 0), (3, 0), (3, -1), (4, -1), (4, -2), (5, -2), (6, -2), (6, -3))",0,2,2,10,,,goal,,False,1677
"((0, 0), (1, 0), (2, 0), (3, 0), (3, -1), (4, -1), (4, -2), (5, -2), (6, -2), (6, -3), (6, -4))","((0, 0), (1, 0), (2, 0), (3, 0), (3, -1), (4, -1), (4, -2), (5, -2), (6, -2), (6, -3))",0,2,2,10,,,goal,,False,1678
"((0, 0), (1, 0), (2, 0), (3, 0), (3, -1), (4, -1), (4, -2), (5, -2), (6, -2), (6, -3))","((0, 0), (1, 0), (2, 0), (3, 0), (3, -1), (4, -1), (4, -2), (5, -2), (6, -2))",0,2,2,9,3,1,expanded,False,,1679
"((0, 0), (1, 0), (2, 0), (3, 0), (3, -1), (4, -1), (4, -2), (5, -2), (6, -2))","((0, 0), (1, 0), (2, 0), (3, 0), (3, -1), (4, -1), (4, -2), (5, -2))",0,2,2,8,3,0,expanded,False,,1680
"((0, 0), (1, 0), (2, 0), (3, 0), (3, -1), (4, -1), (4, -2), (5, -2), (5, -1), (6, -1), (6, -2))","((0, 0), (1, 0), (2, 0), (3, 0), (3, -1), (4, -1), (4, -2), (5, -2), (5, -1), (6, -1))",0,1,1,10,,,pruned,,,1681
"((0, 0), (1, 0), (2, 0), (3, 0), (3, -1), (4, -1), (4, -2), (5, -2), (5, -1), (6, -1), (7, -1))","((0, 0), (1, 0), (2, 0), (3, 0), (3, -1), (4, -1), (4, -2), (5, -2), (5, -1), (6, -1))",0,2,2,10,,,goal,,False,1682
"((0, 0), (1, 0), (2, 0), (3, 0), (3, -1), (4, -1), (4, -2), (5, -2), (5, -1), (6, -1), (6, 0))","((0, 0), (1, 0), (2, 0), (3, 0), (3, -1), (4, -1), (4, -2), (5, -2), (5, -1), (6, -1))",0,2,2,10,,,goal,,False,1683
"((0, 0), (1, 0), (2, 0), (3, 0), (3, -1), (4, -1), (4, -2), (5, -2), (5, -1), (6, -1))","((0, 0), (1, 0), (2, 0), (3, 0), (3, -1), (4, -1), (4, -2), (5, -2), (5, -1))",0,2,2,9,3,1,expanded,False,,1684
"((0, 0), (1, 0), (2, 0), (3, 0), (3, -1), (4, -1), (4, -2), (5, -2), (5, -1), (5, 0), (6, 0))","((0, 0), (1, 0), (2, 0), (3, 0), (3, -1), (4, -1), (4, -2), (5, -2), (5, -1), (5, 0))",0,2,2,10,,,goal,,False,1685
"((0, 0), (1, 0), (2, 0), (3, 0), (3, -1), (4, -1), (4, -2), (5, -2), (5, -1), (5, 0), (4, 0))","((0, 0), (1, 0), (2, 0), (3, 0), (3, -1), (4, -1), (4, -2), (5, -2), (5, -1), (5, 0))",0,2,2,10,,,goal,,False,1686
"((0, 0), (1, 0), (2, 0), (3, 0), (3, -1), (4, -1), (4, -2), (5, -2), (5, -1), (5, 0), (5, 1))","((0, 0), (1, 0), (2, 0), (3, 0), (3, -1), (4, -1), (4, -2), (5, -2), (5, -1), (5, 0))",0,2,2,10,,,goal,,False,1687
"((0, 0), (1, 0), (2, 0), (3, 0), (3, -1), (4, -1), (4, -2), (5, -2), (5, -1), (5, 0))","((0, 0), (1, 0), (2, 0), (3, 0), (3, -1), (4, -1), (4, -2), (5, -2), (5, -1))",0,2,2,9,3,0,expanded,False,,1688
"((0, 0), (1, 0), (2, 0), (3, 0), (3, -1), (4, -1), (4, -2), (5, -2), (5, -1))","((0, 0), (1, 0), (2, 0), (3, 0), (3, -1), (4, -1), (4, -2), (5, -2))",0,2,2,8,2,0,expanded,False,,1689
"((0, 0), (1, 0), (2, 0), (3, 0), (3, -1), (4, -1), (4, -2), (5, -2), (5, -3), (4, -3), (3, -3))","((0, 0), (1, 0), (2, 0), (3, 0), (3, -1), (4, -1), (4, -2), (5, -2), (5, -3), (4, -3))",0,2,2,10,,,goal,,False,1690
"((0, 0), (1, 0), (2, 0), (3, 0), (3, -1), (4, -1), (4, -2), (5, -2), (5, -3), (4, -3), (4, -4))","((0, 0), (1, 0), (2, 0), (3, 0), (3, -1), (4, -1), (4, -2), (5, -2), (5, -3), (4, -3))",0,2,2,10,,,goal,,False,1691
"((0, 0), (1, 0), (2, 0), (3, 0), (3, -1), (4, -1), (4, -2), (5, -2), (5, -3), (4, -3))","((0, 0), (1, 0), (2, 0), (3, 0), (3, -1), (4, -1), (4, -2), (5, -2), (5, -3))",0,2,2,9,2,0,expanded,False,,1692
"((0, 0), (1, 0), (2, 0), (3, 0), (3, -1), (4, -1), (4, -2), (5, -2), (5, -3), (6, -3), (6, -2))","((0, 0), (1, 0), (2, 0), (3, 0), (3, -1), (4, -1), (4, -2), (5, -2), (5, -3), (6, -3))",0,1,1,10,,,pruned,,,1693
"((0, 0), (1, 0), (2, 0), (3, 0), (3, -1), (4, -1), (4, -2), (5, -2), (5, -3), (6, -3), (7, -3))","((0, 0), (1, 0), (2, 0), (3, 0), (3, -1), (4, -1), (4, -2), (5, -2), (5, -3), (6, -3))",0,2,2,10,,,goal,,False,1694
"((0, 0), (1, 0), (2, 0), (3, 0), (3, -1), (4, -1), (4, -2), (5, -2), (5, -3), (6, -3), (6, -4))","((0, 0), (1, 0), (2, 0), (3, 0), (3, -1), (4, -1), (4, -2), (5, -2), (5, -3), (6, -3))",0,2,2,10,,,goal,,False,1695
"((0, 0), (1, 0), (2, 0), (3, 0), (3, -1), (4, -1), (4, -2), (5, -2), (5, -3), (6, -3))","((0, 0), (1, 0), (2, 0), (3, 0), (3, -1), (4, -1), (4, -2), (5, -2), (5, -3))",0,2,2,9,3,1,expanded,False,,1696
"((0, 0), (1, 0), (2, 0), (3, 0), (3, -1), (4, -1), (4, -2), (5, -2), (5, -3), (5, -4), (6, -4))","((0, 0), (1, 0), (2, 0), (3, 0), (3, -1), (4, -1), (4, -2), (5, -2), (5, -3), (5, -4))",0,2,2,10,,,goal,,False,1697
"((0, 0), (1, 0), (2, 0), (3, 0), (3, -1), (4, -1), (4, -2), (5, -2), (5, -3), (5, -4), (4, -4))","((0, 0), (1, 0), (2, 0), (3, 0), (3, -1), (4, -1), (4, -2), (5, -2), (5, -3), (5, -4))",0,2,2,10,,,goal,,False,1698
"((0, 0), (1, 0), (2, 0), (3, 0), (3, -1), (4, -1), (4, -2), (5, -2), (5, -3), (5, -4), (5, -5))","((0, 0), (1, 0), (2, 0), (3, 0), (3, -1), (4, -1), (4, -2), (5, -2), (5, -3), (5, -4))",0,2,2,10,,,goal,,False,1699
"((0, 0), (1, 0), (2, 0), (3, 0), (3, -1), (4, -1), (4, -2), (5, -2), (5, -3), (5, -4))","((0, 0), (1, 0), (2, 0), (3, 0), (3, -1), (4, -1), (4, -2), (5, -2), (5, -3))",0,2,2,9,3,0,expanded,False,,1700
"((0, 0), (1, 0), (2, 0), (3, 0), (3, -1), (4, -1), (4, -2), (5, -2), (5, -3))","((0, 0), (1, 0), (2, 0), (3, 0), (3, -1), (4, -1), (4, -2), (5, -2))",0,2,2,8,3,0,expanded,False,,1701
"((0, 0), (1, 0), (2, 0), (3, 0), (3, -1), (4, -1), (4, -2), (5, -2))","((0, 0), (1, 0), (2, 0), (3, 0), (3, -1), (4, -1), (4, -2))",0,3,3,7,3,0,expanded,False,,1702
"((0, 0), (1, 0), (2, 0), (3, 0), (3, -1), (4, -1), (4, -2), (4, -3), (5, -3), (5, -2), (6, -2))","((0, 0), (1, 0), (2, 0), (3, 0), (3, -1), (4, -1), (4, -2), (4, -3), (5, -3), (5, -2))",0,2,2,10,,,goal,,False,1703
"((0, 0), (1, 0), (2, 0), (3, 0), (3, -1), (4, -1), (4, -2), (4, -3), (5, -3), (5, -2), (5, -1))","((0, 0), (1, 0), (2, 0), (3, 0), (3, -1), (4, -1), (4, -2), (4, -3), (5, -3), (5, -2))",0,2,2,10,,,goal,,False,1704
"((0, 0), (1, 0), (2, 0), (3, 0), (3, -1), (4, -1), (4, -2), (4, -3), (5, -3), (5, -2))","((0, 0), (1, 0), (2, 0), (3, 0), (3, -1), (4, -1), (4, -2), (4, -3), (5, -3))",0,2,2,9,2,0,expanded,False,,1705
"((0, 0), (1, 0), (2, 0), (3, 0), (3, -1), (4, -1), (4, -2), (4, -3), (5, -3), (6, -3), (7, -3))","((0, 0), (1, 0), (2, 0), (3, 0), (3, -1), (4, -1), (4, -2), (4, -3), (5, -3), (6, -3))",0,2,2,10,,,goal,,False,1706
"((0, 0), (1, 0), (2, 0), (3, 0), (3, -1), (4, -1), (4, -2), (4, -3), (5, -3), (6, -3), (6, -2))","((0, 0), (1, 0), (2, 0), (3, 0), (3, -1), (4, -1), (4, -2), (4, -3), (5, -3), (6, -3))",0,2,2,10,,,goal,,False,1707
"((0, 0), (1, 0), (2, 0), (3, 0), (3, -1), (4, -1), (4, -2), (4, -3), (5, -3), (6, -3), (6, -4))","((0, 0), (1, 0), (2, 0), (3, 0), (3, -1), (4, -1), (4, -2), (4, -3), (5, -3), (6, -3))",0,2,2,10,,,goal,,False,1708
"((0, 0), (1, 0), (2, 0), (3, 0), (3, -1), (4, -1), (4, -2), (4, -3), (5, -3), (6, -3))","((0, 0), (1, 0), (2, 0), (3, 0), (3, -1), (4, -1), (4, -2), (4, -3), (5, -3))",0,2,2,9,3,0,expanded,False,,1709
"((0, 0), (1, 0), (2, 0), (3, 0), (3, -1), (4, -1), (4, -2), (4, -3), (5, -3), (5, -4), (4, -4))","((0, 0), (1, 0), (2, 0), (3, 0), (3, -1), (4, -1), (4, -2), (4, -3), (5, -3), (5, -4))",0,1,1,10,,,pruned,,,1710
"((0, 0), (1, 0), (2, 0), (3, 0), (3, -1), (4, -1), (4, -2), (4, -3), (5, -3), (5, -4), (6, -4))","((0, 0), (1, 0), (2, 0), (3, 0), (3, -1), (4, -1), (4, -2), (4, -3), (5, -3), (5, -4))",0,2,2,10,,,goal,,False,1711
"((0, 0), (1, 0), (2, 0), (3, 0), (3, -1), (4, -1), (4, -2), (4, -3), (5, -3), (5, -4), (5, -5))","((0, 0), (1, 0), (2, 0), (3, 0), (3, -1), (4, -1), (4, -2), (4, -3), (5, -3), (5, -4))",0,2,2,10,,,goal,,False,1712
"((0, 0), (1, 0), (2, 0), (3, 0), (3, -1), (4, -1), (4, -2), (4, -3), (5, -3), (5, -4))","((0, 0), (1, 0), (2, 0), (3, 0), (3, -1), (4, -1), (4, -2), (4, -3), (5, -3))",0,2,2,9,3,1,expanded,False,,1713
"((0, 0), (1, 0), (2, 0), (3, 0), (3, -1), (4, -1), (4, -2), (4, -3), (5, -3))","((0, 0), (1, 0), (2, 0), (3, 0), (3, -1), (4, -1), (4, -2), (4, -3))",0,2,2,8,3,0,expanded,False,,1714
"((0, 0), (1, 0), (2, 0), (3, 0), (3, -1), (4, -1), (4, -2), (4, -3), (3, -3), (3, -2), (2, -2))","((0, 0), (1, 0), (2, 0), (3, 0), (3, -1), (4, -1), (4, -2), (4, -3), (3, -3), (3, -2))",0,2,2,10,,,goal,,False,1715
"((0, 0), (1, 0), (2, 0), (3, 0), (3, -1), (4, -1), (4, -2), (4, -3), (3, -3), (3, -2))","((0, 0), (1, 0), (2, 0), (3, 0), (3, -1), (4, -1), (4, -2), (4, -3), (3, -3))",0,2,2,9,1,0,expanded,False,,1716
"((0, 0), (1, 0), (2, 0), (3, 0), (3, -1), (4, -1), (4, -2), (4, -3), (3, -3), (2, -3), (1, -3))","((0, 0), (1, 0), (2, 0), (3, 0), (3, -1), (4, -1), (4, -2), (4, -3), (3, -3), (2, -3))",0,2,2,10,,,goal,,False,1717
"((0, 0), (1, 0), (2, 0), (3, 0), (3, -1), (4, -1), (4, -2), (4, -3), (3, -3), (2, -3), (2, -2))","((0, 0), (1, 0), (2, 0), (3, 0), (3, -1), (4, -1), (4, -2), (4, -3), (3, -3), (2, -3))",0,2,2,10,,,goal,,False,1718
"((0, 0), (1, 0), (2, 0), (3, 0), (3, -1), (4, -1), (4, -2), (4, -3), (3, -3), (2, -3), (2, -4))","((0, 0), (1, 0), (2, 0), (3, 0), (3, -1), (4, -1), (4, -2), (4, -3), (3, -3), (2, -3))",0,2,2,10,,,goal,,False,1719
"((0, 0), (1, 0), (2, 0), (3, 0), (3, -1), (4, -1), (4, -2), (4, -3), (3, -3), (2, -3))","((0, 0), (1, 0), (2, 0), (3, 0), (3, -1), (4, -1), (4, -2), (4, -3), (3, -3))",0,2,2,9,3,0,expanded,False,,1720
"((0, 0), (1, 0), (2, 0), (3, 0), (3, -1), (4, -1), (4, -2), (4, -3), (3, -3), (3, -4), (4, -4))","((0, 0), (1, 0), (2, 0), (3, 0), (3, -1), (4, -1), (4, -2), (4, -3), (3, -3), (3, -4))",0,1,1,10,,,pruned,,,1721
"((0, 0), (1, 0), (2, 0), (3, 0), (3, -1), (4, -1), (4, -2), (4, -3), (3, -3), (3, -4), (2, -4))","((0, 0), (1, 0), (2, 0), (3, 0), (3, -1), (4, -1), (4, -2), (4, -3), (3, -3), (3, -4))",0,2,2,10,,,goal,,False,1722
"((0, 0), (1, 0), (2, 0), (3, 0), (3, -1), (4, -1), (4, -2), (4, -3), (3, -3), (3, -4), (3, -5))","((0, 0), (1, 0), (2, 0), (3, 0), (3, -1), (4, -1), (4, -2), (4, -3), (3, -3), (3, -4))",0,2,2,10,,,goal,,False,1723
"((0, 0), (1, 0), (2, 0), (3, 0), (3, -1), (4, -1), (4, -2), (4, -3), (3, -3), (3, -4))","((0, 0), (1, 0), (2, 0), (3, 0), (3, -1), (4, -1), (4, -2), (4, -3), (3, -3))",0,2,2,9,3,1,expanded,False,,1724
"((0, 0), (1, 0), (2, 0), (3, 0), (3, -1), (4, -1), (4, -2), (4, -3), (3, -3))","((0, 0), (1, 0), (2, 0), (3, 0), (3, -1), (4, -1), (4, -2), (4, -3))",0,2,2,8,3,0,expanded,False,,1725
"((0, 0), (1, 0), (2, 0), (3, 0), (3, -1), (4, -1), (4, -2), (4, -3), (4, -4), (5, -4), (5, -3))","((0, 0), (1, 0), (2, 0), (3, 0), (3, -1), (4, -1), (4, -2), (4, -3), (4, -4), (5, -4))",0,1,1,10,,,pruned,,,1726
"((0, 0), (1, 0), (2, 0), (3, 0), (3, -1), (4, -1), (4, -2), (4, -3), (4, -4), (5, -4), (6, -4))","((0, 0), (1, 0), (2, 0), (3, 0), (3, -1), (4, -1), (4, -2), (4, -3), (4, -4), (5, -4))",0,2,2,10,,,goal,,False,1727
"((0, 0), (1, 0), (2, 0), (3, 0), (3, -1), (4, -1), (4, -2), (4, -3), (4, -4), (5, -4), (5, -5))","((0, 0), (1, 0), (2, 0), (3, 0), (3, -1), (4, -1), (4, -2), (4, -3), (4, -4), (5, -4))",0,2,2,10,,,goal,,False,1728
"((0, 0), (1, 0), (2, 0), (3, 0), (3, -1), (4, -1), (4, -2), (4, -3), (4, -4), (5, -4))","((0, 0), (1, 0), (2, 0), (3, 0), (3, -1), (4, -1), (4, -2), (4, -3), (4, -4))",0,2,2,9,3,1,expanded,False,,1729
"((0, 0), (1, 0), (2, 0), (3, 0), (3, -1), (4, -1), (4, -2), (4, -3), (4, -4), (3, -4), (3, -3))","((0, 0), (1, 0), (2, 0), (3, 0), (3, -1), (4, -1), (4, -2), (4, -3), (4, -4), (3, -4))",0,1,1,10,,,pruned,,,1730
"((0, 0), (1, 0), (2, 0), (3, 0), (3, -1), (4, -1), (4, -2), (4, -3), (4, -4), (3, -4), (2, -4))","((0, 0), (1, 0), (2, 0), (3, 0), (3, -1), (4, -1), (4, -2), (4, -3), (4, -4), (3, -4))",0,2,2,10,,,goal,,False,1731
"((0, 0), (1, 0), (2, 0), (3, 0), (3, -1), (4, -1), (4, -2), (4, -3), (4, -4), (3, -4), (3, -5))","((0, 0), (1, 0), (2, 0), (3, 0), (3, -1), (4, -1), (4, -2), (4, -3), (4, -4), (3, -4))",0,2,2,10,,,goal,,False,1732
"((0, 0), (1, 0), (2, 0), (3, 0), (3, -1), (4, -1), (4, -2), (4, -3), (4, -4), (3, -4))","((0, 0), (1, 0), (2, 0), (3, 0), (3, -1), (4, -1), (4, -2), (4, -3), (4, -4))",0,2,2,9,3,1,expanded,False,,1733
"((0, 0), (1, 0), (2, 0), (3, 0), (3, -1), (4, -1), (4, -2), (4, -3), (4, -4), (4, -5), (5, -5))","((0, 0), (1, 0), (2, 0), (3, 0), (3, -1), (4, -1), (4, -2), (4, -3), (4, -4), (4, -5))",0,2,2,10,,,goal,,False,1734
"((0, 0), (1, 0), (2, 0), (3, 0), (3, -1), (4, -1), (4, -2), (4, -3), (4, -4), (4, -5), (3, -5))","((0, 0), (1, 0), (2, 0), (3, 0), (3, -1), (4, -1), (4, -2), (4, -3), (4, -4), (4, -5))",0,2,2,10,,,goal,,False,1735
"((0, 0), (1, 0), (2, 0), (3, 0), (3, -1), (4, -1), (4, -2), (4, -3), (4, -4), (4, -5), (4, -6))","((0, 0), (1, 0), (2, 0), (3, 0), (3, -1), (4, -1), (4, -2), (4, -3), (4, -4), (4, -5))",0,2,2,10,,,goal,,False,1736
"((0, 0), (1, 0), (2, 0), (3, 0), (3, -1), (4, -1), (4, -2), (4, -3), (4, -4), (4, -5))","((0, 0), (1, 0), (2, 0), (3, 0), (3, -1), (4, -1), (4, -2), (4, -3), (4, -4))",0,2,2,9,3,0,expanded,False,,1737
"((0, 0), (1, 0), (2, 0), (3, 0), (3, -1), (4, -1), (4, -2), (4, -3), (4, -4))","((0, 0), (1, 0), (2, 0), (3, 0), (3, -1), (4, -1), (4, -2), (4, -3))",0,2,2,8,3,0,expanded,False,,1738
"((0, 0), (1, 0), (2, 0), (3, 0), (3, -1), (4, -1), (4, -2), (4, -3))","((0, 0), (1, 0), (2, 0), (3, 0), (3, -1), (4, -1), (4, -2))",0,3,3,7,3,0,expanded,False,,1739
"((0, 0), (1, 0), (2, 0), (3, 0), (3, -1), (4, -1), (4, -2))","((0, 0), (1, 0), (2, 0), (3, 0), (3, -1), (4, -1))",0,2,2,6,3,0,expanded,False,,1740
"((0, 0), (1, 0), (2, 0), (3, 0), (3, -1), (4, -1))","((0, 0), (1, 0), (2, 0), (3, 0), (3, -1))",0,2,2,5,3,0,expanded,False,,1741
"((0, 0), (1, 0), (2, 0), (3, 0), (3, -1), (2, -1), (1, -1), (0, -1), (-1, -1), (-1, 0), (-2, 0))","((0, 0), (1, 0), (2, 0), (3, 0), (3, -1), (2, -1), (1, -1), (0, -1), (-1, -1), (-1, 0))",1,1,2,10,,,goal,,False,1742
"((0, 0), (1, 0), (2, 0), (3, 0), (3, -1), (2, -1), (1, -1), (0, -1), (-1, -1), (-1, 0), (-1, 1))","((0, 0), (1, 0), (2, 0), (3, 0), (3, -1), (2, -1), (1, -1), (0, -1), (-1, -1), (-1, 0))",1,1,2,10,,,goal,,False,1743
"((0, 0), (1, 0), (2, 0), (3, 0), (3, -1), (2, -1), (1, -1), (0, -1), (-1, -1), (-1, 0))","((0, 0), (1, 0), (2, 0), (3, 0), (3, -1), (2, -1), (1, -1), (0, -1), (-1, -1))",1,1,2,9,2,0,expanded,False,,1744
"((0, 0), (1, 0), (2, 0), (3, 0), (3, -1), (2, -1), (1, -1), (0, -1), (-1, -1), (-2, -1), (-3, -1))","((0, 0), (1, 0), (2, 0), (3, 0), (3, -1), (2, -1), (1, -1), (0, -1), (-1, -1), (-2, -1))",1,1,2,10,,,goal,,False,1745
"((0, 0), (1, 0), (2, 0), (3, 0), (3, -1), (2, -1), (1, -1), (0, -1), (-1, -1), (-2, -1), (-2, 0))","((0, 0), (1, 0), (2, 0), (3, 0), (3, -1), (2, -1), (1, -1), (0, -1), (-1, -1), (-2, -1))",1,1,2,10,,,goal,,False,1746
"((0, 0), (1, 0), (2, 0), (3, 0), (3, -1), (2, -1), (1, -1), (0, -1), (-1, -1), (-2, -1), (-2, -2))","((0, 0), (1, 0), (2, 0), (3, 0), (3, -1), (2, -1), (1, -1), (0, -1), (-1, -1), (-2, -1))",1,1,2,10,,,goal,,False,1747
"((0, 0), (1, 0), (2, 0), (3, 0), (3, -1), (2, -1), (1, -1), (0, -1), (-1, -1), (-2, -1))","((0, 0), (1, 0), (2, 0), (3, 0), (3, -1), (2, -1), (1, -1), (0, -1), (-1, -1))",1,1,2,9,3,0,expanded,False,,1748
"((0, 0), (1, 0), (2, 0), (3, 0), (3, -1), (2, -1), (1, -1), (0, -1), (-1, -1), (-1, -2), (0, -2))","((0, 0), (1, 0), (2, 0), (3, 0), (3, -1), (2, -1), (1, -1), (0, -1), (-1, -1), (-1, -2))",1,0,1,10,,,pruned,,,1749
"((0, 0), (1, 0), (2, 0), (3, 0), (3, -1), (2, -1), (1, -1), (0, -1), (-1, -1), (-1, -2), (-2, -2))","((0, 0), (1, 0), (2, 0), (3, 0), (3, -1), (2, -1), (1, -1), (0, -1), (-1, -1), (-1, -2))",1,1,2,10,,,goal,,False,1750
"((0, 0), (1, 0), (2, 0), (3, 0), (3, -1), (2, -1), (1, -1), (0, -1), (-1, -1), (-1, -2), (-1, -3))","((0, 0), (1, 0), (2, 0), (3, 0), (3, -1), (2, -1), (1, -1), (0, -1), (-1, -1), (-1, -2))",1,1,2,10,,,goal,,False,1751
"((0, 0), (1, 0), (2, 0), (3, 0), (3, -1), (2, -1), (1, -1), (0, -1), (-1, -1), (-1, -2))","((0, 0), (1, 0), (2, 0), (3, 0), (3, -1), (2, -1), (1, -1), (0, -1), (-1, -1))",1,1,2,9,3,1,expanded,False,,1752
"((0, 0), (1, 0), (2, 0), (3, 0), (3, -1), (2, -1), (1, -1), (0, -1), (-1, -1))","((0, 0), (1, 0), (2, 0), (3, 0), (3, -1), (2, -1), (1, -1), (0, -1))",1,1,2,8,3,0,expanded,False,,1753
"((0, 0), (1, 0), (2, 0), (3, 0), (3, -1), (2, -1), (1, -1), (0, -1), (0, -2), (1, -2), (2, -2))","((0, 0), (1, 0), (2, 0), (3, 0), (3, -1), (2, -1), (1, -1), (0, -1), (0, -2), (1, -2))",1,1,2,10,,,goal,,False,1754
"((0, 0), (1, 0), (2, 0), (3, 0), (3, -1), (2, -1), (1, -1), (0, -1), (0, -2), (1, -2), (1, -3))","((0, 0), (1, 0), (2, 0), (3, 0), (3, -1), (2, -1), (1, -1), (0, -1), (0, -2), (1, -2))",1,1,2,10,,,goal,,False,1755
"((0, 0), (1, 0), (2, 0), (3, 0), (3, -1), (2, -1), (1, -1), (0, -1), (0, -2), (1, -2))","((0, 0), (1, 0), (2, 0), (3, 0), (3, -1), (2, -1), (1, -1), (0, -1), (0, -2))",1,1,2,9,2,0,expanded,False,,1756
"((0, 0), (1, 0), (2, 0), (3, 0), (3, -1), (2, -1), (1, -1), (0, -1), (0, -2), (-1, -2), (-1, -1))","((0, 0), (1, 0), (2, 0), (3, 0), (3, -1), (2, -1), (1, -1), (0, -1), (0, -2), (-1, -2))",1,0,1,10,,,pruned,,,1757
"((0, 0), (1, 0), (2, 0), (3, 0), (3, -1), (2, -1), (1, -1), (0, -1), (0, -2), (-1, -2), (-2, -2))","((0, 0), (1, 0), (2, 0), (3, 0), (3, -1), (2, -1), (1, -1), (0, -1), (0, -2), (-1, -2))",1,1,2,10,,,goal,,False,1758
"((0, 0), (1, 0), (2, 0), (3, 0), (3, -1), (2, -1), (1, -1), (0, -1), (0, -2), (-1, -2), (-1, -3))","((0, 0), (1, 0), (2, 0), (3, 0), (3, -1), (2, -1), (1, -1), (0, -1), (0, -2), (-1, -2))",1,1,2,10,,,goal,,False,1759
"((0, 0), (1, 0), (2, 0), (3, 0), (3, -1), (2, -1), (1, -1), (0, -1), (0, -2), (-1, -2))","((0, 0), (1, 0), (2, 0), (3, 0), (3, -1), (2, -1), (1, -1), (0, -1), (0, -2))",1,1,2,9,3,1,expanded,False,,1760
"((0, 0), (1, 0), (2, 0), (3, 0), (3, -1), (2, -1), (1, -1), (0, -1), (0, -2), (0, -3), (1, -3))","((0, 0), (1, 0), (2, 0), (3, 0), (3, -1), (2, -1), (1, -1), (0, -1), (0, -2), (0, -3))",1,1,2,10,,,goal,,False,1761
"((0, 0), (1, 0), (2, 0), (3, 0), (3, -1), (2, -1), (1, -1), (0, -1), (0, -2), (0, -3), (-1, -3))","((0, 0), (1, 0), (2, 0), (3, 0), (3, -1), (2, -1), (1, -1), (0, -1), (0, -2), (0, -3))",1,1,2,10,,,goal,,False,1762
"((0, 0), (1, 0), (2, 0), (3, 0), (3, -1), (2, -1), (1, -1), (0, -1), (0, -2), (0, -3), (0, -4))","((0, 0), (1, 0), (2, 0), (3, 0), (3, -1), (2, -1), (1, -1), (0, -1), (0, -2), (0, -3))",1,1,2,10,,,goal,,False,1763
"((0, 0), (1, 0), (2, 0), (3, 0), (3, -1), (2, -1), (1, -1), (0, -1), (0, -2), (0, -3))","((0, 0), (1, 0), (2, 0), (3, 0), (3, -1), (2, -1), (1, -1), (0, -1), (0, -2))",1,1,2,9,3,0,expanded,False,,1764
"((0, 0), (1, 0), (2, 0), (3, 0), (3, -1), (2, -1), (1, -1), (0, -1), (0, -2))","((0, 0), (1, 0), (2, 0), (3, 0), (3, -1), (2, -1), (1, -1), (0, -1))",1,1,2,8,3,0,expanded,False,,1765
"((0, 0), (1, 0), (2, 0), (3, 0), (3, -1), (2, -1), (1, -1), (0, -1))","((0, 0), (1, 0), (2, 0), (3, 0), (3, -1), (2, -1), (1, -1))",1,2,3,7,2,0,expanded,False,,1766
"((0, 0), (1, 0), (2, 0), (3, 0), (3, -1), (2, -1), (1, -1), (1, -2), (2, -2), (3, -2), (4, -2))","((0, 0), (1, 0), (2, 0), (3, 0), (3, -1), (2, -1), (1, -1), (1, -2), (2, -2), (3, -2))",0,2,2,10,,,goal,,False,1767
"((0, 0), (1, 0), (2, 0), (3, 0), (3, -1), (2, -1), (1, -1), (1, -2), (2, -2), (3, -2), (3, -3))","((0, 0), (1, 0), (2, 0), (3, 0), (3, -1), (2, -1), (1, -1), (1, -2), (2, -2), (3, -2))",0,2,2,10,,,goal,,False,1768
"((0, 0), (1, 0), (2, 0), (3, 0), (3, -1), (2, -1), (1, -1), (1, -2), (2, -2), (3, -2))","((0, 0), (1, 0), (2, 0), (3, 0), (3, -1), (2, -1), (1, -1), (1, -2), (2, -2))",0,2,2,9,2,0,expanded,False,,1769
"((0, 0), (1, 0), (2, 0), (3, 0), (3, -1), (2, -1), (1, -1), (1, -2), (2, -2), (2, -3), (1, -3))","((0, 0), (1, 0), (2, 0), (3, 0), (3, -1), (2, -1), (1, -1), (1, -2), (2, -2), (2, -3))",0,1,1,10,,,pruned,,,1770
"((0, 0), (1, 0), (2, 0), (3, 0), (3, -1), (2, -1), (1, -1), (1, -2), (2, -2), (2, -3), (3, -3))","((0, 0), (1, 0), (2, 0), (3, 0), (3, -1), (2, -1), (1, -1), (1, -2), (2, -2), (2, -3))",0,2,2,10,,,goal,,False,1771
"((0, 0), (1, 0), (2, 0), (3, 0), (3, -1), (2, -1), (1, -1), (1, -2), (2, -2), (2, -3), (2, -4))","((0, 0), (1, 0), (2, 0), (3, 0), (3, -1), (2, -1), (1, -1), (1, -2), (2, -2), (2, -3))",0,2,2,10,,,goal,,False,1772
"((0, 0), (1, 0), (2, 0), (3, 0), (3, -1), (2, -1), (1, -1), (1, -2), (2, -2), (2, -3))","((0, 0), (1, 0), (2, 0), (3, 0), (3, -1), (2, -1), (1, -1), (1, -2), (2, -2))",0,2,2,9,3,1,expanded,False,,1773
"((0, 0), (1, 0), (2, 0), (3, 0), (3, -1), (2, -1), (1, -1), (1, -2), (2, -2))","((0, 0), (1, 0), (2, 0), (3, 0), (3, -1), (2, -1), (1, -1), (1, -2))",0,2,2,8,2,0,expanded,False,,1774
"((0, 0), (1, 0), (2, 0), (3, 0), (3, -1), (2, -1), (1, -1), (1, -2), (0, -2), (0, -1), (-1, -1))","((0, 0), (1, 0), (2, 0), (3, 0), (3, -1), (2, -1), (1, -1), (1, -2), (0, -2), (0, -1))",0,2,2,10,,,goal,,False,1775
"((0, 0), (1, 0), (2, 0), (3, 0), (3, -1), (2, -1), (1, -1), (1, -2), (0, -2), (0, -1))","((0, 0), (1, 0), (2, 0), (3, 0), (3, -1), (2, -1), (1, -1), (1, -2), (0, -2))",0,2,2,9,1,0,expanded,False,,1776
"((0, 0), (1, 0), (2, 0), (3, 0), (3, -1), (2, -1), (1, -1), (1, -2), (0, -2), (-1, -2), (-2, -2))","((0, 0), (1, 0), (2, 0), (3, 0), (3, -1), (2, -1), (1, -1), (1, -2), (0, -2), (-1, -2))",0,2,2,10,,,goal,,False,1777
"((0, 0), (1, 0), (2, 0), (3, 0), (3, -1), (2, -1), (1, -1), (1, -2), (0, -2), (-1, -2), (-1, -1))","((0, 0), (1, 0), (2, 0), (3, 0), (3, -1), (2, -1), (1, -1), (1, -2), (0, -2), (-1, -2))",0,2,2,10,,,goal,,False,1778
"((0, 0), (1, 0), (2, 0), (3, 0), (3, -1), (2, -1), (1, -1), (1, -2), (0, -2), (-1, -2), (-1, -3))","((0, 0), (1, 0), (2, 0), (3, 0), (3, -1), (2, -1), (1, -1), (1, -2), (0, -2), (-1, -2))",0,2,2,10,,,goal,,False,1779
"((0, 0), (1, 0), (2, 0), (3, 0), (3, -1), (2, -1), (1, -1), (1, -2), (0, -2), (-1, -2))","((0, 0), (1, 0), (2, 0), (3, 0), (3, -1), (2, -1), (1, -1), (1, -2), (0, -2))",0,2,2,9,3,0,expanded,False,,1780
"((0, 0), (1, 0), (2, 0), (3, 0), (3, -1), (2, -1), (1, -1), (1, -2), (0, -2), (0, -3), (1, -3))","((0, 0), (1, 0), (2, 0), (3, 0), (3, -1), (2, -1), (1, -1), (1, -2), (0, -2), (0, -3))",0,1,1,10,,,pruned,,,1781
"((0, 0), (1, 0), (2, 0), (3, 0), (3, -1), (2, -1), (1, -1), (1, -2), (0, -2), (0, -3), (-1, -3))","((0, 0), (1, 0), (2, 0), (3, 0), (3, -1), (2, -1), (1, -1), (1, -2), (0, -2), (0, -3))",0,2,2,10,,,goal,,False,1782
"((0, 0), (1, 0), (2, 0), (3, 0), (3, -1), (2, -1), (1, -1), (1, -2), (0, -2), (0, -3), (0, -4))","((0, 0), (1, 0), (2, 0), (3, 0), (3, -1), (2, -1), (1, -1), (1, -2), (0, -2), (0, -3))",0,2,2,10,,,goal,,False,1783
"((0, 0), (1, 0), (2, 0), (3, 0), (3, -1), (2, -1), (1, -1), (1, -2), (0, -2), (0, -3))","((0, 0), (1, 0), (2, 0), (3, 0), (3, -1), (2, -1), (1, -1), (1, -2), (0, -2))",0,2,2,9,3,1,expanded,False,,1784
"((0, 0), (1, 0), (2, 0), (3, 0), (3, -1), (2, -1), (1, -1), (1, -2), (0, -2))","((0, 0), (1, 0), (2, 0), (3, 0), (3, -1), (2, -1), (1, -1), (1, -2))",0,2,2,8,3,0,expanded,False,,1785
"((0, 0), (1, 0), (2, 0), (3, 0), (3, -1), (2, -1), (1, -1), (1, -2), (1, -3), (2, -3), (2, -2))","((0, 0), (1, 0), (2, 0), (3, 0), (3, -1), (2, -1), (1, -1), (1, -2), (1, -3), (2, -3))",0,1,1,10,,,pruned,,,1786
"((0, 0), (1, 0), (2, 0), (3, 0), (3, -1), (2, -1), (1, -1), (1, -2), (1, -3), (2, -3), (3, -3))","((0, 0), (1, 0), (2, 0), (3, 0), (3, -1), (2, -1), (1, -1), (1, -2), (1, -3), (2, -3))",0,2,2,10,,,goal,,False,1787
"((0, 0), (1, 0), (2, 0), (3, 0), (3, -1), (2, -1), (1, -1), (1, -2), (1, -3), (2, -3), (2, -4))","((0, 0), (1, 0), (2, 0), (3, 0), (3, -1), (2, -1), (1, -1), (1, -2), (1, -3), (2, -3))",0,2,2,10,,,goal,,False,1788
"((0, 0), (1, 0), (2, 0), (3, 0), (3, -1), (2, -1), (1, -1), (1, -2), (1, -3), (2, -3))","((0, 0), (1, 0), (2, 0), (3, 0), (3, -1), (2, -1), (1, -1), (1, -2), (1, -3))",0,2,2,9,3,1,expanded,False,,1789
"((0, 0), (1, 0), (2, 0), (3, 0), (3, -1), (2, -1), (1, -1), (1, -2), (1, -3), (0, -3), (0, -2))","((0, 0), (1, 0), (2, 0), (3, 0), (3, -1), (2, -1), (1, -1), (1, -2), (1, -3), (0, -3))",0,1,1,10,,,pruned,,,1790
"((0, 0), (1, 0), (2, 0), (3, 0), (3, -1), (2, -1), (1, -1), (1, -2), (1, -3), (0, -3), (-1, -3))","((0, 0), (1, 0), (2, 0), (3, 0), (3, -1), (2, -1), (1, -1), (1, -2), (1, -3), (0, -3))",0,2,2,10,,,goal,,False,1791
"((0, 0), (1, 0), (2, 0), (3, 0), (3, -1), (2, -1), (1, -1), (1, -2), (1, -3), (0, -3), (0, -4))","((0, 0), (1, 0), (2, 0), (3, 0), (3, -1), (2, -1), (1, -1), (1, -2), (1, -3), (0, -3))",0,2,2,10,,,goal,,False,1792
"((0, 0), (1, 0), (2, 0), (3, 0), (3, -1), (2, -1), (1, -1), (1, -2), (1, -3), (0, -3))","((0, 0), (1, 0), (2, 0), (3, 0), (3, -1), (2, -1), (1, -1), (1, -2), (1, -3))",0,2,2,9,3,1,expanded,False,,1793
"((0, 0), (1, 0), (2, 0), (3, 0), (3, -1), (2, -1), (1, -1), (1, -2), (1, -3), (1, -4), (2, -4))","((0, 0), (1, 0), (2, 0), (3, 0), (3, -1), (2, -1), (1, -1), (1, -2), (1, -3), (1, -4))",0,2,2,10,,,goal,,False,1794
"((0, 0), (1, 0), (2, 0), (3, 0), (3, -1), (2, -1), (1, -1), (1, -2), (1, -3), (1, -4), (0, -4))","((0, 0), (1, 0), (2, 0), (3, 0), (3, -1), (2, -1), (1, -1), (1, -2), (1, -3), (1, -4))",0,2,2,10,,,goal,,False,1795
"((0, 0), (1, 0), (2, 0), (3, 0), (3, -1), (2, -1), (1, -1), (1, -2), (1, -3), (1, -4), (1, -5))","((0, 0), (1, 0), (2, 0), (3, 0), (3, -1), (2, -1), (1, -1), (1, -2), (1, -3), (1, -4))",0,2,2,10,,,goal,,False,1796
"((0, 0), (1, 0), (2, 0), (3, 0), (3, -1), (2, -1), (1, -1), (1, -2), (1, -3), (1, -4))","((0, 0), (1, 0), (2, 0), (3, 0), (3, -1), (2, -1), (1, -1), (1, -2), (1, -3))",0,2,2,9,3,0,expanded,False,,1797
"((0, 0), (1, 0), (2, 0), (3, 0), (3, -1), (2, -1), (1, -1), (1, -2), (1, -3))","((0, 0), (1, 0), (2, 0), (3, 0), (3, -1), (2, -1), (1, -1), (1, -2))",0,2,2,8,3,0,expanded,False,,1798
"((0, 0), (1, 0), (2, 0), (3, 0), (3, -1), (2, -1), (1, -1), (1, -2))","((0, 0), (1, 0), (2, 0), (3, 0), (3, -1), (2, -1), (1, -1))",0,3,3,7,3,0,expanded,False,,1799
"((0, 0), (1, 0), (2, 0), (3, 0), (3, -1), (2, -1), (1, -1))","((0, 0), (1, 0), (2, 0), (3, 0), (3, -1), (2, -1))",0,2,2,6,2,0,expanded,False,,1800
"((0, 0), (1, 0), (2, 0), (3, 0), (3, -1), (2, -1), (2, -2), (3, -2), (4, -2), (4, -1), (5, -1))","((0, 0), (1, 0), (2, 0), (3, 0), (3, -1), (2, -1), (2, -2), (3, -2), (4, -2), (4, -1))",1,1,2,10,,,goal,,False,1801
"((0, 0), (1, 0), (2, 0), (3, 0), (3, -1), (2, -1), (2, -2), (3, -2), (4, -2), (4, -1), (4, 0))","((0, 0), (1, 0), (2, 0), (3, 0), (3, -1), (2, -1), (2, -2), (3, -2), (4, -2), (4, -1))",1,1,2,10,,,goal,,False,1802
"((0, 0), (1, 0), (2, 0), (3, 0), (3, -1), (2, -1), (2, -2), (3, -2), (4, -2), (4, -1))","((0, 0), (1, 0), (2, 0), (3, 0), (3, -1), (2, -1), (2, -2), (3, -2), (4, -2))",1,1,2,9,2,0,expanded,False,,1803
"((0, 0), (1, 0), (2, 0), (3, 0), (3, -1), (2, -1), (2, -2), (3, -2), (4, -2), (5, -2), (6, -2))","((0, 0), (1, 0), (2, 0), (3, 0), (3, -1), (2, -1), (2, -2), (3, -2), (4, -2), (5, -2))",1,1,2,10,,,goal,,False,1804
"((0, 0), (1, 0), (2, 0), (3, 0), (3, -1), (2, -1), (2, -2), (3, -2), (4, -2), (5, -2), (5, -1))","((0, 0), (1, 0), (2, 0), (3, 0), (3, -1), (2, -1), (2, -2), (3, -2), (4, -2), (5, -2))",1,1,2,10,,,goal,,False,1805
"((0, 0), (1, 0), (2, 0), (3, 0), (3, -1), (2, -1), (2, -2), (3, -2), (4, -2), (5, -2), (5, -3))","((0, 0), (1, 0), (2, 0), (3, 0), (3, -1), (2, -1), (2, -2), (3, -2), (4, -2), (5, -2))",1,1,2,10,,,goal,,False,1806
"((0, 0), (1, 0), (2, 0), (3, 0), (3, -1), (2, -1), (2, -2), (3, -2), (4, -2), (5, -2))","((0, 0), (1, 0), (2, 0), (3, 0), (3, -1), (2, -1), (2, -2), (3, -2), (4, -2))",1,1,2,9,3,0,expanded,False,,1807
"((0, 0), (1, 0), (2, 0), (3, 0), (3, -1), (2, -1), (2, -2), (3, -2), (4, -2), (4, -3), (3, -3))","((0, 0), (1, 0), (2, 0), (3, 0), (3, -1), (2, -1), (2, -2), (3, -2), (4, -2), (4, -3))",1,0,1,10,,,pruned,,,1808
"((0, 0), (1, 0), (2, 0), (3, 0), (3, -1), (2, -1), (2, -2), (3, -2), (4, -2), (4, -3), (5, -3))","((0, 0), (1, 0), (2, 0), (3, 0), (3, -1), (2, -1), (2, -2), (3, -2), (4, -2), (4, -3))",1,1,2,10,,,goal,,False,1809
"((0, 0), (1, 0), (2, 0), (3, 0), (3, -1), (2, -1), (2, -2), (3, -2), (4, -2), (4, -3), (4, -4))","((0, 0), (1, 0), (2, 0), (3, 0), (3, -1), (2, -1), (2, -2), (3, -2), (4, -2), (4, -3))",1,1,2,10,,,goal,,False,1810
"((0, 0), (1, 0), (2, 0), (3, 0), (3, -1), (2, -1), (2, -2), (3, -2), (4, -2), (4, -3))","((0, 0), (1, 0), (2, 0), (3, 0), (3, -1), (2, -1), (2, -2), (3, -2), (4, -2))",1,1,2,9,3,1,expanded,False,,1811
"((0, 0), (1, 0), (2, 0), (3, 0), (3, -1), (2, -1), (2, -2), (3, -2), (4, -2))","((0, 0), (1, 0), (2, 0), (3, 0), (3, -1), (2, -1), (2, -2), (3, -2))",1,1,2,8,3,0,expanded,False,,1812
"((0, 0), (1, 0), (2, 0), (3, 0), (3, -1), (2, -1), (2, -2), (3, -2), (3, -3), (2, -3), (1, -3))","((0, 0), (1, 0), (2, 0), (3, 0), (3, -1), (2, -1), (2, -2), (3, -2), (3, -3), (2, -3))",1,1,2,10,,,goal,,False,1813
"((0, 0), (1, 0), (2, 0), (3, 0), (3, -1), (2, -1), (2, -2), (3, -2), (3, -3), (2, -3), (2, -4))","((0, 0), (1, 0), (2, 0), (3, 0), (3, -1), (2, -1), (2, -2), (3, -2), (3, -3), (2, -3))",1,1,2,10,,,goal,,False,1814
"((0, 0), (1, 0), (2, 0), (3, 0), (3, -1), (2, -1), (2, -2), (3, -2), (3, -3), (2, -3))","((0, 0), (1, 0), (2, 0), (3, 0), (3, -1), (2, -1), (2, -2), (3, -2), (3, -3))",1,1,2,9,2,0,expanded,False,,1815
"((0, 0), (1, 0), (2, 0), (3, 0), (3, -1), (2, -1), (2, -2), (3, -2), (3, -3), (4, -3), (4, -2))","((0, 0), (1, 0), (2, 0), (3, 0), (3, -1), (2, -1), (2, -2), (3, -2), (3, -3), (4, -3))",1,0,1,10,,,pruned,,,1816
"((0, 0), (1, 0), (2, 0), (3, 0), (3, -1), (2, -1), (2, -2), (3, -2), (3, -3), (4, -3), (5, -3))","((0, 0), (1, 0), (2, 0), (3, 0), (3, -1), (2, -1), (2, -2), (3, -2), (3, -3), (4, -3))",1,1,2,10,,,goal,,False,1817
"((0, 0), (1, 0), (2, 0), (3, 0), (3, -1), (2, -1), (2, -2), (3, -2), (3, -3), (4, -3), (4, -4))","((0, 0), (1, 0), (2, 0), (3, 0), (3, -1), (2, -1), (2, -2), (3, -2), (3, -3), (4, -3))",1,1,2,10,,,goal,,False,1818
"((0, 0), (1, 0), (2, 0), (3, 0), (3, -1), (2, -1), (2, -2), (3, -2), (3, -3), (4, -3))","((0, 0), (1, 0), (2, 0), (3, 0), (3, -1), (2, -1), (2, -2), (3, -2), (3, -3))",1,1,2,9,3,1,expanded,False,,1819
"((0, 0), (1, 0), (2, 0), (3, 0), (3, -1), (2, -1), (2, -2), (3, -2), (3, -3), (3, -4), (4, -4))","((0, 0), (1, 0), (2, 0), (3, 0), (3, -1), (2, -1), (2, -2), (3, -2), (3, -3), (3, -4))",1,1,2,10,,,goal,,False,1820
"((0, 0), (1, 0), (2, 0), (3, 0), (3, -1), (2, -1), (2, -2), (3, -2), (3, -3), (3, -4), (2, -4))","((0, 0), (1, 0), (2, 0), (3, 0), (3, -1), (2, -1), (2, -2), (3, -2), (3, -3), (3, -4))",1,1,2,10,,,goal,,False,1821
"((0, 0), (1, 0), (2, 0), (3, 0), (3, -1), (2, -1), (2, -2), (3, -2), (3, -3), (3, -4), (3, -5))","((0, 0), (1, 0), (2, 0), (3, 0), (3, -1), (2, -1), (2, -2), (3, -2), (3, -3), (3, -4))",1,1,2,10,,,goal,,False,1822
"((0, 0), (1, 0), (2, 0), (3, 0), (3, -1), (2, -1), (2, -2), (3, -2), (3, -3), (3, -4))","((0, 0), (1, 0), (2, 0), (3, 0), (3, -1), (2, -1), (2, -2), (3, -2), (3, -3))",1,1,2,9,3,0,expanded,False,,1823
"((0, 0), (1, 0), (2, 0), (3, 0), (3, -1), (2, -1), (2, -2), (3, -2), (3, -3))","((0, 0), (1, 0), (2, 0), (3, 0), (3, -1), (2, -1), (2, -2), (3, -2))",1,1,2,8,3,0,expanded,False,,1824
"((0, 0), (1, 0), (2, 0), (3, 0), (3, -1), (2, -1), (2, -2), (3, -2))","((0, 0), (1, 0), (2, 0), (3, 0), (3, -1), (2, -1), (2, -2))",1,2,3,7,2,0,expanded,False,,1825
"((0, 0), (1, 0), (2, 0), (3, 0), (3, -1), (2, -1), (2, -2), (1, -2), (0, -2), (0, -1), (1, -1))","((0, 0), (1, 0), (2, 0), (3, 0), (3, -1), (2, -1), (2, -2), (1, -2), (0, -2), (0, -1))",0,1,1,10,,,pruned,,,1826
"((0, 0), (1, 0), (2, 0), (3, 0), (3, -1), (2, -1), (2, -2), (1, -2), (0, -2), (0, -1), (-1, -1))","((0, 0), (1, 0), (2, 0), (3, 0), (3, -1), (2, -1), (2, -2), (1, -2), (0, -2), (0, -1))",0,2,2,10,,,goal,,False,1827
"((0, 0), (1, 0), (2, 0), (3, 0), (3, -1), (2, -1), (2, -2), (1, -2), (0, -2), (0, -1))","((0, 0), (1, 0), (2, 0), (3, 0), (3, -1), (2, -1), (2, -2), (1, -2), (0, -2))",0,2,2,9,2,1,expanded,False,,1828
"((0, 0), (1, 0), (2, 0), (3, 0), (3, -1), (2, -1), (2, -2), (1, -2), (0, -2), (-1, -2), (-2, -2))","((0, 0), (1, 0), (2, 0), (3, 0), (3, -1), (2, -1), (2, -2), (1, -2), (0, -2), (-1, -2))",0,2,2,10,,,goal,,False,1829
"((0, 0), (1, 0), (2, 0), (3, 0), (3, -1), (2, -1), (2, -2), (1, -2), (0, -2), (-1, -2), (-1, -1))","((0, 0), (1, 0), (2, 0), (3, 0), (3, -1), (2, -1), (2, -2), (1, -2), (0, -2), (-1, -2))",0,2,2,10,,,goal,,False,1830
"((0, 0), (1, 0), (2, 0), (3, 0), (3, -1), (2, -1), (2, -2), (1, -2), (0, -2), (-1, -2), (-1, -3))","((0, 0), (1, 0), (2, 0), (3, 0), (3, -1), (2, -1), (2, -2), (1, -2), (0, -2), (-1, -2))",0,2,2,10,,,goal,,False,1831
"((0, 0), (1, 0), (2, 0), (3, 0), (3, -1), (2, -1), (2, -2), (1, -2), (0, -2), (-1, -2))","((0, 0), (1, 0), (2, 0), (3, 0), (3, -1), (2, -1), (2, -2), (1, -2), (0, -2))",0,2,2,9,3,0,expanded,False,,1832
"((0, 0), (1, 0), (2, 0), (3, 0), (3, -1), (2, -1), (2, -2), (1, -2), (0, -2), (0, -3), (1, -3))","((0, 0), (1, 0), (2, 0), (3, 0), (3, -1), (2, -1), (2, -2), (1, -2), (0, -2), (0, -3))",0,1,1,10,,,pruned,,,1833
"((0, 0), (1, 0), (2, 0), (3, 0), (3, -1), (2, -1), (2, -2), (1, -2), (0, -2), (0, -3), (-1, -3))","((0, 0), (1, 0), (2, 0), (3, 0), (3, -1), (2, -1), (2, -2), (1, -2), (0, -2), (0, -3))",0,2,2,10,,,goal,,False,1834
"((0, 0), (1, 0), (2, 0), (3, 0), (3, -1), (2, -1), (2, -2), (1, -2), (0, -2), (0, -3), (0, -4))","((0, 0), (1, 0), (2, 0), (3, 0), (3, -1), (2, -1), (2, -2), (1, -2), (0, -2), (0, -3))",0,2,2,10,,,goal,,False,1835
"((0, 0), (1, 0), (2, 0), (3, 0), (3, -1), (2, -1), (2, -2), (1, -2), (0, -2), (0, -3))","((0, 0), (1, 0), (2, 0), (3, 0), (3, -1), (2, -1), (2, -2), (1, -2), (0, -2))",0,2,2,9,3,1,expanded,False,,1836
"((0, 0), (1, 0), (2, 0), (3, 0), (3, -1), (2, -1), (2, -2), (1, -2), (0, -2))","((0, 0), (1, 0), (2, 0), (3, 0), (3, -1), (2, -1), (2, -2), (1, -2))",0,2,2,8,3,0,expanded,False,,1837
"((0, 0), (1, 0), (2, 0), (3, 0), (3, -1), (2, -1), (2, -2), (1, -2), (1, -1), (0, -1), (0, -2))","((0, 0), (1, 0), (2, 0), (3, 0), (3, -1), (2, -1), (2, -2), (1, -2), (1, -1), (0, -1))",0,1,1,10,,,pruned,,,1838
"((0, 0), (1, 0), (2, 0), (3, 0), (3, -1), (2, -1), (2, -2), (1, -2), (1, -1), (0, -1), (-1, -1))","((0, 0), (1, 0), (2, 0), (3, 0), (3, -1), (2, -1), (2, -2), (1, -2), (1, -1), (0, -1))",0,2,2,10,,,goal,,False,1839
"((0, 0), (1, 0), (2, 0), (3, 0), (3, -1), (2, -1), (2, -2), (1, -2), (1, -1), (0, -1))","((0, 0), (1, 0), (2, 0), (3, 0), (3, -1), (2, -1), (2, -2), (1, -2), (1, -1))",0,2,2,9,2,1,expanded,False,,1840
"((0, 0), (1, 0), (2, 0), (3, 0), (3, -1), (2, -1), (2, -2), (1, -2), (1, -1))","((0, 0), (1, 0), (2, 0), (3, 0), (3, -1), (2, -1), (2, -2), (1, -2))",0,2,2,8,1,0,expanded,False,,1841
"((0, 0), (1, 0), (2, 0), (3, 0), (3, -1), (2, -1), (2, -2), (1, -2), (1, -3), (2, -3), (3, -3))","((0, 0), (1, 0), (2, 0), (3, 0), (3, -1), (2, -1), (2, -2), (1, -2), (1, -3), (2, -3))",0,2,2,10,,,goal,,False,1842
"((0, 0), (1, 0), (2, 0), (3, 0), (3, -1), (2, -1), (2, -2), (1, -2), (1, -3), (2, -3), (2, -4))","((0, 0), (1, 0), (2, 0), (3, 0), (3, -1), (2, -1), (2, -2), (1, -2), (1, -3), (2, -3))",0,2,2,10,,,goal,,False,1843
"((0, 0), (1, 0), (2, 0), (3, 0), (3, -1), (2, -1), (2, -2), (1, -2), (1, -3), (2, -3))","((0, 0), (1, 0), (2, 0), (3, 0), (3, -1), (2, -1), (2, -2), (1, -2), (1, -3))",0,2,2,9,2,0,expanded,False,,1844
"((0, 0), (1, 0), (2, 0), (3, 0), (3, -1), (2, -1), (2, -2), (1, -2), (1, -3), (0, -3), (0, -2))","((0, 0), (1, 0), (2, 0), (3, 0), (3, -1), (2, -1), (2, -2), (1, -2), (1, -3), (0, -3))",0,1,1,10,,,pruned,,,1845
"((0, 0), (1, 0), (2, 0), (3, 0), (3, -1), (2, -1), (2, -2), (1, -2), (1, -3), (0, -3), (-1, -3))","((0, 0), (1, 0), (2, 0), (3, 0), (3, -1), (2, -1), (2, -2), (1, -2), (1, -3), (0, -3))",0,2,2,10,,,goal,,False,1846
"((0, 0), (1, 0), (2, 0), (3, 0), (3, -1), (2, -1), (2, -2), (1, -2), (1, -3), (0, -3), (0, -4))","((0, 0), (1, 0), (2, 0), (3, 0), (3, -1), (2, -1), (2, -2), (1, -2), (1, -3), (0, -3))",0,2,2,10,,,goal,,False,1847
"((0, 0), (1, 0), (2, 0), (3, 0), (3, -1), (2, -1), (2, -2), (1, -2), (1, -3), (0, -3))","((0, 0), (1, 0), (2, 0), (3, 0), (3, -1), (2, -1), (2, -2), (1, -2), (1, -3))",0,2,2,9,3,1,expanded,False,,1848
"((0, 0), (1, 0), (2, 0), (3, 0), (3, -1), (2, -1), (2, -2), (1, -2), (1, -3), (1, -4), (2, -4))","((0, 0), (1, 0), (2, 0), (3, 0), (3, -1), (2, -1), (2, -2), (1, -2), (1, -3), (1, -4))",0,2,2,10,,,goal,,False,1849
"((0, 0), (1, 0), (2, 0), (3, 0), (3, -1), (2, -1), (2, -2), (1, -2), (1, -3), (1, -4), (0, -4))","((0, 0), (1, 0), (2, 0), (3, 0), (3, -1), (2, -1), (2, -2), (1, -2), (1, -3), (1, -4))",0,2,2,10,,,goal,,False,1850
"((0, 0), (1, 0), (2, 0), (3, 0), (3, -1), (2, -1), (2, -2), (1, -2), (1, -3), (1, -4), (1, -5))","((0, 0), (1, 0), (2, 0), (3, 0), (3, -1), (2, -1), (2, -2), (1, -2), (1, -3), (1, -4))",0,2,2,10,,,goal,,False,1851
"((0, 0), (1, 0), (2, 0), (3, 0), (3, -1), (2, -1), (2, -2), (1, -2), (1, -3), (1, -4))","((0, 0), (1, 0), (2, 0), (3, 0), (3, -1), (2, -1), (2, -2), (1, -2), (1, -3))",0,2,2,9,3,0,expanded,False,,1852
"((0, 0), (1, 0), (2, 0), (3, 0), (3, -1), (2, -1), (2, -2), (1, -2), (1, -3))","((0, 0), (1, 0), (2, 0), (3, 0), (3, -1), (2, -1), (2, -2), (1, -2))",0,2,2,8,3,0,expanded,False,,1853
"((0, 0), (1, 0), (2, 0), (3, 0), (3, -1), (2, -1), (2, -2), (1, -2))","((0, 0), (1, 0), (2, 0), (3, 0), (3, -1), (2, -1), (2, -2))",0,3,3,7,3,0,expanded,False,,1854
"((0, 0), (1, 0), (2, 0), (3, 0), (3, -1), (2, -1), (2, -2), (2, -3), (3, -3), (3, -2), (4, -2))","((0, 0), (1, 0), (2, 0), (3, 0), (3, -1), (2, -1), (2, -2), (2, -3), (3, -3), (3, -2))",0,2,2,10,,,goal,,False,1855
"((0, 0), (1, 0), (2, 0), (3, 0), (3, -1), (2, -1), (2, -2), (2, -3), (3, -3), (3, -2))","((0, 0), (1, 0), (2, 0), (3, 0), (3, -1), (2, -1), (2, -2), (2, -3), (3, -3))",0,2,2,9,1,0,expanded,False,,1856
"((0, 0), (1, 0), (2, 0), (3, 0), (3, -1), (2, -1), (2, -2), (2, -3), (3, -3), (4, -3), (5, -3))","((0, 0), (1, 0), (2, 0), (3, 0), (3, -1), (2, -1), (2, -2), (2, -3), (3, -3), (4, -3))",0,2,2,10,,,goal,,False,1857
"((0, 0), (1, 0), (2, 0), (3, 0), (3, -1), (2, -1), (2, -2), (2, -3), (3, -3), (4, -3), (4, -2))","((0, 0), (1, 0), (2, 0), (3, 0), (3, -1), (2, -1), (2, -2), (2, -3), (3, -3), (4, -3))",0,2,2,10,,,goal,,False,1858
"((0, 0), (1, 0), (2, 0), (3, 0), (3, -1), (2, -1), (2, -2), (2, -3), (3, -3), (4, -3), (4, -4))","((0, 0), (1, 0), (2, 0), (3, 0), (3, -1), (2, -1), (2, -2), (2, -3), (3, -3), (4, -3))",0,2,2,10,,,goal,,False,1859
"((0, 0), (1, 0), (2, 0), (3, 0), (3, -1), (2, -1), (2, -2), (2, -3), (3, -3), (4, -3))","((0, 0), (1, 0), (2, 0), (3, 0), (3, -1), (2, -1), (2, -2), (2, -3), (3, -3))",0,2,2,9,3,0,expanded,False,,1860
"((0, 0), (1, 0), (2, 0), (3, 0), (3, -1), (2, -1), (2, -2), (2, -3), (3, -3), (3, -4), (2, -4))","((0, 0), (1, 0), (2, 0), (3, 0), (3, -1), (2, -1), (2, -2), (2, -3), (3, -3), (3, -4))",0,1,1,10,,,pruned,,,1861
"((0, 0), (1, 0), (2, 0), (3, 0), (3, -1), (2, -1), (2, -2), (2, -3), (3, -3), (3, -4), (4, -4))","((0, 0), (1, 0), (2, 0), (3, 0), (3, -1), (2, -1), (2, -2), (2, -3), (3, -3), (3, -4))",0,2,2,10,,,goal,,False,1862
"((0, 0), (1, 0), (2, 0), (3, 0), (3, -1), (2, -1), (2, -2), (2, -3), (3, -3), (3, -4), (3, -5))","((0, 0), (1, 0), (2, 0), (3, 0), (3, -1), (2, -1), (2, -2), (2, -3), (3, -3), (3, -4))",0,2,2,10,,,goal,,False,1863
"((0, 0), (1, 0), (2, 0), (3, 0), (3, -1), (2, -1), (2, -2), (2, -3), (3, -3), (3, -4))","((0, 0), (1, 0), (2, 0), (3, 0), (3, -1), (2, -1), (2, -2), (2, -3), (3, -3))",0,2,2,9,3,1,expanded,False,,1864
"((0, 0), (1, 0), (2, 0), (3, 0), (3, -1), (2, -1), (2, -2), (2, -3), (3, -3))","((0, 0), (1, 0), (2, 0), (3, 0), (3, -1), (2, -1), (2, -2), (2, -3))",0,2,2,8,3,0,expanded,False,,1865
"((0, 0), (1, 0), (2, 0), (3, 0), (3, -1), (2, -1), (2, -2), (2, -3), (1, -3), (1, -2), (0, -2))","((0, 0), (1, 0), (2, 0), (3, 0), (3, -1), (2, -1), (2, -2), (2, -3), (1, -3), (1, -2))",0,2,2,10,,,goal,,False,1866
"((0, 0), (1, 0), (2, 0), (3, 0), (3, -1), (2, -1), (2, -2), (2, -3), (1, -3), (1, -2), (1, -1))","((0, 0), (1, 0), (2, 0), (3, 0), (3, -1), (2, -1), (2, -2), (2, -3), (1, -3), (1, -2))",0,2,2,10,,,goal,,False,1867
"((0, 0), (1, 0), (2, 0), (3, 0), (3, -1), (2, -1), (2, -2), (2, -3), (1, -3), (1, -2))","((0, 0), (1, 0), (2, 0), (3, 0), (3, -1), (2, -1), (2, -2), (2, -3), (1, -3))",0,2,2,9,2,0,expanded,False,,1868
"((0, 0), (1, 0), (2, 0), (3, 0), (3, -1), (2, -1), (2, -2), (2, -3), (1, -3), (0, -3), (-1, -3))","((0, 0), (1, 0), (2, 0), (3, 0), (3, -1), (2, -1), (2, -2), (2, -3), (1, -3), (0, -3))",0,2,2,10,,,goal,,False,1869
"((0, 0), (1, 0), (2, 0), (3, 0), (3, -1), (2, -1), (2, -2), (2, -3), (1, -3), (0, -3), (0, -2))","((0, 0), (1, 0), (2, 0), (3, 0), (3, -1), (2, -1), (2, -2), (2, -3), (1, -3), (0, -3))",0,2,2,10,,,goal,,False,1870
"((0, 0), (1, 0), (2, 0), (3, 0), (3, -1), (2, -1), (2, -2), (2, -3), (1, -3), (0, -3), (0, -4))","((0, 0), (1, 0), (2, 0), (3, 0), (3, -1), (2, -1), (2, -2), (2, -3), (1, -3), (0, -3))",0,2,2,10,,,goal,,False,1871
"((0, 0), (1, 0), (2, 0), (3, 0), (3, -1), (2, -1), (2, -2), (2, -3), (1, -3), (0, -3))","((0, 0), (1, 0), (2, 0), (3, 0), (3, -1), (2, -1), (2, -2), (2, -3), (1, -3))",0,2,2,9,3,0,expanded,False,,1872
"((0, 0), (1, 0), (2, 0), (3, 0), (3, -1), (2, -1), (2, -2), (2, -3), (1, -3), (1, -4), (2, -4))","((0, 0), (1, 0), (2, 0), (3, 0), (3, -1), (2, -1), (2, -2), (2, -3), (1, -3), (1, -4))",0,1,1,10,,,pruned,,,1873
"((0, 0), (1, 0), (2, 0), (3, 0), (3, -1), (2, -1), (2, -2), (2, -3), (1, -3), (1, -4), (0, -4))","((0, 0), (1, 0), (2, 0), (3, 0), (3, -1), (2, -1), (2, -2), (2, -3), (1, -3), (1, -4))",0,2,2,10,,,goal,,False,1874
"((0, 0), (1, 0), (2, 0), (3, 0), (3, -1), (2, -1), (2, -2), (2, -3), (1, -3), (1, -4), (1, -5))","((0, 0), (1, 0), (2, 0), (3, 0), (3, -1), (2, -1), (2, -2), (2, -3), (1, -3), (1, -4))",0,2,2,10,,,goal,,False,1875
"((0, 0), (1, 0), (2, 0), (3, 0), (3, -1), (2, -1), (2, -2), (2, -3), (1, -3), (1, -4))","((0, 0), (1, 0), (2, 0), (3, 0), (3, -1), (2, -1), (2, -2), (2, -3), (1, -3))",0,2,2,9,3,1,expanded,False,,1876
"((0, 0), (1, 0), (2, 0), (3, 0), (3, -1), (2, -1), (2, -2), (2, -3), (1, -3))","((0, 0), (1, 0), (2, 0), (3, 0), (3, -1), (2, -1), (2, -2), (2, -3))",0,2,2,8,3,0,expanded,False,,1877
"((0, 0), (1, 0), (2, 0), (3, 0), (3, -1), (2, -1), (2, -2), (2, -3), (2, -4), (3, -4), (3, -3))","((0, 0), (1, 0), (2, 0), (3, 0), (3, -1), (2, -1), (2, -2), (2, -3), (2, -4), (3, -4))",0,1,1,10,,,pruned,,,1878
"((0, 0), (1, 0), (2, 0), (3, 0), (3, -1), (2, -1), (2, -2), (2, -3), (2, -4), (3, -4), (4, -4))","((0, 0), (1, 0), (2, 0), (3, 0), (3, -1), (2, -1), (2, -2), (2, -3), (2, -4), (3, -4))",0,2,2,10,,,goal,,False,1879
"((0, 0), (1, 0), (2, 0), (3, 0), (3, -1), (2, -1), (2, -2), (2, -3), (2, -4), (3, -4), (3, -5))","((0, 0), (1, 0), (2, 0), (3, 0), (3, -1), (2, -1), (2, -2), (2, -3), (2, -4), (3, -4))",0,2,2,10,,,goal,,False,1880
"((0, 0), (1, 0), (2, 0), (3, 0), (3, -1), (2, -1), (2, -2), (2, -3), (2, -4), (3, -4))","((0, 0), (1, 0), (2, 0), (3, 0), (3, -1), (2, -1), (2, -2), (2, -3), (2, -4))",0,2,2,9,3,1,expanded,False,,1881
"((0, 0), (1, 0), (2, 0), (3, 0), (3, -1), (2, -1), (2, -2), (2, -3), (2, -4), (1, -4), (1, -3))","((0, 0), (1, 0), (2, 0), (3, 0), (3, -1), (2, -1), (2, -2), (2, -3), (2, -4), (1, -4))",0,1,1,10,,,pruned,,,1882
"((0, 0), (1, 0), (2, 0), (3, 0), (3, -1), (2, -1), (2, -2), (2, -3), (2, -4), (1, -4), (0, -4))","((0, 0), (1, 0), (2, 0), (3, 0), (3, -1), (2, -1), (2, -2), (2, -3), (2, -4), (1, -4))",0,2,2,10,,,goal,,False,1883
"((0, 0), (1, 0), (2, 0), (3, 0), (3, -1), (2, -1), (2, -2), (2, -3), (2, -4), (1, -4), (1, -5))","((0, 0), (1, 0), (2, 0), (3, 0), (3, -1), (2, -1), (2, -2), (2, -3), (2, -4), (1, -4))",0,2,2,10,,,goal,,False,1884
"((0, 0), (1, 0), (2, 0), (3, 0), (3, -1), (2, -1), (2, -2), (2, -3), (2, -4), (1, -4))","((0, 0), (1, 0), (2, 0), (3, 0), (3, -1), (2, -1), (2, -2), (2, -3), (2, -4))",0,2,2,9,3,1,expanded,False,,1885
"((0, 0), (1, 0), (2, 0), (3, 0), (3, -1), (2, -1), (2, -2), (2, -3), (2, -4), (2, -5), (3, -5))","((0, 0), (1, 0), (2, 0), (3, 0), (3, -1), (2, -1), (2, -2), (2, -3), (2, -4), (2, -5))",0,2,2,10,,,goal,,False,1886
"((0, 0), (1, 0), (2, 0), (3, 0), (3, -1), (2, -1), (2, -2), (2, -3), (2, -4), (2, -5), (1, -5))","((0, 0), (1, 0), (2, 0), (3, 0), (3, -1), (2, -1), (2, -2), (2, -3), (2, -4), (2, -5))",0,2,2,10,,,goal,,False,1887
"((0, 0), (1, 0), (2, 0), (3, 0), (3, -1), (2, -1), (2, -2), (2, -3), (2, -4), (2, -5), (2, -6))","((0, 0), (1, 0), (2, 0), (3, 0), (3, -1), (2, -1), (2, -2), (2, -3), (2, -4), (2, -5))",0,2,2,10,,,goal,,False,1888
"((0, 0), (1, 0), (2, 0), (3, 0), (3, -1), (2, -1), (2, -2), (2, -3), (2, -4), (2, -5))","((0, 0), (1, 0), (2, 0), (3, 0), (3, -1), (2, -1), (2, -2), (2, -3), (2, -4))",0,2,2,9,3,0,expanded,False,,1889
"((0, 0), (1, 0), (2, 0), (3, 0), (3, -1), (2, -1), (2, -2), (2, -3), (2, -4))","((0, 0), (1, 0), (2, 0), (3, 0), (3, -1), (2, -1), (2, -2), (2, -3))",0,2,2,8,3,0,expanded,False,,1890
"((0, 0), (1, 0), (2, 0), (3, 0), (3, -1), (2, -1), (2, -2), (2, -3))","((0, 0), (1, 0), (2, 0), (3, 0), (3, -1), (2, -1), (2, -2))",0,3,3,7,3,0,expanded,False,,1891
"((0, 0), (1, 0), (2, 0), (3, 0), (3, -1), (2, -1), (2, -2))","((0, 0), (1, 0), (2, 0), (3, 0), (3, -1), (2, -1))",0,2,2,6,3,0,expanded,False,,1892
"((0, 0), (1, 0), (2, 0), (3, 0), (3, -1), (2, -1))","((0, 0), (1, 0), (2, 0), (3, 0), (3, -1))",0,2,2,5,2,0,expanded,False,,1893
"((0, 0), (1, 0), (2, 0), (3, 0), (3, -1), (3, -2), (4, -2), (4, -1), (5, -1), (5, -2), (6, -2))","((0, 0), (1, 0), (2, 0), (3, 0), (3, -1), (3, -2), (4, -2), (4, -1), (5, -1), (5, -2))",1,1,2,10,,,goal,,False,1894
"((0, 0), (1, 0), (2, 0), (3, 0), (3, -1), (3, -2), (4, -2), (4, -1), (5, -1), (5, -2), (5, -3))","((0, 0), (1, 0), (2, 0), (3, 0), (3, -1), (3, -2), (4, -2), (4, -1), (5, -1), (5, -2))",1,1,2,10,,,goal,,False,1895
"((0, 0), (1, 0), (2, 0), (3, 0), (3, -1), (3, -2), (4, -2), (4, -1), (5, -1), (5, -2))","((0, 0), (1, 0), (2, 0), (3, 0), (3, -1), (3, -2), (4, -2), (4, -1), (5, -1))",1,1,2,9,2,0,expanded,False,,1896
"((0, 0), (1, 0), (2, 0), (3, 0), (3, -1), (3, -2), (4, -2), (4, -1), (5, -1), (6, -1), (7, -1))","((0, 0), (1, 0), (2, 0), (3, 0), (3, -1), (3, -2), (4, -2), (4, -1), (5, -1), (6, -1))",1,1,2,10,,,goal,,False,1897
"((0, 0), (1, 0), (2, 0), (3, 0), (3, -1), (3, -2), (4, -2), (4, -1), (5, -1), (6, -1), (6, 0))","((0, 0), (1, 0), (2, 0), (3, 0), (3, -1), (3, -2), (4, -2), (4, -1), (5, -1), (6, -1))",1,1,2,10,,,goal,,False,1898
"((0, 0), (1, 0), (2, 0), (3, 0), (3, -1), (3, -2), (4, -2), (4, -1), (5, -1), (6, -1), (6, -2))","((0, 0), (1, 0), (2, 0), (3, 0), (3, -1), (3, -2), (4, -2), (4, -1), (5, -1), (6, -1))",1,1,2,10,,,goal,,False,1899
"((0, 0), (1, 0), (2, 0), (3, 0), (3, -1), (3, -2), (4, -2), (4, -1), (5, -1), (6, -1))","((0, 0), (1, 0), (2, 0), (3, 0), (3, -1), (3, -2), (4, -2), (4, -1), (5, -1))",1,1,2,9,3,0,expanded,False,,1900
"((0, 0), (1, 0), (2, 0), (3, 0), (3, -1), (3, -2), (4, -2), (4, -1), (5, -1), (5, 0), (4, 0))","((0, 0), (1, 0), (2, 0), (3, 0), (3, -1), (3, -2), (4, -2), (4, -1), (5, -1), (5, 0))",1,0,1,10,,,pruned,,,1901
"((0, 0), (1, 0), (2, 0), (3, 0), (3, -1), (3, -2), (4, -2), (4, -1), (5, -1), (5, 0), (6, 0))","((0, 0), (1, 0), (2, 0), (3, 0), (3, -1), (3, -2), (4, -2), (4, -1), (5, -1), (5, 0))",1,1,2,10,,,goal,,False,1902
"((0, 0), (1, 0), (2, 0), (3, 0), (3, -1), (3, -2), (4, -2), (4, -1), (5, -1), (5, 0), (5, 1))","((0, 0), (1, 0), (2, 0), (3, 0), (3, -1), (3, -2), (4, -2), (4, -1), (5, -1), (5, 0))",1,1,2,10,,,goal,,False,1903
"((0, 0), (1, 0), (2, 0), (3, 0), (3, -1), (3, -2), (4, -2), (4, -1), (5, -1), (5, 0))","((0, 0), (1, 0), (2, 0), (3, 0), (3, -1), (3, -2), (4, -2), (4, -1), (5, -1))",1,1,2,9,3,1,expanded,False,,1904
"((0, 0), (1, 0), (2, 0), (3, 0), (3, -1), (3, -2), (4, -2), (4, -1), (5, -1))","((0, 0), (1, 0), (2, 0), (3, 0), (3, -1), (3, -2), (4, -2), (4, -1))",1,1,2,8,3,0,expanded,False,,1905
"((0, 0), (1, 0), (2, 0), (3, 0), (3, -1), (3, -2), (4, -2), (4, -1), (4, 0), (5, 0), (5, -1))","((0, 0), (1, 0), (2, 0), (3, 0), (3, -1), (3, -2), (4, -2), (4, -1), (4, 0), (5, 0))",1,0,1,10,,,pruned,,,1906
"((0, 0), (1, 0), (2, 0), (3, 0), (3, -1), (3, -2), (4, -2), (4, -1), (4, 0), (5, 0), (6, 0))","((0, 0), (1, 0), (2, 0), (3, 0), (3, -1), (3, -2), (4, -2), (4, -1), (4, 0), (5, 0))",1,1,2,10,,,goal,,False,1907
"((0, 0), (1, 0), (2, 0), (3, 0), (3, -1), (3, -2), (4, -2), (4, -1), (4, 0), (5, 0), (5, 1))","((0, 0), (1, 0), (2, 0), (3, 0), (3, -1), (3, -2), (4, -2), (4, -1), (4, 0), (5, 0))",1,1,2,10,,,goal,,False,1908
"((0, 0), (1, 0), (2, 0), (3, 0), (3, -1), (3, -2), (4, -2), (4, -1), (4, 0), (5, 0))","((0, 0), (1, 0), (2, 0), (3, 0), (3, -1), (3, -2), (4, -2), (4, -1), (4, 0))",1,1,2,9,3,1,expanded,False,,1909
"((0, 0), (1, 0), (2, 0), (3, 0), (3, -1), (3, -2), (4, -2), (4, -1), (4, 0), (4, 1), (5, 1))","((0, 0), (1, 0), (2, 0), (3, 0), (3, -1), (3, -2), (4, -2), (4, -1), (4, 0), (4, 1))",1,1,2,10,,,goal,,False,1910
"((0, 0), (1, 0), (2, 0), (3, 0), (3, -1), (3, -2), (4, -2), (4, -1), (4, 0), (4, 1), (3, 1))","((0, 0), (1, 0), (2, 0), (3, 0), (3, -1), (3, -2), (4, -2), (4, -1), (4, 0), (4, 1))",1,1,2,10,,,goal,,False,1911
"((0, 0), (1, 0), (2, 0), (3, 0), (3, -1), (3, -2), (4, -2), (4, -1), (4, 0), (4, 1), (4, 2))","((0, 0), (1, 0), (2, 0), (3, 0), (3, -1), (3, -2), (4, -2), (4, -1), (4, 0), (4, 1))",1,1,2,10,,,goal,,False,1912
"((0, 0), (1, 0), (2, 0), (3, 0), (3, -1), (3, -2), (4, -2), (4, -1), (4, 0), (4, 1))","((0, 0), (1, 0), (2, 0), (3, 0), (3, -1), (3, -2), (4, -2), (4, -1), (4, 0))",1,1,2,9,3,0,expanded,False,,1913
"((0, 0), (1, 0), (2, 0), (3, 0), (3, -1), (3, -2), (4, -2), (4, -1), (4, 0))","((0, 0), (1, 0), (2, 0), (3, 0), (3, -1), (3, -2), (4, -2), (4, -1))",1,1,2,8,2,0,expanded,False,,1914
"((0, 0), (1, 0), (2, 0), (3, 0), (3, -1), (3, -2), (4, -2), (4, -1))","((0, 0), (1, 0), (2, 0), (3, 0), (3, -1), (3, -2), (4, -2))",1,2,3,7,2,0,expanded,False,,1915
"((0, 0), (1, 0), (2, 0), (3, 0), (3, -1), (3, -2), (4, -2), (5, -2), (6, -2), (7, -2), (8, -2))","((0, 0), (1, 0), (2, 0), (3, 0), (3, -1), (3, -2), (4, -2), (5, -2), (6, -2), (7, -2))",0,2,2,10,,,goal,,False,1916
"((0, 0), (1, 0), (2, 0), (3, 0), (3, -1), (3, -2), (4, -2), (5, -2), (6, -2), (7, -2), (7, -1))","((0, 0), (1, 0), (2, 0), (3, 0), (3, -1), (3, -2), (4, -2), (5, -2), (6, -2), (7, -2))",0,2,2,10,,,goal,,False,1917
"((0, 0), (1, 0), (2, 0), (3, 0), (3, -1), (3, -2), (4, -2), (5, -2), (6, -2), (7, -2), (7, -3))","((0, 0), (1, 0), (2, 0), (3, 0), (3, -1), (3, -2), (4, -2), (5, -2), (6, -2), (7, -2))",0,2,2,10,,,goal,,False,1918
"((0, 0), (1, 0), (2, 0), (3, 0), (3, -1), (3, -2), (4, -2), (5, -2), (6, -2), (7, -2))","((0, 0), (1, 0), (2, 0), (3, 0), (3, -1), (3, -2), (4, -2), (5, -2), (6, -2))",0,2,2,9,3,0,expanded,False,,1919
"((0, 0), (1, 0), (2, 0), (3, 0), (3, -1), (3, -2), (4, -2), (5, -2), (6, -2), (6, -1), (5, -1))","((0, 0), (1, 0), (2, 0), (3, 0), (3, -1), (3, -2), (4, -2), (5, -2), (6, -2), (6, -1))",0,1,1,10,,,pruned,,,1920
"((0, 0), (1, 0), (2, 0), (3, 0), (3, -1), (3, -2), (4, -2), (5, -2), (6, -2), (6, -1), (7, -1))","((0, 0), (1, 0), (2, 0), (3, 0), (3, -1), (3, -2), (4, -2), (5, -2), (6, -2), (6, -1))",0,2,2,10,,,goal,,False,1921
"((0, 0), (1, 0), (2, 0), (3, 0), (3, -1), (3, -2), (4, -2), (5, -2), (6, -2), (6, -1), (6, 0))","((0, 0), (1, 0), (2, 0), (3, 0), (3, -1), (3, -2), (4, -2), (5, -2), (6, -2), (6, -1))",0,2,2,10,,,goal,,False,1922
"((0, 0), (1, 0), (2, 0), (3, 0), (3, -1), (3, -2), (4, -2), (5, -2), (6, -2), (6, -1))","((0, 0), (1, 0), (2, 0), (3, 0), (3, -1), (3, -2), (4, -2), (5, -2), (6, -2))",0,2,2,9,3,1,expanded,False,,1923
"((0, 0), (1, 0), (2, 0), (3, 0), (3, -1), (3, -2), (4, -2), (5, -2), (6, -2), (6, -3), (5, -3))","((0, 0), (1, 0), (2, 0), (3, 0), (3, -1), (3, -2), (4, -2), (5, -2), (6, -2), (6, -3))",0,1,1,10,,,pruned,,,1924
"((0, 0), (1, 0), (2, 0), (3, 0), (3, -1), (3, -2), (4, -2), (5, -2), (6, -2), (6, -3), (7, -3))","((0, 0), (1, 0), (2, 0), (3, 0), (3, -1), (3, -2), (4, -2), (5, -2), (6, -2), (6, -3))",0,2,2,10,,,goal,,False,1925
"((0, 0), (1, 0), (2, 0), (3, 0), (3, -1), (3, -2), (4, -2), (5, -2), (6, -2), (6, -3), (6, -4))","((0, 0), (1, 0), (2, 0), (3, 0), (3, -1), (3, -2), (4, -2), (5, -2), (6, -2), (6, -3))",0,2,2,10,,,goal,,False,1926
"((0, 0), (1, 0), (2, 0), (3, 0), (3, -1), (3, -2), (4, -2), (5, -2), (6, -2), (6, -3))","((0, 0), (1, 0), (2, 0), (3, 0), (3, -1), (3, -2), (4, -2), (5, -2), (6, -2))",0,2,2,9,3,1,expanded,False,,1927
"((0, 0), (1, 0), (2, 0), (3, 0), (3, -1), (3, -2), (4, -2), (5, -2), (6, -2))","((0, 0), (1, 0), (2, 0), (3, 0), (3, -1), (3, -2), (4, -2), (5, -2))",0,2,2,8,3,0,expanded,False,,1928
"((0, 0), (1, 0), (2, 0), (3, 0), (3, -1), (3, -2), (4, -2), (5, -2), (5, -1), (4, -1), (4, 0))","((0, 0), (1, 0), (2, 0), (3, 0), (3, -1), (3, -2), (4, -2), (5, -2), (5, -1), (4, -1))",0,2,2,10,,,goal,,False,1929
"((0, 0), (1, 0), (2, 0), (3, 0), (3, -1), (3, -2), (4, -2), (5, -2), (5, -1), (4, -1))","((0, 0), (1, 0), (2, 0), (3, 0), (3, -1), (3, -2), (4, -2), (5, -2), (5, -1))",0,2,2,9,1,0,expanded,False,,1930
"((0, 0), (1, 0), (2, 0), (3, 0), (3, -1), (3, -2), (4, -2), (5, -2), (5, -1), (6, -1), (6, -2))","((0, 0), (1, 0), (2, 0), (3, 0), (3, -1), (3, -2), (4, -2), (5, -2), (5, -1), (6, -1))",0,1,1,10,,,pruned,,,1931
"((0, 0), (1, 0), (2, 0), (3, 0), (3, -1), (3, -2), (4, -2), (5, -2), (5, -1), (6, -1), (7, -1))","((0, 0), (1, 0), (2, 0), (3, 0), (3, -1), (3, -2), (4, -2), (5, -2), (5, -1), (6, -1))",0,2,2,10,,,goal,,False,1932
"((0, 0), (1, 0), (2, 0), (3, 0), (3, -1), (3, -2), (4, -2), (5, -2), (5, -1), (6, -1), (6, 0))","((0, 0), (1, 0), (2, 0), (3, 0), (3, -1), (3, -2), (4, -2), (5, -2), (5, -1), (6, -1))",0,2,2,10,,,goal,,False,1933
"((0, 0), (1, 0), (2, 0), (3, 0), (3, -1), (3, -2), (4, -2), (5, -2), (5, -1), (6, -1))","((0, 0), (1, 0), (2, 0), (3, 0), (3, -1), (3, -2), (4, -2), (5, -2), (5, -1))",0,2,2,9,3,1,expanded,False,,1934
"((0, 0), (1, 0), (2, 0), (3, 0), (3, -1), (3, -2), (4, -2), (5, -2), (5, -1), (5, 0), (6, 0))","((0, 0), (1, 0), (2, 0), (3, 0), (3, -1), (3, -2), (4, -2), (5, -2), (5, -1), (5, 0))",0,2,2,10,,,goal,,False,1935
"((0, 0), (1, 0), (2, 0), (3, 0), (3, -1), (3, -2), (4, -2), (5, -2), (5, -1), (5, 0), (4, 0))","((0, 0), (1, 0), (2, 0), (3, 0), (3, -1), (3, -2), (4, -2), (5, -2), (5, -1), (5, 0))",0,2,2,10,,,goal,,False,1936
"((0, 0), (1, 0), (2, 0), (3, 0), (3, -1), (3, -2), (4, -2), (5, -2), (5, -1), (5, 0), (5, 1))","((0, 0), (1, 0), (2, 0), (3, 0), (3, -1), (3, -2), (4, -2), (5, -2), (5, -1), (5, 0))",0,2,2,10,,,goal,,False,1937
"((0, 0), (1, 0), (2, 0), (3, 0), (3, -1), (3, -2), (4, -2), (5, -2), (5, -1), (5, 0))","((0, 0), (1, 0), (2, 0), (3, 0), (3, -1), (3, -2), (4, -2), (5, -2), (5, -1))",0,2,2,9,3,0,expanded,False,,1938
"((0, 0), (1, 0), (2, 0), (3, 0), (3, -1), (3, -2), (4, -2), (5, -2), (5, -1))","((0, 0), (1, 0), (2, 0), (3, 0), (3, -1), (3, -2), (4, -2), (5, -2))",0,2,2,8,3,0,expanded,False,,1939
"((0, 0), (1, 0), (2, 0), (3, 0), (3, -1), (3, -2), (4, -2), (5, -2), (5, -3), (4, -3), (3, -3))","((0, 0), (1, 0), (2, 0), (3, 0), (3, -1), (3, -2), (4, -2), (5, -2), (5, -3), (4, -3))",0,2,2,10,,,goal,,False,1940
"((0, 0), (1, 0), (2, 0), (3, 0), (3, -1), (3, -2), (4, -2), (5, -2), (5, -3), (4, -3), (4, -4))","((0, 0), (1, 0), (2, 0), (3, 0), (3, -1), (3, -2), (4, -2), (5, -2), (5, -3), (4, -3))",0,2,2,10,,,goal,,False,1941
"((0, 0), (1, 0), (2, 0), (3, 0), (3, -1), (3, -2), (4, -2), (5, -2), (5, -3), (4, -3))","((0, 0), (1, 0), (2, 0), (3, 0), (3, -1), (3, -2), (4, -2), (5, -2), (5, -3))",0,2,2,9,2,0,expanded,False,,1942
"((0, 0), (1, 0), (2, 0), (3, 0), (3, -1), (3, -2), (4, -2), (5, -2), (5, -3), (6, -3), (6, -2))","((0, 0), (1, 0), (2, 0), (3, 0), (3, -1), (3, -2), (4, -2), (5, -2), (5, -3), (6, -3))",0,1,1,10,,,pruned,,,1943
"((0, 0), (1, 0), (2, 0), (3, 0), (3, -1), (3, -2), (4, -2), (5, -2), (5, -3), (6, -3), (7, -3))","((0, 0), (1, 0), (2, 0), (3, 0), (3, -1), (3, -2), (4, -2), (5, -2), (5, -3), (6, -3))",0,2,2,10,,,goal,,False,1944
"((0, 0), (1, 0), (2, 0), (3, 0), (3, -1), (3, -2), (4, -2), (5, -2), (5, -3), (6, -3), (6, -4))","((0, 0), (1, 0), (2, 0), (3, 0), (3, -1), (3, -2), (4, -2), (5, -2), (5, -3), (6, -3))",0,2,2,10,,,goal,,False,1945
"((0, 0), (1, 0), (2, 0), (3, 0), (3, -1), (3, -2), (4, -2), (5, -2), (5, -3), (6, -3))","((0, 0), (1, 0), (2, 0), (3, 0), (3, -1), (3, -2), (4, -2), (5, -2), (5, -3))",0,2,2,9,3,1,expanded,False,,1946
"((0, 0), (1, 0), (2, 0), (3, 0), (3, -1), (3, -2), (4, -2), (5, -2), (5, -3), (5, -4), (6, -4))","((0, 0), (1, 0), (2, 0), (3, 0), (3, -1), (3, -2), (4, -2), (5, -2), (5, -3), (5, -4))",0,2,2,10,,,goal,,False,1947
"((0, 0), (1, 0), (2, 0), (3, 0), (3, -1), (3, -2), (4, -2), (5, -2), (5, -3), (5, -4), (4, -4))","((0, 0), (1, 0), (2, 0), (3, 0), (3, -1), (3, -2), (4, -2), (5, -2), (5, -3), (5, -4))",0,2,2,10,,,goal,,False,1948
"((0, 0), (1, 0), (2, 0), (3, 0), (3, -1), (3, -2), (4, -2), (5, -2), (5, -3), (5, -4), (5, -5))","((0, 0), (1, 0), (2, 0), (3, 0), (3, -1), (3, -2), (4, -2), (5, -2), (5, -3), (5, -4))",0,2,2,10,,,goal,,False,1949
"((0, 0), (1, 0), (2, 0), (3, 0), (3, -1), (3, -2), (4, -2), (5, -2), (5, -3), (5, -4))","((0, 0), (1, 0), (2, 0), (3, 0), (3, -1), (3, -2), (4, -2), (5, -2), (5, -3))",0,2,2,9,3,0,expanded,False,,1950
"((0, 0), (1, 0), (2, 0), (3, 0), (3, -1), (3, -2), (4, -2), (5, -2), (5, -3))","((0, 0), (1, 0), (2, 0), (3, 0), (3, -1), (3, -2), (4, -2), (5, -2))",0,2,2,8,3,0,expanded,False,,1951
"((0, 0), (1, 0), (2, 0), (3, 0), (3, -1), (3, -2), (4, -2), (5, -2))","((0, 0), (1, 0), (2, 0), (3, 0), (3, -1), (3, -2), (4, -2))",0,3,3,7,3,0,expanded,False,,1952
"((0, 0), (1, 0), (2, 0), (3, 0), (3, -1), (3, -2), (4, -2), (4, -3), (5, -3), (5, -2), (6, -2))","((0, 0), (1, 0), (2, 0), (3, 0), (3, -1), (3, -2), (4, -2), (4, -3), (5, -3), (5, -2))",0,2,2,10,,,goal,,False,1953
"((0, 0), (1, 0), (2, 0), (3, 0), (3, -1), (3, -2), (4, -2), (4, -3), (5, -3), (5, -2), (5, -1))","((0, 0), (1, 0), (2, 0), (3, 0), (3, -1), (3, -2), (4, -2), (4, -3), (5, -3), (5, -2))",0,2,2,10,,,goal,,False,1954
"((0, 0), (1, 0), (2, 0), (3, 0), (3, -1), (3, -2), (4, -2), (4, -3), (5, -3), (5, -2))","((0, 0), (1, 0), (2, 0), (3, 0), (3, -1), (3, -2), (4, -2), (4, -3), (5, -3))",0,2,2,9,2,0,expanded,False,,1955
"((0, 0), (1, 0), (2, 0), (3, 0), (3, -1), (3, -2), (4, -2), (4, -3), (5, -3), (6, -3), (7, -3))","((0, 0), (1, 0), (2, 0), (3, 0), (3, -1), (3, -2), (4, -2), (4, -3), (5, -3), (6, -3))",0,2,2,10,,,goal,,False,1956
"((0, 0), (1, 0), (2, 0), (3, 0), (3, -1), (3, -2), (4, -2), (4, -3), (5, -3), (6, -3), (6, -2))","((0, 0), (1, 0), (2, 0), (3, 0), (3, -1), (3, -2), (4, -2), (4, -3), (5, -3), (6, -3))",0,2,2,10,,,goal,,False,1957
"((0, 0), (1, 0), (2, 0), (3, 0), (3, -1), (3, -2), (4, -2), (4, -3), (5, -3), (6, -3), (6, -4))","((0, 0), (1, 0), (2, 0), (3, 0), (3, -1), (3, -2), (4, -2), (4, -3), (5, -3), (6, -3))",0,2,2,10,,,goal,,False,1958
"((0, 0), (1, 0), (2, 0), (3, 0), (3, -1), (3, -2), (4, -2), (4, -3), (5, -3), (6, -3))","((0, 0), (1, 0), (2, 0), (3, 0), (3, -1), (3, -2), (4, -2), (4, -3), (5, -3))",0,2,2,9,3,0,expanded,False,,1959
"((0, 0), (1, 0), (2, 0), (3, 0), (3, -1), (3, -2), (4, -2), (4, -3), (5, -3), (5, -4), (4, -4))","((0, 0), (1, 0), (2, 0), (3, 0), (3, -1), (3, -2), (4, -2), (4, -3), (5, -3), (5, -4))",0,1,1,10,,,pruned,,,1960
"((0, 0), (1, 0), (2, 0), (3, 0), (3, -1), (3, -2), (4, -2), (4, -3), (5, -3), (5, -4), (6, -4))","((0, 0), (1, 0), (2, 0), (3, 0), (3, -1), (3, -2), (4, -2), (4, -3), (5, -3), (5, -4))",0,2,2,10,,,goal,,False,1961
"((0, 0), (1, 0), (2, 0), (3, 0), (3, -1), (3, -2), (4, -2), (4, -3), (5, -3), (5, -4), (5, -5))","((0, 0), (1, 0), (2, 0), (3, 0), (3, -1), (3, -2), (4, -2), (4, -3), (5, -3), (5, -4))",0,2,2,10,,,goal,,False,1962
"((0, 0), (1, 0), (2, 0), (3, 0), (3, -1), (3, -2), (4, -2), (4, -3), (5, -3), (5, -4))","((0, 0), (1, 0), (2, 0), (3, 0), (3, -1), (3, -2), (4, -2), (4, -3), (5, -3))",0,2,2,9,3,1,expanded,False,,1963
"((0, 0), (1, 0), (2, 0), (3, 0), (3, -1), (3, -2), (4, -2), (4, -3), (5, -3))","((0, 0), (1, 0), (2, 0), (3, 0), (3, -1), (3, -2), (4, -2), (4, -3))",0,2,2,8,3,0,expanded,False,,1964
"((0, 0), (1, 0), (2, 0), (3, 0), (3, -1), (3, -2), (4, -2), (4, -3), (3, -3), (2, -3), (1, -3))","((0, 0), (1, 0), (2, 0), (3, 0), (3, -1), (3, -2), (4, -2), (4, -3), (3, -3), (2, -3))",0,2,2,10,,,goal,,False,1965
"((0, 0), (1, 0), (2, 0), (3, 0), (3, -1), (3, -2), (4, -2), (4, -3), (3, -3), (2, -3), (2, -2))","((0, 0), (1, 0), (2, 0), (3, 0), (3, -1), (3, -2), (4, -2), (4, -3), (3, -3), (2, -3))",0,2,2,10,,,goal,,False,1966
"((0, 0), (1, 0), (2, 0), (3, 0), (3, -1), (3, -2), (4, -2), (4, -3), (3, -3), (2, -3), (2, -4))","((0, 0), (1, 0), (2, 0), (3, 0), (3, -1), (3, -2), (4, -2), (4, -3), (3, -3), (2, -3))",0,2,2,10,,,goal,,False,1967
"((0, 0), (1, 0), (2, 0), (3, 0), (3, -1), (3, -2), (4, -2), (4, -3), (3, -3), (2, -3))","((0, 0), (1, 0), (2, 0), (3, 0), (3, -1), (3, -2), (4, -2), (4, -3), (3, -3))",0,2,2,9,3,0,expanded,False,,1968
"((0, 0), (1, 0), (2, 0), (3, 0), (3, -1), (3, -2), (4, -2), (4, -3), (3, -3), (3, -4), (4, -4))","((0, 0), (1, 0), (2, 0), (3, 0), (3, -1), (3, -2), (4, -2), (4, -3), (3, -3), (3, -4))",0,1,1,10,,,pruned,,,1969
"((0, 0), (1, 0), (2, 0), (3, 0), (3, -1), (3, -2), (4, -2), (4, -3), (3, -3), (3, -4), (2, -4))","((0, 0), (1, 0), (2, 0), (3, 0), (3, -1), (3, -2), (4, -2), (4, -3), (3, -3), (3, -4))",0,2,2,10,,,goal,,False,1970
"((0, 0), (1, 0), (2, 0), (3, 0), (3, -1), (3, -2), (4, -2), (4, -3), (3, -3), (3, -4), (3, -5))","((0, 0), (1, 0), (2, 0), (3, 0), (3, -1), (3, -2), (4, -2), (4, -3), (3, -3), (3, -4))",0,2,2,10,,,goal,,False,1971
"((0, 0), (1, 0), (2, 0), (3, 0), (3, -1), (3, -2), (4, -2), (4, -3), (3, -3), (3, -4))","((0, 0), (1, 0), (2, 0), (3, 0), (3, -1), (3, -2), (4, -2), (4, -3), (3, -3))",0,2,2,9,3,1,expanded,False,,1972
"((0, 0), (1, 0), (2, 0), (3, 0), (3, -1), (3, -2), (4, -2), (4, -3), (3, -3))","((0, 0), (1, 0), (2, 0), (3, 0), (3, -1), (3, -2), (4, -2), (4, -3))",0,2,2,8,2,0,expanded,False,,1973
"((0, 0), (1, 0), (2, 0), (3, 0), (3, -1), (3, -2), (4, -2), (4, -3), (4, -4), (5, -4), (5, -3))","((0, 0), (1, 0), (2, 0), (3, 0), (3, -1), (3, -2), (4, -2), (4, -3), (4, -4), (5, -4))",0,1,1,10,,,pruned,,,1974
"((0, 0), (1, 0), (2, 0), (3, 0), (3, -1), (3, -2), (4, -2), (4, -3), (4, -4), (5, -4), (6, -4))","((0, 0), (1, 0), (2, 0), (3, 0), (3, -1), (3, -2), (4, -2), (4, -3), (4, -4), (5, -4))",0,2,2,10,,,goal,,False,1975
"((0, 0), (1, 0), (2, 0), (3, 0), (3, -1), (3, -2), (4, -2), (4, -3), (4, -4), (5, -4), (5, -5))","((0, 0), (1, 0), (2, 0), (3, 0), (3, -1), (3, -2), (4, -2), (4, -3), (4, -4), (5, -4))",0,2,2,10,,,goal,,False,1976
"((0, 0), (1, 0), (2, 0), (3, 0), (3, -1), (3, -2), (4, -2), (4, -3), (4, -4), (5, -4))","((0, 0), (1, 0), (2, 0), (3, 0), (3, -1), (3, -2), (4, -2), (4, -3), (4, -4))",0,2,2,9,3,1,expanded,False,,1977
"((0, 0), (1, 0), (2, 0), (3, 0), (3, -1), (3, -2), (4, -2), (4, -3), (4, -4), (3, -4), (3, -3))","((0, 0), (1, 0), (2, 0), (3, 0), (3, -1), (3, -2), (4, -2), (4, -3), (4, -4), (3, -4))",0,1,1,10,,,pruned,,,1978
"((0, 0), (1, 0), (2, 0), (3, 0), (3, -1), (3, -2), (4, -2), (4, -3), (4, -4), (3, -4), (2, -4))","((0, 0), (1, 0), (2, 0), (3, 0), (3, -1), (3, -2), (4, -2), (4, -3), (4, -4), (3, -4))",0,2,2,10,,,goal,,False,1979
"((0, 0), (1, 0), (2, 0), (3, 0), (3, -1), (3, -2), (4, -2), (4, -3), (4, -4), (3, -4), (3, -5))","((0, 0), (1, 0), (2, 0), (3, 0), (3, -1), (3, -2), (4, -2), (4, -3), (4, -4), (3, -4))",0,2,2,10,,,goal,,False,1980
"((0, 0), (1, 0), (2, 0), (3, 0), (3, -1), (3, -2), (4, -2), (4, -3), (4, -4), (3, -4))","((0, 0), (1, 0), (2, 0), (3, 0), (3, -1), (3, -2), (4, -2), (4, -3), (4, -4))",0,2,2,9,3,1,expanded,False,,1981
"((0, 0), (1, 0), (2, 0), (3, 0), (3, -1), (3, -2), (4, -2), (4, -3), (4, -4), (4, -5), (5, -5))","((0, 0), (1, 0), (2, 0), (3, 0), (3, -1), (3, -2), (4, -2), (4, -3), (4, -4), (4, -5))",0,2,2,10,,,goal,,False,1982
"((0, 0), (1, 0), (2, 0), (3, 0), (3, -1), (3, -2), (4, -2), (4, -3), (4, -4), (4, -5), (3, -5))","((0, 0), (1, 0), (2, 0), (3, 0), (3, -1), (3, -2), (4, -2), (4, -3), (4, -4), (4, -5))",0,2,2,10,,,goal,,False,1983
"((0, 0), (1, 0), (2, 0), (3, 0), (3, -1), (3, -2), (4, -2), (4, -3), (4, -4), (4, -5), (4, -6))","((0, 0), (1, 0), (2, 0), (3, 0), (3, -1), (3, -2), (4, -2), (4, -3), (4, -4), (4, -5))",0,2,2,10,,,goal,,False,1984
"((0, 0), (1, 0), (2, 0), (3, 0), (3, -1), (3, -2), (4, -2), (4, -3), (4, -4), (4, -5))","((0, 0), (1, 0), (2, 0), (3, 0), (3, -1), (3, -2), (4, -2), (4, -3), (4, -4))",0,2,2,9,3,0,expanded,False,,1985
"((0, 0), (1, 0), (2, 0), (3, 0), (3, -1), (3, -2), (4, -2), (4, -3), (4, -4))","((0, 0), (1, 0), (2, 0), (3, 0), (3, -1), (3, -2), (4, -2), (4, -3))",0,2,2,8,3,0,expanded,False,,1986
"((0, 0), (1, 0), (2, 0), (3, 0), (3, -1), (3, -2), (4, -2), (4, -3))","((0, 0), (1, 0), (2, 0), (3, 0), (3, -1), (3, -2), (4, -2))",0,3,3,7,3,0,expanded,False,,1987
"((0, 0), (1, 0), (2, 0), (3, 0), (3, -1), (3, -2), (4, -2))","((0, 0), (1, 0), (2, 0), (3, 0), (3, -1), (3, -2))",0,2,2,6,3,0,expanded,False,,1988
"((0, 0), (1, 0), (2, 0), (3, 0), (3, -1), (3, -2), (2, -2), (2, -1), (1, -1))","((0, 0), (1, 0), (2, 0), (3, 0), (3, -1), (3, -2), (2, -2), (2, -1))",1,0,1,8,,,pruned,,,1989
"((0, 0), (1, 0), (2, 0), (3, 0), (3, -1), (3, -2), (2, -2), (2, -1))","((0, 0), (1, 0), (2, 0), (3, 0), (3, -1), (3, -2), (2, -2))",1,1,2,7,1,1,expanded,True,,1990
"((0, 0), (1, 0), (2, 0), (3, 0), (3, -1), (3, -2), (2, -2), (1, -2), (0, -2), (0, -1), (1, -1))","((0, 0), (1, 0), (2, 0), (3, 0), (3, -1), (3, -2), (2, -2), (1, -2), (0, -2), (0, -1))",0,1,1,10,,,pruned,,,1991
"((0, 0), (1, 0), (2, 0), (3, 0), (3, -1), (3, -2), (2, -2), (1, -2), (0, -2), (0, -1), (-1, -1))","((0, 0), (1, 0), (2, 0), (3, 0), (3, -1), (3, -2), (2, -2), (1, -2), (0, -2), (0, -1))",0,2,2,10,,,goal,,False,1992
"((0, 0), (1, 0), (2, 0), (3, 0), (3, -1), (3, -2), (2, -2), (1, -2), (0, -2), (0, -1))","((0, 0), (1, 0), (2, 0), (3, 0), (3, -1), (3, -2), (2, -2), (1, -2), (0, -2))",0,2,2,9,2,1,expanded,False,,1993
"((0, 0), (1, 0), (2, 0), (3, 0), (3, -1), (3, -2), (2, -2), (1, -2), (0, -2), (-1, -2), (-2, -2))","((0, 0), (1, 0), (2, 0), (3, 0), (3, -1), (3, -2), (2, -2), (1, -2), (0, -2), (-1, -2))",0,2,2,10,,,goal,,False,1994
"((0, 0), (1, 0), (2, 0), (3, 0), (3, -1), (3, -2), (2, -2), (1, -2), (0, -2), (-1, -2), (-1, -1))","((0, 0), (1, 0), (2, 0), (3, 0), (3, -1), (3, -2), (2, -2), (1, -2), (0, -2), (-1, -2))",0,2,2,10,,,goal,,False,1995
"((0, 0), (1, 0), (2, 0), (3, 0), (3, -1), (3, -2), (2, -2), (1, -2), (0, -2), (-1, -2), (-1, -3))","((0, 0), (1, 0), (2, 0), (3, 0), (3, -1), (3, -2), (2, -2), (1, -2), (0, -2), (-1, -2))",0,2,2,10,,,goal,,False,1996
"((0, 0), (1, 0), (2, 0), (3, 0), (3, -1), (3, -2), (2, -2), (1, -2), (0, -2), (-1, -2))","((0, 0), (1, 0), (2, 0), (3, 0), (3, -1), (3, -2), (2, -2), (1, -2), (0, -2))",0,2,2,9,3,0,expanded,False,,1997
"((0, 0), (1, 0), (2, 0), (3, 0), (3, -1), (3, -2), (2, -2), (1, -2), (0, -2), (0, -3), (1, -3))","((0, 0), (1, 0), (2, 0), (3, 0), (3, -1), (3, -2), (2, -2), (1, -2), (0, -2), (0, -3))",0,1,1,10,,,pruned,,,1998
"((0, 0), (1, 0), (2, 0), (3, 0), (3, -1), (3, -2), (2, -2), (1, -2), (0, -2), (0, -3), (-1, -3))","((0, 0), (1, 0), (2, 0), (3, 0), (3, -1), (3, -2), (2, -2), (1, -2), (0, -2), (0, -3))",0,2,2,10,,,goal,,False,1999
"((0, 0), (1, 0), (2, 0), (3, 0), (3, -1), (3, -2), (2, -2), (1, -2), (0, -2), (0, -3), (0, -4))","((0, 0), (1, 0), (2, 0), (3, 0), (3, -1), (3, -2), (2, -2), (1, -2), (0, -2), (0, -3))",0,2,2,10,,,goal,,False,2000
"((0, 0), (1, 0), (2, 0), (3, 0), (3, -1), (3, -2), (2, -2), (1, -2), (0, -2), (0, -3))","((0, 0), (1, 0), (2, 0), (3, 0), (3, -1), (3, -2), (2, -2), (1, -2), (0, -2))",0,2,2,9,3,1,expanded,False,,2001
"((0, 0), (1, 0), (2, 0), (3, 0), (3, -1), (3, -2), (2, -2), (1, -2), (0, -2))","((0, 0), (1, 0), (2, 0), (3, 0), (3, -1), (3, -2), (2, -2), (1, -2))",0,2,2,8,3,0,expanded,False,,2002
"((0, 0), (1, 0), (2, 0), (3, 0), (3, -1), (3, -2), (2, -2), (1, -2), (1, -1), (2, -1))","((0, 0), (1, 0), (2, 0), (3, 0), (3, -1), (3, -2), (2, -2), (1, -2), (1, -1))",0,2,2,9,0,0,expanded,True,,2003
"((0, 0), (1, 0), (2, 0), (3, 0), (3, -1), (3, -2), (2, -2), (1, -2), (1, -1), (0, -1), (0, -2))","((0, 0), (1, 0), (2, 0), (3, 0), (3, -1), (3, -2), (2, -2), (1, -2), (1, -1), (0, -1))",0,1,1,10,,,pruned,,,2004
"((0, 0), (1, 0), (2, 0), (3, 0), (3, -1), (3, -2), (2, -2), (1, -2), (1, -1), (0, -1), (-1, -1))","((0, 0), (1, 0), (2, 0), (3, 0), (3, -1), (3, -2), (2, -2), (1, -2), (1, -1), (0, -1))",0,2,2,10,,,goal,,False,2005
"((0, 0), (1, 0), (2, 0), (3, 0), (3, -1), (3, -2), (2, -2), (1, -2), (1, -1), (0, -1))","((0, 0), (1, 0), (2, 0), (3, 0), (3, -1), (3, -2), (2, -2), (1, -2), (1, -1))",0,2,2,9,2,1,expanded,False,,2006
"((0, 0), (1, 0), (2, 0), (3, 0), (3, -1), (3, -2), (2, -2), (1, -2), (1, -1))","((0, 0), (1, 0), (2, 0), (3, 0), (3, -1), (3, -2), (2, -2), (1, -2))",0,2,2,8,2,0,expanded,False,,2007
"((0, 0), (1, 0), (2, 0), (3, 0), (3, -1), (3, -2), (2, -2), (1, -2), (1, -3), (2, -3), (3, -3))","((0, 0), (1, 0), (2, 0), (3, 0), (3, -1), (3, -2), (2, -2), (1, -2), (1, -3), (2, -3))",0,2,2,10,,,goal,,False,2008
"((0, 0), (1, 0), (2, 0), (3, 0), (3, -1), (3, -2), (2, -2), (1, -2), (1, -3), (2, -3), (2, -4))","((0, 0), (1, 0), (2, 0), (3, 0), (3, -1), (3, -2), (2, -2), (1, -2), (1, -3), (2, -3))",0,2,2,10,,,goal,,False,2009
"((0, 0), (1, 0), (2, 0), (3, 0), (3, -1), (3, -2), (2, -2), (1, -2), (1, -3), (2, -3))","((0, 0), (1, 0), (2, 0), (3, 0), (3, -1), (3, -2), (2, -2), (1, -2), (1, -3))",0,2,2,9,2,0,expanded,False,,2010
"((0, 0), (1, 0), (2, 0), (3, 0), (3, -1), (3, -2), (2, -2), (1, -2), (1, -3), (0, -3), (0, -2))","((0, 0), (1, 0), (2, 0), (3, 0), (3, -1), (3, -2), (2, -2), (1, -2), (1, -3), (0, -3))",0,1,1,10,,,pruned,,,2011
"((0, 0), (1, 0), (2, 0), (3, 0), (3, -1), (3, -2), (2, -2), (1, -2), (1, -3), (0, -3), (-1, -3))","((0, 0), (1, 0), (2, 0), (3, 0), (3, -1), (3, -2), (2, -2), (1, -2), (1, -3), (0, -3))",0,2,2,10,,,goal,,False,2012
"((0, 0), (1, 0), (2, 0), (3, 0), (3, -1), (3, -2), (2, -2), (1, -2), (1, -3), (0, -3), (0, -4))","((0, 0), (1, 0), (2, 0), (3, 0), (3, -1), (3, -2), (2, -2), (1, -2), (1, -3), (0, -3))",0,2,2,10,,,goal,,False,2013
"((0, 0), (1, 0), (2, 0), (3, 0), (3, -1), (3, -2), (2, -2), (1, -2), (1, -3), (0, -3))","((0, 0), (1, 0), (2, 0), (3, 0), (3, -1), (3, -2), (2, -2), (1, -2), (1, -3))",0,2,2,9,3,1,expanded,False,,2014
"((0, 0), (1, 0), (2, 0), (3, 0), (3, -1), (3, -2), (2, -2), (1, -2), (1, -3), (1, -4), (2, -4))","((0, 0), (1, 0), (2, 0), (3, 0), (3, -1), (3, -2), (2, -2), (1, -2), (1, -3), (1, -4))",0,2,2,10,,,goal,,False,2015
"((0, 0), (1, 0), (2, 0), (3, 0), (3, -1), (3, -2), (2, -2), (1, -2), (1, -3), (1, -4), (0, -4))","((0, 0), (1, 0), (2, 0), (3, 0), (3, -1), (3, -2), (2, -2), (1, -2), (1, -3), (1, -4))",0,2,2,10,,,goal,,False,2016
"((0, 0), (1, 0), (2, 0), (3, 0), (3, -1), (3, -2), (2, -2), (1, -2), (1, -3), (1, -4), (1, -5))","((0, 0), (1, 0), (2, 0), (3, 0), (3, -1), (3, -2), (2, -2), (1, -2), (1, -3), (1, -4))",0,2,2,10,,,goal,,False,2017
"((0, 0), (1, 0), (2, 0), (3, 0), (3, -1), (3, -2), (2, -2), (1, -2), (1, -3), (1, -4))","((0, 0), (1, 0), (2, 0), (3, 0), (3, -1), (3, -2), (2, -2), (1, -2), (1, -3))",0,2,2,9,3,0,expanded,False,,2018
"((0, 0), (1, 0), (2, 0), (3, 0), (3, -1), (3, -2), (2, -2), (1, -2), (1, -3))","((0, 0), (1, 0), (2, 0), (3, 0), (3, -1), (3, -2), (2, -2), (1, -2))",0,2,2,8,3,0,expanded,False,,2019
"((0, 0), (1, 0), (2, 0), (3, 0), (3, -1), (3, -2), (2, -2), (1, -2))","((0, 0), (1, 0), (2, 0), (3, 0), (3, -1), (3, -2), (2, -2))",0,3,3,7,3,0,expanded,False,,2020
"((0, 0), (1, 0), (2, 0), (3, 0), (3, -1), (3, -2), (2, -2), (2, -3), (3, -3), (4, -3), (5, -3))","((0, 0), (1, 0), (2, 0), (3, 0), (3, -1), (3, -2), (2, -2), (2, -3), (3, -3), (4, -3))",0,2,2,10,,,goal,,False,2021
"((0, 0), (1, 0), (2, 0), (3, 0), (3, -1), (3, -2), (2, -2), (2, -3), (3, -3), (4, -3), (4, -2))","((0, 0), (1, 0), (2, 0), (3, 0), (3, -1), (3, -2), (2, -2), (2, -3), (3, -3), (4, -3))",0,2,2,10,,,goal,,False,2022
"((0, 0), (1, 0), (2, 0), (3, 0), (3, -1), (3, -2), (2, -2), (2, -3), (3, -3), (4, -3), (4, -4))","((0, 0), (1, 0), (2, 0), (3, 0), (3, -1), (3, -2), (2, -2), (2, -3), (3, -3), (4, -3))",0,2,2,10,,,goal,,False,2023
"((0, 0), (1, 0), (2, 0), (3, 0), (3, -1), (3, -2), (2, -2), (2, -3), (3, -3), (4, -3))","((0, 0), (1, 0), (2, 0), (3, 0), (3, -1), (3, -2), (2, -2), (2, -3), (3, -3))",0,2,2,9,3,0,expanded,False,,2024
"((0, 0), (1, 0), (2, 0), (3, 0), (3, -1), (3, -2), (2, -2), (2, -3), (3, -3), (3, -4), (2, -4))","((0, 0), (1, 0), (2, 0), (3, 0), (3, -1), (3, -2), (2, -2), (2, -3), (3, -3), (3, -4))",0,1,1,10,,,pruned,,,2025
"((0, 0), (1, 0), (2, 0), (3, 0), (3, -1), (3, -2), (2, -2), (2, -3), (3, -3), (3, -4), (4, -4))","((0, 0), (1, 0), (2, 0), (3, 0), (3, -1), (3, -2), (2, -2), (2, -3), (3, -3), (3, -4))",0,2,2,10,,,goal,,False,2026
"((0, 0), (1, 0), (2, 0), (3, 0), (3, -1), (3, -2), (2, -2), (2, -3), (3, -3), (3, -4), (3, -5))","((0, 0), (1, 0), (2, 0), (3, 0), (3, -1), (3, -2), (2, -2), (2, -3), (3, -3), (3, -4))",0,2,2,10,,,goal,,False,2027
"((0, 0), (1, 0), (2, 0), (3, 0), (3, -1), (3, -2), (2, -2), (2, -3), (3, -3), (3, -4))","((0, 0), (1, 0), (2, 0), (3, 0), (3, -1), (3, -2), (2, -2), (2, -3), (3, -3))",0,2,2,9,3,1,expanded,False,,2028
"((0, 0), (1, 0), (2, 0), (3, 0), (3, -1), (3, -2), (2, -2), (2, -3), (3, -3))","((0, 0), (1, 0), (2, 0), (3, 0), (3, -1), (3, -2), (2, -2), (2, -3))",0,2,2,8,2,0,expanded,False,,2029
"((0, 0), (1, 0), (2, 0), (3, 0), (3, -1), (3, -2), (2, -2), (2, -3), (1, -3), (1, -2), (0, -2))","((0, 0), (1, 0), (2, 0), (3, 0), (3, -1), (3, -2), (2, -2), (2, -3), (1, -3), (1, -2))",0,2,2,10,,,goal,,False,2030
"((0, 0), (1, 0), (2, 0), (3, 0), (3, -1), (3, -2), (2, -2), (2, -3), (1, -3), (1, -2), (1, -1))","((0, 0), (1, 0), (2, 0), (3, 0), (3, -1), (3, -2), (2, -2), (2, -3), (1, -3), (1, -2))",0,2,2,10,,,goal,,False,2031
"((0, 0), (1, 0), (2, 0), (3, 0), (3, -1), (3, -2), (2, -2), (2, -3), (1, -3), (1, -2))","((0, 0), (1, 0), (2, 0), (3, 0), (3, -1), (3, -2), (2, -2), (2, -3), (1, -3))",0,2,2,9,2,0,expanded,False,,2032
"((0, 0), (1, 0), (2, 0), (3, 0), (3, -1), (3, -2), (2, -2), (2, -3), (1, -3), (0, -3), (-1, -3))","((0, 0), (1, 0), (2, 0), (3, 0), (3, -1), (3, -2), (2, -2), (2, -3), (1, -3), (0, -3))",0,2,2,10,,,goal,,False,2033
"((0, 0), (1, 0), (2, 0), (3, 0), (3, -1), (3, -2), (2, -2), (2, -3), (1, -3), (0, -3), (0, -2))","((0, 0), (1, 0), (2, 0), (3, 0), (3, -1), (3, -2), (2, -2), (2, -3), (1, -3), (0, -3))",0,2,2,10,,,goal,,False,2034
"((0, 0), (1, 0), (2, 0), (3, 0), (3, -1), (3, -2), (2, -2), (2, -3), (1, -3), (0, -3), (0, -4))","((0, 0), (1, 0), (2, 0), (3, 0), (3, -1), (3, -2), (2, -2), (2, -3), (1, -3), (0, -3))",0,2,2,10,,,goal,,False,2035
"((0, 0), (1, 0), (2, 0), (3, 0), (3, -1), (3, -2), (2, -2), (2, -3), (1, -3), (0, -3))","((0, 0), (1, 0), (2, 0), (3, 0), (3, -1), (3, -2), (2, -2), (2, -3), (1, -3))",0,2,2,9,3,0,expanded,False,,2036
"((0, 0), (1, 0), (2, 0), (3, 0), (3, -1), (3, -2), (2, -2), (2, -3), (1, -3), (1, -4), (2, -4))","((0, 0), (1, 0), (2, 0), (3, 0), (3, -1), (3, -2), (2, -2), (2, -3), (1, -3), (1, -4))",0,1,1,10,,,pruned,,,2037
"((0, 0), (1, 0), (2, 0), (3, 0), (3, -1), (3, -2), (2, -2), (2, -3), (1, -3), (1, -4), (0, -4))","((0, 0), (1, 0), (2, 0), (3, 0), (3, -1), (3, -2), (2, -2), (2, -3), (1, -3), (1, -4))",0,2,2,10,,,goal,,False,2038
"((0, 0), (1, 0), (2, 0), (3, 0), (3, -1), (3, -2), (2, -2), (2, -3), (1, -3), (1, -4), (1, -5))","((0, 0), (1, 0), (2, 0), (3, 0), (3, -1), (3, -2), (2, -2), (2, -3), (1, -3), (1, -4))",0,2,2,10,,,goal,,False,2039
"((0, 0), (1, 0), (2, 0), (3, 0), (3, -1), (3, -2), (2, -2), (2, -3), (1, -3), (1, -4))","((0, 0), (1, 0), (2, 0), (3, 0), (3, -1), (3, -2), (2, -2), (2, -3), (1, -3))",0,2,2,9,3,1,expanded,False,,2040
"((0, 0), (1, 0), (2, 0), (3, 0), (3, -1), (3, -2), (2, -2), (2, -3), (1, -3))","((0, 0), (1, 0), (2, 0), (3, 0), (3, -1), (3, -2), (2, -2), (2, -3))",0,2,2,8,3,0,expanded,False,,2041
"((0, 0), (1, 0), (2, 0), (3, 0), (3, -1), (3, -2), (2, -2), (2, -3), (2, -4), (3, -4), (3, -3))","((0, 0), (1, 0), (2, 0), (3, 0), (3, -1), (3, -2), (2, -2), (2, -3), (2, -4), (3, -4))",0,1,1,10,,,pruned,,,2042
"((0, 0), (1, 0), (2, 0), (3, 0), (3, -1), (3, -2), (2, -2), (2, -3), (2, -4), (3, -4), (4, -4))","((0, 0), (1, 0), (2, 0), (3, 0), (3, -1), (3, -2), (2, -2), (2, -3), (2, -4), (3, -4))",0,2,2,10,,,goal,,False,2043
"((0, 0), (1, 0), (2, 0), (3, 0), (3, -1), (3, -2), (2, -2), (2, -3), (2, -4), (3, -4), (3, -5))","((0, 0), (1, 0), (2, 0), (3, 0), (3, -1), (3, -2), (2, -2), (2, -3), (2, -4), (3, -4))",0,2,2,10,,,goal,,False,2044
"((0, 0), (1, 0), (2, 0), (3, 0), (3, -1), (3, -2), (2, -2), (2, -3), (2, -4), (3, -4))","((0, 0), (1, 0), (2, 0), (3, 0), (3, -1), (3, -2), (2, -2), (2, -3), (2, -4))",0,2,2,9,3,1,expanded,False,,2045
"((0, 0), (1, 0), (2, 0), (3, 0), (3, -1), (3, -2), (2, -2), (2, -3), (2, -4), (1, -4), (1, -3))","((0, 0), (1, 0), (2, 0), (3, 0), (3, -1), (3, -2), (2, -2), (2, -3), (2, -4), (1, -4))",0,1,1,10,,,pruned,,,2046
"((0, 0), (1, 0), (2, 0), (3, 0), (3, -1), (3, -2), (2, -2), (2, -3), (2, -4), (1, -4), (0, -4))","((0, 0), (1, 0), (2, 0), (3, 0), (3, -1), (3, -2), (2, -2), (2, -3), (2, -4), (1, -4))",0,2,2,10,,,goal,,False,2047
"((0, 0), (1, 0), (2, 0), (3, 0), (3, -1), (3, -2), (2, -2), (2, -3), (2, -4), (1, -4), (1, -5))","((0, 0), (1, 0), (2, 0), (3, 0), (3, -1), (3, -2), (2, -2), (2, -3), (2, -4), (1, -4))",0,2,2,10,,,goal,,False,2048
"((0, 0), (1, 0), (2, 0), (3, 0), (3, -1), (3, -2), (2, -2), (2, -3), (2, -4), (1, -4))","((0, 0), (1, 0), (2, 0), (3, 0), (3, -1), (3, -2), (2, -2), (2, -3), (2, -4))",0,2,2,9,3,1,expanded,False,,2049
"((0, 0), (1, 0), (2, 0), (3, 0), (3, -1), (3, -2), (2, -2), (2, -3), (2, -4), (2, -5), (3, -5))","((0, 0), (1, 0), (2, 0), (3, 0), (3, -1), (3, -2), (2, -2), (2, -3), (2, -4), (2, -5))",0,2,2,10,,,goal,,False,2050
"((0, 0), (1, 0), (2, 0), (3, 0), (3, -1), (3, -2), (2, -2), (2, -3), (2, -4), (2, -5), (1, -5))","((0, 0), (1, 0), (2, 0), (3, 0), (3, -1), (3, -2), (2, -2), (2, -3), (2, -4), (2, -5))",0,2,2,10,,,goal,,False,2051
"((0, 0), (1, 0), (2, 0), (3, 0), (3, -1), (3, -2), (2, -2), (2, -3), (2, -4), (2, -5), (2, -6))","((0, 0), (1, 0), (2, 0), (3, 0), (3, -1), (3, -2), (2, -2), (2, -3), (2, -4), (2, -5))",0,2,2,10,,,goal,,False,2052
"((0, 0), (1, 0), (2, 0), (3, 0), (3, -1), (3, -2), (2, -2), (2, -3), (2, -4), (2, -5))","((0, 0), (1, 0), (2, 0), (3, 0), (3, -1), (3, -2), (2, -2), (2, -3), (2, -4))",0,2,2,9,3,0,expanded,False,,2053
"((0, 0), (1, 0), (2, 0), (3, 0), (3, -1), (3, -2), (2, -2), (2, -3), (2, -4))","((0, 0), (1, 0), (2, 0), (3, 0), (3, -1), (3, -2), (2, -2), (2, -3))",0,2,2,8,3,0,expanded,False,,2054
"((0, 0), (1, 0), (2, 0), (3, 0), (3, -1), (3, -2), (2, -2), (2, -3))","((0, 0), (1, 0), (2, 0), (3, 0), (3, -1), (3, -2), (2, -2))",0,3,3,7,3,0,expanded,False,,2055
"((0, 0), (1, 0), (2, 0), (3, 0), (3, -1), (3, -2), (2, -2))","((0, 0), (1, 0), (2, 0), (3, 0), (3, -1), (3, -2))",0,2,2,6,3,0,expanded,False,,2056
"((0, 0), (1, 0), (2, 0), (3, 0), (3, -1), (3, -2), (3, -3), (4, -3), (5, -3), (6, -3), (7, -3))","((0, 0), (1, 0), (2, 0), (3, 0), (3, -1), (3, -2), (3, -3), (4, -3), (5, -3), (6, -3))",0,2,2,10,,,goal,,False,2057
"((0, 0), (1, 0), (2, 0), (3, 0), (3, -1), (3, -2), (3, -3), (4, -3), (5, -3), (6, -3), (6, -2))","((0, 0), (1, 0), (2, 0), (3, 0), (3, -1), (3, -2), (3, -3), (4, -3), (5, -3), (6, -3))",0,2,2,10,,,goal,,False,2058
"((0, 0), (1, 0), (2, 0), (3, 0), (3, -1), (3, -2), (3, -3), (4, -3), (5, -3), (6, -3), (6, -4))","((0, 0), (1, 0), (2, 0), (3, 0), (3, -1), (3, -2), (3, -3), (4, -3), (5, -3), (6, -3))",0,2,2,10,,,goal,,False,2059
"((0, 0), (1, 0), (2, 0), (3, 0), (3, -1), (3, -2), (3, -3), (4, -3), (5, -3), (6, -3))","((0, 0), (1, 0), (2, 0), (3, 0), (3, -1), (3, -2), (3, -3), (4, -3), (5, -3))",0,2,2,9,3,0,expanded,False,,2060
"((0, 0), (1, 0), (2, 0), (3, 0), (3, -1), (3, -2), (3, -3), (4, -3), (5, -3), (5, -2), (4, -2))","((0, 0), (1, 0), (2, 0), (3, 0), (3, -1), (3, -2), (3, -3), (4, -3), (5, -3), (5, -2))",0,1,1,10,,,pruned,,,2061
"((0, 0), (1, 0), (2, 0), (3, 0), (3, -1), (3, -2), (3, -3), (4, -3), (5, -3), (5, -2), (6, -2))","((0, 0), (1, 0), (2, 0), (3, 0), (3, -1), (3, -2), (3, -3), (4, -3), (5, -3), (5, -2))",0,2,2,10,,,goal,,False,2062
"((0, 0), (1, 0), (2, 0), (3, 0), (3, -1), (3, -2), (3, -3), (4, -3), (5, -3), (5, -2), (5, -1))","((0, 0), (1, 0), (2, 0), (3, 0), (3, -1), (3, -2), (3, -3), (4, -3), (5, -3), (5, -2))",0,2,2,10,,,goal,,False,2063
"((0, 0), (1, 0), (2, 0), (3, 0), (3, -1), (3, -2), (3, -3), (4, -3), (5, -3), (5, -2))","((0, 0), (1, 0), (2, 0), (3, 0), (3, -1), (3, -2), (3, -3), (4, -3), (5, -3))",0,2,2,9,3,1,expanded,False,,2064
"((0, 0), (1, 0), (2, 0), (3, 0), (3, -1), (3, -2), (3, -3), (4, -3), (5, -3), (5, -4), (4, -4))","((0, 0), (1, 0), (2, 0), (3, 0), (3, -1), (3, -2), (3, -3), (4, -3), (5, -3), (5, -4))",0,1,1,10,,,pruned,,,2065
"((0, 0), (1, 0), (2, 0), (3, 0), (3, -1), (3, -2), (3, -3), (4, -3), (5, -3), (5, -4), (6, -4))","((0, 0), (1, 0), (2, 0), (3, 0), (3, -1), (3, -2), (3, -3), (4, -3), (5, -3), (5, -4))",0,2,2,10,,,goal,,False,2066
"((0, 0), (1, 0), (2, 0), (3, 0), (3, -1), (3, -2), (3, -3), (4, -3), (5, -3), (5, -4), (5, -5))","((0, 0), (1, 0), (2, 0), (3, 0), (3, -1), (3, -2), (3, -3), (4, -3), (5, -3), (5, -4))",0,2,2,10,,,goal,,False,2067
"((0, 0), (1, 0), (2, 0), (3, 0), (3, -1), (3, -2), (3, -3), (4, -3), (5, -3), (5, -4))","((0, 0), (1, 0), (2, 0), (3, 0), (3, -1), (3, -2), (3, -3), (4, -3), (5, -3))",0,2,2,9,3,1,expanded,False,,2068
"((0, 0), (1, 0), (2, 0), (3, 0), (3, -1), (3, -2), (3, -3), (4, -3), (5, -3))","((0, 0), (1, 0), (2, 0), (3, 0), (3, -1), (3, -2), (3, -3), (4, -3))",0,2,2,8,3,0,expanded,False,,2069
"((0, 0), (1, 0), (2, 0), (3, 0), (3, -1), (3, -2), (3, -3), (4, -3), (4, -2), (4, -1), (5, -1))","((0, 0), (1, 0), (2, 0), (3, 0), (3, -1), (3, -2), (3, -3), (4, -3), (4, -2), (4, -1))",0,2,2,10,,,goal,,False,2070
"((0, 0), (1, 0), (2, 0), (3, 0), (3, -1), (3, -2), (3, -3), (4, -3), (4, -2), (4, -1), (4, 0))","((0, 0), (1, 0), (2, 0), (3, 0), (3, -1), (3, -2), (3, -3), (4, -3), (4, -2), (4, -1))",0,2,2,10,,,goal,,False,2071
"((0, 0), (1, 0), (2, 0), (3, 0), (3, -1), (3, -2), (3, -3), (4, -3), (4, -2), (4, -1))","((0, 0), (1, 0), (2, 0), (3, 0), (3, -1), (3, -2), (3, -3), (4, -3), (4, -2))",0,2,2,9,2,0,expanded,False,,2072
"((0, 0), (1, 0), (2, 0), (3, 0), (3, -1), (3, -2), (3, -3), (4, -3), (4, -2), (5, -2), (5, -3))","((0, 0), (1, 0), (2, 0), (3, 0), (3, -1), (3, -2), (3, -3), (4, -3), (4, -2), (5, -2))",0,1,1,10,,,pruned,,,2073
"((0, 0), (1, 0), (2, 0), (3, 0), (3, -1), (3, -2), (3, -3), (4, -3), (4, -2), (5, -2), (6, -2))","((0, 0), (1, 0), (2, 0), (3, 0), (3, -1), (3, -2), (3, -3), (4, -3), (4, -2), (5, -2))",0,2,2,10,,,goal,,False,2074
"((0, 0), (1, 0), (2, 0), (3, 0), (3, -1), (3, -2), (3, -3), (4, -3), (4, -2), (5, -2), (5, -1))","((0, 0), (1, 0), (2, 0), (3, 0), (3, -1), (3, -2), (3, -3), (4, -3), (4, -2), (5, -2))",0,2,2,10,,,goal,,False,2075
"((0, 0), (1, 0), (2, 0), (3, 0), (3, -1), (3, -2), (3, -3), (4, -3), (4, -2), (5, -2))","((0, 0), (1, 0), (2, 0), (3, 0), (3, -1), (3, -2), (3, -3), (4, -3), (4, -2))",0,2,2,9,3,1,expanded,False,,2076
"((0, 0), (1, 0), (2, 0), (3, 0), (3, -1), (3, -2), (3, -3), (4, -3), (4, -2))","((0, 0), (1, 0), (2, 0), (3, 0), (3, -1), (3, -2), (3, -3), (4, -3))",0,2,2,8,2,0,expanded,False,,2077
"((0, 0), (1, 0), (2, 0), (3, 0), (3, -1), (3, -2), (3, -3), (4, -3), (4, -4), (3, -4), (2, -4))","((0, 0), (1, 0), (2, 0), (3, 0), (3, -1), (3, -2), (3, -3), (4, -3), (4, -4), (3, -4))",0,2,2,10,,,goal,,False,2078
"((0, 0), (1, 0), (2, 0), (3, 0), (3, -1), (3, -2), (3, -3), (4, -3), (4, -4), (3, -4), (3, -5))","((0, 0), (1, 0), (2, 0), (3, 0), (3, -1), (3, -2), (3, -3), (4, -3), (4, -4), (3, -4))",0,2,2,10,,,goal,,False,2079
"((0, 0), (1, 0), (2, 0), (3, 0), (3, -1), (3, -2), (3, -3), (4, -3), (4, -4), (3, -4))","((0, 0), (1, 0), (2, 0), (3, 0), (3, -1), (3, -2), (3, -3), (4, -3), (4, -4))",0,2,2,9,2,0,expanded,False,,2080
"((0, 0), (1, 0), (2, 0), (3, 0), (3, -1), (3, -2), (3, -3), (4, -3), (4, -4), (5, -4), (5, -3))","((0, 0), (1, 0), (2, 0), (3, 0), (3, -1), (3, -2), (3, -3), (4, -3), (4, -4), (5, -4))",0,1,1,10,,,pruned,,,2081
"((0, 0), (1, 0), (2, 0), (3, 0), (3, -1), (3, -2), (3, -3), (4, -3), (4, -4), (5, -4), (6, -4))","((0, 0), (1, 0), (2, 0), (3, 0), (3, -1), (3, -2), (3, -3), (4, -3), (4, -4), (5, -4))",0,2,2,10,,,goal,,False,2082
"((0, 0), (1, 0), (2, 0), (3, 0), (3, -1), (3, -2), (3, -3), (4, -3), (4, -4), (5, -4), (5, -5))","((0, 0), (1, 0), (2, 0), (3, 0), (3, -1), (3, -2), (3, -3), (4, -3), (4, -4), (5, -4))",0,2,2,10,,,goal,,False,2083
"((0, 0), (1, 0), (2, 0), (3, 0), (3, -1), (3, -2), (3, -3), (4, -3), (4, -4), (5, -4))","((0, 0), (1, 0), (2, 0), (3, 0), (3, -1), (3, -2), (3, -3), (4, -3), (4, -4))",0,2,2,9,3,1,expanded,False,,2084
"((0, 0), (1, 0), (2, 0), (3, 0), (3, -1), (3, -2), (3, -3), (4, -3), (4, -4), (4, -5), (5, -5))","((0, 0), (1, 0), (2, 0), (3, 0), (3, -1), (3, -2), (3, -3), (4, -3), (4, -4), (4, -5))",0,2,2,10,,,goal,,False,2085
"((0, 0), (1, 0), (2, 0), (3, 0), (3, -1), (3, -2), (3, -3), (4, -3), (4, -4), (4, -5), (3, -5))","((0, 0), (1, 0), (2, 0), (3, 0), (3, -1), (3, -2), (3, -3), (4, -3), (4, -4), (4, -5))",0,2,2,10,,,goal,,False,2086
"((0, 0), (1, 0), (2, 0), (3, 0), (3, -1), (3, -2), (3, -3), (4, -3), (4, -4), (4, -5), (4, -6))","((0, 0), (1, 0), (2, 0), (3, 0), (3, -1), (3, -2), (3, -3), (4, -3), (4, -4), (4, -5))",0,2,2,10,,,goal,,False,2087
"((0, 0), (1, 0), (2, 0), (3, 0), (3, -1), (3, -2), (3, -3), (4, -3), (4, -4), (4, -5))","((0, 0), (1, 0), (2, 0), (3, 0), (3, -1), (3, -2), (3, -3), (4, -3), (4, -4))",0,2,2,9,3,0,expanded,False,,2088
"((0, 0), (1, 0), (2, 0), (3, 0), (3, -1), (3, -2), (3, -3), (4, -3), (4, -4))","((0, 0), (1, 0), (2, 0), (3, 0), (3, -1), (3, -2), (3, -3), (4, -3))",0,2,2,8,3,0,expanded,False,,2089
"((0, 0), (1, 0), (2, 0), (3, 0), (3, -1), (3, -2), (3, -3), (4, -3))","((0, 0), (1, 0), (2, 0), (3, 0), (3, -1), (3, -2), (3, -3))",0,3,3,7,3,0,expanded,False,,2090
"((0, 0), (1, 0), (2, 0), (3, 0), (3, -1), (3, -2), (3, -3), (2, -3), (1, -3), (0, -3), (-1, -3))","((0, 0), (1, 0), (2, 0), (3, 0), (3, -1), (3, -2), (3, -3), (2, -3), (1, -3), (0, -3))",0,2,2,10,,,goal,,False,2091
"((0, 0), (1, 0), (2, 0), (3, 0), (3, -1), (3, -2), (3, -3), (2, -3), (1, -3), (0, -3), (0, -2))","((0, 0), (1, 0), (2, 0), (3, 0), (3, -1), (3, -2), (3, -3), (2, -3), (1, -3), (0, -3))",0,2,2,10,,,goal,,False,2092
"((0, 0), (1, 0), (2, 0), (3, 0), (3, -1), (3, -2), (3, -3), (2, -3), (1, -3), (0, -3), (0, -4))","((0, 0), (1, 0), (2, 0), (3, 0), (3, -1), (3, -2), (3, -3), (2, -3), (1, -3), (0, -3))",0,2,2,10,,,goal,,False,2093
"((0, 0), (1, 0), (2, 0), (3, 0), (3, -1), (3, -2), (3, -3), (2, -3), (1, -3), (0, -3))","((0, 0), (1, 0), (2, 0), (3, 0), (3, -1), (3, -2), (3, -3), (2, -3), (1, -3))",0,2,2,9,3,0,expanded,False,,2094
"((0, 0), (1, 0), (2, 0), (3, 0), (3, -1), (3, -2), (3, -3), (2, -3), (1, -3), (1, -2), (2, -2))","((0, 0), (1, 0), (2, 0), (3, 0), (3, -1), (3, -2), (3, -3), (2, -3), (1, -3), (1, -2))",0,1,1,10,,,pruned,,,2095
"((0, 0), (1, 0), (2, 0), (3, 0), (3, -1), (3, -2), (3, -3), (2, -3), (1, -3), (1, -2), (0, -2))","((0, 0), (1, 0), (2, 0), (3, 0), (3, -1), (3, -2), (3, -3), (2, -3), (1, -3), (1, -2))",0,2,2,10,,,goal,,False,2096
"((0, 0), (1, 0), (2, 0), (3, 0), (3, -1), (3, -2), (3, -3), (2, -3), (1, -3), (1, -2), (1, -1))","((0, 0), (1, 0), (2, 0), (3, 0), (3, -1), (3, -2), (3, -3), (2, -3), (1, -3), (1, -2))",0,2,2,10,,,goal,,False,2097
"((0, 0), (1, 0), (2, 0), (3, 0), (3, -1), (3, -2), (3, -3), (2, -3), (1, -3), (1, -2))","((0, 0), (1, 0), (2, 0), (3, 0), (3, -1), (3, -2), (3, -3), (2, -3), (1, -3))",0,2,2,9,3,1,expanded,False,,2098
"((0, 0), (1, 0), (2, 0), (3, 0), (3, -1), (3, -2), (3, -3), (2, -3), (1, -3), (1, -4), (2, -4))","((0, 0), (1, 0), (2, 0), (3, 0), (3, -1), (3, -2), (3, -3), (2, -3), (1, -3), (1, -4))",0,1,1,10,,,pruned,,,2099
"((0, 0), (1, 0), (2, 0), (3, 0), (3, -1), (3, -2), (3, -3), (2, -3), (1, -3), (1, -4), (0, -4))","((0, 0), (1, 0), (2, 0), (3, 0), (3, -1), (3, -2), (3, -3), (2, -3), (1, -3), (1, -4))",0,2,2,10,,,goal,,False,2100
"((0, 0), (1, 0), (2, 0), (3, 0), (3, -1), (3, -2), (3, -3), (2, -3), (1, -3), (1, -4), (1, -5))","((0, 0), (1, 0), (2, 0), (3, 0), (3, -1), (3, -2), (3, -3), (2, -3), (1, -3), (1, -4))",0,2,2,10,,,goal,,False,2101
"((0, 0), (1, 0), (2, 0), (3, 0), (3, -1), (3, -2), (3, -3), (2, -3), (1, -3), (1, -4))","((0, 0), (1, 0), (2, 0), (3, 0), (3, -1), (3, -2), (3, -3), (2, -3), (1, -3))",0,2,2,9,3,1,expanded,False,,2102
"((0, 0), (1, 0), (2, 0), (3, 0), (3, -1), (3, -2), (3, -3), (2, -3), (1, -3))","((0, 0), (1, 0), (2, 0), (3, 0), (3, -1), (3, -2), (3, -3), (2, -3))",0,2,2,8,3,0,expanded,False,,2103
"((0, 0), (1, 0), (2, 0), (3, 0), (3, -1), (3, -2), (3, -3), (2, -3), (2, -2), (2, -1), (1, -1))","((0, 0), (1, 0), (2, 0), (3, 0), (3, -1), (3, -2), (3, -3), (2, -3), (2, -2), (2, -1))",0,2,2,10,,,goal,,False,2104
"((0, 0), (1, 0), (2, 0), (3, 0), (3, -1), (3, -2), (3, -3), (2, -3), (2, -2), (2, -1))","((0, 0), (1, 0), (2, 0), (3, 0), (3, -1), (3, -2), (3, -3), (2, -3), (2, -2))",0,2,2,9,1,0,expanded,False,,2105
"((0, 0), (1, 0), (2, 0), (3, 0), (3, -1), (3, -2), (3, -3), (2, -3), (2, -2), (1, -2), (1, -3))","((0, 0), (1, 0), (2, 0), (3, 0), (3, -1), (3, -2), (3, -3), (2, -3), (2, -2), (1, -2))",0,1,1,10,,,pruned,,,2106
"((0, 0), (1, 0), (2, 0), (3, 0), (3, -1), (3, -2), (3, -3), (2, -3), (2, -2), (1, -2), (0, -2))","((0, 0), (1, 0), (2, 0), (3, 0), (3, -1), (3, -2), (3, -3), (2, -3), (2, -2), (1, -2))",0,2,2,10,,,goal,,False,2107
"((0, 0), (1, 0), (2, 0), (3, 0), (3, -1), (3, -2), (3, -3), (2, -3), (2, -2), (1, -2), (1, -1))","((0, 0), (1, 0), (2, 0), (3, 0), (3, -1), (3, -2), (3, -3), (2, -3), (2, -2), (1, -2))",0,2,2,10,,,goal,,False,2108
"((0, 0), (1, 0), (2, 0), (3, 0), (3, -1), (3, -2), (3, -3), (2, -3), (2, -2), (1, -2))","((0, 0), (1, 0), (2, 0), (3, 0), (3, -1), (3, -2), (3, -3), (2, -3), (2, -2))",0,2,2,9,3,1,expanded,False,,2109
"((0, 0), (1, 0), (2, 0), (3, 0), (3, -1), (3, -2), (3, -3), (2, -3), (2, -2))","((0, 0), (1, 0), (2, 0), (3, 0), (3, -1), (3, -2), (3, -3), (2, -3))",0,2,2,8,2,0,expanded,False,,2110
"((0, 0), (1, 0), (2, 0), (3, 0), (3, -1), (3, -2), (3, -3), (2, -3), (2, -4), (3, -4), (4, -4))","((0, 0), (1, 0), (2, 0), (3, 0), (3, -1), (3, -2), (3, -3), (2, -3), (2, -4), (3, -4))",0,2,2,10,,,goal,,False,2111
"((0, 0), (1, 0), (2, 0), (3, 0), (3, -1), (3, -2), (3, -3), (2, -3), (2, -4), (3, -4), (3, -5))","((0, 0), (1, 0), (2, 0), (3, 0), (3, -1), (3, -2), (3, -3), (2, -3), (2, -4), (3, -4))",0,2,2,10,,,goal,,False,2112
"((0, 0), (1, 0), (2, 0), (3, 0), (3, -1), (3, -2), (3, -3), (2, -3), (2, -4), (3, -4))","((0, 0), (1, 0), (2, 0), (3, 0), (3, -1), (3, -2), (3, -3), (2, -3), (2, -4))",0,2,2,9,2,0,expanded,False,,2113
"((0, 0), (1, 0), (2, 0), (3, 0), (3, -1), (3, -2), (3, -3), (2, -3), (2, -4), (1, -4), (1, -3))","((0, 0), (1, 0), (2, 0), (3, 0), (3, -1), (3, -2), (3, -3), (2, -3), (2, -4), (1, -4))",0,1,1,10,,,pruned,,,2114
"((0, 0), (1, 0), (2, 0), (3, 0), (3, -1), (3, -2), (3, -3), (2, -3), (2, -4), (1, -4), (0, -4))","((0, 0), (1, 0), (2, 0), (3, 0), (3, -1), (3, -2), (3, -3), (2, -3), (2, -4), (1, -4))",0,2,2,10,,,goal,,False,2115
"((0, 0), (1, 0), (2, 0), (3, 0), (3, -1), (3, -2), (3, -3), (2, -3), (2, -4), (1, -4), (1, -5))","((0, 0), (1, 0), (2, 0), (3, 0), (3, -1), (3, -2), (3, -3), (2, -3), (2, -4), (1, -4))",0,2,2,10,,,goal,,False,2116
"((0, 0), (1, 0), (2, 0), (3, 0), (3, -1), (3, -2), (3, -3), (2, -3), (2, -4), (1, -4))","((0, 0), (1, 0), (2, 0), (3, 0), (3, -1), (3, -2), (3, -3), (2, -3), (2, -4))",0,2,2,9,3,1,expanded,False,,2117
"((0, 0), (1, 0), (2, 0), (3, 0), (3, -1), (3, -2), (3, -3), (2, -3), (2, -4), (2, -5), (3, -5))","((0, 0), (1, 0), (2, 0), (3, 0), (3, -1), (3, -2), (3, -3), (2, -3), (2, -4), (2, -5))",0,2,2,10,,,goal,,False,2118
"((0, 0), (1, 0), (2, 0), (3, 0), (3, -1), (3, -2), (3, -3), (2, -3), (2, -4), (2, -5), (1, -5))","((0, 0), (1, 0), (2, 0), (3, 0), (3, -1), (3, -2), (3, -3), (2, -3), (2, -4), (2, -5))",0,2,2,10,,,goal,,False,2119
"((0, 0), (1, 0), (2, 0), (3, 0), (3, -1), (3, -2), (3, -3), (2, -3), (2, -4), (2, -5), (2, -6))","((0, 0), (1, 0), (2, 0), (3, 0), (3, -1), (3, -2), (3, -3), (2, -3), (2, -4), (2, -5))",0,2,2,10,,,goal,,False,2120
"((0, 0), (1, 0), (2, 0), (3, 0), (3, -1), (3, -2), (3, -3), (2, -3), (2, -4), (2, -5))","((0, 0), (1, 0), (2, 0), (3, 0), (3, -1), (3, -2), (3, -3), (2, -3), (2, -4))",0,2,2,9,3,0,expanded,False,,2121
"((0, 0), (1, 0), (2, 0), (3, 0), (3, -1), (3, -2), (3, -3), (2, -3), (2, -4))","((0, 0), (1, 0), (2, 0), (3, 0), (3, -1), (3, -2), (3, -3), (2, -3))",0,2,2,8,3,0,expanded,False,,2122
"((0, 0), (1, 0), (2, 0), (3, 0), (3, -1), (3, -2), (3, -3), (2, -3))","((0, 0), (1, 0), (2, 0), (3, 0), (3, -1), (3, -2), (3, -3))",0,3,3,7,3,0,expanded,False,,2123
"((0, 0), (1, 0), (2, 0), (3, 0), (3, -1), (3, -2), (3, -3), (3, -4), (4, -4), (4, -3), (5, -3))","((0, 0), (1, 0), (2, 0), (3, 0), (3, -1), (3, -2), (3, -3), (3, -4), (4, -4), (4, -3))",0,2,2,10,,,goal,,False,2124
"((0, 0), (1, 0), (2, 0), (3, 0), (3, -1), (3, -2), (3, -3), (3, -4), (4, -4), (4, -3), (4, -2))","((0, 0), (1, 0), (2, 0), (3, 0), (3, -1), (3, -2), (3, -3), (3, -4), (4, -4), (4, -3))",0,2,2,10,,,goal,,False,2125
"((0, 0), (1, 0), (2, 0), (3, 0), (3, -1), (3, -2), (3, -3), (3, -4), (4, -4), (4, -3))","((0, 0), (1, 0), (2, 0), (3, 0), (3, -1), (3, -2), (3, -3), (3, -4), (4, -4))",0,2,2,9,2,0,expanded,False,,2126
"((0, 0), (1, 0), (2, 0), (3, 0), (3, -1), (3, -2), (3, -3), (3, -4), (4, -4), (5, -4), (6, -4))","((0, 0), (1, 0), (2, 0), (3, 0), (3, -1), (3, -2), (3, -3), (3, -4), (4, -4), (5, -4))",0,2,2,10,,,goal,,False,2127
"((0, 0), (1, 0), (2, 0), (3, 0), (3, -1), (3, -2), (3, -3), (3, -4), (4, -4), (5, -4), (5, -3))","((0, 0), (1, 0), (2, 0), (3, 0), (3, -1), (3, -2), (3, -3), (3, -4), (4, -4), (5, -4))",0,2,2,10,,,goal,,False,2128
"((0, 0), (1, 0), (2, 0), (3, 0), (3, -1), (3, -2), (3, -3), (3, -4), (4, -4), (5, -4), (5, -5))","((0, 0), (1, 0), (2, 0), (3, 0), (3, -1), (3, -2), (3, -3), (3, -4), (4, -4), (5, -4))",0,2,2,10,,,goal,,False,2129
"((0, 0), (1, 0), (2, 0), (3, 0), (3, -1), (3, -2), (3, -3), (3, -4), (4, -4), (5, -4))","((0, 0), (1, 0), (2, 0), (3, 0), (3, -1), (3, -2), (3, -3), (3, -4), (4, -4))",0,2,2,9,3,0,expanded,False,,2130
"((0, 0), (1, 0), (2, 0), (3, 0), (3, -1), (3, -2), (3, -3), (3, -4), (4, -4), (4, -5), (3, -5))","((0, 0), (1, 0), (2, 0), (3, 0), (3, -1), (3, -2), (3, -3), (3, -4), (4, -4), (4, -5))",0,1,1,10,,,pruned,,,2131
"((0, 0), (1, 0), (2, 0), (3, 0), (3, -1), (3, -2), (3, -3), (3, -4), (4, -4), (4, -5), (5, -5))","((0, 0), (1, 0), (2, 0), (3, 0), (3, -1), (3, -2), (3, -3), (3, -4), (4, -4), (4, -5))",0,2,2,10,,,goal,,False,2132
"((0, 0), (1, 0), (2, 0), (3, 0), (3, -1), (3, -2), (3, -3), (3, -4), (4, -4), (4, -5), (4, -6))","((0, 0), (1, 0), (2, 0), (3, 0), (3, -1), (3, -2), (3, -3), (3, -4), (4, -4), (4, -5))",0,2,2,10,,,goal,,False,2133
"((0, 0), (1, 0), (2, 0), (3, 0), (3, -1), (3, -2), (3, -3), (3, -4), (4, -4), (4, -5))","((0, 0), (1, 0), (2, 0), (3, 0), (3, -1), (3, -2), (3, -3), (3, -4), (4, -4))",0,2,2,9,3,1,expanded,False,,2134
"((0, 0), (1, 0), (2, 0), (3, 0), (3, -1), (3, -2), (3, -3), (3, -4), (4, -4))","((0, 0), (1, 0), (2, 0), (3, 0), (3, -1), (3, -2), (3, -3), (3, -4))",0,2,2,8,3,0,expanded,False,,2135
"((0, 0), (1, 0), (2, 0), (3, 0), (3, -1), (3, -2), (3, -3), (3, -4), (2, -4), (2, -3), (1, -3))","((0, 0), (1, 0), (2, 0), (3, 0), (3, -1), (3, -2), (3, -3), (3, -4), (2, -4), (2, -3))",0,2,2,10,,,goal,,False,2136
"((0, 0), (1, 0), (2, 0), (3, 0), (3, -1), (3, -2), (3, -3), (3, -4), (2, -4), (2, -3), (2, -2))","((0, 0), (1, 0), (2, 0), (3, 0), (3, -1), (3, -2), (3, -3), (3, -4), (2, -4), (2, -3))",0,2,2,10,,,goal,,False,2137
"((0, 0), (1, 0), (2, 0), (3, 0), (3, -1), (3, -2), (3, -3), (3, -4), (2, -4), (2, -3))","((0, 0), (1, 0), (2, 0), (3, 0), (3, -1), (3, -2), (3, -3), (3, -4), (2, -4))",0,2,2,9,2,0,expanded,False,,2138
"((0, 0), (1, 0), (2, 0), (3, 0), (3, -1), (3, -2), (3, -3), (3, -4), (2, -4), (1, -4), (0, -4))","((0, 0), (1, 0), (2, 0), (3, 0), (3, -1), (3, -2), (3, -3), (3, -4), (2, -4), (1, -4))",0,2,2,10,,,goal,,False,2139
"((0, 0), (1, 0), (2, 0), (3, 0), (3, -1), (3, -2), (3, -3), (3, -4), (2, -4), (1, -4), (1, -3))","((0, 0), (1, 0), (2, 0), (3, 0), (3, -1), (3, -2), (3, -3), (3, -4), (2, -4), (1, -4))",0,2,2,10,,,goal,,False,2140
"((0, 0), (1, 0), (2, 0), (3, 0), (3, -1), (3, -2), (3, -3), (3, -4), (2, -4), (1, -4), (1, -5))","((0, 0), (1, 0), (2, 0), (3, 0), (3, -1), (3, -2), (3, -3), (3, -4), (2, -4), (1, -4))",0,2,2,10,,,goal,,False,2141
"((0, 0), (1, 0), (2, 0), (3, 0), (3, -1), (3, -2), (3, -3), (3, -4), (2, -4), (1, -4))","((0, 0), (1, 0), (2, 0), (3, 0), (3, -1), (3, -2), (3, -3), (3, -4), (2, -4))",0,2,2,9,3,0,expanded,False,,2142
"((0, 0), (1, 0), (2, 0), (3, 0), (3, -1), (3, -2), (3, -3), (3, -4), (2, -4), (2, -5), (3, -5))","((0, 0), (1, 0), (2, 0), (3, 0), (3, -1), (3, -2), (3, -3), (3, -4), (2, -4), (2, -5))",0,1,1,10,,,pruned,,,2143
"((0, 0), (1, 0), (2, 0), (3, 0), (3, -1), (3, -2), (3, -3), (3, -4), (2, -4), (2, -5), (1, -5))","((0, 0), (1, 0), (2, 0), (3, 0), (3, -1), (3, -2), (3, -3), (3, -4), (2, -4), (2, -5))",0,2,2,10,,,goal,,False,2144
"((0, 0), (1, 0), (2, 0), (3, 0), (3, -1), (3, -2), (3, -3), (3, -4), (2, -4), (2, -5), (2, -6))","((0, 0), (1, 0), (2, 0), (3, 0), (3, -1), (3, -2), (3, -3), (3, -4), (2, -4), (2, -5))",0,2,2,10,,,goal,,False,2145
"((0, 0), (1, 0), (2, 0), (3, 0), (3, -1), (3, -2), (3, -3), (3, -4), (2, -4), (2, -5))","((0, 0), (1, 0), (2, 0), (3, 0), (3, -1), (3, -2), (3, -3), (3, -4), (2, -4))",0,2,2,9,3,1,expanded,False,,2146
"((0, 0), (1, 0), (2, 0), (3, 0), (3, -1), (3, -2), (3, -3), (3, -4), (2, -4))","((0, 0), (1, 0), (2, 0), (3, 0), (3, -1), (3, -2), (3, -3), (3, -4))",0,2,2,8,3,0,expanded,False,,2147
"((0, 0), (1, 0), (2, 0), (3, 0), (3, -1), (3, -2), (3, -3), (3, -4), (3, -5), (4, -5), (4, -4))","((0, 0), (1, 0), (2, 0), (3, 0), (3, -1), (3, -2), (3, -3), (3, -4), (3, -5), (4, -5))",0,1,1,10,,,pruned,,,2148
"((0, 0), (1, 0), (2, 0), (3, 0), (3, -1), (3, -2), (3, -3), (3, -4), (3, -5), (4, -5), (5, -5))","((0, 0), (1, 0), (2, 0), (3, 0), (3, -1), (3, -2), (3, -3), (3, -4), (3, -5), (4, -5))",0,2,2,10,,,goal,,False,2149
"((0, 0), (1, 0), (2, 0), (3, 0), (3, -1), (3, -2), (3, -3), (3, -4), (3, -5), (4, -5), (4, -6))","((0, 0), (1, 0), (2, 0), (3, 0), (3, -1), (3, -2), (3, -3), (3, -4), (3, -5), (4, -5))",0,2,2,10,,,goal,,False,2150
"((0, 0), (1, 0), (2, 0), (3, 0), (3, -1), (3, -2), (3, -3), (3, -4), (3, -5), (4, -5))","((0, 0), (1, 0), (2, 0), (3, 0), (3, -1), (3, -2), (3, -3), (3, -4), (3, -5))",0,2,2,9,3,1,expanded,False,,2151
"((0, 0), (1, 0), (2, 0), (3, 0), (3, -1), (3, -2), (3, -3), (3, -4), (3, -5), (2, -5), (2, -4))","((0, 0), (1, 0), (2, 0), (3, 0), (3, -1), (3, -2), (3, -3), (3, -4), (3, -5), (2, -5))",0,1,1,10,,,pruned,,,2152
"((0, 0), (1, 0), (2, 0), (3, 0), (3, -1), (3, -2), (3, -3), (3, -4), (3, -5), (2, -5), (1, -5))","((0, 0), (1, 0), (2, 0), (3, 0), (3, -1), (3, -2), (3, -3), (3, -4), (3, -5), (2, -5))",0,2,2,10,,,goal,,False,2153
"((0, 0), (1, 0), (2, 0), (3, 0), (3, -1), (3, -2), (3, -3), (3, -4), (3, -5), (2, -5), (2, -6))","((0, 0), (1, 0), (2, 0), (3, 0), (3, -1), (3, -2), (3, -3), (3, -4), (3, -5), (2, -5))",0,2,2,10,,,goal,,False,2154
"((0, 0), (1, 0), (2, 0), (3, 0), (3, -1), (3, -2), (3, -3), (3, -4), (3, -5), (2, -5))","((0, 0), (1, 0), (2, 0), (3, 0), (3, -1), (3, -2), (3, -3), (3, -4), (3, -5))",0,2,2,9,3,1,expanded,False,,2155
"((0, 0), (1, 0), (2, 0), (3, 0), (3, -1), (3, -2), (3, -3), (3, -4), (3, -5), (3, -6), (4, -6))","((0, 0), (1, 0), (2, 0), (3, 0), (3, -1), (3, -2), (3, -3), (3, -4), (3, -5), (3, -6))",0,2,2,10,,,goal,,False,2156
"((0, 0), (1, 0), (2, 0), (3, 0), (3, -1), (3, -2), (3, -3), (3, -4), (3, -5), (3, -6), (2, -6))","((0, 0), (1, 0), (2, 0), (3, 0), (3, -1), (3, -2), (3, -3), (3, -4), (3, -5), (3, -6))",0,2,2,10,,,goal,,False,2157
"((0, 0), (1, 0), (2, 0), (3, 0), (3, -1), (3, -2), (3, -3), (3, -4), (3, -5), (3, -6), (3, -7))","((0, 0), (1, 0), (2, 0), (3, 0), (3, -1), (3, -2), (3, -3), (3, -4), (3, -5), (3, -6))",0,2,2,10,,,goal,,False,2158
"((0, 0), (1, 0), (2, 0), (3, 0), (3, -1), (3, -2), (3, -3), (3, -4), (3, -5), (3, -6))","((0, 0), (1, 0), (2, 0), (3, 0), (3, -1), (3, -2), (3, -3), (3, -4), (3, -5))",0,2,2,9,3,0,expanded,False,,2159
"((0, 0), (1, 0), (2, 0), (3, 0), (3, -1), (3, -2), (3, -3), (3, -4), (3, -5))","((0, 0), (1, 0), (2, 0), (3, 0), (3, -1), (3, -2), (3, -3), (3, -4))",0,2,2,8,3,0,expanded,False,,2160
"((0, 0), (1, 0), (2, 0), (3, 0), (3, -1), (3, -2), (3, -3), (3, -4))","((0, 0), (1, 0), (2, 0), (3, 0), (3, -1), (3, -2), (3, -3))",0,3,3,7,3,0,expanded,False,,2161
"((0, 0), (1, 0), (2, 0), (3, 0), (3, -1), (3, -2), (3, -3))","((0, 0), (1, 0), (2, 0), (3, 0), (3, -1), (3, -2))",0,2,2,6,3,0,expanded,False,,2162
"((0, 0), (1, 0), (2, 0), (3, 0), (3, -1), (3, -2))","((0, 0), (1, 0), (2, 0), (3, 0), (3, -1))",0,2,2,5,3,0,expanded,False,,2163
"((0, 0), (1, 0), (2, 0), (3, 0), (3, -1))","((0, 0), (1, 0), (2, 0), (3, 0))",0,2,2,4,3,0,expanded,False,,2164
"((0, 0), (1, 0), (2, 0), (3, 0))","((0, 0), (1, 0), (2, 0))",0,2,2,3,3,0,expanded,False,,2165
"((0, 0), (1, 0), (2, 0), (2, 1), (3, 1), (4, 1), (5, 1), (6, 1), (7, 1), (8, 1), (9, 1))","((0, 0), (1, 0), (2, 0), (2, 1), (3, 1), (4, 1), (5, 1), (6, 1), (7, 1), (8, 1))",0,2,2,10,,,goal,,False,2166
"((0, 0), (1, 0), (2, 0), (2, 1), (3, 1), (4, 1), (5, 1), (6, 1), (7, 1), (8, 1), (8, 2))","((0, 0), (1, 0), (2, 0), (2, 1), (3, 1), (4, 1), (5, 1), (6, 1), (7, 1), (8, 1))",0,2,2,10,,,goal,,False,2167
"((0, 0), (1, 0), (2, 0), (2, 1), (3, 1), (4, 1), (5, 1), (6, 1), (7, 1), (8, 1), (8, 0))","((0, 0), (1, 0), (2, 0), (2, 1), (3, 1), (4, 1), (5, 1), (6, 1), (7, 1), (8, 1))",0,2,2,10,,,goal,,False,2168
"((0, 0), (1, 0), (2, 0), (2, 1), (3, 1), (4, 1), (5, 1), (6, 1), (7, 1), (8, 1))","((0, 0), (1, 0), (2, 0), (2, 1), (3, 1), (4, 1), (5, 1), (6, 1), (7, 1))",0,2,2,9,3,0,expanded,False,,2169
"((0, 0), (1, 0), (2, 0), (2, 1), (3, 1), (4, 1), (5, 1), (6, 1), (7, 1), (7, 2), (6, 2))","((0, 0), (1, 0), (2, 0), (2, 1), (3, 1), (4, 1), (5, 1), (6, 1), (7, 1), (7, 2))",0,1,1,10,,,pruned,,,2170
"((0, 0), (1, 0), (2, 0), (2, 1), (3, 1), (4, 1), (5, 1), (6, 1), (7, 1), (7, 2), (8, 2))","((0, 0), (1, 0), (2, 0), (2, 1), (3, 1), (4, 1), (5, 1), (6, 1), (7, 1), (7, 2))",0,2,2,10,,,goal,,False,2171
"((0, 0), (1, 0), (2, 0), (2, 1), (3, 1), (4, 1), (5, 1), (6, 1), (7, 1), (7, 2), (7, 3))","((0, 0), (1, 0), (2, 0), (2, 1), (3, 1), (4, 1), (5, 1), (6, 1), (7, 1), (7, 2))",0,2,2,10,,,goal,,False,2172
"((0, 0), (1, 0), (2, 0), (2, 1), (3, 1), (4, 1), (5, 1), (6, 1), (7, 1), (7, 2))","((0, 0), (1, 0), (2, 0), (2, 1), (3, 1), (4, 1), (5, 1), (6, 1), (7, 1))",0,2,2,9,3,1,expanded,False,,2173
"((0, 0), (1, 0), (2, 0), (2, 1), (3, 1), (4, 1), (5, 1), (6, 1), (7, 1), (7, 0), (6, 0))","((0, 0), (1, 0), (2, 0), (2, 1), (3, 1), (4, 1), (5, 1), (6, 1), (7, 1), (7, 0))",0,1,1,10,,,pruned,,,2174
"((0, 0), (1, 0), (2, 0), (2, 1), (3, 1), (4, 1), (5, 1), (6, 1), (7, 1), (7, 0), (8, 0))","((0, 0), (1, 0), (2, 0), (2, 1), (3, 1), (4, 1), (5, 1), (6, 1), (7, 1), (7, 0))",0,2,2,10,,,goal,,False,2175
"((0, 0), (1, 0), (2, 0), (2, 1), (3, 1), (4, 1), (5, 1), (6, 1), (7, 1), (7, 0), (7, -1))","((0, 0), (1, 0), (2, 0), (2, 1), (3, 1), (4, 1), (5, 1), (6, 1), (7, 1), (7, 0))",0,2,2,10,,,goal,,False,2176
"((0, 0), (1, 0), (2, 0), (2, 1), (3, 1), (4, 1), (5, 1), (6, 1), (7, 1), (7, 0))","((0, 0), (1, 0), (2, 0), (2, 1), (3, 1), (4, 1), (5, 1), (6, 1), (7, 1))",0,2,2,9,3,1,expanded,False,,2177
"((0, 0), (1, 0), (2, 0), (2, 1), (3, 1), (4, 1), (5, 1), (6, 1), (7, 1))","((0, 0), (1, 0), (2, 0), (2, 1), (3, 1), (4, 1), (5, 1), (6, 1))",0,2,2,8,3,0,expanded,False,,2178
"((0, 0), (1, 0), (2, 0), (2, 1), (3, 1), (4, 1), (5, 1), (6, 1), (6, 2), (5, 2), (4, 2))","((0, 0), (1, 0), (2, 0), (2, 1), (3, 1), (4, 1), (5, 1), (6, 1), (6, 2), (5, 2))",0,2,2,10,,,goal,,False,2179
"((0, 0), (1, 0), (2, 0), (2, 1), (3, 1), (4, 1), (5, 1), (6, 1), (6, 2), (5, 2), (5, 3))","((0, 0), (1, 0), (2, 0), (2, 1), (3, 1), (4, 1), (5, 1), (6, 1), (6, 2), (5, 2))",0,2,2,10,,,goal,,False,2180
"((0, 0), (1, 0), (2, 0), (2, 1), (3, 1), (4, 1), (5, 1), (6, 1), (6, 2), (5, 2))","((0, 0), (1, 0), (2, 0), (2, 1), (3, 1), (4, 1), (5, 1), (6, 1), (6, 2))",0,2,2,9,2,0,expanded,False,,2181
"((0, 0), (1, 0), (2, 0), (2, 1), (3, 1), (4, 1), (5, 1), (6, 1), (6, 2), (7, 2), (7, 1))","((0, 0), (1, 0), (2, 0), (2, 1), (3, 1), (4, 1), (5, 1), (6, 1), (6, 2), (7, 2))",0,1,1,10,,,pruned,,,2182
"((0, 0), (1, 0), (2, 0), (2, 1), (3, 1), (4, 1), (5, 1), (6, 1), (6, 2), (7, 2), (8, 2))","((0, 0), (1, 0), (2, 0), (2, 1), (3, 1), (4, 1), (5, 1), (6, 1), (6, 2), (7, 2))",0,2,2,10,,,goal,,False,2183
"((0, 0), (1, 0), (2, 0), (2, 1), (3, 1), (4, 1), (5, 1), (6, 1), (6, 2), (7, 2), (7, 3))","((0, 0), (1, 0), (2, 0), (2, 1), (3, 1), (4, 1), (5, 1), (6, 1), (6, 2), (7, 2))",0,2,2,10,,,goal,,False,2184
"((0, 0), (1, 0), (2, 0), (2, 1), (3, 1), (4, 1), (5, 1), (6, 1), (6, 2), (7, 2))","((0, 0), (1, 0), (2, 0), (2, 1), (3, 1), (4, 1), (5, 1), (6, 1), (6, 2))",0,2,2,9,3,1,expanded,False,,2185
"((0, 0), (1, 0), (2, 0), (2, 1), (3, 1), (4, 1), (5, 1), (6, 1), (6, 2), (6, 3), (7, 3))","((0, 0), (1, 0), (2, 0), (2, 1), (3, 1), (4, 1), (5, 1), (6, 1), (6, 2), (6, 3))",0,2,2,10,,,goal,,False,2186
"((0, 0), (1, 0), (2, 0), (2, 1), (3, 1), (4, 1), (5, 1), (6, 1), (6, 2), (6, 3), (5, 3))","((0, 0), (1, 0), (2, 0), (2, 1), (3, 1), (4, 1), (5, 1), (6, 1), (6, 2), (6, 3))",0,2,2,10,,,goal,,False,2187
"((0, 0), (1, 0), (2, 0), (2, 1), (3, 1), (4, 1), (5, 1), (6, 1), (6, 2), (6, 3), (6, 4))","((0, 0), (1, 0), (2, 0), (2, 1), (3, 1), (4, 1), (5, 1), (6, 1), (6, 2), (6, 3))",0,2,2,10,,,goal,,False,2188
"((0, 0), (1, 0), (2, 0), (2, 1), (3, 1), (4, 1), (5, 1), (6, 1), (6, 2), (6, 3))","((0, 0), (1, 0), (2, 0), (2, 1), (3, 1), (4, 1), (5, 1), (6, 1), (6, 2))",0,2,2,9,3,0,expanded,False,,2189
"((0, 0), (1, 0), (2, 0), (2, 1), (3, 1), (4, 1), (5, 1), (6, 1), (6, 2))","((0, 0), (1, 0), (2, 0), (2, 1), (3, 1), (4, 1), (5, 1), (6, 1))",0,2,2,8,3,0,expanded,False,,2190
"((0, 0), (1, 0), (2, 0), (2, 1), (3, 1), (4, 1), (5, 1), (6, 1), (6, 0), (5, 0), (4, 0))","((0, 0), (1, 0), (2, 0), (2, 1), (3, 1), (4, 1), (5, 1), (6, 1), (6, 0), (5, 0))",0,2,2,10,,,goal,,False,2191
"((0, 0), (1, 0), (2, 0), (2, 1), (3, 1), (4, 1), (5, 1), (6, 1), (6, 0), (5, 0), (5, -1))","((0, 0), (1, 0), (2, 0), (2, 1), (3, 1), (4, 1), (5, 1), (6, 1), (6, 0), (5, 0))",0,2,2,10,,,goal,,False,2192
"((0, 0), (1, 0), (2, 0), (2, 1), (3, 1), (4, 1), (5, 1), (6, 1), (6, 0), (5, 0))","((0, 0), (1, 0), (2, 0), (2, 1), (3, 1), (4, 1), (5, 1), (6, 1), (6, 0))",0,2,2,9,2,0,expanded,False,,2193
"((0, 0), (1, 0), (2, 0), (2, 1), (3, 1), (4, 1), (5, 1), (6, 1), (6, 0), (7, 0), (7, 1))","((0, 0), (1, 0), (2, 0), (2, 1), (3, 1), (4, 1), (5, 1), (6, 1), (6, 0), (7, 0))",0,1,1,10,,,pruned,,,2194
"((0, 0), (1, 0), (2, 0), (2, 1), (3, 1), (4, 1), (5, 1), (6, 1), (6, 0), (7, 0), (8, 0))","((0, 0), (1, 0), (2, 0), (2, 1), (3, 1), (4, 1), (5, 1), (6, 1), (6, 0), (7, 0))",0,2,2,10,,,goal,,False,2195
"((0, 0), (1, 0), (2, 0), (2, 1), (3, 1), (4, 1), (5, 1), (6, 1), (6, 0), (7, 0), (7, -1))","((0, 0), (1, 0), (2, 0), (2, 1), (3, 1), (4, 1), (5, 1), (6, 1), (6, 0), (7, 0))",0,2,2,10,,,goal,,False,2196
"((0, 0), (1, 0), (2, 0), (2, 1), (3, 1), (4, 1), (5, 1), (6, 1), (6, 0), (7, 0))","((0, 0), (1, 0), (2, 0), (2, 1), (3, 1), (4, 1), (5, 1), (6, 1), (6, 0))",0,2,2,9,3,1,expanded,False,,2197
"((0, 0), (1, 0), (2, 0), (2, 1), (3, 1), (4, 1), (5, 1), (6, 1), (6, 0), (6, -1), (7, -1))","((0, 0), (1, 0), (2, 0), (2, 1), (3, 1), (4, 1), (5, 1), (6, 1), (6, 0), (6, -1))",0,2,2,10,,,goal,,False,2198
"((0, 0), (1, 0), (2, 0), (2, 1), (3, 1), (4, 1), (5, 1), (6, 1), (6, 0), (6, -1), (5, -1))","((0, 0), (1, 0), (2, 0), (2, 1), (3, 1), (4, 1), (5, 1), (6, 1), (6, 0), (6, -1))",0,2,2,10,,,goal,,False,2199
"((0, 0), (1, 0), (2, 0), (2, 1), (3, 1), (4, 1), (5, 1), (6, 1), (6, 0), (6, -1), (6, -2))","((0, 0), (1, 0), (2, 0), (2, 1), (3, 1), (4, 1), (5, 1), (6, 1), (6, 0), (6, -1))",0,2,2,10,,,goal,,False,2200
"((0, 0), (1, 0), (2, 0), (2, 1), (3, 1), (4, 1), (5, 1), (6, 1), (6, 0), (6, -1))","((0, 0), (1, 0), (2, 0), (2, 1), (3, 1), (4, 1), (5, 1), (6, 1), (6, 0))",0,2,2,9,3,0,expanded,False,,2201
"((0, 0), (1, 0), (2, 0), (2, 1), (3, 1), (4, 1), (5, 1), (6, 1), (6, 0))","((0, 0), (1, 0), (2, 0), (2, 1), (3, 1), (4, 1), (5, 1), (6, 1))",0,2,2,8,3,0,expanded,False,,2202
"((0, 0), (1, 0), (2, 0), (2, 1), (3, 1), (4, 1), (5, 1), (6, 1))","((0, 0), (1, 0), (2, 0), (2, 1), (3, 1), (4, 1), (5, 1))",0,3,3,7,3,0,expanded,False,,2203
"((0, 0), (1, 0), (2, 0), (2, 1), (3, 1), (4, 1), (5, 1), (5, 2), (6, 2), (6, 1), (7, 1))","((0, 0), (1, 0), (2, 0), (2, 1), (3, 1), (4, 1), (5, 1), (5, 2), (6, 2), (6, 1))",0,2,2,10,,,goal,,False,2204
"((0, 0), (1, 0), (2, 0), (2, 1), (3, 1), (4, 1), (5, 1), (5, 2), (6, 2), (6, 1), (6, 0))","((0, 0), (1, 0), (2, 0), (2, 1), (3, 1), (4, 1), (5, 1), (5, 2), (6, 2), (6, 1))",0,2,2,10,,,goal,,False,2205
"((0, 0), (1, 0), (2, 0), (2, 1), (3, 1), (4, 1), (5, 1), (5, 2), (6, 2), (6, 1))","((0, 0), (1, 0), (2, 0), (2, 1), (3, 1), (4, 1), (5, 1), (5, 2), (6, 2))",0,2,2,9,2,0,expanded,False,,2206
"((0, 0), (1, 0), (2, 0), (2, 1), (3, 1), (4, 1), (5, 1), (5, 2), (6, 2), (7, 2), (8, 2))","((0, 0), (1, 0), (2, 0), (2, 1), (3, 1), (4, 1), (5, 1), (5, 2), (6, 2), (7, 2))",0,2,2,10,,,goal,,False,2207
"((0, 0), (1, 0), (2, 0), (2, 1), (3, 1), (4, 1), (5, 1), (5, 2), (6, 2), (7, 2), (7, 3))","((0, 0), (1, 0), (2, 0), (2, 1), (3, 1), (4, 1), (5, 1), (5, 2), (6, 2), (7, 2))",0,2,2,10,,,goal,,False,2208
"((0, 0), (1, 0), (2, 0), (2, 1), (3, 1), (4, 1), (5, 1), (5, 2), (6, 2), (7, 2), (7, 1))","((0, 0), (1, 0), (2, 0), (2, 1), (3, 1), (4, 1), (5, 1), (5, 2), (6, 2), (7, 2))",0,2,2,10,,,goal,,False,2209
"((0, 0), (1, 0), (2, 0), (2, 1), (3, 1), (4, 1), (5, 1), (5, 2), (6, 2), (7, 2))","((0, 0), (1, 0), (2, 0), (2, 1), (3, 1), (4, 1), (5, 1), (5, 2), (6, 2))",0,2,2,9,3,0,expanded,False,,2210
"((0, 0), (1, 0), (2, 0), (2, 1), (3, 1), (4, 1), (5, 1), (5, 2), (6, 2), (6, 3), (5, 3))","((0, 0), (1, 0), (2, 0), (2, 1), (3, 1), (4, 1), (5, 1), (5, 2), (6, 2), (6, 3))",0,1,1,10,,,pruned,,,2211
"((0, 0), (1, 0), (2, 0), (2, 1), (3, 1), (4, 1), (5, 1), (5, 2), (6, 2), (6, 3), (7, 3))","((0, 0), (1, 0), (2, 0), (2, 1), (3, 1), (4, 1), (5, 1), (5, 2), (6, 2), (6, 3))",0,2,2,10,,,goal,,False,2212
"((0, 0), (1, 0), (2, 0), (2, 1), (3, 1), (4, 1), (5, 1), (5, 2), (6, 2), (6, 3), (6, 4))","((0, 0), (1, 0), (2, 0), (2, 1), (3, 1), (4, 1), (5, 1), (5, 2), (6, 2), (6, 3))",0,2,2,10,,,goal,,False,2213
"((0, 0), (1, 0), (2, 0), (2, 1), (3, 1), (4, 1), (5, 1), (5, 2), (6, 2), (6, 3))","((0, 0), (1, 0), (2, 0), (2, 1), (3, 1), (4, 1), (5, 1), (5, 2), (6, 2))",0,2,2,9,3,1,expanded,False,,2214
"((0, 0), (1, 0), (2, 0), (2, 1), (3, 1), (4, 1), (5, 1), (5, 2), (6, 2))","((0, 0), (1, 0), (2, 0), (2, 1), (3, 1), (4, 1), (5, 1), (5, 2))",0,2,2,8,3,0,expanded,False,,2215
"((0, 0), (1, 0), (2, 0), (2, 1), (3, 1), (4, 1), (5, 1), (5, 2), (4, 2), (3, 2), (2, 2))","((0, 0), (1, 0), (2, 0), (2, 1), (3, 1), (4, 1), (5, 1), (5, 2), (4, 2), (3, 2))",0,2,2,10,,,goal,,False,2216
"((0, 0), (1, 0), (2, 0), (2, 1), (3, 1), (4, 1), (5, 1), (5, 2), (4, 2), (3, 2), (3, 3))","((0, 0), (1, 0), (2, 0), (2, 1), (3, 1), (4, 1), (5, 1), (5, 2), (4, 2), (3, 2))",0,2,2,10,,,goal,,False,2217
"((0, 0), (1, 0), (2, 0), (2, 1), (3, 1), (4, 1), (5, 1), (5, 2), (4, 2), (3, 2))","((0, 0), (1, 0), (2, 0), (2, 1), (3, 1), (4, 1), (5, 1), (5, 2), (4, 2))",0,2,2,9,2,0,expanded,False,,2218
"((0, 0), (1, 0), (2, 0), (2, 1), (3, 1), (4, 1), (5, 1), (5, 2), (4, 2), (4, 3), (5, 3))","((0, 0), (1, 0), (2, 0), (2, 1), (3, 1), (4, 1), (5, 1), (5, 2), (4, 2), (4, 3))",0,1,1,10,,,pruned,,,2219
"((0, 0), (1, 0), (2, 0), (2, 1), (3, 1), (4, 1), (5, 1), (5, 2), (4, 2), (4, 3), (3, 3))","((0, 0), (1, 0), (2, 0), (2, 1), (3, 1), (4, 1), (5, 1), (5, 2), (4, 2), (4, 3))",0,2,2,10,,,goal,,False,2220
"((0, 0), (1, 0), (2, 0), (2, 1), (3, 1), (4, 1), (5, 1), (5, 2), (4, 2), (4, 3), (4, 4))","((0, 0), (1, 0), (2, 0), (2, 1), (3, 1), (4, 1), (5, 1), (5, 2), (4, 2), (4, 3))",0,2,2,10,,,goal,,False,2221
"((0, 0), (1, 0), (2, 0), (2, 1), (3, 1), (4, 1), (5, 1), (5, 2), (4, 2), (4, 3))","((0, 0), (1, 0), (2, 0), (2, 1), (3, 1), (4, 1), (5, 1), (5, 2), (4, 2))",0,2,2,9,3,1,expanded,False,,2222
"((0, 0), (1, 0), (2, 0), (2, 1), (3, 1), (4, 1), (5, 1), (5, 2), (4, 2))","((0, 0), (1, 0), (2, 0), (2, 1), (3, 1), (4, 1), (5, 1), (5, 2))",0,2,2,8,2,0,expanded,False,,2223
"((0, 0), (1, 0), (2, 0), (2, 1), (3, 1), (4, 1), (5, 1), (5, 2), (5, 3), (6, 3), (6, 2))","((0, 0), (1, 0), (2, 0), (2, 1), (3, 1), (4, 1), (5, 1), (5, 2), (5, 3), (6, 3))",0,1,1,10,,,pruned,,,2224
"((0, 0), (1, 0), (2, 0), (2, 1), (3, 1), (4, 1), (5, 1), (5, 2), (5, 3), (6, 3), (7, 3))","((0, 0), (1, 0), (2, 0), (2, 1), (3, 1), (4, 1), (5, 1), (5, 2), (5, 3), (6, 3))",0,2,2,10,,,goal,,False,2225
"((0, 0), (1, 0), (2, 0), (2, 1), (3, 1), (4, 1), (5, 1), (5, 2), (5, 3), (6, 3), (6, 4))","((0, 0), (1, 0), (2, 0), (2, 1), (3, 1), (4, 1), (5, 1), (5, 2), (5, 3), (6, 3))",0,2,2,10,,,goal,,False,2226
"((0, 0), (1, 0), (2, 0), (2, 1), (3, 1), (4, 1), (5, 1), (5, 2), (5, 3), (6, 3))","((0, 0), (1, 0), (2, 0), (2, 1), (3, 1), (4, 1), (5, 1), (5, 2), (5, 3))",0,2,2,9,3,1,expanded,False,,2227
"((0, 0), (1, 0), (2, 0), (2, 1), (3, 1), (4, 1), (5, 1), (5, 2), (5, 3), (4, 3), (4, 2))","((0, 0), (1, 0), (2, 0), (2, 1), (3, 1), (4, 1), (5, 1), (5, 2), (5, 3), (4, 3))",0,1,1,10,,,pruned,,,2228
"((0, 0), (1, 0), (2, 0), (2, 1), (3, 1), (4, 1), (5, 1), (5, 2), (5, 3), (4, 3), (3, 3))","((0, 0), (1, 0), (2, 0), (2, 1), (3, 1), (4, 1), (5, 1), (5, 2), (5, 3), (4, 3))",0,2,2,10,,,goal,,False,2229
"((0, 0), (1, 0), (2, 0), (2, 1), (3, 1), (4, 1), (5, 1), (5, 2), (5, 3), (4, 3), (4, 4))","((0, 0), (1, 0), (2, 0), (2, 1), (3, 1), (4, 1), (5, 1), (5, 2), (5, 3), (4, 3))",0,2,2,10,,,goal,,False,2230
"((0, 0), (1, 0), (2, 0), (2, 1), (3, 1), (4, 1), (5, 1), (5, 2), (5, 3), (4, 3))","((0, 0), (1, 0), (2, 0), (2, 1), (3, 1), (4, 1), (5, 1), (5, 2), (5, 3))",0,2,2,9,3,1,expanded,False,,2231
"((0, 0), (1, 0), (2, 0), (2, 1), (3, 1), (4, 1), (5, 1), (5, 2), (5, 3), (5, 4), (6, 4))","((0, 0), (1, 0), (2, 0), (2, 1), (3, 1), (4, 1), (5, 1), (5, 2), (5, 3), (5, 4))",0,2,2,10,,,goal,,False,2232
"((0, 0), (1, 0), (2, 0), (2, 1), (3, 1), (4, 1), (5, 1), (5, 2), (5, 3), (5, 4), (4, 4))","((0, 0), (1, 0), (2, 0), (2, 1), (3, 1), (4, 1), (5, 1), (5, 2), (5, 3), (5, 4))",0,2,2,10,,,goal,,False,2233
"((0, 0), (1, 0), (2, 0), (2, 1), (3, 1), (4, 1), (5, 1), (5, 2), (5, 3), (5, 4), (5, 5))","((0, 0), (1, 0), (2, 0), (2, 1), (3, 1), (4, 1), (5, 1), (5, 2), (5, 3), (5, 4))",0,2,2,10,,,goal,,False,2234
"((0, 0), (1, 0), (2, 0), (2, 1), (3, 1), (4, 1), (5, 1), (5, 2), (5, 3), (5, 4))","((0, 0), (1, 0), (2, 0), (2, 1), (3, 1), (4, 1), (5, 1), (5, 2), (5, 3))",0,2,2,9,3,0,expanded,False,,2235
"((0, 0), (1, 0), (2, 0), (2, 1), (3, 1), (4, 1), (5, 1), (5, 2), (5, 3))","((0, 0), (1, 0), (2, 0), (2, 1), (3, 1), (4, 1), (5, 1), (5, 2))",0,2,2,8,3,0,expanded,False,,2236
"((0, 0), (1, 0), (2, 0), (2, 1), (3, 1), (4, 1), (5, 1), (5, 2))","((0, 0), (1, 0), (2, 0), (2, 1), (3, 1), (4, 1), (5, 1))",0,3,3,7,3,0,expanded,False,,2237
"((0, 0), (1, 0), (2, 0), (2, 1), (3, 1), (4, 1), (5, 1), (5, 0), (6, 0), (6, 1), (7, 1))","((0, 0), (1, 0), (2, 0), (2, 1), (3, 1), (4, 1), (5, 1), (5, 0), (6, 0), (6, 1))",0,2,2,10,,,goal,,False,2238
"((0, 0), (1, 0), (2, 0), (2, 1), (3, 1), (4, 1), (5, 1), (5, 0), (6, 0), (6, 1), (6, 2))","((0, 0), (1, 0), (2, 0), (2, 1), (3, 1), (4, 1), (5, 1), (5, 0), (6, 0), (6, 1))",0,2,2,10,,,goal,,False,2239
"((0, 0), (1, 0), (2, 0), (2, 1), (3, 1), (4, 1), (5, 1), (5, 0), (6, 0), (6, 1))","((0, 0), (1, 0), (2, 0), (2, 1), (3, 1), (4, 1), (5, 1), (5, 0), (6, 0))",0,2,2,9,2,0,expanded,False,,2240
"((0, 0), (1, 0), (2, 0), (2, 1), (3, 1), (4, 1), (5, 1), (5, 0), (6, 0), (7, 0), (8, 0))","((0, 0), (1, 0), (2, 0), (2, 1), (3, 1), (4, 1), (5, 1), (5, 0), (6, 0), (7, 0))",0,2,2,10,,,goal,,False,2241
"((0, 0), (1, 0), (2, 0), (2, 1), (3, 1), (4, 1), (5, 1), (5, 0), (6, 0), (7, 0), (7, 1))","((0, 0), (1, 0), (2, 0), (2, 1), (3, 1), (4, 1), (5, 1), (5, 0), (6, 0), (7, 0))",0,2,2,10,,,goal,,False,2242
"((0, 0), (1, 0), (2, 0), (2, 1), (3, 1), (4, 1), (5, 1), (5, 0), (6, 0), (7, 0), (7, -1))","((0, 0), (1, 0), (2, 0), (2, 1), (3, 1), (4, 1), (5, 1), (5, 0), (6, 0), (7, 0))",0,2,2,10,,,goal,,False,2243
"((0, 0), (1, 0), (2, 0), (2, 1), (3, 1), (4, 1), (5, 1), (5, 0), (6, 0), (7, 0))","((0, 0), (1, 0), (2, 0), (2, 1), (3, 1), (4, 1), (5, 1), (5, 0), (6, 0))",0,2,2,9,3,0,expanded,False,,2244
"((0, 0), (1, 0), (2, 0), (2, 1), (3, 1), (4, 1), (5, 1), (5, 0), (6, 0), (6, -1), (5, -1))","((0, 0), (1, 0), (2, 0), (2, 1), (3, 1), (4, 1), (5, 1), (5, 0), (6, 0), (6, -1))",0,1,1,10,,,pruned,,,2245
"((0, 0), (1, 0), (2, 0), (2, 1), (3, 1), (4, 1), (5, 1), (5, 0), (6, 0), (6, -1), (7, -1))","((0, 0), (1, 0), (2, 0), (2, 1), (3, 1), (4, 1), (5, 1), (5, 0), (6, 0), (6, -1))",0,2,2,10,,,goal,,False,2246
"((0, 0), (1, 0), (2, 0), (2, 1), (3, 1), (4, 1), (5, 1), (5, 0), (6, 0), (6, -1), (6, -2))","((0, 0), (1, 0), (2, 0), (2, 1), (3, 1), (4, 1), (5, 1), (5, 0), (6, 0), (6, -1))",0,2,2,10,,,goal,,False,2247
"((0, 0), (1, 0), (2, 0), (2, 1), (3, 1), (4, 1), (5, 1), (5, 0), (6, 0), (6, -1))","((0, 0), (1, 0), (2, 0), (2, 1), (3, 1), (4, 1), (5, 1), (5, 0), (6, 0))",0,2,2,9,3,1,expanded,False,,2248
"((0, 0), (1, 0), (2, 0), (2, 1), (3, 1), (4, 1), (5, 1), (5, 0), (6, 0))","((0, 0), (1, 0), (2, 0), (2, 1), (3, 1), (4, 1), (5, 1), (5, 0))",0,2,2,8,3,0,expanded,False,,2249
"((0, 0), (1, 0), (2, 0), (2, 1), (3, 1), (4, 1), (5, 1), (5, 0), (4, 0), (3, 0), (3, -1))","((0, 0), (1, 0), (2, 0), (2, 1), (3, 1), (4, 1), (5, 1), (5, 0), (4, 0), (3, 0))",0,2,2,10,,,goal,,False,2250
"((0, 0), (1, 0), (2, 0), (2, 1), (3, 1), (4, 1), (5, 1), (5, 0), (4, 0), (3, 0))","((0, 0), (1, 0), (2, 0), (2, 1), (3, 1), (4, 1), (5, 1), (5, 0), (4, 0))",0,2,2,9,1,0,expanded,False,,2251
"((0, 0), (1, 0), (2, 0), (2, 1), (3, 1), (4, 1), (5, 1), (5, 0), (4, 0), (4, -1), (5, -1))","((0, 0), (1, 0), (2, 0), (2, 1), (3, 1), (4, 1), (5, 1), (5, 0), (4, 0), (4, -1))",0,1,1,10,,,pruned,,,2252
"((0, 0), (1, 0), (2, 0), (2, 1), (3, 1), (4, 1), (5, 1), (5, 0), (4, 0), (4, -1), (3, -1))","((0, 0), (1, 0), (2, 0), (2, 1), (3, 1), (4, 1), (5, 1), (5, 0), (4, 0), (4, -1))",0,2,2,10,,,goal,,False,2253
"((0, 0), (1, 0), (2, 0), (2, 1), (3, 1), (4, 1), (5, 1), (5, 0), (4, 0), (4, -1), (4, -2))","((0, 0), (1, 0), (2, 0), (2, 1), (3, 1), (4, 1), (5, 1), (5, 0), (4, 0), (4, -1))",0,2,2,10,,,goal,,False,2254
"((0, 0), (1, 0), (2, 0), (2, 1), (3, 1), (4, 1), (5, 1), (5, 0), (4, 0), (4, -1))","((0, 0), (1, 0), (2, 0), (2, 1), (3, 1), (4, 1), (5, 1), (5, 0), (4, 0))",0,2,2,9,3,1,expanded,False,,2255
"((0, 0), (1, 0), (2, 0), (2, 1), (3, 1), (4, 1), (5, 1), (5, 0), (4, 0))","((0, 0), (1, 0), (2, 0), (2, 1), (3, 1), (4, 1), (5, 1), (5, 0))",0,2,2,8,2,0,expanded,False,,2256
"((0, 0), (1, 0), (2, 0), (2, 1), (3, 1), (4, 1), (5, 1), (5, 0), (5, -1), (6, -1), (6, 0))","((0, 0), (1, 0), (2, 0), (2, 1), (3, 1), (4, 1), (5, 1), (5, 0), (5, -1), (6, -1))",0,1,1,10,,,pruned,,,2257
"((0, 0), (1, 0), (2, 0), (2, 1), (3, 1), (4, 1), (5, 1), (5, 0), (5, -1), (6, -1), (7, -1))","((0, 0), (1, 0), (2, 0), (2, 1), (3, 1), (4, 1), (5, 1), (5, 0), (5, -1), (6, -1))",0,2,2,10,,,goal,,False,2258
"((0, 0), (1, 0), (2, 0), (2, 1), (3, 1), (4, 1), (5, 1), (5, 0), (5, -1), (6, -1), (6, -2))","((0, 0), (1, 0), (2, 0), (2, 1), (3, 1), (4, 1), (5, 1), (5, 0), (5, -1), (6, -1))",0,2,2,10,,,goal,,False,2259
"((0, 0), (1, 0), (2, 0), (2, 1), (3, 1), (4, 1), (5, 1), (5, 0), (5, -1), (6, -1))","((0, 0), (1, 0), (2, 0), (2, 1), (3, 1), (4, 1), (5, 1), (5, 0), (5, -1))",0,2,2,9,3,1,expanded,False,,2260
"((0, 0), (1, 0), (2, 0), (2, 1), (3, 1), (4, 1), (5, 1), (5, 0), (5, -1), (4, -1), (4, 0))","((0, 0), (1, 0), (2, 0), (2, 1), (3, 1), (4, 1), (5, 1), (5, 0), (5, -1), (4, -1))",0,1,1,10,,,pruned,,,2261
"((0, 0), (1, 0), (2, 0), (2, 1), (3, 1), (4, 1), (5, 1), (5, 0), (5, -1), (4, -1), (3, -1))","((0, 0), (1, 0), (2, 0), (2, 1), (3, 1), (4, 1), (5, 1), (5, 0), (5, -1), (4, -1))",0,2,2,10,,,goal,,False,2262
"((0, 0), (1, 0), (2, 0), (2, 1), (3, 1), (4, 1), (5, 1), (5, 0), (5, -1), (4, -1), (4, -2))","((0, 0), (1, 0), (2, 0), (2, 1), (3, 1), (4, 1), (5, 1), (5, 0), (5, -1), (4, -1))",0,2,2,10,,,goal,,False,2263
"((0, 0), (1, 0), (2, 0), (2, 1), (3, 1), (4, 1), (5, 1), (5, 0), (5, -1), (4, -1))","((0, 0), (1, 0), (2, 0), (2, 1), (3, 1), (4, 1), (5, 1), (5, 0), (5, -1))",0,2,2,9,3,1,expanded,False,,2264
"((0, 0), (1, 0), (2, 0), (2, 1), (3, 1), (4, 1), (5, 1), (5, 0), (5, -1), (5, -2), (6, -2))","((0, 0), (1, 0), (2, 0), (2, 1), (3, 1), (4, 1), (5, 1), (5, 0), (5, -1), (5, -2))",0,2,2,10,,,goal,,False,2265
"((0, 0), (1, 0), (2, 0), (2, 1), (3, 1), (4, 1), (5, 1), (5, 0), (5, -1), (5, -2), (4, -2))","((0, 0), (1, 0), (2, 0), (2, 1), (3, 1), (4, 1), (5, 1), (5, 0), (5, -1), (5, -2))",0,2,2,10,,,goal,,False,2266
"((0, 0), (1, 0), (2, 0), (2, 1), (3, 1), (4, 1), (5, 1), (5, 0), (5, -1), (5, -2), (5, -3))","((0, 0), (1, 0), (2, 0), (2, 1), (3, 1), (4, 1), (5, 1), (5, 0), (5, -1), (5, -2))",0,2,2,10,,,goal,,False,2267
"((0, 0), (1, 0), (2, 0), (2, 1), (3, 1), (4, 1), (5, 1), (5, 0), (5, -1), (5, -2))","((0, 0), (1, 0), (2, 0), (2, 1), (3, 1), (4, 1), (5, 1), (5, 0), (5, -1))",0,2,2,9,3,0,expanded,False,,2268
"((0, 0), (1, 0), (2, 0), (2, 1), (3, 1), (4, 1), (5, 1), (5, 0), (5, -1))","((0, 0), (1, 0), (2, 0), (2, 1), (3, 1), (4, 1), (5, 1), (5, 0))",0,2,2,8,3,0,expanded,False,,2269
"((0, 0), (1, 0), (2, 0), (2, 1), (3, 1), (4, 1), (5, 1), (5, 0))","((0, 0), (1, 0), (2, 0), (2, 1), (3, 1), (4, 1), (5, 1))",0,3,3,7,3,0,expanded,False,,2270
"((0, 0), (1, 0), (2, 0), (2, 1), (3, 1), (4, 1), (5, 1))","((0, 0), (1, 0), (2, 0), (2, 1), (3, 1), (4, 1))",0,2,2,6,3,0,expanded,False,,2271
"((0, 0), (1, 0), (2, 0), (2, 1), (3, 1), (4, 1), (4, 2), (3, 2), (2, 2), (1, 2), (0, 2))","((0, 0), (1, 0), (2, 0), (2, 1), (3, 1), (4, 1), (4, 2), (3, 2), (2, 2), (1, 2))",1,1,2,10,,,goal,,False,2272
"((0, 0), (1, 0), (2, 0), (2, 1), (3, 1), (4, 1), (4, 2), (3, 2), (2, 2), (1, 2), (1, 3))","((0, 0), (1, 0), (2, 0), (2, 1), (3, 1), (4, 1), (4, 2), (3, 2), (2, 2), (1, 2))",1,1,2,10,,,goal,,False,2273
"((0, 0), (1, 0), (2, 0), (2, 1), (3, 1), (4, 1), (4, 2), (3, 2), (2, 2), (1, 2), (1, 1))","((0, 0), (1, 0), (2, 0), (2, 1), (3, 1), (4, 1), (4, 2), (3, 2), (2, 2), (1, 2))",1,1,2,10,,,goal,,False,2274
"((0, 0), (1, 0), (2, 0), (2, 1), (3, 1), (4, 1), (4, 2), (3, 2), (2, 2), (1, 2))","((0, 0), (1, 0), (2, 0), (2, 1), (3, 1), (4, 1), (4, 2), (3, 2), (2, 2))",1,1,2,9,3,0,expanded,False,,2275
"((0, 0), (1, 0), (2, 0), (2, 1), (3, 1), (4, 1), (4, 2), (3, 2), (2, 2), (2, 3), (3, 3))","((0, 0), (1, 0), (2, 0), (2, 1), (3, 1), (4, 1), (4, 2), (3, 2), (2, 2), (2, 3))",1,0,1,10,,,pruned,,,2276
"((0, 0), (1, 0), (2, 0), (2, 1), (3, 1), (4, 1), (4, 2), (3, 2), (2, 2), (2, 3), (1, 3))","((0, 0), (1, 0), (2, 0), (2, 1), (3, 1), (4, 1), (4, 2), (3, 2), (2, 2), (2, 3))",1,1,2,10,,,goal,,False,2277
"((0, 0), (1, 0), (2, 0), (2, 1), (3, 1), (4, 1), (4, 2), (3, 2), (2, 2), (2, 3), (2, 4))","((0, 0), (1, 0), (2, 0), (2, 1), (3, 1), (4, 1), (4, 2), (3, 2), (2, 2), (2, 3))",1,1,2,10,,,goal,,False,2278
"((0, 0), (1, 0), (2, 0), (2, 1), (3, 1), (4, 1), (4, 2), (3, 2), (2, 2), (2, 3))","((0, 0), (1, 0), (2, 0), (2, 1), (3, 1), (4, 1), (4, 2), (3, 2), (2, 2))",1,1,2,9,3,1,expanded,False,,2279
"((0, 0), (1, 0), (2, 0), (2, 1), (3, 1), (4, 1), (4, 2), (3, 2), (2, 2))","((0, 0), (1, 0), (2, 0), (2, 1), (3, 1), (4, 1), (4, 2), (3, 2))",1,1,2,8,2,0,expanded,False,,2280
"((0, 0), (1, 0), (2, 0), (2, 1), (3, 1), (4, 1), (4, 2), (3, 2), (3, 3), (4, 3), (5, 3))","((0, 0), (1, 0), (2, 0), (2, 1), (3, 1), (4, 1), (4, 2), (3, 2), (3, 3), (4, 3))",1,1,2,10,,,goal,,False,2281
"((0, 0), (1, 0), (2, 0), (2, 1), (3, 1), (4, 1), (4, 2), (3, 2), (3, 3), (4, 3), (4, 4))","((0, 0), (1, 0), (2, 0), (2, 1), (3, 1), (4, 1), (4, 2), (3, 2), (3, 3), (4, 3))",1,1,2,10,,,goal,,False,2282
"((0, 0), (1, 0), (2, 0), (2, 1), (3, 1), (4, 1), (4, 2), (3, 2), (3, 3), (4, 3))","((0, 0), (1, 0), (2, 0), (2, 1), (3, 1), (4, 1), (4, 2), (3, 2), (3, 3))",1,1,2,9,2,0,expanded,False,,2283
"((0, 0), (1, 0), (2, 0), (2, 1), (3, 1), (4, 1), (4, 2), (3, 2), (3, 3), (2, 3), (2, 2))","((0, 0), (1, 0), (2, 0), (2, 1), (3, 1), (4, 1), (4, 2), (3, 2), (3, 3), (2, 3))",1,0,1,10,,,pruned,,,2284
"((0, 0), (1, 0), (2, 0), (2, 1), (3, 1), (4, 1), (4, 2), (3, 2), (3, 3), (2, 3), (1, 3))","((0, 0), (1, 0), (2, 0), (2, 1), (3, 1), (4, 1), (4, 2), (3, 2), (3, 3), (2, 3))",1,1,2,10,,,goal,,False,2285
"((0, 0), (1, 0), (2, 0), (2, 1), (3, 1), (4, 1), (4, 2), (3, 2), (3, 3), (2, 3), (2, 4))","((0, 0), (1, 0), (2, 0), (2, 1), (3, 1), (4, 1), (4, 2), (3, 2), (3, 3), (2, 3))",1,1,2,10,,,goal,,False,2286
"((0, 0), (1, 0), (2, 0), (2, 1), (3, 1), (4, 1), (4, 2), (3, 2), (3, 3), (2, 3))","((0, 0), (1, 0), (2, 0), (2, 1), (3, 1), (4, 1), (4, 2), (3, 2), (3, 3))",1,1,2,9,3,1,expanded,False,,2287
"((0, 0), (1, 0), (2, 0), (2, 1), (3, 1), (4, 1), (4, 2), (3, 2), (3, 3), (3, 4), (4, 4))","((0, 0), (1, 0), (2, 0), (2, 1), (3, 1), (4, 1), (4, 2), (3, 2), (3, 3), (3, 4))",1,1,2,10,,,goal,,False,2288
"((0, 0), (1, 0), (2, 0), (2, 1), (3, 1), (4, 1), (4, 2), (3, 2), (3, 3), (3, 4), (2, 4))","((0, 0), (1, 0), (2, 0), (2, 1), (3, 1), (4, 1), (4, 2), (3, 2), (3, 3), (3, 4))",1,1,2,10,,,goal,,False,2289
"((0, 0), (1, 0), (2, 0), (2, 1), (3, 1), (4, 1), (4, 2), (3, 2), (3, 3), (3, 4), (3, 5))","((0, 0), (1, 0), (2, 0), (2, 1), (3, 1), (4, 1), (4, 2), (3, 2), (3, 3), (3, 4))",1,1,2,10,,,goal,,False,2290
"((0, 0), (1, 0), (2, 0), (2, 1), (3, 1), (4, 1), (4, 2), (3, 2), (3, 3), (3, 4))","((0, 0), (1, 0), (2, 0), (2, 1), (3, 1), (4, 1), (4, 2), (3, 2), (3, 3))",1,1,2,9,3,0,expanded,False,,2291
"((0, 0), (1, 0), (2, 0), (2, 1), (3, 1), (4, 1), (4, 2), (3, 2), (3, 3))","((0, 0), (1, 0), (2, 0), (2, 1), (3, 1), (4, 1), (4, 2), (3, 2))",1,1,2,8,3,0,expanded,False,,2292
"((0, 0), (1, 0), (2, 0), (2, 1), (3, 1), (4, 1), (4, 2), (3, 2))","((0, 0), (1, 0), (2, 0), (2, 1), (3, 1), (4, 1), (4, 2))",1,2,3,7,2,0,expanded,False,,2293
"((0, 0), (1, 0), (2, 0), (2, 1), (3, 1), (4, 1), (4, 2), (5, 2), (6, 2), (7, 2), (8, 2))","((0, 0), (1, 0), (2, 0), (2, 1), (3, 1), (4, 1), (4, 2), (5, 2), (6, 2), (7, 2))",0,2,2,10,,,goal,,False,2294
"((0, 0), (1, 0), (2, 0), (2, 1), (3, 1), (4, 1), (4, 2), (5, 2), (6, 2), (7, 2), (7, 3))","((0, 0), (1, 0), (2, 0), (2, 1), (3, 1), (4, 1), (4, 2), (5, 2), (6, 2), (7, 2))",0,2,2,10,,,goal,,False,2295
"((0, 0), (1, 0), (2, 0), (2, 1), (3, 1), (4, 1), (4, 2), (5, 2), (6, 2), (7, 2), (7, 1))","((0, 0), (1, 0), (2, 0), (2, 1), (3, 1), (4, 1), (4, 2), (5, 2), (6, 2), (7, 2))",0,2,2,10,,,goal,,False,2296
"((0, 0), (1, 0), (2, 0), (2, 1), (3, 1), (4, 1), (4, 2), (5, 2), (6, 2), (7, 2))","((0, 0), (1, 0), (2, 0), (2, 1), (3, 1), (4, 1), (4, 2), (5, 2), (6, 2))",0,2,2,9,3,0,expanded,False,,2297
"((0, 0), (1, 0), (2, 0), (2, 1), (3, 1), (4, 1), (4, 2), (5, 2), (6, 2), (6, 3), (5, 3))","((0, 0), (1, 0), (2, 0), (2, 1), (3, 1), (4, 1), (4, 2), (5, 2), (6, 2), (6, 3))",0,1,1,10,,,pruned,,,2298
"((0, 0), (1, 0), (2, 0), (2, 1), (3, 1), (4, 1), (4, 2), (5, 2), (6, 2), (6, 3), (7, 3))","((0, 0), (1, 0), (2, 0), (2, 1), (3, 1), (4, 1), (4, 2), (5, 2), (6, 2), (6, 3))",0,2,2,10,,,goal,,False,2299
"((0, 0), (1, 0), (2, 0), (2, 1), (3, 1), (4, 1), (4, 2), (5, 2), (6, 2), (6, 3), (6, 4))","((0, 0), (1, 0), (2, 0), (2, 1), (3, 1), (4, 1), (4, 2), (5, 2), (6, 2), (6, 3))",0,2,2,10,,,goal,,False,2300
"((0, 0), (1, 0), (2, 0), (2, 1), (3, 1), (4, 1), (4, 2), (5, 2), (6, 2), (6, 3))","((0, 0), (1, 0), (2, 0), (2, 1), (3, 1), (4, 1), (4, 2), (5, 2), (6, 2))",0,2,2,9,3,1,expanded,False,,2301
"((0, 0), (1, 0), (2, 0), (2, 1), (3, 1), (4, 1), (4, 2), (5, 2), (6, 2), (6, 1), (5, 1))","((0, 0), (1, 0), (2, 0), (2, 1), (3, 1), (4, 1), (4, 2), (5, 2), (6, 2), (6, 1))",0,1,1,10,,,pruned,,,2302
"((0, 0), (1, 0), (2, 0), (2, 1), (3, 1), (4, 1), (4, 2), (5, 2), (6, 2), (6, 1), (7, 1))","((0, 0), (1, 0), (2, 0), (2, 1), (3, 1), (4, 1), (4, 2), (5, 2), (6, 2), (6, 1))",0,2,2,10,,,goal,,False,2303
"((0, 0), (1, 0), (2, 0), (2, 1), (3, 1), (4, 1), (4, 2), (5, 2), (6, 2), (6, 1), (6, 0))","((0, 0), (1, 0), (2, 0), (2, 1), (3, 1), (4, 1), (4, 2), (5, 2), (6, 2), (6, 1))",0,2,2,10,,,goal,,False,2304
"((0, 0), (1, 0), (2, 0), (2, 1), (3, 1), (4, 1), (4, 2), (5, 2), (6, 2), (6, 1))","((0, 0), (1, 0), (2, 0), (2, 1), (3, 1), (4, 1), (4, 2), (5, 2), (6, 2))",0,2,2,9,3,1,expanded,False,,2305
"((0, 0), (1, 0), (2, 0), (2, 1), (3, 1), (4, 1), (4, 2), (5, 2), (6, 2))","((0, 0), (1, 0), (2, 0), (2, 1), (3, 1), (4, 1), (4, 2), (5, 2))",0,2,2,8,3,0,expanded,False,,2306
"((0, 0), (1, 0), (2, 0), (2, 1), (3, 1), (4, 1), (4, 2), (5, 2), (5, 3), (4, 3), (3, 3))","((0, 0), (1, 0), (2, 0), (2, 1), (3, 1), (4, 1), (4, 2), (5, 2), (5, 3), (4, 3))",0,2,2,10,,,goal,,False,2307
"((0, 0), (1, 0), (2, 0), (2, 1), (3, 1), (4, 1), (4, 2), (5, 2), (5, 3), (4, 3), (4, 4))","((0, 0), (1, 0), (2, 0), (2, 1), (3, 1), (4, 1), (4, 2), (5, 2), (5, 3), (4, 3))",0,2,2,10,,,goal,,False,2308
"((0, 0), (1, 0), (2, 0), (2, 1), (3, 1), (4, 1), (4, 2), (5, 2), (5, 3), (4, 3))","((0, 0), (1, 0), (2, 0), (2, 1), (3, 1), (4, 1), (4, 2), (5, 2), (5, 3))",0,2,2,9,2,0,expanded,False,,2309
"((0, 0), (1, 0), (2, 0), (2, 1), (3, 1), (4, 1), (4, 2), (5, 2), (5, 3), (6, 3), (6, 2))","((0, 0), (1, 0), (2, 0), (2, 1), (3, 1), (4, 1), (4, 2), (5, 2), (5, 3), (6, 3))",0,1,1,10,,,pruned,,,2310
"((0, 0), (1, 0), (2, 0), (2, 1), (3, 1), (4, 1), (4, 2), (5, 2), (5, 3), (6, 3), (7, 3))","((0, 0), (1, 0), (2, 0), (2, 1), (3, 1), (4, 1), (4, 2), (5, 2), (5, 3), (6, 3))",0,2,2,10,,,goal,,False,2311
"((0, 0), (1, 0), (2, 0), (2, 1), (3, 1), (4, 1), (4, 2), (5, 2), (5, 3), (6, 3), (6, 4))","((0, 0), (1, 0), (2, 0), (2, 1), (3, 1), (4, 1), (4, 2), (5, 2), (5, 3), (6, 3))",0,2,2,10,,,goal,,False,2312
"((0, 0), (1, 0), (2, 0), (2, 1), (3, 1), (4, 1), (4, 2), (5, 2), (5, 3), (6, 3))","((0, 0), (1, 0), (2, 0), (2, 1), (3, 1), (4, 1), (4, 2), (5, 2), (5, 3))",0,2,2,9,3,1,expanded,False,,2313
"((0, 0), (1, 0), (2, 0), (2, 1), (3, 1), (4, 1), (4, 2), (5, 2), (5, 3), (5, 4), (6, 4))","((0, 0), (1, 0), (2, 0), (2, 1), (3, 1), (4, 1), (4, 2), (5, 2), (5, 3), (5, 4))",0,2,2,10,,,goal,,False,2314
"((0, 0), (1, 0), (2, 0), (2, 1), (3, 1), (4, 1), (4, 2), (5, 2), (5, 3), (5, 4), (4, 4))","((0, 0), (1, 0), (2, 0), (2, 1), (3, 1), (4, 1), (4, 2), (5, 2), (5, 3), (5, 4))",0,2,2,10,,,goal,,False,2315
"((0, 0), (1, 0), (2, 0), (2, 1), (3, 1), (4, 1), (4, 2), (5, 2), (5, 3), (5, 4), (5, 5))","((0, 0), (1, 0), (2, 0), (2, 1), (3, 1), (4, 1), (4, 2), (5, 2), (5, 3), (5, 4))",0,2,2,10,,,goal,,False,2316
"((0, 0), (1, 0), (2, 0), (2, 1), (3, 1), (4, 1), (4, 2), (5, 2), (5, 3), (5, 4))","((0, 0), (1, 0), (2, 0), (2, 1), (3, 1), (4, 1), (4, 2), (5, 2), (5, 3))",0,2,2,9,3,0,expanded,False,,2317
"((0, 0), (1, 0), (2, 0), (2, 1), (3, 1), (4, 1), (4, 2), (5, 2), (5, 3))","((0, 0), (1, 0), (2, 0), (2, 1), (3, 1), (4, 1), (4, 2), (5, 2))",0,2,2,8,3,0,expanded,False,,2318
"((0, 0), (1, 0), (2, 0), (2, 1), (3, 1), (4, 1), (4, 2), (5, 2), (5, 1), (6, 1), (6, 2))","((0, 0), (1, 0), (2, 0), (2, 1), (3, 1), (4, 1), (4, 2), (5, 2), (5, 1), (6, 1))",0,1,1,10,,,pruned,,,2319
"((0, 0), (1, 0), (2, 0), (2, 1), (3, 1), (4, 1), (4, 2), (5, 2), (5, 1), (6, 1), (7, 1))","((0, 0), (1, 0), (2, 0), (2, 1), (3, 1), (4, 1), (4, 2), (5, 2), (5, 1), (6, 1))",0,2,2,10,,,goal,,False,2320
"((0, 0), (1, 0), (2, 0), (2, 1), (3, 1), (4, 1), (4, 2), (5, 2), (5, 1), (6, 1), (6, 0))","((0, 0), (1, 0), (2, 0), (2, 1), (3, 1), (4, 1), (4, 2), (5, 2), (5, 1), (6, 1))",0,2,2,10,,,goal,,False,2321
"((0, 0), (1, 0), (2, 0), (2, 1), (3, 1), (4, 1), (4, 2), (5, 2), (5, 1), (6, 1))","((0, 0), (1, 0), (2, 0), (2, 1), (3, 1), (4, 1), (4, 2), (5, 2), (5, 1))",0,2,2,9,3,1,expanded,False,,2322
"((0, 0), (1, 0), (2, 0), (2, 1), (3, 1), (4, 1), (4, 2), (5, 2), (5, 1), (5, 0), (6, 0))","((0, 0), (1, 0), (2, 0), (2, 1), (3, 1), (4, 1), (4, 2), (5, 2), (5, 1), (5, 0))",0,2,2,10,,,goal,,False,2323
"((0, 0), (1, 0), (2, 0), (2, 1), (3, 1), (4, 1), (4, 2), (5, 2), (5, 1), (5, 0), (4, 0))","((0, 0), (1, 0), (2, 0), (2, 1), (3, 1), (4, 1), (4, 2), (5, 2), (5, 1), (5, 0))",0,2,2,10,,,goal,,False,2324
"((0, 0), (1, 0), (2, 0), (2, 1), (3, 1), (4, 1), (4, 2), (5, 2), (5, 1), (5, 0), (5, -1))","((0, 0), (1, 0), (2, 0), (2, 1), (3, 1), (4, 1), (4, 2), (5, 2), (5, 1), (5, 0))",0,2,2,10,,,goal,,False,2325
"((0, 0), (1, 0), (2, 0), (2, 1), (3, 1), (4, 1), (4, 2), (5, 2), (5, 1), (5, 0))","((0, 0), (1, 0), (2, 0), (2, 1), (3, 1), (4, 1), (4, 2), (5, 2), (5, 1))",0,2,2,9,3,0,expanded,False,,2326
"((0, 0), (1, 0), (2, 0), (2, 1), (3, 1), (4, 1), (4, 2), (5, 2), (5, 1))","((0, 0), (1, 0), (2, 0), (2, 1), (3, 1), (4, 1), (4, 2), (5, 2))",0,2,2,8,2,0,expanded,False,,2327
"((0, 0), (1, 0), (2, 0), (2, 1), (3, 1), (4, 1), (4, 2), (5, 2))","((0, 0), (1, 0), (2, 0), (2, 1), (3, 1), (4, 1), (4, 2))",0,3,3,7,3,0,expanded,False,,2328
"((0, 0), (1, 0), (2, 0), (2, 1), (3, 1), (4, 1), (4, 2), (4, 3), (5, 3), (5, 2), (6, 2))","((0, 0), (1, 0), (2, 0), (2, 1), (3, 1), (4, 1), (4, 2), (4, 3), (5, 3), (5, 2))",0,2,2,10,,,goal,,False,2329
"((0, 0), (1, 0), (2, 0), (2, 1), (3, 1), (4, 1), (4, 2), (4, 3), (5, 3), (5, 2), (5, 1))","((0, 0), (1, 0), (2, 0), (2, 1), (3, 1), (4, 1), (4, 2), (4, 3), (5, 3), (5, 2))",0,2,2,10,,,goal,,False,2330
"((0, 0), (1, 0), (2, 0), (2, 1), (3, 1), (4, 1), (4, 2), (4, 3), (5, 3), (5, 2))","((0, 0), (1, 0), (2, 0), (2, 1), (3, 1), (4, 1), (4, 2), (4, 3), (5, 3))",0,2,2,9,2,0,expanded,False,,2331
"((0, 0), (1, 0), (2, 0), (2, 1), (3, 1), (4, 1), (4, 2), (4, 3), (5, 3), (6, 3), (7, 3))","((0, 0), (1, 0), (2, 0), (2, 1), (3, 1), (4, 1), (4, 2), (4, 3), (5, 3), (6, 3))",0,2,2,10,,,goal,,False,2332
"((0, 0), (1, 0), (2, 0), (2, 1), (3, 1), (4, 1), (4, 2), (4, 3), (5, 3), (6, 3), (6, 4))","((0, 0), (1, 0), (2, 0), (2, 1), (3, 1), (4, 1), (4, 2), (4, 3), (5, 3), (6, 3))",0,2,2,10,,,goal,,False,2333
"((0, 0), (1, 0), (2, 0), (2, 1), (3, 1), (4, 1), (4, 2), (4, 3), (5, 3), (6, 3), (6, 2))","((0, 0), (1, 0), (2, 0), (2, 1), (3, 1), (4, 1), (4, 2), (4, 3), (5, 3), (6, 3))",0,2,2,10,,,goal,,False,2334
"((0, 0), (1, 0), (2, 0), (2, 1), (3, 1), (4, 1), (4, 2), (4, 3), (5, 3), (6, 3))","((0, 0), (1, 0), (2, 0), (2, 1), (3, 1), (4, 1), (4, 2), (4, 3), (5, 3))",0,2,2,9,3,0,expanded,False,,2335
"((0, 0), (1, 0), (2, 0), (2, 1), (3, 1), (4, 1), (4, 2), (4, 3), (5, 3), (5, 4), (4, 4))","((0, 0), (1, 0), (2, 0), (2, 1), (3, 1), (4, 1), (4, 2), (4, 3), (5, 3), (5, 4))",0,1,1,10,,,pruned,,,2336
"((0, 0), (1, 0), (2, 0), (2, 1), (3, 1), (4, 1), (4, 2), (4, 3), (5, 3), (5, 4), (6, 4))","((0, 0), (1, 0), (2, 0), (2, 1), (3, 1), (4, 1), (4, 2), (4, 3), (5, 3), (5, 4))",0,2,2,10,,,goal,,False,2337
"((0, 0), (1, 0), (2, 0), (2, 1), (3, 1), (4, 1), (4, 2), (4, 3), (5, 3), (5, 4), (5, 5))","((0, 0), (1, 0), (2, 0), (2, 1), (3, 1), (4, 1), (4, 2), (4, 3), (5, 3), (5, 4))",0,2,2,10,,,goal,,False,2338
"((0, 0), (1, 0), (2, 0), (2, 1), (3, 1), (4, 1), (4, 2), (4, 3), (5, 3), (5, 4))","((0, 0), (1, 0), (2, 0), (2, 1), (3, 1), (4, 1), (4, 2), (4, 3), (5, 3))",0,2,2,9,3,1,expanded,False,,2339
"((0, 0), (1, 0), (2, 0), (2, 1), (3, 1), (4, 1), (4, 2), (4, 3), (5, 3))","((0, 0), (1, 0), (2, 0), (2, 1), (3, 1), (4, 1), (4, 2), (4, 3))",0,2,2,8,3,0,expanded,False,,2340
"((0, 0), (1, 0), (2, 0), (2, 1), (3, 1), (4, 1), (4, 2), (4, 3), (3, 3), (3, 2), (2, 2))","((0, 0), (1, 0), (2, 0), (2, 1), (3, 1), (4, 1), (4, 2), (4, 3), (3, 3), (3, 2))",0,2,2,10,,,goal,,False,2341
"((0, 0), (1, 0), (2, 0), (2, 1), (3, 1), (4, 1), (4, 2), (4, 3), (3, 3), (3, 2))","((0, 0), (1, 0), (2, 0), (2, 1), (3, 1), (4, 1), (4, 2), (4, 3), (3, 3))",0,2,2,9,1,0,expanded,False,,2342
"((0, 0), (1, 0), (2, 0), (2, 1), (3, 1), (4, 1), (4, 2), (4, 3), (3, 3), (2, 3), (1, 3))","((0, 0), (1, 0), (2, 0), (2, 1), (3, 1), (4, 1), (4, 2), (4, 3), (3, 3), (2, 3))",0,2,2,10,,,goal,,False,2343
"((0, 0), (1, 0), (2, 0), (2, 1), (3, 1), (4, 1), (4, 2), (4, 3), (3, 3), (2, 3), (2, 4))","((0, 0), (1, 0), (2, 0), (2, 1), (3, 1), (4, 1), (4, 2), (4, 3), (3, 3), (2, 3))",0,2,2,10,,,goal,,False,2344
"((0, 0), (1, 0), (2, 0), (2, 1), (3, 1), (4, 1), (4, 2), (4, 3), (3, 3), (2, 3), (2, 2))","((0, 0), (1, 0), (2, 0), (2, 1), (3, 1), (4, 1), (4, 2), (4, 3), (3, 3), (2, 3))",0,2,2,10,,,goal,,False,2345
"((0, 0), (1, 0), (2, 0), (2, 1), (3, 1), (4, 1), (4, 2), (4, 3), (3, 3), (2, 3))","((0, 0), (1, 0), (2, 0), (2, 1), (3, 1), (4, 1), (4, 2), (4, 3), (3, 3))",0,2,2,9,3,0,expanded,False,,2346
"((0, 0), (1, 0), (2, 0), (2, 1), (3, 1), (4, 1), (4, 2), (4, 3), (3, 3), (3, 4), (4, 4))","((0, 0), (1, 0), (2, 0), (2, 1), (3, 1), (4, 1), (4, 2), (4, 3), (3, 3), (3, 4))",0,1,1,10,,,pruned,,,2347
"((0, 0), (1, 0), (2, 0), (2, 1), (3, 1), (4, 1), (4, 2), (4, 3), (3, 3), (3, 4), (2, 4))","((0, 0), (1, 0), (2, 0), (2, 1), (3, 1), (4, 1), (4, 2), (4, 3), (3, 3), (3, 4))",0,2,2,10,,,goal,,False,2348
"((0, 0), (1, 0), (2, 0), (2, 1), (3, 1), (4, 1), (4, 2), (4, 3), (3, 3), (3, 4), (3, 5))","((0, 0), (1, 0), (2, 0), (2, 1), (3, 1), (4, 1), (4, 2), (4, 3), (3, 3), (3, 4))",0,2,2,10,,,goal,,False,2349
"((0, 0), (1, 0), (2, 0), (2, 1), (3, 1), (4, 1), (4, 2), (4, 3), (3, 3), (3, 4))","((0, 0), (1, 0), (2, 0), (2, 1), (3, 1), (4, 1), (4, 2), (4, 3), (3, 3))",0,2,2,9,3,1,expanded,False,,2350
"((0, 0), (1, 0), (2, 0), (2, 1), (3, 1), (4, 1), (4, 2), (4, 3), (3, 3))","((0, 0), (1, 0), (2, 0), (2, 1), (3, 1), (4, 1), (4, 2), (4, 3))",0,2,2,8,3,0,expanded,False,,2351
"((0, 0), (1, 0), (2, 0), (2, 1), (3, 1), (4, 1), (4, 2), (4, 3), (4, 4), (5, 4), (5, 3))","((0, 0), (1, 0), (2, 0), (2, 1), (3, 1), (4, 1), (4, 2), (4, 3), (4, 4), (5, 4))",0,1,1,10,,,pruned,,,2352
"((0, 0), (1, 0), (2, 0), (2, 1), (3, 1), (4, 1), (4, 2), (4, 3), (4, 4), (5, 4), (6, 4))","((0, 0), (1, 0), (2, 0), (2, 1), (3, 1), (4, 1), (4, 2), (4, 3), (4, 4), (5, 4))",0,2,2,10,,,goal,,False,2353
"((0, 0), (1, 0), (2, 0), (2, 1), (3, 1), (4, 1), (4, 2), (4, 3), (4, 4), (5, 4), (5, 5))","((0, 0), (1, 0), (2, 0), (2, 1), (3, 1), (4, 1), (4, 2), (4, 3), (4, 4), (5, 4))",0,2,2,10,,,goal,,False,2354
"((0, 0), (1, 0), (2, 0), (2, 1), (3, 1), (4, 1), (4, 2), (4, 3), (4, 4), (5, 4))","((0, 0), (1, 0), (2, 0), (2, 1), (3, 1), (4, 1), (4, 2), (4, 3), (4, 4))",0,2,2,9,3,1,expanded,False,,2355
"((0, 0), (1, 0), (2, 0), (2, 1), (3, 1), (4, 1), (4, 2), (4, 3), (4, 4), (3, 4), (3, 3))","((0, 0), (1, 0), (2, 0), (2, 1), (3, 1), (4, 1), (4, 2), (4, 3), (4, 4), (3, 4))",0,1,1,10,,,pruned,,,2356
"((0, 0), (1, 0), (2, 0), (2, 1), (3, 1), (4, 1), (4, 2), (4, 3), (4, 4), (3, 4), (2, 4))","((0, 0), (1, 0), (2, 0), (2, 1), (3, 1), (4, 1), (4, 2), (4, 3), (4, 4), (3, 4))",0,2,2,10,,,goal,,False,2357
"((0, 0), (1, 0), (2, 0), (2, 1), (3, 1), (4, 1), (4, 2), (4, 3), (4, 4), (3, 4), (3, 5))","((0, 0), (1, 0), (2, 0), (2, 1), (3, 1), (4, 1), (4, 2), (4, 3), (4, 4), (3, 4))",0,2,2,10,,,goal,,False,2358
"((0, 0), (1, 0), (2, 0), (2, 1), (3, 1), (4, 1), (4, 2), (4, 3), (4, 4), (3, 4))","((0, 0), (1, 0), (2, 0), (2, 1), (3, 1), (4, 1), (4, 2), (4, 3), (4, 4))",0,2,2,9,3,1,expanded,False,,2359
"((0, 0), (1, 0), (2, 0), (2, 1), (3, 1), (4, 1), (4, 2), (4, 3), (4, 4), (4, 5), (5, 5))","((0, 0), (1, 0), (2, 0), (2, 1), (3, 1), (4, 1), (4, 2), (4, 3), (4, 4), (4, 5))",0,2,2,10,,,goal,,False,2360
"((0, 0), (1, 0), (2, 0), (2, 1), (3, 1), (4, 1), (4, 2), (4, 3), (4, 4), (4, 5), (3, 5))","((0, 0), (1, 0), (2, 0), (2, 1), (3, 1), (4, 1), (4, 2), (4, 3), (4, 4), (4, 5))",0,2,2,10,,,goal,,False,2361
"((0, 0), (1, 0), (2, 0), (2, 1), (3, 1), (4, 1), (4, 2), (4, 3), (4, 4), (4, 5), (4, 6))","((0, 0), (1, 0), (2, 0), (2, 1), (3, 1), (4, 1), (4, 2), (4, 3), (4, 4), (4, 5))",0,2,2,10,,,goal,,False,2362
"((0, 0), (1, 0), (2, 0), (2, 1), (3, 1), (4, 1), (4, 2), (4, 3), (4, 4), (4, 5))","((0, 0), (1, 0), (2, 0), (2, 1), (3, 1), (4, 1), (4, 2), (4, 3), (4, 4))",0,2,2,9,3,0,expanded,False,,2363
"((0, 0), (1, 0), (2, 0), (2, 1), (3, 1), (4, 1), (4, 2), (4, 3), (4, 4))","((0, 0), (1, 0), (2, 0), (2, 1), (3, 1), (4, 1), (4, 2), (4, 3))",0,2,2,8,3,0,expanded,False,,2364
"((0, 0), (1, 0), (2, 0), (2, 1), (3, 1), (4, 1), (4, 2), (4, 3))","((0, 0), (1, 0), (2, 0), (2, 1), (3, 1), (4, 1), (4, 2))",0,3,3,7,3,0,expanded,False,,2365
"((0, 0), (1, 0), (2, 0), (2, 1), (3, 1), (4, 1), (4, 2))","((0, 0), (1, 0), (2, 0), (2, 1), (3, 1), (4, 1))",0,2,2,6,3,0,expanded,False,,2366
"((0, 0), (1, 0), (2, 0), (2, 1), (3, 1), (4, 1), (4, 0), (3, 0), (3, -1))","((0, 0), (1, 0), (2, 0), (2, 1), (3, 1), (4, 1), (4, 0), (3, 0))",1,0,1,8,,,pruned,,,2367
"((0, 0), (1, 0), (2, 0), (2, 1), (3, 1), (4, 1), (4, 0), (3, 0))","((0, 0), (1, 0), (2, 0), (2, 1), (3, 1), (4, 1), (4, 0))",1,1,2,7,1,1,expanded,True,,2368
"((0, 0), (1, 0), (2, 0), (2, 1), (3, 1), (4, 1), (4, 0), (5, 0), (6, 0), (7, 0), (8, 0))","((0, 0), (1, 0), (2, 0), (2, 1), (3, 1), (4, 1), (4, 0), (5, 0), (6, 0), (7, 0))",0,2,2,10,,,goal,,False,2369
"((0, 0), (1, 0), (2, 0), (2, 1), (3, 1), (4, 1), (4, 0), (5, 0), (6, 0), (7, 0), (7, 1))","((0, 0), (1, 0), (2, 0), (2, 1), (3, 1), (4, 1), (4, 0), (5, 0), (6, 0), (7, 0))",0,2,2,10,,,goal,,False,2370
"((0, 0), (1, 0), (2, 0), (2, 1), (3, 1), (4, 1), (4, 0), (5, 0), (6, 0), (7, 0), (7, -1))","((0, 0), (1, 0), (2, 0), (2, 1), (3, 1), (4, 1), (4, 0), (5, 0), (6, 0), (7, 0))",0,2,2,10,,,goal,,False,2371
"((0, 0), (1, 0), (2, 0), (2, 1), (3, 1), (4, 1), (4, 0), (5, 0), (6, 0), (7, 0))","((0, 0), (1, 0), (2, 0), (2, 1), (3, 1), (4, 1), (4, 0), (5, 0), (6, 0))",0,2,2,9,3,0,expanded,False,,2372
"((0, 0), (1, 0), (2, 0), (2, 1), (3, 1), (4, 1), (4, 0), (5, 0), (6, 0), (6, 1), (5, 1))","((0, 0), (1, 0), (2, 0), (2, 1), (3, 1), (4, 1), (4, 0), (5, 0), (6, 0), (6, 1))",0,1,1,10,,,pruned,,,2373
"((0, 0), (1, 0), (2, 0), (2, 1), (3, 1), (4, 1), (4, 0), (5, 0), (6, 0), (6, 1), (7, 1))","((0, 0), (1, 0), (2, 0), (2, 1), (3, 1), (4, 1), (4, 0), (5, 0), (6, 0), (6, 1))",0,2,2,10,,,goal,,False,2374
"((0, 0), (1, 0), (2, 0), (2, 1), (3, 1), (4, 1), (4, 0), (5, 0), (6, 0), (6, 1), (6, 2))","((0, 0), (1, 0), (2, 0), (2, 1), (3, 1), (4, 1), (4, 0), (5, 0), (6, 0), (6, 1))",0,2,2,10,,,goal,,False,2375
"((0, 0), (1, 0), (2, 0), (2, 1), (3, 1), (4, 1), (4, 0), (5, 0), (6, 0), (6, 1))","((0, 0), (1, 0), (2, 0), (2, 1), (3, 1), (4, 1), (4, 0), (5, 0), (6, 0))",0,2,2,9,3,1,expanded,False,,2376
"((0, 0), (1, 0), (2, 0), (2, 1), (3, 1), (4, 1), (4, 0), (5, 0), (6, 0), (6, -1), (5, -1))","((0, 0), (1, 0), (2, 0), (2, 1), (3, 1), (4, 1), (4, 0), (5, 0), (6, 0), (6, -1))",0,1,1,10,,,pruned,,,2377
"((0, 0), (1, 0), (2, 0), (2, 1), (3, 1), (4, 1), (4, 0), (5, 0), (6, 0), (6, -1), (7, -1))","((0, 0), (1, 0), (2, 0), (2, 1), (3, 1), (4, 1), (4, 0), (5, 0), (6, 0), (6, -1))",0,2,2,10,,,goal,,False,2378
"((0, 0), (1, 0), (2, 0), (2, 1), (3, 1), (4, 1), (4, 0), (5, 0), (6, 0), (6, -1), (6, -2))","((0, 0), (1, 0), (2, 0), (2, 1), (3, 1), (4, 1), (4, 0), (5, 0), (6, 0), (6, -1))",0,2,2,10,,,goal,,False,2379
"((0, 0), (1, 0), (2, 0), (2, 1), (3, 1), (4, 1), (4, 0), (5, 0), (6, 0), (6, -1))","((0, 0), (1, 0), (2, 0), (2, 1), (3, 1), (4, 1), (4, 0), (5, 0), (6, 0))",0,2,2,9,3,1,expanded,False,,2380
"((0, 0), (1, 0), (2, 0), (2, 1), (3, 1), (4, 1), (4, 0), (5, 0), (6, 0))","((0, 0), (1, 0), (2, 0), (2, 1), (3, 1), (4, 1), (4, 0), (5, 0))",0,2,2,8,3,0,expanded,False,,2381
"((0, 0), (1, 0), (2, 0), (2, 1), (3, 1), (4, 1), (4, 0), (5, 0), (5, 1), (6, 1), (6, 0))","((0, 0), (1, 0), (2, 0), (2, 1), (3, 1), (4, 1), (4, 0), (5, 0), (5, 1), (6, 1))",0,1,1,10,,,pruned,,,2382
"((0, 0), (1, 0), (2, 0), (2, 1), (3, 1), (4, 1), (4, 0), (5, 0), (5, 1), (6, 1), (7, 1))","((0, 0), (1, 0), (2, 0), (2, 1), (3, 1), (4, 1), (4, 0), (5, 0), (5, 1), (6, 1))",0,2,2,10,,,goal,,False,2383
"((0, 0), (1, 0), (2, 0), (2, 1), (3, 1), (4, 1), (4, 0), (5, 0), (5, 1), (6, 1), (6, 2))","((0, 0), (1, 0), (2, 0), (2, 1), (3, 1), (4, 1), (4, 0), (5, 0), (5, 1), (6, 1))",0,2,2,10,,,goal,,False,2384
"((0, 0), (1, 0), (2, 0), (2, 1), (3, 1), (4, 1), (4, 0), (5, 0), (5, 1), (6, 1))","((0, 0), (1, 0), (2, 0), (2, 1), (3, 1), (4, 1), (4, 0), (5, 0), (5, 1))",0,2,2,9,3,1,expanded,False,,2385
"((0, 0), (1, 0), (2, 0), (2, 1), (3, 1), (4, 1), (4, 0), (5, 0), (5, 1), (5, 2), (6, 2))","((0, 0), (1, 0), (2, 0), (2, 1), (3, 1), (4, 1), (4, 0), (5, 0), (5, 1), (5, 2))",0,2,2,10,,,goal,,False,2386
"((0, 0), (1, 0), (2, 0), (2, 1), (3, 1), (4, 1), (4, 0), (5, 0), (5, 1), (5, 2), (4, 2))","((0, 0), (1, 0), (2, 0), (2, 1), (3, 1), (4, 1), (4, 0), (5, 0), (5, 1), (5, 2))",0,2,2,10,,,goal,,False,2387
"((0, 0), (1, 0), (2, 0), (2, 1), (3, 1), (4, 1), (4, 0), (5, 0), (5, 1), (5, 2), (5, 3))","((0, 0), (1, 0), (2, 0), (2, 1), (3, 1), (4, 1), (4, 0), (5, 0), (5, 1), (5, 2))",0,2,2,10,,,goal,,False,2388
"((0, 0), (1, 0), (2, 0), (2, 1), (3, 1), (4, 1), (4, 0), (5, 0), (5, 1), (5, 2))","((0, 0), (1, 0), (2, 0), (2, 1), (3, 1), (4, 1), (4, 0), (5, 0), (5, 1))",0,2,2,9,3,0,expanded,False,,2389
"((0, 0), (1, 0), (2, 0), (2, 1), (3, 1), (4, 1), (4, 0), (5, 0), (5, 1))","((0, 0), (1, 0), (2, 0), (2, 1), (3, 1), (4, 1), (4, 0), (5, 0))",0,2,2,8,2,0,expanded,False,,2390
"((0, 0), (1, 0), (2, 0), (2, 1), (3, 1), (4, 1), (4, 0), (5, 0), (5, -1), (4, -1), (3, -1))","((0, 0), (1, 0), (2, 0), (2, 1), (3, 1), (4, 1), (4, 0), (5, 0), (5, -1), (4, -1))",0,2,2,10,,,goal,,False,2391
"((0, 0), (1, 0), (2, 0), (2, 1), (3, 1), (4, 1), (4, 0), (5, 0), (5, -1), (4, -1), (4, -2))","((0, 0), (1, 0), (2, 0), (2, 1), (3, 1), (4, 1), (4, 0), (5, 0), (5, -1), (4, -1))",0,2,2,10,,,goal,,False,2392
"((0, 0), (1, 0), (2, 0), (2, 1), (3, 1), (4, 1), (4, 0), (5, 0), (5, -1), (4, -1))","((0, 0), (1, 0), (2, 0), (2, 1), (3, 1), (4, 1), (4, 0), (5, 0), (5, -1))",0,2,2,9,2,0,expanded,False,,2393
"((0, 0), (1, 0), (2, 0), (2, 1), (3, 1), (4, 1), (4, 0), (5, 0), (5, -1), (6, -1), (6, 0))","((0, 0), (1, 0), (2, 0), (2, 1), (3, 1), (4, 1), (4, 0), (5, 0), (5, -1), (6, -1))",0,1,1,10,,,pruned,,,2394
"((0, 0), (1, 0), (2, 0), (2, 1), (3, 1), (4, 1), (4, 0), (5, 0), (5, -1), (6, -1), (7, -1))","((0, 0), (1, 0), (2, 0), (2, 1), (3, 1), (4, 1), (4, 0), (5, 0), (5, -1), (6, -1))",0,2,2,10,,,goal,,False,2395
"((0, 0), (1, 0), (2, 0), (2, 1), (3, 1), (4, 1), (4, 0), (5, 0), (5, -1), (6, -1), (6, -2))","((0, 0), (1, 0), (2, 0), (2, 1), (3, 1), (4, 1), (4, 0), (5, 0), (5, -1), (6, -1))",0,2,2,10,,,goal,,False,2396
"((0, 0), (1, 0), (2, 0), (2, 1), (3, 1), (4, 1), (4, 0), (5, 0), (5, -1), (6, -1))","((0, 0), (1, 0), (2, 0), (2, 1), (3, 1), (4, 1), (4, 0), (5, 0), (5, -1))",0,2,2,9,3,1,expanded,False,,2397
"((0, 0), (1, 0), (2, 0), (2, 1), (3, 1), (4, 1), (4, 0), (5, 0), (5, -1), (5, -2), (6, -2))","((0, 0), (1, 0), (2, 0), (2, 1), (3, 1), (4, 1), (4, 0), (5, 0), (5, -1), (5, -2))",0,2,2,10,,,goal,,False,2398
"((0, 0), (1, 0), (2, 0), (2, 1), (3, 1), (4, 1), (4, 0), (5, 0), (5, -1), (5, -2), (4, -2))","((0, 0), (1, 0), (2, 0), (2, 1), (3, 1), (4, 1), (4, 0), (5, 0), (5, -1), (5, -2))",0,2,2,10,,,goal,,False,2399
"((0, 0), (1, 0), (2, 0), (2, 1), (3, 1), (4, 1), (4, 0), (5, 0), (5, -1), (5, -2), (5, -3))","((0, 0), (1, 0), (2, 0), (2, 1), (3, 1), (4, 1), (4, 0), (5, 0), (5, -1), (5, -2))",0,2,2,10,,,goal,,False,2400
"((0, 0), (1, 0), (2, 0), (2, 1), (3, 1), (4, 1), (4, 0), (5, 0), (5, -1), (5, -2))","((0, 0), (1, 0), (2, 0), (2, 1), (3, 1), (4, 1), (4, 0), (5, 0), (5, -1))",0,2,2,9,3,0,expanded,False,,2401
"((0, 0), (1, 0), (2, 0), (2, 1), (3, 1), (4, 1), (4, 0), (5, 0), (5, -1))","((0, 0), (1, 0), (2, 0), (2, 1), (3, 1), (4, 1), (4, 0), (5, 0))",0,2,2,8,3,0,expanded,False,,2402
"((0, 0), (1, 0), (2, 0), (2, 1), (3, 1), (4, 1), (4, 0), (5, 0))","((0, 0), (1, 0), (2, 0), (2, 1), (3, 1), (4, 1), (4, 0))",0,3,3,7,3,0,expanded,False,,2403
"((0, 0), (1, 0), (2, 0), (2, 1), (3, 1), (4, 1), (4, 0), (4, -1), (5, -1), (5, 0), (6, 0))","((0, 0), (1, 0), (2, 0), (2, 1), (3, 1), (4, 1), (4, 0), (4, -1), (5, -1), (5, 0))",0,2,2,10,,,goal,,False,2404
"((0, 0), (1, 0), (2, 0), (2, 1), (3, 1), (4, 1), (4, 0), (4, -1), (5, -1), (5, 0), (5, 1))","((0, 0), (1, 0), (2, 0), (2, 1), (3, 1), (4, 1), (4, 0), (4, -1), (5, -1), (5, 0))",0,2,2,10,,,goal,,False,2405
"((0, 0), (1, 0), (2, 0), (2, 1), (3, 1), (4, 1), (4, 0), (4, -1), (5, -1), (5, 0))","((0, 0), (1, 0), (2, 0), (2, 1), (3, 1), (4, 1), (4, 0), (4, -1), (5, -1))",0,2,2,9,2,0,expanded,False,,2406
"((0, 0), (1, 0), (2, 0), (2, 1), (3, 1), (4, 1), (4, 0), (4, -1), (5, -1), (6, -1), (7, -1))","((0, 0), (1, 0), (2, 0), (2, 1), (3, 1), (4, 1), (4, 0), (4, -1), (5, -1), (6, -1))",0,2,2,10,,,goal,,False,2407
"((0, 0), (1, 0), (2, 0), (2, 1), (3, 1), (4, 1), (4, 0), (4, -1), (5, -1), (6, -1), (6, 0))","((0, 0), (1, 0), (2, 0), (2, 1), (3, 1), (4, 1), (4, 0), (4, -1), (5, -1), (6, -1))",0,2,2,10,,,goal,,False,2408
"((0, 0), (1, 0), (2, 0), (2, 1), (3, 1), (4, 1), (4, 0), (4, -1), (5, -1), (6, -1), (6, -2))","((0, 0), (1, 0), (2, 0), (2, 1), (3, 1), (4, 1), (4, 0), (4, -1), (5, -1), (6, -1))",0,2,2,10,,,goal,,False,2409
"((0, 0), (1, 0), (2, 0), (2, 1), (3, 1), (4, 1), (4, 0), (4, -1), (5, -1), (6, -1))","((0, 0), (1, 0), (2, 0), (2, 1), (3, 1), (4, 1), (4, 0), (4, -1), (5, -1))",0,2,2,9,3,0,expanded,False,,2410
"((0, 0), (1, 0), (2, 0), (2, 1), (3, 1), (4, 1), (4, 0), (4, -1), (5, -1), (5, -2), (4, -2))","((0, 0), (1, 0), (2, 0), (2, 1), (3, 1), (4, 1), (4, 0), (4, -1), (5, -1), (5, -2))",0,1,1,10,,,pruned,,,2411
"((0, 0), (1, 0), (2, 0), (2, 1), (3, 1), (4, 1), (4, 0), (4, -1), (5, -1), (5, -2), (6, -2))","((0, 0), (1, 0), (2, 0), (2, 1), (3, 1), (4, 1), (4, 0), (4, -1), (5, -1), (5, -2))",0,2,2,10,,,goal,,False,2412
"((0, 0), (1, 0), (2, 0), (2, 1), (3, 1), (4, 1), (4, 0), (4, -1), (5, -1), (5, -2), (5, -3))","((0, 0), (1, 0), (2, 0), (2, 1), (3, 1), (4, 1), (4, 0), (4, -1), (5, -1), (5, -2))",0,2,2,10,,,goal,,False,2413
"((0, 0), (1, 0), (2, 0), (2, 1), (3, 1), (4, 1), (4, 0), (4, -1), (5, -1), (5, -2))","((0, 0), (1, 0), (2, 0), (2, 1), (3, 1), (4, 1), (4, 0), (4, -1), (5, -1))",0,2,2,9,3,1,expanded,False,,2414
"((0, 0), (1, 0), (2, 0), (2, 1), (3, 1), (4, 1), (4, 0), (4, -1), (5, -1))","((0, 0), (1, 0), (2, 0), (2, 1), (3, 1), (4, 1), (4, 0), (4, -1))",0,2,2,8,3,0,expanded,False,,2415
"((0, 0), (1, 0), (2, 0), (2, 1), (3, 1), (4, 1), (4, 0), (4, -1), (3, -1), (3, 0))","((0, 0), (1, 0), (2, 0), (2, 1), (3, 1), (4, 1), (4, 0), (4, -1), (3, -1))",0,2,2,9,0,0,expanded,True,,2416
"((0, 0), (1, 0), (2, 0), (2, 1), (3, 1), (4, 1), (4, 0), (4, -1), (3, -1), (2, -1), (1, -1))","((0, 0), (1, 0), (2, 0), (2, 1), (3, 1), (4, 1), (4, 0), (4, -1), (3, -1), (2, -1))",0,2,2,10,,,goal,,False,2417
"((0, 0), (1, 0), (2, 0), (2, 1), (3, 1), (4, 1), (4, 0), (4, -1), (3, -1), (2, -1), (2, -2))","((0, 0), (1, 0), (2, 0), (2, 1), (3, 1), (4, 1), (4, 0), (4, -1), (3, -1), (2, -1))",0,2,2,10,,,goal,,False,2418
"((0, 0), (1, 0), (2, 0), (2, 1), (3, 1), (4, 1), (4, 0), (4, -1), (3, -1), (2, -1))","((0, 0), (1, 0), (2, 0), (2, 1), (3, 1), (4, 1), (4, 0), (4, -1), (3, -1))",0,2,2,9,2,0,expanded,False,,2419
"((0, 0), (1, 0), (2, 0), (2, 1), (3, 1), (4, 1), (4, 0), (4, -1), (3, -1), (3, -2), (4, -2))","((0, 0), (1, 0), (2, 0), (2, 1), (3, 1), (4, 1), (4, 0), (4, -1), (3, -1), (3, -2))",0,1,1,10,,,pruned,,,2420
"((0, 0), (1, 0), (2, 0), (2, 1), (3, 1), (4, 1), (4, 0), (4, -1), (3, -1), (3, -2), (2, -2))","((0, 0), (1, 0), (2, 0), (2, 1), (3, 1), (4, 1), (4, 0), (4, -1), (3, -1), (3, -2))",0,2,2,10,,,goal,,False,2421
"((0, 0), (1, 0), (2, 0), (2, 1), (3, 1), (4, 1), (4, 0), (4, -1), (3, -1), (3, -2), (3, -3))","((0, 0), (1, 0), (2, 0), (2, 1), (3, 1), (4, 1), (4, 0), (4, -1), (3, -1), (3, -2))",0,2,2,10,,,goal,,False,2422
"((0, 0), (1, 0), (2, 0), (2, 1), (3, 1), (4, 1), (4, 0), (4, -1), (3, -1), (3, -2))","((0, 0), (1, 0), (2, 0), (2, 1), (3, 1), (4, 1), (4, 0), (4, -1), (3, -1))",0,2,2,9,3,1,expanded,False,,2423
"((0, 0), (1, 0), (2, 0), (2, 1), (3, 1), (4, 1), (4, 0), (4, -1), (3, -1))","((0, 0), (1, 0), (2, 0), (2, 1), (3, 1), (4, 1), (4, 0), (4, -1))",0,2,2,8,3,0,expanded,False,,2424
"((0, 0), (1, 0), (2, 0), (2, 1), (3, 1), (4, 1), (4, 0), (4, -1), (4, -2), (5, -2), (5, -1))","((0, 0), (1, 0), (2, 0), (2, 1), (3, 1), (4, 1), (4, 0), (4, -1), (4, -2), (5, -2))",0,1,1,10,,,pruned,,,2425
"((0, 0), (1, 0), (2, 0), (2, 1), (3, 1), (4, 1), (4, 0), (4, -1), (4, -2), (5, -2), (6, -2))","((0, 0), (1, 0), (2, 0), (2, 1), (3, 1), (4, 1), (4, 0), (4, -1), (4, -2), (5, -2))",0,2,2,10,,,goal,,False,2426
"((0, 0), (1, 0), (2, 0), (2, 1), (3, 1), (4, 1), (4, 0), (4, -1), (4, -2), (5, -2), (5, -3))","((0, 0), (1, 0), (2, 0), (2, 1), (3, 1), (4, 1), (4, 0), (4, -1), (4, -2), (5, -2))",0,2,2,10,,,goal,,False,2427
"((0, 0), (1, 0), (2, 0), (2, 1), (3, 1), (4, 1), (4, 0), (4, -1), (4, -2), (5, -2))","((0, 0), (1, 0), (2, 0), (2, 1), (3, 1), (4, 1), (4, 0), (4, -1), (4, -2))",0,2,2,9,3,1,expanded,False,,2428
"((0, 0), (1, 0), (2, 0), (2, 1), (3, 1), (4, 1), (4, 0), (4, -1), (4, -2), (3, -2), (3, -1))","((0, 0), (1, 0), (2, 0), (2, 1), (3, 1), (4, 1), (4, 0), (4, -1), (4, -2), (3, -2))",0,1,1,10,,,pruned,,,2429
"((0, 0), (1, 0), (2, 0), (2, 1), (3, 1), (4, 1), (4, 0), (4, -1), (4, -2), (3, -2), (2, -2))","((0, 0), (1, 0), (2, 0), (2, 1), (3, 1), (4, 1), (4, 0), (4, -1), (4, -2), (3, -2))",0,2,2,10,,,goal,,False,2430
"((0, 0), (1, 0), (2, 0), (2, 1), (3, 1), (4, 1), (4, 0), (4, -1), (4, -2), (3, -2), (3, -3))","((0, 0), (1, 0), (2, 0), (2, 1), (3, 1), (4, 1), (4, 0), (4, -1), (4, -2), (3, -2))",0,2,2,10,,,goal,,False,2431
"((0, 0), (1, 0), (2, 0), (2, 1), (3, 1), (4, 1), (4, 0), (4, -1), (4, -2), (3, -2))","((0, 0), (1, 0), (2, 0), (2, 1), (3, 1), (4, 1), (4, 0), (4, -1), (4, -2))",0,2,2,9,3,1,expanded,False,,2432
"((0, 0), (1, 0), (2, 0), (2, 1), (3, 1), (4, 1), (4, 0), (4, -1), (4, -2), (4, -3), (5, -3))","((0, 0), (1, 0), (2, 0), (2, 1), (3, 1), (4, 1), (4, 0), (4, -1), (4, -2), (4, -3))",0,2,2,10,,,goal,,False,2433
"((0, 0), (1, 0), (2, 0), (2, 1), (3, 1), (4, 1), (4, 0), (4, -1), (4, -2), (4, -3), (3, -3))","((0, 0), (1, 0), (2, 0), (2, 1), (3, 1), (4, 1), (4, 0), (4, -1), (4, -2), (4, -3))",0,2,2,10,,,goal,,False,2434
"((0, 0), (1, 0), (2, 0), (2, 1), (3, 1), (4, 1), (4, 0), (4, -1), (4, -2), (4, -3), (4, -4))","((0, 0), (1, 0), (2, 0), (2, 1), (3, 1), (4, 1), (4, 0), (4, -1), (4, -2), (4, -3))",0,2,2,10,,,goal,,False,2435
"((0, 0), (1, 0), (2, 0), (2, 1), (3, 1), (4, 1), (4, 0), (4, -1), (4, -2), (4, -3))","((0, 0), (1, 0), (2, 0), (2, 1), (3, 1), (4, 1), (4, 0), (4, -1), (4, -2))",0,2,2,9,3,0,expanded,False,,2436
"((0, 0), (1, 0), (2, 0), (2, 1), (3, 1), (4, 1), (4, 0), (4, -1), (4, -2))","((0, 0), (1, 0), (2, 0), (2, 1), (3, 1), (4, 1), (4, 0), (4, -1))",0,2,2,8,3,0,expanded,False,,2437
"((0, 0), (1, 0), (2, 0), (2, 1), (3, 1), (4, 1), (4, 0), (4, -1))","((0, 0), (1, 0), (2, 0), (2, 1), (3, 1), (4, 1), (4, 0))",0,3,3,7,3,0,expanded,False,,2438
"((0, 0), (1, 0), (2, 0), (2, 1), (3, 1), (4, 1), (4, 0))","((0, 0), (1, 0), (2, 0), (2, 1), (3, 1), (4, 1))",0,2,2,6,3,0,expanded,False,,2439
"((0, 0), (1, 0), (2, 0), (2, 1), (3, 1), (4, 1))","((0, 0), (1, 0), (2, 0), (2, 1), (3, 1))",0,2,2,5,3,0,expanded,False,,2440
"((0, 0), (1, 0), (2, 0), (2, 1), (3, 1), (3, 2), (4, 2), (4, 1), (5, 1), (5, 2), (6, 2))","((0, 0), (1, 0), (2, 0), (2, 1), (3, 1), (3, 2), (4, 2), (4, 1), (5, 1), (5, 2))",1,1,2,10,,,goal,,False,2441
"((0, 0), (1, 0), (2, 0), (2, 1), (3, 1), (3, 2), (4, 2), (4, 1), (5, 1), (5, 2), (5, 3))","((0, 0), (1, 0), (2, 0), (2, 1), (3, 1), (3, 2), (4, 2), (4, 1), (5, 1), (5, 2))",1,1,2,10,,,goal,,False,2442
"((0, 0), (1, 0), (2, 0), (2, 1), (3, 1), (3, 2), (4, 2), (4, 1), (5, 1), (5, 2))","((0, 0), (1, 0), (2, 0), (2, 1), (3, 1), (3, 2), (4, 2), (4, 1), (5, 1))",1,1,2,9,2,0,expanded,False,,2443
"((0, 0), (1, 0), (2, 0), (2, 1), (3, 1), (3, 2), (4, 2), (4, 1), (5, 1), (6, 1), (7, 1))","((0, 0), (1, 0), (2, 0), (2, 1), (3, 1), (3, 2), (4, 2), (4, 1), (5, 1), (6, 1))",1,1,2,10,,,goal,,False,2444
"((0, 0), (1, 0), (2, 0), (2, 1), (3, 1), (3, 2), (4, 2), (4, 1), (5, 1), (6, 1), (6, 2))","((0, 0), (1, 0), (2, 0), (2, 1), (3, 1), (3, 2), (4, 2), (4, 1), (5, 1), (6, 1))",1,1,2,10,,,goal,,False,2445
"((0, 0), (1, 0), (2, 0), (2, 1), (3, 1), (3, 2), (4, 2), (4, 1), (5, 1), (6, 1), (6, 0))","((0, 0), (1, 0), (2, 0), (2, 1), (3, 1), (3, 2), (4, 2), (4, 1), (5, 1), (6, 1))",1,1,2,10,,,goal,,False,2446
"((0, 0), (1, 0), (2, 0), (2, 1), (3, 1), (3, 2), (4, 2), (4, 1), (5, 1), (6, 1))","((0, 0), (1, 0), (2, 0), (2, 1), (3, 1), (3, 2), (4, 2), (4, 1), (5, 1))",1,1,2,9,3,0,expanded,False,,2447
"((0, 0), (1, 0), (2, 0), (2, 1), (3, 1), (3, 2), (4, 2), (4, 1), (5, 1), (5, 0), (4, 0))","((0, 0), (1, 0), (2, 0), (2, 1), (3, 1), (3, 2), (4, 2), (4, 1), (5, 1), (5, 0))",1,0,1,10,,,pruned,,,2448
"((0, 0), (1, 0), (2, 0), (2, 1), (3, 1), (3, 2), (4, 2), (4, 1), (5, 1), (5, 0), (6, 0))","((0, 0), (1, 0), (2, 0), (2, 1), (3, 1), (3, 2), (4, 2), (4, 1), (5, 1), (5, 0))",1,1,2,10,,,goal,,False,2449
"((0, 0), (1, 0), (2, 0), (2, 1), (3, 1), (3, 2), (4, 2), (4, 1), (5, 1), (5, 0), (5, -1))","((0, 0), (1, 0), (2, 0), (2, 1), (3, 1), (3, 2), (4, 2), (4, 1), (5, 1), (5, 0))",1,1,2,10,,,goal,,False,2450
"((0, 0), (1, 0), (2, 0), (2, 1), (3, 1), (3, 2), (4, 2), (4, 1), (5, 1), (5, 0))","((0, 0), (1, 0), (2, 0), (2, 1), (3, 1), (3, 2), (4, 2), (4, 1), (5, 1))",1,1,2,9,3,1,expanded,False,,2451
"((0, 0), (1, 0), (2, 0), (2, 1), (3, 1), (3, 2), (4, 2), (4, 1), (5, 1))","((0, 0), (1, 0), (2, 0), (2, 1), (3, 1), (3, 2), (4, 2), (4, 1))",1,1,2,8,3,0,expanded,False,,2452
"((0, 0), (1, 0), (2, 0), (2, 1), (3, 1), (3, 2), (4, 2), (4, 1), (4, 0), (3, 0), (3, -1))","((0, 0), (1, 0), (2, 0), (2, 1), (3, 1), (3, 2), (4, 2), (4, 1), (4, 0), (3, 0))",1,1,2,10,,,goal,,False,2453
"((0, 0), (1, 0), (2, 0), (2, 1), (3, 1), (3, 2), (4, 2), (4, 1), (4, 0), (3, 0))","((0, 0), (1, 0), (2, 0), (2, 1), (3, 1), (3, 2), (4, 2), (4, 1), (4, 0))",1,1,2,9,1,0,expanded,False,,2454
"((0, 0), (1, 0), (2, 0), (2, 1), (3, 1), (3, 2), (4, 2), (4, 1), (4, 0), (5, 0), (5, 1))","((0, 0), (1, 0), (2, 0), (2, 1), (3, 1), (3, 2), (4, 2), (4, 1), (4, 0), (5, 0))",1,0,1,10,,,pruned,,,2455
"((0, 0), (1, 0), (2, 0), (2, 1), (3, 1), (3, 2), (4, 2), (4, 1), (4, 0), (5, 0), (6, 0))","((0, 0), (1, 0), (2, 0), (2, 1), (3, 1), (3, 2), (4, 2), (4, 1), (4, 0), (5, 0))",1,1,2,10,,,goal,,False,2456
"((0, 0), (1, 0), (2, 0), (2, 1), (3, 1), (3, 2), (4, 2), (4, 1), (4, 0), (5, 0), (5, -1))","((0, 0), (1, 0), (2, 0), (2, 1), (3, 1), (3, 2), (4, 2), (4, 1), (4, 0), (5, 0))",1,1,2,10,,,goal,,False,2457
"((0, 0), (1, 0), (2, 0), (2, 1), (3, 1), (3, 2), (4, 2), (4, 1), (4, 0), (5, 0))","((0, 0), (1, 0), (2, 0), (2, 1), (3, 1), (3, 2), (4, 2), (4, 1), (4, 0))",1,1,2,9,3,1,expanded,False,,2458
"((0, 0), (1, 0), (2, 0), (2, 1), (3, 1), (3, 2), (4, 2), (4, 1), (4, 0), (4, -1), (5, -1))","((0, 0), (1, 0), (2, 0), (2, 1), (3, 1), (3, 2), (4, 2), (4, 1), (4, 0), (4, -1))",1,1,2,10,,,goal,,False,2459
"((0, 0), (1, 0), (2, 0), (2, 1), (3, 1), (3, 2), (4, 2), (4, 1), (4, 0), (4, -1), (3, -1))","((0, 0), (1, 0), (2, 0), (2, 1), (3, 1), (3, 2), (4, 2), (4, 1), (4, 0), (4, -1))",1,1,2,10,,,goal,,False,2460
"((0, 0), (1, 0), (2, 0), (2, 1), (3, 1), (3, 2), (4, 2), (4, 1), (4, 0), (4, -1), (4, -2))","((0, 0), (1, 0), (2, 0), (2, 1), (3, 1), (3, 2), (4, 2), (4, 1), (4, 0), (4, -1))",1,1,2,10,,,goal,,False,2461
"((0, 0), (1, 0), (2, 0), (2, 1), (3, 1), (3, 2), (4, 2), (4, 1), (4, 0), (4, -1))","((0, 0), (1, 0), (2, 0), (2, 1), (3, 1), (3, 2), (4, 2), (4, 1), (4, 0))",1,1,2,9,3,0,expanded,False,,2462
"((0, 0), (1, 0), (2, 0), (2, 1), (3, 1), (3, 2), (4, 2), (4, 1), (4, 0))","((0, 0), (1, 0), (2, 0), (2, 1), (3, 1), (3, 2), (4, 2), (4, 1))",1,1,2,8,3,0,expanded,False,,2463
"((0, 0), (1, 0), (2, 0), (2, 1), (3, 1), (3, 2), (4, 2), (4, 1))","((0, 0), (1, 0), (2, 0), (2, 1), (3, 1), (3, 2), (4, 2))",1,2,3,7,2,0,expanded,False,,2464
"((0, 0), (1, 0), (2, 0), (2, 1), (3, 1), (3, 2), (4, 2), (5, 2), (6, 2), (7, 2), (8, 2))","((0, 0), (1, 0), (2, 0), (2, 1), (3, 1), (3, 2), (4, 2), (5, 2), (6, 2), (7, 2))",0,2,2,10,,,goal,,False,2465
"((0, 0), (1, 0), (2, 0), (2, 1), (3, 1), (3, 2), (4, 2), (5, 2), (6, 2), (7, 2), (7, 3))","((0, 0), (1, 0), (2, 0), (2, 1), (3, 1), (3, 2), (4, 2), (5, 2), (6, 2), (7, 2))",0,2,2,10,,,goal,,False,2466
"((0, 0), (1, 0), (2, 0), (2, 1), (3, 1), (3, 2), (4, 2), (5, 2), (6, 2), (7, 2), (7, 1))","((0, 0), (1, 0), (2, 0), (2, 1), (3, 1), (3, 2), (4, 2), (5, 2), (6, 2), (7, 2))",0,2,2,10,,,goal,,False,2467
"((0, 0), (1, 0), (2, 0), (2, 1), (3, 1), (3, 2), (4, 2), (5, 2), (6, 2), (7, 2))","((0, 0), (1, 0), (2, 0), (2, 1), (3, 1), (3, 2), (4, 2), (5, 2), (6, 2))",0,2,2,9,3,0,expanded,False,,2468
"((0, 0), (1, 0), (2, 0), (2, 1), (3, 1), (3, 2), (4, 2), (5, 2), (6, 2), (6, 3), (5, 3))","((0, 0), (1, 0), (2, 0), (2, 1), (3, 1), (3, 2), (4, 2), (5, 2), (6, 2), (6, 3))",0,1,1,10,,,pruned,,,2469
"((0, 0), (1, 0), (2, 0), (2, 1), (3, 1), (3, 2), (4, 2), (5, 2), (6, 2), (6, 3), (7, 3))","((0, 0), (1, 0), (2, 0), (2, 1), (3, 1), (3, 2), (4, 2), (5, 2), (6, 2), (6, 3))",0,2,2,10,,,goal,,False,2470
"((0, 0), (1, 0), (2, 0), (2, 1), (3, 1), (3, 2), (4, 2), (5, 2), (6, 2), (6, 3), (6, 4))","((0, 0), (1, 0), (2, 0), (2, 1), (3, 1), (3, 2), (4, 2), (5, 2), (6, 2), (6, 3))",0,2,2,10,,,goal,,False,2471
"((0, 0), (1, 0), (2, 0), (2, 1), (3, 1), (3, 2), (4, 2), (5, 2), (6, 2), (6, 3))","((0, 0), (1, 0), (2, 0), (2, 1), (3, 1), (3, 2), (4, 2), (5, 2), (6, 2))",0,2,2,9,3,1,expanded,False,,2472
"((0, 0), (1, 0), (2, 0), (2, 1), (3, 1), (3, 2), (4, 2), (5, 2), (6, 2), (6, 1), (5, 1))","((0, 0), (1, 0), (2, 0), (2, 1), (3, 1), (3, 2), (4, 2), (5, 2), (6, 2), (6, 1))",0,1,1,10,,,pruned,,,2473
"((0, 0), (1, 0), (2, 0), (2, 1), (3, 1), (3, 2), (4, 2), (5, 2), (6, 2), (6, 1), (7, 1))","((0, 0), (1, 0), (2, 0), (2, 1), (3, 1), (3, 2), (4, 2), (5, 2), (6, 2), (6, 1))",0,2,2,10,,,goal,,False,2474
"((0, 0), (1, 0), (2, 0), (2, 1), (3, 1), (3, 2), (4, 2), (5, 2), (6, 2), (6, 1), (6, 0))","((0, 0), (1, 0), (2, 0), (2, 1), (3, 1), (3, 2), (4, 2), (5, 2), (6, 2), (6, 1))",0,2,2,10,,,goal,,False,2475
"((0, 0), (1, 0), (2, 0), (2, 1), (3, 1), (3, 2), (4, 2), (5, 2), (6, 2), (6, 1))","((0, 0), (1, 0), (2, 0), (2, 1), (3, 1), (3, 2), (4, 2), (5, 2), (6, 2))",0,2,2,9,3,1,expanded,False,,2476
"((0, 0), (1, 0), (2, 0), (2, 1), (3, 1), (3, 2), (4, 2), (5, 2), (6, 2))","((0, 0), (1, 0), (2, 0), (2, 1), (3, 1), (3, 2), (4, 2), (5, 2))",0,2,2,8,3,0,expanded,False,,2477
"((0, 0), (1, 0), (2, 0), (2, 1), (3, 1), (3, 2), (4, 2), (5, 2), (5, 3), (4, 3), (3, 3))","((0, 0), (1, 0), (2, 0), (2, 1), (3, 1), (3, 2), (4, 2), (5, 2), (5, 3), (4, 3))",0,2,2,10,,,goal,,False,2478
"((0, 0), (1, 0), (2, 0), (2, 1), (3, 1), (3, 2), (4, 2), (5, 2), (5, 3), (4, 3), (4, 4))","((0, 0), (1, 0), (2, 0), (2, 1), (3, 1), (3, 2), (4, 2), (5, 2), (5, 3), (4, 3))",0,2,2,10,,,goal,,False,2479
"((0, 0), (1, 0), (2, 0), (2, 1), (3, 1), (3, 2), (4, 2), (5, 2), (5, 3), (4, 3))","((0, 0), (1, 0), (2, 0), (2, 1), (3, 1), (3, 2), (4, 2), (5, 2), (5, 3))",0,2,2,9,2,0,expanded,False,,2480
"((0, 0), (1, 0), (2, 0), (2, 1), (3, 1), (3, 2), (4, 2), (5, 2), (5, 3), (6, 3), (6, 2))","((0, 0), (1, 0), (2, 0), (2, 1), (3, 1), (3, 2), (4, 2), (5, 2), (5, 3), (6, 3))",0,1,1,10,,,pruned,,,2481
"((0, 0), (1, 0), (2, 0), (2, 1), (3, 1), (3, 2), (4, 2), (5, 2), (5, 3), (6, 3), (7, 3))","((0, 0), (1, 0), (2, 0), (2, 1), (3, 1), (3, 2), (4, 2), (5, 2), (5, 3), (6, 3))",0,2,2,10,,,goal,,False,2482
"((0, 0), (1, 0), (2, 0), (2, 1), (3, 1), (3, 2), (4, 2), (5, 2), (5, 3), (6, 3), (6, 4))","((0, 0), (1, 0), (2, 0), (2, 1), (3, 1), (3, 2), (4, 2), (5, 2), (5, 3), (6, 3))",0,2,2,10,,,goal,,False,2483
"((0, 0), (1, 0), (2, 0), (2, 1), (3, 1), (3, 2), (4, 2), (5, 2), (5, 3), (6, 3))","((0, 0), (1, 0), (2, 0), (2, 1), (3, 1), (3, 2), (4, 2), (5, 2), (5, 3))",0,2,2,9,3,1,expanded,False,,2484
"((0, 0), (1, 0), (2, 0), (2, 1), (3, 1), (3, 2), (4, 2), (5, 2), (5, 3), (5, 4), (6, 4))","((0, 0), (1, 0), (2, 0), (2, 1), (3, 1), (3, 2), (4, 2), (5, 2), (5, 3), (5, 4))",0,2,2,10,,,goal,,False,2485
"((0, 0), (1, 0), (2, 0), (2, 1), (3, 1), (3, 2), (4, 2), (5, 2), (5, 3), (5, 4), (4, 4))","((0, 0), (1, 0), (2, 0), (2, 1), (3, 1), (3, 2), (4, 2), (5, 2), (5, 3), (5, 4))",0,2,2,10,,,goal,,False,2486
"((0, 0), (1, 0), (2, 0), (2, 1), (3, 1), (3, 2), (4, 2), (5, 2), (5, 3), (5, 4), (5, 5))","((0, 0), (1, 0), (2, 0), (2, 1), (3, 1), (3, 2), (4, 2), (5, 2), (5, 3), (5, 4))",0,2,2,10,,,goal,,False,2487
"((0, 0), (1, 0), (2, 0), (2, 1), (3, 1), (3, 2), (4, 2), (5, 2), (5, 3), (5, 4))","((0, 0), (1, 0), (2, 0), (2, 1), (3, 1), (3, 2), (4, 2), (5, 2), (5, 3))",0,2,2,9,3,0,expanded,False,,2488
"((0, 0), (1, 0), (2, 0), (2, 1), (3, 1), (3, 2), (4, 2), (5, 2), (5, 3))","((0, 0), (1, 0), (2, 0), (2, 1), (3, 1), (3, 2), (4, 2), (5, 2))",0,2,2,8,3,0,expanded,False,,2489
"((0, 0), (1, 0), (2, 0), (2, 1), (3, 1), (3, 2), (4, 2), (5, 2), (5, 1), (4, 1), (4, 0))","((0, 0), (1, 0), (2, 0), (2, 1), (3, 1), (3, 2), (4, 2), (5, 2), (5, 1), (4, 1))",0,2,2,10,,,goal,,False,2490
"((0, 0), (1, 0), (2, 0), (2, 1), (3, 1), (3, 2), (4, 2), (5, 2), (5, 1), (4, 1))","((0, 0), (1, 0), (2, 0), (2, 1), (3, 1), (3, 2), (4, 2), (5, 2), (5, 1))",0,2,2,9,1,0,expanded,False,,2491
"((0, 0), (1, 0), (2, 0), (2, 1), (3, 1), (3, 2), (4, 2), (5, 2), (5, 1), (6, 1), (6, 2))","((0, 0), (1, 0), (2, 0), (2, 1), (3, 1), (3, 2), (4, 2), (5, 2), (5, 1), (6, 1))",0,1,1,10,,,pruned,,,2492
"((0, 0), (1, 0), (2, 0), (2, 1), (3, 1), (3, 2), (4, 2), (5, 2), (5, 1), (6, 1), (7, 1))","((0, 0), (1, 0), (2, 0), (2, 1), (3, 1), (3, 2), (4, 2), (5, 2), (5, 1), (6, 1))",0,2,2,10,,,goal,,False,2493
"((0, 0), (1, 0), (2, 0), (2, 1), (3, 1), (3, 2), (4, 2), (5, 2), (5, 1), (6, 1), (6, 0))","((0, 0), (1, 0), (2, 0), (2, 1), (3, 1), (3, 2), (4, 2), (5, 2), (5, 1), (6, 1))",0,2,2,10,,,goal,,False,2494
"((0, 0), (1, 0), (2, 0), (2, 1), (3, 1), (3, 2), (4, 2), (5, 2), (5, 1), (6, 1))","((0, 0), (1, 0), (2, 0), (2, 1), (3, 1), (3, 2), (4, 2), (5, 2), (5, 1))",0,2,2,9,3,1,expanded,False,,2495
"((0, 0), (1, 0), (2, 0), (2, 1), (3, 1), (3, 2), (4, 2), (5, 2), (5, 1), (5, 0), (6, 0))","((0, 0), (1, 0), (2, 0), (2, 1), (3, 1), (3, 2), (4, 2), (5, 2), (5, 1), (5, 0))",0,2,2,10,,,goal,,False,2496
"((0, 0), (1, 0), (2, 0), (2, 1), (3, 1), (3, 2), (4, 2), (5, 2), (5, 1), (5, 0), (4, 0))","((0, 0), (1, 0), (2, 0), (2, 1), (3, 1), (3, 2), (4, 2), (5, 2), (5, 1), (5, 0))",0,2,2,10,,,goal,,False,2497
"((0, 0), (1, 0), (2, 0), (2, 1), (3, 1), (3, 2), (4, 2), (5, 2), (5, 1), (5, 0), (5, -1))","((0, 0), (1, 0), (2, 0), (2, 1), (3, 1), (3, 2), (4, 2), (5, 2), (5, 1), (5, 0))",0,2,2,10,,,goal,,False,2498
"((0, 0), (1, 0), (2, 0), (2, 1), (3, 1), (3, 2), (4, 2), (5, 2), (5, 1), (5, 0))","((0, 0), (1, 0), (2, 0), (2, 1), (3, 1), (3, 2), (4, 2), (5, 2), (5, 1))",0,2,2,9,3,0,expanded,False,,2499
"((0, 0), (1, 0), (2, 0), (2, 1), (3, 1), (3, 2), (4, 2), (5, 2), (5, 1))","((0, 0), (1, 0), (2, 0), (2, 1), (3, 1), (3, 2), (4, 2), (5, 2))",0,2,2,8,3,0,expanded,False,,2500
"((0, 0), (1, 0), (2, 0), (2, 1), (3, 1), (3, 2), (4, 2), (5, 2))","((0, 0), (1, 0), (2, 0), (2, 1), (3, 1), (3, 2), (4, 2))",0,3,3,7,3,0,expanded,False,,2501
"((0, 0), (1, 0), (2, 0), (2, 1), (3, 1), (3, 2), (4, 2), (4, 3), (5, 3), (5, 2), (6, 2))","((0, 0), (1, 0), (2, 0), (2, 1), (3, 1), (3, 2), (4, 2), (4, 3), (5, 3), (5, 2))",0,2,2,10,,,goal,,False,2502
"((0, 0), (1, 0), (2, 0), (2, 1), (3, 1), (3, 2), (4, 2), (4, 3), (5, 3), (5, 2), (5, 1))","((0, 0), (1, 0), (2, 0), (2, 1), (3, 1), (3, 2), (4, 2), (4, 3), (5, 3), (5, 2))",0,2,2,10,,,goal,,False,2503
"((0, 0), (1, 0), (2, 0), (2, 1), (3, 1), (3, 2), (4, 2), (4, 3), (5, 3), (5, 2))","((0, 0), (1, 0), (2, 0), (2, 1), (3, 1), (3, 2), (4, 2), (4, 3), (5, 3))",0,2,2,9,2,0,expanded,False,,2504
"((0, 0), (1, 0), (2, 0), (2, 1), (3, 1), (3, 2), (4, 2), (4, 3), (5, 3), (6, 3), (7, 3))","((0, 0), (1, 0), (2, 0), (2, 1), (3, 1), (3, 2), (4, 2), (4, 3), (5, 3), (6, 3))",0,2,2,10,,,goal,,False,2505
"((0, 0), (1, 0), (2, 0), (2, 1), (3, 1), (3, 2), (4, 2), (4, 3), (5, 3), (6, 3), (6, 4))","((0, 0), (1, 0), (2, 0), (2, 1), (3, 1), (3, 2), (4, 2), (4, 3), (5, 3), (6, 3))",0,2,2,10,,,goal,,False,2506
"((0, 0), (1, 0), (2, 0), (2, 1), (3, 1), (3, 2), (4, 2), (4, 3), (5, 3), (6, 3), (6, 2))","((0, 0), (1, 0), (2, 0), (2, 1), (3, 1), (3, 2), (4, 2), (4, 3), (5, 3), (6, 3))",0,2,2,10,,,goal,,False,2507
"((0, 0), (1, 0), (2, 0), (2, 1), (3, 1), (3, 2), (4, 2), (4, 3), (5, 3), (6, 3))","((0, 0), (1, 0), (2, 0), (2, 1), (3, 1), (3, 2), (4, 2), (4, 3), (5, 3))",0,2,2,9,3,0,expanded,False,,2508
"((0, 0), (1, 0), (2, 0), (2, 1), (3, 1), (3, 2), (4, 2), (4, 3), (5, 3), (5, 4), (4, 4))","((0, 0), (1, 0), (2, 0), (2, 1), (3, 1), (3, 2), (4, 2), (4, 3), (5, 3), (5, 4))",0,1,1,10,,,pruned,,,2509
"((0, 0), (1, 0), (2, 0), (2, 1), (3, 1), (3, 2), (4, 2), (4, 3), (5, 3), (5, 4), (6, 4))","((0, 0), (1, 0), (2, 0), (2, 1), (3, 1), (3, 2), (4, 2), (4, 3), (5, 3), (5, 4))",0,2,2,10,,,goal,,False,2510
"((0, 0), (1, 0), (2, 0), (2, 1), (3, 1), (3, 2), (4, 2), (4, 3), (5, 3), (5, 4), (5, 5))","((0, 0), (1, 0), (2, 0), (2, 1), (3, 1), (3, 2), (4, 2), (4, 3), (5, 3), (5, 4))",0,2,2,10,,,goal,,False,2511
"((0, 0), (1, 0), (2, 0), (2, 1), (3, 1), (3, 2), (4, 2), (4, 3), (5, 3), (5, 4))","((0, 0), (1, 0), (2, 0), (2, 1), (3, 1), (3, 2), (4, 2), (4, 3), (5, 3))",0,2,2,9,3,1,expanded,False,,2512
"((0, 0), (1, 0), (2, 0), (2, 1), (3, 1), (3, 2), (4, 2), (4, 3), (5, 3))","((0, 0), (1, 0), (2, 0), (2, 1), (3, 1), (3, 2), (4, 2), (4, 3))",0,2,2,8,3,0,expanded,False,,2513
"((0, 0), (1, 0), (2, 0), (2, 1), (3, 1), (3, 2), (4, 2), (4, 3), (3, 3), (2, 3), (1, 3))","((0, 0), (1, 0), (2, 0), (2, 1), (3, 1), (3, 2), (4, 2), (4, 3), (3, 3), (2, 3))",0,2,2,10,,,goal,,False,2514
"((0, 0), (1, 0), (2, 0), (2, 1), (3, 1), (3, 2), (4, 2), (4, 3), (3, 3), (2, 3), (2, 4))","((0, 0), (1, 0), (2, 0), (2, 1), (3, 1), (3, 2), (4, 2), (4, 3), (3, 3), (2, 3))",0,2,2,10,,,goal,,False,2515
"((0, 0), (1, 0), (2, 0), (2, 1), (3, 1), (3, 2), (4, 2), (4, 3), (3, 3), (2, 3), (2, 2))","((0, 0), (1, 0), (2, 0), (2, 1), (3, 1), (3, 2), (4, 2), (4, 3), (3, 3), (2, 3))",0,2,2,10,,,goal,,False,2516
"((0, 0), (1, 0), (2, 0), (2, 1), (3, 1), (3, 2), (4, 2), (4, 3), (3, 3), (2, 3))","((0, 0), (1, 0), (2, 0), (2, 1), (3, 1), (3, 2), (4, 2), (4, 3), (3, 3))",0,2,2,9,3,0,expanded,False,,2517
"((0, 0), (1, 0), (2, 0), (2, 1), (3, 1), (3, 2), (4, 2), (4, 3), (3, 3), (3, 4), (4, 4))","((0, 0), (1, 0), (2, 0), (2, 1), (3, 1), (3, 2), (4, 2), (4, 3), (3, 3), (3, 4))",0,1,1,10,,,pruned,,,2518
"((0, 0), (1, 0), (2, 0), (2, 1), (3, 1), (3, 2), (4, 2), (4, 3), (3, 3), (3, 4), (2, 4))","((0, 0), (1, 0), (2, 0), (2, 1), (3, 1), (3, 2), (4, 2), (4, 3), (3, 3), (3, 4))",0,2,2,10,,,goal,,False,2519
"((0, 0), (1, 0), (2, 0), (2, 1), (3, 1), (3, 2), (4, 2), (4, 3), (3, 3), (3, 4), (3, 5))","((0, 0), (1, 0), (2, 0), (2, 1), (3, 1), (3, 2), (4, 2), (4, 3), (3, 3), (3, 4))",0,2,2,10,,,goal,,False,2520
"((0, 0), (1, 0), (2, 0), (2, 1), (3, 1), (3, 2), (4, 2), (4, 3), (3, 3), (3, 4))","((0, 0), (1, 0), (2, 0), (2, 1), (3, 1), (3, 2), (4, 2), (4, 3), (3, 3))",0,2,2,9,3,1,expanded,False,,2521
"((0, 0), (1, 0), (2, 0), (2, 1), (3, 1), (3, 2), (4, 2), (4, 3), (3, 3))","((0, 0), (1, 0), (2, 0), (2, 1), (3, 1), (3, 2), (4, 2), (4, 3))",0,2,2,8,2,0,expanded,False,,2522
"((0, 0), (1, 0), (2, 0), (2, 1), (3, 1), (3, 2), (4, 2), (4, 3), (4, 4), (5, 4), (5, 3))","((0, 0), (1, 0), (2, 0), (2, 1), (3, 1), (3, 2), (4, 2), (4, 3), (4, 4), (5, 4))",0,1,1,10,,,pruned,,,2523
"((0, 0), (1, 0), (2, 0), (2, 1), (3, 1), (3, 2), (4, 2), (4, 3), (4, 4), (5, 4), (6, 4))","((0, 0), (1, 0), (2, 0), (2, 1), (3, 1), (3, 2), (4, 2), (4, 3), (4, 4), (5, 4))",0,2,2,10,,,goal,,False,2524
"((0, 0), (1, 0), (2, 0), (2, 1), (3, 1), (3, 2), (4, 2), (4, 3), (4, 4), (5, 4), (5, 5))","((0, 0), (1, 0), (2, 0), (2, 1), (3, 1), (3, 2), (4, 2), (4, 3), (4, 4), (5, 4))",0,2,2,10,,,goal,,False,2525
"((0, 0), (1, 0), (2, 0), (2, 1), (3, 1), (3, 2), (4, 2), (4, 3), (4, 4), (5, 4))","((0, 0), (1, 0), (2, 0), (2, 1), (3, 1), (3, 2), (4, 2), (4, 3), (4, 4))",0,2,2,9,3,1,expanded,False,,2526
"((0, 0), (1, 0), (2, 0), (2, 1), (3, 1), (3, 2), (4, 2), (4, 3), (4, 4), (3, 4), (3, 3))","((0, 0), (1, 0), (2, 0), (2, 1), (3, 1), (3, 2), (4, 2), (4, 3), (4, 4), (3, 4))",0,1,1,10,,,pruned,,,2527
"((0, 0), (1, 0), (2, 0), (2, 1), (3, 1), (3, 2), (4, 2), (4, 3), (4, 4), (3, 4), (2, 4))","((0, 0), (1, 0), (2, 0), (2, 1), (3, 1), (3, 2), (4, 2), (4, 3), (4, 4), (3, 4))",0,2,2,10,,,goal,,False,2528
"((0, 0), (1, 0), (2, 0), (2, 1), (3, 1), (3, 2), (4, 2), (4, 3), (4, 4), (3, 4), (3, 5))","((0, 0), (1, 0), (2, 0), (2, 1), (3, 1), (3, 2), (4, 2), (4, 3), (4, 4), (3, 4))",0,2,2,10,,,goal,,False,2529
"((0, 0), (1, 0), (2, 0), (2, 1), (3, 1), (3, 2), (4, 2), (4, 3), (4, 4), (3, 4))","((0, 0), (1, 0), (2, 0), (2, 1), (3, 1), (3, 2), (4, 2), (4, 3), (4, 4))",0,2,2,9,3,1,expanded,False,,2530
"((0, 0), (1, 0), (2, 0), (2, 1), (3, 1), (3, 2), (4, 2), (4, 3), (4, 4), (4, 5), (5, 5))","((0, 0), (1, 0), (2, 0), (2, 1), (3, 1), (3, 2), (4, 2), (4, 3), (4, 4), (4, 5))",0,2,2,10,,,goal,,False,2531
"((0, 0), (1, 0), (2, 0), (2, 1), (3, 1), (3, 2), (4, 2), (4, 3), (4, 4), (4, 5), (3, 5))","((0, 0), (1, 0), (2, 0), (2, 1), (3, 1), (3, 2), (4, 2), (4, 3), (4, 4), (4, 5))",0,2,2,10,,,goal,,False,2532
"((0, 0), (1, 0), (2, 0), (2, 1), (3, 1), (3, 2), (4, 2), (4, 3), (4, 4), (4, 5), (4, 6))","((0, 0), (1, 0), (2, 0), (2, 1), (3, 1), (3, 2), (4, 2), (4, 3), (4, 4), (4, 5))",0,2,2,10,,,goal,,False,2533
"((0, 0), (1, 0), (2, 0), (2, 1), (3, 1), (3, 2), (4, 2), (4, 3), (4, 4), (4, 5))","((0, 0), (1, 0), (2, 0), (2, 1), (3, 1), (3, 2), (4, 2), (4, 3), (4, 4))",0,2,2,9,3,0,expanded,False,,2534
"((0, 0), (1, 0), (2, 0), (2, 1), (3, 1), (3, 2), (4, 2), (4, 3), (4, 4))","((0, 0), (1, 0), (2, 0), (2, 1), (3, 1), (3, 2), (4, 2), (4, 3))",0,2,2,8,3,0,expanded,False,,2535
"((0, 0), (1, 0), (2, 0), (2, 1), (3, 1), (3, 2), (4, 2), (4, 3))","((0, 0), (1, 0), (2, 0), (2, 1), (3, 1), (3, 2), (4, 2))",0,3,3,7,3,0,expanded,False,,2536
"((0, 0), (1, 0), (2, 0), (2, 1), (3, 1), (3, 2), (4, 2))","((0, 0), (1, 0), (2, 0), (2, 1), (3, 1), (3, 2))",0,2,2,6,3,0,expanded,False,,2537
"((0, 0), (1, 0), (2, 0), (2, 1), (3, 1), (3, 2), (2, 2), (1, 2), (0, 2), (0, 1), (1, 1))","((0, 0), (1, 0), (2, 0), (2, 1), (3, 1), (3, 2), (2, 2), (1, 2), (0, 2), (0, 1))",0,1,1,10,,,pruned,,,2538
"((0, 0), (1, 0), (2, 0), (2, 1), (3, 1), (3, 2), (2, 2), (1, 2), (0, 2), (0, 1), (-1, 1))","((0, 0), (1, 0), (2, 0), (2, 1), (3, 1), (3, 2), (2, 2), (1, 2), (0, 2), (0, 1))",0,2,2,10,,,goal,,False,2539
"((0, 0), (1, 0), (2, 0), (2, 1), (3, 1), (3, 2), (2, 2), (1, 2), (0, 2), (0, 1))","((0, 0), (1, 0), (2, 0), (2, 1), (3, 1), (3, 2), (2, 2), (1, 2), (0, 2))",0,2,2,9,2,1,expanded,False,,2540
"((0, 0), (1, 0), (2, 0), (2, 1), (3, 1), (3, 2), (2, 2), (1, 2), (0, 2), (-1, 2), (-2, 2))","((0, 0), (1, 0), (2, 0), (2, 1), (3, 1), (3, 2), (2, 2), (1, 2), (0, 2), (-1, 2))",0,2,2,10,,,goal,,False,2541
"((0, 0), (1, 0), (2, 0), (2, 1), (3, 1), (3, 2), (2, 2), (1, 2), (0, 2), (-1, 2), (-1, 3))","((0, 0), (1, 0), (2, 0), (2, 1), (3, 1), (3, 2), (2, 2), (1, 2), (0, 2), (-1, 2))",0,2,2,10,,,goal,,False,2542
"((0, 0), (1, 0), (2, 0), (2, 1), (3, 1), (3, 2), (2, 2), (1, 2), (0, 2), (-1, 2), (-1, 1))","((0, 0), (1, 0), (2, 0), (2, 1), (3, 1), (3, 2), (2, 2), (1, 2), (0, 2), (-1, 2))",0,2,2,10,,,goal,,False,2543
"((0, 0), (1, 0), (2, 0), (2, 1), (3, 1), (3, 2), (2, 2), (1, 2), (0, 2), (-1, 2))","((0, 0), (1, 0), (2, 0), (2, 1), (3, 1), (3, 2), (2, 2), (1, 2), (0, 2))",0,2,2,9,3,0,expanded,False,,2544
"((0, 0), (1, 0), (2, 0), (2, 1), (3, 1), (3, 2), (2, 2), (1, 2), (0, 2), (0, 3), (1, 3))","((0, 0), (1, 0), (2, 0), (2, 1), (3, 1), (3, 2), (2, 2), (1, 2), (0, 2), (0, 3))",0,1,1,10,,,pruned,,,2545
"((0, 0), (1, 0), (2, 0), (2, 1), (3, 1), (3, 2), (2, 2), (1, 2), (0, 2), (0, 3), (-1, 3))","((0, 0), (1, 0), (2, 0), (2, 1), (3, 1), (3, 2), (2, 2), (1, 2), (0, 2), (0, 3))",0,2,2,10,,,goal,,False,2546
"((0, 0), (1, 0), (2, 0), (2, 1), (3, 1), (3, 2), (2, 2), (1, 2), (0, 2), (0, 3), (0, 4))","((0, 0), (1, 0), (2, 0), (2, 1), (3, 1), (3, 2), (2, 2), (1, 2), (0, 2), (0, 3))",0,2,2,10,,,goal,,False,2547
"((0, 0), (1, 0), (2, 0), (2, 1), (3, 1), (3, 2), (2, 2), (1, 2), (0, 2), (0, 3))","((0, 0), (1, 0), (2, 0), (2, 1), (3, 1), (3, 2), (2, 2), (1, 2), (0, 2))",0,2,2,9,3,1,expanded,False,,2548
"((0, 0), (1, 0), (2, 0), (2, 1), (3, 1), (3, 2), (2, 2), (1, 2), (0, 2))","((0, 0), (1, 0), (2, 0), (2, 1), (3, 1), (3, 2), (2, 2), (1, 2))",0,2,2,8,3,0,expanded,False,,2549
"((0, 0), (1, 0), (2, 0), (2, 1), (3, 1), (3, 2), (2, 2), (1, 2), (1, 3), (2, 3), (3, 3))","((0, 0), (1, 0), (2, 0), (2, 1), (3, 1), (3, 2), (2, 2), (1, 2), (1, 3), (2, 3))",0,2,2,10,,,goal,,False,2550
"((0, 0), (1, 0), (2, 0), (2, 1), (3, 1), (3, 2), (2, 2), (1, 2), (1, 3), (2, 3), (2, 4))","((0, 0), (1, 0), (2, 0), (2, 1), (3, 1), (3, 2), (2, 2), (1, 2), (1, 3), (2, 3))",0,2,2,10,,,goal,,False,2551
"((0, 0), (1, 0), (2, 0), (2, 1), (3, 1), (3, 2), (2, 2), (1, 2), (1, 3), (2, 3))","((0, 0), (1, 0), (2, 0), (2, 1), (3, 1), (3, 2), (2, 2), (1, 2), (1, 3))",0,2,2,9,2,0,expanded,False,,2552
"((0, 0), (1, 0), (2, 0), (2, 1), (3, 1), (3, 2), (2, 2), (1, 2), (1, 3), (0, 3), (0, 2))","((0, 0), (1, 0), (2, 0), (2, 1), (3, 1), (3, 2), (2, 2), (1, 2), (1, 3), (0, 3))",0,1,1,10,,,pruned,,,2553
"((0, 0), (1, 0), (2, 0), (2, 1), (3, 1), (3, 2), (2, 2), (1, 2), (1, 3), (0, 3), (-1, 3))","((0, 0), (1, 0), (2, 0), (2, 1), (3, 1), (3, 2), (2, 2), (1, 2), (1, 3), (0, 3))",0,2,2,10,,,goal,,False,2554
"((0, 0), (1, 0), (2, 0), (2, 1), (3, 1), (3, 2), (2, 2), (1, 2), (1, 3), (0, 3), (0, 4))","((0, 0), (1, 0), (2, 0), (2, 1), (3, 1), (3, 2), (2, 2), (1, 2), (1, 3), (0, 3))",0,2,2,10,,,goal,,False,2555
"((0, 0), (1, 0), (2, 0), (2, 1), (3, 1), (3, 2), (2, 2), (1, 2), (1, 3), (0, 3))","((0, 0), (1, 0), (2, 0), (2, 1), (3, 1), (3, 2), (2, 2), (1, 2), (1, 3))",0,2,2,9,3,1,expanded,False,,2556
"((0, 0), (1, 0), (2, 0), (2, 1), (3, 1), (3, 2), (2, 2), (1, 2), (1, 3), (1, 4), (2, 4))","((0, 0), (1, 0), (2, 0), (2, 1), (3, 1), (3, 2), (2, 2), (1, 2), (1, 3), (1, 4))",0,2,2,10,,,goal,,False,2557
"((0, 0), (1, 0), (2, 0), (2, 1), (3, 1), (3, 2), (2, 2), (1, 2), (1, 3), (1, 4), (0, 4))","((0, 0), (1, 0), (2, 0), (2, 1), (3, 1), (3, 2), (2, 2), (1, 2), (1, 3), (1, 4))",0,2,2,10,,,goal,,False,2558
"((0, 0), (1, 0), (2, 0), (2, 1), (3, 1), (3, 2), (2, 2), (1, 2), (1, 3), (1, 4), (1, 5))","((0, 0), (1, 0), (2, 0), (2, 1), (3, 1), (3, 2), (2, 2), (1, 2), (1, 3), (1, 4))",0,2,2,10,,,goal,,False,2559
"((0, 0), (1, 0), (2, 0), (2, 1), (3, 1), (3, 2), (2, 2), (1, 2), (1, 3), (1, 4))","((0, 0), (1, 0), (2, 0), (2, 1), (3, 1), (3, 2), (2, 2), (1, 2), (1, 3))",0,2,2,9,3,0,expanded,False,,2560
"((0, 0), (1, 0), (2, 0), (2, 1), (3, 1), (3, 2), (2, 2), (1, 2), (1, 3))","((0, 0), (1, 0), (2, 0), (2, 1), (3, 1), (3, 2), (2, 2), (1, 2))",0,2,2,8,3,0,expanded,False,,2561
"((0, 0), (1, 0), (2, 0), (2, 1), (3, 1), (3, 2), (2, 2), (1, 2), (1, 1), (0, 1), (0, 2))","((0, 0), (1, 0), (2, 0), (2, 1), (3, 1), (3, 2), (2, 2), (1, 2), (1, 1), (0, 1))",0,1,1,10,,,pruned,,,2562
"((0, 0), (1, 0), (2, 0), (2, 1), (3, 1), (3, 2), (2, 2), (1, 2), (1, 1), (0, 1), (-1, 1))","((0, 0), (1, 0), (2, 0), (2, 1), (3, 1), (3, 2), (2, 2), (1, 2), (1, 1), (0, 1))",0,2,2,10,,,goal,,False,2563
"((0, 0), (1, 0), (2, 0), (2, 1), (3, 1), (3, 2), (2, 2), (1, 2), (1, 1), (0, 1))","((0, 0), (1, 0), (2, 0), (2, 1), (3, 1), (3, 2), (2, 2), (1, 2), (1, 1))",0,2,2,9,2,1,expanded,False,,2564
"((0, 0), (1, 0), (2, 0), (2, 1), (3, 1), (3, 2), (2, 2), (1, 2), (1, 1))","((0, 0), (1, 0), (2, 0), (2, 1), (3, 1), (3, 2), (2, 2), (1, 2))",0,2,2,8,1,0,expanded,False,,2565
"((0, 0), (1, 0), (2, 0), (2, 1), (3, 1), (3, 2), (2, 2), (1, 2))","((0, 0), (1, 0), (2, 0), (2, 1), (3, 1), (3, 2), (2, 2))",0,3,3,7,3,0,expanded,False,,2566
"((0, 0), (1, 0), (2, 0), (2, 1), (3, 1), (3, 2), (2, 2), (2, 3), (3, 3), (4, 3), (5, 3))","((0, 0), (1, 0), (2, 0), (2, 1), (3, 1), (3, 2), (2, 2), (2, 3), (3, 3), (4, 3))",0,2,2,10,,,goal,,False,2567
"((0, 0), (1, 0), (2, 0), (2, 1), (3, 1), (3, 2), (2, 2), (2, 3), (3, 3), (4, 3), (4, 4))","((0, 0), (1, 0), (2, 0), (2, 1), (3, 1), (3, 2), (2, 2), (2, 3), (3, 3), (4, 3))",0,2,2,10,,,goal,,False,2568
"((0, 0), (1, 0), (2, 0), (2, 1), (3, 1), (3, 2), (2, 2), (2, 3), (3, 3), (4, 3), (4, 2))","((0, 0), (1, 0), (2, 0), (2, 1), (3, 1), (3, 2), (2, 2), (2, 3), (3, 3), (4, 3))",0,2,2,10,,,goal,,False,2569
"((0, 0), (1, 0), (2, 0), (2, 1), (3, 1), (3, 2), (2, 2), (2, 3), (3, 3), (4, 3))","((0, 0), (1, 0), (2, 0), (2, 1), (3, 1), (3, 2), (2, 2), (2, 3), (3, 3))",0,2,2,9,3,0,expanded,False,,2570
"((0, 0), (1, 0), (2, 0), (2, 1), (3, 1), (3, 2), (2, 2), (2, 3), (3, 3), (3, 4), (2, 4))","((0, 0), (1, 0), (2, 0), (2, 1), (3, 1), (3, 2), (2, 2), (2, 3), (3, 3), (3, 4))",0,1,1,10,,,pruned,,,2571
"((0, 0), (1, 0), (2, 0), (2, 1), (3, 1), (3, 2), (2, 2), (2, 3), (3, 3), (3, 4), (4, 4))","((0, 0), (1, 0), (2, 0), (2, 1), (3, 1), (3, 2), (2, 2), (2, 3), (3, 3), (3, 4))",0,2,2,10,,,goal,,False,2572
"((0, 0), (1, 0), (2, 0), (2, 1), (3, 1), (3, 2), (2, 2), (2, 3), (3, 3), (3, 4), (3, 5))","((0, 0), (1, 0), (2, 0), (2, 1), (3, 1), (3, 2), (2, 2), (2, 3), (3, 3), (3, 4))",0,2,2,10,,,goal,,False,2573
"((0, 0), (1, 0), (2, 0), (2, 1), (3, 1), (3, 2), (2, 2), (2, 3), (3, 3), (3, 4))","((0, 0), (1, 0), (2, 0), (2, 1), (3, 1), (3, 2), (2, 2), (2, 3), (3, 3))",0,2,2,9,3,1,expanded,False,,2574
"((0, 0), (1, 0), (2, 0), (2, 1), (3, 1), (3, 2), (2, 2), (2, 3), (3, 3))","((0, 0), (1, 0), (2, 0), (2, 1), (3, 1), (3, 2), (2, 2), (2, 3))",0,2,2,8,2,0,expanded,False,,2575
"((0, 0), (1, 0), (2, 0), (2, 1), (3, 1), (3, 2), (2, 2), (2, 3), (1, 3), (1, 2), (0, 2))","((0, 0), (1, 0), (2, 0), (2, 1), (3, 1), (3, 2), (2, 2), (2, 3), (1, 3), (1, 2))",0,2,2,10,,,goal,,False,2576
"((0, 0), (1, 0), (2, 0), (2, 1), (3, 1), (3, 2), (2, 2), (2, 3), (1, 3), (1, 2), (1, 1))","((0, 0), (1, 0), (2, 0), (2, 1), (3, 1), (3, 2), (2, 2), (2, 3), (1, 3), (1, 2))",0,2,2,10,,,goal,,False,2577
"((0, 0), (1, 0), (2, 0), (2, 1), (3, 1), (3, 2), (2, 2), (2, 3), (1, 3), (1, 2))","((0, 0), (1, 0), (2, 0), (2, 1), (3, 1), (3, 2), (2, 2), (2, 3), (1, 3))",0,2,2,9,2,0,expanded,False,,2578
"((0, 0), (1, 0), (2, 0), (2, 1), (3, 1), (3, 2), (2, 2), (2, 3), (1, 3), (0, 3), (-1, 3))","((0, 0), (1, 0), (2, 0), (2, 1), (3, 1), (3, 2), (2, 2), (2, 3), (1, 3), (0, 3))",0,2,2,10,,,goal,,False,2579
"((0, 0), (1, 0), (2, 0), (2, 1), (3, 1), (3, 2), (2, 2), (2, 3), (1, 3), (0, 3), (0, 4))","((0, 0), (1, 0), (2, 0), (2, 1), (3, 1), (3, 2), (2, 2), (2, 3), (1, 3), (0, 3))",0,2,2,10,,,goal,,False,2580
"((0, 0), (1, 0), (2, 0), (2, 1), (3, 1), (3, 2), (2, 2), (2, 3), (1, 3), (0, 3), (0, 2))","((0, 0), (1, 0), (2, 0), (2, 1), (3, 1), (3, 2), (2, 2), (2, 3), (1, 3), (0, 3))",0,2,2,10,,,goal,,False,2581
"((0, 0), (1, 0), (2, 0), (2, 1), (3, 1), (3, 2), (2, 2), (2, 3), (1, 3), (0, 3))","((0, 0), (1, 0), (2, 0), (2, 1), (3, 1), (3, 2), (2, 2), (2, 3), (1, 3))",0,2,2,9,3,0,expanded,False,,2582
"((0, 0), (1, 0), (2, 0), (2, 1), (3, 1), (3, 2), (2, 2), (2, 3), (1, 3), (1, 4), (2, 4))","((0, 0), (1, 0), (2, 0), (2, 1), (3, 1), (3, 2), (2, 2), (2, 3), (1, 3), (1, 4))",0,1,1,10,,,pruned,,,2583
"((0, 0), (1, 0), (2, 0), (2, 1), (3, 1), (3, 2), (2, 2), (2, 3), (1, 3), (1, 4), (0, 4))","((0, 0), (1, 0), (2, 0), (2, 1), (3, 1), (3, 2), (2, 2), (2, 3), (1, 3), (1, 4))",0,2,2,10,,,goal,,False,2584
"((0, 0), (1, 0), (2, 0), (2, 1), (3, 1), (3, 2), (2, 2), (2, 3), (1, 3), (1, 4), (1, 5))","((0, 0), (1, 0), (2, 0), (2, 1), (3, 1), (3, 2), (2, 2), (2, 3), (1, 3), (1, 4))",0,2,2,10,,,goal,,False,2585
"((0, 0), (1, 0), (2, 0), (2, 1), (3, 1), (3, 2), (2, 2), (2, 3), (1, 3), (1, 4))","((0, 0), (1, 0), (2, 0), (2, 1), (3, 1), (3, 2), (2, 2), (2, 3), (1, 3))",0,2,2,9,3,1,expanded,False,,2586
"((0, 0), (1, 0), (2, 0), (2, 1), (3, 1), (3, 2), (2, 2), (2, 3), (1, 3))","((0, 0), (1, 0), (2, 0), (2, 1), (3, 1), (3, 2), (2, 2), (2, 3))",0,2,2,8,3,0,expanded,False,,2587
"((0, 0), (1, 0), (2, 0), (2, 1), (3, 1), (3, 2), (2, 2), (2, 3), (2, 4), (3, 4), (3, 3))","((0, 0), (1, 0), (2, 0), (2, 1), (3, 1), (3, 2), (2, 2), (2, 3), (2, 4), (3, 4))",0,1,1,10,,,pruned,,,2588
"((0, 0), (1, 0), (2, 0), (2, 1), (3, 1), (3, 2), (2, 2), (2, 3), (2, 4), (3, 4), (4, 4))","((0, 0), (1, 0), (2, 0), (2, 1), (3, 1), (3, 2), (2, 2), (2, 3), (2, 4), (3, 4))",0,2,2,10,,,goal,,False,2589
"((0, 0), (1, 0), (2, 0), (2, 1), (3, 1), (3, 2), (2, 2), (2, 3), (2, 4), (3, 4), (3, 5))","((0, 0), (1, 0), (2, 0), (2, 1), (3, 1), (3, 2), (2, 2), (2, 3), (2, 4), (3, 4))",0,2,2,10,,,goal,,False,2590
"((0, 0), (1, 0), (2, 0), (2, 1), (3, 1), (3, 2), (2, 2), (2, 3), (2, 4), (3, 4))","((0, 0), (1, 0), (2, 0), (2, 1), (3, 1), (3, 2), (2, 2), (2, 3), (2, 4))",0,2,2,9,3,1,expanded,False,,2591
"((0, 0), (1, 0), (2, 0), (2, 1), (3, 1), (3, 2), (2, 2), (2, 3), (2, 4), (1, 4), (1, 3))","((0, 0), (1, 0), (2, 0), (2, 1), (3, 1), (3, 2), (2, 2), (2, 3), (2, 4), (1, 4))",0,1,1,10,,,pruned,,,2592
"((0, 0), (1, 0), (2, 0), (2, 1), (3, 1), (3, 2), (2, 2), (2, 3), (2, 4), (1, 4), (0, 4))","((0, 0), (1, 0), (2, 0), (2, 1), (3, 1), (3, 2), (2, 2), (2, 3), (2, 4), (1, 4))",0,2,2,10,,,goal,,False,2593
"((0, 0), (1, 0), (2, 0), (2, 1), (3, 1), (3, 2), (2, 2), (2, 3), (2, 4), (1, 4), (1, 5))","((0, 0), (1, 0), (2, 0), (2, 1), (3, 1), (3, 2), (2, 2), (2, 3), (2, 4), (1, 4))",0,2,2,10,,,goal,,False,2594
"((0, 0), (1, 0), (2, 0), (2, 1), (3, 1), (3, 2), (2, 2), (2, 3), (2, 4), (1, 4))","((0, 0), (1, 0), (2, 0), (2, 1), (3, 1), (3, 2), (2, 2), (2, 3), (2, 4))",0,2,2,9,3,1,expanded,False,,2595
"((0, 0), (1, 0), (2, 0), (2, 1), (3, 1), (3, 2), (2, 2), (2, 3), (2, 4), (2, 5), (3, 5))","((0, 0), (1, 0), (2, 0), (2, 1), (3, 1), (3, 2), (2, 2), (2, 3), (2, 4), (2, 5))",0,2,2,10,,,goal,,False,2596
"((0, 0), (1, 0), (2, 0), (2, 1), (3, 1), (3, 2), (2, 2), (2, 3), (2, 4), (2, 5), (1, 5))","((0, 0), (1, 0), (2, 0), (2, 1), (3, 1), (3, 2), (2, 2), (2, 3), (2, 4), (2, 5))",0,2,2,10,,,goal,,False,2597
"((0, 0), (1, 0), (2, 0), (2, 1), (3, 1), (3, 2), (2, 2), (2, 3), (2, 4), (2, 5), (2, 6))","((0, 0), (1, 0), (2, 0), (2, 1), (3, 1), (3, 2), (2, 2), (2, 3), (2, 4), (2, 5))",0,2,2,10,,,goal,,False,2598
"((0, 0), (1, 0), (2, 0), (2, 1), (3, 1), (3, 2), (2, 2), (2, 3), (2, 4), (2, 5))","((0, 0), (1, 0), (2, 0), (2, 1), (3, 1), (3, 2), (2, 2), (2, 3), (2, 4))",0,2,2,9,3,0,expanded,False,,2599
"((0, 0), (1, 0), (2, 0), (2, 1), (3, 1), (3, 2), (2, 2), (2, 3), (2, 4))","((0, 0), (1, 0), (2, 0), (2, 1), (3, 1), (3, 2), (2, 2), (2, 3))",0,2,2,8,3,0,expanded,False,,2600
"((0, 0), (1, 0), (2, 0), (2, 1), (3, 1), (3, 2), (2, 2), (2, 3))","((0, 0), (1, 0), (2, 0), (2, 1), (3, 1), (3, 2), (2, 2))",0,3,3,7,3,0,expanded,False,,2601
"((0, 0), (1, 0), (2, 0), (2, 1), (3, 1), (3, 2), (2, 2))","((0, 0), (1, 0), (2, 0), (2, 1), (3, 1), (3, 2))",0,2,2,6,2,0,expanded,False,,2602
"((0, 0), (1, 0), (2, 0), (2, 1), (3, 1), (3, 2), (3, 3), (4, 3), (5, 3), (6, 3), (7, 3))","((0, 0), (1, 0), (2, 0), (2, 1), (3, 1), (3, 2), (3, 3), (4, 3), (5, 3), (6, 3))",0,2,2,10,,,goal,,False,2603
"((0, 0), (1, 0), (2, 0), (2, 1), (3, 1), (3, 2), (3, 3), (4, 3), (5, 3), (6, 3), (6, 4))","((0, 0), (1, 0), (2, 0), (2, 1), (3, 1), (3, 2), (3, 3), (4, 3), (5, 3), (6, 3))",0,2,2,10,,,goal,,False,2604
"((0, 0), (1, 0), (2, 0), (2, 1), (3, 1), (3, 2), (3, 3), (4, 3), (5, 3), (6, 3), (6, 2))","((0, 0), (1, 0), (2, 0), (2, 1), (3, 1), (3, 2), (3, 3), (4, 3), (5, 3), (6, 3))",0,2,2,10,,,goal,,False,2605
"((0, 0), (1, 0), (2, 0), (2, 1), (3, 1), (3, 2), (3, 3), (4, 3), (5, 3), (6, 3))","((0, 0), (1, 0), (2, 0), (2, 1), (3, 1), (3, 2), (3, 3), (4, 3), (5, 3))",0,2,2,9,3,0,expanded,False,,2606
"((0, 0), (1, 0), (2, 0), (2, 1), (3, 1), (3, 2), (3, 3), (4, 3), (5, 3), (5, 4), (4, 4))","((0, 0), (1, 0), (2, 0), (2, 1), (3, 1), (3, 2), (3, 3), (4, 3), (5, 3), (5, 4))",0,1,1,10,,,pruned,,,2607
"((0, 0), (1, 0), (2, 0), (2, 1), (3, 1), (3, 2), (3, 3), (4, 3), (5, 3), (5, 4), (6, 4))","((0, 0), (1, 0), (2, 0), (2, 1), (3, 1), (3, 2), (3, 3), (4, 3), (5, 3), (5, 4))",0,2,2,10,,,goal,,False,2608
"((0, 0), (1, 0), (2, 0), (2, 1), (3, 1), (3, 2), (3, 3), (4, 3), (5, 3), (5, 4), (5, 5))","((0, 0), (1, 0), (2, 0), (2, 1), (3, 1), (3, 2), (3, 3), (4, 3), (5, 3), (5, 4))",0,2,2,10,,,goal,,False,2609
"((0, 0), (1, 0), (2, 0), (2, 1), (3, 1), (3, 2), (3, 3), (4, 3), (5, 3), (5, 4))","((0, 0), (1, 0), (2, 0), (2, 1), (3, 1), (3, 2), (3, 3), (4, 3), (5, 3))",0,2,2,9,3,1,expanded,False,,2610
"((0, 0), (1, 0), (2, 0), (2, 1), (3, 1), (3, 2), (3, 3), (4, 3), (5, 3), (5, 2), (4, 2))","((0, 0), (1, 0), (2, 0), (2, 1), (3, 1), (3, 2), (3, 3), (4, 3), (5, 3), (5, 2))",0,1,1,10,,,pruned,,,2611
"((0, 0), (1, 0), (2, 0), (2, 1), (3, 1), (3, 2), (3, 3), (4, 3), (5, 3), (5, 2), (6, 2))","((0, 0), (1, 0), (2, 0), (2, 1), (3, 1), (3, 2), (3, 3), (4, 3), (5, 3), (5, 2))",0,2,2,10,,,goal,,False,2612
"((0, 0), (1, 0), (2, 0), (2, 1), (3, 1), (3, 2), (3, 3), (4, 3), (5, 3), (5, 2), (5, 1))","((0, 0), (1, 0), (2, 0), (2, 1), (3, 1), (3, 2), (3, 3), (4, 3), (5, 3), (5, 2))",0,2,2,10,,,goal,,False,2613
"((0, 0), (1, 0), (2, 0), (2, 1), (3, 1), (3, 2), (3, 3), (4, 3), (5, 3), (5, 2))","((0, 0), (1, 0), (2, 0), (2, 1), (3, 1), (3, 2), (3, 3), (4, 3), (5, 3))",0,2,2,9,3,1,expanded,False,,2614
"((0, 0), (1, 0), (2, 0), (2, 1), (3, 1), (3, 2), (3, 3), (4, 3), (5, 3))","((0, 0), (1, 0), (2, 0), (2, 1), (3, 1), (3, 2), (3, 3), (4, 3))",0,2,2,8,3,0,expanded,False,,2615
"((0, 0), (1, 0), (2, 0), (2, 1), (3, 1), (3, 2), (3, 3), (4, 3), (4, 4), (3, 4), (2, 4))","((0, 0), (1, 0), (2, 0), (2, 1), (3, 1), (3, 2), (3, 3), (4, 3), (4, 4), (3, 4))",0,2,2,10,,,goal,,False,2616
"((0, 0), (1, 0), (2, 0), (2, 1), (3, 1), (3, 2), (3, 3), (4, 3), (4, 4), (3, 4), (3, 5))","((0, 0), (1, 0), (2, 0), (2, 1), (3, 1), (3, 2), (3, 3), (4, 3), (4, 4), (3, 4))",0,2,2,10,,,goal,,False,2617
"((0, 0), (1, 0), (2, 0), (2, 1), (3, 1), (3, 2), (3, 3), (4, 3), (4, 4), (3, 4))","((0, 0), (1, 0), (2, 0), (2, 1), (3, 1), (3, 2), (3, 3), (4, 3), (4, 4))",0,2,2,9,2,0,expanded,False,,2618
"((0, 0), (1, 0), (2, 0), (2, 1), (3, 1), (3, 2), (3, 3), (4, 3), (4, 4), (5, 4), (5, 3))","((0, 0), (1, 0), (2, 0), (2, 1), (3, 1), (3, 2), (3, 3), (4, 3), (4, 4), (5, 4))",0,1,1,10,,,pruned,,,2619
"((0, 0), (1, 0), (2, 0), (2, 1), (3, 1), (3, 2), (3, 3), (4, 3), (4, 4), (5, 4), (6, 4))","((0, 0), (1, 0), (2, 0), (2, 1), (3, 1), (3, 2), (3, 3), (4, 3), (4, 4), (5, 4))",0,2,2,10,,,goal,,False,2620
"((0, 0), (1, 0), (2, 0), (2, 1), (3, 1), (3, 2), (3, 3), (4, 3), (4, 4), (5, 4), (5, 5))","((0, 0), (1, 0), (2, 0), (2, 1), (3, 1), (3, 2), (3, 3), (4, 3), (4, 4), (5, 4))",0,2,2,10,,,goal,,False,2621
"((0, 0), (1, 0), (2, 0), (2, 1), (3, 1), (3, 2), (3, 3), (4, 3), (4, 4), (5, 4))","((0, 0), (1, 0), (2, 0), (2, 1), (3, 1), (3, 2), (3, 3), (4, 3), (4, 4))",0,2,2,9,3,1,expanded,False,,2622
"((0, 0), (1, 0), (2, 0), (2, 1), (3, 1), (3, 2), (3, 3), (4, 3), (4, 4), (4, 5), (5, 5))","((0, 0), (1, 0), (2, 0), (2, 1), (3, 1), (3, 2), (3, 3), (4, 3), (4, 4), (4, 5))",0,2,2,10,,,goal,,False,2623
"((0, 0), (1, 0), (2, 0), (2, 1), (3, 1), (3, 2), (3, 3), (4, 3), (4, 4), (4, 5), (3, 5))","((0, 0), (1, 0), (2, 0), (2, 1), (3, 1), (3, 2), (3, 3), (4, 3), (4, 4), (4, 5))",0,2,2,10,,,goal,,False,2624
"((0, 0), (1, 0), (2, 0), (2, 1), (3, 1), (3, 2), (3, 3), (4, 3), (4, 4), (4, 5), (4, 6))","((0, 0), (1, 0), (2, 0), (2, 1), (3, 1), (3, 2), (3, 3), (4, 3), (4, 4), (4, 5))",0,2,2,10,,,goal,,False,2625
"((0, 0), (1, 0), (2, 0), (2, 1), (3, 1), (3, 2), (3, 3), (4, 3), (4, 4), (4, 5))","((0, 0), (1, 0), (2, 0), (2, 1), (3, 1), (3, 2), (3, 3), (4, 3), (4, 4))",0,2,2,9,3,0,expanded,False,,2626
"((0, 0), (1, 0), (2, 0), (2, 1), (3, 1), (3, 2), (3, 3), (4, 3), (4, 4))","((0, 0), (1, 0), (2, 0), (2, 1), (3, 1), (3, 2), (3, 3), (4, 3))",0,2,2,8,3,0,expanded,False,,2627
"((0, 0), (1, 0), (2, 0), (2, 1), (3, 1), (3, 2), (3, 3), (4, 3), (4, 2), (4, 1), (5, 1))","((0, 0), (1, 0), (2, 0), (2, 1), (3, 1), (3, 2), (3, 3), (4, 3), (4, 2), (4, 1))",0,2,2,10,,,goal,,False,2628
"((0, 0), (1, 0), (2, 0), (2, 1), (3, 1), (3, 2), (3, 3), (4, 3), (4, 2), (4, 1), (4, 0))","((0, 0), (1, 0), (2, 0), (2, 1), (3, 1), (3, 2), (3, 3), (4, 3), (4, 2), (4, 1))",0,2,2,10,,,goal,,False,2629
"((0, 0), (1, 0), (2, 0), (2, 1), (3, 1), (3, 2), (3, 3), (4, 3), (4, 2), (4, 1))","((0, 0), (1, 0), (2, 0), (2, 1), (3, 1), (3, 2), (3, 3), (4, 3), (4, 2))",0,2,2,9,2,0,expanded,False,,2630
"((0, 0), (1, 0), (2, 0), (2, 1), (3, 1), (3, 2), (3, 3), (4, 3), (4, 2), (5, 2), (5, 3))","((0, 0), (1, 0), (2, 0), (2, 1), (3, 1), (3, 2), (3, 3), (4, 3), (4, 2), (5, 2))",0,1,1,10,,,pruned,,,2631
"((0, 0), (1, 0), (2, 0), (2, 1), (3, 1), (3, 2), (3, 3), (4, 3), (4, 2), (5, 2), (6, 2))","((0, 0), (1, 0), (2, 0), (2, 1), (3, 1), (3, 2), (3, 3), (4, 3), (4, 2), (5, 2))",0,2,2,10,,,goal,,False,2632
"((0, 0), (1, 0), (2, 0), (2, 1), (3, 1), (3, 2), (3, 3), (4, 3), (4, 2), (5, 2), (5, 1))","((0, 0), (1, 0), (2, 0), (2, 1), (3, 1), (3, 2), (3, 3), (4, 3), (4, 2), (5, 2))",0,2,2,10,,,goal,,False,2633
"((0, 0), (1, 0), (2, 0), (2, 1), (3, 1), (3, 2), (3, 3), (4, 3), (4, 2), (5, 2))","((0, 0), (1, 0), (2, 0), (2, 1), (3, 1), (3, 2), (3, 3), (4, 3), (4, 2))",0,2,2,9,3,1,expanded,False,,2634
"((0, 0), (1, 0), (2, 0), (2, 1), (3, 1), (3, 2), (3, 3), (4, 3), (4, 2))","((0, 0), (1, 0), (2, 0), (2, 1), (3, 1), (3, 2), (3, 3), (4, 3))",0,2,2,8,2,0,expanded,False,,2635
"((0, 0), (1, 0), (2, 0), (2, 1), (3, 1), (3, 2), (3, 3), (4, 3))","((0, 0), (1, 0), (2, 0), (2, 1), (3, 1), (3, 2), (3, 3))",0,3,3,7,3,0,expanded,False,,2636
"((0, 0), (1, 0), (2, 0), (2, 1), (3, 1), (3, 2), (3, 3), (2, 3), (1, 3), (0, 3), (-1, 3))","((0, 0), (1, 0), (2, 0), (2, 1), (3, 1), (3, 2), (3, 3), (2, 3), (1, 3), (0, 3))",0,2,2,10,,,goal,,False,2637
"((0, 0), (1, 0), (2, 0), (2, 1), (3, 1), (3, 2), (3, 3), (2, 3), (1, 3), (0, 3), (0, 4))","((0, 0), (1, 0), (2, 0), (2, 1), (3, 1), (3, 2), (3, 3), (2, 3), (1, 3), (0, 3))",0,2,2,10,,,goal,,False,2638
"((0, 0), (1, 0), (2, 0), (2, 1), (3, 1), (3, 2), (3, 3), (2, 3), (1, 3), (0, 3), (0, 2))","((0, 0), (1, 0), (2, 0), (2, 1), (3, 1), (3, 2), (3, 3), (2, 3), (1, 3), (0, 3))",0,2,2,10,,,goal,,False,2639
"((0, 0), (1, 0), (2, 0), (2, 1), (3, 1), (3, 2), (3, 3), (2, 3), (1, 3), (0, 3))","((0, 0), (1, 0), (2, 0), (2, 1), (3, 1), (3, 2), (3, 3), (2, 3), (1, 3))",0,2,2,9,3,0,expanded,False,,2640
"((0, 0), (1, 0), (2, 0), (2, 1), (3, 1), (3, 2), (3, 3), (2, 3), (1, 3), (1, 4), (2, 4))","((0, 0), (1, 0), (2, 0), (2, 1), (3, 1), (3, 2), (3, 3), (2, 3), (1, 3), (1, 4))",0,1,1,10,,,pruned,,,2641
"((0, 0), (1, 0), (2, 0), (2, 1), (3, 1), (3, 2), (3, 3), (2, 3), (1, 3), (1, 4), (0, 4))","((0, 0), (1, 0), (2, 0), (2, 1), (3, 1), (3, 2), (3, 3), (2, 3), (1, 3), (1, 4))",0,2,2,10,,,goal,,False,2642
"((0, 0), (1, 0), (2, 0), (2, 1), (3, 1), (3, 2), (3, 3), (2, 3), (1, 3), (1, 4), (1, 5))","((0, 0), (1, 0), (2, 0), (2, 1), (3, 1), (3, 2), (3, 3), (2, 3), (1, 3), (1, 4))",0,2,2,10,,,goal,,False,2643
"((0, 0), (1, 0), (2, 0), (2, 1), (3, 1), (3, 2), (3, 3), (2, 3), (1, 3), (1, 4))","((0, 0), (1, 0), (2, 0), (2, 1), (3, 1), (3, 2), (3, 3), (2, 3), (1, 3))",0,2,2,9,3,1,expanded,False,,2644
"((0, 0), (1, 0), (2, 0), (2, 1), (3, 1), (3, 2), (3, 3), (2, 3), (1, 3), (1, 2), (2, 2))","((0, 0), (1, 0), (2, 0), (2, 1), (3, 1), (3, 2), (3, 3), (2, 3), (1, 3), (1, 2))",0,1,1,10,,,pruned,,,2645
"((0, 0), (1, 0), (2, 0), (2, 1), (3, 1), (3, 2), (3, 3), (2, 3), (1, 3), (1, 2), (0, 2))","((0, 0), (1, 0), (2, 0), (2, 1), (3, 1), (3, 2), (3, 3), (2, 3), (1, 3), (1, 2))",0,2,2,10,,,goal,,False,2646
"((0, 0), (1, 0), (2, 0), (2, 1), (3, 1), (3, 2), (3, 3), (2, 3), (1, 3), (1, 2), (1, 1))","((0, 0), (1, 0), (2, 0), (2, 1), (3, 1), (3, 2), (3, 3), (2, 3), (1, 3), (1, 2))",0,2,2,10,,,goal,,False,2647
"((0, 0), (1, 0), (2, 0), (2, 1), (3, 1), (3, 2), (3, 3), (2, 3), (1, 3), (1, 2))","((0, 0), (1, 0), (2, 0), (2, 1), (3, 1), (3, 2), (3, 3), (2, 3), (1, 3))",0,2,2,9,3,1,expanded,False,,2648
"((0, 0), (1, 0), (2, 0), (2, 1), (3, 1), (3, 2), (3, 3), (2, 3), (1, 3))","((0, 0), (1, 0), (2, 0), (2, 1), (3, 1), (3, 2), (3, 3), (2, 3))",0,2,2,8,3,0,expanded,False,,2649
"((0, 0), (1, 0), (2, 0), (2, 1), (3, 1), (3, 2), (3, 3), (2, 3), (2, 4), (3, 4), (4, 4))","((0, 0), (1, 0), (2, 0), (2, 1), (3, 1), (3, 2), (3, 3), (2, 3), (2, 4), (3, 4))",0,2,2,10,,,goal,,False,2650
"((0, 0), (1, 0), (2, 0), (2, 1), (3, 1), (3, 2), (3, 3), (2, 3), (2, 4), (3, 4), (3, 5))","((0, 0), (1, 0), (2, 0), (2, 1), (3, 1), (3, 2), (3, 3), (2, 3), (2, 4), (3, 4))",0,2,2,10,,,goal,,False,2651
"((0, 0), (1, 0), (2, 0), (2, 1), (3, 1), (3, 2), (3, 3), (2, 3), (2, 4), (3, 4))","((0, 0), (1, 0), (2, 0), (2, 1), (3, 1), (3, 2), (3, 3), (2, 3), (2, 4))",0,2,2,9,2,0,expanded,False,,2652
"((0, 0), (1, 0), (2, 0), (2, 1), (3, 1), (3, 2), (3, 3), (2, 3), (2, 4), (1, 4), (1, 3))","((0, 0), (1, 0), (2, 0), (2, 1), (3, 1), (3, 2), (3, 3), (2, 3), (2, 4), (1, 4))",0,1,1,10,,,pruned,,,2653
"((0, 0), (1, 0), (2, 0), (2, 1), (3, 1), (3, 2), (3, 3), (2, 3), (2, 4), (1, 4), (0, 4))","((0, 0), (1, 0), (2, 0), (2, 1), (3, 1), (3, 2), (3, 3), (2, 3), (2, 4), (1, 4))",0,2,2,10,,,goal,,False,2654
"((0, 0), (1, 0), (2, 0), (2, 1), (3, 1), (3, 2), (3, 3), (2, 3), (2, 4), (1, 4), (1, 5))","((0, 0), (1, 0), (2, 0), (2, 1), (3, 1), (3, 2), (3, 3), (2, 3), (2, 4), (1, 4))",0,2,2,10,,,goal,,False,2655
"((0, 0), (1, 0), (2, 0), (2, 1), (3, 1), (3, 2), (3, 3), (2, 3), (2, 4), (1, 4))","((0, 0), (1, 0), (2, 0), (2, 1), (3, 1), (3, 2), (3, 3), (2, 3), (2, 4))",0,2,2,9,3,1,expanded,False,,2656
"((0, 0), (1, 0), (2, 0), (2, 1), (3, 1), (3, 2), (3, 3), (2, 3), (2, 4), (2, 5), (3, 5))","((0, 0), (1, 0), (2, 0), (2, 1), (3, 1), (3, 2), (3, 3), (2, 3), (2, 4), (2, 5))",0,2,2,10,,,goal,,False,2657
"((0, 0), (1, 0), (2, 0), (2, 1), (3, 1), (3, 2), (3, 3), (2, 3), (2, 4), (2, 5), (1, 5))","((0, 0), (1, 0), (2, 0), (2, 1), (3, 1), (3, 2), (3, 3), (2, 3), (2, 4), (2, 5))",0,2,2,10,,,goal,,False,2658
"((0, 0), (1, 0), (2, 0), (2, 1), (3, 1), (3, 2), (3, 3), (2, 3), (2, 4), (2, 5), (2, 6))","((0, 0), (1, 0), (2, 0), (2, 1), (3, 1), (3, 2), (3, 3), (2, 3), (2, 4), (2, 5))",0,2,2,10,,,goal,,False,2659
"((0, 0), (1, 0), (2, 0), (2, 1), (3, 1), (3, 2), (3, 3), (2, 3), (2, 4), (2, 5))","((0, 0), (1, 0), (2, 0), (2, 1), (3, 1), (3, 2), (3, 3), (2, 3), (2, 4))",0,2,2,9,3,0,expanded,False,,2660
"((0, 0), (1, 0), (2, 0), (2, 1), (3, 1), (3, 2), (3, 3), (2, 3), (2, 4))","((0, 0), (1, 0), (2, 0), (2, 1), (3, 1), (3, 2), (3, 3), (2, 3))",0,2,2,8,3,0,expanded,False,,2661
"((0, 0), (1, 0), (2, 0), (2, 1), (3, 1), (3, 2), (3, 3), (2, 3), (2, 2), (1, 2), (1, 3))","((0, 0), (1, 0), (2, 0), (2, 1), (3, 1), (3, 2), (3, 3), (2, 3), (2, 2), (1, 2))",0,1,1,10,,,pruned,,,2662
"((0, 0), (1, 0), (2, 0), (2, 1), (3, 1), (3, 2), (3, 3), (2, 3), (2, 2), (1, 2), (0, 2))","((0, 0), (1, 0), (2, 0), (2, 1), (3, 1), (3, 2), (3, 3), (2, 3), (2, 2), (1, 2))",0,2,2,10,,,goal,,False,2663
"((0, 0), (1, 0), (2, 0), (2, 1), (3, 1), (3, 2), (3, 3), (2, 3), (2, 2), (1, 2), (1, 1))","((0, 0), (1, 0), (2, 0), (2, 1), (3, 1), (3, 2), (3, 3), (2, 3), (2, 2), (1, 2))",0,2,2,10,,,goal,,False,2664
"((0, 0), (1, 0), (2, 0), (2, 1), (3, 1), (3, 2), (3, 3), (2, 3), (2, 2), (1, 2))","((0, 0), (1, 0), (2, 0), (2, 1), (3, 1), (3, 2), (3, 3), (2, 3), (2, 2))",0,2,2,9,3,1,expanded,False,,2665
"((0, 0), (1, 0), (2, 0), (2, 1), (3, 1), (3, 2), (3, 3), (2, 3), (2, 2))","((0, 0), (1, 0), (2, 0), (2, 1), (3, 1), (3, 2), (3, 3), (2, 3))",0,2,2,8,1,0,expanded,False,,2666
"((0, 0), (1, 0), (2, 0), (2, 1), (3, 1), (3, 2), (3, 3), (2, 3))","((0, 0), (1, 0), (2, 0), (2, 1), (3, 1), (3, 2), (3, 3))",0,3,3,7,3,0,expanded,False,,2667
"((0, 0), (1, 0), (2, 0), (2, 1), (3, 1), (3, 2), (3, 3), (3, 4), (4, 4), (4, 3), (5, 3))","((0, 0), (1, 0), (2, 0), (2, 1), (3, 1), (3, 2), (3, 3), (3, 4), (4, 4), (4, 3))",0,2,2,10,,,goal,,False,2668
"((0, 0), (1, 0), (2, 0), (2, 1), (3, 1), (3, 2), (3, 3), (3, 4), (4, 4), (4, 3), (4, 2))","((0, 0), (1, 0), (2, 0), (2, 1), (3, 1), (3, 2), (3, 3), (3, 4), (4, 4), (4, 3))",0,2,2,10,,,goal,,False,2669
"((0, 0), (1, 0), (2, 0), (2, 1), (3, 1), (3, 2), (3, 3), (3, 4), (4, 4), (4, 3))","((0, 0), (1, 0), (2, 0), (2, 1), (3, 1), (3, 2), (3, 3), (3, 4), (4, 4))",0,2,2,9,2,0,expanded,False,,2670
"((0, 0), (1, 0), (2, 0), (2, 1), (3, 1), (3, 2), (3, 3), (3, 4), (4, 4), (5, 4), (6, 4))","((0, 0), (1, 0), (2, 0), (2, 1), (3, 1), (3, 2), (3, 3), (3, 4), (4, 4), (5, 4))",0,2,2,10,,,goal,,False,2671
"((0, 0), (1, 0), (2, 0), (2, 1), (3, 1), (3, 2), (3, 3), (3, 4), (4, 4), (5, 4), (5, 5))","((0, 0), (1, 0), (2, 0), (2, 1), (3, 1), (3, 2), (3, 3), (3, 4), (4, 4), (5, 4))",0,2,2,10,,,goal,,False,2672
"((0, 0), (1, 0), (2, 0), (2, 1), (3, 1), (3, 2), (3, 3), (3, 4), (4, 4), (5, 4), (5, 3))","((0, 0), (1, 0), (2, 0), (2, 1), (3, 1), (3, 2), (3, 3), (3, 4), (4, 4), (5, 4))",0,2,2,10,,,goal,,False,2673
"((0, 0), (1, 0), (2, 0), (2, 1), (3, 1), (3, 2), (3, 3), (3, 4), (4, 4), (5, 4))","((0, 0), (1, 0), (2, 0), (2, 1), (3, 1), (3, 2), (3, 3), (3, 4), (4, 4))",0,2,2,9,3,0,expanded,False,,2674
"((0, 0), (1, 0), (2, 0), (2, 1), (3, 1), (3, 2), (3, 3), (3, 4), (4, 4), (4, 5), (3, 5))","((0, 0), (1, 0), (2, 0), (2, 1), (3, 1), (3, 2), (3, 3), (3, 4), (4, 4), (4, 5))",0,1,1,10,,,pruned,,,2675
"((0, 0), (1, 0), (2, 0), (2, 1), (3, 1), (3, 2), (3, 3), (3, 4), (4, 4), (4, 5), (5, 5))","((0, 0), (1, 0), (2, 0), (2, 1), (3, 1), (3, 2), (3, 3), (3, 4), (4, 4), (4, 5))",0,2,2,10,,,goal,,False,2676
"((0, 0), (1, 0), (2, 0), (2, 1), (3, 1), (3, 2), (3, 3), (3, 4), (4, 4), (4, 5), (4, 6))","((0, 0), (1, 0), (2, 0), (2, 1), (3, 1), (3, 2), (3, 3), (3, 4), (4, 4), (4, 5))",0,2,2,10,,,goal,,False,2677
"((0, 0), (1, 0), (2, 0), (2, 1), (3, 1), (3, 2), (3, 3), (3, 4), (4, 4), (4, 5))","((0, 0), (1, 0), (2, 0), (2, 1), (3, 1), (3, 2), (3, 3), (3, 4), (4, 4))",0,2,2,9,3,1,expanded,False,,2678
"((0, 0), (1, 0), (2, 0), (2, 1), (3, 1), (3, 2), (3, 3), (3, 4), (4, 4))","((0, 0), (1, 0), (2, 0), (2, 1), (3, 1), (3, 2), (3, 3), (3, 4))",0,2,2,8,3,0,expanded,False,,2679
"((0, 0), (1, 0), (2, 0), (2, 1), (3, 1), (3, 2), (3, 3), (3, 4), (2, 4), (2, 3), (1, 3))","((0, 0), (1, 0), (2, 0), (2, 1), (3, 1), (3, 2), (3, 3), (3, 4), (2, 4), (2, 3))",0,2,2,10,,,goal,,False,2680
"((0, 0), (1, 0), (2, 0), (2, 1), (3, 1), (3, 2), (3, 3), (3, 4), (2, 4), (2, 3), (2, 2))","((0, 0), (1, 0), (2, 0), (2, 1), (3, 1), (3, 2), (3, 3), (3, 4), (2, 4), (2, 3))",0,2,2,10,,,goal,,False,2681
"((0, 0), (1, 0), (2, 0), (2, 1), (3, 1), (3, 2), (3, 3), (3, 4), (2, 4), (2, 3))","((0, 0), (1, 0), (2, 0), (2, 1), (3, 1), (3, 2), (3, 3), (3, 4), (2, 4))",0,2,2,9,2,0,expanded,False,,2682
"((0, 0), (1, 0), (2, 0), (2, 1), (3, 1), (3, 2), (3, 3), (3, 4), (2, 4), (1, 4), (0, 4))","((0, 0), (1, 0), (2, 0), (2, 1), (3, 1), (3, 2), (3, 3), (3, 4), (2, 4), (1, 4))",0,2,2,10,,,goal,,False,2683
"((0, 0), (1, 0), (2, 0), (2, 1), (3, 1), (3, 2), (3, 3), (3, 4), (2, 4), (1, 4), (1, 5))","((0, 0), (1, 0), (2, 0), (2, 1), (3, 1), (3, 2), (3, 3), (3, 4), (2, 4), (1, 4))",0,2,2,10,,,goal,,False,2684
"((0, 0), (1, 0), (2, 0), (2, 1), (3, 1), (3, 2), (3, 3), (3, 4), (2, 4), (1, 4), (1, 3))","((0, 0), (1, 0), (2, 0), (2, 1), (3, 1), (3, 2), (3, 3), (3, 4), (2, 4), (1, 4))",0,2,2,10,,,goal,,False,2685
"((0, 0), (1, 0), (2, 0), (2, 1), (3, 1), (3, 2), (3, 3), (3, 4), (2, 4), (1, 4))","((0, 0), (1, 0), (2, 0), (2, 1), (3, 1), (3, 2), (3, 3), (3, 4), (2, 4))",0,2,2,9,3,0,expanded,False,,2686
"((0, 0), (1, 0), (2, 0), (2, 1), (3, 1), (3, 2), (3, 3), (3, 4), (2, 4), (2, 5), (3, 5))","((0, 0), (1, 0), (2, 0), (2, 1), (3, 1), (3, 2), (3, 3), (3, 4), (2, 4), (2, 5))",0,1,1,10,,,pruned,,,2687
"((0, 0), (1, 0), (2, 0), (2, 1), (3, 1), (3, 2), (3, 3), (3, 4), (2, 4), (2, 5), (1, 5))","((0, 0), (1, 0), (2, 0), (2, 1), (3, 1), (3, 2), (3, 3), (3, 4), (2, 4), (2, 5))",0,2,2,10,,,goal,,False,2688
"((0, 0), (1, 0), (2, 0), (2, 1), (3, 1), (3, 2), (3, 3), (3, 4), (2, 4), (2, 5), (2, 6))","((0, 0), (1, 0), (2, 0), (2, 1), (3, 1), (3, 2), (3, 3), (3, 4), (2, 4), (2, 5))",0,2,2,10,,,goal,,False,2689
"((0, 0), (1, 0), (2, 0), (2, 1), (3, 1), (3, 2), (3, 3), (3, 4), (2, 4), (2, 5))","((0, 0), (1, 0), (2, 0), (2, 1), (3, 1), (3, 2), (3, 3), (3, 4), (2, 4))",0,2,2,9,3,1,expanded,False,,2690
"((0, 0), (1, 0), (2, 0), (2, 1), (3, 1), (3, 2), (3, 3), (3, 4), (2, 4))","((0, 0), (1, 0), (2, 0), (2, 1), (3, 1), (3, 2), (3, 3), (3, 4))",0,2,2,8,3,0,expanded,False,,2691
"((0, 0), (1, 0), (2, 0), (2, 1), (3, 1), (3, 2), (3, 3), (3, 4), (3, 5), (4, 5), (4, 4))","((0, 0), (1, 0), (2, 0), (2, 1), (3, 1), (3, 2), (3, 3), (3, 4), (3, 5), (4, 5))",0,1,1,10,,,pruned,,,2692
"((0, 0), (1, 0), (2, 0), (2, 1), (3, 1), (3, 2), (3, 3), (3, 4), (3, 5), (4, 5), (5, 5))","((0, 0), (1, 0), (2, 0), (2, 1), (3, 1), (3, 2), (3, 3), (3, 4), (3, 5), (4, 5))",0,2,2,10,,,goal,,False,2693
"((0, 0), (1, 0), (2, 0), (2, 1), (3, 1), (3, 2), (3, 3), (3, 4), (3, 5), (4, 5), (4, 6))","((0, 0), (1, 0), (2, 0), (2, 1), (3, 1), (3, 2), (3, 3), (3, 4), (3, 5), (4, 5))",0,2,2,10,,,goal,,False,2694
"((0, 0), (1, 0), (2, 0), (2, 1), (3, 1), (3, 2), (3, 3), (3, 4), (3, 5), (4, 5))","((0, 0), (1, 0), (2, 0), (2, 1), (3, 1), (3, 2), (3, 3), (3, 4), (3, 5))",0,2,2,9,3,1,expanded,False,,2695
"((0, 0), (1, 0), (2, 0), (2, 1), (3, 1), (3, 2), (3, 3), (3, 4), (3, 5), (2, 5), (2, 4))","((0, 0), (1, 0), (2, 0), (2, 1), (3, 1), (3, 2), (3, 3), (3, 4), (3, 5), (2, 5))",0,1,1,10,,,pruned,,,2696
"((0, 0), (1, 0), (2, 0), (2, 1), (3, 1), (3, 2), (3, 3), (3, 4), (3, 5), (2, 5), (1, 5))","((0, 0), (1, 0), (2, 0), (2, 1), (3, 1), (3, 2), (3, 3), (3, 4), (3, 5), (2, 5))",0,2,2,10,,,goal,,False,2697
"((0, 0), (1, 0), (2, 0), (2, 1), (3, 1), (3, 2), (3, 3), (3, 4), (3, 5), (2, 5), (2, 6))","((0, 0), (1, 0), (2, 0), (2, 1), (3, 1), (3, 2), (3, 3), (3, 4), (3, 5), (2, 5))",0,2,2,10,,,goal,,False,2698
"((0, 0), (1, 0), (2, 0), (2, 1), (3, 1), (3, 2), (3, 3), (3, 4), (3, 5), (2, 5))","((0, 0), (1, 0), (2, 0), (2, 1), (3, 1), (3, 2), (3, 3), (3, 4), (3, 5))",0,2,2,9,3,1,expanded,False,,2699
"((0, 0), (1, 0), (2, 0), (2, 1), (3, 1), (3, 2), (3, 3), (3, 4), (3, 5), (3, 6), (4, 6))","((0, 0), (1, 0), (2, 0), (2, 1), (3, 1), (3, 2), (3, 3), (3, 4), (3, 5), (3, 6))",0,2,2,10,,,goal,,False,2700
"((0, 0), (1, 0), (2, 0), (2, 1), (3, 1), (3, 2), (3, 3), (3, 4), (3, 5), (3, 6), (2, 6))","((0, 0), (1, 0), (2, 0), (2, 1), (3, 1), (3, 2), (3, 3), (3, 4), (3, 5), (3, 6))",0,2,2,10,,,goal,,False,2701
"((0, 0), (1, 0), (2, 0), (2, 1), (3, 1), (3, 2), (3, 3), (3, 4), (3, 5), (3, 6), (3, 7))","((0, 0), (1, 0), (2, 0), (2, 1), (3, 1), (3, 2), (3, 3), (3, 4), (3, 5), (3, 6))",0,2,2,10,,,goal,,False,2702
"((0, 0), (1, 0), (2, 0), (2, 1), (3, 1), (3, 2), (3, 3), (3, 4), (3, 5), (3, 6))","((0, 0), (1, 0), (2, 0), (2, 1), (3, 1), (3, 2), (3, 3), (3, 4), (3, 5))",0,2,2,9,3,0,expanded,False,,2703
"((0, 0), (1, 0), (2, 0), (2, 1), (3, 1), (3, 2), (3, 3), (3, 4), (3, 5))","((0, 0), (1, 0), (2, 0), (2, 1), (3, 1), (3, 2), (3, 3), (3, 4))",0,2,2,8,3,0,expanded,False,,2704
"((0, 0), (1, 0), (2, 0), (2, 1), (3, 1), (3, 2), (3, 3), (3, 4))","((0, 0), (1, 0), (2, 0), (2, 1), (3, 1), (3, 2), (3, 3))",0,3,3,7,3,0,expanded,False,,2705
"((0, 0), (1, 0), (2, 0), (2, 1), (3, 1), (3, 2), (3, 3))","((0, 0), (1, 0), (2, 0), (2, 1), (3, 1), (3, 2))",0,2,2,6,3,0,expanded,False,,2706
"((0, 0), (1, 0), (2, 0), (2, 1), (3, 1), (3, 2))","((0, 0), (1, 0), (2, 0), (2, 1), (3, 1))",0,2,2,5,3,0,expanded,False,,2707
"((0, 0), (1, 0), (2, 0), (2, 1), (3, 1), (3, 0), (4, 0), (4, 1), (5, 1), (5, 0), (6, 0))","((0, 0), (1, 0), (2, 0), (2, 1), (3, 1), (3, 0), (4, 0), (4, 1), (5, 1), (5, 0))",1,1,2,10,,,goal,,False,2708
"((0, 0), (1, 0), (2, 0), (2, 1), (3, 1), (3, 0), (4, 0), (4, 1), (5, 1), (5, 0), (5, -1))","((0, 0), (1, 0), (2, 0), (2, 1), (3, 1), (3, 0), (4, 0), (4, 1), (5, 1), (5, 0))",1,1,2,10,,,goal,,False,2709
"((0, 0), (1, 0), (2, 0), (2, 1), (3, 1), (3, 0), (4, 0), (4, 1), (5, 1), (5, 0))","((0, 0), (1, 0), (2, 0), (2, 1), (3, 1), (3, 0), (4, 0), (4, 1), (5, 1))",1,1,2,9,2,0,expanded,False,,2710
"((0, 0), (1, 0), (2, 0), (2, 1), (3, 1), (3, 0), (4, 0), (4, 1), (5, 1), (6, 1), (7, 1))","((0, 0), (1, 0), (2, 0), (2, 1), (3, 1), (3, 0), (4, 0), (4, 1), (5, 1), (6, 1))",1,1,2,10,,,goal,,False,2711
"((0, 0), (1, 0), (2, 0), (2, 1), (3, 1), (3, 0), (4, 0), (4, 1), (5, 1), (6, 1), (6, 2))","((0, 0), (1, 0), (2, 0), (2, 1), (3, 1), (3, 0), (4, 0), (4, 1), (5, 1), (6, 1))",1,1,2,10,,,goal,,False,2712
"((0, 0), (1, 0), (2, 0), (2, 1), (3, 1), (3, 0), (4, 0), (4, 1), (5, 1), (6, 1), (6, 0))","((0, 0), (1, 0), (2, 0), (2, 1), (3, 1), (3, 0), (4, 0), (4, 1), (5, 1), (6, 1))",1,1,2,10,,,goal,,False,2713
"((0, 0), (1, 0), (2, 0), (2, 1), (3, 1), (3, 0), (4, 0), (4, 1), (5, 1), (6, 1))","((0, 0), (1, 0), (2, 0), (2, 1), (3, 1), (3, 0), (4, 0), (4, 1), (5, 1))",1,1,2,9,3,0,expanded,False,,2714
"((0, 0), (1, 0), (2, 0), (2, 1), (3, 1), (3, 0), (4, 0), (4, 1), (5, 1), (5, 2), (4, 2))","((0, 0), (1, 0), (2, 0), (2, 1), (3, 1), (3, 0), (4, 0), (4, 1), (5, 1), (5, 2))",1,0,1,10,,,pruned,,,2715
"((0, 0), (1, 0), (2, 0), (2, 1), (3, 1), (3, 0), (4, 0), (4, 1), (5, 1), (5, 2), (6, 2))","((0, 0), (1, 0), (2, 0), (2, 1), (3, 1), (3, 0), (4, 0), (4, 1), (5, 1), (5, 2))",1,1,2,10,,,goal,,False,2716
"((0, 0), (1, 0), (2, 0), (2, 1), (3, 1), (3, 0), (4, 0), (4, 1), (5, 1), (5, 2), (5, 3))","((0, 0), (1, 0), (2, 0), (2, 1), (3, 1), (3, 0), (4, 0), (4, 1), (5, 1), (5, 2))",1,1,2,10,,,goal,,False,2717
"((0, 0), (1, 0), (2, 0), (2, 1), (3, 1), (3, 0), (4, 0), (4, 1), (5, 1), (5, 2))","((0, 0), (1, 0), (2, 0), (2, 1), (3, 1), (3, 0), (4, 0), (4, 1), (5, 1))",1,1,2,9,3,1,expanded,False,,2718
"((0, 0), (1, 0), (2, 0), (2, 1), (3, 1), (3, 0), (4, 0), (4, 1), (5, 1))","((0, 0), (1, 0), (2, 0), (2, 1), (3, 1), (3, 0), (4, 0), (4, 1))",1,1,2,8,3,0,expanded,False,,2719
"((0, 0), (1, 0), (2, 0), (2, 1), (3, 1), (3, 0), (4, 0), (4, 1), (4, 2), (3, 2), (2, 2))","((0, 0), (1, 0), (2, 0), (2, 1), (3, 1), (3, 0), (4, 0), (4, 1), (4, 2), (3, 2))",1,1,2,10,,,goal,,False,2720
"((0, 0), (1, 0), (2, 0), (2, 1), (3, 1), (3, 0), (4, 0), (4, 1), (4, 2), (3, 2), (3, 3))","((0, 0), (1, 0), (2, 0), (2, 1), (3, 1), (3, 0), (4, 0), (4, 1), (4, 2), (3, 2))",1,1,2,10,,,goal,,False,2721
"((0, 0), (1, 0), (2, 0), (2, 1), (3, 1), (3, 0), (4, 0), (4, 1), (4, 2), (3, 2))","((0, 0), (1, 0), (2, 0), (2, 1), (3, 1), (3, 0), (4, 0), (4, 1), (4, 2))",1,1,2,9,2,0,expanded,False,,2722
"((0, 0), (1, 0), (2, 0), (2, 1), (3, 1), (3, 0), (4, 0), (4, 1), (4, 2), (5, 2), (5, 1))","((0, 0), (1, 0), (2, 0), (2, 1), (3, 1), (3, 0), (4, 0), (4, 1), (4, 2), (5, 2))",1,0,1,10,,,pruned,,,2723
"((0, 0), (1, 0), (2, 0), (2, 1), (3, 1), (3, 0), (4, 0), (4, 1), (4, 2), (5, 2), (6, 2))","((0, 0), (1, 0), (2, 0), (2, 1), (3, 1), (3, 0), (4, 0), (4, 1), (4, 2), (5, 2))",1,1,2,10,,,goal,,False,2724
"((0, 0), (1, 0), (2, 0), (2, 1), (3, 1), (3, 0), (4, 0), (4, 1), (4, 2), (5, 2), (5, 3))","((0, 0), (1, 0), (2, 0), (2, 1), (3, 1), (3, 0), (4, 0), (4, 1), (4, 2), (5, 2))",1,1,2,10,,,goal,,False,2725
"((0, 0), (1, 0), (2, 0), (2, 1), (3, 1), (3, 0), (4, 0), (4, 1), (4, 2), (5, 2))","((0, 0), (1, 0), (2, 0), (2, 1), (3, 1), (3, 0), (4, 0), (4, 1), (4, 2))",1,1,2,9,3,1,expanded,False,,2726
"((0, 0), (1, 0), (2, 0), (2, 1), (3, 1), (3, 0), (4, 0), (4, 1), (4, 2), (4, 3), (5, 3))","((0, 0), (1, 0), (2, 0), (2, 1), (3, 1), (3, 0), (4, 0), (4, 1), (4, 2), (4, 3))",1,1,2,10,,,goal,,False,2727
"((0, 0), (1, 0), (2, 0), (2, 1), (3, 1), (3, 0), (4, 0), (4, 1), (4, 2), (4, 3), (3, 3))","((0, 0), (1, 0), (2, 0), (2, 1), (3, 1), (3, 0), (4, 0), (4, 1), (4, 2), (4, 3))",1,1,2,10,,,goal,,False,2728
"((0, 0), (1, 0), (2, 0), (2, 1), (3, 1), (3, 0), (4, 0), (4, 1), (4, 2), (4, 3), (4, 4))","((0, 0), (1, 0), (2, 0), (2, 1), (3, 1), (3, 0), (4, 0), (4, 1), (4, 2), (4, 3))",1,1,2,10,,,goal,,False,2729
"((0, 0), (1, 0), (2, 0), (2, 1), (3, 1), (3, 0), (4, 0), (4, 1), (4, 2), (4, 3))","((0, 0), (1, 0), (2, 0), (2, 1), (3, 1), (3, 0), (4, 0), (4, 1), (4, 2))",1,1,2,9,3,0,expanded,False,,2730
"((0, 0), (1, 0), (2, 0), (2, 1), (3, 1), (3, 0), (4, 0), (4, 1), (4, 2))","((0, 0), (1, 0), (2, 0), (2, 1), (3, 1), (3, 0), (4, 0), (4, 1))",1,1,2,8,3,0,expanded,False,,2731
"((0, 0), (1, 0), (2, 0), (2, 1), (3, 1), (3, 0), (4, 0), (4, 1))","((0, 0), (1, 0), (2, 0), (2, 1), (3, 1), (3, 0), (4, 0))",1,2,3,7,2,0,expanded,False,,2732
"((0, 0), (1, 0), (2, 0), (2, 1), (3, 1), (3, 0), (4, 0), (5, 0), (6, 0), (7, 0), (8, 0))","((0, 0), (1, 0), (2, 0), (2, 1), (3, 1), (3, 0), (4, 0), (5, 0), (6, 0), (7, 0))",0,2,2,10,,,goal,,False,2733
"((0, 0), (1, 0), (2, 0), (2, 1), (3, 1), (3, 0), (4, 0), (5, 0), (6, 0), (7, 0), (7, 1))","((0, 0), (1, 0), (2, 0), (2, 1), (3, 1), (3, 0), (4, 0), (5, 0), (6, 0), (7, 0))",0,2,2,10,,,goal,,False,2734
"((0, 0), (1, 0), (2, 0), (2, 1), (3, 1), (3, 0), (4, 0), (5, 0), (6, 0), (7, 0), (7, -1))","((0, 0), (1, 0), (2, 0), (2, 1), (3, 1), (3, 0), (4, 0), (5, 0), (6, 0), (7, 0))",0,2,2,10,,,goal,,False,2735
"((0, 0), (1, 0), (2, 0), (2, 1), (3, 1), (3, 0), (4, 0), (5, 0), (6, 0), (7, 0))","((0, 0), (1, 0), (2, 0), (2, 1), (3, 1), (3, 0), (4, 0), (5, 0), (6, 0))",0,2,2,9,3,0,expanded,False,,2736
"((0, 0), (1, 0), (2, 0), (2, 1), (3, 1), (3, 0), (4, 0), (5, 0), (6, 0), (6, 1), (5, 1))","((0, 0), (1, 0), (2, 0), (2, 1), (3, 1), (3, 0), (4, 0), (5, 0), (6, 0), (6, 1))",0,1,1,10,,,pruned,,,2737
"((0, 0), (1, 0), (2, 0), (2, 1), (3, 1), (3, 0), (4, 0), (5, 0), (6, 0), (6, 1), (7, 1))","((0, 0), (1, 0), (2, 0), (2, 1), (3, 1), (3, 0), (4, 0), (5, 0), (6, 0), (6, 1))",0,2,2,10,,,goal,,False,2738
"((0, 0), (1, 0), (2, 0), (2, 1), (3, 1), (3, 0), (4, 0), (5, 0), (6, 0), (6, 1), (6, 2))","((0, 0), (1, 0), (2, 0), (2, 1), (3, 1), (3, 0), (4, 0), (5, 0), (6, 0), (6, 1))",0,2,2,10,,,goal,,False,2739
"((0, 0), (1, 0), (2, 0), (2, 1), (3, 1), (3, 0), (4, 0), (5, 0), (6, 0), (6, 1))","((0, 0), (1, 0), (2, 0), (2, 1), (3, 1), (3, 0), (4, 0), (5, 0), (6, 0))",0,2,2,9,3,1,expanded,False,,2740
"((0, 0), (1, 0), (2, 0), (2, 1), (3, 1), (3, 0), (4, 0), (5, 0), (6, 0), (6, -1), (5, -1))","((0, 0), (1, 0), (2, 0), (2, 1), (3, 1), (3, 0), (4, 0), (5, 0), (6, 0), (6, -1))",0,1,1,10,,,pruned,,,2741
"((0, 0), (1, 0), (2, 0), (2, 1), (3, 1), (3, 0), (4, 0), (5, 0), (6, 0), (6, -1), (7, -1))","((0, 0), (1, 0), (2, 0), (2, 1), (3, 1), (3, 0), (4, 0), (5, 0), (6, 0), (6, -1))",0,2,2,10,,,goal,,False,2742
"((0, 0), (1, 0), (2, 0), (2, 1), (3, 1), (3, 0), (4, 0), (5, 0), (6, 0), (6, -1), (6, -2))","((0, 0), (1, 0), (2, 0), (2, 1), (3, 1), (3, 0), (4, 0), (5, 0), (6, 0), (6, -1))",0,2,2,10,,,goal,,False,2743
"((0, 0), (1, 0), (2, 0), (2, 1), (3, 1), (3, 0), (4, 0), (5, 0), (6, 0), (6, -1))","((0, 0), (1, 0), (2, 0), (2, 1), (3, 1), (3, 0), (4, 0), (5, 0), (6, 0))",0,2,2,9,3,1,expanded,False,,2744
"((0, 0), (1, 0), (2, 0), (2, 1), (3, 1), (3, 0), (4, 0), (5, 0), (6, 0))","((0, 0), (1, 0), (2, 0), (2, 1), (3, 1), (3, 0), (4, 0), (5, 0))",0,2,2,8,3,0,expanded,False,,2745
"((0, 0), (1, 0), (2, 0), (2, 1), (3, 1), (3, 0), (4, 0), (5, 0), (5, 1), (4, 1), (4, 2))","((0, 0), (1, 0), (2, 0), (2, 1), (3, 1), (3, 0), (4, 0), (5, 0), (5, 1), (4, 1))",0,2,2,10,,,goal,,False,2746
"((0, 0), (1, 0), (2, 0), (2, 1), (3, 1), (3, 0), (4, 0), (5, 0), (5, 1), (4, 1))","((0, 0), (1, 0), (2, 0), (2, 1), (3, 1), (3, 0), (4, 0), (5, 0), (5, 1))",0,2,2,9,1,0,expanded,False,,2747
"((0, 0), (1, 0), (2, 0), (2, 1), (3, 1), (3, 0), (4, 0), (5, 0), (5, 1), (6, 1), (6, 0))","((0, 0), (1, 0), (2, 0), (2, 1), (3, 1), (3, 0), (4, 0), (5, 0), (5, 1), (6, 1))",0,1,1,10,,,pruned,,,2748
"((0, 0), (1, 0), (2, 0), (2, 1), (3, 1), (3, 0), (4, 0), (5, 0), (5, 1), (6, 1), (7, 1))","((0, 0), (1, 0), (2, 0), (2, 1), (3, 1), (3, 0), (4, 0), (5, 0), (5, 1), (6, 1))",0,2,2,10,,,goal,,False,2749
"((0, 0), (1, 0), (2, 0), (2, 1), (3, 1), (3, 0), (4, 0), (5, 0), (5, 1), (6, 1), (6, 2))","((0, 0), (1, 0), (2, 0), (2, 1), (3, 1), (3, 0), (4, 0), (5, 0), (5, 1), (6, 1))",0,2,2,10,,,goal,,False,2750
"((0, 0), (1, 0), (2, 0), (2, 1), (3, 1), (3, 0), (4, 0), (5, 0), (5, 1), (6, 1))","((0, 0), (1, 0), (2, 0), (2, 1), (3, 1), (3, 0), (4, 0), (5, 0), (5, 1))",0,2,2,9,3,1,expanded,False,,2751
"((0, 0), (1, 0), (2, 0), (2, 1), (3, 1), (3, 0), (4, 0), (5, 0), (5, 1), (5, 2), (6, 2))","((0, 0), (1, 0), (2, 0), (2, 1), (3, 1), (3, 0), (4, 0), (5, 0), (5, 1), (5, 2))",0,2,2,10,,,goal,,False,2752
"((0, 0), (1, 0), (2, 0), (2, 1), (3, 1), (3, 0), (4, 0), (5, 0), (5, 1), (5, 2), (4, 2))","((0, 0), (1, 0), (2, 0), (2, 1), (3, 1), (3, 0), (4, 0), (5, 0), (5, 1), (5, 2))",0,2,2,10,,,goal,,False,2753
"((0, 0), (1, 0), (2, 0), (2, 1), (3, 1), (3, 0), (4, 0), (5, 0), (5, 1), (5, 2), (5, 3))","((0, 0), (1, 0), (2, 0), (2, 1), (3, 1), (3, 0), (4, 0), (5, 0), (5, 1), (5, 2))",0,2,2,10,,,goal,,False,2754
"((0, 0), (1, 0), (2, 0), (2, 1), (3, 1), (3, 0), (4, 0), (5, 0), (5, 1), (5, 2))","((0, 0), (1, 0), (2, 0), (2, 1), (3, 1), (3, 0), (4, 0), (5, 0), (5, 1))",0,2,2,9,3,0,expanded,False,,2755
"((0, 0), (1, 0), (2, 0), (2, 1), (3, 1), (3, 0), (4, 0), (5, 0), (5, 1))","((0, 0), (1, 0), (2, 0), (2, 1), (3, 1), (3, 0), (4, 0), (5, 0))",0,2,2,8,3,0,expanded,False,,2756
"((0, 0), (1, 0), (2, 0), (2, 1), (3, 1), (3, 0), (4, 0), (5, 0), (5, -1), (4, -1), (3, -1))","((0, 0), (1, 0), (2, 0), (2, 1), (3, 1), (3, 0), (4, 0), (5, 0), (5, -1), (4, -1))",0,2,2,10,,,goal,,False,2757
"((0, 0), (1, 0), (2, 0), (2, 1), (3, 1), (3, 0), (4, 0), (5, 0), (5, -1), (4, -1), (4, -2))","((0, 0), (1, 0), (2, 0), (2, 1), (3, 1), (3, 0), (4, 0), (5, 0), (5, -1), (4, -1))",0,2,2,10,,,goal,,False,2758
"((0, 0), (1, 0), (2, 0), (2, 1), (3, 1), (3, 0), (4, 0), (5, 0), (5, -1), (4, -1))","((0, 0), (1, 0), (2, 0), (2, 1), (3, 1), (3, 0), (4, 0), (5, 0), (5, -1))",0,2,2,9,2,0,expanded,False,,2759
"((0, 0), (1, 0), (2, 0), (2, 1), (3, 1), (3, 0), (4, 0), (5, 0), (5, -1), (6, -1), (6, 0))","((0, 0), (1, 0), (2, 0), (2, 1), (3, 1), (3, 0), (4, 0), (5, 0), (5, -1), (6, -1))",0,1,1,10,,,pruned,,,2760
"((0, 0), (1, 0), (2, 0), (2, 1), (3, 1), (3, 0), (4, 0), (5, 0), (5, -1), (6, -1), (7, -1))","((0, 0), (1, 0), (2, 0), (2, 1), (3, 1), (3, 0), (4, 0), (5, 0), (5, -1), (6, -1))",0,2,2,10,,,goal,,False,2761
"((0, 0), (1, 0), (2, 0), (2, 1), (3, 1), (3, 0), (4, 0), (5, 0), (5, -1), (6, -1), (6, -2))","((0, 0), (1, 0), (2, 0), (2, 1), (3, 1), (3, 0), (4, 0), (5, 0), (5, -1), (6, -1))",0,2,2,10,,,goal,,False,2762
"((0, 0), (1, 0), (2, 0), (2, 1), (3, 1), (3, 0), (4, 0), (5, 0), (5, -1), (6, -1))","((0, 0), (1, 0), (2, 0), (2, 1), (3, 1), (3, 0), (4, 0), (5, 0), (5, -1))",0,2,2,9,3,1,expanded,False,,2763
"((0, 0), (1, 0), (2, 0), (2, 1), (3, 1), (3, 0), (4, 0), (5, 0), (5, -1), (5, -2), (6, -2))","((0, 0), (1, 0), (2, 0), (2, 1), (3, 1), (3, 0), (4, 0), (5, 0), (5, -1), (5, -2))",0,2,2,10,,,goal,,False,2764
"((0, 0), (1, 0), (2, 0), (2, 1), (3, 1), (3, 0), (4, 0), (5, 0), (5, -1), (5, -2), (4, -2))","((0, 0), (1, 0), (2, 0), (2, 1), (3, 1), (3, 0), (4, 0), (5, 0), (5, -1), (5, -2))",0,2,2,10,,,goal,,False,2765
"((0, 0), (1, 0), (2, 0), (2, 1), (3, 1), (3, 0), (4, 0), (5, 0), (5, -1), (5, -2), (5, -3))","((0, 0), (1, 0), (2, 0), (2, 1), (3, 1), (3, 0), (4, 0), (5, 0), (5, -1), (5, -2))",0,2,2,10,,,goal,,False,2766
"((0, 0), (1, 0), (2, 0), (2, 1), (3, 1), (3, 0), (4, 0), (5, 0), (5, -1), (5, -2))","((0, 0), (1, 0), (2, 0), (2, 1), (3, 1), (3, 0), (4, 0), (5, 0), (5, -1))",0,2,2,9,3,0,expanded,False,,2767
"((0, 0), (1, 0), (2, 0), (2, 1), (3, 1), (3, 0), (4, 0), (5, 0), (5, -1))","((0, 0), (1, 0), (2, 0), (2, 1), (3, 1), (3, 0), (4, 0), (5, 0))",0,2,2,8,3,0,expanded,False,,2768
"((0, 0), (1, 0), (2, 0), (2, 1), (3, 1), (3, 0), (4, 0), (5, 0))","((0, 0), (1, 0), (2, 0), (2, 1), (3, 1), (3, 0), (4, 0))",0,3,3,7,3,0,expanded,False,,2769
"((0, 0), (1, 0), (2, 0), (2, 1), (3, 1), (3, 0), (4, 0), (4, -1), (5, -1), (5, 0), (6, 0))","((0, 0), (1, 0), (2, 0), (2, 1), (3, 1), (3, 0), (4, 0), (4, -1), (5, -1), (5, 0))",0,2,2,10,,,goal,,False,2770
"((0, 0), (1, 0), (2, 0), (2, 1), (3, 1), (3, 0), (4, 0), (4, -1), (5, -1), (5, 0), (5, 1))","((0, 0), (1, 0), (2, 0), (2, 1), (3, 1), (3, 0), (4, 0), (4, -1), (5, -1), (5, 0))",0,2,2,10,,,goal,,False,2771
"((0, 0), (1, 0), (2, 0), (2, 1), (3, 1), (3, 0), (4, 0), (4, -1), (5, -1), (5, 0))","((0, 0), (1, 0), (2, 0), (2, 1), (3, 1), (3, 0), (4, 0), (4, -1), (5, -1))",0,2,2,9,2,0,expanded,False,,2772
"((0, 0), (1, 0), (2, 0), (2, 1), (3, 1), (3, 0), (4, 0), (4, -1), (5, -1), (6, -1), (7, -1))","((0, 0), (1, 0), (2, 0), (2, 1), (3, 1), (3, 0), (4, 0), (4, -1), (5, -1), (6, -1))",0,2,2,10,,,goal,,False,2773
"((0, 0), (1, 0), (2, 0), (2, 1), (3, 1), (3, 0), (4, 0), (4, -1), (5, -1), (6, -1), (6, 0))","((0, 0), (1, 0), (2, 0), (2, 1), (3, 1), (3, 0), (4, 0), (4, -1), (5, -1), (6, -1))",0,2,2,10,,,goal,,False,2774
"((0, 0), (1, 0), (2, 0), (2, 1), (3, 1), (3, 0), (4, 0), (4, -1), (5, -1), (6, -1), (6, -2))","((0, 0), (1, 0), (2, 0), (2, 1), (3, 1), (3, 0), (4, 0), (4, -1), (5, -1), (6, -1))",0,2,2,10,,,goal,,False,2775
"((0, 0), (1, 0), (2, 0), (2, 1), (3, 1), (3, 0), (4, 0), (4, -1), (5, -1), (6, -1))","((0, 0), (1, 0), (2, 0), (2, 1), (3, 1), (3, 0), (4, 0), (4, -1), (5, -1))",0,2,2,9,3,0,expanded,False,,2776
"((0, 0), (1, 0), (2, 0), (2, 1), (3, 1), (3, 0), (4, 0), (4, -1), (5, -1), (5, -2), (4, -2))","((0, 0), (1, 0), (2, 0), (2, 1), (3, 1), (3, 0), (4, 0), (4, -1), (5, -1), (5, -2))",0,1,1,10,,,pruned,,,2777
"((0, 0), (1, 0), (2, 0), (2, 1), (3, 1), (3, 0), (4, 0), (4, -1), (5, -1), (5, -2), (6, -2))","((0, 0), (1, 0), (2, 0), (2, 1), (3, 1), (3, 0), (4, 0), (4, -1), (5, -1), (5, -2))",0,2,2,10,,,goal,,False,2778
"((0, 0), (1, 0), (2, 0), (2, 1), (3, 1), (3, 0), (4, 0), (4, -1), (5, -1), (5, -2), (5, -3))","((0, 0), (1, 0), (2, 0), (2, 1), (3, 1), (3, 0), (4, 0), (4, -1), (5, -1), (5, -2))",0,2,2,10,,,goal,,False,2779
"((0, 0), (1, 0), (2, 0), (2, 1), (3, 1), (3, 0), (4, 0), (4, -1), (5, -1), (5, -2))","((0, 0), (1, 0), (2, 0), (2, 1), (3, 1), (3, 0), (4, 0), (4, -1), (5, -1))",0,2,2,9,3,1,expanded,False,,2780
"((0, 0), (1, 0), (2, 0), (2, 1), (3, 1), (3, 0), (4, 0), (4, -1), (5, -1))","((0, 0), (1, 0), (2, 0), (2, 1), (3, 1), (3, 0), (4, 0), (4, -1))",0,2,2,8,3,0,expanded,False,,2781
"((0, 0), (1, 0), (2, 0), (2, 1), (3, 1), (3, 0), (4, 0), (4, -1), (3, -1), (2, -1), (1, -1))","((0, 0), (1, 0), (2, 0), (2, 1), (3, 1), (3, 0), (4, 0), (4, -1), (3, -1), (2, -1))",0,2,2,10,,,goal,,False,2782
"((0, 0), (1, 0), (2, 0), (2, 1), (3, 1), (3, 0), (4, 0), (4, -1), (3, -1), (2, -1), (2, -2))","((0, 0), (1, 0), (2, 0), (2, 1), (3, 1), (3, 0), (4, 0), (4, -1), (3, -1), (2, -1))",0,2,2,10,,,goal,,False,2783
"((0, 0), (1, 0), (2, 0), (2, 1), (3, 1), (3, 0), (4, 0), (4, -1), (3, -1), (2, -1))","((0, 0), (1, 0), (2, 0), (2, 1), (3, 1), (3, 0), (4, 0), (4, -1), (3, -1))",0,2,2,9,2,0,expanded,False,,2784
"((0, 0), (1, 0), (2, 0), (2, 1), (3, 1), (3, 0), (4, 0), (4, -1), (3, -1), (3, -2), (4, -2))","((0, 0), (1, 0), (2, 0), (2, 1), (3, 1), (3, 0), (4, 0), (4, -1), (3, -1), (3, -2))",0,1,1,10,,,pruned,,,2785
"((0, 0), (1, 0), (2, 0), (2, 1), (3, 1), (3, 0), (4, 0), (4, -1), (3, -1), (3, -2), (2, -2))","((0, 0), (1, 0), (2, 0), (2, 1), (3, 1), (3, 0), (4, 0), (4, -1), (3, -1), (3, -2))",0,2,2,10,,,goal,,False,2786
"((0, 0), (1, 0), (2, 0), (2, 1), (3, 1), (3, 0), (4, 0), (4, -1), (3, -1), (3, -2), (3, -3))","((0, 0), (1, 0), (2, 0), (2, 1), (3, 1), (3, 0), (4, 0), (4, -1), (3, -1), (3, -2))",0,2,2,10,,,goal,,False,2787
"((0, 0), (1, 0), (2, 0), (2, 1), (3, 1), (3, 0), (4, 0), (4, -1), (3, -1), (3, -2))","((0, 0), (1, 0), (2, 0), (2, 1), (3, 1), (3, 0), (4, 0), (4, -1), (3, -1))",0,2,2,9,3,1,expanded,False,,2788
"((0, 0), (1, 0), (2, 0), (2, 1), (3, 1), (3, 0), (4, 0), (4, -1), (3, -1))","((0, 0), (1, 0), (2, 0), (2, 1), (3, 1), (3, 0), (4, 0), (4, -1))",0,2,2,8,2,0,expanded,False,,2789
"((0, 0), (1, 0), (2, 0), (2, 1), (3, 1), (3, 0), (4, 0), (4, -1), (4, -2), (5, -2), (5, -1))","((0, 0), (1, 0), (2, 0), (2, 1), (3, 1), (3, 0), (4, 0), (4, -1), (4, -2), (5, -2))",0,1,1,10,,,pruned,,,2790
"((0, 0), (1, 0), (2, 0), (2, 1), (3, 1), (3, 0), (4, 0), (4, -1), (4, -2), (5, -2), (6, -2))","((0, 0), (1, 0), (2, 0), (2, 1), (3, 1), (3, 0), (4, 0), (4, -1), (4, -2), (5, -2))",0,2,2,10,,,goal,,False,2791
"((0, 0), (1, 0), (2, 0), (2, 1), (3, 1), (3, 0), (4, 0), (4, -1), (4, -2), (5, -2), (5, -3))","((0, 0), (1, 0), (2, 0), (2, 1), (3, 1), (3, 0), (4, 0), (4, -1), (4, -2), (5, -2))",0,2,2,10,,,goal,,False,2792
"((0, 0), (1, 0), (2, 0), (2, 1), (3, 1), (3, 0), (4, 0), (4, -1), (4, -2), (5, -2))","((0, 0), (1, 0), (2, 0), (2, 1), (3, 1), (3, 0), (4, 0), (4, -1), (4, -2))",0,2,2,9,3,1,expanded,False,,2793
"((0, 0), (1, 0), (2, 0), (2, 1), (3, 1), (3, 0), (4, 0), (4, -1), (4, -2), (3, -2), (3, -1))","((0, 0), (1, 0), (2, 0), (2, 1), (3, 1), (3, 0), (4, 0), (4, -1), (4, -2), (3, -2))",0,1,1,10,,,pruned,,,2794
"((0, 0), (1, 0), (2, 0), (2, 1), (3, 1), (3, 0), (4, 0), (4, -1), (4, -2), (3, -2), (2, -2))","((0, 0), (1, 0), (2, 0), (2, 1), (3, 1), (3, 0), (4, 0), (4, -1), (4, -2), (3, -2))",0,2,2,10,,,goal,,False,2795
"((0, 0), (1, 0), (2, 0), (2, 1), (3, 1), (3, 0), (4, 0), (4, -1), (4, -2), (3, -2), (3, -3))","((0, 0), (1, 0), (2, 0), (2, 1), (3, 1), (3, 0), (4, 0), (4, -1), (4, -2), (3, -2))",0,2,2,10,,,goal,,False,2796
"((0, 0), (1, 0), (2, 0), (2, 1), (3, 1), (3, 0), (4, 0), (4, -1), (4, -2), (3, -2))","((0, 0), (1, 0), (2, 0), (2, 1), (3, 1), (3, 0), (4, 0), (4, -1), (4, -2))",0,2,2,9,3,1,expanded,False,,2797
"((0, 0), (1, 0), (2, 0), (2, 1), (3, 1), (3, 0), (4, 0), (4, -1), (4, -2), (4, -3), (5, -3))","((0, 0), (1, 0), (2, 0), (2, 1), (3, 1), (3, 0), (4, 0), (4, -1), (4, -2), (4, -3))",0,2,2,10,,,goal,,False,2798
"((0, 0), (1, 0), (2, 0), (2, 1), (3, 1), (3, 0), (4, 0), (4, -1), (4, -2), (4, -3), (3, -3))","((0, 0), (1, 0), (2, 0), (2, 1), (3, 1), (3, 0), (4, 0), (4, -1), (4, -2), (4, -3))",0,2,2,10,,,goal,,False,2799
"((0, 0), (1, 0), (2, 0), (2, 1), (3, 1), (3, 0), (4, 0), (4, -1), (4, -2), (4, -3), (4, -4))","((0, 0), (1, 0), (2, 0), (2, 1), (3, 1), (3, 0), (4, 0), (4, -1), (4, -2), (4, -3))",0,2,2,10,,,goal,,False,2800
"((0, 0), (1, 0), (2, 0), (2, 1), (3, 1), (3, 0), (4, 0), (4, -1), (4, -2), (4, -3))","((0, 0), (1, 0), (2, 0), (2, 1), (3, 1), (3, 0), (4, 0), (4, -1), (4, -2))",0,2,2,9,3,0,expanded,False,,2801
"((0, 0), (1, 0), (2, 0), (2, 1), (3, 1), (3, 0), (4, 0), (4, -1), (4, -2))","((0, 0), (1, 0), (2, 0), (2, 1), (3, 1), (3, 0), (4, 0), (4, -1))",0,2,2,8,3,0,expanded,False,,2802
"((0, 0), (1, 0), (2, 0), (2, 1), (3, 1), (3, 0), (4, 0), (4, -1))","((0, 0), (1, 0), (2, 0), (2, 1), (3, 1), (3, 0), (4, 0))",0,3,3,7,3,0,expanded,False,,2803
"((0, 0), (1, 0), (2, 0), (2, 1), (3, 1), (3, 0), (4, 0))","((0, 0), (1, 0), (2, 0), (2, 1), (3, 1), (3, 0))",0,2,2,6,3,0,expanded,False,,2804
"((0, 0), (1, 0), (2, 0), (2, 1), (3, 1), (3, 0), (3, -1), (4, -1), (5, -1), (6, -1), (7, -1))","((0, 0), (1, 0), (2, 0), (2, 1), (3, 1), (3, 0), (3, -1), (4, -1), (5, -1), (6, -1))",0,2,2,10,,,goal,,False,2805
"((0, 0), (1, 0), (2, 0), (2, 1), (3, 1), (3, 0), (3, -1), (4, -1), (5, -1), (6, -1), (6, 0))","((0, 0), (1, 0), (2, 0), (2, 1), (3, 1), (3, 0), (3, -1), (4, -1), (5, -1), (6, -1))",0,2,2,10,,,goal,,False,2806
"((0, 0), (1, 0), (2, 0), (2, 1), (3, 1), (3, 0), (3, -1), (4, -1), (5, -1), (6, -1), (6, -2))","((0, 0), (1, 0), (2, 0), (2, 1), (3, 1), (3, 0), (3, -1), (4, -1), (5, -1), (6, -1))",0,2,2,10,,,goal,,False,2807
"((0, 0), (1, 0), (2, 0), (2, 1), (3, 1), (3, 0), (3, -1), (4, -1), (5, -1), (6, -1))","((0, 0), (1, 0), (2, 0), (2, 1), (3, 1), (3, 0), (3, -1), (4, -1), (5, -1))",0,2,2,9,3,0,expanded,False,,2808
"((0, 0), (1, 0), (2, 0), (2, 1), (3, 1), (3, 0), (3, -1), (4, -1), (5, -1), (5, 0), (4, 0))","((0, 0), (1, 0), (2, 0), (2, 1), (3, 1), (3, 0), (3, -1), (4, -1), (5, -1), (5, 0))",0,1,1,10,,,pruned,,,2809
"((0, 0), (1, 0), (2, 0), (2, 1), (3, 1), (3, 0), (3, -1), (4, -1), (5, -1), (5, 0), (6, 0))","((0, 0), (1, 0), (2, 0), (2, 1), (3, 1), (3, 0), (3, -1), (4, -1), (5, -1), (5, 0))",0,2,2,10,,,goal,,False,2810
"((0, 0), (1, 0), (2, 0), (2, 1), (3, 1), (3, 0), (3, -1), (4, -1), (5, -1), (5, 0), (5, 1))","((0, 0), (1, 0), (2, 0), (2, 1), (3, 1), (3, 0), (3, -1), (4, -1), (5, -1), (5, 0))",0,2,2,10,,,goal,,False,2811
"((0, 0), (1, 0), (2, 0), (2, 1), (3, 1), (3, 0), (3, -1), (4, -1), (5, -1), (5, 0))","((0, 0), (1, 0), (2, 0), (2, 1), (3, 1), (3, 0), (3, -1), (4, -1), (5, -1))",0,2,2,9,3,1,expanded,False,,2812
"((0, 0), (1, 0), (2, 0), (2, 1), (3, 1), (3, 0), (3, -1), (4, -1), (5, -1), (5, -2), (4, -2))","((0, 0), (1, 0), (2, 0), (2, 1), (3, 1), (3, 0), (3, -1), (4, -1), (5, -1), (5, -2))",0,1,1,10,,,pruned,,,2813
"((0, 0), (1, 0), (2, 0), (2, 1), (3, 1), (3, 0), (3, -1), (4, -1), (5, -1), (5, -2), (6, -2))","((0, 0), (1, 0), (2, 0), (2, 1), (3, 1), (3, 0), (3, -1), (4, -1), (5, -1), (5, -2))",0,2,2,10,,,goal,,False,2814
"((0, 0), (1, 0), (2, 0), (2, 1), (3, 1), (3, 0), (3, -1), (4, -1), (5, -1), (5, -2), (5, -3))","((0, 0), (1, 0), (2, 0), (2, 1), (3, 1), (3, 0), (3, -1), (4, -1), (5, -1), (5, -2))",0,2,2,10,,,goal,,False,2815
"((0, 0), (1, 0), (2, 0), (2, 1), (3, 1), (3, 0), (3, -1), (4, -1), (5, -1), (5, -2))","((0, 0), (1, 0), (2, 0), (2, 1), (3, 1), (3, 0), (3, -1), (4, -1), (5, -1))",0,2,2,9,3,1,expanded,False,,2816
"((0, 0), (1, 0), (2, 0), (2, 1), (3, 1), (3, 0), (3, -1), (4, -1), (5, -1))","((0, 0), (1, 0), (2, 0), (2, 1), (3, 1), (3, 0), (3, -1), (4, -1))",0,2,2,8,3,0,expanded,False,,2817
"((0, 0), (1, 0), (2, 0), (2, 1), (3, 1), (3, 0), (3, -1), (4, -1), (4, 0), (4, 1), (5, 1))","((0, 0), (1, 0), (2, 0), (2, 1), (3, 1), (3, 0), (3, -1), (4, -1), (4, 0), (4, 1))",0,2,2,10,,,goal,,False,2818
"((0, 0), (1, 0), (2, 0), (2, 1), (3, 1), (3, 0), (3, -1), (4, -1), (4, 0), (4, 1), (4, 2))","((0, 0), (1, 0), (2, 0), (2, 1), (3, 1), (3, 0), (3, -1), (4, -1), (4, 0), (4, 1))",0,2,2,10,,,goal,,False,2819
"((0, 0), (1, 0), (2, 0), (2, 1), (3, 1), (3, 0), (3, -1), (4, -1), (4, 0), (4, 1))","((0, 0), (1, 0), (2, 0), (2, 1), (3, 1), (3, 0), (3, -1), (4, -1), (4, 0))",0,2,2,9,2,0,expanded,False,,2820
"((0, 0), (1, 0), (2, 0), (2, 1), (3, 1), (3, 0), (3, -1), (4, -1), (4, 0), (5, 0), (5, -1))","((0, 0), (1, 0), (2, 0), (2, 1), (3, 1), (3, 0), (3, -1), (4, -1), (4, 0), (5, 0))",0,1,1,10,,,pruned,,,2821
"((0, 0), (1, 0), (2, 0), (2, 1), (3, 1), (3, 0), (3, -1), (4, -1), (4, 0), (5, 0), (6, 0))","((0, 0), (1, 0), (2, 0), (2, 1), (3, 1), (3, 0), (3, -1), (4, -1), (4, 0), (5, 0))",0,2,2,10,,,goal,,False,2822
"((0, 0), (1, 0), (2, 0), (2, 1), (3, 1), (3, 0), (3, -1), (4, -1), (4, 0), (5, 0), (5, 1))","((0, 0), (1, 0), (2, 0), (2, 1), (3, 1), (3, 0), (3, -1), (4, -1), (4, 0), (5, 0))",0,2,2,10,,,goal,,False,2823
"((0, 0), (1, 0), (2, 0), (2, 1), (3, 1), (3, 0), (3, -1), (4, -1), (4, 0), (5, 0))","((0, 0), (1, 0), (2, 0), (2, 1), (3, 1), (3, 0), (3, -1), (4, -1), (4, 0))",0,2,2,9,3,1,expanded,False,,2824
"((0, 0), (1, 0), (2, 0), (2, 1), (3, 1), (3, 0), (3, -1), (4, -1), (4, 0))","((0, 0), (1, 0), (2, 0), (2, 1), (3, 1), (3, 0), (3, -1), (4, -1))",0,2,2,8,2,0,expanded,False,,2825
"((0, 0), (1, 0), (2, 0), (2, 1), (3, 1), (3, 0), (3, -1), (4, -1), (4, -2), (3, -2), (2, -2))","((0, 0), (1, 0), (2, 0), (2, 1), (3, 1), (3, 0), (3, -1), (4, -1), (4, -2), (3, -2))",0,2,2,10,,,goal,,False,2826
"((0, 0), (1, 0), (2, 0), (2, 1), (3, 1), (3, 0), (3, -1), (4, -1), (4, -2), (3, -2), (3, -3))","((0, 0), (1, 0), (2, 0), (2, 1), (3, 1), (3, 0), (3, -1), (4, -1), (4, -2), (3, -2))",0,2,2,10,,,goal,,False,2827
"((0, 0), (1, 0), (2, 0), (2, 1), (3, 1), (3, 0), (3, -1), (4, -1), (4, -2), (3, -2))","((0, 0), (1, 0), (2, 0), (2, 1), (3, 1), (3, 0), (3, -1), (4, -1), (4, -2))",0,2,2,9,2,0,expanded,False,,2828
"((0, 0), (1, 0), (2, 0), (2, 1), (3, 1), (3, 0), (3, -1), (4, -1), (4, -2), (5, -2), (5, -1))","((0, 0), (1, 0), (2, 0), (2, 1), (3, 1), (3, 0), (3, -1), (4, -1), (4, -2), (5, -2))",0,1,1,10,,,pruned,,,2829
"((0, 0), (1, 0), (2, 0), (2, 1), (3, 1), (3, 0), (3, -1), (4, -1), (4, -2), (5, -2), (6, -2))","((0, 0), (1, 0), (2, 0), (2, 1), (3, 1), (3, 0), (3, -1), (4, -1), (4, -2), (5, -2))",0,2,2,10,,,goal,,False,2830
"((0, 0), (1, 0), (2, 0), (2, 1), (3, 1), (3, 0), (3, -1), (4, -1), (4, -2), (5, -2), (5, -3))","((0, 0), (1, 0), (2, 0), (2, 1), (3, 1), (3, 0), (3, -1), (4, -1), (4, -2), (5, -2))",0,2,2,10,,,goal,,False,2831
"((0, 0), (1, 0), (2, 0), (2, 1), (3, 1), (3, 0), (3, -1), (4, -1), (4, -2), (5, -2))","((0, 0), (1, 0), (2, 0), (2, 1), (3, 1), (3, 0), (3, -1), (4, -1), (4, -2))",0,2,2,9,3,1,expanded,False,,2832
"((0, 0), (1, 0), (2, 0), (2, 1), (3, 1), (3, 0), (3, -1), (4, -1), (4, -2), (4, -3), (5, -3))","((0, 0), (1, 0), (2, 0), (2, 1), (3, 1), (3, 0), (3, -1), (4, -1), (4, -2), (4, -3))",0,2,2,10,,,goal,,False,2833
"((0, 0), (1, 0), (2, 0), (2, 1), (3, 1), (3, 0), (3, -1), (4, -1), (4, -2), (4, -3), (3, -3))","((0, 0), (1, 0), (2, 0), (2, 1), (3, 1), (3, 0), (3, -1), (4, -1), (4, -2), (4, -3))",0,2,2,10,,,goal,,False,2834
"((0, 0), (1, 0), (2, 0), (2, 1), (3, 1), (3, 0), (3, -1), (4, -1), (4, -2), (4, -3), (4, -4))","((0, 0), (1, 0), (2, 0), (2, 1), (3, 1), (3, 0), (3, -1), (4, -1), (4, -2), (4, -3))",0,2,2,10,,,goal,,False,2835
"((0, 0), (1, 0), (2, 0), (2, 1), (3, 1), (3, 0), (3, -1), (4, -1), (4, -2), (4, -3))","((0, 0), (1, 0), (2, 0), (2, 1), (3, 1), (3, 0), (3, -1), (4, -1), (4, -2))",0,2,2,9,3,0,expanded,False,,2836
"((0, 0), (1, 0), (2, 0), (2, 1), (3, 1), (3, 0), (3, -1), (4, -1), (4, -2))","((0, 0), (1, 0), (2, 0), (2, 1), (3, 1), (3, 0), (3, -1), (4, -1))",0,2,2,8,3,0,expanded,False,,2837
"((0, 0), (1, 0), (2, 0), (2, 1), (3, 1), (3, 0), (3, -1), (4, -1))","((0, 0), (1, 0), (2, 0), (2, 1), (3, 1), (3, 0), (3, -1))",0,3,3,7,3,0,expanded,False,,2838
"((0, 0), (1, 0), (2, 0), (2, 1), (3, 1), (3, 0), (3, -1), (2, -1), (1, -1))","((0, 0), (1, 0), (2, 0), (2, 1), (3, 1), (3, 0), (3, -1), (2, -1))",0,1,1,8,,,pruned,,,2839
"((0, 0), (1, 0), (2, 0), (2, 1), (3, 1), (3, 0), (3, -1), (2, -1), (2, -2))","((0, 0), (1, 0), (2, 0), (2, 1), (3, 1), (3, 0), (3, -1), (2, -1))",0,1,1,8,,,pruned,,,2840
"((0, 0), (1, 0), (2, 0), (2, 1), (3, 1), (3, 0), (3, -1), (2, -1))","((0, 0), (1, 0), (2, 0), (2, 1), (3, 1), (3, 0), (3, -1))",0,2,2,7,2,2,expanded,True,,2841
"((0, 0), (1, 0), (2, 0), (2, 1), (3, 1), (3, 0), (3, -1), (3, -2), (4, -2), (4, -1), (5, -1))","((0, 0), (1, 0), (2, 0), (2, 1), (3, 1), (3, 0), (3, -1), (3, -2), (4, -2), (4, -1))",0,2,2,10,,,goal,,False,2842
"((0, 0), (1, 0), (2, 0), (2, 1), (3, 1), (3, 0), (3, -1), (3, -2), (4, -2), (4, -1), (4, 0))","((0, 0), (1, 0), (2, 0), (2, 1), (3, 1), (3, 0), (3, -1), (3, -2), (4, -2), (4, -1))",0,2,2,10,,,goal,,False,2843
"((0, 0), (1, 0), (2, 0), (2, 1), (3, 1), (3, 0), (3, -1), (3, -2), (4, -2), (4, -1))","((0, 0), (1, 0), (2, 0), (2, 1), (3, 1), (3, 0), (3, -1), (3, -2), (4, -2))",0,2,2,9,2,0,expanded,False,,2844
"((0, 0), (1, 0), (2, 0), (2, 1), (3, 1), (3, 0), (3, -1), (3, -2), (4, -2), (5, -2), (6, -2))","((0, 0), (1, 0), (2, 0), (2, 1), (3, 1), (3, 0), (3, -1), (3, -2), (4, -2), (5, -2))",0,2,2,10,,,goal,,False,2845
"((0, 0), (1, 0), (2, 0), (2, 1), (3, 1), (3, 0), (3, -1), (3, -2), (4, -2), (5, -2), (5, -1))","((0, 0), (1, 0), (2, 0), (2, 1), (3, 1), (3, 0), (3, -1), (3, -2), (4, -2), (5, -2))",0,2,2,10,,,goal,,False,2846
"((0, 0), (1, 0), (2, 0), (2, 1), (3, 1), (3, 0), (3, -1), (3, -2), (4, -2), (5, -2), (5, -3))","((0, 0), (1, 0), (2, 0), (2, 1), (3, 1), (3, 0), (3, -1), (3, -2), (4, -2), (5, -2))",0,2,2,10,,,goal,,False,2847
"((0, 0), (1, 0), (2, 0), (2, 1), (3, 1), (3, 0), (3, -1), (3, -2), (4, -2), (5, -2))","((0, 0), (1, 0), (2, 0), (2, 1), (3, 1), (3, 0), (3, -1), (3, -2), (4, -2))",0,2,2,9,3,0,expanded,False,,2848
"((0, 0), (1, 0), (2, 0), (2, 1), (3, 1), (3, 0), (3, -1), (3, -2), (4, -2), (4, -3), (3, -3))","((0, 0), (1, 0), (2, 0), (2, 1), (3, 1), (3, 0), (3, -1), (3, -2), (4, -2), (4, -3))",0,1,1,10,,,pruned,,,2849
"((0, 0), (1, 0), (2, 0), (2, 1), (3, 1), (3, 0), (3, -1), (3, -2), (4, -2), (4, -3), (5, -3))","((0, 0), (1, 0), (2, 0), (2, 1), (3, 1), (3, 0), (3, -1), (3, -2), (4, -2), (4, -3))",0,2,2,10,,,goal,,False,2850
"((0, 0), (1, 0), (2, 0), (2, 1), (3, 1), (3, 0), (3, -1), (3, -2), (4, -2), (4, -3), (4, -4))","((0, 0), (1, 0), (2, 0), (2, 1), (3, 1), (3, 0), (3, -1), (3, -2), (4, -2), (4, -3))",0,2,2,10,,,goal,,False,2851
"((0, 0), (1, 0), (2, 0), (2, 1), (3, 1), (3, 0), (3, -1), (3, -2), (4, -2), (4, -3))","((0, 0), (1, 0), (2, 0), (2, 1), (3, 1), (3, 0), (3, -1), (3, -2), (4, -2))",0,2,2,9,3,1,expanded,False,,2852
"((0, 0), (1, 0), (2, 0), (2, 1), (3, 1), (3, 0), (3, -1), (3, -2), (4, -2))","((0, 0), (1, 0), (2, 0), (2, 1), (3, 1), (3, 0), (3, -1), (3, -2))",0,2,2,8,3,0,expanded,False,,2853
"((0, 0), (1, 0), (2, 0), (2, 1), (3, 1), (3, 0), (3, -1), (3, -2), (2, -2), (2, -1), (1, -1))","((0, 0), (1, 0), (2, 0), (2, 1), (3, 1), (3, 0), (3, -1), (3, -2), (2, -2), (2, -1))",0,2,2,10,,,goal,,False,2854
"((0, 0), (1, 0), (2, 0), (2, 1), (3, 1), (3, 0), (3, -1), (3, -2), (2, -2), (2, -1))","((0, 0), (1, 0), (2, 0), (2, 1), (3, 1), (3, 0), (3, -1), (3, -2), (2, -2))",0,2,2,9,1,0,expanded,False,,2855
"((0, 0), (1, 0), (2, 0), (2, 1), (3, 1), (3, 0), (3, -1), (3, -2), (2, -2), (1, -2), (0, -2))","((0, 0), (1, 0), (2, 0), (2, 1), (3, 1), (3, 0), (3, -1), (3, -2), (2, -2), (1, -2))",0,2,2,10,,,goal,,False,2856
"((0, 0), (1, 0), (2, 0), (2, 1), (3, 1), (3, 0), (3, -1), (3, -2), (2, -2), (1, -2), (1, -1))","((0, 0), (1, 0), (2, 0), (2, 1), (3, 1), (3, 0), (3, -1), (3, -2), (2, -2), (1, -2))",0,2,2,10,,,goal,,False,2857
"((0, 0), (1, 0), (2, 0), (2, 1), (3, 1), (3, 0), (3, -1), (3, -2), (2, -2), (1, -2), (1, -3))","((0, 0), (1, 0), (2, 0), (2, 1), (3, 1), (3, 0), (3, -1), (3, -2), (2, -2), (1, -2))",0,2,2,10,,,goal,,False,2858
"((0, 0), (1, 0), (2, 0), (2, 1), (3, 1), (3, 0), (3, -1), (3, -2), (2, -2), (1, -2))","((0, 0), (1, 0), (2, 0), (2, 1), (3, 1), (3, 0), (3, -1), (3, -2), (2, -2))",0,2,2,9,3,0,expanded,False,,2859
"((0, 0), (1, 0), (2, 0), (2, 1), (3, 1), (3, 0), (3, -1), (3, -2), (2, -2), (2, -3), (3, -3))","((0, 0), (1, 0), (2, 0), (2, 1), (3, 1), (3, 0), (3, -1), (3, -2), (2, -2), (2, -3))",0,1,1,10,,,pruned,,,2860
"((0, 0), (1, 0), (2, 0), (2, 1), (3, 1), (3, 0), (3, -1), (3, -2), (2, -2), (2, -3), (1, -3))","((0, 0), (1, 0), (2, 0), (2, 1), (3, 1), (3, 0), (3, -1), (3, -2), (2, -2), (2, -3))",0,2,2,10,,,goal,,False,2861
"((0, 0), (1, 0), (2, 0), (2, 1), (3, 1), (3, 0), (3, -1), (3, -2), (2, -2), (2, -3), (2, -4))","((0, 0), (1, 0), (2, 0), (2, 1), (3, 1), (3, 0), (3, -1), (3, -2), (2, -2), (2, -3))",0,2,2,10,,,goal,,False,2862
"((0, 0), (1, 0), (2, 0), (2, 1), (3, 1), (3, 0), (3, -1), (3, -2), (2, -2), (2, -3))","((0, 0), (1, 0), (2, 0), (2, 1), (3, 1), (3, 0), (3, -1), (3, -2), (2, -2))",0,2,2,9,3,1,expanded,False,,2863
"((0, 0), (1, 0), (2, 0), (2, 1), (3, 1), (3, 0), (3, -1), (3, -2), (2, -2))","((0, 0), (1, 0), (2, 0), (2, 1), (3, 1), (3, 0), (3, -1), (3, -2))",0,2,2,8,3,0,expanded,False,,2864
"((0, 0), (1, 0), (2, 0), (2, 1), (3, 1), (3, 0), (3, -1), (3, -2), (3, -3), (4, -3), (4, -2))","((0, 0), (1, 0), (2, 0), (2, 1), (3, 1), (3, 0), (3, -1), (3, -2), (3, -3), (4, -3))",0,1,1,10,,,pruned,,,2865
"((0, 0), (1, 0), (2, 0), (2, 1), (3, 1), (3, 0), (3, -1), (3, -2), (3, -3), (4, -3), (5, -3))","((0, 0), (1, 0), (2, 0), (2, 1), (3, 1), (3, 0), (3, -1), (3, -2), (3, -3), (4, -3))",0,2,2,10,,,goal,,False,2866
"((0, 0), (1, 0), (2, 0), (2, 1), (3, 1), (3, 0), (3, -1), (3, -2), (3, -3), (4, -3), (4, -4))","((0, 0), (1, 0), (2, 0), (2, 1), (3, 1), (3, 0), (3, -1), (3, -2), (3, -3), (4, -3))",0,2,2,10,,,goal,,False,2867
"((0, 0), (1, 0), (2, 0), (2, 1), (3, 1), (3, 0), (3, -1), (3, -2), (3, -3), (4, -3))","((0, 0), (1, 0), (2, 0), (2, 1), (3, 1), (3, 0), (3, -1), (3, -2), (3, -3))",0,2,2,9,3,1,expanded,False,,2868
"((0, 0), (1, 0), (2, 0), (2, 1), (3, 1), (3, 0), (3, -1), (3, -2), (3, -3), (2, -3), (2, -2))","((0, 0), (1, 0), (2, 0), (2, 1), (3, 1), (3, 0), (3, -1), (3, -2), (3, -3), (2, -3))",0,1,1,10,,,pruned,,,2869
"((0, 0), (1, 0), (2, 0), (2, 1), (3, 1), (3, 0), (3, -1), (3, -2), (3, -3), (2, -3), (1, -3))","((0, 0), (1, 0), (2, 0), (2, 1), (3, 1), (3, 0), (3, -1), (3, -2), (3, -3), (2, -3))",0,2,2,10,,,goal,,False,2870
"((0, 0), (1, 0), (2, 0), (2, 1), (3, 1), (3, 0), (3, -1), (3, -2), (3, -3), (2, -3), (2, -4))","((0, 0), (1, 0), (2, 0), (2, 1), (3, 1), (3, 0), (3, -1), (3, -2), (3, -3), (2, -3))",0,2,2,10,,,goal,,False,2871
"((0, 0), (1, 0), (2, 0), (2, 1), (3, 1), (3, 0), (3, -1), (3, -2), (3, -3), (2, -3))","((0, 0), (1, 0), (2, 0), (2, 1), (3, 1), (3, 0), (3, -1), (3, -2), (3, -3))",0,2,2,9,3,1,expanded,False,,2872
"((0, 0), (1, 0), (2, 0), (2, 1), (3, 1), (3, 0), (3, -1), (3, -2), (3, -3), (3, -4), (4, -4))","((0, 0), (1, 0), (2, 0), (2, 1), (3, 1), (3, 0), (3, -1), (3, -2), (3, -3), (3, -4))",0,2,2,10,,,goal,,False,2873
"((0, 0), (1, 0), (2, 0), (2, 1), (3, 1), (3, 0), (3, -1), (3, -2), (3, -3), (3, -4), (2, -4))","((0, 0), (1, 0), (2, 0), (2, 1), (3, 1), (3, 0), (3, -1), (3, -2), (3, -3), (3, -4))",0,2,2,10,,,goal,,False,2874
"((0, 0), (1, 0), (2, 0), (2, 1), (3, 1), (3, 0), (3, -1), (3, -2), (3, -3), (3, -4), (3, -5))","((0, 0), (1, 0), (2, 0), (2, 1), (3, 1), (3, 0), (3, -1), (3, -2), (3, -3), (3, -4))",0,2,2,10,,,goal,,False,2875
"((0, 0), (1, 0), (2, 0), (2, 1), (3, 1), (3, 0), (3, -1), (3, -2), (3, -3), (3, -4))","((0, 0), (1, 0), (2, 0), (2, 1), (3, 1), (3, 0), (3, -1), (3, -2), (3, -3))",0,2,2,9,3,0,expanded,False,,2876
"((0, 0), (1, 0), (2, 0), (2, 1), (3, 1), (3, 0), (3, -1), (3, -2), (3, -3))","((0, 0), (1, 0), (2, 0), (2, 1), (3, 1), (3, 0), (3, -1), (3, -2))",0,2,2,8,3,0,expanded,False,,2877
"((0, 0), (1, 0), (2, 0), (2, 1), (3, 1), (3, 0), (3, -1), (3, -2))","((0, 0), (1, 0), (2, 0), (2, 1), (3, 1), (3, 0), (3, -1))",0,3,3,7,3,0,expanded,False,,2878
"((0, 0), (1, 0), (2, 0), (2, 1), (3, 1), (3, 0), (3, -1))","((0, 0), (1, 0), (2, 0), (2, 1), (3, 1), (3, 0))",0,2,2,6,3,0,expanded,False,,2879
"((0, 0), (1, 0), (2, 0), (2, 1), (3, 1), (3, 0))","((0, 0), (1, 0), (2, 0), (2, 1), (3, 1))",0,2,2,5,2,0,expanded,False,,2880
"((0, 0), (1, 0), (2, 0), (2, 1), (3, 1))","((0, 0), (1, 0), (2, 0), (2, 1))",0,2,2,4,3,0,expanded,False,,2881
"((0, 0), (1, 0), (2, 0), (2, 1), (1, 1), (0, 1), (-1, 1), (-1, 0), (-2, 0), (-2, 1), (-3, 1))","((0, 0), (1, 0), (2, 0), (2, 1), (1, 1), (0, 1), (-1, 1), (-1, 0), (-2, 0), (-2, 1))",1,1,2,10,,,goal,,False,2882
"((0, 0), (1, 0), (2, 0), (2, 1), (1, 1), (0, 1), (-1, 1), (-1, 0), (-2, 0), (-2, 1), (-2, 2))","((0, 0), (1, 0), (2, 0), (2, 1), (1, 1), (0, 1), (-1, 1), (-1, 0), (-2, 0), (-2, 1))",1,1,2,10,,,goal,,False,2883
"((0, 0), (1, 0), (2, 0), (2, 1), (1, 1), (0, 1), (-1, 1), (-1, 0), (-2, 0), (-2, 1))","((0, 0), (1, 0), (2, 0), (2, 1), (1, 1), (0, 1), (-1, 1), (-1, 0), (-2, 0))",1,1,2,9,2,0,expanded,False,,2884
"((0, 0), (1, 0), (2, 0), (2, 1), (1, 1), (0, 1), (-1, 1), (-1, 0), (-2, 0), (-3, 0), (-4, 0))","((0, 0), (1, 0), (2, 0), (2, 1), (1, 1), (0, 1), (-1, 1), (-1, 0), (-2, 0), (-3, 0))",1,1,2,10,,,goal,,False,2885
"((0, 0), (1, 0), (2, 0), (2, 1), (1, 1), (0, 1), (-1, 1), (-1, 0), (-2, 0), (-3, 0), (-3, 1))","((0, 0), (1, 0), (2, 0), (2, 1), (1, 1), (0, 1), (-1, 1), (-1, 0), (-2, 0), (-3, 0))",1,1,2,10,,,goal,,False,2886
"((0, 0), (1, 0), (2, 0), (2, 1), (1, 1), (0, 1), (-1, 1), (-1, 0), (-2, 0), (-3, 0), (-3, -1))","((0, 0), (1, 0), (2, 0), (2, 1), (1, 1), (0, 1), (-1, 1), (-1, 0), (-2, 0), (-3, 0))",1,1,2,10,,,goal,,False,2887
"((0, 0), (1, 0), (2, 0), (2, 1), (1, 1), (0, 1), (-1, 1), (-1, 0), (-2, 0), (-3, 0))","((0, 0), (1, 0), (2, 0), (2, 1), (1, 1), (0, 1), (-1, 1), (-1, 0), (-2, 0))",1,1,2,9,3,0,expanded,False,,2888
"((0, 0), (1, 0), (2, 0), (2, 1), (1, 1), (0, 1), (-1, 1), (-1, 0), (-2, 0), (-2, -1), (-1, -1))","((0, 0), (1, 0), (2, 0), (2, 1), (1, 1), (0, 1), (-1, 1), (-1, 0), (-2, 0), (-2, -1))",1,0,1,10,,,pruned,,,2889
"((0, 0), (1, 0), (2, 0), (2, 1), (1, 1), (0, 1), (-1, 1), (-1, 0), (-2, 0), (-2, -1), (-3, -1))","((0, 0), (1, 0), (2, 0), (2, 1), (1, 1), (0, 1), (-1, 1), (-1, 0), (-2, 0), (-2, -1))",1,1,2,10,,,goal,,False,2890
"((0, 0), (1, 0), (2, 0), (2, 1), (1, 1), (0, 1), (-1, 1), (-1, 0), (-2, 0), (-2, -1), (-2, -2))","((0, 0), (1, 0), (2, 0), (2, 1), (1, 1), (0, 1), (-1, 1), (-1, 0), (-2, 0), (-2, -1))",1,1,2,10,,,goal,,False,2891
"((0, 0), (1, 0), (2, 0), (2, 1), (1, 1), (0, 1), (-1, 1), (-1, 0), (-2, 0), (-2, -1))","((0, 0), (1, 0), (2, 0), (2, 1), (1, 1), (0, 1), (-1, 1), (-1, 0), (-2, 0))",1,1,2,9,3,1,expanded,False,,2892
"((0, 0), (1, 0), (2, 0), (2, 1), (1, 1), (0, 1), (-1, 1), (-1, 0), (-2, 0))","((0, 0), (1, 0), (2, 0), (2, 1), (1, 1), (0, 1), (-1, 1), (-1, 0))",1,1,2,8,3,0,expanded,False,,2893
"((0, 0), (1, 0), (2, 0), (2, 1), (1, 1), (0, 1), (-1, 1), (-1, 0), (-1, -1), (0, -1), (1, -1))","((0, 0), (1, 0), (2, 0), (2, 1), (1, 1), (0, 1), (-1, 1), (-1, 0), (-1, -1), (0, -1))",1,1,2,10,,,goal,,False,2894
"((0, 0), (1, 0), (2, 0), (2, 1), (1, 1), (0, 1), (-1, 1), (-1, 0), (-1, -1), (0, -1), (0, -2))","((0, 0), (1, 0), (2, 0), (2, 1), (1, 1), (0, 1), (-1, 1), (-1, 0), (-1, -1), (0, -1))",1,1,2,10,,,goal,,False,2895
"((0, 0), (1, 0), (2, 0), (2, 1), (1, 1), (0, 1), (-1, 1), (-1, 0), (-1, -1), (0, -1))","((0, 0), (1, 0), (2, 0), (2, 1), (1, 1), (0, 1), (-1, 1), (-1, 0), (-1, -1))",1,1,2,9,2,0,expanded,False,,2896
"((0, 0), (1, 0), (2, 0), (2, 1), (1, 1), (0, 1), (-1, 1), (-1, 0), (-1, -1), (-2, -1), (-2, 0))","((0, 0), (1, 0), (2, 0), (2, 1), (1, 1), (0, 1), (-1, 1), (-1, 0), (-1, -1), (-2, -1))",1,0,1,10,,,pruned,,,2897
"((0, 0), (1, 0), (2, 0), (2, 1), (1, 1), (0, 1), (-1, 1), (-1, 0), (-1, -1), (-2, -1), (-3, -1))","((0, 0), (1, 0), (2, 0), (2, 1), (1, 1), (0, 1), (-1, 1), (-1, 0), (-1, -1), (-2, -1))",1,1,2,10,,,goal,,False,2898
"((0, 0), (1, 0), (2, 0), (2, 1), (1, 1), (0, 1), (-1, 1), (-1, 0), (-1, -1), (-2, -1), (-2, -2))","((0, 0), (1, 0), (2, 0), (2, 1), (1, 1), (0, 1), (-1, 1), (-1, 0), (-1, -1), (-2, -1))",1,1,2,10,,,goal,,False,2899
"((0, 0), (1, 0), (2, 0), (2, 1), (1, 1), (0, 1), (-1, 1), (-1, 0), (-1, -1), (-2, -1))","((0, 0), (1, 0), (2, 0), (2, 1), (1, 1), (0, 1), (-1, 1), (-1, 0), (-1, -1))",1,1,2,9,3,1,expanded,False,,2900
"((0, 0), (1, 0), (2, 0), (2, 1), (1, 1), (0, 1), (-1, 1), (-1, 0), (-1, -1), (-1, -2), (0, -2))","((0, 0), (1, 0), (2, 0), (2, 1), (1, 1), (0, 1), (-1, 1), (-1, 0), (-1, -1), (-1, -2))",1,1,2,10,,,goal,,False,2901
"((0, 0), (1, 0), (2, 0), (2, 1), (1, 1), (0, 1), (-1, 1), (-1, 0), (-1, -1), (-1, -2), (-2, -2))","((0, 0), (1, 0), (2, 0), (2, 1), (1, 1), (0, 1), (-1, 1), (-1, 0), (-1, -1), (-1, -2))",1,1,2,10,,,goal,,False,2902
"((0, 0), (1, 0), (2, 0), (2, 1), (1, 1), (0, 1), (-1, 1), (-1, 0), (-1, -1), (-1, -2), (-1, -3))","((0, 0), (1, 0), (2, 0), (2, 1), (1, 1), (0, 1), (-1, 1), (-1, 0), (-1, -1), (-1, -2))",1,1,2,10,,,goal,,False,2903
"((0, 0), (1, 0), (2, 0), (2, 1), (1, 1), (0, 1), (-1, 1), (-1, 0), (-1, -1), (-1, -2))","((0, 0), (1, 0), (2, 0), (2, 1), (1, 1), (0, 1), (-1, 1), (-1, 0), (-1, -1))",1,1,2,9,3,0,expanded,False,,2904
"((0, 0), (1, 0), (2, 0), (2, 1), (1, 1), (0, 1), (-1, 1), (-1, 0), (-1, -1))","((0, 0), (1, 0), (2, 0), (2, 1), (1, 1), (0, 1), (-1, 1), (-1, 0))",1,1,2,8,3,0,expanded,False,,2905
"((0, 0), (1, 0), (2, 0), (2, 1), (1, 1), (0, 1), (-1, 1), (-1, 0))","((0, 0), (1, 0), (2, 0), (2, 1), (1, 1), (0, 1), (-1, 1))",1,2,3,7,2,0,expanded,False,,2906
"((0, 0), (1, 0), (2, 0), (2, 1), (1, 1), (0, 1), (-1, 1), (-2, 1), (-3, 1), (-4, 1), (-5, 1))","((0, 0), (1, 0), (2, 0), (2, 1), (1, 1), (0, 1), (-1, 1), (-2, 1), (-3, 1), (-4, 1))",0,2,2,10,,,goal,,False,2907
"((0, 0), (1, 0), (2, 0), (2, 1), (1, 1), (0, 1), (-1, 1), (-2, 1), (-3, 1), (-4, 1), (-4, 2))","((0, 0), (1, 0), (2, 0), (2, 1), (1, 1), (0, 1), (-1, 1), (-2, 1), (-3, 1), (-4, 1))",0,2,2,10,,,goal,,False,2908
"((0, 0), (1, 0), (2, 0), (2, 1), (1, 1), (0, 1), (-1, 1), (-2, 1), (-3, 1), (-4, 1), (-4, 0))","((0, 0), (1, 0), (2, 0), (2, 1), (1, 1), (0, 1), (-1, 1), (-2, 1), (-3, 1), (-4, 1))",0,2,2,10,,,goal,,False,2909
"((0, 0), (1, 0), (2, 0), (2, 1), (1, 1), (0, 1), (-1, 1), (-2, 1), (-3, 1), (-4, 1))","((0, 0), (1, 0), (2, 0), (2, 1), (1, 1), (0, 1), (-1, 1), (-2, 1), (-3, 1))",0,2,2,9,3,0,expanded,False,,2910
"((0, 0), (1, 0), (2, 0), (2, 1), (1, 1), (0, 1), (-1, 1), (-2, 1), (-3, 1), (-3, 2), (-2, 2))","((0, 0), (1, 0), (2, 0), (2, 1), (1, 1), (0, 1), (-1, 1), (-2, 1), (-3, 1), (-3, 2))",0,1,1,10,,,pruned,,,2911
"((0, 0), (1, 0), (2, 0), (2, 1), (1, 1), (0, 1), (-1, 1), (-2, 1), (-3, 1), (-3, 2), (-4, 2))","((0, 0), (1, 0), (2, 0), (2, 1), (1, 1), (0, 1), (-1, 1), (-2, 1), (-3, 1), (-3, 2))",0,2,2,10,,,goal,,False,2912
"((0, 0), (1, 0), (2, 0), (2, 1), (1, 1), (0, 1), (-1, 1), (-2, 1), (-3, 1), (-3, 2), (-3, 3))","((0, 0), (1, 0), (2, 0), (2, 1), (1, 1), (0, 1), (-1, 1), (-2, 1), (-3, 1), (-3, 2))",0,2,2,10,,,goal,,False,2913
"((0, 0), (1, 0), (2, 0), (2, 1), (1, 1), (0, 1), (-1, 1), (-2, 1), (-3, 1), (-3, 2))","((0, 0), (1, 0), (2, 0), (2, 1), (1, 1), (0, 1), (-1, 1), (-2, 1), (-3, 1))",0,2,2,9,3,1,expanded,False,,2914
"((0, 0), (1, 0), (2, 0), (2, 1), (1, 1), (0, 1), (-1, 1), (-2, 1), (-3, 1), (-3, 0), (-2, 0))","((0, 0), (1, 0), (2, 0), (2, 1), (1, 1), (0, 1), (-1, 1), (-2, 1), (-3, 1), (-3, 0))",0,1,1,10,,,pruned,,,2915
"((0, 0), (1, 0), (2, 0), (2, 1), (1, 1), (0, 1), (-1, 1), (-2, 1), (-3, 1), (-3, 0), (-4, 0))","((0, 0), (1, 0), (2, 0), (2, 1), (1, 1), (0, 1), (-1, 1), (-2, 1), (-3, 1), (-3, 0))",0,2,2,10,,,goal,,False,2916
"((0, 0), (1, 0), (2, 0), (2, 1), (1, 1), (0, 1), (-1, 1), (-2, 1), (-3, 1), (-3, 0), (-3, -1))","((0, 0), (1, 0), (2, 0), (2, 1), (1, 1), (0, 1), (-1, 1), (-2, 1), (-3, 1), (-3, 0))",0,2,2,10,,,goal,,False,2917
"((0, 0), (1, 0), (2, 0), (2, 1), (1, 1), (0, 1), (-1, 1), (-2, 1), (-3, 1), (-3, 0))","((0, 0), (1, 0), (2, 0), (2, 1), (1, 1), (0, 1), (-1, 1), (-2, 1), (-3, 1))",0,2,2,9,3,1,expanded,False,,2918
"((0, 0), (1, 0), (2, 0), (2, 1), (1, 1), (0, 1), (-1, 1), (-2, 1), (-3, 1))","((0, 0), (1, 0), (2, 0), (2, 1), (1, 1), (0, 1), (-1, 1), (-2, 1))",0,2,2,8,3,0,expanded,False,,2919
"((0, 0), (1, 0), (2, 0), (2, 1), (1, 1), (0, 1), (-1, 1), (-2, 1), (-2, 2), (-1, 2), (0, 2))","((0, 0), (1, 0), (2, 0), (2, 1), (1, 1), (0, 1), (-1, 1), (-2, 1), (-2, 2), (-1, 2))",0,2,2,10,,,goal,,False,2920
"((0, 0), (1, 0), (2, 0), (2, 1), (1, 1), (0, 1), (-1, 1), (-2, 1), (-2, 2), (-1, 2), (-1, 3))","((0, 0), (1, 0), (2, 0), (2, 1), (1, 1), (0, 1), (-1, 1), (-2, 1), (-2, 2), (-1, 2))",0,2,2,10,,,goal,,False,2921
"((0, 0), (1, 0), (2, 0), (2, 1), (1, 1), (0, 1), (-1, 1), (-2, 1), (-2, 2), (-1, 2))","((0, 0), (1, 0), (2, 0), (2, 1), (1, 1), (0, 1), (-1, 1), (-2, 1), (-2, 2))",0,2,2,9,2,0,expanded,False,,2922
"((0, 0), (1, 0), (2, 0), (2, 1), (1, 1), (0, 1), (-1, 1), (-2, 1), (-2, 2), (-3, 2), (-3, 1))","((0, 0), (1, 0), (2, 0), (2, 1), (1, 1), (0, 1), (-1, 1), (-2, 1), (-2, 2), (-3, 2))",0,1,1,10,,,pruned,,,2923
"((0, 0), (1, 0), (2, 0), (2, 1), (1, 1), (0, 1), (-1, 1), (-2, 1), (-2, 2), (-3, 2), (-4, 2))","((0, 0), (1, 0), (2, 0), (2, 1), (1, 1), (0, 1), (-1, 1), (-2, 1), (-2, 2), (-3, 2))",0,2,2,10,,,goal,,False,2924
"((0, 0), (1, 0), (2, 0), (2, 1), (1, 1), (0, 1), (-1, 1), (-2, 1), (-2, 2), (-3, 2), (-3, 3))","((0, 0), (1, 0), (2, 0), (2, 1), (1, 1), (0, 1), (-1, 1), (-2, 1), (-2, 2), (-3, 2))",0,2,2,10,,,goal,,False,2925
"((0, 0), (1, 0), (2, 0), (2, 1), (1, 1), (0, 1), (-1, 1), (-2, 1), (-2, 2), (-3, 2))","((0, 0), (1, 0), (2, 0), (2, 1), (1, 1), (0, 1), (-1, 1), (-2, 1), (-2, 2))",0,2,2,9,3,1,expanded,False,,2926
"((0, 0), (1, 0), (2, 0), (2, 1), (1, 1), (0, 1), (-1, 1), (-2, 1), (-2, 2), (-2, 3), (-1, 3))","((0, 0), (1, 0), (2, 0), (2, 1), (1, 1), (0, 1), (-1, 1), (-2, 1), (-2, 2), (-2, 3))",0,2,2,10,,,goal,,False,2927
"((0, 0), (1, 0), (2, 0), (2, 1), (1, 1), (0, 1), (-1, 1), (-2, 1), (-2, 2), (-2, 3), (-3, 3))","((0, 0), (1, 0), (2, 0), (2, 1), (1, 1), (0, 1), (-1, 1), (-2, 1), (-2, 2), (-2, 3))",0,2,2,10,,,goal,,False,2928
"((0, 0), (1, 0), (2, 0), (2, 1), (1, 1), (0, 1), (-1, 1), (-2, 1), (-2, 2), (-2, 3), (-2, 4))","((0, 0), (1, 0), (2, 0), (2, 1), (1, 1), (0, 1), (-1, 1), (-2, 1), (-2, 2), (-2, 3))",0,2,2,10,,,goal,,False,2929
"((0, 0), (1, 0), (2, 0), (2, 1), (1, 1), (0, 1), (-1, 1), (-2, 1), (-2, 2), (-2, 3))","((0, 0), (1, 0), (2, 0), (2, 1), (1, 1), (0, 1), (-1, 1), (-2, 1), (-2, 2))",0,2,2,9,3,0,expanded,False,,2930
"((0, 0), (1, 0), (2, 0), (2, 1), (1, 1), (0, 1), (-1, 1), (-2, 1), (-2, 2))","((0, 0), (1, 0), (2, 0), (2, 1), (1, 1), (0, 1), (-1, 1), (-2, 1))",0,2,2,8,3,0,expanded,False,,2931
"((0, 0), (1, 0), (2, 0), (2, 1), (1, 1), (0, 1), (-1, 1), (-2, 1), (-2, 0), (-1, 0), (-1, -1))","((0, 0), (1, 0), (2, 0), (2, 1), (1, 1), (0, 1), (-1, 1), (-2, 1), (-2, 0), (-1, 0))",0,2,2,10,,,goal,,False,2932
"((0, 0), (1, 0), (2, 0), (2, 1), (1, 1), (0, 1), (-1, 1), (-2, 1), (-2, 0), (-1, 0))","((0, 0), (1, 0), (2, 0), (2, 1), (1, 1), (0, 1), (-1, 1), (-2, 1), (-2, 0))",0,2,2,9,1,0,expanded,False,,2933
"((0, 0), (1, 0), (2, 0), (2, 1), (1, 1), (0, 1), (-1, 1), (-2, 1), (-2, 0), (-3, 0), (-3, 1))","((0, 0), (1, 0), (2, 0), (2, 1), (1, 1), (0, 1), (-1, 1), (-2, 1), (-2, 0), (-3, 0))",0,1,1,10,,,pruned,,,2934
"((0, 0), (1, 0), (2, 0), (2, 1), (1, 1), (0, 1), (-1, 1), (-2, 1), (-2, 0), (-3, 0), (-4, 0))","((0, 0), (1, 0), (2, 0), (2, 1), (1, 1), (0, 1), (-1, 1), (-2, 1), (-2, 0), (-3, 0))",0,2,2,10,,,goal,,False,2935
"((0, 0), (1, 0), (2, 0), (2, 1), (1, 1), (0, 1), (-1, 1), (-2, 1), (-2, 0), (-3, 0), (-3, -1))","((0, 0), (1, 0), (2, 0), (2, 1), (1, 1), (0, 1), (-1, 1), (-2, 1), (-2, 0), (-3, 0))",0,2,2,10,,,goal,,False,2936
"((0, 0), (1, 0), (2, 0), (2, 1), (1, 1), (0, 1), (-1, 1), (-2, 1), (-2, 0), (-3, 0))","((0, 0), (1, 0), (2, 0), (2, 1), (1, 1), (0, 1), (-1, 1), (-2, 1), (-2, 0))",0,2,2,9,3,1,expanded,False,,2937
"((0, 0), (1, 0), (2, 0), (2, 1), (1, 1), (0, 1), (-1, 1), (-2, 1), (-2, 0), (-2, -1), (-1, -1))","((0, 0), (1, 0), (2, 0), (2, 1), (1, 1), (0, 1), (-1, 1), (-2, 1), (-2, 0), (-2, -1))",0,2,2,10,,,goal,,False,2938
"((0, 0), (1, 0), (2, 0), (2, 1), (1, 1), (0, 1), (-1, 1), (-2, 1), (-2, 0), (-2, -1), (-3, -1))","((0, 0), (1, 0), (2, 0), (2, 1), (1, 1), (0, 1), (-1, 1), (-2, 1), (-2, 0), (-2, -1))",0,2,2,10,,,goal,,False,2939
"((0, 0), (1, 0), (2, 0), (2, 1), (1, 1), (0, 1), (-1, 1), (-2, 1), (-2, 0), (-2, -1), (-2, -2))","((0, 0), (1, 0), (2, 0), (2, 1), (1, 1), (0, 1), (-1, 1), (-2, 1), (-2, 0), (-2, -1))",0,2,2,10,,,goal,,False,2940
"((0, 0), (1, 0), (2, 0), (2, 1), (1, 1), (0, 1), (-1, 1), (-2, 1), (-2, 0), (-2, -1))","((0, 0), (1, 0), (2, 0), (2, 1), (1, 1), (0, 1), (-1, 1), (-2, 1), (-2, 0))",0,2,2,9,3,0,expanded,False,,2941
"((0, 0), (1, 0), (2, 0), (2, 1), (1, 1), (0, 1), (-1, 1), (-2, 1), (-2, 0))","((0, 0), (1, 0), (2, 0), (2, 1), (1, 1), (0, 1), (-1, 1), (-2, 1))",0,2,2,8,3,0,expanded,False,,2942
"((0, 0), (1, 0), (2, 0), (2, 1), (1, 1), (0, 1), (-1, 1), (-2, 1))","((0, 0), (1, 0), (2, 0), (2, 1), (1, 1), (0, 1), (-1, 1))",0,3,3,7,3,0,expanded,False,,2943
"((0, 0), (1, 0), (2, 0), (2, 1), (1, 1), (0, 1), (-1, 1), (-1, 2), (0, 2), (1, 2), (2, 2))","((0, 0), (1, 0), (2, 0), (2, 1), (1, 1), (0, 1), (-1, 1), (-1, 2), (0, 2), (1, 2))",0,2,2,10,,,goal,,False,2944
"((0, 0), (1, 0), (2, 0), (2, 1), (1, 1), (0, 1), (-1, 1), (-1, 2), (0, 2), (1, 2), (1, 3))","((0, 0), (1, 0), (2, 0), (2, 1), (1, 1), (0, 1), (-1, 1), (-1, 2), (0, 2), (1, 2))",0,2,2,10,,,goal,,False,2945
"((0, 0), (1, 0), (2, 0), (2, 1), (1, 1), (0, 1), (-1, 1), (-1, 2), (0, 2), (1, 2))","((0, 0), (1, 0), (2, 0), (2, 1), (1, 1), (0, 1), (-1, 1), (-1, 2), (0, 2))",0,2,2,9,2,0,expanded,False,,2946
"((0, 0), (1, 0), (2, 0), (2, 1), (1, 1), (0, 1), (-1, 1), (-1, 2), (0, 2), (0, 3), (-1, 3))","((0, 0), (1, 0), (2, 0), (2, 1), (1, 1), (0, 1), (-1, 1), (-1, 2), (0, 2), (0, 3))",0,1,1,10,,,pruned,,,2947
"((0, 0), (1, 0), (2, 0), (2, 1), (1, 1), (0, 1), (-1, 1), (-1, 2), (0, 2), (0, 3), (1, 3))","((0, 0), (1, 0), (2, 0), (2, 1), (1, 1), (0, 1), (-1, 1), (-1, 2), (0, 2), (0, 3))",0,2,2,10,,,goal,,False,2948
"((0, 0), (1, 0), (2, 0), (2, 1), (1, 1), (0, 1), (-1, 1), (-1, 2), (0, 2), (0, 3), (0, 4))","((0, 0), (1, 0), (2, 0), (2, 1), (1, 1), (0, 1), (-1, 1), (-1, 2), (0, 2), (0, 3))",0,2,2,10,,,goal,,False,2949
"((0, 0), (1, 0), (2, 0), (2, 1), (1, 1), (0, 1), (-1, 1), (-1, 2), (0, 2), (0, 3))","((0, 0), (1, 0), (2, 0), (2, 1), (1, 1), (0, 1), (-1, 1), (-1, 2), (0, 2))",0,2,2,9,3,1,expanded,False,,2950
"((0, 0), (1, 0), (2, 0), (2, 1), (1, 1), (0, 1), (-1, 1), (-1, 2), (0, 2))","((0, 0), (1, 0), (2, 0), (2, 1), (1, 1), (0, 1), (-1, 1), (-1, 2))",0,2,2,8,2,0,expanded,False,,2951
"((0, 0), (1, 0), (2, 0), (2, 1), (1, 1), (0, 1), (-1, 1), (-1, 2), (-2, 2), (-2, 1), (-3, 1))","((0, 0), (1, 0), (2, 0), (2, 1), (1, 1), (0, 1), (-1, 1), (-1, 2), (-2, 2), (-2, 1))",0,2,2,10,,,goal,,False,2952
"((0, 0), (1, 0), (2, 0), (2, 1), (1, 1), (0, 1), (-1, 1), (-1, 2), (-2, 2), (-2, 1), (-2, 0))","((0, 0), (1, 0), (2, 0), (2, 1), (1, 1), (0, 1), (-1, 1), (-1, 2), (-2, 2), (-2, 1))",0,2,2,10,,,goal,,False,2953
"((0, 0), (1, 0), (2, 0), (2, 1), (1, 1), (0, 1), (-1, 1), (-1, 2), (-2, 2), (-2, 1))","((0, 0), (1, 0), (2, 0), (2, 1), (1, 1), (0, 1), (-1, 1), (-1, 2), (-2, 2))",0,2,2,9,2,0,expanded,False,,2954
"((0, 0), (1, 0), (2, 0), (2, 1), (1, 1), (0, 1), (-1, 1), (-1, 2), (-2, 2), (-3, 2), (-4, 2))","((0, 0), (1, 0), (2, 0), (2, 1), (1, 1), (0, 1), (-1, 1), (-1, 2), (-2, 2), (-3, 2))",0,2,2,10,,,goal,,False,2955
"((0, 0), (1, 0), (2, 0), (2, 1), (1, 1), (0, 1), (-1, 1), (-1, 2), (-2, 2), (-3, 2), (-3, 3))","((0, 0), (1, 0), (2, 0), (2, 1), (1, 1), (0, 1), (-1, 1), (-1, 2), (-2, 2), (-3, 2))",0,2,2,10,,,goal,,False,2956
"((0, 0), (1, 0), (2, 0), (2, 1), (1, 1), (0, 1), (-1, 1), (-1, 2), (-2, 2), (-3, 2), (-3, 1))","((0, 0), (1, 0), (2, 0), (2, 1), (1, 1), (0, 1), (-1, 1), (-1, 2), (-2, 2), (-3, 2))",0,2,2,10,,,goal,,False,2957
"((0, 0), (1, 0), (2, 0), (2, 1), (1, 1), (0, 1), (-1, 1), (-1, 2), (-2, 2), (-3, 2))","((0, 0), (1, 0), (2, 0), (2, 1), (1, 1), (0, 1), (-1, 1), (-1, 2), (-2, 2))",0,2,2,9,3,0,expanded,False,,2958
"((0, 0), (1, 0), (2, 0), (2, 1), (1, 1), (0, 1), (-1, 1), (-1, 2), (-2, 2), (-2, 3), (-1, 3))","((0, 0), (1, 0), (2, 0), (2, 1), (1, 1), (0, 1), (-1, 1), (-1, 2), (-2, 2), (-2, 3))",0,1,1,10,,,pruned,,,2959
"((0, 0), (1, 0), (2, 0), (2, 1), (1, 1), (0, 1), (-1, 1), (-1, 2), (-2, 2), (-2, 3), (-3, 3))","((0, 0), (1, 0), (2, 0), (2, 1), (1, 1), (0, 1), (-1, 1), (-1, 2), (-2, 2), (-2, 3))",0,2,2,10,,,goal,,False,2960
"((0, 0), (1, 0), (2, 0), (2, 1), (1, 1), (0, 1), (-1, 1), (-1, 2), (-2, 2), (-2, 3), (-2, 4))","((0, 0), (1, 0), (2, 0), (2, 1), (1, 1), (0, 1), (-1, 1), (-1, 2), (-2, 2), (-2, 3))",0,2,2,10,,,goal,,False,2961
"((0, 0), (1, 0), (2, 0), (2, 1), (1, 1), (0, 1), (-1, 1), (-1, 2), (-2, 2), (-2, 3))","((0, 0), (1, 0), (2, 0), (2, 1), (1, 1), (0, 1), (-1, 1), (-1, 2), (-2, 2))",0,2,2,9,3,1,expanded,False,,2962
"((0, 0), (1, 0), (2, 0), (2, 1), (1, 1), (0, 1), (-1, 1), (-1, 2), (-2, 2))","((0, 0), (1, 0), (2, 0), (2, 1), (1, 1), (0, 1), (-1, 1), (-1, 2))",0,2,2,8,3,0,expanded,False,,2963
"((0, 0), (1, 0), (2, 0), (2, 1), (1, 1), (0, 1), (-1, 1), (-1, 2), (-1, 3), (0, 3), (0, 2))","((0, 0), (1, 0), (2, 0), (2, 1), (1, 1), (0, 1), (-1, 1), (-1, 2), (-1, 3), (0, 3))",0,1,1,10,,,pruned,,,2964
"((0, 0), (1, 0), (2, 0), (2, 1), (1, 1), (0, 1), (-1, 1), (-1, 2), (-1, 3), (0, 3), (1, 3))","((0, 0), (1, 0), (2, 0), (2, 1), (1, 1), (0, 1), (-1, 1), (-1, 2), (-1, 3), (0, 3))",0,2,2,10,,,goal,,False,2965
"((0, 0), (1, 0), (2, 0), (2, 1), (1, 1), (0, 1), (-1, 1), (-1, 2), (-1, 3), (0, 3), (0, 4))","((0, 0), (1, 0), (2, 0), (2, 1), (1, 1), (0, 1), (-1, 1), (-1, 2), (-1, 3), (0, 3))",0,2,2,10,,,goal,,False,2966
"((0, 0), (1, 0), (2, 0), (2, 1), (1, 1), (0, 1), (-1, 1), (-1, 2), (-1, 3), (0, 3))","((0, 0), (1, 0), (2, 0), (2, 1), (1, 1), (0, 1), (-1, 1), (-1, 2), (-1, 3))",0,2,2,9,3,1,expanded,False,,2967
"((0, 0), (1, 0), (2, 0), (2, 1), (1, 1), (0, 1), (-1, 1), (-1, 2), (-1, 3), (-2, 3), (-2, 2))","((0, 0), (1, 0), (2, 0), (2, 1), (1, 1), (0, 1), (-1, 1), (-1, 2), (-1, 3), (-2, 3))",0,1,1,10,,,pruned,,,2968
"((0, 0), (1, 0), (2, 0), (2, 1), (1, 1), (0, 1), (-1, 1), (-1, 2), (-1, 3), (-2, 3), (-3, 3))","((0, 0), (1, 0), (2, 0), (2, 1), (1, 1), (0, 1), (-1, 1), (-1, 2), (-1, 3), (-2, 3))",0,2,2,10,,,goal,,False,2969
"((0, 0), (1, 0), (2, 0), (2, 1), (1, 1), (0, 1), (-1, 1), (-1, 2), (-1, 3), (-2, 3), (-2, 4))","((0, 0), (1, 0), (2, 0), (2, 1), (1, 1), (0, 1), (-1, 1), (-1, 2), (-1, 3), (-2, 3))",0,2,2,10,,,goal,,False,2970
"((0, 0), (1, 0), (2, 0), (2, 1), (1, 1), (0, 1), (-1, 1), (-1, 2), (-1, 3), (-2, 3))","((0, 0), (1, 0), (2, 0), (2, 1), (1, 1), (0, 1), (-1, 1), (-1, 2), (-1, 3))",0,2,2,9,3,1,expanded,False,,2971
"((0, 0), (1, 0), (2, 0), (2, 1), (1, 1), (0, 1), (-1, 1), (-1, 2), (-1, 3), (-1, 4), (0, 4))","((0, 0), (1, 0), (2, 0), (2, 1), (1, 1), (0, 1), (-1, 1), (-1, 2), (-1, 3), (-1, 4))",0,2,2,10,,,goal,,False,2972
"((0, 0), (1, 0), (2, 0), (2, 1), (1, 1), (0, 1), (-1, 1), (-1, 2), (-1, 3), (-1, 4), (-2, 4))","((0, 0), (1, 0), (2, 0), (2, 1), (1, 1), (0, 1), (-1, 1), (-1, 2), (-1, 3), (-1, 4))",0,2,2,10,,,goal,,False,2973
"((0, 0), (1, 0), (2, 0), (2, 1), (1, 1), (0, 1), (-1, 1), (-1, 2), (-1, 3), (-1, 4), (-1, 5))","((0, 0), (1, 0), (2, 0), (2, 1), (1, 1), (0, 1), (-1, 1), (-1, 2), (-1, 3), (-1, 4))",0,2,2,10,,,goal,,False,2974
"((0, 0), (1, 0), (2, 0), (2, 1), (1, 1), (0, 1), (-1, 1), (-1, 2), (-1, 3), (-1, 4))","((0, 0), (1, 0), (2, 0), (2, 1), (1, 1), (0, 1), (-1, 1), (-1, 2), (-1, 3))",0,2,2,9,3,0,expanded,False,,2975
"((0, 0), (1, 0), (2, 0), (2, 1), (1, 1), (0, 1), (-1, 1), (-1, 2), (-1, 3))","((0, 0), (1, 0), (2, 0), (2, 1), (1, 1), (0, 1), (-1, 1), (-1, 2))",0,2,2,8,3,0,expanded,False,,2976
"((0, 0), (1, 0), (2, 0), (2, 1), (1, 1), (0, 1), (-1, 1), (-1, 2))","((0, 0), (1, 0), (2, 0), (2, 1), (1, 1), (0, 1), (-1, 1))",0,3,3,7,3,0,expanded,False,,2977
"((0, 0), (1, 0), (2, 0), (2, 1), (1, 1), (0, 1), (-1, 1))","((0, 0), (1, 0), (2, 0), (2, 1), (1, 1), (0, 1))",0,2,2,6,3,0,expanded,False,,2978
"((0, 0), (1, 0), (2, 0), (2, 1), (1, 1), (0, 1), (0, 2), (1, 2), (2, 2), (3, 2), (4, 2))","((0, 0), (1, 0), (2, 0), (2, 1), (1, 1), (0, 1), (0, 2), (1, 2), (2, 2), (3, 2))",1,1,2,10,,,goal,,False,2979
"((0, 0), (1, 0), (2, 0), (2, 1), (1, 1), (0, 1), (0, 2), (1, 2), (2, 2), (3, 2), (3, 3))","((0, 0), (1, 0), (2, 0), (2, 1), (1, 1), (0, 1), (0, 2), (1, 2), (2, 2), (3, 2))",1,1,2,10,,,goal,,False,2980
"((0, 0), (1, 0), (2, 0), (2, 1), (1, 1), (0, 1), (0, 2), (1, 2), (2, 2), (3, 2), (3, 1))","((0, 0), (1, 0), (2, 0), (2, 1), (1, 1), (0, 1), (0, 2), (1, 2), (2, 2), (3, 2))",1,1,2,10,,,goal,,False,2981
"((0, 0), (1, 0), (2, 0), (2, 1), (1, 1), (0, 1), (0, 2), (1, 2), (2, 2), (3, 2))","((0, 0), (1, 0), (2, 0), (2, 1), (1, 1), (0, 1), (0, 2), (1, 2), (2, 2))",1,1,2,9,3,0,expanded,False,,2982
"((0, 0), (1, 0), (2, 0), (2, 1), (1, 1), (0, 1), (0, 2), (1, 2), (2, 2), (2, 3), (1, 3))","((0, 0), (1, 0), (2, 0), (2, 1), (1, 1), (0, 1), (0, 2), (1, 2), (2, 2), (2, 3))",1,0,1,10,,,pruned,,,2983
"((0, 0), (1, 0), (2, 0), (2, 1), (1, 1), (0, 1), (0, 2), (1, 2), (2, 2), (2, 3), (3, 3))","((0, 0), (1, 0), (2, 0), (2, 1), (1, 1), (0, 1), (0, 2), (1, 2), (2, 2), (2, 3))",1,1,2,10,,,goal,,False,2984
"((0, 0), (1, 0), (2, 0), (2, 1), (1, 1), (0, 1), (0, 2), (1, 2), (2, 2), (2, 3), (2, 4))","((0, 0), (1, 0), (2, 0), (2, 1), (1, 1), (0, 1), (0, 2), (1, 2), (2, 2), (2, 3))",1,1,2,10,,,goal,,False,2985
"((0, 0), (1, 0), (2, 0), (2, 1), (1, 1), (0, 1), (0, 2), (1, 2), (2, 2), (2, 3))","((0, 0), (1, 0), (2, 0), (2, 1), (1, 1), (0, 1), (0, 2), (1, 2), (2, 2))",1,1,2,9,3,1,expanded,False,,2986
"((0, 0), (1, 0), (2, 0), (2, 1), (1, 1), (0, 1), (0, 2), (1, 2), (2, 2))","((0, 0), (1, 0), (2, 0), (2, 1), (1, 1), (0, 1), (0, 2), (1, 2))",1,1,2,8,2,0,expanded,False,,2987
"((0, 0), (1, 0), (2, 0), (2, 1), (1, 1), (0, 1), (0, 2), (1, 2), (1, 3), (0, 3), (-1, 3))","((0, 0), (1, 0), (2, 0), (2, 1), (1, 1), (0, 1), (0, 2), (1, 2), (1, 3), (0, 3))",1,1,2,10,,,goal,,False,2988
"((0, 0), (1, 0), (2, 0), (2, 1), (1, 1), (0, 1), (0, 2), (1, 2), (1, 3), (0, 3), (0, 4))","((0, 0), (1, 0), (2, 0), (2, 1), (1, 1), (0, 1), (0, 2), (1, 2), (1, 3), (0, 3))",1,1,2,10,,,goal,,False,2989
"((0, 0), (1, 0), (2, 0), (2, 1), (1, 1), (0, 1), (0, 2), (1, 2), (1, 3), (0, 3))","((0, 0), (1, 0), (2, 0), (2, 1), (1, 1), (0, 1), (0, 2), (1, 2), (1, 3))",1,1,2,9,2,0,expanded,False,,2990
"((0, 0), (1, 0), (2, 0), (2, 1), (1, 1), (0, 1), (0, 2), (1, 2), (1, 3), (2, 3), (2, 2))","((0, 0), (1, 0), (2, 0), (2, 1), (1, 1), (0, 1), (0, 2), (1, 2), (1, 3), (2, 3))",1,0,1,10,,,pruned,,,2991
"((0, 0), (1, 0), (2, 0), (2, 1), (1, 1), (0, 1), (0, 2), (1, 2), (1, 3), (2, 3), (3, 3))","((0, 0), (1, 0), (2, 0), (2, 1), (1, 1), (0, 1), (0, 2), (1, 2), (1, 3), (2, 3))",1,1,2,10,,,goal,,False,2992
"((0, 0), (1, 0), (2, 0), (2, 1), (1, 1), (0, 1), (0, 2), (1, 2), (1, 3), (2, 3), (2, 4))","((0, 0), (1, 0), (2, 0), (2, 1), (1, 1), (0, 1), (0, 2), (1, 2), (1, 3), (2, 3))",1,1,2,10,,,goal,,False,2993
"((0, 0), (1, 0), (2, 0), (2, 1), (1, 1), (0, 1), (0, 2), (1, 2), (1, 3), (2, 3))","((0, 0), (1, 0), (2, 0), (2, 1), (1, 1), (0, 1), (0, 2), (1, 2), (1, 3))",1,1,2,9,3,1,expanded,False,,2994
"((0, 0), (1, 0), (2, 0), (2, 1), (1, 1), (0, 1), (0, 2), (1, 2), (1, 3), (1, 4), (2, 4))","((0, 0), (1, 0), (2, 0), (2, 1), (1, 1), (0, 1), (0, 2), (1, 2), (1, 3), (1, 4))",1,1,2,10,,,goal,,False,2995
"((0, 0), (1, 0), (2, 0), (2, 1), (1, 1), (0, 1), (0, 2), (1, 2), (1, 3), (1, 4), (0, 4))","((0, 0), (1, 0), (2, 0), (2, 1), (1, 1), (0, 1), (0, 2), (1, 2), (1, 3), (1, 4))",1,1,2,10,,,goal,,False,2996
"((0, 0), (1, 0), (2, 0), (2, 1), (1, 1), (0, 1), (0, 2), (1, 2), (1, 3), (1, 4), (1, 5))","((0, 0), (1, 0), (2, 0), (2, 1), (1, 1), (0, 1), (0, 2), (1, 2), (1, 3), (1, 4))",1,1,2,10,,,goal,,False,2997
"((0, 0), (1, 0), (2, 0), (2, 1), (1, 1), (0, 1), (0, 2), (1, 2), (1, 3), (1, 4))","((0, 0), (1, 0), (2, 0), (2, 1), (1, 1), (0, 1), (0, 2), (1, 2), (1, 3))",1,1,2,9,3,0,expanded,False,,2998
"((0, 0), (1, 0), (2, 0), (2, 1), (1, 1), (0, 1), (0, 2), (1, 2), (1, 3))","((0, 0), (1, 0), (2, 0), (2, 1), (1, 1), (0, 1), (0, 2), (1, 2))",1,1,2,8,3,0,expanded,False,,2999
"((0, 0), (1, 0), (2, 0), (2, 1), (1, 1), (0, 1), (0, 2), (1, 2))","((0, 0), (1, 0), (2, 0), (2, 1), (1, 1), (0, 1), (0, 2))",1,2,3,7,2,0,expanded,False,,3000
"((0, 0), (1, 0), (2, 0), (2, 1), (1, 1), (0, 1), (0, 2), (-1, 2), (-2, 2), (-3, 2), (-4, 2))","((0, 0), (1, 0), (2, 0), (2, 1), (1, 1), (0, 1), (0, 2), (-1, 2), (-2, 2), (-3, 2))",0,2,2,10,,,goal,,False,3001
"((0, 0), (1, 0), (2, 0), (2, 1), (1, 1), (0, 1), (0, 2), (-1, 2), (-2, 2), (-3, 2), (-3, 3))","((0, 0), (1, 0), (2, 0), (2, 1), (1, 1), (0, 1), (0, 2), (-1, 2), (-2, 2), (-3, 2))",0,2,2,10,,,goal,,False,3002
"((0, 0), (1, 0), (2, 0), (2, 1), (1, 1), (0, 1), (0, 2), (-1, 2), (-2, 2), (-3, 2), (-3, 1))","((0, 0), (1, 0), (2, 0), (2, 1), (1, 1), (0, 1), (0, 2), (-1, 2), (-2, 2), (-3, 2))",0,2,2,10,,,goal,,False,3003
"((0, 0), (1, 0), (2, 0), (2, 1), (1, 1), (0, 1), (0, 2), (-1, 2), (-2, 2), (-3, 2))","((0, 0), (1, 0), (2, 0), (2, 1), (1, 1), (0, 1), (0, 2), (-1, 2), (-2, 2))",0,2,2,9,3,0,expanded,False,,3004
"((0, 0), (1, 0), (2, 0), (2, 1), (1, 1), (0, 1), (0, 2), (-1, 2), (-2, 2), (-2, 3), (-1, 3))","((0, 0), (1, 0), (2, 0), (2, 1), (1, 1), (0, 1), (0, 2), (-1, 2), (-2, 2), (-2, 3))",0,1,1,10,,,pruned,,,3005
"((0, 0), (1, 0), (2, 0), (2, 1), (1, 1), (0, 1), (0, 2), (-1, 2), (-2, 2), (-2, 3), (-3, 3))","((0, 0), (1, 0), (2, 0), (2, 1), (1, 1), (0, 1), (0, 2), (-1, 2), (-2, 2), (-2, 3))",0,2,2,10,,,goal,,False,3006
"((0, 0), (1, 0), (2, 0), (2, 1), (1, 1), (0, 1), (0, 2), (-1, 2), (-2, 2), (-2, 3), (-2, 4))","((0, 0), (1, 0), (2, 0), (2, 1), (1, 1), (0, 1), (0, 2), (-1, 2), (-2, 2), (-2, 3))",0,2,2,10,,,goal,,False,3007
"((0, 0), (1, 0), (2, 0), (2, 1), (1, 1), (0, 1), (0, 2), (-1, 2), (-2, 2), (-2, 3))","((0, 0), (1, 0), (2, 0), (2, 1), (1, 1), (0, 1), (0, 2), (-1, 2), (-2, 2))",0,2,2,9,3,1,expanded,False,,3008
"((0, 0), (1, 0), (2, 0), (2, 1), (1, 1), (0, 1), (0, 2), (-1, 2), (-2, 2), (-2, 1), (-1, 1))","((0, 0), (1, 0), (2, 0), (2, 1), (1, 1), (0, 1), (0, 2), (-1, 2), (-2, 2), (-2, 1))",0,1,1,10,,,pruned,,,3009
"((0, 0), (1, 0), (2, 0), (2, 1), (1, 1), (0, 1), (0, 2), (-1, 2), (-2, 2), (-2, 1), (-3, 1))","((0, 0), (1, 0), (2, 0), (2, 1), (1, 1), (0, 1), (0, 2), (-1, 2), (-2, 2), (-2, 1))",0,2,2,10,,,goal,,False,3010
"((0, 0), (1, 0), (2, 0), (2, 1), (1, 1), (0, 1), (0, 2), (-1, 2), (-2, 2), (-2, 1), (-2, 0))","((0, 0), (1, 0), (2, 0), (2, 1), (1, 1), (0, 1), (0, 2), (-1, 2), (-2, 2), (-2, 1))",0,2,2,10,,,goal,,False,3011
"((0, 0), (1, 0), (2, 0), (2, 1), (1, 1), (0, 1), (0, 2), (-1, 2), (-2, 2), (-2, 1))","((0, 0), (1, 0), (2, 0), (2, 1), (1, 1), (0, 1), (0, 2), (-1, 2), (-2, 2))",0,2,2,9,3,1,expanded,False,,3012
"((0, 0), (1, 0), (2, 0), (2, 1), (1, 1), (0, 1), (0, 2), (-1, 2), (-2, 2))","((0, 0), (1, 0), (2, 0), (2, 1), (1, 1), (0, 1), (0, 2), (-1, 2))",0,2,2,8,3,0,expanded,False,,3013
"((0, 0), (1, 0), (2, 0), (2, 1), (1, 1), (0, 1), (0, 2), (-1, 2), (-1, 3), (0, 3), (1, 3))","((0, 0), (1, 0), (2, 0), (2, 1), (1, 1), (0, 1), (0, 2), (-1, 2), (-1, 3), (0, 3))",0,2,2,10,,,goal,,False,3014
"((0, 0), (1, 0), (2, 0), (2, 1), (1, 1), (0, 1), (0, 2), (-1, 2), (-1, 3), (0, 3), (0, 4))","((0, 0), (1, 0), (2, 0), (2, 1), (1, 1), (0, 1), (0, 2), (-1, 2), (-1, 3), (0, 3))",0,2,2,10,,,goal,,False,3015
"((0, 0), (1, 0), (2, 0), (2, 1), (1, 1), (0, 1), (0, 2), (-1, 2), (-1, 3), (0, 3))","((0, 0), (1, 0), (2, 0), (2, 1), (1, 1), (0, 1), (0, 2), (-1, 2), (-1, 3))",0,2,2,9,2,0,expanded,False,,3016
"((0, 0), (1, 0), (2, 0), (2, 1), (1, 1), (0, 1), (0, 2), (-1, 2), (-1, 3), (-2, 3), (-2, 2))","((0, 0), (1, 0), (2, 0), (2, 1), (1, 1), (0, 1), (0, 2), (-1, 2), (-1, 3), (-2, 3))",0,1,1,10,,,pruned,,,3017
"((0, 0), (1, 0), (2, 0), (2, 1), (1, 1), (0, 1), (0, 2), (-1, 2), (-1, 3), (-2, 3), (-3, 3))","((0, 0), (1, 0), (2, 0), (2, 1), (1, 1), (0, 1), (0, 2), (-1, 2), (-1, 3), (-2, 3))",0,2,2,10,,,goal,,False,3018
"((0, 0), (1, 0), (2, 0), (2, 1), (1, 1), (0, 1), (0, 2), (-1, 2), (-1, 3), (-2, 3), (-2, 4))","((0, 0), (1, 0), (2, 0), (2, 1), (1, 1), (0, 1), (0, 2), (-1, 2), (-1, 3), (-2, 3))",0,2,2,10,,,goal,,False,3019
"((0, 0), (1, 0), (2, 0), (2, 1), (1, 1), (0, 1), (0, 2), (-1, 2), (-1, 3), (-2, 3))","((0, 0), (1, 0), (2, 0), (2, 1), (1, 1), (0, 1), (0, 2), (-1, 2), (-1, 3))",0,2,2,9,3,1,expanded,False,,3020
"((0, 0), (1, 0), (2, 0), (2, 1), (1, 1), (0, 1), (0, 2), (-1, 2), (-1, 3), (-1, 4), (0, 4))","((0, 0), (1, 0), (2, 0), (2, 1), (1, 1), (0, 1), (0, 2), (-1, 2), (-1, 3), (-1, 4))",0,2,2,10,,,goal,,False,3021
"((0, 0), (1, 0), (2, 0), (2, 1), (1, 1), (0, 1), (0, 2), (-1, 2), (-1, 3), (-1, 4), (-2, 4))","((0, 0), (1, 0), (2, 0), (2, 1), (1, 1), (0, 1), (0, 2), (-1, 2), (-1, 3), (-1, 4))",0,2,2,10,,,goal,,False,3022
"((0, 0), (1, 0), (2, 0), (2, 1), (1, 1), (0, 1), (0, 2), (-1, 2), (-1, 3), (-1, 4), (-1, 5))","((0, 0), (1, 0), (2, 0), (2, 1), (1, 1), (0, 1), (0, 2), (-1, 2), (-1, 3), (-1, 4))",0,2,2,10,,,goal,,False,3023
"((0, 0), (1, 0), (2, 0), (2, 1), (1, 1), (0, 1), (0, 2), (-1, 2), (-1, 3), (-1, 4))","((0, 0), (1, 0), (2, 0), (2, 1), (1, 1), (0, 1), (0, 2), (-1, 2), (-1, 3))",0,2,2,9,3,0,expanded,False,,3024
"((0, 0), (1, 0), (2, 0), (2, 1), (1, 1), (0, 1), (0, 2), (-1, 2), (-1, 3))","((0, 0), (1, 0), (2, 0), (2, 1), (1, 1), (0, 1), (0, 2), (-1, 2))",0,2,2,8,3,0,expanded,False,,3025
"((0, 0), (1, 0), (2, 0), (2, 1), (1, 1), (0, 1), (0, 2), (-1, 2), (-1, 1), (-1, 0), (-2, 0))","((0, 0), (1, 0), (2, 0), (2, 1), (1, 1), (0, 1), (0, 2), (-1, 2), (-1, 1), (-1, 0))",0,2,2,10,,,goal,,False,3026
"((0, 0), (1, 0), (2, 0), (2, 1), (1, 1), (0, 1), (0, 2), (-1, 2), (-1, 1), (-1, 0), (-1, -1))","((0, 0), (1, 0), (2, 0), (2, 1), (1, 1), (0, 1), (0, 2), (-1, 2), (-1, 1), (-1, 0))",0,2,2,10,,,goal,,False,3027
"((0, 0), (1, 0), (2, 0), (2, 1), (1, 1), (0, 1), (0, 2), (-1, 2), (-1, 1), (-1, 0))","((0, 0), (1, 0), (2, 0), (2, 1), (1, 1), (0, 1), (0, 2), (-1, 2), (-1, 1))",0,2,2,9,2,0,expanded,False,,3028
"((0, 0), (1, 0), (2, 0), (2, 1), (1, 1), (0, 1), (0, 2), (-1, 2), (-1, 1), (-2, 1), (-2, 2))","((0, 0), (1, 0), (2, 0), (2, 1), (1, 1), (0, 1), (0, 2), (-1, 2), (-1, 1), (-2, 1))",0,1,1,10,,,pruned,,,3029
"((0, 0), (1, 0), (2, 0), (2, 1), (1, 1), (0, 1), (0, 2), (-1, 2), (-1, 1), (-2, 1), (-3, 1))","((0, 0), (1, 0), (2, 0), (2, 1), (1, 1), (0, 1), (0, 2), (-1, 2), (-1, 1), (-2, 1))",0,2,2,10,,,goal,,False,3030
"((0, 0), (1, 0), (2, 0), (2, 1), (1, 1), (0, 1), (0, 2), (-1, 2), (-1, 1), (-2, 1), (-2, 0))","((0, 0), (1, 0), (2, 0), (2, 1), (1, 1), (0, 1), (0, 2), (-1, 2), (-1, 1), (-2, 1))",0,2,2,10,,,goal,,False,3031
"((0, 0), (1, 0), (2, 0), (2, 1), (1, 1), (0, 1), (0, 2), (-1, 2), (-1, 1), (-2, 1))","((0, 0), (1, 0), (2, 0), (2, 1), (1, 1), (0, 1), (0, 2), (-1, 2), (-1, 1))",0,2,2,9,3,1,expanded,False,,3032
"((0, 0), (1, 0), (2, 0), (2, 1), (1, 1), (0, 1), (0, 2), (-1, 2), (-1, 1))","((0, 0), (1, 0), (2, 0), (2, 1), (1, 1), (0, 1), (0, 2), (-1, 2))",0,2,2,8,2,0,expanded,False,,3033
"((0, 0), (1, 0), (2, 0), (2, 1), (1, 1), (0, 1), (0, 2), (-1, 2))","((0, 0), (1, 0), (2, 0), (2, 1), (1, 1), (0, 1), (0, 2))",0,3,3,7,3,0,expanded,False,,3034
"((0, 0), (1, 0), (2, 0), (2, 1), (1, 1), (0, 1), (0, 2), (0, 3), (1, 3), (1, 2), (2, 2))","((0, 0), (1, 0), (2, 0), (2, 1), (1, 1), (0, 1), (0, 2), (0, 3), (1, 3), (1, 2))",0,2,2,10,,,goal,,False,3035
"((0, 0), (1, 0), (2, 0), (2, 1), (1, 1), (0, 1), (0, 2), (0, 3), (1, 3), (1, 2))","((0, 0), (1, 0), (2, 0), (2, 1), (1, 1), (0, 1), (0, 2), (0, 3), (1, 3))",0,2,2,9,1,0,expanded,False,,3036
"((0, 0), (1, 0), (2, 0), (2, 1), (1, 1), (0, 1), (0, 2), (0, 3), (1, 3), (2, 3), (3, 3))","((0, 0), (1, 0), (2, 0), (2, 1), (1, 1), (0, 1), (0, 2), (0, 3), (1, 3), (2, 3))",0,2,2,10,,,goal,,False,3037
"((0, 0), (1, 0), (2, 0), (2, 1), (1, 1), (0, 1), (0, 2), (0, 3), (1, 3), (2, 3), (2, 4))","((0, 0), (1, 0), (2, 0), (2, 1), (1, 1), (0, 1), (0, 2), (0, 3), (1, 3), (2, 3))",0,2,2,10,,,goal,,False,3038
"((0, 0), (1, 0), (2, 0), (2, 1), (1, 1), (0, 1), (0, 2), (0, 3), (1, 3), (2, 3), (2, 2))","((0, 0), (1, 0), (2, 0), (2, 1), (1, 1), (0, 1), (0, 2), (0, 3), (1, 3), (2, 3))",0,2,2,10,,,goal,,False,3039
"((0, 0), (1, 0), (2, 0), (2, 1), (1, 1), (0, 1), (0, 2), (0, 3), (1, 3), (2, 3))","((0, 0), (1, 0), (2, 0), (2, 1), (1, 1), (0, 1), (0, 2), (0, 3), (1, 3))",0,2,2,9,3,0,expanded,False,,3040
"((0, 0), (1, 0), (2, 0), (2, 1), (1, 1), (0, 1), (0, 2), (0, 3), (1, 3), (1, 4), (0, 4))","((0, 0), (1, 0), (2, 0), (2, 1), (1, 1), (0, 1), (0, 2), (0, 3), (1, 3), (1, 4))",0,1,1,10,,,pruned,,,3041
"((0, 0), (1, 0), (2, 0), (2, 1), (1, 1), (0, 1), (0, 2), (0, 3), (1, 3), (1, 4), (2, 4))","((0, 0), (1, 0), (2, 0), (2, 1), (1, 1), (0, 1), (0, 2), (0, 3), (1, 3), (1, 4))",0,2,2,10,,,goal,,False,3042
"((0, 0), (1, 0), (2, 0), (2, 1), (1, 1), (0, 1), (0, 2), (0, 3), (1, 3), (1, 4), (1, 5))","((0, 0), (1, 0), (2, 0), (2, 1), (1, 1), (0, 1), (0, 2), (0, 3), (1, 3), (1, 4))",0,2,2,10,,,goal,,False,3043
"((0, 0), (1, 0), (2, 0), (2, 1), (1, 1), (0, 1), (0, 2), (0, 3), (1, 3), (1, 4))","((0, 0), (1, 0), (2, 0), (2, 1), (1, 1), (0, 1), (0, 2), (0, 3), (1, 3))",0,2,2,9,3,1,expanded,False,,3044
"((0, 0), (1, 0), (2, 0), (2, 1), (1, 1), (0, 1), (0, 2), (0, 3), (1, 3))","((0, 0), (1, 0), (2, 0), (2, 1), (1, 1), (0, 1), (0, 2), (0, 3))",0,2,2,8,3,0,expanded,False,,3045
"((0, 0), (1, 0), (2, 0), (2, 1), (1, 1), (0, 1), (0, 2), (0, 3), (-1, 3), (-1, 2), (-2, 2))","((0, 0), (1, 0), (2, 0), (2, 1), (1, 1), (0, 1), (0, 2), (0, 3), (-1, 3), (-1, 2))",0,2,2,10,,,goal,,False,3046
"((0, 0), (1, 0), (2, 0), (2, 1), (1, 1), (0, 1), (0, 2), (0, 3), (-1, 3), (-1, 2), (-1, 1))","((0, 0), (1, 0), (2, 0), (2, 1), (1, 1), (0, 1), (0, 2), (0, 3), (-1, 3), (-1, 2))",0,2,2,10,,,goal,,False,3047
"((0, 0), (1, 0), (2, 0), (2, 1), (1, 1), (0, 1), (0, 2), (0, 3), (-1, 3), (-1, 2))","((0, 0), (1, 0), (2, 0), (2, 1), (1, 1), (0, 1), (0, 2), (0, 3), (-1, 3))",0,2,2,9,2,0,expanded,False,,3048
"((0, 0), (1, 0), (2, 0), (2, 1), (1, 1), (0, 1), (0, 2), (0, 3), (-1, 3), (-2, 3), (-3, 3))","((0, 0), (1, 0), (2, 0), (2, 1), (1, 1), (0, 1), (0, 2), (0, 3), (-1, 3), (-2, 3))",0,2,2,10,,,goal,,False,3049
"((0, 0), (1, 0), (2, 0), (2, 1), (1, 1), (0, 1), (0, 2), (0, 3), (-1, 3), (-2, 3), (-2, 4))","((0, 0), (1, 0), (2, 0), (2, 1), (1, 1), (0, 1), (0, 2), (0, 3), (-1, 3), (-2, 3))",0,2,2,10,,,goal,,False,3050
"((0, 0), (1, 0), (2, 0), (2, 1), (1, 1), (0, 1), (0, 2), (0, 3), (-1, 3), (-2, 3), (-2, 2))","((0, 0), (1, 0), (2, 0), (2, 1), (1, 1), (0, 1), (0, 2), (0, 3), (-1, 3), (-2, 3))",0,2,2,10,,,goal,,False,3051
"((0, 0), (1, 0), (2, 0), (2, 1), (1, 1), (0, 1), (0, 2), (0, 3), (-1, 3), (-2, 3))","((0, 0), (1, 0), (2, 0), (2, 1), (1, 1), (0, 1), (0, 2), (0, 3), (-1, 3))",0,2,2,9,3,0,expanded,False,,3052
"((0, 0), (1, 0), (2, 0), (2, 1), (1, 1), (0, 1), (0, 2), (0, 3), (-1, 3), (-1, 4), (0, 4))","((0, 0), (1, 0), (2, 0), (2, 1), (1, 1), (0, 1), (0, 2), (0, 3), (-1, 3), (-1, 4))",0,1,1,10,,,pruned,,,3053
"((0, 0), (1, 0), (2, 0), (2, 1), (1, 1), (0, 1), (0, 2), (0, 3), (-1, 3), (-1, 4), (-2, 4))","((0, 0), (1, 0), (2, 0), (2, 1), (1, 1), (0, 1), (0, 2), (0, 3), (-1, 3), (-1, 4))",0,2,2,10,,,goal,,False,3054
"((0, 0), (1, 0), (2, 0), (2, 1), (1, 1), (0, 1), (0, 2), (0, 3), (-1, 3), (-1, 4), (-1, 5))","((0, 0), (1, 0), (2, 0), (2, 1), (1, 1), (0, 1), (0, 2), (0, 3), (-1, 3), (-1, 4))",0,2,2,10,,,goal,,False,3055
"((0, 0), (1, 0), (2, 0), (2, 1), (1, 1), (0, 1), (0, 2), (0, 3), (-1, 3), (-1, 4))","((0, 0), (1, 0), (2, 0), (2, 1), (1, 1), (0, 1), (0, 2), (0, 3), (-1, 3))",0,2,2,9,3,1,expanded,False,,3056
"((0, 0), (1, 0), (2, 0), (2, 1), (1, 1), (0, 1), (0, 2), (0, 3), (-1, 3))","((0, 0), (1, 0), (2, 0), (2, 1), (1, 1), (0, 1), (0, 2), (0, 3))",0,2,2,8,3,0,expanded,False,,3057
"((0, 0), (1, 0), (2, 0), (2, 1), (1, 1), (0, 1), (0, 2), (0, 3), (0, 4), (1, 4), (1, 3))","((0, 0), (1, 0), (2, 0), (2, 1), (1, 1), (0, 1), (0, 2), (0, 3), (0, 4), (1, 4))",0,1,1,10,,,pruned,,,3058
"((0, 0), (1, 0), (2, 0), (2, 1), (1, 1), (0, 1), (0, 2), (0, 3), (0, 4), (1, 4), (2, 4))","((0, 0), (1, 0), (2, 0), (2, 1), (1, 1), (0, 1), (0, 2), (0, 3), (0, 4), (1, 4))",0,2,2,10,,,goal,,False,3059
"((0, 0), (1, 0), (2, 0), (2, 1), (1, 1), (0, 1), (0, 2), (0, 3), (0, 4), (1, 4), (1, 5))","((0, 0), (1, 0), (2, 0), (2, 1), (1, 1), (0, 1), (0, 2), (0, 3), (0, 4), (1, 4))",0,2,2,10,,,goal,,False,3060
"((0, 0), (1, 0), (2, 0), (2, 1), (1, 1), (0, 1), (0, 2), (0, 3), (0, 4), (1, 4))","((0, 0), (1, 0), (2, 0), (2, 1), (1, 1), (0, 1), (0, 2), (0, 3), (0, 4))",0,2,2,9,3,1,expanded,False,,3061
"((0, 0), (1, 0), (2, 0), (2, 1), (1, 1), (0, 1), (0, 2), (0, 3), (0, 4), (-1, 4), (-1, 3))","((0, 0), (1, 0), (2, 0), (2, 1), (1, 1), (0, 1), (0, 2), (0, 3), (0, 4), (-1, 4))",0,1,1,10,,,pruned,,,3062
"((0, 0), (1, 0), (2, 0), (2, 1), (1, 1), (0, 1), (0, 2), (0, 3), (0, 4), (-1, 4), (-2, 4))","((0, 0), (1, 0), (2, 0), (2, 1), (1, 1), (0, 1), (0, 2), (0, 3), (0, 4), (-1, 4))",0,2,2,10,,,goal,,False,3063
"((0, 0), (1, 0), (2, 0), (2, 1), (1, 1), (0, 1), (0, 2), (0, 3), (0, 4), (-1, 4), (-1, 5))","((0, 0), (1, 0), (2, 0), (2, 1), (1, 1), (0, 1), (0, 2), (0, 3), (0, 4), (-1, 4))",0,2,2,10,,,goal,,False,3064
"((0, 0), (1, 0), (2, 0), (2, 1), (1, 1), (0, 1), (0, 2), (0, 3), (0, 4), (-1, 4))","((0, 0), (1, 0), (2, 0), (2, 1), (1, 1), (0, 1), (0, 2), (0, 3), (0, 4))",0,2,2,9,3,1,expanded,False,,3065
"((0, 0), (1, 0), (2, 0), (2, 1), (1, 1), (0, 1), (0, 2), (0, 3), (0, 4), (0, 5), (1, 5))","((0, 0), (1, 0), (2, 0), (2, 1), (1, 1), (0, 1), (0, 2), (0, 3), (0, 4), (0, 5))",0,2,2,10,,,goal,,False,3066
"((0, 0), (1, 0), (2, 0), (2, 1), (1, 1), (0, 1), (0, 2), (0, 3), (0, 4), (0, 5), (-1, 5))","((0, 0), (1, 0), (2, 0), (2, 1), (1, 1), (0, 1), (0, 2), (0, 3), (0, 4), (0, 5))",0,2,2,10,,,goal,,False,3067
"((0, 0), (1, 0), (2, 0), (2, 1), (1, 1), (0, 1), (0, 2), (0, 3), (0, 4), (0, 5), (0, 6))","((0, 0), (1, 0), (2, 0), (2, 1), (1, 1), (0, 1), (0, 2), (0, 3), (0, 4), (0, 5))",0,2,2,10,,,goal,,False,3068
"((0, 0), (1, 0), (2, 0), (2, 1), (1, 1), (0, 1), (0, 2), (0, 3), (0, 4), (0, 5))","((0, 0), (1, 0), (2, 0), (2, 1), (1, 1), (0, 1), (0, 2), (0, 3), (0, 4))",0,2,2,9,3,0,expanded,False,,3069
"((0, 0), (1, 0), (2, 0), (2, 1), (1, 1), (0, 1), (0, 2), (0, 3), (0, 4))","((0, 0), (1, 0), (2, 0), (2, 1), (1, 1), (0, 1), (0, 2), (0, 3))",0,2,2,8,3,0,expanded,False,,3070
"((0, 0), (1, 0), (2, 0), (2, 1), (1, 1), (0, 1), (0, 2), (0, 3))","((0, 0), (1, 0), (2, 0), (2, 1), (1, 1), (0, 1), (0, 2))",0,3,3,7,3,0,expanded,False,,3071
"((0, 0), (1, 0), (2, 0), (2, 1), (1, 1), (0, 1), (0, 2))","((0, 0), (1, 0), (2, 0), (2, 1), (1, 1), (0, 1))",0,2,2,6,3,0,expanded,False,,3072
"((0, 0), (1, 0), (2, 0), (2, 1), (1, 1), (0, 1))","((0, 0), (1, 0), (2, 0), (2, 1), (1, 1))",0,2,2,5,2,0,expanded,False,,3073
"((0, 0), (1, 0), (2, 0), (2, 1), (1, 1), (1, 2), (2, 2), (3, 2), (4, 2), (5, 2), (6, 2))","((0, 0), (1, 0), (2, 0), (2, 1), (1, 1), (1, 2), (2, 2), (3, 2), (4, 2), (5, 2))",0,2,2,10,,,goal,,False,3074
"((0, 0), (1, 0), (2, 0), (2, 1), (1, 1), (1, 2), (2, 2), (3, 2), (4, 2), (5, 2), (5, 3))","((0, 0), (1, 0), (2, 0), (2, 1), (1, 1), (1, 2), (2, 2), (3, 2), (4, 2), (5, 2))",0,2,2,10,,,goal,,False,3075
"((0, 0), (1, 0), (2, 0), (2, 1), (1, 1), (1, 2), (2, 2), (3, 2), (4, 2), (5, 2), (5, 1))","((0, 0), (1, 0), (2, 0), (2, 1), (1, 1), (1, 2), (2, 2), (3, 2), (4, 2), (5, 2))",0,2,2,10,,,goal,,False,3076
"((0, 0), (1, 0), (2, 0), (2, 1), (1, 1), (1, 2), (2, 2), (3, 2), (4, 2), (5, 2))","((0, 0), (1, 0), (2, 0), (2, 1), (1, 1), (1, 2), (2, 2), (3, 2), (4, 2))",0,2,2,9,3,0,expanded,False,,3077
"((0, 0), (1, 0), (2, 0), (2, 1), (1, 1), (1, 2), (2, 2), (3, 2), (4, 2), (4, 3), (3, 3))","((0, 0), (1, 0), (2, 0), (2, 1), (1, 1), (1, 2), (2, 2), (3, 2), (4, 2), (4, 3))",0,1,1,10,,,pruned,,,3078
"((0, 0), (1, 0), (2, 0), (2, 1), (1, 1), (1, 2), (2, 2), (3, 2), (4, 2), (4, 3), (5, 3))","((0, 0), (1, 0), (2, 0), (2, 1), (1, 1), (1, 2), (2, 2), (3, 2), (4, 2), (4, 3))",0,2,2,10,,,goal,,False,3079
"((0, 0), (1, 0), (2, 0), (2, 1), (1, 1), (1, 2), (2, 2), (3, 2), (4, 2), (4, 3), (4, 4))","((0, 0), (1, 0), (2, 0), (2, 1), (1, 1), (1, 2), (2, 2), (3, 2), (4, 2), (4, 3))",0,2,2,10,,,goal,,False,3080
"((0, 0), (1, 0), (2, 0), (2, 1), (1, 1), (1, 2), (2, 2), (3, 2), (4, 2), (4, 3))","((0, 0), (1, 0), (2, 0), (2, 1), (1, 1), (1, 2), (2, 2), (3, 2), (4, 2))",0,2,2,9,3,1,expanded,False,,3081
"((0, 0), (1, 0), (2, 0), (2, 1), (1, 1), (1, 2), (2, 2), (3, 2), (4, 2), (4, 1), (3, 1))","((0, 0), (1, 0), (2, 0), (2, 1), (1, 1), (1, 2), (2, 2), (3, 2), (4, 2), (4, 1))",0,1,1,10,,,pruned,,,3082
"((0, 0), (1, 0), (2, 0), (2, 1), (1, 1), (1, 2), (2, 2), (3, 2), (4, 2), (4, 1), (5, 1))","((0, 0), (1, 0), (2, 0), (2, 1), (1, 1), (1, 2), (2, 2), (3, 2), (4, 2), (4, 1))",0,2,2,10,,,goal,,False,3083
"((0, 0), (1, 0), (2, 0), (2, 1), (1, 1), (1, 2), (2, 2), (3, 2), (4, 2), (4, 1), (4, 0))","((0, 0), (1, 0), (2, 0), (2, 1), (1, 1), (1, 2), (2, 2), (3, 2), (4, 2), (4, 1))",0,2,2,10,,,goal,,False,3084
"((0, 0), (1, 0), (2, 0), (2, 1), (1, 1), (1, 2), (2, 2), (3, 2), (4, 2), (4, 1))","((0, 0), (1, 0), (2, 0), (2, 1), (1, 1), (1, 2), (2, 2), (3, 2), (4, 2))",0,2,2,9,3,1,expanded,False,,3085
"((0, 0), (1, 0), (2, 0), (2, 1), (1, 1), (1, 2), (2, 2), (3, 2), (4, 2))","((0, 0), (1, 0), (2, 0), (2, 1), (1, 1), (1, 2), (2, 2), (3, 2))",0,2,2,8,3,0,expanded,False,,3086
"((0, 0), (1, 0), (2, 0), (2, 1), (1, 1), (1, 2), (2, 2), (3, 2), (3, 3), (2, 3), (1, 3))","((0, 0), (1, 0), (2, 0), (2, 1), (1, 1), (1, 2), (2, 2), (3, 2), (3, 3), (2, 3))",0,2,2,10,,,goal,,False,3087
"((0, 0), (1, 0), (2, 0), (2, 1), (1, 1), (1, 2), (2, 2), (3, 2), (3, 3), (2, 3), (2, 4))","((0, 0), (1, 0), (2, 0), (2, 1), (1, 1), (1, 2), (2, 2), (3, 2), (3, 3), (2, 3))",0,2,2,10,,,goal,,False,3088
"((0, 0), (1, 0), (2, 0), (2, 1), (1, 1), (1, 2), (2, 2), (3, 2), (3, 3), (2, 3))","((0, 0), (1, 0), (2, 0), (2, 1), (1, 1), (1, 2), (2, 2), (3, 2), (3, 3))",0,2,2,9,2,0,expanded,False,,3089
"((0, 0), (1, 0), (2, 0), (2, 1), (1, 1), (1, 2), (2, 2), (3, 2), (3, 3), (4, 3), (4, 2))","((0, 0), (1, 0), (2, 0), (2, 1), (1, 1), (1, 2), (2, 2), (3, 2), (3, 3), (4, 3))",0,1,1,10,,,pruned,,,3090
"((0, 0), (1, 0), (2, 0), (2, 1), (1, 1), (1, 2), (2, 2), (3, 2), (3, 3), (4, 3), (5, 3))","((0, 0), (1, 0), (2, 0), (2, 1), (1, 1), (1, 2), (2, 2), (3, 2), (3, 3), (4, 3))",0,2,2,10,,,goal,,False,3091
"((0, 0), (1, 0), (2, 0), (2, 1), (1, 1), (1, 2), (2, 2), (3, 2), (3, 3), (4, 3), (4, 4))","((0, 0), (1, 0), (2, 0), (2, 1), (1, 1), (1, 2), (2, 2), (3, 2), (3, 3), (4, 3))",0,2,2,10,,,goal,,False,3092
"((0, 0), (1, 0), (2, 0), (2, 1), (1, 1), (1, 2), (2, 2), (3, 2), (3, 3), (4, 3))","((0, 0), (1, 0), (2, 0), (2, 1), (1, 1), (1, 2), (2, 2), (3, 2), (3, 3))",0,2,2,9,3,1,expanded,False,,3093
"((0, 0), (1, 0), (2, 0), (2, 1), (1, 1), (1, 2), (2, 2), (3, 2), (3, 3), (3, 4), (4, 4))","((0, 0), (1, 0), (2, 0), (2, 1), (1, 1), (1, 2), (2, 2), (3, 2), (3, 3), (3, 4))",0,2,2,10,,,goal,,False,3094
"((0, 0), (1, 0), (2, 0), (2, 1), (1, 1), (1, 2), (2, 2), (3, 2), (3, 3), (3, 4), (2, 4))","((0, 0), (1, 0), (2, 0), (2, 1), (1, 1), (1, 2), (2, 2), (3, 2), (3, 3), (3, 4))",0,2,2,10,,,goal,,False,3095
"((0, 0), (1, 0), (2, 0), (2, 1), (1, 1), (1, 2), (2, 2), (3, 2), (3, 3), (3, 4), (3, 5))","((0, 0), (1, 0), (2, 0), (2, 1), (1, 1), (1, 2), (2, 2), (3, 2), (3, 3), (3, 4))",0,2,2,10,,,goal,,False,3096
"((0, 0), (1, 0), (2, 0), (2, 1), (1, 1), (1, 2), (2, 2), (3, 2), (3, 3), (3, 4))","((0, 0), (1, 0), (2, 0), (2, 1), (1, 1), (1, 2), (2, 2), (3, 2), (3, 3))",0,2,2,9,3,0,expanded,False,,3097
"((0, 0), (1, 0), (2, 0), (2, 1), (1, 1), (1, 2), (2, 2), (3, 2), (3, 3))","((0, 0), (1, 0), (2, 0), (2, 1), (1, 1), (1, 2), (2, 2), (3, 2))",0,2,2,8,3,0,expanded,False,,3098
"((0, 0), (1, 0), (2, 0), (2, 1), (1, 1), (1, 2), (2, 2), (3, 2), (3, 1), (4, 1), (4, 2))","((0, 0), (1, 0), (2, 0), (2, 1), (1, 1), (1, 2), (2, 2), (3, 2), (3, 1), (4, 1))",0,1,1,10,,,pruned,,,3099
"((0, 0), (1, 0), (2, 0), (2, 1), (1, 1), (1, 2), (2, 2), (3, 2), (3, 1), (4, 1), (5, 1))","((0, 0), (1, 0), (2, 0), (2, 1), (1, 1), (1, 2), (2, 2), (3, 2), (3, 1), (4, 1))",0,2,2,10,,,goal,,False,3100
"((0, 0), (1, 0), (2, 0), (2, 1), (1, 1), (1, 2), (2, 2), (3, 2), (3, 1), (4, 1), (4, 0))","((0, 0), (1, 0), (2, 0), (2, 1), (1, 1), (1, 2), (2, 2), (3, 2), (3, 1), (4, 1))",0,2,2,10,,,goal,,False,3101
"((0, 0), (1, 0), (2, 0), (2, 1), (1, 1), (1, 2), (2, 2), (3, 2), (3, 1), (4, 1))","((0, 0), (1, 0), (2, 0), (2, 1), (1, 1), (1, 2), (2, 2), (3, 2), (3, 1))",0,2,2,9,3,1,expanded,False,,3102
"((0, 0), (1, 0), (2, 0), (2, 1), (1, 1), (1, 2), (2, 2), (3, 2), (3, 1), (3, 0), (4, 0))","((0, 0), (1, 0), (2, 0), (2, 1), (1, 1), (1, 2), (2, 2), (3, 2), (3, 1), (3, 0))",0,2,2,10,,,goal,,False,3103
"((0, 0), (1, 0), (2, 0), (2, 1), (1, 1), (1, 2), (2, 2), (3, 2), (3, 1), (3, 0), (3, -1))","((0, 0), (1, 0), (2, 0), (2, 1), (1, 1), (1, 2), (2, 2), (3, 2), (3, 1), (3, 0))",0,2,2,10,,,goal,,False,3104
"((0, 0), (1, 0), (2, 0), (2, 1), (1, 1), (1, 2), (2, 2), (3, 2), (3, 1), (3, 0))","((0, 0), (1, 0), (2, 0), (2, 1), (1, 1), (1, 2), (2, 2), (3, 2), (3, 1))",0,2,2,9,2,0,expanded,False,,3105
"((0, 0), (1, 0), (2, 0), (2, 1), (1, 1), (1, 2), (2, 2), (3, 2), (3, 1))","((0, 0), (1, 0), (2, 0), (2, 1), (1, 1), (1, 2), (2, 2), (3, 2))",0,2,2,8,2,0,expanded,False,,3106
"((0, 0), (1, 0), (2, 0), (2, 1), (1, 1), (1, 2), (2, 2), (3, 2))","((0, 0), (1, 0), (2, 0), (2, 1), (1, 1), (1, 2), (2, 2))",0,3,3,7,3,0,expanded,False,,3107
"((0, 0), (1, 0), (2, 0), (2, 1), (1, 1), (1, 2), (2, 2), (2, 3), (3, 3), (3, 2), (4, 2))","((0, 0), (1, 0), (2, 0), (2, 1), (1, 1), (1, 2), (2, 2), (2, 3), (3, 3), (3, 2))",0,2,2,10,,,goal,,False,3108
"((0, 0), (1, 0), (2, 0), (2, 1), (1, 1), (1, 2), (2, 2), (2, 3), (3, 3), (3, 2), (3, 1))","((0, 0), (1, 0), (2, 0), (2, 1), (1, 1), (1, 2), (2, 2), (2, 3), (3, 3), (3, 2))",0,2,2,10,,,goal,,False,3109
"((0, 0), (1, 0), (2, 0), (2, 1), (1, 1), (1, 2), (2, 2), (2, 3), (3, 3), (3, 2))","((0, 0), (1, 0), (2, 0), (2, 1), (1, 1), (1, 2), (2, 2), (2, 3), (3, 3))",0,2,2,9,2,0,expanded,False,,3110
"((0, 0), (1, 0), (2, 0), (2, 1), (1, 1), (1, 2), (2, 2), (2, 3), (3, 3), (4, 3), (5, 3))","((0, 0), (1, 0), (2, 0), (2, 1), (1, 1), (1, 2), (2, 2), (2, 3), (3, 3), (4, 3))",0,2,2,10,,,goal,,False,3111
"((0, 0), (1, 0), (2, 0), (2, 1), (1, 1), (1, 2), (2, 2), (2, 3), (3, 3), (4, 3), (4, 4))","((0, 0), (1, 0), (2, 0), (2, 1), (1, 1), (1, 2), (2, 2), (2, 3), (3, 3), (4, 3))",0,2,2,10,,,goal,,False,3112
"((0, 0), (1, 0), (2, 0), (2, 1), (1, 1), (1, 2), (2, 2), (2, 3), (3, 3), (4, 3), (4, 2))","((0, 0), (1, 0), (2, 0), (2, 1), (1, 1), (1, 2), (2, 2), (2, 3), (3, 3), (4, 3))",0,2,2,10,,,goal,,False,3113
"((0, 0), (1, 0), (2, 0), (2, 1), (1, 1), (1, 2), (2, 2), (2, 3), (3, 3), (4, 3))","((0, 0), (1, 0), (2, 0), (2, 1), (1, 1), (1, 2), (2, 2), (2, 3), (3, 3))",0,2,2,9,3,0,expanded,False,,3114
"((0, 0), (1, 0), (2, 0), (2, 1), (1, 1), (1, 2), (2, 2), (2, 3), (3, 3), (3, 4), (2, 4))","((0, 0), (1, 0), (2, 0), (2, 1), (1, 1), (1, 2), (2, 2), (2, 3), (3, 3), (3, 4))",0,1,1,10,,,pruned,,,3115
"((0, 0), (1, 0), (2, 0), (2, 1), (1, 1), (1, 2), (2, 2), (2, 3), (3, 3), (3, 4), (4, 4))","((0, 0), (1, 0), (2, 0), (2, 1), (1, 1), (1, 2), (2, 2), (2, 3), (3, 3), (3, 4))",0,2,2,10,,,goal,,False,3116
"((0, 0), (1, 0), (2, 0), (2, 1), (1, 1), (1, 2), (2, 2), (2, 3), (3, 3), (3, 4), (3, 5))","((0, 0), (1, 0), (2, 0), (2, 1), (1, 1), (1, 2), (2, 2), (2, 3), (3, 3), (3, 4))",0,2,2,10,,,goal,,False,3117
"((0, 0), (1, 0), (2, 0), (2, 1), (1, 1), (1, 2), (2, 2), (2, 3), (3, 3), (3, 4))","((0, 0), (1, 0), (2, 0), (2, 1), (1, 1), (1, 2), (2, 2), (2, 3), (3, 3))",0,2,2,9,3,1,expanded,False,,3118
"((0, 0), (1, 0), (2, 0), (2, 1), (1, 1), (1, 2), (2, 2), (2, 3), (3, 3))","((0, 0), (1, 0), (2, 0), (2, 1), (1, 1), (1, 2), (2, 2), (2, 3))",0,2,2,8,3,0,expanded,False,,3119
"((0, 0), (1, 0), (2, 0), (2, 1), (1, 1), (1, 2), (2, 2), (2, 3), (1, 3), (0, 3), (-1, 3))","((0, 0), (1, 0), (2, 0), (2, 1), (1, 1), (1, 2), (2, 2), (2, 3), (1, 3), (0, 3))",0,2,2,10,,,goal,,False,3120
"((0, 0), (1, 0), (2, 0), (2, 1), (1, 1), (1, 2), (2, 2), (2, 3), (1, 3), (0, 3), (0, 4))","((0, 0), (1, 0), (2, 0), (2, 1), (1, 1), (1, 2), (2, 2), (2, 3), (1, 3), (0, 3))",0,2,2,10,,,goal,,False,3121
"((0, 0), (1, 0), (2, 0), (2, 1), (1, 1), (1, 2), (2, 2), (2, 3), (1, 3), (0, 3), (0, 2))","((0, 0), (1, 0), (2, 0), (2, 1), (1, 1), (1, 2), (2, 2), (2, 3), (1, 3), (0, 3))",0,2,2,10,,,goal,,False,3122
"((0, 0), (1, 0), (2, 0), (2, 1), (1, 1), (1, 2), (2, 2), (2, 3), (1, 3), (0, 3))","((0, 0), (1, 0), (2, 0), (2, 1), (1, 1), (1, 2), (2, 2), (2, 3), (1, 3))",0,2,2,9,3,0,expanded,False,,3123
"((0, 0), (1, 0), (2, 0), (2, 1), (1, 1), (1, 2), (2, 2), (2, 3), (1, 3), (1, 4), (2, 4))","((0, 0), (1, 0), (2, 0), (2, 1), (1, 1), (1, 2), (2, 2), (2, 3), (1, 3), (1, 4))",0,1,1,10,,,pruned,,,3124
"((0, 0), (1, 0), (2, 0), (2, 1), (1, 1), (1, 2), (2, 2), (2, 3), (1, 3), (1, 4), (0, 4))","((0, 0), (1, 0), (2, 0), (2, 1), (1, 1), (1, 2), (2, 2), (2, 3), (1, 3), (1, 4))",0,2,2,10,,,goal,,False,3125
"((0, 0), (1, 0), (2, 0), (2, 1), (1, 1), (1, 2), (2, 2), (2, 3), (1, 3), (1, 4), (1, 5))","((0, 0), (1, 0), (2, 0), (2, 1), (1, 1), (1, 2), (2, 2), (2, 3), (1, 3), (1, 4))",0,2,2,10,,,goal,,False,3126
"((0, 0), (1, 0), (2, 0), (2, 1), (1, 1), (1, 2), (2, 2), (2, 3), (1, 3), (1, 4))","((0, 0), (1, 0), (2, 0), (2, 1), (1, 1), (1, 2), (2, 2), (2, 3), (1, 3))",0,2,2,9,3,1,expanded,False,,3127
"((0, 0), (1, 0), (2, 0), (2, 1), (1, 1), (1, 2), (2, 2), (2, 3), (1, 3))","((0, 0), (1, 0), (2, 0), (2, 1), (1, 1), (1, 2), (2, 2), (2, 3))",0,2,2,8,2,0,expanded,False,,3128
"((0, 0), (1, 0), (2, 0), (2, 1), (1, 1), (1, 2), (2, 2), (2, 3), (2, 4), (3, 4), (3, 3))","((0, 0), (1, 0), (2, 0), (2, 1), (1, 1), (1, 2), (2, 2), (2, 3), (2, 4), (3, 4))",0,1,1,10,,,pruned,,,3129
"((0, 0), (1, 0), (2, 0), (2, 1), (1, 1), (1, 2), (2, 2), (2, 3), (2, 4), (3, 4), (4, 4))","((0, 0), (1, 0), (2, 0), (2, 1), (1, 1), (1, 2), (2, 2), (2, 3), (2, 4), (3, 4))",0,2,2,10,,,goal,,False,3130
"((0, 0), (1, 0), (2, 0), (2, 1), (1, 1), (1, 2), (2, 2), (2, 3), (2, 4), (3, 4), (3, 5))","((0, 0), (1, 0), (2, 0), (2, 1), (1, 1), (1, 2), (2, 2), (2, 3), (2, 4), (3, 4))",0,2,2,10,,,goal,,False,3131
"((0, 0), (1, 0), (2, 0), (2, 1), (1, 1), (1, 2), (2, 2), (2, 3), (2, 4), (3, 4))","((0, 0), (1, 0), (2, 0), (2, 1), (1, 1), (1, 2), (2, 2), (2, 3), (2, 4))",0,2,2,9,3,1,expanded,False,,3132
"((0, 0), (1, 0), (2, 0), (2, 1), (1, 1), (1, 2), (2, 2), (2, 3), (2, 4), (1, 4), (1, 3))","((0, 0), (1, 0), (2, 0), (2, 1), (1, 1), (1, 2), (2, 2), (2, 3), (2, 4), (1, 4))",0,1,1,10,,,pruned,,,3133
"((0, 0), (1, 0), (2, 0), (2, 1), (1, 1), (1, 2), (2, 2), (2, 3), (2, 4), (1, 4), (0, 4))","((0, 0), (1, 0), (2, 0), (2, 1), (1, 1), (1, 2), (2, 2), (2, 3), (2, 4), (1, 4))",0,2,2,10,,,goal,,False,3134
"((0, 0), (1, 0), (2, 0), (2, 1), (1, 1), (1, 2), (2, 2), (2, 3), (2, 4), (1, 4), (1, 5))","((0, 0), (1, 0), (2, 0), (2, 1), (1, 1), (1, 2), (2, 2), (2, 3), (2, 4), (1, 4))",0,2,2,10,,,goal,,False,3135
"((0, 0), (1, 0), (2, 0), (2, 1), (1, 1), (1, 2), (2, 2), (2, 3), (2, 4), (1, 4))","((0, 0), (1, 0), (2, 0), (2, 1), (1, 1), (1, 2), (2, 2), (2, 3), (2, 4))",0,2,2,9,3,1,expanded,False,,3136
"((0, 0), (1, 0), (2, 0), (2, 1), (1, 1), (1, 2), (2, 2), (2, 3), (2, 4), (2, 5), (3, 5))","((0, 0), (1, 0), (2, 0), (2, 1), (1, 1), (1, 2), (2, 2), (2, 3), (2, 4), (2, 5))",0,2,2,10,,,goal,,False,3137
"((0, 0), (1, 0), (2, 0), (2, 1), (1, 1), (1, 2), (2, 2), (2, 3), (2, 4), (2, 5), (1, 5))","((0, 0), (1, 0), (2, 0), (2, 1), (1, 1), (1, 2), (2, 2), (2, 3), (2, 4), (2, 5))",0,2,2,10,,,goal,,False,3138
"((0, 0), (1, 0), (2, 0), (2, 1), (1, 1), (1, 2), (2, 2), (2, 3), (2, 4), (2, 5), (2, 6))","((0, 0), (1, 0), (2, 0), (2, 1), (1, 1), (1, 2), (2, 2), (2, 3), (2, 4), (2, 5))",0,2,2,10,,,goal,,False,3139
"((0, 0), (1, 0), (2, 0), (2, 1), (1, 1), (1, 2), (2, 2), (2, 3), (2, 4), (2, 5))","((0, 0), (1, 0), (2, 0), (2, 1), (1, 1), (1, 2), (2, 2), (2, 3), (2, 4))",0,2,2,9,3,0,expanded,False,,3140
"((0, 0), (1, 0), (2, 0), (2, 1), (1, 1), (1, 2), (2, 2), (2, 3), (2, 4))","((0, 0), (1, 0), (2, 0), (2, 1), (1, 1), (1, 2), (2, 2), (2, 3))",0,2,2,8,3,0,expanded,False,,3141
"((0, 0), (1, 0), (2, 0), (2, 1), (1, 1), (1, 2), (2, 2), (2, 3))","((0, 0), (1, 0), (2, 0), (2, 1), (1, 1), (1, 2), (2, 2))",0,3,3,7,3,0,expanded,False,,3142
"((0, 0), (1, 0), (2, 0), (2, 1), (1, 1), (1, 2), (2, 2))","((0, 0), (1, 0), (2, 0), (2, 1), (1, 1), (1, 2))",0,2,2,6,2,0,expanded,False,,3143
"((0, 0), (1, 0), (2, 0), (2, 1), (1, 1), (1, 2), (0, 2), (0, 1), (-1, 1), (-1, 2), (-2, 2))","((0, 0), (1, 0), (2, 0), (2, 1), (1, 1), (1, 2), (0, 2), (0, 1), (-1, 1), (-1, 2))",2,0,2,10,,,goal,,True,3144
"((0, 0), (1, 0), (2, 0), (2, 1), (1, 1), (1, 2), (0, 2), (0, 1), (-1, 1), (-1, 2), (-1, 3))","((0, 0), (1, 0), (2, 0), (2, 1), (1, 1), (1, 2), (0, 2), (0, 1), (-1, 1), (-1, 2))",2,0,2,10,,,pruned,,,3145
"((0, 0), (1, 0), (2, 0), (2, 1), (1, 1), (1, 2), (0, 2), (0, 1), (-1, 1), (-1, 2))","((0, 0), (1, 0), (2, 0), (2, 1), (1, 1), (1, 2), (0, 2), (0, 1), (-1, 1))",2,0,2,9,2,1,expanded,False,,3146
"((0, 0), (1, 0), (2, 0), (2, 1), (1, 1), (1, 2), (0, 2), (0, 1), (-1, 1), (-1, 0))","((0, 0), (1, 0), (2, 0), (2, 1), (1, 1), (1, 2), (0, 2), (0, 1), (-1, 1))",2,0,2,9,,,pruned,,,3147
"((0, 0), (1, 0), (2, 0), (2, 1), (1, 1), (1, 2), (0, 2), (0, 1), (-1, 1), (-2, 1))","((0, 0), (1, 0), (2, 0), (2, 1), (1, 1), (1, 2), (0, 2), (0, 1), (-1, 1))",2,0,2,9,,,pruned,,,3148
"((0, 0), (1, 0), (2, 0), (2, 1), (1, 1), (1, 2), (0, 2), (0, 1), (-1, 1))","((0, 0), (1, 0), (2, 0), (2, 1), (1, 1), (1, 2), (0, 2), (0, 1))",2,0,2,8,3,2,expanded,False,,3149
"((0, 0), (1, 0), (2, 0), (2, 1), (1, 1), (1, 2), (0, 2), (0, 1))","((0, 0), (1, 0), (2, 0), (2, 1), (1, 1), (1, 2), (0, 2))",2,1,3,7,1,0,expanded,False,,3150
"((0, 0), (1, 0), (2, 0), (2, 1), (1, 1), (1, 2), (0, 2), (-1, 2), (-2, 2))","((0, 0), (1, 0), (2, 0), (2, 1), (1, 1), (1, 2), (0, 2), (-1, 2))",0,2,2,8,,,pruned,,,3151
"((0, 0), (1, 0), (2, 0), (2, 1), (1, 1), (1, 2), (0, 2), (-1, 2), (-1, 3))","((0, 0), (1, 0), (2, 0), (2, 1), (1, 1), (1, 2), (0, 2), (-1, 2))",0,2,2,8,,,pruned,,,3152
"((0, 0), (1, 0), (2, 0), (2, 1), (1, 1), (1, 2), (0, 2), (-1, 2), (-1, 1))","((0, 0), (1, 0), (2, 0), (2, 1), (1, 1), (1, 2), (0, 2), (-1, 2))",0,2,2,8,,,pruned,,,3153
"((0, 0), (1, 0), (2, 0), (2, 1), (1, 1), (1, 2), (0, 2), (-1, 2))","((0, 0), (1, 0), (2, 0), (2, 1), (1, 1), (1, 2), (0, 2))",0,3,3,7,3,3,expanded,True,,3154
"((0, 0), (1, 0), (2, 0), (2, 1), (1, 1), (1, 2), (0, 2), (0, 3), (1, 3))","((0, 0), (1, 0), (2, 0), (2, 1), (1, 1), (1, 2), (0, 2), (0, 3))",0,2,2,8,,,pruned,,,3155
"((0, 0), (1, 0), (2, 0), (2, 1), (1, 1), (1, 2), (0, 2), (0, 3), (-1, 3))","((0, 0), (1, 0), (2, 0), (2, 1), (1, 1), (1, 2), (0, 2), (0, 3))",0,2,2,8,,,pruned,,,3156
"((0, 0), (1, 0), (2, 0), (2, 1), (1, 1), (1, 2), (0, 2), (0, 3), (0, 4))","((0, 0), (1, 0), (2, 0), (2, 1), (1, 1), (1, 2), (0, 2), (0, 3))",0,2,2,8,,,pruned,,,3157
"((0, 0), (1, 0), (2, 0), (2, 1), (1, 1), (1, 2), (0, 2), (0, 3))","((0, 0), (1, 0), (2, 0), (2, 1), (1, 1), (1, 2), (0, 2))",0,3,3,7,3,3,expanded,True,,3158
"((0, 0), (1, 0), (2, 0), (2, 1), (1, 1), (1, 2), (0, 2))","((0, 0), (1, 0), (2, 0), (2, 1), (1, 1), (1, 2))",0,2,2,6,3,0,expanded,False,,3159
"((0, 0), (1, 0), (2, 0), (2, 1), (1, 1), (1, 2), (1, 3))","((0, 0), (1, 0), (2, 0), (2, 1), (1, 1), (1, 2))",0,2,2,6,,,pruned,,,3160
"((0, 0), (1, 0), (2, 0), (2, 1), (1, 1), (1, 2))","((0, 0), (1, 0), (2, 0), (2, 1), (1, 1))",0,2,2,5,3,1,expanded,False,,3161
"((0, 0), (1, 0), (2, 0), (2, 1), (1, 1))","((0, 0), (1, 0), (2, 0), (2, 1))",0,2,2,4,2,0,expanded,False,,3162
"((0, 0), (1, 0), (2, 0), (2, 1), (2, 2))","((0, 0), (1, 0), (2, 0), (2, 1))",0,2,2,4,,,pruned,,,3163
"((0, 0), (1, 0), (2, 0), (2, 1))","((0, 0), (1, 0), (2, 0))",0,2,2,3,3,1,expanded,False,,3164
"((0, 0), (1, 0), (2, 0), (2, -1))","((0, 0), (1, 0), (2, 0))",0,2,2,3,,,pruned,,,3165
"((0, 0), (1, 0), (2, 0))","((0, 0), (1, 0))",0,2,2,2,3,1,expanded,False,,3166
"((0, 0), (1, 0), (1, 1))","((0, 0), (1, 0))",0,2,2,2,,,pruned,,,3167
"((0, 0), (1, 0))",,0,2,2,1,2,1,expanded,False,,3168
